<?xml version="1.0" encoding="utf-8"?>
<COLLADA xmlns="http://www.collada.org/2005/11/COLLADASchema" version="1.4.1" xmlns:xsi="http://www.w3.org/2001/XMLSchema-instance">
  <asset>
    <contributor>
      <author>Blender User</author>
      <authoring_tool>Blender 4.3.1 commit date:2024-12-10, commit time:07:46, hash:33d812126174</authoring_tool>
    </contributor>
    <created>2026-09-10T12:29:33</created>
    <modified>2026-09-10T12:29:33</modified>
    <unit name="inch" meter="0.0254"/>
    <up_axis>Z_UP</up_axis>
  </asset>
  <library_effects>
    <effect id="_2texturas_novas_zapo_003-effect">
      <profile_COMMON>
        <technique sid="common">
          <lambert>
            <emission>
              <color sid="emission">0 0 0 1</color>
            </emission>
            <diffuse>
              <color sid="diffuse">0.8 0.8 0.8 1</color>
            </diffuse>
            <index_of_refraction>
              <float sid="ior">1.45</float>
            </index_of_refraction>
          </lambert>
        </technique>
      </profile_COMMON>
    </effect>
  </library_effects>
  <library_images/>
  <library_materials>
    <material id="_2texturas_novas_zapo_003-material" name="22texturas novas zapo.003">
      <instance_effect url="#_2texturas_novas_zapo_003-effect"/>
    </material>
  </library_materials>
  <library_geometries>
    <geometry id="Cube_537-mesh" name="Cube.537">
      <mesh>
        <source id="Cube_537-mesh-positions">
          <float_array id="Cube_537-mesh-positions-array" count="1680">-3.036811 -3.323438 -4.670631 3.372566 3.46763 -4.670631 -3.036811 3.46763 -4.670631 -3.036811 3.46763 1.885018 -3.036811 -3.323438 1.885018 3.372566 -3.323438 -4.670631 3.372566 -3.323438 1.885018 3.372566 3.46763 1.885018 -2.108787 -2.875842 11.27277 -1.690109 -2.377177 11.27277 -2.108787 -2.377177 11.27277 -2.108787 -2.377177 12.45333 -2.108787 -2.875842 12.45333 -1.690109 -2.875842 11.27277 -1.690109 -2.875842 12.45333 -1.690109 -2.377177 12.45333 -3.002204 -3.165326 11.26336 -2.106415 -2.645564 11.26336 -3.002204 -2.645564 11.26336 -3.002204 -2.645564 12.25455 -3.002204 -3.165326 12.25455 -2.106415 -3.165326 11.26336 -2.106415 -3.165326 12.25455 -2.106415 -2.645564 12.25455 -3.002204 -3.165326 11.87071 -2.106415 -3.165326 11.87071 -2.106415 -2.645564 11.87071 -3.002204 -2.645564 11.87071 -0.7419124 -3.165326 11.26336 1.169549 -2.645564 11.26336 -0.7419124 -2.645564 11.26336 -0.7419124 -2.645564 12.25455 -0.7419124 -3.165326 12.25455 1.169549 -3.165326 11.26336 1.169549 -3.165326 12.25455 1.169549 -2.645564 12.25455 -0.7419124 -3.165326 11.87071 1.169549 -3.165326 11.87071 1.169549 -2.645564 11.87071 -0.7419124 -2.645564 11.87071 2.394914 -3.165326 11.26336 3.315193 -2.645564 11.26336 2.394914 -2.645564 11.26336 2.394914 -2.645564 12.25455 2.394914 -3.165326 12.25455 3.315193 -3.165326 11.26336 3.315193 -3.165326 12.25455 3.315193 -2.645564 12.25455 2.394914 -3.165326 11.87071 3.315193 -3.165326 11.87071 3.315193 -2.645564 11.87071 2.394914 -2.645564 11.87071 -2.856536 -2.973347 10.96148 3.169397 3.143861 10.96148 -2.856536 3.143861 10.96148 -2.856536 3.143861 12.29519 -2.856536 -2.973347 12.29519 3.169397 -2.973347 10.96148 3.169397 -2.973347 12.29519 3.169397 3.143861 12.29519 -2.751097 -2.918038 9.587581 -2.751097 3.077245 13.98368 -2.751097 3.077245 9.587581 -2.751097 -2.918038 13.98368 3.094856 -2.918038 9.587581 3.094856 -2.918038 13.98368 3.094856 3.077245 9.587581 3.094856 3.077245 13.98368 2.328958 2.311349 13.98368 2.328958 -2.152138 13.98368 -1.985198 -2.152138 12.2514 2.328958 -2.152138 12.2514 -1.985198 -2.152138 13.98368 -1.985198 2.311349 13.98368 -1.985198 2.311349 12.2514 2.328958 2.311349 12.2514 -2.893944 -3.050175 10.9711 -1.699622 -2.645564 10.9711 -2.893944 -2.645564 10.9711 -2.893944 -2.645564 12.03106 -2.893944 -3.050175 12.03106 -1.699622 -3.050175 10.9711 -1.699622 -3.050175 12.03106 -1.699622 -2.645564 12.03106 -2.893944 -3.050175 11.54406 -1.699622 -3.050175 11.54406 -1.699622 -2.645564 11.54406 -2.893944 -2.645564 11.54406 -1.009902 -3.050175 10.9711 1.44278 -2.645564 10.9711 -1.009902 -2.645564 10.9711 -1.009902 -2.645564 12.03106 -1.009902 -3.050175 12.03106 1.44278 -3.050175 10.9711 1.44278 -3.050175 12.03106 1.44278 -2.645564 12.03106 -1.009902 -3.050175 11.54406 1.44278 -3.050175 11.54406 1.44278 -2.645564 11.54406 -1.009902 -2.645564 11.54406 1.973886 -3.050175 10.9711 3.206933 -2.645564 10.9711 1.973886 -2.645564 10.9711 1.973886 -2.645564 12.03106 1.973886 -3.050175 12.03106 3.206933 -3.050175 10.9711 3.206933 -3.050175 12.03106 3.206933 -2.645564 12.03106 1.973886 -3.050175 11.54406 3.206933 -3.050175 11.54406 3.206933 -2.645564 11.54406 1.973886 -2.645564 11.54406 3.318321 -3.164408 11.26336 2.787819 -2.252414 11.26336 2.787431 -3.164309 11.26336 2.787431 -3.164309 12.25455 3.318321 -3.164408 12.25455 3.318711 -2.252513 11.26336 3.318711 -2.252513 12.25455 2.787819 -2.252414 12.25455 3.318321 -3.164408 11.87071 3.318711 -2.252513 11.87071 2.787819 -2.252414 11.87071 2.787431 -3.164309 11.87071 3.320061 -0.6433911 11.26336 2.789544 0.9457455 11.26336 2.78917 -0.6432918 11.26336 2.78917 -0.6432918 12.25455 3.320061 -0.6433911 12.25455 3.320436 0.9456455 11.26336 3.320436 0.9456455 12.25455 2.789544 0.9457455 12.25455 3.320061 -0.6433911 11.87071 3.320436 0.9456455 11.87071 2.789544 0.9457455 11.87071 2.78917 -0.6432918 11.87071 3.320893 2.425733 11.26336 2.79039 3.301416 11.26336 2.789994 2.425832 11.26336 2.789994 2.425832 12.25455 3.320893 2.425733 12.25455 3.32129 3.301316 11.26336 3.32129 3.301316 12.25455 2.79039 3.301416 12.25455 3.320893 2.425733 11.87071 3.32129 3.301316 11.87071 2.79039 3.301416 11.87071 2.789994 2.425832 11.87071 3.200707 -3.059535 10.9711 2.787873 -1.988416 10.9711 2.787431 -3.059457 10.9711 2.787431 -3.059457 12.03106 3.200707 -3.059535 12.03106 3.201149 -1.988495 10.9711 3.201149 -1.988495 12.03106 2.787873 -1.988416 12.03106 3.200707 -3.059535 11.54406 3.201149 -1.988495 11.54406 2.787873 -1.988416 11.54406 2.787431 -3.059457 11.54406 3.202394 -0.9113602 10.9711 2.789597 1.218981 10.9711 2.789117 -0.9112839 10.9711 2.789117 -0.9112839 12.03106 3.202394 -0.9113602 12.03106 3.202873 1.218904 10.9711 3.202873 1.218904 12.03106 2.789597 1.218981 12.03106 3.202394 -0.9113602 11.54406 3.202873 1.218904 11.54406 2.789597 1.218981 11.54406 2.789117 -0.9112839 11.54406 3.203224 2.152517 10.9711 2.79039 3.187032 10.9711 2.789941 2.152593 10.9711 2.789941 2.152593 12.03106 3.203224 2.152517 12.03106 3.203675 3.186956 10.9711 3.203675 3.186956 12.03106 2.79039 3.187032 12.03106 3.203224 2.152517 11.54406 3.203675 3.186956 11.54406 2.79039 3.187032 11.54406 2.789941 2.152593 11.54406 -2.472198 -3.164408 11.26336 -3.0027 -2.252415 11.26336 -3.003089 -3.164309 11.26336 -3.003089 -3.164309 12.25455 -2.472198 -3.164408 12.25455 -2.471801 -2.252515 11.26336 -2.471801 -2.252515 12.25455 -3.0027 -2.252415 12.25455 -2.472198 -3.164408 11.87071 -2.471801 -2.252515 11.87071 -3.0027 -2.252415 11.87071 -3.003089 -3.164309 11.87071 -2.470458 -0.6433911 11.26336 -3.000975 0.9457455 11.26336 -3.001349 -0.6432918 11.26336 -3.001349 -0.6432918 12.25455 -2.470458 -0.6433911 12.25455 -2.470084 0.9456455 11.26336 -2.470084 0.9456455 12.25455 -3.000975 0.9457455 12.25455 -2.470458 -0.6433911 11.87071 -2.470084 0.9456455 11.87071 -3.000975 0.9457455 11.87071 -3.001349 -0.6432918 11.87071 -2.469626 2.425733 11.26336 -3.000121 3.301416 11.26336 -3.000525 2.425832 11.26336 -3.000525 2.425832 12.25455 -2.469626 2.425733 12.25455 -2.469229 3.301316 11.26336 -2.469229 3.301316 12.25455 -3.000121 3.301416 12.25455 -2.469626 2.425733 11.87071 -2.469229 3.301316 11.87071 -3.000121 3.301416 11.87071 -3.000525 2.425832 11.87071 -2.474654 -3.059535 10.9711 -2.887488 -1.988416 10.9711 -2.887931 -3.059457 10.9711 -2.887931 -3.059457 12.03106 -2.474654 -3.059535 12.03106 -2.474211 -1.988495 10.9711 -2.474211 -1.988495 12.03106 -2.887488 -1.988416 12.03106 -2.474654 -3.059535 11.54406 -2.474211 -1.988495 11.54406 -2.887488 -1.988416 11.54406 -2.887931 -3.059457 11.54406 -2.472969 -0.9113602 10.9711 -2.885771 1.218981 10.9711 -2.886245 -0.9112839 10.9711 -2.886245 -0.9112839 12.03106 -2.472969 -0.9113602 12.03106 -2.472487 1.218904 10.9711 -2.472487 1.218904 12.03106 -2.885771 1.218981 12.03106 -2.472969 -0.9113602 11.54406 -2.472487 1.218904 11.54406 -2.885771 1.218981 11.54406 -2.886245 -0.9112839 11.54406 -2.472136 2.152517 10.9711 -2.88497 3.187032 10.9711 -2.885421 2.152593 10.9711 -2.885421 2.152593 12.03106 -2.472136 2.152517 12.03106 -2.471686 3.186956 10.9711 -2.471686 3.186956 12.03106 -2.88497 3.187032 12.03106 -2.472136 2.152517 11.54406 -2.471686 3.186956 11.54406 -2.88497 3.187032 11.54406 -2.885421 2.152593 11.54406 -3.002204 2.78103 11.26336 -2.106415 3.300794 11.26336 -3.002204 3.300794 11.26336 -3.002204 3.300794 12.25455 -3.002204 2.78103 12.25455 -2.106415 2.78103 11.26336 -2.106415 2.78103 12.25455 -2.106415 3.300794 12.25455 -3.002204 2.78103 11.87071 -2.106415 2.78103 11.87071 -2.106415 3.300794 11.87071 -3.002204 3.300794 11.87071 -0.7419124 2.78103 11.26336 1.169549 3.300794 11.26336 -0.7419124 3.300794 11.26336 -0.7419124 3.300794 12.25455 -0.7419124 2.78103 12.25455 1.169549 2.78103 11.26336 1.169549 2.78103 12.25455 1.169549 3.300794 12.25455 -0.7419124 2.78103 11.87071 1.169549 2.78103 11.87071 1.169549 3.300794 11.87071 -0.7419124 3.300794 11.87071 2.394914 2.78103 11.26336 3.315193 3.300794 11.26336 2.394914 3.300794 11.26336 2.394914 3.300794 12.25455 2.394914 2.78103 12.25455 3.315193 2.78103 11.26336 3.315193 2.78103 12.25455 3.315193 3.300794 12.25455 2.394914 2.78103 11.87071 3.315193 2.78103 11.87071 3.315193 3.300794 11.87071 2.394914 3.300794 11.87071 -2.893944 2.792546 10.9711 -1.699622 3.19716 10.9711 -2.893944 3.19716 10.9711 -2.893944 3.19716 12.03106 -2.893944 2.792546 12.03106 -1.699622 2.792546 10.9711 -1.699622 2.792546 12.03106 -1.699622 3.19716 12.03106 -2.893944 2.792546 11.54406 -1.699622 2.792546 11.54406 -1.699622 3.19716 11.54406 -2.893944 3.19716 11.54406 -1.009902 2.792546 10.9711 1.44278 3.19716 10.9711 -1.009902 3.19716 10.9711 -1.009902 3.19716 12.03106 -1.009902 2.792546 12.03106 1.44278 2.792546 10.9711 1.44278 2.792546 12.03106 1.44278 3.19716 12.03106 -1.009902 2.792546 11.54406 1.44278 2.792546 11.54406 1.44278 3.19716 11.54406 -1.009902 3.19716 11.54406 1.973886 2.792546 10.9711 3.206933 3.19716 10.9711 1.973886 3.19716 10.9711 1.973886 3.19716 12.03106 1.973886 2.792546 12.03106 3.206933 2.792546 10.9711 3.206933 2.792546 12.03106 3.206933 3.19716 12.03106 1.973886 2.792546 11.54406 3.206933 2.792546 11.54406 3.206933 3.19716 11.54406 1.973886 3.19716 11.54406 0.01271897 2.460591 11.27277 0.4313896 2.959256 11.27277 0.01271897 2.959256 11.27277 0.01271897 2.959256 12.45333 0.01271897 2.460591 12.45333 0.4313896 2.460591 11.27277 0.4313896 2.460591 12.45333 0.4313896 2.959256 12.45333 -2.577468 -2.832282 1.777968 2.931412 3.004663 1.777968 -2.577468 3.004663 1.777968 -2.577468 3.004663 10.2125 -2.577468 -2.832282 10.2125 2.931412 -2.832282 1.777968 2.931412 -2.832282 10.2125 2.931412 3.004663 10.2125 -2.93277 -3.297444 3.092402 3.290566 3.403554 3.092402 -2.93277 3.403554 3.092402 -2.93277 3.403554 3.456483 -2.93277 -3.297444 3.456483 3.290566 -3.297444 3.092402 3.290566 -3.297444 3.456483 3.290566 3.403554 3.456483 -2.93277 -3.297444 3.422486 3.290566 3.403554 3.422486 -2.93277 3.403554 3.422486 -2.93277 3.403554 3.786567 -2.93277 -3.297444 3.786567 3.290566 -3.297444 3.422486 3.290566 -3.297444 3.786567 3.290566 3.403554 3.786567 -2.93277 0.05305635 3.422486 3.290566 0.05305635 3.422486 3.290566 0.05305635 3.786567 -2.93277 0.05305635 3.786567 -2.93277 0.05305635 3.092402 3.290566 0.05305635 3.092402 3.290566 0.05305635 3.456483 -2.93277 0.05305635 3.456483 -1.647773 2.935502 1.913807 -1.229094 3.434167 1.913807 -1.647773 3.434167 1.913807 -1.647773 3.434167 3.094365 -1.647773 2.935502 3.094365 -1.229094 2.935502 1.913807 -1.229094 2.935502 3.094365 -1.229094 3.434167 3.094365 -1.647773 -3.303159 1.913807 -1.229094 -2.804492 1.913807 -1.647773 -2.804492 1.913807 -1.647773 -2.804492 3.094365 -1.647773 -3.303159 3.094365 -1.229094 -3.303159 1.913807 -1.229094 -3.303159 3.094365 -1.229094 -2.804492 3.094365 -2.951865 1.620622 1.913807 -2.533195 2.119287 1.913807 -2.951865 2.119287 1.913807 -2.951865 2.119287 3.094365 -2.951865 1.620622 3.094365 -2.533195 1.620622 1.913807 -2.533195 1.620622 3.094365 -2.533195 2.119287 3.094365 -2.951865 -0.198088 1.913807 -2.533195 0.3005769 1.913807 -2.951865 0.3005769 1.913807 -2.951865 0.3005769 3.094365 -2.951865 -0.198088 3.094365 -2.533195 -0.198088 1.913807 -2.533195 -0.198088 3.094365 -2.533195 0.3005769 3.094365 -2.951865 -1.99391 1.913807 -2.533195 -1.495245 1.913807 -2.951865 -1.495245 1.913807 -2.951865 -1.495245 3.094365 -2.951865 -1.99391 3.094365 -2.533195 -1.99391 1.913807 -2.533195 -1.99391 3.094365 -2.533195 -1.495245 3.094365 2.887155 1.620622 1.913807 3.305824 2.119287 1.913807 2.887155 2.119287 1.913807 2.887155 2.119287 3.094365 2.887155 1.620622 3.094365 3.305824 1.620622 1.913807 3.305824 1.620622 3.094365 3.305824 2.119287 3.094365 2.887155 -0.198088 1.913807 3.305824 0.3005769 1.913807 2.887155 0.3005769 1.913807 2.887155 0.3005769 3.094365 2.887155 -0.198088 3.094365 3.305824 -0.198088 1.913807 3.305824 -0.198088 3.094365 3.305824 0.3005769 3.094365 2.887155 -1.99391 1.913807 3.305824 -1.495245 1.913807 2.887155 -1.495245 1.913807 2.887155 -1.495245 3.094365 2.887155 -1.99391 3.094365 3.305824 -1.99391 1.913807 3.305824 -1.99391 3.094365 3.305824 -1.495245 3.094365 0.003777265 2.935502 1.913807 0.422448 3.434167 1.913807 0.003777265 3.434167 1.913807 0.003777265 3.434167 3.094365 0.003777265 2.935502 3.094365 0.422448 2.935502 1.913807 0.422448 2.935502 3.094365 0.422448 3.434167 3.094365 0.003777265 -3.303159 1.913807 0.422448 -2.804492 1.913807 0.003777265 -2.804492 1.913807 0.003777265 -2.804492 3.094365 0.003777265 -3.303159 3.094365 0.422448 -3.303159 1.913807 0.422448 -3.303159 3.094365 0.422448 -2.804492 3.094365 1.544305 2.935502 1.913807 1.962983 3.434167 1.913807 1.544305 3.434167 1.913807 1.544305 3.434167 3.094365 1.544305 2.935502 3.094365 1.962983 2.935502 1.913807 1.962983 2.935502 3.094365 1.962983 3.434167 3.094365 1.544305 -3.303159 1.913807 1.962983 -2.804492 1.913807 1.544305 -2.804492 1.913807 1.544305 -2.804492 3.094365 1.544305 -3.303159 3.094365 1.962983 -3.303159 1.913807 1.962983 -3.303159 3.094365 1.962983 -2.804492 3.094365 3.261719 -1.028984 -0.0756756 3.526016 -0.7141861 -0.0756756 3.261719 -0.7141861 -0.0756756 3.261719 -0.7141861 13.28325 3.261719 -1.028984 13.28325 3.526016 -1.028984 -0.0756756 3.526016 -1.028984 13.28325 3.526016 -0.7141861 13.28325 3.261719 -2.295243 -0.0756756 3.526016 -1.980444 -0.0756756 3.261719 -1.980444 -0.0756756 3.261719 -1.980444 13.28325 3.261719 -2.295243 13.28325 3.526016 -2.295243 -0.0756756 3.526016 -2.295243 13.28325 3.526016 -1.980444 13.28325 3.429596 -0.3799194 9.700686 3.693895 -0.3781874 10.01547 3.429596 -0.3781874 10.01547 3.429596 -2.55392 10.02742 3.429596 -2.555648 9.712634 3.693895 -0.3799194 9.700686 3.693895 -2.555648 9.712634 3.693895 -2.55392 10.02742 3.429596 -0.3799194 8.520764 3.693895 -0.3781874 8.83555 3.429596 -0.3781874 8.83555 3.429596 -2.55392 8.847496 3.429596 -2.555648 8.532711 3.693895 -0.3799194 8.520764 3.693895 -2.555648 8.532711 3.693895 -2.55392 8.847496 3.429596 -0.3799194 12.15549 3.693895 -0.3781874 12.47027 3.429596 -0.3781874 12.47027 3.429596 -2.55392 12.48222 3.429596 -2.555648 12.16744 3.693895 -0.3799194 12.15549 3.693895 -2.555648 12.16744 3.693895 -2.55392 12.48222 3.429596 -0.3799194 10.97557 3.693895 -0.3781874 11.29035 3.429596 -0.3781874 11.29035 3.429596 -2.55392 11.3023 3.429596 -2.555648 10.98751 3.693895 -0.3799194 10.97557 3.693895 -2.555648 10.98751 3.693895 -2.55392 11.3023 3.429596 -0.3799194 4.578094 3.693895 -0.3781874 4.89288 3.429596 -0.3781874 4.89288 3.429596 -2.55392 4.904828 3.429596 -2.555648 4.590042 3.693895 -0.3799194 4.578094 3.693895 -2.555648 4.590042 3.693895 -2.55392 4.904828 3.429596 -0.3799194 3.398171 3.693895 -0.3781874 3.712957 3.429596 -0.3781874 3.712957 3.429596 -2.55392 3.724904 3.429596 -2.555648 3.410118 3.693895 -0.3799194 3.398171 3.693895 -2.555648 3.410118 3.693895 -2.55392 3.724904 3.429596 -0.3799194 7.168169 3.693895 -0.3781874 7.482955 3.429596 -0.3781874 7.482955 3.429596 -2.55392 7.494902 3.429596 -2.555648 7.180116 3.693895 -0.3799194 7.168169 3.693895 -2.555648 7.180116 3.693895 -2.55392 7.494902 3.429596 -0.3799194 5.988246 3.693895 -0.3781874 6.303031 3.429596 -0.3781874 6.303031 3.429596 -2.55392 6.314979 3.429596 -2.555648 6.000193 3.693895 -0.3799194 5.988246 3.693895 -2.555648 6.000193 3.693895 -2.55392 6.314979 3.429596 -0.3799194 2.0168 3.693895 -0.3781874 2.331585 3.429596 -0.3781874 2.331585 3.429596 -2.55392 2.343533 3.429596 -2.555648 2.028747 3.693895 -0.3799194 2.0168 3.693895 -2.555648 2.028747 3.693895 -2.55392 2.343533 3.429596 -0.3799194 0.8368766 3.693895 -0.3781874 1.151662 3.429596 -0.3781874 1.151662 3.429596 -2.55392 1.16361 3.429596 -2.555648 0.8488233 3.693895 -0.3799194 0.8368766 3.693895 -2.555648 0.8488233 3.693895 -2.55392 1.16361</float_array>
          <technique_common>
            <accessor source="#Cube_537-mesh-positions-array" count="560" stride="3">
              <param name="X" type="float"/>
              <param name="Y" type="float"/>
              <param name="Z" type="float"/>
            </accessor>
          </technique_common>
        </source>
        <source id="Cube_537-mesh-normals">
          <float_array id="Cube_537-mesh-normals-array" count="765">0 0 -1 -1 0 0 0 -1 0 1 0 0 0 0 1 0 1 0 -3.32307e-6 0 1 3.32307e-6 0 1 -5.57936e-7 0 1 3.93985e-6 0 1 -1.86373e-4 -1 0 -1.67992e-6 0 -1 1 -4.264e-4 0 -1 4.264e-4 0 -1 4.26609e-4 0 1 -4.2704e-4 0 -1.86373e-4 -1 0 1.86373e-4 1 0 -4.52189e-6 0 1 2.81459e-6 0 -1 1 -2.34926e-4 0 -1 2.35315e-4 0 -1 2.35429e-4 0 1 -2.35183e-4 0 -1.86934e-4 -1 0 1.88394e-4 1 0 1.88616e-4 1 0 2.67869e-6 0 -1 1 -4.52598e-4 0 -1 4.53307e-4 0 -1 4.53269e-4 0 1 -4.53717e-4 0 -1.8637e-4 -1 0 1.88616e-4 1 0 0.9999997 -8.39576e-4 0 1 -3.08872e-4 0 4.85475e-6 0 1 -1.89223e-4 -1 0 9.90739e-7 0 -1 1 -4.12298e-4 0 -1 4.12757e-4 0 -1 4.12605e-4 0 1 -4.12605e-4 0 -1.89223e-4 -1 0 1.91241e-4 1 0 -8.66595e-6 0 1 6.38072e-6 0 -1 1 -2.25219e-4 0 -1 2.25678e-4 0 -1 2.25613e-4 0 1 -2.25418e-4 0 -1.84608e-4 -1 0 1.84031e-4 1 0 1.8345e-4 1 0 -3.55822e-6 0 -1 1 -4.34933e-4 0 -1 4.34933e-4 0 -1 4.34848e-4 0 1 -4.34846e-4 0 -1.84027e-4 -1 0 1.8345e-4 1 0 0.9999994 -0.001155316 0 1 -3.75978e-4 0 -1.86373e-4 -1 0 -6.42526e-7 0 -1 1 -4.34576e-4 0 -1 4.26403e-4 0 1 -4.3436e-4 0 -1.86373e-4 -1 0 1.88166e-4 1 0 -4.5219e-6 0 1 2.81459e-6 0 -1 1 -2.35707e-4 0 -1 2.35676e-4 0 1 -2.3543e-4 0 -1.86935e-4 -1 0 1.88394e-4 1 0 1.88619e-4 1 0 2.67873e-6 0 -1 1 -4.53662e-4 0 -1 4.61111e-4 0 -0.9999999 4.61339e-4 0 -1.8637e-4 -1 0 1.88618e-4 1 0 -0.9999997 8.39576e-4 0 1 -3.09502e-4 0 4.85476e-6 0 1 -1 3.03836e-4 0 -1.89222e-4 -1 0 1 -4.1367e-4 0 -1 4.13671e-4 0 -1 4.13771e-4 0 1 -4.13382e-4 0 -1.89222e-4 -1 0 1.91242e-4 1 0 -8.66578e-6 0 1 6.3806e-6 0 -1 1 -2.25908e-4 0 -1 2.22461e-4 0 -1 2.22487e-4 0 1 -2.26004e-4 0 1.84027e-4 1 0 1.8345e-4 1 0 -1 4.3588e-4 0 -1 4.36054e-4 0 1 -4.35248e-4 0 -1.84027e-4 -1 0 1.8345e-4 1 0 1 -3.75454e-4 0 -0.9999994 0.001153528 0 -1 3.7493e-4 0 0 -0.999985 0.005490541 -1 0 0 0 0.9999849 -0.005501687 0 -0.005491197 -0.999985 0 0.005492508 0.999985 0 -0.999985 0.005490601 1 3.48104e-7 0 -1 -1.95809e-7 0 0 0.9999849 -0.005501627 0 -0.005490779 -0.999985 0 0.005490779 0.999985 0 -0.999985 0.00549066 -1 2.61082e-7 0 0 0.9999849 -0.005501747 0 -0.005492091 -0.999985 0 0.005492091 0.999985 0 -0.999985 0.005490541 0 -0.00548774 -0.999985 -1 -1.41416e-7 0 0 -0.005491435 -0.999985 0 0.005491435 0.999985 -1 0 0 0 -0.005491018 -0.999985 0 0.005490958 0.999985 -1 0 0 1 -3.48104e-7 0 -1 2.06687e-7 0 1 -3.48103e-7 0 -1 2.06686e-7 0 0 -0.999985 0.005490541 -1 0 0 0 0.9999849 -0.005501687 0 0.005491375 0.999985 -2.3263e-6 0 1 -1.86373e-4 -1 0 1 -4.27084e-4 0 -1 4.26179e-4 0 1 -4.26179e-4 0 -1.86373e-4 -1 0 1.86373e-4 1 0 2.80162e-6 0 1 1 -2.35706e-4 0 -1 2.35317e-4 0 -1 2.3543e-4 0 1 -2.35677e-4 0 -1.86934e-4 -1 0 1.68044e-6 0 1 1.88616e-4 1 0 -4.10317e-6 0 -1 1 -4.54017e-4 0 -1 4.53305e-4 0 -1 4.53267e-4 0 1.88615e-4 1 0 1.6988e-6 0 1 0.9999997 -8.39571e-4 0 1 -3.08874e-4 0 1.43323e-6 0 1 2.35652e-6 0 1 1 -4.12757e-4 0 -1 4.12755e-4 0 -1 4.12604e-4 0 1 -4.12995e-4 0 -1.89223e-4 -1 0 1.05018e-6 0 1 -1 2.25908e-4 0 -1 2.25809e-4 0 1 -2.25222e-4 0 -1.84607e-4 -1 0 1.84031e-4 1 0 2.12807e-6 0 1 1.83451e-4 1 0 1 -4.35405e-4 0 -1 4.34932e-4 0 1 -4.3525e-4 0 -1.84028e-4 -1 0 0.9999994 -0.001154899 0 1 -3.7598e-4 0 -2.35789e-6 0 1 -2.3263e-6 0 1 -1.86373e-4 -1 0 1 -4.33895e-4 0 -1 4.27084e-4 0 1 -4.34358e-4 0 1.88167e-4 1 0 2.80162e-6 0 1 1 -2.3512e-4 0 -1 2.35183e-4 0 -1.86934e-4 -1 0 1.88394e-4 1 0 1.88618e-4 1 0 -4.10317e-6 0 -1 1 -4.52952e-4 0 -0.9999999 4.61817e-4 0 -0.9999999 4.61786e-4 0 1 -4.52821e-4 0 1.88618e-4 1 0 1 -3.09294e-4 0 -1 3.04258e-4 0 1.6988e-6 0 1 1 -4.13671e-4 0 -1 4.1367e-4 0 -1 4.13381e-4 0 1 -4.13772e-4 0 -1.89223e-4 -1 0 1.91241e-4 1 0 -1 2.22691e-4 0 -1 2.22488e-4 0 1 -2.25808e-4 0 -1.84607e-4 -1 0 1.84027e-4 1 0 2.12806e-6 0 1 1.83451e-4 1 0 -1 4.35878e-4 0 -1.84027e-4 -1 0 -2.35788e-6 0 1 -0.9999994 0.001153945 0 -1 3.74931e-4 0 0 -0.999985 0.00548768 1 0 0 -1 -3.481e-7 0 0 0.9999849 -0.005501925 0 -0.005491197 -0.999985 0 0.005492508 0.999985 1 -2.28442e-7 0 -1 3.48102e-7 0 0 0.9999849 -0.005501866 0 -0.005490779 -0.999985 0 0.005490779 0.999985 0 -0.999985 0.005487799 -1 -3.48107e-7 0 0 0.9999849 -0.005501985 0 0.005492091 0.999985 0 -0.999985 0.00548762 1 -1.74048e-7 0 1 -1.1966e-7 0 0 -0.005491435 -0.999985 0 0.005491435 0.999985 1 0 0 0 -0.005491018 -0.999985 0 0.005491018 0.999985 1 0 0 1 0 0 1 -2.28442e-7 0 0 0.005491375 0.999985</float_array>
          <technique_common>
            <accessor source="#Cube_537-mesh-normals-array" count="255" stride="3">
              <param name="X" type="float"/>
              <param name="Y" type="float"/>
              <param name="Z" type="float"/>
            </accessor>
          </technique_common>
        </source>
        <source id="Cube_537-mesh-map-0">
          <float_array id="Cube_537-mesh-map-0-array" count="5304">0.02266198 0.2006646 0.4821557 0.2006646 0.02266198 0.05862045 0.4821557 0.2006646 0.4821557 0.05862045 0.02266198 0.05862045 0.01351469 0.03829813 0.1723615 0.03829813 0.01351469 0.1972056 0.1723615 0.03829813 0.1723615 0.1972056 0.01351469 0.1972056 0.1723615 0.03829813 0.4450561 0.03829813 0.1723615 0.1972056 0.4450561 0.03829813 0.4450561 0.1972056 0.1723615 0.1972056 0.4450561 0.03829813 0.2919905 0.03829813 0.4450561 0.1972056 0.07711803 0.1474668 0.07711803 0.04150587 0.4198872 0.1474668 0.2919905 0.03829813 0.2919905 0.1972056 0.4450561 0.1972056 0.07711803 0.04150587 0.4198872 0.04150587 0.4198872 0.1474668 0.01929628 0.03829813 0.01929628 0.1972054 0.2919905 0.1972056 0.2919905 0.03829813 0.01929628 0.03829813 0.2919905 0.1972056 0.236193 0.4993671 0.00856769 0.6073166 0.00856769 0.4993671 0.08896821 0.6017571 0.1221401 0.5833755 0.08896821 0.5833755 0.04802978 0.6017571 0.001958966 0.5833755 0.04802978 0.5833755 0.236193 0.4993671 0.00856769 0.6073166 0.236193 0.6073166 0.1221401 0.6017571 0.04802978 0.5833755 0.1221401 0.5833755 0.008657693 0.5833753 0.08896821 0.6017571 0.08896821 0.5833755 0.2342552 0.2602955 0.006629884 0.368245 0.006629884 0.2602955 0.1914418 0.3619717 0.007403492 0.3141224 0.1914418 0.3141224 0.2342552 0.2602955 0.006629884 0.368245 0.2342552 0.368245 0.5073828 0.3619717 0.1914418 0.3141224 0.5073828 0.3141224 0.01410228 0.3141213 0.3300427 0.3619717 0.3300427 0.3141224 0.01410228 0.2662725 0.3300427 0.3141224 0.3300427 0.2662731 0.5073828 0.3141224 0.1914418 0.2662731 0.5073828 0.2662731 0.1914418 0.3141224 0.007403492 0.2662731 0.1914418 0.2662731 0.3300427 0.3141224 0.5073828 0.2662731 0.3300427 0.2662731 0.2342552 0.2602955 0.006629884 0.368245 0.006629884 0.2602955 0.2342552 0.2602955 0.006629884 0.368245 0.2342552 0.368245 0.5073828 0.3619717 0.1914418 0.3141224 0.5073828 0.3141224 0.01410228 0.3141213 0.3300427 0.3619717 0.3300427 0.3141224 0.01410228 0.2662725 0.3300427 0.3141224 0.3300427 0.2662731 0.5073828 0.3141224 0.1914418 0.2662731 0.5073828 0.2662731 0.1914418 0.3141224 0.007403492 0.2662731 0.1914418 0.2662731 0.3300427 0.3141224 0.5073828 0.2662731 0.3300427 0.2662731 0.2342552 0.2602955 0.006629884 0.368245 0.006629884 0.2602955 0.3300427 0.3619717 0.5073828 0.3141224 0.3300427 0.3141224 0.2342552 0.2602955 0.006629884 0.368245 0.2342552 0.368245 0.5073828 0.3619717 0.1914418 0.3141224 0.5073828 0.3141224 0.01410228 0.3141213 0.3300427 0.3619717 0.3300427 0.3141224 0.01410228 0.2662725 0.3300427 0.3141224 0.3300427 0.2662731 0.5073828 0.3141224 0.1914418 0.2662731 0.5073828 0.2662731 0.1914418 0.3141224 0.007403492 0.2662731 0.1914418 0.2662731 0.3300427 0.3141224 0.5073828 0.2662731 0.3300427 0.2662731 0.006629884 0.368245 0.2342552 0.2602955 0.006629884 0.2602955 0.5073828 0.3141224 0.2342552 0.368245 0.006629884 0.368245 0.5073828 0.3141224 0.1914418 0.3619717 0.5073828 0.3619717 0.5073828 0.3619717 0.2342552 0.2602955 0.006629884 0.2602955 0.5283108 0.1868342 0.7712613 0.1868342 0.5283108 0.0237509 0.7712613 0.1868342 0.7712613 0.0237509 0.5283108 0.0237509 0.5234743 0.1551799 0.6074622 0.1551799 0.5234743 0.1735615 0.6074622 0.1551799 0.6074622 0.1735615 0.5234743 0.1735615 0.6074622 0.1551799 0.7516455 0.1551799 0.6074622 0.1735615 0.7516455 0.1551799 0.7516455 0.1735615 0.6074622 0.1735615 0.7516455 0.1551799 0.6707143 0.1551799 0.7516455 0.1735615 0.6449508 0.6565458 0.6449508 0.5239194 0.7889297 0.6565458 0.6707143 0.1551799 0.6707143 0.1735615 0.7516455 0.1735615 0.6449508 0.5239194 0.7889297 0.5239194 0.7889297 0.6565458 0.5265313 0.1551797 0.5265313 0.1735612 0.6707143 0.1735615 0.6707143 0.1551799 0.5265313 0.1551797 0.6707143 0.1735615 0.1974495 0.1952916 0.5130577 0.1952916 0.1974495 0.01371192 0.5130577 0.1952916 0.5130577 0.01371192 0.1974495 0.01371192 0.02129966 0.1952916 0.02129966 0.01371192 0.5029825 0.01371192 0.5029825 0.1952916 0.02129966 0.1952916 0.5029825 0.01371192 0.5153492 0.1952916 0.5153492 0.01371192 0.1958761 0.01371192 0.1958761 0.1952916 0.5153492 0.1952916 0.1958761 0.01371192 0.01782679 0.1952916 0.01782679 0.01371192 0.4995092 0.01371192 0.4995092 0.1952916 0.01782679 0.1952916 0.4995092 0.01371192 0.1000421 0.02325463 0.1000419 0.1526165 0.08529412 0.006589472 0.1000421 0.02325463 0.08529412 0.006589472 0.349074 0.006589472 0.1000419 0.1526165 0.08529406 0.1692817 0.08529412 0.006589472 0.1000419 0.1526165 0.334326 0.1526166 0.08529406 0.1692817 0.4082601 0.135376 0.1570644 0.135376 0.4082601 0.1904975 0.1570644 0.135376 0.1570644 0.1904975 0.4082601 0.1904975 0.2490718 0.1158677 0.1390947 0.1191927 0.251379 0.1983296 0.349074 0.1692817 0.334326 0.1526166 0.349074 0.006589472 0.334326 0.1526166 0.334326 0.02325457 0.349074 0.006589472 0.4192352 0.1123329 0.3092086 0.1127347 0.4195557 0.2000882 0.334326 0.1526166 0.349074 0.1692817 0.08529406 0.1692817 0.3092086 0.1127347 0.3095291 0.2004899 0.4195557 0.2000882 0.4082601 0.1168997 0.4082601 0.1994294 0.1570644 0.1994294 0.1570644 0.1168997 0.4082601 0.1168997 0.1570644 0.1994294 0.1390947 0.1191927 0.1414018 0.2016545 0.251379 0.1983296 0.334326 0.02325457 0.1000421 0.02325463 0.349074 0.006589472 0.2342552 0.461821 0.006629884 0.5697705 0.006629884 0.461821 0.1914418 0.5634972 0.007403492 0.5156479 0.1914418 0.5156479 0.2342552 0.461821 0.006629884 0.5697705 0.2342552 0.5697705 0.5073828 0.5634972 0.1914418 0.5156479 0.5073828 0.5156479 0.01410228 0.5156468 0.3300427 0.5634972 0.3300427 0.5156479 0.01410228 0.467798 0.3300427 0.5156479 0.3300427 0.4677986 0.5073828 0.5156479 0.1914418 0.4677986 0.5073828 0.4677986 0.1914418 0.5156479 0.007403492 0.4677986 0.1914418 0.4677986 0.3300427 0.5156479 0.5073828 0.4677986 0.3300427 0.4677986 0.2342552 0.461821 0.006629884 0.5697705 0.006629884 0.461821 0.2342552 0.461821 0.006629884 0.5697705 0.2342552 0.5697705 0.5073828 0.5634972 0.1914418 0.5156479 0.5073828 0.5156479 0.01410228 0.5156468 0.3300427 0.5634972 0.3300427 0.5156479 0.01410228 0.467798 0.3300427 0.5156479 0.3300427 0.4677986 0.5073828 0.5156479 0.1914418 0.4677986 0.5073828 0.4677986 0.1914418 0.5156479 0.007403492 0.4677986 0.1914418 0.4677986 0.3300427 0.5156479 0.5073828 0.4677986 0.3300427 0.4677986 0.2342552 0.461821 0.006629884 0.5697705 0.006629884 0.461821 0.3300427 0.5634972 0.5073828 0.5156479 0.3300427 0.5156479 0.2342552 0.461821 0.006629884 0.5697705 0.2342552 0.5697705 0.5073828 0.5634972 0.1914418 0.5156479 0.5073828 0.5156479 0.01410228 0.5156468 0.3300427 0.5634972 0.3300427 0.5156479 0.01410228 0.467798 0.3300427 0.5156479 0.3300427 0.4677986 0.5073828 0.5156479 0.1914418 0.4677986 0.5073828 0.4677986 0.1914418 0.5156479 0.007403492 0.4677986 0.1914418 0.4677986 0.3300427 0.5156479 0.5073828 0.4677986 0.3300427 0.4677986 0.5073828 0.5156479 0.1914418 0.5634972 0.5073828 0.5634972 0.5073828 0.5156479 0.1914418 0.5634972 0.5073828 0.5634972 0.006629884 0.2602955 0.2342552 0.368245 0.006629884 0.368245 0.1914418 0.3619717 0.007403492 0.3141224 0.1914418 0.3141224 0.2342552 0.368245 0.006629884 0.2602955 0.006629884 0.368245 0.5073828 0.3619717 0.1914418 0.3141224 0.5073828 0.3141224 0.01410228 0.3141213 0.3300427 0.3619717 0.3300427 0.3141224 0.01410228 0.2662725 0.3300427 0.3141224 0.3300427 0.2662731 0.5073828 0.3141224 0.1914418 0.2662731 0.5073828 0.2662731 0.1914418 0.3141224 0.007403492 0.2662731 0.1914418 0.2662731 0.3300427 0.3141224 0.5073828 0.2662731 0.3300427 0.2662731 0.006629884 0.2602955 0.2342552 0.368245 0.006629884 0.368245 0.2342552 0.368245 0.006629884 0.2602955 0.006629884 0.368245 0.5073828 0.3619717 0.1914418 0.3141224 0.5073828 0.3141224 0.01410228 0.3141213 0.3300427 0.3619717 0.3300427 0.3141224 0.01410228 0.2662725 0.3300427 0.3141224 0.3300427 0.2662731 0.5073828 0.3141224 0.1914418 0.2662731 0.5073828 0.2662731 0.1914418 0.3141224 0.007403492 0.2662731 0.1914418 0.2662731 0.3300427 0.3141224 0.5073828 0.2662731 0.3300427 0.2662731 0.006629884 0.2602955 0.2342552 0.368245 0.006629884 0.368245 0.3300427 0.3619717 0.5073828 0.3141224 0.3300427 0.3141224 0.2342552 0.368245 0.006629884 0.2602955 0.006629884 0.368245 0.5073828 0.3619717 0.1914418 0.3141224 0.5073828 0.3141224 0.01410228 0.3141213 0.3300427 0.3619717 0.3300427 0.3141224 0.01410228 0.2662725 0.3300427 0.3141224 0.3300427 0.2662731 0.5073828 0.3141224 0.1914418 0.2662731 0.5073828 0.2662731 0.1914418 0.3141224 0.007403492 0.2662731 0.1914418 0.2662731 0.3300427 0.3141224 0.5073828 0.2662731 0.3300427 0.2662731 0.5073828 0.3619717 0.2342552 0.2602955 0.006629884 0.2602955 0.5073828 0.3141224 0.1914418 0.3619717 0.5073828 0.3619717 0.5073828 0.3141224 0.1914418 0.3619717 0.5073828 0.3619717 0.002922236 0.3619717 0.2342552 0.2602955 0.006629884 0.2602955 0.006629884 0.461821 0.2342552 0.5697705 0.006629884 0.5697705 0.1914418 0.5634972 0.007403492 0.5156479 0.1914418 0.5156479 0.2342552 0.5697705 0.006629884 0.461821 0.006629884 0.5697705 0.5073828 0.5634972 0.1914418 0.5156479 0.5073828 0.5156479 0.01410228 0.5156468 0.3300427 0.5634972 0.3300427 0.5156479 0.01410228 0.467798 0.3300427 0.5156479 0.3300427 0.4677986 0.5073828 0.5156479 0.1914418 0.4677986 0.5073828 0.4677986 0.1914418 0.5156479 0.007403492 0.4677986 0.1914418 0.4677986 0.3300427 0.5156479 0.5073828 0.4677986 0.3300427 0.4677986 0.006629884 0.461821 0.2342552 0.5697705 0.006629884 0.5697705 0.2342552 0.5697705 0.006629884 0.461821 0.006629884 0.5697705 0.5073828 0.5634972 0.1914418 0.5156479 0.5073828 0.5156479 0.01410228 0.5156468 0.3300427 0.5634972 0.3300427 0.5156479 0.01410228 0.467798 0.3300427 0.5156479 0.3300427 0.4677986 0.5073828 0.5156479 0.1914418 0.4677986 0.5073828 0.4677986 0.1914418 0.5156479 0.007403492 0.4677986 0.1914418 0.4677986 0.3300427 0.5156479 0.5073828 0.4677986 0.3300427 0.4677986 0.006629884 0.461821 0.2342552 0.5697705 0.006629884 0.5697705 0.3300427 0.5634972 0.5073828 0.5156479 0.3300427 0.5156479 0.2342552 0.5697705 0.006629884 0.461821 0.006629884 0.5697705 0.5073828 0.5634972 0.1914418 0.5156479 0.5073828 0.5156479 0.01410228 0.5156468 0.3300427 0.5634972 0.3300427 0.5156479 0.01410228 0.467798 0.3300427 0.5156479 0.3300427 0.4677986 0.5073828 0.5156479 0.1914418 0.4677986 0.5073828 0.4677986 0.1914418 0.5156479 0.007403492 0.4677986 0.1914418 0.4677986 0.3300427 0.5156479 0.5073828 0.4677986 0.3300427 0.4677986 0.5073828 0.5156479 0.1914418 0.5634972 0.5073828 0.5634972 0.5073828 0.5156479 0.1914418 0.5634972 0.5073828 0.5634972 0.002922236 0.5634972 0.2342552 0.461821 0.006629884 0.461821 0.006629884 0.2602955 0.2342552 0.368245 0.006629884 0.368245 0.1914418 0.3619717 0.007403492 0.3141224 0.1914418 0.3141224 0.2342552 0.368245 0.006629884 0.2602955 0.006629884 0.368245 0.5073828 0.3619717 0.1914418 0.3141224 0.5073828 0.3141224 0.01410228 0.3141213 0.3300427 0.3619717 0.3300427 0.3141224 0.01410228 0.2662725 0.3300427 0.3141224 0.3300427 0.2662731 0.5073828 0.3141224 0.1914418 0.2662731 0.5073828 0.2662731 0.1914418 0.3141224 0.007403492 0.2662731 0.1914418 0.2662731 0.3300427 0.3141224 0.5073828 0.2662731 0.3300427 0.2662731 0.006629884 0.2602955 0.2342552 0.368245 0.006629884 0.368245 0.2342552 0.368245 0.006629884 0.2602955 0.006629884 0.368245 0.5073828 0.3619717 0.1914418 0.3141224 0.5073828 0.3141224 0.01410228 0.3141213 0.3300427 0.3619717 0.3300427 0.3141224 0.01410228 0.2662725 0.3300427 0.3141224 0.3300427 0.2662731 0.5073828 0.3141224 0.1914418 0.2662731 0.5073828 0.2662731 0.1914418 0.3141224 0.007403492 0.2662731 0.1914418 0.2662731 0.3300427 0.3141224 0.5073828 0.2662731 0.3300427 0.2662731 0.006629884 0.2602955 0.2342552 0.368245 0.006629884 0.368245 0.3300427 0.3619717 0.5073828 0.3141224 0.3300427 0.3141224 0.2342552 0.368245 0.006629884 0.2602955 0.006629884 0.368245 0.5073828 0.3619717 0.1914418 0.3141224 0.5073828 0.3141224 0.01410228 0.3141213 0.3300427 0.3619717 0.3300427 0.3141224 0.01410228 0.2662725 0.3300427 0.3141224 0.3300427 0.2662731 0.5073828 0.3141224 0.1914418 0.2662731 0.5073828 0.2662731 0.1914418 0.3141224 0.007403492 0.2662731 0.1914418 0.2662731 0.3300427 0.3141224 0.5073828 0.2662731 0.3300427 0.2662731 0.2342552 0.2602955 0.3300427 0.3141224 0.006629884 0.2602955 0.5073828 0.3141224 0.1914418 0.3619717 0.5073828 0.3619717 0.002922236 0.3619717 0.2342552 0.2602955 0.006629884 0.2602955 0.006771445 0.2546206 0.242152 0.3160755 0.2341136 0.2659705 0.006629884 0.368245 0.2342552 0.2602955 0.006629884 0.2602955 0.006629884 0.461821 0.2342552 0.5697705 0.006629884 0.5697705 0.1914418 0.5634972 0.007403492 0.5156479 0.1914418 0.5156479 0.2342552 0.5697705 0.006629884 0.461821 0.006629884 0.5697705 0.5073828 0.5634972 0.1914418 0.5156479 0.5073828 0.5156479 0.01410228 0.5156468 0.3300427 0.5634972 0.3300427 0.5156479 0.01410228 0.467798 0.3300427 0.5156479 0.3300427 0.4677986 0.5073828 0.5156479 0.1914418 0.4677986 0.5073828 0.4677986 0.1914418 0.5156479 0.007403492 0.4677986 0.1914418 0.4677986 0.3300427 0.5156479 0.5073828 0.4677986 0.3300427 0.4677986 0.006629884 0.461821 0.2342552 0.5697705 0.006629884 0.5697705 0.2342552 0.5697705 0.006629884 0.461821 0.006629884 0.5697705 0.5073828 0.5634972 0.1914418 0.5156479 0.5073828 0.5156479 0.01410228 0.5156468 0.3300427 0.5634972 0.3300427 0.5156479 0.01410228 0.467798 0.3300427 0.5156479 0.3300427 0.4677986 0.5073828 0.5156479 0.1914418 0.4677986 0.5073828 0.4677986 0.1914418 0.5156479 0.007403492 0.4677986 0.1914418 0.4677986 0.3300427 0.5156479 0.5073828 0.4677986 0.3300427 0.4677986 0.006629884 0.461821 0.2342552 0.5697705 0.006629884 0.5697705 0.3300427 0.5634972 0.5073828 0.5156479 0.3300427 0.5156479 0.2342552 0.5697705 0.006629884 0.461821 0.006629884 0.5697705 0.5073828 0.5634972 0.1914418 0.5156479 0.5073828 0.5156479 0.01410228 0.5156468 0.3300427 0.5634972 0.3300427 0.5156479 0.01410228 0.467798 0.3300427 0.5156479 0.3300427 0.4677986 0.5073828 0.5156479 0.1914418 0.4677986 0.5073828 0.4677986 0.1914418 0.5156479 0.007403492 0.4677986 0.1914418 0.4677986 0.3300427 0.5156479 0.5073828 0.4677986 0.3300427 0.4677986 0.5073828 0.5156479 0.1914418 0.5634972 0.5073828 0.5634972 0.002922236 0.5634972 0.2342552 0.461821 0.006629884 0.461821 0.01410228 0.5634956 0.3300427 0.5156479 0.3300427 0.5634972 0.01260936 0.460502 0.2441051 0.5215073 0.2399946 0.4709525 0.2342552 0.2602955 0.006629884 0.368245 0.006629884 0.2602955 0.1914418 0.3619717 0.007403492 0.3141224 0.1914418 0.3141224 0.2342552 0.2602955 0.006629884 0.368245 0.2342552 0.368245 0.5073828 0.3619717 0.1914418 0.3141224 0.5073828 0.3141224 0.01410228 0.3141213 0.3300427 0.3619717 0.3300427 0.3141224 0.01410228 0.2662725 0.3300427 0.3141224 0.3300427 0.2662731 0.5073828 0.3141224 0.1914418 0.2662731 0.5073828 0.2662731 0.1914418 0.3141224 0.007403492 0.2662731 0.1914418 0.2662731 0.3300427 0.3141224 0.5073828 0.2662731 0.3300427 0.2662731 0.2342552 0.2602955 0.006629884 0.368245 0.006629884 0.2602955 0.2342552 0.2602955 0.006629884 0.368245 0.2342552 0.368245 0.5073828 0.3619717 0.1914418 0.3141224 0.5073828 0.3141224 0.01410228 0.3141213 0.3300427 0.3619717 0.3300427 0.3141224 0.01410228 0.2662725 0.3300427 0.3141224 0.3300427 0.2662731 0.5073828 0.3141224 0.1914418 0.2662731 0.5073828 0.2662731 0.1914418 0.3141224 0.007403492 0.2662731 0.1914418 0.2662731 0.3300427 0.3141224 0.5073828 0.2662731 0.3300427 0.2662731 0.2342552 0.2602955 0.006629884 0.368245 0.006629884 0.2602955 0.3300427 0.3619717 0.5073828 0.3141224 0.3300427 0.3141224 0.2342552 0.2602955 0.006629884 0.368245 0.2342552 0.368245 0.5073828 0.3619717 0.1914418 0.3141224 0.5073828 0.3141224 0.01410228 0.3141213 0.3300427 0.3619717 0.3300427 0.3141224 0.01410228 0.2662725 0.3300427 0.3141224 0.3300427 0.2662731 0.5073828 0.3141224 0.1914418 0.2662731 0.5073828 0.2662731 0.1914418 0.3141224 0.007403492 0.2662731 0.1914418 0.2662731 0.3300427 0.3141224 0.5073828 0.2662731 0.3300427 0.2662731 0.01410228 0.3619701 0.3300427 0.3141224 0.3300427 0.3619717 0.01410228 0.3619701 0.3300427 0.3141224 0.3300427 0.3619717 0.006629884 0.368245 0.01410228 0.3619701 0.3300427 0.3619717 0.006629884 0.368245 0.01410228 0.3619701 0.3300427 0.3619717 0.2342552 0.461821 0.006629884 0.5697705 0.006629884 0.461821 0.1914418 0.5634972 0.007403492 0.5156479 0.1914418 0.5156479 0.2342552 0.461821 0.006629884 0.5697705 0.2342552 0.5697705 0.5073828 0.5634972 0.1914418 0.5156479 0.5073828 0.5156479 0.01410228 0.5156468 0.3300427 0.5634972 0.3300427 0.5156479 0.01410228 0.467798 0.3300427 0.5156479 0.3300427 0.4677986 0.5073828 0.5156479 0.1914418 0.4677986 0.5073828 0.4677986 0.1914418 0.5156479 0.007403492 0.4677986 0.1914418 0.4677986 0.3300427 0.5156479 0.5073828 0.4677986 0.3300427 0.4677986 0.2342552 0.461821 0.006629884 0.5697705 0.006629884 0.461821 0.2342552 0.461821 0.006629884 0.5697705 0.2342552 0.5697705 0.5073828 0.5634972 0.1914418 0.5156479 0.5073828 0.5156479 0.01410228 0.5156468 0.3300427 0.5634972 0.3300427 0.5156479 0.01410228 0.467798 0.3300427 0.5156479 0.3300427 0.4677986 0.5073828 0.5156479 0.1914418 0.4677986 0.5073828 0.4677986 0.1914418 0.5156479 0.007403492 0.4677986 0.1914418 0.4677986 0.3300427 0.5156479 0.5073828 0.4677986 0.3300427 0.4677986 0.2342552 0.461821 0.006629884 0.5697705 0.006629884 0.461821 0.3300427 0.5634972 0.5073828 0.5156479 0.3300427 0.5156479 0.2342552 0.461821 0.006629884 0.5697705 0.2342552 0.5697705 0.5073828 0.5634972 0.1914418 0.5156479 0.5073828 0.5156479 0.01410228 0.5156468 0.3300427 0.5634972 0.3300427 0.5156479 0.01410228 0.467798 0.3300427 0.5156479 0.3300427 0.4677986 0.5073828 0.5156479 0.1914418 0.4677986 0.5073828 0.4677986 0.1914418 0.5156479 0.007403492 0.4677986 0.1914418 0.4677986 0.3300427 0.5156479 0.5073828 0.4677986 0.3300427 0.4677986 0.01410228 0.5634956 0.3300427 0.5156479 0.3300427 0.5634972 0.01410228 0.5634956 0.3300427 0.5156479 0.3300427 0.5634972 0.236193 0.4993671 0.00856769 0.6073166 0.00856769 0.4993671 0.08896821 0.6017571 0.1221401 0.5833755 0.08896821 0.5833755 0.04802978 0.6017571 0.001958966 0.5833755 0.04802978 0.5833755 0.236193 0.4993671 0.00856769 0.6073166 0.236193 0.6073166 0.1221401 0.6017571 0.04802978 0.5833755 0.1221401 0.5833755 0.008657693 0.5833753 0.08896821 0.6017571 0.08896821 0.5833755 0.5214872 0.004789352 0.6037278 0.004789352 0.5214872 0.1872334 0.6037278 0.004789352 0.6037278 0.1872334 0.5214872 0.1872334 0.6037278 0.004789352 0.7449114 0.004789352 0.6037278 0.1872334 0.7449114 0.004789352 0.7449114 0.1872334 0.6037278 0.1872334 0.7449114 0.004789352 0.665664 0.004789352 0.7449114 0.1872334 0.5262231 0.1912049 0.5262231 0.02812159 0.7641192 0.1912049 0.665664 0.004789352 0.665664 0.1872334 0.7449114 0.1872334 0.5262231 0.02812159 0.7641192 0.02812159 0.7641192 0.1912049 0.5244806 0.004789233 0.5244806 0.1872331 0.665664 0.1872334 0.665664 0.004789352 0.5244806 0.004789233 0.665664 0.1872334 0.7641192 0.1912049 0.5262231 0.02812159 0.5262231 0.1912049 0.2342552 0.3142703 0.006629884 0.368245 0.006629884 0.3142703 0.4113304 0.3626855 0.5000005 0.3443039 0.4113304 0.3443039 0.09204035 0.3626855 2.12374e-5 0.3443039 0.09204035 0.3443039 0.2342552 0.2602955 0.006629884 0.3142703 0.2342552 0.3142703 0.5000005 0.3626855 0.1840595 0.3443039 0.5000005 0.3443039 0.006719887 0.3443038 0.3226603 0.3626855 0.3226603 0.3443039 0.236193 0.5533419 0.00856769 0.6073166 0.00856769 0.5533418 0.4132682 0.6017571 0.5019382 0.5833755 0.4132682 0.5833755 0.0939781 0.6017571 0.001958966 0.5833755 0.0939781 0.5833755 0.236193 0.4993671 0.00856769 0.5533418 0.236193 0.5533419 0.5019382 0.6017571 0.1859972 0.5833755 0.5019382 0.5833755 0.008657693 0.5833753 0.324598 0.6017571 0.324598 0.5833755 0.236193 0.5533419 0.00856769 0.6073166 0.236193 0.6073166 0.1859972 0.6017571 0.0939781 0.5833755 0.1859972 0.5833755 0.324598 0.6017571 0.4132682 0.5833755 0.324598 0.5833755 0.236193 0.4993671 0.00856769 0.5533418 0.00856769 0.4993671 0.2342552 0.3142703 0.006629884 0.368245 0.2342552 0.368245 0.1840595 0.3626855 0.09204035 0.3443039 0.1840595 0.3443039 0.3226603 0.3626855 0.4113304 0.3443039 0.3226603 0.3443039 0.2342552 0.2602955 0.006629884 0.3142703 0.006629884 0.2602955 0.236193 0.4993671 0.00856769 0.6073166 0.00856769 0.4993671 0.08896821 0.6017571 0.1221401 0.5833755 0.08896821 0.5833755 0.04802978 0.6017571 0.001958966 0.5833755 0.04802978 0.5833755 0.236193 0.4993671 0.00856769 0.6073166 0.236193 0.6073166 0.1221401 0.6017571 0.04802978 0.5833755 0.1221401 0.5833755 0.008657693 0.5833753 0.08896821 0.6017571 0.08896821 0.5833755 0.236193 0.4993671 0.00856769 0.6073166 0.00856769 0.4993671 0.08896821 0.6017571 0.1221401 0.5833755 0.08896821 0.5833755 0.04802978 0.6017571 0.001958966 0.5833755 0.04802978 0.5833755 0.236193 0.4993671 0.00856769 0.6073166 0.236193 0.6073166 0.1221401 0.6017571 0.04802978 0.5833755 0.1221401 0.5833755 0.008657693 0.5833753 0.08896821 0.6017571 0.08896821 0.5833755 0.236193 0.4993671 0.00856769 0.6073166 0.00856769 0.4993671 0.08896821 0.6017571 0.1221401 0.5833755 0.08896821 0.5833755 0.04802978 0.6017571 0.001958966 0.5833755 0.04802978 0.5833755 0.236193 0.4993671 0.00856769 0.6073166 0.236193 0.6073166 0.1221401 0.6017571 0.04802978 0.5833755 0.1221401 0.5833755 0.008657693 0.5833753 0.08896821 0.6017571 0.08896821 0.5833755 0.236193 0.4993671 0.00856769 0.6073166 0.00856769 0.4993671 0.08896821 0.6017571 0.1221401 0.5833755 0.08896821 0.5833755 0.04802978 0.6017571 0.001958966 0.5833755 0.04802978 0.5833755 0.236193 0.4993671 0.00856769 0.6073166 0.236193 0.6073166 0.1221401 0.6017571 0.04802978 0.5833755 0.1221401 0.5833755 0.008657693 0.5833753 0.08896821 0.6017571 0.08896821 0.5833755 0.236193 0.4993671 0.00856769 0.6073166 0.00856769 0.4993671 0.08896821 0.6017571 0.1221401 0.5833755 0.08896821 0.5833755 0.04802978 0.6017571 0.001958966 0.5833755 0.04802978 0.5833755 0.236193 0.4993671 0.00856769 0.6073166 0.236193 0.6073166 0.1221401 0.6017571 0.04802978 0.5833755 0.1221401 0.5833755 0.008657693 0.5833753 0.08896821 0.6017571 0.08896821 0.5833755 0.236193 0.4993671 0.00856769 0.6073166 0.00856769 0.4993671 0.08896821 0.6017571 0.1221401 0.5833755 0.08896821 0.5833755 0.04802978 0.6017571 0.001958966 0.5833755 0.04802978 0.5833755 0.236193 0.4993671 0.00856769 0.6073166 0.236193 0.6073166 0.1221401 0.6017571 0.04802978 0.5833755 0.1221401 0.5833755 0.008657693 0.5833753 0.08896821 0.6017571 0.08896821 0.5833755 0.236193 0.4993671 0.00856769 0.6073166 0.00856769 0.4993671 0.08896821 0.6017571 0.1221401 0.5833755 0.08896821 0.5833755 0.04802978 0.6017571 0.001958966 0.5833755 0.04802978 0.5833755 0.236193 0.4993671 0.00856769 0.6073166 0.236193 0.6073166 0.1221401 0.6017571 0.04802978 0.5833755 0.1221401 0.5833755 0.008657693 0.5833753 0.08896821 0.6017571 0.08896821 0.5833755 0.236193 0.4993671 0.00856769 0.6073166 0.00856769 0.4993671 0.08896821 0.6017571 0.1221401 0.5833755 0.08896821 0.5833755 0.04802978 0.6017571 0.001958966 0.5833755 0.04802978 0.5833755 0.236193 0.4993671 0.00856769 0.6073166 0.236193 0.6073166 0.1221401 0.6017571 0.04802978 0.5833755 0.1221401 0.5833755 0.008657693 0.5833753 0.08896821 0.6017571 0.08896821 0.5833755 0.236193 0.4993671 0.00856769 0.6073166 0.00856769 0.4993671 0.08896821 0.6017571 0.1221401 0.5833755 0.08896821 0.5833755 0.04802978 0.6017571 0.001958966 0.5833755 0.04802978 0.5833755 0.236193 0.4993671 0.00856769 0.6073166 0.236193 0.6073166 0.1221401 0.6017571 0.04802978 0.5833755 0.1221401 0.5833755 0.008657693 0.5833753 0.08896821 0.6017571 0.08896821 0.5833755 0.236193 0.4993671 0.00856769 0.6073166 0.00856769 0.4993671 0.08896821 0.6017571 0.1221401 0.5833755 0.08896821 0.5833755 0.04802978 0.6017571 0.001958966 0.5833755 0.04802978 0.5833755 0.236193 0.4993671 0.00856769 0.6073166 0.236193 0.6073166 0.1221401 0.6017571 0.04802978 0.5833755 0.1221401 0.5833755 0.008657693 0.5833753 0.08896821 0.6017571 0.08896821 0.5833755 0.236193 0.4993671 0.00856769 0.6073166 0.00856769 0.4993671 0.08896821 0.6017571 0.1221401 0.5833755 0.08896821 0.5833755 0.04802978 0.6017571 0.001958966 0.5833755 0.04802978 0.5833755 0.236193 0.4993671 0.00856769 0.6073166 0.236193 0.6073166 0.1221401 0.6017571 0.04802978 0.5833755 0.1221401 0.5833755 0.008657693 0.5833753 0.08896821 0.6017571 0.08896821 0.5833755 0.236193 0.4993671 0.00856769 0.6073166 0.00856769 0.4993671 0.08896821 0.6017571 0.1221401 0.5833755 0.08896821 0.5833755 0.04802978 0.6017571 0.001958966 0.5833755 0.04802978 0.5833755 0.236193 0.4993671 0.00856769 0.6073166 0.236193 0.6073166 0.1221401 0.6017571 0.04802978 0.5833755 0.1221401 0.5833755 0.008657693 0.5833753 0.08896821 0.6017571 0.08896821 0.5833755 0.8494484 0.1461875 0.8281964 0.1681861 0.8281964 0.1461875 0.9302173 0.2741772 0.8778172 0.2708193 0.877545 0.2744624 0.9299077 0.2783132 0.876551 0.2877498 0.8772354 0.2785984 0.8494484 0.1461875 0.8281964 0.1681861 0.8494484 0.1681861 0.9304896 0.2705342 0.8772354 0.2785984 0.8778172 0.2708193 0.8768201 0.284145 0.9302173 0.2741772 0.877545 0.2744624 0.8494484 0.1461875 0.8281964 0.1681861 0.8281964 0.1461875 0.9302173 0.2741772 0.8778172 0.2708193 0.877545 0.2744624 0.9299077 0.2783132 0.876551 0.2877498 0.8772354 0.2785984 0.8494484 0.1461875 0.8281964 0.1681861 0.8494484 0.1681861 0.9304896 0.2705342 0.8772354 0.2785984 0.8778172 0.2708193 0.8768201 0.284145 0.9302173 0.2741772 0.877545 0.2744624 0.8494484 0.1461875 0.8281964 0.1681861 0.8281964 0.1461875 0.9302173 0.2741772 0.8778172 0.2708193 0.877545 0.2744624 0.8772354 0.2785984 0.9292228 0.2874646 0.876551 0.2877498 0.8494484 0.1461875 0.8281964 0.1681861 0.8494484 0.1681861 0.9304896 0.2705342 0.8772354 0.2785984 0.8778172 0.2708193 0.8768201 0.284145 0.9302173 0.2741772 0.877545 0.2744624 0.8494484 0.1461875 0.8281964 0.1681861 0.8281964 0.1461875 0.9302173 0.2741772 0.8778172 0.2708193 0.877545 0.2744624 0.8772354 0.2785984 0.9292228 0.2874646 0.876551 0.2877498 0.8494484 0.1461875 0.8281964 0.1681861 0.8494484 0.1681861 0.9304896 0.2705342 0.8772354 0.2785984 0.8778172 0.2708193 0.8768201 0.284145 0.9302173 0.2741772 0.877545 0.2744624 0.8494484 0.1461875 0.8281964 0.1681861 0.8281964 0.1461875 0.9302173 0.2741772 0.8778172 0.2708193 0.877545 0.2744624 0.8772354 0.2785984 0.9292228 0.2874646 0.876551 0.2877498 0.8494484 0.1461875 0.8281964 0.1681861 0.8494484 0.1681861 0.9304896 0.2705342 0.8772354 0.2785984 0.8778172 0.2708193 0.8768201 0.284145 0.9302173 0.2741772 0.877545 0.2744624 0.8494484 0.1461875 0.8281964 0.1681861 0.8281964 0.1461875 0.9302173 0.2741772 0.8778172 0.2708193 0.877545 0.2744624 0.8772354 0.2785984 0.9292228 0.2874646 0.876551 0.2877498 0.8494484 0.1461875 0.8281964 0.1681861 0.8494484 0.1681861 0.9304896 0.2705342 0.8772354 0.2785984 0.8778172 0.2708193 0.8768201 0.284145 0.9302173 0.2741772 0.877545 0.2744624 0.8494484 0.1461875 0.8281964 0.1681861 0.8281964 0.1461875 0.9302173 0.2741772 0.8778172 0.2708193 0.877545 0.2744624 0.8772354 0.2785984 0.9292228 0.2874646 0.876551 0.2877498 0.8494484 0.1461875 0.8281964 0.1681861 0.8494484 0.1681861 0.9304896 0.2705342 0.8772354 0.2785984 0.8778172 0.2708193 0.8768201 0.284145 0.9302173 0.2741772 0.877545 0.2744624 0.8494484 0.1461875 0.8281964 0.1681861 0.8281964 0.1461875 0.9302173 0.2741772 0.8778172 0.2708193 0.877545 0.2744624 0.8772354 0.2785984 0.9292228 0.2874646 0.876551 0.2877498 0.8494484 0.1461875 0.8281964 0.1681861 0.8494484 0.1681861 0.9304896 0.2705342 0.8772354 0.2785984 0.8778172 0.2708193 0.8768201 0.284145 0.9302173 0.2741772 0.877545 0.2744624 0.8494484 0.1461875 0.8281964 0.1681861 0.8281964 0.1461875 0.9302173 0.2741772 0.8778172 0.2708193 0.877545 0.2744624 0.8772354 0.2785984 0.9292228 0.2874646 0.876551 0.2877498 0.8494484 0.1461875 0.8281964 0.1681861 0.8494484 0.1681861 0.9304896 0.2705342 0.8772354 0.2785984 0.8778172 0.2708193 0.8768201 0.284145 0.9302173 0.2741772 0.877545 0.2744624 0.8494484 0.1461875 0.8281964 0.1681861 0.8281964 0.1461875 0.9302173 0.2741772 0.8778172 0.2708193 0.877545 0.2744624 0.8772354 0.2785984 0.9292228 0.2874646 0.876551 0.2877498 0.8494484 0.1461875 0.8281964 0.1681861 0.8494484 0.1681861 0.9304896 0.2705342 0.8772354 0.2785984 0.8778172 0.2708193 0.8768201 0.284145 0.9302173 0.2741772 0.877545 0.2744624 0.8494484 0.1461875 0.8281964 0.1681861 0.8281964 0.1461875 0.9302173 0.2741772 0.8778172 0.2708193 0.877545 0.2744624 0.8772354 0.2785984 0.9292228 0.2874646 0.876551 0.2877498 0.8494484 0.1461875 0.8281964 0.1681861 0.8494484 0.1681861 0.9304896 0.2705342 0.8772354 0.2785984 0.8778172 0.2708193 0.8768201 0.284145 0.9302173 0.2741772 0.877545 0.2744624 0.8494484 0.1461875 0.8281964 0.1681861 0.8281964 0.1461875 0.9302173 0.2741772 0.8778172 0.2708193 0.877545 0.2744624 0.8772354 0.2785984 0.9292228 0.2874646 0.876551 0.2877498 0.8494484 0.1461875 0.8281964 0.1681861 0.8494484 0.1681861 0.9304896 0.2705342 0.8772354 0.2785984 0.8778172 0.2708193 0.8768201 0.284145 0.9302173 0.2741772 0.877545 0.2744624 0.236193 0.4993671 0.236193 0.6073166 0.00856769 0.6073166 0.08896821 0.6017571 0.1221401 0.6017571 0.1221401 0.5833755 0.04802978 0.6017571 0.001958966 0.6017571 0.001958966 0.5833755 0.236193 0.4993671 0.00856769 0.4993671 0.00856769 0.6073166 0.1221401 0.6017571 0.04802978 0.6017571 0.04802978 0.5833755 0.008657693 0.5833753 0.008657693 0.6017568 0.08896821 0.6017571 0.2342552 0.2602955 0.2342552 0.368245 0.006629884 0.368245 0.1914418 0.3619717 0.007403492 0.3619717 0.007403492 0.3141224 0.2342552 0.2602955 0.006629884 0.2602955 0.006629884 0.368245 0.5073828 0.3619717 0.1914418 0.3619717 0.1914418 0.3141224 0.01410228 0.3141213 0.01410228 0.3619701 0.3300427 0.3619717 0.01410228 0.2662725 0.01410228 0.3141213 0.3300427 0.3141224 0.5073828 0.3141224 0.1914418 0.3141224 0.1914418 0.2662731 0.1914418 0.3141224 0.007403492 0.3141224 0.007403492 0.2662731 0.3300427 0.3141224 0.5073828 0.3141224 0.5073828 0.2662731 0.2342552 0.2602955 0.2342552 0.368245 0.006629884 0.368245 0.2342552 0.2602955 0.006629884 0.2602955 0.006629884 0.368245 0.5073828 0.3619717 0.1914418 0.3619717 0.1914418 0.3141224 0.01410228 0.3141213 0.01410228 0.3619701 0.3300427 0.3619717 0.01410228 0.2662725 0.01410228 0.3141213 0.3300427 0.3141224 0.5073828 0.3141224 0.1914418 0.3141224 0.1914418 0.2662731 0.1914418 0.3141224 0.007403492 0.3141224 0.007403492 0.2662731 0.3300427 0.3141224 0.5073828 0.3141224 0.5073828 0.2662731 0.2342552 0.2602955 0.2342552 0.368245 0.006629884 0.368245 0.3300427 0.3619717 0.5073828 0.3619717 0.5073828 0.3141224 0.2342552 0.2602955 0.006629884 0.2602955 0.006629884 0.368245 0.5073828 0.3619717 0.1914418 0.3619717 0.1914418 0.3141224 0.01410228 0.3141213 0.01410228 0.3619701 0.3300427 0.3619717 0.01410228 0.2662725 0.01410228 0.3141213 0.3300427 0.3141224 0.5073828 0.3141224 0.1914418 0.3141224 0.1914418 0.2662731 0.1914418 0.3141224 0.007403492 0.3141224 0.007403492 0.2662731 0.3300427 0.3141224 0.5073828 0.3141224 0.5073828 0.2662731 0.006629884 0.368245 0.2342552 0.368245 0.2342552 0.2602955 0.5073828 0.3141224 0.1914418 0.3141224 0.2342552 0.368245 0.5073828 0.3141224 0.1914418 0.3141224 0.1914418 0.3619717 0.5073828 0.3619717 0.2342552 0.368245 0.2342552 0.2602955 0.2342552 0.461821 0.2342552 0.5697705 0.006629884 0.5697705 0.1914418 0.5634972 0.007403492 0.5634972 0.007403492 0.5156479 0.2342552 0.461821 0.006629884 0.461821 0.006629884 0.5697705 0.5073828 0.5634972 0.1914418 0.5634972 0.1914418 0.5156479 0.01410228 0.5156468 0.01410228 0.5634956 0.3300427 0.5634972 0.01410228 0.467798 0.01410228 0.5156468 0.3300427 0.5156479 0.5073828 0.5156479 0.1914418 0.5156479 0.1914418 0.4677986 0.1914418 0.5156479 0.007403492 0.5156479 0.007403492 0.4677986 0.3300427 0.5156479 0.5073828 0.5156479 0.5073828 0.4677986 0.2342552 0.461821 0.2342552 0.5697705 0.006629884 0.5697705 0.2342552 0.461821 0.006629884 0.461821 0.006629884 0.5697705 0.5073828 0.5634972 0.1914418 0.5634972 0.1914418 0.5156479 0.01410228 0.5156468 0.01410228 0.5634956 0.3300427 0.5634972 0.01410228 0.467798 0.01410228 0.5156468 0.3300427 0.5156479 0.5073828 0.5156479 0.1914418 0.5156479 0.1914418 0.4677986 0.1914418 0.5156479 0.007403492 0.5156479 0.007403492 0.4677986 0.3300427 0.5156479 0.5073828 0.5156479 0.5073828 0.4677986 0.2342552 0.461821 0.2342552 0.5697705 0.006629884 0.5697705 0.3300427 0.5634972 0.5073828 0.5634972 0.5073828 0.5156479 0.2342552 0.461821 0.006629884 0.461821 0.006629884 0.5697705 0.5073828 0.5634972 0.1914418 0.5634972 0.1914418 0.5156479 0.01410228 0.5156468 0.01410228 0.5634956 0.3300427 0.5634972 0.01410228 0.467798 0.01410228 0.5156468 0.3300427 0.5156479 0.5073828 0.5156479 0.1914418 0.5156479 0.1914418 0.4677986 0.1914418 0.5156479 0.007403492 0.5156479 0.007403492 0.4677986 0.3300427 0.5156479 0.5073828 0.5156479 0.5073828 0.4677986 0.5073828 0.5156479 0.1914418 0.5156479 0.1914418 0.5634972 0.5073828 0.5156479 0.1914418 0.5156479 0.1914418 0.5634972 0.006629884 0.2602955 0.2342552 0.2602955 0.2342552 0.368245 0.1914418 0.3619717 0.007403492 0.3619717 0.007403492 0.3141224 0.2342552 0.368245 0.2342552 0.2602955 0.006629884 0.2602955 0.5073828 0.3619717 0.1914418 0.3619717 0.1914418 0.3141224 0.01410228 0.3141213 0.01410228 0.3619701 0.3300427 0.3619717 0.01410228 0.2662725 0.01410228 0.3141213 0.3300427 0.3141224 0.5073828 0.3141224 0.1914418 0.3141224 0.1914418 0.2662731 0.1914418 0.3141224 0.007403492 0.3141224 0.007403492 0.2662731 0.3300427 0.3141224 0.5073828 0.3141224 0.5073828 0.2662731 0.006629884 0.2602955 0.2342552 0.2602955 0.2342552 0.368245 0.2342552 0.368245 0.2342552 0.2602955 0.006629884 0.2602955 0.5073828 0.3619717 0.1914418 0.3619717 0.1914418 0.3141224 0.01410228 0.3141213 0.01410228 0.3619701 0.3300427 0.3619717 0.01410228 0.2662725 0.01410228 0.3141213 0.3300427 0.3141224 0.5073828 0.3141224 0.1914418 0.3141224 0.1914418 0.2662731 0.1914418 0.3141224 0.007403492 0.3141224 0.007403492 0.2662731 0.3300427 0.3141224 0.5073828 0.3141224 0.5073828 0.2662731 0.006629884 0.2602955 0.2342552 0.2602955 0.2342552 0.368245 0.3300427 0.3619717 0.5073828 0.3619717 0.5073828 0.3141224 0.2342552 0.368245 0.2342552 0.2602955 0.006629884 0.2602955 0.5073828 0.3619717 0.1914418 0.3619717 0.1914418 0.3141224 0.01410228 0.3141213 0.01410228 0.3619701 0.3300427 0.3619717 0.01410228 0.2662725 0.01410228 0.3141213 0.3300427 0.3141224 0.5073828 0.3141224 0.1914418 0.3141224 0.1914418 0.2662731 0.1914418 0.3141224 0.007403492 0.3141224 0.007403492 0.2662731 0.3300427 0.3141224 0.5073828 0.3141224 0.5073828 0.2662731 0.5073828 0.3619717 0.2342552 0.368245 0.2342552 0.2602955 0.5073828 0.3141224 0.1914418 0.3141224 0.1914418 0.3619717 0.5073828 0.3141224 0.1914418 0.3141224 0.1914418 0.3619717 0.002922236 0.3619717 0.2342552 0.368245 0.2342552 0.2602955 0.006629884 0.461821 0.2342552 0.461821 0.2342552 0.5697705 0.1914418 0.5634972 0.007403492 0.5634972 0.007403492 0.5156479 0.2342552 0.5697705 0.2342552 0.461821 0.006629884 0.461821 0.5073828 0.5634972 0.1914418 0.5634972 0.1914418 0.5156479 0.01410228 0.5156468 0.01410228 0.5634956 0.3300427 0.5634972 0.01410228 0.467798 0.01410228 0.5156468 0.3300427 0.5156479 0.5073828 0.5156479 0.1914418 0.5156479 0.1914418 0.4677986 0.1914418 0.5156479 0.007403492 0.5156479 0.007403492 0.4677986 0.3300427 0.5156479 0.5073828 0.5156479 0.5073828 0.4677986 0.006629884 0.461821 0.2342552 0.461821 0.2342552 0.5697705 0.2342552 0.5697705 0.2342552 0.461821 0.006629884 0.461821 0.5073828 0.5634972 0.1914418 0.5634972 0.1914418 0.5156479 0.01410228 0.5156468 0.01410228 0.5634956 0.3300427 0.5634972 0.01410228 0.467798 0.01410228 0.5156468 0.3300427 0.5156479 0.5073828 0.5156479 0.1914418 0.5156479 0.1914418 0.4677986 0.1914418 0.5156479 0.007403492 0.5156479 0.007403492 0.4677986 0.3300427 0.5156479 0.5073828 0.5156479 0.5073828 0.4677986 0.006629884 0.461821 0.2342552 0.461821 0.2342552 0.5697705 0.3300427 0.5634972 0.5073828 0.5634972 0.5073828 0.5156479 0.2342552 0.5697705 0.2342552 0.461821 0.006629884 0.461821 0.5073828 0.5634972 0.1914418 0.5634972 0.1914418 0.5156479 0.01410228 0.5156468 0.01410228 0.5634956 0.3300427 0.5634972 0.01410228 0.467798 0.01410228 0.5156468 0.3300427 0.5156479 0.5073828 0.5156479 0.1914418 0.5156479 0.1914418 0.4677986 0.1914418 0.5156479 0.007403492 0.5156479 0.007403492 0.4677986 0.3300427 0.5156479 0.5073828 0.5156479 0.5073828 0.4677986 0.5073828 0.5156479 0.1914418 0.5156479 0.1914418 0.5634972 0.5073828 0.5156479 0.1914418 0.5156479 0.1914418 0.5634972 0.002922236 0.5634972 0.2342552 0.5697705 0.2342552 0.461821 0.006629884 0.2602955 0.2342552 0.2602955 0.2342552 0.368245 0.1914418 0.3619717 0.007403492 0.3619717 0.007403492 0.3141224 0.2342552 0.368245 0.2342552 0.2602955 0.006629884 0.2602955 0.5073828 0.3619717 0.1914418 0.3619717 0.1914418 0.3141224 0.01410228 0.3141213 0.01410228 0.3619701 0.3300427 0.3619717 0.01410228 0.2662725 0.01410228 0.3141213 0.3300427 0.3141224 0.5073828 0.3141224 0.1914418 0.3141224 0.1914418 0.2662731 0.1914418 0.3141224 0.007403492 0.3141224 0.007403492 0.2662731 0.3300427 0.3141224 0.5073828 0.3141224 0.5073828 0.2662731 0.006629884 0.2602955 0.2342552 0.2602955 0.2342552 0.368245 0.2342552 0.368245 0.2342552 0.2602955 0.006629884 0.2602955 0.5073828 0.3619717 0.1914418 0.3619717 0.1914418 0.3141224 0.01410228 0.3141213 0.01410228 0.3619701 0.3300427 0.3619717 0.01410228 0.2662725 0.01410228 0.3141213 0.3300427 0.3141224 0.5073828 0.3141224 0.1914418 0.3141224 0.1914418 0.2662731 0.1914418 0.3141224 0.007403492 0.3141224 0.007403492 0.2662731 0.3300427 0.3141224 0.5073828 0.3141224 0.5073828 0.2662731 0.006629884 0.2602955 0.2342552 0.2602955 0.2342552 0.368245 0.3300427 0.3619717 0.5073828 0.3619717 0.5073828 0.3141224 0.2342552 0.368245 0.2342552 0.2602955 0.006629884 0.2602955 0.5073828 0.3619717 0.1914418 0.3619717 0.1914418 0.3141224 0.01410228 0.3141213 0.01410228 0.3619701 0.3300427 0.3619717 0.01410228 0.2662725 0.01410228 0.3141213 0.3300427 0.3141224 0.5073828 0.3141224 0.1914418 0.3141224 0.1914418 0.2662731 0.1914418 0.3141224 0.007403492 0.3141224 0.007403492 0.2662731 0.3300427 0.3141224 0.5073828 0.3141224 0.5073828 0.2662731 0.2342552 0.2602955 0.01410228 0.3141213 0.3300427 0.3141224 0.5073828 0.3141224 0.1914418 0.3141224 0.1914418 0.3619717 0.002922236 0.3619717 0.2342552 0.368245 0.2342552 0.2602955 0.006771445 0.2546206 0.01410228 0.3141213 0.242152 0.3160755 0.006629884 0.368245 0.2342552 0.368245 0.2342552 0.2602955 0.006629884 0.461821 0.2342552 0.461821 0.2342552 0.5697705 0.1914418 0.5634972 0.007403492 0.5634972 0.007403492 0.5156479 0.2342552 0.5697705 0.2342552 0.461821 0.006629884 0.461821 0.5073828 0.5634972 0.1914418 0.5634972 0.1914418 0.5156479 0.01410228 0.5156468 0.01410228 0.5634956 0.3300427 0.5634972 0.01410228 0.467798 0.01410228 0.5156468 0.3300427 0.5156479 0.5073828 0.5156479 0.1914418 0.5156479 0.1914418 0.4677986 0.1914418 0.5156479 0.007403492 0.5156479 0.007403492 0.4677986 0.3300427 0.5156479 0.5073828 0.5156479 0.5073828 0.4677986 0.006629884 0.461821 0.2342552 0.461821 0.2342552 0.5697705 0.2342552 0.5697705 0.2342552 0.461821 0.006629884 0.461821 0.5073828 0.5634972 0.1914418 0.5634972 0.1914418 0.5156479 0.01410228 0.5156468 0.01410228 0.5634956 0.3300427 0.5634972 0.01410228 0.467798 0.01410228 0.5156468 0.3300427 0.5156479 0.5073828 0.5156479 0.1914418 0.5156479 0.1914418 0.4677986 0.1914418 0.5156479 0.007403492 0.5156479 0.007403492 0.4677986 0.3300427 0.5156479 0.5073828 0.5156479 0.5073828 0.4677986 0.006629884 0.461821 0.2342552 0.461821 0.2342552 0.5697705 0.3300427 0.5634972 0.5073828 0.5634972 0.5073828 0.5156479 0.2342552 0.5697705 0.2342552 0.461821 0.006629884 0.461821 0.5073828 0.5634972 0.1914418 0.5634972 0.1914418 0.5156479 0.01410228 0.5156468 0.01410228 0.5634956 0.3300427 0.5634972 0.01410228 0.467798 0.01410228 0.5156468 0.3300427 0.5156479 0.5073828 0.5156479 0.1914418 0.5156479 0.1914418 0.4677986 0.1914418 0.5156479 0.007403492 0.5156479 0.007403492 0.4677986 0.3300427 0.5156479 0.5073828 0.5156479 0.5073828 0.4677986 0.5073828 0.5156479 0.1914418 0.5156479 0.1914418 0.5634972 0.002922236 0.5634972 0.2342552 0.5697705 0.2342552 0.461821 0.01410228 0.5634956 0.01410228 0.5156468 0.3300427 0.5156479 0.01260936 0.460502 0.01410228 0.5156468 0.2441051 0.5215073 0.2342552 0.2602955 0.2342552 0.368245 0.006629884 0.368245 0.1914418 0.3619717 0.007403492 0.3619717 0.007403492 0.3141224 0.2342552 0.2602955 0.006629884 0.2602955 0.006629884 0.368245 0.5073828 0.3619717 0.1914418 0.3619717 0.1914418 0.3141224 0.01410228 0.3141213 0.01410228 0.3619701 0.3300427 0.3619717 0.01410228 0.2662725 0.01410228 0.3141213 0.3300427 0.3141224 0.5073828 0.3141224 0.1914418 0.3141224 0.1914418 0.2662731 0.1914418 0.3141224 0.007403492 0.3141224 0.007403492 0.2662731 0.3300427 0.3141224 0.5073828 0.3141224 0.5073828 0.2662731 0.2342552 0.2602955 0.2342552 0.368245 0.006629884 0.368245 0.2342552 0.2602955 0.006629884 0.2602955 0.006629884 0.368245 0.5073828 0.3619717 0.1914418 0.3619717 0.1914418 0.3141224 0.01410228 0.3141213 0.01410228 0.3619701 0.3300427 0.3619717 0.01410228 0.2662725 0.01410228 0.3141213 0.3300427 0.3141224 0.5073828 0.3141224 0.1914418 0.3141224 0.1914418 0.2662731 0.1914418 0.3141224 0.007403492 0.3141224 0.007403492 0.2662731 0.3300427 0.3141224 0.5073828 0.3141224 0.5073828 0.2662731 0.2342552 0.2602955 0.2342552 0.368245 0.006629884 0.368245 0.3300427 0.3619717 0.5073828 0.3619717 0.5073828 0.3141224 0.2342552 0.2602955 0.006629884 0.2602955 0.006629884 0.368245 0.5073828 0.3619717 0.1914418 0.3619717 0.1914418 0.3141224 0.01410228 0.3141213 0.01410228 0.3619701 0.3300427 0.3619717 0.01410228 0.2662725 0.01410228 0.3141213 0.3300427 0.3141224 0.5073828 0.3141224 0.1914418 0.3141224 0.1914418 0.2662731 0.1914418 0.3141224 0.007403492 0.3141224 0.007403492 0.2662731 0.3300427 0.3141224 0.5073828 0.3141224 0.5073828 0.2662731 0.01410228 0.3619701 0.01410228 0.3141213 0.3300427 0.3141224 0.01410228 0.3619701 0.01410228 0.3141213 0.3300427 0.3141224 0.006629884 0.368245 0.2342552 0.368245 0.01410228 0.3619701 0.006629884 0.368245 0.2342552 0.368245 0.01410228 0.3619701 0.2342552 0.461821 0.2342552 0.5697705 0.006629884 0.5697705 0.1914418 0.5634972 0.007403492 0.5634972 0.007403492 0.5156479 0.2342552 0.461821 0.006629884 0.461821 0.006629884 0.5697705 0.5073828 0.5634972 0.1914418 0.5634972 0.1914418 0.5156479 0.01410228 0.5156468 0.01410228 0.5634956 0.3300427 0.5634972 0.01410228 0.467798 0.01410228 0.5156468 0.3300427 0.5156479 0.5073828 0.5156479 0.1914418 0.5156479 0.1914418 0.4677986 0.1914418 0.5156479 0.007403492 0.5156479 0.007403492 0.4677986 0.3300427 0.5156479 0.5073828 0.5156479 0.5073828 0.4677986 0.2342552 0.461821 0.2342552 0.5697705 0.006629884 0.5697705 0.2342552 0.461821 0.006629884 0.461821 0.006629884 0.5697705 0.5073828 0.5634972 0.1914418 0.5634972 0.1914418 0.5156479 0.01410228 0.5156468 0.01410228 0.5634956 0.3300427 0.5634972 0.01410228 0.467798 0.01410228 0.5156468 0.3300427 0.5156479 0.5073828 0.5156479 0.1914418 0.5156479 0.1914418 0.4677986 0.1914418 0.5156479 0.007403492 0.5156479 0.007403492 0.4677986 0.3300427 0.5156479 0.5073828 0.5156479 0.5073828 0.4677986 0.2342552 0.461821 0.2342552 0.5697705 0.006629884 0.5697705 0.3300427 0.5634972 0.5073828 0.5634972 0.5073828 0.5156479 0.2342552 0.461821 0.006629884 0.461821 0.006629884 0.5697705 0.5073828 0.5634972 0.1914418 0.5634972 0.1914418 0.5156479 0.01410228 0.5156468 0.01410228 0.5634956 0.3300427 0.5634972 0.01410228 0.467798 0.01410228 0.5156468 0.3300427 0.5156479 0.5073828 0.5156479 0.1914418 0.5156479 0.1914418 0.4677986 0.1914418 0.5156479 0.007403492 0.5156479 0.007403492 0.4677986 0.3300427 0.5156479 0.5073828 0.5156479 0.5073828 0.4677986 0.01410228 0.5634956 0.01410228 0.5156468 0.3300427 0.5156479 0.01410228 0.5634956 0.01410228 0.5156468 0.3300427 0.5156479 0.236193 0.4993671 0.236193 0.6073166 0.00856769 0.6073166 0.08896821 0.6017571 0.1221401 0.6017571 0.1221401 0.5833755 0.04802978 0.6017571 0.001958966 0.6017571 0.001958966 0.5833755 0.236193 0.4993671 0.00856769 0.4993671 0.00856769 0.6073166 0.1221401 0.6017571 0.04802978 0.6017571 0.04802978 0.5833755 0.008657693 0.5833753 0.008657693 0.6017568 0.08896821 0.6017571 0.7641192 0.1912049 0.7641192 0.02812159 0.5262231 0.02812159 0.2342552 0.3142703 0.2342552 0.368245 0.006629884 0.368245 0.4113304 0.3626855 0.5000005 0.3626855 0.5000005 0.3443039 0.09204035 0.3626855 2.12374e-5 0.3626855 2.12374e-5 0.3443039 0.2342552 0.2602955 0.006629884 0.2602955 0.006629884 0.3142703 0.5000005 0.3626855 0.1840595 0.3626855 0.1840595 0.3443039 0.006719887 0.3443038 0.006719887 0.3626852 0.3226603 0.3626855 0.236193 0.5533419 0.236193 0.6073166 0.00856769 0.6073166 0.4132682 0.6017571 0.5019382 0.6017571 0.5019382 0.5833755 0.0939781 0.6017571 0.001958966 0.6017571 0.001958966 0.5833755 0.236193 0.4993671 0.00856769 0.4993671 0.00856769 0.5533418 0.5019382 0.6017571 0.1859972 0.6017571 0.1859972 0.5833755 0.008657693 0.5833753 0.008657693 0.6017568 0.324598 0.6017571 0.236193 0.5533419 0.00856769 0.5533418 0.00856769 0.6073166 0.1859972 0.6017571 0.0939781 0.6017571 0.0939781 0.5833755 0.324598 0.6017571 0.4132682 0.6017571 0.4132682 0.5833755 0.236193 0.4993671 0.236193 0.5533419 0.00856769 0.5533418 0.2342552 0.3142703 0.006629884 0.3142703 0.006629884 0.368245 0.1840595 0.3626855 0.09204035 0.3626855 0.09204035 0.3443039 0.3226603 0.3626855 0.4113304 0.3626855 0.4113304 0.3443039 0.2342552 0.2602955 0.2342552 0.3142703 0.006629884 0.3142703 0.236193 0.4993671 0.236193 0.6073166 0.00856769 0.6073166 0.08896821 0.6017571 0.1221401 0.6017571 0.1221401 0.5833755 0.04802978 0.6017571 0.001958966 0.6017571 0.001958966 0.5833755 0.236193 0.4993671 0.00856769 0.4993671 0.00856769 0.6073166 0.1221401 0.6017571 0.04802978 0.6017571 0.04802978 0.5833755 0.008657693 0.5833753 0.008657693 0.6017568 0.08896821 0.6017571 0.236193 0.4993671 0.236193 0.6073166 0.00856769 0.6073166 0.08896821 0.6017571 0.1221401 0.6017571 0.1221401 0.5833755 0.04802978 0.6017571 0.001958966 0.6017571 0.001958966 0.5833755 0.236193 0.4993671 0.00856769 0.4993671 0.00856769 0.6073166 0.1221401 0.6017571 0.04802978 0.6017571 0.04802978 0.5833755 0.008657693 0.5833753 0.008657693 0.6017568 0.08896821 0.6017571 0.236193 0.4993671 0.236193 0.6073166 0.00856769 0.6073166 0.08896821 0.6017571 0.1221401 0.6017571 0.1221401 0.5833755 0.04802978 0.6017571 0.001958966 0.6017571 0.001958966 0.5833755 0.236193 0.4993671 0.00856769 0.4993671 0.00856769 0.6073166 0.1221401 0.6017571 0.04802978 0.6017571 0.04802978 0.5833755 0.008657693 0.5833753 0.008657693 0.6017568 0.08896821 0.6017571 0.236193 0.4993671 0.236193 0.6073166 0.00856769 0.6073166 0.08896821 0.6017571 0.1221401 0.6017571 0.1221401 0.5833755 0.04802978 0.6017571 0.001958966 0.6017571 0.001958966 0.5833755 0.236193 0.4993671 0.00856769 0.4993671 0.00856769 0.6073166 0.1221401 0.6017571 0.04802978 0.6017571 0.04802978 0.5833755 0.008657693 0.5833753 0.008657693 0.6017568 0.08896821 0.6017571 0.236193 0.4993671 0.236193 0.6073166 0.00856769 0.6073166 0.08896821 0.6017571 0.1221401 0.6017571 0.1221401 0.5833755 0.04802978 0.6017571 0.001958966 0.6017571 0.001958966 0.5833755 0.236193 0.4993671 0.00856769 0.4993671 0.00856769 0.6073166 0.1221401 0.6017571 0.04802978 0.6017571 0.04802978 0.5833755 0.008657693 0.5833753 0.008657693 0.6017568 0.08896821 0.6017571 0.236193 0.4993671 0.236193 0.6073166 0.00856769 0.6073166 0.08896821 0.6017571 0.1221401 0.6017571 0.1221401 0.5833755 0.04802978 0.6017571 0.001958966 0.6017571 0.001958966 0.5833755 0.236193 0.4993671 0.00856769 0.4993671 0.00856769 0.6073166 0.1221401 0.6017571 0.04802978 0.6017571 0.04802978 0.5833755 0.008657693 0.5833753 0.008657693 0.6017568 0.08896821 0.6017571 0.236193 0.4993671 0.236193 0.6073166 0.00856769 0.6073166 0.08896821 0.6017571 0.1221401 0.6017571 0.1221401 0.5833755 0.04802978 0.6017571 0.001958966 0.6017571 0.001958966 0.5833755 0.236193 0.4993671 0.00856769 0.4993671 0.00856769 0.6073166 0.1221401 0.6017571 0.04802978 0.6017571 0.04802978 0.5833755 0.008657693 0.5833753 0.008657693 0.6017568 0.08896821 0.6017571 0.236193 0.4993671 0.236193 0.6073166 0.00856769 0.6073166 0.08896821 0.6017571 0.1221401 0.6017571 0.1221401 0.5833755 0.04802978 0.6017571 0.001958966 0.6017571 0.001958966 0.5833755 0.236193 0.4993671 0.00856769 0.4993671 0.00856769 0.6073166 0.1221401 0.6017571 0.04802978 0.6017571 0.04802978 0.5833755 0.008657693 0.5833753 0.008657693 0.6017568 0.08896821 0.6017571 0.236193 0.4993671 0.236193 0.6073166 0.00856769 0.6073166 0.08896821 0.6017571 0.1221401 0.6017571 0.1221401 0.5833755 0.04802978 0.6017571 0.001958966 0.6017571 0.001958966 0.5833755 0.236193 0.4993671 0.00856769 0.4993671 0.00856769 0.6073166 0.1221401 0.6017571 0.04802978 0.6017571 0.04802978 0.5833755 0.008657693 0.5833753 0.008657693 0.6017568 0.08896821 0.6017571 0.236193 0.4993671 0.236193 0.6073166 0.00856769 0.6073166 0.08896821 0.6017571 0.1221401 0.6017571 0.1221401 0.5833755 0.04802978 0.6017571 0.001958966 0.6017571 0.001958966 0.5833755 0.236193 0.4993671 0.00856769 0.4993671 0.00856769 0.6073166 0.1221401 0.6017571 0.04802978 0.6017571 0.04802978 0.5833755 0.008657693 0.5833753 0.008657693 0.6017568 0.08896821 0.6017571 0.236193 0.4993671 0.236193 0.6073166 0.00856769 0.6073166 0.08896821 0.6017571 0.1221401 0.6017571 0.1221401 0.5833755 0.04802978 0.6017571 0.001958966 0.6017571 0.001958966 0.5833755 0.236193 0.4993671 0.00856769 0.4993671 0.00856769 0.6073166 0.1221401 0.6017571 0.04802978 0.6017571 0.04802978 0.5833755 0.008657693 0.5833753 0.008657693 0.6017568 0.08896821 0.6017571 0.236193 0.4993671 0.236193 0.6073166 0.00856769 0.6073166 0.08896821 0.6017571 0.1221401 0.6017571 0.1221401 0.5833755 0.04802978 0.6017571 0.001958966 0.6017571 0.001958966 0.5833755 0.236193 0.4993671 0.00856769 0.4993671 0.00856769 0.6073166 0.1221401 0.6017571 0.04802978 0.6017571 0.04802978 0.5833755 0.008657693 0.5833753 0.008657693 0.6017568 0.08896821 0.6017571 0.8494484 0.1461875 0.8494484 0.1681861 0.8281964 0.1681861 0.9302173 0.2741772 0.9304896 0.2705342 0.8778172 0.2708193 0.9299077 0.2783132 0.9292228 0.2874646 0.876551 0.2877498 0.8494484 0.1461875 0.8281964 0.1461875 0.8281964 0.1681861 0.9304896 0.2705342 0.9299077 0.2783132 0.8772354 0.2785984 0.8768201 0.284145 0.9294924 0.2838598 0.9302173 0.2741772 0.8494484 0.1461875 0.8494484 0.1681861 0.8281964 0.1681861 0.9302173 0.2741772 0.9304896 0.2705342 0.8778172 0.2708193 0.9299077 0.2783132 0.9292228 0.2874646 0.876551 0.2877498 0.8494484 0.1461875 0.8281964 0.1461875 0.8281964 0.1681861 0.9304896 0.2705342 0.9299077 0.2783132 0.8772354 0.2785984 0.8768201 0.284145 0.9294924 0.2838598 0.9302173 0.2741772 0.8494484 0.1461875 0.8494484 0.1681861 0.8281964 0.1681861 0.9302173 0.2741772 0.9304896 0.2705342 0.8778172 0.2708193 0.8772354 0.2785984 0.9299077 0.2783132 0.9292228 0.2874646 0.8494484 0.1461875 0.8281964 0.1461875 0.8281964 0.1681861 0.9304896 0.2705342 0.9299077 0.2783132 0.8772354 0.2785984 0.8768201 0.284145 0.9294924 0.2838598 0.9302173 0.2741772 0.8494484 0.1461875 0.8494484 0.1681861 0.8281964 0.1681861 0.9302173 0.2741772 0.9304896 0.2705342 0.8778172 0.2708193 0.8772354 0.2785984 0.9299077 0.2783132 0.9292228 0.2874646 0.8494484 0.1461875 0.8281964 0.1461875 0.8281964 0.1681861 0.9304896 0.2705342 0.9299077 0.2783132 0.8772354 0.2785984 0.8768201 0.284145 0.9294924 0.2838598 0.9302173 0.2741772 0.8494484 0.1461875 0.8494484 0.1681861 0.8281964 0.1681861 0.9302173 0.2741772 0.9304896 0.2705342 0.8778172 0.2708193 0.8772354 0.2785984 0.9299077 0.2783132 0.9292228 0.2874646 0.8494484 0.1461875 0.8281964 0.1461875 0.8281964 0.1681861 0.9304896 0.2705342 0.9299077 0.2783132 0.8772354 0.2785984 0.8768201 0.284145 0.9294924 0.2838598 0.9302173 0.2741772 0.8494484 0.1461875 0.8494484 0.1681861 0.8281964 0.1681861 0.9302173 0.2741772 0.9304896 0.2705342 0.8778172 0.2708193 0.8772354 0.2785984 0.9299077 0.2783132 0.9292228 0.2874646 0.8494484 0.1461875 0.8281964 0.1461875 0.8281964 0.1681861 0.9304896 0.2705342 0.9299077 0.2783132 0.8772354 0.2785984 0.8768201 0.284145 0.9294924 0.2838598 0.9302173 0.2741772 0.8494484 0.1461875 0.8494484 0.1681861 0.8281964 0.1681861 0.9302173 0.2741772 0.9304896 0.2705342 0.8778172 0.2708193 0.8772354 0.2785984 0.9299077 0.2783132 0.9292228 0.2874646 0.8494484 0.1461875 0.8281964 0.1461875 0.8281964 0.1681861 0.9304896 0.2705342 0.9299077 0.2783132 0.8772354 0.2785984 0.8768201 0.284145 0.9294924 0.2838598 0.9302173 0.2741772 0.8494484 0.1461875 0.8494484 0.1681861 0.8281964 0.1681861 0.9302173 0.2741772 0.9304896 0.2705342 0.8778172 0.2708193 0.8772354 0.2785984 0.9299077 0.2783132 0.9292228 0.2874646 0.8494484 0.1461875 0.8281964 0.1461875 0.8281964 0.1681861 0.9304896 0.2705342 0.9299077 0.2783132 0.8772354 0.2785984 0.8768201 0.284145 0.9294924 0.2838598 0.9302173 0.2741772 0.8494484 0.1461875 0.8494484 0.1681861 0.8281964 0.1681861 0.9302173 0.2741772 0.9304896 0.2705342 0.8778172 0.2708193 0.8772354 0.2785984 0.9299077 0.2783132 0.9292228 0.2874646 0.8494484 0.1461875 0.8281964 0.1461875 0.8281964 0.1681861 0.9304896 0.2705342 0.9299077 0.2783132 0.8772354 0.2785984 0.8768201 0.284145 0.9294924 0.2838598 0.9302173 0.2741772 0.8494484 0.1461875 0.8494484 0.1681861 0.8281964 0.1681861 0.9302173 0.2741772 0.9304896 0.2705342 0.8778172 0.2708193 0.8772354 0.2785984 0.9299077 0.2783132 0.9292228 0.2874646 0.8494484 0.1461875 0.8281964 0.1461875 0.8281964 0.1681861 0.9304896 0.2705342 0.9299077 0.2783132 0.8772354 0.2785984 0.8768201 0.284145 0.9294924 0.2838598 0.9302173 0.2741772 0.8494484 0.1461875 0.8494484 0.1681861 0.8281964 0.1681861 0.9302173 0.2741772 0.9304896 0.2705342 0.8778172 0.2708193 0.8772354 0.2785984 0.9299077 0.2783132 0.9292228 0.2874646 0.8494484 0.1461875 0.8281964 0.1461875 0.8281964 0.1681861 0.9304896 0.2705342 0.9299077 0.2783132 0.8772354 0.2785984 0.8768201 0.284145 0.9294924 0.2838598 0.9302173 0.2741772 0.8494484 0.1461875 0.8494484 0.1681861 0.8281964 0.1681861 0.9302173 0.2741772 0.9304896 0.2705342 0.8778172 0.2708193 0.8772354 0.2785984 0.9299077 0.2783132 0.9292228 0.2874646 0.8494484 0.1461875 0.8281964 0.1461875 0.8281964 0.1681861 0.9304896 0.2705342 0.9299077 0.2783132 0.8772354 0.2785984 0.8768201 0.284145 0.9294924 0.2838598 0.9302173 0.2741772</float_array>
          <technique_common>
            <accessor source="#Cube_537-mesh-map-0-array" count="2652" stride="2">
              <param name="S" type="float"/>
              <param name="T" type="float"/>
            </accessor>
          </technique_common>
        </source>
        <source id="Cube_537-mesh-map-1">
          <float_array id="Cube_537-mesh-map-1-array" count="5304">0.5092551 7.45066e-5 0.5092551 0.1315536 0.432739 7.45279e-5 0.5092551 0.1315536 0.432739 0.1315536 0.432739 7.45279e-5 0.51933 0.6689684 0.51933 0.7454572 0.5160288 0.6689493 0.51933 0.7454572 0.5160288 0.7454382 0.5160288 0.6689493 0.3321133 0.3408545 0.3321133 0.472177 0.3288146 0.3408352 0.3321133 0.472177 0.3288146 0.4721576 0.3288146 0.3408352 0.5199822 0.2546246 0.5199822 0.3312121 0.5166802 0.2546246 0.509404 7.45137e-5 0.5859201 7.45066e-5 0.509404 0.1315536 0.5199822 0.3312121 0.5166802 0.3312121 0.5166802 0.2546246 0.5859201 7.45066e-5 0.5859201 0.1315536 0.509404 0.1315536 0.1814141 0.7739611 0.178121 0.7739843 0.178121 0.642688 0.1814141 0.6426647 0.1814141 0.7739611 0.178121 0.642688 0.5859201 0.1315536 0.509404 7.45137e-5 0.5859201 7.45066e-5 0.5166802 0.3312121 0.5199822 0.2546246 0.5199822 0.3312121 0.5160288 0.7454382 0.51933 0.6689684 0.51933 0.7454572 0.432739 0.1315536 0.5092551 7.45066e-5 0.5092551 0.1315536 0.3288146 0.4721576 0.3321133 0.3408545 0.3321133 0.472177 0.1814141 0.7739611 0.178121 0.642688 0.1814141 0.6426647 0.5859201 0.1315536 0.509404 7.45137e-5 0.5859201 7.45066e-5 0.5160288 0.7454382 0.5176794 0.6689589 0.5176794 0.7454478 0.432739 0.1315536 0.5092551 7.45066e-5 0.5092551 0.1315536 0.3288146 0.4721576 0.330464 0.3408449 0.330464 0.4721673 0.1797675 0.7739728 0.178121 0.642688 0.1797675 0.6426764 0.1814141 0.7739611 0.1797675 0.6426764 0.1814141 0.6426647 0.330464 0.4721673 0.3321133 0.3408545 0.3321133 0.472177 0.5176794 0.7454478 0.51933 0.6689684 0.51933 0.7454572 0.5183312 0.3312121 0.5199822 0.2546246 0.5199822 0.3312121 0.5859201 0.1315536 0.509404 7.45137e-5 0.5859201 7.45066e-5 0.432739 0.1315536 0.5092551 7.45066e-5 0.5092551 0.1315536 0.3288146 0.4721576 0.330464 0.3408449 0.330464 0.4721673 0.1797675 0.7739728 0.178121 0.642688 0.1797675 0.6426764 0.1814141 0.7739611 0.1797675 0.6426764 0.1814141 0.6426647 0.330464 0.4721673 0.3321133 0.3408545 0.3321133 0.472177 0.5176794 0.7454478 0.51933 0.6689684 0.51933 0.7454572 0.5183312 0.3312121 0.5199822 0.2546246 0.5199822 0.3312121 0.5859201 0.1315536 0.509404 7.45137e-5 0.5859201 7.45066e-5 0.5166802 0.3312121 0.5183312 0.2546246 0.5183312 0.3312121 0.432739 0.1315536 0.5092551 7.45066e-5 0.5092551 0.1315536 0.3288146 0.4721576 0.330464 0.3408449 0.330464 0.4721673 0.1797675 0.7739728 0.178121 0.642688 0.1797675 0.6426764 0.1814141 0.7739611 0.1797675 0.6426764 0.1814141 0.6426647 0.330464 0.4721673 0.3321133 0.3408545 0.3321133 0.472177 0.5176794 0.7454478 0.51933 0.6689684 0.51933 0.7454572 0.5183312 0.3312121 0.5199822 0.2546246 0.5199822 0.3312121 0.509404 7.45137e-5 0.5859201 0.1315536 0.5859201 7.45066e-5 0.330464 0.4721673 0.509404 0.1315536 0.509404 7.45137e-5 0.330464 0.4721673 0.3288146 0.3408352 0.3288146 0.4721576 0.3288146 0.4721576 0.5859201 0.1315536 0.5859201 7.45066e-5 0.5092551 7.45066e-5 0.5092551 0.1315536 0.432739 7.45279e-5 0.5092551 0.1315536 0.432739 0.1315536 0.432739 7.45279e-5 0.51933 0.6689684 0.51933 0.7454572 0.5160288 0.6689493 0.51933 0.7454572 0.5160288 0.7454382 0.5160288 0.6689493 0.3321133 0.3408545 0.3321133 0.472177 0.3288146 0.3408352 0.3321133 0.472177 0.3288146 0.4721576 0.3288146 0.3408352 0.5199822 0.2546246 0.5199822 0.3312121 0.5166802 0.2546246 0.509404 7.45137e-5 0.5859201 7.45066e-5 0.509404 0.1315536 0.5199822 0.3312121 0.5166802 0.3312121 0.5166802 0.2546246 0.5859201 7.45066e-5 0.5859201 0.1315536 0.509404 0.1315536 0.1814141 0.7739611 0.178121 0.7739843 0.178121 0.642688 0.1814141 0.6426647 0.1814141 0.7739611 0.178121 0.642688 0.5692628 0.3325313 0.5692629 0.2643207 0.5958116 0.3326849 0.5692629 0.2643207 0.5958116 0.2644743 0.5958116 0.3326849 0.4808101 0.6337122 0.5073388 0.6338683 0.5073388 0.75885 0.48081 0.7586939 0.4808101 0.6337122 0.5073388 0.75885 0.5959604 0.2643207 0.6225156 0.2643207 0.6225156 0.3326193 0.5959604 0.3326193 0.5959604 0.2643207 0.6225156 0.3326193 0.0875563 0.6428521 0.1140397 0.6426647 0.1140397 0.7676216 0.0875563 0.7678089 0.0875563 0.6428521 0.1140397 0.7676216 0.1754339 0.5243809 0.1211782 0.5243809 0.1824234 0.5173849 0.1754339 0.5243809 0.1824234 0.5173849 0.1824234 0.6425157 0.1211782 0.5243809 0.1141886 0.5173849 0.1824234 0.5173849 0.1211782 0.5243809 0.1211782 0.6355196 0.1141886 0.5173849 0.6596404 0.8190695 0.6596404 0.7080854 0.6632171 0.8190442 0.6596404 0.7080854 0.6632171 0.70806 0.6632171 0.8190442 0.3158786 0.9253267 0.3158786 0.9795632 0.3122931 0.925306 0.1141886 0.6425157 0.1211782 0.6355196 0.1824234 0.6425157 0.1211782 0.6355196 0.1754339 0.6355196 0.1824234 0.6425157 0.178837 0.978974 0.178837 0.9246676 0.1824234 0.978974 0.1211782 0.6355196 0.1141886 0.6425157 0.1141886 0.5173849 0.178837 0.9246676 0.1824234 0.9246676 0.1824234 0.978974 0.425735 0.5141926 0.4293179 0.5142137 0.4293178 0.62522 0.425735 0.6251989 0.425735 0.5141926 0.4293178 0.62522 0.3158786 0.9795632 0.3122931 0.9795424 0.3122931 0.925306 0.1754339 0.6355196 0.1754339 0.5243809 0.1824234 0.6425157 0.5859201 0.1315536 0.509404 7.45137e-5 0.5859201 7.45066e-5 0.5160288 0.7454382 0.5176794 0.6689589 0.5176794 0.7454478 0.432739 0.1315536 0.5092551 7.45066e-5 0.5092551 0.1315536 0.3288146 0.4721576 0.330464 0.3408449 0.330464 0.4721673 0.1797675 0.7739728 0.178121 0.642688 0.1797675 0.6426764 0.1814141 0.7739611 0.1797675 0.6426764 0.1814141 0.6426647 0.330464 0.4721673 0.3321133 0.3408545 0.3321133 0.472177 0.5176794 0.7454478 0.51933 0.6689684 0.51933 0.7454572 0.5183312 0.3312121 0.5199822 0.2546246 0.5199822 0.3312121 0.5859201 0.1315536 0.509404 7.45137e-5 0.5859201 7.45066e-5 0.432739 0.1315536 0.5092551 7.45066e-5 0.5092551 0.1315536 0.3288146 0.4721576 0.330464 0.3408449 0.330464 0.4721673 0.1797675 0.7739728 0.178121 0.642688 0.1797675 0.6426764 0.1814141 0.7739611 0.1797675 0.6426764 0.1814141 0.6426647 0.330464 0.4721673 0.3321133 0.3408545 0.3321133 0.472177 0.5176794 0.7454478 0.51933 0.6689684 0.51933 0.7454572 0.5183312 0.3312121 0.5199822 0.2546246 0.5199822 0.3312121 0.5859201 0.1315536 0.509404 7.45137e-5 0.5859201 7.45066e-5 0.5166802 0.3312121 0.5183312 0.2546246 0.5183312 0.3312121 0.432739 0.1315536 0.5092551 7.45066e-5 0.5092551 0.1315536 0.3288146 0.4721576 0.330464 0.3408449 0.330464 0.4721673 0.1797675 0.7739728 0.178121 0.642688 0.1797675 0.6426764 0.1814141 0.7739611 0.1797675 0.6426764 0.1814141 0.6426647 0.330464 0.4721673 0.3321133 0.3408545 0.3321133 0.472177 0.5176794 0.7454478 0.51933 0.6689684 0.51933 0.7454572 0.5183312 0.3312121 0.5199822 0.2546246 0.5199822 0.3312121 0.330464 0.4721673 0.3288146 0.3408352 0.3288146 0.4721576 0.330464 0.4721673 0.3288146 0.3408352 0.3288146 0.4721576 0.5859201 7.45066e-5 0.509404 0.1315536 0.509404 7.45137e-5 0.5160288 0.7454382 0.5176794 0.6689589 0.5176794 0.7454478 0.5092551 0.1315536 0.432739 7.45279e-5 0.5092551 7.45066e-5 0.3288146 0.4721576 0.330464 0.3408449 0.330464 0.4721673 0.1797675 0.7739728 0.178121 0.642688 0.1797675 0.6426764 0.1814141 0.7739611 0.1797675 0.6426764 0.1814141 0.6426647 0.330464 0.4721673 0.3321133 0.3408545 0.3321133 0.472177 0.5176794 0.7454478 0.51933 0.6689684 0.51933 0.7454572 0.5183312 0.3312121 0.5199822 0.2546246 0.5199822 0.3312121 0.5859201 7.45066e-5 0.509404 0.1315536 0.509404 7.45137e-5 0.5092551 0.1315536 0.432739 7.45279e-5 0.5092551 7.45066e-5 0.3288146 0.4721576 0.330464 0.3408449 0.330464 0.4721673 0.1797675 0.7739728 0.178121 0.642688 0.1797675 0.6426764 0.1814141 0.7739611 0.1797675 0.6426764 0.1814141 0.6426647 0.330464 0.4721673 0.3321133 0.3408545 0.3321133 0.472177 0.5176794 0.7454478 0.51933 0.6689684 0.51933 0.7454572 0.5183312 0.3312121 0.5199822 0.2546246 0.5199822 0.3312121 0.5859201 7.45066e-5 0.509404 0.1315536 0.509404 7.45137e-5 0.5166802 0.3312121 0.5183312 0.2546246 0.5183312 0.3312121 0.5092551 0.1315536 0.432739 7.45279e-5 0.5092551 7.45066e-5 0.3288146 0.4721576 0.330464 0.3408449 0.330464 0.4721673 0.1797675 0.7739728 0.178121 0.642688 0.1797675 0.6426764 0.1814141 0.7739611 0.1797675 0.6426764 0.1814141 0.6426647 0.330464 0.4721673 0.3321133 0.3408545 0.3321133 0.472177 0.5176794 0.7454478 0.51933 0.6689684 0.51933 0.7454572 0.5183312 0.3312121 0.5199822 0.2546246 0.5199822 0.3312121 0.3288146 0.4721576 0.5859201 0.1315536 0.5859201 7.45066e-5 0.330464 0.4721673 0.3288146 0.3408352 0.3288146 0.4721576 0.330464 0.4721673 0.3288146 0.3408352 0.3288146 0.4721576 0.3288146 0.4721576 0.5859201 0.1315536 0.5859201 7.45066e-5 0.5859201 7.45066e-5 0.509404 0.1315536 0.509404 7.45137e-5 0.5160288 0.7454382 0.5176794 0.6689589 0.5176794 0.7454478 0.5092551 0.1315536 0.432739 7.45279e-5 0.5092551 7.45066e-5 0.3288146 0.4721576 0.330464 0.3408449 0.330464 0.4721673 0.1797675 0.7739728 0.178121 0.642688 0.1797675 0.6426764 0.1814141 0.7739611 0.1797675 0.6426764 0.1814141 0.6426647 0.330464 0.4721673 0.3321133 0.3408545 0.3321133 0.472177 0.5176794 0.7454478 0.51933 0.6689684 0.51933 0.7454572 0.5183312 0.3312121 0.5199822 0.2546246 0.5199822 0.3312121 0.5859201 7.45066e-5 0.509404 0.1315536 0.509404 7.45137e-5 0.5092551 0.1315536 0.432739 7.45279e-5 0.5092551 7.45066e-5 0.3288146 0.4721576 0.330464 0.3408449 0.330464 0.4721673 0.1797675 0.7739728 0.178121 0.642688 0.1797675 0.6426764 0.1814141 0.7739611 0.1797675 0.6426764 0.1814141 0.6426647 0.330464 0.4721673 0.3321133 0.3408545 0.3321133 0.472177 0.5176794 0.7454478 0.51933 0.6689684 0.51933 0.7454572 0.5183312 0.3312121 0.5199822 0.2546246 0.5199822 0.3312121 0.5859201 7.45066e-5 0.509404 0.1315536 0.509404 7.45137e-5 0.5166802 0.3312121 0.5183312 0.2546246 0.5183312 0.3312121 0.5092551 0.1315536 0.432739 7.45279e-5 0.5092551 7.45066e-5 0.3288146 0.4721576 0.330464 0.3408449 0.330464 0.4721673 0.1797675 0.7739728 0.178121 0.642688 0.1797675 0.6426764 0.1814141 0.7739611 0.1797675 0.6426764 0.1814141 0.6426647 0.330464 0.4721673 0.3321133 0.3408545 0.3321133 0.472177 0.5176794 0.7454478 0.51933 0.6689684 0.51933 0.7454572 0.5183312 0.3312121 0.5199822 0.2546246 0.5199822 0.3312121 0.330464 0.4721673 0.3288146 0.3408352 0.3288146 0.4721576 0.330464 0.4721673 0.3288146 0.3408352 0.3288146 0.4721576 0.3288146 0.4721576 0.5859201 0.1315536 0.5859201 7.45066e-5 0.5859201 7.45066e-5 0.509404 0.1315536 0.509404 7.45137e-5 0.5160288 0.7454382 0.5176794 0.6689589 0.5176794 0.7454478 0.5092551 0.1315536 0.432739 7.45279e-5 0.5092551 7.45066e-5 0.3288146 0.4721576 0.330464 0.3408449 0.330464 0.4721673 0.1797675 0.7739728 0.178121 0.642688 0.1797675 0.6426764 0.1814141 0.7739611 0.1797675 0.6426764 0.1814141 0.6426647 0.330464 0.4721673 0.3321133 0.3408545 0.3321133 0.472177 0.5176794 0.7454478 0.51933 0.6689684 0.51933 0.7454572 0.5183312 0.3312121 0.5199822 0.2546246 0.5199822 0.3312121 0.5859201 7.45066e-5 0.509404 0.1315536 0.509404 7.45137e-5 0.5092551 0.1315536 0.432739 7.45279e-5 0.5092551 7.45066e-5 0.3288146 0.4721576 0.330464 0.3408449 0.330464 0.4721673 0.1797675 0.7739728 0.178121 0.642688 0.1797675 0.6426764 0.1814141 0.7739611 0.1797675 0.6426764 0.1814141 0.6426647 0.330464 0.4721673 0.3321133 0.3408545 0.3321133 0.472177 0.5176794 0.7454478 0.51933 0.6689684 0.51933 0.7454572 0.5183312 0.3312121 0.5199822 0.2546246 0.5199822 0.3312121 0.5859201 7.45066e-5 0.509404 0.1315536 0.509404 7.45137e-5 0.5166802 0.3312121 0.5183312 0.2546246 0.5183312 0.3312121 0.5092551 0.1315536 0.432739 7.45279e-5 0.5092551 7.45066e-5 0.3288146 0.4721576 0.330464 0.3408449 0.330464 0.4721673 0.1797675 0.7739728 0.178121 0.642688 0.1797675 0.6426764 0.1814141 0.7739611 0.1797675 0.6426764 0.1814141 0.6426647 0.330464 0.4721673 0.3321133 0.3408545 0.3321133 0.472177 0.5176794 0.7454478 0.51933 0.6689684 0.51933 0.7454572 0.5183312 0.3312121 0.5199822 0.2546246 0.5199822 0.3312121 0.5859201 0.1315536 0.1797675 0.6426764 0.5859201 7.45066e-5 0.330464 0.4721673 0.3288146 0.3408352 0.3288146 0.4721576 0.3288146 0.4721576 0.5859201 0.1315536 0.5859201 7.45066e-5 0.5859201 0.1315536 0.1797675 0.6426764 0.5859201 7.45066e-5 0.509404 7.45137e-5 0.5859201 0.1315536 0.5859201 7.45066e-5 0.5859201 7.45066e-5 0.509404 0.1315536 0.509404 7.45137e-5 0.5160288 0.7454382 0.5176794 0.6689589 0.5176794 0.7454478 0.5092551 0.1315536 0.432739 7.45279e-5 0.5092551 7.45066e-5 0.3288146 0.4721576 0.330464 0.3408449 0.330464 0.4721673 0.1797675 0.7739728 0.178121 0.642688 0.1797675 0.6426764 0.1814141 0.7739611 0.1797675 0.6426764 0.1814141 0.6426647 0.330464 0.4721673 0.3321133 0.3408545 0.3321133 0.472177 0.5176794 0.7454478 0.51933 0.6689684 0.51933 0.7454572 0.5183312 0.3312121 0.5199822 0.2546246 0.5199822 0.3312121 0.5859201 7.45066e-5 0.509404 0.1315536 0.509404 7.45137e-5 0.5092551 0.1315536 0.432739 7.45279e-5 0.5092551 7.45066e-5 0.3288146 0.4721576 0.330464 0.3408449 0.330464 0.4721673 0.1797675 0.7739728 0.178121 0.642688 0.1797675 0.6426764 0.1814141 0.7739611 0.1797675 0.6426764 0.1814141 0.6426647 0.330464 0.4721673 0.3321133 0.3408545 0.3321133 0.472177 0.5176794 0.7454478 0.51933 0.6689684 0.51933 0.7454572 0.5183312 0.3312121 0.5199822 0.2546246 0.5199822 0.3312121 0.5859201 7.45066e-5 0.509404 0.1315536 0.509404 7.45137e-5 0.5166802 0.3312121 0.5183312 0.2546246 0.5183312 0.3312121 0.5092551 0.1315536 0.432739 7.45279e-5 0.5092551 7.45066e-5 0.3288146 0.4721576 0.330464 0.3408449 0.330464 0.4721673 0.1797675 0.7739728 0.178121 0.642688 0.1797675 0.6426764 0.1814141 0.7739611 0.1797675 0.6426764 0.1814141 0.6426647 0.330464 0.4721673 0.3321133 0.3408545 0.3321133 0.472177 0.5176794 0.7454478 0.51933 0.6689684 0.51933 0.7454572 0.5183312 0.3312121 0.5199822 0.2546246 0.5199822 0.3312121 0.330464 0.4721673 0.3288146 0.3408352 0.3288146 0.4721576 0.3288146 0.4721576 0.5859201 0.1315536 0.5859201 7.45066e-5 0.178121 0.7739843 0.1797675 0.6426764 0.178121 0.642688 0.5859201 0.1315536 0.1797675 0.6426764 0.5859201 7.45066e-5 0.5859201 0.1315536 0.509404 7.45137e-5 0.5859201 7.45066e-5 0.5160288 0.7454382 0.5176794 0.6689589 0.5176794 0.7454478 0.432739 0.1315536 0.5092551 7.45066e-5 0.5092551 0.1315536 0.3288146 0.4721576 0.330464 0.3408449 0.330464 0.4721673 0.1797675 0.7739728 0.178121 0.642688 0.1797675 0.6426764 0.1814141 0.7739611 0.1797675 0.6426764 0.1814141 0.6426647 0.330464 0.4721673 0.3321133 0.3408545 0.3321133 0.472177 0.5176794 0.7454478 0.51933 0.6689684 0.51933 0.7454572 0.5183312 0.3312121 0.5199822 0.2546246 0.5199822 0.3312121 0.5859201 0.1315536 0.509404 7.45137e-5 0.5859201 7.45066e-5 0.432739 0.1315536 0.5092551 7.45066e-5 0.5092551 0.1315536 0.3288146 0.4721576 0.330464 0.3408449 0.330464 0.4721673 0.1797675 0.7739728 0.178121 0.642688 0.1797675 0.6426764 0.1814141 0.7739611 0.1797675 0.6426764 0.1814141 0.6426647 0.330464 0.4721673 0.3321133 0.3408545 0.3321133 0.472177 0.5176794 0.7454478 0.51933 0.6689684 0.51933 0.7454572 0.5183312 0.3312121 0.5199822 0.2546246 0.5199822 0.3312121 0.5859201 0.1315536 0.509404 7.45137e-5 0.5859201 7.45066e-5 0.5166802 0.3312121 0.5183312 0.2546246 0.5183312 0.3312121 0.432739 0.1315536 0.5092551 7.45066e-5 0.5092551 0.1315536 0.3288146 0.4721576 0.330464 0.3408449 0.330464 0.4721673 0.1797675 0.7739728 0.178121 0.642688 0.1797675 0.6426764 0.1814141 0.7739611 0.1797675 0.6426764 0.1814141 0.6426647 0.330464 0.4721673 0.3321133 0.3408545 0.3321133 0.472177 0.5176794 0.7454478 0.51933 0.6689684 0.51933 0.7454572 0.5183312 0.3312121 0.5199822 0.2546246 0.5199822 0.3312121 0.178121 0.7739843 0.1797675 0.6426764 0.178121 0.642688 0.178121 0.7739843 0.1797675 0.6426764 0.178121 0.642688 0.509404 7.45137e-5 0.178121 0.7739843 0.178121 0.642688 0.509404 7.45137e-5 0.178121 0.7739843 0.178121 0.642688 0.5859201 0.1315536 0.509404 7.45137e-5 0.5859201 7.45066e-5 0.5160288 0.7454382 0.5176794 0.6689589 0.5176794 0.7454478 0.432739 0.1315536 0.5092551 7.45066e-5 0.5092551 0.1315536 0.3288146 0.4721576 0.330464 0.3408449 0.330464 0.4721673 0.1797675 0.7739728 0.178121 0.642688 0.1797675 0.6426764 0.1814141 0.7739611 0.1797675 0.6426764 0.1814141 0.6426647 0.330464 0.4721673 0.3321133 0.3408545 0.3321133 0.472177 0.5176794 0.7454478 0.51933 0.6689684 0.51933 0.7454572 0.5183312 0.3312121 0.5199822 0.2546246 0.5199822 0.3312121 0.5859201 0.1315536 0.509404 7.45137e-5 0.5859201 7.45066e-5 0.432739 0.1315536 0.5092551 7.45066e-5 0.5092551 0.1315536 0.3288146 0.4721576 0.330464 0.3408449 0.330464 0.4721673 0.1797675 0.7739728 0.178121 0.642688 0.1797675 0.6426764 0.1814141 0.7739611 0.1797675 0.6426764 0.1814141 0.6426647 0.330464 0.4721673 0.3321133 0.3408545 0.3321133 0.472177 0.5176794 0.7454478 0.51933 0.6689684 0.51933 0.7454572 0.5183312 0.3312121 0.5199822 0.2546246 0.5199822 0.3312121 0.5859201 0.1315536 0.509404 7.45137e-5 0.5859201 7.45066e-5 0.5166802 0.3312121 0.5183312 0.2546246 0.5183312 0.3312121 0.432739 0.1315536 0.5092551 7.45066e-5 0.5092551 0.1315536 0.3288146 0.4721576 0.330464 0.3408449 0.330464 0.4721673 0.1797675 0.7739728 0.178121 0.642688 0.1797675 0.6426764 0.1814141 0.7739611 0.1797675 0.6426764 0.1814141 0.6426647 0.330464 0.4721673 0.3321133 0.3408545 0.3321133 0.472177 0.5176794 0.7454478 0.51933 0.6689684 0.51933 0.7454572 0.5183312 0.3312121 0.5199822 0.2546246 0.5199822 0.3312121 0.178121 0.7739843 0.1797675 0.6426764 0.178121 0.642688 0.178121 0.7739843 0.1797675 0.6426764 0.178121 0.642688 0.5859201 0.1315536 0.509404 7.45137e-5 0.5859201 7.45066e-5 0.5166802 0.3312121 0.5199822 0.2546246 0.5199822 0.3312121 0.5160288 0.7454382 0.51933 0.6689684 0.51933 0.7454572 0.432739 0.1315536 0.5092551 7.45066e-5 0.5092551 0.1315536 0.3288146 0.4721576 0.3321133 0.3408545 0.3321133 0.472177 0.1814141 0.7739611 0.178121 0.642688 0.1814141 0.6426647 0.51933 0.6689684 0.51933 0.7454572 0.5160288 0.6689493 0.51933 0.7454572 0.5160288 0.7454382 0.5160288 0.6689493 0.3321133 0.3408545 0.3321133 0.472177 0.3288146 0.3408352 0.3321133 0.472177 0.3288146 0.4721576 0.3288146 0.3408352 0.5199822 0.2546246 0.5199822 0.3312121 0.5166802 0.2546246 0.509404 7.45137e-5 0.5859201 7.45066e-5 0.509404 0.1315536 0.5199822 0.3312121 0.5166802 0.3312121 0.5166802 0.2546246 0.5859201 7.45066e-5 0.5859201 0.1315536 0.509404 0.1315536 0.1814141 0.7739611 0.178121 0.7739843 0.178121 0.642688 0.1814141 0.6426647 0.1814141 0.7739611 0.178121 0.642688 0.5092551 0.1315536 0.432739 7.45279e-5 0.5092551 7.45066e-5 0.547662 0.1315535 0.509404 7.45137e-5 0.547662 7.45101e-5 0.5166802 0.2929183 0.5199822 0.2546246 0.5199822 0.2929183 0.5160288 0.7071937 0.51933 0.6689684 0.51933 0.7072128 0.432739 0.1315536 0.470997 7.45172e-5 0.470997 0.1315535 0.3288146 0.4721576 0.3321133 0.3408545 0.3321133 0.472177 0.1814141 0.7739611 0.178121 0.642688 0.1814141 0.6426647 0.547662 0.1315535 0.509404 7.45137e-5 0.547662 7.45101e-5 0.5166802 0.2929183 0.5199822 0.2546246 0.5199822 0.2929183 0.5160288 0.7071937 0.51933 0.6689684 0.51933 0.7072128 0.432739 0.1315536 0.470997 7.45172e-5 0.470997 0.1315535 0.3288146 0.4721576 0.3321133 0.3408545 0.3321133 0.472177 0.1814141 0.7739611 0.178121 0.642688 0.1814141 0.6426647 0.470997 0.1315535 0.5092551 7.45066e-5 0.5092551 0.1315536 0.5160288 0.7454382 0.51933 0.7072128 0.51933 0.7454572 0.5166802 0.3312121 0.5199822 0.2929183 0.5199822 0.3312121 0.5859201 0.1315536 0.547662 7.45101e-5 0.5859201 7.45066e-5 0.470997 0.1315535 0.5092551 7.45066e-5 0.5092551 0.1315536 0.5160288 0.7454382 0.51933 0.7072128 0.51933 0.7454572 0.5166802 0.3312121 0.5199822 0.2929183 0.5199822 0.3312121 0.5859201 0.1315536 0.547662 7.45101e-5 0.5859201 7.45066e-5 0.5859201 0.1315536 0.509404 7.45137e-5 0.5859201 7.45066e-5 0.5166802 0.3312121 0.5199822 0.2546246 0.5199822 0.3312121 0.5160288 0.7454382 0.51933 0.6689684 0.51933 0.7454572 0.432739 0.1315536 0.5092551 7.45066e-5 0.5092551 0.1315536 0.3288146 0.4721576 0.3321133 0.3408545 0.3321133 0.472177 0.1814141 0.7739611 0.178121 0.642688 0.1814141 0.6426647 0.5859201 0.1315536 0.509404 7.45137e-5 0.5859201 7.45066e-5 0.5166802 0.3312121 0.5199822 0.2546246 0.5199822 0.3312121 0.5160288 0.7454382 0.51933 0.6689684 0.51933 0.7454572 0.432739 0.1315536 0.5092551 7.45066e-5 0.5092551 0.1315536 0.3288146 0.4721576 0.3321133 0.3408545 0.3321133 0.472177 0.1814141 0.7739611 0.178121 0.642688 0.1814141 0.6426647 0.5859201 0.1315536 0.509404 7.45137e-5 0.5859201 7.45066e-5 0.5166802 0.3312121 0.5199822 0.2546246 0.5199822 0.3312121 0.5160288 0.7454382 0.51933 0.6689684 0.51933 0.7454572 0.432739 0.1315536 0.5092551 7.45066e-5 0.5092551 0.1315536 0.3288146 0.4721576 0.3321133 0.3408545 0.3321133 0.472177 0.1814141 0.7739611 0.178121 0.642688 0.1814141 0.6426647 0.5859201 0.1315536 0.509404 7.45137e-5 0.5859201 7.45066e-5 0.5166802 0.3312121 0.5199822 0.2546246 0.5199822 0.3312121 0.5160288 0.7454382 0.51933 0.6689684 0.51933 0.7454572 0.432739 0.1315536 0.5092551 7.45066e-5 0.5092551 0.1315536 0.3288146 0.4721576 0.3321133 0.3408545 0.3321133 0.472177 0.1814141 0.7739611 0.178121 0.642688 0.1814141 0.6426647 0.5859201 0.1315536 0.509404 7.45137e-5 0.5859201 7.45066e-5 0.5166802 0.3312121 0.5199822 0.2546246 0.5199822 0.3312121 0.5160288 0.7454382 0.51933 0.6689684 0.51933 0.7454572 0.432739 0.1315536 0.5092551 7.45066e-5 0.5092551 0.1315536 0.3288146 0.4721576 0.3321133 0.3408545 0.3321133 0.472177 0.1814141 0.7739611 0.178121 0.642688 0.1814141 0.6426647 0.5859201 0.1315536 0.509404 7.45137e-5 0.5859201 7.45066e-5 0.5166802 0.3312121 0.5199822 0.2546246 0.5199822 0.3312121 0.5160288 0.7454382 0.51933 0.6689684 0.51933 0.7454572 0.432739 0.1315536 0.5092551 7.45066e-5 0.5092551 0.1315536 0.3288146 0.4721576 0.3321133 0.3408545 0.3321133 0.472177 0.1814141 0.7739611 0.178121 0.642688 0.1814141 0.6426647 0.5859201 0.1315536 0.509404 7.45137e-5 0.5859201 7.45066e-5 0.5166802 0.3312121 0.5199822 0.2546246 0.5199822 0.3312121 0.5160288 0.7454382 0.51933 0.6689684 0.51933 0.7454572 0.432739 0.1315536 0.5092551 7.45066e-5 0.5092551 0.1315536 0.3288146 0.4721576 0.3321133 0.3408545 0.3321133 0.472177 0.1814141 0.7739611 0.178121 0.642688 0.1814141 0.6426647 0.5859201 0.1315536 0.509404 7.45137e-5 0.5859201 7.45066e-5 0.5166802 0.3312121 0.5199822 0.2546246 0.5199822 0.3312121 0.5160288 0.7454382 0.51933 0.6689684 0.51933 0.7454572 0.432739 0.1315536 0.5092551 7.45066e-5 0.5092551 0.1315536 0.3288146 0.4721576 0.3321133 0.3408545 0.3321133 0.472177 0.1814141 0.7739611 0.178121 0.642688 0.1814141 0.6426647 0.5859201 0.1315536 0.509404 7.45137e-5 0.5859201 7.45066e-5 0.5166802 0.3312121 0.5199822 0.2546246 0.5199822 0.3312121 0.5160288 0.7454382 0.51933 0.6689684 0.51933 0.7454572 0.432739 0.1315536 0.5092551 7.45066e-5 0.5092551 0.1315536 0.3288146 0.4721576 0.3321133 0.3408545 0.3321133 0.472177 0.1814141 0.7739611 0.178121 0.642688 0.1814141 0.6426647 0.5859201 0.1315536 0.509404 7.45137e-5 0.5859201 7.45066e-5 0.5166802 0.3312121 0.5199822 0.2546246 0.5199822 0.3312121 0.5160288 0.7454382 0.51933 0.6689684 0.51933 0.7454572 0.432739 0.1315536 0.5092551 7.45066e-5 0.5092551 0.1315536 0.3288146 0.4721576 0.3321133 0.3408545 0.3321133 0.472177 0.1814141 0.7739611 0.178121 0.642688 0.1814141 0.6426647 0.5859201 0.1315536 0.509404 7.45137e-5 0.5859201 7.45066e-5 0.5166802 0.3312121 0.5199822 0.2546246 0.5199822 0.3312121 0.5160288 0.7454382 0.51933 0.6689684 0.51933 0.7454572 0.432739 0.1315536 0.5092551 7.45066e-5 0.5092551 0.1315536 0.3288146 0.4721576 0.3321133 0.3408545 0.3321133 0.472177 0.1814141 0.7739611 0.178121 0.642688 0.1814141 0.6426647 0.5859201 0.1315536 0.509404 7.45137e-5 0.5859201 7.45066e-5 0.5166802 0.3312121 0.5199822 0.2546246 0.5199822 0.3312121 0.5160288 0.7454382 0.51933 0.6689684 0.51933 0.7454572 0.432739 0.1315536 0.5092551 7.45066e-5 0.5092551 0.1315536 0.3288146 0.4721576 0.3321133 0.3408545 0.3321133 0.472177 0.1814141 0.7739611 0.178121 0.642688 0.1814141 0.6426647 0.5859201 0.1315536 0.509404 7.45137e-5 0.5859201 7.45066e-5 0.5166802 0.3312121 0.5199822 0.2546246 0.5199822 0.3312121 0.5160288 0.7454382 0.51933 0.6689684 0.51933 0.7454572 0.432739 0.1315536 0.5092551 7.45066e-5 0.5092551 0.1315536 0.3288146 0.4721576 0.3321133 0.3408545 0.3321133 0.472177 0.1814141 0.7739611 0.178121 0.642688 0.1814141 0.6426647 0.5859201 0.1315536 0.509404 7.45137e-5 0.5859201 7.45066e-5 0.5166802 0.3312121 0.5199822 0.2546246 0.5199822 0.3312121 0.5160288 0.7454382 0.51933 0.6689684 0.51933 0.7454572 0.432739 0.1315536 0.5092551 7.45066e-5 0.5092551 0.1315536 0.3288146 0.4721576 0.3321133 0.3408545 0.3321133 0.472177 0.1814141 0.7739611 0.178121 0.642688 0.1814141 0.6426647 0.5859201 0.1315536 0.509404 7.45137e-5 0.5859201 7.45066e-5 0.5166802 0.3312121 0.5199822 0.2546246 0.5199822 0.3312121 0.51933 0.7454572 0.5160288 0.6689493 0.51933 0.6689684 0.432739 0.1315536 0.5092551 7.45066e-5 0.5092551 0.1315536 0.3288146 0.4721576 0.3321133 0.3408545 0.3321133 0.472177 0.1814141 0.7739611 0.178121 0.642688 0.1814141 0.6426647 0.5859201 0.1315536 0.509404 7.45137e-5 0.5859201 7.45066e-5 0.5166802 0.3312121 0.5199822 0.2546246 0.5199822 0.3312121 0.51933 0.7454572 0.5160288 0.6689493 0.51933 0.6689684 0.432739 0.1315536 0.5092551 7.45066e-5 0.5092551 0.1315536 0.3288146 0.4721576 0.3321133 0.3408545 0.3321133 0.472177 0.1814141 0.7739611 0.178121 0.642688 0.1814141 0.6426647 0.5859201 0.1315536 0.509404 7.45137e-5 0.5859201 7.45066e-5 0.5166802 0.3312121 0.5199822 0.2546246 0.5199822 0.3312121 0.51933 0.7454572 0.5160288 0.6689493 0.51933 0.6689684 0.432739 0.1315536 0.5092551 7.45066e-5 0.5092551 0.1315536 0.3288146 0.4721576 0.3321133 0.3408545 0.3321133 0.472177 0.1814141 0.7739611 0.178121 0.642688 0.1814141 0.6426647 0.5859201 0.1315536 0.509404 7.45137e-5 0.5859201 7.45066e-5 0.5166802 0.3312121 0.5199822 0.2546246 0.5199822 0.3312121 0.51933 0.7454572 0.5160288 0.6689493 0.51933 0.6689684 0.432739 0.1315536 0.5092551 7.45066e-5 0.5092551 0.1315536 0.3288146 0.4721576 0.3321133 0.3408545 0.3321133 0.472177 0.1814141 0.7739611 0.178121 0.642688 0.1814141 0.6426647 0.5859201 0.1315536 0.509404 7.45137e-5 0.5859201 7.45066e-5 0.5166802 0.3312121 0.5199822 0.2546246 0.5199822 0.3312121 0.51933 0.7454572 0.5160288 0.6689493 0.51933 0.6689684 0.432739 0.1315536 0.5092551 7.45066e-5 0.5092551 0.1315536 0.3288146 0.4721576 0.3321133 0.3408545 0.3321133 0.472177 0.1814141 0.7739611 0.178121 0.642688 0.1814141 0.6426647 0.5859201 0.1315536 0.509404 7.45137e-5 0.5859201 7.45066e-5 0.5166802 0.3312121 0.5199822 0.2546246 0.5199822 0.3312121 0.51933 0.7454572 0.5160288 0.6689493 0.51933 0.6689684 0.432739 0.1315536 0.5092551 7.45066e-5 0.5092551 0.1315536 0.3288146 0.4721576 0.3321133 0.3408545 0.3321133 0.472177 0.1814141 0.7739611 0.178121 0.642688 0.1814141 0.6426647 0.5859201 0.1315536 0.509404 7.45137e-5 0.5859201 7.45066e-5 0.5166802 0.3312121 0.5199822 0.2546246 0.5199822 0.3312121 0.51933 0.7454572 0.5160288 0.6689493 0.51933 0.6689684 0.432739 0.1315536 0.5092551 7.45066e-5 0.5092551 0.1315536 0.3288146 0.4721576 0.3321133 0.3408545 0.3321133 0.472177 0.1814141 0.7739611 0.178121 0.642688 0.1814141 0.6426647 0.5859201 0.1315536 0.509404 7.45137e-5 0.5859201 7.45066e-5 0.5166802 0.3312121 0.5199822 0.2546246 0.5199822 0.3312121 0.51933 0.7454572 0.5160288 0.6689493 0.51933 0.6689684 0.432739 0.1315536 0.5092551 7.45066e-5 0.5092551 0.1315536 0.3288146 0.4721576 0.3321133 0.3408545 0.3321133 0.472177 0.1814141 0.7739611 0.178121 0.642688 0.1814141 0.6426647 0.5859201 0.1315536 0.509404 7.45137e-5 0.5859201 7.45066e-5 0.5166802 0.3312121 0.5199822 0.2546246 0.5199822 0.3312121 0.51933 0.7454572 0.5160288 0.6689493 0.51933 0.6689684 0.432739 0.1315536 0.5092551 7.45066e-5 0.5092551 0.1315536 0.3288146 0.4721576 0.3321133 0.3408545 0.3321133 0.472177 0.1814141 0.7739611 0.178121 0.642688 0.1814141 0.6426647 0.5859201 0.1315536 0.509404 7.45137e-5 0.5859201 7.45066e-5 0.5166802 0.3312121 0.5199822 0.2546246 0.5199822 0.3312121 0.51933 0.7454572 0.5160288 0.6689493 0.51933 0.6689684 0.432739 0.1315536 0.5092551 7.45066e-5 0.5092551 0.1315536 0.3288146 0.4721576 0.3321133 0.3408545 0.3321133 0.472177 0.1814141 0.7739611 0.178121 0.642688 0.1814141 0.6426647 0.5859201 0.1315536 0.509404 0.1315536 0.509404 7.45137e-5 0.5166802 0.3312121 0.5166802 0.2546246 0.5199822 0.2546246 0.5160288 0.7454382 0.5160288 0.6689493 0.51933 0.6689684 0.432739 0.1315536 0.432739 7.45279e-5 0.5092551 7.45066e-5 0.3288146 0.4721576 0.3288146 0.3408352 0.3321133 0.3408545 0.1814141 0.7739611 0.178121 0.7739843 0.178121 0.642688 0.5859201 0.1315536 0.509404 0.1315536 0.509404 7.45137e-5 0.5160288 0.7454382 0.5160288 0.6689493 0.5176794 0.6689589 0.432739 0.1315536 0.432739 7.45279e-5 0.5092551 7.45066e-5 0.3288146 0.4721576 0.3288146 0.3408352 0.330464 0.3408449 0.1797675 0.7739728 0.178121 0.7739843 0.178121 0.642688 0.1814141 0.7739611 0.1797675 0.7739728 0.1797675 0.6426764 0.330464 0.4721673 0.330464 0.3408449 0.3321133 0.3408545 0.5176794 0.7454478 0.5176794 0.6689589 0.51933 0.6689684 0.5183312 0.3312121 0.5183312 0.2546246 0.5199822 0.2546246 0.5859201 0.1315536 0.509404 0.1315536 0.509404 7.45137e-5 0.432739 0.1315536 0.432739 7.45279e-5 0.5092551 7.45066e-5 0.3288146 0.4721576 0.3288146 0.3408352 0.330464 0.3408449 0.1797675 0.7739728 0.178121 0.7739843 0.178121 0.642688 0.1814141 0.7739611 0.1797675 0.7739728 0.1797675 0.6426764 0.330464 0.4721673 0.330464 0.3408449 0.3321133 0.3408545 0.5176794 0.7454478 0.5176794 0.6689589 0.51933 0.6689684 0.5183312 0.3312121 0.5183312 0.2546246 0.5199822 0.2546246 0.5859201 0.1315536 0.509404 0.1315536 0.509404 7.45137e-5 0.5166802 0.3312121 0.5166802 0.2546246 0.5183312 0.2546246 0.432739 0.1315536 0.432739 7.45279e-5 0.5092551 7.45066e-5 0.3288146 0.4721576 0.3288146 0.3408352 0.330464 0.3408449 0.1797675 0.7739728 0.178121 0.7739843 0.178121 0.642688 0.1814141 0.7739611 0.1797675 0.7739728 0.1797675 0.6426764 0.330464 0.4721673 0.330464 0.3408449 0.3321133 0.3408545 0.5176794 0.7454478 0.5176794 0.6689589 0.51933 0.6689684 0.5183312 0.3312121 0.5183312 0.2546246 0.5199822 0.2546246 0.509404 7.45137e-5 0.509404 0.1315536 0.5859201 0.1315536 0.330464 0.4721673 0.330464 0.3408449 0.509404 0.1315536 0.330464 0.4721673 0.330464 0.3408449 0.3288146 0.3408352 0.3288146 0.4721576 0.509404 0.1315536 0.5859201 0.1315536 0.5859201 0.1315536 0.509404 0.1315536 0.509404 7.45137e-5 0.5160288 0.7454382 0.5160288 0.6689493 0.5176794 0.6689589 0.432739 0.1315536 0.432739 7.45279e-5 0.5092551 7.45066e-5 0.3288146 0.4721576 0.3288146 0.3408352 0.330464 0.3408449 0.1797675 0.7739728 0.178121 0.7739843 0.178121 0.642688 0.1814141 0.7739611 0.1797675 0.7739728 0.1797675 0.6426764 0.330464 0.4721673 0.330464 0.3408449 0.3321133 0.3408545 0.5176794 0.7454478 0.5176794 0.6689589 0.51933 0.6689684 0.5183312 0.3312121 0.5183312 0.2546246 0.5199822 0.2546246 0.5859201 0.1315536 0.509404 0.1315536 0.509404 7.45137e-5 0.432739 0.1315536 0.432739 7.45279e-5 0.5092551 7.45066e-5 0.3288146 0.4721576 0.3288146 0.3408352 0.330464 0.3408449 0.1797675 0.7739728 0.178121 0.7739843 0.178121 0.642688 0.1814141 0.7739611 0.1797675 0.7739728 0.1797675 0.6426764 0.330464 0.4721673 0.330464 0.3408449 0.3321133 0.3408545 0.5176794 0.7454478 0.5176794 0.6689589 0.51933 0.6689684 0.5183312 0.3312121 0.5183312 0.2546246 0.5199822 0.2546246 0.5859201 0.1315536 0.509404 0.1315536 0.509404 7.45137e-5 0.5166802 0.3312121 0.5166802 0.2546246 0.5183312 0.2546246 0.432739 0.1315536 0.432739 7.45279e-5 0.5092551 7.45066e-5 0.3288146 0.4721576 0.3288146 0.3408352 0.330464 0.3408449 0.1797675 0.7739728 0.178121 0.7739843 0.178121 0.642688 0.1814141 0.7739611 0.1797675 0.7739728 0.1797675 0.6426764 0.330464 0.4721673 0.330464 0.3408449 0.3321133 0.3408545 0.5176794 0.7454478 0.5176794 0.6689589 0.51933 0.6689684 0.5183312 0.3312121 0.5183312 0.2546246 0.5199822 0.2546246 0.330464 0.4721673 0.330464 0.3408449 0.3288146 0.3408352 0.330464 0.4721673 0.330464 0.3408449 0.3288146 0.3408352 0.5859201 7.45066e-5 0.5859201 0.1315536 0.509404 0.1315536 0.5160288 0.7454382 0.5160288 0.6689493 0.5176794 0.6689589 0.5092551 0.1315536 0.432739 0.1315536 0.432739 7.45279e-5 0.3288146 0.4721576 0.3288146 0.3408352 0.330464 0.3408449 0.1797675 0.7739728 0.178121 0.7739843 0.178121 0.642688 0.1814141 0.7739611 0.1797675 0.7739728 0.1797675 0.6426764 0.330464 0.4721673 0.330464 0.3408449 0.3321133 0.3408545 0.5176794 0.7454478 0.5176794 0.6689589 0.51933 0.6689684 0.5183312 0.3312121 0.5183312 0.2546246 0.5199822 0.2546246 0.5859201 7.45066e-5 0.5859201 0.1315536 0.509404 0.1315536 0.5092551 0.1315536 0.432739 0.1315536 0.432739 7.45279e-5 0.3288146 0.4721576 0.3288146 0.3408352 0.330464 0.3408449 0.1797675 0.7739728 0.178121 0.7739843 0.178121 0.642688 0.1814141 0.7739611 0.1797675 0.7739728 0.1797675 0.6426764 0.330464 0.4721673 0.330464 0.3408449 0.3321133 0.3408545 0.5176794 0.7454478 0.5176794 0.6689589 0.51933 0.6689684 0.5183312 0.3312121 0.5183312 0.2546246 0.5199822 0.2546246 0.5859201 7.45066e-5 0.5859201 0.1315536 0.509404 0.1315536 0.5166802 0.3312121 0.5166802 0.2546246 0.5183312 0.2546246 0.5092551 0.1315536 0.432739 0.1315536 0.432739 7.45279e-5 0.3288146 0.4721576 0.3288146 0.3408352 0.330464 0.3408449 0.1797675 0.7739728 0.178121 0.7739843 0.178121 0.642688 0.1814141 0.7739611 0.1797675 0.7739728 0.1797675 0.6426764 0.330464 0.4721673 0.330464 0.3408449 0.3321133 0.3408545 0.5176794 0.7454478 0.5176794 0.6689589 0.51933 0.6689684 0.5183312 0.3312121 0.5183312 0.2546246 0.5199822 0.2546246 0.3288146 0.4721576 0.509404 0.1315536 0.5859201 0.1315536 0.330464 0.4721673 0.330464 0.3408449 0.3288146 0.3408352 0.330464 0.4721673 0.330464 0.3408449 0.3288146 0.3408352 0.3288146 0.4721576 0.509404 0.1315536 0.5859201 0.1315536 0.5859201 7.45066e-5 0.5859201 0.1315536 0.509404 0.1315536 0.5160288 0.7454382 0.5160288 0.6689493 0.5176794 0.6689589 0.5092551 0.1315536 0.432739 0.1315536 0.432739 7.45279e-5 0.3288146 0.4721576 0.3288146 0.3408352 0.330464 0.3408449 0.1797675 0.7739728 0.178121 0.7739843 0.178121 0.642688 0.1814141 0.7739611 0.1797675 0.7739728 0.1797675 0.6426764 0.330464 0.4721673 0.330464 0.3408449 0.3321133 0.3408545 0.5176794 0.7454478 0.5176794 0.6689589 0.51933 0.6689684 0.5183312 0.3312121 0.5183312 0.2546246 0.5199822 0.2546246 0.5859201 7.45066e-5 0.5859201 0.1315536 0.509404 0.1315536 0.5092551 0.1315536 0.432739 0.1315536 0.432739 7.45279e-5 0.3288146 0.4721576 0.3288146 0.3408352 0.330464 0.3408449 0.1797675 0.7739728 0.178121 0.7739843 0.178121 0.642688 0.1814141 0.7739611 0.1797675 0.7739728 0.1797675 0.6426764 0.330464 0.4721673 0.330464 0.3408449 0.3321133 0.3408545 0.5176794 0.7454478 0.5176794 0.6689589 0.51933 0.6689684 0.5183312 0.3312121 0.5183312 0.2546246 0.5199822 0.2546246 0.5859201 7.45066e-5 0.5859201 0.1315536 0.509404 0.1315536 0.5166802 0.3312121 0.5166802 0.2546246 0.5183312 0.2546246 0.5092551 0.1315536 0.432739 0.1315536 0.432739 7.45279e-5 0.3288146 0.4721576 0.3288146 0.3408352 0.330464 0.3408449 0.1797675 0.7739728 0.178121 0.7739843 0.178121 0.642688 0.1814141 0.7739611 0.1797675 0.7739728 0.1797675 0.6426764 0.330464 0.4721673 0.330464 0.3408449 0.3321133 0.3408545 0.5176794 0.7454478 0.5176794 0.6689589 0.51933 0.6689684 0.5183312 0.3312121 0.5183312 0.2546246 0.5199822 0.2546246 0.330464 0.4721673 0.330464 0.3408449 0.3288146 0.3408352 0.330464 0.4721673 0.330464 0.3408449 0.3288146 0.3408352 0.3288146 0.4721576 0.509404 0.1315536 0.5859201 0.1315536 0.5859201 7.45066e-5 0.5859201 0.1315536 0.509404 0.1315536 0.5160288 0.7454382 0.5160288 0.6689493 0.5176794 0.6689589 0.5092551 0.1315536 0.432739 0.1315536 0.432739 7.45279e-5 0.3288146 0.4721576 0.3288146 0.3408352 0.330464 0.3408449 0.1797675 0.7739728 0.178121 0.7739843 0.178121 0.642688 0.1814141 0.7739611 0.1797675 0.7739728 0.1797675 0.6426764 0.330464 0.4721673 0.330464 0.3408449 0.3321133 0.3408545 0.5176794 0.7454478 0.5176794 0.6689589 0.51933 0.6689684 0.5183312 0.3312121 0.5183312 0.2546246 0.5199822 0.2546246 0.5859201 7.45066e-5 0.5859201 0.1315536 0.509404 0.1315536 0.5092551 0.1315536 0.432739 0.1315536 0.432739 7.45279e-5 0.3288146 0.4721576 0.3288146 0.3408352 0.330464 0.3408449 0.1797675 0.7739728 0.178121 0.7739843 0.178121 0.642688 0.1814141 0.7739611 0.1797675 0.7739728 0.1797675 0.6426764 0.330464 0.4721673 0.330464 0.3408449 0.3321133 0.3408545 0.5176794 0.7454478 0.5176794 0.6689589 0.51933 0.6689684 0.5183312 0.3312121 0.5183312 0.2546246 0.5199822 0.2546246 0.5859201 7.45066e-5 0.5859201 0.1315536 0.509404 0.1315536 0.5166802 0.3312121 0.5166802 0.2546246 0.5183312 0.2546246 0.5092551 0.1315536 0.432739 0.1315536 0.432739 7.45279e-5 0.3288146 0.4721576 0.3288146 0.3408352 0.330464 0.3408449 0.1797675 0.7739728 0.178121 0.7739843 0.178121 0.642688 0.1814141 0.7739611 0.1797675 0.7739728 0.1797675 0.6426764 0.330464 0.4721673 0.330464 0.3408449 0.3321133 0.3408545 0.5176794 0.7454478 0.5176794 0.6689589 0.51933 0.6689684 0.5183312 0.3312121 0.5183312 0.2546246 0.5199822 0.2546246 0.5859201 0.1315536 0.1797675 0.7739728 0.1797675 0.6426764 0.330464 0.4721673 0.330464 0.3408449 0.3288146 0.3408352 0.3288146 0.4721576 0.509404 0.1315536 0.5859201 0.1315536 0.5859201 0.1315536 0.1797675 0.7739728 0.1797675 0.6426764 0.509404 7.45137e-5 0.509404 0.1315536 0.5859201 0.1315536 0.5859201 7.45066e-5 0.5859201 0.1315536 0.509404 0.1315536 0.5160288 0.7454382 0.5160288 0.6689493 0.5176794 0.6689589 0.5092551 0.1315536 0.432739 0.1315536 0.432739 7.45279e-5 0.3288146 0.4721576 0.3288146 0.3408352 0.330464 0.3408449 0.1797675 0.7739728 0.178121 0.7739843 0.178121 0.642688 0.1814141 0.7739611 0.1797675 0.7739728 0.1797675 0.6426764 0.330464 0.4721673 0.330464 0.3408449 0.3321133 0.3408545 0.5176794 0.7454478 0.5176794 0.6689589 0.51933 0.6689684 0.5183312 0.3312121 0.5183312 0.2546246 0.5199822 0.2546246 0.5859201 7.45066e-5 0.5859201 0.1315536 0.509404 0.1315536 0.5092551 0.1315536 0.432739 0.1315536 0.432739 7.45279e-5 0.3288146 0.4721576 0.3288146 0.3408352 0.330464 0.3408449 0.1797675 0.7739728 0.178121 0.7739843 0.178121 0.642688 0.1814141 0.7739611 0.1797675 0.7739728 0.1797675 0.6426764 0.330464 0.4721673 0.330464 0.3408449 0.3321133 0.3408545 0.5176794 0.7454478 0.5176794 0.6689589 0.51933 0.6689684 0.5183312 0.3312121 0.5183312 0.2546246 0.5199822 0.2546246 0.5859201 7.45066e-5 0.5859201 0.1315536 0.509404 0.1315536 0.5166802 0.3312121 0.5166802 0.2546246 0.5183312 0.2546246 0.5092551 0.1315536 0.432739 0.1315536 0.432739 7.45279e-5 0.3288146 0.4721576 0.3288146 0.3408352 0.330464 0.3408449 0.1797675 0.7739728 0.178121 0.7739843 0.178121 0.642688 0.1814141 0.7739611 0.1797675 0.7739728 0.1797675 0.6426764 0.330464 0.4721673 0.330464 0.3408449 0.3321133 0.3408545 0.5176794 0.7454478 0.5176794 0.6689589 0.51933 0.6689684 0.5183312 0.3312121 0.5183312 0.2546246 0.5199822 0.2546246 0.330464 0.4721673 0.330464 0.3408449 0.3288146 0.3408352 0.3288146 0.4721576 0.509404 0.1315536 0.5859201 0.1315536 0.178121 0.7739843 0.1797675 0.7739728 0.1797675 0.6426764 0.5859201 0.1315536 0.1797675 0.7739728 0.1797675 0.6426764 0.5859201 0.1315536 0.509404 0.1315536 0.509404 7.45137e-5 0.5160288 0.7454382 0.5160288 0.6689493 0.5176794 0.6689589 0.432739 0.1315536 0.432739 7.45279e-5 0.5092551 7.45066e-5 0.3288146 0.4721576 0.3288146 0.3408352 0.330464 0.3408449 0.1797675 0.7739728 0.178121 0.7739843 0.178121 0.642688 0.1814141 0.7739611 0.1797675 0.7739728 0.1797675 0.6426764 0.330464 0.4721673 0.330464 0.3408449 0.3321133 0.3408545 0.5176794 0.7454478 0.5176794 0.6689589 0.51933 0.6689684 0.5183312 0.3312121 0.5183312 0.2546246 0.5199822 0.2546246 0.5859201 0.1315536 0.509404 0.1315536 0.509404 7.45137e-5 0.432739 0.1315536 0.432739 7.45279e-5 0.5092551 7.45066e-5 0.3288146 0.4721576 0.3288146 0.3408352 0.330464 0.3408449 0.1797675 0.7739728 0.178121 0.7739843 0.178121 0.642688 0.1814141 0.7739611 0.1797675 0.7739728 0.1797675 0.6426764 0.330464 0.4721673 0.330464 0.3408449 0.3321133 0.3408545 0.5176794 0.7454478 0.5176794 0.6689589 0.51933 0.6689684 0.5183312 0.3312121 0.5183312 0.2546246 0.5199822 0.2546246 0.5859201 0.1315536 0.509404 0.1315536 0.509404 7.45137e-5 0.5166802 0.3312121 0.5166802 0.2546246 0.5183312 0.2546246 0.432739 0.1315536 0.432739 7.45279e-5 0.5092551 7.45066e-5 0.3288146 0.4721576 0.3288146 0.3408352 0.330464 0.3408449 0.1797675 0.7739728 0.178121 0.7739843 0.178121 0.642688 0.1814141 0.7739611 0.1797675 0.7739728 0.1797675 0.6426764 0.330464 0.4721673 0.330464 0.3408449 0.3321133 0.3408545 0.5176794 0.7454478 0.5176794 0.6689589 0.51933 0.6689684 0.5183312 0.3312121 0.5183312 0.2546246 0.5199822 0.2546246 0.178121 0.7739843 0.1797675 0.7739728 0.1797675 0.6426764 0.178121 0.7739843 0.1797675 0.7739728 0.1797675 0.6426764 0.509404 7.45137e-5 0.509404 0.1315536 0.178121 0.7739843 0.509404 7.45137e-5 0.509404 0.1315536 0.178121 0.7739843 0.5859201 0.1315536 0.509404 0.1315536 0.509404 7.45137e-5 0.5160288 0.7454382 0.5160288 0.6689493 0.5176794 0.6689589 0.432739 0.1315536 0.432739 7.45279e-5 0.5092551 7.45066e-5 0.3288146 0.4721576 0.3288146 0.3408352 0.330464 0.3408449 0.1797675 0.7739728 0.178121 0.7739843 0.178121 0.642688 0.1814141 0.7739611 0.1797675 0.7739728 0.1797675 0.6426764 0.330464 0.4721673 0.330464 0.3408449 0.3321133 0.3408545 0.5176794 0.7454478 0.5176794 0.6689589 0.51933 0.6689684 0.5183312 0.3312121 0.5183312 0.2546246 0.5199822 0.2546246 0.5859201 0.1315536 0.509404 0.1315536 0.509404 7.45137e-5 0.432739 0.1315536 0.432739 7.45279e-5 0.5092551 7.45066e-5 0.3288146 0.4721576 0.3288146 0.3408352 0.330464 0.3408449 0.1797675 0.7739728 0.178121 0.7739843 0.178121 0.642688 0.1814141 0.7739611 0.1797675 0.7739728 0.1797675 0.6426764 0.330464 0.4721673 0.330464 0.3408449 0.3321133 0.3408545 0.5176794 0.7454478 0.5176794 0.6689589 0.51933 0.6689684 0.5183312 0.3312121 0.5183312 0.2546246 0.5199822 0.2546246 0.5859201 0.1315536 0.509404 0.1315536 0.509404 7.45137e-5 0.5166802 0.3312121 0.5166802 0.2546246 0.5183312 0.2546246 0.432739 0.1315536 0.432739 7.45279e-5 0.5092551 7.45066e-5 0.3288146 0.4721576 0.3288146 0.3408352 0.330464 0.3408449 0.1797675 0.7739728 0.178121 0.7739843 0.178121 0.642688 0.1814141 0.7739611 0.1797675 0.7739728 0.1797675 0.6426764 0.330464 0.4721673 0.330464 0.3408449 0.3321133 0.3408545 0.5176794 0.7454478 0.5176794 0.6689589 0.51933 0.6689684 0.5183312 0.3312121 0.5183312 0.2546246 0.5199822 0.2546246 0.178121 0.7739843 0.1797675 0.7739728 0.1797675 0.6426764 0.178121 0.7739843 0.1797675 0.7739728 0.1797675 0.6426764 0.5859201 0.1315536 0.509404 0.1315536 0.509404 7.45137e-5 0.5166802 0.3312121 0.5166802 0.2546246 0.5199822 0.2546246 0.5160288 0.7454382 0.5160288 0.6689493 0.51933 0.6689684 0.432739 0.1315536 0.432739 7.45279e-5 0.5092551 7.45066e-5 0.3288146 0.4721576 0.3288146 0.3408352 0.3321133 0.3408545 0.1814141 0.7739611 0.178121 0.7739843 0.178121 0.642688 0.5092551 0.1315536 0.432739 0.1315536 0.432739 7.45279e-5 0.547662 0.1315535 0.509404 0.1315536 0.509404 7.45137e-5 0.5166802 0.2929183 0.5166802 0.2546246 0.5199822 0.2546246 0.5160288 0.7071937 0.5160288 0.6689493 0.51933 0.6689684 0.432739 0.1315536 0.432739 7.45279e-5 0.470997 7.45172e-5 0.3288146 0.4721576 0.3288146 0.3408352 0.3321133 0.3408545 0.1814141 0.7739611 0.178121 0.7739843 0.178121 0.642688 0.547662 0.1315535 0.509404 0.1315536 0.509404 7.45137e-5 0.5166802 0.2929183 0.5166802 0.2546246 0.5199822 0.2546246 0.5160288 0.7071937 0.5160288 0.6689493 0.51933 0.6689684 0.432739 0.1315536 0.432739 7.45279e-5 0.470997 7.45172e-5 0.3288146 0.4721576 0.3288146 0.3408352 0.3321133 0.3408545 0.1814141 0.7739611 0.178121 0.7739843 0.178121 0.642688 0.470997 0.1315535 0.470997 7.45172e-5 0.5092551 7.45066e-5 0.5160288 0.7454382 0.5160288 0.7071937 0.51933 0.7072128 0.5166802 0.3312121 0.5166802 0.2929183 0.5199822 0.2929183 0.5859201 0.1315536 0.547662 0.1315535 0.547662 7.45101e-5 0.470997 0.1315535 0.470997 7.45172e-5 0.5092551 7.45066e-5 0.5160288 0.7454382 0.5160288 0.7071937 0.51933 0.7072128 0.5166802 0.3312121 0.5166802 0.2929183 0.5199822 0.2929183 0.5859201 0.1315536 0.547662 0.1315535 0.547662 7.45101e-5 0.5859201 0.1315536 0.509404 0.1315536 0.509404 7.45137e-5 0.5166802 0.3312121 0.5166802 0.2546246 0.5199822 0.2546246 0.5160288 0.7454382 0.5160288 0.6689493 0.51933 0.6689684 0.432739 0.1315536 0.432739 7.45279e-5 0.5092551 7.45066e-5 0.3288146 0.4721576 0.3288146 0.3408352 0.3321133 0.3408545 0.1814141 0.7739611 0.178121 0.7739843 0.178121 0.642688 0.5859201 0.1315536 0.509404 0.1315536 0.509404 7.45137e-5 0.5166802 0.3312121 0.5166802 0.2546246 0.5199822 0.2546246 0.5160288 0.7454382 0.5160288 0.6689493 0.51933 0.6689684 0.432739 0.1315536 0.432739 7.45279e-5 0.5092551 7.45066e-5 0.3288146 0.4721576 0.3288146 0.3408352 0.3321133 0.3408545 0.1814141 0.7739611 0.178121 0.7739843 0.178121 0.642688 0.5859201 0.1315536 0.509404 0.1315536 0.509404 7.45137e-5 0.5166802 0.3312121 0.5166802 0.2546246 0.5199822 0.2546246 0.5160288 0.7454382 0.5160288 0.6689493 0.51933 0.6689684 0.432739 0.1315536 0.432739 7.45279e-5 0.5092551 7.45066e-5 0.3288146 0.4721576 0.3288146 0.3408352 0.3321133 0.3408545 0.1814141 0.7739611 0.178121 0.7739843 0.178121 0.642688 0.5859201 0.1315536 0.509404 0.1315536 0.509404 7.45137e-5 0.5166802 0.3312121 0.5166802 0.2546246 0.5199822 0.2546246 0.5160288 0.7454382 0.5160288 0.6689493 0.51933 0.6689684 0.432739 0.1315536 0.432739 7.45279e-5 0.5092551 7.45066e-5 0.3288146 0.4721576 0.3288146 0.3408352 0.3321133 0.3408545 0.1814141 0.7739611 0.178121 0.7739843 0.178121 0.642688 0.5859201 0.1315536 0.509404 0.1315536 0.509404 7.45137e-5 0.5166802 0.3312121 0.5166802 0.2546246 0.5199822 0.2546246 0.5160288 0.7454382 0.5160288 0.6689493 0.51933 0.6689684 0.432739 0.1315536 0.432739 7.45279e-5 0.5092551 7.45066e-5 0.3288146 0.4721576 0.3288146 0.3408352 0.3321133 0.3408545 0.1814141 0.7739611 0.178121 0.7739843 0.178121 0.642688 0.5859201 0.1315536 0.509404 0.1315536 0.509404 7.45137e-5 0.5166802 0.3312121 0.5166802 0.2546246 0.5199822 0.2546246 0.5160288 0.7454382 0.5160288 0.6689493 0.51933 0.6689684 0.432739 0.1315536 0.432739 7.45279e-5 0.5092551 7.45066e-5 0.3288146 0.4721576 0.3288146 0.3408352 0.3321133 0.3408545 0.1814141 0.7739611 0.178121 0.7739843 0.178121 0.642688 0.5859201 0.1315536 0.509404 0.1315536 0.509404 7.45137e-5 0.5166802 0.3312121 0.5166802 0.2546246 0.5199822 0.2546246 0.5160288 0.7454382 0.5160288 0.6689493 0.51933 0.6689684 0.432739 0.1315536 0.432739 7.45279e-5 0.5092551 7.45066e-5 0.3288146 0.4721576 0.3288146 0.3408352 0.3321133 0.3408545 0.1814141 0.7739611 0.178121 0.7739843 0.178121 0.642688 0.5859201 0.1315536 0.509404 0.1315536 0.509404 7.45137e-5 0.5166802 0.3312121 0.5166802 0.2546246 0.5199822 0.2546246 0.5160288 0.7454382 0.5160288 0.6689493 0.51933 0.6689684 0.432739 0.1315536 0.432739 7.45279e-5 0.5092551 7.45066e-5 0.3288146 0.4721576 0.3288146 0.3408352 0.3321133 0.3408545 0.1814141 0.7739611 0.178121 0.7739843 0.178121 0.642688 0.5859201 0.1315536 0.509404 0.1315536 0.509404 7.45137e-5 0.5166802 0.3312121 0.5166802 0.2546246 0.5199822 0.2546246 0.5160288 0.7454382 0.5160288 0.6689493 0.51933 0.6689684 0.432739 0.1315536 0.432739 7.45279e-5 0.5092551 7.45066e-5 0.3288146 0.4721576 0.3288146 0.3408352 0.3321133 0.3408545 0.1814141 0.7739611 0.178121 0.7739843 0.178121 0.642688 0.5859201 0.1315536 0.509404 0.1315536 0.509404 7.45137e-5 0.5166802 0.3312121 0.5166802 0.2546246 0.5199822 0.2546246 0.5160288 0.7454382 0.5160288 0.6689493 0.51933 0.6689684 0.432739 0.1315536 0.432739 7.45279e-5 0.5092551 7.45066e-5 0.3288146 0.4721576 0.3288146 0.3408352 0.3321133 0.3408545 0.1814141 0.7739611 0.178121 0.7739843 0.178121 0.642688 0.5859201 0.1315536 0.509404 0.1315536 0.509404 7.45137e-5 0.5166802 0.3312121 0.5166802 0.2546246 0.5199822 0.2546246 0.5160288 0.7454382 0.5160288 0.6689493 0.51933 0.6689684 0.432739 0.1315536 0.432739 7.45279e-5 0.5092551 7.45066e-5 0.3288146 0.4721576 0.3288146 0.3408352 0.3321133 0.3408545 0.1814141 0.7739611 0.178121 0.7739843 0.178121 0.642688 0.5859201 0.1315536 0.509404 0.1315536 0.509404 7.45137e-5 0.5166802 0.3312121 0.5166802 0.2546246 0.5199822 0.2546246 0.5160288 0.7454382 0.5160288 0.6689493 0.51933 0.6689684 0.432739 0.1315536 0.432739 7.45279e-5 0.5092551 7.45066e-5 0.3288146 0.4721576 0.3288146 0.3408352 0.3321133 0.3408545 0.1814141 0.7739611 0.178121 0.7739843 0.178121 0.642688 0.5859201 0.1315536 0.509404 0.1315536 0.509404 7.45137e-5 0.5166802 0.3312121 0.5166802 0.2546246 0.5199822 0.2546246 0.5160288 0.7454382 0.5160288 0.6689493 0.51933 0.6689684 0.432739 0.1315536 0.432739 7.45279e-5 0.5092551 7.45066e-5 0.3288146 0.4721576 0.3288146 0.3408352 0.3321133 0.3408545 0.1814141 0.7739611 0.178121 0.7739843 0.178121 0.642688 0.5859201 0.1315536 0.509404 0.1315536 0.509404 7.45137e-5 0.5166802 0.3312121 0.5166802 0.2546246 0.5199822 0.2546246 0.5160288 0.7454382 0.5160288 0.6689493 0.51933 0.6689684 0.432739 0.1315536 0.432739 7.45279e-5 0.5092551 7.45066e-5 0.3288146 0.4721576 0.3288146 0.3408352 0.3321133 0.3408545 0.1814141 0.7739611 0.178121 0.7739843 0.178121 0.642688 0.5859201 0.1315536 0.509404 0.1315536 0.509404 7.45137e-5 0.5166802 0.3312121 0.5166802 0.2546246 0.5199822 0.2546246 0.51933 0.7454572 0.5160288 0.7454382 0.5160288 0.6689493 0.432739 0.1315536 0.432739 7.45279e-5 0.5092551 7.45066e-5 0.3288146 0.4721576 0.3288146 0.3408352 0.3321133 0.3408545 0.1814141 0.7739611 0.178121 0.7739843 0.178121 0.642688 0.5859201 0.1315536 0.509404 0.1315536 0.509404 7.45137e-5 0.5166802 0.3312121 0.5166802 0.2546246 0.5199822 0.2546246 0.51933 0.7454572 0.5160288 0.7454382 0.5160288 0.6689493 0.432739 0.1315536 0.432739 7.45279e-5 0.5092551 7.45066e-5 0.3288146 0.4721576 0.3288146 0.3408352 0.3321133 0.3408545 0.1814141 0.7739611 0.178121 0.7739843 0.178121 0.642688 0.5859201 0.1315536 0.509404 0.1315536 0.509404 7.45137e-5 0.5166802 0.3312121 0.5166802 0.2546246 0.5199822 0.2546246 0.51933 0.7454572 0.5160288 0.7454382 0.5160288 0.6689493 0.432739 0.1315536 0.432739 7.45279e-5 0.5092551 7.45066e-5 0.3288146 0.4721576 0.3288146 0.3408352 0.3321133 0.3408545 0.1814141 0.7739611 0.178121 0.7739843 0.178121 0.642688 0.5859201 0.1315536 0.509404 0.1315536 0.509404 7.45137e-5 0.5166802 0.3312121 0.5166802 0.2546246 0.5199822 0.2546246 0.51933 0.7454572 0.5160288 0.7454382 0.5160288 0.6689493 0.432739 0.1315536 0.432739 7.45279e-5 0.5092551 7.45066e-5 0.3288146 0.4721576 0.3288146 0.3408352 0.3321133 0.3408545 0.1814141 0.7739611 0.178121 0.7739843 0.178121 0.642688 0.5859201 0.1315536 0.509404 0.1315536 0.509404 7.45137e-5 0.5166802 0.3312121 0.5166802 0.2546246 0.5199822 0.2546246 0.51933 0.7454572 0.5160288 0.7454382 0.5160288 0.6689493 0.432739 0.1315536 0.432739 7.45279e-5 0.5092551 7.45066e-5 0.3288146 0.4721576 0.3288146 0.3408352 0.3321133 0.3408545 0.1814141 0.7739611 0.178121 0.7739843 0.178121 0.642688 0.5859201 0.1315536 0.509404 0.1315536 0.509404 7.45137e-5 0.5166802 0.3312121 0.5166802 0.2546246 0.5199822 0.2546246 0.51933 0.7454572 0.5160288 0.7454382 0.5160288 0.6689493 0.432739 0.1315536 0.432739 7.45279e-5 0.5092551 7.45066e-5 0.3288146 0.4721576 0.3288146 0.3408352 0.3321133 0.3408545 0.1814141 0.7739611 0.178121 0.7739843 0.178121 0.642688 0.5859201 0.1315536 0.509404 0.1315536 0.509404 7.45137e-5 0.5166802 0.3312121 0.5166802 0.2546246 0.5199822 0.2546246 0.51933 0.7454572 0.5160288 0.7454382 0.5160288 0.6689493 0.432739 0.1315536 0.432739 7.45279e-5 0.5092551 7.45066e-5 0.3288146 0.4721576 0.3288146 0.3408352 0.3321133 0.3408545 0.1814141 0.7739611 0.178121 0.7739843 0.178121 0.642688 0.5859201 0.1315536 0.509404 0.1315536 0.509404 7.45137e-5 0.5166802 0.3312121 0.5166802 0.2546246 0.5199822 0.2546246 0.51933 0.7454572 0.5160288 0.7454382 0.5160288 0.6689493 0.432739 0.1315536 0.432739 7.45279e-5 0.5092551 7.45066e-5 0.3288146 0.4721576 0.3288146 0.3408352 0.3321133 0.3408545 0.1814141 0.7739611 0.178121 0.7739843 0.178121 0.642688 0.5859201 0.1315536 0.509404 0.1315536 0.509404 7.45137e-5 0.5166802 0.3312121 0.5166802 0.2546246 0.5199822 0.2546246 0.51933 0.7454572 0.5160288 0.7454382 0.5160288 0.6689493 0.432739 0.1315536 0.432739 7.45279e-5 0.5092551 7.45066e-5 0.3288146 0.4721576 0.3288146 0.3408352 0.3321133 0.3408545 0.1814141 0.7739611 0.178121 0.7739843 0.178121 0.642688 0.5859201 0.1315536 0.509404 0.1315536 0.509404 7.45137e-5 0.5166802 0.3312121 0.5166802 0.2546246 0.5199822 0.2546246 0.51933 0.7454572 0.5160288 0.7454382 0.5160288 0.6689493 0.432739 0.1315536 0.432739 7.45279e-5 0.5092551 7.45066e-5 0.3288146 0.4721576 0.3288146 0.3408352 0.3321133 0.3408545 0.1814141 0.7739611 0.178121 0.7739843 0.178121 0.642688</float_array>
          <technique_common>
            <accessor source="#Cube_537-mesh-map-1-array" count="2652" stride="2">
              <param name="S" type="float"/>
              <param name="T" type="float"/>
            </accessor>
          </technique_common>
        </source>
        <vertices id="Cube_537-mesh-vertices">
          <input semantic="POSITION" source="#Cube_537-mesh-positions"/>
        </vertices>
        <triangles material="_2texturas_novas_zapo_003-material" count="884">
          <input semantic="VERTEX" source="#Cube_537-mesh-vertices" offset="0"/>
          <input semantic="NORMAL" source="#Cube_537-mesh-normals" offset="1"/>
          <input semantic="TEXCOORD" source="#Cube_537-mesh-map-0" offset="2" set="0"/>
          <input semantic="TEXCOORD" source="#Cube_537-mesh-map-1" offset="2" set="1"/>
          <p>5 0 0 0 0 1 1 0 2 0 0 3 2 0 4 1 0 5 2 1 6 0 1 7 3 1 8 0 1 9 4 1 10 3 1 11 0 2 12 5 2 13 4 2 14 5 2 15 6 2 16 4 2 17 5 3 18 1 3 19 6 3 20 6 4 21 7 4 22 4 4 23 1 3 24 7 3 25 6 3 26 7 4 27 3 4 28 4 4 29 2 5 30 3 5 31 7 5 32 1 5 33 2 5 34 7 5 35 11 4 36 14 4 37 15 4 38 15 3 39 13 3 40 9 3 41 12 1 42 10 1 43 8 1 44 10 0 45 13 0 46 8 0 47 14 2 48 8 2 49 13 2 50 10 5 51 15 5 52 9 5 53 19 4 54 22 4 55 23 4 56 20 1 57 27 1 58 24 1 59 18 0 60 21 0 61 16 0 62 22 2 63 24 2 64 25 2 65 27 5 66 23 5 67 26 5 68 18 5 69 26 5 70 17 5 71 25 2 72 16 2 73 21 2 74 24 1 75 18 1 76 16 1 77 26 3 78 21 3 79 17 3 80 31 4 81 34 4 82 35 4 83 30 0 84 33 0 85 28 0 86 34 2 87 36 2 88 37 2 89 39 5 90 35 5 91 38 5 92 30 5 93 38 5 94 29 5 95 37 2 96 28 2 97 33 2 98 36 1 99 30 1 100 28 1 101 38 3 102 33 3 103 29 3 104 43 4 105 46 4 106 47 4 107 47 3 108 49 3 109 50 3 110 42 0 111 45 0 112 40 0 113 46 2 114 48 2 115 49 2 116 51 5 117 47 5 118 50 5 119 42 5 120 50 5 121 41 5 122 49 2 123 40 2 124 45 2 125 48 1 126 42 1 127 40 1 128 50 3 129 45 3 130 41 3 131 22 4 132 31 4 133 23 4 134 25 2 135 32 2 136 22 2 137 37 2 138 44 2 139 34 2 140 34 4 141 43 4 142 35 4 143 57 0 144 52 0 145 53 0 146 52 0 147 54 0 148 53 0 149 54 1 150 52 1 151 55 1 152 52 1 153 56 1 154 55 1 155 52 2 156 57 2 157 56 2 158 57 2 159 58 2 160 56 2 161 57 3 162 53 3 163 58 3 164 58 4 165 59 4 166 56 4 167 53 3 168 59 3 169 58 3 170 59 4 171 55 4 172 56 4 173 54 5 174 55 5 175 59 5 176 53 5 177 54 5 178 59 5 179 63 1 180 61 1 181 60 1 182 61 1 183 62 1 184 60 1 185 63 2 186 60 2 187 64 2 188 65 2 189 63 2 190 64 2 191 65 3 192 64 3 193 66 3 194 67 3 195 65 3 196 66 3 197 67 5 198 66 5 199 62 5 200 61 5 201 67 5 202 62 5 203 68 4 204 69 4 205 67 4 206 68 4 207 67 4 208 61 4 209 69 6 210 65 6 211 67 6 212 69 4 213 72 4 214 65 4 215 72 5 216 69 5 217 70 5 218 69 5 219 71 5 220 70 5 221 69 1 222 68 1 223 71 1 224 63 7 225 72 7 226 61 7 227 72 8 228 73 8 229 61 8 230 73 3 231 72 3 232 74 3 233 72 4 234 63 4 235 65 4 236 72 3 237 70 3 238 74 3 239 73 2 240 74 2 241 75 2 242 68 2 243 73 2 244 75 2 245 68 1 246 75 1 247 71 1 248 73 4 249 68 4 250 61 4 251 79 4 252 82 4 253 83 4 254 80 1 255 87 1 256 84 1 257 78 0 258 81 0 259 76 0 260 82 2 261 84 2 262 85 2 263 87 5 264 83 5 265 86 5 266 78 5 267 86 5 268 77 5 269 85 2 270 76 2 271 81 2 272 84 1 273 78 1 274 76 1 275 86 3 276 81 3 277 77 3 278 91 4 279 94 4 280 95 4 281 90 0 282 93 0 283 88 0 284 94 2 285 96 2 286 97 2 287 99 5 288 95 5 289 98 5 290 90 5 291 98 5 292 89 5 293 97 2 294 88 2 295 93 2 296 96 1 297 90 1 298 88 1 299 98 3 300 93 3 301 89 3 302 103 4 303 106 4 304 107 4 305 107 3 306 109 3 307 110 3 308 102 0 309 105 0 310 100 0 311 106 2 312 108 2 313 109 2 314 111 5 315 107 5 316 110 5 317 102 5 318 110 5 319 101 5 320 109 2 321 100 2 322 105 2 323 108 1 324 102 1 325 100 1 326 110 3 327 105 3 328 101 3 329 85 2 330 92 2 331 82 2 332 97 2 333 104 2 334 94 2 335 119 9 336 116 9 337 118 9 338 116 10 339 123 10 340 120 10 341 112 11 342 113 11 343 117 11 344 118 12 345 120 12 346 121 12 347 123 13 348 119 13 349 122 13 350 114 14 351 122 14 352 113 14 353 121 15 354 112 15 355 117 15 356 120 16 357 114 16 358 112 16 359 122 17 360 117 17 361 113 17 362 131 18 363 128 18 364 130 18 365 124 19 366 125 19 367 129 19 368 130 20 369 132 20 370 133 20 371 135 21 372 131 21 373 134 21 374 126 22 375 134 22 376 125 22 377 133 23 378 124 23 379 129 23 380 132 24 381 126 24 382 124 24 383 134 25 384 129 25 385 125 25 386 143 4 387 140 4 388 142 4 389 143 26 390 145 26 391 146 26 392 136 27 393 137 27 394 141 27 395 142 28 396 144 28 397 145 28 398 147 29 399 143 29 400 146 29 401 138 30 402 146 30 403 137 30 404 145 31 405 136 31 406 141 31 407 144 32 408 138 32 409 136 32 410 146 33 411 141 33 412 137 33 413 118 4 414 127 4 415 119 4 416 121 34 417 128 34 418 118 34 419 133 35 420 140 35 421 130 35 422 130 36 423 139 36 424 131 36 425 155 4 426 152 4 427 154 4 428 152 37 429 159 37 430 156 37 431 148 38 432 149 38 433 153 38 434 154 39 435 156 39 436 157 39 437 159 40 438 155 40 439 158 40 440 150 41 441 158 41 442 149 41 443 157 42 444 148 42 445 153 42 446 156 43 447 150 43 448 148 43 449 158 44 450 153 44 451 149 44 452 167 45 453 164 45 454 166 45 455 160 46 456 161 46 457 165 46 458 166 47 459 168 47 460 169 47 461 171 48 462 167 48 463 170 48 464 162 49 465 170 49 466 161 49 467 169 50 468 160 50 469 165 50 470 168 51 471 162 51 472 160 51 473 170 52 474 165 52 475 161 52 476 179 4 477 176 4 478 178 4 479 179 53 480 181 53 481 182 53 482 172 54 483 173 54 484 177 54 485 178 55 486 180 55 487 181 55 488 183 56 489 179 56 490 182 56 491 174 57 492 182 57 493 173 57 494 181 58 495 172 58 496 177 58 497 180 59 498 174 59 499 172 59 500 182 60 501 177 60 502 173 60 503 157 61 504 164 61 505 154 61 506 169 62 507 176 62 508 166 62 509 166 4 510 175 4 511 167 4 512 191 4 513 188 4 514 190 4 515 188 63 516 195 63 517 192 63 518 184 64 519 185 64 520 189 64 521 190 65 522 192 65 523 193 65 524 195 66 525 191 66 526 194 66 527 186 14 528 194 14 529 185 14 530 193 67 531 184 67 532 189 67 533 192 68 534 186 68 535 184 68 536 194 69 537 189 69 538 185 69 539 203 70 540 200 70 541 202 70 542 196 71 543 197 71 544 201 71 545 202 72 546 204 72 547 205 72 548 207 21 549 203 21 550 206 21 551 198 73 552 206 73 553 197 73 554 205 74 555 196 74 556 201 74 557 204 75 558 198 75 559 196 75 560 206 76 561 201 76 562 197 76 563 215 4 564 212 4 565 214 4 566 215 77 567 217 77 568 218 77 569 208 78 570 209 78 571 213 78 572 214 79 573 216 79 574 217 79 575 219 80 576 215 80 577 218 80 578 210 81 579 218 81 580 209 81 581 217 31 582 208 31 583 213 31 584 216 82 585 210 82 586 208 82 587 218 83 588 213 83 589 209 83 590 199 84 591 194 84 592 191 84 593 205 85 594 212 85 595 202 85 596 202 86 597 211 86 598 203 86 599 211 87 600 206 87 601 203 87 602 190 4 603 199 4 604 191 4 605 227 4 606 224 4 607 226 4 608 224 88 609 231 88 610 228 88 611 220 38 612 221 38 613 225 38 614 226 89 615 228 89 616 229 89 617 231 90 618 227 90 619 230 90 620 222 91 621 230 91 622 221 91 623 229 92 624 220 92 625 225 92 626 228 93 627 222 93 628 220 93 629 230 94 630 225 94 631 221 94 632 239 95 633 236 95 634 238 95 635 232 96 636 233 96 637 237 96 638 238 97 639 240 97 640 241 97 641 243 98 642 239 98 643 242 98 644 234 99 645 242 99 646 233 99 647 241 100 648 232 100 649 237 100 650 240 51 651 234 51 652 232 51 653 242 101 654 237 101 655 233 101 656 251 4 657 248 4 658 250 4 659 251 102 660 253 102 661 254 102 662 244 54 663 245 54 664 249 54 665 250 55 666 252 55 667 253 55 668 255 103 669 251 103 670 254 103 671 246 104 672 254 104 673 245 104 674 253 105 675 244 105 676 249 105 677 252 106 678 246 106 679 244 106 680 254 107 681 249 107 682 245 107 683 241 108 684 248 108 685 238 108 686 238 4 687 247 4 688 239 4 689 235 109 690 230 109 691 227 109 692 247 110 693 242 110 694 239 110 695 259 4 696 262 4 697 263 4 698 260 1 699 267 1 700 264 1 701 258 0 702 261 0 703 256 0 704 262 2 705 264 2 706 265 2 707 267 5 708 263 5 709 266 5 710 258 5 711 266 5 712 257 5 713 265 2 714 256 2 715 261 2 716 264 1 717 258 1 718 256 1 719 266 3 720 261 3 721 257 3 722 271 4 723 274 4 724 275 4 725 270 0 726 273 0 727 268 0 728 274 2 729 276 2 730 277 2 731 279 5 732 275 5 733 278 5 734 270 5 735 278 5 736 269 5 737 277 2 738 268 2 739 273 2 740 276 1 741 270 1 742 268 1 743 278 3 744 273 3 745 269 3 746 283 4 747 286 4 748 287 4 749 287 3 750 289 3 751 290 3 752 282 0 753 285 0 754 280 0 755 286 2 756 288 2 757 289 2 758 291 5 759 287 5 760 290 5 761 282 5 762 290 5 763 281 5 764 289 2 765 280 2 766 285 2 767 288 1 768 282 1 769 280 1 770 290 3 771 285 3 772 281 3 773 283 5 774 278 5 775 275 5 776 271 5 777 266 5 778 263 5 779 274 4 780 283 4 781 275 4 782 262 4 783 271 4 784 263 4 785 295 4 786 298 4 787 299 4 788 296 1 789 303 1 790 300 1 791 294 0 792 297 0 793 292 0 794 298 2 795 300 2 796 301 2 797 303 5 798 299 5 799 302 5 800 294 5 801 302 5 802 293 5 803 301 2 804 292 2 805 297 2 806 300 1 807 294 1 808 292 1 809 302 3 810 297 3 811 293 3 812 307 4 813 310 4 814 311 4 815 306 0 816 309 0 817 304 0 818 310 2 819 312 2 820 313 2 821 315 5 822 311 5 823 314 5 824 306 5 825 314 5 826 305 5 827 313 2 828 304 2 829 309 2 830 312 1 831 306 1 832 304 1 833 314 3 834 309 3 835 305 3 836 319 4 837 322 4 838 323 4 839 323 3 840 325 3 841 326 3 842 318 0 843 321 0 844 316 0 845 322 2 846 324 2 847 325 2 848 327 5 849 323 5 850 326 5 851 318 5 852 326 5 853 317 5 854 325 2 855 316 2 856 321 2 857 324 1 858 318 1 859 316 1 860 326 3 861 321 3 862 317 3 863 319 5 864 314 5 865 311 5 866 307 5 867 302 5 868 299 5 869 331 4 870 334 4 871 335 4 872 335 3 873 333 3 874 329 3 875 332 1 876 330 1 877 328 1 878 330 0 879 333 0 880 328 0 881 334 2 882 328 2 883 333 2 884 330 5 885 335 5 886 329 5 887 338 1 888 336 1 889 339 1 890 336 1 891 340 1 892 339 1 893 336 2 894 341 2 895 340 2 896 341 2 897 342 2 898 340 2 899 341 3 900 337 3 901 342 3 902 342 4 903 343 4 904 340 4 905 337 3 906 343 3 907 342 3 908 343 4 909 339 4 910 340 4 911 338 5 912 339 5 913 343 5 914 337 5 915 338 5 916 343 5 917 336 0 918 337 0 919 341 0 920 367 4 921 350 4 922 366 4 923 366 3 924 349 3 925 365 3 926 367 1 927 346 1 928 364 1 929 346 0 930 365 0 931 364 0 932 350 2 933 344 2 934 349 2 935 346 5 936 351 5 937 345 5 938 363 4 939 358 4 940 362 4 941 362 3 942 357 3 943 361 3 944 363 1 945 354 1 946 360 1 947 354 0 948 361 0 949 360 0 950 358 2 951 352 2 952 357 2 953 354 5 954 359 5 955 353 5 956 360 0 957 357 0 958 352 0 959 356 1 960 360 1 961 352 1 962 359 3 963 361 3 964 353 3 965 355 4 966 362 4 967 359 4 968 364 0 969 349 0 970 344 0 971 348 1 972 364 1 973 344 1 974 351 3 975 365 3 976 345 3 977 347 4 978 366 4 979 351 4 980 371 4 981 374 4 982 375 4 983 375 3 984 373 3 985 369 3 986 372 1 987 370 1 988 368 1 989 370 0 990 373 0 991 368 0 992 374 2 993 368 2 994 373 2 995 370 5 996 375 5 997 369 5 998 379 4 999 382 4 1000 383 4 1001 383 3 1002 381 3 1003 377 3 1004 380 1 1005 378 1 1006 376 1 1007 378 0 1008 381 0 1009 376 0 1010 382 2 1011 376 2 1012 381 2 1013 378 5 1014 383 5 1015 377 5 1016 387 4 1017 390 4 1018 391 4 1019 391 3 1020 389 3 1021 385 3 1022 388 1 1023 386 1 1024 384 1 1025 386 0 1026 389 0 1027 384 0 1028 390 2 1029 384 2 1030 389 2 1031 386 5 1032 391 5 1033 385 5 1034 395 4 1035 398 4 1036 399 4 1037 399 3 1038 397 3 1039 393 3 1040 396 1 1041 394 1 1042 392 1 1043 394 0 1044 397 0 1045 392 0 1046 398 2 1047 392 2 1048 397 2 1049 394 5 1050 399 5 1051 393 5 1052 403 4 1053 406 4 1054 407 4 1055 407 3 1056 405 3 1057 401 3 1058 404 1 1059 402 1 1060 400 1 1061 402 0 1062 405 0 1063 400 0 1064 406 2 1065 400 2 1066 405 2 1067 402 5 1068 407 5 1069 401 5 1070 411 4 1071 414 4 1072 415 4 1073 415 3 1074 413 3 1075 409 3 1076 412 1 1077 410 1 1078 408 1 1079 410 0 1080 413 0 1081 408 0 1082 414 2 1083 408 2 1084 413 2 1085 410 5 1086 415 5 1087 409 5 1088 419 4 1089 422 4 1090 423 4 1091 423 3 1092 421 3 1093 417 3 1094 420 1 1095 418 1 1096 416 1 1097 418 0 1098 421 0 1099 416 0 1100 422 2 1101 416 2 1102 421 2 1103 418 5 1104 423 5 1105 417 5 1106 427 4 1107 430 4 1108 431 4 1109 431 3 1110 429 3 1111 425 3 1112 428 1 1113 426 1 1114 424 1 1115 426 0 1116 429 0 1117 424 0 1118 430 2 1119 424 2 1120 429 2 1121 426 5 1122 431 5 1123 425 5 1124 435 4 1125 438 4 1126 439 4 1127 439 3 1128 437 3 1129 433 3 1130 436 1 1131 434 1 1132 432 1 1133 434 0 1134 437 0 1135 432 0 1136 438 2 1137 432 2 1138 437 2 1139 434 5 1140 439 5 1141 433 5 1142 443 4 1143 446 4 1144 447 4 1145 447 3 1146 445 3 1147 441 3 1148 444 1 1149 442 1 1150 440 1 1151 442 0 1152 445 0 1153 440 0 1154 446 2 1155 440 2 1156 445 2 1157 442 5 1158 447 5 1159 441 5 1160 451 4 1161 454 4 1162 455 4 1163 455 3 1164 453 3 1165 449 3 1166 452 1 1167 450 1 1168 448 1 1169 450 0 1170 453 0 1171 448 0 1172 454 2 1173 448 2 1174 453 2 1175 450 5 1176 455 5 1177 449 5 1178 459 4 1179 462 4 1180 463 4 1181 463 3 1182 461 3 1183 457 3 1184 460 1 1185 458 1 1186 456 1 1187 458 0 1188 461 0 1189 456 0 1190 462 2 1191 456 2 1192 461 2 1193 458 5 1194 463 5 1195 457 5 1196 467 4 1197 470 4 1198 471 4 1199 471 3 1200 469 3 1201 465 3 1202 468 1 1203 466 1 1204 464 1 1205 466 0 1206 469 0 1207 464 0 1208 470 2 1209 464 2 1210 469 2 1211 466 5 1212 471 5 1213 465 5 1214 475 4 1215 478 4 1216 479 4 1217 479 3 1218 477 3 1219 473 3 1220 476 1 1221 474 1 1222 472 1 1223 474 0 1224 477 0 1225 472 0 1226 478 2 1227 472 2 1228 477 2 1229 474 5 1230 479 5 1231 473 5 1232 483 111 1233 486 111 1234 487 111 1235 487 3 1236 485 3 1237 481 3 1238 480 112 1239 483 112 1240 482 112 1241 482 113 1242 485 113 1243 480 113 1244 486 114 1245 480 114 1246 485 114 1247 482 115 1248 487 115 1249 481 115 1250 491 116 1251 494 116 1252 495 116 1253 495 117 1254 493 117 1255 489 117 1256 488 118 1257 491 118 1258 490 118 1259 490 119 1260 493 119 1261 488 119 1262 494 120 1263 488 120 1264 493 120 1265 490 121 1266 495 121 1267 489 121 1268 499 122 1269 502 122 1270 503 122 1271 503 3 1272 501 3 1273 497 3 1274 496 123 1275 499 123 1276 498 123 1277 498 124 1278 501 124 1279 496 124 1280 502 125 1281 496 125 1282 501 125 1283 498 126 1284 503 126 1285 497 126 1286 507 127 1287 510 127 1288 511 127 1289 511 3 1290 509 3 1291 505 3 1292 504 123 1293 507 123 1294 506 123 1295 506 124 1296 509 124 1297 504 124 1298 510 128 1299 504 128 1300 509 128 1301 506 126 1302 511 126 1303 505 126 1304 515 116 1305 518 116 1306 519 116 1307 519 3 1308 517 3 1309 513 3 1310 512 129 1311 515 129 1312 514 129 1313 514 119 1314 517 119 1315 512 119 1316 518 130 1317 512 130 1318 517 130 1319 514 131 1320 519 131 1321 513 131 1322 523 116 1323 526 116 1324 527 116 1325 527 3 1326 525 3 1327 521 3 1328 520 132 1329 523 132 1330 522 132 1331 522 119 1332 525 119 1333 520 119 1334 526 133 1335 520 133 1336 525 133 1337 522 134 1338 527 134 1339 521 134 1340 531 116 1341 534 116 1342 535 116 1343 535 3 1344 533 3 1345 529 3 1346 528 135 1347 531 135 1348 530 135 1349 530 119 1350 533 119 1351 528 119 1352 534 133 1353 528 133 1354 533 133 1355 530 134 1356 535 134 1357 529 134 1358 539 116 1359 542 116 1360 543 116 1361 543 136 1362 541 136 1363 537 136 1364 536 137 1365 539 137 1366 538 137 1367 538 113 1368 541 113 1369 536 113 1370 542 133 1371 536 133 1372 541 133 1373 538 131 1374 543 131 1375 537 131 1376 547 116 1377 550 116 1378 551 116 1379 551 138 1380 549 138 1381 545 138 1382 544 139 1383 547 139 1384 546 139 1385 546 113 1386 549 113 1387 544 113 1388 550 133 1389 544 133 1390 549 133 1391 546 131 1392 551 131 1393 545 131 1394 555 140 1395 558 140 1396 559 140 1397 559 3 1398 557 3 1399 553 3 1400 552 141 1401 555 141 1402 554 141 1403 554 142 1404 557 142 1405 552 142 1406 558 120 1407 552 120 1408 557 120 1409 554 143 1410 559 143 1411 553 143 1412 11 4 1413 12 4 1414 14 4 1415 15 3 1416 14 3 1417 13 3 1418 12 1 1419 11 1 1420 10 1 1421 10 0 1422 9 0 1423 13 0 1424 14 2 1425 12 2 1426 8 2 1427 10 5 1428 11 5 1429 15 5 1430 19 4 1431 20 4 1432 22 4 1433 20 1 1434 19 1 1435 27 1 1436 18 0 1437 17 0 1438 21 0 1439 22 2 1440 20 2 1441 24 2 1442 27 5 1443 19 5 1444 23 5 1445 18 5 1446 27 5 1447 26 5 1448 25 2 1449 24 2 1450 16 2 1451 24 1 1452 27 1 1453 18 1 1454 26 3 1455 25 3 1456 21 3 1457 31 4 1458 32 4 1459 34 4 1460 30 0 1461 29 0 1462 33 0 1463 34 2 1464 32 2 1465 36 2 1466 39 5 1467 31 5 1468 35 5 1469 30 5 1470 39 5 1471 38 5 1472 37 2 1473 36 2 1474 28 2 1475 36 1 1476 39 1 1477 30 1 1478 38 3 1479 37 3 1480 33 3 1481 43 4 1482 44 4 1483 46 4 1484 47 3 1485 46 3 1486 49 3 1487 42 0 1488 41 0 1489 45 0 1490 46 2 1491 44 2 1492 48 2 1493 51 5 1494 43 5 1495 47 5 1496 42 5 1497 51 5 1498 50 5 1499 49 2 1500 48 2 1501 40 2 1502 48 1 1503 51 1 1504 42 1 1505 50 3 1506 49 3 1507 45 3 1508 22 4 1509 32 4 1510 31 4 1511 25 2 1512 36 2 1513 32 2 1514 37 2 1515 48 2 1516 44 2 1517 34 4 1518 44 4 1519 43 4 1520 79 4 1521 80 4 1522 82 4 1523 80 1 1524 79 1 1525 87 1 1526 78 0 1527 77 0 1528 81 0 1529 82 2 1530 80 2 1531 84 2 1532 87 5 1533 79 5 1534 83 5 1535 78 5 1536 87 5 1537 86 5 1538 85 2 1539 84 2 1540 76 2 1541 84 1 1542 87 1 1543 78 1 1544 86 3 1545 85 3 1546 81 3 1547 91 4 1548 92 4 1549 94 4 1550 90 0 1551 89 0 1552 93 0 1553 94 2 1554 92 2 1555 96 2 1556 99 5 1557 91 5 1558 95 5 1559 90 5 1560 99 5 1561 98 5 1562 97 2 1563 96 2 1564 88 2 1565 96 1 1566 99 1 1567 90 1 1568 98 3 1569 97 3 1570 93 3 1571 103 4 1572 104 4 1573 106 4 1574 107 3 1575 106 3 1576 109 3 1577 102 0 1578 101 0 1579 105 0 1580 106 2 1581 104 2 1582 108 2 1583 111 5 1584 103 5 1585 107 5 1586 102 5 1587 111 5 1588 110 5 1589 109 2 1590 108 2 1591 100 2 1592 108 1 1593 111 1 1594 102 1 1595 110 3 1596 109 3 1597 105 3 1598 85 2 1599 96 2 1600 92 2 1601 97 2 1602 108 2 1603 104 2 1604 119 144 1605 115 144 1606 116 144 1607 116 145 1608 115 145 1609 123 145 1610 112 0 1611 114 0 1612 113 0 1613 118 146 1614 116 146 1615 120 146 1616 123 66 1617 115 66 1618 119 66 1619 114 147 1620 123 147 1621 122 147 1622 121 148 1623 120 148 1624 112 148 1625 120 149 1626 123 149 1627 114 149 1628 122 150 1629 121 150 1630 117 150 1631 131 151 1632 127 151 1633 128 151 1634 124 0 1635 126 0 1636 125 0 1637 130 152 1638 128 152 1639 132 152 1640 135 153 1641 127 153 1642 131 153 1643 126 154 1644 135 154 1645 134 154 1646 133 155 1647 132 155 1648 124 155 1649 132 156 1650 135 156 1651 126 156 1652 134 25 1653 133 25 1654 129 25 1655 143 157 1656 139 157 1657 140 157 1658 143 158 1659 142 158 1660 145 158 1661 136 159 1662 138 159 1663 137 159 1664 142 160 1665 140 160 1666 144 160 1667 147 161 1668 139 161 1669 143 161 1670 138 162 1671 147 162 1672 146 162 1673 145 31 1674 144 31 1675 136 31 1676 144 32 1677 147 32 1678 138 32 1679 146 163 1680 145 163 1681 141 163 1682 118 164 1683 128 164 1684 127 164 1685 121 165 1686 132 165 1687 128 165 1688 133 166 1689 144 166 1690 140 166 1691 130 167 1692 140 167 1693 139 167 1694 155 168 1695 151 168 1696 152 168 1697 152 88 1698 151 88 1699 159 88 1700 148 0 1701 150 0 1702 149 0 1703 154 169 1704 152 169 1705 156 169 1706 159 170 1707 151 170 1708 155 170 1709 150 171 1710 159 171 1711 158 171 1712 157 172 1713 156 172 1714 148 172 1715 156 173 1716 159 173 1717 150 173 1718 158 94 1719 157 94 1720 153 94 1721 167 174 1722 163 174 1723 164 174 1724 160 0 1725 162 0 1726 161 0 1727 166 47 1728 164 47 1729 168 47 1730 171 175 1731 163 175 1732 167 175 1733 162 176 1734 171 176 1735 170 176 1736 169 177 1737 168 177 1738 160 177 1739 168 178 1740 171 178 1741 162 178 1742 170 179 1743 169 179 1744 165 179 1745 179 180 1746 175 180 1747 176 180 1748 179 181 1749 178 181 1750 181 181 1751 172 0 1752 174 0 1753 173 0 1754 178 182 1755 176 182 1756 180 182 1757 183 183 1758 175 183 1759 179 183 1760 174 57 1761 183 57 1762 182 57 1763 181 184 1764 180 184 1765 172 184 1766 180 185 1767 183 185 1768 174 185 1769 182 107 1770 181 107 1771 177 107 1772 157 186 1773 168 186 1774 164 186 1775 169 187 1776 180 187 1777 176 187 1778 166 188 1779 176 188 1780 175 188 1781 191 189 1782 187 189 1783 188 189 1784 188 190 1785 187 190 1786 195 190 1787 184 0 1788 186 0 1789 185 0 1790 190 191 1791 188 191 1792 192 191 1793 195 192 1794 187 192 1795 191 192 1796 186 14 1797 195 14 1798 194 14 1799 193 193 1800 192 193 1801 184 193 1802 192 68 1803 195 68 1804 186 68 1805 194 194 1806 193 194 1807 189 194 1808 203 195 1809 199 195 1810 200 195 1811 196 0 1812 198 0 1813 197 0 1814 202 196 1815 200 196 1816 204 196 1817 207 153 1818 199 153 1819 203 153 1820 198 197 1821 207 197 1822 206 197 1823 205 74 1824 204 74 1825 196 74 1826 204 198 1827 207 198 1828 198 198 1829 206 199 1830 205 199 1831 201 199 1832 215 157 1833 211 157 1834 212 157 1835 215 200 1836 214 200 1837 217 200 1838 208 201 1839 210 201 1840 209 201 1841 214 202 1842 212 202 1843 216 202 1844 219 203 1845 211 203 1846 215 203 1847 210 204 1848 219 204 1849 218 204 1850 217 205 1851 216 205 1852 208 205 1853 216 32 1854 219 32 1855 210 32 1856 218 206 1857 217 206 1858 213 206 1859 199 84 1860 207 84 1861 194 84 1862 205 207 1863 216 207 1864 212 207 1865 202 167 1866 212 167 1867 211 167 1868 211 208 1869 219 208 1870 206 208 1871 190 209 1872 200 209 1873 199 209 1874 227 168 1875 223 168 1876 224 168 1877 224 37 1878 223 37 1879 231 37 1880 220 0 1881 222 0 1882 221 0 1883 226 210 1884 224 210 1885 228 210 1886 231 211 1887 223 211 1888 227 211 1889 222 212 1890 231 212 1891 230 212 1892 229 213 1893 228 213 1894 220 213 1895 228 214 1896 231 214 1897 222 214 1898 230 215 1899 229 215 1900 225 215 1901 239 174 1902 235 174 1903 236 174 1904 232 0 1905 234 0 1906 233 0 1907 238 97 1908 236 97 1909 240 97 1910 243 216 1911 235 216 1912 239 216 1913 234 217 1914 243 217 1915 242 217 1916 241 218 1917 240 218 1918 232 218 1919 240 219 1920 243 219 1921 234 219 1922 242 220 1923 241 220 1924 237 220 1925 251 221 1926 247 221 1927 248 221 1928 251 222 1929 250 222 1930 253 222 1931 244 0 1932 246 0 1933 245 0 1934 250 182 1935 248 182 1936 252 182 1937 255 223 1938 247 223 1939 251 223 1940 246 104 1941 255 104 1942 254 104 1943 253 184 1944 252 184 1945 244 184 1946 252 224 1947 255 224 1948 246 224 1949 254 60 1950 253 60 1951 249 60 1952 241 187 1953 252 187 1954 248 187 1955 238 225 1956 248 225 1957 247 225 1958 235 226 1959 243 226 1960 230 226 1961 247 227 1962 255 227 1963 242 227 1964 259 4 1965 260 4 1966 262 4 1967 260 1 1968 259 1 1969 267 1 1970 258 0 1971 257 0 1972 261 0 1973 262 2 1974 260 2 1975 264 2 1976 267 5 1977 259 5 1978 263 5 1979 258 5 1980 267 5 1981 266 5 1982 265 2 1983 264 2 1984 256 2 1985 264 1 1986 267 1 1987 258 1 1988 266 3 1989 265 3 1990 261 3 1991 271 4 1992 272 4 1993 274 4 1994 270 0 1995 269 0 1996 273 0 1997 274 2 1998 272 2 1999 276 2 2000 279 5 2001 271 5 2002 275 5 2003 270 5 2004 279 5 2005 278 5 2006 277 2 2007 276 2 2008 268 2 2009 276 1 2010 279 1 2011 270 1 2012 278 3 2013 277 3 2014 273 3 2015 283 4 2016 284 4 2017 286 4 2018 287 3 2019 286 3 2020 289 3 2021 282 0 2022 281 0 2023 285 0 2024 286 2 2025 284 2 2026 288 2 2027 291 5 2028 283 5 2029 287 5 2030 282 5 2031 291 5 2032 290 5 2033 289 2 2034 288 2 2035 280 2 2036 288 1 2037 291 1 2038 282 1 2039 290 3 2040 289 3 2041 285 3 2042 283 5 2043 291 5 2044 278 5 2045 271 5 2046 279 5 2047 266 5 2048 274 4 2049 284 4 2050 283 4 2051 262 4 2052 272 4 2053 271 4 2054 295 4 2055 296 4 2056 298 4 2057 296 1 2058 295 1 2059 303 1 2060 294 0 2061 293 0 2062 297 0 2063 298 2 2064 296 2 2065 300 2 2066 303 5 2067 295 5 2068 299 5 2069 294 5 2070 303 5 2071 302 5 2072 301 2 2073 300 2 2074 292 2 2075 300 1 2076 303 1 2077 294 1 2078 302 3 2079 301 3 2080 297 3 2081 307 4 2082 308 4 2083 310 4 2084 306 0 2085 305 0 2086 309 0 2087 310 2 2088 308 2 2089 312 2 2090 315 5 2091 307 5 2092 311 5 2093 306 5 2094 315 5 2095 314 5 2096 313 2 2097 312 2 2098 304 2 2099 312 1 2100 315 1 2101 306 1 2102 314 3 2103 313 3 2104 309 3 2105 319 4 2106 320 4 2107 322 4 2108 323 3 2109 322 3 2110 325 3 2111 318 0 2112 317 0 2113 321 0 2114 322 2 2115 320 2 2116 324 2 2117 327 5 2118 319 5 2119 323 5 2120 318 5 2121 327 5 2122 326 5 2123 325 2 2124 324 2 2125 316 2 2126 324 1 2127 327 1 2128 318 1 2129 326 3 2130 325 3 2131 321 3 2132 319 5 2133 327 5 2134 314 5 2135 307 5 2136 315 5 2137 302 5 2138 331 4 2139 332 4 2140 334 4 2141 335 3 2142 334 3 2143 333 3 2144 332 1 2145 331 1 2146 330 1 2147 330 0 2148 329 0 2149 333 0 2150 334 2 2151 332 2 2152 328 2 2153 330 5 2154 331 5 2155 335 5 2156 336 0 2157 338 0 2158 337 0 2159 367 4 2160 348 4 2161 350 4 2162 366 3 2163 350 3 2164 349 3 2165 367 1 2166 347 1 2167 346 1 2168 346 0 2169 345 0 2170 365 0 2171 350 2 2172 348 2 2173 344 2 2174 346 5 2175 347 5 2176 351 5 2177 363 4 2178 356 4 2179 358 4 2180 362 3 2181 358 3 2182 357 3 2183 363 1 2184 355 1 2185 354 1 2186 354 0 2187 353 0 2188 361 0 2189 358 2 2190 356 2 2191 352 2 2192 354 5 2193 355 5 2194 359 5 2195 360 0 2196 361 0 2197 357 0 2198 356 1 2199 363 1 2200 360 1 2201 359 3 2202 362 3 2203 361 3 2204 355 4 2205 363 4 2206 362 4 2207 364 0 2208 365 0 2209 349 0 2210 348 1 2211 367 1 2212 364 1 2213 351 3 2214 366 3 2215 365 3 2216 347 4 2217 367 4 2218 366 4 2219 371 4 2220 372 4 2221 374 4 2222 375 3 2223 374 3 2224 373 3 2225 372 1 2226 371 1 2227 370 1 2228 370 0 2229 369 0 2230 373 0 2231 374 2 2232 372 2 2233 368 2 2234 370 5 2235 371 5 2236 375 5 2237 379 4 2238 380 4 2239 382 4 2240 383 3 2241 382 3 2242 381 3 2243 380 1 2244 379 1 2245 378 1 2246 378 0 2247 377 0 2248 381 0 2249 382 2 2250 380 2 2251 376 2 2252 378 5 2253 379 5 2254 383 5 2255 387 4 2256 388 4 2257 390 4 2258 391 3 2259 390 3 2260 389 3 2261 388 1 2262 387 1 2263 386 1 2264 386 0 2265 385 0 2266 389 0 2267 390 2 2268 388 2 2269 384 2 2270 386 5 2271 387 5 2272 391 5 2273 395 4 2274 396 4 2275 398 4 2276 399 3 2277 398 3 2278 397 3 2279 396 1 2280 395 1 2281 394 1 2282 394 0 2283 393 0 2284 397 0 2285 398 2 2286 396 2 2287 392 2 2288 394 5 2289 395 5 2290 399 5 2291 403 4 2292 404 4 2293 406 4 2294 407 3 2295 406 3 2296 405 3 2297 404 1 2298 403 1 2299 402 1 2300 402 0 2301 401 0 2302 405 0 2303 406 2 2304 404 2 2305 400 2 2306 402 5 2307 403 5 2308 407 5 2309 411 4 2310 412 4 2311 414 4 2312 415 3 2313 414 3 2314 413 3 2315 412 1 2316 411 1 2317 410 1 2318 410 0 2319 409 0 2320 413 0 2321 414 2 2322 412 2 2323 408 2 2324 410 5 2325 411 5 2326 415 5 2327 419 4 2328 420 4 2329 422 4 2330 423 3 2331 422 3 2332 421 3 2333 420 1 2334 419 1 2335 418 1 2336 418 0 2337 417 0 2338 421 0 2339 422 2 2340 420 2 2341 416 2 2342 418 5 2343 419 5 2344 423 5 2345 427 4 2346 428 4 2347 430 4 2348 431 3 2349 430 3 2350 429 3 2351 428 1 2352 427 1 2353 426 1 2354 426 0 2355 425 0 2356 429 0 2357 430 2 2358 428 2 2359 424 2 2360 426 5 2361 427 5 2362 431 5 2363 435 4 2364 436 4 2365 438 4 2366 439 3 2367 438 3 2368 437 3 2369 436 1 2370 435 1 2371 434 1 2372 434 0 2373 433 0 2374 437 0 2375 438 2 2376 436 2 2377 432 2 2378 434 5 2379 435 5 2380 439 5 2381 443 4 2382 444 4 2383 446 4 2384 447 3 2385 446 3 2386 445 3 2387 444 1 2388 443 1 2389 442 1 2390 442 0 2391 441 0 2392 445 0 2393 446 2 2394 444 2 2395 440 2 2396 442 5 2397 443 5 2398 447 5 2399 451 4 2400 452 4 2401 454 4 2402 455 3 2403 454 3 2404 453 3 2405 452 1 2406 451 1 2407 450 1 2408 450 0 2409 449 0 2410 453 0 2411 454 2 2412 452 2 2413 448 2 2414 450 5 2415 451 5 2416 455 5 2417 459 4 2418 460 4 2419 462 4 2420 463 3 2421 462 3 2422 461 3 2423 460 1 2424 459 1 2425 458 1 2426 458 0 2427 457 0 2428 461 0 2429 462 2 2430 460 2 2431 456 2 2432 458 5 2433 459 5 2434 463 5 2435 467 4 2436 468 4 2437 470 4 2438 471 3 2439 470 3 2440 469 3 2441 468 1 2442 467 1 2443 466 1 2444 466 0 2445 465 0 2446 469 0 2447 470 2 2448 468 2 2449 464 2 2450 466 5 2451 467 5 2452 471 5 2453 475 4 2454 476 4 2455 478 4 2456 479 3 2457 478 3 2458 477 3 2459 476 1 2460 475 1 2461 474 1 2462 474 0 2463 473 0 2464 477 0 2465 478 2 2466 476 2 2467 472 2 2468 474 5 2469 475 5 2470 479 5 2471 483 228 2472 484 228 2473 486 228 2474 487 229 2475 486 229 2476 485 229 2477 480 230 2478 484 230 2479 483 230 2480 482 231 2481 481 231 2482 485 231 2483 486 232 2484 484 232 2485 480 232 2486 482 233 2487 483 233 2488 487 233 2489 491 228 2490 492 228 2491 494 228 2492 495 234 2493 494 234 2494 493 234 2495 488 235 2496 492 235 2497 491 235 2498 490 236 2499 489 236 2500 493 236 2501 494 237 2502 492 237 2503 488 237 2504 490 238 2505 491 238 2506 495 238 2507 499 239 2508 500 239 2509 502 239 2510 503 3 2511 502 3 2512 501 3 2513 496 240 2514 500 240 2515 499 240 2516 498 241 2517 497 241 2518 501 241 2519 502 125 2520 500 125 2521 496 125 2522 498 242 2523 499 242 2524 503 242 2525 507 243 2526 508 243 2527 510 243 2528 511 244 2529 510 244 2530 509 244 2531 504 1 2532 508 1 2533 507 1 2534 506 241 2535 505 241 2536 509 241 2537 510 128 2538 508 128 2539 504 128 2540 506 242 2541 507 242 2542 511 242 2543 515 228 2544 516 228 2545 518 228 2546 519 245 2547 518 245 2548 517 245 2549 512 1 2550 516 1 2551 515 1 2552 514 236 2553 513 236 2554 517 236 2555 518 246 2556 516 246 2557 512 246 2558 514 247 2559 515 247 2560 519 247 2561 523 228 2562 524 228 2563 526 228 2564 527 248 2565 526 248 2566 525 248 2567 520 1 2568 524 1 2569 523 1 2570 522 236 2571 521 236 2572 525 236 2573 526 249 2574 524 249 2575 520 249 2576 522 250 2577 523 250 2578 527 250 2579 531 228 2580 532 228 2581 534 228 2582 535 251 2583 534 251 2584 533 251 2585 528 1 2586 532 1 2587 531 1 2588 530 236 2589 529 236 2590 533 236 2591 534 249 2592 532 249 2593 528 249 2594 530 250 2595 531 250 2596 535 250 2597 539 228 2598 540 228 2599 542 228 2600 543 251 2601 542 251 2602 541 251 2603 536 1 2604 540 1 2605 539 1 2606 538 236 2607 537 236 2608 541 236 2609 542 249 2610 540 249 2611 536 249 2612 538 247 2613 539 247 2614 543 247 2615 547 228 2616 548 228 2617 550 228 2618 551 252 2619 550 252 2620 549 252 2621 544 1 2622 548 1 2623 547 1 2624 546 236 2625 545 236 2626 549 236 2627 550 249 2628 548 249 2629 544 249 2630 546 247 2631 547 247 2632 551 247 2633 555 228 2634 556 228 2635 558 228 2636 559 253 2637 558 253 2638 557 253 2639 552 1 2640 556 1 2641 555 1 2642 554 236 2643 553 236 2644 557 236 2645 558 237 2646 556 237 2647 552 237 2648 554 254 2649 555 254 2650 559 254 2651</p>
        </triangles>
      </mesh>
    </geometry>
  </library_geometries>
  <library_visual_scenes>
    <visual_scene id="Scene" name="Scene">
      <node id="stone_tower" name="stone_tower" type="NODE">
        <matrix sid="transform">1.052207 0 0 0 0 1.052207 0 0 0 0 1.052207 0 0 0 0 1</matrix>
        <instance_geometry url="#Cube_537-mesh" name="stone_tower">
          <bind_material>
            <technique_common>
              <instance_material symbol="_2texturas_novas_zapo_003-material" target="#_2texturas_novas_zapo_003-material">
                <bind_vertex_input semantic="Cube_537-mesh-map-0" input_semantic="TEXCOORD" input_set="0"/>
                <bind_vertex_input semantic="Cube_537-mesh-map-1" input_semantic="TEXCOORD" input_set="1"/>
              </instance_material>
            </technique_common>
          </bind_material>
        </instance_geometry>
        <node id="prop_garrisoned" name="prop_garrisoned" type="NODE">
          <matrix sid="transform">-0.7829416 1.18221e-7 0 5.35037e-14 -1.18221e-7 -0.7829416 0 0 0 0 0.7829416 9.013988 0 0 0 1</matrix>
        </node>
        <node id="prop_projectile" name="prop_projectile" type="NODE">
          <matrix sid="transform">-0.7829416 1.18221e-7 0 5.35037e-14 -1.18221e-7 -0.7829416 0 0 0 0 0.7829416 9.013988 0 0 0 1</matrix>
        </node>
      </node>
    </visual_scene>
  </library_visual_scenes>
  <scene>
    <instance_visual_scene url="#Scene"/>
  </scene>
</COLLADA>