<?xml version="1.0" encoding="utf-8"?>
<COLLADA xmlns="http://www.collada.org/2005/11/COLLADASchema" version="1.4.1" xmlns:xsi="http://www.w3.org/2001/XMLSchema-instance">
  <asset>
    <contributor>
      <author>Blender User</author>
      <authoring_tool>Blender 4.3.1 commit date:2024-12-10, commit time:07:46, hash:33d812126174</authoring_tool>
    </contributor>
    <created>2026-09-10T12:33:39</created>
    <modified>2026-09-10T12:33:39</modified>
    <unit name="inch" meter="0.0254"/>
    <up_axis>Z_UP</up_axis>
  </asset>
  <library_effects>
    <effect id="_2texturas_novas_zapo_006-effect">
      <profile_COMMON>
        <technique sid="common">
          <lambert>
            <emission>
              <color sid="emission">0 0 0 1</color>
            </emission>
            <diffuse>
              <color sid="diffuse">0.8 0.8 0.8 1</color>
            </diffuse>
            <index_of_refraction>
              <float sid="ior">1.45</float>
            </index_of_refraction>
          </lambert>
        </technique>
      </profile_COMMON>
    </effect>
  </library_effects>
  <library_images/>
  <library_materials>
    <material id="_2texturas_novas_zapo_006-material" name="22texturas novas zapo.006">
      <instance_effect url="#_2texturas_novas_zapo_006-effect"/>
    </material>
  </library_materials>
  <library_geometries>
    <geometry id="Cube_124-mesh" name="Cube.124">
      <mesh>
        <source id="Cube_124-mesh-positions">
          <float_array id="Cube_124-mesh-positions-array" count="2352">12.51962 -2.805971 7.140073 -12.60329 2.819594 7.140073 -12.60329 -2.805971 7.140073 -12.60329 -2.805971 8.543406 12.51962 -2.805971 8.543406 12.51962 2.819594 7.140073 12.51962 2.819594 8.543406 -12.60329 2.819594 8.543406 12.41703 -2.019176 7.467609 11.89233 -1.578647 7.467609 11.89233 -2.019176 7.467609 11.89233 -2.019176 8.709802 12.41703 -2.019176 8.709802 12.41703 -1.578647 7.467609 12.41703 -1.578647 8.709802 11.89233 -1.578647 8.709802 12.72162 -2.959244 7.457712 12.17472 -2.016679 7.457712 12.17472 -2.959244 7.457712 12.17472 -2.959244 8.500649 12.72162 -2.959244 8.500649 12.72162 -2.016679 7.457712 12.72162 -2.016679 8.500649 12.17472 -2.016679 8.500649 12.72162 -2.959244 8.09676 12.72162 -2.016679 8.09676 12.17472 -2.016679 8.09676 12.17472 -2.959244 8.09676 12.72162 -0.5809407 7.457712 12.17472 0.7153325 7.457712 12.17472 -0.5809407 7.457712 12.17472 -0.5809407 8.500649 12.72162 -0.5809407 8.500649 12.72162 0.7153325 7.457712 12.72162 0.7153325 8.500649 12.17472 0.7153325 8.500649 12.72162 -0.5809407 8.09676 12.72162 0.7153325 8.09676 12.17472 0.7153325 8.09676 12.17472 -0.5809407 8.09676 12.72162 2.004678 7.457712 12.17472 2.973004 7.457712 12.17472 2.004678 7.457712 12.17472 2.004678 8.500649 12.72162 2.004678 8.500649 12.72162 2.973004 7.457712 12.72162 2.973004 8.500649 12.17472 2.973004 8.500649 12.72162 2.004678 8.09676 12.72162 2.973004 8.09676 12.17472 2.973004 8.09676 12.17472 2.004678 8.09676 12.46142 -2.69502 5.694442 -12.53319 -2.695028 10.32004 -12.53319 -2.695028 5.694442 12.46142 -2.69502 10.32004 12.46142 2.741155 5.694442 12.46142 2.741155 10.32004 -12.5332 2.741155 5.694442 -12.5332 2.741155 10.32004 -11.72732 1.935271 10.32004 11.65554 1.935271 10.32004 11.65554 -1.889136 8.497328 11.65554 1.935271 8.497328 11.65554 -1.889136 10.32004 -11.72732 -1.889136 10.32004 -11.72732 -1.889136 8.497328 -11.72732 1.935271 8.497328 12.60046 -2.845322 7.150192 12.17472 -1.588658 7.150192 12.17472 -2.845322 7.150192 12.17472 -2.845322 8.265487 12.60046 -2.845322 8.265487 12.60046 -1.588658 7.150192 12.60046 -1.588658 8.265487 12.17472 -1.588658 8.265487 12.60046 -2.845322 7.753062 12.60046 -1.588658 7.753062 12.17472 -1.588658 7.753062 12.17472 -2.845322 7.753062 12.60046 -0.8629298 7.150192 12.17472 1.002837 7.150192 12.17472 -0.8629298 7.150192 12.17472 -0.8629298 8.265487 12.60046 -0.8629298 8.265487 12.60046 1.002837 7.150192 12.60046 1.002837 8.265487 12.17472 1.002837 8.265487 12.60046 -0.8629298 7.753062 12.60046 1.002837 7.753062 12.17472 1.002837 7.753062 12.17472 -0.8629298 7.753062 12.60046 1.561669 7.150192 12.17472 2.859082 7.150192 12.17472 1.561669 7.150192 12.17472 1.561669 8.265487 12.60046 1.561669 8.265487 12.60046 2.859082 7.150192 12.60046 2.859082 8.265487 12.17472 2.859082 8.265487 12.60046 1.561669 7.753062 12.60046 2.859082 7.753062 12.17472 2.859082 7.753062 12.17472 1.561669 7.753062 12.72066 2.97631 7.457712 11.76105 2.418113 7.457712 12.72055 2.417703 7.457712 12.72055 2.417703 8.500649 12.72066 2.97631 8.500649 11.76116 2.97672 7.457712 11.76116 2.97672 8.500649 11.76105 2.418113 8.500649 12.72066 2.97631 8.09676 11.76116 2.97672 8.09676 11.76105 2.418113 8.09676 12.72055 2.417703 8.09676 -0.8732284 2.978141 7.457712 -2.545326 2.419918 7.457712 -0.8733328 2.419533 7.457712 -0.8733328 2.419533 8.500649 -0.8732284 2.978141 8.500649 -2.545222 2.978534 7.457712 -2.545222 2.978534 8.500649 -2.545326 2.419918 8.500649 -0.8732284 2.978141 8.09676 -2.545222 2.978534 8.09676 -2.545326 2.419918 8.09676 -0.8733328 2.419533 8.09676 -11.84767 2.979008 7.457712 -12.76907 2.420818 7.457712 -11.84777 2.4204 7.457712 -11.84777 2.4204 8.500649 -11.84767 2.979008 8.500649 -12.76896 2.979425 7.457712 -12.76896 2.979425 8.500649 -12.76907 2.420818 8.500649 -11.84767 2.979008 8.09676 -12.76896 2.979425 8.09676 -12.76907 2.420818 8.09676 -11.84777 2.4204 8.09676 2.733771 2.978141 7.457712 1.061673 2.419918 7.457712 2.733666 2.419533 7.457712 2.733666 2.419533 8.500649 2.733771 2.978141 8.500649 1.061777 2.978534 7.457712 1.061777 2.978534 8.500649 1.061673 2.419918 8.500649 2.733771 2.978141 8.09676 1.061777 2.978534 8.09676 1.061673 2.419918 8.09676 2.733666 2.419533 8.09676 -8.339714 2.978141 7.457712 -10.01181 2.419918 7.457712 -8.339818 2.419526 7.457712 -8.339818 2.419526 8.500649 -8.339714 2.978141 8.500649 -10.01171 2.978534 7.457712 -10.01171 2.978534 8.500649 -10.01181 2.419918 8.500649 -8.339714 2.978141 8.09676 -10.01171 2.978534 8.09676 -10.01181 2.419918 8.09676 -8.339818 2.419526 8.09676 -4.732714 2.978141 7.457712 -6.404813 2.419918 7.457712 -4.732819 2.419526 7.457712 -4.732819 2.419526 8.500649 -4.732714 2.978141 8.500649 -6.404708 2.978534 7.457712 -6.404708 2.978534 8.500649 -6.404813 2.419918 8.500649 -4.732714 2.978141 8.09676 -6.404708 2.978534 8.09676 -6.404813 2.419918 8.09676 -4.732819 2.419526 8.09676 6.412907 2.978141 7.457712 4.740809 2.419918 7.457712 6.412803 2.419533 7.457712 6.412803 2.419533 8.500649 6.412907 2.978141 8.500649 4.740913 2.978534 7.457712 4.740913 2.978534 8.500649 4.740809 2.419918 8.500649 6.412907 2.978141 8.09676 4.740913 2.978534 8.09676 4.740809 2.419918 8.09676 6.412803 2.419533 8.09676 10.01991 2.978141 7.457712 8.347809 2.419918 7.457712 10.0198 2.419533 7.457712 10.0198 2.419533 8.500649 10.01991 2.978141 8.500649 8.347912 2.978534 7.457712 8.347912 2.978534 8.500649 8.347809 2.419918 8.500649 10.01991 2.978141 8.09676 8.347912 2.978534 8.09676 8.347809 2.419918 8.09676 10.0198 2.419533 8.09676 12.61031 2.852555 7.150192 11.48327 2.418169 7.150192 12.61022 2.417703 7.150192 12.61022 2.417703 8.265487 12.61031 2.852555 8.265487 11.48334 2.853021 7.150192 11.48334 2.853021 8.265487 11.48327 2.418169 8.265487 12.61031 2.852555 7.753062 11.48334 2.853021 7.753062 11.48327 2.418169 7.753062 12.61022 2.417703 7.753062 -0.5912715 2.854329 7.150192 -2.832831 2.419975 7.150192 -0.5913518 2.419469 7.150192 -0.5913518 2.419469 8.265487 -0.5912715 2.854329 8.265487 -2.832751 2.854828 7.150192 -2.832751 2.854828 8.265487 -2.832831 2.419975 8.265487 -0.5912715 2.854329 7.753062 -2.832751 2.854828 7.753062 -2.832831 2.419975 7.753062 -0.5913518 2.419469 7.753062 -11.5602 2.855196 7.150192 -12.64872 2.420818 7.150192 -11.56027 2.420344 7.150192 -11.56027 2.420344 8.265487 -11.5602 2.855196 8.265487 -12.64863 2.855671 7.150192 -12.64863 2.855671 8.265487 -12.64872 2.420818 8.265487 -11.5602 2.855196 7.753062 -12.64863 2.855671 7.753062 -12.64872 2.420818 7.753062 -11.56027 2.420344 7.753062 3.015727 2.854329 7.150192 0.7741686 2.419975 7.150192 3.015647 2.419477 7.150192 3.015647 2.419477 8.265487 3.015727 2.854329 8.265487 0.7742488 2.854828 7.150192 0.7742488 2.854828 8.265487 0.7741686 2.419975 8.265487 3.015727 2.854329 7.753062 0.7742488 2.854828 7.753062 0.7741686 2.419975 7.753062 3.015647 2.419477 7.753062 -8.057758 2.854329 7.150192 -10.29932 2.419975 7.150192 -8.057837 2.419469 7.150192 -8.057837 2.419469 8.265487 -8.057758 2.854329 8.265487 -10.29924 2.854828 7.150192 -10.29924 2.854828 8.265487 -10.29932 2.419975 8.265487 -8.057758 2.854329 7.753062 -10.29924 2.854828 7.753062 -10.29932 2.419975 7.753062 -8.057837 2.419469 7.753062 -4.450758 2.854329 7.150192 -6.692317 2.419975 7.150192 -4.450838 2.419469 7.150192 -4.450838 2.419469 8.265487 -4.450758 2.854329 8.265487 -6.692236 2.854828 7.150192 -6.692236 2.854828 8.265487 -6.692317 2.419975 8.265487 -4.450758 2.854329 7.753062 -6.692236 2.854828 7.753062 -6.692317 2.419975 7.753062 -4.450838 2.419469 7.753062 6.694864 2.854329 7.150192 4.453305 2.419975 7.150192 6.694784 2.419477 7.150192 6.694784 2.419477 8.265487 6.694864 2.854329 8.265487 4.453385 2.854835 7.150192 4.453385 2.854835 8.265487 4.453305 2.419975 8.265487 6.694864 2.854329 7.753062 4.453385 2.854835 7.753062 4.453305 2.419975 7.753062 6.694784 2.419477 7.753062 10.30187 2.854329 7.150192 8.060304 2.419975 7.150192 10.30179 2.419477 7.150192 10.30179 2.419477 8.265487 10.30187 2.854329 8.265487 8.060384 2.854835 7.150192 8.060384 2.854835 8.265487 8.060304 2.419975 8.265487 10.30187 2.854329 7.753062 8.060384 2.854835 7.753062 8.060304 2.419975 7.753062 10.30179 2.419477 7.753062 12.72066 -2.401559 7.457712 11.76105 -2.959757 7.457712 12.72055 -2.960166 7.457712 12.72055 -2.960166 8.500649 12.72066 -2.401559 8.500649 11.76116 -2.40115 7.457712 11.76116 -2.40115 8.500649 11.76105 -2.959757 8.500649 12.72066 -2.401559 8.09676 11.76116 -2.40115 8.09676 11.76105 -2.959757 8.09676 12.72055 -2.960166 8.09676 -0.8732284 -2.399729 7.457712 -2.545326 -2.957952 7.457712 -0.8733328 -2.958345 7.457712 -0.8733328 -2.958345 8.500649 -0.8732284 -2.399729 8.500649 -2.545222 -2.399343 7.457712 -2.545222 -2.399343 8.500649 -2.545326 -2.957952 8.500649 -0.8732284 -2.399729 8.09676 -2.545222 -2.399343 8.09676 -2.545326 -2.957952 8.09676 -0.8733328 -2.958345 8.09676 -11.84767 -2.398863 7.457712 -12.76907 -2.957052 7.457712 -11.84777 -2.95747 7.457712 -11.84777 -2.95747 8.500649 -11.84767 -2.398863 8.500649 -12.76896 -2.398445 7.457712 -12.76896 -2.398445 8.500649 -12.76907 -2.957052 8.500649 -11.84767 -2.398863 8.09676 -12.76896 -2.398445 8.09676 -12.76907 -2.957052 8.09676 -11.84777 -2.95747 8.09676 2.733771 -2.399737 7.457712 1.061673 -2.957952 7.457712 2.733666 -2.958345 7.457712 2.733666 -2.958345 8.500649 2.733771 -2.399737 8.500649 1.061777 -2.399343 7.457712 1.061777 -2.399343 8.500649 1.061673 -2.957952 8.500649 2.733771 -2.399737 8.09676 1.061777 -2.399343 8.09676 1.061673 -2.957952 8.09676 2.733666 -2.958345 8.09676 -8.339714 -2.399737 7.457712 -10.01181 -2.957952 7.457712 -8.339818 -2.958345 7.457712 -8.339818 -2.958345 8.500649 -8.339714 -2.399737 8.500649 -10.01171 -2.399343 7.457712 -10.01171 -2.399343 8.500649 -10.01181 -2.957952 8.500649 -8.339714 -2.399737 8.09676 -10.01171 -2.399343 8.09676 -10.01181 -2.957952 8.09676 -8.339818 -2.958345 8.09676 -4.732714 -2.399729 7.457712 -6.404813 -2.957952 7.457712 -4.732819 -2.958345 7.457712 -4.732819 -2.958345 8.500649 -4.732714 -2.399729 8.500649 -6.404708 -2.399343 7.457712 -6.404708 -2.399343 8.500649 -6.404813 -2.957952 8.500649 -4.732714 -2.399729 8.09676 -6.404708 -2.399343 8.09676 -6.404813 -2.957952 8.09676 -4.732819 -2.958345 8.09676 6.412907 -2.399729 7.457712 4.740809 -2.957952 7.457712 6.412803 -2.958345 7.457712 6.412803 -2.958345 8.500649 6.412907 -2.399729 8.500649 4.740913 -2.399343 7.457712 4.740913 -2.399343 8.500649 4.740809 -2.957952 8.500649 6.412907 -2.399729 8.09676 4.740913 -2.399343 8.09676 4.740809 -2.957952 8.09676 6.412803 -2.958345 8.09676 10.01991 -2.399729 7.457712 8.347809 -2.957952 7.457712 10.0198 -2.958345 7.457712 10.0198 -2.958345 8.500649 10.01991 -2.399729 8.500649 8.347912 -2.399343 7.457712 8.347912 -2.399343 8.500649 8.347809 -2.957952 8.500649 10.01991 -2.399729 8.09676 8.347912 -2.399343 8.09676 8.347809 -2.957952 8.09676 10.0198 -2.958345 8.09676 12.61031 -2.404152 7.150192 11.48327 -2.838531 7.150192 12.61023 -2.839005 7.150192 12.61023 -2.839005 8.265487 12.61031 -2.404152 8.265487 11.48334 -2.403678 7.150192 11.48334 -2.403678 8.265487 11.48327 -2.838531 8.265487 12.61031 -2.404152 7.753062 11.48334 -2.403678 7.753062 11.48327 -2.838531 7.753062 12.61023 -2.839005 7.753062 -0.5912715 -2.402378 7.150192 -2.832831 -2.836725 7.150192 -0.5913518 -2.837231 7.150192 -0.5913518 -2.837231 8.265487 -0.5912715 -2.402378 8.265487 -2.832751 -2.401873 7.150192 -2.832751 -2.401873 8.265487 -2.832831 -2.836725 8.265487 -0.5912715 -2.402378 7.753062 -2.832751 -2.401873 7.753062 -2.832831 -2.836725 7.753062 -0.5913518 -2.837231 7.753062 -11.56019 -2.401504 7.150192 -12.64872 -2.835882 7.150192 -11.56027 -2.836355 7.150192 -11.56027 -2.836355 8.265487 -11.56019 -2.401504 8.265487 -12.64863 -2.401029 7.150192 -12.64863 -2.401029 8.265487 -12.64872 -2.835882 8.265487 -11.56019 -2.401504 7.753062 -12.64863 -2.401029 7.753062 -12.64872 -2.835882 7.753062 -11.56027 -2.836355 7.753062 3.015727 -2.402378 7.150192 0.7741686 -2.836725 7.150192 3.015647 -2.837231 7.150192 3.015647 -2.837231 8.265487 3.015727 -2.402378 8.265487 0.7742488 -2.401873 7.150192 0.7742488 -2.401873 8.265487 0.7741686 -2.836725 8.265487 3.015727 -2.402378 7.753062 0.7742488 -2.401873 7.753062 0.7741686 -2.836725 7.753062 3.015647 -2.837231 7.753062 -8.057758 -2.402378 7.150192 -10.29932 -2.836725 7.150192 -8.057837 -2.837231 7.150192 -8.057837 -2.837231 8.265487 -8.057758 -2.402378 8.265487 -10.29924 -2.401873 7.150192 -10.29924 -2.401873 8.265487 -10.29932 -2.836725 8.265487 -8.057758 -2.402378 7.753062 -10.29924 -2.401873 7.753062 -10.29932 -2.836725 7.753062 -8.057837 -2.837231 7.753062 -4.450758 -2.402378 7.150192 -6.692317 -2.836725 7.150192 -4.450838 -2.837231 7.150192 -4.450838 -2.837231 8.265487 -4.450758 -2.402378 8.265487 -6.692236 -2.401873 7.150192 -6.692236 -2.401873 8.265487 -6.692317 -2.836725 8.265487 -4.450758 -2.402378 7.753062 -6.692236 -2.401873 7.753062 -6.692317 -2.836725 7.753062 -4.450838 -2.837231 7.753062 6.694864 -2.402378 7.150192 4.453305 -2.836725 7.150192 6.694784 -2.837231 7.150192 6.694784 -2.837231 8.265487 6.694864 -2.402378 8.265487 4.453385 -2.401873 7.150192 4.453385 -2.401873 8.265487 4.453305 -2.836725 8.265487 6.694864 -2.402378 7.753062 4.453385 -2.401873 7.753062 4.453305 -2.836725 7.753062 6.694784 -2.837231 7.753062 10.30187 -2.402378 7.150192 8.060304 -2.836725 7.150192 10.30179 -2.837231 7.150192 10.30179 -2.837231 8.265487 10.30187 -2.402378 8.265487 8.060384 -2.401873 7.150192 8.060384 -2.401873 8.265487 8.060304 -2.836725 8.265487 10.30187 -2.402378 7.753062 8.060384 -2.401873 7.753062 8.060304 -2.836725 7.753062 10.30179 -2.837231 7.753062 -12.22152 -2.959244 7.457712 -12.76842 -2.016687 7.457712 -12.76842 -2.959244 7.457712 -12.76842 -2.959244 8.500649 -12.22152 -2.959244 8.500649 -12.22152 -2.016687 7.457712 -12.22152 -2.016687 8.500649 -12.76842 -2.016687 8.500649 -12.22152 -2.959244 8.09676 -12.22152 -2.016687 8.09676 -12.76842 -2.016687 8.09676 -12.76842 -2.959244 8.09676 -12.22152 -0.5809488 7.457712 -12.76842 0.7153325 7.457712 -12.76842 -0.5809488 7.457712 -12.76842 -0.5809488 8.500649 -12.22152 -0.5809488 8.500649 -12.22152 0.7153325 7.457712 -12.22152 0.7153325 8.500649 -12.76842 0.7153325 8.500649 -12.22152 -0.5809488 8.09676 -12.22152 0.7153325 8.09676 -12.76842 0.7153325 8.09676 -12.76842 -0.5809488 8.09676 -12.22152 2.00467 7.457712 -12.76842 2.973004 7.457712 -12.76842 2.00467 7.457712 -12.76842 2.00467 8.500649 -12.22152 2.00467 8.500649 -12.22152 2.973004 7.457712 -12.22152 2.973004 8.500649 -12.76842 2.973004 8.500649 -12.22152 2.00467 8.09676 -12.22152 2.973004 8.09676 -12.76842 2.973004 8.09676 -12.76842 2.00467 8.09676 -12.23364 -2.845322 7.150192 -12.65937 -1.588658 7.150192 -12.65937 -2.845322 7.150192 -12.65937 -2.845322 8.265487 -12.23364 -2.845322 8.265487 -12.23364 -1.588658 7.150192 -12.23364 -1.588658 8.265487 -12.65937 -1.588658 8.265487 -12.23364 -2.845322 7.753062 -12.23364 -1.588658 7.753062 -12.65937 -1.588658 7.753062 -12.65937 -2.845322 7.753062 -12.23364 -0.8629298 7.150192 -12.65937 1.002837 7.150192 -12.65937 -0.8629298 7.150192 -12.65937 -0.8629298 8.265487 -12.23364 -0.8629298 8.265487 -12.23364 1.002837 7.150192 -12.23364 1.002837 8.265487 -12.65937 1.002837 8.265487 -12.23364 -0.8629298 7.753062 -12.23364 1.002837 7.753062 -12.65937 1.002837 7.753062 -12.65937 -0.8629298 7.753062 -12.23364 1.561669 7.150192 -12.65937 2.859082 7.150192 -12.65937 1.561669 7.150192 -12.65937 1.561669 8.265487 -12.23364 1.561669 8.265487 -12.23364 2.859082 7.150192 -12.23364 2.859082 8.265487 -12.65937 2.859082 8.265487 -12.23364 1.561669 7.753062 -12.23364 2.859082 7.753062 -12.65937 2.859082 7.753062 -12.65937 1.561669 7.753062 -11.88435 -0.1233777 7.467609 -12.40906 0.3171584 7.467609 -12.40906 -0.1233777 7.467609 -12.40906 -0.1233777 8.709802 -11.88435 -0.1233777 8.709802 -11.88435 0.3171584 7.467609 -11.88435 0.3171584 8.709802 -12.40906 0.3171584 8.709802 12.37119 -2.512334 1.469507 -12.45683 2.569178 1.469507 -12.45683 -2.512334 1.469507 -12.45683 -2.512334 5.670476 12.37119 -2.512334 5.670476 12.37119 2.569185 1.469507 12.37119 2.569185 5.670476 -12.45683 2.569178 5.670476 12.86063 -2.886175 3.253847 -12.87653 2.94709 3.253847 -12.87653 -2.886175 3.253847 -12.87653 -2.886175 3.636935 12.86063 -2.886175 3.636935 12.86063 2.94709 3.253847 12.86063 2.94709 3.636935 -12.87653 2.94709 3.636935 12.86063 -2.886175 3.601162 -12.87653 2.94709 3.601162 -12.87653 -2.886175 3.601162 -12.87653 -2.886175 3.984251 12.86063 -2.886175 3.984251 12.86063 2.94709 3.601162 12.86063 2.94709 3.984251 -12.87653 2.94709 3.984251 -1.606029 -2.886175 3.601162 -1.606029 2.94709 3.601162 -1.606029 2.94709 3.984251 -1.606029 -2.886175 3.984251 -1.606029 -2.886175 3.253847 -1.606029 2.94709 3.253847 -1.606029 2.94709 3.636935 -1.606029 -2.886175 3.636935 -12.38405 -1.534102 2.013721 -12.90875 -1.093566 2.013721 -12.90875 -1.534102 2.013721 -12.90875 -1.534102 3.255914 -12.38405 -1.534102 3.255914 -12.38405 -1.093566 2.013721 -12.38405 -1.093566 3.255914 -12.90875 -1.093566 3.255914 12.86665 -1.534102 2.013721 12.34195 -1.093566 2.013721 12.34195 -1.534102 2.013721 12.34195 -1.534102 3.255914 12.86665 -1.534102 3.255914 12.86665 -1.093566 2.013721 12.86665 -1.093566 3.255914 12.34195 -1.093566 3.255914 -11.00052 -2.906277 2.013721 -11.52521 -2.465741 2.013721 -11.52522 -2.906277 2.013721 -11.52522 -2.906277 3.255914 -11.00052 -2.906277 3.255914 -11.00052 -2.465741 2.013721 -11.00052 -2.465741 3.255914 -11.52521 -2.465741 3.255914 -1.341789 -2.906277 2.013721 -1.866488 -2.465741 2.013721 -1.866488 -2.906277 2.013721 -1.866488 -2.906277 3.255914 -1.341789 -2.906277 3.255914 -1.341789 -2.465741 2.013721 -1.341789 -2.465741 3.255914 -1.866488 -2.465741 3.255914 2.26521 -2.906277 2.013721 1.740511 -2.465741 2.013721 1.740511 -2.906277 2.013721 1.740511 -2.906277 3.255914 2.26521 -2.906277 3.255914 2.26521 -2.465741 2.013721 2.26521 -2.465741 3.255914 1.740511 -2.465741 3.255914 -8.808276 -2.906277 2.013721 -9.332974 -2.465741 2.013721 -9.332974 -2.906277 2.013721 -9.332974 -2.906277 3.255914 -8.808276 -2.906277 3.255914 -8.808276 -2.465741 2.013721 -8.808276 -2.465741 3.255914 -9.332974 -2.465741 3.255914 -5.201276 -2.906277 2.013721 -5.725975 -2.465741 2.013721 -5.725975 -2.906277 2.013721 -5.725975 -2.906277 3.255914 -5.201276 -2.906277 3.255914 -5.201276 -2.465741 2.013721 -5.201276 -2.465741 3.255914 -5.725975 -2.465741 3.255914 5.944354 -2.906277 2.013721 5.419648 -2.465741 2.013721 5.419648 -2.906277 2.013721 5.419648 -2.906277 3.255914 5.944354 -2.906277 3.255914 5.944354 -2.465741 2.013721 5.944354 -2.465741 3.255914 5.419648 -2.465741 3.255914 9.551354 -2.906277 2.013721 9.026648 -2.465741 2.013721 9.026648 -2.906277 2.013721 9.026648 -2.906277 3.255914 9.551354 -2.906277 3.255914 9.551354 -2.465741 2.013721 9.551354 -2.465741 3.255914 9.026648 -2.465741 3.255914 11.48906 -2.906277 2.013721 10.96434 -2.465741 2.013721 10.96434 -2.906277 2.013721 10.96434 -2.906277 3.255914 11.48906 -2.906277 3.255914 11.48906 -2.465741 2.013721 11.48906 -2.465741 3.255914 10.96434 -2.465741 3.255914 -11.00052 2.522617 2.013721 -11.52522 2.963145 2.013721 -11.52522 2.522617 2.013721 -11.52522 2.522617 3.255914 -11.00052 2.522617 3.255914 -11.00052 2.963145 2.013721 -11.00052 2.963145 3.255914 -11.52522 2.963145 3.255914 -1.341789 2.522617 2.013721 -1.866488 2.963145 2.013721 -1.866488 2.522617 2.013721 -1.866488 2.522617 3.255914 -1.341789 2.522617 3.255914 -1.341789 2.963145 2.013721 -1.341789 2.963145 3.255914 -1.866488 2.963145 3.255914 2.26521 2.522617 2.013721 1.740511 2.963145 2.013721 1.740511 2.522617 2.013721 1.740511 2.522617 3.255914 2.26521 2.522617 3.255914 2.26521 2.963145 2.013721 2.26521 2.963145 3.255914 1.740511 2.963145 3.255914 -8.808276 2.522617 2.013721 -9.332974 2.963145 2.013721 -9.332974 2.522617 2.013721 -9.332974 2.522617 3.255914 -8.808276 2.522617 3.255914 -8.808276 2.963145 2.013721 -8.808276 2.963145 3.255914 -9.332974 2.963145 3.255914 -5.201276 2.522617 2.013721 -5.725975 2.963145 2.013721 -5.725975 2.522617 2.013721 -5.725975 2.522617 3.255914 -5.201276 2.522617 3.255914 -5.201276 2.963145 2.013721 -5.201276 2.963145 3.255914 -5.725975 2.963145 3.255914 5.944354 2.522617 2.013721 5.419648 2.963145 2.013721 5.419648 2.522617 2.013721 5.419648 2.522617 3.255914 5.944354 2.522617 3.255914 5.944354 2.963145 2.013721 5.944354 2.963145 3.255914 5.419648 2.963145 3.255914 9.551354 2.522617 2.013721 9.026648 2.963145 2.013721 9.026648 2.522617 2.013721 9.026648 2.522617 3.255914 9.551354 2.522617 3.255914 9.551354 2.963145 2.013721 9.551354 2.963145 3.255914 9.026648 2.963145 3.255914 11.48906 2.522617 2.013721 10.96434 2.963145 2.013721 10.96434 2.522617 2.013721 10.96434 2.522617 3.255914 11.48906 2.522617 3.255914 11.48906 2.963145 2.013721 11.48906 2.963145 3.255914 10.96434 2.963145 3.255914 -12.38405 -0.1327862 2.013721 -12.90875 0.30775 2.013721 -12.90875 -0.1327862 2.013721 -12.90875 -0.1327862 3.255914 -12.38405 -0.1327862 3.255914 -12.38405 0.30775 2.013721 -12.38405 0.30775 3.255914 -12.90875 0.30775 3.255914 12.86665 -0.1327781 2.013721 12.34195 0.30775 2.013721 12.34195 -0.1327781 2.013721 12.34195 -0.1327781 3.255914 12.86665 -0.1327781 3.255914 12.86665 0.30775 2.013721 12.86665 0.30775 3.255914 12.34195 0.30775 3.255914 -12.38405 1.109653 2.013721 -12.90875 1.550182 2.013721 -12.90875 1.109653 2.013721 -12.90875 1.109653 3.255914 -12.38405 1.109653 3.255914 -12.38405 1.550182 2.013721 -12.38405 1.550182 3.255914 -12.90875 1.550182 3.255914 12.86665 1.109653 2.013721 12.34195 1.550182 2.013721 12.34195 1.109653 2.013721 12.34195 1.109653 3.255914 12.86665 1.109653 3.255914 12.86665 1.550182 2.013721 12.86665 1.550182 3.255914 12.34195 1.550182 3.255914 12.88799 -2.995657 -4.914468 -12.94396 3.033363 -4.914468 -12.94396 -2.995657 -4.914468 -12.94396 -2.995657 1.983429 12.88799 -2.995657 1.983429 12.88799 3.033363 -4.914468 12.88799 3.033363 1.983429 -12.94396 3.033363 1.983429</float_array>
          <technique_common>
            <accessor source="#Cube_124-mesh-positions-array" count="784" stride="3">
              <param name="X" type="float"/>
              <param name="Y" type="float"/>
              <param name="Z" type="float"/>
            </accessor>
          </technique_common>
        </source>
        <source id="Cube_124-mesh-normals">
          <float_array id="Cube_124-mesh-normals-array" count="1110">0 0 -1 0 -1 0 1 0 0 0 1 0 0 0 1 -1 0 0 3.43397e-7 -1 0 3.43397e-7 -1 0 -1 -2.12386e-6 0 -1 -1.82045e-6 0 -1.7415e-6 0 1 -2.47544e-6 0 1 1.7415e-6 0 1 2.47548e-6 0 1 3.44045e-7 0 1 1 -1.90215e-4 0 -1.7793e-6 0 -1 4.26645e-4 1 0 -4.26645e-4 -1 0 -4.26646e-4 -1 0 4.26646e-4 1 0 1 -1.87007e-4 0 -1 1.89678e-4 0 7.30897e-7 0 1 2.34855e-4 1 0 -2.30292e-4 -1 0 2.34854e-4 1 0 1 -1.86673e-4 0 -1 1.87004e-4 0 1.26676e-6 0 1 -1 1.90215e-4 0 4.52102e-4 1 0 -4.5339e-4 -1 0 -4.53391e-4 -1 0 4.52102e-4 1 0 1 -1.70978e-4 0 -1 1.87007e-4 0 1.12507e-4 1 0 5.1003e-5 1 0 -2.30292e-4 -1 0 -1 1.86002e-4 0 7.30896e-7 0 1 2.34854e-4 1 0 -2.34712e-4 -1 0 -2.34712e-4 -1 0 2.34854e-4 1 0 1 -1.87004e-4 0 -1 1.84332e-4 0 7.30897e-7 0 1 2.34855e-4 1 0 -2.34712e-4 -1 0 -2.34712e-4 -1 0 2.34854e-4 1 0 -1 1.89675e-4 0 2.34855e-4 1 0 -2.30292e-4 -1 0 -2.30292e-4 -1 0 2.34854e-4 1 0 1 -1.84335e-4 0 -1 1.85668e-4 0 1 -1.89678e-4 0 0 0 1 1 -2.18272e-4 0 4.13596e-4 1 0 -4.12757e-4 -1 0 -4.12756e-4 -1 0 4.13595e-4 1 0 1 -2.21904e-4 0 -1 1.70975e-4 0 2.94289e-7 0 1 -4.89208e-7 0 -1 2.22519e-4 1 0 -2.25923e-4 -1 0 -2.25922e-4 -1 0 2.22519e-4 1 0 1 -1.84613e-4 0 -1 1.84617e-4 0 4.19118e-7 0 1 -1 1.96873e-4 0 4.36124e-4 1 0 -4.35023e-4 -1 0 -4.35023e-4 -1 0 4.36123e-4 1 0 1 -1.67337e-4 0 -1 1.96439e-4 0 1.08324e-4 1 0 4.21794e-5 1 0 2.94289e-7 0 1 -4.89207e-7 0 -1 2.22519e-4 1 0 -2.22094e-4 -1 0 -2.22093e-4 -1 0 2.22519e-4 1 0 1 -1.84617e-4 0 2.94288e-7 0 1 -4.89207e-7 0 -1 2.22519e-4 1 0 -2.25923e-4 -1 0 -2.25922e-4 -1 0 2.22519e-4 1 0 1 -1.81885e-4 0 -1 1.85526e-4 0 -4.89207e-7 0 -1 2.22519e-4 1 0 1 -1.83703e-4 0 -1 1.89164e-4 0 3.11482e-7 0 1 2.2571e-4 1 0 -2.22094e-4 -1 0 -2.22094e-4 -1 0 2.2571e-4 1 0 1 -1.85526e-4 0 -1 1.83704e-4 0 3.11481e-7 0 1 2.25709e-4 1 0 -2.22093e-4 -1 0 -2.22093e-4 -1 0 2.25709e-4 1 0 1 -1.78251e-4 0 -1 1.81885e-4 0 3.44045e-7 0 1 -1.7793e-6 0 -1 7.4038e-7 0 1 2.30861e-4 1 0 -2.35425e-4 -1 0 -2.35425e-4 -1 0 2.30862e-4 1 0 1 -1.8667e-4 0 8.00773e-7 0 1 4.53396e-4 1 0 4.53396e-4 1 0 -1.11752e-4 -1 0 5.16951e-5 1 0 -5.17975e-5 -1 0 0 0 1 2.35283e-4 1 0 -2.35425e-4 -1 0 2.35282e-4 1 0 -1 1.86005e-4 0 2.35283e-4 1 0 -2.35425e-4 -1 0 -2.35426e-4 -1 0 2.35282e-4 1 0 -1 1.84335e-4 0 2.30862e-4 1 0 -2.35425e-4 -1 0 -2.35425e-4 -1 0 2.30862e-4 1 0 2.30861e-4 1 0 -2.35425e-4 -1 0 2.30862e-4 1 0 1 -1.84332e-4 0 -1 1.85671e-4 0 7.40381e-7 0 1 1 -1.89675e-4 0 4.656e-7 0 1 1 -1.92593e-4 0 -9.73009e-7 0 -1 4.20366e-4 1 0 -4.20157e-4 -1 0 -4.20157e-4 -1 0 4.20366e-4 1 0 1 -1.92802e-4 0 -1 1.70975e-4 0 2.12118e-7 0 1 2.25391e-4 1 0 -2.25816e-4 -1 0 -2.25816e-4 -1 0 2.25391e-4 1 0 1 -1.84616e-4 0 4.19113e-7 0 1 4.3612e-4 1 0 4.36118e-4 1 0 1 -1.92802e-4 0 -1 1.96439e-4 0 4.22614e-5 1 0 -1.07711e-4 -1 0 -4.2316e-5 -1 0 2.12118e-7 0 1 2.25391e-4 1 0 -2.25816e-4 -1 0 -2.25816e-4 -1 0 2.25391e-4 1 0 2.12118e-7 0 1 2.25391e-4 1 0 -2.25816e-4 -1 0 -2.25816e-4 -1 0 2.2539e-4 1 0 1 -1.81888e-4 0 2.25391e-4 1 0 1 -1.83707e-4 0 -2.25816e-4 -1 0 -2.25816e-4 -1 0 1 -1.85526e-4 0 -1 1.83707e-4 0 2.12117e-7 0 1 2.2539e-4 1 0 -2.25815e-4 -1 0 -2.25815e-4 -1 0 2.2539e-4 1 0 1 -1.7825e-4 0 -1 1.81888e-4 0 -2.88084e-7 1 0 0 0 1 -2.88084e-7 1 0 0 0 -1 -1 2.09127e-5 0 1 -1.85988e-4 0 9.86958e-7 0 -1 4.26645e-4 1 0 -4.26644e-4 -1 0 4.26646e-4 1 0 1 -1.87007e-4 0 -1 1.89679e-4 0 -1.02108e-6 0 1 0 0 -1 2.34855e-4 1 0 -2.30291e-4 -1 0 -2.30291e-4 -1 0 2.34854e-4 1 0 -1 1.86337e-4 0 -1 1.85988e-4 0 0 0 -1 4.52101e-4 1 0 -4.5339e-4 -1 0 -4.5339e-4 -1 0 4.52101e-4 1 0 -1 1.87007e-4 0 0 0 1 1.12507e-4 1 0 5.10031e-5 1 0 0 0 1 -1.02108e-6 0 1 -2.30291e-4 -1 0 1 -1.86339e-4 0 -7.11453e-7 0 -1 2.34854e-4 1 0 -2.34712e-4 -1 0 2.34854e-4 1 0 1 -1.89676e-4 0 -1 1.84333e-4 0 -2.34712e-4 -1 0 1 -1.87005e-4 0 -1 1.87005e-4 0 -1.02108e-6 0 1 -2.30291e-4 -1 0 -2.30291e-4 -1 0 -1 1.85669e-4 0 -2.30291e-4 -1 0 9.73028e-7 0 1 1 -2.13993e-4 0 0 0 -1 4.13595e-4 1 0 -4.12756e-4 -1 0 -4.12757e-4 -1 0 4.13595e-4 1 0 1 -2.14628e-4 0 -1 1.70974e-4 0 0 0 -1 2.22519e-4 1 0 -1 1.83707e-4 0 -1 1.92593e-4 0 -2.83344e-7 0 -1 4.36123e-4 1 0 -4.35022e-4 -1 0 -4.35024e-4 -1 0 4.36123e-4 1 0 -1 1.92801e-4 0 1.08323e-4 1 0 4.21793e-5 1 0 0 0 1 1.95397e-7 0 -1 -2.22093e-4 -1 0 -2.22093e-4 -1 0 2.22519e-4 1 0 1 -1.83707e-4 0 -1 1.84389e-4 0 0 0 -1 -2.25923e-4 -1 0 2.22519e-4 1 0 -1 1.7825e-4 0 2.22519e-4 1 0 2.22519e-4 1 0 -1 1.85525e-4 0 2.25711e-4 1 0 -2.22093e-4 -1 0 -2.22093e-4 -1 0 2.2571e-4 1 0 1 -1.81888e-4 0 -1 1.81885e-4 0 1.95396e-7 0 -1 2.2571e-4 1 0 -2.22092e-4 -1 0 -2.22092e-4 -1 0 2.2571e-4 1 0 -1 1.85522e-4 0 9.86956e-7 0 -1 -1.02106e-6 0 1 -3.47998e-7 0 -1 2.30862e-4 1 0 -2.35425e-4 -1 0 -2.35425e-4 -1 0 2.30862e-4 1 0 -1 1.86339e-4 0 0 0 -1 4.53394e-4 1 0 4.53395e-4 1 0 1 -1.70978e-4 0 0 0 1 -5.17976e-5 -1 0 0 0 1 6.73073e-7 0 -1 2.35282e-4 1 0 2.35282e-4 1 0 6.73072e-7 0 -1 -2.35424e-4 -1 0 2.35282e-4 1 0 -2.35425e-4 -1 0 -1.02106e-6 0 1 -3.47999e-7 0 -1 2.30862e-4 1 0 -2.35424e-4 -1 0 2.30862e-4 1 0 -2.35425e-4 -1 0 2.30862e-4 1 0 1 -1.84333e-4 0 -9.73018e-7 0 1 1 -1.96873e-4 0 6.99357e-7 0 -1 4.20365e-4 1 0 -4.20158e-4 -1 0 -4.20159e-4 -1 0 4.20365e-4 1 0 1 -2.00076e-4 0 0 0 -1 -2.25817e-4 -1 0 -2.25817e-4 -1 0 2.25391e-4 1 0 1 -1.84616e-4 0 -1 1.83707e-4 0 -2.83344e-7 0 -1 4.36118e-4 1 0 4.36119e-4 1 0 4.22614e-5 1 0 0 0 1 -1.07712e-4 -1 0 -4.2316e-5 -1 0 -2.25817e-4 -1 0 -2.25817e-4 -1 0 2.25391e-4 1 0 1 -1.83707e-4 0 -1 1.84389e-4 0 -2.25817e-4 -1 0 -2.25817e-4 -1 0 2.25391e-4 1 0 1 -1.81888e-4 0 -1 1.7825e-4 0 2.25391e-4 1 0 2.25391e-4 1 0 -1 1.85526e-4 0 -2.25817e-4 -1 0 2.25391e-4 1 0 -1 1.81888e-4 0 0 0 -1 2.2539e-4 1 0 -2.25816e-4 -1 0 -2.25816e-4 -1 0 2.2539e-4 1 0 1 -1.85525e-4 0 -1 2.78837e-5 0</float_array>
          <technique_common>
            <accessor source="#Cube_124-mesh-normals-array" count="370" stride="3">
              <param name="X" type="float"/>
              <param name="Y" type="float"/>
              <param name="Z" type="float"/>
            </accessor>
          </technique_common>
        </source>
        <source id="Cube_124-mesh-map-0">
          <float_array id="Cube_124-mesh-map-0-array" count="7080">0.5283108 0.1868342 0.7712613 0.1868342 0.5283108 0.0237509 0.7712613 0.1868342 0.7712613 0.0237509 0.5283108 0.0237509 0.5234743 0.1551799 0.6074622 0.1551799 0.5234743 0.1735615 0.6074622 0.1551799 0.6074622 0.1735615 0.5234743 0.1735615 0.6074622 0.1551799 0.7516455 0.1551799 0.6074622 0.1735615 0.7516455 0.1551799 0.7516455 0.1735615 0.6074622 0.1735615 0.7516455 0.1551799 0.6707143 0.1551799 0.7516455 0.1735615 0.6444 0.6722784 0.6444 0.5182911 0.7873402 0.6722784 0.6707143 0.1551799 0.6707143 0.1735615 0.7516455 0.1735615 0.6444 0.5182911 0.7873402 0.5182911 0.7873402 0.6722784 0.5265313 0.1551797 0.5265313 0.1735612 0.6707143 0.1735615 0.6707143 0.1551799 0.5265313 0.1551797 0.6707143 0.1735615 0.236193 0.4993671 0.00856769 0.6073166 0.00856769 0.4993671 0.08896821 0.6017571 0.1221401 0.5833755 0.08896821 0.5833755 0.04802978 0.6017571 0.001958966 0.5833755 0.04802978 0.5833755 0.236193 0.4993671 0.00856769 0.6073166 0.236193 0.6073166 0.1221401 0.6017571 0.04802978 0.5833755 0.1221401 0.5833755 0.008657693 0.5833753 0.08896821 0.6017571 0.08896821 0.5833755 0.2342552 0.2602955 0.006629884 0.368245 0.006629884 0.2602955 0.1914418 0.3619717 0.007403492 0.3141224 0.1914418 0.3141224 0.2342552 0.2602955 0.006629884 0.368245 0.2342552 0.368245 0.5073828 0.3619717 0.1914418 0.3141224 0.5073828 0.3141224 0.01410228 0.3141213 0.3300427 0.3619717 0.3300427 0.3141224 0.01410228 0.2662725 0.3300427 0.3141224 0.3300427 0.2662731 0.5073828 0.3141224 0.1914418 0.2662731 0.5073828 0.2662731 0.1914418 0.3141224 0.007403492 0.2662731 0.1914418 0.2662731 0.3300427 0.3141224 0.5073828 0.2662731 0.3300427 0.2662731 0.2342552 0.2602955 0.006629884 0.368245 0.006629884 0.2602955 0.2342552 0.2602955 0.006629884 0.368245 0.2342552 0.368245 0.5073828 0.3619717 0.1914418 0.3141224 0.5073828 0.3141224 0.01410228 0.3141213 0.3300427 0.3619717 0.3300427 0.3141224 0.01410228 0.2662725 0.3300427 0.3141224 0.3300427 0.2662731 0.5073828 0.3141224 0.1914418 0.2662731 0.5073828 0.2662731 0.1914418 0.3141224 0.007403492 0.2662731 0.1914418 0.2662731 0.3300427 0.3141224 0.5073828 0.2662731 0.3300427 0.2662731 0.2342552 0.2602955 0.006629884 0.368245 0.006629884 0.2602955 0.3300427 0.3619717 0.5073828 0.3141224 0.3300427 0.3141224 0.2342552 0.2602955 0.006629884 0.368245 0.2342552 0.368245 0.5073828 0.3619717 0.1914418 0.3141224 0.5073828 0.3141224 0.01410228 0.3141213 0.3300427 0.3619717 0.3300427 0.3141224 0.01410228 0.2662725 0.3300427 0.3141224 0.3300427 0.2662731 0.5073828 0.3141224 0.1914418 0.2662731 0.5073828 0.2662731 0.1914418 0.3141224 0.007403492 0.2662731 0.1914418 0.2662731 0.3300427 0.3141224 0.5073828 0.2662731 0.3300427 0.2662731 0.006629884 0.368245 0.2342552 0.2602955 0.006629884 0.2602955 0.5073828 0.3141224 0.2342552 0.368245 0.006629884 0.368245 0.5073828 0.3141224 0.1914418 0.3619717 0.5073828 0.3619717 0.5073828 0.3619717 0.2342552 0.2602955 0.006629884 0.2602955 0.01190257 0.1952916 0.5130577 0.1952916 0.01190257 0.01371192 0.5130577 0.1952916 0.5130577 0.01371192 0.01190257 0.01371192 0.02129966 0.1952916 0.02129966 0.01371192 0.5029825 0.01371192 0.5029825 0.1952916 0.02129966 0.1952916 0.5029825 0.01371192 0.5153492 0.1952916 0.5153492 0.01371192 0.01032918 0.01371192 0.01032918 0.1952916 0.5153492 0.1952916 0.01032918 0.01371192 0.01782679 0.1952916 0.01782679 0.01371192 0.4995092 0.01371192 0.4995092 0.1952916 0.01782679 0.1952916 0.4995092 0.01371192 0.1000421 0.02325463 0.1000419 0.1526165 0.08529412 0.006589472 0.1000421 0.02325463 0.08529412 0.006589472 0.349074 0.006589472 0.1000419 0.1526165 0.08529406 0.1692817 0.08529412 0.006589472 0.1000419 0.1526165 0.334326 0.1526166 0.08529406 0.1692817 0.4082601 0.135376 0.1570644 0.135376 0.4082601 0.1904975 0.1570644 0.135376 0.1570644 0.1904975 0.4082601 0.1904975 0.5110551 0.1158677 0.003839612 0.1191927 0.5133622 0.1983296 0.349074 0.1692817 0.334326 0.1526166 0.349074 0.006589472 0.334326 0.1526166 0.334326 0.02325457 0.349074 0.006589472 0.5137973 0.1123329 0.006532192 0.1127347 0.5141177 0.2000882 0.334326 0.1526166 0.349074 0.1692817 0.08529406 0.1692817 0.006532192 0.1127347 0.006852746 0.2004899 0.5141177 0.2000882 0.4082601 0.1168997 0.4082601 0.1994294 0.1570644 0.1994294 0.1570644 0.1168997 0.4082601 0.1168997 0.1570644 0.1994294 0.003839612 0.1191927 0.006146669 0.2016545 0.5133622 0.1983296 0.334326 0.02325457 0.1000421 0.02325463 0.349074 0.006589472 0.2342552 0.461821 0.006629884 0.5697705 0.006629884 0.461821 0.1914418 0.5634972 0.007403492 0.5156479 0.1914418 0.5156479 0.2342552 0.461821 0.006629884 0.5697705 0.2342552 0.5697705 0.5073828 0.5634972 0.1914418 0.5156479 0.5073828 0.5156479 0.01410228 0.5156468 0.3300427 0.5634972 0.3300427 0.5156479 0.01410228 0.467798 0.3300427 0.5156479 0.3300427 0.4677986 0.5073828 0.5156479 0.1914418 0.4677986 0.5073828 0.4677986 0.1914418 0.5156479 0.007403492 0.4677986 0.1914418 0.4677986 0.3300427 0.5156479 0.5073828 0.4677986 0.3300427 0.4677986 0.2342552 0.461821 0.006629884 0.5697705 0.006629884 0.461821 0.2342552 0.461821 0.006629884 0.5697705 0.2342552 0.5697705 0.5073828 0.5634972 0.1914418 0.5156479 0.5073828 0.5156479 0.01410228 0.5156468 0.3300427 0.5634972 0.3300427 0.5156479 0.01410228 0.467798 0.3300427 0.5156479 0.3300427 0.4677986 0.5073828 0.5156479 0.1914418 0.4677986 0.5073828 0.4677986 0.1914418 0.5156479 0.007403492 0.4677986 0.1914418 0.4677986 0.3300427 0.5156479 0.5073828 0.4677986 0.3300427 0.4677986 0.2342552 0.461821 0.006629884 0.5697705 0.006629884 0.461821 0.3300427 0.5634972 0.5073828 0.5156479 0.3300427 0.5156479 0.2342552 0.461821 0.006629884 0.5697705 0.2342552 0.5697705 0.5073828 0.5634972 0.1914418 0.5156479 0.5073828 0.5156479 0.01410228 0.5156468 0.3300427 0.5634972 0.3300427 0.5156479 0.01410228 0.467798 0.3300427 0.5156479 0.3300427 0.4677986 0.5073828 0.5156479 0.1914418 0.4677986 0.5073828 0.4677986 0.1914418 0.5156479 0.007403492 0.4677986 0.1914418 0.4677986 0.3300427 0.5156479 0.5073828 0.4677986 0.3300427 0.4677986 0.5073828 0.5156479 0.1914418 0.5634972 0.5073828 0.5634972 0.5073828 0.5156479 0.1914418 0.5634972 0.5073828 0.5634972 0.006629884 0.2602955 0.2342552 0.368245 0.006629884 0.368245 0.1914418 0.3619717 0.007403492 0.3141224 0.1914418 0.3141224 0.2342552 0.368245 0.006629884 0.2602955 0.006629884 0.368245 0.5073828 0.3619717 0.1914418 0.3141224 0.5073828 0.3141224 0.01410228 0.3141213 0.3300427 0.3619717 0.3300427 0.3141224 0.01410228 0.2662725 0.3300427 0.3141224 0.3300427 0.2662731 0.5073828 0.3141224 0.1914418 0.2662731 0.5073828 0.2662731 0.1914418 0.3141224 0.007403492 0.2662731 0.1914418 0.2662731 0.3300427 0.3141224 0.5073828 0.2662731 0.3300427 0.2662731 0.006629884 0.2602955 0.2342552 0.368245 0.006629884 0.368245 0.2342552 0.368245 0.006629884 0.2602955 0.006629884 0.368245 0.5073828 0.3619717 0.1914418 0.3141224 0.5073828 0.3141224 0.01410228 0.3141213 0.3300427 0.3619717 0.3300427 0.3141224 0.01410228 0.2662725 0.3300427 0.3141224 0.3300427 0.2662731 0.5073828 0.3141224 0.1914418 0.2662731 0.5073828 0.2662731 0.1914418 0.3141224 0.007403492 0.2662731 0.1914418 0.2662731 0.3300427 0.3141224 0.5073828 0.2662731 0.3300427 0.2662731 0.006629884 0.2602955 0.2342552 0.368245 0.006629884 0.368245 0.3300427 0.3619717 0.5073828 0.3141224 0.3300427 0.3141224 0.2342552 0.368245 0.006629884 0.2602955 0.006629884 0.368245 0.5073828 0.3619717 0.1914418 0.3141224 0.5073828 0.3141224 0.01410228 0.3141213 0.3300427 0.3619717 0.3300427 0.3141224 0.01410228 0.2662725 0.3300427 0.3141224 0.3300427 0.2662731 0.5073828 0.3141224 0.1914418 0.2662731 0.5073828 0.2662731 0.1914418 0.3141224 0.007403492 0.2662731 0.1914418 0.2662731 0.3300427 0.3141224 0.5073828 0.2662731 0.3300427 0.2662731 0.006629884 0.2602955 0.2342552 0.368245 0.2342552 0.2602955 0.5073828 0.3141224 0.1914418 0.3619717 0.5073828 0.3619717 0.5073828 0.3141224 0.1914418 0.3619717 0.5073828 0.3619717 0.006629884 0.2602955 0.2342552 0.368245 0.2342552 0.2602955 0.006629884 0.2602955 0.2342552 0.368245 0.006629884 0.368245 0.2342552 0.368245 0.006629884 0.2602955 0.006629884 0.368245 0.5073828 0.3619717 0.1914418 0.3141224 0.5073828 0.3141224 0.01410228 0.3141213 0.3300427 0.3619717 0.3300427 0.3141224 0.01410228 0.2662725 0.3300427 0.3141224 0.3300427 0.2662731 0.5073828 0.3141224 0.1914418 0.2662731 0.5073828 0.2662731 0.1914418 0.3141224 0.007403492 0.2662731 0.1914418 0.2662731 0.3300427 0.3141224 0.5073828 0.2662731 0.3300427 0.2662731 0.006629884 0.2602955 0.2342552 0.368245 0.006629884 0.368245 0.2342552 0.368245 0.006629884 0.2602955 0.006629884 0.368245 0.5073828 0.3619717 0.1914418 0.3141224 0.5073828 0.3141224 0.01410228 0.3141213 0.3300427 0.3619717 0.3300427 0.3141224 0.01410228 0.2662725 0.3300427 0.3141224 0.3300427 0.2662731 0.5073828 0.3141224 0.1914418 0.2662731 0.5073828 0.2662731 0.1914418 0.3141224 0.007403492 0.2662731 0.1914418 0.2662731 0.3300427 0.3141224 0.5073828 0.2662731 0.3300427 0.2662731 0.006629884 0.2602955 0.2342552 0.368245 0.006629884 0.368245 0.2342552 0.368245 0.006629884 0.2602955 0.006629884 0.368245 0.5073828 0.3619717 0.1914418 0.3141224 0.5073828 0.3141224 0.01410228 0.3141213 0.3300427 0.3619717 0.3300427 0.3141224 0.01410228 0.2662725 0.3300427 0.3141224 0.3300427 0.2662731 0.5073828 0.3141224 0.1914418 0.2662731 0.5073828 0.2662731 0.1914418 0.3141224 0.007403492 0.2662731 0.1914418 0.2662731 0.3300427 0.3141224 0.5073828 0.2662731 0.3300427 0.2662731 0.006629884 0.2602955 0.2342552 0.368245 0.006629884 0.368245 0.2342552 0.368245 0.006629884 0.2602955 0.006629884 0.368245 0.5073828 0.3619717 0.1914418 0.3141224 0.5073828 0.3141224 0.01410228 0.3141213 0.3300427 0.3619717 0.3300427 0.3141224 0.01410228 0.2662725 0.3300427 0.3141224 0.3300427 0.2662731 0.5073828 0.3141224 0.1914418 0.2662731 0.5073828 0.2662731 0.1914418 0.3141224 0.007403492 0.2662731 0.1914418 0.2662731 0.3300427 0.3141224 0.5073828 0.2662731 0.3300427 0.2662731 0.006629884 0.2602955 0.2342552 0.368245 0.006629884 0.368245 0.2342552 0.368245 0.006629884 0.2602955 0.006629884 0.368245 0.5073828 0.3619717 0.1914418 0.3141224 0.5073828 0.3141224 0.01410228 0.3141213 0.3300427 0.3619717 0.3300427 0.3141224 0.01410228 0.2662725 0.3300427 0.3141224 0.3300427 0.2662731 0.5073828 0.3141224 0.1914418 0.2662731 0.5073828 0.2662731 0.1914418 0.3141224 0.007403492 0.2662731 0.1914418 0.2662731 0.3300427 0.3141224 0.5073828 0.2662731 0.3300427 0.2662731 0.006629884 0.461821 0.2342552 0.5697705 0.006629884 0.5697705 0.1914418 0.5634972 0.007403492 0.5156479 0.1914418 0.5156479 0.2342552 0.5697705 0.006629884 0.461821 0.006629884 0.5697705 0.5073828 0.5634972 0.1914418 0.5156479 0.5073828 0.5156479 0.01410228 0.5156468 0.3300427 0.5634972 0.3300427 0.5156479 0.01410228 0.467798 0.3300427 0.5156479 0.3300427 0.4677986 0.5073828 0.5156479 0.1914418 0.4677986 0.5073828 0.4677986 0.1914418 0.5156479 0.007403492 0.4677986 0.1914418 0.4677986 0.3300427 0.5156479 0.5073828 0.4677986 0.3300427 0.4677986 0.006629884 0.461821 0.2342552 0.5697705 0.006629884 0.5697705 0.2342552 0.5697705 0.006629884 0.461821 0.006629884 0.5697705 0.5073828 0.5634972 0.1914418 0.5156479 0.5073828 0.5156479 0.01410228 0.5156468 0.3300427 0.5634972 0.3300427 0.5156479 0.01410228 0.467798 0.3300427 0.5156479 0.3300427 0.4677986 0.5073828 0.5156479 0.1914418 0.4677986 0.5073828 0.4677986 0.1914418 0.5156479 0.007403492 0.4677986 0.1914418 0.4677986 0.3300427 0.5156479 0.5073828 0.4677986 0.3300427 0.4677986 0.006629884 0.461821 0.2342552 0.5697705 0.006629884 0.5697705 0.3300427 0.5634972 0.5073828 0.5156479 0.3300427 0.5156479 0.2342552 0.5697705 0.006629884 0.461821 0.006629884 0.5697705 0.5073828 0.5634972 0.1914418 0.5156479 0.5073828 0.5156479 0.01410228 0.5156468 0.3300427 0.5634972 0.3300427 0.5156479 0.01410228 0.467798 0.3300427 0.5156479 0.3300427 0.4677986 0.5073828 0.5156479 0.1914418 0.4677986 0.5073828 0.4677986 0.1914418 0.5156479 0.007403492 0.4677986 0.1914418 0.4677986 0.3300427 0.5156479 0.5073828 0.4677986 0.3300427 0.4677986 0.5073828 0.5156479 0.1914418 0.5634972 0.5073828 0.5634972 0.5073828 0.5156479 0.1914418 0.5634972 0.5073828 0.5634972 0.006629884 0.461821 0.2342552 0.5697705 0.2342552 0.461821 0.006629884 0.461821 0.2342552 0.5697705 0.006629884 0.5697705 0.2342552 0.5697705 0.006629884 0.461821 0.006629884 0.5697705 0.5073828 0.5634972 0.1914418 0.5156479 0.5073828 0.5156479 0.01410228 0.5156468 0.3300427 0.5634972 0.3300427 0.5156479 0.01410228 0.467798 0.3300427 0.5156479 0.3300427 0.4677986 0.5073828 0.5156479 0.1914418 0.4677986 0.5073828 0.4677986 0.1914418 0.5156479 0.007403492 0.4677986 0.1914418 0.4677986 0.3300427 0.5156479 0.5073828 0.4677986 0.3300427 0.4677986 0.006629884 0.461821 0.2342552 0.5697705 0.006629884 0.5697705 0.2342552 0.5697705 0.006629884 0.461821 0.006629884 0.5697705 0.5073828 0.5634972 0.1914418 0.5156479 0.5073828 0.5156479 0.01410228 0.5156468 0.3300427 0.5634972 0.3300427 0.5156479 0.01410228 0.467798 0.3300427 0.5156479 0.3300427 0.4677986 0.5073828 0.5156479 0.1914418 0.4677986 0.5073828 0.4677986 0.1914418 0.5156479 0.007403492 0.4677986 0.1914418 0.4677986 0.3300427 0.5156479 0.5073828 0.4677986 0.3300427 0.4677986 0.006629884 0.461821 0.2342552 0.5697705 0.006629884 0.5697705 0.2342552 0.5697705 0.006629884 0.461821 0.006629884 0.5697705 0.5073828 0.5634972 0.1914418 0.5156479 0.5073828 0.5156479 0.01410228 0.5156468 0.3300427 0.5634972 0.3300427 0.5156479 0.01410228 0.467798 0.3300427 0.5156479 0.3300427 0.4677986 0.5073828 0.5156479 0.1914418 0.4677986 0.5073828 0.4677986 0.1914418 0.5156479 0.007403492 0.4677986 0.1914418 0.4677986 0.3300427 0.5156479 0.5073828 0.4677986 0.3300427 0.4677986 0.006629884 0.461821 0.2342552 0.5697705 0.006629884 0.5697705 0.2342552 0.5697705 0.006629884 0.461821 0.006629884 0.5697705 0.5073828 0.5634972 0.1914418 0.5156479 0.5073828 0.5156479 0.01410228 0.5156468 0.3300427 0.5634972 0.3300427 0.5156479 0.01410228 0.467798 0.3300427 0.5156479 0.3300427 0.4677986 0.5073828 0.5156479 0.1914418 0.4677986 0.5073828 0.4677986 0.1914418 0.5156479 0.007403492 0.4677986 0.1914418 0.4677986 0.3300427 0.5156479 0.5073828 0.4677986 0.3300427 0.4677986 0.006629884 0.461821 0.2342552 0.5697705 0.006629884 0.5697705 0.2342552 0.5697705 0.006629884 0.461821 0.006629884 0.5697705 0.5073828 0.5634972 0.1914418 0.5156479 0.5073828 0.5156479 0.01410228 0.5156468 0.3300427 0.5634972 0.3300427 0.5156479 0.01410228 0.467798 0.3300427 0.5156479 0.3300427 0.4677986 0.5073828 0.5156479 0.1914418 0.4677986 0.5073828 0.4677986 0.1914418 0.5156479 0.007403492 0.4677986 0.1914418 0.4677986 0.3300427 0.5156479 0.5073828 0.4677986 0.3300427 0.4677986 0.006629884 0.2602955 0.2342552 0.368245 0.006629884 0.368245 0.1914418 0.3619717 0.007403492 0.3141224 0.1914418 0.3141224 0.2342552 0.368245 0.006629884 0.2602955 0.006629884 0.368245 0.5073828 0.3619717 0.1914418 0.3141224 0.5073828 0.3141224 0.01410228 0.3141213 0.3300427 0.3619717 0.3300427 0.3141224 0.01410228 0.2662725 0.3300427 0.3141224 0.3300427 0.2662731 0.5073828 0.3141224 0.1914418 0.2662731 0.5073828 0.2662731 0.1914418 0.3141224 0.007403492 0.2662731 0.1914418 0.2662731 0.3300427 0.3141224 0.5073828 0.2662731 0.3300427 0.2662731 0.006629884 0.2602955 0.2342552 0.368245 0.006629884 0.368245 0.2342552 0.368245 0.006629884 0.2602955 0.006629884 0.368245 0.5073828 0.3619717 0.1914418 0.3141224 0.5073828 0.3141224 0.01410228 0.3141213 0.3300427 0.3619717 0.3300427 0.3141224 0.01410228 0.2662725 0.3300427 0.3141224 0.3300427 0.2662731 0.5073828 0.3141224 0.1914418 0.2662731 0.5073828 0.2662731 0.1914418 0.3141224 0.007403492 0.2662731 0.1914418 0.2662731 0.3300427 0.3141224 0.5073828 0.2662731 0.3300427 0.2662731 0.006629884 0.2602955 0.2342552 0.368245 0.006629884 0.368245 0.3300427 0.3619717 0.5073828 0.3141224 0.3300427 0.3141224 0.2342552 0.368245 0.006629884 0.2602955 0.006629884 0.368245 0.5073828 0.3619717 0.1914418 0.3141224 0.5073828 0.3141224 0.01410228 0.3141213 0.3300427 0.3619717 0.3300427 0.3141224 0.01410228 0.2662725 0.3300427 0.3141224 0.3300427 0.2662731 0.5073828 0.3141224 0.1914418 0.2662731 0.5073828 0.2662731 0.1914418 0.3141224 0.007403492 0.2662731 0.1914418 0.2662731 0.3300427 0.3141224 0.5073828 0.2662731 0.3300427 0.2662731 0.2342552 0.2602955 0.3300427 0.3141224 0.006629884 0.2602955 0.5073828 0.3141224 0.1914418 0.3619717 0.5073828 0.3619717 0.006629884 0.2602955 0.2342552 0.368245 0.2342552 0.2602955 0.006771445 0.2546206 0.242152 0.3160755 0.2341136 0.2659705 0.006629884 0.2602955 0.2342552 0.368245 0.2342552 0.2602955 0.006629884 0.2602955 0.2342552 0.368245 0.006629884 0.368245 0.2342552 0.368245 0.006629884 0.2602955 0.006629884 0.368245 0.5073828 0.3619717 0.1914418 0.3141224 0.5073828 0.3141224 0.01410228 0.3141213 0.3300427 0.3619717 0.3300427 0.3141224 0.01410228 0.2662725 0.3300427 0.3141224 0.3300427 0.2662731 0.5073828 0.3141224 0.1914418 0.2662731 0.5073828 0.2662731 0.1914418 0.3141224 0.007403492 0.2662731 0.1914418 0.2662731 0.3300427 0.3141224 0.5073828 0.2662731 0.3300427 0.2662731 0.006629884 0.2602955 0.2342552 0.368245 0.006629884 0.368245 0.2342552 0.368245 0.006629884 0.2602955 0.006629884 0.368245 0.5073828 0.3619717 0.1914418 0.3141224 0.5073828 0.3141224 0.01410228 0.3141213 0.3300427 0.3619717 0.3300427 0.3141224 0.01410228 0.2662725 0.3300427 0.3141224 0.3300427 0.2662731 0.5073828 0.3141224 0.1914418 0.2662731 0.5073828 0.2662731 0.1914418 0.3141224 0.007403492 0.2662731 0.1914418 0.2662731 0.3300427 0.3141224 0.5073828 0.2662731 0.3300427 0.2662731 0.006629884 0.2602955 0.2342552 0.368245 0.006629884 0.368245 0.2342552 0.368245 0.006629884 0.2602955 0.006629884 0.368245 0.5073828 0.3619717 0.1914418 0.3141224 0.5073828 0.3141224 0.01410228 0.3141213 0.3300427 0.3619717 0.3300427 0.3141224 0.01410228 0.2662725 0.3300427 0.3141224 0.3300427 0.2662731 0.5073828 0.3141224 0.1914418 0.2662731 0.5073828 0.2662731 0.1914418 0.3141224 0.007403492 0.2662731 0.1914418 0.2662731 0.3300427 0.3141224 0.5073828 0.2662731 0.3300427 0.2662731 0.006629884 0.2602955 0.2342552 0.368245 0.006629884 0.368245 0.2342552 0.368245 0.006629884 0.2602955 0.006629884 0.368245 0.5073828 0.3619717 0.1914418 0.3141224 0.5073828 0.3141224 0.01410228 0.3141213 0.3300427 0.3619717 0.3300427 0.3141224 0.01410228 0.2662725 0.3300427 0.3141224 0.3300427 0.2662731 0.5073828 0.3141224 0.1914418 0.2662731 0.5073828 0.2662731 0.1914418 0.3141224 0.007403492 0.2662731 0.1914418 0.2662731 0.3300427 0.3141224 0.5073828 0.2662731 0.3300427 0.2662731 0.006629884 0.2602955 0.2342552 0.368245 0.006629884 0.368245 0.2342552 0.368245 0.006629884 0.2602955 0.006629884 0.368245 0.5073828 0.3619717 0.1914418 0.3141224 0.5073828 0.3141224 0.01410228 0.3141213 0.3300427 0.3619717 0.3300427 0.3141224 0.01410228 0.2662725 0.3300427 0.3141224 0.3300427 0.2662731 0.5073828 0.3141224 0.1914418 0.2662731 0.5073828 0.2662731 0.1914418 0.3141224 0.007403492 0.2662731 0.1914418 0.2662731 0.3300427 0.3141224 0.5073828 0.2662731 0.3300427 0.2662731 0.006629884 0.461821 0.2342552 0.5697705 0.006629884 0.5697705 0.1914418 0.5634972 0.007403492 0.5156479 0.1914418 0.5156479 0.2342552 0.5697705 0.006629884 0.461821 0.006629884 0.5697705 0.5073828 0.5634972 0.1914418 0.5156479 0.5073828 0.5156479 0.01410228 0.5156468 0.3300427 0.5634972 0.3300427 0.5156479 0.01410228 0.467798 0.3300427 0.5156479 0.3300427 0.4677986 0.5073828 0.5156479 0.1914418 0.4677986 0.5073828 0.4677986 0.1914418 0.5156479 0.007403492 0.4677986 0.1914418 0.4677986 0.3300427 0.5156479 0.5073828 0.4677986 0.3300427 0.4677986 0.006629884 0.461821 0.2342552 0.5697705 0.006629884 0.5697705 0.2342552 0.5697705 0.006629884 0.461821 0.006629884 0.5697705 0.5073828 0.5634972 0.1914418 0.5156479 0.5073828 0.5156479 0.01410228 0.5156468 0.3300427 0.5634972 0.3300427 0.5156479 0.01410228 0.467798 0.3300427 0.5156479 0.3300427 0.4677986 0.5073828 0.5156479 0.1914418 0.4677986 0.5073828 0.4677986 0.1914418 0.5156479 0.007403492 0.4677986 0.1914418 0.4677986 0.3300427 0.5156479 0.5073828 0.4677986 0.3300427 0.4677986 0.006629884 0.461821 0.2342552 0.5697705 0.006629884 0.5697705 0.3300427 0.5634972 0.5073828 0.5156479 0.3300427 0.5156479 0.2342552 0.5697705 0.006629884 0.461821 0.006629884 0.5697705 0.5073828 0.5634972 0.1914418 0.5156479 0.5073828 0.5156479 0.01410228 0.5156468 0.3300427 0.5634972 0.3300427 0.5156479 0.01410228 0.467798 0.3300427 0.5156479 0.3300427 0.4677986 0.5073828 0.5156479 0.1914418 0.4677986 0.5073828 0.4677986 0.1914418 0.5156479 0.007403492 0.4677986 0.1914418 0.4677986 0.3300427 0.5156479 0.5073828 0.4677986 0.3300427 0.4677986 0.5073828 0.5156479 0.1914418 0.5634972 0.5073828 0.5634972 0.006629884 0.461821 0.2342552 0.5697705 0.2342552 0.461821 0.01410228 0.5634956 0.3300427 0.5156479 0.3300427 0.5634972 0.01260936 0.460502 0.2441051 0.5215073 0.2399946 0.4709525 0.006629884 0.461821 0.2342552 0.5697705 0.006629884 0.5697705 0.2342552 0.5697705 0.006629884 0.461821 0.006629884 0.5697705 0.5073828 0.5634972 0.1914418 0.5156479 0.5073828 0.5156479 0.01410228 0.5156468 0.3300427 0.5634972 0.3300427 0.5156479 0.01410228 0.467798 0.3300427 0.5156479 0.3300427 0.4677986 0.5073828 0.5156479 0.1914418 0.4677986 0.5073828 0.4677986 0.1914418 0.5156479 0.007403492 0.4677986 0.1914418 0.4677986 0.3300427 0.5156479 0.5073828 0.4677986 0.3300427 0.4677986 0.006629884 0.461821 0.2342552 0.5697705 0.006629884 0.5697705 0.2342552 0.5697705 0.006629884 0.461821 0.006629884 0.5697705 0.5073828 0.5634972 0.1914418 0.5156479 0.5073828 0.5156479 0.01410228 0.5156468 0.3300427 0.5634972 0.3300427 0.5156479 0.01410228 0.467798 0.3300427 0.5156479 0.3300427 0.4677986 0.5073828 0.5156479 0.1914418 0.4677986 0.5073828 0.4677986 0.1914418 0.5156479 0.007403492 0.4677986 0.1914418 0.4677986 0.3300427 0.5156479 0.5073828 0.4677986 0.3300427 0.4677986 0.006629884 0.461821 0.2342552 0.5697705 0.006629884 0.5697705 0.2342552 0.5697705 0.006629884 0.461821 0.006629884 0.5697705 0.5073828 0.5634972 0.1914418 0.5156479 0.5073828 0.5156479 0.01410228 0.5156468 0.3300427 0.5634972 0.3300427 0.5156479 0.01410228 0.467798 0.3300427 0.5156479 0.3300427 0.4677986 0.5073828 0.5156479 0.1914418 0.4677986 0.5073828 0.4677986 0.1914418 0.5156479 0.007403492 0.4677986 0.1914418 0.4677986 0.3300427 0.5156479 0.5073828 0.4677986 0.3300427 0.4677986 0.006629884 0.461821 0.2342552 0.5697705 0.006629884 0.5697705 0.2342552 0.5697705 0.006629884 0.461821 0.006629884 0.5697705 0.5073828 0.5634972 0.1914418 0.5156479 0.5073828 0.5156479 0.01410228 0.5156468 0.3300427 0.5634972 0.3300427 0.5156479 0.01410228 0.467798 0.3300427 0.5156479 0.3300427 0.4677986 0.5073828 0.5156479 0.1914418 0.4677986 0.5073828 0.4677986 0.1914418 0.5156479 0.007403492 0.4677986 0.1914418 0.4677986 0.3300427 0.5156479 0.5073828 0.4677986 0.3300427 0.4677986 0.006629884 0.461821 0.2342552 0.5697705 0.006629884 0.5697705 0.2342552 0.5697705 0.006629884 0.461821 0.006629884 0.5697705 0.5073828 0.5634972 0.1914418 0.5156479 0.5073828 0.5156479 0.01410228 0.5156468 0.3300427 0.5634972 0.3300427 0.5156479 0.01410228 0.467798 0.3300427 0.5156479 0.3300427 0.4677986 0.5073828 0.5156479 0.1914418 0.4677986 0.5073828 0.4677986 0.1914418 0.5156479 0.007403492 0.4677986 0.1914418 0.4677986 0.3300427 0.5156479 0.5073828 0.4677986 0.3300427 0.4677986 0.2342552 0.2602955 0.006629884 0.368245 0.006629884 0.2602955 0.1914418 0.3619717 0.007403492 0.3141224 0.1914418 0.3141224 0.2342552 0.2602955 0.006629884 0.368245 0.2342552 0.368245 0.5073828 0.3619717 0.1914418 0.3141224 0.5073828 0.3141224 0.01410228 0.3141213 0.3300427 0.3619717 0.3300427 0.3141224 0.01410228 0.2662725 0.3300427 0.3141224 0.3300427 0.2662731 0.5073828 0.3141224 0.1914418 0.2662731 0.5073828 0.2662731 0.1914418 0.3141224 0.007403492 0.2662731 0.1914418 0.2662731 0.3300427 0.3141224 0.5073828 0.2662731 0.3300427 0.2662731 0.2342552 0.2602955 0.006629884 0.368245 0.006629884 0.2602955 0.2342552 0.2602955 0.006629884 0.368245 0.2342552 0.368245 0.5073828 0.3619717 0.1914418 0.3141224 0.5073828 0.3141224 0.01410228 0.3141213 0.3300427 0.3619717 0.3300427 0.3141224 0.01410228 0.2662725 0.3300427 0.3141224 0.3300427 0.2662731 0.5073828 0.3141224 0.1914418 0.2662731 0.5073828 0.2662731 0.1914418 0.3141224 0.007403492 0.2662731 0.1914418 0.2662731 0.3300427 0.3141224 0.5073828 0.2662731 0.3300427 0.2662731 0.2342552 0.2602955 0.006629884 0.368245 0.006629884 0.2602955 0.3300427 0.3619717 0.5073828 0.3141224 0.3300427 0.3141224 0.2342552 0.2602955 0.006629884 0.368245 0.2342552 0.368245 0.5073828 0.3619717 0.1914418 0.3141224 0.5073828 0.3141224 0.01410228 0.3141213 0.3300427 0.3619717 0.3300427 0.3141224 0.01410228 0.2662725 0.3300427 0.3141224 0.3300427 0.2662731 0.5073828 0.3141224 0.1914418 0.2662731 0.5073828 0.2662731 0.1914418 0.3141224 0.007403492 0.2662731 0.1914418 0.2662731 0.3300427 0.3141224 0.5073828 0.2662731 0.3300427 0.2662731 0.01410228 0.3619701 0.3300427 0.3141224 0.3300427 0.3619717 0.01410228 0.3619701 0.3300427 0.3141224 0.3300427 0.3619717 0.006629884 0.368245 0.01410228 0.3619701 0.3300427 0.3619717 0.006629884 0.368245 0.01410228 0.3619701 0.3300427 0.3619717 0.006629884 0.461821 0.2342552 0.5697705 0.006629884 0.5697705 0.1914418 0.5634972 0.007403492 0.5156479 0.1914418 0.5156479 0.2342552 0.5697705 0.006629884 0.461821 0.006629884 0.5697705 0.5073828 0.5634972 0.1914418 0.5156479 0.5073828 0.5156479 0.01410228 0.5156468 0.3300427 0.5634972 0.3300427 0.5156479 0.01410228 0.467798 0.3300427 0.5156479 0.3300427 0.4677986 0.5073828 0.5156479 0.1914418 0.4677986 0.5073828 0.4677986 0.1914418 0.5156479 0.007403492 0.4677986 0.1914418 0.4677986 0.3300427 0.5156479 0.5073828 0.4677986 0.3300427 0.4677986 0.2342552 0.461821 0.006629884 0.5697705 0.006629884 0.461821 0.2342552 0.461821 0.006629884 0.5697705 0.2342552 0.5697705 0.5073828 0.5634972 0.1914418 0.5156479 0.5073828 0.5156479 0.01410228 0.5156468 0.3300427 0.5634972 0.3300427 0.5156479 0.01410228 0.467798 0.3300427 0.5156479 0.3300427 0.4677986 0.5073828 0.5156479 0.1914418 0.4677986 0.5073828 0.4677986 0.1914418 0.5156479 0.007403492 0.4677986 0.1914418 0.4677986 0.3300427 0.5156479 0.5073828 0.4677986 0.3300427 0.4677986 0.2342552 0.461821 0.006629884 0.5697705 0.006629884 0.461821 0.3300427 0.5634972 0.5073828 0.5156479 0.3300427 0.5156479 0.2342552 0.461821 0.006629884 0.5697705 0.2342552 0.5697705 0.5073828 0.5634972 0.1914418 0.5156479 0.5073828 0.5156479 0.01410228 0.5156468 0.3300427 0.5634972 0.3300427 0.5156479 0.01410228 0.467798 0.3300427 0.5156479 0.3300427 0.4677986 0.5073828 0.5156479 0.1914418 0.4677986 0.5073828 0.4677986 0.1914418 0.5156479 0.007403492 0.4677986 0.1914418 0.4677986 0.3300427 0.5156479 0.5073828 0.4677986 0.3300427 0.4677986 0.01410228 0.5634956 0.3300427 0.5156479 0.3300427 0.5634972 0.01410228 0.5634956 0.3300427 0.5156479 0.3300427 0.5634972 0.236193 0.4993671 0.00856769 0.6073166 0.00856769 0.4993671 0.08896821 0.6017571 0.1221401 0.5833755 0.08896821 0.5833755 0.04802978 0.6017571 0.001958966 0.5833755 0.04802978 0.5833755 0.236193 0.4993671 0.00856769 0.6073166 0.236193 0.6073166 0.1221401 0.6017571 0.04802978 0.5833755 0.1221401 0.5833755 0.008657693 0.5833753 0.08896821 0.6017571 0.08896821 0.5833755 0.00682199 0.0868206 0.5040367 0.0868206 0.00682199 0.1995373 0.5040367 0.0868206 0.5040367 0.1995373 0.00682199 0.1995373 0.2874878 0.004789352 0.4286713 0.004789352 0.2874878 0.1995373 0.4286713 0.004789352 0.4286713 0.1995373 0.2874878 0.1995373 0.5024948 0.0868206 0.01475739 0.0868206 0.5024948 0.1995373 0.5262231 0.1912049 0.5262231 0.02812159 0.7641192 0.1912049 0.01475739 0.0868206 0.01475739 0.1995373 0.5024948 0.1995373 0.5262231 0.02812159 0.7641192 0.02812159 0.7641192 0.1912049 0.2082405 0.004789233 0.2082405 0.199537 0.3494239 0.1995373 0.3494239 0.004789352 0.2082405 0.004789233 0.3494239 0.1995373 0.7641192 0.1912049 0.5262231 0.02812159 0.5262231 0.1912049 0.2342552 0.3142703 0.006629884 0.368245 0.006629884 0.3142703 0.4113304 0.3626855 0.5000005 0.3443039 0.4113304 0.3443039 0.09204035 0.3626855 2.12374e-5 0.3443039 0.09204035 0.3443039 0.2342552 0.2602955 0.006629884 0.3142703 0.2342552 0.3142703 0.5000005 0.3626855 0.1840595 0.3443039 0.5000005 0.3443039 0.006719887 0.3443038 0.3226603 0.3626855 0.3226603 0.3443039 0.236193 0.5533419 0.00856769 0.6073166 0.00856769 0.5533418 0.4132682 0.6017571 0.5019382 0.5833755 0.4132682 0.5833755 0.0939781 0.6017571 0.001958966 0.5833755 0.0939781 0.5833755 0.236193 0.4993671 0.00856769 0.5533418 0.236193 0.5533419 0.5019382 0.6017571 0.1859972 0.5833755 0.5019382 0.5833755 0.008657693 0.5833753 0.324598 0.6017571 0.324598 0.5833755 0.236193 0.5533419 0.00856769 0.6073166 0.236193 0.6073166 0.1859972 0.6017571 0.0939781 0.5833755 0.1859972 0.5833755 0.324598 0.6017571 0.4132682 0.5833755 0.324598 0.5833755 0.236193 0.4993671 0.00856769 0.5533418 0.00856769 0.4993671 0.2342552 0.3142703 0.006629884 0.368245 0.2342552 0.368245 0.1840595 0.3626855 0.09204035 0.3443039 0.1840595 0.3443039 0.3226603 0.3626855 0.4113304 0.3443039 0.3226603 0.3443039 0.2342552 0.2602955 0.006629884 0.3142703 0.006629884 0.2602955 0.236193 0.4993671 0.00856769 0.6073166 0.00856769 0.4993671 0.08896821 0.6017571 0.1221401 0.5833755 0.08896821 0.5833755 0.04802978 0.6017571 0.001958966 0.5833755 0.04802978 0.5833755 0.236193 0.4993671 0.00856769 0.6073166 0.236193 0.6073166 0.1221401 0.6017571 0.04802978 0.5833755 0.1221401 0.5833755 0.008657693 0.5833753 0.08896821 0.6017571 0.08896821 0.5833755 0.236193 0.4993671 0.00856769 0.6073166 0.00856769 0.4993671 0.08896821 0.6017571 0.1221401 0.5833755 0.08896821 0.5833755 0.04802978 0.6017571 0.001958966 0.5833755 0.04802978 0.5833755 0.236193 0.4993671 0.00856769 0.6073166 0.236193 0.6073166 0.1221401 0.6017571 0.04802978 0.5833755 0.1221401 0.5833755 0.008657693 0.5833753 0.08896821 0.6017571 0.08896821 0.5833755 0.00856769 0.4993671 0.236193 0.6073166 0.00856769 0.6073166 0.08896821 0.6017571 0.1221401 0.5833755 0.08896821 0.5833755 0.04802978 0.6017571 0.001958966 0.5833755 0.04802978 0.5833755 0.236193 0.6073166 0.00856769 0.4993671 0.00856769 0.6073166 0.1221401 0.6017571 0.04802978 0.5833755 0.1221401 0.5833755 0.008657693 0.5833753 0.08896821 0.6017571 0.08896821 0.5833755 0.236193 0.4993671 0.00856769 0.6073166 0.00856769 0.4993671 0.08896821 0.6017571 0.1221401 0.5833755 0.08896821 0.5833755 0.04802978 0.6017571 0.001958966 0.5833755 0.04802978 0.5833755 0.236193 0.4993671 0.00856769 0.6073166 0.236193 0.6073166 0.1221401 0.6017571 0.04802978 0.5833755 0.1221401 0.5833755 0.008657693 0.5833753 0.08896821 0.6017571 0.08896821 0.5833755 0.236193 0.4993671 0.00856769 0.6073166 0.00856769 0.4993671 0.08896821 0.6017571 0.1221401 0.5833755 0.08896821 0.5833755 0.04802978 0.6017571 0.001958966 0.5833755 0.04802978 0.5833755 0.236193 0.4993671 0.00856769 0.6073166 0.236193 0.6073166 0.1221401 0.6017571 0.04802978 0.5833755 0.1221401 0.5833755 0.008657693 0.5833753 0.08896821 0.6017571 0.08896821 0.5833755 0.236193 0.4993671 0.00856769 0.6073166 0.00856769 0.4993671 0.08896821 0.6017571 0.1221401 0.5833755 0.08896821 0.5833755 0.04802978 0.6017571 0.001958966 0.5833755 0.04802978 0.5833755 0.236193 0.4993671 0.00856769 0.6073166 0.236193 0.6073166 0.1221401 0.6017571 0.04802978 0.5833755 0.1221401 0.5833755 0.008657693 0.5833753 0.08896821 0.6017571 0.08896821 0.5833755 0.236193 0.4993671 0.00856769 0.6073166 0.00856769 0.4993671 0.08896821 0.6017571 0.1221401 0.5833755 0.08896821 0.5833755 0.04802978 0.6017571 0.001958966 0.5833755 0.04802978 0.5833755 0.236193 0.4993671 0.00856769 0.6073166 0.236193 0.6073166 0.1221401 0.6017571 0.04802978 0.5833755 0.1221401 0.5833755 0.008657693 0.5833753 0.08896821 0.6017571 0.08896821 0.5833755 0.236193 0.4993671 0.00856769 0.6073166 0.00856769 0.4993671 0.08896821 0.6017571 0.1221401 0.5833755 0.08896821 0.5833755 0.04802978 0.6017571 0.001958966 0.5833755 0.04802978 0.5833755 0.236193 0.4993671 0.00856769 0.6073166 0.236193 0.6073166 0.1221401 0.6017571 0.04802978 0.5833755 0.1221401 0.5833755 0.008657693 0.5833753 0.08896821 0.6017571 0.08896821 0.5833755 0.236193 0.4993671 0.00856769 0.6073166 0.00856769 0.4993671 0.08896821 0.6017571 0.1221401 0.5833755 0.08896821 0.5833755 0.04802978 0.6017571 0.001958966 0.5833755 0.04802978 0.5833755 0.236193 0.4993671 0.00856769 0.6073166 0.236193 0.6073166 0.1221401 0.6017571 0.04802978 0.5833755 0.1221401 0.5833755 0.008657693 0.5833753 0.08896821 0.6017571 0.08896821 0.5833755 0.236193 0.4993671 0.00856769 0.6073166 0.00856769 0.4993671 0.08896821 0.6017571 0.1221401 0.5833755 0.08896821 0.5833755 0.04802978 0.6017571 0.001958966 0.5833755 0.04802978 0.5833755 0.236193 0.4993671 0.00856769 0.6073166 0.236193 0.6073166 0.1221401 0.6017571 0.04802978 0.5833755 0.1221401 0.5833755 0.008657693 0.5833753 0.08896821 0.6017571 0.08896821 0.5833755 0.236193 0.4993671 0.00856769 0.6073166 0.00856769 0.4993671 0.08896821 0.6017571 0.1221401 0.5833755 0.08896821 0.5833755 0.04802978 0.6017571 0.001958966 0.5833755 0.04802978 0.5833755 0.236193 0.4993671 0.00856769 0.6073166 0.236193 0.6073166 0.1221401 0.6017571 0.04802978 0.5833755 0.1221401 0.5833755 0.008657693 0.5833753 0.08896821 0.6017571 0.08896821 0.5833755 0.236193 0.4993671 0.00856769 0.6073166 0.00856769 0.4993671 0.08896821 0.6017571 0.1221401 0.5833755 0.08896821 0.5833755 0.04802978 0.6017571 0.001958966 0.5833755 0.04802978 0.5833755 0.236193 0.4993671 0.00856769 0.6073166 0.236193 0.6073166 0.1221401 0.6017571 0.04802978 0.5833755 0.1221401 0.5833755 0.008657693 0.5833753 0.08896821 0.6017571 0.08896821 0.5833755 0.236193 0.4993671 0.00856769 0.6073166 0.00856769 0.4993671 0.08896821 0.6017571 0.1221401 0.5833755 0.08896821 0.5833755 0.04802978 0.6017571 0.001958966 0.5833755 0.04802978 0.5833755 0.236193 0.4993671 0.00856769 0.6073166 0.236193 0.6073166 0.1221401 0.6017571 0.04802978 0.5833755 0.1221401 0.5833755 0.008657693 0.5833753 0.08896821 0.6017571 0.08896821 0.5833755 0.236193 0.4993671 0.00856769 0.6073166 0.00856769 0.4993671 0.08896821 0.6017571 0.1221401 0.5833755 0.08896821 0.5833755 0.04802978 0.6017571 0.001958966 0.5833755 0.04802978 0.5833755 0.236193 0.4993671 0.00856769 0.6073166 0.236193 0.6073166 0.1221401 0.6017571 0.04802978 0.5833755 0.1221401 0.5833755 0.008657693 0.5833753 0.08896821 0.6017571 0.08896821 0.5833755 0.236193 0.4993671 0.00856769 0.6073166 0.00856769 0.4993671 0.08896821 0.6017571 0.1221401 0.5833755 0.08896821 0.5833755 0.04802978 0.6017571 0.001958966 0.5833755 0.04802978 0.5833755 0.236193 0.4993671 0.00856769 0.6073166 0.236193 0.6073166 0.1221401 0.6017571 0.04802978 0.5833755 0.1221401 0.5833755 0.008657693 0.5833753 0.08896821 0.6017571 0.08896821 0.5833755 0.236193 0.4993671 0.00856769 0.6073166 0.00856769 0.4993671 0.08896821 0.6017571 0.1221401 0.5833755 0.08896821 0.5833755 0.04802978 0.6017571 0.001958966 0.5833755 0.04802978 0.5833755 0.236193 0.4993671 0.00856769 0.6073166 0.236193 0.6073166 0.1221401 0.6017571 0.04802978 0.5833755 0.1221401 0.5833755 0.008657693 0.5833753 0.08896821 0.6017571 0.08896821 0.5833755 0.236193 0.4993671 0.00856769 0.6073166 0.00856769 0.4993671 0.08896821 0.6017571 0.1221401 0.5833755 0.08896821 0.5833755 0.04802978 0.6017571 0.001958966 0.5833755 0.04802978 0.5833755 0.236193 0.4993671 0.00856769 0.6073166 0.236193 0.6073166 0.1221401 0.6017571 0.04802978 0.5833755 0.1221401 0.5833755 0.008657693 0.5833753 0.08896821 0.6017571 0.08896821 0.5833755 0.236193 0.4993671 0.00856769 0.6073166 0.00856769 0.4993671 0.08896821 0.6017571 0.1221401 0.5833755 0.08896821 0.5833755 0.04802978 0.6017571 0.001958966 0.5833755 0.04802978 0.5833755 0.236193 0.4993671 0.00856769 0.6073166 0.236193 0.6073166 0.1221401 0.6017571 0.04802978 0.5833755 0.1221401 0.5833755 0.008657693 0.5833753 0.08896821 0.6017571 0.08896821 0.5833755 0.236193 0.4993671 0.00856769 0.6073166 0.00856769 0.4993671 0.08896821 0.6017571 0.1221401 0.5833755 0.08896821 0.5833755 0.04802978 0.6017571 0.001958966 0.5833755 0.04802978 0.5833755 0.236193 0.4993671 0.00856769 0.6073166 0.236193 0.6073166 0.1221401 0.6017571 0.04802978 0.5833755 0.1221401 0.5833755 0.008657693 0.5833753 0.08896821 0.6017571 0.08896821 0.5833755 0.236193 0.4993671 0.00856769 0.6073166 0.00856769 0.4993671 0.08896821 0.6017571 0.1221401 0.5833755 0.08896821 0.5833755 0.04802978 0.6017571 0.001958966 0.5833755 0.04802978 0.5833755 0.236193 0.4993671 0.00856769 0.6073166 0.236193 0.6073166 0.1221401 0.6017571 0.04802978 0.5833755 0.1221401 0.5833755 0.008657693 0.5833753 0.08896821 0.6017571 0.08896821 0.5833755 0.236193 0.4993671 0.00856769 0.6073166 0.00856769 0.4993671 0.08896821 0.6017571 0.1221401 0.5833755 0.08896821 0.5833755 0.04802978 0.6017571 0.001958966 0.5833755 0.04802978 0.5833755 0.236193 0.4993671 0.00856769 0.6073166 0.236193 0.6073166 0.1221401 0.6017571 0.04802978 0.5833755 0.1221401 0.5833755 0.008657693 0.5833753 0.08896821 0.6017571 0.08896821 0.5833755 0.236193 0.4993671 0.00856769 0.6073166 0.00856769 0.4993671 0.08896821 0.6017571 0.1221401 0.5833755 0.08896821 0.5833755 0.04802978 0.6017571 0.001958966 0.5833755 0.04802978 0.5833755 0.236193 0.4993671 0.00856769 0.6073166 0.236193 0.6073166 0.1221401 0.6017571 0.04802978 0.5833755 0.1221401 0.5833755 0.008657693 0.5833753 0.08896821 0.6017571 0.08896821 0.5833755 0.02266198 0.2006646 0.4821557 0.2006646 0.02266198 0.09427493 0.4821557 0.2006646 0.4821557 0.09427493 0.02266198 0.09427493 0.007626295 0.03293704 0.5119146 0.03293704 0.007626295 0.1972056 0.5119146 0.03293704 0.5119146 0.1972056 0.007626295 0.1972056 0.1723615 0.07395273 0.4450561 0.07395273 0.1723615 0.1972056 0.4450561 0.07395273 0.4450561 0.1972056 0.1723615 0.1972056 0.5114623 0.03293704 0.01295512 0.03293704 0.5114623 0.1972056 0.5614042 0.1374772 0.5614042 0.07493299 0.763726 0.1374772 0.01295512 0.03293704 0.01295512 0.1972056 0.5114623 0.1972056 0.5614042 0.07493299 0.763726 0.07493299 0.763726 0.1374772 0.01929628 0.07395261 0.01929628 0.1972054 0.2919905 0.1972056 0.2919905 0.07395273 0.01929628 0.07395261 0.2919905 0.1972056 0.236193 0.4993671 0.236193 0.6073166 0.00856769 0.6073166 0.08896821 0.6017571 0.1221401 0.6017571 0.1221401 0.5833755 0.04802978 0.6017571 0.001958966 0.6017571 0.001958966 0.5833755 0.236193 0.4993671 0.00856769 0.4993671 0.00856769 0.6073166 0.1221401 0.6017571 0.04802978 0.6017571 0.04802978 0.5833755 0.008657693 0.5833753 0.008657693 0.6017568 0.08896821 0.6017571 0.2342552 0.2602955 0.2342552 0.368245 0.006629884 0.368245 0.1914418 0.3619717 0.007403492 0.3619717 0.007403492 0.3141224 0.2342552 0.2602955 0.006629884 0.2602955 0.006629884 0.368245 0.5073828 0.3619717 0.1914418 0.3619717 0.1914418 0.3141224 0.01410228 0.3141213 0.01410228 0.3619701 0.3300427 0.3619717 0.01410228 0.2662725 0.01410228 0.3141213 0.3300427 0.3141224 0.5073828 0.3141224 0.1914418 0.3141224 0.1914418 0.2662731 0.1914418 0.3141224 0.007403492 0.3141224 0.007403492 0.2662731 0.3300427 0.3141224 0.5073828 0.3141224 0.5073828 0.2662731 0.2342552 0.2602955 0.2342552 0.368245 0.006629884 0.368245 0.2342552 0.2602955 0.006629884 0.2602955 0.006629884 0.368245 0.5073828 0.3619717 0.1914418 0.3619717 0.1914418 0.3141224 0.01410228 0.3141213 0.01410228 0.3619701 0.3300427 0.3619717 0.01410228 0.2662725 0.01410228 0.3141213 0.3300427 0.3141224 0.5073828 0.3141224 0.1914418 0.3141224 0.1914418 0.2662731 0.1914418 0.3141224 0.007403492 0.3141224 0.007403492 0.2662731 0.3300427 0.3141224 0.5073828 0.3141224 0.5073828 0.2662731 0.2342552 0.2602955 0.2342552 0.368245 0.006629884 0.368245 0.3300427 0.3619717 0.5073828 0.3619717 0.5073828 0.3141224 0.2342552 0.2602955 0.006629884 0.2602955 0.006629884 0.368245 0.5073828 0.3619717 0.1914418 0.3619717 0.1914418 0.3141224 0.01410228 0.3141213 0.01410228 0.3619701 0.3300427 0.3619717 0.01410228 0.2662725 0.01410228 0.3141213 0.3300427 0.3141224 0.5073828 0.3141224 0.1914418 0.3141224 0.1914418 0.2662731 0.1914418 0.3141224 0.007403492 0.3141224 0.007403492 0.2662731 0.3300427 0.3141224 0.5073828 0.3141224 0.5073828 0.2662731 0.006629884 0.368245 0.2342552 0.368245 0.2342552 0.2602955 0.5073828 0.3141224 0.1914418 0.3141224 0.2342552 0.368245 0.5073828 0.3141224 0.1914418 0.3141224 0.1914418 0.3619717 0.5073828 0.3619717 0.2342552 0.368245 0.2342552 0.2602955 0.2342552 0.461821 0.2342552 0.5697705 0.006629884 0.5697705 0.1914418 0.5634972 0.007403492 0.5634972 0.007403492 0.5156479 0.2342552 0.461821 0.006629884 0.461821 0.006629884 0.5697705 0.5073828 0.5634972 0.1914418 0.5634972 0.1914418 0.5156479 0.01410228 0.5156468 0.01410228 0.5634956 0.3300427 0.5634972 0.01410228 0.467798 0.01410228 0.5156468 0.3300427 0.5156479 0.5073828 0.5156479 0.1914418 0.5156479 0.1914418 0.4677986 0.1914418 0.5156479 0.007403492 0.5156479 0.007403492 0.4677986 0.3300427 0.5156479 0.5073828 0.5156479 0.5073828 0.4677986 0.2342552 0.461821 0.2342552 0.5697705 0.006629884 0.5697705 0.2342552 0.461821 0.006629884 0.461821 0.006629884 0.5697705 0.5073828 0.5634972 0.1914418 0.5634972 0.1914418 0.5156479 0.01410228 0.5156468 0.01410228 0.5634956 0.3300427 0.5634972 0.01410228 0.467798 0.01410228 0.5156468 0.3300427 0.5156479 0.5073828 0.5156479 0.1914418 0.5156479 0.1914418 0.4677986 0.1914418 0.5156479 0.007403492 0.5156479 0.007403492 0.4677986 0.3300427 0.5156479 0.5073828 0.5156479 0.5073828 0.4677986 0.2342552 0.461821 0.2342552 0.5697705 0.006629884 0.5697705 0.3300427 0.5634972 0.5073828 0.5634972 0.5073828 0.5156479 0.2342552 0.461821 0.006629884 0.461821 0.006629884 0.5697705 0.5073828 0.5634972 0.1914418 0.5634972 0.1914418 0.5156479 0.01410228 0.5156468 0.01410228 0.5634956 0.3300427 0.5634972 0.01410228 0.467798 0.01410228 0.5156468 0.3300427 0.5156479 0.5073828 0.5156479 0.1914418 0.5156479 0.1914418 0.4677986 0.1914418 0.5156479 0.007403492 0.5156479 0.007403492 0.4677986 0.3300427 0.5156479 0.5073828 0.5156479 0.5073828 0.4677986 0.5073828 0.5156479 0.1914418 0.5156479 0.1914418 0.5634972 0.5073828 0.5156479 0.1914418 0.5156479 0.1914418 0.5634972 0.006629884 0.2602955 0.2342552 0.2602955 0.2342552 0.368245 0.1914418 0.3619717 0.007403492 0.3619717 0.007403492 0.3141224 0.2342552 0.368245 0.2342552 0.2602955 0.006629884 0.2602955 0.5073828 0.3619717 0.1914418 0.3619717 0.1914418 0.3141224 0.01410228 0.3141213 0.01410228 0.3619701 0.3300427 0.3619717 0.01410228 0.2662725 0.01410228 0.3141213 0.3300427 0.3141224 0.5073828 0.3141224 0.1914418 0.3141224 0.1914418 0.2662731 0.1914418 0.3141224 0.007403492 0.3141224 0.007403492 0.2662731 0.3300427 0.3141224 0.5073828 0.3141224 0.5073828 0.2662731 0.006629884 0.2602955 0.2342552 0.2602955 0.2342552 0.368245 0.2342552 0.368245 0.2342552 0.2602955 0.006629884 0.2602955 0.5073828 0.3619717 0.1914418 0.3619717 0.1914418 0.3141224 0.01410228 0.3141213 0.01410228 0.3619701 0.3300427 0.3619717 0.01410228 0.2662725 0.01410228 0.3141213 0.3300427 0.3141224 0.5073828 0.3141224 0.1914418 0.3141224 0.1914418 0.2662731 0.1914418 0.3141224 0.007403492 0.3141224 0.007403492 0.2662731 0.3300427 0.3141224 0.5073828 0.3141224 0.5073828 0.2662731 0.006629884 0.2602955 0.2342552 0.2602955 0.2342552 0.368245 0.3300427 0.3619717 0.5073828 0.3619717 0.5073828 0.3141224 0.2342552 0.368245 0.2342552 0.2602955 0.006629884 0.2602955 0.5073828 0.3619717 0.1914418 0.3619717 0.1914418 0.3141224 0.01410228 0.3141213 0.01410228 0.3619701 0.3300427 0.3619717 0.01410228 0.2662725 0.01410228 0.3141213 0.3300427 0.3141224 0.5073828 0.3141224 0.1914418 0.3141224 0.1914418 0.2662731 0.1914418 0.3141224 0.007403492 0.3141224 0.007403492 0.2662731 0.3300427 0.3141224 0.5073828 0.3141224 0.5073828 0.2662731 0.006629884 0.2602955 0.5073828 0.3619717 0.2342552 0.368245 0.5073828 0.3141224 0.1914418 0.3141224 0.1914418 0.3619717 0.5073828 0.3141224 0.1914418 0.3141224 0.1914418 0.3619717 0.006629884 0.2602955 0.002922236 0.3619717 0.2342552 0.368245 0.006629884 0.2602955 0.2342552 0.2602955 0.2342552 0.368245 0.2342552 0.368245 0.2342552 0.2602955 0.006629884 0.2602955 0.5073828 0.3619717 0.1914418 0.3619717 0.1914418 0.3141224 0.01410228 0.3141213 0.01410228 0.3619701 0.3300427 0.3619717 0.01410228 0.2662725 0.01410228 0.3141213 0.3300427 0.3141224 0.5073828 0.3141224 0.1914418 0.3141224 0.1914418 0.2662731 0.1914418 0.3141224 0.007403492 0.3141224 0.007403492 0.2662731 0.3300427 0.3141224 0.5073828 0.3141224 0.5073828 0.2662731 0.006629884 0.2602955 0.2342552 0.2602955 0.2342552 0.368245 0.2342552 0.368245 0.2342552 0.2602955 0.006629884 0.2602955 0.5073828 0.3619717 0.1914418 0.3619717 0.1914418 0.3141224 0.01410228 0.3141213 0.01410228 0.3619701 0.3300427 0.3619717 0.01410228 0.2662725 0.01410228 0.3141213 0.3300427 0.3141224 0.5073828 0.3141224 0.1914418 0.3141224 0.1914418 0.2662731 0.1914418 0.3141224 0.007403492 0.3141224 0.007403492 0.2662731 0.3300427 0.3141224 0.5073828 0.3141224 0.5073828 0.2662731 0.006629884 0.2602955 0.2342552 0.2602955 0.2342552 0.368245 0.2342552 0.368245 0.2342552 0.2602955 0.006629884 0.2602955 0.5073828 0.3619717 0.1914418 0.3619717 0.1914418 0.3141224 0.01410228 0.3141213 0.01410228 0.3619701 0.3300427 0.3619717 0.01410228 0.2662725 0.01410228 0.3141213 0.3300427 0.3141224 0.5073828 0.3141224 0.1914418 0.3141224 0.1914418 0.2662731 0.1914418 0.3141224 0.007403492 0.3141224 0.007403492 0.2662731 0.3300427 0.3141224 0.5073828 0.3141224 0.5073828 0.2662731 0.006629884 0.2602955 0.2342552 0.2602955 0.2342552 0.368245 0.2342552 0.368245 0.2342552 0.2602955 0.006629884 0.2602955 0.5073828 0.3619717 0.1914418 0.3619717 0.1914418 0.3141224 0.01410228 0.3141213 0.01410228 0.3619701 0.3300427 0.3619717 0.01410228 0.2662725 0.01410228 0.3141213 0.3300427 0.3141224 0.5073828 0.3141224 0.1914418 0.3141224 0.1914418 0.2662731 0.1914418 0.3141224 0.007403492 0.3141224 0.007403492 0.2662731 0.3300427 0.3141224 0.5073828 0.3141224 0.5073828 0.2662731 0.006629884 0.2602955 0.2342552 0.2602955 0.2342552 0.368245 0.2342552 0.368245 0.2342552 0.2602955 0.006629884 0.2602955 0.5073828 0.3619717 0.1914418 0.3619717 0.1914418 0.3141224 0.01410228 0.3141213 0.01410228 0.3619701 0.3300427 0.3619717 0.01410228 0.2662725 0.01410228 0.3141213 0.3300427 0.3141224 0.5073828 0.3141224 0.1914418 0.3141224 0.1914418 0.2662731 0.1914418 0.3141224 0.007403492 0.3141224 0.007403492 0.2662731 0.3300427 0.3141224 0.5073828 0.3141224 0.5073828 0.2662731 0.006629884 0.461821 0.2342552 0.461821 0.2342552 0.5697705 0.1914418 0.5634972 0.007403492 0.5634972 0.007403492 0.5156479 0.2342552 0.5697705 0.2342552 0.461821 0.006629884 0.461821 0.5073828 0.5634972 0.1914418 0.5634972 0.1914418 0.5156479 0.01410228 0.5156468 0.01410228 0.5634956 0.3300427 0.5634972 0.01410228 0.467798 0.01410228 0.5156468 0.3300427 0.5156479 0.5073828 0.5156479 0.1914418 0.5156479 0.1914418 0.4677986 0.1914418 0.5156479 0.007403492 0.5156479 0.007403492 0.4677986 0.3300427 0.5156479 0.5073828 0.5156479 0.5073828 0.4677986 0.006629884 0.461821 0.2342552 0.461821 0.2342552 0.5697705 0.2342552 0.5697705 0.2342552 0.461821 0.006629884 0.461821 0.5073828 0.5634972 0.1914418 0.5634972 0.1914418 0.5156479 0.01410228 0.5156468 0.01410228 0.5634956 0.3300427 0.5634972 0.01410228 0.467798 0.01410228 0.5156468 0.3300427 0.5156479 0.5073828 0.5156479 0.1914418 0.5156479 0.1914418 0.4677986 0.1914418 0.5156479 0.007403492 0.5156479 0.007403492 0.4677986 0.3300427 0.5156479 0.5073828 0.5156479 0.5073828 0.4677986 0.006629884 0.461821 0.2342552 0.461821 0.2342552 0.5697705 0.3300427 0.5634972 0.5073828 0.5634972 0.5073828 0.5156479 0.2342552 0.5697705 0.2342552 0.461821 0.006629884 0.461821 0.5073828 0.5634972 0.1914418 0.5634972 0.1914418 0.5156479 0.01410228 0.5156468 0.01410228 0.5634956 0.3300427 0.5634972 0.01410228 0.467798 0.01410228 0.5156468 0.3300427 0.5156479 0.5073828 0.5156479 0.1914418 0.5156479 0.1914418 0.4677986 0.1914418 0.5156479 0.007403492 0.5156479 0.007403492 0.4677986 0.3300427 0.5156479 0.5073828 0.5156479 0.5073828 0.4677986 0.5073828 0.5156479 0.1914418 0.5156479 0.1914418 0.5634972 0.5073828 0.5156479 0.1914418 0.5156479 0.1914418 0.5634972 0.006629884 0.461821 0.002922236 0.5634972 0.2342552 0.5697705 0.006629884 0.461821 0.2342552 0.461821 0.2342552 0.5697705 0.2342552 0.5697705 0.2342552 0.461821 0.006629884 0.461821 0.5073828 0.5634972 0.1914418 0.5634972 0.1914418 0.5156479 0.01410228 0.5156468 0.01410228 0.5634956 0.3300427 0.5634972 0.01410228 0.467798 0.01410228 0.5156468 0.3300427 0.5156479 0.5073828 0.5156479 0.1914418 0.5156479 0.1914418 0.4677986 0.1914418 0.5156479 0.007403492 0.5156479 0.007403492 0.4677986 0.3300427 0.5156479 0.5073828 0.5156479 0.5073828 0.4677986 0.006629884 0.461821 0.2342552 0.461821 0.2342552 0.5697705 0.2342552 0.5697705 0.2342552 0.461821 0.006629884 0.461821 0.5073828 0.5634972 0.1914418 0.5634972 0.1914418 0.5156479 0.01410228 0.5156468 0.01410228 0.5634956 0.3300427 0.5634972 0.01410228 0.467798 0.01410228 0.5156468 0.3300427 0.5156479 0.5073828 0.5156479 0.1914418 0.5156479 0.1914418 0.4677986 0.1914418 0.5156479 0.007403492 0.5156479 0.007403492 0.4677986 0.3300427 0.5156479 0.5073828 0.5156479 0.5073828 0.4677986 0.006629884 0.461821 0.2342552 0.461821 0.2342552 0.5697705 0.2342552 0.5697705 0.2342552 0.461821 0.006629884 0.461821 0.5073828 0.5634972 0.1914418 0.5634972 0.1914418 0.5156479 0.01410228 0.5156468 0.01410228 0.5634956 0.3300427 0.5634972 0.01410228 0.467798 0.01410228 0.5156468 0.3300427 0.5156479 0.5073828 0.5156479 0.1914418 0.5156479 0.1914418 0.4677986 0.1914418 0.5156479 0.007403492 0.5156479 0.007403492 0.4677986 0.3300427 0.5156479 0.5073828 0.5156479 0.5073828 0.4677986 0.006629884 0.461821 0.2342552 0.461821 0.2342552 0.5697705 0.2342552 0.5697705 0.2342552 0.461821 0.006629884 0.461821 0.5073828 0.5634972 0.1914418 0.5634972 0.1914418 0.5156479 0.01410228 0.5156468 0.01410228 0.5634956 0.3300427 0.5634972 0.01410228 0.467798 0.01410228 0.5156468 0.3300427 0.5156479 0.5073828 0.5156479 0.1914418 0.5156479 0.1914418 0.4677986 0.1914418 0.5156479 0.007403492 0.5156479 0.007403492 0.4677986 0.3300427 0.5156479 0.5073828 0.5156479 0.5073828 0.4677986 0.006629884 0.461821 0.2342552 0.461821 0.2342552 0.5697705 0.2342552 0.5697705 0.2342552 0.461821 0.006629884 0.461821 0.5073828 0.5634972 0.1914418 0.5634972 0.1914418 0.5156479 0.01410228 0.5156468 0.01410228 0.5634956 0.3300427 0.5634972 0.01410228 0.467798 0.01410228 0.5156468 0.3300427 0.5156479 0.5073828 0.5156479 0.1914418 0.5156479 0.1914418 0.4677986 0.1914418 0.5156479 0.007403492 0.5156479 0.007403492 0.4677986 0.3300427 0.5156479 0.5073828 0.5156479 0.5073828 0.4677986 0.006629884 0.2602955 0.2342552 0.2602955 0.2342552 0.368245 0.1914418 0.3619717 0.007403492 0.3619717 0.007403492 0.3141224 0.2342552 0.368245 0.2342552 0.2602955 0.006629884 0.2602955 0.5073828 0.3619717 0.1914418 0.3619717 0.1914418 0.3141224 0.01410228 0.3141213 0.01410228 0.3619701 0.3300427 0.3619717 0.01410228 0.2662725 0.01410228 0.3141213 0.3300427 0.3141224 0.5073828 0.3141224 0.1914418 0.3141224 0.1914418 0.2662731 0.1914418 0.3141224 0.007403492 0.3141224 0.007403492 0.2662731 0.3300427 0.3141224 0.5073828 0.3141224 0.5073828 0.2662731 0.006629884 0.2602955 0.2342552 0.2602955 0.2342552 0.368245 0.2342552 0.368245 0.2342552 0.2602955 0.006629884 0.2602955 0.5073828 0.3619717 0.1914418 0.3619717 0.1914418 0.3141224 0.01410228 0.3141213 0.01410228 0.3619701 0.3300427 0.3619717 0.01410228 0.2662725 0.01410228 0.3141213 0.3300427 0.3141224 0.5073828 0.3141224 0.1914418 0.3141224 0.1914418 0.2662731 0.1914418 0.3141224 0.007403492 0.3141224 0.007403492 0.2662731 0.3300427 0.3141224 0.5073828 0.3141224 0.5073828 0.2662731 0.006629884 0.2602955 0.2342552 0.2602955 0.2342552 0.368245 0.3300427 0.3619717 0.5073828 0.3619717 0.5073828 0.3141224 0.2342552 0.368245 0.2342552 0.2602955 0.006629884 0.2602955 0.5073828 0.3619717 0.1914418 0.3619717 0.1914418 0.3141224 0.01410228 0.3141213 0.01410228 0.3619701 0.3300427 0.3619717 0.01410228 0.2662725 0.01410228 0.3141213 0.3300427 0.3141224 0.5073828 0.3141224 0.1914418 0.3141224 0.1914418 0.2662731 0.1914418 0.3141224 0.007403492 0.3141224 0.007403492 0.2662731 0.3300427 0.3141224 0.5073828 0.3141224 0.5073828 0.2662731 0.2342552 0.2602955 0.01410228 0.3141213 0.3300427 0.3141224 0.5073828 0.3141224 0.1914418 0.3141224 0.1914418 0.3619717 0.006629884 0.2602955 0.002922236 0.3619717 0.2342552 0.368245 0.006771445 0.2546206 0.01410228 0.3141213 0.242152 0.3160755 0.006629884 0.2602955 0.006629884 0.368245 0.2342552 0.368245 0.006629884 0.2602955 0.2342552 0.2602955 0.2342552 0.368245 0.2342552 0.368245 0.2342552 0.2602955 0.006629884 0.2602955 0.5073828 0.3619717 0.1914418 0.3619717 0.1914418 0.3141224 0.01410228 0.3141213 0.01410228 0.3619701 0.3300427 0.3619717 0.01410228 0.2662725 0.01410228 0.3141213 0.3300427 0.3141224 0.5073828 0.3141224 0.1914418 0.3141224 0.1914418 0.2662731 0.1914418 0.3141224 0.007403492 0.3141224 0.007403492 0.2662731 0.3300427 0.3141224 0.5073828 0.3141224 0.5073828 0.2662731 0.006629884 0.2602955 0.2342552 0.2602955 0.2342552 0.368245 0.2342552 0.368245 0.2342552 0.2602955 0.006629884 0.2602955 0.5073828 0.3619717 0.1914418 0.3619717 0.1914418 0.3141224 0.01410228 0.3141213 0.01410228 0.3619701 0.3300427 0.3619717 0.01410228 0.2662725 0.01410228 0.3141213 0.3300427 0.3141224 0.5073828 0.3141224 0.1914418 0.3141224 0.1914418 0.2662731 0.1914418 0.3141224 0.007403492 0.3141224 0.007403492 0.2662731 0.3300427 0.3141224 0.5073828 0.3141224 0.5073828 0.2662731 0.006629884 0.2602955 0.2342552 0.2602955 0.2342552 0.368245 0.2342552 0.368245 0.2342552 0.2602955 0.006629884 0.2602955 0.5073828 0.3619717 0.1914418 0.3619717 0.1914418 0.3141224 0.01410228 0.3141213 0.01410228 0.3619701 0.3300427 0.3619717 0.01410228 0.2662725 0.01410228 0.3141213 0.3300427 0.3141224 0.5073828 0.3141224 0.1914418 0.3141224 0.1914418 0.2662731 0.1914418 0.3141224 0.007403492 0.3141224 0.007403492 0.2662731 0.3300427 0.3141224 0.5073828 0.3141224 0.5073828 0.2662731 0.006629884 0.2602955 0.2342552 0.2602955 0.2342552 0.368245 0.2342552 0.368245 0.2342552 0.2602955 0.006629884 0.2602955 0.5073828 0.3619717 0.1914418 0.3619717 0.1914418 0.3141224 0.01410228 0.3141213 0.01410228 0.3619701 0.3300427 0.3619717 0.01410228 0.2662725 0.01410228 0.3141213 0.3300427 0.3141224 0.5073828 0.3141224 0.1914418 0.3141224 0.1914418 0.2662731 0.1914418 0.3141224 0.007403492 0.3141224 0.007403492 0.2662731 0.3300427 0.3141224 0.5073828 0.3141224 0.5073828 0.2662731 0.006629884 0.2602955 0.2342552 0.2602955 0.2342552 0.368245 0.2342552 0.368245 0.2342552 0.2602955 0.006629884 0.2602955 0.5073828 0.3619717 0.1914418 0.3619717 0.1914418 0.3141224 0.01410228 0.3141213 0.01410228 0.3619701 0.3300427 0.3619717 0.01410228 0.2662725 0.01410228 0.3141213 0.3300427 0.3141224 0.5073828 0.3141224 0.1914418 0.3141224 0.1914418 0.2662731 0.1914418 0.3141224 0.007403492 0.3141224 0.007403492 0.2662731 0.3300427 0.3141224 0.5073828 0.3141224 0.5073828 0.2662731 0.006629884 0.461821 0.2342552 0.461821 0.2342552 0.5697705 0.1914418 0.5634972 0.007403492 0.5634972 0.007403492 0.5156479 0.2342552 0.5697705 0.2342552 0.461821 0.006629884 0.461821 0.5073828 0.5634972 0.1914418 0.5634972 0.1914418 0.5156479 0.01410228 0.5156468 0.01410228 0.5634956 0.3300427 0.5634972 0.01410228 0.467798 0.01410228 0.5156468 0.3300427 0.5156479 0.5073828 0.5156479 0.1914418 0.5156479 0.1914418 0.4677986 0.1914418 0.5156479 0.007403492 0.5156479 0.007403492 0.4677986 0.3300427 0.5156479 0.5073828 0.5156479 0.5073828 0.4677986 0.006629884 0.461821 0.2342552 0.461821 0.2342552 0.5697705 0.2342552 0.5697705 0.2342552 0.461821 0.006629884 0.461821 0.5073828 0.5634972 0.1914418 0.5634972 0.1914418 0.5156479 0.01410228 0.5156468 0.01410228 0.5634956 0.3300427 0.5634972 0.01410228 0.467798 0.01410228 0.5156468 0.3300427 0.5156479 0.5073828 0.5156479 0.1914418 0.5156479 0.1914418 0.4677986 0.1914418 0.5156479 0.007403492 0.5156479 0.007403492 0.4677986 0.3300427 0.5156479 0.5073828 0.5156479 0.5073828 0.4677986 0.006629884 0.461821 0.2342552 0.461821 0.2342552 0.5697705 0.3300427 0.5634972 0.5073828 0.5634972 0.5073828 0.5156479 0.2342552 0.5697705 0.2342552 0.461821 0.006629884 0.461821 0.5073828 0.5634972 0.1914418 0.5634972 0.1914418 0.5156479 0.01410228 0.5156468 0.01410228 0.5634956 0.3300427 0.5634972 0.01410228 0.467798 0.01410228 0.5156468 0.3300427 0.5156479 0.5073828 0.5156479 0.1914418 0.5156479 0.1914418 0.4677986 0.1914418 0.5156479 0.007403492 0.5156479 0.007403492 0.4677986 0.3300427 0.5156479 0.5073828 0.5156479 0.5073828 0.4677986 0.5073828 0.5156479 0.1914418 0.5156479 0.1914418 0.5634972 0.006629884 0.461821 0.002922236 0.5634972 0.2342552 0.5697705 0.01410228 0.5634956 0.01410228 0.5156468 0.3300427 0.5156479 0.01260936 0.460502 0.01410228 0.5156468 0.2441051 0.5215073 0.006629884 0.461821 0.2342552 0.461821 0.2342552 0.5697705 0.2342552 0.5697705 0.2342552 0.461821 0.006629884 0.461821 0.5073828 0.5634972 0.1914418 0.5634972 0.1914418 0.5156479 0.01410228 0.5156468 0.01410228 0.5634956 0.3300427 0.5634972 0.01410228 0.467798 0.01410228 0.5156468 0.3300427 0.5156479 0.5073828 0.5156479 0.1914418 0.5156479 0.1914418 0.4677986 0.1914418 0.5156479 0.007403492 0.5156479 0.007403492 0.4677986 0.3300427 0.5156479 0.5073828 0.5156479 0.5073828 0.4677986 0.006629884 0.461821 0.2342552 0.461821 0.2342552 0.5697705 0.2342552 0.5697705 0.2342552 0.461821 0.006629884 0.461821 0.5073828 0.5634972 0.1914418 0.5634972 0.1914418 0.5156479 0.01410228 0.5156468 0.01410228 0.5634956 0.3300427 0.5634972 0.01410228 0.467798 0.01410228 0.5156468 0.3300427 0.5156479 0.5073828 0.5156479 0.1914418 0.5156479 0.1914418 0.4677986 0.1914418 0.5156479 0.007403492 0.5156479 0.007403492 0.4677986 0.3300427 0.5156479 0.5073828 0.5156479 0.5073828 0.4677986 0.006629884 0.461821 0.2342552 0.461821 0.2342552 0.5697705 0.2342552 0.5697705 0.2342552 0.461821 0.006629884 0.461821 0.5073828 0.5634972 0.1914418 0.5634972 0.1914418 0.5156479 0.01410228 0.5156468 0.01410228 0.5634956 0.3300427 0.5634972 0.01410228 0.467798 0.01410228 0.5156468 0.3300427 0.5156479 0.5073828 0.5156479 0.1914418 0.5156479 0.1914418 0.4677986 0.1914418 0.5156479 0.007403492 0.5156479 0.007403492 0.4677986 0.3300427 0.5156479 0.5073828 0.5156479 0.5073828 0.4677986 0.006629884 0.461821 0.2342552 0.461821 0.2342552 0.5697705 0.2342552 0.5697705 0.2342552 0.461821 0.006629884 0.461821 0.5073828 0.5634972 0.1914418 0.5634972 0.1914418 0.5156479 0.01410228 0.5156468 0.01410228 0.5634956 0.3300427 0.5634972 0.01410228 0.467798 0.01410228 0.5156468 0.3300427 0.5156479 0.5073828 0.5156479 0.1914418 0.5156479 0.1914418 0.4677986 0.1914418 0.5156479 0.007403492 0.5156479 0.007403492 0.4677986 0.3300427 0.5156479 0.5073828 0.5156479 0.5073828 0.4677986 0.006629884 0.461821 0.2342552 0.461821 0.2342552 0.5697705 0.2342552 0.5697705 0.2342552 0.461821 0.006629884 0.461821 0.5073828 0.5634972 0.1914418 0.5634972 0.1914418 0.5156479 0.01410228 0.5156468 0.01410228 0.5634956 0.3300427 0.5634972 0.01410228 0.467798 0.01410228 0.5156468 0.3300427 0.5156479 0.5073828 0.5156479 0.1914418 0.5156479 0.1914418 0.4677986 0.1914418 0.5156479 0.007403492 0.5156479 0.007403492 0.4677986 0.3300427 0.5156479 0.5073828 0.5156479 0.5073828 0.4677986 0.2342552 0.2602955 0.2342552 0.368245 0.006629884 0.368245 0.1914418 0.3619717 0.007403492 0.3619717 0.007403492 0.3141224 0.2342552 0.2602955 0.006629884 0.2602955 0.006629884 0.368245 0.5073828 0.3619717 0.1914418 0.3619717 0.1914418 0.3141224 0.01410228 0.3141213 0.01410228 0.3619701 0.3300427 0.3619717 0.01410228 0.2662725 0.01410228 0.3141213 0.3300427 0.3141224 0.5073828 0.3141224 0.1914418 0.3141224 0.1914418 0.2662731 0.1914418 0.3141224 0.007403492 0.3141224 0.007403492 0.2662731 0.3300427 0.3141224 0.5073828 0.3141224 0.5073828 0.2662731 0.2342552 0.2602955 0.2342552 0.368245 0.006629884 0.368245 0.2342552 0.2602955 0.006629884 0.2602955 0.006629884 0.368245 0.5073828 0.3619717 0.1914418 0.3619717 0.1914418 0.3141224 0.01410228 0.3141213 0.01410228 0.3619701 0.3300427 0.3619717 0.01410228 0.2662725 0.01410228 0.3141213 0.3300427 0.3141224 0.5073828 0.3141224 0.1914418 0.3141224 0.1914418 0.2662731 0.1914418 0.3141224 0.007403492 0.3141224 0.007403492 0.2662731 0.3300427 0.3141224 0.5073828 0.3141224 0.5073828 0.2662731 0.2342552 0.2602955 0.2342552 0.368245 0.006629884 0.368245 0.3300427 0.3619717 0.5073828 0.3619717 0.5073828 0.3141224 0.2342552 0.2602955 0.006629884 0.2602955 0.006629884 0.368245 0.5073828 0.3619717 0.1914418 0.3619717 0.1914418 0.3141224 0.01410228 0.3141213 0.01410228 0.3619701 0.3300427 0.3619717 0.01410228 0.2662725 0.01410228 0.3141213 0.3300427 0.3141224 0.5073828 0.3141224 0.1914418 0.3141224 0.1914418 0.2662731 0.1914418 0.3141224 0.007403492 0.3141224 0.007403492 0.2662731 0.3300427 0.3141224 0.5073828 0.3141224 0.5073828 0.2662731 0.01410228 0.3619701 0.01410228 0.3141213 0.3300427 0.3141224 0.01410228 0.3619701 0.01410228 0.3141213 0.3300427 0.3141224 0.006629884 0.368245 0.2342552 0.368245 0.01410228 0.3619701 0.006629884 0.368245 0.2342552 0.368245 0.01410228 0.3619701 0.006629884 0.461821 0.2342552 0.461821 0.2342552 0.5697705 0.1914418 0.5634972 0.007403492 0.5634972 0.007403492 0.5156479 0.2342552 0.5697705 0.2342552 0.461821 0.006629884 0.461821 0.5073828 0.5634972 0.1914418 0.5634972 0.1914418 0.5156479 0.01410228 0.5156468 0.01410228 0.5634956 0.3300427 0.5634972 0.01410228 0.467798 0.01410228 0.5156468 0.3300427 0.5156479 0.5073828 0.5156479 0.1914418 0.5156479 0.1914418 0.4677986 0.1914418 0.5156479 0.007403492 0.5156479 0.007403492 0.4677986 0.3300427 0.5156479 0.5073828 0.5156479 0.5073828 0.4677986 0.2342552 0.461821 0.2342552 0.5697705 0.006629884 0.5697705 0.2342552 0.461821 0.006629884 0.461821 0.006629884 0.5697705 0.5073828 0.5634972 0.1914418 0.5634972 0.1914418 0.5156479 0.01410228 0.5156468 0.01410228 0.5634956 0.3300427 0.5634972 0.01410228 0.467798 0.01410228 0.5156468 0.3300427 0.5156479 0.5073828 0.5156479 0.1914418 0.5156479 0.1914418 0.4677986 0.1914418 0.5156479 0.007403492 0.5156479 0.007403492 0.4677986 0.3300427 0.5156479 0.5073828 0.5156479 0.5073828 0.4677986 0.2342552 0.461821 0.2342552 0.5697705 0.006629884 0.5697705 0.3300427 0.5634972 0.5073828 0.5634972 0.5073828 0.5156479 0.2342552 0.461821 0.006629884 0.461821 0.006629884 0.5697705 0.5073828 0.5634972 0.1914418 0.5634972 0.1914418 0.5156479 0.01410228 0.5156468 0.01410228 0.5634956 0.3300427 0.5634972 0.01410228 0.467798 0.01410228 0.5156468 0.3300427 0.5156479 0.5073828 0.5156479 0.1914418 0.5156479 0.1914418 0.4677986 0.1914418 0.5156479 0.007403492 0.5156479 0.007403492 0.4677986 0.3300427 0.5156479 0.5073828 0.5156479 0.5073828 0.4677986 0.01410228 0.5634956 0.01410228 0.5156468 0.3300427 0.5156479 0.01410228 0.5634956 0.01410228 0.5156468 0.3300427 0.5156479 0.236193 0.4993671 0.236193 0.6073166 0.00856769 0.6073166 0.08896821 0.6017571 0.1221401 0.6017571 0.1221401 0.5833755 0.04802978 0.6017571 0.001958966 0.6017571 0.001958966 0.5833755 0.236193 0.4993671 0.00856769 0.4993671 0.00856769 0.6073166 0.1221401 0.6017571 0.04802978 0.6017571 0.04802978 0.5833755 0.008657693 0.5833753 0.008657693 0.6017568 0.08896821 0.6017571 0.7641192 0.1912049 0.7641192 0.02812159 0.5262231 0.02812159 0.2342552 0.3142703 0.2342552 0.368245 0.006629884 0.368245 0.4113304 0.3626855 0.5000005 0.3626855 0.5000005 0.3443039 0.09204035 0.3626855 2.12374e-5 0.3626855 2.12374e-5 0.3443039 0.2342552 0.2602955 0.006629884 0.2602955 0.006629884 0.3142703 0.5000005 0.3626855 0.1840595 0.3626855 0.1840595 0.3443039 0.006719887 0.3443038 0.006719887 0.3626852 0.3226603 0.3626855 0.236193 0.5533419 0.236193 0.6073166 0.00856769 0.6073166 0.4132682 0.6017571 0.5019382 0.6017571 0.5019382 0.5833755 0.0939781 0.6017571 0.001958966 0.6017571 0.001958966 0.5833755 0.236193 0.4993671 0.00856769 0.4993671 0.00856769 0.5533418 0.5019382 0.6017571 0.1859972 0.6017571 0.1859972 0.5833755 0.008657693 0.5833753 0.008657693 0.6017568 0.324598 0.6017571 0.236193 0.5533419 0.00856769 0.5533418 0.00856769 0.6073166 0.1859972 0.6017571 0.0939781 0.6017571 0.0939781 0.5833755 0.324598 0.6017571 0.4132682 0.6017571 0.4132682 0.5833755 0.236193 0.4993671 0.236193 0.5533419 0.00856769 0.5533418 0.2342552 0.3142703 0.006629884 0.3142703 0.006629884 0.368245 0.1840595 0.3626855 0.09204035 0.3626855 0.09204035 0.3443039 0.3226603 0.3626855 0.4113304 0.3626855 0.4113304 0.3443039 0.2342552 0.2602955 0.2342552 0.3142703 0.006629884 0.3142703 0.236193 0.4993671 0.236193 0.6073166 0.00856769 0.6073166 0.08896821 0.6017571 0.1221401 0.6017571 0.1221401 0.5833755 0.04802978 0.6017571 0.001958966 0.6017571 0.001958966 0.5833755 0.236193 0.4993671 0.00856769 0.4993671 0.00856769 0.6073166 0.1221401 0.6017571 0.04802978 0.6017571 0.04802978 0.5833755 0.008657693 0.5833753 0.008657693 0.6017568 0.08896821 0.6017571 0.236193 0.4993671 0.236193 0.6073166 0.00856769 0.6073166 0.08896821 0.6017571 0.1221401 0.6017571 0.1221401 0.5833755 0.04802978 0.6017571 0.001958966 0.6017571 0.001958966 0.5833755 0.236193 0.4993671 0.00856769 0.4993671 0.00856769 0.6073166 0.1221401 0.6017571 0.04802978 0.6017571 0.04802978 0.5833755 0.008657693 0.5833753 0.008657693 0.6017568 0.08896821 0.6017571 0.00856769 0.4993671 0.236193 0.4993671 0.236193 0.6073166 0.08896821 0.6017571 0.1221401 0.6017571 0.1221401 0.5833755 0.04802978 0.6017571 0.001958966 0.6017571 0.001958966 0.5833755 0.236193 0.6073166 0.236193 0.4993671 0.00856769 0.4993671 0.1221401 0.6017571 0.04802978 0.6017571 0.04802978 0.5833755 0.008657693 0.5833753 0.008657693 0.6017568 0.08896821 0.6017571 0.236193 0.4993671 0.236193 0.6073166 0.00856769 0.6073166 0.08896821 0.6017571 0.1221401 0.6017571 0.1221401 0.5833755 0.04802978 0.6017571 0.001958966 0.6017571 0.001958966 0.5833755 0.236193 0.4993671 0.00856769 0.4993671 0.00856769 0.6073166 0.1221401 0.6017571 0.04802978 0.6017571 0.04802978 0.5833755 0.008657693 0.5833753 0.008657693 0.6017568 0.08896821 0.6017571 0.236193 0.4993671 0.236193 0.6073166 0.00856769 0.6073166 0.08896821 0.6017571 0.1221401 0.6017571 0.1221401 0.5833755 0.04802978 0.6017571 0.001958966 0.6017571 0.001958966 0.5833755 0.236193 0.4993671 0.00856769 0.4993671 0.00856769 0.6073166 0.1221401 0.6017571 0.04802978 0.6017571 0.04802978 0.5833755 0.008657693 0.5833753 0.008657693 0.6017568 0.08896821 0.6017571 0.236193 0.4993671 0.236193 0.6073166 0.00856769 0.6073166 0.08896821 0.6017571 0.1221401 0.6017571 0.1221401 0.5833755 0.04802978 0.6017571 0.001958966 0.6017571 0.001958966 0.5833755 0.236193 0.4993671 0.00856769 0.4993671 0.00856769 0.6073166 0.1221401 0.6017571 0.04802978 0.6017571 0.04802978 0.5833755 0.008657693 0.5833753 0.008657693 0.6017568 0.08896821 0.6017571 0.236193 0.4993671 0.236193 0.6073166 0.00856769 0.6073166 0.08896821 0.6017571 0.1221401 0.6017571 0.1221401 0.5833755 0.04802978 0.6017571 0.001958966 0.6017571 0.001958966 0.5833755 0.236193 0.4993671 0.00856769 0.4993671 0.00856769 0.6073166 0.1221401 0.6017571 0.04802978 0.6017571 0.04802978 0.5833755 0.008657693 0.5833753 0.008657693 0.6017568 0.08896821 0.6017571 0.236193 0.4993671 0.236193 0.6073166 0.00856769 0.6073166 0.08896821 0.6017571 0.1221401 0.6017571 0.1221401 0.5833755 0.04802978 0.6017571 0.001958966 0.6017571 0.001958966 0.5833755 0.236193 0.4993671 0.00856769 0.4993671 0.00856769 0.6073166 0.1221401 0.6017571 0.04802978 0.6017571 0.04802978 0.5833755 0.008657693 0.5833753 0.008657693 0.6017568 0.08896821 0.6017571 0.236193 0.4993671 0.236193 0.6073166 0.00856769 0.6073166 0.08896821 0.6017571 0.1221401 0.6017571 0.1221401 0.5833755 0.04802978 0.6017571 0.001958966 0.6017571 0.001958966 0.5833755 0.236193 0.4993671 0.00856769 0.4993671 0.00856769 0.6073166 0.1221401 0.6017571 0.04802978 0.6017571 0.04802978 0.5833755 0.008657693 0.5833753 0.008657693 0.6017568 0.08896821 0.6017571 0.236193 0.4993671 0.236193 0.6073166 0.00856769 0.6073166 0.08896821 0.6017571 0.1221401 0.6017571 0.1221401 0.5833755 0.04802978 0.6017571 0.001958966 0.6017571 0.001958966 0.5833755 0.236193 0.4993671 0.00856769 0.4993671 0.00856769 0.6073166 0.1221401 0.6017571 0.04802978 0.6017571 0.04802978 0.5833755 0.008657693 0.5833753 0.008657693 0.6017568 0.08896821 0.6017571 0.236193 0.4993671 0.236193 0.6073166 0.00856769 0.6073166 0.08896821 0.6017571 0.1221401 0.6017571 0.1221401 0.5833755 0.04802978 0.6017571 0.001958966 0.6017571 0.001958966 0.5833755 0.236193 0.4993671 0.00856769 0.4993671 0.00856769 0.6073166 0.1221401 0.6017571 0.04802978 0.6017571 0.04802978 0.5833755 0.008657693 0.5833753 0.008657693 0.6017568 0.08896821 0.6017571 0.236193 0.4993671 0.236193 0.6073166 0.00856769 0.6073166 0.08896821 0.6017571 0.1221401 0.6017571 0.1221401 0.5833755 0.04802978 0.6017571 0.001958966 0.6017571 0.001958966 0.5833755 0.236193 0.4993671 0.00856769 0.4993671 0.00856769 0.6073166 0.1221401 0.6017571 0.04802978 0.6017571 0.04802978 0.5833755 0.008657693 0.5833753 0.008657693 0.6017568 0.08896821 0.6017571 0.236193 0.4993671 0.236193 0.6073166 0.00856769 0.6073166 0.08896821 0.6017571 0.1221401 0.6017571 0.1221401 0.5833755 0.04802978 0.6017571 0.001958966 0.6017571 0.001958966 0.5833755 0.236193 0.4993671 0.00856769 0.4993671 0.00856769 0.6073166 0.1221401 0.6017571 0.04802978 0.6017571 0.04802978 0.5833755 0.008657693 0.5833753 0.008657693 0.6017568 0.08896821 0.6017571 0.236193 0.4993671 0.236193 0.6073166 0.00856769 0.6073166 0.08896821 0.6017571 0.1221401 0.6017571 0.1221401 0.5833755 0.04802978 0.6017571 0.001958966 0.6017571 0.001958966 0.5833755 0.236193 0.4993671 0.00856769 0.4993671 0.00856769 0.6073166 0.1221401 0.6017571 0.04802978 0.6017571 0.04802978 0.5833755 0.008657693 0.5833753 0.008657693 0.6017568 0.08896821 0.6017571 0.236193 0.4993671 0.236193 0.6073166 0.00856769 0.6073166 0.08896821 0.6017571 0.1221401 0.6017571 0.1221401 0.5833755 0.04802978 0.6017571 0.001958966 0.6017571 0.001958966 0.5833755 0.236193 0.4993671 0.00856769 0.4993671 0.00856769 0.6073166 0.1221401 0.6017571 0.04802978 0.6017571 0.04802978 0.5833755 0.008657693 0.5833753 0.008657693 0.6017568 0.08896821 0.6017571 0.236193 0.4993671 0.236193 0.6073166 0.00856769 0.6073166 0.08896821 0.6017571 0.1221401 0.6017571 0.1221401 0.5833755 0.04802978 0.6017571 0.001958966 0.6017571 0.001958966 0.5833755 0.236193 0.4993671 0.00856769 0.4993671 0.00856769 0.6073166 0.1221401 0.6017571 0.04802978 0.6017571 0.04802978 0.5833755 0.008657693 0.5833753 0.008657693 0.6017568 0.08896821 0.6017571 0.236193 0.4993671 0.236193 0.6073166 0.00856769 0.6073166 0.08896821 0.6017571 0.1221401 0.6017571 0.1221401 0.5833755 0.04802978 0.6017571 0.001958966 0.6017571 0.001958966 0.5833755 0.236193 0.4993671 0.00856769 0.4993671 0.00856769 0.6073166 0.1221401 0.6017571 0.04802978 0.6017571 0.04802978 0.5833755 0.008657693 0.5833753 0.008657693 0.6017568 0.08896821 0.6017571 0.236193 0.4993671 0.236193 0.6073166 0.00856769 0.6073166 0.08896821 0.6017571 0.1221401 0.6017571 0.1221401 0.5833755 0.04802978 0.6017571 0.001958966 0.6017571 0.001958966 0.5833755 0.236193 0.4993671 0.00856769 0.4993671 0.00856769 0.6073166 0.1221401 0.6017571 0.04802978 0.6017571 0.04802978 0.5833755 0.008657693 0.5833753 0.008657693 0.6017568 0.08896821 0.6017571 0.236193 0.4993671 0.236193 0.6073166 0.00856769 0.6073166 0.08896821 0.6017571 0.1221401 0.6017571 0.1221401 0.5833755 0.04802978 0.6017571 0.001958966 0.6017571 0.001958966 0.5833755 0.236193 0.4993671 0.00856769 0.4993671 0.00856769 0.6073166 0.1221401 0.6017571 0.04802978 0.6017571 0.04802978 0.5833755 0.008657693 0.5833753 0.008657693 0.6017568 0.08896821 0.6017571 0.236193 0.4993671 0.236193 0.6073166 0.00856769 0.6073166 0.08896821 0.6017571 0.1221401 0.6017571 0.1221401 0.5833755 0.04802978 0.6017571 0.001958966 0.6017571 0.001958966 0.5833755 0.236193 0.4993671 0.00856769 0.4993671 0.00856769 0.6073166 0.1221401 0.6017571 0.04802978 0.6017571 0.04802978 0.5833755 0.008657693 0.5833753 0.008657693 0.6017568 0.08896821 0.6017571 0.236193 0.4993671 0.236193 0.6073166 0.00856769 0.6073166 0.08896821 0.6017571 0.1221401 0.6017571 0.1221401 0.5833755 0.04802978 0.6017571 0.001958966 0.6017571 0.001958966 0.5833755 0.236193 0.4993671 0.00856769 0.4993671 0.00856769 0.6073166 0.1221401 0.6017571 0.04802978 0.6017571 0.04802978 0.5833755 0.008657693 0.5833753 0.008657693 0.6017568 0.08896821 0.6017571 0.236193 0.4993671 0.236193 0.6073166 0.00856769 0.6073166 0.08896821 0.6017571 0.1221401 0.6017571 0.1221401 0.5833755 0.04802978 0.6017571 0.001958966 0.6017571 0.001958966 0.5833755 0.236193 0.4993671 0.00856769 0.4993671 0.00856769 0.6073166 0.1221401 0.6017571 0.04802978 0.6017571 0.04802978 0.5833755 0.008657693 0.5833753 0.008657693 0.6017568 0.08896821 0.6017571</float_array>
          <technique_common>
            <accessor source="#Cube_124-mesh-map-0-array" count="3540" stride="2">
              <param name="S" type="float"/>
              <param name="T" type="float"/>
            </accessor>
          </technique_common>
        </source>
        <source id="Cube_124-mesh-map-1">
          <float_array id="Cube_124-mesh-map-1-array" count="7080">0.5092551 7.45066e-5 0.5092551 0.1315536 0.432739 7.45279e-5 0.5092551 0.1315536 0.432739 0.1315536 0.432739 7.45279e-5 0.51933 0.6689684 0.51933 0.7454572 0.5160288 0.6689493 0.51933 0.7454572 0.5160288 0.7454382 0.5160288 0.6689493 0.3321133 0.3408545 0.3321133 0.472177 0.3288146 0.3408352 0.3321133 0.472177 0.3288146 0.4721576 0.3288146 0.3408352 0.5199822 0.2546246 0.5199822 0.3312121 0.5166802 0.2546246 0.509404 7.45137e-5 0.5859201 7.45066e-5 0.509404 0.1315536 0.5199822 0.3312121 0.5166802 0.3312121 0.5166802 0.2546246 0.5859201 7.45066e-5 0.5859201 0.1315536 0.509404 0.1315536 0.1814141 0.7739611 0.178121 0.7739843 0.178121 0.642688 0.1814141 0.6426647 0.1814141 0.7739611 0.178121 0.642688 0.5859201 0.1315536 0.509404 7.45137e-5 0.5859201 7.45066e-5 0.5166802 0.3312121 0.5199822 0.2546246 0.5199822 0.3312121 0.5160288 0.7454382 0.51933 0.6689684 0.51933 0.7454572 0.432739 0.1315536 0.5092551 7.45066e-5 0.5092551 0.1315536 0.3288146 0.4721576 0.3321133 0.3408545 0.3321133 0.472177 0.1814141 0.7739611 0.178121 0.642688 0.1814141 0.6426647 0.5859201 0.1315536 0.509404 7.45137e-5 0.5859201 7.45066e-5 0.5160288 0.7454382 0.5176794 0.6689589 0.5176794 0.7454478 0.432739 0.1315536 0.5092551 7.45066e-5 0.5092551 0.1315536 0.3288146 0.4721576 0.330464 0.3408449 0.330464 0.4721673 0.1797675 0.7739728 0.178121 0.642688 0.1797675 0.6426764 0.1814141 0.7739611 0.1797675 0.6426764 0.1814141 0.6426647 0.330464 0.4721673 0.3321133 0.3408545 0.3321133 0.472177 0.5176794 0.7454478 0.51933 0.6689684 0.51933 0.7454572 0.5183312 0.3312121 0.5199822 0.2546246 0.5199822 0.3312121 0.5859201 0.1315536 0.509404 7.45137e-5 0.5859201 7.45066e-5 0.432739 0.1315536 0.5092551 7.45066e-5 0.5092551 0.1315536 0.3288146 0.4721576 0.330464 0.3408449 0.330464 0.4721673 0.1797675 0.7739728 0.178121 0.642688 0.1797675 0.6426764 0.1814141 0.7739611 0.1797675 0.6426764 0.1814141 0.6426647 0.330464 0.4721673 0.3321133 0.3408545 0.3321133 0.472177 0.5176794 0.7454478 0.51933 0.6689684 0.51933 0.7454572 0.5183312 0.3312121 0.5199822 0.2546246 0.5199822 0.3312121 0.5859201 0.1315536 0.509404 7.45137e-5 0.5859201 7.45066e-5 0.5166802 0.3312121 0.5183312 0.2546246 0.5183312 0.3312121 0.432739 0.1315536 0.5092551 7.45066e-5 0.5092551 0.1315536 0.3288146 0.4721576 0.330464 0.3408449 0.330464 0.4721673 0.1797675 0.7739728 0.178121 0.642688 0.1797675 0.6426764 0.1814141 0.7739611 0.1797675 0.6426764 0.1814141 0.6426647 0.330464 0.4721673 0.3321133 0.3408545 0.3321133 0.472177 0.5176794 0.7454478 0.51933 0.6689684 0.51933 0.7454572 0.5183312 0.3312121 0.5199822 0.2546246 0.5199822 0.3312121 0.509404 7.45137e-5 0.5859201 0.1315536 0.5859201 7.45066e-5 0.330464 0.4721673 0.509404 0.1315536 0.509404 7.45137e-5 0.330464 0.4721673 0.3288146 0.3408352 0.3288146 0.4721576 0.3288146 0.4721576 0.5859201 0.1315536 0.5859201 7.45066e-5 0.5692628 0.3325313 0.5692629 0.2643207 0.5958116 0.3326849 0.5692629 0.2643207 0.5958116 0.2644743 0.5958116 0.3326849 0.4808101 0.6337122 0.5073388 0.6338683 0.5073388 0.75885 0.48081 0.7586939 0.4808101 0.6337122 0.5073388 0.75885 0.5959604 0.2643207 0.6225156 0.2643207 0.6225156 0.3326193 0.5959604 0.3326193 0.5959604 0.2643207 0.6225156 0.3326193 0.0875563 0.6428521 0.1140397 0.6426647 0.1140397 0.7676216 0.0875563 0.7678089 0.0875563 0.6428521 0.1140397 0.7676216 0.1754339 0.5243809 0.1211782 0.5243809 0.1824234 0.5173849 0.1754339 0.5243809 0.1824234 0.5173849 0.1824234 0.6425157 0.1211782 0.5243809 0.1141886 0.5173849 0.1824234 0.5173849 0.1211782 0.5243809 0.1211782 0.6355196 0.1141886 0.5173849 0.6596404 0.8190695 0.6596404 0.7080854 0.6632171 0.8190442 0.6596404 0.7080854 0.6632171 0.70806 0.6632171 0.8190442 0.3158786 0.9253267 0.3158786 0.9795632 0.3122931 0.925306 0.1141886 0.6425157 0.1211782 0.6355196 0.1824234 0.6425157 0.1211782 0.6355196 0.1754339 0.6355196 0.1824234 0.6425157 0.178837 0.978974 0.178837 0.9246676 0.1824234 0.978974 0.1211782 0.6355196 0.1141886 0.6425157 0.1141886 0.5173849 0.178837 0.9246676 0.1824234 0.9246676 0.1824234 0.978974 0.425735 0.5141926 0.4293179 0.5142137 0.4293178 0.62522 0.425735 0.6251989 0.425735 0.5141926 0.4293178 0.62522 0.3158786 0.9795632 0.3122931 0.9795424 0.3122931 0.925306 0.1754339 0.6355196 0.1754339 0.5243809 0.1824234 0.6425157 0.5859201 0.1315536 0.509404 7.45137e-5 0.5859201 7.45066e-5 0.5160288 0.7454382 0.5176794 0.6689589 0.5176794 0.7454478 0.432739 0.1315536 0.5092551 7.45066e-5 0.5092551 0.1315536 0.3288146 0.4721576 0.330464 0.3408449 0.330464 0.4721673 0.1797675 0.7739728 0.178121 0.642688 0.1797675 0.6426764 0.1814141 0.7739611 0.1797675 0.6426764 0.1814141 0.6426647 0.330464 0.4721673 0.3321133 0.3408545 0.3321133 0.472177 0.5176794 0.7454478 0.51933 0.6689684 0.51933 0.7454572 0.5183312 0.3312121 0.5199822 0.2546246 0.5199822 0.3312121 0.5859201 0.1315536 0.509404 7.45137e-5 0.5859201 7.45066e-5 0.432739 0.1315536 0.5092551 7.45066e-5 0.5092551 0.1315536 0.3288146 0.4721576 0.330464 0.3408449 0.330464 0.4721673 0.1797675 0.7739728 0.178121 0.642688 0.1797675 0.6426764 0.1814141 0.7739611 0.1797675 0.6426764 0.1814141 0.6426647 0.330464 0.4721673 0.3321133 0.3408545 0.3321133 0.472177 0.5176794 0.7454478 0.51933 0.6689684 0.51933 0.7454572 0.5183312 0.3312121 0.5199822 0.2546246 0.5199822 0.3312121 0.5859201 0.1315536 0.509404 7.45137e-5 0.5859201 7.45066e-5 0.5166802 0.3312121 0.5183312 0.2546246 0.5183312 0.3312121 0.432739 0.1315536 0.5092551 7.45066e-5 0.5092551 0.1315536 0.3288146 0.4721576 0.330464 0.3408449 0.330464 0.4721673 0.1797675 0.7739728 0.178121 0.642688 0.1797675 0.6426764 0.1814141 0.7739611 0.1797675 0.6426764 0.1814141 0.6426647 0.330464 0.4721673 0.3321133 0.3408545 0.3321133 0.472177 0.5176794 0.7454478 0.51933 0.6689684 0.51933 0.7454572 0.5183312 0.3312121 0.5199822 0.2546246 0.5199822 0.3312121 0.330464 0.4721673 0.3288146 0.3408352 0.3288146 0.4721576 0.330464 0.4721673 0.3288146 0.3408352 0.3288146 0.4721576 0.5859201 7.45066e-5 0.509404 0.1315536 0.509404 7.45137e-5 0.5160288 0.7454382 0.5176794 0.6689589 0.5176794 0.7454478 0.5092551 0.1315536 0.432739 7.45279e-5 0.5092551 7.45066e-5 0.3288146 0.4721576 0.330464 0.3408449 0.330464 0.4721673 0.1797675 0.7739728 0.178121 0.642688 0.1797675 0.6426764 0.1814141 0.7739611 0.1797675 0.6426764 0.1814141 0.6426647 0.330464 0.4721673 0.3321133 0.3408545 0.3321133 0.472177 0.5176794 0.7454478 0.51933 0.6689684 0.51933 0.7454572 0.5183312 0.3312121 0.5199822 0.2546246 0.5199822 0.3312121 0.5859201 7.45066e-5 0.509404 0.1315536 0.509404 7.45137e-5 0.5092551 0.1315536 0.432739 7.45279e-5 0.5092551 7.45066e-5 0.3288146 0.4721576 0.330464 0.3408449 0.330464 0.4721673 0.1797675 0.7739728 0.178121 0.642688 0.1797675 0.6426764 0.1814141 0.7739611 0.1797675 0.6426764 0.1814141 0.6426647 0.330464 0.4721673 0.3321133 0.3408545 0.3321133 0.472177 0.5176794 0.7454478 0.51933 0.6689684 0.51933 0.7454572 0.5183312 0.3312121 0.5199822 0.2546246 0.5199822 0.3312121 0.5859201 7.45066e-5 0.509404 0.1315536 0.509404 7.45137e-5 0.5166802 0.3312121 0.5183312 0.2546246 0.5183312 0.3312121 0.5092551 0.1315536 0.432739 7.45279e-5 0.5092551 7.45066e-5 0.3288146 0.4721576 0.330464 0.3408449 0.330464 0.4721673 0.1797675 0.7739728 0.178121 0.642688 0.1797675 0.6426764 0.1814141 0.7739611 0.1797675 0.6426764 0.1814141 0.6426647 0.330464 0.4721673 0.3321133 0.3408545 0.3321133 0.472177 0.5176794 0.7454478 0.51933 0.6689684 0.51933 0.7454572 0.5183312 0.3312121 0.5199822 0.2546246 0.5199822 0.3312121 0.5859201 7.45066e-5 0.509404 0.1315536 0.5859201 0.1315536 0.330464 0.4721673 0.3288146 0.3408352 0.3288146 0.4721576 0.330464 0.4721673 0.3288146 0.3408352 0.3288146 0.4721576 0.5859201 7.45066e-5 0.509404 0.1315536 0.5859201 0.1315536 0.5859201 7.45066e-5 0.509404 0.1315536 0.509404 7.45137e-5 0.5092551 0.1315536 0.432739 7.45279e-5 0.5092551 7.45066e-5 0.3288146 0.4721576 0.330464 0.3408449 0.330464 0.4721673 0.1797675 0.7739728 0.178121 0.642688 0.1797675 0.6426764 0.1814141 0.7739611 0.1797675 0.6426764 0.1814141 0.6426647 0.330464 0.4721673 0.3321133 0.3408545 0.3321133 0.472177 0.5176794 0.7454478 0.51933 0.6689684 0.51933 0.7454572 0.5183312 0.3312121 0.5199822 0.2546246 0.5199822 0.3312121 0.5859201 7.45066e-5 0.509404 0.1315536 0.509404 7.45137e-5 0.5092551 0.1315536 0.432739 7.45279e-5 0.5092551 7.45066e-5 0.3288146 0.4721576 0.330464 0.3408449 0.330464 0.4721673 0.1797675 0.7739728 0.178121 0.642688 0.1797675 0.6426764 0.1814141 0.7739611 0.1797675 0.6426764 0.1814141 0.6426647 0.330464 0.4721673 0.3321133 0.3408545 0.3321133 0.472177 0.5176794 0.7454478 0.51933 0.6689684 0.51933 0.7454572 0.5183312 0.3312121 0.5199822 0.2546246 0.5199822 0.3312121 0.5859201 7.45066e-5 0.509404 0.1315536 0.509404 7.45137e-5 0.5092551 0.1315536 0.432739 7.45279e-5 0.5092551 7.45066e-5 0.3288146 0.4721576 0.330464 0.3408449 0.330464 0.4721673 0.1797675 0.7739728 0.178121 0.642688 0.1797675 0.6426764 0.1814141 0.7739611 0.1797675 0.6426764 0.1814141 0.6426647 0.330464 0.4721673 0.3321133 0.3408545 0.3321133 0.472177 0.5176794 0.7454478 0.51933 0.6689684 0.51933 0.7454572 0.5183312 0.3312121 0.5199822 0.2546246 0.5199822 0.3312121 0.5859201 7.45066e-5 0.509404 0.1315536 0.509404 7.45137e-5 0.5092551 0.1315536 0.432739 7.45279e-5 0.5092551 7.45066e-5 0.3288146 0.4721576 0.330464 0.3408449 0.330464 0.4721673 0.1797675 0.7739728 0.178121 0.642688 0.1797675 0.6426764 0.1814141 0.7739611 0.1797675 0.6426764 0.1814141 0.6426647 0.330464 0.4721673 0.3321133 0.3408545 0.3321133 0.472177 0.5176794 0.7454478 0.51933 0.6689684 0.51933 0.7454572 0.5183312 0.3312121 0.5199822 0.2546246 0.5199822 0.3312121 0.5859201 7.45066e-5 0.509404 0.1315536 0.509404 7.45137e-5 0.5092551 0.1315536 0.432739 7.45279e-5 0.5092551 7.45066e-5 0.3288146 0.4721576 0.330464 0.3408449 0.330464 0.4721673 0.1797675 0.7739728 0.178121 0.642688 0.1797675 0.6426764 0.1814141 0.7739611 0.1797675 0.6426764 0.1814141 0.6426647 0.330464 0.4721673 0.3321133 0.3408545 0.3321133 0.472177 0.5176794 0.7454478 0.51933 0.6689684 0.51933 0.7454572 0.5183312 0.3312121 0.5199822 0.2546246 0.5199822 0.3312121 0.5859201 7.45066e-5 0.509404 0.1315536 0.509404 7.45137e-5 0.5160288 0.7454382 0.5176794 0.6689589 0.5176794 0.7454478 0.5092551 0.1315536 0.432739 7.45279e-5 0.5092551 7.45066e-5 0.3288146 0.4721576 0.330464 0.3408449 0.330464 0.4721673 0.1797675 0.7739728 0.178121 0.642688 0.1797675 0.6426764 0.1814141 0.7739611 0.1797675 0.6426764 0.1814141 0.6426647 0.330464 0.4721673 0.3321133 0.3408545 0.3321133 0.472177 0.5176794 0.7454478 0.51933 0.6689684 0.51933 0.7454572 0.5183312 0.3312121 0.5199822 0.2546246 0.5199822 0.3312121 0.5859201 7.45066e-5 0.509404 0.1315536 0.509404 7.45137e-5 0.5092551 0.1315536 0.432739 7.45279e-5 0.5092551 7.45066e-5 0.3288146 0.4721576 0.330464 0.3408449 0.330464 0.4721673 0.1797675 0.7739728 0.178121 0.642688 0.1797675 0.6426764 0.1814141 0.7739611 0.1797675 0.6426764 0.1814141 0.6426647 0.330464 0.4721673 0.3321133 0.3408545 0.3321133 0.472177 0.5176794 0.7454478 0.51933 0.6689684 0.51933 0.7454572 0.5183312 0.3312121 0.5199822 0.2546246 0.5199822 0.3312121 0.5859201 7.45066e-5 0.509404 0.1315536 0.509404 7.45137e-5 0.5166802 0.3312121 0.5183312 0.2546246 0.5183312 0.3312121 0.5092551 0.1315536 0.432739 7.45279e-5 0.5092551 7.45066e-5 0.3288146 0.4721576 0.330464 0.3408449 0.330464 0.4721673 0.1797675 0.7739728 0.178121 0.642688 0.1797675 0.6426764 0.1814141 0.7739611 0.1797675 0.6426764 0.1814141 0.6426647 0.330464 0.4721673 0.3321133 0.3408545 0.3321133 0.472177 0.5176794 0.7454478 0.51933 0.6689684 0.51933 0.7454572 0.5183312 0.3312121 0.5199822 0.2546246 0.5199822 0.3312121 0.330464 0.4721673 0.3288146 0.3408352 0.3288146 0.4721576 0.330464 0.4721673 0.3288146 0.3408352 0.3288146 0.4721576 0.5859201 7.45066e-5 0.509404 0.1315536 0.5859201 0.1315536 0.5859201 7.45066e-5 0.509404 0.1315536 0.509404 7.45137e-5 0.5092551 0.1315536 0.432739 7.45279e-5 0.5092551 7.45066e-5 0.3288146 0.4721576 0.330464 0.3408449 0.330464 0.4721673 0.1797675 0.7739728 0.178121 0.642688 0.1797675 0.6426764 0.1814141 0.7739611 0.1797675 0.6426764 0.1814141 0.6426647 0.330464 0.4721673 0.3321133 0.3408545 0.3321133 0.472177 0.5176794 0.7454478 0.51933 0.6689684 0.51933 0.7454572 0.5183312 0.3312121 0.5199822 0.2546246 0.5199822 0.3312121 0.5859201 7.45066e-5 0.509404 0.1315536 0.509404 7.45137e-5 0.5092551 0.1315536 0.432739 7.45279e-5 0.5092551 7.45066e-5 0.3288146 0.4721576 0.330464 0.3408449 0.330464 0.4721673 0.1797675 0.7739728 0.178121 0.642688 0.1797675 0.6426764 0.1814141 0.7739611 0.1797675 0.6426764 0.1814141 0.6426647 0.330464 0.4721673 0.3321133 0.3408545 0.3321133 0.472177 0.5176794 0.7454478 0.51933 0.6689684 0.51933 0.7454572 0.5183312 0.3312121 0.5199822 0.2546246 0.5199822 0.3312121 0.5859201 7.45066e-5 0.509404 0.1315536 0.509404 7.45137e-5 0.5092551 0.1315536 0.432739 7.45279e-5 0.5092551 7.45066e-5 0.3288146 0.4721576 0.330464 0.3408449 0.330464 0.4721673 0.1797675 0.7739728 0.178121 0.642688 0.1797675 0.6426764 0.1814141 0.7739611 0.1797675 0.6426764 0.1814141 0.6426647 0.330464 0.4721673 0.3321133 0.3408545 0.3321133 0.472177 0.5176794 0.7454478 0.51933 0.6689684 0.51933 0.7454572 0.5183312 0.3312121 0.5199822 0.2546246 0.5199822 0.3312121 0.5859201 7.45066e-5 0.509404 0.1315536 0.509404 7.45137e-5 0.5092551 0.1315536 0.432739 7.45279e-5 0.5092551 7.45066e-5 0.3288146 0.4721576 0.330464 0.3408449 0.330464 0.4721673 0.1797675 0.7739728 0.178121 0.642688 0.1797675 0.6426764 0.1814141 0.7739611 0.1797675 0.6426764 0.1814141 0.6426647 0.330464 0.4721673 0.3321133 0.3408545 0.3321133 0.472177 0.5176794 0.7454478 0.51933 0.6689684 0.51933 0.7454572 0.5183312 0.3312121 0.5199822 0.2546246 0.5199822 0.3312121 0.5859201 7.45066e-5 0.509404 0.1315536 0.509404 7.45137e-5 0.5092551 0.1315536 0.432739 7.45279e-5 0.5092551 7.45066e-5 0.3288146 0.4721576 0.330464 0.3408449 0.330464 0.4721673 0.1797675 0.7739728 0.178121 0.642688 0.1797675 0.6426764 0.1814141 0.7739611 0.1797675 0.6426764 0.1814141 0.6426647 0.330464 0.4721673 0.3321133 0.3408545 0.3321133 0.472177 0.5176794 0.7454478 0.51933 0.6689684 0.51933 0.7454572 0.5183312 0.3312121 0.5199822 0.2546246 0.5199822 0.3312121 0.5859201 7.45066e-5 0.509404 0.1315536 0.509404 7.45137e-5 0.5160288 0.7454382 0.5176794 0.6689589 0.5176794 0.7454478 0.5092551 0.1315536 0.432739 7.45279e-5 0.5092551 7.45066e-5 0.3288146 0.4721576 0.330464 0.3408449 0.330464 0.4721673 0.1797675 0.7739728 0.178121 0.642688 0.1797675 0.6426764 0.1814141 0.7739611 0.1797675 0.6426764 0.1814141 0.6426647 0.330464 0.4721673 0.3321133 0.3408545 0.3321133 0.472177 0.5176794 0.7454478 0.51933 0.6689684 0.51933 0.7454572 0.5183312 0.3312121 0.5199822 0.2546246 0.5199822 0.3312121 0.5859201 7.45066e-5 0.509404 0.1315536 0.509404 7.45137e-5 0.5092551 0.1315536 0.432739 7.45279e-5 0.5092551 7.45066e-5 0.3288146 0.4721576 0.330464 0.3408449 0.330464 0.4721673 0.1797675 0.7739728 0.178121 0.642688 0.1797675 0.6426764 0.1814141 0.7739611 0.1797675 0.6426764 0.1814141 0.6426647 0.330464 0.4721673 0.3321133 0.3408545 0.3321133 0.472177 0.5176794 0.7454478 0.51933 0.6689684 0.51933 0.7454572 0.5183312 0.3312121 0.5199822 0.2546246 0.5199822 0.3312121 0.5859201 7.45066e-5 0.509404 0.1315536 0.509404 7.45137e-5 0.5166802 0.3312121 0.5183312 0.2546246 0.5183312 0.3312121 0.5092551 0.1315536 0.432739 7.45279e-5 0.5092551 7.45066e-5 0.3288146 0.4721576 0.330464 0.3408449 0.330464 0.4721673 0.1797675 0.7739728 0.178121 0.642688 0.1797675 0.6426764 0.1814141 0.7739611 0.1797675 0.6426764 0.1814141 0.6426647 0.330464 0.4721673 0.3321133 0.3408545 0.3321133 0.472177 0.5176794 0.7454478 0.51933 0.6689684 0.51933 0.7454572 0.5183312 0.3312121 0.5199822 0.2546246 0.5199822 0.3312121 0.5859201 0.1315536 0.1797675 0.6426764 0.5859201 7.45066e-5 0.330464 0.4721673 0.3288146 0.3408352 0.3288146 0.4721576 0.5859201 7.45066e-5 0.509404 0.1315536 0.5859201 0.1315536 0.5859201 0.1315536 0.1797675 0.6426764 0.5859201 7.45066e-5 0.5859201 7.45066e-5 0.509404 0.1315536 0.5859201 0.1315536 0.5859201 7.45066e-5 0.509404 0.1315536 0.509404 7.45137e-5 0.5092551 0.1315536 0.432739 7.45279e-5 0.5092551 7.45066e-5 0.3288146 0.4721576 0.330464 0.3408449 0.330464 0.4721673 0.1797675 0.7739728 0.178121 0.642688 0.1797675 0.6426764 0.1814141 0.7739611 0.1797675 0.6426764 0.1814141 0.6426647 0.330464 0.4721673 0.3321133 0.3408545 0.3321133 0.472177 0.5176794 0.7454478 0.51933 0.6689684 0.51933 0.7454572 0.5183312 0.3312121 0.5199822 0.2546246 0.5199822 0.3312121 0.5859201 7.45066e-5 0.509404 0.1315536 0.509404 7.45137e-5 0.5092551 0.1315536 0.432739 7.45279e-5 0.5092551 7.45066e-5 0.3288146 0.4721576 0.330464 0.3408449 0.330464 0.4721673 0.1797675 0.7739728 0.178121 0.642688 0.1797675 0.6426764 0.1814141 0.7739611 0.1797675 0.6426764 0.1814141 0.6426647 0.330464 0.4721673 0.3321133 0.3408545 0.3321133 0.472177 0.5176794 0.7454478 0.51933 0.6689684 0.51933 0.7454572 0.5183312 0.3312121 0.5199822 0.2546246 0.5199822 0.3312121 0.5859201 7.45066e-5 0.509404 0.1315536 0.509404 7.45137e-5 0.5092551 0.1315536 0.432739 7.45279e-5 0.5092551 7.45066e-5 0.3288146 0.4721576 0.330464 0.3408449 0.330464 0.4721673 0.1797675 0.7739728 0.178121 0.642688 0.1797675 0.6426764 0.1814141 0.7739611 0.1797675 0.6426764 0.1814141 0.6426647 0.330464 0.4721673 0.3321133 0.3408545 0.3321133 0.472177 0.5176794 0.7454478 0.51933 0.6689684 0.51933 0.7454572 0.5183312 0.3312121 0.5199822 0.2546246 0.5199822 0.3312121 0.5859201 7.45066e-5 0.509404 0.1315536 0.509404 7.45137e-5 0.5092551 0.1315536 0.432739 7.45279e-5 0.5092551 7.45066e-5 0.3288146 0.4721576 0.330464 0.3408449 0.330464 0.4721673 0.1797675 0.7739728 0.178121 0.642688 0.1797675 0.6426764 0.1814141 0.7739611 0.1797675 0.6426764 0.1814141 0.6426647 0.330464 0.4721673 0.3321133 0.3408545 0.3321133 0.472177 0.5176794 0.7454478 0.51933 0.6689684 0.51933 0.7454572 0.5183312 0.3312121 0.5199822 0.2546246 0.5199822 0.3312121 0.5859201 7.45066e-5 0.509404 0.1315536 0.509404 7.45137e-5 0.5092551 0.1315536 0.432739 7.45279e-5 0.5092551 7.45066e-5 0.3288146 0.4721576 0.330464 0.3408449 0.330464 0.4721673 0.1797675 0.7739728 0.178121 0.642688 0.1797675 0.6426764 0.1814141 0.7739611 0.1797675 0.6426764 0.1814141 0.6426647 0.330464 0.4721673 0.3321133 0.3408545 0.3321133 0.472177 0.5176794 0.7454478 0.51933 0.6689684 0.51933 0.7454572 0.5183312 0.3312121 0.5199822 0.2546246 0.5199822 0.3312121 0.5859201 7.45066e-5 0.509404 0.1315536 0.509404 7.45137e-5 0.5160288 0.7454382 0.5176794 0.6689589 0.5176794 0.7454478 0.5092551 0.1315536 0.432739 7.45279e-5 0.5092551 7.45066e-5 0.3288146 0.4721576 0.330464 0.3408449 0.330464 0.4721673 0.1797675 0.7739728 0.178121 0.642688 0.1797675 0.6426764 0.1814141 0.7739611 0.1797675 0.6426764 0.1814141 0.6426647 0.330464 0.4721673 0.3321133 0.3408545 0.3321133 0.472177 0.5176794 0.7454478 0.51933 0.6689684 0.51933 0.7454572 0.5183312 0.3312121 0.5199822 0.2546246 0.5199822 0.3312121 0.5859201 7.45066e-5 0.509404 0.1315536 0.509404 7.45137e-5 0.5092551 0.1315536 0.432739 7.45279e-5 0.5092551 7.45066e-5 0.3288146 0.4721576 0.330464 0.3408449 0.330464 0.4721673 0.1797675 0.7739728 0.178121 0.642688 0.1797675 0.6426764 0.1814141 0.7739611 0.1797675 0.6426764 0.1814141 0.6426647 0.330464 0.4721673 0.3321133 0.3408545 0.3321133 0.472177 0.5176794 0.7454478 0.51933 0.6689684 0.51933 0.7454572 0.5183312 0.3312121 0.5199822 0.2546246 0.5199822 0.3312121 0.5859201 7.45066e-5 0.509404 0.1315536 0.509404 7.45137e-5 0.5166802 0.3312121 0.5183312 0.2546246 0.5183312 0.3312121 0.5092551 0.1315536 0.432739 7.45279e-5 0.5092551 7.45066e-5 0.3288146 0.4721576 0.330464 0.3408449 0.330464 0.4721673 0.1797675 0.7739728 0.178121 0.642688 0.1797675 0.6426764 0.1814141 0.7739611 0.1797675 0.6426764 0.1814141 0.6426647 0.330464 0.4721673 0.3321133 0.3408545 0.3321133 0.472177 0.5176794 0.7454478 0.51933 0.6689684 0.51933 0.7454572 0.5183312 0.3312121 0.5199822 0.2546246 0.5199822 0.3312121 0.330464 0.4721673 0.3288146 0.3408352 0.3288146 0.4721576 0.5859201 7.45066e-5 0.509404 0.1315536 0.5859201 0.1315536 0.178121 0.7739843 0.1797675 0.6426764 0.178121 0.642688 0.5859201 0.1315536 0.1797675 0.6426764 0.5859201 7.45066e-5 0.5859201 7.45066e-5 0.509404 0.1315536 0.509404 7.45137e-5 0.5092551 0.1315536 0.432739 7.45279e-5 0.5092551 7.45066e-5 0.3288146 0.4721576 0.330464 0.3408449 0.330464 0.4721673 0.1797675 0.7739728 0.178121 0.642688 0.1797675 0.6426764 0.1814141 0.7739611 0.1797675 0.6426764 0.1814141 0.6426647 0.330464 0.4721673 0.3321133 0.3408545 0.3321133 0.472177 0.5176794 0.7454478 0.51933 0.6689684 0.51933 0.7454572 0.5183312 0.3312121 0.5199822 0.2546246 0.5199822 0.3312121 0.5859201 7.45066e-5 0.509404 0.1315536 0.509404 7.45137e-5 0.5092551 0.1315536 0.432739 7.45279e-5 0.5092551 7.45066e-5 0.3288146 0.4721576 0.330464 0.3408449 0.330464 0.4721673 0.1797675 0.7739728 0.178121 0.642688 0.1797675 0.6426764 0.1814141 0.7739611 0.1797675 0.6426764 0.1814141 0.6426647 0.330464 0.4721673 0.3321133 0.3408545 0.3321133 0.472177 0.5176794 0.7454478 0.51933 0.6689684 0.51933 0.7454572 0.5183312 0.3312121 0.5199822 0.2546246 0.5199822 0.3312121 0.5859201 7.45066e-5 0.509404 0.1315536 0.509404 7.45137e-5 0.5092551 0.1315536 0.432739 7.45279e-5 0.5092551 7.45066e-5 0.3288146 0.4721576 0.330464 0.3408449 0.330464 0.4721673 0.1797675 0.7739728 0.178121 0.642688 0.1797675 0.6426764 0.1814141 0.7739611 0.1797675 0.6426764 0.1814141 0.6426647 0.330464 0.4721673 0.3321133 0.3408545 0.3321133 0.472177 0.5176794 0.7454478 0.51933 0.6689684 0.51933 0.7454572 0.5183312 0.3312121 0.5199822 0.2546246 0.5199822 0.3312121 0.5859201 7.45066e-5 0.509404 0.1315536 0.509404 7.45137e-5 0.5092551 0.1315536 0.432739 7.45279e-5 0.5092551 7.45066e-5 0.3288146 0.4721576 0.330464 0.3408449 0.330464 0.4721673 0.1797675 0.7739728 0.178121 0.642688 0.1797675 0.6426764 0.1814141 0.7739611 0.1797675 0.6426764 0.1814141 0.6426647 0.330464 0.4721673 0.3321133 0.3408545 0.3321133 0.472177 0.5176794 0.7454478 0.51933 0.6689684 0.51933 0.7454572 0.5183312 0.3312121 0.5199822 0.2546246 0.5199822 0.3312121 0.5859201 7.45066e-5 0.509404 0.1315536 0.509404 7.45137e-5 0.5092551 0.1315536 0.432739 7.45279e-5 0.5092551 7.45066e-5 0.3288146 0.4721576 0.330464 0.3408449 0.330464 0.4721673 0.1797675 0.7739728 0.178121 0.642688 0.1797675 0.6426764 0.1814141 0.7739611 0.1797675 0.6426764 0.1814141 0.6426647 0.330464 0.4721673 0.3321133 0.3408545 0.3321133 0.472177 0.5176794 0.7454478 0.51933 0.6689684 0.51933 0.7454572 0.5183312 0.3312121 0.5199822 0.2546246 0.5199822 0.3312121 0.5859201 0.1315536 0.509404 7.45137e-5 0.5859201 7.45066e-5 0.5160288 0.7454382 0.5176794 0.6689589 0.5176794 0.7454478 0.432739 0.1315536 0.5092551 7.45066e-5 0.5092551 0.1315536 0.3288146 0.4721576 0.330464 0.3408449 0.330464 0.4721673 0.1797675 0.7739728 0.178121 0.642688 0.1797675 0.6426764 0.1814141 0.7739611 0.1797675 0.6426764 0.1814141 0.6426647 0.330464 0.4721673 0.3321133 0.3408545 0.3321133 0.472177 0.5176794 0.7454478 0.51933 0.6689684 0.51933 0.7454572 0.5183312 0.3312121 0.5199822 0.2546246 0.5199822 0.3312121 0.5859201 0.1315536 0.509404 7.45137e-5 0.5859201 7.45066e-5 0.432739 0.1315536 0.5092551 7.45066e-5 0.5092551 0.1315536 0.3288146 0.4721576 0.330464 0.3408449 0.330464 0.4721673 0.1797675 0.7739728 0.178121 0.642688 0.1797675 0.6426764 0.1814141 0.7739611 0.1797675 0.6426764 0.1814141 0.6426647 0.330464 0.4721673 0.3321133 0.3408545 0.3321133 0.472177 0.5176794 0.7454478 0.51933 0.6689684 0.51933 0.7454572 0.5183312 0.3312121 0.5199822 0.2546246 0.5199822 0.3312121 0.5859201 0.1315536 0.509404 7.45137e-5 0.5859201 7.45066e-5 0.5166802 0.3312121 0.5183312 0.2546246 0.5183312 0.3312121 0.432739 0.1315536 0.5092551 7.45066e-5 0.5092551 0.1315536 0.3288146 0.4721576 0.330464 0.3408449 0.330464 0.4721673 0.1797675 0.7739728 0.178121 0.642688 0.1797675 0.6426764 0.1814141 0.7739611 0.1797675 0.6426764 0.1814141 0.6426647 0.330464 0.4721673 0.3321133 0.3408545 0.3321133 0.472177 0.5176794 0.7454478 0.51933 0.6689684 0.51933 0.7454572 0.5183312 0.3312121 0.5199822 0.2546246 0.5199822 0.3312121 0.178121 0.7739843 0.1797675 0.6426764 0.178121 0.642688 0.178121 0.7739843 0.1797675 0.6426764 0.178121 0.642688 0.509404 7.45137e-5 0.178121 0.7739843 0.178121 0.642688 0.509404 7.45137e-5 0.178121 0.7739843 0.178121 0.642688 0.5859201 7.45066e-5 0.509404 0.1315536 0.509404 7.45137e-5 0.5160288 0.7454382 0.5176794 0.6689589 0.5176794 0.7454478 0.5092551 0.1315536 0.432739 7.45279e-5 0.5092551 7.45066e-5 0.3288146 0.4721576 0.330464 0.3408449 0.330464 0.4721673 0.1797675 0.7739728 0.178121 0.642688 0.1797675 0.6426764 0.1814141 0.7739611 0.1797675 0.6426764 0.1814141 0.6426647 0.330464 0.4721673 0.3321133 0.3408545 0.3321133 0.472177 0.5176794 0.7454478 0.51933 0.6689684 0.51933 0.7454572 0.5183312 0.3312121 0.5199822 0.2546246 0.5199822 0.3312121 0.5859201 0.1315536 0.509404 7.45137e-5 0.5859201 7.45066e-5 0.432739 0.1315536 0.5092551 7.45066e-5 0.5092551 0.1315536 0.3288146 0.4721576 0.330464 0.3408449 0.330464 0.4721673 0.1797675 0.7739728 0.178121 0.642688 0.1797675 0.6426764 0.1814141 0.7739611 0.1797675 0.6426764 0.1814141 0.6426647 0.330464 0.4721673 0.3321133 0.3408545 0.3321133 0.472177 0.5176794 0.7454478 0.51933 0.6689684 0.51933 0.7454572 0.5183312 0.3312121 0.5199822 0.2546246 0.5199822 0.3312121 0.5859201 0.1315536 0.509404 7.45137e-5 0.5859201 7.45066e-5 0.5166802 0.3312121 0.5183312 0.2546246 0.5183312 0.3312121 0.432739 0.1315536 0.5092551 7.45066e-5 0.5092551 0.1315536 0.3288146 0.4721576 0.330464 0.3408449 0.330464 0.4721673 0.1797675 0.7739728 0.178121 0.642688 0.1797675 0.6426764 0.1814141 0.7739611 0.1797675 0.6426764 0.1814141 0.6426647 0.330464 0.4721673 0.3321133 0.3408545 0.3321133 0.472177 0.5176794 0.7454478 0.51933 0.6689684 0.51933 0.7454572 0.5183312 0.3312121 0.5199822 0.2546246 0.5199822 0.3312121 0.178121 0.7739843 0.1797675 0.6426764 0.178121 0.642688 0.178121 0.7739843 0.1797675 0.6426764 0.178121 0.642688 0.5859201 0.1315536 0.509404 7.45137e-5 0.5859201 7.45066e-5 0.5166802 0.3312121 0.5199822 0.2546246 0.5199822 0.3312121 0.5160288 0.7454382 0.51933 0.6689684 0.51933 0.7454572 0.432739 0.1315536 0.5092551 7.45066e-5 0.5092551 0.1315536 0.3288146 0.4721576 0.3321133 0.3408545 0.3321133 0.472177 0.1814141 0.7739611 0.178121 0.642688 0.1814141 0.6426647 0.51933 0.6689684 0.51933 0.7454572 0.5160288 0.6689493 0.51933 0.7454572 0.5160288 0.7454382 0.5160288 0.6689493 0.3321133 0.3408545 0.3321133 0.472177 0.3288146 0.3408352 0.3321133 0.472177 0.3288146 0.4721576 0.3288146 0.3408352 0.5199822 0.2546246 0.5199822 0.3312121 0.5166802 0.2546246 0.509404 7.45137e-5 0.5859201 7.45066e-5 0.509404 0.1315536 0.5199822 0.3312121 0.5166802 0.3312121 0.5166802 0.2546246 0.5859201 7.45066e-5 0.5859201 0.1315536 0.509404 0.1315536 0.1814141 0.7739611 0.178121 0.7739843 0.178121 0.642688 0.1814141 0.6426647 0.1814141 0.7739611 0.178121 0.642688 0.5092551 0.1315536 0.432739 7.45279e-5 0.5092551 7.45066e-5 0.547662 0.1315535 0.509404 7.45137e-5 0.547662 7.45101e-5 0.5166802 0.2929183 0.5199822 0.2546246 0.5199822 0.2929183 0.5160288 0.7071937 0.51933 0.6689684 0.51933 0.7072128 0.432739 0.1315536 0.470997 7.45172e-5 0.470997 0.1315535 0.3288146 0.4721576 0.3321133 0.3408545 0.3321133 0.472177 0.1814141 0.7739611 0.178121 0.642688 0.1814141 0.6426647 0.547662 0.1315535 0.509404 7.45137e-5 0.547662 7.45101e-5 0.5166802 0.2929183 0.5199822 0.2546246 0.5199822 0.2929183 0.5160288 0.7071937 0.51933 0.6689684 0.51933 0.7072128 0.432739 0.1315536 0.470997 7.45172e-5 0.470997 0.1315535 0.3288146 0.4721576 0.3321133 0.3408545 0.3321133 0.472177 0.1814141 0.7739611 0.178121 0.642688 0.1814141 0.6426647 0.470997 0.1315535 0.5092551 7.45066e-5 0.5092551 0.1315536 0.5160288 0.7454382 0.51933 0.7072128 0.51933 0.7454572 0.5166802 0.3312121 0.5199822 0.2929183 0.5199822 0.3312121 0.5859201 0.1315536 0.547662 7.45101e-5 0.5859201 7.45066e-5 0.470997 0.1315535 0.5092551 7.45066e-5 0.5092551 0.1315536 0.5160288 0.7454382 0.51933 0.7072128 0.51933 0.7454572 0.5166802 0.3312121 0.5199822 0.2929183 0.5199822 0.3312121 0.5859201 0.1315536 0.547662 7.45101e-5 0.5859201 7.45066e-5 0.5859201 0.1315536 0.509404 7.45137e-5 0.5859201 7.45066e-5 0.5166802 0.3312121 0.5199822 0.2546246 0.5199822 0.3312121 0.5160288 0.7454382 0.51933 0.6689684 0.51933 0.7454572 0.432739 0.1315536 0.5092551 7.45066e-5 0.5092551 0.1315536 0.3288146 0.4721576 0.3321133 0.3408545 0.3321133 0.472177 0.1814141 0.7739611 0.178121 0.642688 0.1814141 0.6426647 0.5859201 0.1315536 0.509404 7.45137e-5 0.5859201 7.45066e-5 0.5166802 0.3312121 0.5199822 0.2546246 0.5199822 0.3312121 0.5160288 0.7454382 0.51933 0.6689684 0.51933 0.7454572 0.432739 0.1315536 0.5092551 7.45066e-5 0.5092551 0.1315536 0.3288146 0.4721576 0.3321133 0.3408545 0.3321133 0.472177 0.1814141 0.7739611 0.178121 0.642688 0.1814141 0.6426647 0.5859201 7.45066e-5 0.509404 0.1315536 0.509404 7.45137e-5 0.5166802 0.3312121 0.5199822 0.2546246 0.5199822 0.3312121 0.5160288 0.7454382 0.51933 0.6689684 0.51933 0.7454572 0.5092551 0.1315536 0.432739 7.45279e-5 0.5092551 7.45066e-5 0.3288146 0.4721576 0.3321133 0.3408545 0.3321133 0.472177 0.1814141 0.7739611 0.178121 0.642688 0.1814141 0.6426647 0.5859201 0.1315536 0.509404 7.45137e-5 0.5859201 7.45066e-5 0.5166802 0.3312121 0.5199822 0.2546246 0.5199822 0.3312121 0.5160288 0.7454382 0.51933 0.6689684 0.51933 0.7454572 0.432739 0.1315536 0.5092551 7.45066e-5 0.5092551 0.1315536 0.3288146 0.4721576 0.3321133 0.3408545 0.3321133 0.472177 0.1814141 0.7739611 0.178121 0.642688 0.1814141 0.6426647 0.5859201 0.1315536 0.509404 7.45137e-5 0.5859201 7.45066e-5 0.5166802 0.3312121 0.5199822 0.2546246 0.5199822 0.3312121 0.5160288 0.7454382 0.51933 0.6689684 0.51933 0.7454572 0.432739 0.1315536 0.5092551 7.45066e-5 0.5092551 0.1315536 0.3288146 0.4721576 0.3321133 0.3408545 0.3321133 0.472177 0.1814141 0.7739611 0.178121 0.642688 0.1814141 0.6426647 0.5859201 0.1315536 0.509404 7.45137e-5 0.5859201 7.45066e-5 0.5166802 0.3312121 0.5199822 0.2546246 0.5199822 0.3312121 0.5160288 0.7454382 0.51933 0.6689684 0.51933 0.7454572 0.432739 0.1315536 0.5092551 7.45066e-5 0.5092551 0.1315536 0.3288146 0.4721576 0.3321133 0.3408545 0.3321133 0.472177 0.1814141 0.7739611 0.178121 0.642688 0.1814141 0.6426647 0.5859201 0.1315536 0.509404 7.45137e-5 0.5859201 7.45066e-5 0.5166802 0.3312121 0.5199822 0.2546246 0.5199822 0.3312121 0.5160288 0.7454382 0.51933 0.6689684 0.51933 0.7454572 0.432739 0.1315536 0.5092551 7.45066e-5 0.5092551 0.1315536 0.3288146 0.4721576 0.3321133 0.3408545 0.3321133 0.472177 0.1814141 0.7739611 0.178121 0.642688 0.1814141 0.6426647 0.5859201 0.1315536 0.509404 7.45137e-5 0.5859201 7.45066e-5 0.5166802 0.3312121 0.5199822 0.2546246 0.5199822 0.3312121 0.5160288 0.7454382 0.51933 0.6689684 0.51933 0.7454572 0.432739 0.1315536 0.5092551 7.45066e-5 0.5092551 0.1315536 0.3288146 0.4721576 0.3321133 0.3408545 0.3321133 0.472177 0.1814141 0.7739611 0.178121 0.642688 0.1814141 0.6426647 0.5859201 0.1315536 0.509404 7.45137e-5 0.5859201 7.45066e-5 0.5166802 0.3312121 0.5199822 0.2546246 0.5199822 0.3312121 0.5160288 0.7454382 0.51933 0.6689684 0.51933 0.7454572 0.432739 0.1315536 0.5092551 7.45066e-5 0.5092551 0.1315536 0.3288146 0.4721576 0.3321133 0.3408545 0.3321133 0.472177 0.1814141 0.7739611 0.178121 0.642688 0.1814141 0.6426647 0.5859201 0.1315536 0.509404 7.45137e-5 0.5859201 7.45066e-5 0.5166802 0.3312121 0.5199822 0.2546246 0.5199822 0.3312121 0.5160288 0.7454382 0.51933 0.6689684 0.51933 0.7454572 0.432739 0.1315536 0.5092551 7.45066e-5 0.5092551 0.1315536 0.3288146 0.4721576 0.3321133 0.3408545 0.3321133 0.472177 0.1814141 0.7739611 0.178121 0.642688 0.1814141 0.6426647 0.5859201 0.1315536 0.509404 7.45137e-5 0.5859201 7.45066e-5 0.5166802 0.3312121 0.5199822 0.2546246 0.5199822 0.3312121 0.5160288 0.7454382 0.51933 0.6689684 0.51933 0.7454572 0.432739 0.1315536 0.5092551 7.45066e-5 0.5092551 0.1315536 0.3288146 0.4721576 0.3321133 0.3408545 0.3321133 0.472177 0.1814141 0.7739611 0.178121 0.642688 0.1814141 0.6426647 0.5859201 0.1315536 0.509404 7.45137e-5 0.5859201 7.45066e-5 0.5166802 0.3312121 0.5199822 0.2546246 0.5199822 0.3312121 0.5160288 0.7454382 0.51933 0.6689684 0.51933 0.7454572 0.432739 0.1315536 0.5092551 7.45066e-5 0.5092551 0.1315536 0.3288146 0.4721576 0.3321133 0.3408545 0.3321133 0.472177 0.1814141 0.7739611 0.178121 0.642688 0.1814141 0.6426647 0.5859201 0.1315536 0.509404 7.45137e-5 0.5859201 7.45066e-5 0.5166802 0.3312121 0.5199822 0.2546246 0.5199822 0.3312121 0.5160288 0.7454382 0.51933 0.6689684 0.51933 0.7454572 0.432739 0.1315536 0.5092551 7.45066e-5 0.5092551 0.1315536 0.3288146 0.4721576 0.3321133 0.3408545 0.3321133 0.472177 0.1814141 0.7739611 0.178121 0.642688 0.1814141 0.6426647 0.5859201 0.1315536 0.509404 7.45137e-5 0.5859201 7.45066e-5 0.5166802 0.3312121 0.5199822 0.2546246 0.5199822 0.3312121 0.5160288 0.7454382 0.51933 0.6689684 0.51933 0.7454572 0.432739 0.1315536 0.5092551 7.45066e-5 0.5092551 0.1315536 0.3288146 0.4721576 0.3321133 0.3408545 0.3321133 0.472177 0.1814141 0.7739611 0.178121 0.642688 0.1814141 0.6426647 0.5859201 0.1315536 0.509404 7.45137e-5 0.5859201 7.45066e-5 0.5166802 0.3312121 0.5199822 0.2546246 0.5199822 0.3312121 0.5160288 0.7454382 0.51933 0.6689684 0.51933 0.7454572 0.432739 0.1315536 0.5092551 7.45066e-5 0.5092551 0.1315536 0.3288146 0.4721576 0.3321133 0.3408545 0.3321133 0.472177 0.1814141 0.7739611 0.178121 0.642688 0.1814141 0.6426647 0.5859201 0.1315536 0.509404 7.45137e-5 0.5859201 7.45066e-5 0.5166802 0.3312121 0.5199822 0.2546246 0.5199822 0.3312121 0.5160288 0.7454382 0.51933 0.6689684 0.51933 0.7454572 0.432739 0.1315536 0.5092551 7.45066e-5 0.5092551 0.1315536 0.3288146 0.4721576 0.3321133 0.3408545 0.3321133 0.472177 0.1814141 0.7739611 0.178121 0.642688 0.1814141 0.6426647 0.5859201 0.1315536 0.509404 7.45137e-5 0.5859201 7.45066e-5 0.5166802 0.3312121 0.5199822 0.2546246 0.5199822 0.3312121 0.5160288 0.7454382 0.51933 0.6689684 0.51933 0.7454572 0.432739 0.1315536 0.5092551 7.45066e-5 0.5092551 0.1315536 0.3288146 0.4721576 0.3321133 0.3408545 0.3321133 0.472177 0.1814141 0.7739611 0.178121 0.642688 0.1814141 0.6426647 0.5859201 0.1315536 0.509404 7.45137e-5 0.5859201 7.45066e-5 0.5166802 0.3312121 0.5199822 0.2546246 0.5199822 0.3312121 0.5160288 0.7454382 0.51933 0.6689684 0.51933 0.7454572 0.432739 0.1315536 0.5092551 7.45066e-5 0.5092551 0.1315536 0.3288146 0.4721576 0.3321133 0.3408545 0.3321133 0.472177 0.1814141 0.7739611 0.178121 0.642688 0.1814141 0.6426647 0.5859201 0.1315536 0.509404 7.45137e-5 0.5859201 7.45066e-5 0.5166802 0.3312121 0.5199822 0.2546246 0.5199822 0.3312121 0.5160288 0.7454382 0.51933 0.6689684 0.51933 0.7454572 0.432739 0.1315536 0.5092551 7.45066e-5 0.5092551 0.1315536 0.3288146 0.4721576 0.3321133 0.3408545 0.3321133 0.472177 0.1814141 0.7739611 0.178121 0.642688 0.1814141 0.6426647 0.5859201 0.1315536 0.509404 7.45137e-5 0.5859201 7.45066e-5 0.5166802 0.3312121 0.5199822 0.2546246 0.5199822 0.3312121 0.5160288 0.7454382 0.51933 0.6689684 0.51933 0.7454572 0.432739 0.1315536 0.5092551 7.45066e-5 0.5092551 0.1315536 0.3288146 0.4721576 0.3321133 0.3408545 0.3321133 0.472177 0.1814141 0.7739611 0.178121 0.642688 0.1814141 0.6426647 0.5859201 0.1315536 0.509404 7.45137e-5 0.5859201 7.45066e-5 0.5166802 0.3312121 0.5199822 0.2546246 0.5199822 0.3312121 0.5160288 0.7454382 0.51933 0.6689684 0.51933 0.7454572 0.432739 0.1315536 0.5092551 7.45066e-5 0.5092551 0.1315536 0.3288146 0.4721576 0.3321133 0.3408545 0.3321133 0.472177 0.1814141 0.7739611 0.178121 0.642688 0.1814141 0.6426647 0.5859201 0.1315536 0.509404 7.45137e-5 0.5859201 7.45066e-5 0.5166802 0.3312121 0.5199822 0.2546246 0.5199822 0.3312121 0.5160288 0.7454382 0.51933 0.6689684 0.51933 0.7454572 0.432739 0.1315536 0.5092551 7.45066e-5 0.5092551 0.1315536 0.3288146 0.4721576 0.3321133 0.3408545 0.3321133 0.472177 0.1814141 0.7739611 0.178121 0.642688 0.1814141 0.6426647 0.5092551 7.45066e-5 0.5092551 0.1315536 0.432739 7.45279e-5 0.5092551 0.1315536 0.432739 0.1315536 0.432739 7.45279e-5 0.51933 0.6689684 0.51933 0.7454572 0.5160288 0.6689493 0.51933 0.7454572 0.5160288 0.7454382 0.5160288 0.6689493 0.3321133 0.3408545 0.3321133 0.472177 0.3288146 0.3408352 0.3321133 0.472177 0.3288146 0.4721576 0.3288146 0.3408352 0.5199822 0.2546246 0.5199822 0.3312121 0.5166802 0.2546246 0.509404 7.45137e-5 0.5859201 7.45066e-5 0.509404 0.1315536 0.5199822 0.3312121 0.5166802 0.3312121 0.5166802 0.2546246 0.5859201 7.45066e-5 0.5859201 0.1315536 0.509404 0.1315536 0.1814141 0.7739611 0.178121 0.7739843 0.178121 0.642688 0.1814141 0.6426647 0.1814141 0.7739611 0.178121 0.642688 0.5859201 0.1315536 0.509404 0.1315536 0.509404 7.45137e-5 0.5166802 0.3312121 0.5166802 0.2546246 0.5199822 0.2546246 0.5160288 0.7454382 0.5160288 0.6689493 0.51933 0.6689684 0.432739 0.1315536 0.432739 7.45279e-5 0.5092551 7.45066e-5 0.3288146 0.4721576 0.3288146 0.3408352 0.3321133 0.3408545 0.1814141 0.7739611 0.178121 0.7739843 0.178121 0.642688 0.5859201 0.1315536 0.509404 0.1315536 0.509404 7.45137e-5 0.5160288 0.7454382 0.5160288 0.6689493 0.5176794 0.6689589 0.432739 0.1315536 0.432739 7.45279e-5 0.5092551 7.45066e-5 0.3288146 0.4721576 0.3288146 0.3408352 0.330464 0.3408449 0.1797675 0.7739728 0.178121 0.7739843 0.178121 0.642688 0.1814141 0.7739611 0.1797675 0.7739728 0.1797675 0.6426764 0.330464 0.4721673 0.330464 0.3408449 0.3321133 0.3408545 0.5176794 0.7454478 0.5176794 0.6689589 0.51933 0.6689684 0.5183312 0.3312121 0.5183312 0.2546246 0.5199822 0.2546246 0.5859201 0.1315536 0.509404 0.1315536 0.509404 7.45137e-5 0.432739 0.1315536 0.432739 7.45279e-5 0.5092551 7.45066e-5 0.3288146 0.4721576 0.3288146 0.3408352 0.330464 0.3408449 0.1797675 0.7739728 0.178121 0.7739843 0.178121 0.642688 0.1814141 0.7739611 0.1797675 0.7739728 0.1797675 0.6426764 0.330464 0.4721673 0.330464 0.3408449 0.3321133 0.3408545 0.5176794 0.7454478 0.5176794 0.6689589 0.51933 0.6689684 0.5183312 0.3312121 0.5183312 0.2546246 0.5199822 0.2546246 0.5859201 0.1315536 0.509404 0.1315536 0.509404 7.45137e-5 0.5166802 0.3312121 0.5166802 0.2546246 0.5183312 0.2546246 0.432739 0.1315536 0.432739 7.45279e-5 0.5092551 7.45066e-5 0.3288146 0.4721576 0.3288146 0.3408352 0.330464 0.3408449 0.1797675 0.7739728 0.178121 0.7739843 0.178121 0.642688 0.1814141 0.7739611 0.1797675 0.7739728 0.1797675 0.6426764 0.330464 0.4721673 0.330464 0.3408449 0.3321133 0.3408545 0.5176794 0.7454478 0.5176794 0.6689589 0.51933 0.6689684 0.5183312 0.3312121 0.5183312 0.2546246 0.5199822 0.2546246 0.509404 7.45137e-5 0.509404 0.1315536 0.5859201 0.1315536 0.330464 0.4721673 0.330464 0.3408449 0.509404 0.1315536 0.330464 0.4721673 0.330464 0.3408449 0.3288146 0.3408352 0.3288146 0.4721576 0.509404 0.1315536 0.5859201 0.1315536 0.5859201 0.1315536 0.509404 0.1315536 0.509404 7.45137e-5 0.5160288 0.7454382 0.5160288 0.6689493 0.5176794 0.6689589 0.432739 0.1315536 0.432739 7.45279e-5 0.5092551 7.45066e-5 0.3288146 0.4721576 0.3288146 0.3408352 0.330464 0.3408449 0.1797675 0.7739728 0.178121 0.7739843 0.178121 0.642688 0.1814141 0.7739611 0.1797675 0.7739728 0.1797675 0.6426764 0.330464 0.4721673 0.330464 0.3408449 0.3321133 0.3408545 0.5176794 0.7454478 0.5176794 0.6689589 0.51933 0.6689684 0.5183312 0.3312121 0.5183312 0.2546246 0.5199822 0.2546246 0.5859201 0.1315536 0.509404 0.1315536 0.509404 7.45137e-5 0.432739 0.1315536 0.432739 7.45279e-5 0.5092551 7.45066e-5 0.3288146 0.4721576 0.3288146 0.3408352 0.330464 0.3408449 0.1797675 0.7739728 0.178121 0.7739843 0.178121 0.642688 0.1814141 0.7739611 0.1797675 0.7739728 0.1797675 0.6426764 0.330464 0.4721673 0.330464 0.3408449 0.3321133 0.3408545 0.5176794 0.7454478 0.5176794 0.6689589 0.51933 0.6689684 0.5183312 0.3312121 0.5183312 0.2546246 0.5199822 0.2546246 0.5859201 0.1315536 0.509404 0.1315536 0.509404 7.45137e-5 0.5166802 0.3312121 0.5166802 0.2546246 0.5183312 0.2546246 0.432739 0.1315536 0.432739 7.45279e-5 0.5092551 7.45066e-5 0.3288146 0.4721576 0.3288146 0.3408352 0.330464 0.3408449 0.1797675 0.7739728 0.178121 0.7739843 0.178121 0.642688 0.1814141 0.7739611 0.1797675 0.7739728 0.1797675 0.6426764 0.330464 0.4721673 0.330464 0.3408449 0.3321133 0.3408545 0.5176794 0.7454478 0.5176794 0.6689589 0.51933 0.6689684 0.5183312 0.3312121 0.5183312 0.2546246 0.5199822 0.2546246 0.330464 0.4721673 0.330464 0.3408449 0.3288146 0.3408352 0.330464 0.4721673 0.330464 0.3408449 0.3288146 0.3408352 0.5859201 7.45066e-5 0.5859201 0.1315536 0.509404 0.1315536 0.5160288 0.7454382 0.5160288 0.6689493 0.5176794 0.6689589 0.5092551 0.1315536 0.432739 0.1315536 0.432739 7.45279e-5 0.3288146 0.4721576 0.3288146 0.3408352 0.330464 0.3408449 0.1797675 0.7739728 0.178121 0.7739843 0.178121 0.642688 0.1814141 0.7739611 0.1797675 0.7739728 0.1797675 0.6426764 0.330464 0.4721673 0.330464 0.3408449 0.3321133 0.3408545 0.5176794 0.7454478 0.5176794 0.6689589 0.51933 0.6689684 0.5183312 0.3312121 0.5183312 0.2546246 0.5199822 0.2546246 0.5859201 7.45066e-5 0.5859201 0.1315536 0.509404 0.1315536 0.5092551 0.1315536 0.432739 0.1315536 0.432739 7.45279e-5 0.3288146 0.4721576 0.3288146 0.3408352 0.330464 0.3408449 0.1797675 0.7739728 0.178121 0.7739843 0.178121 0.642688 0.1814141 0.7739611 0.1797675 0.7739728 0.1797675 0.6426764 0.330464 0.4721673 0.330464 0.3408449 0.3321133 0.3408545 0.5176794 0.7454478 0.5176794 0.6689589 0.51933 0.6689684 0.5183312 0.3312121 0.5183312 0.2546246 0.5199822 0.2546246 0.5859201 7.45066e-5 0.5859201 0.1315536 0.509404 0.1315536 0.5166802 0.3312121 0.5166802 0.2546246 0.5183312 0.2546246 0.5092551 0.1315536 0.432739 0.1315536 0.432739 7.45279e-5 0.3288146 0.4721576 0.3288146 0.3408352 0.330464 0.3408449 0.1797675 0.7739728 0.178121 0.7739843 0.178121 0.642688 0.1814141 0.7739611 0.1797675 0.7739728 0.1797675 0.6426764 0.330464 0.4721673 0.330464 0.3408449 0.3321133 0.3408545 0.5176794 0.7454478 0.5176794 0.6689589 0.51933 0.6689684 0.5183312 0.3312121 0.5183312 0.2546246 0.5199822 0.2546246 0.5859201 7.45066e-5 0.3288146 0.4721576 0.509404 0.1315536 0.330464 0.4721673 0.330464 0.3408449 0.3288146 0.3408352 0.330464 0.4721673 0.330464 0.3408449 0.3288146 0.3408352 0.5859201 7.45066e-5 0.3288146 0.4721576 0.509404 0.1315536 0.5859201 7.45066e-5 0.5859201 0.1315536 0.509404 0.1315536 0.5092551 0.1315536 0.432739 0.1315536 0.432739 7.45279e-5 0.3288146 0.4721576 0.3288146 0.3408352 0.330464 0.3408449 0.1797675 0.7739728 0.178121 0.7739843 0.178121 0.642688 0.1814141 0.7739611 0.1797675 0.7739728 0.1797675 0.6426764 0.330464 0.4721673 0.330464 0.3408449 0.3321133 0.3408545 0.5176794 0.7454478 0.5176794 0.6689589 0.51933 0.6689684 0.5183312 0.3312121 0.5183312 0.2546246 0.5199822 0.2546246 0.5859201 7.45066e-5 0.5859201 0.1315536 0.509404 0.1315536 0.5092551 0.1315536 0.432739 0.1315536 0.432739 7.45279e-5 0.3288146 0.4721576 0.3288146 0.3408352 0.330464 0.3408449 0.1797675 0.7739728 0.178121 0.7739843 0.178121 0.642688 0.1814141 0.7739611 0.1797675 0.7739728 0.1797675 0.6426764 0.330464 0.4721673 0.330464 0.3408449 0.3321133 0.3408545 0.5176794 0.7454478 0.5176794 0.6689589 0.51933 0.6689684 0.5183312 0.3312121 0.5183312 0.2546246 0.5199822 0.2546246 0.5859201 7.45066e-5 0.5859201 0.1315536 0.509404 0.1315536 0.5092551 0.1315536 0.432739 0.1315536 0.432739 7.45279e-5 0.3288146 0.4721576 0.3288146 0.3408352 0.330464 0.3408449 0.1797675 0.7739728 0.178121 0.7739843 0.178121 0.642688 0.1814141 0.7739611 0.1797675 0.7739728 0.1797675 0.6426764 0.330464 0.4721673 0.330464 0.3408449 0.3321133 0.3408545 0.5176794 0.7454478 0.5176794 0.6689589 0.51933 0.6689684 0.5183312 0.3312121 0.5183312 0.2546246 0.5199822 0.2546246 0.5859201 7.45066e-5 0.5859201 0.1315536 0.509404 0.1315536 0.5092551 0.1315536 0.432739 0.1315536 0.432739 7.45279e-5 0.3288146 0.4721576 0.3288146 0.3408352 0.330464 0.3408449 0.1797675 0.7739728 0.178121 0.7739843 0.178121 0.642688 0.1814141 0.7739611 0.1797675 0.7739728 0.1797675 0.6426764 0.330464 0.4721673 0.330464 0.3408449 0.3321133 0.3408545 0.5176794 0.7454478 0.5176794 0.6689589 0.51933 0.6689684 0.5183312 0.3312121 0.5183312 0.2546246 0.5199822 0.2546246 0.5859201 7.45066e-5 0.5859201 0.1315536 0.509404 0.1315536 0.5092551 0.1315536 0.432739 0.1315536 0.432739 7.45279e-5 0.3288146 0.4721576 0.3288146 0.3408352 0.330464 0.3408449 0.1797675 0.7739728 0.178121 0.7739843 0.178121 0.642688 0.1814141 0.7739611 0.1797675 0.7739728 0.1797675 0.6426764 0.330464 0.4721673 0.330464 0.3408449 0.3321133 0.3408545 0.5176794 0.7454478 0.5176794 0.6689589 0.51933 0.6689684 0.5183312 0.3312121 0.5183312 0.2546246 0.5199822 0.2546246 0.5859201 7.45066e-5 0.5859201 0.1315536 0.509404 0.1315536 0.5160288 0.7454382 0.5160288 0.6689493 0.5176794 0.6689589 0.5092551 0.1315536 0.432739 0.1315536 0.432739 7.45279e-5 0.3288146 0.4721576 0.3288146 0.3408352 0.330464 0.3408449 0.1797675 0.7739728 0.178121 0.7739843 0.178121 0.642688 0.1814141 0.7739611 0.1797675 0.7739728 0.1797675 0.6426764 0.330464 0.4721673 0.330464 0.3408449 0.3321133 0.3408545 0.5176794 0.7454478 0.5176794 0.6689589 0.51933 0.6689684 0.5183312 0.3312121 0.5183312 0.2546246 0.5199822 0.2546246 0.5859201 7.45066e-5 0.5859201 0.1315536 0.509404 0.1315536 0.5092551 0.1315536 0.432739 0.1315536 0.432739 7.45279e-5 0.3288146 0.4721576 0.3288146 0.3408352 0.330464 0.3408449 0.1797675 0.7739728 0.178121 0.7739843 0.178121 0.642688 0.1814141 0.7739611 0.1797675 0.7739728 0.1797675 0.6426764 0.330464 0.4721673 0.330464 0.3408449 0.3321133 0.3408545 0.5176794 0.7454478 0.5176794 0.6689589 0.51933 0.6689684 0.5183312 0.3312121 0.5183312 0.2546246 0.5199822 0.2546246 0.5859201 7.45066e-5 0.5859201 0.1315536 0.509404 0.1315536 0.5166802 0.3312121 0.5166802 0.2546246 0.5183312 0.2546246 0.5092551 0.1315536 0.432739 0.1315536 0.432739 7.45279e-5 0.3288146 0.4721576 0.3288146 0.3408352 0.330464 0.3408449 0.1797675 0.7739728 0.178121 0.7739843 0.178121 0.642688 0.1814141 0.7739611 0.1797675 0.7739728 0.1797675 0.6426764 0.330464 0.4721673 0.330464 0.3408449 0.3321133 0.3408545 0.5176794 0.7454478 0.5176794 0.6689589 0.51933 0.6689684 0.5183312 0.3312121 0.5183312 0.2546246 0.5199822 0.2546246 0.330464 0.4721673 0.330464 0.3408449 0.3288146 0.3408352 0.330464 0.4721673 0.330464 0.3408449 0.3288146 0.3408352 0.5859201 7.45066e-5 0.3288146 0.4721576 0.509404 0.1315536 0.5859201 7.45066e-5 0.5859201 0.1315536 0.509404 0.1315536 0.5092551 0.1315536 0.432739 0.1315536 0.432739 7.45279e-5 0.3288146 0.4721576 0.3288146 0.3408352 0.330464 0.3408449 0.1797675 0.7739728 0.178121 0.7739843 0.178121 0.642688 0.1814141 0.7739611 0.1797675 0.7739728 0.1797675 0.6426764 0.330464 0.4721673 0.330464 0.3408449 0.3321133 0.3408545 0.5176794 0.7454478 0.5176794 0.6689589 0.51933 0.6689684 0.5183312 0.3312121 0.5183312 0.2546246 0.5199822 0.2546246 0.5859201 7.45066e-5 0.5859201 0.1315536 0.509404 0.1315536 0.5092551 0.1315536 0.432739 0.1315536 0.432739 7.45279e-5 0.3288146 0.4721576 0.3288146 0.3408352 0.330464 0.3408449 0.1797675 0.7739728 0.178121 0.7739843 0.178121 0.642688 0.1814141 0.7739611 0.1797675 0.7739728 0.1797675 0.6426764 0.330464 0.4721673 0.330464 0.3408449 0.3321133 0.3408545 0.5176794 0.7454478 0.5176794 0.6689589 0.51933 0.6689684 0.5183312 0.3312121 0.5183312 0.2546246 0.5199822 0.2546246 0.5859201 7.45066e-5 0.5859201 0.1315536 0.509404 0.1315536 0.5092551 0.1315536 0.432739 0.1315536 0.432739 7.45279e-5 0.3288146 0.4721576 0.3288146 0.3408352 0.330464 0.3408449 0.1797675 0.7739728 0.178121 0.7739843 0.178121 0.642688 0.1814141 0.7739611 0.1797675 0.7739728 0.1797675 0.6426764 0.330464 0.4721673 0.330464 0.3408449 0.3321133 0.3408545 0.5176794 0.7454478 0.5176794 0.6689589 0.51933 0.6689684 0.5183312 0.3312121 0.5183312 0.2546246 0.5199822 0.2546246 0.5859201 7.45066e-5 0.5859201 0.1315536 0.509404 0.1315536 0.5092551 0.1315536 0.432739 0.1315536 0.432739 7.45279e-5 0.3288146 0.4721576 0.3288146 0.3408352 0.330464 0.3408449 0.1797675 0.7739728 0.178121 0.7739843 0.178121 0.642688 0.1814141 0.7739611 0.1797675 0.7739728 0.1797675 0.6426764 0.330464 0.4721673 0.330464 0.3408449 0.3321133 0.3408545 0.5176794 0.7454478 0.5176794 0.6689589 0.51933 0.6689684 0.5183312 0.3312121 0.5183312 0.2546246 0.5199822 0.2546246 0.5859201 7.45066e-5 0.5859201 0.1315536 0.509404 0.1315536 0.5092551 0.1315536 0.432739 0.1315536 0.432739 7.45279e-5 0.3288146 0.4721576 0.3288146 0.3408352 0.330464 0.3408449 0.1797675 0.7739728 0.178121 0.7739843 0.178121 0.642688 0.1814141 0.7739611 0.1797675 0.7739728 0.1797675 0.6426764 0.330464 0.4721673 0.330464 0.3408449 0.3321133 0.3408545 0.5176794 0.7454478 0.5176794 0.6689589 0.51933 0.6689684 0.5183312 0.3312121 0.5183312 0.2546246 0.5199822 0.2546246 0.5859201 7.45066e-5 0.5859201 0.1315536 0.509404 0.1315536 0.5160288 0.7454382 0.5160288 0.6689493 0.5176794 0.6689589 0.5092551 0.1315536 0.432739 0.1315536 0.432739 7.45279e-5 0.3288146 0.4721576 0.3288146 0.3408352 0.330464 0.3408449 0.1797675 0.7739728 0.178121 0.7739843 0.178121 0.642688 0.1814141 0.7739611 0.1797675 0.7739728 0.1797675 0.6426764 0.330464 0.4721673 0.330464 0.3408449 0.3321133 0.3408545 0.5176794 0.7454478 0.5176794 0.6689589 0.51933 0.6689684 0.5183312 0.3312121 0.5183312 0.2546246 0.5199822 0.2546246 0.5859201 7.45066e-5 0.5859201 0.1315536 0.509404 0.1315536 0.5092551 0.1315536 0.432739 0.1315536 0.432739 7.45279e-5 0.3288146 0.4721576 0.3288146 0.3408352 0.330464 0.3408449 0.1797675 0.7739728 0.178121 0.7739843 0.178121 0.642688 0.1814141 0.7739611 0.1797675 0.7739728 0.1797675 0.6426764 0.330464 0.4721673 0.330464 0.3408449 0.3321133 0.3408545 0.5176794 0.7454478 0.5176794 0.6689589 0.51933 0.6689684 0.5183312 0.3312121 0.5183312 0.2546246 0.5199822 0.2546246 0.5859201 7.45066e-5 0.5859201 0.1315536 0.509404 0.1315536 0.5166802 0.3312121 0.5166802 0.2546246 0.5183312 0.2546246 0.5092551 0.1315536 0.432739 0.1315536 0.432739 7.45279e-5 0.3288146 0.4721576 0.3288146 0.3408352 0.330464 0.3408449 0.1797675 0.7739728 0.178121 0.7739843 0.178121 0.642688 0.1814141 0.7739611 0.1797675 0.7739728 0.1797675 0.6426764 0.330464 0.4721673 0.330464 0.3408449 0.3321133 0.3408545 0.5176794 0.7454478 0.5176794 0.6689589 0.51933 0.6689684 0.5183312 0.3312121 0.5183312 0.2546246 0.5199822 0.2546246 0.5859201 0.1315536 0.1797675 0.7739728 0.1797675 0.6426764 0.330464 0.4721673 0.330464 0.3408449 0.3288146 0.3408352 0.5859201 7.45066e-5 0.3288146 0.4721576 0.509404 0.1315536 0.5859201 0.1315536 0.1797675 0.7739728 0.1797675 0.6426764 0.5859201 7.45066e-5 0.509404 7.45137e-5 0.509404 0.1315536 0.5859201 7.45066e-5 0.5859201 0.1315536 0.509404 0.1315536 0.5092551 0.1315536 0.432739 0.1315536 0.432739 7.45279e-5 0.3288146 0.4721576 0.3288146 0.3408352 0.330464 0.3408449 0.1797675 0.7739728 0.178121 0.7739843 0.178121 0.642688 0.1814141 0.7739611 0.1797675 0.7739728 0.1797675 0.6426764 0.330464 0.4721673 0.330464 0.3408449 0.3321133 0.3408545 0.5176794 0.7454478 0.5176794 0.6689589 0.51933 0.6689684 0.5183312 0.3312121 0.5183312 0.2546246 0.5199822 0.2546246 0.5859201 7.45066e-5 0.5859201 0.1315536 0.509404 0.1315536 0.5092551 0.1315536 0.432739 0.1315536 0.432739 7.45279e-5 0.3288146 0.4721576 0.3288146 0.3408352 0.330464 0.3408449 0.1797675 0.7739728 0.178121 0.7739843 0.178121 0.642688 0.1814141 0.7739611 0.1797675 0.7739728 0.1797675 0.6426764 0.330464 0.4721673 0.330464 0.3408449 0.3321133 0.3408545 0.5176794 0.7454478 0.5176794 0.6689589 0.51933 0.6689684 0.5183312 0.3312121 0.5183312 0.2546246 0.5199822 0.2546246 0.5859201 7.45066e-5 0.5859201 0.1315536 0.509404 0.1315536 0.5092551 0.1315536 0.432739 0.1315536 0.432739 7.45279e-5 0.3288146 0.4721576 0.3288146 0.3408352 0.330464 0.3408449 0.1797675 0.7739728 0.178121 0.7739843 0.178121 0.642688 0.1814141 0.7739611 0.1797675 0.7739728 0.1797675 0.6426764 0.330464 0.4721673 0.330464 0.3408449 0.3321133 0.3408545 0.5176794 0.7454478 0.5176794 0.6689589 0.51933 0.6689684 0.5183312 0.3312121 0.5183312 0.2546246 0.5199822 0.2546246 0.5859201 7.45066e-5 0.5859201 0.1315536 0.509404 0.1315536 0.5092551 0.1315536 0.432739 0.1315536 0.432739 7.45279e-5 0.3288146 0.4721576 0.3288146 0.3408352 0.330464 0.3408449 0.1797675 0.7739728 0.178121 0.7739843 0.178121 0.642688 0.1814141 0.7739611 0.1797675 0.7739728 0.1797675 0.6426764 0.330464 0.4721673 0.330464 0.3408449 0.3321133 0.3408545 0.5176794 0.7454478 0.5176794 0.6689589 0.51933 0.6689684 0.5183312 0.3312121 0.5183312 0.2546246 0.5199822 0.2546246 0.5859201 7.45066e-5 0.5859201 0.1315536 0.509404 0.1315536 0.5092551 0.1315536 0.432739 0.1315536 0.432739 7.45279e-5 0.3288146 0.4721576 0.3288146 0.3408352 0.330464 0.3408449 0.1797675 0.7739728 0.178121 0.7739843 0.178121 0.642688 0.1814141 0.7739611 0.1797675 0.7739728 0.1797675 0.6426764 0.330464 0.4721673 0.330464 0.3408449 0.3321133 0.3408545 0.5176794 0.7454478 0.5176794 0.6689589 0.51933 0.6689684 0.5183312 0.3312121 0.5183312 0.2546246 0.5199822 0.2546246 0.5859201 7.45066e-5 0.5859201 0.1315536 0.509404 0.1315536 0.5160288 0.7454382 0.5160288 0.6689493 0.5176794 0.6689589 0.5092551 0.1315536 0.432739 0.1315536 0.432739 7.45279e-5 0.3288146 0.4721576 0.3288146 0.3408352 0.330464 0.3408449 0.1797675 0.7739728 0.178121 0.7739843 0.178121 0.642688 0.1814141 0.7739611 0.1797675 0.7739728 0.1797675 0.6426764 0.330464 0.4721673 0.330464 0.3408449 0.3321133 0.3408545 0.5176794 0.7454478 0.5176794 0.6689589 0.51933 0.6689684 0.5183312 0.3312121 0.5183312 0.2546246 0.5199822 0.2546246 0.5859201 7.45066e-5 0.5859201 0.1315536 0.509404 0.1315536 0.5092551 0.1315536 0.432739 0.1315536 0.432739 7.45279e-5 0.3288146 0.4721576 0.3288146 0.3408352 0.330464 0.3408449 0.1797675 0.7739728 0.178121 0.7739843 0.178121 0.642688 0.1814141 0.7739611 0.1797675 0.7739728 0.1797675 0.6426764 0.330464 0.4721673 0.330464 0.3408449 0.3321133 0.3408545 0.5176794 0.7454478 0.5176794 0.6689589 0.51933 0.6689684 0.5183312 0.3312121 0.5183312 0.2546246 0.5199822 0.2546246 0.5859201 7.45066e-5 0.5859201 0.1315536 0.509404 0.1315536 0.5166802 0.3312121 0.5166802 0.2546246 0.5183312 0.2546246 0.5092551 0.1315536 0.432739 0.1315536 0.432739 7.45279e-5 0.3288146 0.4721576 0.3288146 0.3408352 0.330464 0.3408449 0.1797675 0.7739728 0.178121 0.7739843 0.178121 0.642688 0.1814141 0.7739611 0.1797675 0.7739728 0.1797675 0.6426764 0.330464 0.4721673 0.330464 0.3408449 0.3321133 0.3408545 0.5176794 0.7454478 0.5176794 0.6689589 0.51933 0.6689684 0.5183312 0.3312121 0.5183312 0.2546246 0.5199822 0.2546246 0.330464 0.4721673 0.330464 0.3408449 0.3288146 0.3408352 0.5859201 7.45066e-5 0.3288146 0.4721576 0.509404 0.1315536 0.178121 0.7739843 0.1797675 0.7739728 0.1797675 0.6426764 0.5859201 0.1315536 0.1797675 0.7739728 0.1797675 0.6426764 0.5859201 7.45066e-5 0.5859201 0.1315536 0.509404 0.1315536 0.5092551 0.1315536 0.432739 0.1315536 0.432739 7.45279e-5 0.3288146 0.4721576 0.3288146 0.3408352 0.330464 0.3408449 0.1797675 0.7739728 0.178121 0.7739843 0.178121 0.642688 0.1814141 0.7739611 0.1797675 0.7739728 0.1797675 0.6426764 0.330464 0.4721673 0.330464 0.3408449 0.3321133 0.3408545 0.5176794 0.7454478 0.5176794 0.6689589 0.51933 0.6689684 0.5183312 0.3312121 0.5183312 0.2546246 0.5199822 0.2546246 0.5859201 7.45066e-5 0.5859201 0.1315536 0.509404 0.1315536 0.5092551 0.1315536 0.432739 0.1315536 0.432739 7.45279e-5 0.3288146 0.4721576 0.3288146 0.3408352 0.330464 0.3408449 0.1797675 0.7739728 0.178121 0.7739843 0.178121 0.642688 0.1814141 0.7739611 0.1797675 0.7739728 0.1797675 0.6426764 0.330464 0.4721673 0.330464 0.3408449 0.3321133 0.3408545 0.5176794 0.7454478 0.5176794 0.6689589 0.51933 0.6689684 0.5183312 0.3312121 0.5183312 0.2546246 0.5199822 0.2546246 0.5859201 7.45066e-5 0.5859201 0.1315536 0.509404 0.1315536 0.5092551 0.1315536 0.432739 0.1315536 0.432739 7.45279e-5 0.3288146 0.4721576 0.3288146 0.3408352 0.330464 0.3408449 0.1797675 0.7739728 0.178121 0.7739843 0.178121 0.642688 0.1814141 0.7739611 0.1797675 0.7739728 0.1797675 0.6426764 0.330464 0.4721673 0.330464 0.3408449 0.3321133 0.3408545 0.5176794 0.7454478 0.5176794 0.6689589 0.51933 0.6689684 0.5183312 0.3312121 0.5183312 0.2546246 0.5199822 0.2546246 0.5859201 7.45066e-5 0.5859201 0.1315536 0.509404 0.1315536 0.5092551 0.1315536 0.432739 0.1315536 0.432739 7.45279e-5 0.3288146 0.4721576 0.3288146 0.3408352 0.330464 0.3408449 0.1797675 0.7739728 0.178121 0.7739843 0.178121 0.642688 0.1814141 0.7739611 0.1797675 0.7739728 0.1797675 0.6426764 0.330464 0.4721673 0.330464 0.3408449 0.3321133 0.3408545 0.5176794 0.7454478 0.5176794 0.6689589 0.51933 0.6689684 0.5183312 0.3312121 0.5183312 0.2546246 0.5199822 0.2546246 0.5859201 7.45066e-5 0.5859201 0.1315536 0.509404 0.1315536 0.5092551 0.1315536 0.432739 0.1315536 0.432739 7.45279e-5 0.3288146 0.4721576 0.3288146 0.3408352 0.330464 0.3408449 0.1797675 0.7739728 0.178121 0.7739843 0.178121 0.642688 0.1814141 0.7739611 0.1797675 0.7739728 0.1797675 0.6426764 0.330464 0.4721673 0.330464 0.3408449 0.3321133 0.3408545 0.5176794 0.7454478 0.5176794 0.6689589 0.51933 0.6689684 0.5183312 0.3312121 0.5183312 0.2546246 0.5199822 0.2546246 0.5859201 0.1315536 0.509404 0.1315536 0.509404 7.45137e-5 0.5160288 0.7454382 0.5160288 0.6689493 0.5176794 0.6689589 0.432739 0.1315536 0.432739 7.45279e-5 0.5092551 7.45066e-5 0.3288146 0.4721576 0.3288146 0.3408352 0.330464 0.3408449 0.1797675 0.7739728 0.178121 0.7739843 0.178121 0.642688 0.1814141 0.7739611 0.1797675 0.7739728 0.1797675 0.6426764 0.330464 0.4721673 0.330464 0.3408449 0.3321133 0.3408545 0.5176794 0.7454478 0.5176794 0.6689589 0.51933 0.6689684 0.5183312 0.3312121 0.5183312 0.2546246 0.5199822 0.2546246 0.5859201 0.1315536 0.509404 0.1315536 0.509404 7.45137e-5 0.432739 0.1315536 0.432739 7.45279e-5 0.5092551 7.45066e-5 0.3288146 0.4721576 0.3288146 0.3408352 0.330464 0.3408449 0.1797675 0.7739728 0.178121 0.7739843 0.178121 0.642688 0.1814141 0.7739611 0.1797675 0.7739728 0.1797675 0.6426764 0.330464 0.4721673 0.330464 0.3408449 0.3321133 0.3408545 0.5176794 0.7454478 0.5176794 0.6689589 0.51933 0.6689684 0.5183312 0.3312121 0.5183312 0.2546246 0.5199822 0.2546246 0.5859201 0.1315536 0.509404 0.1315536 0.509404 7.45137e-5 0.5166802 0.3312121 0.5166802 0.2546246 0.5183312 0.2546246 0.432739 0.1315536 0.432739 7.45279e-5 0.5092551 7.45066e-5 0.3288146 0.4721576 0.3288146 0.3408352 0.330464 0.3408449 0.1797675 0.7739728 0.178121 0.7739843 0.178121 0.642688 0.1814141 0.7739611 0.1797675 0.7739728 0.1797675 0.6426764 0.330464 0.4721673 0.330464 0.3408449 0.3321133 0.3408545 0.5176794 0.7454478 0.5176794 0.6689589 0.51933 0.6689684 0.5183312 0.3312121 0.5183312 0.2546246 0.5199822 0.2546246 0.178121 0.7739843 0.1797675 0.7739728 0.1797675 0.6426764 0.178121 0.7739843 0.1797675 0.7739728 0.1797675 0.6426764 0.509404 7.45137e-5 0.509404 0.1315536 0.178121 0.7739843 0.509404 7.45137e-5 0.509404 0.1315536 0.178121 0.7739843 0.5859201 7.45066e-5 0.5859201 0.1315536 0.509404 0.1315536 0.5160288 0.7454382 0.5160288 0.6689493 0.5176794 0.6689589 0.5092551 0.1315536 0.432739 0.1315536 0.432739 7.45279e-5 0.3288146 0.4721576 0.3288146 0.3408352 0.330464 0.3408449 0.1797675 0.7739728 0.178121 0.7739843 0.178121 0.642688 0.1814141 0.7739611 0.1797675 0.7739728 0.1797675 0.6426764 0.330464 0.4721673 0.330464 0.3408449 0.3321133 0.3408545 0.5176794 0.7454478 0.5176794 0.6689589 0.51933 0.6689684 0.5183312 0.3312121 0.5183312 0.2546246 0.5199822 0.2546246 0.5859201 0.1315536 0.509404 0.1315536 0.509404 7.45137e-5 0.432739 0.1315536 0.432739 7.45279e-5 0.5092551 7.45066e-5 0.3288146 0.4721576 0.3288146 0.3408352 0.330464 0.3408449 0.1797675 0.7739728 0.178121 0.7739843 0.178121 0.642688 0.1814141 0.7739611 0.1797675 0.7739728 0.1797675 0.6426764 0.330464 0.4721673 0.330464 0.3408449 0.3321133 0.3408545 0.5176794 0.7454478 0.5176794 0.6689589 0.51933 0.6689684 0.5183312 0.3312121 0.5183312 0.2546246 0.5199822 0.2546246 0.5859201 0.1315536 0.509404 0.1315536 0.509404 7.45137e-5 0.5166802 0.3312121 0.5166802 0.2546246 0.5183312 0.2546246 0.432739 0.1315536 0.432739 7.45279e-5 0.5092551 7.45066e-5 0.3288146 0.4721576 0.3288146 0.3408352 0.330464 0.3408449 0.1797675 0.7739728 0.178121 0.7739843 0.178121 0.642688 0.1814141 0.7739611 0.1797675 0.7739728 0.1797675 0.6426764 0.330464 0.4721673 0.330464 0.3408449 0.3321133 0.3408545 0.5176794 0.7454478 0.5176794 0.6689589 0.51933 0.6689684 0.5183312 0.3312121 0.5183312 0.2546246 0.5199822 0.2546246 0.178121 0.7739843 0.1797675 0.7739728 0.1797675 0.6426764 0.178121 0.7739843 0.1797675 0.7739728 0.1797675 0.6426764 0.5859201 0.1315536 0.509404 0.1315536 0.509404 7.45137e-5 0.5166802 0.3312121 0.5166802 0.2546246 0.5199822 0.2546246 0.5160288 0.7454382 0.5160288 0.6689493 0.51933 0.6689684 0.432739 0.1315536 0.432739 7.45279e-5 0.5092551 7.45066e-5 0.3288146 0.4721576 0.3288146 0.3408352 0.3321133 0.3408545 0.1814141 0.7739611 0.178121 0.7739843 0.178121 0.642688 0.5092551 0.1315536 0.432739 0.1315536 0.432739 7.45279e-5 0.547662 0.1315535 0.509404 0.1315536 0.509404 7.45137e-5 0.5166802 0.2929183 0.5166802 0.2546246 0.5199822 0.2546246 0.5160288 0.7071937 0.5160288 0.6689493 0.51933 0.6689684 0.432739 0.1315536 0.432739 7.45279e-5 0.470997 7.45172e-5 0.3288146 0.4721576 0.3288146 0.3408352 0.3321133 0.3408545 0.1814141 0.7739611 0.178121 0.7739843 0.178121 0.642688 0.547662 0.1315535 0.509404 0.1315536 0.509404 7.45137e-5 0.5166802 0.2929183 0.5166802 0.2546246 0.5199822 0.2546246 0.5160288 0.7071937 0.5160288 0.6689493 0.51933 0.6689684 0.432739 0.1315536 0.432739 7.45279e-5 0.470997 7.45172e-5 0.3288146 0.4721576 0.3288146 0.3408352 0.3321133 0.3408545 0.1814141 0.7739611 0.178121 0.7739843 0.178121 0.642688 0.470997 0.1315535 0.470997 7.45172e-5 0.5092551 7.45066e-5 0.5160288 0.7454382 0.5160288 0.7071937 0.51933 0.7072128 0.5166802 0.3312121 0.5166802 0.2929183 0.5199822 0.2929183 0.5859201 0.1315536 0.547662 0.1315535 0.547662 7.45101e-5 0.470997 0.1315535 0.470997 7.45172e-5 0.5092551 7.45066e-5 0.5160288 0.7454382 0.5160288 0.7071937 0.51933 0.7072128 0.5166802 0.3312121 0.5166802 0.2929183 0.5199822 0.2929183 0.5859201 0.1315536 0.547662 0.1315535 0.547662 7.45101e-5 0.5859201 0.1315536 0.509404 0.1315536 0.509404 7.45137e-5 0.5166802 0.3312121 0.5166802 0.2546246 0.5199822 0.2546246 0.5160288 0.7454382 0.5160288 0.6689493 0.51933 0.6689684 0.432739 0.1315536 0.432739 7.45279e-5 0.5092551 7.45066e-5 0.3288146 0.4721576 0.3288146 0.3408352 0.3321133 0.3408545 0.1814141 0.7739611 0.178121 0.7739843 0.178121 0.642688 0.5859201 0.1315536 0.509404 0.1315536 0.509404 7.45137e-5 0.5166802 0.3312121 0.5166802 0.2546246 0.5199822 0.2546246 0.5160288 0.7454382 0.5160288 0.6689493 0.51933 0.6689684 0.432739 0.1315536 0.432739 7.45279e-5 0.5092551 7.45066e-5 0.3288146 0.4721576 0.3288146 0.3408352 0.3321133 0.3408545 0.1814141 0.7739611 0.178121 0.7739843 0.178121 0.642688 0.5859201 7.45066e-5 0.5859201 0.1315536 0.509404 0.1315536 0.5166802 0.3312121 0.5166802 0.2546246 0.5199822 0.2546246 0.5160288 0.7454382 0.5160288 0.6689493 0.51933 0.6689684 0.5092551 0.1315536 0.432739 0.1315536 0.432739 7.45279e-5 0.3288146 0.4721576 0.3288146 0.3408352 0.3321133 0.3408545 0.1814141 0.7739611 0.178121 0.7739843 0.178121 0.642688 0.5859201 0.1315536 0.509404 0.1315536 0.509404 7.45137e-5 0.5166802 0.3312121 0.5166802 0.2546246 0.5199822 0.2546246 0.5160288 0.7454382 0.5160288 0.6689493 0.51933 0.6689684 0.432739 0.1315536 0.432739 7.45279e-5 0.5092551 7.45066e-5 0.3288146 0.4721576 0.3288146 0.3408352 0.3321133 0.3408545 0.1814141 0.7739611 0.178121 0.7739843 0.178121 0.642688 0.5859201 0.1315536 0.509404 0.1315536 0.509404 7.45137e-5 0.5166802 0.3312121 0.5166802 0.2546246 0.5199822 0.2546246 0.5160288 0.7454382 0.5160288 0.6689493 0.51933 0.6689684 0.432739 0.1315536 0.432739 7.45279e-5 0.5092551 7.45066e-5 0.3288146 0.4721576 0.3288146 0.3408352 0.3321133 0.3408545 0.1814141 0.7739611 0.178121 0.7739843 0.178121 0.642688 0.5859201 0.1315536 0.509404 0.1315536 0.509404 7.45137e-5 0.5166802 0.3312121 0.5166802 0.2546246 0.5199822 0.2546246 0.5160288 0.7454382 0.5160288 0.6689493 0.51933 0.6689684 0.432739 0.1315536 0.432739 7.45279e-5 0.5092551 7.45066e-5 0.3288146 0.4721576 0.3288146 0.3408352 0.3321133 0.3408545 0.1814141 0.7739611 0.178121 0.7739843 0.178121 0.642688 0.5859201 0.1315536 0.509404 0.1315536 0.509404 7.45137e-5 0.5166802 0.3312121 0.5166802 0.2546246 0.5199822 0.2546246 0.5160288 0.7454382 0.5160288 0.6689493 0.51933 0.6689684 0.432739 0.1315536 0.432739 7.45279e-5 0.5092551 7.45066e-5 0.3288146 0.4721576 0.3288146 0.3408352 0.3321133 0.3408545 0.1814141 0.7739611 0.178121 0.7739843 0.178121 0.642688 0.5859201 0.1315536 0.509404 0.1315536 0.509404 7.45137e-5 0.5166802 0.3312121 0.5166802 0.2546246 0.5199822 0.2546246 0.5160288 0.7454382 0.5160288 0.6689493 0.51933 0.6689684 0.432739 0.1315536 0.432739 7.45279e-5 0.5092551 7.45066e-5 0.3288146 0.4721576 0.3288146 0.3408352 0.3321133 0.3408545 0.1814141 0.7739611 0.178121 0.7739843 0.178121 0.642688 0.5859201 0.1315536 0.509404 0.1315536 0.509404 7.45137e-5 0.5166802 0.3312121 0.5166802 0.2546246 0.5199822 0.2546246 0.5160288 0.7454382 0.5160288 0.6689493 0.51933 0.6689684 0.432739 0.1315536 0.432739 7.45279e-5 0.5092551 7.45066e-5 0.3288146 0.4721576 0.3288146 0.3408352 0.3321133 0.3408545 0.1814141 0.7739611 0.178121 0.7739843 0.178121 0.642688 0.5859201 0.1315536 0.509404 0.1315536 0.509404 7.45137e-5 0.5166802 0.3312121 0.5166802 0.2546246 0.5199822 0.2546246 0.5160288 0.7454382 0.5160288 0.6689493 0.51933 0.6689684 0.432739 0.1315536 0.432739 7.45279e-5 0.5092551 7.45066e-5 0.3288146 0.4721576 0.3288146 0.3408352 0.3321133 0.3408545 0.1814141 0.7739611 0.178121 0.7739843 0.178121 0.642688 0.5859201 0.1315536 0.509404 0.1315536 0.509404 7.45137e-5 0.5166802 0.3312121 0.5166802 0.2546246 0.5199822 0.2546246 0.5160288 0.7454382 0.5160288 0.6689493 0.51933 0.6689684 0.432739 0.1315536 0.432739 7.45279e-5 0.5092551 7.45066e-5 0.3288146 0.4721576 0.3288146 0.3408352 0.3321133 0.3408545 0.1814141 0.7739611 0.178121 0.7739843 0.178121 0.642688 0.5859201 0.1315536 0.509404 0.1315536 0.509404 7.45137e-5 0.5166802 0.3312121 0.5166802 0.2546246 0.5199822 0.2546246 0.5160288 0.7454382 0.5160288 0.6689493 0.51933 0.6689684 0.432739 0.1315536 0.432739 7.45279e-5 0.5092551 7.45066e-5 0.3288146 0.4721576 0.3288146 0.3408352 0.3321133 0.3408545 0.1814141 0.7739611 0.178121 0.7739843 0.178121 0.642688 0.5859201 0.1315536 0.509404 0.1315536 0.509404 7.45137e-5 0.5166802 0.3312121 0.5166802 0.2546246 0.5199822 0.2546246 0.5160288 0.7454382 0.5160288 0.6689493 0.51933 0.6689684 0.432739 0.1315536 0.432739 7.45279e-5 0.5092551 7.45066e-5 0.3288146 0.4721576 0.3288146 0.3408352 0.3321133 0.3408545 0.1814141 0.7739611 0.178121 0.7739843 0.178121 0.642688 0.5859201 0.1315536 0.509404 0.1315536 0.509404 7.45137e-5 0.5166802 0.3312121 0.5166802 0.2546246 0.5199822 0.2546246 0.5160288 0.7454382 0.5160288 0.6689493 0.51933 0.6689684 0.432739 0.1315536 0.432739 7.45279e-5 0.5092551 7.45066e-5 0.3288146 0.4721576 0.3288146 0.3408352 0.3321133 0.3408545 0.1814141 0.7739611 0.178121 0.7739843 0.178121 0.642688 0.5859201 0.1315536 0.509404 0.1315536 0.509404 7.45137e-5 0.5166802 0.3312121 0.5166802 0.2546246 0.5199822 0.2546246 0.5160288 0.7454382 0.5160288 0.6689493 0.51933 0.6689684 0.432739 0.1315536 0.432739 7.45279e-5 0.5092551 7.45066e-5 0.3288146 0.4721576 0.3288146 0.3408352 0.3321133 0.3408545 0.1814141 0.7739611 0.178121 0.7739843 0.178121 0.642688 0.5859201 0.1315536 0.509404 0.1315536 0.509404 7.45137e-5 0.5166802 0.3312121 0.5166802 0.2546246 0.5199822 0.2546246 0.5160288 0.7454382 0.5160288 0.6689493 0.51933 0.6689684 0.432739 0.1315536 0.432739 7.45279e-5 0.5092551 7.45066e-5 0.3288146 0.4721576 0.3288146 0.3408352 0.3321133 0.3408545 0.1814141 0.7739611 0.178121 0.7739843 0.178121 0.642688 0.5859201 0.1315536 0.509404 0.1315536 0.509404 7.45137e-5 0.5166802 0.3312121 0.5166802 0.2546246 0.5199822 0.2546246 0.5160288 0.7454382 0.5160288 0.6689493 0.51933 0.6689684 0.432739 0.1315536 0.432739 7.45279e-5 0.5092551 7.45066e-5 0.3288146 0.4721576 0.3288146 0.3408352 0.3321133 0.3408545 0.1814141 0.7739611 0.178121 0.7739843 0.178121 0.642688 0.5859201 0.1315536 0.509404 0.1315536 0.509404 7.45137e-5 0.5166802 0.3312121 0.5166802 0.2546246 0.5199822 0.2546246 0.5160288 0.7454382 0.5160288 0.6689493 0.51933 0.6689684 0.432739 0.1315536 0.432739 7.45279e-5 0.5092551 7.45066e-5 0.3288146 0.4721576 0.3288146 0.3408352 0.3321133 0.3408545 0.1814141 0.7739611 0.178121 0.7739843 0.178121 0.642688 0.5859201 0.1315536 0.509404 0.1315536 0.509404 7.45137e-5 0.5166802 0.3312121 0.5166802 0.2546246 0.5199822 0.2546246 0.5160288 0.7454382 0.5160288 0.6689493 0.51933 0.6689684 0.432739 0.1315536 0.432739 7.45279e-5 0.5092551 7.45066e-5 0.3288146 0.4721576 0.3288146 0.3408352 0.3321133 0.3408545 0.1814141 0.7739611 0.178121 0.7739843 0.178121 0.642688 0.5859201 0.1315536 0.509404 0.1315536 0.509404 7.45137e-5 0.5166802 0.3312121 0.5166802 0.2546246 0.5199822 0.2546246 0.5160288 0.7454382 0.5160288 0.6689493 0.51933 0.6689684 0.432739 0.1315536 0.432739 7.45279e-5 0.5092551 7.45066e-5 0.3288146 0.4721576 0.3288146 0.3408352 0.3321133 0.3408545 0.1814141 0.7739611 0.178121 0.7739843 0.178121 0.642688 0.5859201 0.1315536 0.509404 0.1315536 0.509404 7.45137e-5 0.5166802 0.3312121 0.5166802 0.2546246 0.5199822 0.2546246 0.5160288 0.7454382 0.5160288 0.6689493 0.51933 0.6689684 0.432739 0.1315536 0.432739 7.45279e-5 0.5092551 7.45066e-5 0.3288146 0.4721576 0.3288146 0.3408352 0.3321133 0.3408545 0.1814141 0.7739611 0.178121 0.7739843 0.178121 0.642688 0.5859201 0.1315536 0.509404 0.1315536 0.509404 7.45137e-5 0.5166802 0.3312121 0.5166802 0.2546246 0.5199822 0.2546246 0.5160288 0.7454382 0.5160288 0.6689493 0.51933 0.6689684 0.432739 0.1315536 0.432739 7.45279e-5 0.5092551 7.45066e-5 0.3288146 0.4721576 0.3288146 0.3408352 0.3321133 0.3408545 0.1814141 0.7739611 0.178121 0.7739843 0.178121 0.642688</float_array>
          <technique_common>
            <accessor source="#Cube_124-mesh-map-1-array" count="3540" stride="2">
              <param name="S" type="float"/>
              <param name="T" type="float"/>
            </accessor>
          </technique_common>
        </source>
        <vertices id="Cube_124-mesh-vertices">
          <input semantic="POSITION" source="#Cube_124-mesh-positions"/>
        </vertices>
        <triangles material="_2texturas_novas_zapo_006-material" count="1180">
          <input semantic="VERTEX" source="#Cube_124-mesh-vertices" offset="0"/>
          <input semantic="NORMAL" source="#Cube_124-mesh-normals" offset="1"/>
          <input semantic="TEXCOORD" source="#Cube_124-mesh-map-0" offset="2" set="0"/>
          <input semantic="TEXCOORD" source="#Cube_124-mesh-map-1" offset="2" set="1"/>
          <p>5 0 0 0 0 1 1 0 2 0 0 3 2 0 4 1 0 5 2 1 6 0 1 7 3 1 8 0 1 9 4 1 10 3 1 11 0 2 12 5 2 13 4 2 14 5 2 15 6 2 16 4 2 17 5 3 18 1 3 19 6 3 20 6 4 21 7 4 22 4 4 23 1 3 24 7 3 25 6 3 26 7 4 27 3 4 28 4 4 29 2 5 30 3 5 31 7 5 32 1 5 33 2 5 34 7 5 35 11 4 36 14 4 37 15 4 38 15 3 39 13 3 40 9 3 41 12 1 42 10 1 43 8 1 44 10 0 45 13 0 46 8 0 47 14 2 48 8 2 49 13 2 50 10 5 51 15 5 52 9 5 53 19 4 54 22 4 55 23 4 56 20 1 57 27 1 58 24 1 59 18 0 60 21 0 61 16 0 62 22 2 63 24 2 64 25 2 65 27 5 66 23 5 67 26 5 68 18 5 69 26 5 70 17 5 71 25 2 72 16 2 73 21 2 74 24 1 75 18 1 76 16 1 77 26 3 78 21 3 79 17 3 80 31 4 81 34 4 82 35 4 83 30 0 84 33 0 85 28 0 86 34 2 87 36 2 88 37 2 89 39 5 90 35 5 91 38 5 92 30 5 93 38 5 94 29 5 95 37 2 96 28 2 97 33 2 98 36 1 99 30 1 100 28 1 101 38 3 102 33 3 103 29 3 104 43 4 105 46 4 106 47 4 107 47 3 108 49 3 109 50 3 110 42 0 111 45 0 112 40 0 113 46 2 114 48 2 115 49 2 116 51 5 117 47 5 118 50 5 119 42 5 120 50 5 121 41 5 122 49 2 123 40 2 124 45 2 125 48 1 126 42 1 127 40 1 128 50 3 129 45 3 130 41 3 131 22 4 132 31 4 133 23 4 134 25 2 135 32 2 136 22 2 137 37 2 138 44 2 139 34 2 140 34 4 141 43 4 142 35 4 143 55 6 144 53 6 145 52 6 146 53 7 147 54 7 148 52 7 149 55 2 150 52 2 151 56 2 152 57 2 153 55 2 154 56 2 155 57 3 156 56 3 157 58 3 158 59 3 159 57 3 160 58 3 161 59 8 162 58 8 163 54 8 164 53 9 165 59 9 166 54 9 167 60 4 168 61 4 169 59 4 170 60 10 171 59 10 172 53 10 173 61 4 174 57 4 175 59 4 176 61 11 177 64 11 178 57 11 179 64 5 180 61 5 181 62 5 182 61 5 183 63 5 184 62 5 185 61 1 186 60 1 187 63 1 188 55 4 189 64 4 190 53 4 191 64 4 192 65 4 193 53 4 194 65 3 195 64 3 196 66 3 197 64 12 198 55 12 199 57 12 200 64 3 201 62 3 202 66 3 203 65 2 204 66 2 205 67 2 206 60 2 207 65 2 208 67 2 209 60 1 210 67 1 211 63 1 212 65 13 213 60 13 214 53 13 215 71 4 216 74 4 217 75 4 218 72 1 219 79 1 220 76 1 221 70 0 222 73 0 223 68 0 224 74 2 225 76 2 226 77 2 227 79 5 228 75 5 229 78 5 230 70 5 231 78 5 232 69 5 233 77 2 234 68 2 235 73 2 236 76 1 237 70 1 238 68 1 239 78 3 240 73 3 241 69 3 242 83 4 243 86 4 244 87 4 245 82 0 246 85 0 247 80 0 248 86 2 249 88 2 250 89 2 251 91 5 252 87 5 253 90 5 254 82 5 255 90 5 256 81 5 257 89 2 258 80 2 259 85 2 260 88 1 261 82 1 262 80 1 263 90 3 264 85 3 265 81 3 266 95 4 267 98 4 268 99 4 269 99 3 270 101 3 271 102 3 272 94 0 273 97 0 274 92 0 275 98 2 276 100 2 277 101 2 278 103 5 279 99 5 280 102 5 281 94 5 282 102 5 283 93 5 284 101 2 285 92 2 286 97 2 287 100 1 288 94 1 289 92 1 290 102 3 291 97 3 292 93 3 293 77 2 294 84 2 295 74 2 296 89 2 297 96 2 298 86 2 299 111 14 300 108 14 301 110 14 302 108 15 303 115 15 304 112 15 305 104 16 306 105 16 307 109 16 308 110 17 309 112 17 310 113 17 311 115 18 312 111 18 313 114 18 314 106 19 315 114 19 316 105 19 317 113 20 318 104 20 319 109 20 320 112 21 321 106 21 322 104 21 323 114 22 324 109 22 325 105 22 326 123 23 327 120 23 328 122 23 329 116 0 330 117 0 331 121 0 332 122 24 333 124 24 334 125 24 335 127 25 336 123 25 337 126 25 338 118 25 339 126 25 340 117 25 341 125 26 342 116 26 343 121 26 344 124 27 345 118 27 346 116 27 347 126 28 348 121 28 349 117 28 350 135 29 351 132 29 352 134 29 353 135 30 354 137 30 355 138 30 356 128 0 357 129 0 358 133 0 359 134 31 360 136 31 361 137 31 362 139 32 363 135 32 364 138 32 365 130 33 366 138 33 367 129 33 368 137 34 369 128 34 370 133 34 371 136 35 372 130 35 373 128 35 374 138 36 375 133 36 376 129 36 377 111 4 378 120 4 379 119 4 380 113 37 381 120 37 382 110 37 383 125 38 384 132 38 385 122 38 386 123 4 387 132 4 388 131 4 389 147 23 390 144 23 391 146 23 392 140 0 393 141 0 394 145 0 395 146 24 396 148 24 397 149 24 398 151 25 399 147 25 400 150 25 401 142 39 402 150 39 403 141 39 404 149 26 405 140 26 406 145 26 407 148 21 408 142 21 409 140 21 410 150 40 411 145 40 412 141 40 413 159 41 414 156 41 415 158 41 416 152 0 417 153 0 418 157 0 419 158 42 420 160 42 421 161 42 422 163 43 423 159 43 424 162 43 425 154 44 426 162 44 427 153 44 428 161 45 429 152 45 430 157 45 431 160 46 432 154 46 433 152 46 434 162 47 435 157 47 436 153 47 437 171 48 438 168 48 439 170 48 440 164 0 441 165 0 442 169 0 443 170 49 444 172 49 445 173 49 446 175 50 447 171 50 448 174 50 449 166 51 450 174 51 451 165 51 452 173 52 453 164 52 454 169 52 455 172 46 456 166 46 457 164 46 458 174 53 459 169 53 460 165 53 461 183 48 462 180 48 463 182 48 464 176 0 465 177 0 466 181 0 467 182 54 468 184 54 469 185 54 470 187 55 471 183 55 472 186 55 473 178 56 474 186 56 475 177 56 476 185 57 477 176 57 478 181 57 479 184 58 480 178 58 481 176 58 482 186 59 483 181 59 484 177 59 485 195 23 486 192 23 487 194 23 488 188 0 489 189 0 490 193 0 491 194 49 492 196 49 493 197 49 494 199 55 495 195 55 496 198 55 497 190 56 498 198 56 499 189 56 500 197 52 501 188 52 502 193 52 503 196 60 504 190 60 505 188 60 506 198 47 507 193 47 508 189 47 509 207 61 510 204 61 511 206 61 512 204 62 513 211 62 514 208 62 515 200 0 516 201 0 517 205 0 518 206 63 519 208 63 520 209 63 521 211 64 522 207 64 523 210 64 524 202 65 525 210 65 526 201 65 527 209 66 528 200 66 529 205 66 530 208 67 531 202 67 532 200 67 533 210 68 534 205 68 535 201 68 536 219 69 537 216 69 538 218 69 539 212 70 540 213 70 541 217 70 542 218 71 543 220 71 544 221 71 545 223 72 546 219 72 547 222 72 548 214 73 549 222 73 550 213 73 551 221 74 552 212 74 553 217 74 554 220 75 555 214 75 556 212 75 557 222 76 558 217 76 559 213 76 560 231 77 561 228 77 562 230 77 563 231 78 564 233 78 565 234 78 566 224 0 567 225 0 568 229 0 569 230 79 570 232 79 571 233 79 572 235 80 573 231 80 574 234 80 575 226 81 576 234 81 577 225 81 578 233 82 579 224 82 580 229 82 581 232 83 582 226 83 583 224 83 584 234 84 585 229 84 586 225 84 587 209 85 588 216 85 589 206 85 590 221 86 591 228 86 592 218 86 593 219 4 594 228 4 595 227 4 596 243 87 597 240 87 598 242 87 599 236 88 600 237 88 601 241 88 602 242 89 603 244 89 604 245 89 605 247 90 606 243 90 607 246 90 608 238 91 609 246 91 610 237 91 611 245 92 612 236 92 613 241 92 614 244 93 615 238 93 616 236 93 617 246 76 618 241 76 619 237 76 620 255 94 621 252 94 622 254 94 623 248 95 624 249 95 625 253 95 626 254 96 627 256 96 628 257 96 629 259 97 630 255 97 631 258 97 632 250 98 633 258 98 634 249 98 635 257 99 636 248 99 637 253 99 638 256 100 639 250 100 640 248 100 641 258 101 642 253 101 643 249 101 644 267 69 645 264 69 646 266 69 647 260 102 648 261 102 649 265 102 650 266 103 651 268 103 652 269 103 653 271 97 654 267 97 655 270 97 656 262 98 657 270 98 658 261 98 659 269 92 660 260 92 661 265 92 662 268 104 663 262 104 664 260 104 665 270 105 666 265 105 667 261 105 668 279 106 669 276 106 670 278 106 671 272 0 672 273 0 673 277 0 674 278 107 675 280 107 676 281 107 677 283 108 678 279 108 679 282 108 680 274 109 681 282 109 682 273 109 683 281 110 684 272 110 685 277 110 686 280 111 687 274 111 688 272 111 689 282 112 690 277 112 691 273 112 692 291 113 693 288 113 694 290 113 695 284 0 696 285 0 697 289 0 698 290 114 699 292 114 700 293 114 701 295 115 702 291 115 703 294 115 704 286 116 705 294 116 706 285 116 707 293 117 708 284 117 709 289 117 710 292 118 711 286 118 712 284 118 713 294 119 714 289 119 715 285 119 716 303 120 717 300 120 718 302 120 719 300 15 720 307 15 721 304 15 722 296 121 723 297 121 724 301 121 725 302 17 726 304 17 727 305 17 728 307 18 729 303 18 730 306 18 731 298 19 732 306 19 733 297 19 734 305 20 735 296 20 736 301 20 737 304 21 738 298 21 739 296 21 740 306 22 741 301 22 742 297 22 743 315 122 744 312 122 745 314 122 746 308 0 747 309 0 748 313 0 749 314 123 750 316 123 751 317 123 752 319 124 753 315 124 754 318 124 755 310 125 756 318 125 757 309 125 758 317 126 759 308 126 760 313 126 761 316 127 762 310 127 763 308 127 764 318 36 765 313 36 766 309 36 767 327 128 768 324 128 769 326 128 770 327 30 771 329 30 772 330 30 773 320 0 774 321 0 775 325 0 776 326 129 777 328 129 778 329 129 779 331 32 780 327 32 781 330 32 782 322 33 783 330 33 784 321 33 785 329 130 786 320 130 787 325 130 788 328 35 789 322 35 790 320 35 791 330 36 792 325 36 793 321 36 794 311 131 795 306 131 796 303 131 797 317 132 798 324 132 799 314 132 800 315 4 801 324 4 802 323 4 803 323 133 804 318 133 805 315 133 806 303 4 807 312 4 808 311 4 809 339 134 810 336 134 811 338 134 812 332 0 813 333 0 814 337 0 815 338 135 816 340 135 817 341 135 818 343 124 819 339 124 820 342 124 821 334 136 822 342 136 823 333 136 824 341 137 825 332 137 826 337 137 827 340 21 828 334 21 829 332 21 830 342 138 831 337 138 832 333 138 833 351 134 834 348 134 835 350 134 836 344 0 837 345 0 838 349 0 839 350 139 840 352 139 841 353 139 842 355 140 843 351 140 844 354 140 845 346 141 846 354 141 847 345 141 848 353 142 849 344 142 850 349 142 851 352 21 852 346 21 853 344 21 854 354 143 855 349 143 856 345 143 857 363 122 858 360 122 859 362 122 860 356 0 861 357 0 862 361 0 863 362 144 864 364 144 865 365 144 866 367 145 867 363 145 868 366 145 869 358 146 870 366 146 871 357 146 872 365 147 873 356 147 874 361 147 875 364 46 876 358 46 877 356 46 878 366 22 879 361 22 880 357 22 881 375 122 882 372 122 883 374 122 884 368 0 885 369 0 886 373 0 887 374 148 888 376 148 889 377 148 890 379 140 891 375 140 892 378 140 893 370 149 894 378 149 895 369 149 896 377 150 897 368 150 898 373 150 899 376 151 900 370 151 901 368 151 902 378 152 903 373 152 904 369 152 905 387 153 906 384 153 907 386 153 908 380 0 909 381 0 910 385 0 911 386 144 912 388 144 913 389 144 914 391 140 915 387 140 916 390 140 917 382 149 918 390 149 919 381 149 920 389 147 921 380 147 922 385 147 923 388 154 924 382 154 925 380 154 926 390 143 927 385 143 928 381 143 929 399 155 930 396 155 931 398 155 932 396 156 933 403 156 934 400 156 935 392 157 936 393 157 937 397 157 938 398 158 939 400 158 940 401 158 941 403 159 942 399 159 943 402 159 944 394 160 945 402 160 946 393 160 947 401 161 948 392 161 949 397 161 950 400 162 951 394 162 952 392 162 953 402 163 954 397 163 955 393 163 956 411 164 957 408 164 958 410 164 959 404 0 960 405 0 961 409 0 962 410 165 963 412 165 964 413 165 965 415 166 966 411 166 967 414 166 968 406 167 969 414 167 970 405 167 971 413 168 972 404 168 973 409 168 974 412 169 975 406 169 976 404 169 977 414 76 978 409 76 979 405 76 980 423 170 981 420 170 982 422 170 983 423 78 984 425 78 985 426 78 986 416 0 987 417 0 988 421 0 989 422 171 990 424 171 991 425 171 992 427 80 993 423 80 994 426 80 995 418 81 996 426 81 997 417 81 998 425 172 999 416 172 1000 421 172 1001 424 173 1002 418 173 1003 416 173 1004 426 174 1005 421 174 1006 417 174 1007 413 175 1008 420 175 1009 410 175 1010 411 4 1011 420 4 1012 419 4 1013 407 176 1014 402 176 1015 399 176 1016 419 177 1017 414 177 1018 411 177 1019 435 178 1020 432 178 1021 434 178 1022 428 0 1023 429 0 1024 433 0 1025 434 179 1026 436 179 1027 437 179 1028 439 180 1029 435 180 1030 438 180 1031 430 181 1032 438 181 1033 429 181 1034 437 182 1035 428 182 1036 433 182 1037 436 169 1038 430 169 1039 428 169 1040 438 76 1041 433 76 1042 429 76 1043 447 183 1044 444 183 1045 446 183 1046 440 0 1047 441 0 1048 445 0 1049 446 184 1050 448 184 1051 449 184 1052 451 185 1053 447 185 1054 450 185 1055 442 186 1056 450 186 1057 441 186 1058 449 187 1059 440 187 1060 445 187 1061 448 188 1062 442 188 1063 440 188 1064 450 101 1065 445 101 1066 441 101 1067 459 183 1068 456 183 1069 458 183 1070 452 0 1071 453 0 1072 457 0 1073 458 189 1074 460 189 1075 461 189 1076 463 185 1077 459 185 1078 462 185 1079 454 186 1080 462 186 1081 453 186 1082 461 182 1083 452 182 1084 457 182 1085 460 190 1086 454 190 1087 452 190 1088 462 105 1089 457 105 1090 453 105 1091 471 164 1092 468 164 1093 470 164 1094 464 0 1095 465 0 1096 469 0 1097 470 189 1098 472 189 1099 473 189 1100 475 191 1101 471 191 1102 474 191 1103 466 192 1104 474 192 1105 465 192 1106 473 182 1107 464 182 1108 469 182 1109 472 193 1110 466 193 1111 464 193 1112 474 194 1113 469 194 1114 465 194 1115 483 195 1116 480 195 1117 482 195 1118 476 0 1119 477 0 1120 481 0 1121 482 196 1122 484 196 1123 485 196 1124 487 197 1125 483 197 1126 486 197 1127 478 198 1128 486 198 1129 477 198 1130 485 199 1131 476 199 1132 481 199 1133 484 200 1134 478 200 1135 476 200 1136 486 201 1137 481 201 1138 477 201 1139 491 4 1140 494 4 1141 495 4 1142 492 1 1143 499 1 1144 496 1 1145 490 0 1146 493 0 1147 488 0 1148 494 2 1149 496 2 1150 497 2 1151 499 5 1152 495 5 1153 498 5 1154 490 5 1155 498 5 1156 489 5 1157 497 2 1158 488 2 1159 493 2 1160 496 1 1161 490 1 1162 488 1 1163 498 3 1164 493 3 1165 489 3 1166 503 4 1167 506 4 1168 507 4 1169 502 0 1170 505 0 1171 500 0 1172 506 2 1173 508 2 1174 509 2 1175 511 5 1176 507 5 1177 510 5 1178 502 5 1179 510 5 1180 501 5 1181 509 2 1182 500 2 1183 505 2 1184 508 1 1185 502 1 1186 500 1 1187 510 3 1188 505 3 1189 501 3 1190 515 4 1191 518 4 1192 519 4 1193 519 3 1194 521 3 1195 522 3 1196 514 0 1197 517 0 1198 512 0 1199 518 2 1200 520 2 1201 521 2 1202 523 5 1203 519 5 1204 522 5 1205 514 5 1206 522 5 1207 513 5 1208 521 2 1209 512 2 1210 517 2 1211 520 1 1212 514 1 1213 512 1 1214 522 3 1215 517 3 1216 513 3 1217 515 5 1218 510 5 1219 507 5 1220 503 5 1221 498 5 1222 495 5 1223 506 4 1224 515 4 1225 507 4 1226 494 4 1227 503 4 1228 495 4 1229 531 4 1230 528 4 1231 530 4 1232 528 1 1233 535 1 1234 532 1 1235 524 0 1236 525 0 1237 529 0 1238 530 2 1239 532 2 1240 533 2 1241 535 5 1242 531 5 1243 534 5 1244 526 5 1245 534 5 1246 525 5 1247 533 2 1248 524 2 1249 529 2 1250 532 1 1251 526 1 1252 524 1 1253 534 3 1254 529 3 1255 525 3 1256 539 4 1257 542 4 1258 543 4 1259 538 0 1260 541 0 1261 536 0 1262 542 2 1263 544 2 1264 545 2 1265 547 5 1266 543 5 1267 546 5 1268 538 5 1269 546 5 1270 537 5 1271 545 2 1272 536 2 1273 541 2 1274 544 1 1275 538 1 1276 536 1 1277 546 3 1278 541 3 1279 537 3 1280 551 4 1281 554 4 1282 555 4 1283 555 3 1284 557 3 1285 558 3 1286 550 0 1287 553 0 1288 548 0 1289 554 2 1290 556 2 1291 557 2 1292 559 5 1293 555 5 1294 558 5 1295 550 5 1296 558 5 1297 549 5 1298 557 2 1299 548 2 1300 553 2 1301 556 1 1302 550 1 1303 548 1 1304 558 3 1305 553 3 1306 549 3 1307 551 5 1308 546 5 1309 543 5 1310 539 5 1311 534 5 1312 531 5 1313 563 4 1314 566 4 1315 567 4 1316 567 3 1317 565 3 1318 561 3 1319 564 1 1320 562 1 1321 560 1 1322 562 0 1323 565 0 1324 560 0 1325 566 2 1326 560 2 1327 565 2 1328 562 5 1329 567 5 1330 561 5 1331 570 1 1332 568 1 1333 571 1 1334 568 1 1335 572 1 1336 571 1 1337 568 2 1338 573 2 1339 572 2 1340 573 2 1341 574 2 1342 572 2 1343 573 202 1344 569 202 1345 574 202 1346 574 203 1347 575 203 1348 572 203 1349 569 204 1350 575 204 1351 574 204 1352 575 4 1353 571 4 1354 572 4 1355 570 5 1356 571 5 1357 575 5 1358 569 5 1359 570 5 1360 575 5 1361 568 205 1362 569 205 1363 573 205 1364 599 4 1365 582 4 1366 598 4 1367 598 3 1368 581 3 1369 597 3 1370 599 1 1371 578 1 1372 596 1 1373 578 0 1374 597 0 1375 596 0 1376 582 2 1377 576 2 1378 581 2 1379 578 5 1380 583 5 1381 577 5 1382 595 4 1383 590 4 1384 594 4 1385 594 3 1386 589 3 1387 593 3 1388 595 1 1389 586 1 1390 592 1 1391 586 0 1392 593 0 1393 592 0 1394 590 2 1395 584 2 1396 589 2 1397 586 5 1398 591 5 1399 585 5 1400 592 0 1401 589 0 1402 584 0 1403 588 1 1404 592 1 1405 584 1 1406 591 3 1407 593 3 1408 585 3 1409 587 4 1410 594 4 1411 591 4 1412 596 0 1413 581 0 1414 576 0 1415 580 1 1416 596 1 1417 576 1 1418 583 3 1419 597 3 1420 577 3 1421 579 4 1422 598 4 1423 583 4 1424 603 4 1425 606 4 1426 607 4 1427 607 3 1428 605 3 1429 601 3 1430 604 1 1431 602 1 1432 600 1 1433 602 0 1434 605 0 1435 600 0 1436 606 2 1437 600 2 1438 605 2 1439 602 5 1440 607 5 1441 601 5 1442 611 4 1443 614 4 1444 615 4 1445 615 3 1446 613 3 1447 609 3 1448 612 1 1449 610 1 1450 608 1 1451 610 0 1452 613 0 1453 608 0 1454 614 2 1455 608 2 1456 613 2 1457 610 5 1458 615 5 1459 609 5 1460 623 4 1461 620 4 1462 622 4 1463 623 3 1464 621 3 1465 617 3 1466 620 1 1467 618 1 1468 616 1 1469 616 0 1470 617 0 1471 621 0 1472 622 2 1473 616 2 1474 621 2 1475 618 206 1476 623 206 1477 617 206 1478 627 4 1479 630 4 1480 631 4 1481 631 3 1482 629 3 1483 625 3 1484 628 1 1485 626 1 1486 624 1 1487 626 0 1488 629 0 1489 624 0 1490 630 2 1491 624 2 1492 629 2 1493 626 5 1494 631 5 1495 625 5 1496 635 4 1497 638 4 1498 639 4 1499 639 3 1500 637 3 1501 633 3 1502 636 1 1503 634 1 1504 632 1 1505 634 0 1506 637 0 1507 632 0 1508 638 2 1509 632 2 1510 637 2 1511 634 5 1512 639 5 1513 633 5 1514 643 4 1515 646 4 1516 647 4 1517 647 3 1518 645 3 1519 641 3 1520 644 1 1521 642 1 1522 640 1 1523 642 0 1524 645 0 1525 640 0 1526 646 2 1527 640 2 1528 645 2 1529 642 5 1530 647 5 1531 641 5 1532 651 4 1533 654 4 1534 655 4 1535 655 3 1536 653 3 1537 649 3 1538 652 1 1539 650 1 1540 648 1 1541 650 0 1542 653 0 1543 648 0 1544 654 2 1545 648 2 1546 653 2 1547 650 5 1548 655 5 1549 649 5 1550 659 4 1551 662 4 1552 663 4 1553 663 3 1554 661 3 1555 657 3 1556 660 1 1557 658 1 1558 656 1 1559 658 0 1560 661 0 1561 656 0 1562 662 2 1563 656 2 1564 661 2 1565 658 5 1566 663 5 1567 657 5 1568 667 4 1569 670 4 1570 671 4 1571 671 3 1572 669 3 1573 665 3 1574 668 1 1575 666 1 1576 664 1 1577 666 0 1578 669 0 1579 664 0 1580 670 2 1581 664 2 1582 669 2 1583 666 5 1584 671 5 1585 665 5 1586 675 4 1587 678 4 1588 679 4 1589 679 3 1590 677 3 1591 673 3 1592 676 1 1593 674 1 1594 672 1 1595 674 0 1596 677 0 1597 672 0 1598 678 2 1599 672 2 1600 677 2 1601 674 5 1602 679 5 1603 673 5 1604 683 4 1605 686 4 1606 687 4 1607 687 3 1608 685 3 1609 681 3 1610 684 1 1611 682 1 1612 680 1 1613 682 0 1614 685 0 1615 680 0 1616 686 2 1617 680 2 1618 685 2 1619 682 5 1620 687 5 1621 681 5 1622 691 4 1623 694 4 1624 695 4 1625 695 3 1626 693 3 1627 689 3 1628 692 1 1629 690 1 1630 688 1 1631 690 0 1632 693 0 1633 688 0 1634 694 2 1635 688 2 1636 693 2 1637 690 5 1638 695 5 1639 689 5 1640 699 4 1641 702 4 1642 703 4 1643 703 3 1644 701 3 1645 697 3 1646 700 1 1647 698 1 1648 696 1 1649 698 0 1650 701 0 1651 696 0 1652 702 2 1653 696 2 1654 701 2 1655 698 5 1656 703 5 1657 697 5 1658 707 4 1659 710 4 1660 711 4 1661 711 3 1662 709 3 1663 705 3 1664 708 1 1665 706 1 1666 704 1 1667 706 0 1668 709 0 1669 704 0 1670 710 2 1671 704 2 1672 709 2 1673 706 5 1674 711 5 1675 705 5 1676 715 4 1677 718 4 1678 719 4 1679 719 3 1680 717 3 1681 713 3 1682 716 1 1683 714 1 1684 712 1 1685 714 0 1686 717 0 1687 712 0 1688 718 2 1689 712 2 1690 717 2 1691 714 5 1692 719 5 1693 713 5 1694 723 4 1695 726 4 1696 727 4 1697 727 3 1698 725 3 1699 721 3 1700 724 1 1701 722 1 1702 720 1 1703 722 0 1704 725 0 1705 720 0 1706 726 2 1707 720 2 1708 725 2 1709 722 5 1710 727 5 1711 721 5 1712 731 4 1713 734 4 1714 735 4 1715 735 3 1716 733 3 1717 729 3 1718 732 1 1719 730 1 1720 728 1 1721 730 0 1722 733 0 1723 728 0 1724 734 2 1725 728 2 1726 733 2 1727 730 5 1728 735 5 1729 729 5 1730 739 4 1731 742 4 1732 743 4 1733 743 3 1734 741 3 1735 737 3 1736 740 1 1737 738 1 1738 736 1 1739 738 0 1740 741 0 1741 736 0 1742 742 2 1743 736 2 1744 741 2 1745 738 5 1746 743 5 1747 737 5 1748 747 4 1749 750 4 1750 751 4 1751 751 3 1752 749 3 1753 745 3 1754 748 1 1755 746 1 1756 744 1 1757 746 0 1758 749 0 1759 744 0 1760 750 2 1761 744 2 1762 749 2 1763 746 5 1764 751 5 1765 745 5 1766 755 4 1767 758 4 1768 759 4 1769 759 3 1770 757 3 1771 753 3 1772 756 1 1773 754 1 1774 752 1 1775 754 0 1776 757 0 1777 752 0 1778 758 2 1779 752 2 1780 757 2 1781 754 5 1782 759 5 1783 753 5 1784 763 4 1785 766 4 1786 767 4 1787 767 3 1788 765 3 1789 761 3 1790 764 1 1791 762 1 1792 760 1 1793 762 0 1794 765 0 1795 760 0 1796 766 2 1797 760 2 1798 765 2 1799 762 5 1800 767 5 1801 761 5 1802 771 4 1803 774 4 1804 775 4 1805 775 3 1806 773 3 1807 769 3 1808 772 1 1809 770 1 1810 768 1 1811 770 0 1812 773 0 1813 768 0 1814 774 2 1815 768 2 1816 773 2 1817 770 5 1818 775 5 1819 769 5 1820 781 0 1821 776 0 1822 777 0 1823 776 0 1824 778 0 1825 777 0 1826 778 1 1827 776 1 1828 779 1 1829 776 1 1830 780 1 1831 779 1 1832 776 2 1833 781 2 1834 780 2 1835 781 2 1836 782 2 1837 780 2 1838 781 3 1839 777 3 1840 782 3 1841 782 4 1842 783 4 1843 780 4 1844 777 3 1845 783 3 1846 782 3 1847 783 4 1848 779 4 1849 780 4 1850 778 5 1851 779 5 1852 783 5 1853 777 5 1854 778 5 1855 783 5 1856 11 4 1857 12 4 1858 14 4 1859 15 3 1860 14 3 1861 13 3 1862 12 1 1863 11 1 1864 10 1 1865 10 0 1866 9 0 1867 13 0 1868 14 2 1869 12 2 1870 8 2 1871 10 5 1872 11 5 1873 15 5 1874 19 4 1875 20 4 1876 22 4 1877 20 1 1878 19 1 1879 27 1 1880 18 0 1881 17 0 1882 21 0 1883 22 2 1884 20 2 1885 24 2 1886 27 5 1887 19 5 1888 23 5 1889 18 5 1890 27 5 1891 26 5 1892 25 2 1893 24 2 1894 16 2 1895 24 1 1896 27 1 1897 18 1 1898 26 3 1899 25 3 1900 21 3 1901 31 4 1902 32 4 1903 34 4 1904 30 0 1905 29 0 1906 33 0 1907 34 2 1908 32 2 1909 36 2 1910 39 5 1911 31 5 1912 35 5 1913 30 5 1914 39 5 1915 38 5 1916 37 2 1917 36 2 1918 28 2 1919 36 1 1920 39 1 1921 30 1 1922 38 3 1923 37 3 1924 33 3 1925 43 4 1926 44 4 1927 46 4 1928 47 3 1929 46 3 1930 49 3 1931 42 0 1932 41 0 1933 45 0 1934 46 2 1935 44 2 1936 48 2 1937 51 5 1938 43 5 1939 47 5 1940 42 5 1941 51 5 1942 50 5 1943 49 2 1944 48 2 1945 40 2 1946 48 1 1947 51 1 1948 42 1 1949 50 3 1950 49 3 1951 45 3 1952 22 4 1953 32 4 1954 31 4 1955 25 2 1956 36 2 1957 32 2 1958 37 2 1959 48 2 1960 44 2 1961 34 4 1962 44 4 1963 43 4 1964 71 4 1965 72 4 1966 74 4 1967 72 1 1968 71 1 1969 79 1 1970 70 0 1971 69 0 1972 73 0 1973 74 2 1974 72 2 1975 76 2 1976 79 5 1977 71 5 1978 75 5 1979 70 5 1980 79 5 1981 78 5 1982 77 2 1983 76 2 1984 68 2 1985 76 1 1986 79 1 1987 70 1 1988 78 3 1989 77 3 1990 73 3 1991 83 4 1992 84 4 1993 86 4 1994 82 0 1995 81 0 1996 85 0 1997 86 2 1998 84 2 1999 88 2 2000 91 5 2001 83 5 2002 87 5 2003 82 5 2004 91 5 2005 90 5 2006 89 2 2007 88 2 2008 80 2 2009 88 1 2010 91 1 2011 82 1 2012 90 3 2013 89 3 2014 85 3 2015 95 4 2016 96 4 2017 98 4 2018 99 3 2019 98 3 2020 101 3 2021 94 0 2022 93 0 2023 97 0 2024 98 2 2025 96 2 2026 100 2 2027 103 5 2028 95 5 2029 99 5 2030 94 5 2031 103 5 2032 102 5 2033 101 2 2034 100 2 2035 92 2 2036 100 1 2037 103 1 2038 94 1 2039 102 3 2040 101 3 2041 97 3 2042 77 2 2043 88 2 2044 84 2 2045 89 2 2046 100 2 2047 96 2 2048 111 4 2049 107 4 2050 108 4 2051 108 207 2052 107 207 2053 115 207 2054 104 208 2055 106 208 2056 105 208 2057 110 209 2058 108 209 2059 112 209 2060 115 18 2061 107 18 2062 111 18 2063 106 210 2064 115 210 2065 114 210 2066 113 211 2067 112 211 2068 104 211 2069 112 212 2070 115 212 2071 106 212 2072 114 213 2073 113 213 2074 109 213 2075 123 214 2076 119 214 2077 120 214 2078 116 215 2079 118 215 2080 117 215 2081 122 216 2082 120 216 2083 124 216 2084 127 217 2085 119 217 2086 123 217 2087 118 218 2088 127 218 2089 126 218 2090 125 219 2091 124 219 2092 116 219 2093 124 21 2094 127 21 2095 118 21 2096 126 220 2097 125 220 2098 121 220 2099 135 4 2100 131 4 2101 132 4 2102 135 221 2103 134 221 2104 137 221 2105 128 222 2106 130 222 2107 129 222 2108 134 223 2109 132 223 2110 136 223 2111 139 224 2112 131 224 2113 135 224 2114 130 225 2115 139 225 2116 138 225 2117 137 226 2118 136 226 2119 128 226 2120 136 35 2121 139 35 2122 130 35 2123 138 227 2124 137 227 2125 133 227 2126 111 228 2127 110 228 2128 120 228 2129 113 229 2130 124 229 2131 120 229 2132 125 230 2133 136 230 2134 132 230 2135 123 231 2136 122 231 2137 132 231 2138 147 232 2139 143 232 2140 144 232 2141 140 215 2142 142 215 2143 141 215 2144 146 216 2145 144 216 2146 148 216 2147 151 233 2148 143 233 2149 147 233 2150 142 218 2151 151 218 2152 150 218 2153 149 26 2154 148 26 2155 140 26 2156 148 234 2157 151 234 2158 142 234 2159 150 220 2160 149 220 2161 145 220 2162 159 4 2163 155 4 2164 156 4 2165 152 235 2166 154 235 2167 153 235 2168 158 236 2169 156 236 2170 160 236 2171 163 50 2172 155 50 2173 159 50 2174 154 237 2175 163 237 2176 162 237 2177 161 238 2178 160 238 2179 152 238 2180 160 239 2181 163 239 2182 154 239 2183 162 240 2184 161 240 2185 157 240 2186 171 4 2187 167 4 2188 168 4 2189 164 235 2190 166 235 2191 165 235 2192 170 216 2193 168 216 2194 172 216 2195 175 241 2196 167 241 2197 171 241 2198 166 237 2199 175 237 2200 174 237 2201 173 57 2202 172 57 2203 164 57 2204 172 242 2205 175 242 2206 166 242 2207 174 243 2208 173 243 2209 169 243 2210 183 244 2211 179 244 2212 180 244 2213 176 215 2214 178 215 2215 177 215 2216 182 54 2217 180 54 2218 184 54 2219 187 245 2220 179 245 2221 183 245 2222 178 246 2223 187 246 2224 186 246 2225 185 52 2226 184 52 2227 176 52 2228 184 21 2229 187 21 2230 178 21 2231 186 247 2232 185 247 2233 181 247 2234 195 244 2235 191 244 2236 192 244 2237 188 215 2238 190 215 2239 189 215 2240 194 236 2241 192 236 2242 196 236 2243 199 245 2244 191 245 2245 195 245 2246 190 248 2247 199 248 2248 198 248 2249 197 238 2250 196 238 2251 188 238 2252 196 58 2253 199 58 2254 190 58 2255 198 240 2256 197 240 2257 193 240 2258 207 249 2259 203 249 2260 204 249 2261 204 250 2262 203 250 2263 211 250 2264 200 251 2265 202 251 2266 201 251 2267 206 252 2268 204 252 2269 208 252 2270 211 253 2271 203 253 2272 207 253 2273 202 254 2274 211 254 2275 210 254 2276 209 255 2277 208 255 2278 200 255 2279 208 256 2280 211 256 2281 202 256 2282 210 257 2283 209 257 2284 205 257 2285 219 4 2286 215 4 2287 216 4 2288 212 258 2289 214 258 2290 213 258 2291 218 103 2292 216 103 2293 220 103 2294 223 72 2295 215 72 2296 219 72 2297 214 72 2298 223 72 2299 222 72 2300 221 259 2301 220 259 2302 212 259 2303 220 75 2304 223 75 2305 214 75 2306 222 260 2307 221 260 2308 217 260 2309 231 4 2310 227 4 2311 228 4 2312 231 261 2313 230 261 2314 233 261 2315 224 262 2316 226 262 2317 225 262 2318 230 263 2319 228 263 2320 232 263 2321 235 264 2322 227 264 2323 231 264 2324 226 265 2325 235 265 2326 234 265 2327 233 266 2328 232 266 2329 224 266 2330 232 83 2331 235 83 2332 226 83 2333 234 267 2334 233 267 2335 229 267 2336 209 268 2337 220 268 2338 216 268 2339 221 269 2340 232 269 2341 228 269 2342 219 270 2343 218 270 2344 228 270 2345 243 4 2346 239 4 2347 240 4 2348 236 271 2349 238 271 2350 237 271 2351 242 89 2352 240 89 2353 244 89 2354 247 272 2355 239 272 2356 243 272 2357 238 273 2358 247 273 2359 246 273 2360 245 274 2361 244 274 2362 236 274 2363 244 275 2364 247 275 2365 238 275 2366 246 276 2367 245 276 2368 241 276 2369 255 4 2370 251 4 2371 252 4 2372 248 277 2373 250 277 2374 249 277 2375 254 96 2376 252 96 2377 256 96 2378 259 97 2379 251 97 2380 255 97 2381 250 278 2382 259 278 2383 258 278 2384 257 279 2385 256 279 2386 248 279 2387 256 100 2388 259 100 2389 250 100 2390 258 280 2391 257 280 2392 253 280 2393 267 4 2394 263 4 2395 264 4 2396 260 258 2397 262 258 2398 261 258 2399 266 281 2400 264 281 2401 268 281 2402 271 97 2403 263 97 2404 267 97 2405 262 278 2406 271 278 2407 270 278 2408 269 282 2409 268 282 2410 260 282 2411 268 100 2412 271 100 2413 262 100 2414 270 283 2415 269 283 2416 265 283 2417 279 4 2418 275 4 2419 276 4 2420 272 271 2421 274 271 2422 273 271 2423 278 284 2424 276 284 2425 280 284 2426 283 285 2427 275 285 2428 279 285 2429 274 286 2430 283 286 2431 282 286 2432 281 287 2433 280 287 2434 272 287 2435 280 288 2436 283 288 2437 274 288 2438 282 289 2439 281 289 2440 277 289 2441 291 4 2442 287 4 2443 288 4 2444 284 290 2445 286 290 2446 285 290 2447 290 291 2448 288 291 2449 292 291 2450 295 292 2451 287 292 2452 291 292 2453 286 293 2454 295 293 2455 294 293 2456 293 294 2457 292 294 2458 284 294 2459 292 111 2460 295 111 2461 286 111 2462 294 295 2463 293 295 2464 289 295 2465 303 4 2466 299 4 2467 300 4 2468 300 207 2469 299 207 2470 307 207 2471 296 296 2472 298 296 2473 297 296 2474 302 209 2475 300 209 2476 304 209 2477 307 18 2478 299 18 2479 303 18 2480 298 210 2481 307 210 2482 306 210 2483 305 211 2484 304 211 2485 296 211 2486 304 212 2487 307 212 2488 298 212 2489 306 213 2490 305 213 2491 301 213 2492 315 297 2493 311 297 2494 312 297 2495 308 298 2496 310 298 2497 309 298 2498 314 299 2499 312 299 2500 316 299 2501 319 300 2502 311 300 2503 315 300 2504 310 301 2505 319 301 2506 318 301 2507 317 302 2508 316 302 2509 308 302 2510 316 242 2511 319 242 2512 310 242 2513 318 303 2514 317 303 2515 313 303 2516 327 4 2517 323 4 2518 324 4 2519 327 221 2520 326 221 2521 329 221 2522 320 304 2523 322 304 2524 321 304 2525 326 305 2526 324 305 2527 328 305 2528 331 224 2529 323 224 2530 327 224 2531 322 225 2532 331 225 2533 330 225 2534 329 306 2535 328 306 2536 320 306 2537 328 307 2538 331 307 2539 322 307 2540 330 227 2541 329 227 2542 325 227 2543 311 131 2544 319 131 2545 306 131 2546 317 132 2547 328 132 2548 324 132 2549 315 308 2550 314 308 2551 324 308 2552 323 309 2553 331 309 2554 318 309 2555 303 310 2556 302 310 2557 312 310 2558 339 4 2559 335 4 2560 336 4 2561 332 311 2562 334 311 2563 333 311 2564 338 312 2565 336 312 2566 340 312 2567 343 124 2568 335 124 2569 339 124 2570 334 301 2571 343 301 2572 342 301 2573 341 313 2574 340 313 2575 332 313 2576 340 234 2577 343 234 2578 334 234 2579 342 303 2580 341 303 2581 337 303 2582 351 4 2583 347 4 2584 348 4 2585 344 314 2586 346 314 2587 345 314 2588 350 313 2589 348 313 2590 352 313 2591 355 145 2592 347 145 2593 351 145 2594 346 315 2595 355 315 2596 354 315 2597 353 316 2598 352 316 2599 344 316 2600 352 60 2601 355 60 2602 346 60 2603 354 143 2604 353 143 2605 349 143 2606 363 297 2607 359 297 2608 360 297 2609 356 298 2610 358 298 2611 357 298 2612 362 299 2613 360 299 2614 364 299 2615 367 317 2616 359 317 2617 363 317 2618 358 315 2619 367 315 2620 366 315 2621 365 150 2622 364 150 2623 356 150 2624 364 242 2625 367 242 2626 358 242 2627 366 36 2628 365 36 2629 361 36 2630 375 318 2631 371 318 2632 372 318 2633 368 319 2634 370 319 2635 369 319 2636 374 320 2637 372 320 2638 376 320 2639 379 145 2640 371 145 2641 375 145 2642 370 321 2643 379 321 2644 378 321 2645 377 147 2646 376 147 2647 368 147 2648 376 242 2649 379 242 2650 370 242 2651 378 152 2652 377 152 2653 373 152 2654 387 318 2655 383 318 2656 384 318 2657 380 319 2658 382 319 2659 381 319 2660 386 322 2661 384 322 2662 388 322 2663 391 145 2664 383 145 2665 387 145 2666 382 323 2667 391 323 2668 390 323 2669 389 324 2670 388 324 2671 380 324 2672 388 325 2673 391 325 2674 382 325 2675 390 143 2676 389 143 2677 385 143 2678 399 326 2679 395 326 2680 396 326 2681 396 327 2682 395 327 2683 403 327 2684 392 328 2685 394 328 2686 393 328 2687 398 329 2688 396 329 2689 400 329 2690 403 330 2691 395 330 2692 399 330 2693 394 331 2694 403 331 2695 402 331 2696 401 332 2697 400 332 2698 392 332 2699 400 333 2700 403 333 2701 394 333 2702 402 257 2703 401 257 2704 397 257 2705 411 4 2706 407 4 2707 408 4 2708 404 334 2709 406 334 2710 405 334 2711 410 189 2712 408 189 2713 412 189 2714 415 335 2715 407 335 2716 411 335 2717 406 336 2718 415 336 2719 414 336 2720 413 337 2721 412 337 2722 404 337 2723 412 338 2724 415 338 2725 406 338 2726 414 339 2727 413 339 2728 409 339 2729 423 4 2730 419 4 2731 420 4 2732 423 261 2733 422 261 2734 425 261 2735 416 340 2736 418 340 2737 417 340 2738 422 341 2739 420 341 2740 424 341 2741 427 264 2742 419 264 2743 423 264 2744 418 265 2745 427 265 2746 426 265 2747 425 342 2748 424 342 2749 416 342 2750 424 162 2751 427 162 2752 418 162 2753 426 267 2754 425 267 2755 421 267 2756 413 343 2757 424 343 2758 420 343 2759 411 344 2760 410 344 2761 420 344 2762 407 345 2763 415 345 2764 402 345 2765 419 346 2766 427 346 2767 414 346 2768 435 4 2769 431 4 2770 432 4 2771 428 334 2772 430 334 2773 429 334 2774 434 179 2775 432 179 2776 436 179 2777 439 347 2778 431 347 2779 435 347 2780 430 348 2781 439 348 2782 438 348 2783 437 349 2784 436 349 2785 428 349 2786 436 350 2787 439 350 2788 430 350 2789 438 351 2790 437 351 2791 433 351 2792 447 4 2793 443 4 2794 444 4 2795 440 334 2796 442 334 2797 441 334 2798 446 184 2799 444 184 2800 448 184 2801 451 352 2802 443 352 2803 447 352 2804 442 353 2805 451 353 2806 450 353 2807 449 354 2808 448 354 2809 440 354 2810 448 355 2811 451 355 2812 442 355 2813 450 356 2814 449 356 2815 445 356 2816 459 4 2817 455 4 2818 456 4 2819 452 334 2820 454 334 2821 453 334 2822 458 357 2823 456 357 2824 460 357 2825 463 352 2826 455 352 2827 459 352 2828 454 353 2829 463 353 2830 462 353 2831 461 358 2832 460 358 2833 452 358 2834 460 355 2835 463 355 2836 454 355 2837 462 359 2838 461 359 2839 457 359 2840 471 4 2841 467 4 2842 468 4 2843 464 334 2844 466 334 2845 465 334 2846 470 189 2847 468 189 2848 472 189 2849 475 335 2850 467 335 2851 471 335 2852 466 360 2853 475 360 2854 474 360 2855 473 361 2856 472 361 2857 464 361 2858 472 355 2859 475 355 2860 466 355 2861 474 362 2862 473 362 2863 469 362 2864 483 4 2865 479 4 2866 480 4 2867 476 363 2868 478 363 2869 477 363 2870 482 364 2871 480 364 2872 484 364 2873 487 365 2874 479 365 2875 483 365 2876 478 366 2877 487 366 2878 486 366 2879 485 367 2880 484 367 2881 476 367 2882 484 368 2883 487 368 2884 478 368 2885 486 359 2886 485 359 2887 481 359 2888 491 4 2889 492 4 2890 494 4 2891 492 1 2892 491 1 2893 499 1 2894 490 0 2895 489 0 2896 493 0 2897 494 2 2898 492 2 2899 496 2 2900 499 5 2901 491 5 2902 495 5 2903 490 5 2904 499 5 2905 498 5 2906 497 2 2907 496 2 2908 488 2 2909 496 1 2910 499 1 2911 490 1 2912 498 3 2913 497 3 2914 493 3 2915 503 4 2916 504 4 2917 506 4 2918 502 0 2919 501 0 2920 505 0 2921 506 2 2922 504 2 2923 508 2 2924 511 5 2925 503 5 2926 507 5 2927 502 5 2928 511 5 2929 510 5 2930 509 2 2931 508 2 2932 500 2 2933 508 1 2934 511 1 2935 502 1 2936 510 3 2937 509 3 2938 505 3 2939 515 4 2940 516 4 2941 518 4 2942 519 3 2943 518 3 2944 521 3 2945 514 0 2946 513 0 2947 517 0 2948 518 2 2949 516 2 2950 520 2 2951 523 5 2952 515 5 2953 519 5 2954 514 5 2955 523 5 2956 522 5 2957 521 2 2958 520 2 2959 512 2 2960 520 1 2961 523 1 2962 514 1 2963 522 3 2964 521 3 2965 517 3 2966 515 5 2967 523 5 2968 510 5 2969 503 5 2970 511 5 2971 498 5 2972 506 4 2973 516 4 2974 515 4 2975 494 4 2976 504 4 2977 503 4 2978 531 4 2979 527 4 2980 528 4 2981 528 1 2982 527 1 2983 535 1 2984 524 0 2985 526 0 2986 525 0 2987 530 2 2988 528 2 2989 532 2 2990 535 5 2991 527 5 2992 531 5 2993 526 5 2994 535 5 2995 534 5 2996 533 2 2997 532 2 2998 524 2 2999 532 1 3000 535 1 3001 526 1 3002 534 3 3003 533 3 3004 529 3 3005 539 4 3006 540 4 3007 542 4 3008 538 0 3009 537 0 3010 541 0 3011 542 2 3012 540 2 3013 544 2 3014 547 5 3015 539 5 3016 543 5 3017 538 5 3018 547 5 3019 546 5 3020 545 2 3021 544 2 3022 536 2 3023 544 1 3024 547 1 3025 538 1 3026 546 3 3027 545 3 3028 541 3 3029 551 4 3030 552 4 3031 554 4 3032 555 3 3033 554 3 3034 557 3 3035 550 0 3036 549 0 3037 553 0 3038 554 2 3039 552 2 3040 556 2 3041 559 5 3042 551 5 3043 555 5 3044 550 5 3045 559 5 3046 558 5 3047 557 2 3048 556 2 3049 548 2 3050 556 1 3051 559 1 3052 550 1 3053 558 3 3054 557 3 3055 553 3 3056 551 5 3057 559 5 3058 546 5 3059 539 5 3060 547 5 3061 534 5 3062 563 4 3063 564 4 3064 566 4 3065 567 3 3066 566 3 3067 565 3 3068 564 1 3069 563 1 3070 562 1 3071 562 0 3072 561 0 3073 565 0 3074 566 2 3075 564 2 3076 560 2 3077 562 5 3078 563 5 3079 567 5 3080 568 0 3081 570 0 3082 569 0 3083 599 4 3084 580 4 3085 582 4 3086 598 3 3087 582 3 3088 581 3 3089 599 1 3090 579 1 3091 578 1 3092 578 0 3093 577 0 3094 597 0 3095 582 2 3096 580 2 3097 576 2 3098 578 5 3099 579 5 3100 583 5 3101 595 4 3102 588 4 3103 590 4 3104 594 3 3105 590 3 3106 589 3 3107 595 1 3108 587 1 3109 586 1 3110 586 0 3111 585 0 3112 593 0 3113 590 2 3114 588 2 3115 584 2 3116 586 5 3117 587 5 3118 591 5 3119 592 0 3120 593 0 3121 589 0 3122 588 1 3123 595 1 3124 592 1 3125 591 3 3126 594 3 3127 593 3 3128 587 4 3129 595 4 3130 594 4 3131 596 0 3132 597 0 3133 581 0 3134 580 1 3135 599 1 3136 596 1 3137 583 3 3138 598 3 3139 597 3 3140 579 4 3141 599 4 3142 598 4 3143 603 4 3144 604 4 3145 606 4 3146 607 3 3147 606 3 3148 605 3 3149 604 1 3150 603 1 3151 602 1 3152 602 0 3153 601 0 3154 605 0 3155 606 2 3156 604 2 3157 600 2 3158 602 5 3159 603 5 3160 607 5 3161 611 4 3162 612 4 3163 614 4 3164 615 3 3165 614 3 3166 613 3 3167 612 1 3168 611 1 3169 610 1 3170 610 0 3171 609 0 3172 613 0 3173 614 2 3174 612 2 3175 608 2 3176 610 5 3177 611 5 3178 615 5 3179 623 4 3180 619 4 3181 620 4 3182 623 3 3183 622 3 3184 621 3 3185 620 1 3186 619 1 3187 618 1 3188 616 0 3189 618 0 3190 617 0 3191 622 2 3192 620 2 3193 616 2 3194 618 369 3195 619 369 3196 623 369 3197 627 4 3198 628 4 3199 630 4 3200 631 3 3201 630 3 3202 629 3 3203 628 1 3204 627 1 3205 626 1 3206 626 0 3207 625 0 3208 629 0 3209 630 2 3210 628 2 3211 624 2 3212 626 5 3213 627 5 3214 631 5 3215 635 4 3216 636 4 3217 638 4 3218 639 3 3219 638 3 3220 637 3 3221 636 1 3222 635 1 3223 634 1 3224 634 0 3225 633 0 3226 637 0 3227 638 2 3228 636 2 3229 632 2 3230 634 5 3231 635 5 3232 639 5 3233 643 4 3234 644 4 3235 646 4 3236 647 3 3237 646 3 3238 645 3 3239 644 1 3240 643 1 3241 642 1 3242 642 0 3243 641 0 3244 645 0 3245 646 2 3246 644 2 3247 640 2 3248 642 5 3249 643 5 3250 647 5 3251 651 4 3252 652 4 3253 654 4 3254 655 3 3255 654 3 3256 653 3 3257 652 1 3258 651 1 3259 650 1 3260 650 0 3261 649 0 3262 653 0 3263 654 2 3264 652 2 3265 648 2 3266 650 5 3267 651 5 3268 655 5 3269 659 4 3270 660 4 3271 662 4 3272 663 3 3273 662 3 3274 661 3 3275 660 1 3276 659 1 3277 658 1 3278 658 0 3279 657 0 3280 661 0 3281 662 2 3282 660 2 3283 656 2 3284 658 5 3285 659 5 3286 663 5 3287 667 4 3288 668 4 3289 670 4 3290 671 3 3291 670 3 3292 669 3 3293 668 1 3294 667 1 3295 666 1 3296 666 0 3297 665 0 3298 669 0 3299 670 2 3300 668 2 3301 664 2 3302 666 5 3303 667 5 3304 671 5 3305 675 4 3306 676 4 3307 678 4 3308 679 3 3309 678 3 3310 677 3 3311 676 1 3312 675 1 3313 674 1 3314 674 0 3315 673 0 3316 677 0 3317 678 2 3318 676 2 3319 672 2 3320 674 5 3321 675 5 3322 679 5 3323 683 4 3324 684 4 3325 686 4 3326 687 3 3327 686 3 3328 685 3 3329 684 1 3330 683 1 3331 682 1 3332 682 0 3333 681 0 3334 685 0 3335 686 2 3336 684 2 3337 680 2 3338 682 5 3339 683 5 3340 687 5 3341 691 4 3342 692 4 3343 694 4 3344 695 3 3345 694 3 3346 693 3 3347 692 1 3348 691 1 3349 690 1 3350 690 0 3351 689 0 3352 693 0 3353 694 2 3354 692 2 3355 688 2 3356 690 5 3357 691 5 3358 695 5 3359 699 4 3360 700 4 3361 702 4 3362 703 3 3363 702 3 3364 701 3 3365 700 1 3366 699 1 3367 698 1 3368 698 0 3369 697 0 3370 701 0 3371 702 2 3372 700 2 3373 696 2 3374 698 5 3375 699 5 3376 703 5 3377 707 4 3378 708 4 3379 710 4 3380 711 3 3381 710 3 3382 709 3 3383 708 1 3384 707 1 3385 706 1 3386 706 0 3387 705 0 3388 709 0 3389 710 2 3390 708 2 3391 704 2 3392 706 5 3393 707 5 3394 711 5 3395 715 4 3396 716 4 3397 718 4 3398 719 3 3399 718 3 3400 717 3 3401 716 1 3402 715 1 3403 714 1 3404 714 0 3405 713 0 3406 717 0 3407 718 2 3408 716 2 3409 712 2 3410 714 5 3411 715 5 3412 719 5 3413 723 4 3414 724 4 3415 726 4 3416 727 3 3417 726 3 3418 725 3 3419 724 1 3420 723 1 3421 722 1 3422 722 0 3423 721 0 3424 725 0 3425 726 2 3426 724 2 3427 720 2 3428 722 5 3429 723 5 3430 727 5 3431 731 4 3432 732 4 3433 734 4 3434 735 3 3435 734 3 3436 733 3 3437 732 1 3438 731 1 3439 730 1 3440 730 0 3441 729 0 3442 733 0 3443 734 2 3444 732 2 3445 728 2 3446 730 5 3447 731 5 3448 735 5 3449 739 4 3450 740 4 3451 742 4 3452 743 3 3453 742 3 3454 741 3 3455 740 1 3456 739 1 3457 738 1 3458 738 0 3459 737 0 3460 741 0 3461 742 2 3462 740 2 3463 736 2 3464 738 5 3465 739 5 3466 743 5 3467 747 4 3468 748 4 3469 750 4 3470 751 3 3471 750 3 3472 749 3 3473 748 1 3474 747 1 3475 746 1 3476 746 0 3477 745 0 3478 749 0 3479 750 2 3480 748 2 3481 744 2 3482 746 5 3483 747 5 3484 751 5 3485 755 4 3486 756 4 3487 758 4 3488 759 3 3489 758 3 3490 757 3 3491 756 1 3492 755 1 3493 754 1 3494 754 0 3495 753 0 3496 757 0 3497 758 2 3498 756 2 3499 752 2 3500 754 5 3501 755 5 3502 759 5 3503 763 4 3504 764 4 3505 766 4 3506 767 3 3507 766 3 3508 765 3 3509 764 1 3510 763 1 3511 762 1 3512 762 0 3513 761 0 3514 765 0 3515 766 2 3516 764 2 3517 760 2 3518 762 5 3519 763 5 3520 767 5 3521 771 4 3522 772 4 3523 774 4 3524 775 3 3525 774 3 3526 773 3 3527 772 1 3528 771 1 3529 770 1 3530 770 0 3531 769 0 3532 773 0 3533 774 2 3534 772 2 3535 768 2 3536 770 5 3537 771 5 3538 775 5 3539</p>
        </triangles>
      </mesh>
    </geometry>
  </library_geometries>
  <library_visual_scenes>
    <visual_scene id="Scene" name="Scene">
      <node id="wall_long" name="wall_long" type="NODE">
        <matrix sid="transform">1 0 0 0 0 1 0 0 0 0 1 0 0 0 0 1</matrix>
        <instance_geometry url="#Cube_124-mesh" name="wall_long">
          <bind_material>
            <technique_common>
              <instance_material symbol="_2texturas_novas_zapo_006-material" target="#_2texturas_novas_zapo_006-material">
                <bind_vertex_input semantic="Cube_124-mesh-map-0" input_semantic="TEXCOORD" input_set="0"/>
                <bind_vertex_input semantic="Cube_124-mesh-map-1" input_semantic="TEXCOORD" input_set="1"/>
              </instance_material>
            </technique_common>
          </bind_material>
        </instance_geometry>
        <node id="prop_garrisoned" name="prop_garrisoned" type="NODE">
          <matrix sid="transform">-0.8238166 1.24393e-7 0 1.02865e-13 -1.24393e-7 -0.8238166 0 2.1823 0 0 0.8238166 9.484581 0 0 0 1</matrix>
        </node>
        <node id="prop_projectile" name="prop_projectile" type="NODE">
          <matrix sid="transform">-0.8238166 1.24393e-7 0 1.02865e-13 -1.24393e-7 -0.8238166 0 2.182299 0 0 0.8238166 9.484581 0 0 0 1</matrix>
        </node>
      </node>
    </visual_scene>
  </library_visual_scenes>
  <scene>
    <instance_visual_scene url="#Scene"/>
  </scene>
</COLLADA>