{"type": "FeatureCollection", "name": "provinces", "features": [{"type": "Feature", "properties": {"code": "crimeia", "name": "Crimea", "capital": null, "culture": null, "civs": ["bosp"], "provinceType": "land", "terrain": "temp", "mapTypes": ["temp"], "resources": null, "religion": null, "population": "low", "centerpoint": [2132, 464], "position": {"x": 2106, "y": 447}, "bbox": {"w": 62, "h": 37}, "maskSize": [64, 64], "area": 1051, "links": ["kolkhis", "sarmata"]}, "geometry": {"type": "Polygon", "coordinates": [[[2106.0, -466.0], [2111.0, -465.0], [2123.0, -471.0], [2122.0, -481.0], [2129.0, -483.0], [2137.0, -475.0], [2144.0, -473.0], [2149.0, -468.0], [2162.0, -466.0], [2167.0, -459.0], [2164.0, -457.0], [2153.0, -457.0], [2148.0, -461.0], [2140.0, -453.0], [2136.0, -454.0], [2134.0, -449.0], [2130.0, -447.0], [2125.0, -449.0], [2123.0, -447.0], [2120.0, -448.0], [2117.0, -455.0], [2106.0, -463.0], [2106.0, -466.0]]]}}, {"type": "Feature", "properties": {"code": "sarmata", "name": "Sarmatia", "capital": null, "culture": null, "civs": ["sarma"], "provinceType": "land", "terrain": "temp", "mapTypes": ["temp"], "resources": null, "religion": null, "population": "low", "centerpoint": [2110, 411], "position": {"x": 2025, "y": 374}, "bbox": {"w": 204, "h": 98}, "maskSize": [256, 128], "area": 10540, "links": ["bohemia", "carpathia", "crimeia", "dacia", "kolkhis", "moravia", "thracia", "venedia"]}, "geometry": {"type": "Polygon", "coordinates": [[[2225.0, -388.0], [2193.0, -383.0], [2154.0, -384.0], [2138.0, -374.0], [2084.0, -376.0], [2025.0, -413.0], [2027.0, -417.0], [2045.0, -430.0], [2045.0, -435.0], [2051.0, -447.0], [2047.0, -453.0], [2043.0, -471.0], [2050.0, -471.0], [2057.0, -464.0], [2067.0, -464.0], [2079.0, -453.0], [2082.0, -444.0], [2087.0, -440.0], [2097.0, -450.0], [2106.0, -452.0], [2113.0, -447.0], [2119.0, -450.0], [2120.0, -447.0], [2127.0, -448.0], [2130.0, -446.0], [2135.0, -449.0], [2136.0, -453.0], [2139.0, -453.0], [2138.0, -447.0], [2147.0, -437.0], [2154.0, -436.0], [2164.0, -430.0], [2169.0, -424.0], [2173.0, -423.0], [2176.0, -425.0], [2178.0, -419.0], [2184.0, -414.0], [2193.0, -417.0], [2206.0, -414.0], [2228.0, -397.0], [2225.0, -388.0]]]}}, {"type": "Feature", "properties": {"code": "mexico_sea", "name": "Mexico Sea", "capital": null, "culture": null, "civs": [], "provinceType": "sea", "terrain": null, "mapTypes": [], "resources": null, "religion": null, "population": null, "centerpoint": [392, 806], "position": {"x": 321, "y": 734}, "bbox": {"w": 218, "h": 160}, "maskSize": [256, 256], "area": 22630, "links": ["cubanacan", "florida", "karankawa", "mississippi_delta", "mississippi_southern", "olmecatl", "totonacapan", "xaymaca", "yucatan"]}, "geometry": {"type": "Polygon", "coordinates": [[[519.0, -752.0], [511.0, -745.0], [496.0, -749.0], [485.0, -737.0], [464.0, -737.0], [447.0, -734.0], [450.0, -737.0], [444.0, -743.0], [449.0, -747.0], [447.0, -754.0], [442.0, -755.0], [436.0, -749.0], [433.0, -753.0], [429.0, -750.0], [424.0, -753.0], [411.0, -746.0], [401.0, -746.0], [400.0, -752.0], [395.0, -743.0], [376.0, -745.0], [368.0, -753.0], [347.0, -761.0], [337.0, -772.0], [338.0, -795.0], [329.0, -811.0], [324.0, -834.0], [321.0, -838.0], [328.0, -852.0], [327.0, -859.0], [335.0, -869.0], [339.0, -882.0], [357.0, -893.0], [381.0, -890.0], [386.0, -886.0], [392.0, -886.0], [395.0, -891.0], [399.0, -890.0], [400.0, -885.0], [411.0, -873.0], [414.0, -857.0], [423.0, -852.0], [444.0, -847.0], [461.0, -847.0], [467.0, -853.0], [491.0, -847.0], [490.0, -845.0], [495.0, -842.0], [496.0, -836.0], [501.0, -833.0], [523.0, -827.0], [538.0, -828.0], [529.0, -814.0], [532.0, -794.0], [524.0, -776.0], [520.0, -773.0], [518.0, -774.0], [514.0, -769.0], [521.0, -767.0], [519.0, -752.0]]]}}, {"type": "Feature", "properties": {"code": "denmark", "name": "Denmark", "capital": null, "culture": null, "civs": ["germ"], "provinceType": "land", "terrain": "cold", "mapTypes": ["cold"], "resources": null, "religion": null, "population": "low", "centerpoint": [1782, 246], "position": {"x": 1763, "y": 217}, "bbox": {"w": 42, "h": 85}, "maskSize": [64, 128], "area": 2258, "links": ["germania", "scandinavia", "suebia"]}, "geometry": {"type": "Polygon", "coordinates": [[[1802.0, -217.0], [1794.0, -220.0], [1784.0, -230.0], [1775.0, -229.0], [1767.0, -240.0], [1763.0, -261.0], [1768.0, -263.0], [1770.0, -267.0], [1764.0, -273.0], [1763.0, -279.0], [1770.0, -289.0], [1769.0, -295.0], [1773.0, -295.0], [1778.0, -301.0], [1794.0, -294.0], [1799.0, -294.0], [1800.0, -288.0], [1803.0, -285.0], [1790.0, -285.0], [1787.0, -283.0], [1789.0, -274.0], [1792.0, -279.0], [1799.0, -278.0], [1801.0, -271.0], [1797.0, -263.0], [1788.0, -263.0], [1803.0, -246.0], [1797.0, -241.0], [1797.0, -233.0], [1804.0, -227.0], [1801.0, -225.0], [1802.0, -217.0]]]}}, {"type": "Feature", "properties": {"code": "bavaria", "name": "Bavaria", "capital": null, "culture": null, "civs": ["germ"], "provinceType": "land", "terrain": "temp", "mapTypes": ["temp"], "resources": null, "religion": null, "population": "medium", "centerpoint": [1725, 410], "position": {"x": 1695, "y": 379}, "bbox": {"w": 58, "h": 63}, "maskSize": [64, 64], "area": 2523, "links": ["celtica", "central_gaul", "germania", "helvecia", "hercynia", "lowlands"]}, "geometry": {"type": "Polygon", "coordinates": [[[1732.0, -379.0], [1700.0, -390.0], [1701.0, -414.0], [1695.0, -426.0], [1704.0, -441.0], [1719.0, -435.0], [1734.0, -433.0], [1741.0, -428.0], [1751.0, -429.0], [1752.0, -408.0], [1749.0, -396.0], [1740.0, -392.0], [1733.0, -385.0], [1732.0, -379.0]]]}}, {"type": "Feature", "properties": {"code": "hercynia", "name": "Hercynia", "capital": null, "culture": null, "civs": ["germ"], "provinceType": "land", "terrain": "temp", "mapTypes": ["temp"], "resources": null, "religion": null, "population": "medium", "centerpoint": [1785, 401], "position": {"x": 1733, "y": 360}, "bbox": {"w": 100, "h": 77}, "maskSize": [128, 128], "area": 4557, "links": ["bavaria", "germania", "helvecia", "lowlands", "noreia", "silesia"]}, "geometry": {"type": "Polygon", "coordinates": [[[1819.0, -369.0], [1794.0, -360.0], [1775.0, -375.0], [1733.0, -377.0], [1734.0, -385.0], [1740.0, -391.0], [1748.0, -393.0], [1753.0, -408.0], [1752.0, -428.0], [1782.0, -431.0], [1789.0, -436.0], [1792.0, -428.0], [1805.0, -429.0], [1831.0, -421.0], [1831.0, -405.0], [1811.0, -391.0], [1811.0, -380.0], [1819.0, -369.0]]]}}, {"type": "Feature", "properties": {"code": "noreia", "name": "Noreia", "capital": null, "culture": null, "civs": ["germ"], "provinceType": "land", "terrain": "temp", "mapTypes": ["temp"], "resources": null, "religion": null, "population": "medium", "centerpoint": [1853, 440], "position": {"x": 1790, "y": 418}, "bbox": {"w": 95, "h": 51}, "maskSize": [128, 64], "area": 2573, "links": ["friuli", "helvecia", "hercynia", "pannonia", "silesia"]}, "geometry": {"type": "Polygon", "coordinates": [[[1884.0, -420.0], [1883.0, -418.0], [1872.0, -418.0], [1868.0, -421.0], [1860.0, -419.0], [1849.0, -424.0], [1842.0, -422.0], [1840.0, -425.0], [1832.0, -421.0], [1805.0, -430.0], [1792.0, -429.0], [1790.0, -450.0], [1828.0, -450.0], [1847.0, -456.0], [1860.0, -468.0], [1868.0, -452.0], [1871.0, -436.0], [1884.0, -420.0]]]}}, {"type": "Feature", "properties": {"code": "pannonia", "name": "Pannonia", "capital": null, "culture": null, "civs": ["dalm", "gaul"], "provinceType": "land", "terrain": "temp", "mapTypes": ["temp"], "resources": null, "religion": null, "population": "medium", "centerpoint": [1900, 491], "position": {"x": 1855, "y": 416}, "bbox": {"w": 107, "h": 131}, "maskSize": [128, 256], "area": 5741, "links": ["dacia", "epirus", "friuli", "illyria", "noreia", "silesia", "thracia"]}, "geometry": {"type": "Polygon", "coordinates": [[[1900.0, -416.0], [1899.0, -420.0], [1892.0, -422.0], [1884.0, -419.0], [1881.0, -427.0], [1872.0, -436.0], [1869.0, -452.0], [1855.0, -479.0], [1871.0, -501.0], [1904.0, -529.0], [1914.0, -546.0], [1917.0, -537.0], [1924.0, -527.0], [1961.0, -490.0], [1948.0, -491.0], [1943.0, -484.0], [1929.0, -485.0], [1922.0, -470.0], [1916.0, -466.0], [1906.0, -465.0], [1899.0, -461.0], [1902.0, -448.0], [1898.0, -440.0], [1909.0, -426.0], [1901.0, -420.0], [1900.0, -416.0]]]}}, {"type": "Feature", "properties": {"code": "north_atlantic_ocean_02", "name": "North Atlantic", "capital": null, "culture": null, "civs": [], "provinceType": "sea", "terrain": null, "mapTypes": [], "resources": null, "religion": null, "population": null, "centerpoint": [1428, 166], "position": {"x": 1245, "y": 70}, "bbox": {"w": 366, "h": 317}, "maskSize": [512, 512], "area": 74410, "links": ["britain", "brittany", "eire", "english_channel", "iceland"]}, "geometry": {"type": "Polygon", "coordinates": [[[1326.0, -70.0], [1329.0, -71.0], [1318.0, -198.0], [1315.0, -206.0], [1322.0, -207.0], [1327.0, -200.0], [1342.0, -205.0], [1347.0, -211.0], [1348.0, -219.0], [1343.0, -223.0], [1350.0, -227.0], [1351.0, -233.0], [1331.0, -250.0], [1309.0, -253.0], [1300.0, -257.0], [1293.0, -254.0], [1245.0, -381.0], [1529.0, -386.0], [1529.0, -300.0], [1513.0, -299.0], [1505.0, -304.0], [1482.0, -309.0], [1479.0, -307.0], [1474.0, -308.0], [1461.0, -295.0], [1466.0, -288.0], [1463.0, -284.0], [1465.0, -281.0], [1472.0, -280.0], [1486.0, -269.0], [1483.0, -267.0], [1484.0, -263.0], [1480.0, -261.0], [1480.0, -254.0], [1484.0, -253.0], [1486.0, -249.0], [1482.0, -243.0], [1487.0, -242.0], [1488.0, -236.0], [1492.0, -235.0], [1503.0, -240.0], [1510.0, -239.0], [1508.0, -230.0], [1516.0, -223.0], [1536.0, -218.0], [1551.0, -225.0], [1561.0, -239.0], [1563.0, -237.0], [1562.0, -233.0], [1570.0, -225.0], [1565.0, -224.0], [1558.0, -227.0], [1554.0, -223.0], [1554.0, -219.0], [1550.0, -220.0], [1546.0, -215.0], [1539.0, -213.0], [1545.0, -209.0], [1547.0, -211.0], [1553.0, -206.0], [1550.0, -203.0], [1553.0, -199.0], [1550.0, -198.0], [1544.0, -201.0], [1542.0, -198.0], [1554.0, -191.0], [1552.0, -187.0], [1555.0, -185.0], [1555.0, -181.0], [1549.0, -176.0], [1543.0, -185.0], [1541.0, -180.0], [1545.0, -176.0], [1544.0, -173.0], [1550.0, -170.0], [1551.0, -163.0], [1563.0, -156.0], [1566.0, -157.0], [1568.0, -164.0], [1562.0, -166.0], [1560.0, -171.0], [1566.0, -179.0], [1568.0, -171.0], [1586.0, -157.0], [1590.0, -159.0], [1596.0, -158.0], [1610.0, -78.0], [1326.0, -70.0]]]}}, {"type": "Feature", "properties": {"code": "yemen", "name": "Yemen", "capital": null, "culture": "arab", "civs": ["himya", "achae"], "provinceType": "land", "terrain": "savanna", "mapTypes": ["savanna"], "resources": null, "religion": null, "population": "medium", "centerpoint": [2376, 969], "position": {"x": 2260, "y": 907}, "bbox": {"w": 195, "h": 137}, "maskSize": [256, 256], "area": 13861, "links": ["aksum", "arabia_felix", "arabia_magna", "mazun"]}, "geometry": {"type": "Polygon", "coordinates": [[[2454.0, -974.0], [2438.0, -952.0], [2406.0, -940.0], [2390.0, -907.0], [2339.0, -944.0], [2309.0, -950.0], [2314.0, -956.0], [2263.0, -972.0], [2263.0, -988.0], [2260.0, -993.0], [2266.0, -998.0], [2269.0, -1006.0], [2261.0, -1009.0], [2261.0, -1014.0], [2265.0, -1015.0], [2268.0, -1013.0], [2272.0, -1016.0], [2272.0, -1034.0], [2278.0, -1043.0], [2281.0, -1041.0], [2300.0, -1042.0], [2321.0, -1030.0], [2334.0, -1032.0], [2357.0, -1019.0], [2378.0, -1017.0], [2385.0, -1009.0], [2402.0, -1007.0], [2413.0, -998.0], [2426.0, -997.0], [2435.0, -992.0], [2434.0, -983.0], [2437.0, -980.0], [2454.0, -974.0]]]}}, {"type": "Feature", "properties": {"code": "arabia_felix", "name": "Arabia Felix", "capital": null, "culture": "arab", "civs": ["himya", "achae"], "provinceType": "land", "terrain": "savanna", "mapTypes": ["savanna"], "resources": null, "religion": null, "population": "low", "centerpoint": [2240, 888], "position": {"x": 2169, "y": 815}, "bbox": {"w": 146, "h": 157}, "maskSize": [256, 256], "area": 10417, "links": ["arabia_magna", "nabatean", "yemen"]}, "geometry": {"type": "Polygon", "coordinates": [[[2171.0, -820.0], [2169.0, -825.0], [2184.0, -846.0], [2185.0, -856.0], [2196.0, -863.0], [2201.0, -871.0], [2201.0, -879.0], [2208.0, -884.0], [2207.0, -897.0], [2210.0, -900.0], [2211.0, -909.0], [2235.0, -931.0], [2234.0, -934.0], [2239.0, -939.0], [2240.0, -948.0], [2251.0, -957.0], [2252.0, -961.0], [2248.0, -964.0], [2248.0, -968.0], [2252.0, -971.0], [2258.0, -969.0], [2265.0, -971.0], [2314.0, -955.0], [2307.0, -950.0], [2282.0, -904.0], [2264.0, -860.0], [2242.0, -815.0], [2171.0, -820.0]]]}}, {"type": "Feature", "properties": {"code": "assyria", "name": "Assyria", "capital": null, "culture": null, "civs": ["achae"], "provinceType": "land", "terrain": "medit", "mapTypes": ["medit"], "resources": null, "religion": null, "population": "high", "centerpoint": [2276, 601], "position": {"x": 2216, "y": 549}, "bbox": {"w": 101, "h": 102}, "maskSize": [128, 128], "area": 5262, "links": ["armenia", "kapadocia", "media", "mesopotamia", "siria"]}, "geometry": {"type": "Polygon", "coordinates": [[[2285.0, -549.0], [2260.0, -556.0], [2249.0, -591.0], [2216.0, -606.0], [2231.0, -624.0], [2236.0, -650.0], [2256.0, -646.0], [2266.0, -631.0], [2305.0, -628.0], [2316.0, -617.0], [2305.0, -602.0], [2309.0, -595.0], [2297.0, -581.0], [2285.0, -549.0]]]}}, {"type": "Feature", "properties": {"code": "mesopotamia", "name": "Mesopotamia", "capital": null, "culture": null, "civs": ["achae"], "provinceType": "land", "terrain": "semi_arid", "mapTypes": ["semi_arid"], "resources": null, "religion": null, "population": "high", "centerpoint": [2294, 676], "position": {"x": 2230, "y": 618}, "bbox": {"w": 162, "h": 159}, "maskSize": [256, 256], "area": 14151, "links": ["arabia_magna", "assyria", "media", "nabatean", "persia", "persian_gulf", "siria"]}, "geometry": {"type": "Polygon", "coordinates": [[[2237.0, -651.0], [2230.0, -699.0], [2243.0, -713.0], [2262.0, -709.0], [2280.0, -725.0], [2305.0, -735.0], [2327.0, -747.0], [2343.0, -776.0], [2372.0, -762.0], [2381.0, -746.0], [2385.0, -744.0], [2391.0, -745.0], [2386.0, -718.0], [2379.0, -701.0], [2367.0, -683.0], [2331.0, -650.0], [2350.0, -638.0], [2334.0, -627.0], [2316.0, -618.0], [2305.0, -629.0], [2266.0, -632.0], [2256.0, -647.0], [2237.0, -651.0]]]}}, {"type": "Feature", "properties": {"code": "arabia_magna", "name": "Arabia Magna", "capital": null, "culture": "arab", "civs": ["bedo", "achae"], "provinceType": "land", "terrain": "desert", "mapTypes": ["desert"], "resources": null, "religion": null, "population": "medium", "centerpoint": [2337, 848], "position": {"x": 2243, "y": 710}, "bbox": {"w": 183, "h": 242}, "maskSize": [256, 256], "area": 27035, "links": ["arabia_felix", "catar", "mazun", "mesopotamia", "nabatean", "persian_gulf", "yemen"]}, "geometry": {"type": "Polygon", "coordinates": [[[2244.0, -713.0], [2243.0, -816.0], [2265.0, -860.0], [2276.0, -890.0], [2308.0, -950.0], [2339.0, -943.0], [2403.0, -897.0], [2418.0, -873.0], [2425.0, -844.0], [2408.0, -836.0], [2407.0, -818.0], [2409.0, -808.0], [2396.0, -799.0], [2380.0, -779.0], [2381.0, -776.0], [2378.0, -774.0], [2373.0, -761.0], [2343.0, -777.0], [2327.0, -748.0], [2305.0, -736.0], [2280.0, -726.0], [2262.0, -710.0], [2244.0, -713.0]]]}}, {"type": "Feature", "properties": {"code": "epirus", "name": "Epirus", "capital": null, "culture": "greek", "civs": ["epir", "mace"], "provinceType": "land", "terrain": "medit", "mapTypes": ["medit"], "resources": null, "religion": null, "population": "high", "centerpoint": [1927, 575], "position": {"x": 1911, "y": 547}, "bbox": {"w": 43, "h": 49}, "maskSize": [64, 64], "area": 1225, "links": ["hellas", "illyria", "med_central", "pannonia", "pella", "thessalia", "thracia"]}, "geometry": {"type": "Polygon", "coordinates": [[[1914.0, -547.0], [1911.0, -550.0], [1914.0, -554.0], [1912.0, -581.0], [1922.0, -589.0], [1918.0, -595.0], [1952.0, -595.0], [1952.0, -592.0], [1942.0, -578.0], [1943.0, -565.0], [1930.0, -562.0], [1927.0, -554.0], [1914.0, -547.0]]]}}, {"type": "Feature", "properties": {"code": "cyprus", "name": "Cyprus", "capital": null, "culture": null, "civs": ["achae"], "provinceType": "land", "terrain": "medit", "mapTypes": ["medit"], "resources": null, "religion": null, "population": "medium", "centerpoint": [2144, 667], "position": {"x": 2132, "y": 650}, "bbox": {"w": 36, "h": 27}, "maskSize": [64, 32], "area": 394, "links": ["med_oriet"]}, "geometry": {"type": "Polygon", "coordinates": [[[2167.0, -650.0], [2151.0, -659.0], [2142.0, -659.0], [2138.0, -664.0], [2132.0, -666.0], [2132.0, -670.0], [2136.0, -675.0], [2146.0, -676.0], [2148.0, -672.0], [2162.0, -665.0], [2159.0, -659.0], [2167.0, -650.0]]]}}, {"type": "Feature", "properties": {"code": "taqamkuk", "name": "Taqamkuk", "capital": null, "culture": "native", "civs": ["anish"], "provinceType": "land", "terrain": "temp", "mapTypes": ["temp"], "resources": null, "religion": null, "population": "low", "centerpoint": [829, 487], "position": {"x": 801, "y": 444}, "bbox": {"w": 73, "h": 77}, "maskSize": [128, 128], "area": 2650, "links": ["kebec", "labrador_sea"]}, "geometry": {"type": "Polygon", "coordinates": [[[825.0, -451.0], [827.0, -455.0], [813.0, -480.0], [813.0, -484.0], [803.0, -493.0], [804.0, -498.0], [801.0, -500.0], [801.0, -505.0], [834.0, -503.0], [840.0, -507.0], [840.0, -510.0], [835.0, -514.0], [831.0, -514.0], [831.0, -518.0], [843.0, -517.0], [844.0, -511.0], [850.0, -507.0], [854.0, -510.0], [854.0, -517.0], [869.0, -520.0], [873.0, -506.0], [869.0, -501.0], [869.0, -490.0], [863.0, -491.0], [859.0, -488.0], [860.0, -478.0], [855.0, -475.0], [849.0, -478.0], [843.0, -477.0], [841.0, -475.0], [842.0, -469.0], [837.0, -466.0], [837.0, -461.0], [842.0, -457.0], [844.0, -445.0], [840.0, -444.0], [825.0, -451.0]]]}}, {"type": "Feature", "properties": {"code": "catar", "name": "Qatar", "capital": null, "culture": null, "civs": ["achae"], "provinceType": "land", "terrain": "savanna", "mapTypes": ["savanna"], "resources": null, "religion": null, "population": "medium", "centerpoint": [2416, 820], "position": {"x": 2408, "y": 809}, "bbox": {"w": 22, "h": 38}, "maskSize": [32, 64], "area": 519, "links": ["arabia_magna", "mazun", "persian_gulf"]}, "geometry": {"type": "Polygon", "coordinates": [[[2409.0, -809.0], [2409.0, -836.0], [2428.0, -846.0], [2429.0, -844.0], [2423.0, -838.0], [2427.0, -830.0], [2424.0, -825.0], [2426.0, -814.0], [2420.0, -810.0], [2413.0, -812.0], [2409.0, -809.0]]]}}, {"type": "Feature", "properties": {"code": "somalia", "name": "Somalia", "capital": null, "culture": null, "civs": ["macrob", "aksum"], "provinceType": "land", "terrain": "savanna", "mapTypes": ["savanna"], "resources": null, "religion": null, "population": "medium", "centerpoint": [2318, 1160], "position": {"x": 2194, "y": 1109}, "bbox": {"w": 194, "h": 149}, "maskSize": [256, 256], "area": 13716, "links": ["azania", "kenya", "punt"]}, "geometry": {"type": "Polygon", "coordinates": [[[2387.0, -1131.0], [2320.0, -1110.0], [2309.0, -1110.0], [2279.0, -1126.0], [2266.0, -1174.0], [2259.0, -1186.0], [2245.0, -1195.0], [2222.0, -1195.0], [2201.0, -1207.0], [2196.0, -1212.0], [2194.0, -1220.0], [2205.0, -1225.0], [2211.0, -1237.0], [2241.0, -1229.0], [2283.0, -1257.0], [2301.0, -1237.0], [2323.0, -1223.0], [2351.0, -1195.0], [2378.0, -1156.0], [2382.0, -1139.0], [2387.0, -1131.0]]]}}, {"type": "Feature", "properties": {"code": "azania", "name": "Azania", "capital": null, "culture": null, "civs": ["azan", "kush"], "provinceType": "land", "terrain": "savanna", "mapTypes": ["savanna"], "resources": null, "religion": null, "population": "medium", "centerpoint": [2186, 1295], "position": {"x": 2140, "y": 1230}, "bbox": {"w": 142, "h": 132}, "maskSize": [256, 256], "area": 10538, "links": ["kenya", "mozambique", "somalia", "tanzania"]}, "geometry": {"type": "Polygon", "coordinates": [[[2281.0, -1257.0], [2241.0, -1230.0], [2208.0, -1238.0], [2148.0, -1264.0], [2140.0, -1312.0], [2147.0, -1325.0], [2155.0, -1330.0], [2169.0, -1349.0], [2202.0, -1360.0], [2200.0, -1358.0], [2225.0, -1314.0], [2237.0, -1305.0], [2245.0, -1302.0], [2258.0, -1290.0], [2264.0, -1276.0], [2281.0, -1257.0]]]}}, {"type": "Feature", "properties": {"code": "labrador_sea", "name": "Labrador Sea", "capital": null, "culture": null, "civs": [], "provinceType": "sea", "terrain": null, "mapTypes": [], "resources": null, "religion": null, "population": null, "centerpoint": [862, 334], "position": {"x": 737, "y": 122}, "bbox": {"w": 189, "h": 389}, "maskSize": [256, 512], "area": 36369, "links": ["kalaallit_nunaat", "kebec", "nunavut", "taqamkuk"]}, "geometry": {"type": "Polygon", "coordinates": [[[787.0, -122.0], [834.0, -202.0], [770.0, -284.0], [767.0, -293.0], [763.0, -293.0], [760.0, -297.0], [737.0, -294.0], [782.0, -314.0], [831.0, -413.0], [843.0, -421.0], [841.0, -423.0], [841.0, -432.0], [848.0, -449.0], [838.0, -465.0], [846.0, -468.0], [845.0, -474.0], [857.0, -473.0], [866.0, -479.0], [864.0, -487.0], [872.0, -488.0], [871.0, -494.0], [874.0, -499.0], [875.0, -510.0], [924.0, -510.0], [925.0, -292.0], [915.0, -291.0], [911.0, -294.0], [897.0, -274.0], [891.0, -258.0], [889.0, -245.0], [884.0, -237.0], [886.0, -222.0], [878.0, -211.0], [875.0, -202.0], [878.0, -195.0], [876.0, -187.0], [879.0, -177.0], [891.0, -161.0], [897.0, -158.0], [880.0, -155.0], [872.0, -148.0], [878.0, -128.0], [883.0, -123.0], [787.0, -122.0]]]}}, {"type": "Feature", "properties": {"code": "mazun", "name": "Mazun", "capital": null, "culture": null, "civs": ["achae"], "provinceType": "land", "terrain": "desert", "mapTypes": ["desert"], "resources": null, "religion": null, "population": "medium", "centerpoint": [2470, 902], "position": {"x": 2391, "y": 801}, "bbox": {"w": 178, "h": 245}, "maskSize": [256, 256], "area": 16664, "links": ["arabia_magna", "catar", "karmania", "persia", "persian_gulf", "yemen"]}, "geometry": {"type": "Polygon", "coordinates": [[[2508.0, -801.0], [2502.0, -801.0], [2498.0, -804.0], [2498.0, -811.0], [2485.0, -821.0], [2485.0, -825.0], [2477.0, -834.0], [2469.0, -838.0], [2467.0, -837.0], [2468.0, -840.0], [2465.0, -843.0], [2445.0, -844.0], [2440.0, -842.0], [2428.0, -847.0], [2426.0, -845.0], [2417.0, -877.0], [2404.0, -897.0], [2391.0, -907.0], [2407.0, -940.0], [2438.0, -951.0], [2454.0, -973.0], [2468.0, -968.0], [2483.0, -967.0], [2492.0, -956.0], [2496.0, -958.0], [2506.0, -957.0], [2510.0, -951.0], [2510.0, -944.0], [2513.0, -941.0], [2526.0, -939.0], [2527.0, -917.0], [2534.0, -912.0], [2541.0, -919.0], [2547.0, -919.0], [2550.0, -915.0], [2547.0, -910.0], [2548.0, -905.0], [2557.0, -899.0], [2568.0, -880.0], [2568.0, -875.0], [2562.0, -872.0], [2557.0, -863.0], [2551.0, -860.0], [2548.0, -852.0], [2523.0, -846.0], [2512.0, -838.0], [2508.0, -830.0], [2506.0, -817.0], [2514.0, -814.0], [2508.0, -801.0]]]}}, {"type": "Feature", "properties": {"code": "persian_gulf", "name": "Persian Gulf", "capital": null, "culture": null, "civs": [], "provinceType": "sea", "terrain": null, "mapTypes": [], "resources": null, "religion": null, "population": null, "centerpoint": [2450, 820], "position": {"x": 2374, "y": 745}, "bbox": {"w": 215, "h": 132}, "maskSize": [256, 256], "area": 6950, "links": ["arabia_magna", "catar", "karmania", "mazun", "mesopotamia", "persia"]}, "geometry": {"type": "Polygon", "coordinates": [[[2375.0, -756.0], [2374.0, -761.0], [2379.0, -774.0], [2382.0, -776.0], [2381.0, -779.0], [2390.0, -791.0], [2411.0, -810.0], [2420.0, -809.0], [2427.0, -813.0], [2428.0, -835.0], [2426.0, -837.0], [2430.0, -844.0], [2440.0, -841.0], [2446.0, -843.0], [2453.0, -841.0], [2463.0, -842.0], [2467.0, -839.0], [2467.0, -836.0], [2471.0, -836.0], [2483.0, -826.0], [2484.0, -821.0], [2493.0, -815.0], [2497.0, -809.0], [2494.0, -805.0], [2491.0, -807.0], [2469.0, -805.0], [2457.0, -800.0], [2454.0, -796.0], [2441.0, -792.0], [2432.0, -784.0], [2421.0, -781.0], [2414.0, -767.0], [2409.0, -763.0], [2406.0, -752.0], [2398.0, -747.0], [2392.0, -748.0], [2385.0, -745.0], [2380.0, -748.0], [2380.0, -751.0], [2375.0, -756.0]]]}}, {"type": "Feature", "properties": {"code": "friuli", "name": "Friuli", "capital": null, "culture": null, "civs": ["gaul"], "provinceType": "land", "terrain": "temp", "mapTypes": ["temp"], "resources": null, "religion": null, "population": "medium", "centerpoint": [1836, 469], "position": {"x": 1790, "y": 451}, "bbox": {"w": 71, "h": 50}, "maskSize": [128, 64], "area": 1745, "links": ["cisalpine_gaul", "helvecia", "illyria", "med_central", "noreia", "pannonia"]}, "geometry": {"type": "Polygon", "coordinates": [[[1790.0, -451.0], [1792.0, -464.0], [1801.0, -465.0], [1817.0, -478.0], [1822.0, -476.0], [1826.0, -479.0], [1827.0, -490.0], [1835.0, -500.0], [1839.0, -496.0], [1840.0, -483.0], [1853.0, -480.0], [1860.0, -469.0], [1847.0, -457.0], [1828.0, -451.0], [1790.0, -451.0]]]}}, {"type": "Feature", "properties": {"code": "punt", "name": "Punt", "capital": null, "culture": null, "civs": ["aksum", "kush"], "provinceType": "land", "terrain": "savanna", "mapTypes": ["savanna"], "resources": "spices", "religion": null, "population": "medium", "centerpoint": [2374, 1095], "position": {"x": 2233, "y": 1043}, "bbox": {"w": 240, "h": 88}, "maskSize": [256, 128], "area": 8688, "links": ["aksum", "kenya", "somalia"]}, "geometry": {"type": "Polygon", "coordinates": [[[2416.0, -1058.0], [2413.0, -1055.0], [2405.0, -1055.0], [2391.0, -1062.0], [2375.0, -1063.0], [2367.0, -1067.0], [2355.0, -1064.0], [2351.0, -1069.0], [2342.0, -1073.0], [2335.0, -1070.0], [2331.0, -1074.0], [2327.0, -1072.0], [2311.0, -1078.0], [2305.0, -1077.0], [2295.0, -1080.0], [2284.0, -1074.0], [2275.0, -1059.0], [2270.0, -1056.0], [2262.0, -1056.0], [2240.0, -1084.0], [2233.0, -1100.0], [2239.0, -1106.0], [2260.0, -1105.0], [2279.0, -1125.0], [2309.0, -1109.0], [2316.0, -1108.0], [2387.0, -1130.0], [2400.0, -1112.0], [2406.0, -1100.0], [2407.0, -1091.0], [2416.0, -1084.0], [2413.0, -1079.0], [2416.0, -1058.0]]]}}, {"type": "Feature", "properties": {"code": "bactria", "name": "Bactria", "capital": null, "culture": null, "civs": ["bactr", "achae"], "provinceType": "land", "terrain": "semi_arid", "mapTypes": ["semi_arid"], "resources": null, "religion": null, "population": "low", "centerpoint": [2653, 686], "position": {"x": 2583, "y": 622}, "bbox": {"w": 153, "h": 148}, "maskSize": [256, 256], "area": 13866, "links": ["arachosia", "karmania", "kuntala", "parthia", "sogdia"]}, "geometry": {"type": "Polygon", "coordinates": [[[2735.0, -651.0], [2684.0, -622.0], [2604.0, -639.0], [2583.0, -666.0], [2597.0, -692.0], [2606.0, -730.0], [2597.0, -769.0], [2669.0, -750.0], [2678.0, -736.0], [2699.0, -726.0], [2717.0, -671.0], [2735.0, -651.0]]]}}, {"type": "Feature", "properties": {"code": "sogdia", "name": "Sogdia", "capital": null, "culture": null, "civs": ["achae"], "provinceType": "land", "terrain": "semi_arid", "mapTypes": ["semi_arid"], "resources": null, "religion": null, "population": "low", "centerpoint": [2665, 537], "position": {"x": 2539, "y": 450}, "bbox": {"w": 282, "h": 201}, "maskSize": [512, 256], "area": 41152, "links": ["arachosia", "bactria", "massagetae", "parthia", "transoxiana", "ural"]}, "geometry": {"type": "Polygon", "coordinates": [[[2548.0, -481.0], [2539.0, -520.0], [2559.0, -585.0], [2654.0, -627.0], [2684.0, -621.0], [2734.0, -650.0], [2742.0, -643.0], [2758.0, -639.0], [2820.0, -553.0], [2790.0, -470.0], [2786.0, -467.0], [2749.0, -460.0], [2739.0, -461.0], [2682.0, -450.0], [2601.0, -451.0], [2548.0, -481.0]]]}}, {"type": "Feature", "properties": {"code": "daoi", "name": "Daoi", "capital": null, "culture": null, "civs": ["achae"], "provinceType": "land", "terrain": "desert", "mapTypes": ["desert"], "resources": null, "religion": null, "population": "low", "centerpoint": [2393, 396], "position": {"x": 2328, "y": 344}, "bbox": {"w": 150, "h": 173}, "maskSize": [256, 256], "area": 16925, "links": ["carpathia", "massagetae", "parthia", "venedia", "volga"]}, "geometry": {"type": "Polygon", "coordinates": [[[2381.0, -344.0], [2369.0, -353.0], [2368.0, -362.0], [2364.0, -367.0], [2347.0, -370.0], [2351.0, -393.0], [2356.0, -396.0], [2355.0, -416.0], [2351.0, -419.0], [2343.0, -418.0], [2339.0, -426.0], [2328.0, -428.0], [2331.0, -430.0], [2331.0, -439.0], [2339.0, -441.0], [2341.0, -446.0], [2347.0, -450.0], [2348.0, -456.0], [2368.0, -465.0], [2367.0, -479.0], [2376.0, -493.0], [2375.0, -481.0], [2377.0, -477.0], [2387.0, -473.0], [2393.0, -478.0], [2398.0, -489.0], [2408.0, -496.0], [2408.0, -500.0], [2399.0, -505.0], [2389.0, -503.0], [2386.0, -496.0], [2384.0, -512.0], [2415.0, -516.0], [2444.0, -515.0], [2470.0, -507.0], [2477.0, -471.0], [2472.0, -424.0], [2471.0, -386.0], [2436.0, -357.0], [2433.0, -352.0], [2431.0, -354.0], [2400.0, -359.0], [2381.0, -344.0]]]}}, {"type": "Feature", "properties": {"code": "massagetae", "name": "Massagetae", "capital": null, "culture": null, "civs": ["scyth"], "provinceType": "land", "terrain": "desert", "mapTypes": ["desert"], "resources": null, "religion": null, "population": "low", "centerpoint": [2599, 362], "position": {"x": 2434, "y": 270}, "bbox": {"w": 333, "h": 249}, "maskSize": [512, 256], "area": 53543, "links": ["arctic_russia", "daoi", "northwest_russia", "parthia", "sogdia", "ural", "volga", "wushu"]}, "geometry": {"type": "Polygon", "coordinates": [[[2434.0, -351.0], [2436.0, -356.0], [2472.0, -386.0], [2473.0, -424.0], [2478.0, -471.0], [2471.0, -505.0], [2538.0, -518.0], [2547.0, -481.0], [2601.0, -450.0], [2682.0, -449.0], [2746.0, -460.0], [2744.0, -456.0], [2762.0, -412.0], [2766.0, -369.0], [2763.0, -361.0], [2737.0, -329.0], [2708.0, -314.0], [2683.0, -289.0], [2671.0, -281.0], [2574.0, -270.0], [2516.0, -276.0], [2486.0, -287.0], [2466.0, -299.0], [2434.0, -351.0]]]}}, {"type": "Feature", "properties": {"code": "parthia", "name": "Parthia", "capital": null, "culture": null, "civs": ["arsa", "achae"], "provinceType": "land", "terrain": "medit", "mapTypes": ["medit"], "resources": null, "religion": null, "population": "medium", "centerpoint": [2491, 571], "position": {"x": 2383, "y": 506}, "bbox": {"w": 273, "h": 159}, "maskSize": [512, 256], "area": 21055, "links": ["bactria", "daoi", "kardousioi", "karmania", "massagetae", "media", "persia", "sogdia"]}, "geometry": {"type": "Polygon", "coordinates": [[[2383.0, -510.0], [2385.0, -517.0], [2394.0, -522.0], [2393.0, -529.0], [2395.0, -532.0], [2398.0, -531.0], [2411.0, -540.0], [2411.0, -557.0], [2413.0, -565.0], [2416.0, -567.0], [2410.0, -573.0], [2405.0, -571.0], [2392.0, -578.0], [2393.0, -587.0], [2447.0, -612.0], [2455.0, -632.0], [2469.0, -640.0], [2508.0, -646.0], [2535.0, -636.0], [2584.0, -664.0], [2604.0, -638.0], [2655.0, -628.0], [2559.0, -586.0], [2538.0, -519.0], [2471.0, -506.0], [2470.0, -508.0], [2444.0, -516.0], [2397.0, -516.0], [2384.0, -513.0], [2383.0, -510.0]]]}}, {"type": "Feature", "properties": {"code": "med_oriet", "name": "Eastern Mediterranean", "capital": null, "culture": null, "civs": [], "provinceType": "sea", "terrain": null, "mapTypes": [], "resources": null, "religion": null, "population": null, "centerpoint": [2097, 694], "position": {"x": 1954, "y": 563}, "bbox": {"w": 241, "h": 190}, "maskSize": [256, 256], "area": 22950, "links": ["crete", "cyprus", "cyrenaica", "hellas", "ionia", "judea", "kapadocia", "lidia", "med_central", "nabatean", "nile_delta", "peloponnese", "siria", "thessalia", "thracia"]}, "geometry": {"type": "Polygon", "coordinates": [[[1972.0, -577.0], [1970.0, -582.0], [1983.0, -598.0], [1988.0, -599.0], [1994.0, -594.0], [1996.0, -595.0], [1993.0, -600.0], [1987.0, -603.0], [1987.0, -606.0], [1996.0, -608.0], [2000.0, -620.0], [2004.0, -621.0], [2012.0, -630.0], [2020.0, -635.0], [2019.0, -638.0], [2013.0, -635.0], [2009.0, -639.0], [2003.0, -640.0], [2004.0, -644.0], [2008.0, -647.0], [2007.0, -651.0], [2010.0, -653.0], [2014.0, -652.0], [2015.0, -649.0], [2011.0, -645.0], [2020.0, -638.0], [2024.0, -641.0], [2027.0, -640.0], [2031.0, -645.0], [2026.0, -651.0], [2021.0, -651.0], [2018.0, -657.0], [2015.0, -655.0], [2000.0, -657.0], [1998.0, -655.0], [2004.0, -649.0], [2001.0, -645.0], [2000.0, -637.0], [1996.0, -634.0], [1991.0, -634.0], [1989.0, -631.0], [1986.0, -633.0], [1986.0, -637.0], [1990.0, -640.0], [1987.0, -642.0], [1987.0, -645.0], [1979.0, -646.0], [1981.0, -651.0], [1980.0, -658.0], [1984.0, -663.0], [1980.0, -664.0], [1981.0, -667.0], [1978.0, -671.0], [1975.0, -668.0], [1977.0, -662.0], [1973.0, -658.0], [1969.0, -666.0], [1965.0, -665.0], [1962.0, -656.0], [1959.0, -660.0], [1954.0, -659.0], [1957.0, -710.0], [1961.0, -724.0], [1971.0, -725.0], [1978.0, -730.0], [1990.0, -730.0], [1996.0, -738.0], [2004.0, -736.0], [2022.0, -739.0], [2028.0, -745.0], [2050.0, -748.0], [2055.0, -752.0], [2060.0, -751.0], [2074.0, -739.0], [2087.0, -735.0], [2093.0, -737.0], [2100.0, -735.0], [2113.0, -737.0], [2122.0, -746.0], [2135.0, -744.0], [2141.0, -747.0], [2150.0, -745.0], [2161.0, -737.0], [2162.0, -732.0], [2174.0, -720.0], [2177.0, -714.0], [2185.0, -682.0], [2189.0, -679.0], [2189.0, -670.0], [2194.0, -665.0], [2190.0, -656.0], [2192.0, -651.0], [2185.0, -645.0], [2189.0, -639.0], [2185.0, -630.0], [2192.0, -624.0], [2191.0, -621.0], [2186.0, -621.0], [2178.0, -629.0], [2168.0, -626.0], [2156.0, -642.0], [2139.0, -647.0], [2133.0, -647.0], [2125.0, -639.0], [2107.0, -637.0], [2104.0, -639.0], [2102.0, -650.0], [2098.0, -649.0], [2096.0, -652.0], [2089.0, -654.0], [2082.0, -652.0], [2078.0, -646.0], [2069.0, -643.0], [2065.0, -647.0], [2069.0, -652.0], [2066.0, -660.0], [2058.0, -666.0], [2058.0, -660.0], [2042.0, -649.0], [2043.0, -644.0], [2040.0, -642.0], [2035.0, -645.0], [2034.0, -643.0], [2037.0, -641.0], [2037.0, -638.0], [2031.0, -633.0], [2026.0, -633.0], [2030.0, -628.0], [2039.0, -625.0], [2040.0, -622.0], [2030.0, -617.0], [2025.0, -620.0], [2024.0, -613.0], [2021.0, -611.0], [2037.0, -604.0], [2037.0, -601.0], [2034.0, -599.0], [2028.0, -601.0], [2021.0, -598.0], [2021.0, -595.0], [2025.0, -592.0], [2025.0, -583.0], [2017.0, -576.0], [2017.0, -573.0], [2022.0, -574.0], [2025.0, -572.0], [2025.0, -569.0], [2019.0, -564.0], [2007.0, -563.0], [2004.0, -570.0], [1991.0, -567.0], [1990.0, -570.0], [2000.0, -578.0], [1996.0, -581.0], [1994.0, -580.0], [1991.0, -585.0], [1988.0, -584.0], [1986.0, -588.0], [1976.0, -577.0], [1972.0, -577.0]]]}}, {"type": "Feature", "properties": {"code": "kardousioi", "name": "Carduchi", "capital": null, "culture": null, "civs": ["achae"], "provinceType": "land", "terrain": "steppe", "mapTypes": ["steppe"], "resources": null, "religion": null, "population": "medium", "centerpoint": [2330, 521], "position": {"x": 2310, "y": 502}, "bbox": {"w": 83, "h": 90}, "maskSize": [128, 128], "area": 2519, "links": ["armenia", "kolkhis", "media", "parthia"]}, "geometry": {"type": "Polygon", "coordinates": [[[2310.0, -509.0], [2317.0, -534.0], [2333.0, -575.0], [2352.0, -591.0], [2392.0, -587.0], [2391.0, -579.0], [2372.0, -579.0], [2365.0, -576.0], [2361.0, -571.0], [2349.0, -570.0], [2340.0, -563.0], [2337.0, -547.0], [2341.0, -544.0], [2344.0, -545.0], [2345.0, -527.0], [2349.0, -524.0], [2358.0, -523.0], [2357.0, -520.0], [2343.0, -512.0], [2342.0, -508.0], [2346.0, -504.0], [2345.0, -502.0], [2332.0, -502.0], [2310.0, -509.0]]]}}, {"type": "Feature", "properties": {"code": "media", "name": "Media", "capital": null, "culture": null, "civs": ["achae"], "provinceType": "land", "terrain": "medit", "mapTypes": ["medit"], "resources": null, "religion": null, "population": "high", "centerpoint": [2386, 617], "position": {"x": 2286, "y": 546}, "bbox": {"w": 142, "h": 102}, "maskSize": [256, 128], "area": 6793, "links": ["armenia", "assyria", "kardousioi", "mesopotamia", "parthia", "persia"]}, "geometry": {"type": "Polygon", "coordinates": [[[2286.0, -549.0], [2298.0, -581.0], [2310.0, -595.0], [2306.0, -602.0], [2318.0, -618.0], [2351.0, -638.0], [2380.0, -647.0], [2399.0, -646.0], [2421.0, -628.0], [2427.0, -603.0], [2394.0, -588.0], [2352.0, -592.0], [2330.0, -573.0], [2321.0, -546.0], [2286.0, -549.0]]]}}, {"type": "Feature", "properties": {"code": "persia", "name": "Persia", "capital": null, "culture": null, "civs": ["achae"], "provinceType": "land", "terrain": "temp", "mapTypes": ["temp"], "resources": null, "religion": null, "population": "high", "centerpoint": [2446, 700], "position": {"x": 2332, "y": 604}, "bbox": {"w": 178, "h": 203}, "maskSize": [256, 256], "area": 20096, "links": ["karmania", "mazun", "media", "mesopotamia", "parthia", "persian_gulf"]}, "geometry": {"type": "Polygon", "coordinates": [[[2332.0, -650.0], [2368.0, -683.0], [2384.0, -710.0], [2391.0, -744.0], [2402.0, -748.0], [2408.0, -753.0], [2410.0, -763.0], [2415.0, -766.0], [2415.0, -770.0], [2421.0, -780.0], [2430.0, -782.0], [2441.0, -791.0], [2449.0, -795.0], [2452.0, -794.0], [2457.0, -799.0], [2469.0, -804.0], [2479.0, -803.0], [2491.0, -806.0], [2504.0, -800.0], [2502.0, -790.0], [2509.0, -726.0], [2505.0, -647.0], [2465.0, -639.0], [2454.0, -632.0], [2447.0, -613.0], [2428.0, -604.0], [2422.0, -628.0], [2399.0, -647.0], [2380.0, -648.0], [2350.0, -639.0], [2332.0, -650.0]]]}}, {"type": "Feature", "properties": {"code": "karmania", "name": "Karmania", "capital": null, "culture": null, "civs": ["achae"], "provinceType": "land", "terrain": "semi_arid", "mapTypes": ["semi_arid"], "resources": null, "religion": null, "population": "high", "centerpoint": [2557, 731], "position": {"x": 2503, "y": 637}, "bbox": {"w": 103, "h": 199}, "maskSize": [128, 256], "area": 15665, "links": ["bactria", "gedrosia", "kuntala", "mazun", "parthia", "persia", "persian_gulf"]}, "geometry": {"type": "Polygon", "coordinates": [[[2506.0, -647.0], [2510.0, -726.0], [2503.0, -790.0], [2504.0, -799.0], [2510.0, -802.0], [2516.0, -815.0], [2525.0, -817.0], [2536.0, -813.0], [2540.0, -816.0], [2545.0, -816.0], [2547.0, -818.0], [2546.0, -823.0], [2550.0, -828.0], [2566.0, -829.0], [2569.0, -831.0], [2576.0, -829.0], [2584.0, -832.0], [2598.0, -832.0], [2602.0, -835.0], [2591.0, -804.0], [2597.0, -772.0], [2596.0, -768.0], [2605.0, -730.0], [2596.0, -692.0], [2583.0, -665.0], [2535.0, -637.0], [2506.0, -647.0]]]}}, {"type": "Feature", "properties": {"code": "eire", "name": "Ireland", "capital": null, "culture": null, "civs": ["brit"], "provinceType": "land", "terrain": "cold", "mapTypes": ["cold"], "resources": null, "religion": null, "population": "medium", "centerpoint": [1515, 267], "position": {"x": 1387, "y": 220}, "bbox": {"w": 184, "h": 88}, "maskSize": [256, 128], "area": 4794, "links": ["britain", "english_channel", "iceland", "north_atlantic_ocean_02"]}, "geometry": {"type": "Polygon", "coordinates": [[[1553.0, -228.0], [1547.0, -225.0], [1543.0, -226.0], [1535.0, -220.0], [1531.0, -223.0], [1519.0, -224.0], [1510.0, -232.0], [1513.0, -238.0], [1507.0, -242.0], [1492.0, -238.0], [1488.0, -239.0], [1488.0, -242.0], [1484.0, -245.0], [1488.0, -251.0], [1482.0, -255.0], [1481.0, -259.0], [1485.0, -262.0], [1484.0, -267.0], [1488.0, -272.0], [1465.0, -285.0], [1468.0, -289.0], [1463.0, -294.0], [1468.0, -297.0], [1467.0, -300.0], [1473.0, -305.0], [1476.0, -304.0], [1482.0, -307.0], [1485.0, -305.0], [1495.0, -305.0], [1500.0, -301.0], [1504.0, -302.0], [1514.0, -297.0], [1531.0, -299.0], [1531.0, -295.0], [1536.0, -291.0], [1536.0, -286.0], [1541.0, -282.0], [1541.0, -271.0], [1544.0, -266.0], [1542.0, -259.0], [1558.0, -248.0], [1553.0, -228.0]]]}}, {"type": "Feature", "properties": {"code": "armenia", "name": "Armenia", "capital": null, "culture": null, "civs": ["arme", "achae"], "provinceType": "land", "terrain": "steppe", "mapTypes": ["steppe"], "resources": null, "religion": null, "population": "high", "centerpoint": [2277, 522], "position": {"x": 2197, "y": 477}, "bbox": {"w": 125, "h": 79}, "maskSize": [128, 128], "area": 5275, "links": ["assyria", "kapadocia", "kardousioi", "kolkhis", "media"]}, "geometry": {"type": "Polygon", "coordinates": [[[2197.0, -477.0], [2215.0, -488.0], [2218.0, -492.0], [2224.0, -495.0], [2232.0, -495.0], [2245.0, -502.0], [2250.0, -513.0], [2247.0, -523.0], [2237.0, -532.0], [2230.0, -536.0], [2213.0, -536.0], [2205.0, -541.0], [2203.0, -544.0], [2212.0, -554.0], [2263.0, -555.0], [2285.0, -548.0], [2321.0, -545.0], [2309.0, -509.0], [2290.0, -497.0], [2238.0, -480.0], [2197.0, -477.0]]]}}, {"type": "Feature", "properties": {"code": "lidia", "name": "Lidia", "capital": null, "culture": null, "civs": ["achae"], "provinceType": "land", "terrain": "medit", "mapTypes": ["medit"], "resources": null, "religion": null, "population": "high", "centerpoint": [2090, 594], "position": {"x": 2011, "y": 527}, "bbox": {"w": 157, "h": 127}, "maskSize": [256, 128], "area": 10851, "links": ["ionia", "kapadocia", "med_oriet", "thessalia", "thracia"]}, "geometry": {"type": "Polygon", "coordinates": [[[2129.0, -527.0], [2114.0, -533.0], [2100.0, -548.0], [2073.0, -548.0], [2065.0, -546.0], [2064.0, -551.0], [2058.0, -558.0], [2047.0, -560.0], [2039.0, -565.0], [2027.0, -579.0], [2018.0, -575.0], [2026.0, -583.0], [2043.0, -584.0], [2046.0, -610.0], [2050.0, -621.0], [2066.0, -639.0], [2075.0, -641.0], [2076.0, -644.0], [2078.0, -642.0], [2082.0, -651.0], [2091.0, -653.0], [2097.0, -648.0], [2102.0, -649.0], [2103.0, -639.0], [2107.0, -636.0], [2116.0, -635.0], [2127.0, -639.0], [2133.0, -646.0], [2156.0, -641.0], [2160.0, -633.0], [2167.0, -626.0], [2164.0, -622.0], [2146.0, -565.0], [2129.0, -527.0]]]}}, {"type": "Feature", "properties": {"code": "kapadocia", "name": "Cappadocia", "capital": null, "culture": null, "civs": ["achae"], "provinceType": "land", "terrain": "medit", "mapTypes": ["medit"], "resources": null, "religion": null, "population": "high", "centerpoint": [2188, 580], "position": {"x": 2129, "y": 522}, "bbox": {"w": 131, "h": 107}, "maskSize": [256, 128], "area": 7269, "links": ["armenia", "assyria", "lidia", "med_oriet", "siria"]}, "geometry": {"type": "Polygon", "coordinates": [[[2129.0, -526.0], [2147.0, -565.0], [2166.0, -624.0], [2178.0, -628.0], [2188.0, -617.0], [2213.0, -608.0], [2248.0, -591.0], [2259.0, -556.0], [2212.0, -555.0], [2202.0, -544.0], [2206.0, -539.0], [2198.0, -539.0], [2194.0, -536.0], [2187.0, -538.0], [2181.0, -534.0], [2176.0, -536.0], [2171.0, -532.0], [2170.0, -528.0], [2162.0, -531.0], [2157.0, -527.0], [2157.0, -523.0], [2154.0, -522.0], [2147.0, -527.0], [2129.0, -526.0]]]}}, {"type": "Feature", "properties": {"code": "siria", "name": "Syria", "capital": null, "culture": null, "civs": ["sele", "achae"], "provinceType": "land", "terrain": "medit", "mapTypes": ["medit"], "resources": null, "religion": null, "population": "high", "centerpoint": [2211, 640], "position": {"x": 2180, "y": 607}, "bbox": {"w": 57, "h": 105}, "maskSize": [64, 128], "area": 3946, "links": ["assyria", "judea", "kapadocia", "med_oriet", "mesopotamia", "nabatean"]}, "geometry": {"type": "Polygon", "coordinates": [[[2216.0, -607.0], [2188.0, -618.0], [2193.0, -624.0], [2186.0, -630.0], [2190.0, -637.0], [2186.0, -645.0], [2193.0, -651.0], [2191.0, -656.0], [2195.0, -665.0], [2190.0, -670.0], [2190.0, -679.0], [2186.0, -682.0], [2186.0, -688.0], [2180.0, -704.0], [2193.0, -711.0], [2196.0, -711.0], [2202.0, -700.0], [2209.0, -698.0], [2229.0, -699.0], [2236.0, -651.0], [2230.0, -624.0], [2216.0, -607.0]]]}}, {"type": "Feature", "properties": {"code": "ionia", "name": "Ionia", "capital": null, "culture": null, "civs": ["athen"], "provinceType": "land", "terrain": "medit", "mapTypes": ["medit"], "resources": null, "religion": null, "population": "high", "centerpoint": [2054, 643], "position": {"x": 2022, "y": 583}, "bbox": {"w": 57, "h": 83}, "maskSize": [64, 128], "area": 1583, "links": ["crete", "hellas", "lidia", "med_oriet", "thracia"]}, "geometry": {"type": "Polygon", "coordinates": [[[2027.0, -583.0], [2025.0, -587.0], [2026.0, -592.0], [2022.0, -595.0], [2022.0, -598.0], [2028.0, -600.0], [2034.0, -598.0], [2038.0, -601.0], [2038.0, -604.0], [2022.0, -611.0], [2025.0, -613.0], [2025.0, -619.0], [2030.0, -616.0], [2041.0, -622.0], [2039.0, -626.0], [2030.0, -629.0], [2027.0, -633.0], [2033.0, -633.0], [2038.0, -638.0], [2035.0, -644.0], [2040.0, -641.0], [2044.0, -644.0], [2043.0, -649.0], [2059.0, -660.0], [2058.0, -665.0], [2060.0, -665.0], [2065.0, -660.0], [2068.0, -652.0], [2064.0, -649.0], [2065.0, -645.0], [2069.0, -642.0], [2075.0, -645.0], [2075.0, -642.0], [2066.0, -640.0], [2049.0, -621.0], [2045.0, -610.0], [2042.0, -584.0], [2027.0, -583.0]]]}}, {"type": "Feature", "properties": {"code": "kolkhis", "name": "Colchis", "capital": null, "culture": null, "civs": ["kartl", "achae"], "provinceType": "land", "terrain": "steppe", "mapTypes": ["steppe"], "resources": null, "religion": null, "population": "medium", "centerpoint": [2266, 463], "position": {"x": 2165, "y": 423}, "bbox": {"w": 171, "h": 86}, "maskSize": [256, 128], "area": 6755, "links": ["armenia", "carpathia", "crimeia", "kardousioi", "sarmata"]}, "geometry": {"type": "Polygon", "coordinates": [[[2165.0, -462.0], [2174.0, -466.0], [2177.0, -470.0], [2195.0, -477.0], [2238.0, -479.0], [2290.0, -496.0], [2307.0, -508.0], [2335.0, -501.0], [2303.0, -471.0], [2303.0, -460.0], [2295.0, -459.0], [2293.0, -452.0], [2286.0, -448.0], [2289.0, -441.0], [2231.0, -436.0], [2216.0, -428.0], [2199.0, -429.0], [2190.0, -423.0], [2181.0, -429.0], [2179.0, -428.0], [2180.0, -433.0], [2187.0, -437.0], [2179.0, -451.0], [2179.0, -455.0], [2175.0, -458.0], [2169.0, -456.0], [2165.0, -462.0]]]}}, {"type": "Feature", "properties": {"code": "india", "name": "India", "capital": null, "culture": null, "civs": ["maur"], "provinceType": "land", "terrain": "india", "mapTypes": ["india"], "resources": null, "religion": null, "population": "high", "centerpoint": [2828, 952], "position": {"x": 2754, "y": 922}, "bbox": {"w": 138, "h": 62}, "maskSize": [256, 64], "area": 6423, "links": ["indian_ocean", "kalinga", "satyaputras", "vidarbha"]}, "geometry": {"type": "Polygon", "coordinates": [[[2891.0, -940.0], [2872.0, -922.0], [2807.0, -923.0], [2800.0, -932.0], [2787.0, -926.0], [2754.0, -929.0], [2760.0, -952.0], [2760.0, -961.0], [2770.0, -983.0], [2773.0, -978.0], [2811.0, -978.0], [2830.0, -983.0], [2857.0, -982.0], [2858.0, -963.0], [2865.0, -958.0], [2871.0, -959.0], [2877.0, -953.0], [2887.0, -950.0], [2888.0, -943.0], [2891.0, -940.0]]]}}, {"type": "Feature", "properties": {"code": "lanka", "name": "Sri Lanka", "capital": null, "culture": null, "civs": ["anura", "tami"], "provinceType": "land", "terrain": "india", "mapTypes": ["india"], "resources": null, "religion": null, "population": "high", "centerpoint": [2863, 1089], "position": {"x": 2843, "y": 1050}, "bbox": {"w": 40, "h": 67}, "maskSize": [64, 128], "area": 1841, "links": ["indian_ocean", "satyaputras"]}, "geometry": {"type": "Polygon", "coordinates": [[[2855.0, -1050.0], [2843.0, -1053.0], [2843.0, -1069.0], [2848.0, -1071.0], [2846.0, -1077.0], [2848.0, -1110.0], [2852.0, -1114.0], [2861.0, -1116.0], [2876.0, -1109.0], [2880.0, -1103.0], [2882.0, -1090.0], [2875.0, -1073.0], [2869.0, -1067.0], [2863.0, -1055.0], [2855.0, -1050.0]]]}}, {"type": "Feature", "properties": {"code": "maldivas", "name": "Maldives", "capital": null, "culture": null, "civs": ["maur"], "provinceType": "land", "terrain": "india", "mapTypes": ["india"], "resources": null, "religion": null, "population": "medium", "centerpoint": [2749, 1120], "position": {"x": 2739, "y": 1105}, "bbox": {"w": 18, "h": 89}, "maskSize": [32, 128], "area": 979, "links": ["indian_ocean"]}, "geometry": {"type": "Polygon", "coordinates": [[[2746.0, -1105.0], [2741.0, -1108.0], [2744.0, -1129.0], [2742.0, -1164.0], [2751.0, -1167.0], [2756.0, -1137.0], [2755.0, -1109.0], [2752.0, -1106.0], [2746.0, -1105.0]]]}}, {"type": "Feature", "properties": {"code": "kulin", "name": "Kulin", "capital": null, "culture": null, "civs": ["suva"], "provinceType": "land", "terrain": "temp", "mapTypes": ["temp"], "resources": null, "religion": null, "population": "medium", "centerpoint": [3778, 1664], "position": {"x": 3676, "y": 1558}, "bbox": {"w": 303, "h": 231}, "maskSize": [512, 256], "area": 39676, "links": ["arrernte", "eora", "lutruwita", "te_ika_a_maui"]}, "geometry": {"type": "Polygon", "coordinates": [[[3706.0, -1558.0], [3685.0, -1586.0], [3681.0, -1609.0], [3676.0, -1617.0], [3684.0, -1635.0], [3678.0, -1651.0], [3684.0, -1693.0], [3676.0, -1711.0], [3686.0, -1725.0], [3686.0, -1732.0], [3682.0, -1737.0], [3684.0, -1744.0], [3695.0, -1759.0], [3701.0, -1759.0], [3709.0, -1765.0], [3719.0, -1764.0], [3723.0, -1768.0], [3733.0, -1770.0], [3738.0, -1774.0], [3757.0, -1767.0], [3761.0, -1771.0], [3767.0, -1769.0], [3774.0, -1770.0], [3780.0, -1776.0], [3783.0, -1776.0], [3787.0, -1771.0], [3798.0, -1768.0], [3804.0, -1760.0], [3812.0, -1755.0], [3822.0, -1754.0], [3837.0, -1748.0], [3862.0, -1719.0], [3862.0, -1716.0], [3872.0, -1702.0], [3882.0, -1671.0], [3894.0, -1661.0], [3899.0, -1639.0], [3905.0, -1629.0], [3906.0, -1614.0], [3913.0, -1604.0], [3913.0, -1585.0], [3910.0, -1588.0], [3865.0, -1575.0], [3706.0, -1558.0]]]}}, {"type": "Feature", "properties": {"code": "libya", "name": "Libya", "capital": null, "culture": null, "civs": ["liby", "cart"], "provinceType": "land", "terrain": "desert", "mapTypes": ["desert"], "resources": null, "religion": null, "population": "low", "centerpoint": [1917, 873], "position": {"x": 1859, "y": 788}, "bbox": {"w": 196, "h": 155}, "maskSize": [256, 256], "area": 18838, "links": ["cyrenaica", "fezzan", "kush", "lake_chad", "niger", "tripolitania", "upper_egypt"]}, "geometry": {"type": "Polygon", "coordinates": [[[1871.0, -788.0], [1867.0, -892.0], [1859.0, -910.0], [1861.0, -913.0], [1880.0, -914.0], [1883.0, -917.0], [2037.0, -941.0], [2048.0, -907.0], [2054.0, -855.0], [2053.0, -844.0], [1951.0, -838.0], [1904.0, -795.0], [1894.0, -800.0], [1871.0, -788.0]]]}}, {"type": "Feature", "properties": {"code": "lowlands", "name": "Lowlands", "capital": null, "culture": null, "civs": ["gaul"], "provinceType": "land", "terrain": "temp", "mapTypes": ["temp"], "resources": null, "religion": null, "population": "medium", "centerpoint": [1704, 348], "position": {"x": 1669, "y": 303}, "bbox": {"w": 70, "h": 88}, "maskSize": [128, 128], "area": 2966, "links": ["bavaria", "celtica", "english_channel", "germania", "hercynia"]}, "geometry": {"type": "Polygon", "coordinates": [[[1709.0, -303.0], [1702.0, -319.0], [1687.0, -334.0], [1681.0, -337.0], [1679.0, -341.0], [1669.0, -344.0], [1699.0, -373.0], [1699.0, -390.0], [1732.0, -378.0], [1738.0, -351.0], [1738.0, -345.0], [1728.0, -341.0], [1722.0, -335.0], [1719.0, -320.0], [1709.0, -303.0]]]}}, {"type": "Feature", "properties": {"code": "brittany", "name": "Brittany", "capital": null, "culture": null, "civs": ["gaul"], "provinceType": "land", "terrain": "temp", "mapTypes": ["temp"], "resources": null, "religion": null, "population": "medium", "centerpoint": [1580, 408], "position": {"x": 1530, "y": 364}, "bbox": {"w": 97, "h": 97}, "maskSize": [128, 128], "area": 3784, "links": ["aquitania", "celtica", "central_gaul", "english_channel", "north_atlantic_ocean_02"]}, "geometry": {"type": "Polygon", "coordinates": [[[1531.0, -385.0], [1534.0, -388.0], [1534.0, -391.0], [1530.0, -394.0], [1534.0, -397.0], [1533.0, -400.0], [1539.0, -400.0], [1551.0, -408.0], [1551.0, -411.0], [1548.0, -413.0], [1549.0, -415.0], [1554.0, -411.0], [1557.0, -412.0], [1562.0, -418.0], [1562.0, -425.0], [1558.0, -429.0], [1565.0, -428.0], [1568.0, -431.0], [1568.0, -435.0], [1572.0, -438.0], [1572.0, -445.0], [1577.0, -446.0], [1594.0, -460.0], [1601.0, -404.0], [1626.0, -386.0], [1620.0, -377.0], [1614.0, -379.0], [1604.0, -376.0], [1597.0, -371.0], [1597.0, -366.0], [1592.0, -367.0], [1587.0, -364.0], [1587.0, -372.0], [1585.0, -374.0], [1588.0, -376.0], [1588.0, -383.0], [1583.0, -388.0], [1568.0, -388.0], [1563.0, -384.0], [1562.0, -380.0], [1555.0, -380.0], [1549.0, -383.0], [1536.0, -382.0], [1531.0, -385.0]]]}}, {"type": "Feature", "properties": {"code": "celtica", "name": "Celtica", "capital": null, "culture": null, "civs": ["gaul"], "provinceType": "land", "terrain": "temp", "mapTypes": ["temp"], "resources": null, "religion": null, "population": "medium", "centerpoint": [1662, 396], "position": {"x": 1596, "y": 345}, "bbox": {"w": 105, "h": 112}, "maskSize": [128, 128], "area": 6849, "links": ["aquitania", "bavaria", "brittany", "central_gaul", "english_channel", "london", "lowlands"]}, "geometry": {"type": "Polygon", "coordinates": [[[1668.0, -345.0], [1663.0, -347.0], [1654.0, -345.0], [1651.0, -357.0], [1647.0, -363.0], [1638.0, -368.0], [1628.0, -368.0], [1621.0, -372.0], [1621.0, -377.0], [1627.0, -386.0], [1602.0, -404.0], [1596.0, -456.0], [1599.0, -454.0], [1600.0, -449.0], [1602.0, -450.0], [1616.0, -441.0], [1694.0, -427.0], [1700.0, -414.0], [1698.0, -373.0], [1668.0, -345.0]]]}}, {"type": "Feature", "properties": {"code": "germania", "name": "Germania", "capital": null, "culture": null, "civs": ["germ"], "provinceType": "land", "terrain": "temp", "mapTypes": ["temp"], "resources": null, "religion": null, "population": "medium", "centerpoint": [1769, 337], "position": {"x": 1710, "y": 293}, "bbox": {"w": 110, "h": 84}, "maskSize": [128, 128], "area": 6016, "links": ["bavaria", "denmark", "english_channel", "hercynia", "lowlands", "silesia", "suebia"]}, "geometry": {"type": "Polygon", "coordinates": [[[1710.0, -303.0], [1720.0, -320.0], [1723.0, -335.0], [1728.0, -340.0], [1739.0, -345.0], [1738.0, -359.0], [1733.0, -376.0], [1775.0, -374.0], [1794.0, -359.0], [1819.0, -368.0], [1815.0, -330.0], [1807.0, -321.0], [1801.0, -321.0], [1800.0, -317.0], [1790.0, -313.0], [1787.0, -308.0], [1780.0, -307.0], [1779.0, -302.0], [1773.0, -296.0], [1768.0, -294.0], [1760.0, -299.0], [1754.0, -293.0], [1730.0, -298.0], [1716.0, -298.0], [1719.0, -305.0], [1715.0, -308.0], [1710.0, -303.0]]]}}, {"type": "Feature", "properties": {"code": "suebia", "name": "Suebia", "capital": null, "culture": null, "civs": ["sueb", "germ"], "provinceType": "land", "terrain": "cold", "mapTypes": ["cold"], "resources": null, "religion": null, "population": "medium", "centerpoint": [1854, 322], "position": {"x": 1779, "y": 280}, "bbox": {"w": 124, "h": 82}, "maskSize": [128, 128], "area": 5263, "links": ["bohemia", "denmark", "germania", "scandinavia", "silesia"]}, "geometry": {"type": "Polygon", "coordinates": [[[1902.0, -296.0], [1896.0, -291.0], [1899.0, -285.0], [1892.0, -280.0], [1870.0, -287.0], [1865.0, -293.0], [1846.0, -298.0], [1840.0, -297.0], [1835.0, -292.0], [1836.0, -285.0], [1832.0, -284.0], [1827.0, -289.0], [1819.0, -287.0], [1813.0, -293.0], [1808.0, -293.0], [1804.0, -296.0], [1801.0, -294.0], [1794.0, -295.0], [1779.0, -301.0], [1780.0, -306.0], [1787.0, -307.0], [1790.0, -312.0], [1800.0, -316.0], [1801.0, -320.0], [1807.0, -320.0], [1813.0, -328.0], [1825.0, -336.0], [1835.0, -339.0], [1851.0, -357.0], [1875.0, -361.0], [1874.0, -353.0], [1881.0, -342.0], [1880.0, -335.0], [1883.0, -331.0], [1880.0, -324.0], [1889.0, -320.0], [1899.0, -309.0], [1899.0, -301.0], [1902.0, -296.0]]]}}, {"type": "Feature", "properties": {"code": "helvecia", "name": "Helvetia", "capital": null, "culture": null, "civs": ["gaul"], "provinceType": "land", "terrain": "temp", "mapTypes": ["temp"], "resources": null, "religion": null, "population": "medium", "centerpoint": [1694, 474], "position": {"x": 1675, "y": 429}, "bbox": {"w": 117, "h": 70}, "maskSize": [128, 128], "area": 3894, "links": ["bavaria", "central_gaul", "cisalpine_gaul", "friuli", "hercynia", "milano", "noreia"]}, "geometry": {"type": "Polygon", "coordinates": [[[1789.0, -437.0], [1782.0, -432.0], [1741.0, -429.0], [1734.0, -434.0], [1703.0, -441.0], [1678.0, -465.0], [1675.0, -480.0], [1679.0, -498.0], [1708.0, -495.0], [1709.0, -482.0], [1720.0, -471.0], [1720.0, -466.0], [1756.0, -451.0], [1767.0, -452.0], [1772.0, -462.0], [1791.0, -464.0], [1789.0, -437.0]]]}}, {"type": "Feature", "properties": {"code": "central_gaul", "name": "Gaul", "capital": null, "culture": null, "civs": ["gaul"], "provinceType": "land", "terrain": "temp", "mapTypes": ["temp"], "resources": null, "religion": null, "population": "high", "centerpoint": [1649, 464], "position": {"x": 1595, "y": 427}, "bbox": {"w": 108, "h": 84}, "maskSize": [128, 128], "area": 4869, "links": ["aquitania", "bavaria", "brittany", "celtica", "helvecia", "milano"]}, "geometry": {"type": "Polygon", "coordinates": [[[1702.0, -439.0], [1695.0, -427.0], [1616.0, -442.0], [1602.0, -451.0], [1600.0, -450.0], [1595.0, -463.0], [1601.0, -476.0], [1609.0, -476.0], [1617.0, -485.0], [1626.0, -482.0], [1635.0, -489.0], [1641.0, -499.0], [1649.0, -503.0], [1655.0, -503.0], [1664.0, -510.0], [1667.0, -503.0], [1678.0, -499.0], [1674.0, -480.0], [1677.0, -465.0], [1702.0, -439.0]]]}}, {"type": "Feature", "properties": {"code": "silesia", "name": "Silesia", "capital": null, "culture": null, "civs": ["germ"], "provinceType": "land", "terrain": "temp", "mapTypes": ["temp"], "resources": null, "religion": null, "population": "medium", "centerpoint": [1856, 389], "position": {"x": 1812, "y": 330}, "bbox": {"w": 95, "h": 95}, "maskSize": [128, 128], "area": 5231, "links": ["bohemia", "dacia", "germania", "hercynia", "noreia", "pannonia", "suebia"]}, "geometry": {"type": "Polygon", "coordinates": [[[1816.0, -330.0], [1820.0, -370.0], [1812.0, -380.0], [1812.0, -391.0], [1832.0, -405.0], [1833.0, -421.0], [1840.0, -424.0], [1842.0, -421.0], [1849.0, -423.0], [1860.0, -418.0], [1868.0, -420.0], [1872.0, -417.0], [1883.0, -417.0], [1891.0, -421.0], [1899.0, -419.0], [1900.0, -408.0], [1906.0, -391.0], [1895.0, -385.0], [1890.0, -369.0], [1882.0, -362.0], [1866.0, -362.0], [1857.0, -358.0], [1851.0, -358.0], [1835.0, -340.0], [1825.0, -337.0], [1816.0, -330.0]]]}}, {"type": "Feature", "properties": {"code": "english_channel", "name": "English Channel", "capital": null, "culture": null, "civs": [], "provinceType": "sea", "terrain": null, "mapTypes": [], "resources": null, "religion": null, "population": null, "centerpoint": [1554, 363], "position": {"x": 1530, "y": 289}, "bbox": {"w": 185, "h": 98}, "maskSize": [256, 128], "area": 6550, "links": ["britain", "brittany", "celtica", "eire", "germania", "london", "lowlands", "north_atlantic_ocean_02"]}, "geometry": {"type": "Polygon", "coordinates": [[[1533.0, -294.0], [1530.0, -300.0], [1530.0, -383.0], [1532.0, -379.0], [1541.0, -376.0], [1561.0, -377.0], [1567.0, -385.0], [1585.0, -386.0], [1586.0, -378.0], [1583.0, -367.0], [1589.0, -362.0], [1600.0, -364.0], [1602.0, -374.0], [1611.0, -374.0], [1619.0, -377.0], [1624.0, -366.0], [1640.0, -366.0], [1648.0, -361.0], [1653.0, -347.0], [1650.0, -343.0], [1646.0, -347.0], [1633.0, -352.0], [1618.0, -347.0], [1613.0, -347.0], [1608.0, -351.0], [1602.0, -346.0], [1597.0, -349.0], [1595.0, -347.0], [1589.0, -348.0], [1585.0, -343.0], [1575.0, -343.0], [1566.0, -353.0], [1559.0, -347.0], [1550.0, -347.0], [1543.0, -353.0], [1539.0, -350.0], [1535.0, -351.0], [1533.0, -346.0], [1543.0, -343.0], [1555.0, -334.0], [1555.0, -325.0], [1560.0, -328.0], [1564.0, -325.0], [1569.0, -326.0], [1572.0, -322.0], [1564.0, -320.0], [1561.0, -316.0], [1554.0, -317.0], [1548.0, -307.0], [1568.0, -299.0], [1570.0, -290.0], [1538.0, -289.0], [1533.0, -294.0]]]}}, {"type": "Feature", "properties": {"code": "liang", "name": "Liang", "capital": null, "culture": null, "civs": ["han"], "provinceType": "land", "terrain": "temp", "mapTypes": ["temp"], "resources": null, "religion": null, "population": "high", "centerpoint": [3553, 556], "position": {"x": 3508, "y": 536}, "bbox": {"w": 69, "h": 63}, "maskSize": [128, 64], "area": 2546, "links": ["ji", "qing", "sili", "xu", "yu"]}, "geometry": {"type": "Polygon", "coordinates": [[[3527.0, -536.0], [3530.0, -549.0], [3508.0, -555.0], [3512.0, -593.0], [3547.0, -598.0], [3547.0, -589.0], [3537.0, -569.0], [3541.0, -565.0], [3545.0, -570.0], [3560.0, -572.0], [3576.0, -567.0], [3569.0, -559.0], [3576.0, -543.0], [3553.0, -542.0], [3537.0, -539.0], [3536.0, -536.0], [3527.0, -536.0]]]}}, {"type": "Feature", "properties": {"code": "nanyue", "name": "Nan Yue", "capital": null, "culture": null, "civs": ["han"], "provinceType": "land", "terrain": "temp", "mapTypes": ["temp"], "resources": null, "religion": null, "population": "high", "centerpoint": [3489, 796], "position": {"x": 3328, "y": 768}, "bbox": {"w": 217, "h": 114}, "maskSize": [256, 128], "area": 9223, "links": ["jing", "minyue", "nan_hai", "xivi", "yi"]}, "geometry": {"type": "Polygon", "coordinates": [[[3544.0, -794.0], [3541.0, -792.0], [3543.0, -787.0], [3533.0, -783.0], [3526.0, -768.0], [3471.0, -772.0], [3462.0, -794.0], [3336.0, -794.0], [3328.0, -803.0], [3357.0, -827.0], [3359.0, -824.0], [3363.0, -824.0], [3365.0, -831.0], [3369.0, -827.0], [3375.0, -830.0], [3391.0, -824.0], [3394.0, -826.0], [3399.0, -824.0], [3411.0, -829.0], [3421.0, -828.0], [3423.0, -832.0], [3420.0, -834.0], [3420.0, -841.0], [3424.0, -851.0], [3420.0, -854.0], [3412.0, -854.0], [3398.0, -865.0], [3400.0, -876.0], [3414.0, -878.0], [3419.0, -881.0], [3424.0, -877.0], [3439.0, -873.0], [3440.0, -865.0], [3449.0, -858.0], [3444.0, -852.0], [3438.0, -853.0], [3434.0, -850.0], [3436.0, -846.0], [3435.0, -841.0], [3440.0, -837.0], [3439.0, -834.0], [3442.0, -831.0], [3466.0, -828.0], [3470.0, -825.0], [3476.0, -827.0], [3484.0, -822.0], [3493.0, -825.0], [3496.0, -820.0], [3503.0, -818.0], [3516.0, -826.0], [3520.0, -816.0], [3512.0, -819.0], [3508.0, -814.0], [3518.0, -807.0], [3524.0, -809.0], [3530.0, -805.0], [3543.0, -804.0], [3542.0, -797.0], [3544.0, -794.0]]]}}, {"type": "Feature", "properties": {"code": "xivi", "name": "Xivi (Hanoi)", "capital": "Xivi", "culture": "", "civs": ["viet", "han"], "provinceType": "land", "terrain": "tropical", "mapTypes": ["tropical"], "resources": null, "religion": null, "population": "medium", "centerpoint": [3304, 853], "position": {"x": 3271, "y": 804}, "bbox": {"w": 89, "h": 108}, "maskSize": [128, 128], "area": 4790, "links": ["chenla", "funan", "nan_hai", "nanyue", "siam", "yi"]}, "geometry": {"type": "Polygon", "coordinates": [[[3326.0, -804.0], [3312.0, -812.0], [3304.0, -813.0], [3301.0, -822.0], [3271.0, -854.0], [3300.0, -885.0], [3325.0, -906.0], [3356.0, -911.0], [3359.0, -908.0], [3339.0, -892.0], [3337.0, -885.0], [3328.0, -881.0], [3323.0, -875.0], [3323.0, -868.0], [3331.0, -856.0], [3339.0, -853.0], [3344.0, -846.0], [3352.0, -844.0], [3354.0, -839.0], [3359.0, -836.0], [3359.0, -831.0], [3334.0, -808.0], [3326.0, -804.0]]]}}, {"type": "Feature", "properties": {"code": "indraprastha", "name": "Indraprastha", "capital": "Indraprastha", "culture": "", "civs": ["maur"], "provinceType": "land", "terrain": "india", "mapTypes": ["india"], "resources": null, "religion": null, "population": "high", "centerpoint": [2823, 743], "position": {"x": 2795, "y": 707}, "bbox": {"w": 107, "h": 71}, "maskSize": [128, 128], "area": 4281, "links": ["arachosia", "avanti", "himalaia", "magadha"]}, "geometry": {"type": "Polygon", "coordinates": [[[2796.0, -726.0], [2795.0, -747.0], [2805.0, -769.0], [2847.0, -772.0], [2869.0, -777.0], [2868.0, -766.0], [2873.0, -756.0], [2876.0, -755.0], [2885.0, -759.0], [2895.0, -753.0], [2901.0, -745.0], [2842.0, -724.0], [2827.0, -707.0], [2820.0, -709.0], [2796.0, -726.0]]]}}, {"type": "Feature", "properties": {"code": "baekje", "name": "Baekje", "capital": null, "culture": null, "civs": ["han"], "provinceType": "land", "terrain": "temp", "mapTypes": ["temp"], "resources": null, "religion": null, "population": "high", "centerpoint": [3713, 579], "position": {"x": 3672, "y": 508}, "bbox": {"w": 61, "h": 115}, "maskSize": [64, 128], "area": 3256, "links": ["dong_hai", "goguryeo", "silla_gaya"]}, "geometry": {"type": "Polygon", "coordinates": [[[3676.0, -509.0], [3672.0, -515.0], [3672.0, -520.0], [3682.0, -530.0], [3689.0, -523.0], [3700.0, -527.0], [3701.0, -538.0], [3694.0, -541.0], [3687.0, -549.0], [3692.0, -554.0], [3695.0, -553.0], [3703.0, -559.0], [3698.0, -573.0], [3693.0, -576.0], [3696.0, -586.0], [3690.0, -591.0], [3684.0, -586.0], [3685.0, -574.0], [3681.0, -587.0], [3691.0, -600.0], [3696.0, -596.0], [3703.0, -598.0], [3707.0, -595.0], [3727.0, -595.0], [3726.0, -591.0], [3730.0, -588.0], [3732.0, -589.0], [3721.0, -516.0], [3716.0, -517.0], [3683.0, -508.0], [3676.0, -509.0]]]}}, {"type": "Feature", "properties": {"code": "himalaia", "name": "Himalaia", "capital": null, "culture": null, "civs": ["han"], "provinceType": "land", "terrain": "india", "mapTypes": ["india"], "resources": null, "religion": null, "population": "medium", "centerpoint": [2866, 702], "position": {"x": 2829, "y": 673}, "bbox": {"w": 282, "h": 106}, "maskSize": [512, 128], "area": 13104, "links": ["arachosia", "assam", "burmese", "champa", "indraprastha", "magadha", "tibet"]}, "geometry": {"type": "Polygon", "coordinates": [[[2829.0, -706.0], [2842.0, -723.0], [2901.0, -744.0], [2900.0, -746.0], [2918.0, -751.0], [2934.0, -759.0], [2951.0, -759.0], [2982.0, -769.0], [3008.0, -772.0], [3016.0, -778.0], [3108.0, -739.0], [3108.0, -718.0], [3110.0, -717.0], [3108.0, -709.0], [3043.0, -717.0], [3033.0, -724.0], [2937.0, -716.0], [2873.0, -673.0], [2849.0, -673.0], [2829.0, -706.0]]]}}, {"type": "Feature", "properties": {"code": "tibet", "name": "Tibet", "capital": null, "culture": null, "civs": ["han"], "provinceType": "land", "terrain": "desert", "mapTypes": ["desert"], "resources": null, "religion": null, "population": "low", "centerpoint": [2983, 638], "position": {"x": 2835, "y": 557}, "bbox": {"w": 269, "h": 167}, "maskSize": [512, 256], "area": 33076, "links": ["arachosia", "burmese", "himalaia", "mongolia", "transoxiana", "western_siberia"]}, "geometry": {"type": "Polygon", "coordinates": [[[2848.0, -597.0], [2835.0, -632.0], [2839.0, -636.0], [2849.0, -671.0], [2873.0, -672.0], [2937.0, -715.0], [3033.0, -723.0], [3041.0, -718.0], [3038.0, -713.0], [3049.0, -691.0], [3099.0, -657.0], [3103.0, -651.0], [3098.0, -639.0], [3096.0, -583.0], [3013.0, -558.0], [2937.0, -557.0], [2883.0, -583.0], [2848.0, -597.0]]]}}, {"type": "Feature", "properties": {"code": "suvarnabhumi", "name": "Suvarnabhumi", "capital": null, "culture": null, "civs": ["suva", "maur"], "provinceType": "land", "terrain": "tropical", "mapTypes": ["tropical"], "resources": null, "religion": null, "population": "medium", "centerpoint": [3092, 862], "position": {"x": 3025, "y": 799}, "bbox": {"w": 129, "h": 215}, "maskSize": [256, 256], "area": 9941, "links": ["assam", "malaya", "siam", "vanga"]}, "geometry": {"type": "Polygon", "coordinates": [[[3083.0, -799.0], [3066.0, -807.0], [3057.0, -820.0], [3060.0, -826.0], [3056.0, -846.0], [3033.0, -867.0], [3043.0, -878.0], [3047.0, -877.0], [3051.0, -880.0], [3050.0, -889.0], [3059.0, -888.0], [3065.0, -892.0], [3069.0, -902.0], [3069.0, -911.0], [3063.0, -919.0], [3063.0, -924.0], [3082.0, -926.0], [3091.0, -917.0], [3097.0, -917.0], [3101.0, -914.0], [3104.0, -906.0], [3108.0, -903.0], [3113.0, -907.0], [3114.0, -914.0], [3122.0, -922.0], [3121.0, -930.0], [3137.0, -921.0], [3135.0, -910.0], [3139.0, -903.0], [3139.0, -881.0], [3142.0, -872.0], [3132.0, -859.0], [3153.0, -837.0], [3127.0, -813.0], [3083.0, -799.0]]]}}, {"type": "Feature", "properties": {"code": "wushu", "name": "Milan", "capital": null, "culture": null, "civs": ["tocha", "han"], "provinceType": "land", "terrain": "steppe", "mapTypes": ["steppe"], "resources": null, "religion": null, "population": "low", "centerpoint": [2854, 221], "position": {"x": 2686, "y": 37}, "bbox": {"w": 551, "h": 310}, "maskSize": [1024, 512], "area": 91236, "links": ["amur", "arctic_russia", "arctic_siberia", "central_siberia", "iacutia", "massagetae", "mongolia", "ural"]}, "geometry": {"type": "Polygon", "coordinates": [[[3236.0, -47.0], [3227.0, -37.0], [3197.0, -67.0], [3174.0, -84.0], [3160.0, -91.0], [3117.0, -104.0], [3039.0, -92.0], [2919.0, -97.0], [2785.0, -123.0], [2686.0, -293.0], [2708.0, -313.0], [2736.0, -328.0], [2745.0, -317.0], [2880.0, -346.0], [2883.0, -328.0], [2987.0, -275.0], [2996.0, -268.0], [3045.0, -242.0], [3197.0, -242.0], [3194.0, -240.0], [3230.0, -143.0], [3236.0, -47.0]]]}}, {"type": "Feature", "properties": {"code": "arachosia", "name": "Arachosia", "capital": null, "culture": null, "civs": ["achae"], "provinceType": "land", "terrain": "steppe", "mapTypes": ["steppe"], "resources": null, "religion": null, "population": "medium", "centerpoint": [2769, 686], "position": {"x": 2701, "y": 628}, "bbox": {"w": 149, "h": 157}, "maskSize": [256, 256], "area": 13949, "links": ["avanti", "bactria", "himalaia", "indraprastha", "kuntala", "sogdia", "tibet", "transoxiana"]}, "geometry": {"type": "Polygon", "coordinates": [[[2836.0, -633.0], [2791.0, -628.0], [2742.0, -644.0], [2719.0, -669.0], [2701.0, -723.0], [2762.0, -772.0], [2782.0, -784.0], [2788.0, -777.0], [2803.0, -768.0], [2794.0, -747.0], [2795.0, -726.0], [2820.0, -708.0], [2828.0, -707.0], [2849.0, -672.0], [2836.0, -633.0]]]}}, {"type": "Feature", "properties": {"code": "funan", "name": "Funan", "capital": null, "culture": null, "civs": ["vyadh", "han"], "provinceType": "land", "terrain": "tropical", "mapTypes": ["tropical"], "resources": null, "religion": null, "population": "medium", "centerpoint": [3370, 962], "position": {"x": 3300, "y": 906}, "bbox": {"w": 96, "h": 122}, "maskSize": [128, 128], "area": 5900, "links": ["chenla", "malaya", "nan_hai", "siam", "xivi"]}, "geometry": {"type": "Polygon", "coordinates": [[[3360.0, -906.0], [3356.0, -912.0], [3325.0, -907.0], [3341.0, -939.0], [3346.0, -962.0], [3337.0, -975.0], [3318.0, -982.0], [3300.0, -1005.0], [3310.0, -1027.0], [3320.0, -1024.0], [3331.0, -1011.0], [3334.0, -1013.0], [3350.0, -1009.0], [3355.0, -1005.0], [3359.0, -1006.0], [3363.0, -1002.0], [3369.0, -1002.0], [3390.0, -989.0], [3392.0, -982.0], [3391.0, -973.0], [3395.0, -970.0], [3391.0, -944.0], [3387.0, -939.0], [3387.0, -933.0], [3381.0, -929.0], [3381.0, -925.0], [3376.0, -919.0], [3371.0, -918.0], [3369.0, -914.0], [3362.0, -911.0], [3360.0, -906.0]]]}}, {"type": "Feature", "properties": {"code": "corsica_sardinia", "name": "Corsica Sardinia", "capital": null, "culture": null, "civs": ["rome"], "provinceType": "land", "terrain": "medit", "mapTypes": ["medit"], "resources": null, "religion": null, "population": "medium", "centerpoint": [1729, 583], "position": {"x": 1713, "y": 530}, "bbox": {"w": 31, "h": 86}, "maskSize": [32, 128], "area": 1421, "links": ["carthage", "med_central", "med_west"]}, "geometry": {"type": "Polygon", "coordinates": [[[1740.0, -530.0], [1736.0, -535.0], [1725.0, -540.0], [1723.0, -551.0], [1725.0, -560.0], [1729.0, -561.0], [1732.0, -567.0], [1721.0, -575.0], [1717.0, -572.0], [1718.0, -569.0], [1716.0, -569.0], [1714.0, -579.0], [1718.0, -582.0], [1719.0, -588.0], [1716.0, -592.0], [1718.0, -598.0], [1713.0, -609.0], [1718.0, -615.0], [1723.0, -615.0], [1728.0, -609.0], [1735.0, -611.0], [1739.0, -599.0], [1739.0, -587.0], [1743.0, -581.0], [1739.0, -569.0], [1734.0, -565.0], [1734.0, -560.0], [1737.0, -552.0], [1740.0, -550.0], [1740.0, -530.0]]]}}, {"type": "Feature", "properties": {"code": "numantia", "name": "Numantia", "capital": null, "culture": null, "civs": ["iber"], "provinceType": "land", "terrain": "semi_arid", "mapTypes": ["semi_arid"], "resources": null, "religion": null, "population": "medium", "centerpoint": [1497, 559], "position": {"x": 1463, "y": 500}, "bbox": {"w": 82, "h": 111}, "maskSize": [128, 128], "area": 5370, "links": ["baetica", "basque", "galicia", "iberia", "lusitania"]}, "geometry": {"type": "Polygon", "coordinates": [[[1500.0, -500.0], [1468.0, -529.0], [1463.0, -541.0], [1467.0, -548.0], [1467.0, -574.0], [1503.0, -600.0], [1510.0, -610.0], [1530.0, -593.0], [1544.0, -569.0], [1523.0, -544.0], [1531.0, -529.0], [1500.0, -500.0]]]}}, {"type": "Feature", "properties": {"code": "galicia", "name": "Galicia", "capital": null, "culture": null, "civs": ["iber"], "provinceType": "land", "terrain": "temp", "mapTypes": ["temp"], "resources": null, "religion": null, "population": "medium", "centerpoint": [1454, 502], "position": {"x": 1422, "y": 469}, "bbox": {"w": 79, "h": 71}, "maskSize": [128, 128], "area": 3545, "links": ["basque", "lusitania", "numantia"]}, "geometry": {"type": "Polygon", "coordinates": [[[1446.0, -469.0], [1439.0, -476.0], [1430.0, -476.0], [1422.0, -482.0], [1425.0, -486.0], [1426.0, -496.0], [1423.0, -506.0], [1424.0, -524.0], [1429.0, -523.0], [1462.0, -539.0], [1467.0, -529.0], [1500.0, -499.0], [1487.0, -495.0], [1492.0, -480.0], [1485.0, -477.0], [1463.0, -476.0], [1457.0, -471.0], [1446.0, -469.0]]]}}, {"type": "Feature", "properties": {"code": "aquitania", "name": "Aquitania", "capital": null, "culture": null, "civs": ["gaul"], "provinceType": "land", "terrain": "temp", "mapTypes": ["temp"], "resources": null, "religion": null, "population": "medium", "centerpoint": [1583, 485], "position": {"x": 1556, "y": 446}, "bbox": {"w": 109, "h": 75}, "maskSize": [128, 128], "area": 3592, "links": ["basque", "brittany", "celtica", "central_gaul", "med_west", "milano", "tarraco"]}, "geometry": {"type": "Polygon", "coordinates": [[[1571.0, -446.0], [1573.0, -455.0], [1566.0, -470.0], [1566.0, -475.0], [1557.0, -490.0], [1558.0, -493.0], [1597.0, -517.0], [1632.0, -517.0], [1638.0, -520.0], [1643.0, -519.0], [1647.0, -515.0], [1655.0, -516.0], [1659.0, -519.0], [1663.0, -516.0], [1663.0, -510.0], [1655.0, -504.0], [1649.0, -504.0], [1641.0, -500.0], [1634.0, -489.0], [1626.0, -483.0], [1617.0, -486.0], [1609.0, -477.0], [1601.0, -477.0], [1594.0, -461.0], [1577.0, -447.0], [1571.0, -446.0]]]}}, {"type": "Feature", "properties": {"code": "illyria", "name": "Illyria", "capital": null, "culture": null, "civs": ["illy", "gaul"], "provinceType": "land", "terrain": "temp", "mapTypes": ["temp"], "resources": null, "religion": null, "population": "medium", "centerpoint": [1862, 508], "position": {"x": 1838, "y": 480}, "bbox": {"w": 76, "h": 73}, "maskSize": [128, 128], "area": 1795, "links": ["epirus", "friuli", "med_central", "pannonia", "thracia"]}, "geometry": {"type": "Polygon", "coordinates": [[[1841.0, -483.0], [1838.0, -500.0], [1851.0, -505.0], [1849.0, -509.0], [1845.0, -509.0], [1849.0, -515.0], [1867.0, -524.0], [1874.0, -535.0], [1878.0, -533.0], [1885.0, -537.0], [1890.0, -536.0], [1902.0, -544.0], [1909.0, -552.0], [1913.0, -546.0], [1903.0, -529.0], [1870.0, -501.0], [1857.0, -482.0], [1854.0, -480.0], [1841.0, -483.0]]]}}, {"type": "Feature", "properties": {"code": "thracia", "name": "Thracia", "capital": null, "culture": null, "civs": ["thra", "gaul"], "provinceType": "land", "terrain": "temp", "mapTypes": ["temp"], "resources": null, "religion": null, "population": "medium", "centerpoint": [1992, 533], "position": {"x": 1915, "y": 464}, "bbox": {"w": 155, "h": 115}, "maskSize": [256, 128], "area": 8640, "links": ["dacia", "epirus", "illyria", "ionia", "lidia", "med_oriet", "pannonia", "sarmata", "thessalia"]}, "geometry": {"type": "Polygon", "coordinates": [[[2069.0, -468.0], [2067.0, -465.0], [2061.0, -464.0], [2057.0, -465.0], [2050.0, -472.0], [2041.0, -472.0], [2040.0, -476.0], [2046.0, -482.0], [2043.0, -489.0], [2022.0, -496.0], [2015.0, -495.0], [2005.0, -503.0], [1972.0, -500.0], [1970.0, -492.0], [1962.0, -490.0], [1925.0, -527.0], [1918.0, -537.0], [1915.0, -547.0], [1927.0, -553.0], [1930.0, -561.0], [1940.0, -564.0], [1943.0, -563.0], [1945.0, -557.0], [1952.0, -549.0], [1990.0, -567.0], [1995.0, -565.0], [2000.0, -569.0], [2003.0, -568.0], [2003.0, -563.0], [2007.0, -560.0], [2017.0, -561.0], [2026.0, -569.0], [2024.0, -574.0], [2018.0, -574.0], [2027.0, -578.0], [2039.0, -564.0], [2047.0, -559.0], [2058.0, -557.0], [2064.0, -549.0], [2064.0, -546.0], [2051.0, -539.0], [2051.0, -535.0], [2045.0, -528.0], [2044.0, -522.0], [2048.0, -519.0], [2047.0, -512.0], [2049.0, -509.0], [2056.0, -506.0], [2055.0, -489.0], [2058.0, -483.0], [2064.0, -479.0], [2069.0, -479.0], [2067.0, -473.0], [2069.0, -468.0]]]}}, {"type": "Feature", "properties": {"code": "dacia", "name": "Dacia", "capital": null, "culture": null, "civs": ["daci", "gaul"], "provinceType": "land", "terrain": "temp", "mapTypes": ["temp"], "resources": null, "religion": null, "population": "medium", "centerpoint": [1961, 435], "position": {"x": 1899, "y": 377}, "bbox": {"w": 152, "h": 126}, "maskSize": [256, 128], "area": 13678, "links": ["bohemia", "moravia", "pannonia", "sarmata", "silesia", "thracia"]}, "geometry": {"type": "Polygon", "coordinates": [[[1907.0, -391.0], [1901.0, -408.0], [1901.0, -417.0], [1910.0, -426.0], [1899.0, -440.0], [1903.0, -448.0], [1900.0, -461.0], [1916.0, -465.0], [1922.0, -469.0], [1929.0, -484.0], [1943.0, -483.0], [1948.0, -490.0], [1967.0, -489.0], [1971.0, -492.0], [1972.0, -499.0], [2005.0, -502.0], [2015.0, -494.0], [2022.0, -495.0], [2043.0, -488.0], [2045.0, -482.0], [2039.0, -475.0], [2050.0, -445.0], [2044.0, -435.0], [2044.0, -430.0], [2027.0, -418.0], [2018.0, -408.0], [1995.0, -393.0], [1962.0, -379.0], [1947.0, -381.0], [1939.0, -377.0], [1932.0, -383.0], [1916.0, -386.0], [1907.0, -391.0]]]}}, {"type": "Feature", "properties": {"code": "milano", "name": "milano", "capital": "Medhelanon", "culture": null, "civs": ["gaul"], "provinceType": "land", "terrain": "temp", "mapTypes": ["temp"], "resources": null, "religion": null, "population": "medium", "centerpoint": [1682, 513], "position": {"x": 1663, "y": 496}, "bbox": {"w": 58, "h": 34}, "maskSize": [64, 64], "area": 1145, "links": ["aquitania", "central_gaul", "cisalpine_gaul", "helvecia", "med_west"]}, "geometry": {"type": "Polygon", "coordinates": [[[1720.0, -511.0], [1711.0, -504.0], [1708.0, -496.0], [1679.0, -499.0], [1669.0, -503.0], [1666.0, -506.0], [1663.0, -517.0], [1676.0, -528.0], [1682.0, -529.0], [1692.0, -525.0], [1694.0, -520.0], [1708.0, -513.0], [1720.0, -511.0]]]}}, {"type": "Feature", "properties": {"code": "satyaputras", "name": "Satyaputras", "capital": null, "culture": null, "civs": ["tami", "maur"], "provinceType": "land", "terrain": "india", "mapTypes": ["india"], "resources": null, "religion": null, "population": "high", "centerpoint": [2817, 1015], "position": {"x": 2771, "y": 979}, "bbox": {"w": 88, "h": 103}, "maskSize": [128, 128], "area": 6260, "links": ["india", "indian_ocean", "lanka"]}, "geometry": {"type": "Polygon", "coordinates": [[[2773.0, -979.0], [2771.0, -987.0], [2775.0, -999.0], [2775.0, -1007.0], [2781.0, -1022.0], [2788.0, -1030.0], [2788.0, -1038.0], [2794.0, -1047.0], [2794.0, -1058.0], [2798.0, -1071.0], [2808.0, -1078.0], [2819.0, -1076.0], [2825.0, -1068.0], [2829.0, -1071.0], [2825.0, -1081.0], [2836.0, -1078.0], [2836.0, -1074.0], [2842.0, -1069.0], [2842.0, -1052.0], [2839.0, -1050.0], [2839.0, -1046.0], [2845.0, -1042.0], [2850.0, -1042.0], [2849.0, -1020.0], [2853.0, -1017.0], [2857.0, -1019.0], [2854.0, -1016.0], [2858.0, -1002.0], [2857.0, -983.0], [2830.0, -984.0], [2811.0, -979.0], [2773.0, -979.0]]]}}, {"type": "Feature", "properties": {"code": "vanga", "name": "Vanga", "capital": null, "culture": null, "civs": ["maur"], "provinceType": "land", "terrain": "india", "mapTypes": ["india"], "resources": null, "religion": null, "population": "high", "centerpoint": [2982, 846], "position": {"x": 2961, "y": 814}, "bbox": {"w": 99, "h": 69}, "maskSize": [128, 128], "area": 4379, "links": ["assam", "champa", "kalinga", "magadha", "suvarnabhumi"]}, "geometry": {"type": "Polygon", "coordinates": [[[3059.0, -824.0], [3056.0, -821.0], [3053.0, -822.0], [3033.0, -814.0], [3025.0, -815.0], [3011.0, -822.0], [2994.0, -821.0], [2981.0, -825.0], [2977.0, -821.0], [2971.0, -821.0], [2963.0, -824.0], [2961.0, -834.0], [2963.0, -874.0], [2966.0, -874.0], [2968.0, -878.0], [2975.0, -882.0], [2992.0, -878.0], [2994.0, -873.0], [2999.0, -872.0], [2999.0, -858.0], [3007.0, -852.0], [3014.0, -858.0], [3022.0, -849.0], [3026.0, -852.0], [3026.0, -861.0], [3029.0, -866.0], [3035.0, -866.0], [3055.0, -846.0], [3059.0, -824.0]]]}}, {"type": "Feature", "properties": {"code": "champa", "name": "Champa", "capital": "Champa", "culture": null, "civs": ["maur"], "provinceType": "land", "terrain": "india", "mapTypes": ["india"], "resources": null, "religion": null, "population": "high", "centerpoint": [2990, 796], "position": {"x": 2960, "y": 768}, "bbox": {"w": 71, "h": 59}, "maskSize": [128, 64], "area": 2919, "links": ["assam", "himalaia", "kalinga", "magadha", "vanga"]}, "geometry": {"type": "Polygon", "coordinates": [[[2960.0, -826.0], [2971.0, -820.0], [2977.0, -820.0], [2981.0, -824.0], [2994.0, -820.0], [3011.0, -821.0], [3030.0, -813.0], [3018.0, -780.0], [3008.0, -773.0], [2975.0, -768.0], [2964.0, -793.0], [2960.0, -809.0], [2960.0, -826.0]]]}}, {"type": "Feature", "properties": {"code": "kalinga", "name": "Kalinga", "capital": "Tosali", "culture": null, "civs": ["maur"], "provinceType": "land", "terrain": "india", "mapTypes": ["india"], "resources": null, "religion": null, "population": "high", "centerpoint": [2917, 877], "position": {"x": 2867, "y": 825}, "bbox": {"w": 97, "h": 116}, "maskSize": [128, 128], "area": 5960, "links": ["avanti", "champa", "india", "indian_ocean", "magadha", "vanga", "vidarbha"]}, "geometry": {"type": "Polygon", "coordinates": [[[2963.0, -825.0], [2933.0, -837.0], [2928.0, -846.0], [2917.0, -844.0], [2900.0, -848.0], [2883.0, -865.0], [2884.0, -890.0], [2867.0, -921.0], [2875.0, -922.0], [2886.0, -936.0], [2892.0, -940.0], [2901.0, -935.0], [2908.0, -927.0], [2914.0, -924.0], [2917.0, -925.0], [2916.0, -920.0], [2933.0, -904.0], [2952.0, -896.0], [2954.0, -889.0], [2952.0, -882.0], [2962.0, -874.0], [2960.0, -834.0], [2963.0, -825.0]]]}}, {"type": "Feature", "properties": {"code": "vidarbha", "name": "Vidarbha", "capital": "", "culture": null, "civs": ["maur"], "provinceType": "land", "terrain": "india", "mapTypes": ["india"], "resources": null, "religion": null, "population": "high", "centerpoint": [2789, 893], "position": {"x": 2752, "y": 853}, "bbox": {"w": 139, "h": 79}, "maskSize": [256, 128], "area": 8113, "links": ["avanti", "india", "indian_ocean", "kalinga", "saurashtra"]}, "geometry": {"type": "Polygon", "coordinates": [[[2890.0, -857.0], [2860.0, -853.0], [2842.0, -860.0], [2807.0, -858.0], [2794.0, -862.0], [2791.0, -858.0], [2767.0, -867.0], [2752.0, -882.0], [2752.0, -887.0], [2756.0, -892.0], [2756.0, -899.0], [2753.0, -905.0], [2754.0, -928.0], [2787.0, -925.0], [2800.0, -931.0], [2807.0, -922.0], [2866.0, -921.0], [2883.0, -890.0], [2882.0, -865.0], [2890.0, -857.0]]]}}, {"type": "Feature", "properties": {"code": "avanti", "name": "Avanti", "capital": "Ujjain", "culture": null, "civs": ["maur"], "provinceType": "land", "terrain": "india", "mapTypes": ["india"], "resources": null, "religion": null, "population": "high", "centerpoint": [2822, 815], "position": {"x": 2751, "y": 769}, "bbox": {"w": 149, "h": 98}, "maskSize": [256, 128], "area": 9947, "links": ["arachosia", "indraprastha", "kalinga", "kuntala", "magadha", "saurashtra", "vidarbha"]}, "geometry": {"type": "Polygon", "coordinates": [[[2751.0, -834.0], [2767.0, -866.0], [2791.0, -857.0], [2794.0, -861.0], [2807.0, -857.0], [2842.0, -859.0], [2860.0, -852.0], [2891.0, -856.0], [2899.0, -848.0], [2871.0, -817.0], [2879.0, -791.0], [2868.0, -785.0], [2867.0, -777.0], [2847.0, -773.0], [2803.0, -769.0], [2791.0, -776.0], [2760.0, -811.0], [2751.0, -834.0]]]}}, {"type": "Feature", "properties": {"code": "saurashtra", "name": "Saurashtra", "capital": null, "culture": null, "civs": ["maur"], "provinceType": "land", "terrain": "india", "mapTypes": ["india"], "resources": null, "religion": null, "population": "high", "centerpoint": [2738, 863], "position": {"x": 2697, "y": 834}, "bbox": {"w": 70, "h": 67}, "maskSize": [128, 128], "area": 2805, "links": ["avanti", "indian_ocean", "kuntala", "vidarbha"]}, "geometry": {"type": "Polygon", "coordinates": [[[2750.0, -834.0], [2737.0, -834.0], [2729.0, -842.0], [2714.0, -846.0], [2697.0, -858.0], [2700.0, -862.0], [2716.0, -868.0], [2714.0, -872.0], [2704.0, -872.0], [2702.0, -875.0], [2725.0, -900.0], [2734.0, -898.0], [2742.0, -894.0], [2748.0, -887.0], [2751.0, -887.0], [2751.0, -882.0], [2766.0, -867.0], [2750.0, -834.0]]]}}, {"type": "Feature", "properties": {"code": "gedrosia", "name": "Gedrosia", "capital": null, "culture": null, "civs": ["maur"], "provinceType": "land", "terrain": "india", "mapTypes": ["india"], "resources": null, "religion": null, "population": "high", "centerpoint": [2605, 834], "position": {"x": 2594, "y": 813}, "bbox": {"w": 20, "h": 23}, "maskSize": [32, 32], "area": 35, "links": ["karmania", "kuntala"]}, "geometry": {"type": "Polygon", "coordinates": [[[2605.0, -834.0], [2613.0, -834.0], [2605.0, -834.0]]]}}, {"type": "Feature", "properties": {"code": "burmese", "name": "Burma", "capital": null, "culture": null, "civs": ["pyu", "han"], "provinceType": "land", "terrain": "temp", "mapTypes": ["temp"], "resources": null, "religion": null, "population": "medium", "centerpoint": [3164, 697], "position": {"x": 3039, "y": 636}, "bbox": {"w": 204, "h": 153}, "maskSize": [256, 256], "area": 17812, "links": ["assam", "gansu", "himalaia", "mongolia", "siam", "tibet", "yi"]}, "geometry": {"type": "Polygon", "coordinates": [[[3242.0, -647.0], [3239.0, -644.0], [3236.0, -646.0], [3218.0, -638.0], [3206.0, -636.0], [3148.0, -641.0], [3112.0, -653.0], [3104.0, -651.0], [3099.0, -658.0], [3051.0, -690.0], [3039.0, -713.0], [3042.0, -717.0], [3108.0, -708.0], [3121.0, -743.0], [3168.0, -788.0], [3199.0, -776.0], [3203.0, -777.0], [3220.0, -773.0], [3214.0, -722.0], [3239.0, -709.0], [3230.0, -685.0], [3242.0, -647.0]]]}}, {"type": "Feature", "properties": {"code": "indian_ocean", "name": "Indian Ocean", "capital": null, "culture": null, "civs": [], "provinceType": "sea", "terrain": null, "mapTypes": [], "resources": null, "religion": null, "population": null, "centerpoint": [2804, 1235], "position": {"x": 2648, "y": 888}, "bbox": {"w": 343, "h": 419}, "maskSize": [512, 512], "area": 73205, "links": ["india", "kalinga", "lanka", "maldivas", "satyaputras", "saurashtra", "vidarbha"]}, "geometry": {"type": "Polygon", "coordinates": [[[2711.0, -891.0], [2680.0, -916.0], [2648.0, -950.0], [2653.0, -1081.0], [2682.0, -1236.0], [2735.0, -1285.0], [2868.0, -1306.0], [2859.0, -1119.0], [2851.0, -1116.0], [2846.0, -1108.0], [2844.0, -1083.0], [2847.0, -1071.0], [2842.0, -1070.0], [2837.0, -1074.0], [2836.0, -1079.0], [2828.0, -1082.0], [2824.0, -1081.0], [2828.0, -1075.0], [2828.0, -1071.0], [2825.0, -1069.0], [2819.0, -1077.0], [2809.0, -1081.0], [2797.0, -1072.0], [2793.0, -1064.0], [2793.0, -1049.0], [2786.0, -1036.0], [2783.0, -1024.0], [2772.0, -1007.0], [2769.0, -985.0], [2756.0, -960.0], [2751.0, -914.0], [2753.0, -902.0], [2752.0, -888.0], [2750.0, -888.0], [2748.0, -894.0], [2730.0, -902.0], [2721.0, -899.0], [2711.0, -891.0]]]}}, {"type": "Feature", "properties": {"code": "magadha", "name": "Magadha", "capital": "Pataliputra", "culture": null, "civs": ["maur"], "provinceType": "land", "terrain": "india", "mapTypes": ["india"], "resources": null, "religion": null, "population": "high", "centerpoint": [2920, 798], "position": {"x": 2869, "y": 747}, "bbox": {"w": 109, "h": 101}, "maskSize": [128, 128], "area": 7419, "links": ["avanti", "champa", "himalaia", "indraprastha", "kalinga", "vanga"]}, "geometry": {"type": "Polygon", "coordinates": [[[2874.0, -756.0], [2869.0, -766.0], [2869.0, -785.0], [2880.0, -792.0], [2872.0, -817.0], [2900.0, -847.0], [2917.0, -843.0], [2928.0, -845.0], [2933.0, -836.0], [2959.0, -826.0], [2959.0, -809.0], [2963.0, -793.0], [2976.0, -767.0], [2970.0, -767.0], [2951.0, -760.0], [2934.0, -760.0], [2902.0, -747.0], [2885.0, -760.0], [2874.0, -756.0]]]}}, {"type": "Feature", "properties": {"code": "kuntala", "name": "Kuntala", "capital": "Suvarnagiri", "culture": null, "civs": ["maur"], "provinceType": "land", "terrain": "india", "mapTypes": ["india"], "resources": null, "religion": null, "population": "high", "centerpoint": [2702, 790], "position": {"x": 2592, "y": 724}, "bbox": {"w": 190, "h": 135}, "maskSize": [256, 256], "area": 14704, "links": ["arachosia", "avanti", "bactria", "gedrosia", "karmania", "saurashtra"]}, "geometry": {"type": "Polygon", "coordinates": [[[2781.0, -785.0], [2762.0, -773.0], [2701.0, -724.0], [2699.0, -727.0], [2678.0, -737.0], [2669.0, -751.0], [2598.0, -769.0], [2592.0, -808.0], [2604.0, -834.0], [2634.0, -833.0], [2640.0, -830.0], [2655.0, -832.0], [2667.0, -828.0], [2680.0, -838.0], [2680.0, -845.0], [2683.0, -851.0], [2694.0, -853.0], [2696.0, -858.0], [2714.0, -845.0], [2729.0, -841.0], [2737.0, -833.0], [2751.0, -833.0], [2757.0, -814.0], [2781.0, -785.0]]]}}, {"type": "Feature", "properties": {"code": "ocean_pacific_austral", "name": "South Pacific Ocean", "capital": null, "culture": null, "civs": [], "provinceType": "sea", "terrain": null, "mapTypes": [], "resources": null, "religion": null, "population": "low", "centerpoint": [138, 1956], "position": {"x": 0, "y": 1864}, "bbox": {"w": 252, "h": 184}, "maskSize": [256, 256], "area": 45368, "links": ["rapa_nui"]}, "geometry": {"type": "Polygon", "coordinates": [[[250.0, -1864.0], [0.0, -1866.0], [0.0, -2007.0], [4.0, -2006.0], [12.0, -2014.0], [13.0, -2018.0], [18.0, -2019.0], [21.0, -2023.0], [20.0, -2030.0], [12.0, -2040.0], [7.0, -2041.0], [7.0, -2047.0], [251.0, -2047.0], [250.0, -1864.0]]]}}, {"type": "Feature", "properties": {"code": "kamchatka", "name": "Kamchatka", "capital": null, "culture": null, "civs": ["ural"], "provinceType": "land", "terrain": "arctic", "mapTypes": ["arctic"], "resources": null, "religion": null, "population": "low", "centerpoint": [3926, 71], "position": {"x": 3824, "y": 0}, "bbox": {"w": 272, "h": 301}, "maskSize": [512, 512], "area": 39784, "links": ["chukchi_coast", "chukotka", "hokkaido"]}, "geometry": {"type": "Polygon", "coordinates": [[[3824.0, -0.0], [3844.0, -47.0], [3851.0, -149.0], [3848.0, -156.0], [3850.0, -172.0], [3850.0, -162.0], [3852.0, -160.0], [3861.0, -160.0], [3867.0, -152.0], [3869.0, -145.0], [3879.0, -146.0], [3886.0, -139.0], [3892.0, -142.0], [3899.0, -142.0], [3904.0, -146.0], [3911.0, -146.0], [3918.0, -141.0], [3934.0, -141.0], [3943.0, -144.0], [3949.0, -141.0], [3953.0, -144.0], [3965.0, -139.0], [3969.0, -142.0], [3969.0, -146.0], [3986.0, -146.0], [3992.0, -140.0], [4000.0, -139.0], [4004.0, -134.0], [4017.0, -133.0], [4016.0, -128.0], [4019.0, -126.0], [4019.0, -123.0], [4013.0, -118.0], [4011.0, -111.0], [4019.0, -106.0], [4020.0, -98.0], [4025.0, -92.0], [4040.0, -91.0], [4046.0, -106.0], [4053.0, -108.0], [4054.0, -101.0], [4059.0, -92.0], [4068.0, -84.0], [4072.0, -87.0], [4072.0, -97.0], [4066.0, -100.0], [4063.0, -107.0], [4065.0, -113.0], [4061.0, -119.0], [4060.0, -139.0], [4053.0, -145.0], [4046.0, -146.0], [4049.0, -159.0], [4042.0, -168.0], [4042.0, -174.0], [4045.0, -177.0], [4045.0, -187.0], [4052.0, -194.0], [4055.0, -204.0], [4061.0, -209.0], [4061.0, -218.0], [4076.0, -233.0], [4076.0, -241.0], [4072.0, -244.0], [4066.0, -242.0], [4066.0, -249.0], [4063.0, -251.0], [4061.0, -262.0], [4057.0, -265.0], [4055.0, -264.0], [4055.0, -272.0], [4062.0, -269.0], [4066.0, -274.0], [4062.0, -277.0], [4059.0, -291.0], [4055.0, -296.0], [4051.0, -297.0], [4055.0, -300.0], [4065.0, -295.0], [4067.0, -296.0], [4070.0, -287.0], [4074.0, -284.0], [4077.0, -286.0], [4078.0, -278.0], [4091.0, -265.0], [4091.0, -254.0], [4095.0, -251.0], [4095.0, -0.0], [3824.0, -0.0]]]}}, {"type": "Feature", "properties": {"code": "caatinga", "name": "Caatinga", "capital": null, "culture": null, "civs": ["tupi"], "provinceType": "land", "terrain": "tropical", "mapTypes": ["tropical"], "resources": null, "religion": null, "population": "low", "centerpoint": [1191, 1302], "position": {"x": 1068, "y": 1192}, "bbox": {"w": 186, "h": 242}, "maskSize": [256, 256], "area": 25359, "links": ["central_plateau", "maranhao", "pindorama"]}, "geometry": {"type": "Polygon", "coordinates": [[[1100.0, -1193.0], [1103.0, -1198.0], [1116.0, -1255.0], [1133.0, -1315.0], [1108.0, -1337.0], [1104.0, -1351.0], [1083.0, -1372.0], [1073.0, -1391.0], [1068.0, -1408.0], [1194.0, -1433.0], [1197.0, -1428.0], [1197.0, -1412.0], [1195.0, -1408.0], [1197.0, -1390.0], [1201.0, -1385.0], [1209.0, -1383.0], [1216.0, -1366.0], [1220.0, -1363.0], [1227.0, -1350.0], [1237.0, -1345.0], [1250.0, -1318.0], [1250.0, -1305.0], [1253.0, -1303.0], [1249.0, -1282.0], [1246.0, -1280.0], [1244.0, -1254.0], [1236.0, -1248.0], [1226.0, -1250.0], [1215.0, -1248.0], [1206.0, -1241.0], [1196.0, -1239.0], [1186.0, -1230.0], [1184.0, -1224.0], [1174.0, -1216.0], [1164.0, -1215.0], [1156.0, -1211.0], [1143.0, -1212.0], [1138.0, -1207.0], [1127.0, -1204.0], [1115.0, -1192.0], [1104.0, -1195.0], [1100.0, -1193.0]]]}}, {"type": "Feature", "properties": {"code": "pampas", "name": "Pampas", "capital": null, "culture": null, "civs": ["pamp"], "provinceType": "land", "terrain": "temp", "mapTypes": ["temp"], "resources": null, "religion": null, "population": "medium", "centerpoint": [937, 1651], "position": {"x": 843, "y": 1578}, "bbox": {"w": 218, "h": 169}, "maskSize": [256, 256], "area": 22264, "links": ["pampas_southern", "paraguai", "pindorama"]}, "geometry": {"type": "Polygon", "coordinates": [[[1060.0, -1604.0], [898.0, -1578.0], [882.0, -1589.0], [886.0, -1601.0], [879.0, -1608.0], [876.0, -1629.0], [858.0, -1658.0], [849.0, -1665.0], [843.0, -1687.0], [847.0, -1722.0], [853.0, -1727.0], [864.0, -1727.0], [873.0, -1734.0], [878.0, -1733.0], [890.0, -1742.0], [905.0, -1739.0], [912.0, -1746.0], [928.0, -1745.0], [932.0, -1742.0], [931.0, -1739.0], [944.0, -1728.0], [950.0, -1717.0], [978.0, -1705.0], [982.0, -1698.0], [997.0, -1683.0], [1007.0, -1677.0], [1011.0, -1668.0], [1025.0, -1655.0], [1030.0, -1642.0], [1035.0, -1636.0], [1035.0, -1632.0], [1051.0, -1623.0], [1053.0, -1613.0], [1059.0, -1608.0], [1060.0, -1604.0]]]}}, {"type": "Feature", "properties": {"code": "wallmapu", "name": "Wallmapu", "capital": null, "culture": null, "civs": ["mapu"], "provinceType": "land", "terrain": "cold", "mapTypes": ["cold"], "resources": null, "religion": null, "population": "low", "centerpoint": [632, 1771], "position": {"x": 568, "y": 1548}, "bbox": {"w": 153, "h": 280}, "maskSize": [256, 512], "area": 26711, "links": ["andes_southern", "andes_southern_coast", "puna", "ushuaia"]}, "geometry": {"type": "Polygon", "coordinates": [[[720.0, -1556.0], [633.0, -1548.0], [621.0, -1549.0], [622.0, -1569.0], [618.0, -1576.0], [619.0, -1584.0], [613.0, -1592.0], [609.0, -1612.0], [603.0, -1618.0], [603.0, -1649.0], [597.0, -1657.0], [600.0, -1661.0], [602.0, -1677.0], [602.0, -1699.0], [595.0, -1713.0], [593.0, -1728.0], [585.0, -1743.0], [585.0, -1751.0], [581.0, -1756.0], [571.0, -1760.0], [576.0, -1790.0], [573.0, -1793.0], [573.0, -1800.0], [569.0, -1804.0], [569.0, -1810.0], [643.0, -1827.0], [700.0, -1782.0], [698.0, -1774.0], [692.0, -1765.0], [679.0, -1753.0], [679.0, -1746.0], [720.0, -1556.0]]]}}, {"type": "Feature", "properties": {"code": "ushuaia", "name": "Ushuaia", "capital": null, "culture": null, "civs": ["pamp"], "provinceType": "land", "terrain": "cold", "mapTypes": ["cold"], "resources": null, "religion": null, "population": null, "centerpoint": [640, 1896], "position": {"x": 546, "y": 1754}, "bbox": {"w": 320, "h": 289}, "maskSize": [512, 512], "area": 40816, "links": ["pampas_southern", "puna", "wallmapu"]}, "geometry": {"type": "Polygon", "coordinates": [[[682.0, -1754.0], [698.0, -1772.0], [701.0, -1782.0], [643.0, -1828.0], [569.0, -1811.0], [571.0, -1822.0], [564.0, -1842.0], [566.0, -1853.0], [569.0, -1854.0], [574.0, -1850.0], [576.0, -1834.0], [580.0, -1830.0], [588.0, -1830.0], [590.0, -1836.0], [586.0, -1842.0], [584.0, -1856.0], [579.0, -1862.0], [573.0, -1863.0], [568.0, -1860.0], [558.0, -1868.0], [556.0, -1873.0], [550.0, -1873.0], [551.0, -1876.0], [554.0, -1875.0], [558.0, -1878.0], [560.0, -1885.0], [546.0, -1901.0], [546.0, -1909.0], [549.0, -1910.0], [555.0, -1906.0], [564.0, -1907.0], [570.0, -1911.0], [571.0, -1915.0], [565.0, -1921.0], [558.0, -1914.0], [547.0, -1928.0], [548.0, -1943.0], [552.0, -1950.0], [552.0, -1958.0], [549.0, -1961.0], [558.0, -1971.0], [566.0, -1974.0], [566.0, -1987.0], [579.0, -1985.0], [585.0, -1981.0], [591.0, -1985.0], [590.0, -1992.0], [587.0, -1995.0], [576.0, -1996.0], [575.0, -1998.0], [583.0, -2007.0], [589.0, -2010.0], [589.0, -2007.0], [593.0, -2004.0], [603.0, -2009.0], [602.0, -2017.0], [616.0, -2017.0], [629.0, -2030.0], [640.0, -2029.0], [647.0, -2033.0], [651.0, -2030.0], [659.0, -2035.0], [671.0, -2035.0], [679.0, -2039.0], [692.0, -2037.0], [699.0, -2042.0], [704.0, -2042.0], [708.0, -2040.0], [707.0, -2035.0], [711.0, -2032.0], [717.0, -2033.0], [719.0, -2035.0], [718.0, -2039.0], [725.0, -2039.0], [725.0, -2036.0], [735.0, -2031.0], [749.0, -2032.0], [755.0, -2030.0], [758.0, -2025.0], [757.0, -2022.0], [742.0, -2021.0], [734.0, -2025.0], [730.0, -2022.0], [730.0, -2019.0], [717.0, -2016.0], [700.0, -2008.0], [696.0, -2003.0], [697.0, -1997.0], [692.0, -1994.0], [694.0, -1988.0], [692.0, -1986.0], [691.0, -1974.0], [683.0, -1974.0], [676.0, -1968.0], [676.0, -1957.0], [684.0, -1949.0], [694.0, -1951.0], [699.0, -1948.0], [701.0, -1937.0], [710.0, -1929.0], [728.0, -1924.0], [732.0, -1909.0], [720.0, -1905.0], [712.0, -1899.0], [710.0, -1894.0], [714.0, -1888.0], [730.0, -1879.0], [738.0, -1879.0], [745.0, -1882.0], [748.0, -1877.0], [754.0, -1876.0], [758.0, -1872.0], [758.0, -1867.0], [761.0, -1865.0], [758.0, -1859.0], [773.0, -1850.0], [776.0, -1852.0], [788.0, -1849.0], [787.0, -1835.0], [774.0, -1841.0], [766.0, -1837.0], [762.0, -1833.0], [762.0, -1822.0], [767.0, -1819.0], [780.0, -1822.0], [789.0, -1827.0], [803.0, -1826.0], [811.0, -1820.0], [814.0, -1801.0], [800.0, -1785.0], [682.0, -1754.0]]]}}, {"type": "Feature", "properties": {"code": "marajo", "name": "Marajo", "capital": null, "culture": null, "civs": ["tupi"], "provinceType": "land", "terrain": "tropical", "mapTypes": ["tropical"], "resources": null, "religion": null, "population": null, "centerpoint": [961, 1160], "position": {"x": 935, "y": 1137}, "bbox": {"w": 72, "h": 45}, "maskSize": [128, 64], "area": 1655, "links": ["amazon_eastern", "guianas"]}, "geometry": {"type": "Polygon", "coordinates": [[[935.0, -1158.0], [942.0, -1176.0], [975.0, -1181.0], [986.0, -1176.0], [992.0, -1160.0], [988.0, -1162.0], [983.0, -1158.0], [986.0, -1150.0], [976.0, -1149.0], [974.0, -1145.0], [967.0, -1142.0], [966.0, -1138.0], [961.0, -1137.0], [935.0, -1158.0]]]}}, {"type": "Feature", "properties": {"code": "amazon_eastern", "name": "Eastern Amazon", "capital": null, "culture": null, "civs": ["tupi"], "provinceType": "land", "terrain": "tropical", "mapTypes": ["tropical"], "resources": null, "religion": null, "population": "medium", "centerpoint": [853, 1201], "position": {"x": 734, "y": 1109}, "bbox": {"w": 321, "h": 194}, "maskSize": [512, 256], "area": 38758, "links": ["amazon_western", "central_plateau", "guianas", "marajo", "maranhao", "mojos", "orinoco"]}, "geometry": {"type": "Polygon", "coordinates": [[[1054.0, -1176.0], [1052.0, -1172.0], [1042.0, -1171.0], [1026.0, -1163.0], [1002.0, -1157.0], [994.0, -1158.0], [987.0, -1176.0], [975.0, -1182.0], [942.0, -1177.0], [934.0, -1158.0], [960.0, -1135.0], [958.0, -1130.0], [927.0, -1109.0], [793.0, -1111.0], [773.0, -1114.0], [741.0, -1113.0], [734.0, -1127.0], [751.0, -1133.0], [760.0, -1155.0], [755.0, -1168.0], [758.0, -1186.0], [747.0, -1230.0], [756.0, -1248.0], [785.0, -1283.0], [906.0, -1302.0], [916.0, -1268.0], [977.0, -1241.0], [1018.0, -1202.0], [1054.0, -1176.0]]]}}, {"type": "Feature", "properties": {"code": "pindorama", "name": "Pindorama", "capital": null, "culture": null, "civs": ["tupi"], "provinceType": "land", "terrain": "temp", "mapTypes": ["temp"], "resources": null, "religion": null, "population": "medium", "centerpoint": [1028, 1506], "position": {"x": 898, "y": 1410}, "bbox": {"w": 298, "h": 194}, "maskSize": [512, 256], "area": 32332, "links": ["caatinga", "central_plateau", "pampas", "paraguai"]}, "geometry": {"type": "Polygon", "coordinates": [[[1195.0, -1436.0], [1190.0, -1433.0], [1067.0, -1410.0], [1024.0, -1432.0], [1011.0, -1443.0], [995.0, -1449.0], [974.0, -1463.0], [971.0, -1467.0], [969.0, -1479.0], [933.0, -1513.0], [919.0, -1533.0], [898.0, -1577.0], [1060.0, -1603.0], [1059.0, -1596.0], [1064.0, -1586.0], [1063.0, -1575.0], [1070.0, -1564.0], [1070.0, -1556.0], [1092.0, -1539.0], [1108.0, -1533.0], [1113.0, -1534.0], [1118.0, -1525.0], [1124.0, -1520.0], [1139.0, -1519.0], [1142.0, -1521.0], [1148.0, -1518.0], [1159.0, -1518.0], [1167.0, -1511.0], [1168.0, -1503.0], [1183.0, -1483.0], [1181.0, -1471.0], [1190.0, -1463.0], [1189.0, -1449.0], [1195.0, -1443.0], [1195.0, -1436.0]]]}}, {"type": "Feature", "properties": {"code": "paraguai", "name": "Paraguai", "capital": null, "culture": null, "civs": ["guara"], "provinceType": "land", "terrain": "temp", "mapTypes": ["temp"], "resources": null, "religion": null, "population": "medium", "centerpoint": [830, 1481], "position": {"x": 731, "y": 1390}, "bbox": {"w": 241, "h": 276}, "maskSize": [256, 512], "area": 31317, "links": ["andes_southern", "central_plateau", "mojos", "pampas", "pampas_southern", "pindorama", "puna"]}, "geometry": {"type": "Polygon", "coordinates": [[[797.0, -1390.0], [748.0, -1452.0], [731.0, -1512.0], [747.0, -1516.0], [763.0, -1527.0], [775.0, -1526.0], [782.0, -1538.0], [795.0, -1543.0], [798.0, -1565.0], [835.0, -1582.0], [820.0, -1613.0], [816.0, -1642.0], [811.0, -1654.0], [848.0, -1665.0], [857.0, -1658.0], [875.0, -1629.0], [878.0, -1608.0], [885.0, -1601.0], [881.0, -1589.0], [897.0, -1578.0], [916.0, -1536.0], [932.0, -1513.0], [968.0, -1479.0], [971.0, -1464.0], [899.0, -1458.0], [893.0, -1432.0], [827.0, -1401.0], [797.0, -1390.0]]]}}, {"type": "Feature", "properties": {"code": "central_plateau", "name": "Central Plateau", "capital": null, "culture": null, "civs": ["tupi"], "provinceType": "land", "terrain": "tropical", "mapTypes": ["tropical"], "resources": null, "religion": null, "population": "high", "centerpoint": [953, 1387], "position": {"x": 814, "y": 1293}, "bbox": {"w": 295, "h": 172}, "maskSize": [512, 256], "area": 32143, "links": ["amazon_eastern", "caatinga", "maranhao", "mojos", "paraguai", "pindorama"]}, "geometry": {"type": "Polygon", "coordinates": [[[814.0, -1395.0], [893.0, -1431.0], [899.0, -1457.0], [972.0, -1464.0], [995.0, -1448.0], [1011.0, -1442.0], [1024.0, -1431.0], [1069.0, -1409.0], [1067.0, -1407.0], [1080.0, -1375.0], [1088.0, -1364.0], [1103.0, -1351.0], [1108.0, -1335.0], [848.0, -1293.0], [842.0, -1300.0], [842.0, -1313.0], [837.0, -1323.0], [830.0, -1327.0], [833.0, -1335.0], [828.0, -1342.0], [833.0, -1356.0], [814.0, -1395.0]]]}}, {"type": "Feature", "properties": {"code": "amazon_western", "name": "Western Amazon", "capital": null, "culture": null, "civs": ["tupi"], "provinceType": "land", "terrain": "tropical", "mapTypes": ["tropical"], "resources": null, "religion": null, "population": "medium", "centerpoint": [702, 1272], "position": {"x": 618, "y": 1124}, "bbox": {"w": 166, "h": 225}, "maskSize": [256, 256], "area": 24278, "links": ["amazon_eastern", "andes_northern", "central_andean", "far_northern_andes", "mojos", "orinoco", "quitu"]}, "geometry": {"type": "Polygon", "coordinates": [[[694.0, -1124.0], [658.0, -1163.0], [618.0, -1178.0], [637.0, -1218.0], [653.0, -1239.0], [647.0, -1251.0], [624.0, -1279.0], [626.0, -1294.0], [629.0, -1299.0], [656.0, -1308.0], [666.0, -1334.0], [751.0, -1348.0], [748.0, -1322.0], [778.0, -1295.0], [783.0, -1284.0], [782.0, -1280.0], [755.0, -1248.0], [746.0, -1230.0], [757.0, -1186.0], [754.0, -1168.0], [759.0, -1155.0], [750.0, -1133.0], [736.0, -1128.0], [694.0, -1124.0]]]}}, {"type": "Feature", "properties": {"code": "mojos", "name": "Mojos", "capital": null, "culture": null, "civs": ["guara"], "provinceType": "land", "terrain": "tropical", "mapTypes": ["tropical"], "resources": null, "religion": null, "population": "high", "centerpoint": [790, 1351], "position": {"x": 666, "y": 1283}, "bbox": {"w": 182, "h": 168}, "maskSize": [256, 256], "area": 14250, "links": ["amazon_eastern", "amazon_western", "andes_southern", "central_andean", "central_plateau", "paraguai"]}, "geometry": {"type": "Polygon", "coordinates": [[[847.0, -1293.0], [784.0, -1283.0], [779.0, -1295.0], [749.0, -1322.0], [751.0, -1349.0], [666.0, -1335.0], [668.0, -1367.0], [691.0, -1387.0], [730.0, -1413.0], [735.0, -1428.0], [744.0, -1434.0], [749.0, -1450.0], [797.0, -1389.0], [813.0, -1395.0], [832.0, -1356.0], [827.0, -1342.0], [832.0, -1335.0], [829.0, -1327.0], [836.0, -1323.0], [841.0, -1313.0], [841.0, -1300.0], [847.0, -1293.0]]]}}, {"type": "Feature", "properties": {"code": "quitu", "name": "Quitu", "capital": "Quitu", "culture": null, "civs": ["chibc"], "provinceType": "land", "terrain": "tropical", "mapTypes": ["tropical"], "resources": null, "religion": null, "population": null, "centerpoint": [557, 1183], "position": {"x": 483, "y": 1108}, "bbox": {"w": 170, "h": 165}, "maskSize": [256, 256], "area": 14906, "links": ["amazon_western", "andean_northern_coast", "andes_northern", "far_northern_andes"]}, "geometry": {"type": "Polygon", "coordinates": [[[540.0, -1109.0], [537.0, -1112.0], [536.0, -1122.0], [527.0, -1126.0], [525.0, -1137.0], [517.0, -1140.0], [515.0, -1144.0], [515.0, -1151.0], [510.0, -1162.0], [501.0, -1169.0], [500.0, -1178.0], [497.0, -1180.0], [498.0, -1186.0], [495.0, -1199.0], [497.0, -1204.0], [503.0, -1202.0], [507.0, -1207.0], [490.0, -1218.0], [483.0, -1240.0], [526.0, -1234.0], [537.0, -1230.0], [557.0, -1244.0], [629.0, -1272.0], [646.0, -1251.0], [652.0, -1239.0], [636.0, -1218.0], [605.0, -1155.0], [544.0, -1108.0], [540.0, -1109.0]]]}}, {"type": "Feature", "properties": {"code": "andean_northern_coast", "name": "Northern Andean coast", "capital": null, "culture": null, "civs": ["moch"], "provinceType": "land", "terrain": "savanna", "mapTypes": ["savanna"], "resources": null, "religion": null, "population": "high", "centerpoint": [501, 1274], "position": {"x": 480, "y": 1231}, "bbox": {"w": 70, "h": 107}, "maskSize": [128, 128], "area": 3919, "links": ["andean_central_coast", "andes_northern", "central_andean", "quitu"]}, "geometry": {"type": "Polygon", "coordinates": [[[536.0, -1232.0], [492.0, -1241.0], [483.0, -1241.0], [482.0, -1239.0], [481.0, -1241.0], [482.0, -1252.0], [487.0, -1259.0], [487.0, -1262.0], [481.0, -1268.0], [483.0, -1273.0], [483.0, -1279.0], [480.0, -1282.0], [481.0, -1287.0], [493.0, -1296.0], [501.0, -1311.0], [501.0, -1319.0], [506.0, -1323.0], [505.0, -1326.0], [514.0, -1337.0], [549.0, -1332.0], [519.0, -1273.0], [521.0, -1245.0], [536.0, -1232.0]]]}}, {"type": "Feature", "properties": {"code": "andean_central_coast", "name": "Central Andean coast", "capital": "Nasca", "culture": null, "civs": ["puka"], "provinceType": "land", "terrain": "savanna", "mapTypes": ["savanna"], "resources": null, "religion": null, "population": null, "centerpoint": [559, 1392], "position": {"x": 514, "y": 1333}, "bbox": {"w": 78, "h": 87}, "maskSize": [128, 128], "area": 3109, "links": ["andean_northern_coast", "andes_northern", "andes_southern_coast", "central_andean"]}, "geometry": {"type": "Polygon", "coordinates": [[[514.0, -1338.0], [514.0, -1343.0], [519.0, -1349.0], [525.0, -1368.0], [530.0, -1373.0], [529.0, -1376.0], [538.0, -1384.0], [541.0, -1394.0], [538.0, -1399.0], [543.0, -1413.0], [551.0, -1419.0], [591.0, -1393.0], [568.0, -1375.0], [547.0, -1333.0], [514.0, -1338.0]]]}}, {"type": "Feature", "properties": {"code": "central_andean", "name": "andean_central", "capital": null, "culture": null, "civs": ["puka"], "provinceType": "land", "terrain": "tropical", "mapTypes": ["tropical"], "resources": null, "religion": null, "population": "high", "centerpoint": [619, 1354], "position": {"x": 548, "y": 1299}, "bbox": {"w": 142, "h": 120}, "maskSize": [256, 128], "area": 9897, "links": ["amazon_western", "andean_central_coast", "andean_northern_coast", "andes_northern", "andes_southern", "andes_southern_coast", "mojos"]}, "geometry": {"type": "Polygon", "coordinates": [[[548.0, -1333.0], [569.0, -1375.0], [594.0, -1395.0], [630.0, -1418.0], [689.0, -1385.0], [667.0, -1367.0], [666.0, -1336.0], [656.0, -1309.0], [628.0, -1299.0], [548.0, -1333.0]]]}}, {"type": "Feature", "properties": {"code": "andes_northern", "name": "Northern Andes", "capital": null, "culture": null, "civs": ["chibc"], "provinceType": "land", "terrain": "tropical", "mapTypes": ["tropical"], "resources": null, "religion": null, "population": "high", "centerpoint": [566, 1286], "position": {"x": 520, "y": 1232}, "bbox": {"w": 110, "h": 100}, "maskSize": [128, 128], "area": 6509, "links": ["amazon_western", "andean_central_coast", "andean_northern_coast", "central_andean", "quitu"]}, "geometry": {"type": "Polygon", "coordinates": [[[522.0, -1245.0], [520.0, -1273.0], [549.0, -1331.0], [629.0, -1298.0], [626.0, -1297.0], [623.0, -1282.0], [628.0, -1272.0], [557.0, -1245.0], [539.0, -1232.0], [522.0, -1245.0]]]}}, {"type": "Feature", "properties": {"code": "andes_southern", "name": "Southern Andes", "capital": null, "culture": null, "civs": ["puka"], "provinceType": "land", "terrain": "temp", "mapTypes": ["temp"], "resources": null, "religion": null, "population": "high", "centerpoint": [703, 1455], "position": {"x": 632, "y": 1386}, "bbox": {"w": 117, "h": 171}, "maskSize": [128, 256], "area": 12845, "links": ["andes_southern_coast", "central_andean", "mojos", "paraguai", "puna", "wallmapu"]}, "geometry": {"type": "Polygon", "coordinates": [[[689.0, -1386.0], [632.0, -1419.0], [664.0, -1466.0], [648.0, -1549.0], [721.0, -1556.0], [732.0, -1501.0], [748.0, -1450.0], [743.0, -1434.0], [734.0, -1428.0], [729.0, -1413.0], [689.0, -1386.0]]]}}, {"type": "Feature", "properties": {"code": "andes_southern_coast", "name": "Southern Andes coast", "capital": null, "culture": null, "civs": ["puka"], "provinceType": "land", "terrain": "savanna", "mapTypes": ["savanna"], "resources": null, "religion": null, "population": "medium", "centerpoint": [605, 1429], "position": {"x": 551, "y": 1394}, "bbox": {"w": 113, "h": 156}, "maskSize": [128, 256], "area": 6594, "links": ["andean_central_coast", "andes_southern", "central_andean", "wallmapu"]}, "geometry": {"type": "Polygon", "coordinates": [[[591.0, -1394.0], [551.0, -1421.0], [560.0, -1430.0], [574.0, -1436.0], [576.0, -1439.0], [582.0, -1440.0], [593.0, -1450.0], [598.0, -1450.0], [603.0, -1457.0], [611.0, -1462.0], [613.0, -1467.0], [620.0, -1468.0], [625.0, -1472.0], [629.0, -1501.0], [624.0, -1508.0], [626.0, -1511.0], [625.0, -1516.0], [628.0, -1518.0], [628.0, -1528.0], [621.0, -1548.0], [647.0, -1549.0], [663.0, -1466.0], [632.0, -1420.0], [591.0, -1394.0]]]}}, {"type": "Feature", "properties": {"code": "guianas", "name": "Guianas", "capital": null, "culture": null, "civs": ["chibc"], "provinceType": "land", "terrain": "tropical", "mapTypes": ["tropical"], "resources": null, "religion": null, "population": "medium", "centerpoint": [818, 1074], "position": {"x": 773, "y": 1021}, "bbox": {"w": 192, "h": 111}, "maskSize": [256, 128], "area": 10475, "links": ["amazon_eastern", "marajo", "orinoco"]}, "geometry": {"type": "Polygon", "coordinates": [[[782.0, -1052.0], [783.0, -1072.0], [773.0, -1113.0], [793.0, -1110.0], [927.0, -1108.0], [960.0, -1131.0], [962.0, -1130.0], [964.0, -1116.0], [957.0, -1107.0], [951.0, -1104.0], [946.0, -1082.0], [939.0, -1076.0], [933.0, -1075.0], [924.0, -1069.0], [917.0, -1060.0], [888.0, -1054.0], [878.0, -1058.0], [866.0, -1055.0], [857.0, -1056.0], [852.0, -1051.0], [841.0, -1047.0], [832.0, -1039.0], [832.0, -1035.0], [813.0, -1021.0], [810.0, -1021.0], [793.0, -1037.0], [797.0, -1045.0], [782.0, -1052.0]]]}}, {"type": "Feature", "properties": {"code": "far_northern_andes", "name": "Far Northern Andes", "capital": null, "culture": null, "civs": ["chibc"], "provinceType": "land", "terrain": "savanna", "mapTypes": ["savanna"], "resources": null, "religion": null, "population": "medium", "centerpoint": [610, 1092], "position": {"x": 544, "y": 983}, "bbox": {"w": 157, "h": 196}, "maskSize": [256, 256], "area": 17488, "links": ["amazon_western", "orinoco", "panama", "quitu"]}, "geometry": {"type": "Polygon", "coordinates": [[[606.0, -983.0], [604.0, -989.0], [596.0, -989.0], [591.0, -993.0], [588.0, -999.0], [588.0, -1008.0], [577.0, -1015.0], [568.0, -1025.0], [569.0, -1029.0], [550.0, -1032.0], [546.0, -1035.0], [547.0, -1043.0], [550.0, -1043.0], [560.0, -1054.0], [558.0, -1068.0], [561.0, -1070.0], [561.0, -1073.0], [558.0, -1075.0], [555.0, -1084.0], [557.0, -1093.0], [554.0, -1100.0], [544.0, -1107.0], [604.0, -1153.0], [617.0, -1178.0], [658.0, -1162.0], [693.0, -1124.0], [700.0, -1108.0], [694.0, -1078.0], [653.0, -1062.0], [651.0, -1030.0], [613.0, -988.0], [606.0, -983.0]]]}}, {"type": "Feature", "properties": {"code": "orinoco", "name": "Orinoco", "capital": null, "culture": null, "civs": ["chibc"], "provinceType": "land", "terrain": "tropical", "mapTypes": ["tropical"], "resources": null, "religion": null, "population": "medium", "centerpoint": [732, 1044], "position": {"x": 608, "y": 960}, "bbox": {"w": 202, "h": 169}, "maskSize": [256, 256], "area": 17124, "links": ["amazon_eastern", "amazon_western", "antilles", "far_northern_andes", "guianas"]}, "geometry": {"type": "Polygon", "coordinates": [[[608.0, -982.0], [652.0, -1030.0], [654.0, -1062.0], [695.0, -1078.0], [701.0, -1110.0], [694.0, -1123.0], [733.0, -1128.0], [741.0, -1112.0], [772.0, -1112.0], [782.0, -1072.0], [781.0, -1052.0], [796.0, -1045.0], [792.0, -1037.0], [809.0, -1021.0], [792.0, -1019.0], [790.0, -1012.0], [793.0, -1006.0], [780.0, -999.0], [770.0, -998.0], [764.0, -991.0], [764.0, -988.0], [761.0, -989.0], [757.0, -986.0], [748.0, -986.0], [735.0, -994.0], [730.0, -994.0], [709.0, -984.0], [695.0, -989.0], [691.0, -986.0], [692.0, -980.0], [690.0, -976.0], [674.0, -972.0], [670.0, -962.0], [667.0, -960.0], [662.0, -969.0], [662.0, -976.0], [645.0, -985.0], [641.0, -982.0], [641.0, -976.0], [652.0, -969.0], [652.0, -966.0], [648.0, -964.0], [638.0, -967.0], [635.0, -972.0], [625.0, -976.0], [619.0, -983.0], [608.0, -982.0]]]}}, {"type": "Feature", "properties": {"code": "pampas_southern", "name": "Southern Pampas", "capital": null, "culture": null, "civs": ["pamp"], "provinceType": "land", "terrain": "temp", "mapTypes": ["temp"], "resources": null, "religion": null, "population": "medium", "centerpoint": [807, 1744], "position": {"x": 726, "y": 1650}, "bbox": {"w": 160, "h": 151}, "maskSize": [256, 256], "area": 12142, "links": ["pampas", "paraguai", "puna", "ushuaia"]}, "geometry": {"type": "Polygon", "coordinates": [[[790.0, -1650.0], [784.0, -1676.0], [794.0, -1693.0], [787.0, -1707.0], [772.0, -1711.0], [764.0, -1724.0], [726.0, -1765.0], [800.0, -1784.0], [814.0, -1800.0], [820.0, -1796.0], [843.0, -1796.0], [870.0, -1788.0], [879.0, -1780.0], [878.0, -1777.0], [883.0, -1772.0], [885.0, -1764.0], [872.0, -1755.0], [874.0, -1745.0], [871.0, -1742.0], [844.0, -1728.0], [847.0, -1723.0], [842.0, -1687.0], [848.0, -1666.0], [790.0, -1650.0]]]}}, {"type": "Feature", "properties": {"code": "puna", "name": "Puna", "capital": null, "culture": null, "civs": ["puka"], "provinceType": "land", "terrain": "temp", "mapTypes": ["temp"], "resources": null, "religion": null, "population": "low", "centerpoint": [763, 1605], "position": {"x": 680, "y": 1513}, "bbox": {"w": 155, "h": 252}, "maskSize": [256, 256], "area": 21586, "links": ["andes_southern", "pampas_southern", "paraguai", "ushuaia", "wallmapu"]}, "geometry": {"type": "Polygon", "coordinates": [[[730.0, -1513.0], [723.0, -1553.0], [720.0, -1557.0], [680.0, -1746.0], [680.0, -1753.0], [726.0, -1764.0], [756.0, -1732.0], [772.0, -1710.0], [786.0, -1707.0], [793.0, -1693.0], [783.0, -1676.0], [789.0, -1650.0], [811.0, -1655.0], [819.0, -1613.0], [834.0, -1583.0], [798.0, -1566.0], [794.0, -1543.0], [782.0, -1539.0], [775.0, -1527.0], [763.0, -1528.0], [749.0, -1518.0], [730.0, -1513.0]]]}}, {"type": "Feature", "properties": {"code": "maranhao", "name": "Maranhão", "capital": null, "culture": null, "civs": ["tupi"], "provinceType": "land", "terrain": "tropical", "mapTypes": ["tropical"], "resources": null, "religion": null, "population": "low", "centerpoint": [1051, 1260], "position": {"x": 907, "y": 1177}, "bbox": {"w": 226, "h": 159}, "maskSize": [256, 256], "area": 21129, "links": ["amazon_eastern", "caatinga", "central_plateau"]}, "geometry": {"type": "Polygon", "coordinates": [[[1132.0, -1315.0], [1101.0, -1195.0], [1099.0, -1192.0], [1094.0, -1192.0], [1088.0, -1187.0], [1072.0, -1187.0], [1064.0, -1195.0], [1056.0, -1188.0], [1057.0, -1183.0], [1054.0, -1177.0], [1018.0, -1203.0], [977.0, -1242.0], [916.0, -1269.0], [907.0, -1302.0], [1109.0, -1335.0], [1132.0, -1315.0]]]}}, {"type": "Feature", "properties": {"code": "rapa_nui", "name": "Rapa Nui", "capital": null, "culture": null, "civs": ["suva"], "provinceType": "land", "terrain": "temp", "mapTypes": ["temp"], "resources": null, "religion": null, "population": "low", "centerpoint": [9, 1603], "position": {"x": 0, "y": 1505}, "bbox": {"w": 60, "h": 119}, "maskSize": [64, 128], "area": 654, "links": ["ocean_pacific_austral"]}, "geometry": {"type": "Polygon", "coordinates": [[[4.0, -1583.0], [0.0, -1584.0], [1.0, -1623.0], [7.0, -1621.0], [6.0, -1617.0], [8.0, -1615.0], [12.0, -1615.0], [19.0, -1606.0], [20.0, -1599.0], [18.0, -1596.0], [14.0, -1596.0], [4.0, -1583.0]]]}}, {"type": "Feature", "properties": {"code": "panama", "name": "Panama", "capital": null, "culture": null, "civs": ["chibc"], "provinceType": "land", "terrain": "tropical", "mapTypes": ["tropical"], "resources": null, "religion": null, "population": null, "centerpoint": [488, 1006], "position": {"x": 464, "y": 994}, "bbox": {"w": 106, "h": 56}, "maskSize": [128, 64], "area": 2223, "links": ["far_northern_andes", "nicaragua"]}, "geometry": {"type": "Polygon", "coordinates": [[[465.0, -995.0], [464.0, -1009.0], [468.0, -1014.0], [474.0, -1017.0], [491.0, -1019.0], [493.0, -1025.0], [490.0, -1028.0], [503.0, -1033.0], [506.0, -1037.0], [511.0, -1034.0], [520.0, -1035.0], [523.0, -1038.0], [520.0, -1045.0], [528.0, -1041.0], [536.0, -1049.0], [538.0, -1046.0], [546.0, -1043.0], [545.0, -1035.0], [550.0, -1031.0], [569.0, -1028.0], [559.0, -1020.0], [551.0, -1017.0], [546.0, -1017.0], [532.0, -1025.0], [524.0, -1024.0], [511.0, -1014.0], [504.0, -1003.0], [497.0, -998.0], [497.0, -994.0], [465.0, -995.0]]]}}, {"type": "Feature", "properties": {"code": "nicaragua", "name": "Nicaragua", "capital": null, "culture": null, "civs": ["araw"], "provinceType": "land", "terrain": "tropical", "mapTypes": ["tropical"], "resources": null, "religion": null, "population": null, "centerpoint": [477, 969], "position": {"x": 435, "y": 927}, "bbox": {"w": 75, "h": 68}, "maskSize": [128, 128], "area": 2914, "links": ["panama", "yarumela"]}, "geometry": {"type": "Polygon", "coordinates": [[[509.0, -938.0], [499.0, -936.0], [492.0, -929.0], [481.0, -927.0], [467.0, -948.0], [435.0, -966.0], [442.0, -967.0], [444.0, -972.0], [454.0, -980.0], [464.0, -994.0], [497.0, -993.0], [500.0, -968.0], [504.0, -965.0], [504.0, -957.0], [509.0, -950.0], [507.0, -948.0], [509.0, -938.0]]]}}, {"type": "Feature", "properties": {"code": "yarumela", "name": "Yarumela", "capital": null, "culture": null, "civs": ["lenc", "maya"], "provinceType": "land", "terrain": "tropical", "mapTypes": ["tropical"], "resources": null, "religion": null, "population": null, "centerpoint": [440, 944], "position": {"x": 409, "y": 920}, "bbox": {"w": 72, "h": 47}, "maskSize": [128, 64], "area": 1738, "links": ["maya_highlands", "maya_lowlands", "nicaragua"]}, "geometry": {"type": "Polygon", "coordinates": [[[476.0, -920.0], [465.0, -921.0], [465.0, -927.0], [461.0, -930.0], [454.0, -928.0], [446.0, -929.0], [442.0, -924.0], [432.0, -929.0], [409.0, -960.0], [434.0, -966.0], [468.0, -946.0], [480.0, -928.0], [473.0, -925.0], [476.0, -920.0]]]}}, {"type": "Feature", "properties": {"code": "maya_highlands", "name": "Maya Highlands", "capital": "Kaminaljuyu", "culture": null, "civs": ["maya"], "provinceType": "land", "terrain": "tropical", "mapTypes": ["tropical"], "resources": null, "religion": null, "population": "high", "centerpoint": [396, 936], "position": {"x": 357, "y": 907}, "bbox": {"w": 69, "h": 53}, "maskSize": [128, 64], "area": 1948, "links": ["maya_lowlands", "oaxaca", "olmecatl", "yarumela"]}, "geometry": {"type": "Polygon", "coordinates": [[[361.0, -914.0], [357.0, -926.0], [374.0, -937.0], [382.0, -948.0], [391.0, -955.0], [409.0, -959.0], [425.0, -936.0], [412.0, -929.0], [408.0, -920.0], [395.0, -919.0], [384.0, -907.0], [361.0, -914.0]]]}}, {"type": "Feature", "properties": {"code": "maya_lowlands", "name": "Maya lowlands", "capital": "Tikal", "culture": null, "civs": ["maya"], "provinceType": "land", "terrain": "tropical", "mapTypes": ["tropical"], "resources": null, "religion": null, "population": "high", "centerpoint": [424, 911], "position": {"x": 385, "y": 892}, "bbox": {"w": 66, "h": 44}, "maskSize": [128, 64], "area": 1649, "links": ["maya_highlands", "olmecatl", "yarumela", "yucatan"]}, "geometry": {"type": "Polygon", "coordinates": [[[385.0, -906.0], [395.0, -918.0], [408.0, -919.0], [412.0, -928.0], [426.0, -935.0], [432.0, -928.0], [442.0, -923.0], [440.0, -917.0], [443.0, -914.0], [450.0, -913.0], [450.0, -911.0], [446.0, -912.0], [441.0, -908.0], [442.0, -903.0], [446.0, -899.0], [445.0, -896.0], [414.0, -892.0], [385.0, -906.0]]]}}, {"type": "Feature", "properties": {"code": "yucatan", "name": "Yucatan", "capital": "Coba", "culture": null, "civs": ["maya"], "provinceType": "land", "terrain": "tropical", "mapTypes": ["tropical"], "resources": null, "religion": null, "population": "high", "centerpoint": [435, 874], "position": {"x": 401, "y": 849}, "bbox": {"w": 64, "h": 51}, "maskSize": [64, 64], "area": 2040, "links": ["maya_lowlands", "mexico_sea", "olmecatl"]}, "geometry": {"type": "Polygon", "coordinates": [[[464.0, -853.0], [461.0, -850.0], [453.0, -852.0], [445.0, -849.0], [430.0, -855.0], [417.0, -857.0], [414.0, -861.0], [410.0, -880.0], [402.0, -885.0], [401.0, -889.0], [445.0, -895.0], [447.0, -898.0], [451.0, -897.0], [454.0, -899.0], [459.0, -891.0], [457.0, -892.0], [453.0, -889.0], [457.0, -878.0], [455.0, -870.0], [464.0, -866.0], [464.0, -853.0]]]}}, {"type": "Feature", "properties": {"code": "cubanacan", "name": "Cubanacan", "capital": null, "culture": null, "civs": ["maya"], "provinceType": "land", "terrain": "tropical", "mapTypes": ["tropical"], "resources": null, "religion": null, "population": "medium", "centerpoint": [582, 855], "position": {"x": 492, "y": 801}, "bbox": {"w": 156, "h": 78}, "maskSize": [256, 128], "area": 2597, "links": ["ayiti", "florida", "mexico_sea", "xaymaca"]}, "geometry": {"type": "Polygon", "coordinates": [[[492.0, -847.0], [495.0, -848.0], [510.0, -842.0], [513.0, -843.0], [516.0, -838.0], [521.0, -837.0], [529.0, -844.0], [547.0, -846.0], [554.0, -851.0], [571.0, -854.0], [573.0, -856.0], [572.0, -861.0], [577.0, -865.0], [587.0, -865.0], [591.0, -868.0], [591.0, -871.0], [585.0, -875.0], [585.0, -878.0], [602.0, -876.0], [619.0, -878.0], [635.0, -874.0], [634.0, -870.0], [624.0, -865.0], [618.0, -865.0], [614.0, -860.0], [602.0, -858.0], [575.0, -839.0], [568.0, -842.0], [560.0, -835.0], [545.0, -830.0], [535.0, -831.0], [523.0, -828.0], [519.0, -831.0], [514.0, -830.0], [501.0, -834.0], [492.0, -847.0]]]}}, {"type": "Feature", "properties": {"code": "ayiti", "name": "Ayiti", "capital": null, "culture": null, "civs": ["araw"], "provinceType": "land", "terrain": "tropical", "mapTypes": ["tropical"], "resources": null, "religion": null, "population": "low", "centerpoint": [671, 890], "position": {"x": 627, "y": 849}, "bbox": {"w": 96, "h": 63}, "maskSize": [128, 64], "area": 1848, "links": ["boriken", "cubanacan"]}, "geometry": {"type": "Polygon", "coordinates": [[[627.0, -901.0], [635.0, -903.0], [637.0, -907.0], [642.0, -901.0], [663.0, -901.0], [667.0, -904.0], [668.0, -910.0], [672.0, -911.0], [680.0, -900.0], [689.0, -902.0], [697.0, -898.0], [701.0, -900.0], [706.0, -899.0], [712.0, -903.0], [717.0, -895.0], [706.0, -885.0], [701.0, -885.0], [695.0, -880.0], [679.0, -876.0], [674.0, -878.0], [671.0, -876.0], [662.0, -880.0], [655.0, -876.0], [650.0, -876.0], [643.0, -879.0], [643.0, -882.0], [649.0, -883.0], [652.0, -888.0], [648.0, -891.0], [642.0, -891.0], [638.0, -896.0], [634.0, -894.0], [627.0, -895.0], [627.0, -901.0]]]}}, {"type": "Feature", "properties": {"code": "xaymaca", "name": "Xaymaca", "capital": null, "culture": null, "civs": ["araw"], "provinceType": "land", "terrain": "tropical", "mapTypes": ["tropical"], "resources": null, "religion": null, "population": "low", "centerpoint": [589, 903], "position": {"x": 571, "y": 895}, "bbox": {"w": 33, "h": 16}, "maskSize": [64, 16], "area": 362, "links": ["cubanacan", "mexico_sea"]}, "geometry": {"type": "Polygon", "coordinates": [[[571.0, -899.0], [580.0, -908.0], [592.0, -910.0], [599.0, -907.0], [602.0, -909.0], [603.0, -902.0], [594.0, -896.0], [580.0, -895.0], [571.0, -899.0]]]}}, {"type": "Feature", "properties": {"code": "boriken", "name": "Boriken", "capital": null, "culture": null, "civs": ["araw"], "provinceType": "land", "terrain": "tropical", "mapTypes": ["tropical"], "resources": null, "religion": null, "population": "low", "centerpoint": [735, 901], "position": {"x": 722, "y": 893}, "bbox": {"w": 54, "h": 15}, "maskSize": [64, 16], "area": 372, "links": ["antilles", "ayiti"]}, "geometry": {"type": "Polygon", "coordinates": [[[775.0, -893.0], [761.0, -897.0], [756.0, -901.0], [752.0, -897.0], [733.0, -895.0], [728.0, -902.0], [723.0, -902.0], [722.0, -905.0], [725.0, -907.0], [728.0, -905.0], [731.0, -907.0], [746.0, -907.0], [760.0, -900.0], [769.0, -899.0], [775.0, -893.0]]]}}, {"type": "Feature", "properties": {"code": "antilles", "name": "Antilles", "capital": null, "culture": null, "civs": ["araw"], "provinceType": "land", "terrain": "tropical", "mapTypes": ["tropical"], "resources": null, "religion": null, "population": "low", "centerpoint": [800, 916], "position": {"x": 774, "y": 894}, "bbox": {"w": 50, "h": 105}, "maskSize": [64, 128], "area": 1590, "links": ["boriken", "orinoco"]}, "geometry": {"type": "Polygon", "coordinates": [[[792.0, -902.0], [783.0, -907.0], [782.0, -911.0], [801.0, -934.0], [809.0, -954.0], [807.0, -966.0], [804.0, -969.0], [804.0, -976.0], [811.0, -980.0], [819.0, -974.0], [820.0, -967.0], [823.0, -964.0], [820.0, -945.0], [814.0, -934.0], [816.0, -920.0], [805.0, -902.0], [799.0, -905.0], [792.0, -902.0]]]}}, {"type": "Feature", "properties": {"code": "olmecatl", "name": "Olmecatl", "capital": null, "culture": null, "civs": ["zapo"], "provinceType": "land", "terrain": "tropical", "mapTypes": ["tropical"], "resources": null, "religion": null, "population": "medium", "centerpoint": [368, 901], "position": {"x": 324, "y": 873}, "bbox": {"w": 92, "h": 41}, "maskSize": [128, 64], "area": 1323, "links": ["central_mexican_plateau", "maya_highlands", "maya_lowlands", "mexico_sea", "oaxaca", "totonacapan", "yucatan"]}, "geometry": {"type": "Polygon", "coordinates": [[[324.0, -883.0], [341.0, -904.0], [361.0, -913.0], [383.0, -907.0], [415.0, -891.0], [400.0, -890.0], [395.0, -892.0], [391.0, -888.0], [385.0, -888.0], [381.0, -891.0], [366.0, -892.0], [358.0, -895.0], [348.0, -888.0], [340.0, -886.0], [334.0, -878.0], [334.0, -873.0], [324.0, -883.0]]]}}, {"type": "Feature", "properties": {"code": "oaxaca", "name": "Oaxaca", "capital": "Danibaan", "culture": null, "civs": ["mixt"], "provinceType": "land", "terrain": "tropical", "mapTypes": ["tropical"], "resources": null, "religion": null, "population": "high", "centerpoint": [323, 913], "position": {"x": 293, "y": 888}, "bbox": {"w": 68, "h": 46}, "maskSize": [128, 64], "area": 1857, "links": ["central_mexican_plateau", "maya_highlands", "mixteca", "olmecatl"]}, "geometry": {"type": "Polygon", "coordinates": [[[293.0, -916.0], [294.0, -922.0], [309.0, -929.0], [325.0, -933.0], [349.0, -922.0], [357.0, -925.0], [360.0, -913.0], [341.0, -905.0], [328.0, -889.0], [323.0, -888.0], [313.0, -891.0], [310.0, -899.0], [298.0, -904.0], [293.0, -916.0]]]}}, {"type": "Feature", "properties": {"code": "mixteca", "name": "Mixteca", "capital": null, "culture": null, "civs": ["mixt"], "provinceType": "land", "terrain": "tropical", "mapTypes": ["tropical"], "resources": null, "religion": null, "population": "high", "centerpoint": [277, 897], "position": {"x": 247, "y": 877}, "bbox": {"w": 65, "h": 44}, "maskSize": [128, 64], "area": 1623, "links": ["central_mexican_plateau", "michoacan", "oaxaca"]}, "geometry": {"type": "Polygon", "coordinates": [[[247.0, -895.0], [258.0, -905.0], [259.0, -909.0], [292.0, -920.0], [297.0, -904.0], [310.0, -898.0], [311.0, -893.0], [282.0, -880.0], [265.0, -877.0], [247.0, -895.0]]]}}, {"type": "Feature", "properties": {"code": "michoacan", "name": "Michoacan", "capital": null, "culture": null, "civs": ["zapo"], "provinceType": "land", "terrain": "tropical", "mapTypes": ["tropical"], "resources": null, "religion": null, "population": "high", "centerpoint": [229, 860], "position": {"x": 200, "y": 827}, "bbox": {"w": 65, "h": 69}, "maskSize": [128, 128], "area": 2996, "links": ["central_mexican_plateau", "mixteca", "sonora", "zacatecas"]}, "geometry": {"type": "Polygon", "coordinates": [[[200.0, -827.0], [200.0, -830.0], [205.0, -834.0], [206.0, -851.0], [200.0, -859.0], [200.0, -865.0], [205.0, -870.0], [205.0, -874.0], [214.0, -881.0], [219.0, -882.0], [226.0, -890.0], [246.0, -895.0], [264.0, -877.0], [250.0, -847.0], [236.0, -829.0], [200.0, -827.0]]]}}, {"type": "Feature", "properties": {"code": "central_mexican_plateau", "name": "Central Mexican Plateau", "capital": null, "culture": null, "civs": ["zapo"], "provinceType": "land", "terrain": "tropical", "mapTypes": ["tropical"], "resources": null, "religion": null, "population": "high", "centerpoint": [281, 861], "position": {"x": 250, "y": 841}, "bbox": {"w": 78, "h": 52}, "maskSize": [128, 64], "area": 2130, "links": ["michoacan", "mixteca", "oaxaca", "olmecatl", "totonacapan", "zacatecas"]}, "geometry": {"type": "Polygon", "coordinates": [[[250.0, -846.0], [266.0, -877.0], [282.0, -879.0], [310.0, -892.0], [323.0, -887.0], [327.0, -888.0], [323.0, -883.0], [327.0, -879.0], [301.0, -858.0], [290.0, -841.0], [250.0, -846.0]]]}}, {"type": "Feature", "properties": {"code": "totonacapan", "name": "Totonacapan", "capital": null, "culture": null, "civs": ["zapo"], "provinceType": "land", "terrain": "tropical", "mapTypes": ["tropical"], "resources": null, "religion": null, "population": "medium", "centerpoint": [306, 809], "position": {"x": 287, "y": 776}, "bbox": {"w": 50, "h": 103}, "maskSize": [64, 128], "area": 2969, "links": ["caxcanes", "central_mexican_plateau", "karankawa", "mexico_sea", "olmecatl", "zacatecas"]}, "geometry": {"type": "Polygon", "coordinates": [[[302.0, -776.0], [287.0, -806.0], [292.0, -843.0], [305.0, -861.0], [328.0, -878.0], [334.0, -872.0], [334.0, -869.0], [325.0, -861.0], [327.0, -852.0], [322.0, -849.0], [322.0, -843.0], [318.0, -840.0], [318.0, -835.0], [322.0, -832.0], [325.0, -810.0], [336.0, -791.0], [302.0, -776.0]]]}}, {"type": "Feature", "properties": {"code": "caxcanes", "name": "Caxcanes", "capital": null, "culture": null, "civs": ["swcr"], "provinceType": "land", "terrain": "semi_arid", "mapTypes": ["semi_arid"], "resources": null, "religion": null, "population": "low", "centerpoint": [265, 760], "position": {"x": 164, "y": 719}, "bbox": {"w": 146, "h": 85}, "maskSize": [256, 128], "area": 8561, "links": ["karankawa", "oasisamerica", "sonora", "totonacapan", "tovaangar", "zacatecas"]}, "geometry": {"type": "Polygon", "coordinates": [[[164.0, -719.0], [211.0, -789.0], [287.0, -803.0], [301.0, -776.0], [309.0, -777.0], [297.0, -722.0], [164.0, -719.0]]]}}, {"type": "Feature", "properties": {"code": "zacatecas", "name": "Zacatecas", "capital": null, "culture": null, "civs": ["swcr"], "provinceType": "land", "terrain": "savanna", "mapTypes": ["savanna"], "resources": null, "religion": null, "population": "medium", "centerpoint": [260, 822], "position": {"x": 210, "y": 789}, "bbox": {"w": 82, "h": 57}, "maskSize": [128, 64], "area": 2968, "links": ["caxcanes", "central_mexican_plateau", "michoacan", "sonora", "totonacapan"]}, "geometry": {"type": "Polygon", "coordinates": [[[210.0, -789.0], [223.0, -823.0], [222.0, -828.0], [236.0, -828.0], [249.0, -845.0], [291.0, -841.0], [287.0, -804.0], [210.0, -789.0]]]}}, {"type": "Feature", "properties": {"code": "mississippi_southern", "name": "Southern Mississippi", "capital": null, "culture": null, "civs": ["anish"], "provinceType": "land", "terrain": "temp", "mapTypes": ["temp"], "resources": null, "religion": null, "population": "medium", "centerpoint": [418, 687], "position": {"x": 371, "y": 652}, "bbox": {"w": 111, "h": 91}, "maskSize": [128, 128], "area": 5404, "links": ["florida", "great_plains", "karankawa", "mexico_sea", "mississippi_delta", "mississippi_northern"]}, "geometry": {"type": "Polygon", "coordinates": [[[371.0, -682.0], [390.0, -694.0], [387.0, -740.0], [395.0, -742.0], [402.0, -716.0], [431.0, -715.0], [442.0, -733.0], [451.0, -732.0], [465.0, -735.0], [463.0, -729.0], [481.0, -691.0], [456.0, -674.0], [413.0, -652.0], [371.0, -682.0]]]}}, {"type": "Feature", "properties": {"code": "mississippi_delta", "name": "Mississippi River Delta", "capital": null, "culture": null, "civs": ["anish"], "provinceType": "land", "terrain": "temp", "mapTypes": ["temp"], "resources": null, "religion": null, "population": "medium", "centerpoint": [423, 732], "position": {"x": 396, "y": 716}, "bbox": {"w": 51, "h": 37}, "maskSize": [64, 64], "area": 1313, "links": ["mexico_sea", "mississippi_southern"]}, "geometry": {"type": "Polygon", "coordinates": [[[446.0, -734.0], [441.0, -733.0], [431.0, -716.0], [402.0, -717.0], [396.0, -743.0], [400.0, -751.0], [402.0, -744.0], [413.0, -743.0], [421.0, -749.0], [432.0, -749.0], [436.0, -746.0], [441.0, -752.0], [444.0, -752.0], [443.0, -743.0], [446.0, -734.0]]]}}, {"type": "Feature", "properties": {"code": "mississippi_northern", "name": "Northern Mississippi", "capital": null, "culture": null, "civs": ["aden", "anish"], "provinceType": "land", "terrain": "temp", "mapTypes": ["temp"], "resources": null, "religion": null, "population": "medium", "centerpoint": [483, 638], "position": {"x": 380, "y": 583}, "bbox": {"w": 197, "h": 107}, "maskSize": [256, 128], "area": 11973, "links": ["apalaches", "florida", "great_lakes", "great_plains", "mississippi_southern", "plains_central"]}, "geometry": {"type": "Polygon", "coordinates": [[[380.0, -633.0], [456.0, -673.0], [480.0, -689.0], [514.0, -675.0], [545.0, -657.0], [548.0, -643.0], [575.0, -621.0], [576.0, -609.0], [430.0, -583.0], [427.0, -594.0], [380.0, -633.0]]]}}, {"type": "Feature", "properties": {"code": "karankawa", "name": "Karankawa", "capital": null, "culture": null, "civs": ["swcr", "yayo"], "provinceType": "land", "terrain": "temp", "mapTypes": ["temp"], "resources": null, "religion": null, "population": "low", "centerpoint": [340, 715], "position": {"x": 297, "y": 654}, "bbox": {"w": 93, "h": 137}, "maskSize": [128, 256], "area": 8480, "links": ["caxcanes", "great_plains", "mexico_sea", "mississippi_southern", "oasisamerica", "totonacapan"]}, "geometry": {"type": "Polygon", "coordinates": [[[302.0, -654.0], [297.0, -721.0], [310.0, -775.0], [309.0, -778.0], [336.0, -790.0], [334.0, -776.0], [342.0, -763.0], [360.0, -753.0], [367.0, -752.0], [371.0, -746.0], [386.0, -740.0], [389.0, -694.0], [369.0, -681.0], [353.0, -674.0], [339.0, -656.0], [302.0, -654.0]]]}}, {"type": "Feature", "properties": {"code": "tovaangar", "name": "Tovaangar", "capital": null, "culture": null, "civs": ["hisat"], "provinceType": "land", "terrain": "semi_arid", "mapTypes": ["semi_arid"], "resources": null, "religion": null, "population": "low", "centerpoint": [133, 696], "position": {"x": 64, "y": 675}, "bbox": {"w": 100, "h": 43}, "maskSize": [128, 64], "area": 2939, "links": ["baja_california_peninsula", "california", "caxcanes", "oasisamerica", "sonora"]}, "geometry": {"type": "Polygon", "coordinates": [[[64.0, -679.0], [68.0, -678.0], [73.0, -683.0], [72.0, -688.0], [75.0, -692.0], [80.0, -712.0], [106.0, -705.0], [110.0, -708.0], [121.0, -710.0], [125.0, -715.0], [163.0, -717.0], [151.0, -678.0], [66.0, -675.0], [64.0, -679.0]]]}}, {"type": "Feature", "properties": {"code": "sonora", "name": "Sonora", "capital": null, "culture": null, "civs": ["swcr"], "provinceType": "land", "terrain": "temp", "mapTypes": ["temp"], "resources": null, "religion": null, "population": "low", "centerpoint": [152, 736], "position": {"x": 125, "y": 715}, "bbox": {"w": 98, "h": 115}, "maskSize": [128, 128], "area": 4598, "links": ["baja_california_peninsula", "caxcanes", "michoacan", "oasisamerica", "tovaangar", "zacatecas"]}, "geometry": {"type": "Polygon", "coordinates": [[[125.0, -716.0], [130.0, -735.0], [127.0, -744.0], [131.0, -744.0], [149.0, -760.0], [149.0, -766.0], [165.0, -781.0], [162.0, -791.0], [177.0, -799.0], [179.0, -807.0], [193.0, -818.0], [199.0, -829.0], [200.0, -826.0], [221.0, -827.0], [222.0, -823.0], [209.0, -787.0], [163.0, -718.0], [125.0, -716.0]]]}}, {"type": "Feature", "properties": {"code": "california", "name": "California", "capital": null, "culture": null, "civs": ["hisat"], "provinceType": "land", "terrain": "temp", "mapTypes": ["temp"], "resources": null, "religion": null, "population": "medium", "centerpoint": [60, 626], "position": {"x": 15, "y": 570}, "bbox": {"w": 100, "h": 117}, "maskSize": [128, 128], "area": 7211, "links": ["arisona", "oasisamerica", "tovaangar", "west_coast_na"]}, "geometry": {"type": "Polygon", "coordinates": [[[17.0, -570.0], [15.0, -572.0], [18.0, -582.0], [16.0, -596.0], [22.0, -604.0], [21.0, -608.0], [25.0, -611.0], [26.0, -635.0], [33.0, -647.0], [38.0, -650.0], [39.0, -668.0], [55.0, -671.0], [57.0, -673.0], [55.0, -681.0], [57.0, -686.0], [66.0, -674.0], [114.0, -676.0], [113.0, -663.0], [71.0, -571.0], [17.0, -570.0]]]}}, {"type": "Feature", "properties": {"code": "west_coast_na", "name": "West Coast", "capital": null, "culture": null, "civs": ["paiu"], "provinceType": "land", "terrain": "temp", "mapTypes": ["temp"], "resources": null, "religion": null, "population": "medium", "centerpoint": [79, 417], "position": {"x": 17, "y": 333}, "bbox": {"w": 118, "h": 238}, "maskSize": [128, 256], "area": 16445, "links": ["arisona", "california", "inside_passage", "rocky_mountains"]}, "geometry": {"type": "Polygon", "coordinates": [[[66.0, -333.0], [42.0, -341.0], [33.0, -351.0], [26.0, -353.0], [26.0, -370.0], [34.0, -374.0], [33.0, -378.0], [37.0, -381.0], [44.0, -400.0], [41.0, -412.0], [37.0, -415.0], [30.0, -415.0], [31.0, -421.0], [40.0, -426.0], [39.0, -431.0], [46.0, -436.0], [46.0, -441.0], [53.0, -446.0], [56.0, -455.0], [54.0, -459.0], [55.0, -477.0], [52.0, -492.0], [37.0, -522.0], [25.0, -534.0], [23.0, -559.0], [17.0, -569.0], [71.0, -570.0], [96.0, -535.0], [122.0, -492.0], [134.0, -454.0], [99.0, -365.0], [66.0, -333.0]]]}}, {"type": "Feature", "properties": {"code": "great_plains", "name": "Great Plains", "capital": null, "culture": null, "civs": ["anish"], "provinceType": "land", "terrain": "semi_arid", "mapTypes": ["semi_arid"], "resources": null, "religion": null, "population": "low", "centerpoint": [303, 609], "position": {"x": 242, "y": 502}, "bbox": {"w": 171, "h": 180}, "maskSize": [256, 256], "area": 15304, "links": ["arisona", "karankawa", "mississippi_northern", "mississippi_southern", "oasisamerica", "plains_central", "rocky_mountains"]}, "geometry": {"type": "Polygon", "coordinates": [[[244.0, -519.0], [244.0, -531.0], [246.0, -532.0], [242.0, -574.0], [251.0, -593.0], [257.0, -620.0], [260.0, -620.0], [256.0, -632.0], [257.0, -650.0], [339.0, -655.0], [353.0, -673.0], [370.0, -681.0], [412.0, -652.0], [400.0, -643.0], [377.0, -633.0], [339.0, -583.0], [308.0, -502.0], [244.0, -519.0]]]}}, {"type": "Feature", "properties": {"code": "oasisamerica", "name": "Oasisamerica", "capital": null, "culture": null, "civs": ["hisat"], "provinceType": "land", "terrain": "semi_arid", "mapTypes": ["semi_arid"], "resources": null, "religion": null, "population": "high", "centerpoint": [207, 672], "position": {"x": 100, "y": 620}, "bbox": {"w": 202, "h": 102}, "maskSize": [256, 128], "area": 14775, "links": ["arisona", "california", "caxcanes", "great_plains", "karankawa", "sonora", "tovaangar"]}, "geometry": {"type": "Polygon", "coordinates": [[[296.0, -721.0], [301.0, -654.0], [257.0, -651.0], [255.0, -632.0], [259.0, -620.0], [100.0, -632.0], [114.0, -663.0], [115.0, -676.0], [152.0, -678.0], [164.0, -718.0], [296.0, -721.0]]]}}, {"type": "Feature", "properties": {"code": "great_lakes", "name": "Nayaano nibiimaang Gichigamiin", "capital": null, "culture": null, "civs": ["anish"], "provinceType": "land", "terrain": "temp", "mapTypes": ["temp"], "resources": null, "religion": null, "population": "high", "centerpoint": [443, 511], "position": {"x": 394, "y": 455}, "bbox": {"w": 245, "h": 154}, "maskSize": [256, 256], "area": 22518, "links": ["apalaches", "canada", "kebec", "mississippi_northern", "plains_central"]}, "geometry": {"type": "Polygon", "coordinates": [[[394.0, -510.0], [432.0, -574.0], [431.0, -583.0], [574.0, -608.0], [638.0, -568.0], [605.0, -517.0], [501.0, -455.0], [424.0, -455.0], [394.0, -510.0]]]}}, {"type": "Feature", "properties": {"code": "apalaches", "name": "Apalaches", "capital": null, "culture": null, "civs": ["anish"], "provinceType": "land", "terrain": "temp", "mapTypes": ["temp"], "resources": null, "religion": null, "population": "medium", "centerpoint": [583, 657], "position": {"x": 518, "y": 556}, "bbox": {"w": 187, "h": 159}, "maskSize": [256, 256], "area": 10300, "links": ["florida", "great_lakes", "kebec", "mississippi_northern"]}, "geometry": {"type": "Polygon", "coordinates": [[[704.0, -556.0], [652.0, -556.0], [638.0, -569.0], [575.0, -608.0], [577.0, -609.0], [576.0, -621.0], [549.0, -643.0], [546.0, -657.0], [518.0, -674.0], [554.0, -714.0], [564.0, -711.0], [574.0, -704.0], [576.0, -698.0], [582.0, -694.0], [590.0, -693.0], [598.0, -700.0], [592.0, -693.0], [593.0, -689.0], [599.0, -685.0], [605.0, -687.0], [610.0, -680.0], [617.0, -677.0], [620.0, -678.0], [620.0, -670.0], [617.0, -667.0], [615.0, -653.0], [618.0, -651.0], [620.0, -644.0], [626.0, -638.0], [630.0, -638.0], [629.0, -629.0], [635.0, -624.0], [639.0, -611.0], [645.0, -607.0], [664.0, -602.0], [672.0, -595.0], [686.0, -598.0], [687.0, -583.0], [682.0, -584.0], [678.0, -581.0], [679.0, -569.0], [683.0, -564.0], [704.0, -556.0]]]}}, {"type": "Feature", "properties": {"code": "florida", "name": "Florida", "capital": null, "culture": null, "civs": ["anish"], "provinceType": "land", "terrain": "temp", "mapTypes": ["temp"], "resources": null, "religion": null, "population": "medium", "centerpoint": [509, 709], "position": {"x": 464, "y": 674}, "bbox": {"w": 138, "h": 140}, "maskSize": [256, 256], "area": 6034, "links": ["apalaches", "cubanacan", "mexico_sea", "mississippi_northern", "mississippi_southern"]}, "geometry": {"type": "Polygon", "coordinates": [[[517.0, -674.0], [481.0, -689.0], [482.0, -691.0], [464.0, -729.0], [464.0, -733.0], [466.0, -735.0], [483.0, -734.0], [490.0, -737.0], [495.0, -744.0], [509.0, -738.0], [516.0, -742.0], [520.0, -751.0], [524.0, -754.0], [524.0, -763.0], [520.0, -769.0], [515.0, -769.0], [518.0, -773.0], [520.0, -772.0], [525.0, -776.0], [528.0, -785.0], [541.0, -799.0], [541.0, -806.0], [530.0, -812.0], [533.0, -813.0], [549.0, -804.0], [551.0, -805.0], [553.0, -795.0], [556.0, -792.0], [557.0, -780.0], [551.0, -767.0], [552.0, -758.0], [545.0, -744.0], [545.0, -730.0], [553.0, -714.0], [517.0, -674.0]]]}}, {"type": "Feature", "properties": {"code": "kebec", "name": "Kebec", "capital": null, "culture": null, "civs": ["anish"], "provinceType": "land", "terrain": "temp", "mapTypes": ["temp"], "resources": null, "religion": null, "population": "medium", "centerpoint": [693, 407], "position": {"x": 548, "y": 272}, "bbox": {"w": 295, "h": 296}, "maskSize": [512, 512], "area": 46861, "links": ["apalaches", "canada", "great_lakes", "labrador_sea", "nunavut", "taqamkuk"]}, "geometry": {"type": "Polygon", "coordinates": [[[640.0, -274.0], [631.0, -280.0], [631.0, -286.0], [636.0, -290.0], [636.0, -293.0], [623.0, -306.0], [623.0, -309.0], [630.0, -312.0], [630.0, -322.0], [612.0, -340.0], [619.0, -348.0], [626.0, -352.0], [628.0, -359.0], [627.0, -381.0], [616.0, -394.0], [592.0, -405.0], [595.0, -414.0], [595.0, -425.0], [591.0, -428.0], [583.0, -424.0], [584.0, -431.0], [590.0, -428.0], [595.0, -431.0], [598.0, -443.0], [594.0, -446.0], [585.0, -444.0], [585.0, -453.0], [574.0, -458.0], [548.0, -482.0], [605.0, -516.0], [639.0, -567.0], [652.0, -555.0], [706.0, -555.0], [714.0, -552.0], [720.0, -546.0], [730.0, -543.0], [739.0, -536.0], [743.0, -539.0], [743.0, -542.0], [728.0, -554.0], [728.0, -562.0], [736.0, -565.0], [742.0, -562.0], [749.0, -553.0], [764.0, -549.0], [783.0, -540.0], [786.0, -535.0], [795.0, -531.0], [797.0, -526.0], [791.0, -522.0], [790.0, -515.0], [787.0, -514.0], [782.0, -525.0], [775.0, -531.0], [771.0, -528.0], [771.0, -520.0], [777.0, -514.0], [778.0, -507.0], [782.0, -504.0], [788.0, -508.0], [783.0, -503.0], [783.0, -497.0], [782.0, -501.0], [771.0, -511.0], [771.0, -520.0], [765.0, -524.0], [756.0, -521.0], [749.0, -515.0], [745.0, -520.0], [741.0, -517.0], [745.0, -504.0], [744.0, -499.0], [749.0, -493.0], [745.0, -484.0], [732.0, -483.0], [707.0, -494.0], [703.0, -489.0], [715.0, -482.0], [720.0, -472.0], [731.0, -468.0], [746.0, -469.0], [748.0, -471.0], [747.0, -474.0], [754.0, -477.0], [763.0, -486.0], [777.0, -486.0], [777.0, -483.0], [769.0, -478.0], [766.0, -473.0], [774.0, -469.0], [788.0, -470.0], [798.0, -467.0], [800.0, -462.0], [809.0, -454.0], [820.0, -449.0], [824.0, -451.0], [841.0, -443.0], [840.0, -423.0], [842.0, -421.0], [836.0, -416.0], [828.0, -415.0], [824.0, -412.0], [823.0, -405.0], [825.0, -400.0], [798.0, -390.0], [793.0, -382.0], [786.0, -379.0], [786.0, -370.0], [790.0, -367.0], [784.0, -361.0], [785.0, -353.0], [777.0, -344.0], [775.0, -334.0], [767.0, -322.0], [765.0, -308.0], [754.0, -318.0], [747.0, -335.0], [742.0, -340.0], [729.0, -346.0], [721.0, -341.0], [712.0, -331.0], [712.0, -314.0], [716.0, -301.0], [710.0, -302.0], [703.0, -298.0], [698.0, -298.0], [694.0, -294.0], [690.0, -283.0], [673.0, -273.0], [668.0, -272.0], [669.0, -276.0], [665.0, -279.0], [640.0, -274.0]]]}}, {"type": "Feature", "properties": {"code": "alaska", "name": "Alaska", "capital": null, "culture": null, "civs": ["anish"], "provinceType": "land", "terrain": "cold", "mapTypes": ["cold"], "resources": null, "religion": null, "population": "low", "centerpoint": [74, 144], "position": {"x": 0, "y": 5}, "bbox": {"w": 192, "h": 271}, "maskSize": [256, 512], "area": 28114, "links": ["inside_passage", "nunavut"]}, "geometry": {"type": "Polygon", "coordinates": [[[0.0, -5.0], [0.0, -275.0], [8.0, -273.0], [29.0, -249.0], [114.0, -216.0], [142.0, -182.0], [152.0, -150.0], [191.0, -86.0], [173.0, -85.0], [164.0, -88.0], [158.0, -82.0], [134.0, -87.0], [129.0, -91.0], [126.0, -90.0], [114.0, -78.0], [108.0, -76.0], [104.0, -69.0], [98.0, -68.0], [94.0, -61.0], [75.0, -56.0], [58.0, -45.0], [49.0, -35.0], [31.0, -33.0], [29.0, -31.0], [30.0, -24.0], [25.0, -21.0], [16.0, -21.0], [9.0, -15.0], [10.0, -11.0], [3.0, -9.0], [0.0, -5.0]]]}}, {"type": "Feature", "properties": {"code": "inside_passage", "name": "Inside Passage", "capital": null, "culture": null, "civs": ["anish"], "provinceType": "land", "terrain": "cold", "mapTypes": ["cold"], "resources": null, "religion": null, "population": "low", "centerpoint": [163, 280], "position": {"x": 0, "y": 157}, "bbox": {"w": 260, "h": 233}, "maskSize": [512, 256], "area": 33484, "links": ["alaska", "canada", "nunavut", "rocky_mountains", "west_coast_na"]}, "geometry": {"type": "Polygon", "coordinates": [[[259.0, -278.0], [256.0, -276.0], [251.0, -278.0], [247.0, -275.0], [252.0, -269.0], [176.0, -157.0], [148.0, -164.0], [143.0, -182.0], [114.0, -217.0], [29.0, -250.0], [8.0, -274.0], [0.0, -276.0], [0.0, -284.0], [4.0, -287.0], [4.0, -297.0], [1.0, -299.0], [6.0, -306.0], [4.0, -313.0], [10.0, -311.0], [14.0, -314.0], [11.0, -335.0], [8.0, -338.0], [10.0, -341.0], [20.0, -342.0], [25.0, -339.0], [33.0, -344.0], [32.0, -348.0], [26.0, -352.0], [30.0, -352.0], [42.0, -340.0], [66.0, -332.0], [100.0, -365.0], [215.0, -358.0], [259.0, -278.0]]]}}, {"type": "Feature", "properties": {"code": "arisona", "name": "Arizona", "capital": null, "culture": null, "civs": ["swcr"], "provinceType": "land", "terrain": "semi_arid", "mapTypes": ["semi_arid"], "resources": null, "religion": null, "population": "low", "centerpoint": [134, 582], "position": {"x": 72, "y": 532}, "bbox": {"w": 185, "h": 100}, "maskSize": [256, 128], "area": 15095, "links": ["california", "great_plains", "oasisamerica", "rocky_mountains", "west_coast_na"]}, "geometry": {"type": "Polygon", "coordinates": [[[256.0, -620.0], [250.0, -593.0], [241.0, -574.0], [245.0, -532.0], [95.0, -536.0], [72.0, -569.0], [99.0, -631.0], [256.0, -620.0]]]}}, {"type": "Feature", "properties": {"code": "rocky_mountains", "name": "Rocky Mountains", "capital": null, "culture": null, "civs": ["hisat"], "provinceType": "land", "terrain": "temp", "mapTypes": ["temp"], "resources": null, "religion": null, "population": "low", "centerpoint": [212, 446], "position": {"x": 97, "y": 358}, "bbox": {"w": 211, "h": 178}, "maskSize": [256, 256], "area": 28711, "links": ["arisona", "canada", "great_plains", "inside_passage", "plains_central", "west_coast_na"]}, "geometry": {"type": "Polygon", "coordinates": [[[271.0, -365.0], [217.0, -358.0], [101.0, -365.0], [135.0, -454.0], [126.0, -486.0], [97.0, -535.0], [243.0, -532.0], [244.0, -518.0], [307.0, -502.0], [271.0, -365.0]]]}}, {"type": "Feature", "properties": {"code": "plains_central", "name": "Plains", "capital": null, "culture": null, "civs": ["anish"], "provinceType": "land", "terrain": "temp", "mapTypes": ["temp"], "resources": null, "religion": null, "population": "low", "centerpoint": [354, 471], "position": {"x": 277, "y": 383}, "bbox": {"w": 155, "h": 251}, "maskSize": [256, 256], "area": 22927, "links": ["canada", "great_lakes", "great_plains", "mississippi_northern", "rocky_mountains"]}, "geometry": {"type": "Polygon", "coordinates": [[[277.0, -384.0], [307.0, -498.0], [337.0, -577.0], [379.0, -633.0], [426.0, -594.0], [431.0, -576.0], [393.0, -510.0], [425.0, -452.0], [416.0, -399.0], [277.0, -384.0]]]}}, {"type": "Feature", "properties": {"code": "canada", "name": "canada", "capital": null, "culture": null, "civs": ["anish"], "provinceType": "land", "terrain": "cold", "mapTypes": ["cold"], "resources": null, "religion": null, "population": "medium", "centerpoint": [353, 314], "position": {"x": 216, "y": 223}, "bbox": {"w": 362, "h": 260}, "maskSize": [512, 512], "area": 44727, "links": ["great_lakes", "inside_passage", "kebec", "nunavut", "plains_central", "rocky_mountains"]}, "geometry": {"type": "Polygon", "coordinates": [[[274.0, -223.0], [267.0, -247.0], [272.0, -247.0], [274.0, -252.0], [290.0, -265.0], [290.0, -268.0], [286.0, -271.0], [279.0, -271.0], [273.0, -278.0], [266.0, -279.0], [263.0, -277.0], [259.0, -279.0], [217.0, -356.0], [218.0, -358.0], [271.0, -364.0], [277.0, -383.0], [416.0, -398.0], [426.0, -450.0], [425.0, -454.0], [501.0, -454.0], [547.0, -482.0], [577.0, -455.0], [572.0, -445.0], [565.0, -439.0], [565.0, -436.0], [569.0, -433.0], [576.0, -436.0], [574.0, -426.0], [563.0, -421.0], [561.0, -409.0], [565.0, -403.0], [565.0, -397.0], [549.0, -393.0], [541.0, -394.0], [531.0, -387.0], [517.0, -383.0], [504.0, -368.0], [494.0, -365.0], [482.0, -357.0], [468.0, -359.0], [464.0, -342.0], [466.0, -331.0], [459.0, -331.0], [453.0, -327.0], [454.0, -316.0], [465.0, -296.0], [482.0, -278.0], [493.0, -274.0], [503.0, -267.0], [512.0, -265.0], [513.0, -262.0], [274.0, -223.0]]]}}, {"type": "Feature", "properties": {"code": "nunavut", "name": "Nunavut", "capital": null, "culture": null, "civs": ["anish"], "provinceType": "land", "terrain": "cold", "mapTypes": ["cold"], "resources": null, "religion": null, "population": "low", "centerpoint": [346, 173], "position": {"x": 148, "y": 0}, "bbox": {"w": 669, "h": 293}, "maskSize": [1024, 512], "area": 102299, "links": ["alaska", "canada", "greenland_interior", "inside_passage", "kebec", "labrador_sea"]}, "geometry": {"type": "Polygon", "coordinates": [[[816.0, -195.0], [809.0, -187.0], [805.0, -189.0], [798.0, -184.0], [793.0, -173.0], [787.0, -169.0], [779.0, -170.0], [773.0, -167.0], [761.0, -156.0], [764.0, -150.0], [776.0, -148.0], [775.0, -145.0], [768.0, -142.0], [770.0, -138.0], [775.0, -136.0], [768.0, -131.0], [769.0, -124.0], [760.0, -117.0], [749.0, -117.0], [741.0, -103.0], [724.0, -102.0], [722.0, -97.0], [708.0, -83.0], [708.0, -78.0], [699.0, -66.0], [690.0, -64.0], [664.0, -66.0], [656.0, -62.0], [640.0, -66.0], [636.0, -61.0], [626.0, -59.0], [603.0, -61.0], [588.0, -70.0], [588.0, -73.0], [578.0, -82.0], [575.0, -90.0], [571.0, -93.0], [570.0, -103.0], [574.0, -106.0], [572.0, -111.0], [573.0, -117.0], [581.0, -124.0], [581.0, -127.0], [587.0, -127.0], [590.0, -132.0], [598.0, -128.0], [605.0, -133.0], [601.0, -144.0], [603.0, -153.0], [594.0, -158.0], [589.0, -169.0], [585.0, -170.0], [579.0, -166.0], [575.0, -169.0], [576.0, -182.0], [572.0, -185.0], [567.0, -182.0], [565.0, -168.0], [572.0, -162.0], [569.0, -149.0], [566.0, -146.0], [556.0, -149.0], [552.0, -146.0], [550.0, -139.0], [545.0, -139.0], [541.0, -136.0], [541.0, -133.0], [547.0, -130.0], [547.0, -123.0], [540.0, -116.0], [544.0, -104.0], [534.0, -94.0], [542.0, -88.0], [551.0, -90.0], [555.0, -94.0], [563.0, -93.0], [561.0, -88.0], [558.0, -88.0], [555.0, -83.0], [559.0, -80.0], [562.0, -81.0], [576.0, -63.0], [587.0, -59.0], [557.0, -52.0], [553.0, -49.0], [556.0, -44.0], [564.0, -40.0], [565.0, -31.0], [560.0, -22.0], [566.0, -15.0], [573.0, -13.0], [580.0, -20.0], [581.0, -25.0], [575.0, -30.0], [574.0, -37.0], [581.0, -44.0], [601.0, -45.0], [608.0, -50.0], [615.0, -51.0], [654.0, -50.0], [670.0, -53.0], [678.0, -51.0], [686.0, -45.0], [686.0, -41.0], [692.0, -35.0], [688.0, -29.0], [692.0, -26.0], [698.0, -26.0], [696.0, -21.0], [699.0, -18.0], [714.0, -13.0], [715.0, -9.0], [708.0, -5.0], [710.0, -1.0], [714.0, -0.0], [628.0, -0.0], [622.0, -6.0], [608.0, -7.0], [602.0, -12.0], [598.0, -9.0], [582.0, -8.0], [569.0, -3.0], [567.0, -0.0], [550.0, -0.0], [546.0, -5.0], [556.0, -14.0], [553.0, -18.0], [554.0, -23.0], [550.0, -26.0], [537.0, -19.0], [538.0, -13.0], [535.0, -7.0], [507.0, -5.0], [500.0, -7.0], [495.0, -12.0], [491.0, -9.0], [491.0, -5.0], [482.0, -4.0], [480.0, -16.0], [485.0, -20.0], [485.0, -23.0], [498.0, -25.0], [502.0, -28.0], [502.0, -32.0], [518.0, -34.0], [525.0, -32.0], [529.0, -35.0], [530.0, -39.0], [535.0, -36.0], [545.0, -38.0], [553.0, -49.0], [547.0, -53.0], [540.0, -54.0], [535.0, -60.0], [530.0, -62.0], [527.0, -68.0], [528.0, -80.0], [525.0, -82.0], [526.0, -92.0], [517.0, -97.0], [515.0, -102.0], [508.0, -101.0], [502.0, -107.0], [502.0, -118.0], [496.0, -124.0], [496.0, -129.0], [500.0, -135.0], [496.0, -138.0], [483.0, -132.0], [472.0, -144.0], [458.0, -148.0], [458.0, -150.0], [467.0, -149.0], [473.0, -156.0], [458.0, -173.0], [441.0, -170.0], [423.0, -171.0], [404.0, -160.0], [405.0, -147.0], [409.0, -144.0], [421.0, -149.0], [430.0, -147.0], [436.0, -152.0], [441.0, -142.0], [434.0, -134.0], [438.0, -131.0], [449.0, -135.0], [457.0, -130.0], [455.0, -123.0], [438.0, -114.0], [440.0, -106.0], [433.0, -103.0], [438.0, -70.0], [452.0, -60.0], [449.0, -54.0], [431.0, -55.0], [424.0, -61.0], [416.0, -61.0], [415.0, -69.0], [411.0, -72.0], [404.0, -65.0], [395.0, -62.0], [392.0, -63.0], [393.0, -67.0], [389.0, -70.0], [379.0, -61.0], [372.0, -61.0], [367.0, -55.0], [362.0, -53.0], [353.0, -35.0], [337.0, -33.0], [331.0, -25.0], [307.0, -24.0], [301.0, -25.0], [302.0, -32.0], [299.0, -35.0], [294.0, -36.0], [292.0, -40.0], [286.0, -42.0], [282.0, -47.0], [262.0, -60.0], [269.0, -68.0], [268.0, -81.0], [290.0, -79.0], [294.0, -82.0], [294.0, -88.0], [290.0, -91.0], [300.0, -98.0], [300.0, -104.0], [304.0, -107.0], [308.0, -124.0], [305.0, -130.0], [297.0, -131.0], [293.0, -129.0], [289.0, -122.0], [265.0, -103.0], [254.0, -102.0], [249.0, -106.0], [245.0, -101.0], [249.0, -94.0], [239.0, -97.0], [230.0, -105.0], [225.0, -100.0], [229.0, -89.0], [226.0, -80.0], [222.0, -80.0], [220.0, -85.0], [212.0, -90.0], [205.0, -86.0], [204.0, -81.0], [197.0, -84.0], [183.0, -84.0], [192.0, -86.0], [153.0, -150.0], [148.0, -163.0], [176.0, -156.0], [253.0, -268.0], [261.0, -262.0], [274.0, -222.0], [514.0, -261.0], [513.0, -256.0], [523.0, -245.0], [527.0, -244.0], [534.0, -247.0], [551.0, -238.0], [552.0, -232.0], [559.0, -226.0], [559.0, -222.0], [565.0, -218.0], [569.0, -221.0], [565.0, -230.0], [565.0, -238.0], [558.0, -246.0], [551.0, -248.0], [548.0, -256.0], [561.0, -252.0], [566.0, -255.0], [565.0, -265.0], [575.0, -256.0], [582.0, -254.0], [591.0, -245.0], [596.0, -249.0], [597.0, -253.0], [609.0, -258.0], [617.0, -253.0], [619.0, -248.0], [608.0, -245.0], [606.0, -243.0], [607.0, -236.0], [594.0, -226.0], [591.0, -221.0], [595.0, -218.0], [600.0, -218.0], [594.0, -210.0], [597.0, -205.0], [617.0, -197.0], [630.0, -186.0], [625.0, -168.0], [632.0, -163.0], [636.0, -164.0], [638.0, -159.0], [637.0, -145.0], [629.0, -139.0], [629.0, -136.0], [633.0, -133.0], [639.0, -133.0], [643.0, -138.0], [650.0, -140.0], [663.0, -133.0], [667.0, -136.0], [667.0, -141.0], [671.0, -140.0], [676.0, -134.0], [680.0, -137.0], [681.0, -142.0], [678.0, -147.0], [681.0, -149.0], [679.0, -157.0], [684.0, -157.0], [687.0, -162.0], [681.0, -166.0], [675.0, -166.0], [673.0, -172.0], [668.0, -175.0], [668.0, -182.0], [672.0, -185.0], [688.0, -182.0], [690.0, -173.0], [694.0, -170.0], [687.0, -159.0], [694.0, -153.0], [702.0, -164.0], [702.0, -167.0], [696.0, -171.0], [710.0, -172.0], [714.0, -175.0], [713.0, -184.0], [690.0, -203.0], [689.0, -206.0], [693.0, -215.0], [687.0, -219.0], [674.0, -222.0], [656.0, -218.0], [652.0, -224.0], [646.0, -226.0], [643.0, -230.0], [643.0, -237.0], [647.0, -244.0], [642.0, -247.0], [646.0, -251.0], [647.0, -244.0], [651.0, -241.0], [655.0, -243.0], [671.0, -238.0], [677.0, -241.0], [686.0, -237.0], [691.0, -241.0], [692.0, -246.0], [700.0, -251.0], [699.0, -258.0], [710.0, -275.0], [719.0, -271.0], [727.0, -277.0], [753.0, -284.0], [754.0, -276.0], [745.0, -265.0], [745.0, -262.0], [749.0, -259.0], [759.0, -263.0], [770.0, -273.0], [773.0, -273.0], [769.0, -268.0], [770.0, -261.0], [780.0, -251.0], [780.0, -246.0], [773.0, -241.0], [773.0, -235.0], [769.0, -228.0], [760.0, -224.0], [761.0, -218.0], [758.0, -215.0], [759.0, -205.0], [763.0, -201.0], [767.0, -201.0], [775.0, -208.0], [776.0, -216.0], [788.0, -224.0], [791.0, -221.0], [790.0, -216.0], [794.0, -213.0], [800.0, -213.0], [803.0, -210.0], [804.0, -203.0], [813.0, -199.0], [816.0, -195.0]]]}}, {"type": "Feature", "properties": {"code": "baja_california_peninsula", "name": "Baja California Peninsula", "capital": null, "culture": null, "civs": ["hisat"], "provinceType": "land", "terrain": "temp", "mapTypes": ["temp"], "resources": null, "religion": null, "population": "low", "centerpoint": [111, 760], "position": {"x": 80, "y": 708}, "bbox": {"w": 78, "h": 120}, "maskSize": [128, 128], "area": 2488, "links": ["sonora", "tovaangar"]}, "geometry": {"type": "Polygon", "coordinates": [[[81.0, -712.0], [86.0, -732.0], [93.0, -735.0], [103.0, -747.0], [103.0, -752.0], [97.0, -756.0], [92.0, -753.0], [90.0, -747.0], [86.0, -748.0], [86.0, -752.0], [91.0, -755.0], [91.0, -758.0], [97.0, -764.0], [97.0, -768.0], [103.0, -769.0], [106.0, -773.0], [112.0, -774.0], [124.0, -783.0], [125.0, -791.0], [120.0, -799.0], [121.0, -803.0], [131.0, -807.0], [134.0, -812.0], [139.0, -814.0], [146.0, -821.0], [148.0, -827.0], [156.0, -824.0], [157.0, -820.0], [152.0, -816.0], [152.0, -809.0], [144.0, -810.0], [140.0, -807.0], [147.0, -797.0], [137.0, -792.0], [139.0, -784.0], [135.0, -781.0], [135.0, -776.0], [122.0, -759.0], [122.0, -748.0], [127.0, -745.0], [126.0, -743.0], [123.0, -743.0], [116.0, -733.0], [111.0, -737.0], [104.0, -729.0], [102.0, -708.0], [81.0, -712.0]]]}}, {"type": "Feature", "properties": {"code": "tewaipounamu", "name": "Te Waipounamu (South Island)", "capital": null, "culture": null, "civs": ["suva"], "provinceType": "land", "terrain": "cold", "mapTypes": ["cold"], "resources": null, "religion": null, "population": "low", "centerpoint": [3920, 1825], "position": {"x": 3863, "y": 1747}, "bbox": {"w": 142, "h": 147}, "maskSize": [256, 256], "area": 6507, "links": ["te_ika_a_maui"]}, "geometry": {"type": "Polygon", "coordinates": [[[4000.0, -1751.0], [3994.0, -1754.0], [3989.0, -1750.0], [3983.0, -1750.0], [3981.0, -1747.0], [3975.0, -1750.0], [3971.0, -1747.0], [3971.0, -1756.0], [3964.0, -1764.0], [3960.0, -1764.0], [3958.0, -1758.0], [3953.0, -1759.0], [3959.0, -1765.0], [3960.0, -1770.0], [3951.0, -1783.0], [3946.0, -1785.0], [3936.0, -1779.0], [3934.0, -1782.0], [3922.0, -1787.0], [3919.0, -1791.0], [3914.0, -1790.0], [3906.0, -1796.0], [3906.0, -1801.0], [3901.0, -1805.0], [3897.0, -1805.0], [3898.0, -1812.0], [3896.0, -1814.0], [3892.0, -1814.0], [3889.0, -1808.0], [3890.0, -1816.0], [3887.0, -1828.0], [3883.0, -1831.0], [3877.0, -1828.0], [3880.0, -1834.0], [3879.0, -1844.0], [3881.0, -1846.0], [3896.0, -1840.0], [3901.0, -1844.0], [3901.0, -1850.0], [3889.0, -1862.0], [3885.0, -1870.0], [3863.0, -1892.0], [3873.0, -1893.0], [3878.0, -1890.0], [3880.0, -1881.0], [3893.0, -1873.0], [3896.0, -1867.0], [3907.0, -1863.0], [3904.0, -1860.0], [3908.0, -1855.0], [3913.0, -1858.0], [3919.0, -1853.0], [3924.0, -1858.0], [3932.0, -1858.0], [3942.0, -1852.0], [3944.0, -1847.0], [3949.0, -1844.0], [3943.0, -1841.0], [3946.0, -1831.0], [3952.0, -1825.0], [3964.0, -1822.0], [3965.0, -1819.0], [3957.0, -1813.0], [3957.0, -1810.0], [3966.0, -1804.0], [3970.0, -1805.0], [3973.0, -1810.0], [3978.0, -1806.0], [3982.0, -1810.0], [3984.0, -1808.0], [3982.0, -1802.0], [3987.0, -1799.0], [3987.0, -1795.0], [3982.0, -1795.0], [3980.0, -1791.0], [3983.0, -1787.0], [3989.0, -1785.0], [3991.0, -1780.0], [3999.0, -1774.0], [3999.0, -1764.0], [4003.0, -1761.0], [4004.0, -1757.0], [4000.0, -1754.0], [4000.0, -1751.0]]]}}, {"type": "Feature", "properties": {"code": "te_ika_a_maui", "name": "Te Ika-a-Maui (North Island)", "capital": null, "culture": null, "civs": ["suva"], "provinceType": "land", "terrain": "temp", "mapTypes": ["temp"], "resources": null, "religion": null, "population": "low", "centerpoint": [4029, 1719], "position": {"x": 3968, "y": 1569}, "bbox": {"w": 104, "h": 200}, "maskSize": [128, 256], "area": 4382, "links": ["kanaky", "kulin", "tewaipounamu"]}, "geometry": {"type": "Polygon", "coordinates": [[[3990.0, -1647.0], [3988.0, -1651.0], [3994.0, -1657.0], [3994.0, -1663.0], [3998.0, -1671.0], [4009.0, -1682.0], [4014.0, -1701.0], [4010.0, -1716.0], [4003.0, -1721.0], [3998.0, -1721.0], [3996.0, -1729.0], [3998.0, -1734.0], [4016.0, -1741.0], [4016.0, -1749.0], [4004.0, -1760.0], [4020.0, -1768.0], [4037.0, -1749.0], [4042.0, -1748.0], [4046.0, -1743.0], [4048.0, -1744.0], [4045.0, -1741.0], [4045.0, -1730.0], [4049.0, -1727.0], [4058.0, -1729.0], [4058.0, -1724.0], [4066.0, -1716.0], [4066.0, -1709.0], [4071.0, -1700.0], [4062.0, -1698.0], [4053.0, -1704.0], [4035.0, -1700.0], [4032.0, -1697.0], [4029.0, -1682.0], [4023.0, -1687.0], [4018.0, -1684.0], [4017.0, -1679.0], [4024.0, -1675.0], [4024.0, -1672.0], [4016.0, -1672.0], [4011.0, -1659.0], [3998.0, -1652.0], [3995.0, -1648.0], [3990.0, -1647.0]]]}}, {"type": "Feature", "properties": {"code": "lutruwita", "name": "Lutruwita (Tasmania)", "capital": null, "culture": null, "civs": ["suva"], "provinceType": "land", "terrain": "cold", "mapTypes": ["cold"], "resources": null, "religion": null, "population": "low", "centerpoint": [3777, 1824], "position": {"x": 3742, "y": 1783}, "bbox": {"w": 67, "h": 69}, "maskSize": [128, 128], "area": 2145, "links": ["kulin"]}, "geometry": {"type": "Polygon", "coordinates": [[[3801.0, -1796.0], [3791.0, -1803.0], [3780.0, -1805.0], [3774.0, -1803.0], [3770.0, -1805.0], [3759.0, -1801.0], [3757.0, -1798.0], [3753.0, -1798.0], [3750.0, -1809.0], [3751.0, -1814.0], [3748.0, -1816.0], [3758.0, -1825.0], [3756.0, -1832.0], [3763.0, -1844.0], [3763.0, -1849.0], [3774.0, -1851.0], [3781.0, -1849.0], [3786.0, -1843.0], [3793.0, -1845.0], [3793.0, -1834.0], [3803.0, -1819.0], [3801.0, -1796.0]]]}}, {"type": "Feature", "properties": {"code": "kanaky", "name": "Kanaky (New Caledonia)", "capital": null, "culture": null, "civs": ["suva"], "provinceType": "land", "terrain": "temp", "mapTypes": ["temp"], "resources": null, "religion": null, "population": "low", "centerpoint": [4079, 1487], "position": {"x": 4031, "y": 1445}, "bbox": {"w": 65, "h": 125}, "maskSize": [128, 128], "area": 770, "links": ["te_ika_a_maui"]}, "geometry": {"type": "Polygon", "coordinates": [[[4056.0, -1463.0], [4056.0, -1472.0], [4064.0, -1484.0], [4079.0, -1498.0], [4095.0, -1504.0], [4095.0, -1492.0], [4087.0, -1487.0], [4084.0, -1481.0], [4079.0, -1480.0], [4063.0, -1464.0], [4056.0, -1463.0]]]}}, {"type": "Feature", "properties": {"code": "kalaallit_nunaat", "name": "Kalaallit Nunaat (Greenland)", "capital": null, "culture": null, "civs": ["anish"], "provinceType": "land", "terrain": "cold", "mapTypes": ["cold"], "resources": null, "religion": null, "population": "low", "centerpoint": [1102, 132], "position": {"x": 874, "y": 0}, "bbox": {"w": 310, "h": 305}, "maskSize": [512, 512], "area": 19654, "links": ["greenland_interior", "labrador_sea"]}, "geometry": {"type": "Polygon", "coordinates": [[[1183.0, -0.0], [1144.0, -0.0], [1126.0, -29.0], [1112.0, -74.0], [1099.0, -84.0], [1065.0, -141.0], [1040.0, -167.0], [1003.0, -181.0], [969.0, -212.0], [950.0, -253.0], [946.0, -256.0], [927.0, -240.0], [917.0, -200.0], [924.0, -129.0], [899.0, -126.0], [892.0, -120.0], [882.0, -124.0], [875.0, -146.0], [880.0, -148.0], [882.0, -153.0], [894.0, -152.0], [896.0, -148.0], [901.0, -146.0], [905.0, -147.0], [908.0, -151.0], [908.0, -155.0], [902.0, -163.0], [898.0, -165.0], [891.0, -163.0], [880.0, -177.0], [877.0, -188.0], [881.0, -195.0], [877.0, -200.0], [877.0, -207.0], [883.0, -213.0], [887.0, -222.0], [886.0, -239.0], [892.0, -248.0], [893.0, -259.0], [898.0, -262.0], [898.0, -271.0], [904.0, -274.0], [910.0, -290.0], [926.0, -288.0], [935.0, -296.0], [936.0, -300.0], [939.0, -299.0], [950.0, -304.0], [955.0, -300.0], [960.0, -281.0], [965.0, -271.0], [965.0, -260.0], [973.0, -256.0], [984.0, -241.0], [985.0, -224.0], [995.0, -214.0], [1004.0, -215.0], [1008.0, -211.0], [1015.0, -213.0], [1020.0, -207.0], [1031.0, -205.0], [1042.0, -189.0], [1049.0, -182.0], [1056.0, -179.0], [1058.0, -175.0], [1102.0, -167.0], [1109.0, -159.0], [1126.0, -147.0], [1128.0, -140.0], [1136.0, -140.0], [1134.0, -136.0], [1136.0, -124.0], [1131.0, -120.0], [1138.0, -101.0], [1136.0, -95.0], [1147.0, -91.0], [1149.0, -88.0], [1148.0, -82.0], [1159.0, -77.0], [1159.0, -68.0], [1161.0, -66.0], [1174.0, -65.0], [1170.0, -61.0], [1159.0, -57.0], [1157.0, -47.0], [1161.0, -44.0], [1164.0, -46.0], [1168.0, -45.0], [1168.0, -32.0], [1174.0, -24.0], [1177.0, -6.0], [1183.0, -0.0]]]}}, {"type": "Feature", "properties": {"code": "noongar", "name": "Noongar (Western Australia)", "capital": null, "culture": null, "civs": ["suva"], "provinceType": "land", "terrain": "desert", "mapTypes": ["desert"], "resources": null, "religion": null, "population": "medium", "centerpoint": [3420, 1556], "position": {"x": 3310, "y": 1403}, "bbox": {"w": 226, "h": 303}, "maskSize": [256, 512], "area": 42308, "links": ["arrernte", "yolngu"]}, "geometry": {"type": "Polygon", "coordinates": [[[3465.0, -1403.0], [3454.0, -1412.0], [3454.0, -1426.0], [3446.0, -1433.0], [3440.0, -1444.0], [3425.0, -1452.0], [3418.0, -1452.0], [3414.0, -1455.0], [3405.0, -1454.0], [3384.0, -1465.0], [3371.0, -1464.0], [3366.0, -1466.0], [3349.0, -1481.0], [3342.0, -1482.0], [3336.0, -1487.0], [3330.0, -1485.0], [3330.0, -1488.0], [3327.0, -1490.0], [3324.0, -1498.0], [3327.0, -1502.0], [3327.0, -1507.0], [3321.0, -1518.0], [3320.0, -1529.0], [3328.0, -1545.0], [3324.0, -1548.0], [3319.0, -1547.0], [3316.0, -1549.0], [3311.0, -1543.0], [3310.0, -1548.0], [3314.0, -1559.0], [3321.0, -1564.0], [3327.0, -1573.0], [3327.0, -1582.0], [3330.0, -1584.0], [3333.0, -1594.0], [3337.0, -1597.0], [3339.0, -1621.0], [3343.0, -1633.0], [3349.0, -1639.0], [3350.0, -1655.0], [3348.0, -1657.0], [3346.0, -1673.0], [3333.0, -1679.0], [3333.0, -1687.0], [3337.0, -1693.0], [3344.0, -1695.0], [3350.0, -1701.0], [3366.0, -1705.0], [3382.0, -1704.0], [3388.0, -1701.0], [3394.0, -1694.0], [3403.0, -1693.0], [3408.0, -1686.0], [3417.0, -1685.0], [3422.0, -1682.0], [3430.0, -1685.0], [3461.0, -1685.0], [3469.0, -1678.0], [3470.0, -1670.0], [3474.0, -1666.0], [3488.0, -1661.0], [3493.0, -1656.0], [3520.0, -1653.0], [3535.0, -1645.0], [3529.0, -1618.0], [3517.0, -1595.0], [3506.0, -1486.0], [3490.0, -1472.0], [3471.0, -1416.0], [3473.0, -1414.0], [3467.0, -1410.0], [3465.0, -1403.0]]]}}, {"type": "Feature", "properties": {"code": "arrernte", "name": "Arrernte (Central Australia)", "capital": null, "culture": null, "civs": ["suva"], "provinceType": "land", "terrain": "desert", "mapTypes": ["desert"], "resources": null, "religion": null, "population": "low", "centerpoint": [3602, 1553], "position": {"x": 3507, "y": 1460}, "bbox": {"w": 211, "h": 266}, "maskSize": [256, 512], "area": 35596, "links": ["eora", "kulin", "noongar", "yolngu"]}, "geometry": {"type": "Polygon", "coordinates": [[[3526.0, -1469.0], [3513.0, -1485.0], [3507.0, -1485.0], [3518.0, -1595.0], [3530.0, -1618.0], [3536.0, -1645.0], [3568.0, -1643.0], [3573.0, -1645.0], [3578.0, -1652.0], [3587.0, -1651.0], [3593.0, -1655.0], [3600.0, -1654.0], [3608.0, -1660.0], [3606.0, -1664.0], [3607.0, -1670.0], [3617.0, -1677.0], [3617.0, -1682.0], [3622.0, -1687.0], [3622.0, -1697.0], [3628.0, -1704.0], [3631.0, -1704.0], [3631.0, -1697.0], [3645.0, -1683.0], [3652.0, -1681.0], [3654.0, -1673.0], [3659.0, -1669.0], [3661.0, -1670.0], [3663.0, -1677.0], [3659.0, -1682.0], [3657.0, -1692.0], [3640.0, -1706.0], [3643.0, -1713.0], [3639.0, -1717.0], [3639.0, -1723.0], [3646.0, -1725.0], [3658.0, -1723.0], [3666.0, -1715.0], [3675.0, -1713.0], [3683.0, -1693.0], [3677.0, -1655.0], [3683.0, -1635.0], [3675.0, -1617.0], [3680.0, -1609.0], [3684.0, -1586.0], [3701.0, -1561.0], [3709.0, -1556.0], [3717.0, -1545.0], [3710.0, -1536.0], [3706.0, -1515.0], [3713.0, -1502.0], [3712.0, -1496.0], [3693.0, -1499.0], [3670.0, -1476.0], [3648.0, -1467.0], [3623.0, -1468.0], [3594.0, -1460.0], [3584.0, -1464.0], [3565.0, -1464.0], [3539.0, -1475.0], [3526.0, -1469.0]]]}}, {"type": "Feature", "properties": {"code": "yolngu", "name": "Yolngu", "capital": null, "culture": null, "civs": ["suva"], "provinceType": "land", "terrain": "savanna", "mapTypes": ["savanna"], "resources": null, "religion": null, "population": "medium", "centerpoint": [3613, 1407], "position": {"x": 3472, "y": 1325}, "bbox": {"w": 260, "h": 174}, "maskSize": [512, 256], "area": 26329, "links": ["arrernte", "eora", "maluku", "noongar"]}, "geometry": {"type": "Polygon", "coordinates": [[[3474.0, -1401.0], [3477.0, -1411.0], [3472.0, -1416.0], [3491.0, -1472.0], [3506.0, -1485.0], [3513.0, -1484.0], [3526.0, -1468.0], [3539.0, -1474.0], [3565.0, -1463.0], [3584.0, -1463.0], [3598.0, -1459.0], [3623.0, -1467.0], [3648.0, -1466.0], [3670.0, -1475.0], [3693.0, -1498.0], [3711.0, -1495.0], [3731.0, -1426.0], [3715.0, -1420.0], [3716.0, -1410.0], [3720.0, -1406.0], [3713.0, -1406.0], [3709.0, -1411.0], [3705.0, -1412.0], [3698.0, -1406.0], [3687.0, -1402.0], [3680.0, -1395.0], [3673.0, -1395.0], [3662.0, -1384.0], [3661.0, -1378.0], [3670.0, -1371.0], [3676.0, -1374.0], [3683.0, -1373.0], [3683.0, -1363.0], [3679.0, -1363.0], [3677.0, -1359.0], [3685.0, -1345.0], [3678.0, -1340.0], [3678.0, -1334.0], [3670.0, -1338.0], [3666.0, -1337.0], [3659.0, -1341.0], [3649.0, -1342.0], [3619.0, -1330.0], [3615.0, -1325.0], [3601.0, -1331.0], [3592.0, -1328.0], [3593.0, -1331.0], [3582.0, -1338.0], [3590.0, -1339.0], [3604.0, -1332.0], [3614.0, -1339.0], [3606.0, -1340.0], [3579.0, -1352.0], [3578.0, -1356.0], [3565.0, -1371.0], [3566.0, -1378.0], [3560.0, -1381.0], [3554.0, -1378.0], [3548.0, -1380.0], [3536.0, -1368.0], [3526.0, -1364.0], [3520.0, -1369.0], [3513.0, -1368.0], [3507.0, -1373.0], [3502.0, -1374.0], [3490.0, -1387.0], [3489.0, -1396.0], [3483.0, -1402.0], [3478.0, -1399.0], [3474.0, -1401.0]]]}}, {"type": "Feature", "properties": {"code": "eora", "name": "Eora", "capital": null, "culture": null, "civs": ["suva"], "provinceType": "land", "terrain": "semi_arid", "mapTypes": ["semi_arid"], "resources": null, "religion": null, "population": "medium", "centerpoint": [3780, 1498], "position": {"x": 3707, "y": 1335}, "bbox": {"w": 208, "h": 253}, "maskSize": [256, 256], "area": 26371, "links": ["arrernte", "kulin", "yolngu"]}, "geometry": {"type": "Polygon", "coordinates": [[[3760.0, -1335.0], [3761.0, -1338.0], [3751.0, -1349.0], [3752.0, -1357.0], [3747.0, -1368.0], [3747.0, -1400.0], [3743.0, -1410.0], [3738.0, -1413.0], [3738.0, -1420.0], [3732.0, -1424.0], [3712.0, -1493.0], [3714.0, -1502.0], [3707.0, -1513.0], [3711.0, -1536.0], [3718.0, -1545.0], [3707.0, -1558.0], [3865.0, -1574.0], [3910.0, -1587.0], [3912.0, -1585.0], [3907.0, -1575.0], [3909.0, -1568.0], [3907.0, -1550.0], [3912.0, -1546.0], [3914.0, -1537.0], [3911.0, -1537.0], [3909.0, -1542.0], [3904.0, -1542.0], [3899.0, -1536.0], [3898.0, -1531.0], [3887.0, -1520.0], [3880.0, -1517.0], [3880.0, -1508.0], [3878.0, -1506.0], [3880.0, -1500.0], [3861.0, -1492.0], [3861.0, -1485.0], [3854.0, -1478.0], [3854.0, -1464.0], [3840.0, -1459.0], [3818.0, -1443.0], [3813.0, -1415.0], [3806.0, -1405.0], [3806.0, -1386.0], [3795.0, -1377.0], [3787.0, -1378.0], [3782.0, -1374.0], [3781.0, -1358.0], [3776.0, -1352.0], [3776.0, -1347.0], [3760.0, -1335.0]]]}}, {"type": "Feature", "properties": {"code": "polinesia", "name": "Polynesia", "capital": null, "culture": null, "civs": ["suva"], "provinceType": "land", "terrain": "tropical", "mapTypes": ["tropical"], "resources": null, "religion": null, "population": "medium", "centerpoint": [4081, 1054], "position": {"x": 3849, "y": 784}, "bbox": {"w": 247, "h": 360}, "maskSize": [256, 512], "area": 4146, "links": ["ryukyu"]}, "geometry": {"type": "Polygon", "coordinates": [[[4083.0, -993.0], [4075.0, -997.0], [4076.0, -1009.0], [4083.0, -1014.0], [4080.0, -1024.0], [4084.0, -1030.0], [4080.0, -1038.0], [4072.0, -1043.0], [4072.0, -1047.0], [4069.0, -1050.0], [4070.0, -1068.0], [4075.0, -1070.0], [4088.0, -1067.0], [4092.0, -1063.0], [4092.0, -1049.0], [4095.0, -1047.0], [4095.0, -1035.0], [4091.0, -1032.0], [4090.0, -996.0], [4083.0, -993.0]]]}}, {"type": "Feature", "properties": {"code": "hawaii", "name": "Hawaii", "capital": null, "culture": null, "civs": ["suva"], "provinceType": "land", "terrain": "temp", "mapTypes": ["temp"], "resources": null, "religion": null, "population": "medium", "centerpoint": [4085, 724], "position": {"x": 4036, "y": 698}, "bbox": {"w": 59, "h": 36}, "maskSize": [64, 64], "area": 386, "links": ["wa"]}, "geometry": {"type": "Polygon", "coordinates": [[[4036.0, -703.0], [4042.0, -702.0], [4049.0, -707.0], [4061.0, -707.0], [4071.0, -716.0], [4078.0, -716.0], [4080.0, -718.0], [4078.0, -722.0], [4081.0, -727.0], [4080.0, -731.0], [4083.0, -733.0], [4094.0, -727.0], [4085.0, -717.0], [4073.0, -711.0], [4070.0, -707.0], [4061.0, -707.0], [4055.0, -701.0], [4050.0, -702.0], [4044.0, -698.0], [4036.0, -703.0]]]}}, {"type": "Feature", "properties": {"code": "wa", "name": "Wa (Yamatai)", "capital": null, "culture": null, "civs": ["yayo", "han"], "provinceType": "land", "terrain": "temp", "mapTypes": ["temp"], "resources": null, "religion": null, "population": "medium", "centerpoint": [3890, 551], "position": {"x": 3765, "y": 509}, "bbox": {"w": 178, "h": 198}, "maskSize": [256, 256], "area": 8982, "links": ["dong_hai", "emishi_lands", "hawaii", "kyushu", "ryukyu", "sea_korean"]}, "geometry": {"type": "Polygon", "coordinates": [[[3936.0, -525.0], [3884.0, -523.0], [3878.0, -519.0], [3879.0, -512.0], [3878.0, -509.0], [3875.0, -509.0], [3867.0, -515.0], [3867.0, -534.0], [3857.0, -543.0], [3858.0, -554.0], [3856.0, -556.0], [3851.0, -556.0], [3849.0, -550.0], [3845.0, -550.0], [3839.0, -555.0], [3824.0, -557.0], [3819.0, -561.0], [3813.0, -557.0], [3809.0, -561.0], [3802.0, -562.0], [3796.0, -574.0], [3785.0, -582.0], [3782.0, -588.0], [3773.0, -589.0], [3771.0, -587.0], [3772.0, -579.0], [3766.0, -582.0], [3765.0, -588.0], [3768.0, -586.0], [3773.0, -589.0], [3776.0, -598.0], [3786.0, -603.0], [3792.0, -602.0], [3797.0, -607.0], [3797.0, -615.0], [3806.0, -620.0], [3807.0, -626.0], [3810.0, -629.0], [3820.0, -628.0], [3817.0, -622.0], [3820.0, -618.0], [3825.0, -618.0], [3821.0, -615.0], [3823.0, -609.0], [3826.0, -608.0], [3830.0, -611.0], [3829.0, -617.0], [3833.0, -614.0], [3840.0, -618.0], [3840.0, -606.0], [3847.0, -598.0], [3858.0, -607.0], [3865.0, -605.0], [3870.0, -607.0], [3866.0, -601.0], [3873.0, -589.0], [3884.0, -583.0], [3887.0, -584.0], [3891.0, -579.0], [3898.0, -580.0], [3907.0, -574.0], [3915.0, -576.0], [3915.0, -573.0], [3919.0, -570.0], [3937.0, -567.0], [3937.0, -562.0], [3942.0, -556.0], [3942.0, -546.0], [3939.0, -544.0], [3936.0, -525.0]]]}}, {"type": "Feature", "properties": {"code": "kyushu", "name": "Kyushu", "capital": null, "culture": null, "civs": ["yayo", "han"], "provinceType": "land", "terrain": "temp", "mapTypes": ["temp"], "resources": null, "religion": null, "population": "medium", "centerpoint": [3778, 624], "position": {"x": 3734, "y": 595}, "bbox": {"w": 136, "h": 110}, "maskSize": [256, 128], "area": 2436, "links": ["dong_hai", "ryukyu", "silla_gaya", "wa"]}, "geometry": {"type": "Polygon", "coordinates": [[[3754.0, -595.0], [3748.0, -600.0], [3754.0, -612.0], [3749.0, -618.0], [3738.0, -623.0], [3739.0, -627.0], [3734.0, -631.0], [3739.0, -633.0], [3749.0, -623.0], [3754.0, -623.0], [3761.0, -633.0], [3761.0, -639.0], [3765.0, -645.0], [3763.0, -650.0], [3755.0, -651.0], [3756.0, -655.0], [3762.0, -655.0], [3765.0, -662.0], [3777.0, -663.0], [3781.0, -666.0], [3782.0, -662.0], [3789.0, -658.0], [3793.0, -641.0], [3797.0, -638.0], [3798.0, -617.0], [3796.0, -615.0], [3796.0, -607.0], [3792.0, -603.0], [3786.0, -604.0], [3775.0, -599.0], [3769.0, -602.0], [3767.0, -608.0], [3763.0, -609.0], [3759.0, -606.0], [3759.0, -602.0], [3754.0, -599.0], [3754.0, -595.0]]]}}, {"type": "Feature", "properties": {"code": "ryukyu", "name": "Ryukyu", "capital": null, "culture": null, "civs": ["han"], "provinceType": "land", "terrain": "temp", "mapTypes": ["temp"], "resources": null, "religion": null, "population": "low", "centerpoint": [3729, 741], "position": {"x": 3681, "y": 667}, "bbox": {"w": 192, "h": 118}, "maskSize": [256, 128], "area": 2520, "links": ["dong_hai", "kyushu", "polinesia", "wa"]}, "geometry": {"type": "Polygon", "coordinates": [[[3782.0, -667.0], [3775.0, -673.0], [3769.0, -673.0], [3759.0, -698.0], [3743.0, -718.0], [3720.0, -739.0], [3721.0, -732.0], [3715.0, -735.0], [3710.0, -746.0], [3696.0, -755.0], [3695.0, -759.0], [3690.0, -759.0], [3681.0, -767.0], [3684.0, -772.0], [3691.0, -773.0], [3700.0, -764.0], [3707.0, -764.0], [3709.0, -767.0], [3712.0, -767.0], [3711.0, -763.0], [3715.0, -757.0], [3711.0, -753.0], [3712.0, -750.0], [3717.0, -754.0], [3722.0, -751.0], [3731.0, -751.0], [3770.0, -706.0], [3776.0, -707.0], [3782.0, -704.0], [3776.0, -698.0], [3776.0, -702.0], [3772.0, -703.0], [3771.0, -690.0], [3774.0, -682.0], [3782.0, -680.0], [3785.0, -674.0], [3785.0, -670.0], [3782.0, -667.0]]]}}, {"type": "Feature", "properties": {"code": "emishi_lands", "name": "Emishi", "capital": null, "culture": null, "civs": ["han"], "provinceType": "land", "terrain": "temp", "mapTypes": ["temp"], "resources": null, "religion": null, "population": "low", "centerpoint": [3932, 464], "position": {"x": 3883, "y": 427}, "bbox": {"w": 70, "h": 98}, "maskSize": [128, 128], "area": 3537, "links": ["hokkaido", "sea_korean", "wa"]}, "geometry": {"type": "Polygon", "coordinates": [[[3934.0, -428.0], [3924.0, -428.0], [3915.0, -435.0], [3917.0, -439.0], [3912.0, -445.0], [3913.0, -457.0], [3906.0, -463.0], [3906.0, -466.0], [3911.0, -465.0], [3915.0, -468.0], [3915.0, -473.0], [3910.0, -483.0], [3909.0, -496.0], [3900.0, -502.0], [3896.0, -499.0], [3895.0, -491.0], [3890.0, -492.0], [3890.0, -503.0], [3893.0, -507.0], [3898.0, -501.0], [3902.0, -504.0], [3902.0, -507.0], [3891.0, -520.0], [3884.0, -522.0], [3938.0, -524.0], [3942.0, -520.0], [3942.0, -512.0], [3939.0, -510.0], [3939.0, -504.0], [3934.0, -495.0], [3938.0, -492.0], [3946.0, -494.0], [3946.0, -480.0], [3952.0, -471.0], [3952.0, -467.0], [3949.0, -461.0], [3950.0, -456.0], [3946.0, -453.0], [3946.0, -446.0], [3942.0, -443.0], [3942.0, -439.0], [3939.0, -440.0], [3935.0, -437.0], [3938.0, -433.0], [3934.0, -428.0]]]}}, {"type": "Feature", "properties": {"code": "hokkaido", "name": "Hokkaido", "capital": null, "culture": null, "civs": ["han"], "provinceType": "land", "terrain": "temp", "mapTypes": ["temp"], "resources": null, "religion": null, "population": "low", "centerpoint": [3947, 383], "position": {"x": 3880, "y": 216}, "bbox": {"w": 175, "h": 220}, "maskSize": [256, 256], "area": 8811, "links": ["emishi_lands", "kamchatka", "sea_korean", "yilou"]}, "geometry": {"type": "Polygon", "coordinates": [[[3881.0, -216.0], [3881.0, -221.0], [3885.0, -224.0], [3885.0, -228.0], [3880.0, -235.0], [3885.0, -242.0], [3885.0, -249.0], [3882.0, -251.0], [3885.0, -266.0], [3895.0, -268.0], [3902.0, -277.0], [3904.0, -300.0], [3915.0, -317.0], [3913.0, -328.0], [3919.0, -333.0], [3912.0, -340.0], [3908.0, -337.0], [3904.0, -340.0], [3909.0, -346.0], [3909.0, -360.0], [3916.0, -363.0], [3915.0, -381.0], [3919.0, -377.0], [3923.0, -380.0], [3923.0, -384.0], [3917.0, -388.0], [3912.0, -383.0], [3910.0, -384.0], [3910.0, -389.0], [3907.0, -391.0], [3910.0, -398.0], [3903.0, -406.0], [3904.0, -413.0], [3896.0, -417.0], [3907.0, -419.0], [3910.0, -422.0], [3909.0, -433.0], [3914.0, -435.0], [3924.0, -427.0], [3930.0, -426.0], [3926.0, -414.0], [3930.0, -410.0], [3934.0, -410.0], [3936.0, -406.0], [3943.0, -407.0], [3951.0, -418.0], [3957.0, -417.0], [3964.0, -421.0], [3965.0, -400.0], [3972.0, -391.0], [3980.0, -392.0], [3996.0, -387.0], [4001.0, -389.0], [4000.0, -379.0], [4009.0, -369.0], [4009.0, -363.0], [4002.0, -359.0], [4002.0, -351.0], [4006.0, -348.0], [4011.0, -348.0], [4020.0, -336.0], [4020.0, -329.0], [4024.0, -326.0], [4031.0, -326.0], [4036.0, -316.0], [4044.0, -315.0], [4051.0, -308.0], [4054.0, -300.0], [4050.0, -297.0], [4046.0, -299.0], [4038.0, -309.0], [4036.0, -316.0], [4027.0, -316.0], [4022.0, -326.0], [4012.0, -327.0], [4010.0, -338.0], [4006.0, -341.0], [4004.0, -340.0], [4005.0, -344.0], [4002.0, -347.0], [3998.0, -347.0], [3991.0, -352.0], [3985.0, -351.0], [3974.0, -362.0], [3958.0, -362.0], [3950.0, -359.0], [3933.0, -341.0], [3925.0, -336.0], [3925.0, -333.0], [3930.0, -329.0], [3943.0, -336.0], [3947.0, -334.0], [3946.0, -325.0], [3941.0, -325.0], [3935.0, -313.0], [3927.0, -309.0], [3921.0, -301.0], [3921.0, -292.0], [3925.0, -289.0], [3939.0, -296.0], [3934.0, -286.0], [3934.0, -283.0], [3937.0, -281.0], [3930.0, -280.0], [3928.0, -276.0], [3921.0, -272.0], [3921.0, -264.0], [3902.0, -249.0], [3903.0, -235.0], [3898.0, -231.0], [3898.0, -228.0], [3893.0, -227.0], [3888.0, -222.0], [3889.0, -216.0], [3881.0, -216.0]]]}}, {"type": "Feature", "properties": {"code": "goguryeo", "name": "Goguryeo", "capital": null, "culture": null, "civs": ["gojo", "han"], "provinceType": "land", "terrain": "temp", "mapTypes": ["temp"], "resources": null, "religion": null, "population": "medium", "centerpoint": [3699, 430], "position": {"x": 3614, "y": 327}, "bbox": {"w": 167, "h": 190}, "maskSize": [256, 256], "area": 18492, "links": ["baekje", "dong_hai", "donghu", "far_east", "iacutia", "sea_korean", "silla_gaya", "yilou", "you"]}, "geometry": {"type": "Polygon", "coordinates": [[[3748.0, -334.0], [3728.0, -327.0], [3704.0, -363.0], [3671.0, -366.0], [3622.0, -442.0], [3617.0, -458.0], [3630.0, -460.0], [3632.0, -462.0], [3632.0, -469.0], [3619.0, -482.0], [3619.0, -486.0], [3624.0, -491.0], [3619.0, -495.0], [3614.0, -495.0], [3614.0, -500.0], [3635.0, -500.0], [3635.0, -491.0], [3638.0, -487.0], [3653.0, -486.0], [3657.0, -481.0], [3665.0, -491.0], [3672.0, -491.0], [3679.0, -496.0], [3679.0, -501.0], [3682.0, -503.0], [3681.0, -507.0], [3716.0, -516.0], [3740.0, -515.0], [3742.0, -513.0], [3738.0, -502.0], [3730.0, -499.0], [3725.0, -493.0], [3725.0, -484.0], [3729.0, -481.0], [3734.0, -485.0], [3736.0, -482.0], [3741.0, -481.0], [3747.0, -472.0], [3755.0, -470.0], [3757.0, -458.0], [3754.0, -450.0], [3756.0, -445.0], [3760.0, -442.0], [3764.0, -444.0], [3770.0, -442.0], [3778.0, -433.0], [3775.0, -428.0], [3780.0, -424.0], [3780.0, -417.0], [3763.0, -378.0], [3748.0, -334.0]]]}}, {"type": "Feature", "properties": {"code": "silla_gaya", "name": "Silla and Gaya", "capital": null, "culture": null, "civs": ["han"], "provinceType": "land", "terrain": "temp", "mapTypes": ["temp"], "resources": null, "religion": null, "population": "medium", "centerpoint": [3740, 537], "position": {"x": 3722, "y": 514}, "bbox": {"w": 35, "h": 87}, "maskSize": [64, 128], "area": 1882, "links": ["baekje", "dong_hai", "goguryeo", "kyushu", "sea_korean"]}, "geometry": {"type": "Polygon", "coordinates": [[[3742.0, -514.0], [3740.0, -516.0], [3722.0, -516.0], [3733.0, -588.0], [3736.0, -586.0], [3741.0, -587.0], [3744.0, -579.0], [3753.0, -571.0], [3753.0, -564.0], [3755.0, -562.0], [3753.0, -543.0], [3756.0, -539.0], [3753.0, -525.0], [3744.0, -520.0], [3742.0, -514.0]]]}}, {"type": "Feature", "properties": {"code": "yilou", "name": "Yilou", "capital": null, "culture": null, "civs": ["han"], "provinceType": "land", "terrain": "cold", "mapTypes": ["cold"], "resources": null, "religion": null, "population": "low", "centerpoint": [3812, 327], "position": {"x": 3729, "y": 211}, "bbox": {"w": 159, "h": 224}, "maskSize": [256, 256], "area": 20855, "links": ["chukotka", "far_east", "goguryeo", "hokkaido", "iacutia", "sea_korean"]}, "geometry": {"type": "Polygon", "coordinates": [[[3850.0, -223.0], [3835.0, -228.0], [3835.0, -236.0], [3831.0, -239.0], [3823.0, -233.0], [3825.0, -225.0], [3821.0, -225.0], [3819.0, -234.0], [3822.0, -238.0], [3817.0, -242.0], [3809.0, -238.0], [3811.0, -232.0], [3810.0, -224.0], [3807.0, -223.0], [3799.0, -228.0], [3770.0, -259.0], [3756.0, -302.0], [3729.0, -325.0], [3729.0, -327.0], [3749.0, -334.0], [3764.0, -378.0], [3781.0, -417.0], [3781.0, -424.0], [3788.0, -425.0], [3792.0, -434.0], [3810.0, -434.0], [3815.0, -432.0], [3819.0, -425.0], [3825.0, -424.0], [3827.0, -419.0], [3834.0, -415.0], [3845.0, -393.0], [3853.0, -382.0], [3860.0, -377.0], [3861.0, -370.0], [3866.0, -367.0], [3864.0, -363.0], [3874.0, -345.0], [3874.0, -336.0], [3876.0, -334.0], [3874.0, -326.0], [3878.0, -323.0], [3878.0, -318.0], [3881.0, -316.0], [3884.0, -308.0], [3884.0, -288.0], [3887.0, -286.0], [3887.0, -283.0], [3883.0, -280.0], [3885.0, -267.0], [3882.0, -253.0], [3874.0, -247.0], [3875.0, -236.0], [3868.0, -230.0], [3858.0, -231.0], [3850.0, -223.0]]]}}, {"type": "Feature", "properties": {"code": "iacutia", "name": "Iacutia", "capital": null, "culture": null, "civs": ["ural"], "provinceType": "land", "terrain": "cold", "mapTypes": ["cold"], "resources": null, "religion": null, "population": "low", "centerpoint": [3502, 109], "position": {"x": 3213, "y": 0}, "bbox": {"w": 517, "h": 366}, "maskSize": [1024, 512], "area": 85864, "links": ["amur", "arctic_siberia", "chukchi_coast", "chukotka", "donghu", "far_east", "goguryeo", "wushu", "yilou"]}, "geometry": {"type": "Polygon", "coordinates": [[[3213.0, -0.0], [3226.0, -34.0], [3237.0, -48.0], [3335.0, -110.0], [3347.0, -116.0], [3349.0, -115.0], [3455.0, -214.0], [3554.0, -261.0], [3571.0, -307.0], [3588.0, -341.0], [3670.0, -365.0], [3705.0, -361.0], [3729.0, -324.0], [3725.0, -323.0], [3696.0, -259.0], [3693.0, -257.0], [3677.0, -225.0], [3676.0, -213.0], [3671.0, -211.0], [3608.0, -81.0], [3610.0, -79.0], [3607.0, -77.0], [3598.0, -59.0], [3585.0, -0.0], [3213.0, -0.0]]]}}, {"type": "Feature", "properties": {"code": "amur", "name": "Amur", "capital": null, "culture": null, "civs": ["ural"], "provinceType": "land", "terrain": "cold", "mapTypes": ["cold"], "resources": null, "religion": null, "population": "low", "centerpoint": [3302, 183], "position": {"x": 3195, "y": 49}, "bbox": {"w": 376, "h": 290}, "maskSize": [512, 512], "area": 48810, "links": ["central_siberia", "donghu", "eastern_siberia", "iacutia", "mongolia", "wushu"]}, "geometry": {"type": "Polygon", "coordinates": [[[3237.0, -49.0], [3231.0, -143.0], [3195.0, -241.0], [3306.0, -264.0], [3352.0, -320.0], [3407.0, -338.0], [3430.0, -330.0], [3432.0, -331.0], [3503.0, -305.0], [3570.0, -305.0], [3554.0, -262.0], [3455.0, -215.0], [3349.0, -116.0], [3347.0, -117.0], [3335.0, -111.0], [3237.0, -49.0]]]}}, {"type": "Feature", "properties": {"code": "iceland", "name": "Iceland", "capital": null, "culture": null, "civs": ["brit"], "provinceType": "land", "terrain": "cold", "mapTypes": ["cold"], "resources": null, "religion": null, "population": "low", "centerpoint": [1281, 230], "position": {"x": 1247, "y": 192}, "bbox": {"w": 142, "h": 111}, "maskSize": [256, 128], "area": 4172, "links": ["eire", "north_atlantic_ocean_02"]}, "geometry": {"type": "Polygon", "coordinates": [[[1249.0, -202.0], [1253.0, -207.0], [1258.0, -206.0], [1262.0, -208.0], [1264.0, -212.0], [1258.0, -216.0], [1247.0, -216.0], [1256.0, -221.0], [1256.0, -229.0], [1252.0, -232.0], [1248.0, -230.0], [1247.0, -234.0], [1256.0, -237.0], [1262.0, -242.0], [1262.0, -247.0], [1275.0, -255.0], [1283.0, -256.0], [1293.0, -251.0], [1303.0, -254.0], [1311.0, -249.0], [1323.0, -247.0], [1328.0, -249.0], [1332.0, -244.0], [1342.0, -239.0], [1346.0, -227.0], [1340.0, -221.0], [1340.0, -212.0], [1343.0, -209.0], [1336.0, -210.0], [1331.0, -204.0], [1326.0, -203.0], [1326.0, -207.0], [1322.0, -210.0], [1311.0, -206.0], [1308.0, -208.0], [1305.0, -206.0], [1297.0, -207.0], [1292.0, -203.0], [1285.0, -208.0], [1281.0, -205.0], [1279.0, -194.0], [1276.0, -192.0], [1249.0, -202.0]]]}}, {"type": "Feature", "properties": {"code": "nile_delta", "name": "Nile Delta", "capital": "Alexandria", "culture": "egyptian", "civs": ["ptol"], "provinceType": "land", "terrain": "temp", "mapTypes": ["temp"], "resources": null, "religion": null, "population": "high", "centerpoint": [2088, 747], "position": {"x": 2027, "y": 736}, "bbox": {"w": 116, "h": 29}, "maskSize": [128, 32], "area": 1692, "links": ["cyrenaica", "lower_egypt", "med_oriet", "nabatean"]}, "geometry": {"type": "Polygon", "coordinates": [[[2142.0, -748.0], [2138.0, -746.0], [2125.0, -748.0], [2119.0, -746.0], [2113.0, -738.0], [2102.0, -736.0], [2093.0, -738.0], [2087.0, -736.0], [2074.0, -740.0], [2058.0, -753.0], [2038.0, -746.0], [2031.0, -747.0], [2027.0, -764.0], [2056.0, -762.0], [2093.0, -756.0], [2121.0, -756.0], [2142.0, -748.0]]]}}, {"type": "Feature", "properties": {"code": "lower_egypt", "name": "Lower Egypt", "capital": null, "culture": null, "civs": ["ptol"], "provinceType": "land", "terrain": "semi_arid", "mapTypes": ["semi_arid"], "resources": null, "religion": null, "population": "high", "centerpoint": [2087, 789], "position": {"x": 2027, "y": 757}, "bbox": {"w": 112, "h": 67}, "maskSize": [128, 128], "area": 5294, "links": ["cyrenaica", "nabatean", "nile_delta", "upper_egypt"]}, "geometry": {"type": "Polygon", "coordinates": [[[2118.0, -757.0], [2093.0, -757.0], [2056.0, -763.0], [2028.0, -764.0], [2050.0, -823.0], [2133.0, -817.0], [2138.0, -811.0], [2121.0, -791.0], [2115.0, -776.0], [2118.0, -757.0]]]}}, {"type": "Feature", "properties": {"code": "upper_egypt", "name": "Upper Egypt", "capital": null, "culture": null, "civs": ["ptol"], "provinceType": "land", "terrain": "savanna", "mapTypes": ["savanna"], "resources": null, "religion": null, "population": "high", "centerpoint": [2109, 868], "position": {"x": 2048, "y": 812}, "bbox": {"w": 136, "h": 112}, "maskSize": [256, 128], "area": 11133, "links": ["aksum", "cyrenaica", "kush", "libya", "lower_egypt", "nabatean"]}, "geometry": {"type": "Polygon", "coordinates": [[[2139.0, -812.0], [2133.0, -818.0], [2051.0, -823.0], [2055.0, -855.0], [2048.0, -912.0], [2182.0, -923.0], [2181.0, -903.0], [2176.0, -889.0], [2165.0, -880.0], [2166.0, -877.0], [2160.0, -872.0], [2160.0, -869.0], [2166.0, -863.0], [2157.0, -858.0], [2155.0, -845.0], [2147.0, -835.0], [2147.0, -831.0], [2143.0, -826.0], [2143.0, -817.0], [2139.0, -812.0]]]}}, {"type": "Feature", "properties": {"code": "kush", "name": "Kush", "capital": "Napata", "culture": "kushite", "civs": ["kush"], "provinceType": "land", "terrain": "savanna", "mapTypes": ["savanna"], "resources": null, "religion": null, "population": "high", "centerpoint": [2085, 972], "position": {"x": 1999, "y": 913}, "bbox": {"w": 166, "h": 120}, "maskSize": [256, 128], "area": 13726, "links": ["aksum", "lake_chad", "libya", "uganda", "upper_egypt"]}, "geometry": {"type": "Polygon", "coordinates": [[[2048.0, -913.0], [2038.0, -941.0], [1999.0, -993.0], [1999.0, -996.0], [2037.0, -1017.0], [2063.0, -1028.0], [2066.0, -1032.0], [2068.0, -1029.0], [2126.0, -1027.0], [2142.0, -989.0], [2158.0, -964.0], [2160.0, -930.0], [2164.0, -923.0], [2048.0, -913.0]]]}}, {"type": "Feature", "properties": {"code": "judea", "name": "Judea", "capital": null, "culture": null, "civs": ["hasmo", "sele"], "provinceType": "land", "terrain": "temp", "mapTypes": ["temp"], "resources": null, "religion": null, "population": "high", "centerpoint": [2185, 720], "position": {"x": 2159, "y": 705}, "bbox": {"w": 37, "h": 43}, "maskSize": [64, 64], "area": 731, "links": ["med_oriet", "nabatean", "siria"]}, "geometry": {"type": "Polygon", "coordinates": [[[2180.0, -705.0], [2176.0, -720.0], [2159.0, -739.0], [2177.0, -747.0], [2180.0, -738.0], [2184.0, -733.0], [2189.0, -734.0], [2195.0, -721.0], [2195.0, -712.0], [2180.0, -705.0]]]}}, {"type": "Feature", "properties": {"code": "nabatean", "name": "Nabatean", "capital": "Petra", "culture": null, "civs": ["naba", "achae"], "provinceType": "land", "terrain": "semi_arid", "mapTypes": ["semi_arid"], "resources": null, "religion": null, "population": "high", "centerpoint": [2203, 778], "position": {"x": 2116, "y": 699}, "bbox": {"w": 127, "h": 125}, "maskSize": [128, 128], "area": 10670, "links": ["arabia_felix", "arabia_magna", "judea", "lower_egypt", "med_oriet", "mesopotamia", "nile_delta", "siria", "upper_egypt"]}, "geometry": {"type": "Polygon", "coordinates": [[[2230.0, -700.0], [2209.0, -699.0], [2202.0, -701.0], [2196.0, -712.0], [2196.0, -721.0], [2190.0, -734.0], [2184.0, -734.0], [2177.0, -748.0], [2157.0, -740.0], [2150.0, -746.0], [2119.0, -757.0], [2116.0, -776.0], [2120.0, -782.0], [2121.0, -789.0], [2143.0, -816.0], [2152.0, -814.0], [2157.0, -810.0], [2162.0, -811.0], [2166.0, -814.0], [2168.0, -823.0], [2171.0, -819.0], [2242.0, -814.0], [2242.0, -711.0], [2230.0, -700.0]]]}}, {"type": "Feature", "properties": {"code": "cyrenaica", "name": "Cyrenaica", "capital": "Cyrene", "culture": null, "civs": ["cyre", "mace"], "provinceType": "land", "terrain": "desert", "mapTypes": ["desert"], "resources": null, "religion": null, "population": "high", "centerpoint": [1970, 784], "position": {"x": 1871, "y": 712}, "bbox": {"w": 183, "h": 132}, "maskSize": [256, 256], "area": 15571, "links": ["fezzan", "libya", "lower_egypt", "med_central", "med_oriet", "nile_delta", "tripolitania", "upper_egypt"]}, "geometry": {"type": "Polygon", "coordinates": [[[1874.0, -753.0], [1871.0, -787.0], [1894.0, -799.0], [1904.0, -794.0], [1951.0, -837.0], [2053.0, -843.0], [2050.0, -824.0], [2026.0, -765.0], [2030.0, -747.0], [2021.0, -740.0], [1996.0, -739.0], [1990.0, -732.0], [1978.0, -732.0], [1971.0, -727.0], [1962.0, -726.0], [1957.0, -716.0], [1930.0, -712.0], [1925.0, -715.0], [1912.0, -716.0], [1902.0, -724.0], [1895.0, -734.0], [1902.0, -739.0], [1902.0, -745.0], [1891.0, -756.0], [1884.0, -758.0], [1874.0, -753.0]]]}}, {"type": "Feature", "properties": {"code": "tripolitania", "name": "Tripolitania", "capital": "Tripoli", "culture": null, "civs": ["cart"], "provinceType": "land", "terrain": "desert", "mapTypes": ["desert"], "resources": null, "religion": null, "population": "medium", "centerpoint": [1785, 742], "position": {"x": 1687, "y": 685}, "bbox": {"w": 188, "h": 105}, "maskSize": [256, 128], "area": 10684, "links": ["carthage", "cyrenaica", "fezzan", "gaetuli", "libya", "med_central", "numidia"]}, "geometry": {"type": "Polygon", "coordinates": [[[1687.0, -737.0], [1711.0, -754.0], [1732.0, -759.0], [1736.0, -758.0], [1747.0, -769.0], [1829.0, -789.0], [1870.0, -787.0], [1874.0, -751.0], [1850.0, -739.0], [1831.0, -738.0], [1825.0, -730.0], [1824.0, -720.0], [1821.0, -716.0], [1809.0, -715.0], [1796.0, -708.0], [1785.0, -706.0], [1772.0, -708.0], [1768.0, -706.0], [1765.0, -702.0], [1758.0, -700.0], [1752.0, -695.0], [1750.0, -685.0], [1747.0, -685.0], [1742.0, -692.0], [1730.0, -701.0], [1705.0, -710.0], [1687.0, -737.0]]]}}, {"type": "Feature", "properties": {"code": "carthage", "name": "Carthage", "capital": null, "culture": null, "civs": ["cart"], "provinceType": "land", "terrain": "temp", "mapTypes": ["temp"], "resources": null, "religion": null, "population": "high", "centerpoint": [1731, 639], "position": {"x": 1655, "y": 619}, "bbox": {"w": 104, "h": 82}, "maskSize": [128, 128], "area": 3143, "links": ["corsica_sardinia", "med_central", "med_west", "numidia", "tripolitania"]}, "geometry": {"type": "Polygon", "coordinates": [[[1655.0, -636.0], [1684.0, -647.0], [1714.0, -644.0], [1720.0, -654.0], [1721.0, -674.0], [1730.0, -700.0], [1743.0, -690.0], [1734.0, -684.0], [1734.0, -679.0], [1746.0, -671.0], [1756.0, -659.0], [1756.0, -654.0], [1747.0, -644.0], [1747.0, -641.0], [1758.0, -631.0], [1758.0, -625.0], [1749.0, -626.0], [1740.0, -620.0], [1736.0, -621.0], [1733.0, -619.0], [1713.0, -627.0], [1700.0, -627.0], [1691.0, -624.0], [1677.0, -630.0], [1664.0, -628.0], [1655.0, -636.0]]]}}, {"type": "Feature", "properties": {"code": "numidia", "name": "Numidia", "capital": "Cirta", "culture": null, "civs": ["numi", "cart"], "provinceType": "land", "terrain": "semi_arid", "mapTypes": ["semi_arid"], "resources": null, "religion": null, "population": "medium", "centerpoint": [1675, 684], "position": {"x": 1530, "y": 625}, "bbox": {"w": 200, "h": 108}, "maskSize": [256, 128], "area": 12959, "links": ["carthage", "fezzan", "gaetuli", "mauretania", "med_west", "tripolitania"]}, "geometry": {"type": "Polygon", "coordinates": [[[1530.0, -653.0], [1531.0, -667.0], [1558.0, -698.0], [1623.0, -698.0], [1688.0, -732.0], [1705.0, -709.0], [1729.0, -699.0], [1720.0, -674.0], [1719.0, -654.0], [1714.0, -645.0], [1684.0, -648.0], [1655.0, -637.0], [1663.0, -628.0], [1658.0, -631.0], [1648.0, -628.0], [1643.0, -630.0], [1639.0, -626.0], [1631.0, -625.0], [1628.0, -627.0], [1617.0, -626.0], [1606.0, -631.0], [1590.0, -631.0], [1562.0, -643.0], [1542.0, -644.0], [1530.0, -653.0]]]}}, {"type": "Feature", "properties": {"code": "mauretania", "name": "Mauretania", "capital": null, "culture": null, "civs": ["mauret", "cart"], "provinceType": "land", "terrain": "temp", "mapTypes": ["temp"], "resources": null, "religion": null, "population": "low", "centerpoint": [1443, 704], "position": {"x": 1373, "y": 642}, "bbox": {"w": 185, "h": 124}, "maskSize": [256, 128], "area": 11252, "links": ["baetica", "gaetuli", "med_west", "numidia", "senegambia"]}, "geometry": {"type": "Polygon", "coordinates": [[[1530.0, -651.0], [1507.0, -646.0], [1503.0, -650.0], [1479.0, -653.0], [1469.0, -643.0], [1458.0, -642.0], [1449.0, -644.0], [1437.0, -667.0], [1417.0, -680.0], [1400.0, -686.0], [1391.0, -694.0], [1391.0, -700.0], [1387.0, -703.0], [1378.0, -720.0], [1379.0, -732.0], [1373.0, -740.0], [1405.0, -765.0], [1433.0, -745.0], [1467.0, -732.0], [1476.0, -716.0], [1504.0, -708.0], [1557.0, -698.0], [1530.0, -667.0], [1530.0, -651.0]]]}}, {"type": "Feature", "properties": {"code": "fezzan", "name": "Fezzan", "capital": "Garamante", "culture": null, "civs": ["gara", "cart"], "provinceType": "land", "terrain": "desert", "mapTypes": ["desert"], "resources": null, "religion": null, "population": "medium", "centerpoint": [1705, 820], "position": {"x": 1604, "y": 739}, "bbox": {"w": 267, "h": 175}, "maskSize": [512, 256], "area": 31401, "links": ["cyrenaica", "gaetuli", "libya", "mali", "niger", "numidia", "tripolitania", "upper_niger"]}, "geometry": {"type": "Polygon", "coordinates": [[[1604.0, -806.0], [1610.0, -828.0], [1645.0, -867.0], [1691.0, -884.0], [1747.0, -898.0], [1750.0, -901.0], [1785.0, -911.0], [1860.0, -913.0], [1858.0, -910.0], [1866.0, -892.0], [1870.0, -788.0], [1829.0, -790.0], [1747.0, -770.0], [1736.0, -759.0], [1732.0, -760.0], [1711.0, -755.0], [1688.0, -739.0], [1630.0, -772.0], [1604.0, -806.0]]]}}, {"type": "Feature", "properties": {"code": "aksum", "name": "Aksum", "capital": null, "culture": null, "civs": ["aksum", "kush"], "provinceType": "land", "terrain": "savanna", "mapTypes": ["savanna"], "resources": null, "religion": null, "population": "medium", "centerpoint": [2188, 1043], "position": {"x": 2103, "y": 923}, "bbox": {"w": 175, "h": 198}, "maskSize": [256, 256], "area": 18814, "links": ["kenya", "kush", "punt", "uganda", "upper_egypt", "yemen"]}, "geometry": {"type": "Polygon", "coordinates": [[[2182.0, -924.0], [2165.0, -923.0], [2161.0, -930.0], [2159.0, -964.0], [2143.0, -989.0], [2129.0, -1023.0], [2124.0, -1029.0], [2125.0, -1049.0], [2110.0, -1073.0], [2104.0, -1113.0], [2136.0, -1120.0], [2221.0, -1099.0], [2232.0, -1099.0], [2239.0, -1084.0], [2262.0, -1055.0], [2272.0, -1056.0], [2276.0, -1051.0], [2277.0, -1042.0], [2272.0, -1035.0], [2264.0, -1034.0], [2258.0, -1021.0], [2229.0, -994.0], [2233.0, -987.0], [2230.0, -985.0], [2224.0, -986.0], [2220.0, -983.0], [2223.0, -976.0], [2216.0, -975.0], [2211.0, -981.0], [2206.0, -978.0], [2205.0, -966.0], [2200.0, -959.0], [2196.0, -940.0], [2183.0, -929.0], [2182.0, -924.0]]]}}, {"type": "Feature", "properties": {"code": "crete", "name": "Crete", "capital": null, "culture": "greek", "civs": ["athen"], "provinceType": "land", "terrain": "medit", "mapTypes": ["medit"], "resources": null, "religion": null, "population": "medium", "centerpoint": [2011, 684], "position": {"x": 1985, "y": 650}, "bbox": {"w": 51, "h": 41}, "maskSize": [64, 64], "area": 492, "links": ["hellas", "ionia", "med_oriet", "peloponnese"]}, "geometry": {"type": "Polygon", "coordinates": [[[1985.0, -676.0], [1987.0, -678.0], [1987.0, -685.0], [2001.0, -685.0], [2007.0, -690.0], [2033.0, -687.0], [2035.0, -684.0], [2035.0, -679.0], [2030.0, -682.0], [2024.0, -678.0], [2021.0, -680.0], [2007.0, -678.0], [2001.0, -681.0], [1997.0, -676.0], [1991.0, -677.0], [1989.0, -672.0], [1985.0, -676.0]]]}}, {"type": "Feature", "properties": {"code": "you", "name": "You", "capital": null, "culture": "chinese", "civs": ["han"], "provinceType": "land", "terrain": "temp", "mapTypes": ["temp"], "resources": null, "religion": null, "population": "high", "centerpoint": [3541, 478], "position": {"x": 3476, "y": 437}, "bbox": {"w": 146, "h": 71}, "maskSize": [256, 128], "area": 5078, "links": ["bing", "dong_hai", "donghu", "goguryeo", "ji", "qing"]}, "geometry": {"type": "Polygon", "coordinates": [[[3621.0, -443.0], [3617.0, -437.0], [3578.0, -455.0], [3535.0, -449.0], [3476.0, -476.0], [3490.0, -489.0], [3514.0, -489.0], [3532.0, -507.0], [3562.0, -505.0], [3561.0, -498.0], [3566.0, -490.0], [3583.0, -491.0], [3589.0, -485.0], [3591.0, -479.0], [3602.0, -478.0], [3608.0, -470.0], [3608.0, -463.0], [3616.0, -459.0], [3621.0, -443.0]]]}}, {"type": "Feature", "properties": {"code": "qing", "name": "Qing", "capital": null, "culture": "chinese", "civs": ["han"], "provinceType": "land", "terrain": "temp", "mapTypes": ["temp"], "resources": null, "religion": null, "population": "high", "centerpoint": [3553, 523], "position": {"x": 3532, "y": 506}, "bbox": {"w": 109, "h": 38}, "maskSize": [128, 64], "area": 2403, "links": ["dong_hai", "ji", "liang", "xu", "you"]}, "geometry": {"type": "Polygon", "coordinates": [[[3532.0, -508.0], [3536.0, -535.0], [3540.0, -539.0], [3571.0, -543.0], [3640.0, -531.0], [3640.0, -525.0], [3633.0, -523.0], [3623.0, -525.0], [3611.0, -515.0], [3602.0, -524.0], [3595.0, -527.0], [3592.0, -525.0], [3593.0, -529.0], [3589.0, -532.0], [3581.0, -525.0], [3585.0, -518.0], [3580.0, -512.0], [3570.0, -513.0], [3562.0, -506.0], [3532.0, -508.0]]]}}, {"type": "Feature", "properties": {"code": "xu", "name": "Xu", "capital": null, "culture": "chinese", "civs": ["han"], "provinceType": "land", "terrain": "temp", "mapTypes": ["temp"], "resources": null, "religion": null, "population": "high", "centerpoint": [3586, 598], "position": {"x": 3538, "y": 532}, "bbox": {"w": 106, "h": 107}, "maskSize": [128, 128], "area": 4852, "links": ["dong_hai", "liang", "minyue", "qing", "yu"]}, "geometry": {"type": "Polygon", "coordinates": [[[3639.0, -533.0], [3577.0, -543.0], [3570.0, -558.0], [3576.0, -568.0], [3560.0, -573.0], [3545.0, -571.0], [3541.0, -566.0], [3538.0, -570.0], [3548.0, -589.0], [3547.0, -608.0], [3568.0, -610.0], [3572.0, -628.0], [3577.0, -621.0], [3588.0, -621.0], [3595.0, -618.0], [3605.0, -627.0], [3624.0, -631.0], [3637.0, -638.0], [3642.0, -636.0], [3643.0, -632.0], [3635.0, -629.0], [3635.0, -624.0], [3620.0, -611.0], [3620.0, -605.0], [3612.0, -598.0], [3610.0, -582.0], [3591.0, -575.0], [3599.0, -560.0], [3618.0, -555.0], [3620.0, -552.0], [3616.0, -547.0], [3618.0, -543.0], [3630.0, -539.0], [3637.0, -542.0], [3639.0, -533.0]]]}}, {"type": "Feature", "properties": {"code": "minyue", "name": "Minyue", "capital": null, "culture": null, "civs": ["miny", "han"], "provinceType": "land", "terrain": "temp", "mapTypes": ["temp"], "resources": null, "religion": null, "population": "high", "centerpoint": [3556, 718], "position": {"x": 3468, "y": 619}, "bbox": {"w": 186, "h": 178}, "maskSize": [256, 256], "area": 20727, "links": ["dong_hai", "jing", "nan_hai", "nanyue", "xu", "yu"]}, "geometry": {"type": "Polygon", "coordinates": [[[3643.0, -636.0], [3637.0, -639.0], [3624.0, -632.0], [3605.0, -628.0], [3594.0, -619.0], [3588.0, -622.0], [3577.0, -622.0], [3555.0, -649.0], [3551.0, -659.0], [3535.0, -664.0], [3511.0, -649.0], [3501.0, -656.0], [3478.0, -686.0], [3479.0, -694.0], [3468.0, -714.0], [3469.0, -772.0], [3526.0, -767.0], [3534.0, -783.0], [3548.0, -787.0], [3551.0, -790.0], [3548.0, -794.0], [3551.0, -796.0], [3558.0, -790.0], [3566.0, -794.0], [3570.0, -791.0], [3575.0, -792.0], [3576.0, -787.0], [3582.0, -783.0], [3589.0, -784.0], [3589.0, -774.0], [3611.0, -752.0], [3611.0, -735.0], [3625.0, -721.0], [3625.0, -712.0], [3629.0, -709.0], [3633.0, -710.0], [3640.0, -702.0], [3640.0, -697.0], [3637.0, -693.0], [3645.0, -685.0], [3641.0, -687.0], [3637.0, -684.0], [3637.0, -681.0], [3644.0, -676.0], [3644.0, -667.0], [3647.0, -663.0], [3651.0, -663.0], [3653.0, -655.0], [3644.0, -650.0], [3643.0, -636.0]]]}}, {"type": "Feature", "properties": {"code": "ji", "name": "Ji", "capital": null, "culture": "chinese", "civs": ["han"], "provinceType": "land", "terrain": "temp", "mapTypes": ["temp"], "resources": null, "religion": null, "population": "high", "centerpoint": [3508, 519], "position": {"x": 3477, "y": 490}, "bbox": {"w": 59, "h": 66}, "maskSize": [64, 128], "area": 3015, "links": ["bing", "liang", "qing", "sili", "you"]}, "geometry": {"type": "Polygon", "coordinates": [[[3479.0, -492.0], [3477.0, -506.0], [3484.0, -510.0], [3479.0, -544.0], [3506.0, -555.0], [3529.0, -549.0], [3526.0, -536.0], [3535.0, -535.0], [3531.0, -507.0], [3514.0, -490.0], [3479.0, -492.0]]]}}, {"type": "Feature", "properties": {"code": "yu", "name": "Yu", "capital": null, "culture": "chinese", "civs": ["han"], "provinceType": "land", "terrain": "temp", "mapTypes": ["temp"], "resources": null, "religion": null, "population": "high", "centerpoint": [3523, 623], "position": {"x": 3471, "y": 583}, "bbox": {"w": 101, "h": 81}, "maskSize": [128, 128], "area": 4823, "links": ["jing", "liang", "minyue", "sili", "xu"]}, "geometry": {"type": "Polygon", "coordinates": [[[3471.0, -593.0], [3472.0, -614.0], [3492.0, -625.0], [3496.0, -635.0], [3508.0, -646.0], [3535.0, -663.0], [3551.0, -658.0], [3554.0, -649.0], [3571.0, -629.0], [3568.0, -611.0], [3547.0, -609.0], [3546.0, -598.0], [3512.0, -594.0], [3510.0, -583.0], [3482.0, -585.0], [3471.0, -593.0]]]}}, {"type": "Feature", "properties": {"code": "jing", "name": "Jing", "capital": null, "culture": "chinese", "civs": ["han"], "provinceType": "land", "terrain": "temp", "mapTypes": ["temp"], "resources": null, "religion": null, "population": "high", "centerpoint": [3417, 691], "position": {"x": 3356, "y": 590}, "bbox": {"w": 155, "h": 204}, "maskSize": [256, 256], "area": 21673, "links": ["minyue", "nanyue", "sili", "yi", "yu"]}, "geometry": {"type": "Polygon", "coordinates": [[[3470.0, -595.0], [3427.0, -590.0], [3377.0, -621.0], [3389.0, -636.0], [3389.0, -643.0], [3368.0, -649.0], [3367.0, -666.0], [3356.0, -713.0], [3370.0, -719.0], [3356.0, -768.0], [3366.0, -793.0], [3462.0, -793.0], [3470.0, -773.0], [3468.0, -772.0], [3467.0, -714.0], [3478.0, -694.0], [3477.0, -686.0], [3500.0, -656.0], [3510.0, -648.0], [3495.0, -635.0], [3492.0, -626.0], [3471.0, -614.0], [3470.0, -595.0]]]}}, {"type": "Feature", "properties": {"code": "sili", "name": "Sili", "capital": null, "culture": "chinese", "civs": ["han"], "provinceType": "land", "terrain": "temp", "mapTypes": ["temp"], "resources": null, "religion": null, "population": "high", "centerpoint": [3414, 564], "position": {"x": 3341, "y": 538}, "bbox": {"w": 171, "h": 57}, "maskSize": [256, 64], "area": 5299, "links": ["bing", "gansu", "ji", "jing", "liang", "yi", "yu"]}, "geometry": {"type": "Polygon", "coordinates": [[[3341.0, -562.0], [3342.0, -568.0], [3362.0, -581.0], [3410.0, -582.0], [3426.0, -589.0], [3470.0, -594.0], [3482.0, -584.0], [3511.0, -582.0], [3507.0, -555.0], [3480.0, -545.0], [3459.0, -562.0], [3435.0, -559.0], [3418.0, -539.0], [3404.0, -538.0], [3396.0, -556.0], [3375.0, -561.0], [3344.0, -559.0], [3341.0, -562.0]]]}}, {"type": "Feature", "properties": {"code": "yi", "name": "Yi", "capital": null, "culture": "chinese", "civs": ["han"], "provinceType": "land", "terrain": "temp", "mapTypes": ["temp"], "resources": null, "religion": null, "population": "high", "centerpoint": [3297, 737], "position": {"x": 3215, "y": 564}, "bbox": {"w": 212, "h": 249}, "maskSize": [256, 256], "area": 30789, "links": ["burmese", "gansu", "jing", "nanyue", "siam", "sili", "xivi"]}, "geometry": {"type": "Polygon", "coordinates": [[[3425.0, -589.0], [3410.0, -583.0], [3362.0, -582.0], [3340.0, -566.0], [3332.0, -567.0], [3309.0, -564.0], [3295.0, -573.0], [3268.0, -575.0], [3250.0, -598.0], [3240.0, -640.0], [3243.0, -648.0], [3231.0, -685.0], [3240.0, -709.0], [3215.0, -722.0], [3220.0, -760.0], [3256.0, -791.0], [3298.0, -804.0], [3303.0, -812.0], [3312.0, -811.0], [3324.0, -805.0], [3336.0, -793.0], [3365.0, -793.0], [3355.0, -768.0], [3369.0, -719.0], [3356.0, -714.0], [3355.0, -711.0], [3366.0, -666.0], [3367.0, -649.0], [3388.0, -643.0], [3388.0, -636.0], [3376.0, -621.0], [3425.0, -589.0]]]}}, {"type": "Feature", "properties": {"code": "bing", "name": "Bing", "capital": null, "culture": "chinese", "civs": ["han"], "provinceType": "land", "terrain": "temp", "mapTypes": ["temp"], "resources": null, "religion": null, "population": "high", "centerpoint": [3364, 490], "position": {"x": 3275, "y": 421}, "bbox": {"w": 220, "h": 141}, "maskSize": [256, 256], "area": 22496, "links": ["central_siberia", "donghu", "eastern_siberia", "gansu", "ji", "sili", "you"]}, "geometry": {"type": "Polygon", "coordinates": [[[3291.0, -436.0], [3277.0, -466.0], [3275.0, -480.0], [3282.0, -493.0], [3304.0, -507.0], [3303.0, -531.0], [3310.0, -539.0], [3334.0, -544.0], [3344.0, -558.0], [3375.0, -560.0], [3396.0, -555.0], [3404.0, -537.0], [3418.0, -538.0], [3435.0, -558.0], [3459.0, -561.0], [3478.0, -545.0], [3483.0, -510.0], [3476.0, -506.0], [3479.0, -491.0], [3489.0, -489.0], [3475.0, -476.0], [3494.0, -467.0], [3485.0, -453.0], [3434.0, -438.0], [3333.0, -421.0], [3325.0, -435.0], [3305.0, -434.0], [3291.0, -436.0]]]}}, {"type": "Feature", "properties": {"code": "donghu", "name": "Donghu", "capital": null, "culture": null, "civs": ["han"], "provinceType": "land", "terrain": "temp", "mapTypes": ["temp"], "resources": null, "religion": null, "population": "low", "centerpoint": [3523, 378], "position": {"x": 3411, "y": 306}, "bbox": {"w": 260, "h": 162}, "maskSize": [512, 256], "area": 26303, "links": ["amur", "bing", "eastern_siberia", "goguryeo", "iacutia", "you"]}, "geometry": {"type": "Polygon", "coordinates": [[[3433.0, -331.0], [3455.0, -402.0], [3411.0, -433.0], [3434.0, -437.0], [3485.0, -452.0], [3495.0, -467.0], [3535.0, -448.0], [3578.0, -454.0], [3617.0, -436.0], [3621.0, -442.0], [3670.0, -367.0], [3669.0, -365.0], [3588.0, -342.0], [3570.0, -306.0], [3503.0, -306.0], [3433.0, -331.0]]]}}, {"type": "Feature", "properties": {"code": "lusitania", "name": "Lusitania", "capital": null, "culture": null, "civs": ["lusi", "iber"], "provinceType": "land", "terrain": "medit", "mapTypes": ["medit"], "resources": null, "religion": null, "population": "medium", "centerpoint": [1436, 555], "position": {"x": 1402, "y": 524}, "bbox": {"w": 65, "h": 89}, "maskSize": [128, 128], "area": 3656, "links": ["baetica", "galicia", "numantia"]}, "geometry": {"type": "Polygon", "coordinates": [[[1429.0, -524.0], [1422.0, -525.0], [1414.0, -544.0], [1406.0, -551.0], [1402.0, -564.0], [1405.0, -574.0], [1412.0, -577.0], [1409.0, -586.0], [1409.0, -598.0], [1404.0, -607.0], [1416.0, -607.0], [1423.0, -612.0], [1435.0, -609.0], [1434.0, -600.0], [1444.0, -591.0], [1442.0, -580.0], [1466.0, -573.0], [1466.0, -548.0], [1462.0, -540.0], [1429.0, -524.0]]]}}, {"type": "Feature", "properties": {"code": "iberia", "name": "Iberia", "capital": null, "culture": null, "civs": ["iber"], "provinceType": "land", "terrain": "medit", "mapTypes": ["medit"], "resources": null, "religion": null, "population": "medium", "centerpoint": [1561, 556], "position": {"x": 1510, "y": 525}, "bbox": {"w": 96, "h": 115}, "maskSize": [128, 128], "area": 4599, "links": ["baetica", "basque", "med_west", "numantia", "tarraco"]}, "geometry": {"type": "Polygon", "coordinates": [[[1605.0, -547.0], [1575.0, -540.0], [1555.0, -525.0], [1531.0, -530.0], [1524.0, -544.0], [1545.0, -569.0], [1531.0, -593.0], [1510.0, -611.0], [1516.0, -629.0], [1515.0, -635.0], [1523.0, -639.0], [1528.0, -634.0], [1530.0, -628.0], [1538.0, -625.0], [1549.0, -626.0], [1549.0, -621.0], [1554.0, -612.0], [1567.0, -604.0], [1567.0, -601.0], [1561.0, -597.0], [1561.0, -587.0], [1577.0, -570.0], [1581.0, -570.0], [1581.0, -565.0], [1585.0, -561.0], [1604.0, -557.0], [1605.0, -547.0]]]}}, {"type": "Feature", "properties": {"code": "baetica", "name": "Baetica", "capital": null, "culture": null, "civs": ["iber"], "provinceType": "land", "terrain": "medit", "mapTypes": ["medit"], "resources": null, "religion": null, "population": "medium", "centerpoint": [1471, 609], "position": {"x": 1435, "y": 574}, "bbox": {"w": 81, "h": 69}, "maskSize": [128, 128], "area": 3398, "links": ["iberia", "lusitania", "mauretania", "med_west", "numantia"]}, "geometry": {"type": "Polygon", "coordinates": [[[1442.0, -581.0], [1445.0, -591.0], [1435.0, -600.0], [1436.0, -609.0], [1442.0, -611.0], [1450.0, -620.0], [1449.0, -625.0], [1452.0, -633.0], [1459.0, -639.0], [1459.0, -642.0], [1468.0, -642.0], [1472.0, -634.0], [1480.0, -634.0], [1485.0, -631.0], [1509.0, -637.0], [1514.0, -635.0], [1515.0, -629.0], [1510.0, -612.0], [1503.0, -601.0], [1466.0, -574.0], [1442.0, -581.0]]]}}, {"type": "Feature", "properties": {"code": "basque", "name": "Basque", "capital": null, "culture": null, "civs": ["iber"], "provinceType": "land", "terrain": "temp", "mapTypes": ["temp"], "resources": null, "religion": null, "population": "medium", "centerpoint": [1536, 511], "position": {"x": 1488, "y": 481}, "bbox": {"w": 109, "h": 54}, "maskSize": [128, 64], "area": 2721, "links": ["aquitania", "galicia", "iberia", "numantia", "tarraco"]}, "geometry": {"type": "Polygon", "coordinates": [[[1488.0, -494.0], [1500.0, -498.0], [1532.0, -529.0], [1555.0, -524.0], [1571.0, -534.0], [1594.0, -517.0], [1557.0, -493.0], [1552.0, -496.0], [1543.0, -497.0], [1534.0, -491.0], [1493.0, -481.0], [1488.0, -494.0]]]}}, {"type": "Feature", "properties": {"code": "tarraco", "name": "Tarraco", "capital": null, "culture": null, "civs": ["iber"], "provinceType": "land", "terrain": "temp", "mapTypes": ["temp"], "resources": null, "religion": null, "population": "medium", "centerpoint": [1613, 533], "position": {"x": 1571, "y": 517}, "bbox": {"w": 65, "h": 41}, "maskSize": [128, 64], "area": 1576, "links": ["aquitania", "basque", "iberia", "med_west"]}, "geometry": {"type": "Polygon", "coordinates": [[[1571.0, -535.0], [1575.0, -539.0], [1605.0, -546.0], [1605.0, -557.0], [1608.0, -557.0], [1630.0, -546.0], [1633.0, -539.0], [1630.0, -535.0], [1631.0, -523.0], [1635.0, -520.0], [1632.0, -518.0], [1595.0, -517.0], [1571.0, -535.0]]]}}, {"type": "Feature", "properties": {"code": "ibossim", "name": "Ibossim", "capital": null, "culture": null, "civs": ["cart"], "provinceType": "land", "terrain": "medit", "mapTypes": ["medit"], "resources": null, "religion": null, "population": "medium", "centerpoint": [1615, 593], "position": {"x": 1585, "y": 586}, "bbox": {"w": 54, "h": 24}, "maskSize": [64, 32], "area": 247, "links": ["med_west"]}, "geometry": {"type": "Polygon", "coordinates": [[[1618.0, -587.0], [1613.0, -587.0], [1604.0, -592.0], [1604.0, -594.0], [1609.0, -595.0], [1613.0, -599.0], [1612.0, -603.0], [1623.0, -594.0], [1623.0, -591.0], [1618.0, -587.0]]]}}, {"type": "Feature", "properties": {"code": "med_west", "name": "Western Mediterranean", "capital": null, "culture": null, "civs": [], "provinceType": "sea", "terrain": null, "mapTypes": [], "resources": null, "religion": null, "population": null, "centerpoint": [1674, 569], "position": {"x": 1469, "y": 504}, "bbox": {"w": 269, "h": 149}, "maskSize": [512, 256], "area": 15787, "links": ["aquitania", "baetica", "carthage", "cisalpine_gaul", "corsica_sardinia", "iberia", "ibossim", "mauretania", "med_central", "milano", "numidia", "tarraco"]}, "geometry": {"type": "Polygon", "coordinates": [[[1737.0, -505.0], [1733.0, -504.0], [1725.0, -511.0], [1716.0, -515.0], [1708.0, -514.0], [1702.0, -519.0], [1694.0, -521.0], [1692.0, -527.0], [1682.0, -530.0], [1675.0, -529.0], [1674.0, -526.0], [1669.0, -525.0], [1662.0, -518.0], [1658.0, -520.0], [1647.0, -516.0], [1643.0, -520.0], [1634.0, -521.0], [1631.0, -529.0], [1634.0, -541.0], [1631.0, -543.0], [1631.0, -547.0], [1606.0, -559.0], [1602.0, -558.0], [1585.0, -562.0], [1582.0, -566.0], [1582.0, -572.0], [1577.0, -572.0], [1564.0, -588.0], [1569.0, -603.0], [1558.0, -611.0], [1549.0, -627.0], [1533.0, -628.0], [1530.0, -635.0], [1521.0, -642.0], [1502.0, -635.0], [1490.0, -633.0], [1474.0, -634.0], [1469.0, -642.0], [1471.0, -646.0], [1479.0, -652.0], [1495.0, -648.0], [1503.0, -649.0], [1507.0, -645.0], [1533.0, -650.0], [1542.0, -643.0], [1553.0, -643.0], [1556.0, -640.0], [1565.0, -641.0], [1583.0, -631.0], [1606.0, -630.0], [1617.0, -625.0], [1628.0, -626.0], [1635.0, -624.0], [1641.0, -628.0], [1667.0, -627.0], [1676.0, -629.0], [1691.0, -623.0], [1700.0, -626.0], [1713.0, -626.0], [1723.0, -622.0], [1724.0, -618.0], [1718.0, -618.0], [1712.0, -609.0], [1717.0, -597.0], [1714.0, -596.0], [1716.0, -582.0], [1713.0, -579.0], [1716.0, -568.0], [1719.0, -569.0], [1718.0, -572.0], [1722.0, -573.0], [1731.0, -567.0], [1724.0, -560.0], [1722.0, -551.0], [1724.0, -540.0], [1737.0, -533.0], [1737.0, -505.0]]]}}, {"type": "Feature", "properties": {"code": "sea_korean", "name": "Jinghai (East Sea)", "capital": null, "culture": null, "civs": [], "provinceType": "sea", "terrain": null, "mapTypes": [], "resources": null, "religion": null, "population": null, "centerpoint": [3818, 488], "position": {"x": 3726, "y": 228}, "bbox": {"w": 196, "h": 357}, "maskSize": [256, 512], "area": 25238, "links": ["dong_hai", "emishi_lands", "goguryeo", "hokkaido", "silla_gaya", "wa", "yilou"]}, "geometry": {"type": "Polygon", "coordinates": [[[3890.0, -267.0], [3885.0, -269.0], [3884.0, -280.0], [3888.0, -283.0], [3888.0, -286.0], [3885.0, -288.0], [3886.0, -311.0], [3877.0, -327.0], [3877.0, -344.0], [3865.0, -363.0], [3867.0, -367.0], [3863.0, -369.0], [3861.0, -377.0], [3850.0, -387.0], [3845.0, -398.0], [3837.0, -408.0], [3835.0, -415.0], [3825.0, -425.0], [3819.0, -426.0], [3815.0, -433.0], [3806.0, -434.0], [3803.0, -437.0], [3790.0, -434.0], [3786.0, -425.0], [3778.0, -426.0], [3776.0, -430.0], [3779.0, -433.0], [3771.0, -442.0], [3756.0, -448.0], [3759.0, -460.0], [3756.0, -470.0], [3747.0, -473.0], [3744.0, -479.0], [3734.0, -486.0], [3729.0, -482.0], [3726.0, -484.0], [3726.0, -490.0], [3739.0, -502.0], [3743.0, -518.0], [3749.0, -520.0], [3754.0, -525.0], [3758.0, -538.0], [3755.0, -550.0], [3757.0, -571.0], [3749.0, -578.0], [3764.0, -581.0], [3772.0, -578.0], [3772.0, -582.0], [3784.0, -584.0], [3803.0, -559.0], [3812.0, -558.0], [3813.0, -556.0], [3815.0, -558.0], [3822.0, -558.0], [3849.0, -548.0], [3851.0, -554.0], [3855.0, -554.0], [3854.0, -545.0], [3866.0, -528.0], [3863.0, -518.0], [3875.0, -508.0], [3880.0, -510.0], [3880.0, -520.0], [3892.0, -518.0], [3895.0, -509.0], [3899.0, -507.0], [3898.0, -502.0], [3894.0, -508.0], [3889.0, -503.0], [3889.0, -492.0], [3892.0, -490.0], [3896.0, -491.0], [3898.0, -500.0], [3900.0, -501.0], [3905.0, -498.0], [3908.0, -481.0], [3913.0, -474.0], [3912.0, -469.0], [3907.0, -468.0], [3905.0, -463.0], [3909.0, -459.0], [3909.0, -445.0], [3913.0, -442.0], [3915.0, -436.0], [3911.0, -435.0], [3912.0, -437.0], [3909.0, -437.0], [3902.0, -421.0], [3897.0, -423.0], [3894.0, -417.0], [3899.0, -412.0], [3899.0, -405.0], [3906.0, -400.0], [3906.0, -397.0], [3902.0, -395.0], [3904.0, -389.0], [3909.0, -388.0], [3909.0, -384.0], [3912.0, -382.0], [3914.0, -386.0], [3919.0, -386.0], [3921.0, -379.0], [3919.0, -378.0], [3914.0, -381.0], [3915.0, -363.0], [3908.0, -360.0], [3908.0, -346.0], [3903.0, -340.0], [3906.0, -336.0], [3912.0, -339.0], [3915.0, -337.0], [3908.0, -313.0], [3899.0, -302.0], [3897.0, -283.0], [3890.0, -267.0]]]}}, {"type": "Feature", "properties": {"code": "dong_hai", "name": "Dong Hai (East China Sea)", "capital": null, "culture": null, "civs": [], "provinceType": "sea", "terrain": null, "mapTypes": [], "resources": null, "religion": null, "population": null, "centerpoint": [3704, 678], "position": {"x": 3563, "y": 459}, "bbox": {"w": 222, "h": 328}, "maskSize": [256, 512], "area": 28613, "links": ["baekje", "goguryeo", "kyushu", "minyue", "nan_hai", "qing", "ryukyu", "sea_korean", "silla_gaya", "wa", "xu", "yizhou", "you"]}, "geometry": {"type": "Polygon", "coordinates": [[[3617.0, -459.0], [3611.0, -461.0], [3609.0, -470.0], [3603.0, -478.0], [3591.0, -480.0], [3590.0, -485.0], [3584.0, -492.0], [3572.0, -493.0], [3568.0, -490.0], [3563.0, -496.0], [3563.0, -506.0], [3570.0, -512.0], [3577.0, -508.0], [3583.0, -509.0], [3587.0, -517.0], [3583.0, -522.0], [3583.0, -526.0], [3588.0, -529.0], [3592.0, -527.0], [3592.0, -524.0], [3596.0, -525.0], [3599.0, -523.0], [3603.0, -514.0], [3616.0, -515.0], [3621.0, -523.0], [3634.0, -520.0], [3642.0, -526.0], [3642.0, -534.0], [3638.0, -545.0], [3628.0, -544.0], [3619.0, -548.0], [3621.0, -552.0], [3617.0, -557.0], [3608.0, -559.0], [3593.0, -571.0], [3594.0, -576.0], [3614.0, -582.0], [3612.0, -589.0], [3614.0, -598.0], [3620.0, -600.0], [3622.0, -610.0], [3631.0, -621.0], [3636.0, -623.0], [3637.0, -630.0], [3644.0, -632.0], [3643.0, -641.0], [3646.0, -651.0], [3654.0, -654.0], [3645.0, -684.0], [3644.0, -697.0], [3636.0, -710.0], [3629.0, -710.0], [3626.0, -721.0], [3612.0, -745.0], [3612.0, -752.0], [3608.0, -756.0], [3618.0, -765.0], [3618.0, -762.0], [3626.0, -752.0], [3638.0, -746.0], [3643.0, -746.0], [3650.0, -753.0], [3651.0, -760.0], [3648.0, -770.0], [3667.0, -786.0], [3671.0, -778.0], [3670.0, -772.0], [3677.0, -770.0], [3690.0, -758.0], [3710.0, -745.0], [3715.0, -734.0], [3721.0, -731.0], [3720.0, -738.0], [3742.0, -718.0], [3758.0, -698.0], [3765.0, -678.0], [3773.0, -665.0], [3769.0, -663.0], [3764.0, -665.0], [3761.0, -662.0], [3763.0, -657.0], [3755.0, -655.0], [3754.0, -651.0], [3756.0, -649.0], [3763.0, -649.0], [3763.0, -641.0], [3759.0, -640.0], [3760.0, -633.0], [3755.0, -630.0], [3752.0, -623.0], [3739.0, -634.0], [3733.0, -631.0], [3738.0, -627.0], [3738.0, -622.0], [3749.0, -617.0], [3753.0, -612.0], [3750.0, -608.0], [3750.0, -603.0], [3744.0, -598.0], [3745.0, -590.0], [3750.0, -584.0], [3755.0, -585.0], [3755.0, -599.0], [3760.0, -602.0], [3761.0, -607.0], [3769.0, -599.0], [3774.0, -599.0], [3775.0, -596.0], [3773.0, -590.0], [3768.0, -587.0], [3764.0, -588.0], [3765.0, -582.0], [3748.0, -579.0], [3740.0, -589.0], [3728.0, -590.0], [3727.0, -596.0], [3713.0, -596.0], [3703.0, -602.0], [3700.0, -600.0], [3691.0, -601.0], [3680.0, -585.0], [3685.0, -573.0], [3685.0, -586.0], [3690.0, -590.0], [3692.0, -589.0], [3691.0, -578.0], [3702.0, -563.0], [3701.0, -559.0], [3695.0, -554.0], [3692.0, -555.0], [3686.0, -549.0], [3693.0, -540.0], [3700.0, -538.0], [3698.0, -535.0], [3699.0, -527.0], [3690.0, -526.0], [3682.0, -532.0], [3680.0, -527.0], [3676.0, -526.0], [3676.0, -523.0], [3671.0, -522.0], [3670.0, -515.0], [3680.0, -505.0], [3676.0, -499.0], [3677.0, -495.0], [3672.0, -492.0], [3665.0, -492.0], [3661.0, -485.0], [3638.0, -490.0], [3635.0, -501.0], [3630.0, -500.0], [3616.0, -505.0], [3613.0, -495.0], [3623.0, -491.0], [3614.0, -485.0], [3631.0, -467.0], [3630.0, -461.0], [3622.0, -462.0], [3617.0, -459.0]]]}}, {"type": "Feature", "properties": {"code": "nan_hai", "name": "Nan Hai (South China Sea)", "capital": null, "culture": null, "civs": [], "provinceType": "sea", "terrain": null, "mapTypes": [], "resources": null, "religion": null, "population": null, "centerpoint": [3505, 923], "position": {"x": 3322, "y": 756}, "bbox": {"w": 345, "h": 302}, "maskSize": [512, 512], "area": 54253, "links": ["borneo", "dong_hai", "funan", "luzon", "minyue", "nanyue", "xivi", "yizhou"]}, "geometry": {"type": "Polygon", "coordinates": [[[3666.0, -786.0], [3647.0, -771.0], [3641.0, -780.0], [3641.0, -794.0], [3632.0, -797.0], [3630.0, -804.0], [3620.0, -819.0], [3617.0, -819.0], [3615.0, -814.0], [3607.0, -808.0], [3607.0, -797.0], [3604.0, -795.0], [3607.0, -785.0], [3599.0, -785.0], [3597.0, -782.0], [3599.0, -778.0], [3607.0, -779.0], [3617.0, -767.0], [3607.0, -756.0], [3590.0, -774.0], [3589.0, -785.0], [3582.0, -784.0], [3577.0, -787.0], [3575.0, -793.0], [3570.0, -792.0], [3566.0, -795.0], [3558.0, -791.0], [3552.0, -797.0], [3547.0, -794.0], [3550.0, -792.0], [3544.0, -788.0], [3544.0, -805.0], [3510.0, -814.0], [3509.0, -816.0], [3512.0, -818.0], [3517.0, -815.0], [3521.0, -816.0], [3516.0, -827.0], [3503.0, -819.0], [3497.0, -821.0], [3492.0, -828.0], [3485.0, -823.0], [3478.0, -828.0], [3462.0, -832.0], [3445.0, -832.0], [3437.0, -842.0], [3450.0, -857.0], [3437.0, -876.0], [3419.0, -883.0], [3400.0, -877.0], [3397.0, -865.0], [3412.0, -853.0], [3416.0, -853.0], [3421.0, -849.0], [3417.0, -839.0], [3422.0, -830.0], [3413.0, -833.0], [3402.0, -829.0], [3387.0, -829.0], [3360.0, -837.0], [3350.0, -849.0], [3346.0, -848.0], [3336.0, -855.0], [3324.0, -872.0], [3353.0, -903.0], [3360.0, -905.0], [3371.0, -917.0], [3376.0, -918.0], [3382.0, -925.0], [3382.0, -929.0], [3388.0, -933.0], [3395.0, -956.0], [3396.0, -970.0], [3392.0, -973.0], [3393.0, -982.0], [3390.0, -990.0], [3369.0, -1003.0], [3363.0, -1003.0], [3359.0, -1007.0], [3353.0, -1007.0], [3350.0, -1010.0], [3334.0, -1014.0], [3331.0, -1012.0], [3322.0, -1023.0], [3517.0, -1057.0], [3522.0, -1052.0], [3531.0, -1054.0], [3535.0, -1047.0], [3532.0, -1043.0], [3538.0, -1037.0], [3545.0, -1023.0], [3570.0, -1007.0], [3584.0, -993.0], [3584.0, -987.0], [3594.0, -982.0], [3596.0, -974.0], [3592.0, -969.0], [3599.0, -968.0], [3609.0, -973.0], [3603.0, -981.0], [3621.0, -969.0], [3592.0, -944.0], [3594.0, -941.0], [3604.0, -945.0], [3608.0, -950.0], [3609.0, -945.0], [3605.0, -939.0], [3606.0, -937.0], [3591.0, -927.0], [3586.0, -907.0], [3588.0, -902.0], [3595.0, -907.0], [3598.0, -905.0], [3595.0, -900.0], [3599.0, -888.0], [3595.0, -881.0], [3600.0, -872.0], [3606.0, -868.0], [3616.0, -868.0], [3620.0, -863.0], [3626.0, -864.0], [3626.0, -869.0], [3631.0, -872.0], [3638.0, -870.0], [3666.0, -786.0]]]}}, {"type": "Feature", "properties": {"code": "yizhou", "name": "Yizhou (Taiwan)", "capital": null, "culture": null, "civs": ["han"], "provinceType": "land", "terrain": "temp", "mapTypes": ["temp"], "resources": null, "religion": null, "population": "low", "centerpoint": [3624, 783], "position": {"x": 3598, "y": 747}, "bbox": {"w": 52, "h": 95}, "maskSize": [64, 128], "area": 1857, "links": ["dong_hai", "luzon", "nan_hai"]}, "geometry": {"type": "Polygon", "coordinates": [[[3643.0, -747.0], [3638.0, -747.0], [3626.0, -753.0], [3626.0, -756.0], [3619.0, -762.0], [3618.0, -769.0], [3607.0, -780.0], [3598.0, -780.0], [3599.0, -784.0], [3605.0, -783.0], [3609.0, -786.0], [3605.0, -795.0], [3608.0, -797.0], [3607.0, -804.0], [3619.0, -819.0], [3622.0, -811.0], [3629.0, -804.0], [3631.0, -797.0], [3635.0, -794.0], [3640.0, -794.0], [3640.0, -780.0], [3648.0, -769.0], [3647.0, -761.0], [3649.0, -753.0], [3643.0, -747.0]]]}}, {"type": "Feature", "properties": {"code": "sicilia", "name": "Sicilia", "capital": "Syracuse", "culture": null, "civs": ["syrac", "spart"], "provinceType": "land", "terrain": "medit", "mapTypes": ["medit"], "resources": null, "religion": null, "population": "medium", "centerpoint": [1827, 645], "position": {"x": 1785, "y": 622}, "bbox": {"w": 65, "h": 43}, "maskSize": [128, 64], "area": 1302, "links": ["med_central", "napolia"]}, "geometry": {"type": "Polygon", "coordinates": [[[1849.0, -629.0], [1842.0, -630.0], [1833.0, -622.0], [1836.0, -629.0], [1832.0, -632.0], [1812.0, -634.0], [1803.0, -629.0], [1796.0, -633.0], [1793.0, -631.0], [1788.0, -634.0], [1785.0, -642.0], [1790.0, -645.0], [1795.0, -644.0], [1810.0, -654.0], [1818.0, -654.0], [1826.0, -662.0], [1837.0, -664.0], [1838.0, -660.0], [1842.0, -657.0], [1838.0, -649.0], [1839.0, -643.0], [1848.0, -635.0], [1849.0, -629.0]]]}}, {"type": "Feature", "properties": {"code": "napolia", "name": "Napolia", "capital": null, "culture": "italic", "civs": ["rome"], "provinceType": "land", "terrain": "medit", "mapTypes": ["medit"], "resources": null, "religion": null, "population": "medium", "centerpoint": [1855, 577], "position": {"x": 1818, "y": 546}, "bbox": {"w": 86, "h": 93}, "maskSize": [128, 128], "area": 2937, "links": ["latium", "med_central", "sicilia"]}, "geometry": {"type": "Polygon", "coordinates": [[[1837.0, -546.0], [1818.0, -569.0], [1821.0, -573.0], [1821.0, -577.0], [1818.0, -580.0], [1825.0, -583.0], [1835.0, -580.0], [1839.0, -583.0], [1838.0, -589.0], [1845.0, -594.0], [1850.0, -592.0], [1854.0, -595.0], [1854.0, -600.0], [1858.0, -605.0], [1861.0, -617.0], [1854.0, -622.0], [1855.0, -626.0], [1850.0, -629.0], [1849.0, -636.0], [1856.0, -638.0], [1868.0, -627.0], [1868.0, -620.0], [1870.0, -618.0], [1880.0, -615.0], [1879.0, -604.0], [1869.0, -597.0], [1871.0, -589.0], [1879.0, -583.0], [1893.0, -587.0], [1895.0, -593.0], [1901.0, -595.0], [1903.0, -588.0], [1894.0, -577.0], [1862.0, -562.0], [1862.0, -559.0], [1865.0, -557.0], [1864.0, -553.0], [1849.0, -553.0], [1837.0, -546.0]]]}}, {"type": "Feature", "properties": {"code": "latium", "name": "Latium", "capital": "Rome", "culture": "italic", "civs": ["rome"], "provinceType": "land", "terrain": "temp", "mapTypes": ["temp"], "resources": null, "religion": null, "population": "high", "centerpoint": [1799, 533], "position": {"x": 1752, "y": 493}, "bbox": {"w": 86, "h": 78}, "maskSize": [128, 128], "area": 3675, "links": ["cisalpine_gaul", "med_central", "napolia"]}, "geometry": {"type": "Polygon", "coordinates": [[[1755.0, -511.0], [1758.0, -514.0], [1759.0, -524.0], [1762.0, -526.0], [1762.0, -529.0], [1752.0, -539.0], [1762.0, -534.0], [1769.0, -537.0], [1771.0, -541.0], [1766.0, -545.0], [1771.0, -543.0], [1778.0, -544.0], [1782.0, -552.0], [1788.0, -553.0], [1798.0, -566.0], [1802.0, -565.0], [1806.0, -570.0], [1810.0, -568.0], [1817.0, -569.0], [1837.0, -545.0], [1829.0, -538.0], [1824.0, -521.0], [1803.0, -508.0], [1801.0, -499.0], [1805.0, -494.0], [1781.0, -494.0], [1755.0, -511.0]]]}}, {"type": "Feature", "properties": {"code": "cisalpine_gaul", "name": "Cisalpine", "capital": null, "culture": null, "civs": ["gaul"], "provinceType": "land", "terrain": "temp", "mapTypes": ["temp"], "resources": null, "religion": null, "population": "high", "centerpoint": [1753, 481], "position": {"x": 1708, "y": 452}, "bbox": {"w": 109, "h": 60}, "maskSize": [128, 64], "area": 3937, "links": ["friuli", "helvecia", "latium", "med_central", "med_west", "milano"]}, "geometry": {"type": "Polygon", "coordinates": [[[1816.0, -478.0], [1801.0, -466.0], [1772.0, -463.0], [1767.0, -453.0], [1756.0, -452.0], [1720.0, -467.0], [1721.0, -471.0], [1710.0, -482.0], [1708.0, -494.0], [1712.0, -504.0], [1721.0, -511.0], [1733.0, -502.0], [1737.0, -502.0], [1754.0, -511.0], [1781.0, -493.0], [1794.0, -494.0], [1798.0, -492.0], [1806.0, -494.0], [1803.0, -484.0], [1816.0, -478.0]]]}}, {"type": "Feature", "properties": {"code": "med_central", "name": "Central Mediterranean", "capital": null, "culture": null, "civs": [], "provinceType": "sea", "terrain": null, "mapTypes": [], "resources": null, "religion": null, "population": null, "centerpoint": [1899, 668], "position": {"x": 1724, "y": 477}, "bbox": {"w": 234, "h": 281}, "maskSize": [256, 512], "area": 31965, "links": ["carthage", "cisalpine_gaul", "corsica_sardinia", "cyrenaica", "epirus", "friuli", "illyria", "latium", "med_oriet", "med_west", "napolia", "pella", "peloponnese", "sicilia", "tripolitania"]}, "geometry": {"type": "Polygon", "coordinates": [[[1738.0, -505.0], [1738.0, -531.0], [1741.0, -530.0], [1742.0, -546.0], [1735.0, -565.0], [1740.0, -569.0], [1744.0, -583.0], [1740.0, -589.0], [1741.0, -594.0], [1736.0, -611.0], [1726.0, -611.0], [1724.0, -622.0], [1733.0, -618.0], [1736.0, -620.0], [1740.0, -619.0], [1749.0, -625.0], [1755.0, -622.0], [1760.0, -627.0], [1755.0, -639.0], [1749.0, -640.0], [1749.0, -644.0], [1758.0, -653.0], [1756.0, -662.0], [1750.0, -669.0], [1735.0, -679.0], [1738.0, -687.0], [1743.0, -688.0], [1743.0, -685.0], [1749.0, -683.0], [1753.0, -686.0], [1751.0, -689.0], [1754.0, -692.0], [1753.0, -695.0], [1772.0, -707.0], [1783.0, -704.0], [1804.0, -710.0], [1809.0, -714.0], [1821.0, -715.0], [1825.0, -719.0], [1826.0, -730.0], [1832.0, -737.0], [1849.0, -737.0], [1884.0, -757.0], [1889.0, -756.0], [1900.0, -747.0], [1901.0, -741.0], [1894.0, -734.0], [1897.0, -732.0], [1900.0, -724.0], [1910.0, -716.0], [1930.0, -710.0], [1957.0, -715.0], [1953.0, -654.0], [1950.0, -649.0], [1953.0, -643.0], [1943.0, -635.0], [1938.0, -639.0], [1936.0, -636.0], [1945.0, -631.0], [1947.0, -626.0], [1943.0, -626.0], [1942.0, -623.0], [1938.0, -629.0], [1932.0, -630.0], [1929.0, -628.0], [1933.0, -621.0], [1932.0, -613.0], [1934.0, -612.0], [1920.0, -601.0], [1917.0, -594.0], [1921.0, -589.0], [1911.0, -581.0], [1912.0, -553.0], [1908.0, -553.0], [1890.0, -537.0], [1885.0, -538.0], [1878.0, -534.0], [1874.0, -536.0], [1867.0, -525.0], [1850.0, -517.0], [1844.0, -510.0], [1848.0, -508.0], [1847.0, -503.0], [1843.0, -504.0], [1835.0, -501.0], [1828.0, -494.0], [1824.0, -478.0], [1820.0, -477.0], [1811.0, -483.0], [1804.0, -484.0], [1807.0, -496.0], [1803.0, -498.0], [1803.0, -505.0], [1806.0, -510.0], [1825.0, -521.0], [1830.0, -538.0], [1844.0, -550.0], [1863.0, -551.0], [1868.0, -556.0], [1863.0, -560.0], [1864.0, -563.0], [1871.0, -567.0], [1880.0, -568.0], [1885.0, -573.0], [1894.0, -576.0], [1906.0, -589.0], [1900.0, -598.0], [1893.0, -594.0], [1893.0, -589.0], [1881.0, -588.0], [1878.0, -584.0], [1873.0, -589.0], [1870.0, -597.0], [1881.0, -604.0], [1881.0, -618.0], [1870.0, -620.0], [1870.0, -629.0], [1866.0, -630.0], [1858.0, -639.0], [1850.0, -639.0], [1847.0, -636.0], [1840.0, -647.0], [1844.0, -656.0], [1840.0, -660.0], [1841.0, -664.0], [1839.0, -666.0], [1824.0, -663.0], [1824.0, -659.0], [1820.0, -657.0], [1810.0, -656.0], [1802.0, -649.0], [1788.0, -645.0], [1784.0, -640.0], [1786.0, -635.0], [1792.0, -630.0], [1798.0, -631.0], [1803.0, -628.0], [1812.0, -633.0], [1829.0, -632.0], [1835.0, -629.0], [1833.0, -621.0], [1840.0, -628.0], [1851.0, -628.0], [1854.0, -625.0], [1853.0, -621.0], [1859.0, -618.0], [1852.0, -596.0], [1846.0, -596.0], [1838.0, -592.0], [1836.0, -589.0], [1837.0, -583.0], [1830.0, -583.0], [1826.0, -586.0], [1823.0, -582.0], [1819.0, -582.0], [1817.0, -580.0], [1819.0, -578.0], [1818.0, -571.0], [1808.0, -570.0], [1805.0, -572.0], [1790.0, -561.0], [1787.0, -555.0], [1781.0, -555.0], [1777.0, -547.0], [1766.0, -546.0], [1769.0, -541.0], [1762.0, -535.0], [1752.0, -540.0], [1751.0, -537.0], [1759.0, -533.0], [1756.0, -515.0], [1754.0, -512.0], [1750.0, -512.0], [1738.0, -505.0]]]}}, {"type": "Feature", "properties": {"code": "london", "name": "London", "capital": null, "culture": "celt", "civs": ["brit"], "provinceType": "land", "terrain": "cold", "mapTypes": ["cold"], "resources": null, "religion": null, "population": "medium", "centerpoint": [1627, 324], "position": {"x": 1535, "y": 293}, "bbox": {"w": 133, "h": 59}, "maskSize": [256, 64], "area": 3909, "links": ["britain", "celtica", "english_channel"]}, "geometry": {"type": "Polygon", "coordinates": [[[1667.0, -304.0], [1663.0, -300.0], [1654.0, -298.0], [1646.0, -293.0], [1640.0, -297.0], [1602.0, -309.0], [1589.0, -322.0], [1580.0, -326.0], [1565.0, -326.0], [1560.0, -329.0], [1555.0, -326.0], [1557.0, -329.0], [1556.0, -334.0], [1544.0, -344.0], [1536.0, -346.0], [1535.0, -349.0], [1544.0, -351.0], [1552.0, -345.0], [1557.0, -345.0], [1566.0, -351.0], [1577.0, -341.0], [1583.0, -341.0], [1587.0, -346.0], [1597.0, -346.0], [1600.0, -344.0], [1606.0, -349.0], [1612.0, -346.0], [1625.0, -346.0], [1631.0, -350.0], [1636.0, -347.0], [1645.0, -346.0], [1650.0, -342.0], [1653.0, -344.0], [1656.0, -336.0], [1650.0, -334.0], [1648.0, -328.0], [1664.0, -318.0], [1667.0, -313.0], [1667.0, -304.0]]]}}, {"type": "Feature", "properties": {"code": "peloponnese", "name": "Peloponnese", "capital": null, "culture": "greek", "civs": ["spart"], "provinceType": "land", "terrain": "medit", "mapTypes": ["medit"], "resources": null, "religion": null, "population": "high", "centerpoint": [1966, 638], "position": {"x": 1937, "y": 622}, "bbox": {"w": 70, "h": 49}, "maskSize": [128, 64], "area": 1164, "links": ["crete", "hellas", "med_central", "med_oriet", "pella"]}, "geometry": {"type": "Polygon", "coordinates": [[[1937.0, -636.0], [1938.0, -638.0], [1943.0, -634.0], [1947.0, -639.0], [1951.0, -640.0], [1954.0, -643.0], [1951.0, -649.0], [1954.0, -656.0], [1964.0, -656.0], [1968.0, -665.0], [1969.0, -660.0], [1973.0, -657.0], [1978.0, -661.0], [1976.0, -668.0], [1979.0, -669.0], [1981.0, -660.0], [1978.0, -658.0], [1980.0, -653.0], [1977.0, -647.0], [1982.0, -643.0], [1986.0, -643.0], [1986.0, -632.0], [1976.0, -629.0], [1969.0, -624.0], [1957.0, -622.0], [1956.0, -625.0], [1949.0, -627.0], [1945.0, -632.0], [1937.0, -636.0]]]}}, {"type": "Feature", "properties": {"code": "hellas", "name": "Hellas", "capital": "Athenas", "culture": "greek", "civs": ["athen"], "provinceType": "land", "terrain": "medit", "mapTypes": ["medit"], "resources": null, "religion": null, "population": "high", "centerpoint": [1972, 609], "position": {"x": 1954, "y": 588}, "bbox": {"w": 70, "h": 67}, "maskSize": [128, 128], "area": 1658, "links": ["crete", "epirus", "ionia", "med_oriet", "pella", "peloponnese", "thessalia"]}, "geometry": {"type": "Polygon", "coordinates": [[[1954.0, -594.0], [1958.0, -605.0], [1957.0, -621.0], [1969.0, -623.0], [1976.0, -628.0], [1998.0, -634.0], [2001.0, -637.0], [2002.0, -645.0], [2005.0, -647.0], [2004.0, -651.0], [2008.0, -654.0], [2006.0, -651.0], [2007.0, -647.0], [2003.0, -644.0], [2002.0, -640.0], [2006.0, -637.0], [2009.0, -638.0], [2013.0, -634.0], [2019.0, -637.0], [2019.0, -635.0], [1998.0, -619.0], [1996.0, -610.0], [1986.0, -606.0], [1986.0, -603.0], [1993.0, -599.0], [1995.0, -595.0], [1985.0, -600.0], [1973.0, -588.0], [1954.0, -594.0]]]}}, {"type": "Feature", "properties": {"code": "thessalia", "name": "Thessalia", "capital": "Macedonia", "culture": "greek", "civs": ["mace"], "provinceType": "land", "terrain": "medit", "mapTypes": ["medit"], "resources": null, "religion": null, "population": "high", "centerpoint": [1958, 570], "position": {"x": 1943, "y": 550}, "bbox": {"w": 68, "h": 44}, "maskSize": [128, 64], "area": 1383, "links": ["epirus", "hellas", "lidia", "med_oriet", "pella", "thracia"]}, "geometry": {"type": "Polygon", "coordinates": [[[1943.0, -564.0], [1943.0, -578.0], [1953.0, -593.0], [1972.0, -588.0], [1969.0, -580.0], [1974.0, -575.0], [1979.0, -577.0], [1983.0, -583.0], [1991.0, -582.0], [1998.0, -578.0], [1989.0, -570.0], [1989.0, -567.0], [1952.0, -550.0], [1943.0, -564.0]]]}}, {"type": "Feature", "properties": {"code": "pella", "name": "Pella", "capital": "Pella", "culture": null, "civs": ["mace"], "provinceType": "land", "terrain": "medit", "mapTypes": ["medit"], "resources": null, "religion": null, "population": "high", "centerpoint": [1946, 607], "position": {"x": 1918, "y": 595}, "bbox": {"w": 40, "h": 35}, "maskSize": [64, 64], "area": 837, "links": ["epirus", "hellas", "med_central", "peloponnese", "thessalia"]}, "geometry": {"type": "Polygon", "coordinates": [[[1953.0, -595.0], [1918.0, -596.0], [1924.0, -605.0], [1929.0, -603.0], [1936.0, -609.0], [1933.0, -613.0], [1934.0, -621.0], [1930.0, -628.0], [1938.0, -628.0], [1938.0, -625.0], [1942.0, -622.0], [1948.0, -627.0], [1957.0, -623.0], [1957.0, -605.0], [1953.0, -595.0]]]}}, {"type": "Feature", "properties": {"code": "gaetuli", "name": "Gaetuli", "capital": null, "culture": null, "civs": ["gaet", "cart"], "provinceType": "land", "terrain": "desert", "mapTypes": ["desert"], "resources": null, "religion": null, "population": "low", "centerpoint": [1528, 769], "position": {"x": 1444, "y": 699}, "bbox": {"w": 246, "h": 153}, "maskSize": [256, 256], "area": 22159, "links": ["fezzan", "mauretania", "numidia", "senegambia", "tripolitania", "upper_niger"]}, "geometry": {"type": "Polygon", "coordinates": [[[1689.0, -733.0], [1664.0, -722.0], [1623.0, -699.0], [1553.0, -699.0], [1476.0, -717.0], [1467.0, -733.0], [1448.0, -739.0], [1444.0, -744.0], [1448.0, -768.0], [1463.0, -789.0], [1467.0, -791.0], [1476.0, -809.0], [1483.0, -814.0], [1487.0, -831.0], [1499.0, -844.0], [1508.0, -850.0], [1514.0, -851.0], [1525.0, -847.0], [1537.0, -837.0], [1556.0, -830.0], [1575.0, -812.0], [1588.0, -811.0], [1595.0, -805.0], [1603.0, -807.0], [1630.0, -771.0], [1687.0, -739.0], [1686.0, -737.0], [1689.0, -733.0]]]}}, {"type": "Feature", "properties": {"code": "colombia", "name": "Colombia", "capital": null, "culture": null, "civs": ["chibc"], "provinceType": "land", "terrain": "tropical", "mapTypes": ["tropical"], "resources": null, "religion": null, "population": "low", "centerpoint": [1282, 1025], "position": {"x": 1257, "y": 971}, "bbox": {"w": 44, "h": 127}, "maskSize": [64, 128], "area": 3492, "links": ["senegambia"]}, "geometry": {"type": "Polygon", "coordinates": [[[1272.0, -971.0], [1268.0, -975.0], [1263.0, -988.0], [1257.0, -993.0], [1257.0, -996.0], [1264.0, -1003.0], [1267.0, -1010.0], [1267.0, -1016.0], [1264.0, -1021.0], [1264.0, -1040.0], [1272.0, -1049.0], [1269.0, -1061.0], [1274.0, -1064.0], [1273.0, -1069.0], [1277.0, -1078.0], [1292.0, -1088.0], [1299.0, -1097.0], [1300.0, -1000.0], [1272.0, -971.0]]]}}, {"type": "Feature", "properties": {"code": "senegambia", "name": "Senegambia", "capital": null, "culture": null, "civs": ["sonin"], "provinceType": "land", "terrain": "tropical", "mapTypes": ["tropical"], "resources": null, "religion": null, "population": "low", "centerpoint": [1401, 910], "position": {"x": 1272, "y": 741}, "bbox": {"w": 284, "h": 380}, "maskSize": [512, 512], "area": 65143, "links": ["colombia", "gaetuli", "ghana", "mauretania", "upper_niger"]}, "geometry": {"type": "Polygon", "coordinates": [[[1443.0, -742.0], [1428.0, -749.0], [1405.0, -766.0], [1373.0, -741.0], [1368.0, -750.0], [1361.0, -754.0], [1354.0, -763.0], [1348.0, -765.0], [1340.0, -772.0], [1329.0, -772.0], [1325.0, -776.0], [1325.0, -782.0], [1322.0, -784.0], [1321.0, -789.0], [1308.0, -797.0], [1303.0, -810.0], [1302.0, -820.0], [1290.0, -831.0], [1277.0, -852.0], [1273.0, -867.0], [1273.0, -880.0], [1279.0, -881.0], [1285.0, -888.0], [1285.0, -896.0], [1281.0, -899.0], [1279.0, -898.0], [1279.0, -907.0], [1285.0, -915.0], [1286.0, -928.0], [1281.0, -936.0], [1279.0, -950.0], [1272.0, -970.0], [1301.0, -1000.0], [1300.0, -1098.0], [1304.0, -1104.0], [1312.0, -1100.0], [1319.0, -1102.0], [1325.0, -1111.0], [1326.0, -1120.0], [1488.0, -1010.0], [1504.0, -970.0], [1503.0, -966.0], [1508.0, -959.0], [1555.0, -831.0], [1541.0, -836.0], [1525.0, -848.0], [1514.0, -852.0], [1508.0, -851.0], [1499.0, -845.0], [1486.0, -831.0], [1482.0, -814.0], [1475.0, -809.0], [1466.0, -791.0], [1462.0, -789.0], [1448.0, -770.0], [1443.0, -742.0]]]}}, {"type": "Feature", "properties": {"code": "upper_niger", "name": "Upper Niger", "capital": null, "culture": null, "civs": ["mand", "sonin"], "provinceType": "land", "terrain": "savanna", "mapTypes": ["savanna"], "resources": null, "religion": null, "population": "low", "centerpoint": [1594, 901], "position": {"x": 1489, "y": 806}, "bbox": {"w": 212, "h": 205}, "maskSize": [256, 256], "area": 19867, "links": ["fezzan", "gaetuli", "ghana", "mali", "senegambia", "upper_volta"]}, "geometry": {"type": "Polygon", "coordinates": [[[1603.0, -808.0], [1595.0, -806.0], [1588.0, -812.0], [1575.0, -813.0], [1557.0, -829.0], [1489.0, -1010.0], [1504.0, -1008.0], [1700.0, -920.0], [1656.0, -871.0], [1645.0, -868.0], [1608.0, -826.0], [1607.0, -816.0], [1603.0, -808.0]]]}}, {"type": "Feature", "properties": {"code": "mali", "name": "Mali", "capital": null, "culture": null, "civs": ["mand", "sonin"], "provinceType": "land", "terrain": "desert", "mapTypes": ["desert"], "resources": null, "religion": null, "population": "low", "centerpoint": [1726, 911], "position": {"x": 1658, "y": 872}, "bbox": {"w": 91, "h": 61}, "maskSize": [128, 64], "area": 2217, "links": ["fezzan", "niger", "upper_niger", "upper_volta"]}, "geometry": {"type": "Polygon", "coordinates": [[[1658.0, -872.0], [1701.0, -921.0], [1739.0, -931.0], [1747.0, -899.0], [1691.0, -885.0], [1658.0, -872.0]]]}}, {"type": "Feature", "properties": {"code": "niger", "name": "Niger", "capital": null, "culture": null, "civs": ["sonin"], "provinceType": "land", "terrain": "savanna", "mapTypes": ["savanna"], "resources": null, "religion": null, "population": "low", "centerpoint": [1796, 940], "position": {"x": 1739, "y": 901}, "bbox": {"w": 142, "h": 72}, "maskSize": [256, 128], "area": 5509, "links": ["benin", "fezzan", "lake_chad", "libya", "mali", "upper_volta"]}, "geometry": {"type": "Polygon", "coordinates": [[[1739.0, -932.0], [1749.0, -951.0], [1753.0, -951.0], [1800.0, -972.0], [1880.0, -915.0], [1785.0, -912.0], [1749.0, -901.0], [1739.0, -932.0]]]}}, {"type": "Feature", "properties": {"code": "lake_chad", "name": "Lake Chad", "capital": null, "culture": null, "civs": ["sao"], "provinceType": "land", "terrain": "savanna", "mapTypes": ["savanna"], "resources": null, "religion": null, "population": "low", "centerpoint": [1929, 987], "position": {"x": 1801, "y": 917}, "bbox": {"w": 236, "h": 134}, "maskSize": [256, 256], "area": 21536, "links": ["benin", "cameroon", "kush", "libya", "niger", "nigeria", "uganda"]}, "geometry": {"type": "Polygon", "coordinates": [[[1801.0, -971.0], [1824.0, -1012.0], [1920.0, -1049.0], [1927.0, -1050.0], [2011.0, -1034.0], [2036.0, -1018.0], [1998.0, -996.0], [1998.0, -993.0], [2034.0, -944.0], [2034.0, -942.0], [2024.0, -939.0], [1879.0, -917.0], [1801.0, -971.0]]]}}, {"type": "Feature", "properties": {"code": "upper_volta", "name": "Upper Volta", "capital": null, "culture": null, "civs": ["kwa"], "provinceType": "land", "terrain": "tropical", "mapTypes": ["tropical"], "resources": null, "religion": null, "population": "low", "centerpoint": [1660, 995], "position": {"x": 1505, "y": 921}, "bbox": {"w": 244, "h": 134}, "maskSize": [256, 256], "area": 16395, "links": ["benin", "ghana", "mali", "niger", "upper_niger"]}, "geometry": {"type": "Polygon", "coordinates": [[[1748.0, -949.0], [1739.0, -933.0], [1700.0, -921.0], [1505.0, -1009.0], [1684.0, -1054.0], [1747.0, -954.0], [1748.0, -949.0]]]}}, {"type": "Feature", "properties": {"code": "ghana", "name": "Ghana", "capital": null, "culture": null, "civs": ["kwa"], "provinceType": "land", "terrain": "tropical", "mapTypes": ["tropical"], "resources": null, "religion": null, "population": "low", "centerpoint": [1506, 1092], "position": {"x": 1326, "y": 1009}, "bbox": {"w": 370, "h": 213}, "maskSize": [512, 256], "area": 42917, "links": ["angola", "benin", "senegambia", "upper_niger", "upper_volta"]}, "geometry": {"type": "Polygon", "coordinates": [[[1326.0, -1121.0], [1329.0, -1126.0], [1338.0, -1129.0], [1349.0, -1138.0], [1357.0, -1141.0], [1384.0, -1166.0], [1393.0, -1171.0], [1398.0, -1178.0], [1405.0, -1181.0], [1419.0, -1181.0], [1431.0, -1176.0], [1438.0, -1176.0], [1445.0, -1171.0], [1467.0, -1170.0], [1472.0, -1167.0], [1484.0, -1170.0], [1493.0, -1169.0], [1499.0, -1175.0], [1515.0, -1178.0], [1545.0, -1159.0], [1561.0, -1156.0], [1567.0, -1150.0], [1574.0, -1149.0], [1582.0, -1144.0], [1586.0, -1147.0], [1594.0, -1143.0], [1616.0, -1143.0], [1620.0, -1146.0], [1623.0, -1154.0], [1627.0, -1153.0], [1633.0, -1158.0], [1636.0, -1176.0], [1647.0, -1184.0], [1664.0, -1181.0], [1675.0, -1183.0], [1685.0, -1179.0], [1692.0, -1183.0], [1693.0, -1189.0], [1684.0, -1055.0], [1504.0, -1009.0], [1483.0, -1013.0], [1326.0, -1121.0]]]}}, {"type": "Feature", "properties": {"code": "benin", "name": "Benin", "capital": null, "culture": null, "civs": ["kwa"], "provinceType": "land", "terrain": "tropical", "mapTypes": ["tropical"], "resources": null, "religion": null, "population": "low", "centerpoint": [1746, 1073], "position": {"x": 1685, "y": 952}, "bbox": {"w": 140, "h": 265}, "maskSize": [256, 512], "area": 24476, "links": ["angola", "congo_basin", "ghana", "lake_chad", "niger", "nigeria", "upper_volta"]}, "geometry": {"type": "Polygon", "coordinates": [[[1753.0, -952.0], [1748.0, -953.0], [1685.0, -1053.0], [1694.0, -1191.0], [1702.0, -1191.0], [1706.0, -1194.0], [1709.0, -1204.0], [1707.0, -1216.0], [1746.0, -1216.0], [1774.0, -1195.0], [1824.0, -1014.0], [1801.0, -973.0], [1753.0, -952.0]]]}}, {"type": "Feature", "properties": {"code": "nigeria", "name": "Nigeria", "capital": null, "culture": null, "civs": ["nok", "kwa"], "provinceType": "land", "terrain": "tropical", "mapTypes": ["tropical"], "resources": null, "religion": null, "population": "low", "centerpoint": [1858, 1082], "position": {"x": 1775, "y": 1013}, "bbox": {"w": 151, "h": 184}, "maskSize": [256, 256], "area": 16418, "links": ["benin", "cameroon", "congo_basin", "lake_chad"]}, "geometry": {"type": "Polygon", "coordinates": [[[1925.0, -1051.0], [1825.0, -1013.0], [1775.0, -1195.0], [1873.0, -1185.0], [1919.0, -1060.0], [1925.0, -1051.0]]]}}, {"type": "Feature", "properties": {"code": "cameroon", "name": "Cameroon", "capital": null, "culture": null, "civs": ["bantu"], "provinceType": "land", "terrain": "tropical", "mapTypes": ["tropical"], "resources": null, "religion": null, "population": "low", "centerpoint": [1946, 1143], "position": {"x": 1876, "y": 1032}, "bbox": {"w": 143, "h": 179}, "maskSize": [256, 256], "area": 16302, "links": ["congo_basin", "great_lakes_africa", "lake_chad", "nigeria", "uganda"]}, "geometry": {"type": "Polygon", "coordinates": [[[2017.0, -1032.0], [2011.0, -1035.0], [1928.0, -1050.0], [1923.0, -1053.0], [1876.0, -1182.0], [1878.0, -1186.0], [1932.0, -1210.0], [1994.0, -1178.0], [2017.0, -1032.0]]]}}, {"type": "Feature", "properties": {"code": "congo_basin", "name": "Congo Basin", "capital": null, "culture": null, "civs": ["batw", "bantu"], "provinceType": "land", "terrain": "tropical", "mapTypes": ["tropical"], "resources": null, "religion": null, "population": "low", "centerpoint": [1866, 1262], "position": {"x": 1747, "y": 1184}, "bbox": {"w": 210, "h": 173}, "maskSize": [256, 256], "area": 25175, "links": ["angola", "benin", "cameroon", "great_lakes_africa", "nigeria", "zambia"]}, "geometry": {"type": "Polygon", "coordinates": [[[1747.0, -1215.0], [1841.0, -1356.0], [1956.0, -1356.0], [1932.0, -1211.0], [1882.0, -1189.0], [1875.0, -1184.0], [1873.0, -1186.0], [1774.0, -1196.0], [1747.0, -1215.0]]]}}, {"type": "Feature", "properties": {"code": "angola", "name": "Angola", "capital": null, "culture": null, "civs": ["bantu"], "provinceType": "land", "terrain": "tropical", "mapTypes": ["tropical"], "resources": null, "religion": null, "population": "low", "centerpoint": [1788, 1356], "position": {"x": 1646, "y": 1217}, "bbox": {"w": 195, "h": 248}, "maskSize": [256, 256], "area": 18554, "links": ["benin", "congo_basin", "ghana", "namibia", "zambia"]}, "geometry": {"type": "Polygon", "coordinates": [[[1707.0, -1217.0], [1703.0, -1225.0], [1696.0, -1228.0], [1693.0, -1227.0], [1693.0, -1229.0], [1696.0, -1228.0], [1701.0, -1233.0], [1699.0, -1237.0], [1701.0, -1239.0], [1701.0, -1247.0], [1694.0, -1255.0], [1693.0, -1262.0], [1687.0, -1267.0], [1687.0, -1277.0], [1693.0, -1283.0], [1699.0, -1299.0], [1710.0, -1308.0], [1710.0, -1311.0], [1719.0, -1317.0], [1725.0, -1327.0], [1731.0, -1332.0], [1737.0, -1347.0], [1737.0, -1353.0], [1744.0, -1361.0], [1745.0, -1372.0], [1750.0, -1376.0], [1757.0, -1393.0], [1757.0, -1397.0], [1752.0, -1399.0], [1750.0, -1405.0], [1754.0, -1420.0], [1759.0, -1425.0], [1758.0, -1442.0], [1746.0, -1457.0], [1776.0, -1464.0], [1840.0, -1355.0], [1746.0, -1217.0], [1707.0, -1217.0]]]}}, {"type": "Feature", "properties": {"code": "zambia", "name": "Zambia", "capital": null, "culture": null, "civs": ["bantu"], "provinceType": "land", "terrain": "temp", "mapTypes": ["temp"], "resources": null, "religion": null, "population": "low", "centerpoint": [1875, 1445], "position": {"x": 1777, "y": 1357}, "bbox": {"w": 194, "h": 164}, "maskSize": [256, 256], "area": 24803, "links": ["angola", "congo_basin", "great_lakes_africa", "kalahari", "namibia", "zimbabwe"]}, "geometry": {"type": "Polygon", "coordinates": [[[1840.0, -1357.0], [1777.0, -1463.0], [1803.0, -1516.0], [1807.0, -1519.0], [1936.0, -1520.0], [1970.0, -1363.0], [1958.0, -1357.0], [1840.0, -1357.0]]]}}, {"type": "Feature", "properties": {"code": "zimbabwe", "name": "Zimbabwe", "capital": null, "culture": null, "civs": ["shona", "bantu"], "provinceType": "land", "terrain": "temp", "mapTypes": ["temp"], "resources": null, "religion": null, "population": "low", "centerpoint": [2028, 1497], "position": {"x": 1937, "y": 1355}, "bbox": {"w": 227, "h": 307}, "maskSize": [256, 512], "area": 40896, "links": ["cape", "great_lakes_africa", "kalahari", "mozambique", "tanzania", "zambia"]}, "geometry": {"type": "Polygon", "coordinates": [[[1971.0, -1362.0], [1937.0, -1521.0], [2057.0, -1652.0], [2075.0, -1661.0], [2091.0, -1660.0], [2091.0, -1643.0], [2094.0, -1640.0], [2100.0, -1640.0], [2120.0, -1630.0], [2125.0, -1630.0], [2138.0, -1621.0], [2139.0, -1588.0], [2133.0, -1581.0], [2133.0, -1575.0], [2129.0, -1572.0], [2129.0, -1568.0], [2135.0, -1558.0], [2163.0, -1539.0], [2124.0, -1505.0], [2050.0, -1355.0], [2045.0, -1358.0], [2028.0, -1357.0], [1971.0, -1362.0]]]}}, {"type": "Feature", "properties": {"code": "mozambique", "name": "Mozambique", "capital": null, "culture": null, "civs": ["bantu"], "provinceType": "land", "terrain": "savanna", "mapTypes": ["savanna"], "resources": null, "religion": null, "population": "low", "centerpoint": [2124, 1372], "position": {"x": 2051, "y": 1311}, "bbox": {"w": 236, "h": 228}, "maskSize": [256, 256], "area": 23966, "links": ["azania", "great_lakes_africa", "madagascar", "tanzania", "zimbabwe"]}, "geometry": {"type": "Polygon", "coordinates": [[[2053.0, -1353.0], [2051.0, -1356.0], [2125.0, -1505.0], [2164.0, -1538.0], [2171.0, -1530.0], [2184.0, -1527.0], [2195.0, -1520.0], [2206.0, -1517.0], [2218.0, -1505.0], [2230.0, -1485.0], [2226.0, -1477.0], [2226.0, -1462.0], [2228.0, -1459.0], [2224.0, -1452.0], [2226.0, -1425.0], [2214.0, -1413.0], [2210.0, -1395.0], [2212.0, -1391.0], [2217.0, -1390.0], [2211.0, -1382.0], [2210.0, -1375.0], [2214.0, -1372.0], [2211.0, -1363.0], [2220.0, -1347.0], [2214.0, -1347.0], [2210.0, -1344.0], [2201.0, -1358.0], [2202.0, -1361.0], [2169.0, -1350.0], [2154.0, -1330.0], [2146.0, -1325.0], [2139.0, -1311.0], [2053.0, -1353.0]]]}}, {"type": "Feature", "properties": {"code": "tanzania", "name": "Tanzania", "capital": null, "culture": null, "civs": ["bantu"], "provinceType": "land", "terrain": "tropical", "mapTypes": ["tropical"], "resources": null, "religion": null, "population": "low", "centerpoint": [2073, 1229], "position": {"x": 2033, "y": 1181}, "bbox": {"w": 136, "h": 172}, "maskSize": [256, 256], "area": 13584, "links": ["azania", "great_lakes_africa", "kenya", "mozambique", "uganda", "zimbabwe"]}, "geometry": {"type": "Polygon", "coordinates": [[[2125.0, -1181.0], [2033.0, -1200.0], [2053.0, -1352.0], [2139.0, -1310.0], [2147.0, -1264.0], [2168.0, -1255.0], [2125.0, -1181.0]]]}}, {"type": "Feature", "properties": {"code": "kenya", "name": "Kenya", "capital": null, "culture": null, "civs": ["azan"], "provinceType": "land", "terrain": "savanna", "mapTypes": ["savanna"], "resources": null, "religion": null, "population": "low", "centerpoint": [2178, 1162], "position": {"x": 2125, "y": 1100}, "bbox": {"w": 154, "h": 156}, "maskSize": [256, 256], "area": 14887, "links": ["aksum", "azania", "punt", "somalia", "tanzania", "uganda"]}, "geometry": {"type": "Polygon", "coordinates": [[[2260.0, -1106.0], [2239.0, -1107.0], [2232.0, -1100.0], [2221.0, -1100.0], [2133.0, -1121.0], [2125.0, -1180.0], [2169.0, -1255.0], [2210.0, -1237.0], [2205.0, -1226.0], [2195.0, -1223.0], [2193.0, -1220.0], [2195.0, -1212.0], [2201.0, -1206.0], [2222.0, -1194.0], [2245.0, -1194.0], [2261.0, -1183.0], [2278.0, -1125.0], [2260.0, -1106.0]]]}}, {"type": "Feature", "properties": {"code": "uganda", "name": "Uganda", "capital": null, "culture": null, "civs": ["bantu"], "provinceType": "land", "terrain": "tropical", "mapTypes": ["tropical"], "resources": null, "religion": null, "population": "low", "centerpoint": [2056, 1139], "position": {"x": 1995, "y": 1018}, "bbox": {"w": 140, "h": 182}, "maskSize": [256, 256], "area": 18737, "links": ["aksum", "cameroon", "great_lakes_africa", "kenya", "kush", "lake_chad", "tanzania"]}, "geometry": {"type": "Polygon", "coordinates": [[[2035.0, -1019.0], [2018.0, -1031.0], [1995.0, -1179.0], [2029.0, -1199.0], [2037.0, -1199.0], [2123.0, -1181.0], [2131.0, -1126.0], [2134.0, -1120.0], [2107.0, -1115.0], [2102.0, -1112.0], [2109.0, -1073.0], [2124.0, -1049.0], [2123.0, -1029.0], [2068.0, -1030.0], [2066.0, -1033.0], [2063.0, -1029.0], [2040.0, -1018.0], [2035.0, -1019.0]]]}}, {"type": "Feature", "properties": {"code": "great_lakes_africa", "name": "Great Lakes Africa", "capital": null, "culture": null, "civs": ["urew", "bantu"], "provinceType": "land", "terrain": "tropical", "mapTypes": ["tropical"], "resources": null, "religion": null, "population": "low", "centerpoint": [1988, 1243], "position": {"x": 1933, "y": 1179}, "bbox": {"w": 120, "h": 184}, "maskSize": [128, 256], "area": 16445, "links": ["cameroon", "congo_basin", "mozambique", "tanzania", "uganda", "zambia", "zimbabwe"]}, "geometry": {"type": "Polygon", "coordinates": [[[1993.0, -1179.0], [1933.0, -1210.0], [1957.0, -1356.0], [1969.0, -1362.0], [2028.0, -1356.0], [2045.0, -1357.0], [2051.0, -1354.0], [2052.0, -1350.0], [2032.0, -1200.0], [1993.0, -1179.0]]]}}, {"type": "Feature", "properties": {"code": "madagascar", "name": "Madagascar", "capital": null, "culture": null, "civs": ["bantu"], "provinceType": "land", "terrain": "temp", "mapTypes": ["temp"], "resources": null, "religion": null, "population": "low", "centerpoint": [2317, 1540], "position": {"x": 2259, "y": 1370}, "bbox": {"w": 235, "h": 272}, "maskSize": [256, 512], "area": 13356, "links": ["mozambique"]}, "geometry": {"type": "Polygon", "coordinates": [[[2362.0, -1443.0], [2357.0, -1450.0], [2358.0, -1457.0], [2353.0, -1462.0], [2343.0, -1465.0], [2340.0, -1479.0], [2333.0, -1488.0], [2321.0, -1496.0], [2304.0, -1503.0], [2284.0, -1504.0], [2282.0, -1511.0], [2272.0, -1522.0], [2275.0, -1540.0], [2279.0, -1549.0], [2279.0, -1559.0], [2277.0, -1566.0], [2263.0, -1580.0], [2259.0, -1595.0], [2263.0, -1603.0], [2263.0, -1620.0], [2266.0, -1627.0], [2284.0, -1640.0], [2290.0, -1641.0], [2297.0, -1637.0], [2312.0, -1634.0], [2324.0, -1626.0], [2343.0, -1578.0], [2351.0, -1569.0], [2350.0, -1563.0], [2356.0, -1551.0], [2361.0, -1547.0], [2367.0, -1548.0], [2370.0, -1544.0], [2363.0, -1542.0], [2361.0, -1536.0], [2368.0, -1527.0], [2375.0, -1530.0], [2377.0, -1526.0], [2375.0, -1524.0], [2377.0, -1520.0], [2375.0, -1507.0], [2384.0, -1499.0], [2381.0, -1497.0], [2373.0, -1455.0], [2368.0, -1451.0], [2369.0, -1448.0], [2362.0, -1443.0]]]}}, {"type": "Feature", "properties": {"code": "namibia", "name": "Namibia", "capital": null, "culture": null, "civs": ["damar", "khoi"], "provinceType": "land", "terrain": "temp", "mapTypes": ["temp"], "resources": null, "religion": null, "population": "low", "centerpoint": [1763, 1516], "position": {"x": 1728, "y": 1458}, "bbox": {"w": 79, "h": 155}, "maskSize": [128, 256], "area": 6804, "links": ["angola", "kalahari", "zambia"]}, "geometry": {"type": "Polygon", "coordinates": [[[1746.0, -1458.0], [1740.0, -1468.0], [1740.0, -1478.0], [1734.0, -1486.0], [1733.0, -1499.0], [1728.0, -1505.0], [1728.0, -1526.0], [1734.0, -1538.0], [1741.0, -1544.0], [1755.0, -1564.0], [1758.0, -1573.0], [1771.0, -1588.0], [1772.0, -1594.0], [1770.0, -1596.0], [1774.0, -1601.0], [1775.0, -1612.0], [1806.0, -1519.0], [1797.0, -1507.0], [1777.0, -1465.0], [1746.0, -1458.0]]]}}, {"type": "Feature", "properties": {"code": "kalahari", "name": "Kalahari", "capital": null, "culture": null, "civs": ["khoi"], "provinceType": "land", "terrain": "temp", "mapTypes": ["temp"], "resources": null, "religion": null, "population": "low", "centerpoint": [1855, 1585], "position": {"x": 1776, "y": 1520}, "bbox": {"w": 279, "h": 131}, "maskSize": [512, 256], "area": 27069, "links": ["cape", "namibia", "zambia", "zimbabwe"]}, "geometry": {"type": "Polygon", "coordinates": [[[1776.0, -1612.0], [1779.0, -1623.0], [1778.0, -1627.0], [1781.0, -1629.0], [1785.0, -1650.0], [2054.0, -1650.0], [1936.0, -1521.0], [1807.0, -1520.0], [1776.0, -1612.0]]]}}, {"type": "Feature", "properties": {"code": "cape", "name": "Cape", "capital": null, "culture": null, "civs": ["khoi"], "provinceType": "land", "terrain": "temp", "mapTypes": ["temp"], "resources": null, "religion": null, "population": "low", "centerpoint": [1887, 1693], "position": {"x": 1785, "y": 1651}, "bbox": {"w": 306, "h": 112}, "maskSize": [512, 128], "area": 20734, "links": ["kalahari", "zimbabwe"]}, "geometry": {"type": "Polygon", "coordinates": [[[1785.0, -1651.0], [1792.0, -1665.0], [1806.0, -1677.0], [1806.0, -1687.0], [1809.0, -1689.0], [1812.0, -1697.0], [1819.0, -1702.0], [1816.0, -1709.0], [1811.0, -1712.0], [1810.0, -1719.0], [1818.0, -1726.0], [1815.0, -1733.0], [1829.0, -1734.0], [1840.0, -1740.0], [1849.0, -1740.0], [1857.0, -1734.0], [1867.0, -1736.0], [1877.0, -1733.0], [1881.0, -1738.0], [1884.0, -1736.0], [1892.0, -1737.0], [1907.0, -1731.0], [1921.0, -1731.0], [1949.0, -1736.0], [1961.0, -1731.0], [1975.0, -1733.0], [1985.0, -1729.0], [1997.0, -1728.0], [2019.0, -1720.0], [2029.0, -1711.0], [2045.0, -1702.0], [2057.0, -1690.0], [2078.0, -1680.0], [2086.0, -1673.0], [2086.0, -1668.0], [2090.0, -1661.0], [2075.0, -1662.0], [2055.0, -1651.0], [1785.0, -1651.0]]]}}, {"type": "Feature", "properties": {"code": "bohemia", "name": "Bohemia", "capital": null, "culture": null, "civs": ["daci"], "provinceType": "land", "terrain": "cold", "mapTypes": ["cold"], "resources": null, "religion": null, "population": "low", "centerpoint": [1947, 327], "position": {"x": 1875, "y": 261}, "bbox": {"w": 164, "h": 152}, "maskSize": [256, 256], "area": 14661, "links": ["aestia", "dacia", "moravia", "sarmata", "silesia", "suebia"]}, "geometry": {"type": "Polygon", "coordinates": [[[1932.0, -261.0], [1932.0, -265.0], [1922.0, -276.0], [1915.0, -277.0], [1915.0, -287.0], [1908.0, -293.0], [1902.0, -294.0], [1900.0, -309.0], [1889.0, -321.0], [1881.0, -324.0], [1884.0, -331.0], [1881.0, -335.0], [1882.0, -342.0], [1875.0, -353.0], [1875.0, -359.0], [1884.0, -362.0], [1891.0, -369.0], [1896.0, -385.0], [1901.0, -386.0], [1905.0, -390.0], [1916.0, -385.0], [1932.0, -382.0], [1939.0, -376.0], [1947.0, -380.0], [1962.0, -378.0], [1995.0, -392.0], [2024.0, -412.0], [2038.0, -319.0], [1932.0, -261.0]]]}}, {"type": "Feature", "properties": {"code": "moravia", "name": "Moravia", "capital": null, "culture": null, "civs": ["daci"], "provinceType": "land", "terrain": "temp", "mapTypes": ["temp"], "resources": null, "religion": null, "population": "low", "centerpoint": [2066, 350], "position": {"x": 2025, "y": 319}, "bbox": {"w": 143, "h": 93}, "maskSize": [256, 128], "area": 8477, "links": ["aestia", "bohemia", "carpathia", "dacia", "sarmata", "venedia"]}, "geometry": {"type": "Polygon", "coordinates": [[[2025.0, -410.0], [2084.0, -375.0], [2138.0, -373.0], [2149.0, -380.0], [2163.0, -379.0], [2167.0, -327.0], [2159.0, -320.0], [2039.0, -319.0], [2025.0, -410.0]]]}}, {"type": "Feature", "properties": {"code": "carpathia", "name": "Carpathia", "capital": null, "culture": null, "civs": ["daci"], "provinceType": "land", "terrain": "steppe", "mapTypes": ["steppe"], "resources": null, "religion": null, "population": "low", "centerpoint": [2270, 390], "position": {"x": 2166, "y": 328}, "bbox": {"w": 203, "h": 113}, "maskSize": [256, 128], "area": 12566, "links": ["daoi", "kolkhis", "moravia", "sarmata", "venedia"]}, "geometry": {"type": "Polygon", "coordinates": [[[2166.0, -379.0], [2196.0, -379.0], [2226.0, -388.0], [2229.0, -394.0], [2228.0, -398.0], [2206.0, -415.0], [2194.0, -417.0], [2192.0, -423.0], [2199.0, -428.0], [2216.0, -427.0], [2231.0, -435.0], [2289.0, -440.0], [2293.0, -425.0], [2307.0, -413.0], [2311.0, -412.0], [2312.0, -407.0], [2323.0, -401.0], [2329.0, -393.0], [2333.0, -392.0], [2340.0, -396.0], [2346.0, -396.0], [2350.0, -393.0], [2346.0, -370.0], [2348.0, -368.0], [2364.0, -366.0], [2367.0, -362.0], [2368.0, -354.0], [2333.0, -360.0], [2169.0, -328.0], [2166.0, -379.0]]]}}, {"type": "Feature", "properties": {"code": "britain", "name": "Britain", "capital": null, "culture": null, "civs": ["brit"], "provinceType": "land", "terrain": "cold", "mapTypes": ["cold"], "resources": null, "religion": null, "population": "low", "centerpoint": [1584, 201], "position": {"x": 1513, "y": 1}, "bbox": {"w": 146, "h": 326}, "maskSize": [256, 512], "area": 13005, "links": ["eire", "english_channel", "london", "north_atlantic_ocean_02"]}, "geometry": {"type": "Polygon", "coordinates": [[[1628.0, -144.0], [1622.0, -148.0], [1616.0, -144.0], [1610.0, -150.0], [1604.0, -147.0], [1603.0, -151.0], [1608.0, -154.0], [1605.0, -160.0], [1594.0, -161.0], [1586.0, -158.0], [1566.0, -180.0], [1559.0, -171.0], [1562.0, -165.0], [1567.0, -164.0], [1565.0, -157.0], [1552.0, -163.0], [1551.0, -170.0], [1545.0, -173.0], [1546.0, -176.0], [1542.0, -180.0], [1543.0, -184.0], [1545.0, -178.0], [1549.0, -175.0], [1556.0, -181.0], [1556.0, -185.0], [1553.0, -187.0], [1555.0, -191.0], [1543.0, -198.0], [1544.0, -200.0], [1551.0, -197.0], [1555.0, -202.0], [1551.0, -212.0], [1549.0, -213.0], [1545.0, -210.0], [1540.0, -213.0], [1546.0, -214.0], [1550.0, -219.0], [1556.0, -219.0], [1558.0, -226.0], [1565.0, -223.0], [1570.0, -224.0], [1572.0, -228.0], [1565.0, -235.0], [1566.0, -242.0], [1570.0, -240.0], [1574.0, -242.0], [1578.0, -240.0], [1588.0, -242.0], [1590.0, -247.0], [1587.0, -250.0], [1596.0, -263.0], [1593.0, -275.0], [1589.0, -278.0], [1584.0, -279.0], [1580.0, -277.0], [1577.0, -279.0], [1572.0, -274.0], [1568.0, -274.0], [1570.0, -282.0], [1563.0, -289.0], [1568.0, -288.0], [1572.0, -291.0], [1571.0, -300.0], [1556.0, -308.0], [1550.0, -308.0], [1554.0, -316.0], [1560.0, -314.0], [1565.0, -319.0], [1571.0, -320.0], [1575.0, -326.0], [1589.0, -321.0], [1602.0, -308.0], [1640.0, -296.0], [1646.0, -292.0], [1645.0, -288.0], [1641.0, -285.0], [1641.0, -282.0], [1644.0, -280.0], [1641.0, -275.0], [1642.0, -267.0], [1638.0, -259.0], [1629.0, -253.0], [1628.0, -233.0], [1621.0, -223.0], [1612.0, -217.0], [1613.0, -209.0], [1622.0, -200.0], [1624.0, -195.0], [1630.0, -191.0], [1630.0, -186.0], [1628.0, -183.0], [1603.0, -181.0], [1599.0, -178.0], [1601.0, -173.0], [1612.0, -167.0], [1613.0, -162.0], [1623.0, -153.0], [1628.0, -144.0]]]}}, {"type": "Feature", "properties": {"code": "aestia", "name": "Aestia (Baltic)", "capital": null, "culture": null, "civs": ["sarma"], "provinceType": "land", "terrain": "cold", "mapTypes": ["cold"], "resources": null, "religion": null, "population": "low", "centerpoint": [2083, 239], "position": {"x": 1931, "y": 158}, "bbox": {"w": 261, "h": 161}, "maskSize": [512, 256], "area": 32225, "links": ["bohemia", "finland", "moravia", "venedia"]}, "geometry": {"type": "Polygon", "coordinates": [[[1947.0, -193.0], [1952.0, -198.0], [1949.0, -203.0], [1944.0, -203.0], [1944.0, -208.0], [1948.0, -211.0], [1947.0, -215.0], [1948.0, -211.0], [1952.0, -208.0], [1955.0, -209.0], [1961.0, -204.0], [1966.0, -206.0], [1973.0, -212.0], [1971.0, -219.0], [1973.0, -233.0], [1963.0, -241.0], [1955.0, -235.0], [1950.0, -221.0], [1946.0, -224.0], [1941.0, -224.0], [1936.0, -231.0], [1936.0, -237.0], [1931.0, -243.0], [1932.0, -260.0], [1940.0, -266.0], [2037.0, -318.0], [2159.0, -317.0], [2191.0, -160.0], [2061.0, -160.0], [2058.0, -158.0], [2052.0, -166.0], [2048.0, -163.0], [2048.0, -160.0], [2037.0, -160.0], [2042.0, -166.0], [2021.0, -171.0], [2020.0, -177.0], [2016.0, -180.0], [1989.0, -176.0], [1985.0, -179.0], [1976.0, -180.0], [1957.0, -192.0], [1947.0, -193.0]]]}}, {"type": "Feature", "properties": {"code": "venedia", "name": "Venedia", "capital": null, "culture": null, "civs": ["sarma"], "provinceType": "land", "terrain": "steppe", "mapTypes": ["steppe"], "resources": null, "religion": null, "population": "low", "centerpoint": [2299, 275], "position": {"x": 2145, "y": 195}, "bbox": {"w": 246, "h": 201}, "maskSize": [256, 256], "area": 28651, "links": ["aestia", "carpathia", "daoi", "finland", "moravia", "northwest_russia", "sarmata", "volga"]}, "geometry": {"type": "Polygon", "coordinates": [[[2359.0, -214.0], [2299.0, -195.0], [2224.0, -214.0], [2173.0, -251.0], [2160.0, -317.0], [2145.0, -318.0], [2159.0, -319.0], [2168.0, -327.0], [2164.0, -379.0], [2152.0, -381.0], [2154.0, -383.0], [2193.0, -382.0], [2224.0, -387.0], [2196.0, -380.0], [2165.0, -379.0], [2169.0, -327.0], [2333.0, -359.0], [2368.0, -353.0], [2377.0, -347.0], [2382.0, -340.0], [2390.0, -288.0], [2359.0, -214.0]]]}}, {"type": "Feature", "properties": {"code": "volga", "name": "Volga", "capital": null, "culture": null, "civs": ["ural"], "provinceType": "land", "terrain": "steppe", "mapTypes": ["steppe"], "resources": null, "religion": null, "population": "low", "centerpoint": [2438, 276], "position": {"x": 2382, "y": 239}, "bbox": {"w": 272, "h": 120}, "maskSize": [512, 128], "area": 14402, "links": ["arctic_russia", "daoi", "karelia", "massagetae", "northwest_russia", "venedia"]}, "geometry": {"type": "Polygon", "coordinates": [[[2653.0, -240.0], [2402.0, -240.0], [2402.0, -282.0], [2391.0, -290.0], [2382.0, -343.0], [2400.0, -358.0], [2431.0, -353.0], [2464.0, -300.0], [2500.0, -274.0], [2516.0, -273.0], [2520.0, -275.0], [2560.0, -269.0], [2574.0, -269.0], [2652.0, -278.0], [2653.0, -240.0]]]}}, {"type": "Feature", "properties": {"code": "ural", "name": "Ural", "capital": null, "culture": null, "civs": ["ural"], "provinceType": "land", "terrain": "steppe", "mapTypes": ["steppe"], "resources": null, "religion": null, "population": "low", "centerpoint": [2829, 402], "position": {"x": 2738, "y": 276}, "bbox": {"w": 250, "h": 194}, "maskSize": [256, 256], "area": 27101, "links": ["massagetae", "mongolia", "sogdia", "transoxiana", "wushu"]}, "geometry": {"type": "Polygon", "coordinates": [[[2987.0, -276.0], [2883.0, -329.0], [2880.0, -347.0], [2745.0, -318.0], [2738.0, -330.0], [2767.0, -366.0], [2763.0, -412.0], [2745.0, -457.0], [2750.0, -460.0], [2786.0, -466.0], [2789.0, -469.0], [2918.0, -460.0], [2987.0, -276.0]]]}}, {"type": "Feature", "properties": {"code": "transoxiana", "name": "Transoxiana", "capital": null, "culture": null, "civs": ["yuez", "arsa"], "provinceType": "land", "terrain": "steppe", "mapTypes": ["steppe"], "resources": null, "religion": null, "population": "low", "centerpoint": [2861, 516], "position": {"x": 2762, "y": 461}, "bbox": {"w": 169, "h": 176}, "maskSize": [256, 256], "area": 15481, "links": ["arachosia", "mongolia", "sogdia", "tibet", "ural", "western_siberia"]}, "geometry": {"type": "Polygon", "coordinates": [[[2918.0, -461.0], [2791.0, -470.0], [2821.0, -553.0], [2762.0, -636.0], [2791.0, -627.0], [2834.0, -632.0], [2847.0, -597.0], [2850.0, -594.0], [2885.0, -580.0], [2930.0, -490.0], [2918.0, -461.0]]]}}, {"type": "Feature", "properties": {"code": "assam", "name": "Assam (Kamarupa)", "capital": null, "culture": null, "civs": ["maur"], "provinceType": "land", "terrain": "temp", "mapTypes": ["temp"], "resources": null, "religion": null, "population": "low", "centerpoint": [3109, 774], "position": {"x": 3018, "y": 718}, "bbox": {"w": 182, "h": 154}, "maskSize": [256, 256], "area": 11528, "links": ["burmese", "champa", "himalaia", "siam", "suvarnabhumi", "vanga"]}, "geometry": {"type": "Polygon", "coordinates": [[[3018.0, -777.0], [3029.0, -811.0], [3053.0, -821.0], [3058.0, -818.0], [3068.0, -804.0], [3083.0, -798.0], [3127.0, -812.0], [3154.0, -837.0], [3133.0, -859.0], [3142.0, -871.0], [3159.0, -860.0], [3199.0, -859.0], [3199.0, -777.0], [3168.0, -789.0], [3120.0, -743.0], [3110.0, -718.0], [3108.0, -740.0], [3018.0, -777.0]]]}}, {"type": "Feature", "properties": {"code": "mongolia", "name": "Mongolia", "capital": null, "culture": null, "civs": ["xion"], "provinceType": "land", "terrain": "semi_arid", "mapTypes": ["semi_arid"], "resources": null, "religion": null, "population": "low", "centerpoint": [3069, 433], "position": {"x": 2919, "y": 242}, "bbox": {"w": 282, "h": 411}, "maskSize": [512, 512], "area": 85737, "links": ["amur", "burmese", "central_siberia", "gansu", "tibet", "transoxiana", "ural", "western_siberia", "wushu"]}, "geometry": {"type": "Polygon", "coordinates": [[[3199.0, -242.0], [3045.0, -243.0], [2989.0, -273.0], [2919.0, -458.0], [2931.0, -491.0], [3005.0, -556.0], [3097.0, -583.0], [3099.0, -639.0], [3103.0, -649.0], [3108.0, -652.0], [3148.0, -640.0], [3200.0, -636.0], [3199.0, -242.0]]]}}, {"type": "Feature", "properties": {"code": "sumatra", "name": "Sumatra", "capital": null, "culture": null, "civs": ["malay"], "provinceType": "land", "terrain": "tropical", "mapTypes": ["tropical"], "resources": null, "religion": null, "population": "low", "centerpoint": [3247, 1221], "position": {"x": 3100, "y": 1138}, "bbox": {"w": 209, "h": 118}, "maskSize": [256, 128], "area": 7818, "links": ["borneo", "java", "malaya"]}, "geometry": {"type": "Polygon", "coordinates": [[[3100.0, -1139.0], [3110.0, -1149.0], [3121.0, -1154.0], [3122.0, -1166.0], [3130.0, -1167.0], [3144.0, -1158.0], [3151.0, -1161.0], [3184.0, -1211.0], [3190.0, -1213.0], [3203.0, -1226.0], [3209.0, -1228.0], [3217.0, -1235.0], [3232.0, -1241.0], [3248.0, -1255.0], [3253.0, -1249.0], [3260.0, -1252.0], [3266.0, -1248.0], [3270.0, -1251.0], [3273.0, -1250.0], [3277.0, -1235.0], [3274.0, -1232.0], [3276.0, -1225.0], [3273.0, -1216.0], [3278.0, -1207.0], [3287.0, -1207.0], [3292.0, -1213.0], [3296.0, -1210.0], [3296.0, -1202.0], [3286.0, -1196.0], [3253.0, -1197.0], [3234.0, -1192.0], [3222.0, -1185.0], [3204.0, -1164.0], [3168.0, -1149.0], [3135.0, -1140.0], [3119.0, -1138.0], [3100.0, -1139.0]]]}}, {"type": "Feature", "properties": {"code": "malaya", "name": "Malaya", "capital": null, "culture": null, "civs": ["malay"], "provinceType": "land", "terrain": "tropical", "mapTypes": ["tropical"], "resources": null, "religion": null, "population": "low", "centerpoint": [3213, 1099], "position": {"x": 3040, "y": 902}, "bbox": {"w": 271, "h": 295}, "maskSize": [512, 512], "area": 19747, "links": ["funan", "siam", "sumatra", "suvarnabhumi"]}, "geometry": {"type": "Polygon", "coordinates": [[[3140.0, -902.0], [3136.0, -910.0], [3138.0, -921.0], [3120.0, -931.0], [3127.0, -944.0], [3126.0, -953.0], [3134.0, -956.0], [3137.0, -970.0], [3133.0, -974.0], [3127.0, -975.0], [3127.0, -981.0], [3120.0, -984.0], [3112.0, -992.0], [3118.0, -992.0], [3123.0, -988.0], [3137.0, -989.0], [3141.0, -992.0], [3139.0, -997.0], [3131.0, -999.0], [3129.0, -1004.0], [3132.0, -1013.0], [3131.0, -1019.0], [3121.0, -1028.0], [3123.0, -1029.0], [3128.0, -1025.0], [3133.0, -1028.0], [3131.0, -1038.0], [3134.0, -1051.0], [3137.0, -1052.0], [3137.0, -1049.0], [3142.0, -1045.0], [3151.0, -1052.0], [3150.0, -1057.0], [3156.0, -1057.0], [3160.0, -1060.0], [3159.0, -1065.0], [3148.0, -1072.0], [3158.0, -1068.0], [3161.0, -1070.0], [3168.0, -1068.0], [3172.0, -1071.0], [3174.0, -1082.0], [3171.0, -1090.0], [3177.0, -1094.0], [3182.0, -1107.0], [3187.0, -1108.0], [3191.0, -1112.0], [3191.0, -1118.0], [3232.0, -1140.0], [3231.0, -1143.0], [3238.0, -1146.0], [3241.0, -1152.0], [3244.0, -1152.0], [3249.0, -1159.0], [3247.0, -1165.0], [3242.0, -1168.0], [3243.0, -1173.0], [3236.0, -1177.0], [3227.0, -1174.0], [3224.0, -1169.0], [3233.0, -1159.0], [3232.0, -1156.0], [3220.0, -1154.0], [3218.0, -1146.0], [3212.0, -1144.0], [3210.0, -1139.0], [3199.0, -1135.0], [3195.0, -1131.0], [3190.0, -1134.0], [3182.0, -1124.0], [3172.0, -1126.0], [3165.0, -1120.0], [3164.0, -1116.0], [3155.0, -1114.0], [3141.0, -1103.0], [3128.0, -1099.0], [3115.0, -1083.0], [3108.0, -1078.0], [3103.0, -1080.0], [3100.0, -1078.0], [3086.0, -1079.0], [3070.0, -1072.0], [3067.0, -1078.0], [3076.0, -1093.0], [3087.0, -1100.0], [3095.0, -1102.0], [3113.0, -1119.0], [3113.0, -1123.0], [3109.0, -1126.0], [3099.0, -1119.0], [3094.0, -1123.0], [3087.0, -1117.0], [3079.0, -1114.0], [3073.0, -1117.0], [3075.0, -1120.0], [3088.0, -1125.0], [3097.0, -1124.0], [3099.0, -1126.0], [3098.0, -1129.0], [3102.0, -1132.0], [3100.0, -1138.0], [3119.0, -1137.0], [3146.0, -1141.0], [3187.0, -1155.0], [3204.0, -1163.0], [3226.0, -1187.0], [3250.0, -1195.0], [3244.0, -1187.0], [3245.0, -1179.0], [3243.0, -1173.0], [3253.0, -1165.0], [3262.0, -1167.0], [3257.0, -1163.0], [3260.0, -1157.0], [3257.0, -1153.0], [3263.0, -1150.0], [3265.0, -1146.0], [3258.0, -1147.0], [3250.0, -1143.0], [3249.0, -1131.0], [3238.0, -1117.0], [3240.0, -1113.0], [3238.0, -1106.0], [3241.0, -1103.0], [3239.0, -1089.0], [3233.0, -1081.0], [3212.0, -1070.0], [3203.0, -1060.0], [3199.0, -1058.0], [3190.0, -1060.0], [3181.0, -1054.0], [3178.0, -1039.0], [3170.0, -1031.0], [3169.0, -1027.0], [3170.0, -1021.0], [3174.0, -1017.0], [3173.0, -1015.0], [3168.0, -1022.0], [3161.0, -1025.0], [3157.0, -1024.0], [3154.0, -1020.0], [3154.0, -1009.0], [3161.0, -999.0], [3161.0, -994.0], [3169.0, -980.0], [3169.0, -962.0], [3174.0, -958.0], [3185.0, -959.0], [3189.0, -962.0], [3189.0, -973.0], [3191.0, -975.0], [3207.0, -976.0], [3214.0, -974.0], [3218.0, -977.0], [3216.0, -985.0], [3225.0, -982.0], [3232.0, -989.0], [3241.0, -988.0], [3243.0, -990.0], [3241.0, -994.0], [3243.0, -1002.0], [3239.0, -1005.0], [3233.0, -1005.0], [3235.0, -1009.0], [3243.0, -1012.0], [3243.0, -1017.0], [3249.0, -1014.0], [3245.0, -1004.0], [3252.0, -999.0], [3257.0, -1002.0], [3255.0, -1007.0], [3261.0, -1011.0], [3262.0, -1017.0], [3265.0, -1010.0], [3269.0, -1007.0], [3282.0, -1013.0], [3285.0, -1018.0], [3282.0, -1020.0], [3279.0, -1036.0], [3276.0, -1038.0], [3279.0, -1042.0], [3291.0, -1037.0], [3298.0, -1030.0], [3305.0, -1028.0], [3309.0, -1030.0], [3310.0, -1028.0], [3303.0, -1015.0], [3298.0, -1016.0], [3149.0, -906.0], [3140.0, -902.0]]]}}, {"type": "Feature", "properties": {"code": "siam", "name": "Siam", "capital": null, "culture": null, "civs": ["suva"], "provinceType": "land", "terrain": "tropical", "mapTypes": ["tropical"], "resources": null, "religion": null, "population": "low", "centerpoint": [3238, 901], "position": {"x": 3140, "y": 762}, "bbox": {"w": 164, "h": 254}, "maskSize": [256, 256], "area": 22094, "links": ["assam", "burmese", "chenla", "funan", "malaya", "suvarnabhumi", "xivi", "yi"]}, "geometry": {"type": "Polygon", "coordinates": [[[3220.0, -762.0], [3220.0, -774.0], [3200.0, -778.0], [3200.0, -859.0], [3159.0, -861.0], [3142.0, -874.0], [3140.0, -901.0], [3149.0, -905.0], [3300.0, -1015.0], [3303.0, -1014.0], [3299.0, -1007.0], [3298.0, -997.0], [3299.0, -884.0], [3270.0, -853.0], [3300.0, -822.0], [3303.0, -813.0], [3298.0, -805.0], [3256.0, -792.0], [3243.0, -779.0], [3220.0, -762.0]]]}}, {"type": "Feature", "properties": {"code": "chenla", "name": "Chenla (Khmer)", "capital": null, "culture": null, "civs": ["vyadh", "suva"], "provinceType": "land", "terrain": "tropical", "mapTypes": ["tropical"], "resources": null, "religion": null, "population": "low", "centerpoint": [3321, 953], "position": {"x": 3299, "y": 886}, "bbox": {"w": 47, "h": 118}, "maskSize": [64, 128], "area": 3310, "links": ["funan", "siam", "xivi"]}, "geometry": {"type": "Polygon", "coordinates": [[[3300.0, -886.0], [3299.0, -997.0], [3301.0, -1003.0], [3318.0, -981.0], [3337.0, -974.0], [3345.0, -960.0], [3340.0, -939.0], [3324.0, -906.0], [3300.0, -886.0]]]}}, {"type": "Feature", "properties": {"code": "borneo", "name": "Borneo", "capital": null, "culture": null, "civs": ["malay"], "provinceType": "land", "terrain": "tropical", "mapTypes": ["tropical"], "resources": null, "religion": null, "population": "low", "centerpoint": [3461, 1159], "position": {"x": 3314, "y": 999}, "bbox": {"w": 309, "h": 225}, "maskSize": [512, 256], "area": 22809, "links": ["java", "luzon", "maluku", "nan_hai", "sumatra"]}, "geometry": {"type": "Polygon", "coordinates": [[[3590.0, -1006.0], [3580.0, -999.0], [3574.0, -1002.0], [3560.0, -1016.0], [3546.0, -1023.0], [3541.0, -1031.0], [3541.0, -1036.0], [3533.0, -1043.0], [3536.0, -1047.0], [3533.0, -1055.0], [3526.0, -1054.0], [3519.0, -1058.0], [3506.0, -1072.0], [3491.0, -1077.0], [3491.0, -1080.0], [3487.0, -1083.0], [3482.0, -1082.0], [3472.0, -1088.0], [3465.0, -1088.0], [3465.0, -1091.0], [3457.0, -1099.0], [3454.0, -1099.0], [3434.0, -1114.0], [3404.0, -1119.0], [3393.0, -1140.0], [3367.0, -1136.0], [3362.0, -1132.0], [3354.0, -1136.0], [3345.0, -1149.0], [3349.0, -1159.0], [3348.0, -1167.0], [3351.0, -1170.0], [3350.0, -1175.0], [3354.0, -1181.0], [3363.0, -1179.0], [3369.0, -1183.0], [3367.0, -1190.0], [3370.0, -1194.0], [3370.0, -1207.0], [3379.0, -1205.0], [3383.0, -1208.0], [3394.0, -1208.0], [3400.0, -1206.0], [3404.0, -1209.0], [3403.0, -1214.0], [3405.0, -1215.0], [3413.0, -1212.0], [3421.0, -1213.0], [3429.0, -1209.0], [3436.0, -1209.0], [3440.0, -1214.0], [3457.0, -1212.0], [3466.0, -1223.0], [3488.0, -1215.0], [3493.0, -1223.0], [3500.0, -1219.0], [3496.0, -1209.0], [3508.0, -1195.0], [3508.0, -1183.0], [3534.0, -1169.0], [3542.0, -1147.0], [3574.0, -1141.0], [3557.0, -1129.0], [3561.0, -1123.0], [3547.0, -1109.0], [3553.0, -1103.0], [3552.0, -1098.0], [3554.0, -1096.0], [3572.0, -1093.0], [3569.0, -1086.0], [3573.0, -1083.0], [3582.0, -1082.0], [3587.0, -1078.0], [3556.0, -1066.0], [3541.0, -1052.0], [3542.0, -1048.0], [3539.0, -1044.0], [3543.0, -1041.0], [3543.0, -1035.0], [3546.0, -1032.0], [3565.0, -1025.0], [3577.0, -1013.0], [3590.0, -1009.0], [3590.0, -1006.0]]]}}, {"type": "Feature", "properties": {"code": "java", "name": "Java", "capital": null, "culture": null, "civs": ["yawa"], "provinceType": "land", "terrain": "tropical", "mapTypes": ["tropical"], "resources": null, "religion": null, "population": "low", "centerpoint": [3385, 1277], "position": {"x": 3260, "y": 1207}, "bbox": {"w": 219, "h": 97}, "maskSize": [256, 128], "area": 5108, "links": ["borneo", "maluku", "sumatra"]}, "geometry": {"type": "Polygon", "coordinates": [[[3260.0, -1269.0], [3263.0, -1271.0], [3277.0, -1270.0], [3283.0, -1274.0], [3283.0, -1279.0], [3292.0, -1281.0], [3297.0, -1279.0], [3320.0, -1286.0], [3332.0, -1286.0], [3340.0, -1282.0], [3357.0, -1285.0], [3371.0, -1292.0], [3380.0, -1291.0], [3385.0, -1294.0], [3394.0, -1292.0], [3414.0, -1296.0], [3426.0, -1293.0], [3448.0, -1301.0], [3456.0, -1295.0], [3460.0, -1298.0], [3460.0, -1303.0], [3469.0, -1300.0], [3476.0, -1301.0], [3472.0, -1297.0], [3478.0, -1293.0], [3473.0, -1288.0], [3462.0, -1290.0], [3453.0, -1288.0], [3447.0, -1280.0], [3439.0, -1275.0], [3445.0, -1267.0], [3430.0, -1267.0], [3423.0, -1260.0], [3423.0, -1265.0], [3417.0, -1269.0], [3404.0, -1265.0], [3397.0, -1266.0], [3375.0, -1258.0], [3366.0, -1269.0], [3343.0, -1268.0], [3334.0, -1265.0], [3332.0, -1259.0], [3312.0, -1258.0], [3302.0, -1252.0], [3296.0, -1257.0], [3284.0, -1253.0], [3277.0, -1254.0], [3273.0, -1251.0], [3275.0, -1256.0], [3272.0, -1262.0], [3260.0, -1269.0]]]}}, {"type": "Feature", "properties": {"code": "celebes", "name": "Celebes", "capital": null, "culture": null, "civs": ["yawa"], "provinceType": "land", "terrain": "tropical", "mapTypes": ["tropical"], "resources": null, "religion": null, "population": "low", "centerpoint": [3630, 1214], "position": {"x": 3569, "y": 1168}, "bbox": {"w": 112, "h": 88}, "maskSize": [128, 128], "area": 3799, "links": ["maluku"]}, "geometry": {"type": "Polygon", "coordinates": [[[3670.0, -1173.0], [3664.0, -1170.0], [3652.0, -1174.0], [3642.0, -1168.0], [3631.0, -1168.0], [3630.0, -1172.0], [3622.0, -1177.0], [3621.0, -1181.0], [3617.0, -1184.0], [3604.0, -1181.0], [3574.0, -1234.0], [3569.0, -1246.0], [3570.0, -1251.0], [3573.0, -1252.0], [3576.0, -1249.0], [3590.0, -1251.0], [3596.0, -1223.0], [3592.0, -1213.0], [3610.0, -1207.0], [3617.0, -1212.0], [3613.0, -1222.0], [3625.0, -1230.0], [3622.0, -1239.0], [3632.0, -1241.0], [3644.0, -1234.0], [3645.0, -1236.0], [3640.0, -1245.0], [3648.0, -1255.0], [3663.0, -1247.0], [3668.0, -1252.0], [3666.0, -1237.0], [3660.0, -1233.0], [3650.0, -1234.0], [3654.0, -1227.0], [3642.0, -1219.0], [3646.0, -1211.0], [3628.0, -1195.0], [3636.0, -1189.0], [3640.0, -1191.0], [3650.0, -1181.0], [3662.0, -1191.0], [3674.0, -1189.0], [3674.0, -1184.0], [3665.0, -1185.0], [3658.0, -1180.0], [3666.0, -1179.0], [3670.0, -1173.0]]]}}, {"type": "Feature", "properties": {"code": "philippines", "name": "Philippines", "capital": null, "culture": null, "civs": ["malay", "yayo"], "provinceType": "land", "terrain": "tropical", "mapTypes": ["tropical"], "resources": null, "religion": null, "population": "low", "centerpoint": [3717, 1047], "position": {"x": 3644, "y": 958}, "bbox": {"w": 122, "h": 127}, "maskSize": [128, 128], "area": 7705, "links": ["luzon", "maluku"]}, "geometry": {"type": "Polygon", "coordinates": [[[3735.0, -965.0], [3721.0, -958.0], [3693.0, -983.0], [3673.0, -983.0], [3646.0, -990.0], [3645.0, -1000.0], [3654.0, -996.0], [3661.0, -997.0], [3665.0, -994.0], [3669.0, -997.0], [3669.0, -1003.0], [3658.0, -1009.0], [3660.0, -1014.0], [3668.0, -1016.0], [3672.0, -1022.0], [3685.0, -1018.0], [3689.0, -1023.0], [3667.0, -1035.0], [3654.0, -1037.0], [3650.0, -1046.0], [3645.0, -1051.0], [3644.0, -1063.0], [3655.0, -1064.0], [3654.0, -1056.0], [3663.0, -1045.0], [3668.0, -1049.0], [3672.0, -1047.0], [3682.0, -1049.0], [3683.0, -1045.0], [3688.0, -1042.0], [3698.0, -1049.0], [3698.0, -1052.0], [3693.0, -1056.0], [3693.0, -1067.0], [3711.0, -1077.0], [3722.0, -1077.0], [3725.0, -1084.0], [3737.0, -1077.0], [3740.0, -1072.0], [3739.0, -1066.0], [3732.0, -1061.0], [3734.0, -1057.0], [3745.0, -1058.0], [3750.0, -1068.0], [3753.0, -1067.0], [3755.0, -1060.0], [3763.0, -1054.0], [3765.0, -1043.0], [3758.0, -1036.0], [3760.0, -1032.0], [3756.0, -1028.0], [3758.0, -1020.0], [3749.0, -1014.0], [3753.0, -1006.0], [3750.0, -1003.0], [3744.0, -1003.0], [3739.0, -995.0], [3739.0, -990.0], [3744.0, -986.0], [3737.0, -979.0], [3734.0, -972.0], [3735.0, -965.0]]]}}, {"type": "Feature", "properties": {"code": "gansu", "name": "Gansu", "capital": null, "culture": null, "civs": ["han"], "provinceType": "land", "terrain": "temp", "mapTypes": ["temp"], "resources": null, "religion": null, "population": "low", "centerpoint": [3249, 530], "position": {"x": 3201, "y": 459}, "bbox": {"w": 143, "h": 187}, "maskSize": [256, 256], "area": 14871, "links": ["bing", "burmese", "central_siberia", "mongolia", "sili", "yi"]}, "geometry": {"type": "Polygon", "coordinates": [[[3279.0, -459.0], [3201.0, -459.0], [3201.0, -636.0], [3212.0, -635.0], [3237.0, -645.0], [3240.0, -639.0], [3247.0, -602.0], [3268.0, -574.0], [3295.0, -572.0], [3309.0, -563.0], [3339.0, -566.0], [3343.0, -559.0], [3334.0, -545.0], [3310.0, -540.0], [3302.0, -531.0], [3303.0, -507.0], [3282.0, -494.0], [3274.0, -480.0], [3279.0, -459.0]]]}}, {"type": "Feature", "properties": {"code": "luzon", "name": "Luzon", "capital": null, "culture": null, "civs": ["malay", "han"], "provinceType": "land", "terrain": "tropical", "mapTypes": ["tropical"], "resources": null, "religion": null, "population": "low", "centerpoint": [3623, 892], "position": {"x": 3580, "y": 840}, "bbox": {"w": 140, "h": 166}, "maskSize": [256, 256], "area": 7082, "links": ["borneo", "nan_hai", "philippines", "yizhou"]}, "geometry": {"type": "Polygon", "coordinates": [[[3606.0, -869.0], [3599.0, -883.0], [3602.0, -892.0], [3599.0, -905.0], [3595.0, -908.0], [3590.0, -905.0], [3588.0, -908.0], [3594.0, -922.0], [3593.0, -926.0], [3608.0, -938.0], [3612.0, -948.0], [3608.0, -951.0], [3602.0, -945.0], [3594.0, -942.0], [3593.0, -944.0], [3601.0, -949.0], [3620.0, -968.0], [3625.0, -971.0], [3631.0, -968.0], [3643.0, -971.0], [3648.0, -988.0], [3673.0, -982.0], [3693.0, -982.0], [3717.0, -960.0], [3705.0, -958.0], [3699.0, -954.0], [3699.0, -951.0], [3694.0, -951.0], [3690.0, -948.0], [3692.0, -941.0], [3704.0, -941.0], [3705.0, -936.0], [3701.0, -933.0], [3698.0, -933.0], [3693.0, -939.0], [3681.0, -938.0], [3677.0, -935.0], [3671.0, -938.0], [3665.0, -933.0], [3659.0, -932.0], [3652.0, -933.0], [3643.0, -939.0], [3639.0, -938.0], [3634.0, -933.0], [3634.0, -930.0], [3638.0, -927.0], [3645.0, -929.0], [3649.0, -925.0], [3639.0, -923.0], [3634.0, -926.0], [3628.0, -920.0], [3633.0, -911.0], [3644.0, -907.0], [3646.0, -899.0], [3650.0, -894.0], [3644.0, -888.0], [3643.0, -877.0], [3646.0, -872.0], [3641.0, -870.0], [3633.0, -874.0], [3625.0, -869.0], [3626.0, -865.0], [3621.0, -864.0], [3616.0, -869.0], [3606.0, -869.0]]]}}, {"type": "Feature", "properties": {"code": "western_siberia", "name": "Western Siberia", "capital": null, "culture": null, "civs": ["ural"], "provinceType": "land", "terrain": "desert", "mapTypes": ["desert"], "resources": null, "religion": null, "population": "low", "centerpoint": [2938, 531], "position": {"x": 2886, "y": 491}, "bbox": {"w": 119, "h": 90}, "maskSize": [128, 128], "area": 4147, "links": ["mongolia", "tibet", "transoxiana"]}, "geometry": {"type": "Polygon", "coordinates": [[[3004.0, -555.0], [2930.0, -491.0], [2886.0, -580.0], [2937.0, -556.0], [3004.0, -555.0]]]}}, {"type": "Feature", "properties": {"code": "central_siberia", "name": "Central Siberia", "capital": null, "culture": null, "civs": ["ural"], "provinceType": "land", "terrain": "temp", "mapTypes": ["temp"], "resources": null, "religion": null, "population": "low", "centerpoint": [3275, 345], "position": {"x": 3201, "y": 244}, "bbox": {"w": 153, "h": 215}, "maskSize": [256, 256], "area": 26877, "links": ["amur", "bing", "eastern_siberia", "gansu", "mongolia", "wushu"]}, "geometry": {"type": "Polygon", "coordinates": [[[3201.0, -244.0], [3201.0, -458.0], [3279.0, -458.0], [3291.0, -435.0], [3305.0, -433.0], [3325.0, -434.0], [3333.0, -420.0], [3341.0, -422.0], [3353.0, -321.0], [3308.0, -266.0], [3201.0, -244.0]]]}}, {"type": "Feature", "properties": {"code": "eastern_siberia", "name": "Eastern Siberia", "capital": null, "culture": null, "civs": ["ural"], "provinceType": "land", "terrain": "semi_arid", "mapTypes": ["semi_arid"], "resources": null, "religion": null, "population": "low", "centerpoint": [3396, 384], "position": {"x": 3342, "y": 322}, "bbox": {"w": 113, "h": 112}, "maskSize": [128, 128], "area": 9236, "links": ["amur", "bing", "central_siberia", "donghu"]}, "geometry": {"type": "Polygon", "coordinates": [[[3354.0, -322.0], [3342.0, -422.0], [3410.0, -433.0], [3454.0, -402.0], [3431.0, -331.0], [3407.0, -339.0], [3354.0, -322.0]]]}}, {"type": "Feature", "properties": {"code": "far_east", "name": "Far East", "capital": null, "culture": null, "civs": ["ural"], "provinceType": "land", "terrain": "cold", "mapTypes": ["cold"], "resources": null, "religion": null, "population": "low", "centerpoint": [3735, 283], "position": {"x": 3697, "y": 259}, "bbox": {"w": 72, "h": 65}, "maskSize": [128, 128], "area": 2904, "links": ["chukotka", "goguryeo", "iacutia", "yilou"]}, "geometry": {"type": "Polygon", "coordinates": [[[3697.0, -259.0], [3726.0, -323.0], [3730.0, -323.0], [3755.0, -302.0], [3768.0, -262.0], [3753.0, -259.0], [3697.0, -259.0]]]}}, {"type": "Feature", "properties": {"code": "karelia", "name": "Karelia", "capital": null, "culture": null, "civs": ["ural"], "provinceType": "land", "terrain": "steppe", "mapTypes": ["steppe"], "resources": null, "religion": null, "population": "low", "centerpoint": [2602, 215], "position": {"x": 2399, "y": 79}, "bbox": {"w": 232, "h": 160}, "maskSize": [256, 256], "area": 11359, "links": ["arctic_russia", "arctic_siberia", "northwest_russia", "volga"]}, "geometry": {"type": "Polygon", "coordinates": [[[2400.0, -80.0], [2400.0, -140.0], [2459.0, -104.0], [2549.0, -104.0], [2600.0, -164.0], [2570.0, -229.0], [2560.0, -238.0], [2630.0, -238.0], [2596.0, -79.0], [2400.0, -80.0]]]}}, {"type": "Feature", "properties": {"code": "arctic_russia", "name": "Arctic Russia", "capital": null, "culture": null, "civs": ["ural"], "provinceType": "land", "terrain": "steppe", "mapTypes": ["steppe"], "resources": null, "religion": null, "population": "low", "centerpoint": [2686, 151], "position": {"x": 2597, "y": 79}, "bbox": {"w": 391, "h": 212}, "maskSize": [512, 256], "area": 31150, "links": ["arctic_siberia", "karelia", "massagetae", "volga", "wushu"]}, "geometry": {"type": "Polygon", "coordinates": [[[2631.0, -238.0], [2652.0, -238.0], [2654.0, -240.0], [2653.0, -278.0], [2671.0, -280.0], [2686.0, -290.0], [2785.0, -122.0], [2919.0, -96.0], [2980.0, -94.0], [2987.0, -80.0], [2597.0, -79.0], [2631.0, -238.0]]]}}, {"type": "Feature", "properties": {"code": "chukotka", "name": "Chukotka", "capital": null, "culture": null, "civs": ["ural"], "provinceType": "land", "terrain": "cold", "mapTypes": ["cold"], "resources": null, "religion": null, "population": "low", "centerpoint": [3737, 159], "position": {"x": 3609, "y": 79}, "bbox": {"w": 242, "h": 183}, "maskSize": [256, 256], "area": 31854, "links": ["chukchi_coast", "far_east", "iacutia", "kamchatka", "yilou"]}, "geometry": {"type": "Polygon", "coordinates": [[[3609.0, -80.0], [3672.0, -211.0], [3677.0, -213.0], [3678.0, -225.0], [3696.0, -258.0], [3753.0, -258.0], [3768.0, -261.0], [3799.0, -227.0], [3806.0, -223.0], [3800.0, -224.0], [3795.0, -220.0], [3799.0, -213.0], [3806.0, -210.0], [3806.0, -202.0], [3810.0, -199.0], [3825.0, -196.0], [3828.0, -192.0], [3833.0, -191.0], [3833.0, -184.0], [3838.0, -175.0], [3843.0, -175.0], [3846.0, -178.0], [3846.0, -183.0], [3848.0, -180.0], [3847.0, -176.0], [3850.0, -173.0], [3847.0, -166.0], [3847.0, -156.0], [3850.0, -149.0], [3845.0, -79.0], [3609.0, -80.0]]]}}, {"type": "Feature", "properties": {"code": "greenland_interior", "name": "Greenland Interior", "capital": null, "culture": null, "civs": ["anish"], "provinceType": "land", "terrain": "arctic", "mapTypes": ["arctic"], "resources": null, "religion": null, "population": "low", "centerpoint": [998, 85], "position": {"x": 805, "y": 0}, "bbox": {"w": 339, "h": 256}, "maskSize": [512, 256], "area": 42140, "links": ["kalaallit_nunaat", "nunavut"]}, "geometry": {"type": "Polygon", "coordinates": [[[805.0, -28.0], [812.0, -24.0], [826.0, -27.0], [838.0, -24.0], [862.0, -33.0], [866.0, -40.0], [861.0, -44.0], [861.0, -48.0], [872.0, -52.0], [876.0, -56.0], [875.0, -61.0], [878.0, -64.0], [875.0, -70.0], [874.0, -100.0], [877.0, -102.0], [875.0, -106.0], [884.0, -111.0], [899.0, -125.0], [925.0, -129.0], [918.0, -200.0], [928.0, -240.0], [946.0, -255.0], [949.0, -253.0], [968.0, -212.0], [1003.0, -180.0], [1040.0, -166.0], [1064.0, -141.0], [1098.0, -84.0], [1111.0, -74.0], [1125.0, -29.0], [1143.0, -0.0], [807.0, -0.0], [805.0, -28.0]]]}}, {"type": "Feature", "properties": {"code": "arctic_siberia", "name": "Arctic Siberia", "capital": null, "culture": null, "civs": ["ural"], "provinceType": "land", "terrain": "arctic", "mapTypes": ["arctic"], "resources": null, "religion": null, "population": "low", "centerpoint": [3112, 51], "position": {"x": 2320, "y": 0}, "bbox": {"w": 907, "h": 156}, "maskSize": [1024, 256], "area": 77679, "links": ["arctic_russia", "finland", "iacutia", "karelia", "northwest_russia", "wushu"]}, "geometry": {"type": "Polygon", "coordinates": [[[2320.0, -0.0], [2339.0, -139.0], [2389.0, -155.0], [2393.0, -144.0], [2398.0, -139.0], [2399.0, -80.0], [2401.0, -78.0], [2985.0, -78.0], [2988.0, -80.0], [2981.0, -94.0], [3039.0, -91.0], [3117.0, -103.0], [3160.0, -90.0], [3174.0, -83.0], [3197.0, -66.0], [3226.0, -37.0], [3212.0, -0.0], [2320.0, -0.0]]]}}, {"type": "Feature", "properties": {"code": "chukchi_coast", "name": "Chukchi Coast", "capital": null, "culture": null, "civs": ["ural"], "provinceType": "land", "terrain": "arctic", "mapTypes": ["arctic"], "resources": null, "religion": null, "population": "low", "centerpoint": [3636, 39], "position": {"x": 3586, "y": 0}, "bbox": {"w": 260, "h": 79}, "maskSize": [512, 128], "area": 19165, "links": ["chukotka", "iacutia", "kamchatka"]}, "geometry": {"type": "Polygon", "coordinates": [[[3586.0, -0.0], [3599.0, -59.0], [3610.0, -78.0], [3845.0, -78.0], [3843.0, -47.0], [3823.0, -0.0], [3586.0, -0.0]]]}}, {"type": "Feature", "properties": {"code": "northwest_russia", "name": "Northwestern Russia", "capital": null, "culture": null, "civs": ["ural"], "provinceType": "land", "terrain": "steppe", "mapTypes": ["steppe"], "resources": null, "religion": null, "population": "low", "centerpoint": [2479, 172], "position": {"x": 2370, "y": 105}, "bbox": {"w": 230, "h": 185}, "maskSize": [256, 256], "area": 26189, "links": ["arctic_siberia", "finland", "karelia", "massagetae", "venedia", "volga"]}, "geometry": {"type": "Polygon", "coordinates": [[[2599.0, -164.0], [2549.0, -105.0], [2459.0, -105.0], [2400.0, -141.0], [2398.0, -140.0], [2392.0, -148.0], [2370.0, -203.0], [2383.0, -271.0], [2391.0, -289.0], [2401.0, -282.0], [2402.0, -239.0], [2558.0, -239.0], [2569.0, -229.0], [2599.0, -164.0]]]}}, {"type": "Feature", "properties": {"code": "maluku", "name": "Maluku", "capital": null, "culture": null, "civs": ["yawa"], "provinceType": "land", "terrain": "tropical", "mapTypes": ["tropical"], "resources": null, "religion": null, "population": "low", "centerpoint": [3583, 1186], "position": {"x": 3440, "y": 1063}, "bbox": {"w": 381, "h": 301}, "maskSize": [512, 512], "area": 30776, "links": ["borneo", "celebes", "java", "new_guinea", "philippines", "yolngu"]}, "geometry": {"type": "Polygon", "coordinates": [[[3818.0, -1174.0], [3808.0, -1161.0], [3794.0, -1166.0], [3790.0, -1170.0], [3790.0, -1175.0], [3794.0, -1179.0], [3795.0, -1184.0], [3791.0, -1188.0], [3791.0, -1193.0], [3797.0, -1199.0], [3786.0, -1202.0], [3771.0, -1201.0], [3755.0, -1208.0], [3735.0, -1204.0], [3737.0, -1199.0], [3743.0, -1199.0], [3747.0, -1194.0], [3747.0, -1189.0], [3743.0, -1185.0], [3715.0, -1185.0], [3697.0, -1181.0], [3683.0, -1184.0], [3677.0, -1178.0], [3678.0, -1172.0], [3673.0, -1165.0], [3700.0, -1160.0], [3719.0, -1141.0], [3722.0, -1130.0], [3729.0, -1130.0], [3736.0, -1124.0], [3745.0, -1125.0], [3754.0, -1113.0], [3753.0, -1109.0], [3735.0, -1105.0], [3731.0, -1100.0], [3728.0, -1103.0], [3721.0, -1101.0], [3720.0, -1109.0], [3724.0, -1114.0], [3715.0, -1124.0], [3711.0, -1122.0], [3702.0, -1123.0], [3693.0, -1132.0], [3680.0, -1140.0], [3629.0, -1136.0], [3619.0, -1131.0], [3610.0, -1134.0], [3605.0, -1140.0], [3592.0, -1143.0], [3579.0, -1161.0], [3580.0, -1170.0], [3574.0, -1172.0], [3569.0, -1177.0], [3568.0, -1192.0], [3563.0, -1199.0], [3554.0, -1205.0], [3553.0, -1224.0], [3563.0, -1230.0], [3563.0, -1235.0], [3566.0, -1238.0], [3570.0, -1239.0], [3602.0, -1182.0], [3604.0, -1180.0], [3613.0, -1182.0], [3612.0, -1177.0], [3603.0, -1170.0], [3609.0, -1161.0], [3628.0, -1161.0], [3626.0, -1169.0], [3628.0, -1167.0], [3644.0, -1167.0], [3648.0, -1172.0], [3655.0, -1170.0], [3647.0, -1161.0], [3665.0, -1161.0], [3669.0, -1165.0], [3663.0, -1169.0], [3666.0, -1168.0], [3671.0, -1173.0], [3666.0, -1180.0], [3659.0, -1180.0], [3665.0, -1184.0], [3674.0, -1182.0], [3674.0, -1190.0], [3662.0, -1192.0], [3650.0, -1182.0], [3640.0, -1192.0], [3636.0, -1190.0], [3629.0, -1195.0], [3647.0, -1211.0], [3643.0, -1219.0], [3655.0, -1227.0], [3651.0, -1234.0], [3660.0, -1232.0], [3667.0, -1237.0], [3669.0, -1253.0], [3663.0, -1248.0], [3648.0, -1256.0], [3639.0, -1245.0], [3644.0, -1235.0], [3632.0, -1242.0], [3620.0, -1240.0], [3620.0, -1235.0], [3617.0, -1238.0], [3617.0, -1243.0], [3624.0, -1248.0], [3624.0, -1252.0], [3628.0, -1256.0], [3633.0, -1258.0], [3642.0, -1256.0], [3649.0, -1262.0], [3657.0, -1261.0], [3663.0, -1257.0], [3671.0, -1260.0], [3679.0, -1254.0], [3679.0, -1249.0], [3675.0, -1245.0], [3675.0, -1236.0], [3672.0, -1233.0], [3673.0, -1222.0], [3667.0, -1218.0], [3654.0, -1222.0], [3652.0, -1219.0], [3655.0, -1211.0], [3643.0, -1197.0], [3645.0, -1196.0], [3656.0, -1204.0], [3660.0, -1203.0], [3664.0, -1198.0], [3672.0, -1197.0], [3677.0, -1201.0], [3690.0, -1203.0], [3716.0, -1199.0], [3717.0, -1203.0], [3723.0, -1208.0], [3719.0, -1213.0], [3719.0, -1220.0], [3729.0, -1228.0], [3743.0, -1231.0], [3755.0, -1226.0], [3762.0, -1226.0], [3768.0, -1229.0], [3779.0, -1227.0], [3789.0, -1230.0], [3793.0, -1228.0], [3799.0, -1217.0], [3804.0, -1220.0], [3804.0, -1225.0], [3816.0, -1221.0], [3818.0, -1217.0], [3817.0, -1212.0], [3802.0, -1207.0], [3808.0, -1195.0], [3816.0, -1193.0], [3812.0, -1186.0], [3818.0, -1174.0]]]}}, {"type": "Feature", "properties": {"code": "new_guinea", "name": "New Guinea", "capital": null, "culture": null, "civs": ["yawa"], "provinceType": "land", "terrain": "tropical", "mapTypes": ["tropical"], "resources": null, "religion": null, "population": "low", "position": {"x": 3812, "y": 1162}, "bbox": {"w": 284, "h": 154}, "maskSize": [512, 256], "centerpoint": [3959, 1250], "area": 16251, "links": ["maluku"]}, "geometry": {"type": "Polygon", "coordinates": [[[3812.0, -1164.0], [3819.0, -1174.0], [3816.0, -1181.0], [3824.0, -1189.0], [3824.0, -1192.0], [3829.0, -1195.0], [3834.0, -1194.0], [3841.0, -1200.0], [3842.0, -1205.0], [3837.0, -1210.0], [3838.0, -1213.0], [3844.0, -1214.0], [3849.0, -1220.0], [3848.0, -1227.0], [3842.0, -1231.0], [3834.0, -1226.0], [3833.0, -1229.0], [3842.0, -1237.0], [3843.0, -1241.0], [3845.0, -1242.0], [3843.0, -1234.0], [3847.0, -1229.0], [3856.0, -1230.0], [3861.0, -1226.0], [3873.0, -1229.0], [3876.0, -1234.0], [3892.0, -1236.0], [3905.0, -1243.0], [3907.0, -1242.0], [3915.0, -1248.0], [3922.0, -1268.0], [3913.0, -1273.0], [3912.0, -1278.0], [3908.0, -1281.0], [3907.0, -1286.0], [3909.0, -1289.0], [3913.0, -1287.0], [3918.0, -1288.0], [3926.0, -1284.0], [3929.0, -1286.0], [3937.0, -1284.0], [3948.0, -1293.0], [3951.0, -1299.0], [3962.0, -1296.0], [3980.0, -1296.0], [3983.0, -1290.0], [3991.0, -1290.0], [3985.0, -1282.0], [3989.0, -1277.0], [3994.0, -1283.0], [3997.0, -1283.0], [3997.0, -1278.0], [4003.0, -1275.0], [4013.0, -1281.0], [4016.0, -1290.0], [4033.0, -1307.0], [4048.0, -1307.0], [4061.0, -1313.0], [4069.0, -1312.0], [4079.0, -1315.0], [4070.0, -1310.0], [4074.0, -1302.0], [4064.0, -1295.0], [4064.0, -1291.0], [4050.0, -1293.0], [4044.0, -1290.0], [4036.0, -1276.0], [4025.0, -1267.0], [4025.0, -1264.0], [4035.0, -1259.0], [4035.0, -1252.0], [4039.0, -1249.0], [4053.0, -1256.0], [4065.0, -1256.0], [4073.0, -1251.0], [4080.0, -1244.0], [4080.0, -1239.0], [4090.0, -1234.0], [4090.0, -1228.0], [4095.0, -1226.0], [4095.0, -1220.0], [4090.0, -1224.0], [4070.0, -1208.0], [4062.0, -1204.0], [4053.0, -1203.0], [4052.0, -1207.0], [4061.0, -1210.0], [4074.0, -1219.0], [4071.0, -1227.0], [4067.0, -1230.0], [4063.0, -1228.0], [4059.0, -1236.0], [4052.0, -1236.0], [4052.0, -1239.0], [4047.0, -1243.0], [4022.0, -1241.0], [4018.0, -1238.0], [4019.0, -1229.0], [4016.0, -1235.0], [4012.0, -1235.0], [4006.0, -1226.0], [3998.0, -1225.0], [3989.0, -1218.0], [3983.0, -1218.0], [3974.0, -1211.0], [3975.0, -1207.0], [3972.0, -1204.0], [3965.0, -1207.0], [3957.0, -1203.0], [3952.0, -1204.0], [3945.0, -1200.0], [3945.0, -1194.0], [3939.0, -1200.0], [3927.0, -1194.0], [3920.0, -1187.0], [3911.0, -1189.0], [3905.0, -1184.0], [3900.0, -1186.0], [3895.0, -1181.0], [3887.0, -1178.0], [3883.0, -1182.0], [3879.0, -1180.0], [3877.0, -1186.0], [3892.0, -1196.0], [3894.0, -1201.0], [3893.0, -1205.0], [3883.0, -1213.0], [3878.0, -1209.0], [3875.0, -1200.0], [3873.0, -1201.0], [3869.0, -1198.0], [3873.0, -1187.0], [3870.0, -1185.0], [3867.0, -1176.0], [3860.0, -1178.0], [3849.0, -1172.0], [3845.0, -1175.0], [3842.0, -1174.0], [3835.0, -1180.0], [3824.0, -1169.0], [3827.0, -1163.0], [3812.0, -1164.0]]]}}, {"type": "Feature", "properties": {"code": "scandinavia", "name": "Scandinavia", "capital": null, "culture": null, "civs": ["germ"], "provinceType": "land", "terrain": "cold", "mapTypes": ["cold"], "resources": null, "religion": null, "population": "low", "position": {"x": 1734, "y": 0}, "bbox": {"w": 241, "h": 286}, "maskSize": [256, 512], "centerpoint": [1834, 138], "area": 36289, "links": ["denmark", "finland", "suebia"]}, "geometry": {"type": "Polygon", "coordinates": [[[1974.0, -0.0], [1865.0, -0.0], [1863.0, -3.0], [1865.0, -9.0], [1859.0, -13.0], [1854.0, -11.0], [1851.0, -16.0], [1843.0, -17.0], [1839.0, -25.0], [1851.0, -17.0], [1853.0, -18.0], [1858.0, -14.0], [1865.0, -13.0], [1873.0, -7.0], [1878.0, -13.0], [1867.0, -19.0], [1864.0, -23.0], [1858.0, -23.0], [1843.0, -39.0], [1844.0, -50.0], [1840.0, -53.0], [1835.0, -50.0], [1830.0, -56.0], [1834.0, -62.0], [1826.0, -71.0], [1822.0, -73.0], [1817.0, -71.0], [1813.0, -73.0], [1814.0, -79.0], [1808.0, -83.0], [1802.0, -82.0], [1801.0, -84.0], [1804.0, -86.0], [1804.0, -89.0], [1796.0, -97.0], [1786.0, -92.0], [1784.0, -96.0], [1779.0, -98.0], [1780.0, -102.0], [1778.0, -104.0], [1768.0, -107.0], [1756.0, -117.0], [1751.0, -119.0], [1748.0, -117.0], [1745.0, -122.0], [1741.0, -123.0], [1744.0, -127.0], [1744.0, -133.0], [1737.0, -140.0], [1739.0, -144.0], [1737.0, -151.0], [1740.0, -154.0], [1741.0, -160.0], [1736.0, -167.0], [1737.0, -172.0], [1734.0, -178.0], [1737.0, -180.0], [1736.0, -193.0], [1749.0, -203.0], [1750.0, -208.0], [1753.0, -207.0], [1761.0, -210.0], [1771.0, -208.0], [1783.0, -202.0], [1794.0, -191.0], [1801.0, -190.0], [1806.0, -186.0], [1812.0, -190.0], [1812.0, -206.0], [1814.0, -208.0], [1813.0, -213.0], [1816.0, -224.0], [1830.0, -242.0], [1823.0, -254.0], [1813.0, -258.0], [1806.0, -257.0], [1802.0, -262.0], [1796.0, -254.0], [1789.0, -263.0], [1797.0, -262.0], [1802.0, -270.0], [1799.0, -279.0], [1792.0, -280.0], [1789.0, -275.0], [1788.0, -283.0], [1812.0, -284.0], [1817.0, -278.0], [1823.0, -277.0], [1819.0, -272.0], [1820.0, -268.0], [1824.0, -265.0], [1833.0, -272.0], [1847.0, -271.0], [1849.0, -268.0], [1847.0, -261.0], [1850.0, -258.0], [1861.0, -253.0], [1868.0, -256.0], [1874.0, -252.0], [1878.0, -254.0], [1888.0, -229.0], [1886.0, -230.0], [1881.0, -226.0], [1886.0, -210.0], [1886.0, -201.0], [1895.0, -195.0], [1905.0, -195.0], [1912.0, -187.0], [1909.0, -184.0], [1912.0, -179.0], [1910.0, -170.0], [1906.0, -167.0], [1904.0, -160.0], [1901.0, -161.0], [1892.0, -156.0], [1890.0, -140.0], [1896.0, -137.0], [1897.0, -124.0], [1909.0, -111.0], [1927.0, -101.0], [1938.0, -90.0], [1937.0, -79.0], [1942.0, -72.0], [1953.0, -63.0], [1962.0, -59.0], [1974.0, -63.0], [1974.0, -0.0]]]}}, {"type": "Feature", "properties": {"code": "finland", "name": "Finland", "capital": null, "culture": null, "civs": ["ural"], "provinceType": "land", "terrain": "arctic", "mapTypes": ["arctic"], "resources": null, "religion": null, "population": "low", "position": {"x": 1975, "y": 0}, "bbox": {"w": 414, "h": 266}, "maskSize": [512, 512], "centerpoint": [2245, 93], "area": 62992, "links": ["aestia", "arctic_siberia", "northwest_russia", "scandinavia", "venedia"]}, "geometry": {"type": "Polygon", "coordinates": [[[1975.0, -0.0], [1975.0, -64.0], [1978.0, -67.0], [1978.0, -71.0], [1975.0, -73.0], [1975.0, -166.0], [2017.0, -152.0], [2024.0, -153.0], [2026.0, -157.0], [2032.0, -160.0], [2030.0, -164.0], [2024.0, -164.0], [2026.0, -169.0], [2042.0, -165.0], [2036.0, -160.0], [2047.0, -159.0], [2045.0, -149.0], [2038.0, -141.0], [2041.0, -132.0], [2045.0, -129.0], [2062.0, -139.0], [2069.0, -148.0], [2066.0, -152.0], [2066.0, -157.0], [2063.0, -159.0], [2191.0, -159.0], [2192.0, -162.0], [2174.0, -250.0], [2224.0, -213.0], [2299.0, -194.0], [2359.0, -213.0], [2381.0, -265.0], [2369.0, -203.0], [2388.0, -155.0], [2338.0, -139.0], [2319.0, -0.0], [2206.0, -0.0], [2207.0, -15.0], [2195.0, -22.0], [2187.0, -21.0], [2176.0, -11.0], [2176.0, -7.0], [2179.0, -4.0], [2191.0, -0.0], [2165.0, -0.0], [2162.0, -17.0], [2171.0, -24.0], [2169.0, -34.0], [2165.0, -37.0], [2155.0, -35.0], [2149.0, -27.0], [2145.0, -38.0], [2129.0, -53.0], [2129.0, -57.0], [2140.0, -67.0], [2140.0, -70.0], [2131.0, -76.0], [2117.0, -71.0], [2114.0, -73.0], [2107.0, -67.0], [2099.0, -66.0], [2096.0, -75.0], [2104.0, -82.0], [2109.0, -82.0], [2113.0, -85.0], [2113.0, -89.0], [2106.0, -94.0], [2101.0, -91.0], [2097.0, -92.0], [2089.0, -84.0], [2081.0, -84.0], [2076.0, -80.0], [2077.0, -76.0], [2071.0, -64.0], [2074.0, -54.0], [2068.0, -45.0], [2061.0, -43.0], [2057.0, -39.0], [2057.0, -36.0], [2062.0, -33.0], [2083.0, -41.0], [2089.0, -40.0], [2097.0, -41.0], [2101.0, -44.0], [2118.0, -44.0], [2125.0, -41.0], [2136.0, -29.0], [2138.0, -23.0], [2130.0, -11.0], [2123.0, -9.0], [2120.0, -5.0], [2117.0, -7.0], [2113.0, -5.0], [2109.0, -0.0], [1975.0, -0.0]]]}}]}