<?xml version="1.0" encoding="utf-8"?>
<COLLADA xmlns="http://www.collada.org/2005/11/COLLADASchema" version="1.4.1" xmlns:xsi="http://www.w3.org/2001/XMLSchema-instance">
  <asset>
    <contributor>
      <author>Blender User</author>
      <authoring_tool>Blender 4.3.1 commit date:2024-12-10, commit time:07:46, hash:33d812126174</authoring_tool>
    </contributor>
    <created>2026-08-29T13:29:34</created>
    <modified>2026-08-29T13:29:34</modified>
    <unit name="meter" meter="1"/>
    <up_axis>Z_UP</up_axis>
  </asset>
  <library_effects>
    <effect id="A_A_A-Textura_garamante-effect">
      <profile_COMMON>
        <technique sid="common">
          <lambert>
            <emission>
              <color sid="emission">0 0 0 1</color>
            </emission>
            <diffuse>
              <color sid="diffuse">0.8 0.8 0.8 1</color>
            </diffuse>
            <index_of_refraction>
              <float sid="ior">1.45</float>
            </index_of_refraction>
          </lambert>
        </technique>
      </profile_COMMON>
    </effect>
  </library_effects>
  <library_images/>
  <library_materials>
    <material id="A_A_A-Textura_garamante-material" name="A A A-Textura garamante">
      <instance_effect url="#A_A_A-Textura_garamante-effect"/>
    </material>
  </library_materials>
  <library_geometries>
    <geometry id="palm_straightMesh_007-mesh" name="palm_straightMesh.007">
      <mesh>
        <source id="palm_straightMesh_007-mesh-positions">
          <float_array id="palm_straightMesh_007-mesh-positions-array" count="2526">8.623862 -12.19596 1.488277 8.631552 -12.19238 1.983708 8.649803 -12.40886 1.488277 8.481855 -12.03155 1.983708 8.477735 -12.03896 1.488277 8.266211 -11.98943 1.983708 8.267239 -11.99784 1.488277 8.067 -12.0821 1.983708 8.072772 -12.08831 1.488277 7.960294 -12.27417 1.983708 7.96862 -12.27579 1.488277 7.986869 -12.49227 1.983708 7.994561 -12.48869 1.488277 8.136569 -12.6531 1.983708 8.140687 -12.64569 1.488277 8.35221 -12.69522 1.983708 8.351182 -12.68681 1.488277 8.551426 -12.60256 1.983708 8.545652 -12.59635 1.488277 8.658127 -12.41049 1.983708 8.640339 -12.40701 2.497634 8.53908 -12.58929 2.497634 8.597544 -12.39865 2.994012 8.509372 -12.55737 2.994012 8.350016 -12.67724 2.497634 8.344746 -12.63395 2.994012 8.145369 -12.63726 2.497634 8.166546 -12.59914 2.994012 8.003304 -12.48463 2.497634 8.042834 -12.46624 2.994012 7.978082 -12.27764 2.497634 8.020877 -12.286 2.994012 8.079342 -12.09537 2.497634 8.109049 -12.12728 2.994012 8.268406 -12.00742 2.497634 8.273676 -12.0507 2.994012 8.473052 -12.04739 2.497634 8.451876 -12.08551 2.994012 8.615118 -12.20002 2.497634 8.575589 -12.21841 2.994012 8.527304 -12.24087 3.490868 8.42602 -12.13206 3.490868 8.28012 -12.10355 3.490868 8.409793 -12.16127 4.004286 8.497001 -12.25497 4.004286 8.486557 -12.25983 4.499748 8.512488 -12.38203 4.004286 8.404196 -12.17134 4.499748 8.285554 -12.14817 4.499748 8.289524 -12.18072 5.252616 8.388267 -12.20001 5.252616 8.456823 -12.27366 5.252616 8.292736 -12.20708 6.005485 8.375376 -12.22323 6.005485 8.432744 -12.28486 6.005485 8.29319 -12.21084 6.758352 8.373537 -12.22654 6.758352 8.429307 -12.28646 6.758352 8.293842 -12.21615 7.511221 8.37094 -12.23121 7.511221 8.424462 -12.28871 7.511221 8.295712 -12.23155 8.264088 8.363405 -12.24477 8.264088 8.410387 -12.29526 8.264088 8.297428 -12.24559 9.016958 8.356534 -12.25714 9.016958 8.397571 -12.30122 9.016958 8.296315 -12.23649 9.769824 8.360983 -12.24912 9.769824 8.405882 -12.29736 9.769824 8.297702 -12.24788 10.52269 8.355417 -12.25915 10.52269 8.39548 -12.3022 10.52269 8.300025 -12.26691 11.27556 8.346104 -12.27592 11.27556 8.378095 -12.31028 11.27556 8.301323 -12.2776 12.02843 8.340875 -12.28532 12.02843 8.368328 -12.31482 12.02843 8.303814 -12.29801 12.7813 8.330889 -12.3033 12.7813 8.349686 -12.3235 12.7813 8.373208 -12.35483 12.02843 8.353022 -12.35088 12.7813 8.353632 -12.39005 12.02843 8.33963 -12.375 12.7813 8.317101 -12.40705 12.02843 8.31461 -12.38664 12.7813 8.320997 -13.36472 12.19516 8.779177 -13.3199 12.80277 8.115948 -12.61231 12.15044 9.108619 -12.99833 12.19516 8.665228 -12.3568 12.15044 7.980934 -13.13194 12.70308 8.320989 -13.10254 13.22298 8.074347 -12.74459 12.45339 8.631538 -13.15835 12.68704 8.557637 -12.76421 12.44148 9.084644 -12.79355 11.79344 8.811852 -13.39014 12.37145 8.603192 -12.11921 12.05575 8.179806 -13.21446 11.79344 7.974191 -12.41181 12.05575 9.339556 -12.18133 12.60635 9.075937 -11.77641 13.11562 8.81271 -12.50963 12.38061 8.901015 -11.63199 12.50231 8.49862 -12.09753 12.28646 7.743607 -11.50157 12.39709 7.381932 -12.03171 12.84897 8.386081 -11.85488 12.33255 7.39902 -12.48966 12.21817 8.125963 -12.58474 12.18081 8.484636 -13.16806 11.87616 9.124276 -13.05204 12.417 8.011503 -12.59528 12.15353 9.244919 -12.32475 12.01431 8.576404 -11.96454 12.23533 7.739177 -13.015 12.99591 8.108671 -12.85942 13.46017 7.972388 -12.72124 12.53673 8.348728 -13.23966 13.04297 8.425183 -12.88813 12.57169 9.074902 -12.88918 12.88702 8.958437 -12.52565 13.36718 8.680176 -12.70689 12.48392 9.22897 -12.25633 12.88702 8.79462 -12.23678 12.48392 8.913092 -12.61566 12.32215 8.676492 -11.42249 12.51436 8.199775 -12.44682 12.02441 8.785157 -12.18409 12.17909 7.584919 -11.91243 12.22592 8.371705 -12.85865 12.17909 8.415118 -12.76388 12.11747 9.34123 -12.12535 12.61862 8.223768 -11.99618 12.11747 8.73253 -12.32445 12.11747 8.154336 -11.35952 12.61862 7.954188 -12.46648 12.11747 8.21479 -11.99904 12.11747 7.378404 -12.75129 12.61862 8.503206 -12.73579 12.11747 7.787477 -13.16305 11.99552 6.510359 -13.0911 12.14636 7.142869 -13.56247 11.6286 5.819634 -13.3615 11.4103 6.635563 -13.90814 11.05168 5.373178 -13.53627 10.48179 6.318665 -14.17927 10.31972 5.214276 -13.59847 9.450836 6.227129 -14.36217 9.502508 5.630856 -12.42227 10.31972 5.439472 -12.35011 9.502508 6.047603 -12.4062 11.05168 6.654754 -12.3156 11.6286 7.399211 -12.17124 11.99552 7.671867 -11.68218 11.99551 7.987005 -10.44247 12.14636 7.403253 -10.97303 11.6286 7.853857 -9.712755 11.4103 7.161113 -10.40893 11.05168 7.767798 -9.241098 10.48179 6.955667 -10.04598 10.31972 7.737166 -9.073225 9.450834 6.793671 -9.921118 9.502508 8.811857 -9.707297 10.31972 8.919317 -9.533264 9.502506 8.747832 -10.11941 11.05168 8.720518 -10.73268 11.6286 8.719668 -11.491 11.99552 8.988466 -11.66443 11.99552 10.24574 -11.89991 12.14636 9.679056 -11.35116 11.6286 10.96549 -11.7205 11.4103 10.22657 -11.07355 11.05168 11.4307 -11.60456 10.48179 10.57568 -10.84539 10.31972 11.59628 -11.56328 9.450834 10.68996 -10.67576 9.502506 11.03201 -12.67621 10.31972 11.21253 -12.77236 9.502506 10.61665 -12.63859 11.05168 10.00289 -12.65042 11.6286 9.246062 -12.69792 11.99552 7.69642 -12.60539 11.74372 7.01242 -11.56152 11.42523 7.163122 -12.43915 11.11314 6.677617 -11.35632 10.45683 6.815803 -12.3869 10.34742 6.612967 -11.31669 9.414597 6.68074 -12.46476 9.519539 6.824738 -11.44649 8.399556 6.76399 -12.67641 8.708399 7.666748 -10.85605 9.519539 7.893135 -10.83418 8.708399 7.658676 -11.01174 10.34742 7.862851 -11.29752 11.11314 8.253012 -11.69729 11.74372 8.342066 -11.65732 11.76726 9.089754 -10.62916 11.97414 8.545584 -10.9911 11.29354 9.539351 -10.07189 11.21301 8.779152 -10.50884 10.64349 9.981695 -9.804715 10.30475 9.008747 -10.25373 9.874153 10.37392 -9.853523 9.337395 9.200736 -10.2473 9.053915 10.70988 -10.65637 10.58421 11.14881 -10.70838 9.86705 10.23332 -10.85303 11.25047 9.752802 -11.27683 11.79744 9.30234 -11.88461 12.16808 9.77663 -12.30346 13.0476 9.739893 -12.71589 13.58877 10.31044 -12.34722 12.92696 10.49253 -12.89912 13.39179 11.03194 -13.03044 12.8245 10.70654 -12.35745 12.55418 11.22597 -13.07767 12.02589 10.87431 -12.31209 12.01906 10.43362 -13.47855 12.55418 10.56175 -13.59595 12.01906 10.07712 -13.30557 12.92696 9.582949 -13.09906 13.0476 8.233929 -13.7413 13.29422 7.822874 -13.56212 13.8073 8.12734 -14.27914 13.26635 7.552252 -14.31095 13.73761 7.363115 -14.92243 13.26819 8.073516 -14.73057 12.96753 7.301804 -15.24674 12.51405 8.104305 -14.99379 12.47123 6.993692 -14.33257 12.88417 6.867728 -14.53802 12.37577 7.204279 -13.93892 13.19509 7.467623 -13.45885 13.23506 9.791272 -12.49332 11.58405 9.691108 -13.44656 11.71693 9.988603 -13.39047 10.88811 10.15514 -12.37759 11.07458 10.04641 -12.89073 10.12191 10.33624 -11.97734 10.60251 9.943428 -12.0903 9.50593 10.37939 -11.37382 10.2299 9.024271 -12.70271 9.10986 9.077178 -13.26281 9.816528 9.033455 -13.56377 10.57982 8.840762 -13.52762 11.311 6.779115 -12.41866 11.99062 6.606603 -11.69953 12.50026 6.161292 -11.56092 11.82703 6.37845 -12.46567 11.5588 6.068219 -11.69062 10.9914 6.227335 -12.67248 11.01785 6.240207 -12.04139 10.13387 6.279375 -13.01666 10.45764 6.722033 -11.0757 9.987754 6.688606 -10.92151 10.81115 6.829725 -10.94801 11.56014 7.190222 -11.16271 12.12373 9.294052 -11.2336 12.40277 9.789703 -11.3188 12.90399 10.20624 -11.07263 12.24815 9.522933 -10.96729 12.03535 10.28891 -10.9961 11.38859 9.548498 -10.82759 11.52786 9.4313 -10.76602 11.02317 10.18117 -10.98298 10.56022 10.5614 -11.64718 11.2947 10.6547 -11.62308 10.60153 10.32341 -11.72644 11.96854 9.896872 -11.90184 12.4542 8.218863 -13.88671 11.24002 9.168776 -14.15742 11.53158 9.345198 -14.53668 10.4151 8.025838 -14.33773 10.51292 9.308895 -14.45864 9.225948 7.588178 -14.5115 9.762634 9.066496 -13.93756 8.181343 6.950808 -14.39528 9.142661 10.45781 -13.1766 9.762634 10.77952 -12.61423 9.142661 10.04296 -13.3994 10.51292 9.573652 -13.25649 11.24002 8.69627 -13.59338 12.62809 8.285788 -13.89255 13.09615 8.251301 -14.35753 12.46302 8.760966 -13.86105 12.29208 8.23443 -14.26937 11.63415 8.834767 -13.83382 11.84015 8.243458 -13.67134 11.01611 8.922437 -13.52648 11.48935 7.602572 -13.47291 11.52191 7.682219 -13.78704 11.86857 7.775732 -13.82105 12.31639 7.878351 -13.56018 12.64827 9.602647 -13.55744 11.95709 9.187927 -14.19859 12.41893 9.502069 -14.87391 11.68971 10.11876 -13.92273 11.48738 9.672567 -15.24043 10.72894 10.61655 -14.01601 10.87464 9.672802 -15.24094 9.686581 11.04818 -13.80572 10.22907 8.127944 -15.17366 10.87465 7.689049 -15.36832 10.22907 8.377284 -14.73283 11.48738 8.43037 -14.10276 11.95709 8.277548 -12.39933 12.02843 8.287535 -12.38135 12.7813 8.250097 -12.36982 12.02843 8.268738 -12.36115 12.7813 8.245218 -12.32982 12.02843 8.265402 -12.33377 12.7813 8.26479 -12.2946 12.02843 8.278797 -12.30965 12.7813 8.257452 -12.28672 11.27556 8.244389 -12.27268 10.52269 8.234655 -12.32776 11.27556 8.215831 -12.32408 10.52269 8.240328 -12.37437 11.27556 8.222946 -12.38245 10.52269 8.272319 -12.40873 11.27556 8.263009 -12.4255 10.52269 8.318398 -12.41774 11.27556 8.320721 -12.43677 10.52269 8.360973 -12.39793 11.27556 8.374034 -12.41197 10.52269 8.383769 -12.35689 11.27556 8.402593 -12.36057 10.52269 8.413849 -12.36277 9.769824 8.381851 -12.42037 9.769824 8.375606 -12.41366 9.016958 8.320997 -12.43906 9.016958 8.322109 -12.44816 9.769824 8.261889 -12.42751 9.016958 8.257438 -12.43553 9.769824 8.22085 -12.38343 9.016958 8.21254 -12.38729 9.769824 8.213569 -12.32364 9.016958 8.204572 -12.32188 9.769824 8.242816 -12.271 9.016958 8.236574 -12.26428 9.769824 8.233184 -12.26064 8.264088 8.222607 -12.24929 7.511221 8.199687 -12.32093 8.264088 8.184456 -12.31795 7.511221 8.208034 -12.38939 8.264088 8.193963 -12.39594 7.511221 8.255021 -12.43988 8.264088 8.247486 -12.45344 7.511221 8.32271 -12.4531 8.264088 8.324583 -12.4685 7.511221 8.385239 -12.42401 8.264088 8.395813 -12.43536 7.511221 8.418735 -12.36372 8.264088 8.404853 -12.36101 9.016958 8.433966 -12.3667 7.511221 8.439208 -12.36772 6.758352 8.399456 -12.43928 6.758352 8.402038 -12.44205 6.005485 8.325688 -12.47757 6.005485 8.325232 -12.47381 6.758352 8.243044 -12.46143 6.005485 8.244889 -12.45811 6.758352 8.18568 -12.39979 6.005485 8.189114 -12.39819 6.758352 8.175495 -12.31621 6.005485 8.179216 -12.31693 6.758352 8.216383 -12.2426 6.005485 8.218968 -12.24537 6.758352 8.198288 -12.22316 5.252616 8.175949 -12.19915 4.499748 8.14943 -12.31111 5.252616 8.117243 -12.30482 4.499748 8.1616 -12.41099 5.252616 8.131865 -12.42482 4.499748 8.230154 -12.48464 5.252616 8.214225 -12.51331 4.499748 8.3289 -12.50393 5.252616 8.332867 -12.53648 4.499748 8.420132 -12.46149 5.252616 8.442476 -12.4855 4.499748 8.468994 -12.37354 5.252616 8.44293 -12.36844 6.005485 8.501179 -12.37983 4.499748 8.450324 -12.49394 4.004286 8.334265 -12.54792 4.004286 8.545286 -12.38844 3.490868 8.473097 -12.51839 3.490868 8.338301 -12.5811 3.490868 8.192402 -12.55259 3.490868 8.208628 -12.52338 4.004286 8.12142 -12.42968 4.004286 8.105936 -12.30262 4.004286 8.091117 -12.44378 3.490868 8.073139 -12.29621 3.490868 8.145324 -12.16626 3.490868 8.1681 -12.19072 4.004286 8.284157 -12.13673 4.004286 7.970153 -13.0202 7.141498 7.591889 -12.03012 7.141581 9.061174 -12.60459 7.141489 8.707211 -11.61053 7.14156 7.970153 -13.0202 7.141498 7.591889 -12.03012 7.141581 9.061174 -12.60459 7.141489 8.707211 -11.61053 7.14156 8.59722 -13.06252 7.812263 7.616733 -12.66005 7.812346 9.041608 -11.9829 7.812255 8.074865 -11.56 7.812325 9.02861 -12.69365 6.441052 8.030741 -13.05086 6.441137 8.636206 -11.59407 6.441045 7.634874 -11.9269 6.441114 9.114008 -12.1892 5.637559 8.54299 -13.0821 5.637643 8.131052 -11.55923 5.637551 7.542381 -12.43496 5.637621 -10.05981 -12.43249 1.488276 -10.06806 -12.43448 1.983707 -9.947647 -12.6153 1.488276 -10.05094 -12.21543 1.983707 -10.0431 -12.21867 1.488276 -9.908329 -12.04828 1.983707 -9.903903 -12.0555 1.488276 -9.69472 -11.99687 1.983707 -9.695379 -12.00532 1.488276 -9.49168 -12.08083 1.983707 -9.497183 -12.08729 1.488276 -9.376774 -12.26811 1.983707 -9.38502 -12.27009 1.488276 -9.39389 -12.48716 1.983707 -9.401731 -12.48392 1.488276 -9.536498 -12.65431 1.983707 -9.540928 -12.64708 1.488276 -9.750109 -12.70573 1.983707 -9.749454 -12.69727 1.488276 -9.95315 -12.62175 1.983707 -9.94139 -12.60797 2.497633 -9.748704 -12.68765 2.497633 -9.913087 -12.57479 2.994012 -9.7453 -12.64419 2.994012 -9.545969 -12.63886 2.497633 -9.568778 -12.6017 2.994012 -9.41064 -12.48023 2.497633 -9.450932 -12.46357 2.994012 -9.394395 -12.27235 2.497633 -9.436781 -12.28255 2.994012 -9.50344 -12.09462 2.497633 -9.531744 -12.12779 2.994012 -9.69613 -12.01493 2.497633 -9.699526 -12.0584 2.994012 -9.898859 -12.06372 2.497633 -9.876057 -12.10088 2.994012 -10.03419 -12.22235 2.497633 -9.993898 -12.23902 2.994012 -10.05044 -12.43023 2.497633 -10.00805 -12.42003 2.994012 -9.956274 -12.40757 3.490867 -9.944693 -12.25937 3.490867 -9.848215 -12.14627 3.490867 -9.913811 -12.27214 4.004285 -9.923783 -12.39975 4.004285 -9.912585 -12.39706 4.499747 -9.856842 -12.50886 4.004285 -9.903165 -12.27654 4.499747 -9.824706 -12.18458 4.499747 -9.807557 -12.21253 5.252616 -9.872859 -12.28907 5.252616 -9.880696 -12.38938 5.252616 -9.793668 -12.23517 6.005483 -9.84832 -12.29923 6.005483 -9.854877 -12.38317 6.005483 -9.791687 -12.23839 6.758351 -9.844816 -12.30067 6.758351 -9.851196 -12.38229 6.758351 -9.78889 -12.24295 7.511219 -9.839879 -12.30271 7.511219 -9.845996 -12.38103 7.511219 -9.780775 -12.25618 8.264088 -9.82554 -12.30864 8.264088 -9.830904 -12.3774 8.264088 -9.773382 -12.26823 9.016958 -9.812468 -12.31405 9.016958 -9.817163 -12.3741 9.016958 -9.77817 -12.26042 9.769824 -9.82094 -12.31054 9.769824 -9.826075 -12.37624 9.769824 -9.772173 -12.27019 10.52269 -9.810339 -12.31493 10.52269 -9.814917 -12.37355 10.52269 -9.762145 -12.28654 11.27556 -9.792618 -12.32226 11.27556 -9.79628 -12.36907 11.27556 -9.756512 -12.29572 12.02842 -9.78267 -12.32637 12.02842 -9.785803 -12.36655 12.02842 -9.745763 -12.31324 12.78129 -9.763666 -12.33423 12.78129 -9.765816 -12.36174 12.78129 -9.764736 -12.4009 12.02842 -9.751388 -12.38525 12.78129 -9.727497 -12.4163 12.02842 -9.725896 -12.3958 12.78129 -9.688321 -12.40687 12.02842 -9.699069 -12.38934 12.78129 -9.095484 -13.159 12.19516 -9.482057 -13.409 12.80277 -9.403127 -12.4424 12.15044 -9.940045 -13.36225 12.19516 -9.992113 -12.58415 12.15044 -8.974115 -12.76517 12.70308 -9.258614 -12.95375 13.22298 -9.288254 -12.52007 12.45339 -9.467 -13.19067 12.68703 -9.654392 -12.83613 12.44147 -10.04869 -13.18702 11.79344 -9.463931 -13.48432 12.37145 -10.09138 -12.35955 12.05575 -9.078451 -12.95352 11.79344 -9.416914 -12.19723 12.05575 -10.62919 -12.86636 12.60635 -10.67476 -12.38535 13.11562 -10.01248 -12.79555 12.38061 -10.62769 -12.16344 12.50231 -10.02301 -12.27751 12.28646 -9.802769 -11.34119 12.39709 -9.189772 -11.53116 12.84896 -10.0859 -12.01753 12.33255 -8.918208 -11.90029 12.21817 -9.428128 -12.42704 12.18081 -9.345955 -13.10687 11.87616 -9.918882 -13.41404 12.417 -9.331966 -12.36407 12.15353 -10.46586 -12.91976 12.01431 -10.16665 -12.2218 12.23533 -8.85762 -12.5232 12.99591 -9.243678 -12.63131 13.46017 -9.222967 -12.43835 12.53673 -9.195009 -13.07835 13.04297 -9.473591 -12.85073 12.57168 -9.981567 -13.25583 12.88702 -10.11659 -12.89877 13.36718 -9.785986 -12.86751 12.48392 -10.49595 -12.85627 12.88702 -10.16808 -12.5707 12.48392 -10.02508 -12.94102 12.32215 -10.58227 -11.85974 12.51436 -9.571722 -12.36501 12.02441 -10.19346 -12.52356 12.17909 -9.422904 -11.56408 12.22592 -9.450068 -12.79438 12.17909 -9.543024 -12.7472 12.11746 -10.66533 -12.82358 12.61862 -9.870904 -12.02715 12.11746 -10.06493 -12.6007 12.11746 -10.21269 -11.48555 12.61862 -9.367238 -12.22758 12.11746 -9.862095 -12.0238 12.11746 -8.739275 -12.09228 12.61862 -9.629457 -12.78002 12.11746 -8.803308 -12.66916 11.99552 -7.848295 -11.81818 12.14636 -8.050155 -12.58075 11.6286 -7.139321 -11.60008 11.4103 -7.437933 -12.5357 11.05167 -6.681069 -11.4591 10.48179 -7.021149 -12.55077 10.31972 -6.517972 -11.40893 9.450834 -6.835683 -12.637 9.502506 -7.575946 -10.74734 10.31972 -7.471019 -10.57178 9.502506 -7.91219 -10.99408 11.05167 -8.443869 -11.30093 11.6286 -9.116481 -11.65114 11.99552 -9.634229 -11.43794 11.99551 -10.65231 -10.66353 12.14636 -9.8652 -10.71564 11.6286 -11.00212 -10.00942 11.4103 -10.02663 -10.12338 11.05167 -11.22822 -9.586645 10.48179 -10.09163 -9.71142 10.31972 -11.3087 -9.436167 9.450834 -10.04251 -9.51287 9.502506 -11.75547 -10.60124 10.31972 -11.94789 -10.53186 9.502506 -11.44893 -10.88402 11.05167 -11.04596 -11.34712 11.6286 -10.57345 -11.94023 11.99552 -10.67596 -12.24326 11.99552 -11.5137 -13.2099 12.14636 -11.4115 -12.42771 11.6286 -12.18877 -13.5173 11.4103 -12.01286 -12.55107 11.05167 -12.6251 -13.71599 10.48179 -12.42813 -12.58968 10.31972 -12.78041 -13.78671 9.450834 -12.62314 -12.52799 9.502506 -11.64619 -14.30685 10.31972 -11.72768 -14.49445 9.502506 -11.34444 -14.01896 11.05167 -10.85659 -13.64633 11.6286 -10.23456 -13.21259 11.99552 -9.079016 -12.17594 11.74372 -9.193062 -10.93316 11.42523 -8.764966 -11.71397 11.11314 -9.05865 -10.56419 10.45683 -8.525577 -11.45696 10.34742 -9.032696 -10.49295 9.414595 -8.371399 -11.43387 9.519537 -9.117714 -10.72632 8.399555 -8.304876 -11.65136 8.708397 -10.14425 -10.78802 9.519537 -10.33509 -10.91176 8.708399 -10.04107 -10.90488 10.34742 -10.02308 -11.25564 11.11314 -10.07977 -11.81136 11.74372 -10.17436 -11.83549 11.76726 -11.39943 -11.49582 11.97414 -10.74822 -11.44057 11.29354 -12.09813 -11.33932 11.21301 -11.23114 -11.20837 10.64349 -12.61066 -11.4054 10.30475 -11.56961 -11.15152 9.874153 -12.88734 -11.68766 9.337395 -11.72391 -11.26594 9.053915 -12.65079 -12.5252 10.58421 -12.96205 -12.83903 9.86705 -12.15536 -12.38263 11.25047 -11.51549 -12.41541 11.79744 -10.78468 -12.61092 12.16808 -10.89535 -13.23393 13.0476 -10.60997 -13.53394 13.58877 -11.28602 -13.60033 12.92696 -11.08516 -14.14568 13.39179 -11.42572 -14.58412 12.8245 -11.58974 -13.8548 12.55418 -11.54823 -14.74182 12.02588 -11.74929 -13.92368 12.01906 -10.6785 -14.56263 12.55418 -10.70577 -14.73426 12.01906 -10.50706 -14.20539 12.92696 -10.24869 -13.73624 13.0476 -8.793014 -13.39962 13.29422 -8.58271 -13.00359 13.80729 -8.374914 -13.75435 13.26635 -7.904915 -13.42142 13.73761 -7.376378 -13.78243 13.26819 -8.05189 -14.07426 12.96753 -7.126589 -13.99816 12.51405 -7.91221 -14.29947 12.47123 -7.454199 -13.0908 12.88417 -7.227756 -13.17325 12.37577 -7.863994 -12.91366 13.19509 -8.36886 -12.7017 13.23506 -10.78868 -13.39167 11.58405 -10.11715 -14.07558 11.71693 -10.38493 -14.21678 10.88811 -11.14554 -13.52748 11.07458 -10.74114 -13.86153 10.12191 -11.53636 -13.32683 10.60251 -11.15856 -13.17084 9.50593 -11.94566 -12.88121 10.2299 -10.05795 -13.07834 9.10986 -9.750867 -13.54973 9.816528 -9.52937 -13.75813 10.57982 -9.401021 -13.60993 11.311 -8.477094 -11.45899 11.99062 -8.789506 -10.78868 12.50025 -8.527139 -10.4031 11.82703 -8.134189 -11.24649 11.5588 -8.373578 -10.44672 10.99139 -7.887205 -11.31437 11.01784 -8.289958 -10.82834 10.13387 -7.713793 -11.61618 10.45764 -9.268028 -10.37215 9.987753 -9.3378 -10.23065 10.81115 -9.43178 -10.3392 11.56013 -9.580406 -10.73158 12.12373 -11.18326 -12.09612 12.40277 -11.51826 -12.47123 12.90399 -11.99752 -12.53769 12.24815 -11.52814 -12.03006 12.03535 -12.10985 -12.52922 11.38859 -11.63508 -11.93661 11.52786 -11.58164 -11.81548 11.02317 -12.03367 -12.45192 10.56022 -11.91806 -13.20846 11.2947 -12.0061 -13.24765 10.60153 -11.68243 -13.12243 11.96853 -11.23938 -12.99434 12.4542 -8.690738 -13.50408 11.24002 -9.265924 -14.30707 11.53158 -9.168054 -14.71374 10.4151 -8.258996 -13.73706 10.51292 -9.188194 -14.63006 9.225945 -7.808258 -13.60077 9.762633 -9.322665 -14.07131 8.181343 -7.381611 -13.1132 9.14266 -10.88533 -14.3413 9.762633 -11.48709 -14.10124 9.142661 -10.42193 -14.2576 10.51292 -10.14346 -13.8537 11.24002 -9.246988 -13.57151 12.62809 -8.739497 -13.5503 13.09615 -8.423181 -13.89284 12.46302 -9.131085 -13.8213 12.29208 -8.464823 -13.81334 11.63415 -9.205801 -13.84591 11.84015 -8.844001 -13.35079 11.01611 -9.465666 -13.65986 11.48935 -8.46576 -12.79667 11.52191 -8.332648 -13.09215 11.86857 -8.384693 -13.17696 12.31639 -8.627346 -13.03659 12.64827 -9.978899 -14.10734 11.95709 -9.255301 -14.35121 12.41893 -9.08103 -15.07534 11.68971 -10.15564 -14.71444 11.48738 -8.986449 -15.46835 10.72894 -10.4873 -15.0972 10.87464 -8.986316 -15.4689 9.686581 -10.95604 -15.20114 10.22907 -7.818798 -14.45499 10.87464 -7.354091 -14.33429 10.22907 -8.288285 -14.26503 11.48738 -8.721883 -13.80482 11.95709 -9.662161 -12.37621 12.02842 -9.681167 -12.36835 12.78129 -9.659029 -12.33604 12.02842 -9.679017 -12.34085 12.78129 -9.680097 -12.30169 12.02842 -9.693448 -12.31733 12.78129 -9.717339 -12.28629 12.02842 -9.718938 -12.30679 12.78129 -9.716499 -12.27555 11.27556 -9.715007 -12.25644 10.52269 -9.67311 -12.2935 11.27556 -9.660665 -12.27891 10.52269 -9.648551 -12.33352 11.27556 -9.629916 -12.32903 10.52269 -9.652216 -12.38032 11.27556 -9.634495 -12.38766 10.52269 -9.682683 -12.41604 11.27556 -9.672658 -12.43239 10.52269 -9.728335 -12.42703 11.27556 -9.729827 -12.44615 10.52269 -9.771718 -12.40908 11.27556 -9.784171 -12.42368 10.52269 -9.791611 -12.43241 9.769824 -9.73072 -12.45759 9.769824 -9.73001 -12.44845 9.016958 -9.671451 -12.43435 9.016958 -9.66666 -12.44217 9.769824 -9.632365 -12.38854 9.016958 -9.623892 -12.39204 9.769824 -9.627666 -12.32849 9.016958 -9.618758 -12.32635 9.769824 -9.65917 -12.27716 9.016958 -9.653223 -12.27018 9.769824 -9.714824 -12.25414 9.016958 -9.714113 -12.245 9.769824 -9.713724 -12.24004 8.264088 -9.712511 -12.22457 7.511219 -9.649989 -12.2664 8.264088 -9.639918 -12.25459 7.511219 -9.613924 -12.32518 8.264088 -9.598834 -12.32155 7.511219 -9.619293 -12.39394 8.264088 -9.604952 -12.39987 7.511219 -9.664061 -12.44641 8.264088 -9.655941 -12.45963 7.511219 -9.731109 -12.46254 8.264088 -9.732322 -12.47801 7.511219 -9.794841 -12.43619 8.264088 -9.785663 -12.42543 9.016958 -9.804919 -12.448 7.511219 -9.808385 -12.45206 6.758351 -9.732734 -12.48335 6.758351 -9.733033 -12.48712 6.005483 -9.651165 -12.46742 6.005483 -9.653146 -12.46419 6.758351 -9.596512 -12.40336 6.005483 -9.600017 -12.40191 6.758351 -9.589956 -12.31941 6.005483 -9.593637 -12.3203 6.758351 -9.633986 -12.24764 6.005483 -9.636446 -12.25053 6.758351 -9.711797 -12.21546 6.005483 -9.712099 -12.21924 6.758351 -9.70973 -12.18899 5.252616 -9.707175 -12.15629 4.499747 -9.616758 -12.22744 5.252616 -9.595472 -12.20249 4.499747 -9.564134 -12.3132 5.252616 -9.532252 -12.30553 4.499747 -9.571973 -12.41351 5.252616 -9.541666 -12.42605 4.499747 -9.637273 -12.49006 5.252616 -9.620127 -12.51801 4.499747 -9.7351 -12.5136 5.252616 -9.737655 -12.54629 4.499747 -9.828076 -12.47515 5.252616 -9.810847 -12.45494 6.005483 -9.849362 -12.5001 4.499747 -9.738552 -12.55778 4.004285 -9.614106 -12.52783 4.004285 -9.878533 -12.53428 3.490867 -9.741157 -12.5911 3.490867 -9.596618 -12.55632 3.490867 -9.500143 -12.44322 3.490867 -9.531019 -12.43045 4.004285 -9.52105 -12.30283 4.004285 -9.587989 -12.19373 4.004285 -9.488557 -12.29501 3.490867 -9.5663 -12.1683 3.490867 -9.703673 -12.11149 3.490867 -9.706284 -12.1448 4.004285 -9.83073 -12.17475 4.004285 -9.035201 -12.67099 7.141497 -9.355126 -11.66056 7.141581 -10.1479 -13.02449 7.141489 -10.48933 -12.02606 7.141558 -9.035201 -12.67099 7.141497 -9.355126 -11.66056 7.141581 -10.1479 -13.02449 7.141489 -10.48933 -12.02606 7.141558 -9.499765 -13.09429 7.812262 -8.982621 -12.16915 7.812346 -10.51941 -12.52563 7.812255 -10.02574 -11.59304 7.812324 -10.06699 -13.07395 6.441051 -9.063555 -12.73269 6.441135 -10.44398 -11.96899 6.441044 -9.453006 -11.60649 6.441114 -10.44772 -12.73218 5.637558 -9.445127 -13.07588 5.637642 -10.0702 -11.6274 5.63755 -9.064469 -11.94668 5.63762</float_array>
          <technique_common>
            <accessor source="#palm_straightMesh_007-mesh-positions-array" count="842" stride="3">
              <param name="X" type="float"/>
              <param name="Y" type="float"/>
              <param name="Z" type="float"/>
            </accessor>
          </technique_common>
        </source>
        <source id="palm_straightMesh_007-mesh-normals">
          <float_array id="palm_straightMesh_007-mesh-normals-array" count="4830">0.7319003 0.6812173 -0.01627928 0.7319648 0.6812884 0.008575499 0.731965 0.6812884 0.008574426 0.9926217 0.120949 0.008578598 0.9925268 0.120936 -0.01627993 0.9925271 0.1209334 -0.01628047 0.7319016 0.681216 -0.01627814 0.1916943 0.9814171 0.008581459 0.1916898 0.9813209 -0.01626676 0.1916952 0.9813198 -0.01626509 0.1916922 0.9814176 0.008580088 -0.4217711 0.9066618 0.00858426 -0.4217434 0.9065692 -0.01627206 -0.4217483 0.9065669 -0.01627367 -0.4217689 0.9066627 0.008585333 -0.874126 0.4856235 0.008579969 -0.874046 0.4855706 -0.0162732 -0.8740473 0.4855683 -0.01627475 -0.874125 0.4856256 0.008580446 -0.9926215 -0.1209505 0.008577287 -0.9925265 -0.1209381 -0.01628482 -0.9925266 -0.1209372 -0.01628488 -0.9926216 -0.1209505 0.008577287 -0.731959 -0.6812948 0.00857526 -0.7319001 -0.6812176 -0.01627606 -0.7319061 -0.6812112 -0.01627153 -0.7319563 -0.6812978 0.008573591 -0.1917018 -0.9814158 0.008580088 -0.1916927 -0.9813204 -0.01626038 -0.1916986 -0.9813193 -0.01625645 -0.1916947 -0.9814172 0.008580088 0.4217295 -0.9066812 0.008577108 0.4217023 -0.9065883 -0.01627552 0.4217102 -0.9065846 -0.01627838 0.4217198 -0.9066857 0.008575975 0.8741356 -0.4856063 0.008580446 0.8740563 -0.4855518 -0.01628375 0.8740586 -0.4855474 -0.0162875 0.874134 -0.4856092 0.008581578 0.9926217 0.1209491 0.008578598 0.9909819 0.1207449 0.05809932 0.8726927 -0.4848003 0.05810606 0.8726931 -0.4847992 0.05810755 0.8704477 -0.4835578 0.09215587 0.8704481 -0.4835571 0.09215515 0.4199829 -0.9028404 0.0921604 0.4210622 -0.9051687 0.05810761 0.4210688 -0.9051653 0.0581119 0.4199847 -0.9028398 0.09215778 -0.1909056 -0.9772732 0.09215378 -0.1914062 -0.9797897 0.05810123 -0.1914129 -0.9797885 0.05810046 -0.1909089 -0.9772725 0.09215384 -0.7288432 -0.6784504 0.09215605 -0.7307459 -0.6801724 0.05810296 -0.7307495 -0.6801684 0.05810481 -0.7288389 -0.6784553 0.09215331 -0.9884374 -0.1204091 0.09215903 -0.9909815 -0.1207479 0.05810064 -0.9909811 -0.1207513 0.05809986 -0.9884374 -0.1204084 0.09215945 -0.8704542 0.4835463 0.09215492 -0.8726836 0.4848174 0.05810052 -0.8726817 0.4848204 0.05810248 -0.8704576 0.4835408 0.09215241 -0.419978 0.9028437 0.09215152 -0.4210683 0.9051664 0.05809783 -0.421069 0.905166 0.05809837 -0.4199805 0.9028427 0.09215003 0.1908999 0.9772742 0.0921539 0.1913732 0.9797963 0.05809998 0.1913697 0.979797 0.0581001 0.1909089 0.9772723 0.09215617 0.7288443 0.6784494 0.09215432 0.7307432 0.6801753 0.05810344 0.7307448 0.6801732 0.05810636 0.7288424 0.6784518 0.09215211 0.9884369 0.1204116 0.09216123 0.9909815 0.1207491 0.05809867 0.9884368 0.1204122 0.09216117 0.9893191 0.1205551 0.08194077 0.7295064 0.6790472 0.08194804 0.729504 0.6790495 0.08194965 0.1911248 0.9781395 0.08194172 0.1911374 0.9781372 0.08194088 0.1915438 0.9805791 0.04213649 0.7313546 0.6806952 0.04212594 0.7313599 0.6806896 0.04212456 0.7316247 0.6809708 0.03168863 0.7316229 0.6809728 0.03168797 0.9921598 0.120892 0.03169023 0.9917734 0.1208752 0.04212868 0.9917727 0.1208809 0.04212874 0.1915842 0.9809647 0.03168386 0.1915837 0.9809648 0.03168314 0.1915929 0.9807581 0.03749233 0.7314537 0.6808598 0.03749114 0.1915977 0.9807572 0.0374934 0.1917551 0.9812547 0.01921826 0.7314537 0.6808598 0.0374909 0.7318329 0.6812133 0.01921337 0.1917573 0.9812542 0.01921844 0.1917786 0.9814213 0.005767345 0.7318344 0.6812117 0.01921343 0.7319824 0.6812991 0.005768418 0.1917758 0.9814218 0.005767166 0.191704 0.9813646 0.01315635 0.731983 0.6812986 0.005768716 0.7319207 0.681263 0.01315337 0.1917005 0.9813653 0.01315611 0.1916529 0.9812841 0.01873224 0.7319225 0.681261 0.01315379 0.7319322 0.6811198 0.01874154 0.1916542 0.9812837 0.01873213 0.1793354 0.9837795 -0.004110157 0.7319317 0.6811203 0.0187416 0.7405343 0.6720063 -0.004078567 0.1922256 0.981284 -0.01145142 0.1787989 0.9838844 0.001611053 0.7327144 0.6804406 -0.0114184 0.7229951 0.6908512 0.001634716 0.2043497 0.9788976 -8.3943e-4 0.1869173 0.9821678 0.02020978 0.7407386 0.6717929 -8.4756e-4 0.7286334 0.6846065 0.02018314 0.1963708 0.9803406 0.01926285 0.189763 0.9815427 0.02374941 0.7352054 0.6775682 0.01934874 0.7286266 0.6847149 0.01639604 0.1964477 0.9802798 0.02144819 0.1855024 0.9824445 0.01978933 0.733938 0.6790573 0.01470458 0.7276784 0.6856296 0.01990747 0.197543 0.9801157 0.01870775 0.1916804 0.9811137 0.02597337 0.7360548 0.6766631 0.01871979 0.7317801 0.6810458 0.025972 0.1916863 0.9811126 0.02597361 0.7317785 0.6810476 0.02597206 0.9923217 0.1209269 0.02597045 0.9931917 0.1149866 0.01866567 0.9916857 0.1271486 0.01981812 0.992322 0.1209248 0.02597057 0.8739737 -0.4852797 0.02595669 0.8709201 -0.4910691 0.01869416 0.8768577 -0.4803395 0.01986545 0.8739809 -0.4852667 0.02595603 0.4216337 -0.9063944 0.02596712 0.416292 -0.909038 0.01873707 0.4274094 -0.9038403 0.01985383 0.4216283 -0.9063969 0.02596735 -0.7775471 -0.2967507 0.5544002 -0.824589 -0.2767068 0.4934434 -0.890738 -0.219076 0.3982356 -0.6806982 -0.3851 0.6231757 0.7278722 0.4035304 0.5544054 0.7428517 0.4524006 0.4934625 0.7330559 0.272549 0.6231743 0.7428395 0.4524679 0.493419 0.7278814 0.4035511 0.5543783 0.7413774 0.5401633 0.3982251 -0.8402608 0.2438754 0.4842382 -0.8400861 0.3557818 0.4094811 -0.8797937 0.3886246 0.2737411 -0.8082942 0.1569277 0.5674807 0.88006 0.1740219 0.4418267 0.8852657 0.2857292 0.3669654 0.8452994 0.08979499 0.5266933 0.8852836 0.2857421 0.3669123 0.8800807 0.1740887 0.4417592 0.9207867 0.3155274 0.2293344 0.8194839 0.2846044 0.4974398 0.8144116 0.2149987 0.5389892 0.8042386 0.4050108 0.4349331 0.8144185 0.2149191 0.5390107 0.8194864 0.2845618 0.4974604 0.8290438 0.06085675 0.5558624 -0.7455646 -0.4434641 0.4974667 -0.689054 -0.4844405 0.5390011 -0.5806158 -0.5948926 0.5558669 -0.8278633 -0.3542162 0.4349407 0.378995 -0.622815 0.6844446 0.2524105 -0.7398317 0.623649 0.2509553 -0.7886629 0.5612773 0.4027123 -0.6034338 0.6882519 -0.6751788 0.6721549 0.3038774 -0.7361063 0.639477 0.2218483 -0.5776898 0.7139226 0.3957135 -0.7361415 0.6394692 0.2217543 -0.6752068 0.6721342 0.3038608 -0.7753068 0.6235327 0.1005305 0.1576165 0.6032833 0.7817969 0.3171134 0.5547592 0.7692083 0.3911675 0.580921 0.713806 0.09635198 0.5909933 0.8009015 -0.2445535 -0.8136034 0.5274875 -0.1765431 -0.8643496 0.4708847 -0.3492041 -0.7267442 0.5915229 -0.1765047 -0.864383 0.4708378 -0.2444826 -0.8136525 0.5274448 -0.1027419 -0.9271286 0.3603839 -0.315149 -0.8072767 0.4989845 -0.4401665 -0.7091305 0.5508062 -0.523546 -0.6806346 0.5124804 -0.2527691 -0.8261528 0.5035668 0.6139452 0.3442881 0.7103077 0.5680006 0.4346354 0.6989046 0.6786555 0.2087374 0.7041701 0.5679705 0.4347061 0.698885 0.613897 0.3443779 0.7103059 0.5163892 0.5618028 0.6463125 -0.6914913 0.6653549 0.2813232 -0.6850814 0.704671 0.1846686 -0.7125506 0.6966029 0.0837621 -0.6758512 0.6377162 0.3695178 0.9112229 0.07461982 0.4050983 0.9448665 0.1039124 0.3105312 0.8697119 0.06805491 0.4888453 0.9448834 0.103896 0.3104851 0.9112616 0.07461136 0.4050131 0.9739636 0.07499217 0.2139419 -0.5181483 -0.7551742 0.4015399 -0.5740764 -0.7565268 0.313215 -0.5803174 -0.7861037 0.2127737 -0.4777725 -0.7335688 0.4833325 -0.1130462 0.908824 0.4015714 -0.1620944 0.9357396 0.3132362 -0.08712458 0.8710907 0.4833327 -0.1620872 0.9357611 0.3131758 -0.113057 0.9088478 0.4015144 -0.1540454 0.9648804 0.2127813 0.5534397 -0.02437037 0.8325327 0.5698621 0.09893423 0.8157631 0.6245012 -0.001981139 0.7810213 -0.8720396 0.4402137 0.2139132 -0.9205886 0.3245118 0.217276 -0.9214832 0.3639295 0.1357359 0.2082409 0.8311679 0.5155537 0.1001153 0.87654 0.4708021 0.2148177 0.8739418 0.4359806 -0.7356417 -0.4870179 0.4707919 -0.6461322 -0.5627762 0.5155543 -0.6812579 -0.5880479 0.43599 0.2301598 -0.7851116 0.5750011 0.3463309 -0.7377919 0.5794119 0.2851041 -0.8125442 0.5084168 -0.04045444 0.8140315 0.5794102 -0.1652499 0.801288 0.5750043 -0.1296097 0.8512961 0.5084254 0.7981867 0.179646 0.5750005 0.7583711 0.2985977 0.5794072 0.8290632 0.2327269 0.5084217 -0.8149577 0.01151722 0.5794059 -0.8101956 -0.1138286 0.575001 -0.8578261 -0.07507652 0.508427 -0.3291416 0.7490248 0.5750024 -0.4382701 0.6871713 0.5794091 -0.3871517 0.7691668 0.508425 0.1447267 -0.8020864 0.5794063 0.2668456 -0.773414 0.5749993 0.2379271 -0.8275865 0.5084204 0.1625642 -0.7441105 0.6479758 -0.09359103 -0.8142636 0.5729012 -0.09251368 -0.7621619 0.6407421 -0.3171279 -0.8276312 0.4630944 -0.3301017 -0.7822878 0.52826 -0.4891471 -0.8295372 0.2694498 -0.5146155 -0.7912352 0.3303299 -0.5633409 -0.8071535 0.1764942 -0.5923917 -0.7695147 0.2385778 -0.9615956 0.2101696 0.1765293 -0.9150177 0.2315761 0.3303257 -0.9573733 0.1628278 0.2385865 -0.9150137 0.2315758 0.3303371 -0.961597 0.2101848 0.1765036 -0.9223175 0.2769937 0.2694531 -0.7734638 0.350274 0.5282631 -0.7947218 0.3923743 0.4630981 -0.5853592 0.4967952 0.6407411 -0.6215214 0.5343195 0.5728995 -0.3858157 0.6567137 0.6479765 -0.7614711 -0.01708596 0.6479737 -0.7812811 0.2477588 0.5729011 -0.7303483 0.2367256 0.6407436 -0.7516029 0.4697207 0.4630935 -0.7046135 0.4737731 0.5282603 -0.7205366 0.6389225 0.2694533 -0.6780661 0.6565864 0.3303346 -0.6843613 0.707459 0.1764976 -0.6418569 0.7287648 0.2385825 0.390388 0.9035673 0.1765313 0.4024814 0.8537523 0.3303271 0.3431137 0.9084871 0.2385884 0.4024803 0.8537489 0.3303374 0.3904041 0.9035658 0.1765043 0.4484572 0.8522216 0.2694525 0.4918842 0.6920917 0.5282604 0.5372767 0.7048947 0.4630955 0.5996807 0.4794114 0.6407401 0.6434335 0.507721 0.5728986 0.7184337 0.2529439 0.6479756 -0.06559228 0.7588288 0.6479788 0.1974523 0.7954798 0.5729088 0.1896904 0.7439522 0.6407439 0.4208513 0.780018 0.4630943 0.427892 0.733385 0.5282566 0.5916889 0.7598022 0.2694534 0.6120259 0.7185437 0.3303321 0.6623906 0.7280695 0.1765039 0.6863645 0.6870092 0.2385839 0.9266176 -0.3319943 0.1765212 0.8776763 -0.3472386 0.3303177 0.9285142 -0.2845025 0.2385786 0.8776682 -0.3472408 0.3303371 0.9266156 -0.3320093 0.1765034 0.8790765 -0.3932163 0.269454 0.7220392 -0.4467616 0.5282648 0.7377123 -0.4912451 0.4630969 0.5166691 -0.567898 0.6407378 0.5477086 -0.6097573 0.5728974 0.298226 -0.700845 0.6479796 -0.7042225 -0.4505816 0.5486775 -0.871442 -0.3151872 0.3758271 -0.853356 -0.2698302 0.4460666 -0.9655638 -0.1765241 0.1911172 -0.959383 -0.1252424 0.2527821 -0.9949395 -0.0870496 -0.0501784 -0.9995009 -0.03153049 0.001965522 -0.9865232 -0.0360378 -0.159604 -0.9939329 0.02203315 -0.1077597 -0.4156216 0.8954277 -0.1595867 -0.4255067 0.9049534 0.001945078 -0.4707101 0.8756819 -0.1077646 -0.4255084 0.9049524 0.001973152 -0.4156121 0.89543 -0.1595987 -0.373969 0.9260829 -0.05017608 -0.3237991 0.9117316 0.2527842 -0.2809056 0.9405142 0.1911161 -0.1468368 0.8828758 0.44606 -0.114626 0.9195739 0.3758255 0.08190739 0.8320074 0.5486848 -0.8625349 0.4081198 0.2991182 -0.739847 0.6389591 0.2106129 -0.7246679 0.62353 0.2933715 -0.5825343 0.8051342 0.1114133 -0.5632594 0.8042546 0.1895084 -0.4186879 0.9060117 -0.06199681 -0.3958982 0.9182422 0.009789586 -0.3276887 0.9348913 -0.1363759 -0.303705 0.9506387 -0.06363499 0.6572774 0.7017704 0.2747813 0.5943965 0.6838552 0.4231252 0.5989896 0.7369828 0.313158 0.5943876 0.6838513 0.423144 0.657292 0.7017623 0.2747673 0.6526553 0.6524372 0.3851841 0.5332966 0.5447136 0.647211 0.5986905 0.5255528 0.6044536 0.4942653 0.3350228 0.8021605 0.5658577 0.3299148 0.75562 0.4937438 0.08710235 0.8652342 0.09323632 0.8092453 0.5800251 0.1620476 0.7588371 0.6307986 0.4586302 0.6550457 0.6004778 0.5024256 0.6479389 0.5724891 0.7560129 0.544453 0.3633397 0.753821 0.4975252 0.4292119 0.8615499 0.4524371 0.2302882 0.8644146 0.3997818 0.3048968 0.5571877 -0.7978136 0.2302942 0.440811 -0.7883535 0.4291672 0.5839324 -0.7523771 0.3048799 0.44077 -0.7883452 0.4292243 0.5571815 -0.7978237 0.230274 0.4211573 -0.8310294 0.3633412 0.1062104 -0.7925516 0.6004843 -0.2048864 -0.7484028 0.630805 -0.2891701 -0.761543 0.5800286 0.1483762 -0.8063701 0.5724962 0.7854356 -0.08403223 0.6132125 0.7265093 -0.1364844 0.6734659 0.5879763 -0.4195722 0.6915512 0.5759421 -0.4664622 0.6713447 0.4449342 -0.7389438 0.5059602 0.3978736 -0.7197519 0.5689059 0.3423471 -0.8546931 0.3902539 0.2888922 -0.8382379 0.4624917 -0.8618608 -0.410852 0.2973158 -0.8406515 -0.2632924 0.4732676 -0.8208349 -0.4292209 0.3768283 -0.8406403 -0.2632511 0.4733105 -0.8618745 -0.4108487 0.2972808 -0.8798971 -0.250644 0.4036818 -0.8063175 0.09433209 0.5839123 -0.7252323 0.3985905 0.5613946 -0.7275121 0.473603 0.4964137 -0.8248139 0.04982393 0.5632049 0.8256981 -0.02348762 0.5636231 0.8729399 -0.02380442 0.4872468 0.9029588 -0.1212065 0.4122797 0.8157437 -0.2316939 0.5299813 0.9738068 -0.1861742 -0.1305354 0.9641314 -0.2635017 0.03190153 0.9871766 -0.157154 -0.02802115 0.9641171 -0.263553 0.03190952 0.9738026 -0.186183 -0.1305539 0.9518916 -0.2557857 -0.1687489 0.9323362 -0.1760461 -0.3158433 0.918814 -0.2528191 -0.3030899 0.4568473 -0.7042943 -0.5433784 0.5186856 -0.5768628 -0.6310266 0.5875751 -0.4446593 -0.6760427 0.440517 -0.7734772 -0.4557169 0.3756577 -0.8366242 -0.3986745 0.308842 -0.8071352 -0.5031397 0.1265946 -0.9917109 0.02198606 -0.006126046 -0.9733487 0.2292485 0.150176 -0.9847115 0.0882638 9.37228e-4 -0.9810144 0.1939332 -0.5971943 -0.5428821 0.5904559 -0.6611104 -0.5328963 0.5281615 -0.74098 -0.4363741 0.5104179 -0.6659108 -0.3544493 0.6564516 -0.9766454 -0.2031247 0.07002985 -0.9483154 -0.1981226 0.2478817 -0.9507911 -0.2721249 0.1481363 -0.9483129 -0.1980944 0.247914 -0.9766483 -0.2031179 0.07001048 -0.9903053 -0.1219699 0.0664758 -0.9871975 -0.1226685 -0.1019501 -0.9966725 -0.05877506 -0.05647456 -0.7943753 0.5982461 -0.1052122 -0.8326348 0.5013914 -0.235215 -0.8638852 0.3812215 -0.3292002 -0.7780717 0.6281711 0.002375006 -0.7244483 0.6852027 0.07531231 -0.6833655 0.7291354 -0.0370565 -0.4339699 0.7545344 0.4922885 -0.2506914 0.714905 0.6527364 -0.4346081 0.7133653 0.5497508 -0.2693638 0.7318824 0.6259323 -0.2894163 0.8517559 0.4367496 -0.2405273 0.8892745 0.3890212 -0.0925858 0.9109038 0.4020973 -0.04933142 0.8230507 0.5658216 0.2222656 0.9715242 0.08209055 0.1871923 0.9659394 0.1786617 0.121237 0.9876149 0.09959101 0.1872577 0.9659144 0.1787287 0.2222806 0.9715205 0.08209359 0.249005 0.9534294 0.170203 0.2500716 0.9679644 0.02256268 0.2667853 0.96356 -0.01943767 0.8646253 0.502373 0.006678283 0.8897704 0.426473 0.1625713 0.7934171 0.5951777 0.1274868 0.8898037 0.4263977 0.1625873 0.8646468 0.5023368 0.006614446 0.9462481 0.3155497 0.07101392 0.9518649 0.2169263 0.2165552 0.9856351 0.1311028 0.1064684 0.8193731 -0.1696284 0.5475891 0.8201661 -0.170269 0.5462016 0.7678359 -0.1306208 0.6271892 0.8592354 -0.2039917 0.4691502 0.4916699 -0.5021022 0.7114452 0.4501919 -0.4920735 0.7451115 -0.3475921 -0.7990859 0.4905523 -0.3607853 -0.8481166 0.3879851 -0.2275135 -0.8914871 0.3917762 -0.0859512 -0.8362628 0.5415504 0.001064479 -0.9955158 0.09458929 -0.06469345 -0.9974774 0.02921551 -0.15319 -0.9863703 -0.06005543 0.08540529 -0.9804517 0.1772585 0.03466963 -0.949394 -0.3121682 -0.04907399 -0.9232773 -0.3809868 -0.1047253 -0.8994194 -0.4243555 -0.04905122 -0.9232795 -0.3809842 0.03472512 -0.9494043 -0.312131 0.08579069 -0.9595697 -0.2680783 0.737786 -0.5572429 -0.3809884 0.7037968 -0.6381526 -0.3121402 0.7553897 -0.4993078 -0.4243562 0.7037879 -0.638168 -0.3121284 0.7377897 -0.5572538 -0.3809654 0.6786644 -0.6837754 -0.268078 0.8059405 -0.5398456 0.2429543 0.8046013 -0.5930964 0.02921605 0.694884 -0.6969331 0.1772585 0.8282055 -0.3106132 0.466471 0.8213623 -0.1205776 0.5575168 0.8436904 -0.526604 0.1042822 0.8021209 -0.3019018 0.5152255 0.8038625 -0.3460484 0.4837928 0.7427905 -0.522866 0.4181787 0.6747387 -0.5084689 0.5349646 0.6432461 -0.7646006 -0.04025417 0.6322922 -0.7743113 -0.02547049 0.6789844 -0.7284539 -0.09129673 0.6322537 -0.7743442 -0.02542537 0.6432074 -0.7646356 -0.04021048 0.5764858 -0.8158683 0.04498237 0.5688331 -0.6273204 -0.5318819 0.5549709 -0.6449509 -0.5254005 0.6061082 -0.5760026 -0.5485015 0.5549436 -0.6449764 -0.5253981 0.5687876 -0.6273856 -0.5318534 0.4982759 -0.7100458 -0.4975502 -0.6964979 -0.6671466 -0.2642086 -0.6526393 -0.5855227 -0.4808587 -0.6121511 -0.5637748 -0.5544629 -0.6889507 -0.7029922 -0.1764909 -0.6933988 -0.7205174 0.007272779 -0.7394369 -0.6708675 -0.0563032 -0.7612162 -0.4618224 0.4552692 -0.7976063 -0.2369617 0.5546832 -0.6865608 -0.4532165 0.5685325 -0.8044602 -0.2807655 0.523464 0.7317872 -0.02096629 0.6812106 0.7920755 -0.07606667 0.6056651 0.7301946 -0.1891328 0.6565399 0.5755799 -0.2047705 0.7916925 0.7520688 -0.5010931 0.4281334 0.6970627 -0.5201139 0.4935436 0.8238511 -0.465283 0.3236994 0.6969975 -0.5201314 0.4936171 0.7520082 -0.5011202 0.4282082 0.6111341 -0.540024 0.5786961 0.759014 -0.6478232 0.06498456 0.7042829 -0.6928185 0.1548815 0.7919328 -0.610608 4.75797e-4 0.7042433 -0.6928488 0.154926 0.7589862 -0.6478503 0.06503754 0.6646952 -0.716715 0.2109498 0.006560206 -0.9978614 0.06503623 0.07625114 -0.9849802 0.1549188 0.1199792 -0.9701068 0.210945 0.07620048 -0.9849893 0.1548864 0.006526708 -0.9978647 0.06498974 -0.04314243 -0.9990689 4.8e-4 -0.1012027 -0.8980118 0.4281742 -0.1820284 -0.791172 0.5838771 0.01934736 -0.8153104 0.578701 -0.4027514 -0.6096577 0.6827217 -0.5485262 -0.4706041 0.691123 -0.1916688 -0.8661435 0.4615827 -0.1916884 -0.9811123 0.02596902 -0.1974809 -0.9801282 0.01871085 -0.1854879 -0.9824474 0.01978594 -0.1916949 -0.9811109 0.02596908 -0.731785 -0.681041 0.02595961 -0.7361847 -0.6765227 0.0186842 -0.7278139 -0.6854857 0.01990669 -0.7317788 -0.6810477 0.02595913 -0.9923322 -0.1208416 0.02596962 -0.9931901 -0.1149938 0.01870411 -0.991684 -0.1271651 0.01980197 -0.992333 -0.1208344 0.0259698 -0.8739287 0.4853603 0.0259605 -0.8709726 0.4909759 0.01869827 -0.8769088 0.4802459 0.01987427 -0.873933 0.4853526 0.02596002 -0.4217107 0.9063587 0.02596443 -0.4163075 0.9090307 0.01874208 -0.4273802 0.9038538 0.01986205 -0.4217093 0.9063593 0.02596449 -0.4175952 0.9083792 0.02148044 -0.4222328 0.9061655 0.02415758 -0.8729923 0.4875283 0.01416385 -0.4172872 0.9085692 0.01932632 -0.4260101 0.904493 0.02019184 -0.8716222 0.4897977 0.01931601 -0.8762841 0.4815156 0.01640808 -0.8762838 0.481372 0.02019643 -0.9930453 -0.1161464 0.01926648 -0.992133 -0.1229181 0.02373802 -0.9929931 -0.1162093 0.02144914 -0.9918624 -0.1257017 0.02020275 -0.7352054 -0.6775682 0.01934874 -0.7286468 -0.6846938 0.01637834 -0.7348809 -0.6780012 0.01626187 -0.7286333 -0.6846066 0.02018219 -0.196381 -0.9803383 0.01926672 -0.1901149 -0.9814713 0.02388542 -0.1964564 -0.9802784 0.02142977 -0.1869253 -0.9821664 0.0202074 0.4172914 -0.9085674 0.01931756 0.4221794 -0.9061903 0.02416425 0.4175494 -0.9083998 0.02149915 0.4260121 -0.904492 0.02020013 0.871609 -0.4898208 0.01932549 0.8763 -0.4814863 0.01640754 0.8718535 -0.4894965 0.01626992 0.8762701 -0.4813964 0.02020561 0.9930499 0.1161046 0.0192818 0.9921582 0.122694 0.02383679 0.9929921 0.1162056 0.02151578 0.8678163 -0.4968845 -8.21096e-4 0.8804606 -0.4741169 0.001627862 0.9941406 0.1080922 -8.32842e-4 0.9918677 0.1256637 0.02018254 0.4336124 -0.9010981 0.001620411 0.4211297 -0.9069283 -0.01144391 0.4102056 -0.9119839 -0.004115164 0.8738726 -0.4860199 -0.01145696 0.4100068 -0.9120821 -8.38657e-4 -0.178779 -0.9838879 0.00161314 -0.1920543 -0.9813175 -0.01145225 -0.1793168 -0.9837829 -0.004111945 -0.2043339 -0.978901 -8.27641e-4 -0.7230324 -0.6908123 0.001645207 -0.7329378 -0.6802004 -0.01138424 -0.7405151 -0.6720275 -0.004049479 -0.7407447 -0.6717862 -8.35179e-4 -0.9909874 -0.1339457 0.001625239 -0.9926154 -0.1207622 -0.01145911 -0.994112 -0.1082794 -0.004122912 -0.9941396 -0.1081014 -8.2401e-4 -0.8804437 0.4741481 0.001624107 -0.8737238 0.4862881 -0.01144415 -0.8679073 0.4967089 -0.004148542 -0.8678015 0.4969105 -8.33743e-4 -0.4336268 0.901091 0.001651465 -0.4213019 0.9068483 -0.01145488 -0.4102708 0.9119551 -0.003975212 -0.4100171 0.9120774 -8.3499e-4 -0.421755 0.9065163 0.01873385 -0.4217534 0.9065171 0.01873421 -0.8739848 0.4855921 0.01873475 -0.4217759 0.9066046 0.01315927 -0.4217757 0.9066048 0.01315921 -0.8740517 0.4856546 0.013161 -0.8739845 0.4855926 0.01873487 -0.8740528 0.4856528 0.01316076 -0.9925674 -0.1209833 0.01315611 -0.992475 -0.1210066 0.01872986 -0.9924754 -0.1210033 0.01873004 -0.9925679 -0.1209793 0.01315641 -0.7318945 -0.6812911 0.01315426 -0.7319091 -0.6811446 0.01873987 -0.7319087 -0.681145 0.01873987 -0.7318931 -0.6812926 0.01315402 -0.1917024 -0.981365 0.01315408 -0.1916461 -0.9812854 0.01873171 -0.1916479 -0.981285 0.01873195 -0.1917049 -0.9813645 0.01315438 0.4217938 -0.9065964 0.01315581 0.4217388 -0.906524 0.01872837 0.421737 -0.9065248 0.01872861 0.4217927 -0.9065968 0.01315605 0.8740476 -0.4856621 0.0131632 0.8739885 -0.4855855 0.01873338 0.8739896 -0.4855835 0.0187329 0.867924 -0.4966807 -0.004052042 0.9924743 0.121013 0.01873058 0.9941099 0.1083 -0.00408864 0.9926208 0.120718 -0.01145935 0.9909886 0.1339371 0.001636445 0.8740496 -0.4856585 0.01316291 0.9925711 0.1209532 0.01315909 0.992474 0.1210151 0.01873052 0.8741641 -0.4855967 0.005763828 0.8741657 -0.4855937 0.005763411 0.9926408 0.1209588 0.005769252 0.9925712 0.120952 0.01315927 0.4217895 -0.9066755 0.005772292 0.4217259 -0.90652 0.01921242 0.4217256 -0.90652 0.01921284 0.8740112 -0.4855259 0.019216 0.4217904 -0.9066751 0.005771994 -0.1917676 -0.9814234 0.005773961 -0.1916435 -0.9812765 0.01921457 -0.1916422 -0.9812768 0.01921463 -0.1917697 -0.981423 0.005773842 -0.7319702 -0.6813123 0.00576812 -0.7319027 -0.6811381 0.01922172 -0.7319022 -0.6811386 0.01922202 -0.731967 -0.6813157 0.005767524 -0.9926452 -0.1209223 0.005770981 -0.9924737 -0.1209414 0.01921558 -0.9924736 -0.1209424 0.01921558 -0.992645 -0.1209236 0.005770862 -0.8741598 0.4856042 0.005764603 -0.8740267 0.485498 0.01921659 -0.8740255 0.4854999 0.01921677 -0.8741585 0.4856067 0.00576508 -0.4218066 0.9066675 0.005768537 -0.4217183 0.9065234 0.01921397 -0.4217168 0.906524 0.01921433 -0.4218072 0.9066672 0.005768597 -0.421478 0.9060634 0.0374909 -0.4214763 0.9060642 0.0374912 -0.8735534 0.4852821 0.03749287 -0.4215356 0.9062578 0.03169506 -0.4215384 0.9062566 0.03169435 -0.8737184 0.485399 0.03168672 -0.8735519 0.485285 0.03749316 -0.8737185 0.4853987 0.0316869 -0.9921601 -0.1208896 0.03169012 -0.9919606 -0.1208664 0.03749203 -0.9919605 -0.1208671 0.03749197 -0.9921598 -0.1208919 0.03168982 -0.7316403 -0.680954 0.03168982 -0.7314643 -0.6808488 0.03748488 -0.7314649 -0.6808481 0.03748476 -0.7316418 -0.6809524 0.03169101 -0.1915825 -0.9809648 0.03168886 -0.1915885 -0.9807592 0.03748899 -0.1915889 -0.980759 0.03748875 -0.1915826 -0.9809648 0.03168934 0.4215185 -0.9062658 0.03169608 0.421487 -0.9060593 0.03748959 0.4214899 -0.9060579 0.03748869 0.4215167 -0.9062666 0.03169679 0.8737264 -0.4853845 0.03168982 0.8735368 -0.485312 0.03749537 0.8735373 -0.4853112 0.03749531 0.8740097 -0.4855285 0.01921641 0.9919583 0.1208858 0.03749001 0.9924736 0.1209423 0.01921689 0.9924734 0.120943 0.01921683 0.9926408 0.1209588 0.005769252 0.8737277 -0.485382 0.03168952 0.9921599 0.1208907 0.03169089 0.9919585 0.1208838 0.03748995 0.8734074 -0.4851648 0.04212677 0.8734099 -0.4851602 0.04212695 0.4213582 -0.9059154 0.04212588 0.4213509 -0.9059189 0.04212355 0.8712317 -0.4839852 0.08193862 0.4203801 -0.9036408 0.08193922 0.871231 -0.4839866 0.08193767 0.4203897 -0.9036363 0.08193951 -0.1911244 -0.9781399 0.08193898 -0.1911377 -0.9781373 0.0819388 -0.1915365 -0.9805807 0.04213488 -0.1915311 -0.9805817 0.0421366 -0.7313553 -0.6806945 0.04212492 -0.7313599 -0.6806896 0.04212349 -0.7294985 -0.6790558 0.08194637 -0.991775 -0.1208612 0.04212862 -0.9917745 -0.1208664 0.04212909 -0.9893218 -0.1205314 0.08194184 -0.7294946 -0.6790599 0.08194774 -0.989322 -0.120532 0.08194011 -0.8712393 0.4839704 0.08194458 -0.8712412 0.483967 0.08194452 -0.8733901 0.4851959 0.04212588 -0.8733893 0.4851976 0.04212492 -0.4214162 0.9058883 0.04212933 -0.4214181 0.9058874 0.0421279 -0.4203862 0.9036377 0.08194196 0.1915397 0.9805799 0.0421397 -0.4203921 0.903635 0.081941 0.9893191 0.120557 0.0819382 3.72653e-5 -6.3919e-5 1 3.76495e-5 -6.29574e-5 1 4.02038e-5 -5.65656e-5 1 3.46816e-5 -7.03845e-5 1 7.21331e-5 -1.68402e-5 1 7.1628e-5 -1.58685e-5 1 6.82708e-5 -9.40955e-6 1 7.5529e-5 -2.33736e-5 1 6.47863e-5 3.61073e-5 1 6.37045e-5 3.66164e-5 1 5.65129e-5 4.00008e-5 1 7.20608e-5 3.26839e-5 1 2.93232e-5 6.83724e-5 1 2.80677e-5 6.80698e-5 1 1.97226e-5 6.60588e-5 1 3.77645e-5 7.04067e-5 1 -0.9968275 0.0779094 -0.01628655 -0.9969231 0.07791674 0.008573591 -0.9969242 0.07790231 0.008573412 -0.8523198 -0.5229506 0.008589327 -0.8522437 -0.5228914 -0.01628983 -0.9969245 0.07790076 0.008546888 -0.9968286 0.07789504 -0.01628428 -0.7607234 0.6490196 0.008579313 -0.7606874 0.6489149 -0.0162518 -0.7606384 0.6489718 -0.01627987 -0.7607147 0.6490299 0.00857526 -0.7607228 0.6490197 0.008619725 -0.2339782 0.9722042 0.008561491 -0.2339368 0.9721157 -0.01626968 -0.2339562 0.9721112 -0.01625424 -0.2339802 0.9722035 0.008581221 -0.2339761 0.9722042 0.008625686 0.3821379 0.9240655 0.0085873 0.3821318 0.9239643 -0.01629179 0.3820788 0.9239866 -0.01626712 0.3821148 0.9240751 0.008578062 0.3821388 0.9240652 0.008576631 0.852325 0.5229427 0.008556485 0.8522278 0.5229178 -0.01627469 0.8522466 0.5228868 -0.01628655 0.8523272 0.5229388 0.008574545 0.8523241 0.5229439 0.00857383 0.9969244 -0.07789713 0.008592844 0.9968274 -0.07790905 -0.01628625 0.9968296 -0.0778833 -0.01627838 0.9969247 -0.07789528 0.008579254 0.9969241 -0.0778979 0.008627116 0.7607246 -0.6490185 0.008560955 0.7606622 -0.648944 -0.01627022 0.7606424 -0.648967 -0.0162822 0.7607167 -0.6490275 0.008580803 0.760726 -0.6490166 0.00857824 0.2339922 -0.9722005 0.00858736 0.2339768 -0.9721057 -0.01629179 0.2340013 -0.9721 -0.01628035 0.2340244 -0.9721929 0.008578777 0.2339942 -0.9721998 0.008629441 -0.3821641 -0.924055 0.008556962 -0.3821414 -0.9239607 -0.01627427 -0.3821566 -0.9239541 -0.01628845 -0.3821926 -0.9240429 0.008583068 -0.3821648 -0.924054 0.008627355 -0.8522193 -0.5229315 -0.01627588 -0.8523019 -0.52298 0.008574247 -0.8523188 -0.5229517 0.008623003 -0.8509126 -0.5220841 0.05810278 -0.3815112 -0.9225364 0.05810266 -0.3814947 -0.9225434 0.05810171 -0.38058 -0.9201452 0.09215182 -0.3805884 -0.9201421 0.09214782 0.2330214 -0.968095 0.09215795 0.233583 -0.9705992 0.05810487 0.2335951 -0.9705964 0.05810326 0.2330206 -0.9680954 0.09215652 0.7575237 -0.6462718 0.09214502 0.7594858 -0.647924 0.05810225 0.7594813 -0.6479293 0.05810189 0.7575255 -0.6462697 0.09214532 0.9927172 -0.07758903 0.09215635 0.9952757 -0.07778298 0.05810374 0.9952759 -0.07778221 0.05810171 0.9927172 -0.0775898 0.0921545 0.848708 0.5207698 0.09216213 0.8509184 0.5220752 0.05809736 0.8509157 0.5220798 0.05809879 0.8487073 0.5207707 0.09216302 0.3805469 0.9201585 0.09215474 0.381524 0.9225311 0.05810171 0.3815192 0.9225332 0.05809932 0.3805465 0.9201587 0.09215408 -0.2329645 0.9681093 0.09215313 -0.2335913 0.9705978 0.05809539 -0.2335885 0.9705986 0.05809289 -0.2329602 0.9681103 0.09215158 -0.7575495 0.6462399 0.09215605 -0.7594774 0.647935 0.05808854 -0.7594792 0.6479328 0.05809164 -0.7575544 0.646234 0.09215784 -0.9927155 0.07761311 0.09215313 -0.995274 0.07780539 0.05810523 -0.9952741 0.07780414 0.05810308 -0.9927157 0.07761061 0.09215283 -0.8487071 -0.5207704 0.09216594 -0.8509187 -0.5220742 0.0581035 -0.8487058 -0.5207723 0.09216672 -0.8494876 -0.5212072 0.08193957 -0.993607 0.07765203 0.08194679 -0.9936072 0.07764923 0.08194822 -0.7582373 0.6468089 0.0819419 -0.7582355 0.6468111 0.08194178 -0.7601076 0.6484298 0.04213303 -0.9960761 0.07783263 0.04212653 -0.9960764 0.07782828 0.04212641 -0.9964584 0.07788914 0.03168708 -0.9964586 0.07788658 0.03168737 -0.8519206 -0.5227113 0.03169202 -0.8516142 -0.5224739 0.04212427 -0.8516114 -0.5224785 0.04212439 -0.760358 0.6487308 0.03168594 -0.7603617 0.6487265 0.03168702 -0.7602049 0.6486008 0.03749114 -0.9962616 0.07782715 0.0374934 -0.7602052 0.6486005 0.03749138 -0.7606086 0.6489264 0.01921671 -0.9962617 0.07782655 0.03749358 -0.9967781 0.07787209 0.01921743 -0.7606108 0.6489238 0.01921677 -0.7607793 0.6489852 0.005767583 -0.996778 0.07787454 0.01921695 -0.996942 0.077932 0.005764603 -0.760779 0.6489855 0.005767226 -0.7606642 0.6490123 0.01315826 -0.9969421 0.0779314 0.005764603 -0.9968774 0.07786059 0.01315897 -0.7606607 0.6490164 0.01315772 -0.7605529 0.6490058 0.0187298 -0.9968779 0.07785522 0.01315945 -0.9967965 0.07775378 0.01873916 -0.760551 0.6490074 0.01875233 -0.7606257 0.649183 0.003187358 -0.9967964 0.07775044 0.01876217 -0.9969602 0.07784914 0.003150224 -0.7605736 0.648979 0.01881939 -0.7525983 0.658392 0.01077067 -0.7512277 0.6600385 0.002495348 -0.7521271 0.6590163 0.001600444 -0.9967962 0.07775771 0.01874363 -0.995848 0.09039646 0.01073586 -0.9979859 0.06337124 0.002899765 -0.9958508 0.09098756 0.001637756 -0.7691143 0.6391096 0.001506447 -0.7606065 0.6489258 0.01931995 -0.9978944 0.06484335 0.001514673 -0.9967793 0.077829 0.01933163 -0.7607225 0.6490757 0.00145924 -0.7637882 0.6451782 0.01930791 -0.7574912 0.6525589 0.0193392 -0.7576696 0.6524324 0.01639717 -0.996957 0.07794022 0.001457214 -0.997144 0.07300776 0.01933401 -0.9963887 0.08267825 0.01933443 -0.9964492 0.08258336 0.01640474 -0.7576549 0.6522967 0.02163708 -0.756483 0.6537135 0.01980608 -0.9963885 0.0830608 0.01763147 -0.9962772 0.08388143 0.01989346 -0.7644686 0.6443567 0.0198096 -0.7605869 0.6487163 0.02597486 -0.997236 0.07161033 0.01981067 -0.996636 0.07773268 0.02596998 -0.7605261 0.6490071 0.01974338 -0.7605815 0.6487229 0.02596861 -0.9967765 0.07775253 0.01977956 -0.9966252 0.077874 0.02596056 -0.8521666 -0.5226263 0.0259608 -0.8554763 -0.5174648 0.01976519 -0.849021 -0.5279879 0.01980423 -0.852271 -0.5227277 0.01975065 -0.851993 -0.5229086 0.02597385 -0.3823348 -0.9236592 0.02596104 -0.3878032 -0.9215278 0.0198853 -0.3763417 -0.9262692 0.01980692 -0.3820428 -0.9239327 0.01978975 -0.3822651 -0.9236879 0.02596491 0.2339376 -0.9719048 0.02596664 0.2279864 -0.9734624 0.01983112 0.2399955 -0.970572 0.01980131 0.2339512 -0.9720479 0.0197466 0.234051 -0.9718773 0.02597546 0.7933591 0.2515257 0.5543612 0.8336175 0.3827332 0.3982427 0.8177034 0.2964684 0.4934247 0.8176935 0.2964321 0.4934627 0.772495 0.1220753 0.6231767 0.7933358 0.2514932 0.5544091 -0.8208988 -0.1369906 0.5543996 -0.7434526 -0.2427576 0.623175 -0.8630452 -0.1080252 0.4934405 -0.9164806 -0.03844094 0.3982283 0.5060299 0.7137749 0.4842099 0.4469256 0.8516644 0.2737247 0.4362793 0.8012568 0.4094484 0.436281 0.8012174 0.4095236 0.5351195 0.6257865 0.5674843 0.5060499 0.713728 0.4842581 -0.7972434 -0.4113522 0.4418058 -0.7176105 -0.4556653 0.5266919 -0.8708279 -0.3271471 0.3669247 -0.9171599 -0.3259204 0.229333 -0.818592 -0.2871251 0.4974599 -0.881595 -0.183359 0.4349366 -0.7713097 -0.3384757 0.5389949 -0.6868796 -0.4682038 0.5558612 0.8595865 0.1166967 0.4974868 0.8246848 -0.1044334 0.5558676 0.8408406 0.04947721 0.5390167 0.8408651 0.0495364 0.5389731 0.8684839 0.2378208 0.434945 0.8595958 0.1167787 0.4974512 0.09088325 -0.7234243 0.6843958 0.2942688 -0.7735458 0.5612778 0.2627516 -0.7362247 0.6236464 0.2627378 -0.7362222 0.6236553 0.06021392 -0.722975 0.6882452 0.09083855 -0.7233857 0.6844425 0.1103284 0.9462972 0.3038904 0.008022487 0.9183332 0.3957269 0.1783872 0.9586339 0.2218085 0.2189742 0.9705381 0.1005296 -0.4987918 0.3741717 0.7817944 -0.6676635 0.2113809 0.7138232 -0.5934384 0.2369685 0.7692054 -0.5933888 0.2369909 0.7692366 -0.4431533 0.4026963 0.8009063 -0.4987693 0.3741965 0.7817968 0.6976825 -0.4847868 0.5274666 0.7255647 -0.3516421 0.5915268 0.6760225 -0.5668196 0.4708602 0.6573107 -0.6618647 0.3603856 0.7490253 -0.4358472 0.4989973 0.8333603 -0.2070585 0.5124816 0.785824 -0.2812407 0.5508034 0.7858058 -0.2812756 0.5508114 0.7119267 -0.4894704 0.5035664 0.7489964 -0.4359136 0.4989827 -0.6948571 -0.1124504 0.7103017 -0.6611605 -0.2588614 0.7041715 -0.7151063 -0.01313966 0.6988924 -0.7538142 0.1184881 0.6463163 0.1273377 0.9511407 0.2812764 0.1243697 0.988696 0.08374011 0.097853 0.9779212 0.1846483 0.09784322 0.9779157 0.1846827 0.1322845 0.919759 0.3695189 0.1273318 0.9511207 0.2813469 -0.7597865 -0.5085735 0.4050648 -0.7231922 -0.4878753 0.4888463 -0.8043435 -0.5065798 0.3104971 -0.8091206 -0.5473151 0.2139394 0.8755347 -0.2687753 0.4014958 0.9434304 -0.2543064 0.2127614 0.9201413 -0.2350422 0.3132015 0.9201319 -0.2350333 0.3132357 0.8304635 -0.2769825 0.4833332 0.8755005 -0.2687776 0.4015691 -0.4769986 0.7818165 0.4015414 -0.4738089 0.7361363 0.4833307 -0.455344 0.8334004 0.3132181 -0.4797775 0.8511979 0.212781 -0.4180885 -0.3634358 0.8325362 -0.4876497 -0.3901249 0.7810252 -0.5076658 -0.2771269 0.8157672 0.408764 0.8872175 0.2139093 0.4949365 0.8582626 0.1357321 0.5187627 0.8268485 0.2172718 -0.6801916 0.5210965 0.5155558 -0.7119522 0.5504891 0.4359887 -0.6237781 0.6238993 0.470798 0.8789221 0.07647269 0.4707949 0.8992109 -0.03645032 0.4359945 0.8559892 -0.03852391 0.5155567 0.3083373 -0.7578271 0.5750012 0.2823926 -0.8134899 0.5084179 0.1879491 -0.7930703 0.5794089 -0.4748352 0.6624343 0.5794069 -0.4282259 0.7470799 0.5084233 -0.369211 0.7301065 0.5750023 -0.7366314 -0.3560176 0.5750007 -0.793832 -0.3336749 0.5084211 -0.7794755 -0.2381232 0.5794094 0.6308186 0.5160995 0.5794042 0.718258 0.4749805 0.5084279 0.705084 0.4150055 0.5750019 -0.2083963 0.7911639 0.5750049 -0.1755172 0.8430274 0.5084276 -0.08447802 0.810646 0.5794106 0.3857746 -0.7179588 0.5794076 0.3286787 -0.7959147 0.5084195 0.2723296 -0.7714982 0.5750018 0.3357352 -0.6836708 0.6479786 0.5799203 -0.5792045 0.5729003 0.5466593 -0.5390884 0.6407397 0.7632293 -0.450582 0.4630948 0.7451733 -0.4070137 0.5282581 0.899079 -0.3450407 0.2694512 0.8951829 -0.2992091 0.3303355 0.9432342 -0.2813476 0.1765019 0.8951897 -0.2992037 0.330322 0.9425565 -0.2338069 0.238583 0.9432344 -0.2813317 0.1765258 0.6219977 0.7628692 0.1764921 0.6481596 0.7231668 0.2385769 0.5722184 0.7506306 0.3303331 0.549678 0.7907271 0.2694527 0.387552 0.7554771 0.5282592 0.377996 0.8016613 0.4630963 0.1491275 0.7531359 0.6407397 0.1540878 0.8050101 0.5729012 -0.1065904 0.7541634 0.6479785 0.6067444 0.4604247 0.6479741 0.4574556 0.6800824 0.5729067 0.4244489 0.6397569 0.6407452 0.2961188 0.8353796 0.4630927 0.2568127 0.8093173 0.5282545 0.1665191 0.948508 0.2694514 0.1222783 0.9359085 0.3303384 0.0955494 0.9796513 0.1765043 0.122274 0.9359126 0.3303282 0.04901731 0.9698826 0.2385898 0.09553307 0.9796478 0.1765326 -0.8678443 0.4644262 0.1765068 -0.8338806 0.4977084 0.2385996 -0.8463016 0.4179129 0.3303372 -0.881343 0.3881111 0.2694517 -0.8157052 0.2357351 0.5282557 -0.8592058 0.2175146 0.4630907 -0.7677558 0.002169251 0.640739 -0.81962 -0.002892732 0.5729004 -0.7198047 -0.2490115 0.6479772 -0.4208078 0.6348602 0.6479763 -0.6495417 0.4998838 0.5728977 -0.6114008 0.4643747 0.6407381 -0.8148031 0.3487735 0.4630905 -0.7912971 0.3078839 0.5282579 -0.9359624 0.2266439 0.2694569 -0.9262088 0.1816948 0.3303399 -0.9715709 0.1578248 0.1764689 -0.9262152 0.1816917 0.3303235 -0.9647859 0.1107507 0.2385842 -0.9715653 0.1577945 0.176527 -0.518808 -0.8364721 0.176502 -0.5498538 -0.8004618 0.2385829 -0.4710167 -0.8179388 0.3303328 -0.4435108 -0.8548055 0.2694547 -0.2872598 -0.7990157 0.5282574 -0.2718483 -0.8435891 0.4630941 -0.05110859 -0.7660539 0.6407413 -0.04936331 -0.8181369 0.5729008 0.202622 -0.7342113 0.64798 0.8316558 0.08544647 0.548678 0.8783185 0.2954839 0.375827 0.8359376 0.3197402 0.4460658 0.8657223 0.4626016 0.1911146 0.8289737 0.4989027 0.2527821 0.8330433 0.5509276 -0.05017644 0.802071 0.5972256 0.001970231 0.7947238 0.5856047 -0.1596288 0.8020715 0.597225 0.001950562 0.7643833 0.6356934 -0.1077589 0.7947061 0.5856418 -0.1595812 -0.2318032 0.959581 -0.1595987 -0.1763764 0.9784065 -0.1077598 -0.2299696 0.9731958 0.001970887 -0.2834688 0.9576681 -0.05017453 -0.3138171 0.9152159 0.2527825 -0.3653057 0.9110581 0.1911148 -0.4343915 0.7825173 0.4460613 -0.4824422 0.7912037 0.3758273 -0.5818158 0.6003672 0.5486798 0.4212928 0.8561788 0.2991157 0.1816104 0.9605525 0.2106103 0.1793285 0.9390278 0.2933738 -0.04494059 0.9927577 0.1114114 -0.05948311 0.9800757 0.1895087 -0.2359728 0.9697799 -0.06199806 -0.2614194 0.9651757 0.009790539 -0.3251832 0.9357669 -0.1363679 -0.261433 0.9651721 0.009780764 -0.3537585 0.9331703 -0.06362432 -0.3251933 0.9357677 -0.1363392 -0.9512082 0.1403799 0.2747664 -0.9274763 0.2042441 0.3131646 -0.890819 0.165508 0.4231413 -0.9168866 0.1046553 0.3851835 -0.7564193 0.09459573 0.6472106 -0.7956896 0.03890717 0.6044537 -0.595391 -0.04527479 0.8021595 -0.6482587 -0.09381926 0.755618 -0.440719 -0.2390278 0.8652356 -0.5765159 0.5754996 0.5800256 -0.59902 0.4932193 0.6308009 -0.7666147 0.2274258 0.6004828 -0.7964781 0.1946128 0.5724932 -0.9306063 -0.04419302 0.3633441 -0.8996893 -0.07955366 0.4292207 -0.9559735 -0.1818921 0.2302822 -0.8997017 -0.07959944 0.4291864 -0.9254578 -0.224892 0.3048796 -0.9559702 -0.1818941 0.2302944 0.06023228 -0.97126 0.2302737 0.01101219 -0.9523269 0.304881 0.145462 -0.8914141 0.4292107 0.1873863 -0.9126179 0.3633385 0.4099959 -0.6865294 0.6004838 0.7002238 -0.4162407 0.5800263 0.6260664 -0.4583985 0.6308025 0.385587 -0.7235834 0.5724945 -0.562586 -0.554494 0.6132157 -0.4838179 -0.5588905 0.6734699 -0.1992285 -0.6943072 0.691553 -0.1606315 -0.7235261 0.6713475 0.1114731 -0.8553248 0.5059579 0.1363608 -0.8110145 0.5689123 0.2638036 -0.8821101 0.3902432 0.1364096 -0.8110232 0.5688883 0.2954118 -0.8359663 0.462485 0.2638077 -0.8820991 0.3902651 0.9303476 0.2146418 0.2972915 0.909655 0.1747286 0.3768259 0.8218997 0.3169713 0.4732972 0.8447763 0.3512734 0.4036832 0.5725222 0.5755533 0.5839152 0.2748439 0.823425 0.4964193 0.3197301 0.763283 0.5614017 0.6146966 0.5522211 0.5632051 -0.6317774 -0.5321543 0.5636215 -0.6685658 -0.5617955 0.487243 -0.6314584 -0.6567261 0.4122757 -0.4944319 -0.6889532 0.5299817 -0.6464925 -0.7516683 -0.1305464 -0.6750159 -0.737271 -0.02801835 -0.5907906 -0.806194 0.03190159 -0.5860195 -0.7925326 -0.1687402 -0.6203478 -0.7179167 -0.3158549 -0.5860194 -0.7925184 -0.1688077 -0.5619823 -0.7696148 -0.3030995 -0.6203297 -0.7179326 -0.3158543 0.08058953 -0.8356112 -0.5433776 -0.1833021 -0.7136985 -0.6760435 -0.04711097 -0.7743288 -0.6310274 0.1364198 -0.8796077 -0.4557192 0.2264705 -0.8886993 -0.3986536 0.226499 -0.8886694 -0.3987042 0.260443 -0.8240252 -0.5031421 0.08061915 -0.8356044 -0.5433837 0.5179638 -0.8551198 0.02199399 0.4951491 -0.8643125 0.08826899 0.6104328 -0.7581662 0.2292509 0.6096735 -0.7685616 0.1939365 0.8052988 -0.05340123 0.5904592 0.8491203 -0.005809962 0.5281677 0.8515883 0.1194429 0.5104223 0.7418508 0.1368659 0.6564489 0.8909487 0.4486742 0.07001465 0.9136423 0.3785682 0.1481354 0.8656537 0.4349706 0.2478795 0.8511449 0.5207042 0.06648015 0.8491563 0.5182054 -0.1019657 0.851129 0.5207359 0.06643509 0.8168079 0.5741391 -0.05647474 0.8491393 0.5182366 -0.1019468 0.2496283 0.9626086 -0.1052163 0.4390866 0.835958 -0.329207 0.339844 0.910593 -0.2352159 0.2182409 0.9758921 0.0023759 0.1407946 0.9871692 0.07532662 0.1407653 0.9871755 0.07529765 0.08128517 0.996002 -0.03705239 0.249603 0.9626166 -0.1052034 -0.1297544 0.8607115 0.4922802 -0.1036418 0.8288816 0.5497398 -0.2485758 0.7156431 0.6527366 -0.2445181 0.7405537 0.6259322 -0.3034132 0.8468672 0.4367569 -0.3650271 0.8458181 0.3890335 -0.4943012 0.7707015 0.4021018 -0.4735012 0.6750168 0.5658171 -0.7785128 0.6222367 0.08209282 -0.7094225 0.6977126 0.09958356 -0.7475837 0.6396758 0.1786996 -0.788176 0.5914468 0.1702038 -0.798056 0.602161 0.02256125 -0.8084005 0.5883115 -0.01944446 -0.9894474 -0.1447396 0.006657838 -0.9914517 -0.02773356 0.127493 -0.9618946 -0.2198291 0.162585 -0.9371048 -0.3417468 0.07101929 -0.8801469 -0.4224064 0.216597 -0.8801317 -0.4224659 0.2165425 -0.8531734 -0.5106471 0.1064652 -0.9370987 -0.3417611 0.07103157 -0.535889 -0.6426058 0.5476136 -0.5198264 -0.5800231 0.6271793 -0.5361094 -0.6436042 0.5462237 -0.5361208 -0.6436233 0.5461901 -0.5457193 -0.6943271 0.4691485 -0.5358902 -0.642631 0.5475829 -0.07248121 -0.6989966 0.7114425 -0.04624879 -0.6653332 0.7451127 0.7693194 -0.4092758 0.4905521 0.810158 -0.4394485 0.3879807 0.7328119 -0.5563269 0.3917743 0.5876241 -0.6011794 0.5415546 0.6186109 -0.7799851 0.09457135 0.7336644 -0.676853 -0.06005483 0.6713258 -0.7405878 0.0291782 0.6712661 -0.7406386 0.02926397 0.5432022 -0.8206775 0.1772565 0.618574 -0.7800081 0.09462398 0.5635711 -0.7648238 -0.3121412 0.6416236 -0.6389367 -0.4243572 0.6129016 -0.6922417 -0.3809897 0.6129028 -0.6922523 -0.3809685 0.5299063 -0.8045694 -0.2680812 0.5635592 -0.7648367 -0.3121316 -0.2308433 -0.8952989 -0.3809872 -0.2806717 -0.8608981 -0.4243558 -0.1538919 -0.9374898 -0.3121383 -0.1538646 -0.9374992 -0.3121234 -0.105821 -0.9575698 -0.2680708 -0.2308132 -0.895311 -0.3809771 -0.2950216 -0.9240868 0.2429527 -0.1103433 -0.9779607 0.177249 -0.2608372 -0.9649407 0.02921342 -0.4550833 -0.758487 0.4664726 -0.5679734 -0.6054564 0.5575203 -0.3328069 -0.9372112 0.1042829 -0.4400858 -0.735439 0.5152224 -0.4139752 -0.7710844 0.4837906 -0.2561442 -0.8715059 0.4181718 -0.2118338 -0.8178918 0.5349575 -0.02779597 -0.9988036 -0.04023379 -0.07828301 -0.9927431 -0.09128445 -0.01316589 -0.99959 -0.02542865 0.05635219 -0.9973967 0.0449931 -0.05498099 -0.8450332 -0.5318798 -0.1160916 -0.8280515 -0.5485013 -0.03315341 -0.8502023 -0.5254111 -0.03311842 -0.8502113 -0.5253989 0.05173045 -0.8658916 -0.4975498 -0.05490249 -0.845056 -0.5318515 0.9603468 -0.08889824 -0.264256 0.8300092 -0.06044632 -0.5544646 0.8752363 -0.05227971 -0.480862 0.9767563 -0.1216449 -0.1764931 0.9911385 -0.1326323 0.007297396 0.9911423 -0.132605 0.007275044 0.9962897 -0.06509834 -0.0562967 0.9603685 -0.0888859 -0.2641811 0.8832684 0.11211 0.4552672 0.8194692 0.07239317 0.5685328 0.7718424 0.3107827 0.5546832 0.8044646 0.2807569 0.5234619 -0.5598273 -0.4717479 0.6812103 -0.5727387 -0.5523956 0.6056646 -0.453944 -0.6024052 0.6565385 -0.323176 -0.518442 0.7916914 -0.276932 -0.8602201 0.4281706 -0.3554338 -0.8768619 0.3236975 -0.2220292 -0.8408802 0.4935824 -0.1424015 -0.8030155 0.5786951 -0.1910927 -0.979418 0.06499278 -0.2400176 -0.9707684 4.82898e-4 -0.1202496 -0.9805861 0.15489 -0.1202043 -0.980587 0.1549198 -0.07439702 -0.9746625 0.2109458 -0.1910653 -0.9794204 0.06503701 0.615749 -0.7852538 0.06503671 0.5096935 -0.8340944 0.210949 0.5531824 -0.8185276 0.1549249 0.5532244 -0.8185066 0.1548864 0.6554125 -0.755271 4.80696e-4 0.6157869 -0.7852272 0.06499761 0.6379889 -0.6400314 0.4281706 0.492158 -0.6502975 0.5787001 0.6347854 -0.5061009 0.5838747 0.7222294 -0.02710455 0.6911224 0.6946343 -0.2266646 0.6827199 0.6889818 -0.5587936 0.4615778 0.7604577 -0.6488682 0.02596467 0.756572 -0.6536109 0.01979708 0.7645873 -0.6442156 0.01981294 0.7605508 -0.6489782 0.01974338 0.7605815 -0.6487229 0.02597004 0.9966392 -0.07769048 0.02597147 0.9962787 -0.08385622 0.01992481 0.997238 -0.07158368 0.01980179 0.9967799 -0.07770794 0.01978135 0.9966229 -0.07790344 0.02596032 0.8521601 0.5226367 0.0259633 0.855471 0.5174725 0.01979297 0.8490397 0.5279575 0.01981061 0.8522774 0.5227175 0.01974201 0.8519013 0.5230575 0.02598315 0.8519013 0.5230575 0.02598309 0.3820127 0.9237924 0.02596503 0.3877455 0.9215521 0.01988244 0.3763285 0.9262746 0.0198068 0.3820208 0.923942 0.01978135 0.381985 0.9238038 0.02596372 -0.2339809 0.9718944 0.0259689 -0.2280293 0.9734523 0.01983779 -0.2400387 0.9705612 0.01980805 -0.2339711 0.9720433 0.01973092 -0.2337257 0.9719561 0.02595746 -0.2340514 0.9718772 0.02597552 -0.2312227 0.9727921 0.01455003 -0.2295973 0.9730443 0.02167731 0.3779567 0.9255734 0.02151119 -0.2290826 0.9732152 0.01932281 -0.2385206 0.9709461 0.01927518 0.3775473 0.9257884 0.01933521 0.3780852 0.9256297 0.01616632 0.3865103 0.9220824 0.01933485 0.8496609 0.5269768 0.01928579 0.8544782 0.5190351 0.02167451 0.849406 0.5274134 0.01856625 0.8547353 0.5187044 0.01932597 0.9971424 -0.07302784 0.01933974 0.9966598 -0.07800489 0.02417939 0.9964407 -0.08268475 0.01641267 0.9963871 -0.08269643 0.01934337 0.7637255 -0.645253 0.01928675 0.7577344 -0.6522037 0.02165383 0.7590213 -0.6509065 0.01440721 0.7574247 -0.6526365 0.01932603 0.2386929 -0.9709032 0.01930272 0.2296135 -0.9730414 0.0216397 0.2295381 -0.9731616 0.01639431 0.2292592 -0.9731733 0.01933914 -0.3775544 -0.9257855 0.01934307 -0.3779523 -0.9255747 0.02153533 -0.3780819 -0.9256315 0.01613676 -0.3865163 -0.9220797 0.01934695 -0.8497274 -0.526871 0.01924723 -0.8543943 -0.5191712 0.02172058 -0.8524997 -0.5225477 0.01372456 -0.382079 -0.9239276 0.01933181 -0.3942342 -0.9190086 0.00164628 -0.3699991 -0.929031 0.001520991 -0.8523415 -0.5229837 0.001446843 -0.8548024 -0.5185936 0.01932853 -0.3821493 -0.9240995 0.001454234 0.2212552 -0.9752147 0.001610338 0.21985 -0.9755305 0.002497911 0.2219449 -0.9749996 0.01078647 -0.3703617 -0.9288317 0.01019388 0.2467489 -0.9690783 0.001518547 0.233961 -0.9720537 0.01933515 0.752189 -0.6589455 0.001637518 0.7701316 -0.6378787 0.002861142 0.7525072 -0.6584969 0.01071441 0.76921 -0.6389944 0.001522123 0.7606173 -0.6489127 0.01933395 0.2339934 -0.9722371 0.001455128 0.9958503 -0.09099203 0.001649677 0.9979818 -0.06343412 0.002906084 0.9958426 -0.09045577 0.01073783 0.9978942 -0.06484615 0.001524448 0.9967759 -0.07787162 0.01933336 0.7607449 -0.6490494 0.001447916 0.8591169 0.5117768 0.00162059 0.859823 0.5105862 0.002507269 0.8586704 0.5124147 0.01079249 0.8454039 0.5341255 0.0015226 0.8522021 0.5228556 0.01933354 0.9969586 -0.07791984 0.00145775 0.3942267 0.9190118 0.001641452 0.3686691 0.9295563 0.002842068 0.3703439 0.9288388 0.01020038 0.3699916 0.9290339 0.001523792 0.3820719 0.9239305 0.01933032 0.8523073 0.5230394 0.001448869 -0.2212936 0.9752059 0.001648128 -0.2481253 0.9687237 0.00286144 -0.221749 0.9750449 0.01071345 -0.246697 0.9690915 0.001523435 -0.2339338 0.9720602 0.0193358 0.3821532 0.9240978 0.001457095 -0.2339419 0.9722455 0.003145635 -0.2339832 0.9720602 0.01873564 -0.2339851 0.9720592 0.01875847 0.3820452 0.923954 0.01871877 -0.2339399 0.9720728 0.01862102 -0.2339431 0.9721613 0.01316124 -0.2339454 0.9721606 0.01316142 0.3821283 0.9240157 0.01315915 0.3821167 0.9239237 0.01875954 0.382116 0.9239245 0.01873677 0.3822607 0.9240491 0.003149092 0.3821289 0.9240155 0.01315879 0.8522714 0.5229346 0.01315855 0.8522144 0.5228567 0.01875352 0.852214 0.5228579 0.01873064 0.8524041 0.522874 0.003184437 0.8522166 0.5228617 0.01850873 0.852271 0.5229352 0.01315844 0.9968754 -0.07788795 0.01315885 0.9967921 -0.07780516 0.01876121 0.9967923 -0.07780784 0.01873832 0.996956 -0.07790368 0.003149867 0.9967912 -0.07782125 0.01874172 0.9968751 -0.07789081 0.0131585 0.7606542 -0.6490241 0.01315373 0.7605911 -0.6489604 0.01875674 0.7605913 -0.6489607 0.01873403 0.7606658 -0.6491361 0.00314629 0.7605748 -0.6489831 0.01862609 0.7606568 -0.649021 0.01315432 0.2339271 -0.9721651 0.01316004 0.2338629 -0.9720889 0.01874601 0.2338646 -0.9720889 0.01872354 0.2338196 -0.972275 0.003133058 0.2339387 -0.9720711 0.01872247 0.2339323 -0.9721638 0.0131607 -0.3819832 -0.9240755 0.01316839 -0.3820114 -0.9239674 0.01875776 -0.3820093 -0.9239686 0.01873522 -0.3821556 -0.9240927 0.003146052 -0.3820775 -0.923941 0.01870757 -0.3686863 -0.9295496 0.00283724 -0.8522292 -0.5228374 0.018615 -0.8587074 -0.5123533 0.01076132 -0.8598501 -0.5105407 0.002493381 -0.8591381 -0.5117413 0.001621663 -0.8454262 -0.5340903 0.001518428 -0.3819874 -0.9240738 0.01316761 -0.8523565 -0.5227957 0.01315671 -0.8522479 -0.5228019 0.0187543 -0.8522498 -0.5227998 0.01873111 -0.852323 -0.5230061 0.003179311 -0.3821983 -0.9240624 0.005757808 -0.3821948 -0.9240639 0.005758345 -0.8523321 -0.5229693 0.005773127 -0.8523547 -0.5227988 0.01315718 0.2340479 -0.972208 0.005776822 0.2339094 -0.9720686 0.01921451 0.2339135 -0.9720675 0.01921492 -0.3820873 -0.9239264 0.01921772 0.234048 -0.9722079 0.005776762 0.76078 -0.6489843 0.005773186 0.7606181 -0.6489154 0.01921552 0.7606177 -0.6489157 0.01921528 0.7607787 -0.6489858 0.005772829 0.9969431 -0.07791882 0.00576359 0.9967796 -0.07785201 0.01922017 0.9967797 -0.07785087 0.01921999 0.996943 -0.07792007 0.00576353 0.8523371 0.522961 0.005770564 0.852216 0.5228375 0.01921135 0.8522166 0.5228363 0.01921111 0.852336 0.5229629 0.005770802 0.3821963 0.9240632 0.005768179 0.3821006 0.9239209 0.019216 0.3821021 0.9239203 0.01921594 0.3821965 0.9240632 0.005768358 -0.2339454 0.9722326 0.005763113 -0.234006 0.9720453 0.01921761 -0.2340063 0.9720451 0.01921766 -0.2339422 0.9722334 0.005762994 -0.2337957 0.9715629 0.03748565 -0.233796 0.9715628 0.03748548 0.3819044 0.9234411 0.03749024 -0.2338976 0.9717442 0.03170263 -0.2338972 0.9717443 0.03170251 0.3820008 0.9236184 0.03169101 0.3819053 0.9234408 0.03748983 0.3820041 0.9236171 0.03169071 0.8519229 0.5227078 0.03168779 0.851734 0.5226314 0.03749197 0.8517339 0.5226316 0.03749209 0.851925 0.5227043 0.03168809 0.9964622 -0.07783943 0.03168958 0.9962592 -0.07786077 0.03748935 0.9962591 -0.07786113 0.03748923 0.9964622 -0.07783865 0.03169006 0.7603613 -0.6487271 0.03168708 0.7602596 -0.6485363 0.03749805 0.760258 -0.6485382 0.03749769 0.7603579 -0.6487311 0.03168612 0.2338213 -0.9717633 0.03168368 0.2337827 -0.9715658 0.03749132 0.2337818 -0.971566 0.03749102 0.2338247 -0.9717624 0.03168505 -0.3819186 -0.9236524 0.0316928 -0.381883 -0.9234501 0.03749042 -0.3818807 -0.923451 0.03749084 -0.3820846 -0.9239276 0.01921814 -0.8517779 -0.52256 0.03749048 -0.8522135 -0.5228415 0.01921111 -0.8522146 -0.5228397 0.01921105 -0.85233 -0.5229726 0.005773484 -0.3819221 -0.923651 0.03169226 -0.8519204 -0.5227115 0.03169214 -0.8517764 -0.5225623 0.0374909 -0.3818255 -0.9232742 0.04212212 -0.3818247 -0.9232744 0.04212391 0.2337751 -0.9713773 0.04213583 0.2337689 -0.9713788 0.04213523 -0.3809192 -0.9209702 0.08194369 0.2331749 -0.9689764 0.08193993 -0.380921 -0.9209693 0.0819447 0.2331647 -0.9689791 0.08193641 0.7582332 -0.6468136 0.08194285 0.7582437 -0.6468012 0.08194309 0.7600613 -0.6484841 0.04213404 0.760053 -0.6484937 0.04213637 0.996077 -0.0778225 0.04212242 0.9960768 -0.07782477 0.04212379 0.993606 -0.07766479 0.08194661 0.851597 0.5225012 0.04213148 0.8515964 0.5225023 0.04213154 0.8494874 0.5212067 0.0819441 0.9936057 -0.0776689 0.08194738 0.8494915 0.5212003 0.08194273 0.3808802 0.9209864 0.08194166 0.3808732 0.9209893 0.08194059 0.3818787 0.9232517 0.04213052 0.3818872 0.9232482 0.04213142 -0.2337807 0.9713764 0.04212439 -0.233779 0.9713767 0.04212653 -0.2331656 0.9689784 0.08194309 -0.7601101 0.648427 0.0421341 -0.2331618 0.9689792 0.08194482 -0.8494889 -0.5212054 0.08193713 -0.8522255 -0.5228171 0.01934087 -0.2339944 0.9722369 0.0014382 1.01425e-5 -7.33651e-5 1 1.51712e-6 -6.85923e-5 1 9.01449e-6 -7.2741e-5 1 1.77263e-5 -7.75616e-5 1 -4.6091e-5 -5.80194e-5 1 -4.8548e-5 -4.87542e-5 1 -4.64123e-5 -5.68078e-5 1 -4.39306e-5 -6.61659e-5 1 -7.27206e-5 -1.29407e-5 1 -6.86501e-5 -5.17577e-6 1 -7.21883e-5 -1.19253e-5 1 -7.62996e-5 -1.9768e-5 1 -6.52244e-5 3.52593e-5 1 -5.61338e-5 3.87705e-5 1 -6.40356e-5 3.57185e-5 1 -7.32173e-5 3.21721e-5 1</float_array>
          <technique_common>
            <accessor source="#palm_straightMesh_007-mesh-normals-array" count="1610" stride="3">
              <param name="X" type="float"/>
              <param name="Y" type="float"/>
              <param name="Z" type="float"/>
            </accessor>
          </technique_common>
        </source>
        <source id="palm_straightMesh_007-mesh-map-0">
          <float_array id="palm_straightMesh_007-mesh-map-0-array" count="7320">0.7980036 0.2518131 0.7953591 0.3492198 0.7980036 0.3492198 0.7980036 0.3492198 0.8006531 0.2518131 0.7980036 0.2518131 0.7953591 0.3492198 0.7980036 0.2518131 0.7953591 0.2518131 0.7927094 0.3492198 0.7953591 0.2518131 0.7927094 0.2518131 0.7953591 0.2518131 0.7927094 0.3492198 0.7953591 0.3492198 0.7900598 0.3492198 0.7927094 0.2518131 0.7900652 0.2518131 0.7927094 0.2518131 0.7900598 0.3492198 0.7927094 0.3492198 0.7874154 0.3492198 0.7900652 0.2518131 0.7874154 0.2518131 0.7900652 0.2518131 0.7874154 0.3492198 0.7900598 0.3492198 0.7847658 0.3492649 0.7874154 0.2518131 0.7847658 0.2518131 0.7874154 0.2518131 0.7847658 0.3492649 0.7874154 0.3492198 0.7821214 0.3493102 0.7847658 0.2518131 0.7821214 0.2518131 0.7847658 0.2518131 0.7821214 0.3493102 0.7847658 0.3492649 0.7794716 0.3494456 0.7821214 0.2518131 0.7794716 0.2518131 0.7821214 0.2518131 0.7794716 0.3494456 0.7821214 0.3493102 0.8032975 0.3493102 0.8059473 0.2518131 0.8032975 0.2518131 0.8059473 0.2518131 0.8032975 0.3493102 0.8059473 0.3494456 0.8006531 0.3492649 0.8032975 0.2518131 0.8006531 0.2518131 0.8032975 0.2518131 0.8006531 0.3492649 0.8032975 0.3493102 0.8006531 0.2518131 0.7980036 0.3492198 0.8006531 0.3492649 0.7980036 0.3492198 0.8006531 0.4504215 0.8006531 0.3492649 0.8006531 0.3492649 0.8032975 0.4505119 0.8032975 0.3493102 0.8032975 0.4505119 0.8006531 0.3492649 0.8006531 0.4504215 0.8006479 0.5483251 0.8032975 0.4505119 0.8006531 0.4504215 0.8032975 0.4505119 0.8006479 0.5483251 0.8032975 0.5484155 0.8032975 0.5484155 0.8059473 0.4507378 0.8032975 0.4505119 0.8059473 0.4507378 0.8032975 0.3493102 0.8032975 0.4505119 0.8059473 0.4507378 0.8032975 0.5484155 0.8059473 0.548551 0.7794716 0.548551 0.7821214 0.4505119 0.7794716 0.4507378 0.7821214 0.4505119 0.7794716 0.3494456 0.7794716 0.4507378 0.8032975 0.3493102 0.8059473 0.4507378 0.8059473 0.3494456 0.7821214 0.4505119 0.7794716 0.548551 0.7821214 0.5484155 0.7821214 0.5484155 0.7847658 0.4504215 0.7821214 0.4505119 0.7847658 0.4504215 0.7821214 0.3493102 0.7821214 0.4505119 0.7794716 0.3494456 0.7821214 0.4505119 0.7821214 0.3493102 0.7847658 0.4504215 0.7821214 0.5484155 0.7847709 0.5483251 0.7847709 0.5483251 0.7874154 0.4503763 0.7847658 0.4504215 0.7874154 0.4503763 0.7847658 0.3492649 0.7847658 0.4504215 0.7821214 0.3493102 0.7847658 0.4504215 0.7847658 0.3492649 0.7874154 0.4503763 0.7847709 0.5483251 0.7874154 0.54828 0.7874154 0.54828 0.7900598 0.4503311 0.7874154 0.4503763 0.7900598 0.4503311 0.7874154 0.3492198 0.7874154 0.4503763 0.7847658 0.3492649 0.7874154 0.4503763 0.7874154 0.3492198 0.7900598 0.4503311 0.7874154 0.54828 0.7900652 0.54828 0.7900652 0.54828 0.7927094 0.4503311 0.7900598 0.4503311 0.7927094 0.4503311 0.7900598 0.3492198 0.7900598 0.4503311 0.7874154 0.3492198 0.7900598 0.4503311 0.7900598 0.3492198 0.7927094 0.4503311 0.7900652 0.54828 0.7927094 0.5482348 0.7927094 0.5482348 0.7953591 0.4503311 0.7927094 0.4503311 0.7953591 0.4503311 0.7927094 0.3492198 0.7927094 0.4503311 0.7900598 0.3492198 0.7927094 0.4503311 0.7927094 0.3492198 0.7953591 0.4503311 0.7927094 0.5482348 0.7953591 0.54828 0.7953591 0.54828 0.7980036 0.4503763 0.7953591 0.4503311 0.7980036 0.4503763 0.7953591 0.3492198 0.7953591 0.4503311 0.7927094 0.3492198 0.7953591 0.4503311 0.7953591 0.3492198 0.7980036 0.4503763 0.7953591 0.54828 0.7980036 0.54828 0.7980036 0.54828 0.8006531 0.4504215 0.7980036 0.4503763 0.8006531 0.4504215 0.7980036 0.3492198 0.7980036 0.4503763 0.7953591 0.3492198 0.7980036 0.4503763 0.7980036 0.3492198 0.8006531 0.4504215 0.7980036 0.54828 0.8006479 0.5483251 0.7980036 0.6464547 0.8006479 0.5483251 0.7980036 0.54828 0.7953591 0.6464547 0.7980036 0.54828 0.7953591 0.54828 0.7980036 0.54828 0.7953591 0.6464547 0.7980036 0.6464547 0.7953591 0.54828 0.7927094 0.6464096 0.7953591 0.6464547 0.7927094 0.2255664 0.7953591 0.3170706 0.7953591 0.2256073 0.7953591 0.2256073 0.7980036 0.3170706 0.7980036 0.2256073 0.7980036 0.3170706 0.7953591 0.2256073 0.7953591 0.3170706 0.7980036 0.3170706 0.7953591 0.405142 0.7980036 0.4051829 0.7980036 0.4051829 0.8006531 0.3171116 0.7980036 0.3170706 0.8006531 0.3171116 0.7980036 0.2256073 0.7980036 0.3170706 0.7953591 0.405142 0.7980036 0.3170706 0.7953591 0.3170706 0.7953591 0.3170706 0.7927094 0.405142 0.7953591 0.405142 0.7927094 0.5395172 0.7953591 0.405142 0.7927094 0.405142 0.7953591 0.5395172 0.7980036 0.4051829 0.7953591 0.405142 0.7953591 0.405142 0.7927094 0.5395172 0.7953591 0.5395172 0.7927094 0.6738107 0.7953591 0.5395172 0.7927094 0.5395172 0.7980036 0.4051829 0.7953591 0.5395172 0.7980036 0.5395172 0.7953591 0.6738515 0.7980036 0.5395172 0.7953591 0.5395172 0.7953591 0.5395172 0.7927094 0.6738107 0.7953591 0.6738515 0.7927094 0.3742686 0.7953591 0.2258996 0.7927094 0.2258545 0.7980036 0.5395172 0.7953591 0.6738515 0.7980036 0.6738515 0.7953591 0.3742686 0.7980036 0.2258996 0.7953591 0.2258996 0.7953591 0.2258996 0.7927094 0.3742686 0.7953591 0.3742686 0.7927094 0.5226376 0.7953591 0.3742686 0.7927094 0.3742686 0.7980036 0.2258996 0.7953591 0.3742686 0.7980036 0.3742686 0.7953591 0.5226376 0.7980036 0.3742686 0.7953591 0.3742686 0.7953591 0.3742686 0.7927094 0.5226376 0.7953591 0.5226376 0.7927094 0.6710517 0.7953591 0.5226376 0.7927094 0.5226376 0.7980036 0.3742686 0.7953591 0.5226376 0.7980036 0.5226828 0.7953591 0.6710517 0.7980036 0.5226828 0.7953591 0.5226376 0.7953591 0.5226376 0.7927094 0.6710517 0.7953591 0.6710517 0.7927094 0.3764966 0.7953591 0.2280825 0.7927094 0.2280825 0.7980036 0.5226828 0.7953591 0.6710517 0.7980036 0.6710517 0.7953591 0.3764966 0.7980036 0.2280825 0.7953591 0.2280825 0.7953591 0.2280825 0.7927094 0.3764966 0.7953591 0.3764966 0.7927094 0.5248656 0.7953591 0.3764966 0.7927094 0.3764966 0.7980036 0.2280825 0.7953591 0.3764966 0.7980036 0.3764966 0.7953591 0.5248656 0.7980036 0.3764966 0.7953591 0.3764966 0.7953591 0.3764966 0.7927094 0.5248656 0.7953591 0.5248656 0.7927094 0.6732345 0.7953591 0.5248656 0.7927094 0.5248656 0.7980036 0.3764966 0.7953591 0.5248656 0.7980036 0.5248656 0.7953591 0.6732345 0.7980036 0.5248656 0.7953591 0.5248656 0.7953591 0.5248656 0.7927094 0.6732345 0.7953591 0.6732345 0.7927094 0.3760321 0.7953591 0.227618 0.7927094 0.227618 0.7980036 0.5248656 0.7953591 0.6732345 0.7980036 0.6732345 0.7953591 0.3760321 0.7980036 0.227618 0.7953591 0.227618 0.7953591 0.227618 0.7927094 0.3760321 0.7953591 0.3760321 0.7927094 0.5244011 0.7953591 0.3760321 0.7927094 0.3760321 0.7980036 0.227618 0.7953591 0.3760321 0.7980036 0.3760321 0.7953591 0.5244011 0.7980036 0.3760321 0.7953591 0.3760321 0.7953591 0.3760321 0.7927094 0.5244011 0.7953591 0.5244011 0.7927094 0.67277 0.7953591 0.5244011 0.7927094 0.5244011 0.7980036 0.3760321 0.7953591 0.5244011 0.7980036 0.5244011 0.7953591 0.67277 0.7980036 0.5244011 0.7953591 0.5244011 0.7953591 0.5244011 0.7927094 0.67277 0.7953591 0.67277 0.7980036 0.5244011 0.7953591 0.67277 0.7980036 0.67277 0.7980036 0.67277 0.8006531 0.5244011 0.7980036 0.5244011 0.8006531 0.5244011 0.7980036 0.67277 0.8006531 0.67277 0.8006531 0.67277 0.8032975 0.5244011 0.8006531 0.5244011 0.8032975 0.5244011 0.8006531 0.67277 0.8032975 0.67277 0.8032975 0.67277 0.8059473 0.5244011 0.8032975 0.5244011 0.8059473 0.5244011 0.8032975 0.67277 0.8059473 0.67277 0.8744512 0.4661921 0.9354147 0.3350428 0.8744512 0.3350428 0.9354147 0.3350428 0.8744512 0.4661921 0.9354147 0.4661921 0.9964064 0.4661921 0.9354147 0.3350428 0.9354147 0.4661921 0.9354147 0.3350428 0.9964064 0.4661921 0.9964064 0.3350428 0.8744512 0.4661921 0.9354147 0.3350428 0.8744512 0.3350428 0.9354147 0.3350428 0.8744512 0.4661921 0.9354147 0.4661921 0.9964064 0.4661921 0.9354147 0.3350428 0.9354147 0.4661921 0.9354147 0.3350428 0.9964064 0.4661921 0.9964064 0.3350428 0.9354147 0.3350428 0.8744512 0.4661921 0.8744512 0.3350428 0.8744512 0.4661921 0.9354147 0.3350428 0.9354147 0.4661921 0.9354147 0.3350428 0.9964064 0.4661921 0.9354147 0.4661921 0.9964064 0.4661921 0.9354147 0.3350428 0.9964064 0.3350428 0.8744512 0.4661921 0.9354147 0.3350428 0.8744512 0.3350428 0.9354147 0.3350428 0.8744512 0.4661921 0.9354147 0.4661921 0.9964064 0.4661921 0.9354147 0.3350428 0.9354147 0.4661921 0.9354147 0.3350428 0.9964064 0.4661921 0.9964064 0.3350428 0.8744512 0.4661921 0.9354147 0.3350428 0.8744512 0.3350428 0.9354147 0.3350428 0.8744512 0.4661921 0.9354147 0.4661921 0.9964064 0.4661921 0.9354147 0.3350428 0.9354147 0.4661921 0.9354147 0.3350428 0.9964064 0.4661921 0.9964064 0.3350428 0.8744512 0.4661921 0.9354147 0.3350428 0.8744512 0.3350428 0.9354147 0.3350428 0.8744512 0.4661921 0.9354147 0.4661921 0.9964064 0.4661921 0.9354147 0.3350428 0.9354147 0.4661921 0.9354147 0.3350428 0.9964064 0.4661921 0.9964064 0.3350428 0.8744512 0.4661921 0.9354147 0.3350428 0.8744512 0.3350428 0.9354147 0.3350428 0.8744512 0.4661921 0.9354147 0.4661921 0.9964064 0.4661921 0.9354147 0.3350428 0.9354147 0.4661921 0.9354147 0.3350428 0.9964064 0.4661921 0.9964064 0.3350428 0.8744512 0.4661921 0.9354147 0.3350428 0.8744512 0.3350428 0.9354147 0.3350428 0.8744512 0.4661921 0.9354147 0.4661921 0.9964064 0.4661921 0.9354147 0.3350428 0.9354147 0.4661921 0.9354147 0.3350428 0.9964064 0.4661921 0.9964064 0.3350428 0.8744512 0.3350428 0.9354147 0.4661921 0.9354147 0.3350428 0.9354147 0.4661921 0.9964064 0.3350428 0.9354147 0.3350428 0.8744512 0.3350428 0.9354147 0.4661921 0.9354147 0.3350428 0.9354147 0.4661921 0.9964064 0.3350428 0.9354147 0.3350428 0.8744512 0.3350428 0.9354147 0.4661921 0.9354147 0.3350428 0.9354147 0.4661921 0.9964064 0.3350428 0.9354147 0.3350428 0.8744512 0.3350428 0.9354147 0.4661921 0.9354147 0.3350428 0.9354147 0.4661921 0.9964064 0.3350428 0.9354147 0.3350428 0.8744512 0.3350428 0.9354147 0.4661921 0.9354147 0.3350428 0.9354147 0.4661921 0.9964064 0.3350428 0.9354147 0.3350428 0.9964064 0.3350428 0.9354147 0.4661921 0.9964064 0.4661921 0.9354147 0.5973412 0.9964064 0.4661921 0.9354147 0.4661921 0.9964064 0.4661921 0.9354147 0.5973412 0.9964064 0.5973412 0.9354147 0.7284905 0.9964064 0.5973412 0.9354147 0.5973412 0.9964064 0.5973412 0.9354147 0.7284905 0.9964064 0.7284905 0.9354147 0.8596396 0.9964064 0.7284905 0.9354147 0.7284905 0.9964064 0.7284905 0.9354147 0.8596396 0.9964064 0.8596396 0.9354147 0.9907885 0.9964064 0.8596396 0.9354147 0.8596396 0.9964064 0.8596396 0.9354147 0.9907885 0.9964064 0.9907885 0.9354147 0.9907885 0.8744512 0.8596396 0.8744512 0.9907885 0.8744512 0.8596396 0.9354147 0.9907885 0.9354147 0.8596396 0.9354147 0.8596396 0.8744512 0.7284905 0.8744512 0.8596396 0.8744512 0.7284905 0.9354147 0.8596396 0.9354147 0.7284905 0.9354147 0.7284905 0.8744512 0.5973412 0.8744512 0.7284905 0.8744512 0.5973412 0.9354147 0.7284905 0.9354147 0.5973412 0.9354147 0.5973412 0.8744512 0.4661921 0.8744512 0.5973412 0.8744512 0.4661921 0.9354147 0.5973412 0.9354147 0.4661921 0.9354147 0.4661921 0.8744512 0.3350428 0.8744512 0.4661921 0.9964064 0.3350428 0.9354147 0.4661921 0.9964064 0.4661921 0.9354147 0.5973412 0.9964064 0.4661921 0.9354147 0.4661921 0.9964064 0.4661921 0.9354147 0.5973412 0.9964064 0.5973412 0.9354147 0.7284905 0.9964064 0.5973412 0.9354147 0.5973412 0.9964064 0.5973412 0.9354147 0.7284905 0.9964064 0.7284905 0.9354147 0.8596396 0.9964064 0.7284905 0.9354147 0.7284905 0.9964064 0.7284905 0.9354147 0.8596396 0.9964064 0.8596396 0.9354147 0.9907885 0.9964064 0.8596396 0.9354147 0.8596396 0.9964064 0.8596396 0.9354147 0.9907885 0.9964064 0.9907885 0.9354147 0.9907885 0.8744512 0.8596396 0.8744512 0.9907885 0.8744512 0.8596396 0.9354147 0.9907885 0.9354147 0.8596396 0.9354147 0.8596396 0.8744512 0.7284905 0.8744512 0.8596396 0.8744512 0.7284905 0.9354147 0.8596396 0.9354147 0.7284905 0.9354147 0.7284905 0.8744512 0.5973412 0.8744512 0.7284905 0.8744512 0.5973412 0.9354147 0.7284905 0.9354147 0.5973412 0.9354147 0.5973412 0.8744512 0.4661921 0.8744512 0.5973412 0.8744512 0.4661921 0.9354147 0.5973412 0.9354147 0.4661921 0.9354147 0.4661921 0.8744512 0.3350428 0.8744512 0.4661921 0.9964064 0.3350428 0.9354147 0.4661921 0.9964064 0.4661921 0.9354147 0.5973412 0.9964064 0.4661921 0.9354147 0.4661921 0.9964064 0.4661921 0.9354147 0.5973412 0.9964064 0.5973412 0.9354147 0.7284905 0.9964064 0.5973412 0.9354147 0.5973412 0.9964064 0.5973412 0.9354147 0.7284905 0.9964064 0.7284905 0.9354147 0.8596396 0.9964064 0.7284905 0.9354147 0.7284905 0.9964064 0.7284905 0.9354147 0.8596396 0.9964064 0.8596396 0.9354147 0.9907885 0.9964064 0.8596396 0.9354147 0.8596396 0.9964064 0.8596396 0.9354147 0.9907885 0.9964064 0.9907885 0.9354147 0.9907885 0.8744512 0.8596396 0.8744512 0.9907885 0.8744512 0.8596396 0.9354147 0.9907885 0.9354147 0.8596396 0.9354147 0.8596396 0.8744512 0.7284905 0.8744512 0.8596396 0.8744512 0.7284905 0.9354147 0.8596396 0.9354147 0.7284905 0.9354147 0.7284905 0.8744512 0.5973412 0.8744512 0.7284905 0.8744512 0.5973412 0.9354147 0.7284905 0.9354147 0.5973412 0.9354147 0.5973412 0.8744512 0.4661921 0.8744512 0.5973412 0.8744512 0.4661921 0.9354147 0.5973412 0.9354147 0.4661921 0.9354147 0.4661921 0.8744512 0.3350428 0.8744512 0.4661921 0.9964064 0.3350428 0.9354147 0.4661921 0.9964064 0.4661921 0.9354147 0.5973412 0.9964064 0.4661921 0.9354147 0.4661921 0.9964064 0.4661921 0.9354147 0.5973412 0.9964064 0.5973412 0.9354147 0.7284905 0.9964064 0.5973412 0.9354147 0.5973412 0.9964064 0.5973412 0.9354147 0.7284905 0.9964064 0.7284905 0.9354147 0.8596396 0.9964064 0.7284905 0.9354147 0.7284905 0.9964064 0.7284905 0.9354147 0.8596396 0.9964064 0.8596396 0.9354147 0.9907885 0.9964064 0.8596396 0.9354147 0.8596396 0.9964064 0.8596396 0.9354147 0.9907885 0.9964064 0.9907885 0.9354147 0.9907885 0.8744512 0.8596396 0.8744512 0.9907885 0.8744512 0.8596396 0.9354147 0.9907885 0.9354147 0.8596396 0.9354147 0.8596396 0.8744512 0.7284905 0.8744512 0.8596396 0.8744512 0.7284905 0.9354147 0.8596396 0.9354147 0.7284905 0.9354147 0.7284905 0.8744512 0.5973412 0.8744512 0.7284905 0.8744512 0.5973412 0.9354147 0.7284905 0.9354147 0.5973412 0.9354147 0.5973412 0.8744512 0.4661921 0.8744512 0.5973412 0.8744512 0.4661921 0.9354147 0.5973412 0.9354147 0.4661921 0.9354147 0.4661921 0.8744512 0.3350428 0.8744512 0.4661921 0.9964064 0.3350428 0.9354147 0.4661921 0.9964064 0.4661921 0.9354147 0.5973412 0.9964064 0.4661921 0.9354147 0.4661921 0.9964064 0.4661921 0.9354147 0.5973412 0.9964064 0.5973412 0.9354147 0.7284905 0.9964064 0.5973412 0.9354147 0.5973412 0.9964064 0.5973412 0.9354147 0.7284905 0.9964064 0.7284905 0.9354147 0.8596396 0.9964064 0.7284905 0.9354147 0.7284905 0.9964064 0.7284905 0.9354147 0.8596396 0.9964064 0.8596396 0.9354147 0.9907885 0.9964064 0.8596396 0.9354147 0.8596396 0.9964064 0.8596396 0.9354147 0.9907885 0.9964064 0.9907885 0.9354147 0.9907885 0.8744512 0.8596396 0.8744512 0.9907885 0.8744512 0.8596396 0.9354147 0.9907885 0.9354147 0.8596396 0.9354147 0.8596396 0.8744512 0.7284905 0.8744512 0.8596396 0.8744512 0.7284905 0.9354147 0.8596396 0.9354147 0.7284905 0.9354147 0.7284905 0.8744512 0.5973412 0.8744512 0.7284905 0.8744512 0.5973412 0.9354147 0.7284905 0.9354147 0.5973412 0.9354147 0.5973412 0.8744512 0.4661921 0.8744512 0.5973412 0.8744512 0.4661921 0.9354147 0.5973412 0.9354147 0.4661921 0.9354147 0.4661921 0.8744512 0.3350428 0.8744512 0.4661921 0.9354147 0.4661921 0.9964064 0.5973412 0.9964064 0.4661921 0.9964064 0.5973412 0.9354147 0.4661921 0.9354147 0.5973412 0.9354147 0.5973412 0.9964064 0.7284905 0.9964064 0.5973412 0.9964064 0.7284905 0.9354147 0.5973412 0.9354147 0.7284905 0.9354147 0.8596396 0.9964064 0.7284905 0.9354147 0.7284905 0.9964064 0.7284905 0.9354147 0.8596396 0.9964064 0.8596396 0.9354147 0.9907885 0.9964064 0.8596396 0.9354147 0.8596396 0.9964064 0.8596396 0.9354147 0.9907885 0.9964064 0.9907885 0.9354147 0.9907885 0.8744512 0.8596396 0.8744512 0.9907885 0.8744512 0.8596396 0.9354147 0.9907885 0.9354147 0.8596396 0.9354147 0.8596396 0.8744512 0.7284905 0.8744512 0.8596396 0.8744512 0.7284905 0.9354147 0.5973412 0.8744512 0.5973412 0.9354147 0.5973412 0.8744512 0.7284905 0.9354147 0.7284905 0.8744512 0.7284905 0.9354147 0.8596396 0.9354147 0.7284905 0.8744512 0.5973412 0.9354147 0.4661921 0.8744512 0.4661921 0.9354147 0.4661921 0.8744512 0.5973412 0.9354147 0.5973412 0.9354147 0.4661921 0.9964064 0.5973412 0.9964064 0.4661921 0.9964064 0.5973412 0.9354147 0.4661921 0.9354147 0.5973412 0.9354147 0.5973412 0.9964064 0.7284905 0.9964064 0.5973412 0.9964064 0.7284905 0.9354147 0.5973412 0.9354147 0.7284905 0.9354147 0.8596396 0.9964064 0.7284905 0.9354147 0.7284905 0.9964064 0.7284905 0.9354147 0.8596396 0.9964064 0.8596396 0.9354147 0.9907885 0.9964064 0.8596396 0.9354147 0.8596396 0.9964064 0.8596396 0.9354147 0.9907885 0.9964064 0.9907885 0.9354147 0.9907885 0.8744512 0.8596396 0.8744512 0.9907885 0.8744512 0.8596396 0.9354147 0.9907885 0.9354147 0.8596396 0.9354147 0.8596396 0.8744512 0.7284905 0.8744512 0.8596396 0.8744512 0.7284905 0.9354147 0.5973412 0.8744512 0.5973412 0.9354147 0.5973412 0.8744512 0.7284905 0.9354147 0.7284905 0.8744512 0.7284905 0.9354147 0.8596396 0.9354147 0.7284905 0.8744512 0.5973412 0.9354147 0.4661921 0.8744512 0.4661921 0.9354147 0.4661921 0.8744512 0.5973412 0.9354147 0.5973412 0.9354147 0.4661921 0.9964064 0.5973412 0.9964064 0.4661921 0.9964064 0.5973412 0.9354147 0.4661921 0.9354147 0.5973412 0.9354147 0.7284905 0.9964064 0.5973412 0.9354147 0.5973412 0.9964064 0.5973412 0.9354147 0.7284905 0.9964064 0.7284905 0.9354147 0.8596396 0.9964064 0.7284905 0.9354147 0.7284905 0.9964064 0.7284905 0.9354147 0.8596396 0.9964064 0.8596396 0.9354147 0.9907885 0.9964064 0.8596396 0.9354147 0.8596396 0.9964064 0.8596396 0.9354147 0.9907885 0.9964064 0.9907885 0.9354147 0.8596396 0.8744512 0.9907885 0.9354147 0.9907885 0.8744512 0.9907885 0.9354147 0.8596396 0.8744512 0.8596396 0.9354147 0.8596396 0.8744512 0.7284905 0.8744512 0.8596396 0.8744512 0.7284905 0.9354147 0.8596396 0.9354147 0.7284905 0.9354147 0.7284905 0.8744512 0.5973412 0.8744512 0.7284905 0.8744512 0.5973412 0.9354147 0.4661921 0.8744512 0.4661921 0.9354147 0.4661921 0.8744512 0.5973412 0.9354147 0.5973412 0.8744512 0.5973412 0.9354147 0.7284905 0.9354147 0.5973412 0.9354147 0.4661921 0.9964064 0.5973412 0.9964064 0.4661921 0.9964064 0.5973412 0.9354147 0.4661921 0.9354147 0.5973412 0.9354147 0.7284905 0.9964064 0.5973412 0.9354147 0.5973412 0.9964064 0.5973412 0.9354147 0.7284905 0.9964064 0.7284905 0.9354147 0.8596396 0.9964064 0.7284905 0.9354147 0.7284905 0.9964064 0.7284905 0.9354147 0.8596396 0.9964064 0.8596396 0.9354147 0.9907885 0.9964064 0.8596396 0.9354147 0.8596396 0.9964064 0.8596396 0.9354147 0.9907885 0.9964064 0.9907885 0.9354147 0.8596396 0.8744512 0.9907885 0.9354147 0.9907885 0.8744512 0.9907885 0.9354147 0.8596396 0.8744512 0.8596396 0.9354147 0.8596396 0.8744512 0.7284905 0.8744512 0.8596396 0.8744512 0.7284905 0.9354147 0.8596396 0.9354147 0.7284905 0.9354147 0.7284905 0.8744512 0.5973412 0.8744512 0.7284905 0.8744512 0.5973412 0.9354147 0.4661921 0.8744512 0.4661921 0.9354147 0.4661921 0.8744512 0.5973412 0.9354147 0.5973412 0.8744512 0.5973412 0.9354147 0.7284905 0.9354147 0.5973412 0.9354147 0.4661921 0.9964064 0.5973412 0.9964064 0.4661921 0.9964064 0.5973412 0.9354147 0.4661921 0.9354147 0.5973412 0.9354147 0.7284905 0.9964064 0.5973412 0.9354147 0.5973412 0.9964064 0.5973412 0.9354147 0.7284905 0.9964064 0.7284905 0.9354147 0.8596396 0.9964064 0.7284905 0.9354147 0.7284905 0.9964064 0.7284905 0.9354147 0.8596396 0.9964064 0.8596396 0.9354147 0.8596396 0.9964064 0.9907885 0.9964064 0.8596396 0.9964064 0.9907885 0.9354147 0.8596396 0.9354147 0.9907885 0.9354147 0.9907885 0.8744512 0.8596396 0.8744512 0.9907885 0.8744512 0.8596396 0.9354147 0.9907885 0.9354147 0.8596396 0.9354147 0.8596396 0.8744512 0.7284905 0.8744512 0.8596396 0.8744512 0.7284905 0.9354147 0.8596396 0.9354147 0.7284905 0.9354147 0.7284905 0.8744512 0.5973412 0.8744512 0.7284905 0.8744512 0.5973412 0.9354147 0.7284905 0.9354147 0.5973412 0.9354147 0.5973412 0.8744512 0.4661921 0.8744512 0.5973412 0.8744512 0.4661921 0.9354147 0.5973412 0.9354147 0.4661921 0.9964064 0.5973412 0.9354147 0.4661921 0.9964064 0.4661921 0.9354147 0.4661921 0.9964064 0.5973412 0.9354147 0.5973412 0.9964064 0.5973412 0.9354147 0.7284905 0.9354147 0.5973412 0.9354147 0.7284905 0.9964064 0.5973412 0.9964064 0.7284905 0.9964064 0.7284905 0.9354147 0.8596396 0.9354147 0.7284905 0.9354147 0.8596396 0.9964064 0.7284905 0.9964064 0.8596396 0.9964064 0.8596396 0.9354147 0.9907885 0.9354147 0.8596396 0.9354147 0.9907885 0.9964064 0.8596396 0.9964064 0.9907885 0.9354147 0.9907885 0.8744512 0.8596396 0.9354147 0.8596396 0.8744512 0.8596396 0.9354147 0.9907885 0.8744512 0.9907885 0.8744512 0.7284905 0.9354147 0.8596396 0.8744512 0.8596396 0.9354147 0.5973412 0.8744512 0.7284905 0.8744512 0.5973412 0.8744512 0.7284905 0.9354147 0.5973412 0.9354147 0.7284905 0.9354147 0.8596396 0.8744512 0.7284905 0.9354147 0.7284905 0.9354147 0.4661921 0.8744512 0.5973412 0.8744512 0.4661921 0.8744512 0.5973412 0.9354147 0.4661921 0.9354147 0.5973412 0.9354147 0.4661921 0.9964064 0.5973412 0.9964064 0.4661921 0.9964064 0.5973412 0.9354147 0.4661921 0.9354147 0.5973412 0.9354147 0.7284905 0.9964064 0.5973412 0.9354147 0.5973412 0.9964064 0.5973412 0.9354147 0.7284905 0.9964064 0.7284905 0.9354147 0.8596396 0.9964064 0.7284905 0.9354147 0.7284905 0.9964064 0.7284905 0.9354147 0.8596396 0.9964064 0.8596396 0.9354147 0.9907885 0.9964064 0.8596396 0.9354147 0.8596396 0.9964064 0.8596396 0.9354147 0.9907885 0.9964064 0.9907885 0.9354147 0.8596396 0.8744512 0.9907885 0.9354147 0.9907885 0.8744512 0.9907885 0.9354147 0.8596396 0.8744512 0.8596396 0.9354147 0.8596396 0.8744512 0.7284905 0.8744512 0.8596396 0.8744512 0.7284905 0.9354147 0.8596396 0.9354147 0.7284905 0.9354147 0.7284905 0.8744512 0.5973412 0.8744512 0.7284905 0.8744512 0.5973412 0.9354147 0.4661921 0.8744512 0.4661921 0.9354147 0.4661921 0.8744512 0.5973412 0.9354147 0.5973412 0.8744512 0.5973412 0.9354147 0.7284905 0.9354147 0.5973412 0.9354147 0.4661921 0.9964064 0.5973412 0.9964064 0.4661921 0.9964064 0.5973412 0.9354147 0.4661921 0.9354147 0.5973412 0.9354147 0.7284905 0.9964064 0.5973412 0.9354147 0.5973412 0.9964064 0.5973412 0.9354147 0.7284905 0.9964064 0.7284905 0.9354147 0.8596396 0.9964064 0.7284905 0.9354147 0.7284905 0.9964064 0.7284905 0.9354147 0.8596396 0.9964064 0.8596396 0.9354147 0.9907885 0.9964064 0.8596396 0.9354147 0.8596396 0.9964064 0.8596396 0.9354147 0.9907885 0.9964064 0.9907885 0.9354147 0.9907885 0.8744512 0.8596396 0.8744512 0.9907885 0.8744512 0.8596396 0.9354147 0.9907885 0.9354147 0.8596396 0.9354147 0.8596396 0.8744512 0.7284905 0.8744512 0.8596396 0.8744512 0.7284905 0.9354147 0.5973412 0.8744512 0.5973412 0.9354147 0.5973412 0.8744512 0.7284905 0.9354147 0.7284905 0.8744512 0.7284905 0.9354147 0.8596396 0.9354147 0.7284905 0.8744512 0.5973412 0.9354147 0.4661921 0.8744512 0.4661921 0.9354147 0.4661921 0.8744512 0.5973412 0.9354147 0.5973412 0.7794716 0.67277 0.7821214 0.5244011 0.7794716 0.5244011 0.7821214 0.5244011 0.7794716 0.67277 0.7821214 0.67277 0.7821214 0.67277 0.7847658 0.5244011 0.7821214 0.5244011 0.7847658 0.5244011 0.7821214 0.67277 0.7847658 0.67277 0.7847658 0.67277 0.7874154 0.5244011 0.7847658 0.5244011 0.7874154 0.5244011 0.7847658 0.67277 0.7874154 0.67277 0.7874154 0.67277 0.7900652 0.5244011 0.7874154 0.5244011 0.7900652 0.5244011 0.7874154 0.67277 0.7900652 0.67277 0.7900652 0.67277 0.7927094 0.5244011 0.7900652 0.5244011 0.7927094 0.5244011 0.7900652 0.67277 0.7927094 0.67277 0.7900652 0.5244011 0.7927094 0.3760321 0.7900652 0.3760321 0.7900652 0.3760321 0.7874154 0.5244011 0.7900652 0.5244011 0.7927094 0.3760321 0.7900652 0.5244011 0.7927094 0.5244011 0.7900652 0.3760321 0.7927094 0.227618 0.7900652 0.227618 0.7900652 0.227618 0.7874154 0.3760321 0.7900652 0.3760321 0.7874154 0.5244011 0.7900652 0.3760321 0.7874154 0.3760321 0.7927094 0.227618 0.7900652 0.3760321 0.7927094 0.3760321 0.7874154 0.3760321 0.7900652 0.227618 0.7874154 0.227618 0.7874154 0.227618 0.7847658 0.3760321 0.7874154 0.3760321 0.7847658 0.5244011 0.7874154 0.3760321 0.7847658 0.3760321 0.7874154 0.3760321 0.7847658 0.5244011 0.7874154 0.5244011 0.7847658 0.3760321 0.7874154 0.227618 0.7847658 0.227618 0.7847658 0.227618 0.7821214 0.3760321 0.7847658 0.3760321 0.7821214 0.5244011 0.7847658 0.3760321 0.7821214 0.3760321 0.7847658 0.3760321 0.7821214 0.5244011 0.7847658 0.5244011 0.7821214 0.3760321 0.7847658 0.227618 0.7821214 0.227618 0.7821214 0.227618 0.7794716 0.3760321 0.7821214 0.3760321 0.7794716 0.5244011 0.7821214 0.3760321 0.7794716 0.3760321 0.7821214 0.3760321 0.7794716 0.5244011 0.7821214 0.5244011 0.7794716 0.3760321 0.7821214 0.227618 0.7794716 0.2276632 0.8059473 0.2276632 0.8032975 0.3760321 0.8059473 0.3760321 0.8032975 0.5244011 0.8059473 0.3760321 0.8032975 0.3760321 0.8059473 0.3760321 0.8032975 0.5244011 0.8059473 0.5244011 0.8032975 0.3760321 0.8059473 0.2276632 0.8032975 0.227618 0.8032975 0.227618 0.8006531 0.3760321 0.8032975 0.3760321 0.8006531 0.5244011 0.8032975 0.3760321 0.8006531 0.3760321 0.8032975 0.3760321 0.8006531 0.5244011 0.8032975 0.5244011 0.8006531 0.3760321 0.8032975 0.227618 0.8006531 0.227618 0.8006531 0.227618 0.7980036 0.3760321 0.8006531 0.3760321 0.7980036 0.5244011 0.8006531 0.3760321 0.7980036 0.3760321 0.8006531 0.3760321 0.7980036 0.5244011 0.8006531 0.5244011 0.8006531 0.6732345 0.8032975 0.5248656 0.8006531 0.5248656 0.8006531 0.5248656 0.7980036 0.6732345 0.8006531 0.6732345 0.7980036 0.3760321 0.8006531 0.227618 0.7980036 0.227618 0.8032975 0.5248656 0.8006531 0.6732345 0.8032975 0.6732345 0.8032975 0.5248656 0.8059473 0.3764966 0.8032975 0.3764966 0.8032975 0.3764966 0.8006531 0.5248656 0.8032975 0.5248656 0.8059473 0.3764966 0.8032975 0.5248656 0.8059473 0.5249109 0.8032975 0.6732345 0.8059473 0.5249109 0.8032975 0.5248656 0.7794716 0.5249109 0.7821214 0.3764966 0.7794716 0.3764966 0.7821214 0.3764966 0.7794716 0.5249109 0.7821214 0.5248656 0.7794716 0.6732796 0.7821214 0.5248656 0.7794716 0.5249109 0.8059473 0.5249109 0.8032975 0.6732345 0.8059473 0.6732796 0.7821214 0.5248656 0.7847658 0.3764966 0.7821214 0.3764966 0.7847658 0.3764966 0.7821214 0.5248656 0.7847658 0.5248656 0.7821214 0.6732345 0.7847658 0.5248656 0.7821214 0.5248656 0.7821214 0.5248656 0.7794716 0.6732796 0.7821214 0.6732345 0.7847658 0.5248656 0.7874154 0.3764966 0.7847658 0.3764966 0.7874154 0.3764966 0.7847658 0.5248656 0.7874154 0.5248656 0.7847658 0.6732345 0.7874154 0.5248656 0.7847658 0.5248656 0.7847658 0.5248656 0.7821214 0.6732345 0.7847658 0.6732345 0.7874154 0.5248656 0.7900652 0.3764966 0.7874154 0.3764966 0.7900652 0.3764966 0.7874154 0.5248656 0.7900652 0.5248656 0.7874154 0.6732345 0.7900652 0.5248656 0.7874154 0.5248656 0.7874154 0.5248656 0.7847658 0.6732345 0.7874154 0.6732345 0.7900652 0.5248656 0.7927094 0.3764966 0.7900652 0.3764966 0.7927094 0.3764966 0.7900652 0.5248656 0.7927094 0.5248656 0.7900652 0.6732345 0.7927094 0.5248656 0.7900652 0.5248656 0.7900652 0.5248656 0.7874154 0.6732345 0.7900652 0.6732345 0.7900652 0.3764966 0.7927094 0.2280825 0.7900652 0.2280825 0.7900652 0.2280825 0.7874154 0.3764966 0.7900652 0.3764966 0.7927094 0.2280825 0.7900652 0.3764966 0.7927094 0.3764966 0.7900652 0.6710517 0.7927094 0.5226376 0.7900652 0.5226376 0.7900652 0.5226376 0.7874154 0.6710517 0.7900652 0.6710517 0.7874154 0.3764966 0.7900652 0.2280825 0.7874154 0.2280825 0.7927094 0.5226376 0.7900652 0.6710517 0.7927094 0.6710517 0.7874154 0.6710517 0.7900652 0.5226376 0.7874154 0.5226828 0.7874154 0.5226828 0.7847658 0.6710969 0.7874154 0.6710517 0.7847658 0.3764966 0.7874154 0.2280825 0.7847658 0.2281277 0.7874154 0.2280825 0.7847658 0.3764966 0.7874154 0.3764966 0.7847658 0.6710969 0.7874154 0.5226828 0.7847709 0.5226828 0.7847709 0.5226828 0.7821214 0.6710969 0.7847658 0.6710969 0.7821214 0.3764966 0.7847658 0.2281277 0.7821214 0.2281277 0.7847658 0.2281277 0.7821214 0.3764966 0.7847658 0.3764966 0.7821214 0.6710969 0.7847709 0.5226828 0.7821214 0.5226828 0.7821214 0.5226828 0.7794716 0.6710969 0.7821214 0.6710969 0.7794716 0.3764966 0.7821214 0.2281277 0.7794716 0.2281277 0.7821214 0.2281277 0.7794716 0.3764966 0.7821214 0.3764966 0.7794716 0.6710969 0.7821214 0.5226828 0.7794716 0.5227279 0.8059473 0.5227279 0.8032975 0.6710969 0.8059473 0.6710969 0.8032975 0.3764966 0.8059473 0.2281277 0.8032975 0.2281277 0.8059473 0.2281277 0.8032975 0.3764966 0.8059473 0.3764966 0.8032975 0.6710969 0.8059473 0.5227279 0.8032975 0.5226828 0.8032975 0.5226828 0.8006531 0.6710969 0.8032975 0.6710969 0.8006531 0.3764966 0.8032975 0.2281277 0.8006531 0.2281277 0.8032975 0.2281277 0.8006531 0.3764966 0.8032975 0.3764966 0.8006531 0.2281277 0.7980036 0.3764966 0.8006531 0.3764966 0.7980036 0.5248656 0.8006531 0.3764966 0.7980036 0.3764966 0.8006531 0.5248656 0.8032975 0.3764966 0.8006531 0.3764966 0.8006531 0.3764966 0.7980036 0.5248656 0.8006531 0.5248656 0.8006531 0.6710969 0.8032975 0.5226828 0.8006531 0.5226828 0.8006531 0.5226828 0.7980036 0.6710517 0.8006531 0.6710969 0.7980036 0.3764966 0.8006531 0.2281277 0.7980036 0.2280825 0.8006531 0.5226828 0.8032975 0.3743138 0.8006531 0.3743138 0.8006531 0.3743138 0.7980036 0.5226828 0.8006531 0.5226828 0.7980036 0.6710517 0.8006531 0.5226828 0.7980036 0.5226828 0.8032975 0.3743138 0.8006531 0.5226828 0.8032975 0.5226828 0.8032975 0.3743138 0.8059473 0.2259899 0.8032975 0.2259448 0.8032975 0.2259448 0.8006531 0.3743138 0.8032975 0.3743138 0.8059473 0.2259899 0.8032975 0.3743138 0.8059473 0.3743591 0.8032975 0.5226828 0.8059473 0.3743591 0.8032975 0.3743138 0.7794716 0.3743591 0.7821214 0.2259448 0.7794716 0.2259899 0.7821214 0.2259448 0.7794716 0.3743591 0.7821214 0.3743138 0.7794716 0.5227279 0.7821214 0.3743138 0.7794716 0.3743591 0.8059473 0.3743591 0.8032975 0.5226828 0.8059473 0.5227279 0.7821214 0.3743138 0.7847709 0.2259448 0.7821214 0.2259448 0.7847709 0.2259448 0.7821214 0.3743138 0.7847709 0.3743138 0.7821214 0.5226828 0.7847709 0.3743138 0.7821214 0.3743138 0.7821214 0.3743138 0.7794716 0.5227279 0.7821214 0.5226828 0.7847709 0.3743138 0.7874154 0.2258996 0.7847709 0.2259448 0.7874154 0.2258996 0.7847709 0.3743138 0.7874154 0.3742686 0.7847709 0.5226828 0.7874154 0.3742686 0.7847709 0.3743138 0.7847709 0.3743138 0.7821214 0.5226828 0.7847709 0.5226828 0.7874154 0.3742686 0.7900652 0.2258996 0.7874154 0.2258996 0.7900652 0.2258996 0.7874154 0.3742686 0.7900652 0.3742686 0.7874154 0.5226828 0.7900652 0.3742686 0.7874154 0.3742686 0.7874154 0.3742686 0.7847709 0.5226828 0.7874154 0.5226828 0.7900652 0.3742686 0.7927094 0.2258545 0.7900652 0.2258996 0.7927094 0.2258545 0.7900652 0.3742686 0.7927094 0.3742686 0.7900652 0.5226376 0.7927094 0.3742686 0.7900652 0.3742686 0.7900652 0.3742686 0.7874154 0.5226828 0.7900652 0.5226376 0.7900652 0.6738515 0.7927094 0.5395172 0.7900652 0.5395172 0.7900652 0.5395172 0.7874154 0.6738515 0.7900652 0.6738515 0.7927094 0.5395172 0.7900652 0.6738515 0.7927094 0.6738107 0.7900652 0.5395172 0.7927094 0.405142 0.7900652 0.405142 0.7900652 0.405142 0.7874154 0.5395172 0.7900652 0.5395172 0.7874154 0.6738515 0.7900652 0.5395172 0.7874154 0.5395172 0.7927094 0.405142 0.7900652 0.5395172 0.7927094 0.5395172 0.7874154 0.5395172 0.7900652 0.405142 0.7874154 0.4051829 0.7874154 0.4051829 0.7847709 0.5395582 0.7874154 0.5395172 0.7847709 0.6738924 0.7874154 0.5395172 0.7847709 0.5395582 0.7874154 0.5395172 0.7847709 0.6738924 0.7874154 0.6738515 0.7847709 0.5395582 0.7874154 0.4051829 0.7847658 0.4051829 0.7847658 0.4051829 0.7821214 0.5396398 0.7847709 0.5395582 0.7821214 0.6738924 0.7847709 0.5395582 0.7821214 0.5396398 0.7847709 0.5395582 0.7821214 0.6738924 0.7847709 0.6738924 0.7821214 0.5396398 0.7847658 0.4051829 0.7821214 0.4052646 0.7821214 0.4052646 0.7794716 0.5397216 0.7821214 0.5396398 0.7794716 0.6739333 0.7821214 0.5396398 0.7794716 0.5397216 0.7821214 0.5396398 0.7794716 0.6739333 0.7821214 0.6738924 0.7794716 0.5397216 0.7821214 0.4052646 0.7794716 0.4054689 0.8059473 0.4054689 0.8032975 0.5396398 0.8059473 0.5397216 0.8032975 0.6738924 0.8059473 0.5397216 0.8032975 0.5396398 0.8059473 0.5397216 0.8032975 0.6738924 0.8059473 0.6739333 0.8032975 0.5396398 0.8059473 0.4054689 0.8032975 0.4052646 0.8032975 0.4052646 0.8006479 0.5395582 0.8032975 0.5396398 0.8006479 0.6738924 0.8032975 0.5396398 0.8006479 0.5395582 0.8032975 0.5396398 0.8006479 0.6738924 0.8032975 0.6738924 0.8006479 0.5395582 0.7980036 0.6738515 0.8006479 0.6738924 0.7980036 0.3742686 0.8006479 0.2259448 0.7980036 0.2258996 0.8006531 0.3743138 0.8032975 0.2259448 0.8006479 0.2259448 0.8006479 0.2259448 0.7980036 0.3742686 0.8006531 0.3743138 0.8006479 0.5395582 0.8032975 0.4052646 0.8006531 0.4051829 0.8006531 0.4051829 0.7980036 0.5395172 0.8006479 0.5395582 0.7980036 0.6738515 0.8006479 0.5395582 0.7980036 0.5395172 0.8006531 0.4051829 0.8032975 0.3171525 0.8006531 0.3171116 0.8006531 0.3171116 0.7980036 0.4051829 0.8006531 0.4051829 0.7980036 0.5395172 0.8006531 0.4051829 0.7980036 0.4051829 0.8032975 0.3171525 0.8006531 0.4051829 0.8032975 0.4052646 0.8032975 0.4052646 0.8059473 0.3171525 0.8032975 0.3171525 0.8032975 0.3171525 0.8006479 0.2256482 0.8006531 0.3171116 0.8059473 0.3171525 0.8032975 0.2256889 0.8032975 0.3171525 0.8006479 0.2256482 0.8032975 0.3171525 0.8032975 0.2256889 0.8032975 0.6465449 0.8059473 0.548551 0.8032975 0.5484155 0.8032975 0.5484155 0.8006479 0.6464998 0.8032975 0.6465449 0.8059473 0.548551 0.8032975 0.6465449 0.8059473 0.6464547 0.8032975 0.2256889 0.8059473 0.3171525 0.8059473 0.2256073 0.7794716 0.6464547 0.7821214 0.5484155 0.7794716 0.548551 0.7821214 0.5484155 0.7794716 0.6464547 0.7821214 0.6465449 0.7794716 0.2256073 0.7821214 0.3171525 0.7821214 0.2256889 0.7821214 0.3171525 0.7794716 0.2256073 0.7794716 0.3171525 0.7794716 0.4054689 0.7821214 0.3171525 0.7794716 0.3171525 0.7821214 0.3171525 0.7794716 0.4054689 0.7821214 0.4052646 0.7821214 0.4052646 0.7847658 0.3171116 0.7821214 0.3171525 0.7847658 0.3171116 0.7821214 0.2256889 0.7821214 0.3171525 0.7847658 0.3171116 0.7821214 0.4052646 0.7847658 0.4051829 0.7847658 0.4051829 0.7874154 0.3170706 0.7847658 0.3171116 0.7874154 0.3170706 0.7847709 0.2256482 0.7847658 0.3171116 0.7821214 0.2256889 0.7847658 0.3171116 0.7847709 0.2256482 0.7847709 0.6464998 0.7874154 0.54828 0.7847709 0.5483251 0.7847709 0.5483251 0.7821214 0.6465449 0.7847709 0.6464998 0.7874154 0.54828 0.7847709 0.6464998 0.7874154 0.6464547 0.7847709 0.2256482 0.7874154 0.3170706 0.7874154 0.2256073 0.7874154 0.6464547 0.7900652 0.54828 0.7874154 0.54828 0.7900652 0.54828 0.7874154 0.6464547 0.7900652 0.6464547 0.7874154 0.2256073 0.7900652 0.3170706 0.7900652 0.2256073 0.7900652 0.3170706 0.7874154 0.2256073 0.7874154 0.3170706 0.7874154 0.4051829 0.7900652 0.3170706 0.7874154 0.3170706 0.7900652 0.3170706 0.7874154 0.4051829 0.7900652 0.405142 0.7900652 0.405142 0.7927094 0.3170706 0.7900652 0.3170706 0.7927094 0.3170706 0.7900652 0.2256073 0.7900652 0.3170706 0.7927094 0.3170706 0.7900652 0.405142 0.7927094 0.405142 0.7927094 0.405142 0.7953591 0.3170706 0.7927094 0.3170706 0.7953591 0.3170706 0.7927094 0.2255664 0.7927094 0.3170706 0.7900652 0.2256073 0.7927094 0.3170706 0.7927094 0.2255664 0.7900652 0.6464547 0.7927094 0.5482348 0.7900652 0.54828 0.7927094 0.5482348 0.7900652 0.6464547 0.7927094 0.6464096 0.7874154 0.3170706 0.7847658 0.4051829 0.7874154 0.4051829 0.7821214 0.6465449 0.7847709 0.5483251 0.7821214 0.5484155 0.8006479 0.6464998 0.8032975 0.5484155 0.8006479 0.5483251 0.8006479 0.5483251 0.7980036 0.6464547 0.8006479 0.6464998 0.7980036 0.2256073 0.8006531 0.3171116 0.8006479 0.2256482 0.8059473 0.3171525 0.8032975 0.4052646 0.8059473 0.4054689 0.7980036 0.5226828 0.8006531 0.3743138 0.7980036 0.3742686 0.7927094 0.3742686 0.7900652 0.5226376 0.7927094 0.5226376 0.7980036 0.6732345 0.8006531 0.5248656 0.7980036 0.5248656 0.7927094 0.5248656 0.7900652 0.6732345 0.7927094 0.6732345 0.7927094 0.6464096 0.7953591 0.54828 0.7927094 0.5482348 0.849617 0.998601 0.7707037 0.8481367 0.7707037 0.998601 0.7707037 0.8481367 0.849617 0.998601 0.849617 0.8481367 0.849617 0.998601 0.7707037 0.8481367 0.7707037 0.998601 0.7707037 0.8481367 0.849617 0.998601 0.849617 0.8481367 0.849617 0.998601 0.7707037 0.8481367 0.7707037 0.998601 0.7707037 0.8481367 0.849617 0.998601 0.849617 0.8481367 0.849617 0.998601 0.7707037 0.8481367 0.7707037 0.998601 0.7707037 0.8481367 0.849617 0.998601 0.849617 0.8481367 0.849617 0.998601 0.7707037 0.8481367 0.7707037 0.998601 0.7707037 0.8481367 0.849617 0.998601 0.849617 0.8481367 0.7980036 0.2518131 0.7980036 0.3492198 0.7953591 0.3492198 0.7980036 0.3492198 0.7980036 0.2518131 0.8006531 0.2518131 0.7953591 0.3492198 0.7953591 0.2518131 0.7980036 0.2518131 0.7927094 0.3492198 0.7927094 0.2518131 0.7953591 0.2518131 0.7953591 0.2518131 0.7953591 0.3492198 0.7927094 0.3492198 0.7900598 0.3492198 0.7900652 0.2518131 0.7927094 0.2518131 0.7927094 0.2518131 0.7927094 0.3492198 0.7900598 0.3492198 0.7874154 0.3492198 0.7874154 0.2518131 0.7900652 0.2518131 0.7900652 0.2518131 0.7900598 0.3492198 0.7874154 0.3492198 0.7847658 0.3492649 0.7847658 0.2518131 0.7874154 0.2518131 0.7874154 0.2518131 0.7874154 0.3492198 0.7847658 0.3492649 0.7821214 0.3493102 0.7821214 0.2518131 0.7847658 0.2518131 0.7847658 0.2518131 0.7847658 0.3492649 0.7821214 0.3493102 0.7794716 0.3494456 0.7794716 0.2518131 0.7821214 0.2518131 0.7821214 0.2518131 0.7821214 0.3493102 0.7794716 0.3494456 0.8032975 0.3493102 0.8032975 0.2518131 0.8059473 0.2518131 0.8059473 0.2518131 0.8059473 0.3494456 0.8032975 0.3493102 0.8006531 0.3492649 0.8006531 0.2518131 0.8032975 0.2518131 0.8032975 0.2518131 0.8032975 0.3493102 0.8006531 0.3492649 0.8006531 0.2518131 0.8006531 0.3492649 0.7980036 0.3492198 0.7980036 0.3492198 0.8006531 0.3492649 0.8006531 0.4504215 0.8006531 0.3492649 0.8032975 0.3493102 0.8032975 0.4505119 0.8032975 0.4505119 0.8006531 0.4504215 0.8006531 0.3492649 0.8006479 0.5483251 0.8006531 0.4504215 0.8032975 0.4505119 0.8032975 0.4505119 0.8032975 0.5484155 0.8006479 0.5483251 0.8032975 0.5484155 0.8032975 0.4505119 0.8059473 0.4507378 0.8059473 0.4507378 0.8032975 0.4505119 0.8032975 0.3493102 0.8059473 0.4507378 0.8059473 0.548551 0.8032975 0.5484155 0.7794716 0.548551 0.7794716 0.4507378 0.7821214 0.4505119 0.7821214 0.4505119 0.7794716 0.4507378 0.7794716 0.3494456 0.8032975 0.3493102 0.8059473 0.3494456 0.8059473 0.4507378 0.7821214 0.4505119 0.7821214 0.5484155 0.7794716 0.548551 0.7821214 0.5484155 0.7821214 0.4505119 0.7847658 0.4504215 0.7847658 0.4504215 0.7821214 0.4505119 0.7821214 0.3493102 0.7794716 0.3494456 0.7821214 0.3493102 0.7821214 0.4505119 0.7847658 0.4504215 0.7847709 0.5483251 0.7821214 0.5484155 0.7847709 0.5483251 0.7847658 0.4504215 0.7874154 0.4503763 0.7874154 0.4503763 0.7847658 0.4504215 0.7847658 0.3492649 0.7821214 0.3493102 0.7847658 0.3492649 0.7847658 0.4504215 0.7874154 0.4503763 0.7874154 0.54828 0.7847709 0.5483251 0.7874154 0.54828 0.7874154 0.4503763 0.7900598 0.4503311 0.7900598 0.4503311 0.7874154 0.4503763 0.7874154 0.3492198 0.7847658 0.3492649 0.7874154 0.3492198 0.7874154 0.4503763 0.7900598 0.4503311 0.7900652 0.54828 0.7874154 0.54828 0.7900652 0.54828 0.7900598 0.4503311 0.7927094 0.4503311 0.7927094 0.4503311 0.7900598 0.4503311 0.7900598 0.3492198 0.7874154 0.3492198 0.7900598 0.3492198 0.7900598 0.4503311 0.7927094 0.4503311 0.7927094 0.5482348 0.7900652 0.54828 0.7927094 0.5482348 0.7927094 0.4503311 0.7953591 0.4503311 0.7953591 0.4503311 0.7927094 0.4503311 0.7927094 0.3492198 0.7900598 0.3492198 0.7927094 0.3492198 0.7927094 0.4503311 0.7953591 0.4503311 0.7953591 0.54828 0.7927094 0.5482348 0.7953591 0.54828 0.7953591 0.4503311 0.7980036 0.4503763 0.7980036 0.4503763 0.7953591 0.4503311 0.7953591 0.3492198 0.7927094 0.3492198 0.7953591 0.3492198 0.7953591 0.4503311 0.7980036 0.4503763 0.7980036 0.54828 0.7953591 0.54828 0.7980036 0.54828 0.7980036 0.4503763 0.8006531 0.4504215 0.8006531 0.4504215 0.7980036 0.4503763 0.7980036 0.3492198 0.7953591 0.3492198 0.7980036 0.3492198 0.7980036 0.4503763 0.8006531 0.4504215 0.8006479 0.5483251 0.7980036 0.54828 0.7980036 0.6464547 0.7980036 0.54828 0.8006479 0.5483251 0.7953591 0.6464547 0.7953591 0.54828 0.7980036 0.54828 0.7980036 0.54828 0.7980036 0.6464547 0.7953591 0.6464547 0.7953591 0.54828 0.7953591 0.6464547 0.7927094 0.6464096 0.7927094 0.2255664 0.7953591 0.2256073 0.7953591 0.3170706 0.7953591 0.2256073 0.7980036 0.2256073 0.7980036 0.3170706 0.7980036 0.3170706 0.7953591 0.3170706 0.7953591 0.2256073 0.7980036 0.3170706 0.7980036 0.4051829 0.7953591 0.405142 0.7980036 0.4051829 0.7980036 0.3170706 0.8006531 0.3171116 0.8006531 0.3171116 0.7980036 0.3170706 0.7980036 0.2256073 0.7953591 0.405142 0.7953591 0.3170706 0.7980036 0.3170706 0.7953591 0.3170706 0.7953591 0.405142 0.7927094 0.405142 0.7927094 0.5395172 0.7927094 0.405142 0.7953591 0.405142 0.7953591 0.5395172 0.7953591 0.405142 0.7980036 0.4051829 0.7953591 0.405142 0.7953591 0.5395172 0.7927094 0.5395172 0.7927094 0.6738107 0.7927094 0.5395172 0.7953591 0.5395172 0.7980036 0.4051829 0.7980036 0.5395172 0.7953591 0.5395172 0.7953591 0.6738515 0.7953591 0.5395172 0.7980036 0.5395172 0.7953591 0.5395172 0.7953591 0.6738515 0.7927094 0.6738107 0.7927094 0.3742686 0.7927094 0.2258545 0.7953591 0.2258996 0.7980036 0.5395172 0.7980036 0.6738515 0.7953591 0.6738515 0.7953591 0.3742686 0.7953591 0.2258996 0.7980036 0.2258996 0.7953591 0.2258996 0.7953591 0.3742686 0.7927094 0.3742686 0.7927094 0.5226376 0.7927094 0.3742686 0.7953591 0.3742686 0.7980036 0.2258996 0.7980036 0.3742686 0.7953591 0.3742686 0.7953591 0.5226376 0.7953591 0.3742686 0.7980036 0.3742686 0.7953591 0.3742686 0.7953591 0.5226376 0.7927094 0.5226376 0.7927094 0.6710517 0.7927094 0.5226376 0.7953591 0.5226376 0.7980036 0.3742686 0.7980036 0.5226828 0.7953591 0.5226376 0.7953591 0.6710517 0.7953591 0.5226376 0.7980036 0.5226828 0.7953591 0.5226376 0.7953591 0.6710517 0.7927094 0.6710517 0.7927094 0.3764966 0.7927094 0.2280825 0.7953591 0.2280825 0.7980036 0.5226828 0.7980036 0.6710517 0.7953591 0.6710517 0.7953591 0.3764966 0.7953591 0.2280825 0.7980036 0.2280825 0.7953591 0.2280825 0.7953591 0.3764966 0.7927094 0.3764966 0.7927094 0.5248656 0.7927094 0.3764966 0.7953591 0.3764966 0.7980036 0.2280825 0.7980036 0.3764966 0.7953591 0.3764966 0.7953591 0.5248656 0.7953591 0.3764966 0.7980036 0.3764966 0.7953591 0.3764966 0.7953591 0.5248656 0.7927094 0.5248656 0.7927094 0.6732345 0.7927094 0.5248656 0.7953591 0.5248656 0.7980036 0.3764966 0.7980036 0.5248656 0.7953591 0.5248656 0.7953591 0.6732345 0.7953591 0.5248656 0.7980036 0.5248656 0.7953591 0.5248656 0.7953591 0.6732345 0.7927094 0.6732345 0.7927094 0.3760321 0.7927094 0.227618 0.7953591 0.227618 0.7980036 0.5248656 0.7980036 0.6732345 0.7953591 0.6732345 0.7953591 0.3760321 0.7953591 0.227618 0.7980036 0.227618 0.7953591 0.227618 0.7953591 0.3760321 0.7927094 0.3760321 0.7927094 0.5244011 0.7927094 0.3760321 0.7953591 0.3760321 0.7980036 0.227618 0.7980036 0.3760321 0.7953591 0.3760321 0.7953591 0.5244011 0.7953591 0.3760321 0.7980036 0.3760321 0.7953591 0.3760321 0.7953591 0.5244011 0.7927094 0.5244011 0.7927094 0.67277 0.7927094 0.5244011 0.7953591 0.5244011 0.7980036 0.3760321 0.7980036 0.5244011 0.7953591 0.5244011 0.7953591 0.67277 0.7953591 0.5244011 0.7980036 0.5244011 0.7953591 0.5244011 0.7953591 0.67277 0.7927094 0.67277 0.7980036 0.5244011 0.7980036 0.67277 0.7953591 0.67277 0.7980036 0.67277 0.7980036 0.5244011 0.8006531 0.5244011 0.8006531 0.5244011 0.8006531 0.67277 0.7980036 0.67277 0.8006531 0.67277 0.8006531 0.5244011 0.8032975 0.5244011 0.8032975 0.5244011 0.8032975 0.67277 0.8006531 0.67277 0.8032975 0.67277 0.8032975 0.5244011 0.8059473 0.5244011 0.8059473 0.5244011 0.8059473 0.67277 0.8032975 0.67277 0.8744512 0.4661921 0.8744512 0.3350428 0.9354147 0.3350428 0.9354147 0.3350428 0.9354147 0.4661921 0.8744512 0.4661921 0.9964064 0.4661921 0.9354147 0.4661921 0.9354147 0.3350428 0.9354147 0.3350428 0.9964064 0.3350428 0.9964064 0.4661921 0.8744512 0.4661921 0.8744512 0.3350428 0.9354147 0.3350428 0.9354147 0.3350428 0.9354147 0.4661921 0.8744512 0.4661921 0.9964064 0.4661921 0.9354147 0.4661921 0.9354147 0.3350428 0.9354147 0.3350428 0.9964064 0.3350428 0.9964064 0.4661921 0.9354147 0.3350428 0.8744512 0.3350428 0.8744512 0.4661921 0.8744512 0.4661921 0.9354147 0.4661921 0.9354147 0.3350428 0.9354147 0.3350428 0.9354147 0.4661921 0.9964064 0.4661921 0.9964064 0.4661921 0.9964064 0.3350428 0.9354147 0.3350428 0.8744512 0.4661921 0.8744512 0.3350428 0.9354147 0.3350428 0.9354147 0.3350428 0.9354147 0.4661921 0.8744512 0.4661921 0.9964064 0.4661921 0.9354147 0.4661921 0.9354147 0.3350428 0.9354147 0.3350428 0.9964064 0.3350428 0.9964064 0.4661921 0.8744512 0.4661921 0.8744512 0.3350428 0.9354147 0.3350428 0.9354147 0.3350428 0.9354147 0.4661921 0.8744512 0.4661921 0.9964064 0.4661921 0.9354147 0.4661921 0.9354147 0.3350428 0.9354147 0.3350428 0.9964064 0.3350428 0.9964064 0.4661921 0.8744512 0.4661921 0.8744512 0.3350428 0.9354147 0.3350428 0.9354147 0.3350428 0.9354147 0.4661921 0.8744512 0.4661921 0.9964064 0.4661921 0.9354147 0.4661921 0.9354147 0.3350428 0.9354147 0.3350428 0.9964064 0.3350428 0.9964064 0.4661921 0.8744512 0.4661921 0.8744512 0.3350428 0.9354147 0.3350428 0.9354147 0.3350428 0.9354147 0.4661921 0.8744512 0.4661921 0.9964064 0.4661921 0.9354147 0.4661921 0.9354147 0.3350428 0.9354147 0.3350428 0.9964064 0.3350428 0.9964064 0.4661921 0.8744512 0.4661921 0.8744512 0.3350428 0.9354147 0.3350428 0.9354147 0.3350428 0.9354147 0.4661921 0.8744512 0.4661921 0.9964064 0.4661921 0.9354147 0.4661921 0.9354147 0.3350428 0.9354147 0.3350428 0.9964064 0.3350428 0.9964064 0.4661921 0.8744512 0.3350428 0.9354147 0.3350428 0.9354147 0.4661921 0.9354147 0.4661921 0.9354147 0.3350428 0.9964064 0.3350428 0.8744512 0.3350428 0.9354147 0.3350428 0.9354147 0.4661921 0.9354147 0.4661921 0.9354147 0.3350428 0.9964064 0.3350428 0.8744512 0.3350428 0.9354147 0.3350428 0.9354147 0.4661921 0.9354147 0.4661921 0.9354147 0.3350428 0.9964064 0.3350428 0.8744512 0.3350428 0.9354147 0.3350428 0.9354147 0.4661921 0.9354147 0.4661921 0.9354147 0.3350428 0.9964064 0.3350428 0.8744512 0.3350428 0.9354147 0.3350428 0.9354147 0.4661921 0.9354147 0.4661921 0.9354147 0.3350428 0.9964064 0.3350428 0.9964064 0.3350428 0.9964064 0.4661921 0.9354147 0.4661921 0.9354147 0.5973412 0.9354147 0.4661921 0.9964064 0.4661921 0.9964064 0.4661921 0.9964064 0.5973412 0.9354147 0.5973412 0.9354147 0.7284905 0.9354147 0.5973412 0.9964064 0.5973412 0.9964064 0.5973412 0.9964064 0.7284905 0.9354147 0.7284905 0.9354147 0.8596396 0.9354147 0.7284905 0.9964064 0.7284905 0.9964064 0.7284905 0.9964064 0.8596396 0.9354147 0.8596396 0.9354147 0.9907885 0.9354147 0.8596396 0.9964064 0.8596396 0.9964064 0.8596396 0.9964064 0.9907885 0.9354147 0.9907885 0.9354147 0.9907885 0.8744512 0.9907885 0.8744512 0.8596396 0.8744512 0.8596396 0.9354147 0.8596396 0.9354147 0.9907885 0.9354147 0.8596396 0.8744512 0.8596396 0.8744512 0.7284905 0.8744512 0.7284905 0.9354147 0.7284905 0.9354147 0.8596396 0.9354147 0.7284905 0.8744512 0.7284905 0.8744512 0.5973412 0.8744512 0.5973412 0.9354147 0.5973412 0.9354147 0.7284905 0.9354147 0.5973412 0.8744512 0.5973412 0.8744512 0.4661921 0.8744512 0.4661921 0.9354147 0.4661921 0.9354147 0.5973412 0.9354147 0.4661921 0.8744512 0.4661921 0.8744512 0.3350428 0.9964064 0.3350428 0.9964064 0.4661921 0.9354147 0.4661921 0.9354147 0.5973412 0.9354147 0.4661921 0.9964064 0.4661921 0.9964064 0.4661921 0.9964064 0.5973412 0.9354147 0.5973412 0.9354147 0.7284905 0.9354147 0.5973412 0.9964064 0.5973412 0.9964064 0.5973412 0.9964064 0.7284905 0.9354147 0.7284905 0.9354147 0.8596396 0.9354147 0.7284905 0.9964064 0.7284905 0.9964064 0.7284905 0.9964064 0.8596396 0.9354147 0.8596396 0.9354147 0.9907885 0.9354147 0.8596396 0.9964064 0.8596396 0.9964064 0.8596396 0.9964064 0.9907885 0.9354147 0.9907885 0.9354147 0.9907885 0.8744512 0.9907885 0.8744512 0.8596396 0.8744512 0.8596396 0.9354147 0.8596396 0.9354147 0.9907885 0.9354147 0.8596396 0.8744512 0.8596396 0.8744512 0.7284905 0.8744512 0.7284905 0.9354147 0.7284905 0.9354147 0.8596396 0.9354147 0.7284905 0.8744512 0.7284905 0.8744512 0.5973412 0.8744512 0.5973412 0.9354147 0.5973412 0.9354147 0.7284905 0.9354147 0.5973412 0.8744512 0.5973412 0.8744512 0.4661921 0.8744512 0.4661921 0.9354147 0.4661921 0.9354147 0.5973412 0.9354147 0.4661921 0.8744512 0.4661921 0.8744512 0.3350428 0.9964064 0.3350428 0.9964064 0.4661921 0.9354147 0.4661921 0.9354147 0.5973412 0.9354147 0.4661921 0.9964064 0.4661921 0.9964064 0.4661921 0.9964064 0.5973412 0.9354147 0.5973412 0.9354147 0.7284905 0.9354147 0.5973412 0.9964064 0.5973412 0.9964064 0.5973412 0.9964064 0.7284905 0.9354147 0.7284905 0.9354147 0.8596396 0.9354147 0.7284905 0.9964064 0.7284905 0.9964064 0.7284905 0.9964064 0.8596396 0.9354147 0.8596396 0.9354147 0.9907885 0.9354147 0.8596396 0.9964064 0.8596396 0.9964064 0.8596396 0.9964064 0.9907885 0.9354147 0.9907885 0.9354147 0.9907885 0.8744512 0.9907885 0.8744512 0.8596396 0.8744512 0.8596396 0.9354147 0.8596396 0.9354147 0.9907885 0.9354147 0.8596396 0.8744512 0.8596396 0.8744512 0.7284905 0.8744512 0.7284905 0.9354147 0.7284905 0.9354147 0.8596396 0.9354147 0.7284905 0.8744512 0.7284905 0.8744512 0.5973412 0.8744512 0.5973412 0.9354147 0.5973412 0.9354147 0.7284905 0.9354147 0.5973412 0.8744512 0.5973412 0.8744512 0.4661921 0.8744512 0.4661921 0.9354147 0.4661921 0.9354147 0.5973412 0.9354147 0.4661921 0.8744512 0.4661921 0.8744512 0.3350428 0.9964064 0.3350428 0.9964064 0.4661921 0.9354147 0.4661921 0.9354147 0.5973412 0.9354147 0.4661921 0.9964064 0.4661921 0.9964064 0.4661921 0.9964064 0.5973412 0.9354147 0.5973412 0.9354147 0.7284905 0.9354147 0.5973412 0.9964064 0.5973412 0.9964064 0.5973412 0.9964064 0.7284905 0.9354147 0.7284905 0.9354147 0.8596396 0.9354147 0.7284905 0.9964064 0.7284905 0.9964064 0.7284905 0.9964064 0.8596396 0.9354147 0.8596396 0.9354147 0.9907885 0.9354147 0.8596396 0.9964064 0.8596396 0.9964064 0.8596396 0.9964064 0.9907885 0.9354147 0.9907885 0.9354147 0.9907885 0.8744512 0.9907885 0.8744512 0.8596396 0.8744512 0.8596396 0.9354147 0.8596396 0.9354147 0.9907885 0.9354147 0.8596396 0.8744512 0.8596396 0.8744512 0.7284905 0.8744512 0.7284905 0.9354147 0.7284905 0.9354147 0.8596396 0.9354147 0.7284905 0.8744512 0.7284905 0.8744512 0.5973412 0.8744512 0.5973412 0.9354147 0.5973412 0.9354147 0.7284905 0.9354147 0.5973412 0.8744512 0.5973412 0.8744512 0.4661921 0.8744512 0.4661921 0.9354147 0.4661921 0.9354147 0.5973412 0.9354147 0.4661921 0.8744512 0.4661921 0.8744512 0.3350428 0.9964064 0.3350428 0.9964064 0.4661921 0.9354147 0.4661921 0.9354147 0.5973412 0.9354147 0.4661921 0.9964064 0.4661921 0.9964064 0.4661921 0.9964064 0.5973412 0.9354147 0.5973412 0.9354147 0.7284905 0.9354147 0.5973412 0.9964064 0.5973412 0.9964064 0.5973412 0.9964064 0.7284905 0.9354147 0.7284905 0.9354147 0.8596396 0.9354147 0.7284905 0.9964064 0.7284905 0.9964064 0.7284905 0.9964064 0.8596396 0.9354147 0.8596396 0.9354147 0.9907885 0.9354147 0.8596396 0.9964064 0.8596396 0.9964064 0.8596396 0.9964064 0.9907885 0.9354147 0.9907885 0.9354147 0.9907885 0.8744512 0.9907885 0.8744512 0.8596396 0.8744512 0.8596396 0.9354147 0.8596396 0.9354147 0.9907885 0.9354147 0.8596396 0.8744512 0.8596396 0.8744512 0.7284905 0.8744512 0.7284905 0.9354147 0.7284905 0.9354147 0.8596396 0.9354147 0.7284905 0.8744512 0.7284905 0.8744512 0.5973412 0.8744512 0.5973412 0.9354147 0.5973412 0.9354147 0.7284905 0.9354147 0.5973412 0.8744512 0.5973412 0.8744512 0.4661921 0.8744512 0.4661921 0.9354147 0.4661921 0.9354147 0.5973412 0.9354147 0.4661921 0.8744512 0.4661921 0.8744512 0.3350428 0.9354147 0.4661921 0.9964064 0.4661921 0.9964064 0.5973412 0.9964064 0.5973412 0.9354147 0.5973412 0.9354147 0.4661921 0.9354147 0.5973412 0.9964064 0.5973412 0.9964064 0.7284905 0.9964064 0.7284905 0.9354147 0.7284905 0.9354147 0.5973412 0.9354147 0.8596396 0.9354147 0.7284905 0.9964064 0.7284905 0.9964064 0.7284905 0.9964064 0.8596396 0.9354147 0.8596396 0.9354147 0.9907885 0.9354147 0.8596396 0.9964064 0.8596396 0.9964064 0.8596396 0.9964064 0.9907885 0.9354147 0.9907885 0.9354147 0.9907885 0.8744512 0.9907885 0.8744512 0.8596396 0.8744512 0.8596396 0.9354147 0.8596396 0.9354147 0.9907885 0.9354147 0.8596396 0.8744512 0.8596396 0.8744512 0.7284905 0.8744512 0.7284905 0.8744512 0.5973412 0.9354147 0.5973412 0.9354147 0.5973412 0.9354147 0.7284905 0.8744512 0.7284905 0.8744512 0.7284905 0.9354147 0.7284905 0.9354147 0.8596396 0.8744512 0.5973412 0.8744512 0.4661921 0.9354147 0.4661921 0.9354147 0.4661921 0.9354147 0.5973412 0.8744512 0.5973412 0.9354147 0.4661921 0.9964064 0.4661921 0.9964064 0.5973412 0.9964064 0.5973412 0.9354147 0.5973412 0.9354147 0.4661921 0.9354147 0.5973412 0.9964064 0.5973412 0.9964064 0.7284905 0.9964064 0.7284905 0.9354147 0.7284905 0.9354147 0.5973412 0.9354147 0.8596396 0.9354147 0.7284905 0.9964064 0.7284905 0.9964064 0.7284905 0.9964064 0.8596396 0.9354147 0.8596396 0.9354147 0.9907885 0.9354147 0.8596396 0.9964064 0.8596396 0.9964064 0.8596396 0.9964064 0.9907885 0.9354147 0.9907885 0.9354147 0.9907885 0.8744512 0.9907885 0.8744512 0.8596396 0.8744512 0.8596396 0.9354147 0.8596396 0.9354147 0.9907885 0.9354147 0.8596396 0.8744512 0.8596396 0.8744512 0.7284905 0.8744512 0.7284905 0.8744512 0.5973412 0.9354147 0.5973412 0.9354147 0.5973412 0.9354147 0.7284905 0.8744512 0.7284905 0.8744512 0.7284905 0.9354147 0.7284905 0.9354147 0.8596396 0.8744512 0.5973412 0.8744512 0.4661921 0.9354147 0.4661921 0.9354147 0.4661921 0.9354147 0.5973412 0.8744512 0.5973412 0.9354147 0.4661921 0.9964064 0.4661921 0.9964064 0.5973412 0.9964064 0.5973412 0.9354147 0.5973412 0.9354147 0.4661921 0.9354147 0.7284905 0.9354147 0.5973412 0.9964064 0.5973412 0.9964064 0.5973412 0.9964064 0.7284905 0.9354147 0.7284905 0.9354147 0.8596396 0.9354147 0.7284905 0.9964064 0.7284905 0.9964064 0.7284905 0.9964064 0.8596396 0.9354147 0.8596396 0.9354147 0.9907885 0.9354147 0.8596396 0.9964064 0.8596396 0.9964064 0.8596396 0.9964064 0.9907885 0.9354147 0.9907885 0.9354147 0.8596396 0.9354147 0.9907885 0.8744512 0.9907885 0.8744512 0.9907885 0.8744512 0.8596396 0.9354147 0.8596396 0.9354147 0.8596396 0.8744512 0.8596396 0.8744512 0.7284905 0.8744512 0.7284905 0.9354147 0.7284905 0.9354147 0.8596396 0.9354147 0.7284905 0.8744512 0.7284905 0.8744512 0.5973412 0.8744512 0.5973412 0.8744512 0.4661921 0.9354147 0.4661921 0.9354147 0.4661921 0.9354147 0.5973412 0.8744512 0.5973412 0.8744512 0.5973412 0.9354147 0.5973412 0.9354147 0.7284905 0.9354147 0.4661921 0.9964064 0.4661921 0.9964064 0.5973412 0.9964064 0.5973412 0.9354147 0.5973412 0.9354147 0.4661921 0.9354147 0.7284905 0.9354147 0.5973412 0.9964064 0.5973412 0.9964064 0.5973412 0.9964064 0.7284905 0.9354147 0.7284905 0.9354147 0.8596396 0.9354147 0.7284905 0.9964064 0.7284905 0.9964064 0.7284905 0.9964064 0.8596396 0.9354147 0.8596396 0.9354147 0.9907885 0.9354147 0.8596396 0.9964064 0.8596396 0.9964064 0.8596396 0.9964064 0.9907885 0.9354147 0.9907885 0.9354147 0.8596396 0.9354147 0.9907885 0.8744512 0.9907885 0.8744512 0.9907885 0.8744512 0.8596396 0.9354147 0.8596396 0.9354147 0.8596396 0.8744512 0.8596396 0.8744512 0.7284905 0.8744512 0.7284905 0.9354147 0.7284905 0.9354147 0.8596396 0.9354147 0.7284905 0.8744512 0.7284905 0.8744512 0.5973412 0.8744512 0.5973412 0.8744512 0.4661921 0.9354147 0.4661921 0.9354147 0.4661921 0.9354147 0.5973412 0.8744512 0.5973412 0.8744512 0.5973412 0.9354147 0.5973412 0.9354147 0.7284905 0.9354147 0.4661921 0.9964064 0.4661921 0.9964064 0.5973412 0.9964064 0.5973412 0.9354147 0.5973412 0.9354147 0.4661921 0.9354147 0.7284905 0.9354147 0.5973412 0.9964064 0.5973412 0.9964064 0.5973412 0.9964064 0.7284905 0.9354147 0.7284905 0.9354147 0.8596396 0.9354147 0.7284905 0.9964064 0.7284905 0.9964064 0.7284905 0.9964064 0.8596396 0.9354147 0.8596396 0.9354147 0.8596396 0.9964064 0.8596396 0.9964064 0.9907885 0.9964064 0.9907885 0.9354147 0.9907885 0.9354147 0.8596396 0.9354147 0.9907885 0.8744512 0.9907885 0.8744512 0.8596396 0.8744512 0.8596396 0.9354147 0.8596396 0.9354147 0.9907885 0.9354147 0.8596396 0.8744512 0.8596396 0.8744512 0.7284905 0.8744512 0.7284905 0.9354147 0.7284905 0.9354147 0.8596396 0.9354147 0.7284905 0.8744512 0.7284905 0.8744512 0.5973412 0.8744512 0.5973412 0.9354147 0.5973412 0.9354147 0.7284905 0.9354147 0.5973412 0.8744512 0.5973412 0.8744512 0.4661921 0.8744512 0.4661921 0.9354147 0.4661921 0.9354147 0.5973412 0.9964064 0.5973412 0.9964064 0.4661921 0.9354147 0.4661921 0.9354147 0.4661921 0.9354147 0.5973412 0.9964064 0.5973412 0.9964064 0.5973412 0.9354147 0.5973412 0.9354147 0.7284905 0.9354147 0.7284905 0.9964064 0.7284905 0.9964064 0.5973412 0.9964064 0.7284905 0.9354147 0.7284905 0.9354147 0.8596396 0.9354147 0.8596396 0.9964064 0.8596396 0.9964064 0.7284905 0.9964064 0.8596396 0.9354147 0.8596396 0.9354147 0.9907885 0.9354147 0.9907885 0.9964064 0.9907885 0.9964064 0.8596396 0.9354147 0.9907885 0.9354147 0.8596396 0.8744512 0.8596396 0.8744512 0.8596396 0.8744512 0.9907885 0.9354147 0.9907885 0.8744512 0.7284905 0.8744512 0.8596396 0.9354147 0.8596396 0.9354147 0.5973412 0.8744512 0.5973412 0.8744512 0.7284905 0.8744512 0.7284905 0.9354147 0.7284905 0.9354147 0.5973412 0.9354147 0.8596396 0.9354147 0.7284905 0.8744512 0.7284905 0.9354147 0.4661921 0.8744512 0.4661921 0.8744512 0.5973412 0.8744512 0.5973412 0.9354147 0.5973412 0.9354147 0.4661921 0.9354147 0.4661921 0.9964064 0.4661921 0.9964064 0.5973412 0.9964064 0.5973412 0.9354147 0.5973412 0.9354147 0.4661921 0.9354147 0.7284905 0.9354147 0.5973412 0.9964064 0.5973412 0.9964064 0.5973412 0.9964064 0.7284905 0.9354147 0.7284905 0.9354147 0.8596396 0.9354147 0.7284905 0.9964064 0.7284905 0.9964064 0.7284905 0.9964064 0.8596396 0.9354147 0.8596396 0.9354147 0.9907885 0.9354147 0.8596396 0.9964064 0.8596396 0.9964064 0.8596396 0.9964064 0.9907885 0.9354147 0.9907885 0.9354147 0.8596396 0.9354147 0.9907885 0.8744512 0.9907885 0.8744512 0.9907885 0.8744512 0.8596396 0.9354147 0.8596396 0.9354147 0.8596396 0.8744512 0.8596396 0.8744512 0.7284905 0.8744512 0.7284905 0.9354147 0.7284905 0.9354147 0.8596396 0.9354147 0.7284905 0.8744512 0.7284905 0.8744512 0.5973412 0.8744512 0.5973412 0.8744512 0.4661921 0.9354147 0.4661921 0.9354147 0.4661921 0.9354147 0.5973412 0.8744512 0.5973412 0.8744512 0.5973412 0.9354147 0.5973412 0.9354147 0.7284905 0.9354147 0.4661921 0.9964064 0.4661921 0.9964064 0.5973412 0.9964064 0.5973412 0.9354147 0.5973412 0.9354147 0.4661921 0.9354147 0.7284905 0.9354147 0.5973412 0.9964064 0.5973412 0.9964064 0.5973412 0.9964064 0.7284905 0.9354147 0.7284905 0.9354147 0.8596396 0.9354147 0.7284905 0.9964064 0.7284905 0.9964064 0.7284905 0.9964064 0.8596396 0.9354147 0.8596396 0.9354147 0.9907885 0.9354147 0.8596396 0.9964064 0.8596396 0.9964064 0.8596396 0.9964064 0.9907885 0.9354147 0.9907885 0.9354147 0.9907885 0.8744512 0.9907885 0.8744512 0.8596396 0.8744512 0.8596396 0.9354147 0.8596396 0.9354147 0.9907885 0.9354147 0.8596396 0.8744512 0.8596396 0.8744512 0.7284905 0.8744512 0.7284905 0.8744512 0.5973412 0.9354147 0.5973412 0.9354147 0.5973412 0.9354147 0.7284905 0.8744512 0.7284905 0.8744512 0.7284905 0.9354147 0.7284905 0.9354147 0.8596396 0.8744512 0.5973412 0.8744512 0.4661921 0.9354147 0.4661921 0.9354147 0.4661921 0.9354147 0.5973412 0.8744512 0.5973412 0.7794716 0.67277 0.7794716 0.5244011 0.7821214 0.5244011 0.7821214 0.5244011 0.7821214 0.67277 0.7794716 0.67277 0.7821214 0.67277 0.7821214 0.5244011 0.7847658 0.5244011 0.7847658 0.5244011 0.7847658 0.67277 0.7821214 0.67277 0.7847658 0.67277 0.7847658 0.5244011 0.7874154 0.5244011 0.7874154 0.5244011 0.7874154 0.67277 0.7847658 0.67277 0.7874154 0.67277 0.7874154 0.5244011 0.7900652 0.5244011 0.7900652 0.5244011 0.7900652 0.67277 0.7874154 0.67277 0.7900652 0.67277 0.7900652 0.5244011 0.7927094 0.5244011 0.7927094 0.5244011 0.7927094 0.67277 0.7900652 0.67277 0.7900652 0.5244011 0.7900652 0.3760321 0.7927094 0.3760321 0.7900652 0.3760321 0.7900652 0.5244011 0.7874154 0.5244011 0.7927094 0.3760321 0.7927094 0.5244011 0.7900652 0.5244011 0.7900652 0.3760321 0.7900652 0.227618 0.7927094 0.227618 0.7900652 0.227618 0.7900652 0.3760321 0.7874154 0.3760321 0.7874154 0.5244011 0.7874154 0.3760321 0.7900652 0.3760321 0.7927094 0.227618 0.7927094 0.3760321 0.7900652 0.3760321 0.7874154 0.3760321 0.7874154 0.227618 0.7900652 0.227618 0.7874154 0.227618 0.7874154 0.3760321 0.7847658 0.3760321 0.7847658 0.5244011 0.7847658 0.3760321 0.7874154 0.3760321 0.7874154 0.3760321 0.7874154 0.5244011 0.7847658 0.5244011 0.7847658 0.3760321 0.7847658 0.227618 0.7874154 0.227618 0.7847658 0.227618 0.7847658 0.3760321 0.7821214 0.3760321 0.7821214 0.5244011 0.7821214 0.3760321 0.7847658 0.3760321 0.7847658 0.3760321 0.7847658 0.5244011 0.7821214 0.5244011 0.7821214 0.3760321 0.7821214 0.227618 0.7847658 0.227618 0.7821214 0.227618 0.7821214 0.3760321 0.7794716 0.3760321 0.7794716 0.5244011 0.7794716 0.3760321 0.7821214 0.3760321 0.7821214 0.3760321 0.7821214 0.5244011 0.7794716 0.5244011 0.7794716 0.3760321 0.7794716 0.2276632 0.7821214 0.227618 0.8059473 0.2276632 0.8059473 0.3760321 0.8032975 0.3760321 0.8032975 0.5244011 0.8032975 0.3760321 0.8059473 0.3760321 0.8059473 0.3760321 0.8059473 0.5244011 0.8032975 0.5244011 0.8032975 0.3760321 0.8032975 0.227618 0.8059473 0.2276632 0.8032975 0.227618 0.8032975 0.3760321 0.8006531 0.3760321 0.8006531 0.5244011 0.8006531 0.3760321 0.8032975 0.3760321 0.8032975 0.3760321 0.8032975 0.5244011 0.8006531 0.5244011 0.8006531 0.3760321 0.8006531 0.227618 0.8032975 0.227618 0.8006531 0.227618 0.8006531 0.3760321 0.7980036 0.3760321 0.7980036 0.5244011 0.7980036 0.3760321 0.8006531 0.3760321 0.8006531 0.3760321 0.8006531 0.5244011 0.7980036 0.5244011 0.8006531 0.6732345 0.8006531 0.5248656 0.8032975 0.5248656 0.8006531 0.5248656 0.8006531 0.6732345 0.7980036 0.6732345 0.7980036 0.3760321 0.7980036 0.227618 0.8006531 0.227618 0.8032975 0.5248656 0.8032975 0.6732345 0.8006531 0.6732345 0.8032975 0.5248656 0.8032975 0.3764966 0.8059473 0.3764966 0.8032975 0.3764966 0.8032975 0.5248656 0.8006531 0.5248656 0.8059473 0.3764966 0.8059473 0.5249109 0.8032975 0.5248656 0.8032975 0.6732345 0.8032975 0.5248656 0.8059473 0.5249109 0.7794716 0.5249109 0.7794716 0.3764966 0.7821214 0.3764966 0.7821214 0.3764966 0.7821214 0.5248656 0.7794716 0.5249109 0.7794716 0.6732796 0.7794716 0.5249109 0.7821214 0.5248656 0.8059473 0.5249109 0.8059473 0.6732796 0.8032975 0.6732345 0.7821214 0.5248656 0.7821214 0.3764966 0.7847658 0.3764966 0.7847658 0.3764966 0.7847658 0.5248656 0.7821214 0.5248656 0.7821214 0.6732345 0.7821214 0.5248656 0.7847658 0.5248656 0.7821214 0.5248656 0.7821214 0.6732345 0.7794716 0.6732796 0.7847658 0.5248656 0.7847658 0.3764966 0.7874154 0.3764966 0.7874154 0.3764966 0.7874154 0.5248656 0.7847658 0.5248656 0.7847658 0.6732345 0.7847658 0.5248656 0.7874154 0.5248656 0.7847658 0.5248656 0.7847658 0.6732345 0.7821214 0.6732345 0.7874154 0.5248656 0.7874154 0.3764966 0.7900652 0.3764966 0.7900652 0.3764966 0.7900652 0.5248656 0.7874154 0.5248656 0.7874154 0.6732345 0.7874154 0.5248656 0.7900652 0.5248656 0.7874154 0.5248656 0.7874154 0.6732345 0.7847658 0.6732345 0.7900652 0.5248656 0.7900652 0.3764966 0.7927094 0.3764966 0.7927094 0.3764966 0.7927094 0.5248656 0.7900652 0.5248656 0.7900652 0.6732345 0.7900652 0.5248656 0.7927094 0.5248656 0.7900652 0.5248656 0.7900652 0.6732345 0.7874154 0.6732345 0.7900652 0.3764966 0.7900652 0.2280825 0.7927094 0.2280825 0.7900652 0.2280825 0.7900652 0.3764966 0.7874154 0.3764966 0.7927094 0.2280825 0.7927094 0.3764966 0.7900652 0.3764966 0.7900652 0.6710517 0.7900652 0.5226376 0.7927094 0.5226376 0.7900652 0.5226376 0.7900652 0.6710517 0.7874154 0.6710517 0.7874154 0.3764966 0.7874154 0.2280825 0.7900652 0.2280825 0.7927094 0.5226376 0.7927094 0.6710517 0.7900652 0.6710517 0.7874154 0.6710517 0.7874154 0.5226828 0.7900652 0.5226376 0.7874154 0.5226828 0.7874154 0.6710517 0.7847658 0.6710969 0.7847658 0.3764966 0.7847658 0.2281277 0.7874154 0.2280825 0.7874154 0.2280825 0.7874154 0.3764966 0.7847658 0.3764966 0.7847658 0.6710969 0.7847709 0.5226828 0.7874154 0.5226828 0.7847709 0.5226828 0.7847658 0.6710969 0.7821214 0.6710969 0.7821214 0.3764966 0.7821214 0.2281277 0.7847658 0.2281277 0.7847658 0.2281277 0.7847658 0.3764966 0.7821214 0.3764966 0.7821214 0.6710969 0.7821214 0.5226828 0.7847709 0.5226828 0.7821214 0.5226828 0.7821214 0.6710969 0.7794716 0.6710969 0.7794716 0.3764966 0.7794716 0.2281277 0.7821214 0.2281277 0.7821214 0.2281277 0.7821214 0.3764966 0.7794716 0.3764966 0.7794716 0.6710969 0.7794716 0.5227279 0.7821214 0.5226828 0.8059473 0.5227279 0.8059473 0.6710969 0.8032975 0.6710969 0.8032975 0.3764966 0.8032975 0.2281277 0.8059473 0.2281277 0.8059473 0.2281277 0.8059473 0.3764966 0.8032975 0.3764966 0.8032975 0.6710969 0.8032975 0.5226828 0.8059473 0.5227279 0.8032975 0.5226828 0.8032975 0.6710969 0.8006531 0.6710969 0.8006531 0.3764966 0.8006531 0.2281277 0.8032975 0.2281277 0.8032975 0.2281277 0.8032975 0.3764966 0.8006531 0.3764966 0.8006531 0.2281277 0.8006531 0.3764966 0.7980036 0.3764966 0.7980036 0.5248656 0.7980036 0.3764966 0.8006531 0.3764966 0.8006531 0.5248656 0.8006531 0.3764966 0.8032975 0.3764966 0.8006531 0.3764966 0.8006531 0.5248656 0.7980036 0.5248656 0.8006531 0.6710969 0.8006531 0.5226828 0.8032975 0.5226828 0.8006531 0.5226828 0.8006531 0.6710969 0.7980036 0.6710517 0.7980036 0.3764966 0.7980036 0.2280825 0.8006531 0.2281277 0.8006531 0.5226828 0.8006531 0.3743138 0.8032975 0.3743138 0.8006531 0.3743138 0.8006531 0.5226828 0.7980036 0.5226828 0.7980036 0.6710517 0.7980036 0.5226828 0.8006531 0.5226828 0.8032975 0.3743138 0.8032975 0.5226828 0.8006531 0.5226828 0.8032975 0.3743138 0.8032975 0.2259448 0.8059473 0.2259899 0.8032975 0.2259448 0.8032975 0.3743138 0.8006531 0.3743138 0.8059473 0.2259899 0.8059473 0.3743591 0.8032975 0.3743138 0.8032975 0.5226828 0.8032975 0.3743138 0.8059473 0.3743591 0.7794716 0.3743591 0.7794716 0.2259899 0.7821214 0.2259448 0.7821214 0.2259448 0.7821214 0.3743138 0.7794716 0.3743591 0.7794716 0.5227279 0.7794716 0.3743591 0.7821214 0.3743138 0.8059473 0.3743591 0.8059473 0.5227279 0.8032975 0.5226828 0.7821214 0.3743138 0.7821214 0.2259448 0.7847709 0.2259448 0.7847709 0.2259448 0.7847709 0.3743138 0.7821214 0.3743138 0.7821214 0.5226828 0.7821214 0.3743138 0.7847709 0.3743138 0.7821214 0.3743138 0.7821214 0.5226828 0.7794716 0.5227279 0.7847709 0.3743138 0.7847709 0.2259448 0.7874154 0.2258996 0.7874154 0.2258996 0.7874154 0.3742686 0.7847709 0.3743138 0.7847709 0.5226828 0.7847709 0.3743138 0.7874154 0.3742686 0.7847709 0.3743138 0.7847709 0.5226828 0.7821214 0.5226828 0.7874154 0.3742686 0.7874154 0.2258996 0.7900652 0.2258996 0.7900652 0.2258996 0.7900652 0.3742686 0.7874154 0.3742686 0.7874154 0.5226828 0.7874154 0.3742686 0.7900652 0.3742686 0.7874154 0.3742686 0.7874154 0.5226828 0.7847709 0.5226828 0.7900652 0.3742686 0.7900652 0.2258996 0.7927094 0.2258545 0.7927094 0.2258545 0.7927094 0.3742686 0.7900652 0.3742686 0.7900652 0.5226376 0.7900652 0.3742686 0.7927094 0.3742686 0.7900652 0.3742686 0.7900652 0.5226376 0.7874154 0.5226828 0.7900652 0.6738515 0.7900652 0.5395172 0.7927094 0.5395172 0.7900652 0.5395172 0.7900652 0.6738515 0.7874154 0.6738515 0.7927094 0.5395172 0.7927094 0.6738107 0.7900652 0.6738515 0.7900652 0.5395172 0.7900652 0.405142 0.7927094 0.405142 0.7900652 0.405142 0.7900652 0.5395172 0.7874154 0.5395172 0.7874154 0.6738515 0.7874154 0.5395172 0.7900652 0.5395172 0.7927094 0.405142 0.7927094 0.5395172 0.7900652 0.5395172 0.7874154 0.5395172 0.7874154 0.4051829 0.7900652 0.405142 0.7874154 0.4051829 0.7874154 0.5395172 0.7847709 0.5395582 0.7847709 0.6738924 0.7847709 0.5395582 0.7874154 0.5395172 0.7874154 0.5395172 0.7874154 0.6738515 0.7847709 0.6738924 0.7847709 0.5395582 0.7847658 0.4051829 0.7874154 0.4051829 0.7847658 0.4051829 0.7847709 0.5395582 0.7821214 0.5396398 0.7821214 0.6738924 0.7821214 0.5396398 0.7847709 0.5395582 0.7847709 0.5395582 0.7847709 0.6738924 0.7821214 0.6738924 0.7821214 0.5396398 0.7821214 0.4052646 0.7847658 0.4051829 0.7821214 0.4052646 0.7821214 0.5396398 0.7794716 0.5397216 0.7794716 0.6739333 0.7794716 0.5397216 0.7821214 0.5396398 0.7821214 0.5396398 0.7821214 0.6738924 0.7794716 0.6739333 0.7794716 0.5397216 0.7794716 0.4054689 0.7821214 0.4052646 0.8059473 0.4054689 0.8059473 0.5397216 0.8032975 0.5396398 0.8032975 0.6738924 0.8032975 0.5396398 0.8059473 0.5397216 0.8059473 0.5397216 0.8059473 0.6739333 0.8032975 0.6738924 0.8032975 0.5396398 0.8032975 0.4052646 0.8059473 0.4054689 0.8032975 0.4052646 0.8032975 0.5396398 0.8006479 0.5395582 0.8006479 0.6738924 0.8006479 0.5395582 0.8032975 0.5396398 0.8032975 0.5396398 0.8032975 0.6738924 0.8006479 0.6738924 0.8006479 0.5395582 0.8006479 0.6738924 0.7980036 0.6738515 0.7980036 0.3742686 0.7980036 0.2258996 0.8006479 0.2259448 0.8006531 0.3743138 0.8006479 0.2259448 0.8032975 0.2259448 0.8006479 0.2259448 0.8006531 0.3743138 0.7980036 0.3742686 0.8006479 0.5395582 0.8006531 0.4051829 0.8032975 0.4052646 0.8006531 0.4051829 0.8006479 0.5395582 0.7980036 0.5395172 0.7980036 0.6738515 0.7980036 0.5395172 0.8006479 0.5395582 0.8006531 0.4051829 0.8006531 0.3171116 0.8032975 0.3171525 0.8006531 0.3171116 0.8006531 0.4051829 0.7980036 0.4051829 0.7980036 0.5395172 0.7980036 0.4051829 0.8006531 0.4051829 0.8032975 0.3171525 0.8032975 0.4052646 0.8006531 0.4051829 0.8032975 0.4052646 0.8032975 0.3171525 0.8059473 0.3171525 0.8032975 0.3171525 0.8006531 0.3171116 0.8006479 0.2256482 0.8059473 0.3171525 0.8032975 0.3171525 0.8032975 0.2256889 0.8006479 0.2256482 0.8032975 0.2256889 0.8032975 0.3171525 0.8032975 0.6465449 0.8032975 0.5484155 0.8059473 0.548551 0.8032975 0.5484155 0.8032975 0.6465449 0.8006479 0.6464998 0.8059473 0.548551 0.8059473 0.6464547 0.8032975 0.6465449 0.8032975 0.2256889 0.8059473 0.2256073 0.8059473 0.3171525 0.7794716 0.6464547 0.7794716 0.548551 0.7821214 0.5484155 0.7821214 0.5484155 0.7821214 0.6465449 0.7794716 0.6464547 0.7794716 0.2256073 0.7821214 0.2256889 0.7821214 0.3171525 0.7821214 0.3171525 0.7794716 0.3171525 0.7794716 0.2256073 0.7794716 0.4054689 0.7794716 0.3171525 0.7821214 0.3171525 0.7821214 0.3171525 0.7821214 0.4052646 0.7794716 0.4054689 0.7821214 0.4052646 0.7821214 0.3171525 0.7847658 0.3171116 0.7847658 0.3171116 0.7821214 0.3171525 0.7821214 0.2256889 0.7847658 0.3171116 0.7847658 0.4051829 0.7821214 0.4052646 0.7847658 0.4051829 0.7847658 0.3171116 0.7874154 0.3170706 0.7874154 0.3170706 0.7847658 0.3171116 0.7847709 0.2256482 0.7821214 0.2256889 0.7847709 0.2256482 0.7847658 0.3171116 0.7847709 0.6464998 0.7847709 0.5483251 0.7874154 0.54828 0.7847709 0.5483251 0.7847709 0.6464998 0.7821214 0.6465449 0.7874154 0.54828 0.7874154 0.6464547 0.7847709 0.6464998 0.7847709 0.2256482 0.7874154 0.2256073 0.7874154 0.3170706 0.7874154 0.6464547 0.7874154 0.54828 0.7900652 0.54828 0.7900652 0.54828 0.7900652 0.6464547 0.7874154 0.6464547 0.7874154 0.2256073 0.7900652 0.2256073 0.7900652 0.3170706 0.7900652 0.3170706 0.7874154 0.3170706 0.7874154 0.2256073 0.7874154 0.4051829 0.7874154 0.3170706 0.7900652 0.3170706 0.7900652 0.3170706 0.7900652 0.405142 0.7874154 0.4051829 0.7900652 0.405142 0.7900652 0.3170706 0.7927094 0.3170706 0.7927094 0.3170706 0.7900652 0.3170706 0.7900652 0.2256073 0.7927094 0.3170706 0.7927094 0.405142 0.7900652 0.405142 0.7927094 0.405142 0.7927094 0.3170706 0.7953591 0.3170706 0.7953591 0.3170706 0.7927094 0.3170706 0.7927094 0.2255664 0.7900652 0.2256073 0.7927094 0.2255664 0.7927094 0.3170706 0.7900652 0.6464547 0.7900652 0.54828 0.7927094 0.5482348 0.7927094 0.5482348 0.7927094 0.6464096 0.7900652 0.6464547 0.7874154 0.3170706 0.7874154 0.4051829 0.7847658 0.4051829 0.7821214 0.6465449 0.7821214 0.5484155 0.7847709 0.5483251 0.8006479 0.6464998 0.8006479 0.5483251 0.8032975 0.5484155 0.8006479 0.5483251 0.8006479 0.6464998 0.7980036 0.6464547 0.7980036 0.2256073 0.8006479 0.2256482 0.8006531 0.3171116 0.8059473 0.3171525 0.8059473 0.4054689 0.8032975 0.4052646 0.7980036 0.5226828 0.7980036 0.3742686 0.8006531 0.3743138 0.7927094 0.3742686 0.7927094 0.5226376 0.7900652 0.5226376 0.7980036 0.6732345 0.7980036 0.5248656 0.8006531 0.5248656 0.7927094 0.5248656 0.7927094 0.6732345 0.7900652 0.6732345 0.7927094 0.6464096 0.7927094 0.5482348 0.7953591 0.54828 0.849617 0.998601 0.7707037 0.998601 0.7707037 0.8481367 0.7707037 0.8481367 0.849617 0.8481367 0.849617 0.998601 0.849617 0.998601 0.7707037 0.998601 0.7707037 0.8481367 0.7707037 0.8481367 0.849617 0.8481367 0.849617 0.998601 0.849617 0.998601 0.7707037 0.998601 0.7707037 0.8481367 0.7707037 0.8481367 0.849617 0.8481367 0.849617 0.998601 0.849617 0.998601 0.7707037 0.998601 0.7707037 0.8481367 0.7707037 0.8481367 0.849617 0.8481367 0.849617 0.998601 0.849617 0.998601 0.7707037 0.998601 0.7707037 0.8481367 0.7707037 0.8481367 0.849617 0.8481367 0.849617 0.998601</float_array>
          <technique_common>
            <accessor source="#palm_straightMesh_007-mesh-map-0-array" count="3660" stride="2">
              <param name="S" type="float"/>
              <param name="T" type="float"/>
            </accessor>
          </technique_common>
        </source>
        <source id="palm_straightMesh_007-mesh-map-1">
          <float_array id="palm_straightMesh_007-mesh-map-1-array" count="7320">0.1980083 0.7580111 0.1896938 0.7330685 0.19783 0.733066 0.19783 0.733066 0.2087512 0.7580111 0.1980083 0.7580111 0.1896938 0.7330685 0.1980083 0.7580111 0.1900658 0.7580135 0.8101532 0.7252622 0.8205685 0.7499002 0.809916 0.7499912 0.8205685 0.7499002 0.8101532 0.7252622 0.8210663 0.725169 0.8001914 0.7245864 0.809916 0.7499912 0.8001914 0.7493317 0.809916 0.7499912 0.8001914 0.7245864 0.8101532 0.7252622 0.7647385 0.726064 0.7750275 0.7503535 0.7649845 0.7508502 0.7750275 0.7503535 0.7647385 0.726064 0.7750275 0.7255551 0.7539948 0.7259193 0.7649845 0.7508502 0.754497 0.7507088 0.7649845 0.7508502 0.7539948 0.7259193 0.7647385 0.726064 0.6581956 0.7260054 0.6665043 0.7512066 0.6580959 0.750946 0.6665043 0.7512066 0.6581956 0.7260054 0.6668096 0.7262725 0.6471279 0.7260054 0.6580959 0.750946 0.6472924 0.750946 0.6580959 0.750946 0.6471279 0.7260054 0.6581956 0.7260054 0.6378341 0.7262725 0.6472924 0.750946 0.63822 0.7512066 0.6472924 0.750946 0.6378341 0.7262725 0.6471279 0.7260054 0.208836 0.733066 0.2181918 0.7580135 0.2087512 0.7580111 0.2181918 0.7580135 0.208836 0.733066 0.2185071 0.7330685 0.2087512 0.7580111 0.19783 0.733066 0.208836 0.733066 0.19783 0.733066 0.2086587 0.7071902 0.208836 0.733066 0.208836 0.733066 0.2178369 0.7071925 0.2185071 0.7330685 0.2178369 0.7071925 0.208836 0.733066 0.2086587 0.7071902 0.2082313 0.6821984 0.2178369 0.7071925 0.2086587 0.7071902 0.2178369 0.7071925 0.2082313 0.6821984 0.2162231 0.6822004 0.6401447 0.6755216 0.6473091 0.7001867 0.638489 0.7004402 0.6473091 0.7001867 0.6378341 0.7262725 0.638489 0.7004402 0.6473091 0.7001867 0.6401447 0.6755216 0.6478248 0.675301 0.6478248 0.675301 0.6578125 0.7001867 0.6473091 0.7001867 0.6578125 0.7001867 0.6471279 0.7260054 0.6473091 0.7001867 0.6378341 0.7262725 0.6473091 0.7001867 0.6471279 0.7260054 0.6578125 0.7001867 0.6478248 0.675301 0.6569708 0.675301 0.6569708 0.675301 0.6659872 0.7004402 0.6578125 0.7001867 0.6659872 0.7004402 0.6581956 0.7260054 0.6578125 0.7001867 0.6471279 0.7260054 0.6578125 0.7001867 0.6581956 0.7260054 0.6659872 0.7004402 0.6569708 0.675301 0.6640895 0.6755217 0.7550944 0.6750192 0.7643938 0.700223 0.7541974 0.7000857 0.7643938 0.700223 0.7539948 0.7259193 0.7541974 0.7000857 0.6581956 0.7260054 0.6659872 0.7004402 0.6668096 0.7262725 0.7643938 0.700223 0.7550944 0.6750192 0.7639731 0.6751387 0.7639731 0.6751387 0.7741578 0.6997402 0.7643938 0.700223 0.7741578 0.6997402 0.7647385 0.726064 0.7643938 0.700223 0.7539948 0.7259193 0.7643938 0.700223 0.7647385 0.726064 0.7741578 0.6997402 0.7639731 0.6751387 0.7724756 0.6747183 0.8029583 0.6738278 0.8105881 0.6994575 0.8011338 0.6988162 0.8105881 0.6994575 0.8001914 0.7245864 0.8011338 0.6988162 0.7647385 0.726064 0.7741578 0.6997402 0.7750275 0.7255551 0.8105881 0.6994575 0.8029583 0.6738278 0.8111905 0.6743862 0.8111905 0.6743862 0.8209446 0.699369 0.8105881 0.6994575 0.8209446 0.699369 0.8101532 0.7252622 0.8105881 0.6994575 0.8001914 0.7245864 0.8105881 0.6994575 0.8101532 0.7252622 0.8209446 0.699369 0.8111905 0.6743862 0.8202087 0.6743091 0.192413 0.6822004 0.1982139 0.7071902 0.1904925 0.7071925 0.1982139 0.7071902 0.1896938 0.7330685 0.1904925 0.7071925 0.8101532 0.7252622 0.8209446 0.699369 0.8210663 0.725169 0.1982139 0.7071902 0.192413 0.6822004 0.1991363 0.6821984 0.1991363 0.6821984 0.2086587 0.7071902 0.1982139 0.7071902 0.2086587 0.7071902 0.19783 0.733066 0.1982139 0.7071902 0.1896938 0.7330685 0.1982139 0.7071902 0.19783 0.733066 0.2086587 0.7071902 0.1991363 0.6821984 0.2082313 0.6821984 0.2002627 0.6571826 0.2082313 0.6821984 0.1991363 0.6821984 0.194758 0.6571843 0.1991363 0.6821984 0.192413 0.6822004 0.1991363 0.6821984 0.194758 0.6571843 0.2002627 0.6571826 0.8202087 0.6743091 0.8118612 0.6492363 0.8192448 0.6491732 0.8118612 0.6492363 0.8187606 0.6233162 0.8192448 0.6491732 0.194758 0.6571843 0.2009701 0.6313327 0.2002627 0.6571826 0.2009701 0.6313327 0.194758 0.6571843 0.1962299 0.6313341 0.2009701 0.6313327 0.1967381 0.6063878 0.2012147 0.6063864 0.2012147 0.6063864 0.2073817 0.6313327 0.2009701 0.6313327 0.2073817 0.6313327 0.2002627 0.6571826 0.2009701 0.6313327 0.1967381 0.6063878 0.2009701 0.6313327 0.1962299 0.6313341 0.8187606 0.6233162 0.8127801 0.5985266 0.8187842 0.5984753 0.8134608 0.5606891 0.8187842 0.5984753 0.8127801 0.5985266 0.1981834 0.5684813 0.2012147 0.6063864 0.1967381 0.6063878 0.8187842 0.5984753 0.8134608 0.5606891 0.8184579 0.5606464 0.8140977 0.5228869 0.8184579 0.5606464 0.8134608 0.5606891 0.2012147 0.6063864 0.1981834 0.5684813 0.2019093 0.5684801 0.1993542 0.5305746 0.2019093 0.5684801 0.1981834 0.5684813 0.8184579 0.5606464 0.8140977 0.5228869 0.8182799 0.5228511 0.814575 0.4852137 0.8182799 0.5228511 0.8140977 0.5228869 0.2019093 0.5684801 0.1993542 0.5305746 0.202472 0.5305737 0.1995226 0.4926678 0.202472 0.5305737 0.1993542 0.5305746 0.8182799 0.5228511 0.814575 0.4852137 0.8186411 0.485179 0.8150637 0.4475316 0.8186411 0.485179 0.814575 0.4852137 0.202472 0.5305737 0.1995226 0.4926678 0.2025539 0.4926669 0.1997594 0.4547609 0.2025539 0.4926669 0.1995226 0.4926678 0.8186411 0.485179 0.8150637 0.4475316 0.8189653 0.4474982 0.8156228 0.409792 0.8189653 0.4474982 0.8150637 0.4475316 0.2025539 0.4926669 0.1997594 0.4547609 0.2026683 0.4547601 0.2004438 0.4168543 0.2026683 0.4547601 0.1997594 0.4547609 0.8189653 0.4474982 0.8156228 0.409792 0.8190487 0.4097627 0.816173 0.37206 0.8190487 0.4097627 0.8156228 0.409792 0.2026683 0.4547601 0.2004438 0.4168543 0.2029981 0.4168536 0.2010684 0.3789475 0.2029981 0.4168536 0.2004438 0.4168543 0.8190487 0.4097627 0.816173 0.37206 0.8191643 0.3720344 0.8165595 0.3344602 0.8191643 0.3720344 0.816173 0.37206 0.2029981 0.4168536 0.2010684 0.3789475 0.2032984 0.3789469 0.2006662 0.3410406 0.2032984 0.3789469 0.2010684 0.3789475 0.8191643 0.3720344 0.8165595 0.3344602 0.8198322 0.3344323 0.8170908 0.2967435 0.8198322 0.3344323 0.8165595 0.3344602 0.2032984 0.3789469 0.2006662 0.3410406 0.2031067 0.3410398 0.201173 0.303134 0.2031067 0.3410398 0.2006662 0.3410406 0.8198322 0.3344323 0.8170908 0.2967435 0.8200116 0.2967186 0.8176763 0.2589831 0.8200116 0.2967186 0.8170908 0.2967435 0.2031067 0.3410398 0.201173 0.303134 0.2033508 0.3031333 0.202019 0.2652272 0.2033508 0.3031333 0.201173 0.303134 0.8200116 0.2967186 0.8176763 0.2589831 0.8200082 0.2589632 0.8182024 0.2212702 0.8200082 0.2589632 0.8176763 0.2589831 0.2033508 0.3031333 0.202019 0.2652272 0.2037573 0.2652267 0.202494 0.2273203 0.2037573 0.2652267 0.202019 0.2652272 0.8200082 0.2589632 0.8182024 0.2212702 0.8202039 0.2212531 0.8187974 0.1835018 0.8202039 0.2212531 0.8182024 0.2212702 0.2037573 0.2652267 0.202494 0.2273203 0.2039864 0.2273198 0.203401 0.1894136 0.2039864 0.2273198 0.202494 0.2273203 0.8202039 0.2212531 0.8187974 0.1835018 0.8201677 0.1834902 0.2039864 0.2273198 0.203401 0.1894136 0.204423 0.1894133 0.204423 0.1894133 0.2060053 0.2273198 0.2039864 0.2273198 0.2060053 0.2273198 0.204423 0.1894133 0.2058045 0.1894133 0.2058045 0.1894133 0.2077788 0.2273203 0.2060053 0.2273198 0.2077788 0.2273203 0.2058045 0.1894133 0.2070191 0.1894136 0.6488534 0.1834505 0.6498333 0.2212516 0.6481291 0.2213006 0.6498333 0.2212516 0.6488534 0.1834505 0.6500206 0.183417 0.221705 0.898761 0.1978905 0.8465855 0.2290081 0.8630463 0.1978905 0.8465855 0.221705 0.898761 0.1896937 0.8903633 0.150429 0.7330024 0.1738251 0.6967064 0.1834782 0.74338 0.1738251 0.6967064 0.150429 0.7330024 0.1423725 0.7015643 0.9002736 0.3652524 0.9005928 0.3248213 0.9151999 0.3471674 0.9005928 0.3248213 0.9002736 0.3652524 0.8733017 0.357878 0.6891961 0.7911102 0.6746696 0.7540763 0.7116543 0.7758303 0.6746696 0.7540763 0.6891961 0.7911102 0.6688728 0.7794637 0.01888823 1.42552e-7 0.03135025 0.05260175 0 0.03381574 0.03135025 0.05260175 0.01888823 1.42552e-7 0.06591343 0.02902108 0.884089 0.4616602 0.9076004 0.5230566 0.8770177 0.511999 0.9076004 0.5230566 0.884089 0.4616602 0.9157179 0.483392 0.6200021 0.4577174 0.6200021 0.4083153 0.6349646 0.4362376 0.3843011 0.8079637 0.3653419 0.7602845 0.3900223 0.760456 0.4713683 0.146 0.4408304 0.1754122 0.4408304 0.1354733 0.4408304 0.1754122 0.4713683 0.146 0.4692797 0.1746027 0.5723367 0.8262584 0.6171561 0.8546821 0.5912867 0.8579946 0.6171561 0.8546821 0.5723367 0.8262584 0.5981688 0.807066 0.9242462 0.3743028 0.9454826 0.3248212 0.9553739 0.3740968 0.9454826 0.3248212 0.9242462 0.3743028 0.917263 0.3380061 0.3684643 0.4670222 0.366679 0.4212681 0.3906073 0.4460046 0.366679 0.4212681 0.3684643 0.4670222 0.3304335 0.4514765 0.9406467 0.7930933 0.9610242 0.7520727 0.9764849 0.8021236 0.9610242 0.7520727 0.9406467 0.7930933 0.9375142 0.7548851 0.04506772 0.5169444 0.05773925 0.4824437 0.06902027 0.5036531 0.05773925 0.4824437 0.04506772 0.5169444 0.02152937 0.503782 0.1697831 0.8844056 0.1620957 0.9292402 0.1423724 0.892179 0.1620957 0.9292402 0.1697831 0.8844056 0.1831271 0.910833 0.6989942 0.03800684 0.7137243 0 0.7236157 0.02196705 0.7137243 0 0.6989942 0.03800684 0.6778683 0.02477389 0.855395 0.4148677 0.8515239 0.4596009 0.8276994 0.4232715 0.8515239 0.4596009 0.855395 0.4148677 0.8712385 0.4401282 0.7879685 0.1207609 0.8339055 0.07998681 0.8185974 0.1283679 0.137929 0.7448541 0.08582186 0.7145122 0.1203808 0.6967063 0.3094691 0.2082448 0.2503588 0.2223154 0.2801367 0.1834171 0.2603663 0.9421347 0.2603663 0.98804 0.2310711 0.982614 0.9487133 0.4740388 0.9177811 0.5106621 0.9177811 0.4616603 0.05932962 0.2842382 1.65132e-7 0.2660586 0.02813762 0.2436706 0.9490302 0.1911536 0.9163681 0.2352278 0.9163681 0.1834171 0.4528102 0.2231519 0.3933179 0.2053217 0.4216453 0.183417 0.6413437 0.1390781 0.6069707 0.1766766 0.6069707 0.1282458 0.1059139 0.3236071 0.1059139 0.3851367 0.08056718 0.3618127 0.5298922 0.9212036 0.5298922 0.8644647 0.5512065 0.8850086 0.08315312 0.8917764 0.08315312 0.956426 0.05551934 0.9295976 0.9721556 0.6470571 0.9721556 0.5826168 0.9943538 0.6159009 0.6136327 0.6649753 0.5544708 0.630704 0.5961147 0.6194977 0.5544708 0.630704 0.6136327 0.6649753 0.5658211 0.6651623 0.6168348 0.7156557 0.5658211 0.6651623 0.6136327 0.6649753 0.5658211 0.6651623 0.6168348 0.7156557 0.565922 0.7039124 0.6054104 0.766626 0.565922 0.7039124 0.6168348 0.7156557 0.565922 0.7039124 0.6054104 0.766626 0.5544708 0.7431231 3.06673e-4 0.7788209 0.05782276 0.7289803 0.06373608 0.7705525 0.05782276 0.7289803 3.06673e-4 0.7788209 0 0.726266 0 0.726266 0.05802202 0.6901443 0.05782276 0.7289803 0.05802202 0.6901443 0 0.726266 0.007465541 0.6768862 0.007465541 0.6768862 0.06373608 0.6577653 0.05802202 0.6901443 0.06373608 0.6577653 0.007465541 0.6768862 0.02197951 0.6354678 0.9783048 0.06436121 0.9783048 0 1 0.03140652 0.1423724 0.9830723 0.1423724 0.9312997 0.1716631 0.951714 0.6069707 0.1766766 0.6413437 0.1390781 0.6413771 0.1802992 0.3933179 0.2053217 0.4528102 0.2231519 0.4163938 0.235795 0.4702614 0.271361 0.4163938 0.235795 0.4528102 0.2231519 0.4163938 0.235795 0.4702614 0.271361 0.4287173 0.2730636 0.4723072 0.3233708 0.4287173 0.2730636 0.4702614 0.271361 0.4287173 0.2730636 0.4723072 0.3233708 0.4289234 0.313493 0.4587495 0.37414 0.4289234 0.313493 0.4723072 0.3233708 0.4289234 0.313493 0.4587495 0.37414 0.4168018 0.3531461 0.4309023 0.4187474 0.4168018 0.3531461 0.4587495 0.37414 0.4168018 0.3531461 0.4309023 0.4187474 0.3933179 0.3881577 0.7256788 0.1411978 0.7839721 0.09864133 0.7859055 0.140819 0.7839721 0.09864133 0.7256788 0.1411978 0.731527 0.08896243 0.731527 0.08896243 0.784193 0.05953079 0.7839721 0.09864133 0.784193 0.05953079 0.731527 0.08896243 0.7401496 0.04032492 0.7401496 0.04032492 0.7859054 0.02715057 0.784193 0.05953079 0.7859054 0.02715057 0.7401496 0.04032492 0.7507107 0 0.61097 0.9221122 0.61097 0.9866036 0.5891009 0.9555465 0.948455 0.2335625 0.9325725 0.2846075 0.9163681 0.2352278 0.9163681 0.2352278 0.9490302 0.1911536 0.948455 0.2335625 1.65132e-7 0.2660586 0.05932962 0.2842382 0.0232563 0.2974804 0.07667899 0.3330454 0.0232563 0.2974804 0.05932962 0.2842382 0.0232563 0.2974804 0.07667899 0.3330454 0.03565824 0.3355157 0.07850414 0.3853611 0.03565824 0.3355157 0.07667899 0.3330454 0.03565824 0.3355157 0.07850414 0.3853611 0.03584837 0.376482 0.06462818 0.4361138 0.03584837 0.376482 0.07850414 0.3853611 0.03584837 0.376482 0.06462818 0.4361138 0.02363246 0.4164183 0.03639578 0.4803843 0.02363246 0.4164183 0.06462818 0.4361138 0.02363246 0.4164183 0.03639578 0.4803843 1.41992e-7 0.4514597 0.3933179 0.8634986 0.4511815 0.8221852 0.454299 0.8634986 0.4511815 0.8221852 0.3933179 0.8634986 0.3975881 0.8117278 0.3975881 0.8117278 0.4507927 0.7852888 0.4511815 0.8221852 0.4507927 0.7852888 0.3975881 0.8117278 0.4053526 0.7652742 0.2857524 0.7557649 0.2857524 0.8230957 0.2643853 0.8005676 0.9528784 0.4549203 0.9172629 0.4227581 0.9528784 0.4090417 0.9891115 0.9213383 0.9891115 0.9857734 0.9669082 0.9546064 0.9476015 0.5154977 0.9339003 0.5579149 0.9177811 0.5106621 0.9177811 0.5106621 0.9487133 0.4740388 0.9476015 0.5154977 0.7080208 0.9915176 0.7080208 0.9295339 0.7261449 0.9602345 0.4422788 0.4629897 0.3933179 0.44602 0.4257999 0.4208068 0.3933179 0.44602 0.4422788 0.4629897 0.4002888 0.4799354 0.4534385 0.5126774 0.4002888 0.4799354 0.4422788 0.4629897 0.4002888 0.4799354 0.4534385 0.5126774 0.4031107 0.5199187 0.4581988 0.5650531 0.4031107 0.5199187 0.4534385 0.5126774 0.4031107 0.5199187 0.4581988 0.5650531 0.4009162 0.5622217 0.4560975 0.61504 0.4009162 0.5622217 0.4581988 0.5650531 0.4009162 0.5622217 0.4560975 0.61504 0.3933179 0.6028748 0.2606492 0.4198666 0.2883818 0.3586618 0.3094691 0.395327 0.2883818 0.3586618 0.2606492 0.4198666 0.2378556 0.3740213 0.2378556 0.3740213 0.2776829 0.317721 0.2883818 0.3586618 0.2776829 0.317721 0.2378556 0.3740213 0.2281416 0.3224715 0.2281416 0.3224715 0.2780509 0.2764255 0.2776829 0.317721 0.2780509 0.2764255 0.2281416 0.3224715 0.2324485 0.2702144 0.2324485 0.2702144 0.2891112 0.2387301 0.2780509 0.2764255 0.2891112 0.2387301 0.2324485 0.2702144 0.2503588 0.2223154 0.2503588 0.2223154 0.3094691 0.2082448 0.2891112 0.2387301 0.08582186 0.7145122 0.137929 0.7448541 0.09783291 0.7550653 0.1403094 0.7941961 0.09783291 0.7550653 0.137929 0.7448541 0.09783291 0.7550653 0.1403094 0.7941961 0.09790748 0.7966864 0.127292 0.8399501 0.09790748 0.7966864 0.1403094 0.7941961 0.09790748 0.7966864 0.127292 0.8399501 0.08582186 0.8356327 0.3389529 0.6630091 0.3033853 0.7157377 0.2878155 0.6725549 0.3033853 0.7157377 0.3389529 0.6630091 0.3450078 0.7147846 0.3906072 0.6559295 0.3450078 0.7147846 0.3389529 0.6630091 0.3450078 0.7147846 0.3906072 0.6559295 0.3872736 0.7157377 0.3906072 0.6559295 0.330068 0.6221027 0.3701651 0.6096019 0.330068 0.6221027 0.3906072 0.6559295 0.3389529 0.6630091 0.3389529 0.6630091 0.2906141 0.6365111 0.330068 0.6221027 0.2906141 0.6365111 0.3389529 0.6630091 0.2878155 0.6725549 0.8396366 0 0.7946787 0.04168003 0.7879685 0.01025474 0.7946787 0.04168003 0.8396366 0 0.8411524 0.0357691 0.8411524 0.0357691 0.7944874 0.07963877 0.7946787 0.04168003 0.7944874 0.07963877 0.8411524 0.0357691 0.8339055 0.07998681 0.8339055 0.07998681 0.7879685 0.1207609 0.7944874 0.07963877 0.8276994 0.4232715 0.8524107 0.386205 0.855395 0.4148677 0.8524107 0.386205 0.8276994 0.4232715 0.8231295 0.3822088 0.8231295 0.3822088 0.8631594 0.3608464 0.8524107 0.386205 0.8631594 0.3608464 0.8231295 0.3822088 0.8389332 0.3464735 0.8712385 0.3248214 0.8631594 0.3608464 0.8389332 0.3464735 0.5521038 0.4214324 0.5521037 0.471517 0.5388397 0.4364678 0.5129946 0.9667987 0.4782416 0.9380828 0.5129946 0.9265202 0.4782416 0.9380828 0.5129946 0.9667987 0.4743703 0.9648398 0.7181373 0.1534151 0.6990398 0.1116462 0.7236157 0.124457 0.6990398 0.1116462 0.7181373 0.1534151 0.6810388 0.134985 0.6810388 0.134985 0.6850451 0.0891081 0.6990398 0.1116462 0.6850451 0.0891081 0.6580935 0.06168478 0.6850213 0.06238037 0.6580935 0.06168478 0.6850451 0.0891081 0.6592442 0.1016891 0.6850451 0.0891081 0.6810388 0.134985 0.6592442 0.1016891 0.6850213 0.06238037 0.6778683 0.02477389 0.6989942 0.03800684 0.6778683 0.02477389 0.6850213 0.06238037 0.6580935 0.06168478 0.1423724 0.892179 0.1697495 0.8561744 0.1697831 0.8844056 0.1697495 0.8561744 0.1423724 0.892179 0.1425362 0.8527601 0.1425362 0.8527601 0.1831271 0.8325933 0.1697495 0.8561744 0.9552172 0.2137838 0.980614 0.183417 0.9826837 0.223486 0.9826837 0.2559491 0.9552172 0.2137838 0.9826837 0.223486 0.9552172 0.2137838 0.9826837 0.2559491 0.9510932 0.236471 0.1230984 0.9347944 0.09894359 0.9678928 0.0858218 0.932738 0.09894359 0.9678928 0.1230984 0.9347944 0.1230984 0.9731265 0.0555495 0.6334085 0.04459685 0.5880125 0.06902027 0.6022244 0.04459685 0.5880125 0.0555495 0.6334085 0.01995599 0.6122325 0.01995599 0.6122325 0.03096061 0.5651327 0.04459685 0.5880125 0.03096061 0.5651327 5.70853e-4 0.5383705 0.03120225 0.5393006 5.70853e-4 0.5383705 0.03096061 0.5651327 0 0.5777359 0.03096061 0.5651327 0.01995599 0.6122325 0 0.5777359 0.03120225 0.5393006 0.02152937 0.503782 0.04506772 0.5169444 0.02152937 0.503782 0.03120225 0.5393006 5.70853e-4 0.5383705 0.9764849 0.8021236 0.9375142 0.8218725 0.9406467 0.7930933 0.1034625 0.4773977 0.1002197 0.4270712 0.1375529 0.4429188 0.1607564 0.4777363 0.1034625 0.4773977 0.1375529 0.4429188 0.1034625 0.4773977 0.1607564 0.4777363 0.1144923 0.5012667 0.1642442 0.5236571 0.1144923 0.5012667 0.1607564 0.4777363 0.1144923 0.5012667 0.1642442 0.5236571 0.1129594 0.5323699 0.1510645 0.5727944 0.1129594 0.5323699 0.1642442 0.5236571 0.1129594 0.5323699 0.1510645 0.5727944 0.1002197 0.5657343 0.1642442 0.5236571 0.1876306 0.5699855 0.1510645 0.5727944 0.3906073 0.6075426 0.3247253 0.5757616 0.3726885 0.5748474 0.3247253 0.5757616 0.3603379 0.5378184 0.3726885 0.5748474 0.3603379 0.5378184 0.3247253 0.5757616 0.3115321 0.5384267 0.3115321 0.5384267 0.3580218 0.4998232 0.3603379 0.5378184 0.3580218 0.4998232 0.3304335 0.4514765 0.3684643 0.4670222 0.3304335 0.4514765 0.3580218 0.4998232 0.3119307 0.4941148 0.3580218 0.4998232 0.3115321 0.5384267 0.3119307 0.4941148 0.9553739 0.3740968 0.917263 0.4069823 0.9242462 0.3743028 0.6171561 0.776229 0.5981688 0.807066 0.5803042 0.7686854 0.1315324 0.6074438 0.09089553 0.6092817 0.1157435 0.5748538 0.09089553 0.6092817 0.1315324 0.6074438 0.09406691 0.6331227 0.1388703 0.6496469 0.09406691 0.6331227 0.1315324 0.6074438 0.09406691 0.6331227 0.1388703 0.6496469 0.0925883 0.6630104 0.1372714 0.694647 0.0925883 0.6630104 0.1388703 0.6496469 0.0925883 0.6630104 0.1372714 0.694647 0.0858218 0.694647 0.1388703 0.6496469 0.1876306 0.6829249 0.1372714 0.694647 0.1876306 0.6829249 0.1388703 0.6496469 0.1810943 0.6417531 0.1388703 0.6496469 0.1680061 0.6058198 0.1810943 0.6417531 0.1680061 0.6058198 0.1388703 0.6496469 0.1315324 0.6074438 0.6688727 0.9706848 0.7051938 0.9321011 0.7059577 0.9667365 0.5544707 0.7990435 0.5981688 0.807066 0.5723367 0.8262584 0.5981688 0.807066 0.5544707 0.7990435 0.5803042 0.7686854 0.7051938 0.9321011 0.6688727 0.9706848 0.6688727 0.9295339 0.4408304 0.1354733 0.4854742 0.1282457 0.4713683 0.146 0.8276246 0.2233896 0.8231295 0.1834171 0.8562957 0.2019855 0.8716227 0.2390184 0.8276246 0.2233896 0.8562957 0.2019855 0.8276246 0.2233896 0.8716227 0.2390184 0.8357678 0.2448214 0.8690491 0.2825781 0.8357678 0.2448214 0.8716227 0.2390184 0.8357678 0.2448214 0.8690491 0.2825781 0.8329279 0.2708884 0.8690491 0.2825781 0.8231295 0.2952706 0.8329279 0.2708884 0.8231295 0.2952706 0.8690491 0.2825781 0.8573341 0.322762 0.7389793 0.872306 0.7667077 0.8307792 0.7706791 0.8654733 0.7667077 0.8307792 0.7389793 0.872306 0.7334851 0.8309522 0.7334851 0.8309522 0.7656096 0.7966439 0.7667077 0.8307792 0.7656096 0.7966439 0.7334851 0.8309522 0.7308925 0.787582 0.7308925 0.787582 0.7706791 0.7711735 0.7656096 0.7966439 0.7706791 0.7711735 0.7308925 0.787582 0.7382276 0.7531106 0.3900223 0.7177971 0.3653419 0.7602845 0.3620393 0.7290786 0.3653419 0.7602845 0.3900223 0.7177971 0.3900223 0.760456 0.9157179 0.5652566 0.8770177 0.511999 0.9076004 0.5230566 0.34204 0 0.3386684 0.06143152 0.3022434 0.02498191 0.3386684 0.06143152 0.2658723 0.0684266 0.3022434 0.02498191 0.2658723 0.0684266 0.3386684 0.06143152 0.327504 0.09585088 0.327504 0.09585088 0.2395701 0.1223985 0.2658723 0.0684266 0.2395701 0.1223985 0.327504 0.09585088 0.3280484 0.138422 0.3280484 0.138422 0.2281416 0.1770386 0.2395701 0.1223985 0.2281416 0.1770386 0.3280484 0.138422 0.34204 0.1813576 0.05726987 0.2416112 0.03321379 0.1566546 0.09215945 0.1942375 0.03321379 0.1566546 0.05726987 0.2416112 0 0.1826105 0.0506497 0.1213282 0.09215945 0.1942375 0.03321379 0.1566546 0.09691566 0.0772584 0.0506497 0.1213282 0.04969948 0.08402454 0.0506497 0.1213282 0.09691566 0.0772584 0.1062316 0.1359012 0.09215945 0.1942375 0.0506497 0.1213282 0.1062316 0.1359012 0.06591343 0.02902108 0.04969948 0.08402454 0.03135025 0.05260175 0.04969948 0.08402454 0.06591343 0.02902108 0.09691566 0.0772584 0.7116543 0.7758303 0.6969609 0.8118212 0.6891961 0.7911102 0.6969609 0.8118212 0.7116543 0.7758303 0.7248621 0.8138924 0.7078145 0.849593 0.6969609 0.8118212 0.7248621 0.8138924 0.6969609 0.8118212 0.7078145 0.849593 0.6884197 0.8317061 0.6688728 0.865419 0.6884197 0.8317061 0.7078145 0.849593 0.6351698 0.6718525 0.6351698 0.7115669 0.618898 0.6882461 0.9507762 0.5803359 0.9507762 0.5380174 0.9742617 0.543931 0.5514833 0.4735766 0.5514833 0.525247 0.5388397 0.4870121 0.9507762 0.5034216 0.98689 0.514767 0.9507762 0.5359582 0.98689 0.514767 0.9507762 0.5034216 0.9828294 0.4961129 0.9507762 0.5034216 0.9805718 0.4731257 0.9828294 0.4961129 0.9805718 0.4731257 0.9507762 0.5034216 0.9541809 0.4616603 0.9020677 0.4255321 0.9002255 0.3874961 0.9151999 0.4033608 0.9002255 0.3874961 0.8733017 0.357878 0.9002736 0.3652524 0.8733017 0.357878 0.9002255 0.3874961 0.8738894 0.3980099 0.9002255 0.3874961 0.9020677 0.4255321 0.8738894 0.3980099 0.1834782 0.74338 0.1437085 0.7629252 0.150429 0.7330024 0.1437085 0.7629252 0.1834782 0.74338 0.1724183 0.7904378 0.1423724 0.8305341 0.1437085 0.7629252 0.1724183 0.7904378 0.08030045 0.7808803 0.08030045 0.8475071 0.05283808 0.7975347 0.3599762 0.7661777 0.2936004 0.7279493 0.3414852 0.7177971 0.2936004 0.7279493 0.3599762 0.7661777 0.2983698 0.7587938 0.3599762 0.8186604 0.2983698 0.7587938 0.3599762 0.7661777 0.2983698 0.7587938 0.3599762 0.8186604 0.2878156 0.7912849 0.5538925 0.1215128 0.6451146 0.08514297 0.6560304 0.1215128 0.6451146 0.08514297 0.5538925 0.1215128 0.5683994 0.07111424 0.5683994 0.07111424 0.6443905 0.05387878 0.6451146 0.08514297 0.9601179 0.9192789 0.9337902 0.8778889 0.9705548 0.8889126 0.6216908 0 0.6443905 0.05387878 0.5922392 0.02838701 0.6443905 0.05387878 0.5683994 0.07111424 0.5922392 0.02838701 0.2290081 0.9358303 0.1896937 0.8903633 0.221705 0.898761 0.9705548 0.8453737 0.9705548 0.8889126 0.9337902 0.8778889 0.6500206 0.183417 0.6518632 0.2212515 0.6498333 0.2212516 0.6518632 0.2212515 0.6500206 0.183417 0.6514102 0.183417 0.6514102 0.183417 0.653443 0.2213005 0.6518632 0.2212515 0.653443 0.2213005 0.6514102 0.183417 0.6524919 0.1834505 0.7563757 0.1834628 0.7582101 0.2213076 0.7562397 0.221281 0.7582101 0.2213076 0.7563757 0.1834628 0.7577244 0.1834809 0.7577244 0.1834809 0.7600968 0.2212142 0.7582101 0.2213076 0.7600968 0.2212142 0.7577244 0.1834809 0.7590165 0.1834171 0.8175464 0.183417 0.8182024 0.2212702 0.8163754 0.2211462 0.8182024 0.2212702 0.8175464 0.183417 0.8187974 0.1835018 0.8163754 0.2211462 0.8176763 0.2589831 0.8155474 0.2588387 0.7608609 0.2589784 0.7582101 0.2213076 0.7600968 0.2212142 0.8176763 0.2589831 0.8163754 0.2211462 0.8182024 0.2212702 0.8155474 0.2588387 0.8170908 0.2967435 0.8144248 0.2965627 0.7618967 0.2967709 0.7586624 0.2590872 0.7608609 0.2589784 0.7582101 0.2213076 0.7608609 0.2589784 0.7586624 0.2590872 0.8170908 0.2967435 0.8155474 0.2588387 0.8176763 0.2589831 0.7586624 0.2590872 0.7618967 0.2967709 0.7591432 0.2969071 0.7591432 0.2969071 0.7563664 0.2590562 0.7586624 0.2590872 0.7562397 0.221281 0.7586624 0.2590872 0.7563664 0.2590562 0.7586624 0.2590872 0.7562397 0.221281 0.7582101 0.2213076 0.7563664 0.2590562 0.7591432 0.2969071 0.7562679 0.2968683 0.6548725 0.2970142 0.6521393 0.2591054 0.6539801 0.2591624 0.6518632 0.2212515 0.6539801 0.2591624 0.6521393 0.2591054 0.6539801 0.2591624 0.6518632 0.2212515 0.653443 0.2213005 0.6521393 0.2591054 0.6548725 0.2970142 0.6525672 0.2969427 0.6525672 0.2969427 0.6497743 0.2591054 0.6521393 0.2591054 0.6498333 0.2212516 0.6521393 0.2591054 0.6497743 0.2591054 0.6521393 0.2591054 0.6498333 0.2212516 0.6518632 0.2212515 0.6497743 0.2591054 0.6525672 0.2969427 0.6496051 0.2969427 0.6496051 0.2969427 0.6477882 0.2591624 0.6497743 0.2591054 0.6481291 0.2213006 0.6497743 0.2591054 0.6477882 0.2591624 0.6497743 0.2591054 0.6481291 0.2213006 0.6498333 0.2212516 0.6477882 0.2591624 0.6496051 0.2969427 0.647118 0.2970141 0.2088843 0.303134 0.2061092 0.2652267 0.2081757 0.2652272 0.2060053 0.2273198 0.2081757 0.2652272 0.2061092 0.2652267 0.2081757 0.2652272 0.2060053 0.2273198 0.2077788 0.2273203 0.2061092 0.2652267 0.2088843 0.303134 0.2062962 0.3031333 0.2062962 0.3031333 0.2037573 0.2652267 0.2061092 0.2652267 0.2039864 0.2273198 0.2061092 0.2652267 0.2037573 0.2652267 0.2061092 0.2652267 0.2039864 0.2273198 0.2060053 0.2273198 0.2062962 0.3031333 0.2093076 0.3410406 0.2064073 0.3410398 0.2064073 0.3410398 0.2033508 0.3031333 0.2062962 0.3031333 0.2037573 0.2652267 0.2062962 0.3031333 0.2033508 0.3031333 0.2093076 0.3410406 0.2062962 0.3031333 0.2088843 0.303134 0.6467496 0.334875 0.6497381 0.3726878 0.6471904 0.372761 0.2089665 0.3789475 0.2064073 0.3410398 0.2093076 0.3410406 0.6497381 0.3726878 0.6467496 0.334875 0.6495367 0.3347949 0.647118 0.2970141 0.6495367 0.3347949 0.6467496 0.334875 0.6495367 0.3347949 0.6527717 0.3726878 0.6497381 0.3726878 0.6527717 0.3726878 0.6495367 0.3347949 0.6528558 0.3347949 0.6496051 0.2969427 0.6528558 0.3347949 0.6495367 0.3347949 0.6495367 0.3347949 0.647118 0.2970141 0.6496051 0.2969427 0.6528558 0.3347949 0.6551331 0.372761 0.6527717 0.3726878 0.6551331 0.372761 0.6528558 0.3347949 0.6554394 0.3348751 0.6525672 0.2969427 0.6554394 0.3348751 0.6528558 0.3347949 0.6528558 0.3347949 0.6496051 0.2969427 0.6525672 0.2969427 0.756376 0.3346464 0.7599838 0.3723732 0.7570385 0.3723335 0.7599838 0.3723732 0.756376 0.3346464 0.7595983 0.3346897 0.7562679 0.2968683 0.7595983 0.3346897 0.756376 0.3346464 0.6554394 0.3348751 0.6525672 0.2969427 0.6548725 0.2970142 0.7595983 0.3346897 0.7628036 0.3722337 0.7599838 0.3723732 0.7628036 0.3722337 0.7595983 0.3346897 0.7626838 0.3345372 0.7591432 0.2969071 0.7626838 0.3345372 0.7595983 0.3346897 0.7595983 0.3346897 0.7562679 0.2968683 0.7591432 0.2969071 0.8135722 0.3342576 0.816173 0.37206 0.8134422 0.3718748 0.816173 0.37206 0.8135722 0.3342576 0.8165595 0.3344602 0.8144248 0.2965627 0.8165595 0.3344602 0.8135722 0.3342576 0.7626838 0.3345372 0.7591432 0.2969071 0.7618967 0.2967709 0.8134422 0.3718748 0.8156228 0.409792 0.8124961 0.4095799 0.7636772 0.4100092 0.7599838 0.3723732 0.7628036 0.3722337 0.8156228 0.409792 0.8134422 0.3718748 0.816173 0.37206 0.8124961 0.4095799 0.8150637 0.4475316 0.8115015 0.44729 0.7645943 0.4477891 0.7604476 0.4101689 0.7636772 0.4100092 0.7599838 0.3723732 0.7636772 0.4100092 0.7604476 0.4101689 0.8150637 0.4475316 0.8124961 0.4095799 0.8156228 0.409792 0.7604476 0.4101689 0.7645943 0.4477891 0.7609162 0.4479711 0.7609162 0.4479711 0.7570752 0.4101234 0.7604476 0.4101689 0.7570385 0.3723335 0.7604476 0.4101689 0.7570752 0.4101234 0.7604476 0.4101689 0.7570385 0.3723335 0.7599838 0.3723732 0.7570752 0.4101234 0.7609162 0.4479711 0.7570744 0.4479193 0.6565504 0.4484748 0.6531087 0.4105349 0.6558125 0.4106187 0.6527717 0.3726878 0.6558125 0.4106187 0.6531087 0.4105349 0.6558125 0.4106187 0.6527717 0.3726878 0.6551331 0.372761 0.6531087 0.4105349 0.6565504 0.4484748 0.6534705 0.4483793 0.6534705 0.4483793 0.6496345 0.4105349 0.6531087 0.4105349 0.6497381 0.3726878 0.6531087 0.4105349 0.6496345 0.4105349 0.6531087 0.4105349 0.6497381 0.3726878 0.6527717 0.3726878 0.6496345 0.4105349 0.6534705 0.4483793 0.6495136 0.4483793 0.6495136 0.4483793 0.6467176 0.4106187 0.6496345 0.4105349 0.6471904 0.372761 0.6496345 0.4105349 0.6467176 0.4106187 0.6496345 0.4105349 0.6471904 0.372761 0.6497381 0.3726878 0.6467176 0.4106187 0.6495136 0.4483793 0.6461905 0.4484748 0.2100608 0.4547609 0.2064526 0.4168535 0.2094883 0.4168543 0.2063154 0.3789469 0.2094883 0.4168543 0.2064526 0.4168535 0.2094883 0.4168543 0.2063154 0.3789469 0.2089665 0.3789475 0.2064526 0.4168535 0.2032984 0.3789469 0.2063154 0.3789469 0.2031067 0.3410398 0.2063154 0.3789469 0.2032984 0.3789469 0.2064073 0.3410398 0.2089665 0.3789475 0.2063154 0.3789469 0.2063154 0.3789469 0.2031067 0.3410398 0.2064073 0.3410398 0.2064526 0.4168535 0.2100608 0.4547609 0.2066037 0.4547601 0.2066037 0.4547601 0.2029981 0.4168536 0.2064526 0.4168535 0.2032984 0.3789469 0.2064526 0.4168535 0.2029981 0.4168536 0.2066037 0.4547601 0.2102575 0.4926678 0.2066543 0.4926669 0.2066543 0.4926669 0.2026683 0.4547601 0.2066037 0.4547601 0.2029981 0.4168536 0.2066037 0.4547601 0.2026683 0.4547601 0.2102575 0.4926678 0.2066037 0.4547601 0.2100608 0.4547609 0.6460623 0.4863432 0.6495571 0.5241111 0.6459952 0.5242134 0.2103959 0.5305746 0.2066543 0.4926669 0.2102575 0.4926678 0.6495571 0.5241111 0.6460623 0.4863432 0.6495251 0.4862437 0.6461905 0.4484748 0.6495251 0.4862437 0.6460623 0.4863432 0.6495251 0.4862437 0.6537987 0.5241111 0.6495571 0.5241111 0.6537987 0.5241111 0.6495251 0.4862437 0.6536486 0.4862437 0.6495136 0.4483793 0.6536486 0.4862437 0.6495251 0.4862437 0.6495251 0.4862437 0.6461905 0.4484748 0.6495136 0.4483793 0.6536486 0.4862437 0.6570996 0.5242134 0.6537987 0.5241111 0.6570996 0.5242134 0.6536486 0.4862437 0.656858 0.4863432 0.6534705 0.4483793 0.656858 0.4863432 0.6536486 0.4862437 0.6536486 0.4862437 0.6495136 0.4483793 0.6534705 0.4483793 0.7573475 0.4856705 0.7617792 0.5234702 0.757662 0.5234147 0.7617792 0.5234702 0.7573475 0.4856705 0.7613503 0.4857245 0.7570744 0.4479193 0.7613503 0.4857245 0.7573475 0.4856705 0.656858 0.4863432 0.6534705 0.4483793 0.6565504 0.4484748 0.7613503 0.4857245 0.7657224 0.5232751 0.7617792 0.5234702 0.7657224 0.5232751 0.7613503 0.4857245 0.7651838 0.4855348 0.7609162 0.4479711 0.7651838 0.4855348 0.7613503 0.4857245 0.7613503 0.4857245 0.7570744 0.4479193 0.7609162 0.4479711 0.8108635 0.484962 0.8140977 0.5228869 0.8102797 0.522628 0.8140977 0.5228869 0.8108635 0.484962 0.814575 0.4852137 0.8115015 0.44729 0.814575 0.4852137 0.8108635 0.484962 0.7651838 0.4855348 0.7609162 0.4479711 0.7645943 0.4477891 0.8102797 0.522628 0.8134608 0.5606891 0.8088986 0.5603797 0.7669963 0.5610926 0.7617792 0.5234702 0.7657224 0.5232751 0.8134608 0.5606891 0.8102797 0.522628 0.8140977 0.5228869 0.8088986 0.5603797 0.8127801 0.5985266 0.8072991 0.5981549 0.7684721 0.5989311 0.7622851 0.5613256 0.7669963 0.5610926 0.7617792 0.5234702 0.7669963 0.5610926 0.7622851 0.5613256 0.8127801 0.5985266 0.8088986 0.5603797 0.8134608 0.5606891 0.7622851 0.5613256 0.7684721 0.5989311 0.7628115 0.599211 0.7628115 0.599211 0.7573649 0.5612593 0.7622851 0.5613256 0.757662 0.5234147 0.7622851 0.5613256 0.7573649 0.5612593 0.7622851 0.5613256 0.757662 0.5234147 0.7617792 0.5234702 0.7573649 0.5612593 0.7628115 0.599211 0.7569003 0.5991314 0.6597731 0.5998912 0.6543596 0.5619339 0.6583045 0.5620561 0.6537987 0.5241111 0.6583045 0.5620561 0.6543596 0.5619339 0.6583045 0.5620561 0.6537987 0.5241111 0.6570996 0.5242134 0.6543596 0.5619339 0.6597731 0.5998912 0.655034 0.5997443 0.655034 0.5997443 0.6492916 0.5619339 0.6543596 0.5619339 0.6495571 0.5241111 0.6543596 0.5619339 0.6492916 0.5619339 0.6543596 0.5619339 0.6495571 0.5241111 0.6537987 0.5241111 0.6492916 0.5619339 0.655034 0.5997443 0.6489447 0.5997443 0.6489447 0.5997443 0.6450355 0.5620561 0.6492916 0.5619339 0.6459952 0.5242134 0.6492916 0.5619339 0.6450355 0.5620561 0.6492916 0.5619339 0.6459952 0.5242134 0.6495571 0.5241111 0.6450355 0.5620561 0.6489447 0.5997443 0.6438313 0.5998912 0.2125906 0.6063877 0.2069492 0.5684801 0.2113777 0.5684813 0.2066895 0.5305737 0.2113777 0.5684813 0.2069492 0.5684801 0.2113777 0.5684813 0.2066895 0.5305737 0.2103959 0.5305746 0.2069492 0.5684801 0.202472 0.5305737 0.2066895 0.5305737 0.2025539 0.4926669 0.2066895 0.5305737 0.202472 0.5305737 0.2066543 0.4926669 0.2103959 0.5305746 0.2066895 0.5305737 0.2066895 0.5305737 0.2025539 0.4926669 0.2066543 0.4926669 0.2069492 0.5684801 0.2125906 0.6063877 0.20727 0.6063864 0.20727 0.6063864 0.2019093 0.5684801 0.2069492 0.5684801 0.202472 0.5305737 0.2069492 0.5684801 0.2019093 0.5684801 0.20727 0.6063864 0.2130165 0.6313341 0.2073817 0.6313327 0.2073817 0.6313327 0.2012147 0.6063864 0.20727 0.6063864 0.2019093 0.5684801 0.20727 0.6063864 0.2012147 0.6063864 0.2130165 0.6313341 0.20727 0.6063864 0.2125906 0.6063877 0.6438313 0.5998912 0.6488476 0.624647 0.6434332 0.6248026 0.2130165 0.6313341 0.2077091 0.6571826 0.2073817 0.6313327 0.6488476 0.624647 0.6421784 0.6505907 0.6434332 0.6248026 0.2077091 0.6571826 0.2130165 0.6313341 0.2142523 0.6571843 0.6421784 0.6505907 0.6478248 0.675301 0.6401447 0.6755216 0.2162231 0.6822004 0.2077091 0.6571826 0.2142523 0.6571843 0.6478248 0.675301 0.6421784 0.6505907 0.6484668 0.6504101 0.6421784 0.6505907 0.6488476 0.624647 0.6484668 0.6504101 0.6484668 0.6504101 0.6569708 0.675301 0.6478248 0.675301 0.6569708 0.675301 0.6484668 0.6504101 0.655955 0.6504101 0.6484668 0.6504101 0.6552958 0.624647 0.655955 0.6504101 0.6552958 0.624647 0.6484668 0.6504101 0.6488476 0.624647 0.6489447 0.5997443 0.6552958 0.624647 0.6488476 0.624647 0.6552958 0.624647 0.6489447 0.5997443 0.655034 0.5997443 0.655034 0.5997443 0.6603139 0.6248026 0.6552958 0.624647 0.6603139 0.6248026 0.655955 0.6504101 0.6552958 0.624647 0.6603139 0.6248026 0.655034 0.5997443 0.6597731 0.5998912 0.7569003 0.5991314 0.7631237 0.624095 0.7568647 0.6240107 0.7631237 0.624095 0.7562505 0.6498862 0.7568647 0.6240107 0.655955 0.6504101 0.6603139 0.6248026 0.6617832 0.6505907 0.7562505 0.6498862 0.7639731 0.6751387 0.7550944 0.6750192 0.6640895 0.6755217 0.655955 0.6504101 0.6617832 0.6505907 0.7639731 0.6751387 0.7562505 0.6498862 0.7635198 0.6499841 0.7562505 0.6498862 0.7631237 0.624095 0.7635198 0.6499841 0.7635198 0.6499841 0.7724756 0.6747183 0.7639731 0.6751387 0.7724756 0.6747183 0.7635198 0.6499841 0.7704811 0.6496399 0.7635198 0.6499841 0.7691181 0.6237985 0.7704811 0.6496399 0.7691181 0.6237985 0.7635198 0.6499841 0.7631237 0.624095 0.7628115 0.599211 0.7691181 0.6237985 0.7631237 0.624095 0.7691181 0.6237985 0.7628115 0.599211 0.7684721 0.5989311 0.8072991 0.5981549 0.8124025 0.6233705 0.806599 0.6229768 0.8124025 0.6233705 0.8051206 0.6487792 0.806599 0.6229768 0.8124025 0.6233705 0.8072991 0.5981549 0.8127801 0.5985266 0.8127801 0.5985266 0.8187606 0.6233162 0.8124025 0.6233705 0.8187606 0.6233162 0.8118612 0.6492363 0.8124025 0.6233705 0.8051206 0.6487792 0.8124025 0.6233705 0.8118612 0.6492363 0.8051206 0.6487792 0.8111905 0.6743862 0.8029583 0.6738278 0.8111905 0.6743862 0.8051206 0.6487792 0.8118612 0.6492363 0.7631237 0.624095 0.7569003 0.5991314 0.7628115 0.599211 0.655955 0.6504101 0.6640895 0.6755217 0.6569708 0.675301 0.2077091 0.6571826 0.2162231 0.6822004 0.2082313 0.6821984 0.2082313 0.6821984 0.2002627 0.6571826 0.2077091 0.6571826 0.2002627 0.6571826 0.2073817 0.6313327 0.2077091 0.6571826 0.6488476 0.624647 0.6438313 0.5998912 0.6489447 0.5997443 0.2026683 0.4547601 0.2066543 0.4926669 0.2025539 0.4926669 0.814575 0.4852137 0.8115015 0.44729 0.8150637 0.4475316 0.2033508 0.3031333 0.2064073 0.3410398 0.2031067 0.3410398 0.8165595 0.3344602 0.8144248 0.2965627 0.8170908 0.2967435 0.8118612 0.6492363 0.8202087 0.6743091 0.8111905 0.6743862 0.6079272 0.9200528 0.5547144 0.8609966 0.6079272 0.860054 0.5547144 0.8609966 0.6079272 0.9200528 0.5544707 0.9197798 0.6668097 0.922139 0.6135967 0.8630828 0.6668097 0.8621401 0.6135967 0.8630828 0.6668097 0.922139 0.6133531 0.9218659 0.7223315 0.9274745 0.6691166 0.8684172 0.7223315 0.8674783 0.6691166 0.8684172 0.7223315 0.9274745 0.6688728 0.9271978 0.9271464 0.1813576 0.8739296 0.1223061 0.9271464 0.1213635 0.8739296 0.1223061 0.9271464 0.1813576 0.8736858 0.1810845 0.5278291 0.9244607 0.474614 0.8654112 0.5278291 0.8644646 0.474614 0.8654112 0.5278291 0.9244607 0.4743703 0.9241916 0.7082719 0.7507009 0.7084772 0.7259114 0.7195445 0.7261234 0.7084772 0.7259114 0.7082719 0.7507009 0.6998554 0.7499261 0.7195445 0.7261234 0.719075 0.7509079 0.7082719 0.7507009 0.7288295 0.7256727 0.7281386 0.750468 0.719075 0.7509079 0.719075 0.7509079 0.7195445 0.7261234 0.7288295 0.7256727 0.7878234 0.7252847 0.7880693 0.7500132 0.777592 0.7498168 0.777592 0.7498168 0.7770907 0.7250835 0.7878234 0.7252847 0.7981284 0.7247045 0.7981284 0.7494468 0.7880693 0.7500132 0.7880693 0.7500132 0.7878234 0.7252847 0.7981284 0.7247045 0.6783376 0.7270695 0.6784369 0.7520146 0.6691984 0.7520169 0.6691984 0.7520169 0.6688727 0.7270719 0.6783376 0.7270695 0.6893839 0.7270695 0.68922 0.7520146 0.6784369 0.7520146 0.6784369 0.7520146 0.6783376 0.7270695 0.6893839 0.7270695 0.6977922 0.7270719 0.6974276 0.7520169 0.68922 0.7520146 0.68922 0.7520146 0.6893839 0.7270695 0.6977922 0.7270719 0.741198 0.7259727 0.7411608 0.7509141 0.7311008 0.7510513 0.7311008 0.7510513 0.7308925 0.7261132 0.741198 0.7259727 0.7519318 0.7261132 0.7516383 0.7510513 0.7411608 0.7509141 0.7411608 0.7509141 0.741198 0.7259727 0.7519318 0.7261132 0.6998554 0.7499261 0.6998554 0.7251177 0.7084772 0.7259114 0.7084772 0.7259114 0.6998554 0.7251177 0.7009926 0.6993278 0.7519318 0.7261132 0.741198 0.7259727 0.7413221 0.7001559 0.7413221 0.7001559 0.7515084 0.7002892 0.7519318 0.7261132 0.7503936 0.6753906 0.7515084 0.7002892 0.7413221 0.7001559 0.7413221 0.7001559 0.7415233 0.6752745 0.7503936 0.6753906 0.7415233 0.6752745 0.7413221 0.7001559 0.7315414 0.7002893 0.7315414 0.7002893 0.7413221 0.7001559 0.741198 0.7259727 0.7315414 0.7002893 0.7330074 0.6753906 0.7415233 0.6752745 0.695132 0.6762038 0.6970108 0.701196 0.6890309 0.7011936 0.6890309 0.7011936 0.6970108 0.701196 0.6977922 0.7270719 0.741198 0.7259727 0.7308925 0.7261132 0.7315414 0.7002893 0.6890309 0.7011936 0.6881834 0.6762018 0.695132 0.6762038 0.6881834 0.6762018 0.6890309 0.7011936 0.6785478 0.7011937 0.6785478 0.7011937 0.6890309 0.7011936 0.6893839 0.7270695 0.6977922 0.7270719 0.6893839 0.7270695 0.6890309 0.7011936 0.6785478 0.7011937 0.6790549 0.6762018 0.6881834 0.6762018 0.6790549 0.6762018 0.6785478 0.7011937 0.6695656 0.701196 0.6695656 0.701196 0.6785478 0.7011937 0.6783376 0.7270695 0.6893839 0.7270695 0.6783376 0.7270695 0.6785478 0.7011937 0.6695656 0.701196 0.6712335 0.6762038 0.6790549 0.6762018 0.7955887 0.6739228 0.7972633 0.6989274 0.7874836 0.6994781 0.7874836 0.6994781 0.7972633 0.6989274 0.7981284 0.7247045 0.6783376 0.7270695 0.6688727 0.7270719 0.6695656 0.701196 0.7874836 0.6994781 0.7870731 0.6744024 0.7955887 0.6739228 0.7870731 0.6744024 0.7874836 0.6994781 0.7772975 0.6992871 0.7772975 0.6992871 0.7874836 0.6994781 0.7878234 0.7252847 0.7981284 0.7247045 0.7878234 0.7252847 0.7874836 0.6994781 0.7772975 0.6992871 0.7782034 0.6742361 0.7870731 0.6744024 0.7271384 0.6748238 0.7284903 0.6998547 0.7196786 0.7002823 0.7196786 0.7002823 0.7284903 0.6998547 0.7288295 0.7256727 0.7878234 0.7252847 0.7770907 0.7250835 0.7772975 0.6992871 0.7196786 0.7002823 0.7194651 0.6751961 0.7271384 0.6748238 0.7194651 0.6751961 0.7196786 0.7002823 0.7091757 0.7000811 0.7091757 0.7000811 0.7196786 0.7002823 0.7195445 0.7261234 0.7288295 0.7256727 0.7195445 0.7261234 0.7196786 0.7002823 0.7091757 0.7000811 0.7103197 0.6750209 0.7194651 0.6751961 0.7103197 0.6750209 0.7091757 0.7000811 0.7009926 0.6993278 0.7009926 0.6993278 0.7091757 0.7000811 0.7084772 0.7259114 0.7195445 0.7261234 0.7084772 0.7259114 0.7091757 0.7000811 0.7009926 0.6993278 0.7031946 0.6743651 0.7103197 0.6750209 0.7116379 0.6498956 0.7103197 0.6750209 0.7031946 0.6743651 0.7191256 0.6500391 0.7194651 0.6751961 0.7103197 0.6750209 0.7103197 0.6750209 0.7116379 0.6498956 0.7191256 0.6500391 0.7194651 0.6751961 0.7191256 0.6500391 0.725408 0.6497341 0.725408 0.6497341 0.7191256 0.6500391 0.7190584 0.6241488 0.7191256 0.6500391 0.7116379 0.6498956 0.712611 0.6240253 0.712611 0.6240253 0.7190584 0.6241488 0.7191256 0.6500391 0.712611 0.6240253 0.7131766 0.5991485 0.7192658 0.5992652 0.7131766 0.5991485 0.712611 0.6240253 0.7075876 0.6235629 0.7075876 0.6235629 0.712611 0.6240253 0.7116379 0.6498956 0.7192658 0.5992652 0.7190584 0.6241488 0.712611 0.6240253 0.7190584 0.6241488 0.7192658 0.5992652 0.7243739 0.5990172 0.7236316 0.5611727 0.7243739 0.5990172 0.7192658 0.5992652 0.71938 0.5613791 0.7192658 0.5992652 0.7131766 0.5991485 0.7192658 0.5992652 0.71938 0.5613791 0.7236316 0.5611727 0.7231339 0.5233509 0.7236316 0.5611727 0.71938 0.5613791 0.7131766 0.5991485 0.714312 0.561282 0.71938 0.5613791 0.7195754 0.5235236 0.71938 0.5613791 0.714312 0.561282 0.71938 0.5613791 0.7195754 0.5235236 0.7231339 0.5233509 0.7235302 0.4856113 0.7231339 0.5233509 0.7195754 0.5235236 0.714312 0.561282 0.7153344 0.5234424 0.7195754 0.5235236 0.7200707 0.4857792 0.7195754 0.5235236 0.7153344 0.5234424 0.7195754 0.5235236 0.7200707 0.4857792 0.7235302 0.4856113 0.7238647 0.447866 0.7235302 0.4856113 0.7200707 0.4857792 0.7153344 0.5234424 0.7159469 0.4857002 0.7200707 0.4857792 0.7205451 0.4480271 0.7200707 0.4857792 0.7159469 0.4857002 0.7200707 0.4857792 0.7205451 0.4480271 0.7238647 0.447866 0.7238001 0.410084 0.7238647 0.447866 0.7205451 0.4480271 0.7159469 0.4857002 0.7165881 0.4479513 0.7205451 0.4480271 0.7208861 0.4102255 0.7205451 0.4480271 0.7165881 0.4479513 0.7205451 0.4480271 0.7208861 0.4102255 0.7238001 0.410084 0.7237899 0.3723068 0.7238001 0.410084 0.7208861 0.4102255 0.7165881 0.4479513 0.7174121 0.4101589 0.7208861 0.4102255 0.7212447 0.3724304 0.7208861 0.4102255 0.7174121 0.4101589 0.7208861 0.4102255 0.7212447 0.3724304 0.7237899 0.3723068 0.724694 0.3346141 0.7237899 0.3723068 0.7212447 0.3724304 0.7174121 0.4101589 0.7182107 0.3723723 0.7212447 0.3724304 0.7219098 0.3347493 0.7212447 0.3724304 0.7182107 0.3723723 0.7212447 0.3724304 0.7219098 0.3347493 0.724694 0.3346141 0.7247888 0.2968468 0.724694 0.3346141 0.7219098 0.3347493 0.7182107 0.3723723 0.7185904 0.3346857 0.7219098 0.3347493 0.7223035 0.2969674 0.7219098 0.3347493 0.7185904 0.3346857 0.7219098 0.3347493 0.7223035 0.2969674 0.7247888 0.2968468 0.7245805 0.2590515 0.7247888 0.2968468 0.7223035 0.2969674 0.7185904 0.3346857 0.7193418 0.2969107 0.7223035 0.2969674 0.7225963 0.2591478 0.7223035 0.2969674 0.7193418 0.2969107 0.7223035 0.2969674 0.7225963 0.2591478 0.7245805 0.2590515 0.7247024 0.2212871 0.7245805 0.2590515 0.7225963 0.2591478 0.7193418 0.2969107 0.7202312 0.2591025 0.7225963 0.2591478 0.7229998 0.2213697 0.7225963 0.2591478 0.7202312 0.2591025 0.7225963 0.2591478 0.7229998 0.2213697 0.7247024 0.2212871 0.7244402 0.1834867 0.7247024 0.2212871 0.7229998 0.2213697 0.7202312 0.2591025 0.7209697 0.2213308 0.7229998 0.2213697 0.7232744 0.1835433 0.7229998 0.2213697 0.7209697 0.2213308 0.7229998 0.2213697 0.7232744 0.1835433 0.7244402 0.1834867 0.7209697 0.2213308 0.7218844 0.1835167 0.7232744 0.1835433 0.7218844 0.1835167 0.7209697 0.2213308 0.7193882 0.2211852 0.7193882 0.2211852 0.720802 0.183417 0.7218844 0.1835167 0.7449252 0.1834347 0.7453837 0.2212753 0.7434151 0.2212495 0.7434151 0.2212495 0.7435775 0.1834171 0.7449252 0.1834347 0.7435775 0.1834171 0.7434151 0.2212495 0.7415251 0.2212753 0.7415251 0.2212753 0.7422833 0.1834347 0.7435775 0.1834171 0.3420972 0.8630005 0.3347867 0.8275435 0.365951 0.8207199 0.365951 0.8207199 0.3741944 0.8711173 0.3420972 0.8630005 0.9281093 0.8047734 0.895643 0.800468 0.9040863 0.7520728 0.9040863 0.7520728 0.9354512 0.7668343 0.9281093 0.8047734 0.4173418 0.9573487 0.3962861 0.9546008 0.3933178 0.9276117 0.3933178 0.9276117 0.4282169 0.9287394 0.4173418 0.9573487 0.4412599 0.9571896 0.4302802 0.9285283 0.4654082 0.9276117 0.4654082 0.9276117 0.462409 0.9545207 0.4412599 0.9571896 0.8811473 0.5870608 0.9145708 0.6055592 0.9061018 0.6476095 0.9061018 0.6476095 0.8726204 0.6422816 0.8811473 0.5870608 0.5858861 0.4083154 0.6140705 0.4597204 0.5748118 0.4643943 0.5748118 0.4643943 0.5544707 0.4295214 0.5858861 0.4083154 0.08272731 0.7243816 0.06579923 0.6967111 0.08272731 0.6819876 0.7308926 0.9935911 0.7308926 0.9457417 0.7554168 0.9485111 0.8550264 0.6346438 0.8231294 0.6310599 0.8482227 0.5870608 0.8482227 0.5870608 0.8705576 0.6064293 0.8550264 0.6346438 0.09738653 0.4431738 0.08056724 0.4115152 0.09738653 0.3871961 0.2339522 0.9400754 0.2310711 0.8889067 0.2625997 0.8954471 0.2846719 0.4581093 0.2542913 0.4372342 0.2951714 0.421926 0.2951714 0.421926 0.3094691 0.4486227 0.2846719 0.4581093 0.8830875 0.2386519 0.8736858 0.1998506 0.9007694 0.1834171 0.9007694 0.1834171 0.9143049 0.2361359 0.8830875 0.2386519 0.366368 0.956098 0.3347867 0.9752679 0.3347867 0.9228916 0.9721558 0.6572244 0.9945354 0.6775009 0.9721558 0.7091124 0.6544533 0.8159233 0.6668098 0.8430784 0.6444404 0.8600808 0.6444404 0.8600808 0.6243001 0.8221465 0.6544533 0.8159233 0.6230704 0.9416424 0.6492521 0.9268893 0.6492521 0.9643982 0.6492521 0.9643982 0.6265958 0.9682806 0.6230704 0.9416424 0.1150267 0.8879411 0.1281692 0.9128556 0.1064463 0.9306785 0.1064463 0.9306785 0.08636552 0.8974193 0.1150267 0.8879411 0.7825993 0.9448313 0.8134711 0.9430096 0.8021603 0.9788359 0.8021603 0.9788359 0.7770906 0.9715094 0.7825993 0.9448313 0.3265552 0.9131681 0.2950975 0.915739 0.2878156 0.865526 0.4979045 0.2219232 0.5240892 0.183417 0.5524075 0.2100349 0.5544707 0.9309372 0.5870378 0.9221122 0.5866926 0.9732295 0.3315612 0.2230275 0.3626376 0.1834171 0.3912548 0.205946 0.9822973 0.3858996 0.957437 0.3616108 0.9822973 0.3248213 0.5706751 0.1755091 0.5706571 0.1282457 0.6049073 0.1399481 0.5544707 0.2059091 0.5838032 0.183417 0.6134343 0.2156722 0.8737209 0.7392973 0.8726205 0.6926753 0.90442 0.7060885 0.1082947 0.2116271 0.1367585 0.1894133 0.1678904 0.2291113 0.9351791 0.9692326 0.9337903 0.9213384 0.9648454 0.9340211 0.9648454 0.9340211 0.9648454 0.9749603 0.9351791 0.9692326 0.5311788 0.1807597 0.5396524 0.1345803 0.568594 0.1282457 0.568594 0.1282457 0.568594 0.1664777 0.5311788 0.1807597 0.8218248 0.1808668 0.7879686 0.1621984 0.8218248 0.1304272 0.8368937 0.98233 0.8155342 0.9598202 0.8368937 0.9150063 0.4790554 0.8106503 0.4880527 0.7642445 0.5343973 0.7842666 0.5343973 0.7842666 0.5336738 0.8211147 0.4790554 0.8106503 0.4743703 0.8624051 0.4790554 0.8106503 0.5336738 0.8211147 0.5336738 0.8211147 0.536319 0.8624051 0.4743703 0.8624051 0.1467896 0.4250118 0.1082947 0.395042 0.131654 0.3598513 0.131654 0.3598513 0.1743261 0.3802717 0.1467896 0.4250118 0.1743261 0.3802717 0.131654 0.3598513 0.1436975 0.3200453 0.1436975 0.3200453 0.1876306 0.3294013 0.1743261 0.3802717 0.1876306 0.3294013 0.1436975 0.3200453 0.1434794 0.2794954 0.1434794 0.2794954 0.1854138 0.2773323 0.1876306 0.3294013 0.1854138 0.2773323 0.1434794 0.2794954 0.1312218 0.2421436 0.1312218 0.2421436 0.1678904 0.2291113 0.1854138 0.2773323 0.1678904 0.2291113 0.1312218 0.2421436 0.1082947 0.2116271 0.90442 0.7060885 0.90442 0.7463608 0.8737209 0.7392973 0.5150577 0.9265202 0.5447875 0.9475823 0.5150577 0.9785193 0.9944093 0.9098539 0.9726179 0.8787579 0.9944093 0.8453737 0.4818068 0.6598848 0.4963786 0.6178798 0.5382142 0.6399853 0.5382142 0.6399853 0.5324324 0.6728897 0.4818068 0.6598848 0.4743703 0.7095927 0.4818068 0.6598848 0.5324324 0.6728897 0.5324324 0.6728897 0.5322342 0.712048 0.4743703 0.7095927 0.4747896 0.7621852 0.4743703 0.7095927 0.5322342 0.712048 0.5322342 0.712048 0.5382142 0.7537148 0.4747896 0.7621852 0.6038737 0.406256 0.5544707 0.3742073 0.5753675 0.3377711 0.5753675 0.3377711 0.6263113 0.3586462 0.6038737 0.406256 0.6263113 0.3586462 0.5753675 0.3377711 0.5859577 0.2989689 0.5859577 0.2989689 0.635771 0.3077501 0.6263113 0.3586462 0.635771 0.3077501 0.5859577 0.2989689 0.5855803 0.2616612 0.5855803 0.2616612 0.6313351 0.2585006 0.635771 0.3077501 0.6313351 0.2585006 0.5855803 0.2616612 0.5746207 0.2295675 0.5746207 0.2295675 0.6134343 0.2156722 0.6313351 0.2585006 0.6134343 0.2156722 0.5746207 0.2295675 0.5544707 0.2059091 0.6049073 0.1399481 0.6049073 0.1805762 0.5706751 0.1755091 0.840124 0.9248484 0.8771852 0.9248484 0.8729692 0.9675001 0.9742154 0.1138134 0.9959179 0.1452294 0.9742154 0.1781697 0.2282187 0.6515198 0.2432828 0.609602 0.2857523 0.6308894 0.2857523 0.6308894 0.2793775 0.6635523 0.2282187 0.6515198 0.2210487 0.7011582 0.2282187 0.6515198 0.2793775 0.6635523 0.2793775 0.6635523 0.2791848 0.7024825 0.2210487 0.7011582 0.2224677 0.7537056 0.2210487 0.7011582 0.2791848 0.7024825 0.2791848 0.7024825 0.2857523 0.7439402 0.2224677 0.7537056 0.446292 0.7632148 0.3933178 0.7403815 0.4044332 0.7011222 0.4044332 0.7011222 0.4568488 0.7121093 0.446292 0.7632148 0.4568488 0.7121093 0.4044332 0.7011222 0.4043211 0.6627051 0.4043211 0.6627051 0.4531883 0.6617779 0.4568488 0.7121093 0.4531883 0.6617779 0.4043211 0.6627051 0.3933178 0.6289314 0.3933178 0.6289314 0.4356647 0.6170992 0.4531883 0.6617779 0.368431 0.9228916 0.3906348 0.9561603 0.368431 0.9873272 0.9785866 0.3222903 0.9510932 0.2944608 0.9785866 0.2580085 0.4488416 0.8655581 0.4701604 0.886084 0.4488416 0.9222807 0.3912548 0.205946 0.3685213 0.2364614 0.3315612 0.2230275 0.3139574 0.2712244 0.3315612 0.2230275 0.3685213 0.2364614 0.3685213 0.2364614 0.3563499 0.2738614 0.3139574 0.2712244 0.3115322 0.3233363 0.3139574 0.2712244 0.3563499 0.2738614 0.3563499 0.2738614 0.3561164 0.314512 0.3115322 0.3233363 0.3245214 0.3743114 0.3115322 0.3233363 0.3561164 0.314512 0.3561164 0.314512 0.3680589 0.3544682 0.3245214 0.3743114 0.3516644 0.4192088 0.3245214 0.3743114 0.3680589 0.3544682 0.3680589 0.3544682 0.3912548 0.3898506 0.3516644 0.4192088 0.5367764 0.6158205 0.4743702 0.6042733 0.4805709 0.5637931 0.4805709 0.5637931 0.5367764 0.5662468 0.5367764 0.6158205 0.5367764 0.5662468 0.4805709 0.5637931 0.4823824 0.521426 0.4823824 0.521426 0.5311951 0.5139853 0.5367764 0.5662468 0.5311951 0.5139853 0.4823824 0.521426 0.480252 0.4811343 0.480252 0.4811343 0.5205733 0.464102 0.5311951 0.5139853 0.5205733 0.464102 0.480252 0.4811343 0.4749991 0.4466824 0.4749991 0.4466824 0.5059407 0.4214326 0.5205733 0.464102 0.5866926 0.9732295 0.5548111 0.9732295 0.5544707 0.9309372 0.5524075 0.2100349 0.5363901 0.2407588 0.4979045 0.2219232 0.4807778 0.2695599 0.4979045 0.2219232 0.5363901 0.2407588 0.5363901 0.2407588 0.5274608 0.2787944 0.4807778 0.2695599 0.4743701 0.3217079 0.4807778 0.2695599 0.5274608 0.2787944 0.5274608 0.2787944 0.5269458 0.3205503 0.4743701 0.3217079 0.479302 0.373313 0.4743701 0.3217079 0.5269458 0.3205503 0.5269458 0.3205503 0.5353705 0.3620808 0.479302 0.373313 0.4950954 0.4193731 0.479302 0.373313 0.5353705 0.3620808 0.5353705 0.3620808 0.5524075 0.3994625 0.4950954 0.4193731 0.8409705 0.8512284 0.7770907 0.8468673 0.7802604 0.805765 0.7802604 0.805765 0.838015 0.7991992 0.8409705 0.8512284 0.838015 0.7991992 0.7802604 0.805765 0.7770907 0.7687558 0.7770907 0.7687558 0.8269792 0.7520727 0.838015 0.7991992 0.320002 0.9177985 0.320002 0.9703828 0.2878156 0.9699415 0.4875373 0.1757452 0.4875373 0.1282456 0.5291157 0.1327111 0.2878156 0.8207197 0.3327236 0.8340433 0.3267729 0.8715346 0.3267729 0.8715346 0.2878156 0.865526 0.2878156 0.8207197 0.2878156 0.865526 0.3267729 0.8715346 0.3265552 0.9131681 0.8134711 0.9430096 0.7825993 0.9448313 0.7770906 0.9232286 0.7770906 0.9232286 0.8083612 0.9150064 0.8134711 0.9430096 0.8656428 0 0.8931545 0.01554197 0.8807849 0.03396767 0.8807849 0.03396767 0.8452798 0.02922725 0.8656428 0 0.8432154 0.06748306 0.8452798 0.02922725 0.8807849 0.03396767 0.8807849 0.03396767 0.8806154 0.0587514 0.8432154 0.06748306 0.8599567 0.1053944 0.8432154 0.06748306 0.8806154 0.0587514 0.8806154 0.0587514 0.8931545 0.08368968 0.8599567 0.1053944 0.7725991 0.9436824 0.7308926 0.938519 0.7343995 0.9121884 0.7343995 0.9121884 0.7731207 0.9035549 0.7725991 0.9436824 0.7731207 0.9035549 0.7343995 0.9121884 0.7308926 0.8935576 0.1281692 0.8420095 0.114955 0.8624791 0.08582186 0.8636299 0.7347976 0.1432571 0.7551187 0.1766468 0.7256788 0.1766468 0.7308926 0.8935576 0.7631325 0.8743653 0.7731207 0.9035549 0.114955 0.8624791 0.1150267 0.8879411 0.08636552 0.8974193 0.08636552 0.8974193 0.08582186 0.8636299 0.114955 0.8624791 0.6492521 0.9268893 0.6230704 0.9416424 0.6133531 0.9241985 0.09385639 0.5221511 0.07108342 0.5204374 0.07275766 0.4824437 0.07108342 0.5204374 0.09385639 0.5221511 0.0980131 0.5494585 0.0980131 0.5494585 0.07108342 0.5605599 0.07108342 0.5204374 0.2854207 0.992113 0.2624294 0.9631523 0.2854207 0.9421347 0.6188977 0.6194978 0.6347449 0.6362738 0.6188977 0.669793 0.1896938 0.977975 0.1896938 0.9378898 0.2243868 0.9403011 0.2243868 0.9403011 0.2249298 0.9662904 0.1896938 0.977975 0.9709842 0.1813578 0.9292095 0.1753506 0.9330142 0.1496962 0.9330142 0.1496962 0.9721524 0.1418745 0.9709842 0.1813578 0.9721524 0.1418745 0.9330142 0.1496962 0.9292095 0.1320574 0.6668098 0.765623 0.6543118 0.7879861 0.6224282 0.7833756 0.6224282 0.7833756 0.6392837 0.7532661 0.6668098 0.765623 0.9292095 0.1320574 0.9619264 0.1138134 0.9721524 0.1418745 0.6543118 0.7879861 0.6544533 0.8159233 0.6243001 0.8221465 0.6243001 0.8221465 0.6224282 0.7833756 0.6543118 0.7879861 0 0.9538348 0.02335613 0.9748075 0 1 0.9856562 0.4090417 0.9856562 0.4572228 0.9549415 0.4400782 0.4987351 0.04124879 0.5113788 0 0.5389411 0.02779358 0.5389411 0.02779358 0.5389598 0.05813908 0.4987351 0.04124879 0.4938885 0.0850833 0.4987351 0.04124879 0.5389598 0.05813908 0.5389598 0.05813908 0.5430383 0.08973681 0.4938885 0.0850833 0.4973853 0.1261863 0.4938885 0.0850833 0.5430383 0.08973681 0.5430383 0.08973681 0.5518294 0.1190506 0.4973853 0.1261863 0.4938885 0.0850833 0.4973853 0.1261863 0.4408304 0.1131497 0.4408304 0.1131497 0.4455128 0.07250165 0.4938885 0.0850833 0.4938885 0.0850833 0.4455128 0.07250165 0.4565975 0.03330224 0.4565975 0.03330224 0.4987351 0.04124879 0.4938885 0.0850833 0.4987351 0.04124879 0.4565975 0.03330224 0.4723666 0 0.8736858 0.2755684 0.8830875 0.2386519 0.9143049 0.2361359 0.9143049 0.2361359 0.9037302 0.2834503 0.8736858 0.2755684 0.4723666 0 0.5113788 0 0.4987351 0.04124879 0.2542913 0.4372342 0.2846719 0.4581093 0.2694298 0.4778621 0.2694298 0.4778621 0.2278705 0.4689396 0.2542913 0.4372342 0.2246719 0.5078462 0.2278705 0.4689396 0.2694298 0.4778621 0.2694298 0.4778621 0.268993 0.5020605 0.2246719 0.5078462 0.2445396 0.5450167 0.2246719 0.5078462 0.268993 0.5020605 0.268993 0.5020605 0.2836861 0.5252652 0.2445396 0.5450167 0.2803094 0.5759826 0.2445396 0.5450167 0.2836861 0.5252652 0.2836861 0.5252652 0.3094691 0.5443648 0.2803094 0.5759826 0.8749546 0.5412789 0.8737347 0.5821956 0.8231294 0.5850014 0.8231294 0.5850014 0.8251964 0.544523 0.8749546 0.5412789 0.8749546 0.5412789 0.8251964 0.544523 0.8259441 0.50615 0.8259441 0.50615 0.8730859 0.4990442 0.8749546 0.5412789 0.8730859 0.4990442 0.8259441 0.50615 0.8231294 0.4749699 0.2673142 0.8632514 0.2625997 0.8954471 0.2310711 0.8889067 0.2310711 0.8889067 0.2310711 0.8465855 0.2673142 0.8632514 0.8231294 0.4749699 0.8653517 0.4616603 0.8730859 0.4990442 0.8231294 0.6310599 0.8550264 0.6346438 0.8552305 0.6631683 0.8552305 0.6631683 0.8253747 0.6745589 0.8231294 0.6310599 0.8529533 0.7040447 0.8253747 0.6745589 0.8552305 0.6631683 0.8552305 0.6631683 0.8705576 0.6836616 0.8529533 0.7040447 0.2221223 0.8036057 0.219291 0.760073 0.2482511 0.7667369 0.2482511 0.7667369 0.2540947 0.7923914 0.2221223 0.8036057 0.2221223 0.8036057 0.2540947 0.7923914 0.2622814 0.8169794 0.2622814 0.8169794 0.2294202 0.8443832 0.2221223 0.8036057 0.2294202 0.8443832 0.1896938 0.8445261 0.1896938 0.8092976 0.1896938 0.8092976 0.2221223 0.8036057 0.2294202 0.8443832 0.2221223 0.8036057 0.1896938 0.8092976 0.1929961 0.7741199 0.1929961 0.7741199 0.219291 0.760073 0.2221223 0.8036057 0.06579917 0.6354678 0.08303004 0.664349 0.06579917 0.6799283 0.05283808 0.8495665 0.08077782 0.8495665 0.07014936 0.888382 0.978548 0.7520726 0.9970867 0.7758434 0.978548 0.8011855 0.8956429 0.9478678 0.9209782 0.9474635 0.9209782 0.9901516 0.5777173 0.5036305 0.5748118 0.4643943 0.6140705 0.4597204 0.6140705 0.4597204 0.6179389 0.5188108 0.5777173 0.5036305 0.5777173 0.5036305 0.6179389 0.5188108 0.5967842 0.5747917 0.5967842 0.5747917 0.5627708 0.5390747 0.5777173 0.5036305 0.5627708 0.5390747 0.5967842 0.5747917 0.5544707 0.6174384 0.9412568 0.0656296 0.9323631 0 0.9762416 0 0.7770906 0.853794 0.8354572 0.8532876 0.8354572 0.9129469 0.9303 0.1063818 0.8952177 0.01163905 0.9303 0 0.1082948 0.1739224 0.1268407 0.1224492 0.2151223 0.1440237 0.2151223 0.1440237 0.2260785 0.1873539 0.1082948 0.1739224 0.2151128 0.1003373 0.2151223 0.1440237 0.1268407 0.1224492 0.1916518 0.02674716 0.2240478 0.06407874 0.2151128 0.1003373 0.2151128 0.1003373 0.156428 0.07020986 0.1916518 0.02674716 0.1268407 0.1224492 0.156428 0.07020986 0.2151128 0.1003373 0.8726204 0.6422816 0.9061018 0.6476095 0.9145708 0.6906158 0.2240478 0.06407874 0.1916518 0.02674716 0.2260785 0 0.4302802 0.9285283 0.4412599 0.9571896 0.4302802 0.9710739 0.886856 0.780378 0.8631638 0.7555027 0.8935799 0.7520727 0.8430337 0.7855541 0.8631638 0.7555027 0.886856 0.780378 0.886856 0.780378 0.8782929 0.7963041 0.8430337 0.7855541 0.8430637 0.827486 0.8430337 0.7855541 0.8782929 0.7963041 0.8782929 0.7963041 0.880432 0.8191446 0.8430637 0.827486 0.8632392 0.8607305 0.8430637 0.827486 0.880432 0.8191446 0.880432 0.8191446 0.8935799 0.8379501 0.8632392 0.8607305 0.05055886 0.856606 0.03008532 0.889717 0 0.8668671 0 0.8668671 0.0132814 0.8481335 0.05055886 0.856606 0.05055886 0.856606 0.0132814 0.8481335 0.0154891 0.8252936 0.0154891 0.8252936 0.05077499 0.81468 0.05055886 0.856606 0.05077499 0.81468 0.0154891 0.8252936 0.006884455 0.8092997 0.4282169 0.9713618 0.4173418 0.9573487 0.4282169 0.9287394 0 0.7808803 0.03062766 0.7845042 0.006884455 0.8092997 0.006884455 0.8092997 0.03062766 0.7845042 0.05077499 0.81468 0.895643 0.800468 0.9281093 0.8047734 0.9354512 0.8433144 0.9691063 0.1111491 0.9323632 0.1002284 0.9691063 0.06768888 0.8231294 0.7061042 0.8610571 0.7061042 0.8529113 0.7498723 0.8432156 0.1074538 0.8706779 0.1241084 0.8432156 0.1740804 0.388091 0.08993059 0.3441031 0.07018542 0.3691546 0.01883816 0.3691546 0.01883816 0.4017458 0.0133773 0.388091 0.08993059 0.4387673 0.1037462 0.388091 0.08993059 0.4017458 0.0133773 0.4017458 0.0133773 0.4387673 0 0.4387673 0.1037462 0.4387673 0.1037462 0.3957396 0.1680727 0.3698688 0.1378938 0.3698688 0.1378938 0.388091 0.08993059 0.4387673 0.1037462 0.08056724 0.3215478 0.08056724 0.2436705 0.1036945 0.255088 0.916634 0.7124134 0.9487717 0.7111717 0.9487717 0.7494899 0.9317272 0.8453738 0.9317272 0.8971346 0.8956429 0.8756785 0.8956429 0.8756785 0.9317272 0.8971346 0.9116376 0.9454042 0.3347867 0.896934 0.3420972 0.8630005 0.3741944 0.8711173 0.3741944 0.8711173 0.3616923 0.9208323 0.3347867 0.896934 0.6843846 0.1834174 0.6852716 0.2213242 0.6837292 0.2213237 0.6837292 0.2213237 0.6833286 0.1834171 0.6843846 0.1834174 0.6833286 0.1834171 0.6837292 0.2213237 0.6817036 0.2213237 0.6817036 0.2213237 0.6819419 0.1834171 0.6833286 0.1834171 0.6819419 0.1834171 0.6817036 0.2213237 0.6799677 0.2213242 0.6799677 0.2213242 0.6807532 0.1834174 0.6819419 0.1834171 0.7821971 0.183417 0.7832724 0.221154 0.7813823 0.2212606 0.7813823 0.2212606 0.7809034 0.1834898 0.7821971 0.183417 0.7809034 0.1834898 0.7813823 0.2212606 0.7794141 0.2212237 0.7794141 0.2212237 0.7795556 0.1834646 0.7809034 0.1834898 0.7813823 0.2212606 0.7818304 0.2589744 0.7795369 0.2589313 0.7818304 0.2589744 0.7813823 0.2212606 0.7832724 0.221154 0.7795369 0.2589313 0.7794141 0.2212237 0.7813823 0.2212606 0.7818304 0.2589744 0.782305 0.296737 0.7794327 0.2966833 0.782305 0.296737 0.7818304 0.2589744 0.7840325 0.2588503 0.7832724 0.221154 0.7840325 0.2588503 0.7818304 0.2589744 0.7794327 0.2966833 0.7795369 0.2589313 0.7818304 0.2589744 0.7840325 0.2588503 0.785063 0.2965817 0.782305 0.296737 0.678824 0.2971373 0.6795567 0.2592306 0.6815793 0.25923 0.6817036 0.2213237 0.6815793 0.25923 0.6795567 0.2592306 0.6795567 0.2592306 0.6799677 0.2213242 0.6817036 0.2213237 0.6815793 0.25923 0.681357 0.2971367 0.678824 0.2971373 0.681357 0.2971367 0.6815793 0.25923 0.6839393 0.25923 0.6837292 0.2213237 0.6839393 0.25923 0.6815793 0.25923 0.6815793 0.25923 0.6817036 0.2213237 0.6837292 0.2213237 0.6839393 0.25923 0.6843136 0.2971367 0.681357 0.2971367 0.6843136 0.2971367 0.6839393 0.25923 0.6857362 0.2592306 0.6852716 0.2213242 0.6857362 0.2592306 0.6839393 0.25923 0.6839393 0.25923 0.6837292 0.2213237 0.6852716 0.2213242 0.6857362 0.2592306 0.6865637 0.2971373 0.6843136 0.2971367 0.7403674 0.2969746 0.7410811 0.2591317 0.7432835 0.2591017 0.7434151 0.2212495 0.7432835 0.2591017 0.7410811 0.2591317 0.7410811 0.2591317 0.7415251 0.2212753 0.7434151 0.2212495 0.7432835 0.2591017 0.7431255 0.296937 0.7403674 0.2969746 0.7431255 0.296937 0.7432835 0.2591017 0.745577 0.2591317 0.7453837 0.2212753 0.745577 0.2591317 0.7432835 0.2591017 0.7432835 0.2591017 0.7434151 0.2212495 0.7453837 0.2212753 0.745577 0.2591317 0.7459983 0.2969746 0.7431255 0.296937 0.7170338 0.2966982 0.7183893 0.2589329 0.7202312 0.2591025 0.7209697 0.2213308 0.7202312 0.2591025 0.7183893 0.2589329 0.7183893 0.2589329 0.7193882 0.2211852 0.7209697 0.2213308 0.7459983 0.2969746 0.7462106 0.3348302 0.7429916 0.334788 0.7160044 0.3344476 0.7170338 0.2966982 0.7193418 0.2969107 0.7202312 0.2591025 0.7193418 0.2969107 0.7170338 0.2966982 0.7429916 0.334788 0.7431255 0.296937 0.7459983 0.2969746 0.7429916 0.334788 0.7429232 0.3726818 0.7400981 0.3727204 0.7429232 0.3726818 0.7429916 0.334788 0.7462106 0.3348302 0.7400981 0.3727204 0.7399011 0.3348302 0.7429916 0.334788 0.7431255 0.296937 0.7429916 0.334788 0.7399011 0.3348302 0.6870591 0.3350439 0.686665 0.3729509 0.6843606 0.3729502 0.6843606 0.3729502 0.6845374 0.3350432 0.6870591 0.3350439 0.6865637 0.2971373 0.6870591 0.3350439 0.6845374 0.3350432 0.7399011 0.3348302 0.7403674 0.2969746 0.7431255 0.296937 0.6845374 0.3350432 0.6843606 0.3729502 0.6813324 0.3729502 0.6813324 0.3729502 0.6812247 0.3350432 0.6845374 0.3350432 0.6843136 0.2971367 0.6845374 0.3350432 0.6812247 0.3350432 0.6845374 0.3350432 0.6843136 0.2971367 0.6865637 0.2971373 0.6812247 0.3350432 0.6813324 0.3729502 0.6787382 0.3729509 0.6787382 0.3729509 0.678386 0.3350439 0.6812247 0.3350432 0.681357 0.2971367 0.6812247 0.3350432 0.678386 0.3350439 0.6812247 0.3350432 0.681357 0.2971367 0.6843136 0.2971367 0.7858456 0.3342812 0.7859653 0.3718954 0.7831407 0.3720545 0.7831407 0.3720545 0.7827553 0.3344552 0.7858456 0.3342812 0.785063 0.2965817 0.7858456 0.3342812 0.7827553 0.3344552 0.678386 0.3350439 0.678824 0.2971373 0.681357 0.2971367 0.7827553 0.3344552 0.7831407 0.3720545 0.7801985 0.3719994 0.7801985 0.3719994 0.7795368 0.3343948 0.7827553 0.3344552 0.782305 0.296737 0.7827553 0.3344552 0.7795368 0.3343948 0.7827553 0.3344552 0.782305 0.296737 0.785063 0.2965817 0.7831407 0.3720545 0.7835993 0.4097883 0.7802304 0.4097251 0.7835993 0.4097883 0.7831407 0.3720545 0.7859653 0.3718954 0.7802304 0.4097251 0.7801985 0.3719994 0.7831407 0.3720545 0.7835993 0.4097883 0.7840626 0.4475298 0.7802249 0.4474579 0.7840626 0.4475298 0.7835993 0.4097883 0.7868341 0.409606 0.7859653 0.3718954 0.7868341 0.409606 0.7835993 0.4097883 0.7802249 0.4474579 0.7802304 0.4097251 0.7835993 0.4097883 0.7868341 0.409606 0.787747 0.4473223 0.7840626 0.4475298 0.6776052 0.4487644 0.6781981 0.4108577 0.6811688 0.4108569 0.6813324 0.3729502 0.6811688 0.4108569 0.6781981 0.4108577 0.6781981 0.4108577 0.6787382 0.3729509 0.6813324 0.3729502 0.6811688 0.4108569 0.6809892 0.4487636 0.6776052 0.4487644 0.6809892 0.4487636 0.6811688 0.4108569 0.6846362 0.4108569 0.6843606 0.3729502 0.6846362 0.4108569 0.6811688 0.4108569 0.6811688 0.4108569 0.6813324 0.3729502 0.6843606 0.3729502 0.6846362 0.4108569 0.6849389 0.4487636 0.6809892 0.4487636 0.6849389 0.4487636 0.6846362 0.4108569 0.6872757 0.4108577 0.686665 0.3729509 0.6872757 0.4108577 0.6846362 0.4108569 0.6846362 0.4108569 0.6843606 0.3729502 0.686665 0.3729509 0.6872757 0.4108577 0.687945 0.4487644 0.6849389 0.4487636 0.7389497 0.4484205 0.7395462 0.4105716 0.7427809 0.4105275 0.7429232 0.3726818 0.7427809 0.4105275 0.7395462 0.4105716 0.7395462 0.4105716 0.7400981 0.3727204 0.7429232 0.3726818 0.7427809 0.4105275 0.7426347 0.4483702 0.7389497 0.4484205 0.7426347 0.4483702 0.7427809 0.4105275 0.7461501 0.4105716 0.7458653 0.3727203 0.7461501 0.4105716 0.7427809 0.4105275 0.7427809 0.4105275 0.7429232 0.3726818 0.7458653 0.3727203 0.7147054 0.4099097 0.7158476 0.3721547 0.7182107 0.3723723 0.7185904 0.3346857 0.7182107 0.3723723 0.7158476 0.3721547 0.7462106 0.3348302 0.7458653 0.3727203 0.7429232 0.3726818 0.7158476 0.3721547 0.7160044 0.3344476 0.7185904 0.3346857 0.7461501 0.4105716 0.7464723 0.4484205 0.7426347 0.4483702 0.7135046 0.4476675 0.7147054 0.4099097 0.7174121 0.4101589 0.7182107 0.3723723 0.7174121 0.4101589 0.7147054 0.4099097 0.7464723 0.4484205 0.7465193 0.4862864 0.7425199 0.4862341 0.7127346 0.4854044 0.7135046 0.4476675 0.7165881 0.4479513 0.7174121 0.4101589 0.7165881 0.4479513 0.7135046 0.4476675 0.7425199 0.4862341 0.7426347 0.4483702 0.7464723 0.4484205 0.7425199 0.4862341 0.7424107 0.5241011 0.738461 0.5241549 0.7424107 0.5241011 0.7425199 0.4862341 0.7465193 0.4862864 0.738461 0.5241549 0.7386803 0.4862864 0.7425199 0.4862341 0.7426347 0.4483702 0.7425199 0.4862341 0.7386803 0.4862864 0.6881766 0.4866712 0.688341 0.524578 0.6851184 0.5245772 0.6851184 0.5245772 0.6850436 0.4866703 0.6881766 0.4866712 0.687945 0.4487644 0.6881766 0.4866712 0.6850436 0.4866703 0.7386803 0.4862864 0.7389497 0.4484205 0.7426347 0.4483702 0.6850436 0.4866703 0.6851184 0.5245772 0.680885 0.5245772 0.680885 0.5245772 0.6809282 0.4866703 0.6850436 0.4866703 0.6849389 0.4487636 0.6850436 0.4866703 0.6809282 0.4866703 0.6850436 0.4866703 0.6849389 0.4487636 0.687945 0.4487644 0.6809282 0.4866703 0.680885 0.5245772 0.6772579 0.524578 0.6772579 0.524578 0.677402 0.4866712 0.6809282 0.4866703 0.6809892 0.4487636 0.6809282 0.4866703 0.677402 0.4866712 0.6809282 0.4866703 0.6809892 0.4487636 0.6849389 0.4487636 0.788333 0.4849966 0.788869 0.5226644 0.7849197 0.5228869 0.7849197 0.5228869 0.7844935 0.4852128 0.788333 0.4849966 0.787747 0.4473223 0.788333 0.4849966 0.7844935 0.4852128 0.677402 0.4866712 0.6776052 0.4487644 0.6809892 0.4487636 0.7844935 0.4852128 0.7849197 0.5228869 0.7808062 0.5228097 0.7808062 0.5228097 0.7804945 0.4851379 0.7844935 0.4852128 0.7840626 0.4475298 0.7844935 0.4852128 0.7804945 0.4851379 0.7844935 0.4852128 0.7840626 0.4475298 0.787747 0.4473223 0.7849197 0.5228869 0.7854176 0.5606918 0.7805023 0.5605997 0.7854176 0.5606918 0.7849197 0.5228869 0.788869 0.5226644 0.7805023 0.5605997 0.7808062 0.5228097 0.7849197 0.5228869 0.7854176 0.5606918 0.7859352 0.5985329 0.78003 0.5984221 0.7859352 0.5985329 0.7854176 0.5606918 0.7901363 0.5604261 0.788869 0.5226644 0.7901363 0.5604261 0.7854176 0.5606918 0.78003 0.5984221 0.7805023 0.5605997 0.7854176 0.5606918 0.7901363 0.5604261 0.7916046 0.5982136 0.7859352 0.5985329 0.6749889 0.6003912 0.6762429 0.5624846 0.680577 0.5624835 0.680885 0.5245772 0.680577 0.5624835 0.6762429 0.5624846 0.6762429 0.5624846 0.6772579 0.524578 0.680885 0.5245772 0.680577 0.5624835 0.6801964 0.6003898 0.6749889 0.6003912 0.6801964 0.6003898 0.680577 0.5624835 0.6856355 0.5624835 0.6851184 0.5245772 0.6856355 0.5624835 0.680577 0.5624835 0.680577 0.5624835 0.680885 0.5245772 0.6851184 0.5245772 0.6856355 0.5624835 0.6862741 0.6003898 0.6801964 0.6003898 0.6862741 0.6003898 0.6856355 0.5624835 0.6894863 0.5624846 0.688341 0.524578 0.6894863 0.5624846 0.6856355 0.5624835 0.6856355 0.5624835 0.6851184 0.5245772 0.688341 0.524578 0.6894863 0.5624846 0.6909001 0.6003912 0.6862741 0.6003898 0.7363584 0.5998053 0.7375096 0.5619853 0.7422292 0.561921 0.7424107 0.5241011 0.7422292 0.561921 0.7375096 0.5619853 0.7375096 0.5619853 0.738461 0.5241549 0.7424107 0.5241011 0.7422292 0.561921 0.7420284 0.5997281 0.7363584 0.5998053 0.7420284 0.5997281 0.7422292 0.561921 0.7471444 0.5619853 0.7465243 0.5241549 0.7471444 0.5619853 0.7422292 0.561921 0.7422292 0.561921 0.7424107 0.5241011 0.7465243 0.5241549 0.710363 0.5609185 0.7120301 0.5231382 0.7153344 0.5234424 0.7159469 0.4857002 0.7153344 0.5234424 0.7120301 0.5231382 0.7465193 0.4862864 0.7465243 0.5241549 0.7424107 0.5241011 0.7120301 0.5231382 0.7127346 0.4854044 0.7159469 0.4857002 0.7471444 0.5619853 0.7479336 0.5998053 0.7420284 0.5997281 0.7084326 0.5987118 0.710363 0.5609185 0.714312 0.561282 0.7153344 0.5234424 0.714312 0.561282 0.710363 0.5609185 0.7479336 0.5998053 0.7481812 0.6247115 0.7419277 0.6246296 0.7075876 0.6235629 0.7084326 0.5987118 0.7131766 0.5991485 0.714312 0.561282 0.7131766 0.5991485 0.7084326 0.5987118 0.7419277 0.6246296 0.7420284 0.5997281 0.7479336 0.5998053 0.7420284 0.5997281 0.7419277 0.6246296 0.735924 0.6247115 0.7419277 0.6246296 0.7481812 0.6247115 0.7490184 0.6504843 0.735924 0.6247115 0.7419277 0.6246296 0.7417559 0.6503892 0.7490184 0.6504843 0.7417559 0.6503892 0.7419277 0.6246296 0.7417559 0.6503892 0.7415233 0.6752745 0.7330074 0.6753906 0.7415233 0.6752745 0.7417559 0.6503892 0.7490184 0.6504843 0.7330074 0.6753906 0.7347828 0.6504842 0.7417559 0.6503892 0.7417559 0.6503892 0.7347828 0.6504842 0.735924 0.6247115 0.6928378 0.6511878 0.695132 0.6762038 0.6881834 0.6762018 0.6881834 0.6762018 0.6871483 0.6511861 0.6928378 0.6511878 0.6928378 0.6511878 0.6871483 0.6511861 0.6864985 0.6253361 0.6864985 0.6253361 0.6913972 0.6253376 0.6928378 0.6511878 0.6909001 0.6003912 0.6913972 0.6253376 0.6864985 0.6253361 0.6864985 0.6253361 0.6862741 0.6003898 0.6909001 0.6003912 0.6862741 0.6003898 0.6864985 0.6253361 0.6800627 0.6253361 0.6800627 0.6253361 0.6864985 0.6253361 0.6871483 0.6511861 0.6800627 0.6253361 0.6801964 0.6003898 0.6862741 0.6003898 0.6801964 0.6003898 0.6800627 0.6253361 0.674549 0.6253375 0.674549 0.6253375 0.6800627 0.6253361 0.6796743 0.6511861 0.6871483 0.6511861 0.6796743 0.6511861 0.6800627 0.6253361 0.6796743 0.6511861 0.6790549 0.6762018 0.6712335 0.6762038 0.6790549 0.6762018 0.6796743 0.6511861 0.6871483 0.6511861 0.6712335 0.6762038 0.6732706 0.6511878 0.6796743 0.6511861 0.6796743 0.6511861 0.6732706 0.6511878 0.674549 0.6253375 0.7936041 0.6488547 0.7955887 0.6739228 0.7870731 0.6744024 0.7870731 0.6744024 0.786632 0.6492474 0.7936041 0.6488547 0.7936041 0.6488547 0.786632 0.6492474 0.7862437 0.6233782 0.7862437 0.6233782 0.7922476 0.62304 0.7936041 0.6488547 0.7916046 0.5982136 0.7922476 0.62304 0.7862437 0.6233782 0.7862437 0.6233782 0.7859352 0.5985329 0.7916046 0.5982136 0.7859352 0.5985329 0.7862437 0.6233782 0.779991 0.6232609 0.779991 0.6232609 0.7862437 0.6233782 0.786632 0.6492474 0.779991 0.6232609 0.78003 0.5984221 0.7859352 0.5985329 0.7243739 0.5990172 0.7244683 0.6238862 0.7190584 0.6241488 0.7190584 0.6241488 0.7244683 0.6238862 0.725408 0.6497341 0.786632 0.6492474 0.7793695 0.6491112 0.779991 0.6232609 0.786632 0.6492474 0.7870731 0.6744024 0.7782034 0.6742361 0.7782034 0.6742361 0.7793695 0.6491112 0.786632 0.6492474 0.674549 0.6253375 0.6749889 0.6003912 0.6801964 0.6003898 0.6871483 0.6511861 0.6881834 0.6762018 0.6790549 0.6762018 0.7490184 0.6504843 0.7503936 0.6753906 0.7415233 0.6752745 0.7031946 0.6743651 0.7058042 0.6493586 0.7116379 0.6498956 0.7116379 0.6498956 0.7058042 0.6493586 0.7075876 0.6235629 0.735924 0.6247115 0.7363584 0.5998053 0.7420284 0.5997281 0.7165881 0.4479513 0.7159469 0.4857002 0.7127346 0.4854044 0.7804945 0.4851379 0.7802249 0.4474579 0.7840626 0.4475298 0.7193418 0.2969107 0.7185904 0.3346857 0.7160044 0.3344476 0.7795368 0.3343948 0.7794327 0.2966833 0.782305 0.296737 0.725408 0.6497341 0.7271384 0.6748238 0.7194651 0.6751961 0.8401238 0.922789 0.8401238 0.8627899 0.8933365 0.8637329 0.8933365 0.8637329 0.8935799 0.9225162 0.8401238 0.922789 1.29488e-7 0.9517756 1.30423e-7 0.8917765 0.05321276 0.8927195 0.05321276 0.8927195 0.05345618 0.9515027 1.29488e-7 0.9517756 0.916634 0.6470571 0.916634 0.5870608 0.969849 0.5879997 0.969849 0.5879997 0.9700924 0.6467801 0.916634 0.6470571 0.3933178 0.9255523 0.3933178 0.8655581 0.4465345 0.8665009 0.4465345 0.8665009 0.4467785 0.9252794 0.3933178 0.9255523 0.916634 0.7091124 0.916634 0.6491165 0.9698492 0.6500631 0.9698492 0.6500631 0.9700927 0.7088435 0.916634 0.7091124</float_array>
          <technique_common>
            <accessor source="#palm_straightMesh_007-mesh-map-1-array" count="3660" stride="2">
              <param name="S" type="float"/>
              <param name="T" type="float"/>
            </accessor>
          </technique_common>
        </source>
        <vertices id="palm_straightMesh_007-mesh-vertices">
          <input semantic="POSITION" source="#palm_straightMesh_007-mesh-positions"/>
        </vertices>
        <triangles material="A_A_A-Textura_garamante-material" count="1220">
          <input semantic="VERTEX" source="#palm_straightMesh_007-mesh-vertices" offset="0"/>
          <input semantic="NORMAL" source="#palm_straightMesh_007-mesh-normals" offset="1"/>
          <input semantic="TEXCOORD" source="#palm_straightMesh_007-mesh-map-0" offset="2" set="0"/>
          <input semantic="TEXCOORD" source="#palm_straightMesh_007-mesh-map-1" offset="2" set="1"/>
          <p>0 0 0 3 1 1 1 2 2 1 3 3 2 4 4 0 5 5 3 1 6 0 0 7 4 6 8 5 7 9 4 8 10 6 9 11 4 8 12 5 7 13 3 10 14 7 11 15 6 12 16 8 13 17 6 12 18 7 11 19 5 14 20 9 15 21 8 16 22 10 17 23 8 16 24 9 15 25 7 18 26 11 19 27 10 20 28 12 21 29 10 20 30 11 19 31 9 22 32 13 23 33 12 24 34 14 25 35 12 24 36 13 23 37 11 26 38 15 27 39 14 28 40 16 29 41 14 28 42 15 27 43 13 30 44 17 31 45 16 32 46 18 33 47 16 32 48 17 31 49 15 34 50 19 35 51 18 36 52 2 37 53 18 36 54 19 35 55 17 38 56 2 4 57 1 3 58 19 39 59 1 3 60 20 40 61 19 39 62 19 35 63 21 41 64 17 38 65 21 41 66 19 35 67 20 42 68 22 43 69 21 41 70 20 42 71 21 41 72 22 43 73 23 44 74 23 45 75 24 46 76 21 47 77 24 46 78 17 31 79 21 47 80 24 46 81 23 45 82 25 48 83 25 49 84 26 50 85 24 51 86 26 50 87 15 27 88 24 51 89 17 31 90 24 46 91 15 34 92 26 50 93 25 49 94 27 52 95 27 53 96 28 54 97 26 55 98 28 54 99 13 23 100 26 55 101 15 27 102 26 50 103 13 30 104 28 54 105 27 53 106 29 56 107 29 57 108 30 58 109 28 59 110 30 58 111 11 19 112 28 59 113 13 23 114 28 54 115 11 26 116 30 58 117 29 57 118 31 60 119 31 61 120 32 62 121 30 63 122 32 62 123 9 15 124 30 63 125 11 19 126 30 58 127 9 22 128 32 62 129 31 61 130 33 64 131 33 65 132 34 66 133 32 67 134 34 66 135 7 11 136 32 67 137 9 15 138 32 62 139 7 18 140 34 66 141 33 65 142 35 68 143 35 69 144 36 70 145 34 71 146 36 70 147 5 7 148 34 71 149 7 11 150 34 66 151 5 14 152 36 70 153 35 69 154 37 72 155 37 73 156 38 74 157 36 75 158 38 74 159 3 1 160 36 75 161 5 7 162 36 70 163 3 10 164 38 74 165 37 73 166 39 76 167 39 77 168 20 40 169 38 78 170 20 40 171 1 3 172 38 78 173 3 1 174 38 74 175 1 2 176 20 40 177 39 77 178 22 79 179 40 80 180 22 79 181 39 77 182 41 81 183 39 76 184 37 73 185 39 76 186 41 81 187 40 82 188 37 72 189 42 83 190 41 84 191 42 83 192 43 85 193 41 84 194 41 81 195 44 86 196 40 82 197 44 86 198 41 81 199 43 87 200 44 86 201 47 88 202 45 89 203 45 90 204 46 91 205 44 92 206 46 91 207 40 80 208 44 92 209 47 88 210 44 86 211 43 87 212 43 85 213 48 93 214 47 94 215 49 95 216 47 94 217 48 93 218 50 96 219 45 89 220 47 88 221 47 94 222 49 95 223 50 97 224 52 98 225 50 97 226 49 95 227 45 89 228 50 96 229 51 99 230 53 100 231 51 99 232 50 96 233 50 97 234 52 98 235 53 101 236 55 102 237 53 101 238 52 98 239 51 99 240 53 100 241 54 103 242 56 104 243 54 103 244 53 100 245 53 101 246 55 102 247 56 105 248 58 106 249 56 105 250 55 102 251 54 103 252 56 104 253 57 107 254 59 108 255 57 107 256 56 104 257 56 105 258 58 106 259 59 109 260 61 110 261 59 109 262 58 106 263 57 107 264 59 108 265 60 111 266 62 112 267 60 111 268 59 108 269 59 109 270 61 110 271 62 113 272 64 114 273 62 113 274 61 110 275 60 111 276 62 112 277 63 115 278 65 116 279 63 115 280 62 112 281 62 113 282 64 114 283 65 117 284 67 118 285 65 117 286 64 114 287 63 115 288 65 116 289 66 119 290 68 120 291 66 119 292 65 116 293 65 117 294 67 118 295 68 121 296 70 122 297 68 121 298 67 118 299 66 119 300 68 120 301 69 123 302 71 124 303 69 123 304 68 120 305 68 121 306 70 122 307 71 125 308 73 126 309 71 125 310 70 122 311 69 123 312 71 124 313 72 127 314 74 128 315 72 127 316 71 124 317 71 125 318 73 126 319 74 129 320 76 130 321 74 129 322 73 126 323 72 127 324 74 128 325 75 131 326 77 132 327 75 131 328 74 128 329 74 129 330 76 130 331 77 133 332 79 134 333 77 133 334 76 130 335 75 131 336 77 132 337 78 135 338 80 136 339 78 135 340 77 132 341 77 133 342 79 134 343 80 137 344 78 135 345 80 136 346 81 138 347 81 139 348 82 140 349 78 141 350 82 140 351 81 139 352 83 142 353 83 143 354 84 144 355 82 145 356 84 144 357 83 143 358 85 146 359 85 147 360 86 148 361 84 149 362 86 148 363 85 147 364 87 150 365 88 151 366 85 152 367 90 153 368 85 152 369 88 151 370 89 154 371 91 155 372 85 156 373 89 157 374 85 158 375 91 159 376 92 160 377 93 161 378 85 162 379 95 163 380 85 162 381 93 161 382 94 164 383 96 165 384 85 166 385 94 167 386 85 168 387 96 169 388 97 170 389 85 171 390 98 172 391 100 173 392 98 174 393 85 175 394 99 176 395 85 177 396 101 178 397 99 179 398 101 178 399 85 177 400 102 180 401 103 181 402 85 182 403 105 183 404 85 182 405 103 181 406 104 184 407 106 185 408 85 186 409 104 187 410 85 188 411 106 189 412 107 190 413 108 191 414 85 192 415 110 193 416 85 192 417 108 191 418 109 194 419 111 195 420 85 196 421 109 197 422 85 198 423 111 199 424 112 200 425 113 201 426 85 202 427 115 203 428 85 202 429 113 201 430 114 204 431 116 205 432 85 206 433 114 207 434 85 208 435 116 209 436 117 210 437 118 211 438 85 212 439 120 213 440 85 212 441 118 211 442 119 214 443 121 215 444 85 216 445 119 217 446 85 218 447 121 219 448 122 220 449 123 221 450 85 222 451 125 223 452 85 222 453 123 221 454 124 224 455 126 225 456 85 226 457 124 227 458 85 228 459 126 229 460 127 230 461 128 231 462 129 232 463 85 233 464 129 234 465 130 235 466 85 236 467 131 237 468 132 238 469 85 239 470 132 240 471 133 241 472 85 242 473 134 243 474 135 244 475 85 245 476 135 246 477 136 247 478 85 248 479 137 249 480 138 250 481 85 251 482 138 252 483 139 253 484 85 254 485 140 255 486 141 256 487 85 257 488 141 258 489 142 259 490 85 260 491 142 259 492 141 258 493 143 261 494 144 262 495 143 261 496 141 258 497 143 261 498 144 262 499 145 263 500 146 264 501 145 263 502 144 262 503 145 263 504 146 264 505 147 265 506 148 266 507 147 265 508 146 264 509 147 265 510 148 266 511 149 267 512 150 268 513 149 267 514 148 266 515 149 267 516 150 268 517 151 269 518 150 270 519 152 271 520 153 272 521 152 273 522 150 274 523 148 275 524 148 275 525 154 276 526 152 273 527 154 276 528 148 275 529 146 277 530 146 277 531 155 278 532 154 276 533 155 278 534 146 277 535 144 279 536 144 279 537 156 280 538 155 278 539 156 280 540 144 279 541 141 256 542 141 256 543 140 255 544 156 280 545 139 253 546 138 252 547 157 281 548 158 282 549 157 281 550 138 252 551 157 281 552 158 282 553 159 283 554 160 284 555 159 283 556 158 282 557 159 283 558 160 284 559 161 285 560 162 286 561 161 285 562 160 284 563 161 285 564 162 286 565 163 287 566 164 288 567 163 287 568 162 286 569 163 287 570 164 288 571 165 289 572 164 290 573 166 291 574 167 292 575 166 293 576 164 294 577 162 295 578 162 295 579 168 296 580 166 293 581 168 296 582 162 295 583 160 297 584 160 297 585 169 298 586 168 296 587 169 298 588 160 297 589 158 299 590 158 299 591 170 300 592 169 298 593 170 300 594 158 299 595 138 250 596 138 250 597 137 249 598 170 300 599 136 247 600 135 246 601 171 301 602 172 302 603 171 301 604 135 246 605 171 301 606 172 302 607 173 303 608 174 304 609 173 303 610 172 302 611 173 303 612 174 304 613 175 305 614 176 306 615 175 305 616 174 304 617 175 305 618 176 306 619 177 307 620 178 308 621 177 307 622 176 306 623 177 307 624 178 308 625 179 309 626 178 310 627 180 311 628 181 312 629 180 313 630 178 314 631 176 315 632 176 315 633 182 316 634 180 313 635 182 316 636 176 315 637 174 317 638 174 317 639 183 318 640 182 316 641 183 318 642 174 317 643 172 319 644 172 319 645 184 320 646 183 318 647 184 320 648 172 319 649 135 244 650 135 244 651 134 243 652 184 320 653 133 241 654 132 240 655 185 321 656 186 322 657 185 321 658 132 240 659 185 321 660 186 322 661 187 323 662 188 324 663 187 323 664 186 322 665 187 323 666 188 324 667 189 325 668 190 326 669 189 325 670 188 324 671 189 325 672 190 326 673 191 327 674 192 328 675 191 327 676 190 326 677 191 327 678 192 328 679 193 329 680 192 330 681 194 331 682 195 332 683 194 333 684 192 334 685 190 335 686 190 335 687 196 336 688 194 333 689 196 336 690 190 335 691 188 337 692 188 337 693 197 338 694 196 336 695 197 338 696 188 337 697 186 339 698 186 339 699 198 340 700 197 338 701 198 340 702 186 339 703 132 238 704 132 238 705 131 237 706 198 340 707 130 235 708 129 234 709 199 341 710 200 342 711 199 341 712 129 234 713 199 341 714 200 342 715 201 343 716 202 344 717 201 343 718 200 342 719 201 343 720 202 344 721 203 345 722 204 346 723 203 345 724 202 344 725 203 345 726 204 346 727 205 347 728 206 348 729 205 347 730 204 346 731 205 347 732 206 348 733 207 349 734 206 350 735 208 351 736 209 352 737 208 353 738 206 354 739 204 355 740 204 355 741 210 356 742 208 353 743 210 356 744 204 355 745 202 357 746 202 357 747 211 358 748 210 356 749 211 358 750 202 357 751 200 359 752 200 359 753 212 360 754 211 358 755 212 360 756 200 359 757 129 232 758 129 232 759 128 231 760 212 360 761 124 227 762 213 361 763 126 225 764 213 361 765 124 227 766 214 362 767 214 362 768 215 363 769 213 361 770 215 363 771 214 362 772 216 364 773 217 365 774 215 363 775 216 364 776 215 363 777 217 365 778 218 366 779 219 367 780 218 366 781 217 365 782 218 366 783 219 367 784 220 368 785 219 369 786 221 370 787 222 371 788 221 372 789 219 373 790 217 374 791 217 374 792 223 375 793 221 372 794 223 375 795 214 376 796 224 377 797 214 376 798 223 375 799 216 378 800 223 375 801 217 374 802 216 378 803 224 377 804 124 224 805 123 221 806 124 224 807 224 377 808 214 376 809 119 217 810 225 379 811 121 215 812 225 379 813 119 217 814 226 380 815 226 380 816 227 381 817 225 379 818 227 381 819 226 380 820 228 382 821 229 383 822 227 381 823 228 382 824 227 381 825 229 383 826 230 384 827 231 385 828 230 384 829 229 383 830 230 384 831 231 385 832 232 386 833 231 387 834 233 388 835 234 389 836 233 390 837 231 391 838 229 392 839 229 392 840 235 393 841 233 390 842 235 393 843 226 394 844 236 395 845 226 394 846 235 393 847 228 396 848 235 393 849 229 392 850 228 396 851 236 395 852 119 214 853 118 211 854 119 214 855 236 395 856 226 394 857 114 207 858 237 397 859 116 205 860 237 397 861 114 207 862 238 398 863 239 399 864 237 397 865 238 398 866 237 397 867 239 399 868 240 400 869 241 401 870 240 402 871 239 403 872 240 404 873 241 405 874 242 406 875 243 407 876 242 406 877 241 405 878 242 406 879 243 407 880 244 408 881 241 409 882 245 410 883 243 411 884 245 410 885 241 409 886 246 412 887 241 409 888 247 413 889 246 412 890 247 413 891 241 409 892 239 414 893 239 415 894 248 416 895 247 417 896 248 416 897 114 204 898 113 201 899 114 204 900 248 416 901 238 418 902 248 416 903 239 415 904 238 418 905 109 197 906 249 419 907 111 195 908 249 419 909 109 197 910 250 420 911 251 421 912 249 419 913 250 420 914 249 419 915 251 421 916 252 422 917 253 423 918 252 424 919 251 425 920 252 426 921 253 427 922 254 428 923 255 429 924 254 428 925 253 427 926 254 428 927 255 429 928 256 430 929 253 431 930 257 432 931 255 433 932 257 432 933 253 431 934 258 434 935 253 431 936 259 435 937 258 434 938 259 435 939 253 431 940 251 436 941 251 437 942 260 438 943 259 439 944 260 438 945 109 194 946 108 191 947 109 194 948 260 438 949 250 440 950 260 438 951 251 437 952 250 440 953 104 187 954 261 441 955 106 185 956 261 441 957 104 187 958 262 442 959 263 443 960 261 441 961 262 442 962 261 441 963 263 443 964 264 444 965 265 445 966 264 446 967 263 447 968 264 448 969 265 449 970 266 450 971 265 449 972 267 451 973 266 450 974 267 451 975 265 449 976 268 452 977 268 453 978 269 454 979 270 455 980 269 456 981 268 457 982 265 458 983 265 458 984 271 459 985 269 456 986 271 459 987 265 458 988 263 460 989 263 461 990 272 462 991 271 463 992 272 462 993 263 461 994 262 464 995 262 465 996 103 181 997 272 466 998 103 181 999 262 465 1000 104 184 1001 273 467 1002 99 179 1003 101 178 1004 99 179 1005 273 467 1006 274 468 1007 273 467 1008 275 469 1009 274 468 1010 275 469 1011 273 467 1012 276 470 1013 276 471 1014 277 472 1015 275 473 1016 277 472 1017 276 471 1018 278 474 1019 278 475 1020 279 476 1021 277 477 1022 279 478 1023 278 479 1024 280 480 1025 279 481 1026 281 482 1027 277 483 1028 281 484 1029 279 485 1030 282 486 1031 283 487 1032 277 488 1033 281 489 1034 274 490 1035 283 487 1036 284 491 1037 283 487 1038 274 490 1039 275 492 1040 277 488 1041 283 487 1042 275 492 1043 99 176 1044 284 491 1045 98 174 1046 284 491 1047 99 176 1048 274 490 1049 94 167 1050 285 493 1051 96 165 1052 285 493 1053 94 167 1054 286 494 1055 287 495 1056 285 493 1057 286 494 1058 285 493 1059 287 495 1060 288 496 1061 289 497 1062 288 498 1063 287 499 1064 288 500 1065 289 501 1066 290 502 1067 291 503 1068 290 504 1069 289 505 1070 290 506 1071 291 507 1072 292 508 1073 289 509 1074 293 510 1075 291 511 1076 293 510 1077 289 509 1078 294 512 1079 289 509 1080 295 513 1081 294 512 1082 295 513 1083 289 509 1084 287 514 1085 287 515 1086 296 516 1087 295 517 1088 296 516 1089 94 164 1090 93 161 1091 94 164 1092 296 516 1093 286 518 1094 296 516 1095 287 515 1096 286 518 1097 89 157 1098 297 519 1099 91 155 1100 297 519 1101 89 157 1102 298 520 1103 299 521 1104 297 519 1105 298 520 1106 297 519 1107 299 521 1108 300 522 1109 301 523 1110 300 524 1111 299 525 1112 300 526 1113 301 527 1114 302 528 1115 303 529 1116 302 530 1117 301 531 1118 302 532 1119 303 533 1120 304 534 1121 303 535 1122 305 536 1123 306 537 1124 305 538 1125 303 539 1126 301 540 1127 301 541 1128 307 542 1129 305 543 1130 307 542 1131 298 544 1132 308 545 1133 298 544 1134 307 542 1135 299 546 1136 307 542 1137 301 541 1138 299 546 1139 308 545 1140 89 154 1141 88 151 1142 89 154 1143 308 545 1144 298 544 1145 87 547 1146 309 548 1147 86 549 1148 309 548 1149 87 547 1150 310 550 1151 310 551 1152 311 552 1153 309 553 1154 311 552 1155 310 551 1156 312 554 1157 312 555 1158 313 556 1159 311 557 1160 313 556 1161 312 555 1162 314 558 1163 314 559 1164 315 560 1165 313 561 1166 315 560 1167 314 559 1168 316 562 1169 316 563 1170 76 564 1171 315 565 1172 76 564 1173 316 563 1174 79 566 1175 315 565 1176 73 567 1177 317 568 1178 317 569 1179 313 561 1180 315 560 1181 73 567 1182 315 565 1183 76 564 1184 317 568 1185 70 570 1186 318 571 1187 318 572 1188 319 573 1189 317 569 1190 313 561 1191 317 569 1192 319 573 1193 70 570 1194 317 568 1195 73 567 1196 319 573 1197 318 572 1198 320 574 1199 320 575 1200 321 576 1201 319 577 1202 311 557 1203 319 577 1204 321 576 1205 319 577 1206 311 557 1207 313 556 1208 321 576 1209 320 575 1210 322 578 1211 322 579 1212 323 580 1213 321 581 1214 309 553 1215 321 581 1216 323 580 1217 321 581 1218 309 553 1219 311 552 1220 323 580 1221 322 579 1222 324 582 1223 324 583 1224 325 584 1225 323 585 1226 86 549 1227 323 585 1228 325 584 1229 323 585 1230 86 549 1231 309 548 1232 325 584 1233 324 583 1234 326 586 1235 326 587 1236 327 588 1237 325 589 1238 84 149 1239 325 589 1240 327 588 1241 325 589 1242 84 149 1243 86 148 1244 327 588 1245 326 587 1246 328 590 1247 328 591 1248 329 592 1249 327 593 1250 82 145 1251 327 593 1252 329 592 1253 327 593 1254 82 145 1255 84 144 1256 329 592 1257 328 591 1258 330 594 1259 330 595 1260 75 596 1261 329 597 1262 78 141 1263 329 597 1264 75 596 1265 329 597 1266 78 141 1267 82 140 1268 330 594 1269 332 598 1270 331 599 1271 331 600 1272 72 601 1273 330 595 1274 75 596 1275 330 595 1276 72 601 1277 332 598 1278 330 594 1279 328 591 1280 332 602 1281 334 603 1282 333 604 1283 333 605 1284 331 599 1285 332 598 1286 334 603 1287 332 602 1288 335 606 1289 328 590 1290 335 606 1291 332 602 1292 335 607 1293 336 608 1294 334 609 1295 336 608 1296 335 607 1297 337 610 1298 326 586 1299 337 610 1300 335 607 1301 335 606 1302 328 590 1303 326 587 1304 337 611 1305 338 612 1306 336 613 1307 338 612 1308 337 611 1309 339 614 1310 324 582 1311 339 614 1312 337 611 1313 337 610 1314 326 586 1315 324 583 1316 339 615 1317 340 616 1318 338 617 1319 340 616 1320 339 615 1321 341 618 1322 322 578 1323 341 618 1324 339 615 1325 339 614 1326 324 582 1327 322 579 1328 341 619 1329 342 620 1330 340 621 1331 342 620 1332 341 619 1333 343 622 1334 320 574 1335 343 622 1336 341 619 1337 341 618 1338 322 578 1339 320 575 1340 343 623 1341 64 624 1342 342 625 1343 64 624 1344 343 623 1345 67 626 1346 318 571 1347 67 626 1348 343 623 1349 343 622 1350 320 574 1351 318 572 1352 342 625 1353 61 627 1354 344 628 1355 344 629 1356 340 621 1357 342 620 1358 61 627 1359 342 625 1360 64 624 1361 344 628 1362 58 630 1363 345 631 1364 345 632 1365 346 633 1366 344 629 1367 340 621 1368 344 629 1369 346 633 1370 58 630 1371 344 628 1372 61 627 1373 346 633 1374 345 632 1375 347 634 1376 347 635 1377 348 636 1378 346 637 1379 338 617 1380 346 637 1381 348 636 1382 346 637 1383 338 617 1384 340 616 1385 348 636 1386 347 635 1387 349 638 1388 349 639 1389 350 640 1390 348 641 1391 336 613 1392 348 641 1393 350 640 1394 348 641 1395 336 613 1396 338 612 1397 350 640 1398 349 639 1399 351 642 1400 351 643 1401 352 644 1402 350 645 1403 334 609 1404 350 645 1405 352 644 1406 350 645 1407 334 609 1408 336 608 1409 352 644 1410 351 643 1411 353 646 1412 353 647 1413 354 648 1414 352 649 1415 333 604 1416 352 649 1417 354 648 1418 352 649 1419 333 604 1420 334 603 1421 354 648 1422 353 647 1423 355 650 1424 355 651 1425 356 652 1426 354 653 1427 357 654 1428 354 653 1429 356 652 1430 354 653 1431 357 654 1432 333 605 1433 356 655 1434 66 656 1435 357 657 1436 69 658 1437 357 657 1438 66 656 1439 331 599 1440 333 605 1441 357 654 1442 357 657 1443 69 658 1444 331 600 1445 356 652 1446 355 651 1447 358 659 1448 358 660 1449 63 661 1450 356 655 1451 66 656 1452 356 655 1453 63 661 1454 358 659 1455 360 662 1456 359 663 1457 359 664 1458 60 665 1459 358 660 1460 63 661 1461 358 660 1462 60 665 1463 360 662 1464 358 659 1465 355 651 1466 360 666 1467 362 667 1468 361 668 1469 361 669 1470 359 663 1471 360 662 1472 362 667 1473 360 666 1474 363 670 1475 355 650 1476 363 670 1477 360 666 1478 363 671 1479 364 672 1480 362 673 1481 364 672 1482 363 671 1483 365 674 1484 353 646 1485 365 674 1486 363 671 1487 363 670 1488 355 650 1489 353 647 1490 365 675 1491 366 676 1492 364 677 1493 366 676 1494 365 675 1495 367 678 1496 351 642 1497 367 678 1498 365 675 1499 365 674 1500 353 646 1501 351 643 1502 367 679 1503 368 680 1504 366 681 1505 368 680 1506 367 679 1507 369 682 1508 349 638 1509 369 682 1510 367 679 1511 367 678 1512 351 642 1513 349 639 1514 369 683 1515 370 684 1516 368 685 1517 370 684 1518 369 683 1519 371 686 1520 347 634 1521 371 686 1522 369 683 1523 369 682 1524 349 638 1525 347 635 1526 371 687 1527 52 688 1528 370 689 1529 52 688 1530 371 687 1531 55 690 1532 345 631 1533 55 690 1534 371 687 1535 371 686 1536 347 634 1537 345 632 1538 370 689 1539 49 691 1540 372 692 1541 372 693 1542 368 685 1543 370 684 1544 49 691 1545 370 689 1546 52 688 1547 372 692 1548 48 694 1549 373 695 1550 373 696 1551 374 697 1552 372 693 1553 368 685 1554 372 693 1555 374 697 1556 48 694 1557 372 692 1558 49 691 1559 374 697 1560 373 696 1561 375 698 1562 375 699 1563 376 700 1564 374 701 1565 366 681 1566 374 701 1567 376 700 1568 374 701 1569 366 681 1570 368 680 1571 376 700 1572 375 699 1573 377 702 1574 377 703 1575 378 704 1576 376 705 1577 364 677 1578 376 705 1579 378 704 1580 376 705 1581 364 677 1582 366 676 1583 378 704 1584 377 703 1585 379 706 1586 379 707 1587 380 708 1588 378 709 1589 362 673 1590 378 709 1591 380 708 1592 378 709 1593 362 673 1594 364 672 1595 380 708 1596 379 707 1597 381 710 1598 381 711 1599 382 712 1600 380 713 1601 361 668 1602 380 713 1603 382 712 1604 380 713 1605 361 668 1606 362 667 1607 382 712 1608 381 711 1609 383 714 1610 383 715 1611 384 716 1612 382 717 1613 385 718 1614 382 717 1615 384 716 1616 382 717 1617 385 718 1618 361 669 1619 384 719 1620 54 720 1621 385 721 1622 57 722 1623 385 721 1624 54 720 1625 359 663 1626 361 669 1627 385 718 1628 385 721 1629 57 722 1630 359 664 1631 384 716 1632 383 715 1633 386 723 1634 386 724 1635 51 725 1636 384 719 1637 54 720 1638 384 719 1639 51 725 1640 386 723 1641 387 726 1642 46 727 1643 46 91 1644 45 90 1645 386 724 1646 51 725 1647 386 724 1648 45 90 1649 387 726 1650 386 723 1651 383 715 1652 383 714 1653 388 728 1654 387 729 1655 387 726 1656 389 730 1657 46 727 1658 388 728 1659 390 731 1660 387 729 1661 389 730 1662 387 726 1663 390 732 1664 390 731 1665 25 48 1666 23 45 1667 23 44 1668 389 730 1669 390 732 1670 25 48 1671 390 731 1672 391 733 1673 390 731 1674 388 728 1675 391 733 1676 391 734 1677 27 52 1678 25 49 1679 27 52 1680 391 734 1681 392 735 1682 391 734 1683 393 736 1684 392 735 1685 393 736 1686 391 734 1687 388 737 1688 381 710 1689 393 736 1690 388 737 1691 393 736 1692 381 710 1693 379 707 1694 379 706 1695 394 738 1696 393 739 1697 394 738 1698 392 740 1699 393 739 1700 394 738 1701 379 706 1702 377 703 1703 377 702 1704 395 741 1705 394 742 1706 395 741 1707 396 743 1708 394 742 1709 392 740 1710 394 738 1711 396 744 1712 396 743 1713 31 60 1714 29 57 1715 29 56 1716 392 740 1717 396 744 1718 31 60 1719 396 743 1720 397 745 1721 396 743 1722 395 741 1723 397 745 1724 397 746 1725 33 64 1726 31 61 1727 33 64 1728 397 746 1729 398 747 1730 397 746 1731 399 748 1732 398 747 1733 399 748 1734 397 746 1735 395 749 1736 375 698 1737 399 748 1738 395 749 1739 399 748 1740 375 698 1741 373 696 1742 373 695 1743 400 750 1744 399 751 1745 400 750 1746 398 752 1747 399 751 1748 400 750 1749 373 695 1750 48 694 1751 48 93 1752 43 85 1753 400 753 1754 43 85 1755 42 83 1756 400 753 1757 398 752 1758 400 750 1759 42 754 1760 398 752 1761 35 68 1762 33 65 1763 35 68 1764 398 752 1765 42 754 1766 395 741 1767 377 702 1768 375 699 1769 392 740 1770 29 56 1771 27 53 1772 389 730 1773 23 44 1774 22 43 1775 22 79 1776 40 80 1777 389 755 1778 40 80 1779 46 91 1780 389 755 1781 388 728 1782 383 714 1783 381 711 1784 60 665 1785 359 664 1786 57 722 1787 55 690 1788 345 631 1789 58 630 1790 72 601 1791 331 600 1792 69 658 1793 67 626 1794 318 571 1795 70 570 1796 42 83 1797 37 72 1798 35 69 1799 402 756 1800 403 757 1801 404 758 1802 403 757 1803 402 756 1804 401 759 1805 406 756 1806 407 757 1807 408 758 1808 407 757 1809 406 756 1810 405 759 1811 410 760 1812 411 761 1813 412 762 1814 411 761 1815 410 760 1816 409 763 1817 414 764 1818 415 765 1819 416 766 1820 415 765 1821 414 764 1822 413 767 1823 418 768 1824 419 769 1825 420 770 1826 419 769 1827 418 768 1828 417 771 1829 421 772 1830 422 773 1831 424 774 1832 422 775 1833 421 776 1834 423 776 1835 424 777 1836 425 778 1837 421 778 1838 426 779 1839 427 780 1840 425 780 1841 425 781 1842 424 782 1843 426 783 1844 428 784 1845 429 785 1846 427 785 1847 427 786 1848 426 787 1849 428 788 1850 430 789 1851 431 790 1852 429 790 1853 429 791 1854 428 792 1855 430 793 1856 432 794 1857 433 795 1858 431 795 1859 431 796 1860 430 797 1861 432 798 1862 434 799 1863 435 800 1864 433 800 1865 433 801 1866 432 802 1867 434 803 1868 436 804 1869 437 805 1870 435 805 1871 435 806 1872 434 807 1873 436 808 1874 438 809 1875 439 810 1876 437 810 1877 437 811 1878 436 812 1879 438 813 1880 440 814 1881 423 815 1882 439 815 1883 439 816 1884 438 817 1885 440 818 1886 423 819 1887 440 820 1888 422 821 1889 422 821 1890 440 820 1891 441 822 1892 440 818 1893 438 817 1894 442 823 1895 442 823 1896 441 824 1897 440 818 1898 443 825 1899 441 824 1900 442 823 1901 442 823 1902 444 826 1903 443 825 1904 444 827 1905 442 828 1906 445 829 1907 445 829 1908 442 828 1909 438 813 1910 445 829 1911 446 830 1912 444 827 1913 446 831 1914 445 832 1915 447 833 1916 447 833 1917 445 832 1918 436 808 1919 438 813 1920 436 812 1921 445 829 1922 447 833 1923 448 834 1924 446 831 1925 448 835 1926 447 836 1927 449 837 1928 449 837 1929 447 836 1930 434 803 1931 436 808 1932 434 807 1933 447 833 1934 449 837 1935 450 838 1936 448 835 1937 450 839 1938 449 840 1939 451 841 1940 451 841 1941 449 840 1942 432 798 1943 434 803 1944 432 802 1945 449 837 1946 451 841 1947 452 842 1948 450 839 1949 452 843 1950 451 844 1951 453 845 1952 453 845 1953 451 844 1954 430 793 1955 432 798 1956 430 797 1957 451 841 1958 453 845 1959 454 846 1960 452 843 1961 454 847 1962 453 848 1963 455 849 1964 455 849 1965 453 848 1966 428 788 1967 430 793 1968 428 792 1969 453 845 1970 455 849 1971 456 850 1972 454 847 1973 456 851 1974 455 852 1975 457 853 1976 457 853 1977 455 852 1978 426 783 1979 428 788 1980 426 787 1981 455 849 1982 457 853 1983 458 854 1984 456 851 1985 458 855 1986 457 856 1987 459 857 1988 459 857 1989 457 856 1990 424 774 1991 426 783 1992 424 782 1993 457 853 1994 459 857 1995 460 858 1996 458 855 1997 460 859 1998 459 860 1999 441 822 2000 441 822 2001 459 860 2002 422 821 2003 424 774 2004 422 773 2005 459 857 2006 441 822 2007 443 861 2008 460 859 2009 461 862 2010 460 859 2011 443 861 2012 462 863 2013 458 855 2014 460 858 2015 460 858 2016 461 864 2017 462 863 2018 458 854 2019 462 865 2020 463 866 2021 463 866 2022 462 865 2023 464 867 2024 462 863 2025 461 864 2026 465 868 2027 465 868 2028 464 869 2029 462 863 2030 465 868 2031 466 870 2032 468 871 2033 466 872 2034 465 873 2035 467 874 2036 467 874 2037 465 873 2038 461 862 2039 468 871 2040 464 869 2041 465 868 2042 464 867 2043 468 875 2044 469 876 2045 470 877 2046 469 876 2047 468 875 2048 471 878 2049 468 871 2050 466 870 2051 468 875 2052 471 879 2053 470 877 2054 473 880 2055 470 877 2056 471 879 2057 466 870 2058 472 881 2059 471 878 2060 474 882 2061 471 878 2062 472 881 2063 471 879 2064 474 883 2065 473 880 2066 476 884 2067 473 880 2068 474 883 2069 472 881 2070 475 885 2071 474 882 2072 477 886 2073 474 882 2074 475 885 2075 474 883 2076 477 887 2077 476 884 2078 479 888 2079 476 884 2080 477 887 2081 475 885 2082 478 889 2083 477 886 2084 480 890 2085 477 886 2086 478 889 2087 477 887 2088 480 891 2089 479 888 2090 482 892 2091 479 888 2092 480 891 2093 478 889 2094 481 893 2095 480 890 2096 483 894 2097 480 890 2098 481 893 2099 480 891 2100 483 895 2101 482 892 2102 485 896 2103 482 892 2104 483 895 2105 481 893 2106 484 897 2107 483 894 2108 486 898 2109 483 894 2110 484 897 2111 483 899 2112 486 900 2113 485 901 2114 488 902 2115 485 901 2116 486 900 2117 484 903 2118 487 904 2119 486 905 2120 489 906 2121 486 905 2122 487 904 2123 486 900 2124 489 907 2125 488 902 2126 491 908 2127 488 902 2128 489 907 2129 487 904 2130 490 909 2131 489 906 2132 492 910 2133 489 906 2134 490 909 2135 489 911 2136 492 912 2137 491 913 2138 494 914 2139 491 913 2140 492 912 2141 490 915 2142 493 916 2143 492 917 2144 495 918 2145 492 917 2146 493 916 2147 492 912 2148 495 919 2149 494 914 2150 497 920 2151 494 914 2152 495 919 2153 493 916 2154 496 921 2155 495 918 2156 498 922 2157 495 918 2158 496 921 2159 495 919 2160 498 923 2161 497 920 2162 500 924 2163 497 920 2164 498 923 2165 496 921 2166 499 925 2167 498 922 2168 501 926 2169 498 922 2170 499 925 2171 498 927 2172 501 928 2173 500 928 2174 499 929 2175 502 930 2176 501 930 2177 502 931 2178 499 932 2179 503 933 2180 503 934 2181 504 935 2182 502 935 2183 504 936 2184 503 937 2185 505 938 2186 505 939 2187 506 940 2188 504 940 2189 506 941 2190 505 942 2191 507 943 2192 507 944 2193 508 945 2194 506 945 2195 509 946 2196 511 947 2197 506 948 2198 506 949 2199 510 950 2200 509 951 2201 512 952 2202 510 953 2203 506 954 2204 506 954 2205 513 955 2206 512 952 2207 514 956 2208 516 957 2209 506 958 2210 506 959 2211 515 960 2212 514 961 2213 517 962 2214 515 963 2215 506 964 2216 506 964 2217 518 965 2218 517 962 2219 506 966 2220 521 967 2221 519 968 2222 519 968 2223 520 969 2224 506 966 2225 506 970 2226 520 971 2227 522 972 2228 522 973 2229 523 974 2230 506 975 2231 524 976 2232 526 977 2233 506 978 2234 506 979 2235 525 980 2236 524 981 2237 527 982 2238 525 983 2239 506 984 2240 506 984 2241 528 985 2242 527 982 2243 529 986 2244 531 987 2245 506 988 2246 506 989 2247 530 990 2248 529 991 2249 532 992 2250 530 993 2251 506 994 2252 506 994 2253 533 995 2254 532 992 2255 534 996 2256 536 997 2257 506 998 2258 506 999 2259 535 1000 2260 534 1001 2261 537 1002 2262 535 1003 2263 506 1004 2264 506 1004 2265 538 1005 2266 537 1002 2267 539 1006 2268 541 1007 2269 506 1008 2270 506 1009 2271 540 1010 2272 539 1011 2273 542 1012 2274 540 1013 2275 506 1014 2276 506 1014 2277 543 1015 2278 542 1012 2279 544 1016 2280 546 1017 2281 506 1018 2282 506 1019 2283 545 1020 2284 544 1021 2285 547 1022 2286 545 1023 2287 506 1024 2288 506 1024 2289 548 1025 2290 547 1022 2291 549 1026 2292 506 1027 2293 550 1028 2294 550 1029 2295 506 1030 2296 551 1031 2297 552 1032 2298 506 1033 2299 553 1034 2300 553 1035 2301 506 1036 2302 554 1037 2303 555 1038 2304 506 1039 2305 556 1040 2306 556 1041 2307 506 1042 2308 557 1043 2309 558 1044 2310 506 1045 2311 559 1046 2312 559 1047 2313 506 1048 2314 560 1049 2315 561 1050 2316 506 1051 2317 562 1052 2318 562 1053 2319 506 1054 2320 563 1055 2321 563 1055 2322 564 1056 2323 562 1053 2324 565 1057 2325 562 1053 2326 564 1056 2327 564 1056 2328 566 1058 2329 565 1057 2330 567 1059 2331 565 1057 2332 566 1058 2333 566 1058 2334 568 1060 2335 567 1059 2336 569 1061 2337 567 1059 2338 568 1060 2339 568 1060 2340 570 1062 2341 569 1061 2342 571 1063 2343 569 1061 2344 570 1062 2345 570 1064 2346 572 1065 2347 571 1066 2348 571 1067 2349 574 1068 2350 573 1069 2351 573 1069 2352 569 1070 2353 571 1067 2354 569 1070 2355 573 1069 2356 575 1071 2357 575 1071 2358 567 1072 2359 569 1070 2360 567 1072 2361 575 1071 2362 576 1073 2363 576 1073 2364 565 1074 2365 567 1072 2366 565 1074 2367 576 1073 2368 577 1075 2369 577 1075 2370 562 1052 2371 565 1074 2372 562 1052 2373 577 1075 2374 561 1050 2375 560 1049 2376 578 1076 2377 559 1047 2378 579 1077 2379 559 1047 2380 578 1076 2381 578 1076 2382 580 1078 2383 579 1077 2384 581 1079 2385 579 1077 2386 580 1078 2387 580 1078 2388 582 1080 2389 581 1079 2390 583 1081 2391 581 1079 2392 582 1080 2393 582 1080 2394 584 1082 2395 583 1081 2396 585 1083 2397 583 1081 2398 584 1082 2399 584 1084 2400 586 1085 2401 585 1086 2402 585 1087 2403 588 1088 2404 587 1089 2405 587 1089 2406 583 1090 2407 585 1087 2408 583 1090 2409 587 1089 2410 589 1091 2411 589 1091 2412 581 1092 2413 583 1090 2414 581 1092 2415 589 1091 2416 590 1093 2417 590 1093 2418 579 1094 2419 581 1092 2420 579 1094 2421 590 1093 2422 591 1095 2423 591 1095 2424 559 1046 2425 579 1094 2426 559 1046 2427 591 1095 2428 558 1044 2429 557 1043 2430 592 1096 2431 556 1041 2432 593 1097 2433 556 1041 2434 592 1096 2435 592 1096 2436 594 1098 2437 593 1097 2438 595 1099 2439 593 1097 2440 594 1098 2441 594 1098 2442 596 1100 2443 595 1099 2444 597 1101 2445 595 1099 2446 596 1100 2447 596 1100 2448 598 1102 2449 597 1101 2450 599 1103 2451 597 1101 2452 598 1102 2453 598 1104 2454 600 1105 2455 599 1106 2456 599 1107 2457 602 1108 2458 601 1109 2459 601 1109 2460 597 1110 2461 599 1107 2462 597 1110 2463 601 1109 2464 603 1111 2465 603 1111 2466 595 1112 2467 597 1110 2468 595 1112 2469 603 1111 2470 604 1113 2471 604 1113 2472 593 1114 2473 595 1112 2474 593 1114 2475 604 1113 2476 605 1115 2477 605 1115 2478 556 1040 2479 593 1114 2480 556 1040 2481 605 1115 2482 555 1038 2483 554 1037 2484 606 1116 2485 553 1035 2486 607 1117 2487 553 1035 2488 606 1116 2489 606 1116 2490 608 1118 2491 607 1117 2492 609 1119 2493 607 1117 2494 608 1118 2495 608 1118 2496 610 1120 2497 609 1119 2498 611 1121 2499 609 1119 2500 610 1120 2501 610 1120 2502 612 1122 2503 611 1121 2504 613 1123 2505 611 1121 2506 612 1122 2507 612 1124 2508 614 1125 2509 613 1126 2510 613 1127 2511 616 1128 2512 615 1129 2513 615 1129 2514 611 1130 2515 613 1127 2516 611 1130 2517 615 1129 2518 617 1131 2519 617 1131 2520 609 1132 2521 611 1130 2522 609 1132 2523 617 1131 2524 618 1133 2525 618 1133 2526 607 1134 2527 609 1132 2528 607 1134 2529 618 1133 2530 619 1135 2531 619 1135 2532 553 1034 2533 607 1134 2534 553 1034 2535 619 1135 2536 552 1032 2537 551 1031 2538 620 1136 2539 550 1029 2540 621 1137 2541 550 1029 2542 620 1136 2543 620 1136 2544 622 1138 2545 621 1137 2546 623 1139 2547 621 1137 2548 622 1138 2549 622 1138 2550 624 1140 2551 623 1139 2552 625 1141 2553 623 1139 2554 624 1140 2555 624 1140 2556 626 1142 2557 625 1141 2558 627 1143 2559 625 1141 2560 626 1142 2561 626 1144 2562 628 1145 2563 627 1146 2564 627 1147 2565 630 1148 2566 629 1149 2567 629 1149 2568 625 1150 2569 627 1147 2570 625 1150 2571 629 1149 2572 631 1151 2573 631 1151 2574 623 1152 2575 625 1150 2576 623 1152 2577 631 1151 2578 632 1153 2579 632 1153 2580 621 1154 2581 623 1152 2582 621 1154 2583 632 1153 2584 633 1155 2585 633 1155 2586 550 1028 2587 621 1154 2588 550 1028 2589 633 1155 2590 549 1026 2591 545 1023 2592 547 1022 2593 634 1156 2594 634 1156 2595 635 1157 2596 545 1023 2597 635 1157 2598 634 1156 2599 636 1158 2600 636 1158 2601 637 1159 2602 635 1157 2603 638 1160 2604 637 1159 2605 636 1158 2606 636 1158 2607 639 1161 2608 638 1160 2609 640 1162 2610 638 1160 2611 639 1161 2612 639 1163 2613 641 1164 2614 640 1165 2615 640 1166 2616 643 1167 2617 642 1168 2618 642 1168 2619 638 1169 2620 640 1166 2621 638 1169 2622 642 1168 2623 644 1170 2624 644 1170 2625 645 1171 2626 635 1172 2627 635 1172 2628 637 1173 2629 644 1170 2630 644 1170 2631 637 1173 2632 638 1169 2633 645 1171 2634 544 1021 2635 545 1020 2636 545 1020 2637 635 1172 2638 645 1171 2639 540 1013 2640 542 1012 2641 646 1174 2642 646 1174 2643 647 1175 2644 540 1013 2645 647 1175 2646 646 1174 2647 648 1176 2648 648 1176 2649 649 1177 2650 647 1175 2651 650 1178 2652 649 1177 2653 648 1176 2654 648 1176 2655 651 1179 2656 650 1178 2657 652 1180 2658 650 1178 2659 651 1179 2660 651 1181 2661 653 1182 2662 652 1183 2663 652 1184 2664 655 1185 2665 654 1186 2666 654 1186 2667 650 1187 2668 652 1184 2669 650 1187 2670 654 1186 2671 656 1188 2672 656 1188 2673 657 1189 2674 647 1190 2675 647 1190 2676 649 1191 2677 656 1188 2678 656 1188 2679 649 1191 2680 650 1187 2681 657 1189 2682 539 1011 2683 540 1010 2684 540 1010 2685 647 1190 2686 657 1189 2687 535 1003 2688 537 1002 2689 658 1192 2690 658 1192 2691 659 1193 2692 535 1003 2693 660 1194 2694 659 1193 2695 658 1192 2696 658 1192 2697 661 1195 2698 660 1194 2699 662 1196 2700 660 1197 2701 661 1198 2702 661 1198 2703 663 1199 2704 662 1196 2705 664 1200 2706 662 1196 2707 663 1199 2708 663 1201 2709 665 1202 2710 664 1203 2711 662 1204 2712 664 1205 2713 666 1206 2714 666 1206 2715 667 1207 2716 662 1204 2717 662 1204 2718 667 1207 2719 668 1208 2720 668 1209 2721 660 1210 2722 662 1211 2723 660 1212 2724 668 1213 2725 669 1214 2726 669 1214 2727 534 1001 2728 535 1000 2729 535 1000 2730 659 1215 2731 669 1214 2732 669 1214 2733 659 1215 2734 660 1212 2735 530 993 2736 532 992 2737 670 1216 2738 670 1216 2739 671 1217 2740 530 993 2741 672 1218 2742 671 1217 2743 670 1216 2744 670 1216 2745 673 1219 2746 672 1218 2747 674 1220 2748 672 1221 2749 673 1222 2750 673 1222 2751 675 1223 2752 674 1220 2753 676 1224 2754 674 1220 2755 675 1223 2756 675 1225 2757 677 1226 2758 676 1227 2759 674 1228 2760 676 1229 2761 678 1230 2762 678 1230 2763 679 1231 2764 674 1228 2765 674 1228 2766 679 1231 2767 680 1232 2768 680 1233 2769 672 1234 2770 674 1235 2771 672 1236 2772 680 1237 2773 681 1238 2774 681 1238 2775 529 991 2776 530 990 2777 530 990 2778 671 1239 2779 681 1238 2780 681 1238 2781 671 1239 2782 672 1236 2783 525 983 2784 527 982 2785 682 1240 2786 682 1240 2787 683 1241 2788 525 983 2789 684 1242 2790 683 1241 2791 682 1240 2792 682 1240 2793 685 1243 2794 684 1242 2795 686 1244 2796 684 1245 2797 685 1246 2798 685 1246 2799 687 1247 2800 686 1244 2801 686 1244 2802 687 1247 2803 688 1248 2804 688 1248 2805 689 1249 2806 686 1244 2807 689 1250 2808 691 1251 2809 690 1252 2810 690 1252 2811 686 1253 2812 689 1250 2813 686 1253 2814 690 1252 2815 692 1254 2816 692 1255 2817 684 1256 2818 686 1257 2819 684 1258 2820 692 1259 2821 693 1260 2822 693 1261 2823 683 1262 2824 684 1263 2825 683 1264 2826 693 1265 2827 524 981 2828 524 981 2829 525 980 2830 683 1264 2831 694 1266 2832 522 972 2833 520 971 2834 520 971 2835 695 1267 2836 694 1266 2837 694 1266 2838 695 1267 2839 696 1268 2840 696 1268 2841 697 1269 2842 694 1266 2843 697 1270 2844 696 1271 2845 698 1272 2846 698 1273 2847 699 1274 2848 697 1275 2849 699 1276 2850 698 1277 2851 700 1278 2852 700 1279 2853 701 1280 2854 699 1281 2855 700 1282 2856 698 1283 2857 702 1284 2858 702 1285 2859 703 1286 2860 700 1287 2861 704 1288 2862 702 1289 2863 698 1290 2864 695 1291 2865 705 1292 2866 704 1288 2867 704 1288 2868 696 1293 2869 695 1291 2870 698 1290 2871 696 1293 2872 704 1288 2873 520 969 2874 519 968 2875 705 1292 2876 705 1292 2877 695 1291 2878 520 969 2879 515 963 2880 517 962 2881 706 1294 2882 706 1294 2883 707 1295 2884 515 963 2885 708 1296 2886 707 1295 2887 706 1294 2888 706 1294 2889 709 1297 2890 708 1296 2891 710 1298 2892 708 1299 2893 709 1300 2894 709 1300 2895 711 1301 2896 710 1298 2897 712 1302 2898 710 1303 2899 711 1304 2900 711 1305 2901 713 1306 2902 712 1307 2903 710 1308 2904 712 1309 2905 714 1310 2906 714 1310 2907 715 1311 2908 710 1308 2909 710 1308 2910 715 1311 2911 716 1312 2912 716 1313 2913 708 1314 2914 710 1315 2915 708 1316 2916 716 1317 2917 717 1318 2918 717 1318 2919 514 961 2920 515 960 2921 515 960 2922 707 1319 2923 717 1318 2924 717 1318 2925 707 1319 2926 708 1316 2927 510 953 2928 512 952 2929 718 1320 2930 718 1320 2931 719 1321 2932 510 953 2933 720 1322 2934 719 1321 2935 718 1320 2936 718 1320 2937 721 1323 2938 720 1322 2939 722 1324 2940 720 1325 2941 721 1326 2942 721 1326 2943 723 1327 2944 722 1324 2945 724 1328 2946 722 1329 2947 723 1330 2948 723 1331 2949 725 1332 2950 724 1333 2951 724 1334 2952 727 1335 2953 726 1336 2954 726 1337 2955 722 1338 2956 724 1339 2957 722 1340 2958 726 1341 2959 728 1342 2960 728 1342 2961 729 1343 2962 719 1344 2963 719 1344 2964 720 1345 2965 728 1342 2966 728 1342 2967 720 1345 2968 722 1340 2969 729 1343 2970 509 951 2971 510 950 2972 510 950 2973 719 1344 2974 729 1343 2975 508 1346 2976 507 1347 2977 730 1348 2978 730 1349 2979 731 1350 2980 508 1350 2981 731 1351 2982 730 1352 2983 732 1353 2984 732 1354 2985 733 1355 2986 731 1355 2987 733 1356 2988 732 1357 2989 734 1358 2990 734 1359 2991 735 1360 2992 733 1361 2993 735 1362 2994 734 1363 2995 736 1364 2996 736 1365 2997 737 1366 2998 735 1366 2999 737 1367 3000 736 1368 3001 497 1369 3002 497 1370 3003 500 1371 3004 737 1372 3005 736 1368 3006 738 1373 3007 494 1374 3008 738 1375 3009 736 1364 3010 734 1363 3011 494 1374 3012 497 1369 3013 736 1368 3014 738 1373 3015 739 1376 3016 491 1377 3017 739 1378 3018 738 1375 3019 740 1379 3020 734 1363 3021 740 1379 3022 738 1375 3023 491 1377 3024 494 1374 3025 738 1373 3026 740 1379 3027 741 1380 3028 739 1378 3029 741 1381 3030 740 1382 3031 742 1383 3032 732 1357 3033 742 1383 3034 740 1382 3035 740 1382 3036 734 1358 3037 732 1357 3038 742 1383 3039 743 1384 3040 741 1381 3041 743 1385 3042 742 1386 3043 744 1387 3044 730 1352 3045 744 1387 3046 742 1386 3047 742 1386 3048 732 1353 3049 730 1352 3050 744 1387 3051 745 1388 3052 743 1385 3053 745 1389 3054 744 1390 3055 746 1391 3056 507 1347 3057 746 1391 3058 744 1390 3059 744 1390 3060 730 1348 3061 507 1347 3062 746 1391 3063 747 1392 3064 745 1389 3065 747 1393 3066 746 1394 3067 748 1395 3068 505 942 3069 748 1395 3070 746 1394 3071 746 1394 3072 507 943 3073 505 942 3074 748 1395 3075 749 1396 3076 747 1393 3077 749 1397 3078 748 1398 3079 750 1399 3080 503 937 3081 750 1399 3082 748 1398 3083 748 1398 3084 505 938 3085 503 937 3086 750 1399 3087 751 1400 3088 749 1397 3089 751 1401 3090 750 1402 3091 496 1403 3092 499 932 3093 496 1403 3094 750 1402 3095 750 1402 3096 503 933 3097 499 932 3098 751 1404 3099 752 1405 3100 753 1406 3101 752 1407 3102 751 1401 3103 493 1408 3104 496 1403 3105 493 1408 3106 751 1401 3107 753 1409 3108 749 1397 3109 751 1400 3110 753 1410 3111 754 1411 3112 755 1412 3113 754 1413 3114 753 1406 3115 752 1405 3116 755 1412 3117 756 1414 3118 753 1410 3119 749 1415 3120 753 1410 3121 756 1414 3122 756 1416 3123 755 1417 3124 757 1418 3125 757 1418 3126 758 1419 3127 756 1416 3128 747 1420 3129 756 1416 3130 758 1419 3131 756 1421 3132 747 1393 3133 749 1396 3134 758 1422 3135 757 1423 3136 759 1424 3137 759 1424 3138 760 1425 3139 758 1422 3140 745 1426 3141 758 1422 3142 760 1425 3143 758 1427 3144 745 1389 3145 747 1392 3146 760 1428 3147 759 1429 3148 761 1430 3149 761 1430 3150 762 1431 3151 760 1428 3152 743 1432 3153 760 1428 3154 762 1431 3155 760 1433 3156 743 1385 3157 745 1388 3158 762 1434 3159 761 1435 3160 763 1436 3161 763 1436 3162 764 1437 3163 762 1434 3164 741 1438 3165 762 1434 3166 764 1437 3167 762 1439 3168 741 1381 3169 743 1384 3170 764 1440 3171 763 1441 3172 485 1442 3173 485 1442 3174 488 1443 3175 764 1440 3176 739 1444 3177 764 1440 3178 488 1443 3179 764 1445 3180 739 1378 3181 741 1380 3182 763 1446 3183 765 1447 3184 482 1448 3185 765 1449 3186 763 1436 3187 761 1435 3188 482 1450 3189 485 1442 3190 763 1441 3191 765 1447 3192 766 1451 3193 479 1452 3194 766 1453 3195 765 1454 3196 767 1455 3197 761 1456 3198 767 1455 3199 765 1454 3200 479 1452 3201 482 1448 3202 765 1447 3203 767 1455 3204 768 1457 3205 766 1453 3206 768 1458 3207 767 1459 3208 769 1460 3209 759 1461 3210 769 1460 3211 767 1459 3212 767 1462 3213 761 1430 3214 759 1429 3215 769 1460 3216 770 1463 3217 768 1458 3218 770 1464 3219 769 1465 3220 771 1466 3221 757 1467 3222 771 1466 3223 769 1465 3224 769 1468 3225 759 1424 3226 757 1423 3227 771 1466 3228 772 1469 3229 770 1464 3230 772 1470 3231 771 1471 3232 773 1472 3233 755 1473 3234 773 1472 3235 771 1471 3236 771 1474 3237 757 1418 3238 755 1417 3239 773 1472 3240 774 1475 3241 772 1470 3242 774 1476 3243 773 1477 3244 775 1478 3245 754 1479 3246 775 1478 3247 773 1477 3248 773 1480 3249 755 1412 3250 754 1411 3251 775 1478 3252 776 1481 3253 774 1476 3254 776 1482 3255 775 1483 3256 777 1484 3257 778 1485 3258 777 1484 3259 775 1483 3260 775 1486 3261 754 1413 3262 778 1487 3263 777 1488 3264 778 1489 3265 487 1490 3266 490 1491 3267 487 1490 3268 778 1489 3269 752 1405 3270 778 1487 3271 754 1413 3272 778 1489 3273 752 1492 3274 490 1491 3275 777 1484 3276 779 1493 3277 776 1482 3278 779 1494 3279 777 1495 3280 484 1496 3281 487 1497 3282 484 1496 3283 777 1495 3284 779 1493 3285 780 1498 3286 781 1499 3287 780 1500 3288 779 1494 3289 481 1501 3290 484 1496 3291 481 1501 3292 779 1494 3293 781 1499 3294 776 1482 3295 779 1493 3296 781 1502 3297 782 1503 3298 783 1504 3299 782 1505 3300 781 1499 3301 780 1498 3302 783 1504 3303 784 1506 3304 781 1502 3305 776 1481 3306 781 1502 3307 784 1506 3308 784 1507 3309 783 1508 3310 785 1509 3311 785 1509 3312 786 1510 3313 784 1507 3314 774 1475 3315 784 1507 3316 786 1510 3317 784 1506 3318 774 1476 3319 776 1481 3320 786 1511 3321 785 1512 3322 787 1513 3323 787 1513 3324 788 1514 3325 786 1511 3326 772 1469 3327 786 1511 3328 788 1514 3329 786 1510 3330 772 1470 3331 774 1475 3332 788 1515 3333 787 1516 3334 789 1517 3335 789 1517 3336 790 1518 3337 788 1515 3338 770 1463 3339 788 1515 3340 790 1518 3341 788 1514 3342 770 1464 3343 772 1469 3344 790 1519 3345 789 1520 3346 791 1521 3347 791 1521 3348 792 1522 3349 790 1519 3350 768 1457 3351 790 1519 3352 792 1522 3353 790 1518 3354 768 1458 3355 770 1463 3356 792 1523 3357 791 1524 3358 473 1525 3359 473 1525 3360 476 1526 3361 792 1523 3362 766 1451 3363 792 1523 3364 476 1526 3365 792 1522 3366 766 1453 3367 768 1457 3368 791 1524 3369 793 1527 3370 470 1528 3371 793 1529 3372 791 1521 3373 789 1520 3374 470 1528 3375 473 1525 3376 791 1524 3377 793 1527 3378 794 1530 3379 469 1531 3380 794 1532 3381 793 1529 3382 795 1533 3383 789 1520 3384 795 1533 3385 793 1529 3386 469 1531 3387 470 1528 3388 793 1527 3389 795 1533 3390 796 1534 3391 794 1532 3392 796 1535 3393 795 1536 3394 797 1537 3395 787 1516 3396 797 1537 3397 795 1536 3398 795 1536 3399 789 1517 3400 787 1516 3401 797 1537 3402 798 1538 3403 796 1535 3404 798 1539 3405 797 1540 3406 799 1541 3407 785 1512 3408 799 1541 3409 797 1540 3410 797 1540 3411 787 1513 3412 785 1512 3413 799 1541 3414 800 1542 3415 798 1539 3416 800 1543 3417 799 1544 3418 801 1545 3419 783 1508 3420 801 1545 3421 799 1544 3422 799 1544 3423 785 1509 3424 783 1508 3425 801 1545 3426 802 1546 3427 800 1543 3428 802 1547 3429 801 1548 3430 803 1549 3431 782 1503 3432 803 1549 3433 801 1548 3434 801 1548 3435 783 1504 3436 782 1503 3437 803 1549 3438 804 1550 3439 802 1547 3440 804 1551 3441 803 1552 3442 805 1553 3443 806 1554 3444 805 1553 3445 803 1552 3446 803 1552 3447 782 1505 3448 806 1554 3449 805 1555 3450 806 1556 3451 475 1557 3452 478 1558 3453 475 1557 3454 806 1556 3455 780 1498 3456 806 1554 3457 782 1505 3458 806 1556 3459 780 1500 3460 478 1558 3461 805 1553 3462 807 1559 3463 804 1551 3464 807 1560 3465 805 1555 3466 472 1561 3467 475 1557 3468 472 1561 3469 805 1555 3470 807 1559 3471 467 1562 3472 808 1563 3473 467 874 3474 807 1560 3475 466 872 3476 472 1561 3477 466 872 3478 807 1560 3479 808 1563 3480 804 1551 3481 807 1559 3482 804 1550 3483 808 1564 3484 809 1565 3485 808 1563 3486 467 1562 3487 810 1566 3488 809 1565 3489 808 1564 3490 811 1567 3491 810 1566 3492 811 1568 3493 808 1563 3494 811 1567 3495 444 827 3496 446 830 3497 444 826 3498 811 1568 3499 810 1566 3500 446 830 3501 812 1569 3502 811 1567 3503 811 1567 3504 812 1569 3505 809 1565 3506 812 1570 3507 446 831 3508 448 834 3509 448 834 3510 813 1571 3511 812 1570 3512 812 1570 3513 813 1571 3514 814 1572 3515 814 1572 3516 809 1573 3517 812 1570 3518 802 1546 3519 809 1573 3520 814 1572 3521 814 1572 3522 800 1543 3523 802 1546 3524 800 1542 3525 814 1574 3526 815 1575 3527 815 1575 3528 814 1574 3529 813 1576 3530 815 1575 3531 798 1539 3532 800 1542 3533 798 1538 3534 815 1577 3535 816 1578 3536 816 1578 3537 815 1577 3538 817 1579 3539 813 1576 3540 817 1580 3541 815 1575 3542 817 1579 3543 450 839 3544 452 842 3545 450 838 3546 817 1580 3547 813 1576 3548 452 842 3549 818 1581 3550 817 1579 3551 817 1579 3552 818 1581 3553 816 1578 3554 818 1582 3555 452 843 3556 454 846 3557 454 846 3558 819 1583 3559 818 1582 3560 818 1582 3561 819 1583 3562 820 1584 3563 820 1584 3564 816 1585 3565 818 1582 3566 796 1534 3567 816 1585 3568 820 1584 3569 820 1584 3570 794 1532 3571 796 1534 3572 794 1530 3573 820 1586 3574 821 1587 3575 821 1587 3576 820 1586 3577 819 1588 3578 821 1587 3579 469 1531 3580 794 1530 3581 469 876 3582 821 1589 3583 464 867 3584 464 867 3585 821 1589 3586 463 866 3587 819 1588 3588 463 1590 3589 821 1587 3590 819 1588 3591 454 847 3592 456 850 3593 456 850 3594 463 1590 3595 819 1588 3596 816 1578 3597 796 1535 3598 798 1538 3599 813 1576 3600 448 835 3601 450 838 3602 810 1566 3603 443 825 3604 444 826 3605 443 861 3606 810 1591 3607 461 862 3608 461 862 3609 810 1591 3610 467 874 3611 809 1565 3612 802 1547 3613 804 1550 3614 481 1501 3615 478 1558 3616 780 1500 3617 476 1526 3618 479 1452 3619 766 1451 3620 493 1592 3621 490 1491 3622 752 1492 3623 488 1593 3624 491 1377 3625 739 1376 3626 463 866 3627 456 851 3628 458 854 3629 823 1594 3630 825 1595 3631 824 1596 3632 824 1596 3633 822 1597 3634 823 1594 3635 827 1594 3636 829 1595 3637 828 1596 3638 828 1596 3639 826 1597 3640 827 1594 3641 831 1598 3642 833 1599 3643 832 1600 3644 832 1600 3645 830 1601 3646 831 1598 3647 835 1602 3648 837 1603 3649 836 1604 3650 836 1604 3651 834 1605 3652 835 1602 3653 839 1606 3654 841 1607 3655 840 1608 3656 840 1608 3657 838 1609 3658 839 1606 3659</p>
        </triangles>
      </mesh>
    </geometry>
  </library_geometries>
  <library_visual_scenes>
    <visual_scene id="Scene" name="Scene">
      <node id="prop_projectile" name="prop_projectile" type="NODE">
        <matrix sid="transform">1 0 0 -0.6828847 0 1 0 -12.27106 0 0 1 15.8073 0 0 0 1</matrix>
      </node>
      <node id="prop_garrisoned" name="prop_garrisoned" type="NODE">
        <matrix sid="transform">1 0 0 -0.6828847 0 1 0 -12.27106 0 0 1 0.1 0 0 0 1</matrix>
      </node>
      <node id="cc_palm" name="cc_palm" type="NODE">
        <matrix sid="transform">1 0 0 0 0 1 0 0 0 0 1 0 0 0 0 1</matrix>
        <instance_geometry url="#palm_straightMesh_007-mesh" name="cc_palm">
          <bind_material>
            <technique_common>
              <instance_material symbol="A_A_A-Textura_garamante-material" target="#A_A_A-Textura_garamante-material">
                <bind_vertex_input semantic="palm_straightMesh_007-mesh-map-0" input_semantic="TEXCOORD" input_set="0"/>
                <bind_vertex_input semantic="UVMap_2" input_semantic="TEXCOORD" input_set="1"/>
              </instance_material>
            </technique_common>
          </bind_material>
        </instance_geometry>
      </node>
    </visual_scene>
  </library_visual_scenes>
  <scene>
    <instance_visual_scene url="#Scene"/>
  </scene>
</COLLADA>