<?xml version="1.0" encoding="utf-8"?>
<COLLADA xmlns="http://www.collada.org/2005/11/COLLADASchema" version="1.4.1" xmlns:xsi="http://www.w3.org/2001/XMLSchema-instance">
  <asset>
    <contributor>
      <author>Blender User</author>
      <authoring_tool>Blender 4.3.1 commit date:2024-12-10, commit time:07:46, hash:33d812126174</authoring_tool>
    </contributor>
    <created>2026-08-29T11:34:36</created>
    <modified>2026-08-29T11:34:36</modified>
    <unit name="meter" meter="1"/>
    <up_axis>Z_UP</up_axis>
  </asset>
  <library_effects>
    <effect id="A_A_A-Textura_garamante-effect">
      <profile_COMMON>
        <newparam sid="gara_struct_png-surface">
          <surface type="2D">
            <init_from>gara_struct_png</init_from>
          </surface>
        </newparam>
        <newparam sid="gara_struct_png-sampler">
          <sampler2D>
            <source>gara_struct_png-surface</source>
          </sampler2D>
        </newparam>
        <technique sid="common">
          <lambert>
            <emission>
              <color sid="emission">0 0 0 1</color>
            </emission>
            <diffuse>
              <texture texture="gara_struct_png-sampler" texcoord="MapaUV"/>
            </diffuse>
            <index_of_refraction>
              <float sid="ior">1.45</float>
            </index_of_refraction>
          </lambert>
        </technique>
      </profile_COMMON>
    </effect>
  </library_effects>
  <library_images>
    <image id="gara_struct_png" name="gara_struct_png">
      <init_from>gara_struct.png</init_from>
    </image>
  </library_images>
  <library_materials>
    <material id="A_A_A-Textura_garamante-material" name="A A A-Textura garamante">
      <instance_effect url="#A_A_A-Textura_garamante-effect"/>
    </material>
  </library_materials>
  <library_geometries>
    <geometry id="Esfera_110-mesh" name="Esfera.110">
      <mesh>
        <source id="Esfera_110-mesh-positions">
          <float_array id="Esfera_110-mesh-positions-array" count="5154">0.3405104 -0.1757097 0.3775451 0.3405104 -0.1756868 4.402105 0.5893107 -0.175601 4.402105 0.5893107 -0.175601 8.06808e-4 0.3405047 1.230626 2.201456 0.3405218 -1.582151 2.201456 0.5893049 1.230812 2.201456 0.589325 -1.581971 2.201456 0.3405075 0.8944502 1.029327 0.3405104 0.3129101 0.3775451 0.3405075 0.8291674 0.6764045 0.3405075 0.6374273 0.4820591 0.5893078 0.4199753 8.06808e-4 0.5893049 1.230812 0.8171724 0.5893078 0.8254652 0.180195 0.5893049 1.080088 0.4494132 0.3405104 0.3129101 4.025367 0.3405075 0.8944502 3.373585 0.3405075 0.6374273 3.920853 0.3405075 0.8291674 3.726507 0.3405161 -0.6643295 0.3775451 0.340519 -1.24599 1.02934 0.340519 -0.988904 0.482062 0.340519 -1.180704 0.6764161 0.340519 -1.24599 3.373573 0.3405161 -0.6643295 4.025367 0.340519 -1.180704 3.726496 0.340519 -0.988904 3.92085 0.5893192 -0.7711744 4.402105 0.589325 -1.581971 3.58574 0.5893221 -1.176633 4.222717 0.589325 -1.431264 3.953499 0.5893049 1.230812 3.58574 0.5893078 0.4199753 4.402105 0.5893049 1.080088 3.953499 0.5893078 0.8254652 4.222717 0.589325 -1.581971 0.8171724 0.5893192 -0.7711744 8.06808e-4 0.589325 -1.431264 0.4494132 0.5893221 -1.176633 0.180195 0.3405075 0.4198837 8.06808e-4 0.3405075 0.825325 0.180195 0.3405047 1.079919 0.4494132 0.3405047 1.230626 0.8171724 0.3405161 -0.7712631 4.402105 0.340519 -1.17677 4.222717 0.3405218 -1.431433 3.953499 0.3405218 -1.582151 3.58574 0.3405075 0.825325 4.222717 0.3405075 0.4198837 4.402105 0.3405047 1.079919 3.953499 0.3405047 1.230626 3.58574 0.340519 -1.17677 0.180195 0.3405161 -0.7712631 8.06808e-4 0.3405218 -1.431433 0.4494132 0.3405218 -1.582151 0.8171724 0.3405104 -0.1756868 8.06808e-4 0.3405075 0.8944502 2.201456 0.3405104 -0.1757097 4.025367 0.340519 -1.24599 2.201456 0.5182171 -0.1757383 2.201456 0.5182171 -0.1757068 4.025367 0.5182171 -0.1757068 0.3775451 0.5182085 0.8944502 2.201456 0.5182228 -1.24599 2.201456 0.5182114 0.312913 0.3775451 0.5182085 0.6374273 0.4820591 0.5182085 0.8291702 0.6764045 0.5182085 0.8944502 1.029327 0.51822 -0.6643267 4.025367 0.5182228 -0.9889011 3.92085 0.5182228 -1.180701 3.726496 0.5182228 -1.24599 3.373573 0.5182085 0.6374273 3.920853 0.5182114 0.312913 4.025367 0.5182085 0.8291702 3.726507 0.5182085 0.8944502 3.373585 0.5182228 -0.9889011 0.482062 0.51822 -0.6643267 0.3775451 0.5182228 -1.180701 0.6764161 0.5182228 -1.24599 1.02934 0.3901177 6.510544 2.596098 0.3274756 6.416416 2.665511 0.4583473 6.597728 2.674955 0.8504334 6.559922 2.615089 0.8267641 6.472358 2.671158 1.077235 6.327055 2.662745 0.8397932 6.656156 2.681941 1.207875 6.508049 2.67215 1.139852 6.421154 2.593328 1.36762 6.159356 2.565965 1.296218 6.109277 2.640273 1.372519 5.776683 2.603427 1.456601 6.140739 2.633068 1.562654 5.658611 2.579613 1.452713 5.782734 2.524231 -0.002921104 6.773995 2.518873 -0.04953002 6.686148 2.749636 0.08329868 6.871728 2.743566 0.4841166 6.424444 2.484135 0.4375477 6.336654 2.714907 0.5698929 6.521573 2.708726 -0.8922186 -1.584472 0.008480072 -0.6556492 -1.525844 -0.05266875 -0.698719 -1.749845 -0.0433225 0.2385978 -1.620984 4.348461 0.4321146 -1.785607 4.296659 0.4751616 -1.562427 4.287312 0.2750158 -1.058307 4.459558 0.4718628 -1.06463 4.615611 0.5261936 -1.066403 4.393883 0.192192 -1.671415 4.217621 0.3890534 -1.677741 4.373641 0.4323263 -2.294905 4.615545 0.4432297 -1.679509 4.15229 0.4863396 -2.296669 4.394573 0.2354478 -2.288581 4.459561 0.2351045 -1.620721 4.335024 0.4716683 -1.56209 4.273875 0.4285927 -1.786091 4.283222 0.3861151 -1.625722 4.914615 0.5185433 -1.563821 4.453798 0.4754963 -1.787001 4.463145 0.2964592 -1.173623 4.515134 0.5330258 -1.114995 4.453985 0.4899502 -1.338996 4.463332 0.4474726 -1.17863 5.094725 0.5799008 -1.116723 4.633908 0.5368509 -1.339903 4.643254 0.2667761 -2.096566 4.515134 0.5033455 -2.037938 4.453985 0.4602699 -2.261938 4.463332 0.4177866 -2.10157 5.094725 0.5502205 -2.039666 4.633907 0.5071735 -2.262847 4.643253 -0.6673336 -2.137496 0.0271064 -0.4307642 -2.078865 -0.03404259 -0.4738398 -2.302866 -0.02469635 0.3333693 -2.169824 3.867729 0.5699358 -2.111266 3.80658 0.5268889 -2.334446 3.815927 -0.1853055 -2.165246 3.495786 0.538868 -2.00068 3.308475 0.5301991 -2.45135 3.306958 -0.1159658 -2.167768 3.761633 0.6082506 -2.003347 3.574311 0.5991869 -2.452393 3.572908 3.798466 1.981882 0.05419975 3.798466 3.655337 0.05419975 3.798466 1.981882 1.04358 5.471921 1.981885 0.05419975 3.798466 3.655337 1.04358 5.471921 3.655337 1.04358 4.037072 3.416731 1.04358 4.037072 2.220489 1.04358 5.233312 2.220491 1.04358 4.037072 2.220489 0.9399045 5.233312 2.220491 0.9399045 5.233312 3.416728 0.9399045 4.037072 3.416731 0.9399045 5.233312 3.416728 1.04358 5.471921 1.981885 1.04358 5.471921 3.655337 0.05419975 -4.241066 1.339325 2.596098 -4.207901 1.447414 2.665511 -4.281578 1.236291 2.674955 -4.668145 1.160611 2.615089 -4.670454 1.251291 2.671158 -4.951979 1.31906 2.662745 -4.63048 1.071424 2.681941 -5.025524 1.108309 2.67215 -4.985135 1.211002 2.593328 -5.278147 1.3969 2.565965 -5.224008 1.465279 2.640273 -5.39207 1.762256 2.603427 -5.368744 1.389344 2.633068 -5.607997 1.821147 2.579613 -5.4672 1.733568 2.524231 -3.789187 1.199018 2.518873 -3.769589 1.296513 2.749636 -3.843924 1.080743 2.743566 -4.35573 1.395015 2.484135 -4.336161 1.492444 2.714907 -4.410221 1.277441 2.708726 -3.880526 4.223691 1.556579 -3.944172 4.22481 1.545807 -3.881387 4.223539 2.082048 -3.94503 4.224655 2.071277 -3.866014 5.086804 1.552908 -3.930522 5.087763 2.067606 -3.929661 5.087917 1.542136 -3.866878 5.086647 2.078377 -4.522038 3.843495 0.9512664 -4.522777 3.779843 0.9404944 -4.521878 3.842637 1.476735 -4.522616 3.778985 1.465964 -5.385215 3.852882 0.947595 -5.385798 3.788372 1.462293 -5.385956 3.78923 0.9368235 -5.38506 3.852024 1.473065 3.994251 -0.8558807 4.858107 4.062964 -1.140049 4.858108 4.21665 -0.6705151 5.461294 3.725544 -0.7543516 4.858108 3.749202 -0.4938984 5.461294 4.336184 -1.164863 5.461294 4.12954 -1.629584 5.461294 3.944178 -1.407183 4.858107 3.170477 -1.542472 5.461294 3.637922 -1.719089 5.461294 3.05094 -1.048124 5.461294 3.257584 -0.5834084 5.461294 3.324162 -1.072944 4.858108 3.442949 -0.8058043 4.858107 3.392873 -1.357109 4.858107 3.66158 -1.458632 4.858108 4.158794 -0.7187376 5.322228 4.265107 -1.158405 5.322228 3.743051 -0.5616531 5.322228 4.081321 -1.571729 5.322228 3.12202 -1.054582 5.322228 3.305806 -0.6412611 5.322228 3.228332 -1.494249 5.322228 3.644076 -1.651334 5.322228 3.994251 0.3295841 4.858107 4.062962 0.04541587 4.858108 4.21665 0.5149469 5.461294 3.725544 0.4311104 4.858108 3.749202 0.6915636 5.461294 4.336181 0.02059936 5.461294 4.129538 -0.4441195 5.461294 3.944178 -0.2217206 4.858107 3.170474 -0.3570099 5.461294 3.637919 -0.5336266 5.461294 3.05094 0.1373376 5.461294 3.257584 0.6020565 5.461294 3.324162 0.1125211 4.858108 3.442949 0.3796578 4.858107 3.39287 -0.171647 4.858107 3.66158 -0.2731705 4.858108 4.158792 0.4667244 5.322228 4.265107 0.02705669 5.322228 3.743051 0.6238089 5.322228 4.081318 -0.3862667 5.322228 3.122017 0.1308803 5.322228 3.305806 0.5442009 5.322228 3.228332 -0.3087874 5.322228 3.644073 -0.4658718 5.322228 3.994251 -2.66846 4.858107 4.062962 -2.952629 4.858108 4.21665 -2.483098 5.461294 3.725547 -2.566934 4.858108 3.749202 -2.306479 5.461294 4.336184 -2.977445 5.461294 4.12954 -3.442162 5.461294 3.944178 -3.219764 4.858107 3.170477 -3.355054 5.461294 3.637922 -3.531672 5.461294 3.05094 -2.860707 5.461294 3.257584 -2.395988 5.461294 3.324162 -2.885523 4.858108 3.442949 -2.618387 4.858107 3.392876 -3.169689 4.858107 3.66158 -3.271215 4.858108 4.158792 -2.531317 5.322228 4.265107 -2.970989 5.322228 3.743051 -2.374237 5.322228 4.081321 -3.384307 5.322228 3.12202 -2.867164 5.322228 3.305806 -2.453844 5.322228 3.228332 -3.30683 5.322228 3.644076 -3.463915 5.322228 0.8312674 2.928105 2.195601 1.032311 3.147005 2.195601 0.9540539 3.001053 2.195601 1.039284 5.933307 2.195601 0.8394642 6.153062 2.195601 0.9618073 6.079559 2.195601 -3.187952 6.162632 2.195601 -3.388985 5.943729 2.195601 -3.31103 6.089667 2.195601 -3.395957 3.157428 2.195601 -3.196146 2.937675 2.195601 -3.318784 3.011192 2.195601 1.695479 2.944593 2.195601 1.407915 2.429452 2.195601 0.9609318 2.216329 2.195601 1.418535 6.648903 2.195601 1.703476 6.132351 2.195601 0.972642 6.864192 2.195601 -3.775512 2.441852 2.195601 -4.060149 2.958378 2.195601 -3.329329 2.226542 2.195601 -3.764892 6.661271 2.195601 -3.317614 6.874409 2.195601 -4.05215 6.146144 2.195601 1.032311 3.147005 1.565893 0.9540539 3.001053 1.565893 0.8312674 2.928105 1.565893 0.9618073 6.079559 1.565893 1.039284 5.933307 1.565893 0.8394642 6.153062 1.565893 -3.318784 3.011192 1.565893 -3.395957 3.157428 1.565893 -3.196146 2.937675 1.565893 -3.31103 6.089667 1.565893 -3.187952 6.162632 1.565893 -3.388985 5.943729 1.565893 1.354219 3.048755 2.464451 1.174364 2.723591 2.464451 0.894207 2.582602 2.464451 1.183508 6.355926 2.464451 1.36169 6.029926 2.464451 0.9041061 6.498253 2.464451 -3.540482 2.734826 2.464451 -3.718366 3.060808 2.464451 -3.260791 2.592482 2.464451 -3.531341 6.367129 2.464451 -3.250892 6.508138 2.464451 -3.710896 6.041983 2.464451 1.695482 2.944794 -1.664106 1.407967 2.429443 -1.664106 0.9609318 2.216329 -1.664106 1.703476 6.132151 -1.664106 1.418592 6.648914 -1.664106 0.972642 6.864198 -1.664106 -4.060149 2.958581 -1.664106 -3.775512 2.44184 -1.664106 -3.329324 2.22654 -1.664106 -3.317614 6.874412 -1.664106 -3.764892 6.661283 -1.664106 -4.052155 6.145946 -1.664106 -4.054745 5.111306 2.195601 -3.391245 5.039223 2.195601 -3.391245 5.039223 1.565893 -3.712712 5.311166 2.464451 -4.05475 5.11124 -1.664106 -3.716017 4.002977 2.464451 -4.056985 4.219256 -1.664106 -4.056985 4.219211 2.195601 -3.393199 4.259471 2.195601 -3.393199 4.259471 1.565893 -4.038219 5.127605 1.565893 -4.040614 4.174393 1.565893 -4.038219 5.127605 0.6583496 -4.040614 4.174393 0.6583496 5.139121 -4.359303 0.01993435 4.404571 -5.088707 0.01993435 4.851846 -4.875637 0.01993435 1.315018 -5.078842 0.01993435 0.5841894 -4.345825 0.01993435 0.8688269 -4.863582 0.01993435 4.274903 -4.376943 5.526228 4.475944 -4.158041 5.526228 4.397684 -4.303993 5.526228 4.422558 1.285735 0.01993435 5.15338 0.5527125 0.01993435 4.868743 1.070472 0.01993435 4.489194 0.3548155 5.526228 4.289369 0.5745707 5.526228 4.411715 0.501071 5.526228 1.462664 2.568569 5.526228 1.261625 2.349667 5.526228 1.339585 2.495604 5.526228 1.248376 -4.147943 5.526228 1.448193 -4.367693 5.526228 1.325549 -4.294178 5.526228 0.5984545 2.550942 0.01993435 1.333005 3.280352 0.01993435 0.8857269 3.067277 0.01993435 5.139115 -4.360452 5.526228 4.851548 -4.875595 5.526228 4.404565 -5.088718 5.526228 4.868445 1.070415 5.526228 5.153383 0.5538597 5.526228 4.422549 1.285704 5.526228 0.8688212 -4.863516 5.526228 0.5841894 -4.346985 5.526228 1.315012 -5.078826 5.526228 0.8857184 3.067208 5.526228 1.332996 3.280346 5.526228 0.5984573 2.552078 5.526228 4.475944 -4.158041 4.87614 4.397684 -4.303993 4.87614 4.274903 -4.376943 4.87614 4.411715 0.501071 4.87614 4.489194 0.3548155 4.87614 4.289369 0.5745707 4.87614 1.325549 -4.294178 4.87614 1.248376 -4.147943 4.87614 1.448193 -4.367693 4.87614 1.339585 2.495604 4.87614 1.462664 2.568569 4.87614 1.261625 2.349667 4.87614 4.797855 -4.256294 5.795079 4.617997 -4.581455 5.795079 4.33784 -4.722449 5.795079 4.633418 0.7774344 5.795079 4.811597 0.4514351 5.795079 4.354016 0.9197645 5.795079 1.103851 -4.570541 5.795079 0.9259729 -4.244561 5.795079 1.383542 -4.712887 5.795079 1.119269 2.773066 5.795079 1.399718 2.914075 5.795079 0.9397202 2.44792 5.795079 5.139115 -4.360255 4.855844 4.8516 -4.875605 4.855844 4.404565 -5.088717 4.855844 5.153383 0.5536594 4.855844 4.868497 1.070423 4.855844 4.422549 1.285706 4.855844 0.5841894 -4.346785 4.855844 0.8688212 -4.863527 4.855844 1.315012 -5.078828 4.855844 1.332999 3.280349 4.855844 0.8857212 3.067223 4.855844 0.5984573 2.551881 4.855844 -3.616001 6.218144 1.580034 -5.76909 6.220877 1.580034 -5.988659 6.020843 1.580034 -5.915271 6.14326 1.580034 -5.988267 4.406839 1.580034 -5.769173 4.206013 1.580034 -5.915182 4.283827 1.580034 -3.723656 4.203555 1.580034 -3.218156 6.881003 1.580034 -6.485044 6.59945 1.580034 -5.96876 6.884874 1.580034 -6.699915 6.153354 1.580034 -3.722385 3.540061 1.580034 -6.486357 3.829425 1.580034 -6.699915 4.276505 1.580034 -5.970961 3.54265 1.580034 -3.616001 6.218144 0.9503251 -3.716618 6.140656 0.9503251 -3.715854 6.018122 0.9503251 -5.915271 6.14326 0.9503251 -5.76909 6.220877 0.9503251 -5.988659 6.020843 0.9503251 -3.721304 4.281235 0.9503251 -3.723656 4.203555 0.9503251 -3.719911 4.40413 0.9503251 -5.915182 4.283827 0.9503251 -5.988267 4.406839 0.9503251 -5.769173 4.206013 0.9503251 -3.365856 6.539761 1.848883 -6.191846 6.3647 1.848883 -5.866015 6.543188 1.848883 -6.33391 6.085167 1.848883 -3.723038 3.881487 1.848883 -6.192438 4.063259 1.848883 -6.33371 4.343574 1.848883 -5.867123 3.884007 1.848883 -3.218156 6.881003 -1.664105 -5.968563 6.884877 -1.664106 -6.485052 6.599502 -1.664106 -6.699921 6.153354 -1.664106 -3.722391 3.540061 -1.664105 -6.699915 4.276505 -1.664106 -6.486368 3.829428 -1.664106 -5.970763 3.54265 -1.664106 -5.411382 3.542247 1.580034 -5.339913 4.205812 1.580034 -5.339913 4.205812 0.9503251 -5.611553 3.884093 1.848883 -5.411313 3.542247 -1.664106 -4.303365 3.882022 1.848883 -4.519323 3.540851 -1.664106 -4.519278 3.540851 1.580034 -4.560164 4.204599 1.580034 -4.560164 4.204599 0.9503251 -5.427684 3.558761 0.9503251 -4.474474 3.557267 0.9503251 -5.427684 3.558761 0.04278177 -4.474474 3.557267 0.04278177 -1.963737 -1.748231 4.061762 -1.67381 -1.748145 4.061879 -1.813937 -1.748145 4.307714 -1.813943 2.393085 4.307698 -1.963749 2.393002 4.061746 -1.673821 2.393088 4.061862 -2.188542 1.256204 3.511969 0.2502337 1.256224 5.332069 0.2500734 2.381186 5.331978 -2.188697 2.381164 3.511878 -0.0242958 1.818704 5.809609 -2.463069 1.818681 3.98951 -1.518468 1.256209 4.398971 -1.518628 2.381169 4.398879 -1.792997 1.818689 4.876512 -0.7188978 2.381175 5.001668 -0.9932699 1.818698 5.4793 -0.7187405 1.256215 5.001759 -1.96374 2.231157 -0.04490464 -1.673813 2.231043 -0.04479879 -1.813937 1.985204 -0.04476714 -1.813946 1.985893 4.356757 -1.963749 2.231844 4.356618 -1.673821 2.231729 4.356725 -1.96374 -1.350363 -0.04490464 -1.673813 -1.35048 -0.04479879 -1.813937 -1.596316 -0.04476714 -1.813946 -1.59563 4.356757 -1.963749 -1.349676 4.356618 -1.673824 -1.349793 4.356725 -0.1534252 -1.748231 5.283278 0.1365022 -1.748148 5.283395 -0.003619194 -1.748148 5.529231 -0.003630638 2.393085 5.529214 -0.1534309 2.393 5.283262 0.1364908 2.393088 5.283379 -0.1534223 2.231157 0.002686858 0.1364994 2.231043 0.002792716 -0.003619194 1.985204 0.002824366 -0.003627777 1.985893 5.578273 -0.1534337 2.231844 5.578135 0.1364908 2.231729 5.578241 -0.1534223 -1.350366 0.002686858 0.1364994 -1.35048 0.002792716 -0.003619194 -1.596319 0.002824366 -0.003627777 -1.59563 5.578273 -0.1534366 -1.349679 5.578135 0.1364908 -1.349793 5.578241 -2.188539 0.2647076 3.511969 0.2502365 0.2647305 5.332069 0.2500763 1.38969 5.331978 -2.188697 1.389667 3.511878 -0.0242958 0.8272076 5.809609 -2.463069 0.8271847 3.98951 -1.518465 0.2647162 4.398971 -1.518625 1.389676 4.398879 -1.792997 0.8271933 4.876512 -0.7188978 1.389682 5.001668 -0.9932671 0.8272019 5.4793 -0.7187405 0.264719 5.001759 -2.188548 -0.7135677 3.511969 0.2502308 -0.7135449 5.332069 0.2500677 0.4114151 5.331978 -2.188703 0.4113922 3.511878 -0.02430152 -0.1510677 5.809609 -2.463075 -0.1510906 3.98951 -1.518471 -0.713562 4.398971 -1.518634 0.4113979 4.398879 -1.793003 -0.151082 4.876512 -0.7189036 0.4114037 5.001668 -0.9932728 -0.1510734 5.4793 -0.7187462 -0.7135563 5.001759 -2.188545 -1.705061 3.511969 0.2502308 -1.705041 5.332069 0.2500706 -0.5800781 5.331978 -2.188703 -0.580101 3.511878 -0.02430152 -1.142561 5.809609 -2.463072 -1.142584 3.98951 -1.518471 -1.705052 4.398971 -1.518631 -0.5800924 4.398879 -1.793003 -1.142575 4.876512 -0.7189007 -0.5800896 5.001668 -0.9932728 -1.142567 5.4793 -0.7187462 -1.705049 5.001759 2.922461 -5.328389 2.221529 2.922452 -5.328389 3.845023 2.922418 -5.079592 3.845023 2.922418 -5.079592 2.069553 2.355148 -5.328392 2.957288 3.489816 -5.328386 2.957288 2.355074 -5.079595 2.957288 3.489741 -5.07959 2.957288 2.490761 -5.328392 2.484455 2.725353 -5.328392 2.221529 2.517094 -5.328392 2.342087 2.594444 -5.328392 2.263689 2.682163 -5.079595 2.069553 2.355074 -5.079595 2.398873 2.51859 -5.079596 2.141918 2.415876 -5.079595 2.25052 2.725353 -5.328392 3.693048 2.490761 -5.328392 3.430121 2.594444 -5.328392 3.650888 2.517094 -5.328392 3.572489 3.119568 -5.328389 2.221529 3.354209 -5.328388 2.48446 3.250503 -5.328388 2.26369 3.32787 -5.328388 2.342092 3.354209 -5.328388 3.430117 3.119568 -5.328389 3.693048 3.32787 -5.328388 3.572484 3.250503 -5.328388 3.650887 3.162669 -5.079592 3.845023 3.489741 -5.07959 3.515704 3.326228 -5.07959 3.772659 3.428947 -5.07959 3.664057 2.355074 -5.079595 3.515704 2.682163 -5.079595 3.845023 2.415876 -5.079595 3.664057 2.51859 -5.079596 3.772659 3.489741 -5.07959 2.398873 3.162669 -5.079592 2.069553 3.428947 -5.07959 2.25052 3.326228 -5.07959 2.141918 2.6822 -5.328392 2.069553 2.518644 -5.328393 2.141918 2.415945 -5.328392 2.25052 2.355148 -5.328392 2.398873 3.162703 -5.328389 3.845023 3.326285 -5.328388 3.772659 3.429016 -5.328388 3.664057 3.489816 -5.328386 3.515704 2.518644 -5.328393 3.772659 2.6822 -5.328392 3.845023 2.415945 -5.328392 3.664057 2.355148 -5.328392 3.515704 3.326285 -5.328388 2.141918 3.162703 -5.328389 2.069553 3.429016 -5.328388 2.25052 3.489816 -5.328386 2.398873 2.922452 -5.328389 2.069553 2.490761 -5.328392 2.957288 2.922461 -5.328389 3.693048 3.354209 -5.328388 2.957288 2.922475 -5.15069 2.957288 2.922461 -5.15069 3.693048 2.922461 -5.15069 2.221529 2.490761 -5.150692 2.957288 3.354209 -5.150688 2.957288 2.725353 -5.150691 2.221529 2.594444 -5.150691 2.263689 2.517094 -5.150692 2.342087 2.490761 -5.150692 2.484455 3.119568 -5.150687 3.693048 3.250503 -5.150688 3.650887 3.32787 -5.150688 3.572484 3.354209 -5.150688 3.430117 2.594444 -5.150691 3.650888 2.725353 -5.150691 3.693048 2.517094 -5.150692 3.572489 2.490761 -5.150692 3.430121 3.250503 -5.150688 2.26369 3.119568 -5.150687 2.221529 3.32787 -5.150688 2.342092 3.354209 -5.150688 2.48446 5.391615 -1.175102 2.221529 5.391615 -1.175094 3.845023 5.142817 -1.175062 3.845023 5.142817 -1.175062 2.069553 5.391609 -0.6077929 2.957288 5.391623 -1.742457 2.957288 5.142812 -0.6077213 2.957288 5.142829 -1.742386 2.957288 5.391609 -0.7434054 2.484455 5.391615 -0.9779949 2.221529 5.391609 -0.7697382 2.342087 5.391612 -0.847086 2.263689 5.142817 -0.9348078 2.069553 5.142812 -0.6077213 2.398873 5.142812 -0.7712345 2.141918 5.142812 -0.6685238 2.25052 5.391615 -0.9779949 3.693048 5.391609 -0.7434054 3.430121 5.391612 -0.847086 3.650888 5.391609 -0.7697382 3.572489 5.391615 -1.372212 2.221529 5.391623 -1.606851 2.48446 5.391621 -1.503144 2.26369 5.391621 -1.580515 2.342092 5.391623 -1.606851 3.430117 5.391615 -1.372212 3.693048 5.391621 -1.580515 3.572484 5.391621 -1.503144 3.650887 5.142823 -1.415317 3.845023 5.142829 -1.742386 3.515704 5.142826 -1.578876 3.772659 5.142826 -1.681595 3.664057 5.142812 -0.6077213 3.515704 5.142817 -0.9348078 3.845023 5.142812 -0.6685238 3.664057 5.142812 -0.7712345 3.772659 5.142829 -1.742386 2.398873 5.142823 -1.415317 2.069553 5.142826 -1.681595 2.25052 5.142826 -1.578876 2.141918 5.391615 -0.9348421 2.069553 5.391609 -0.7712889 2.141918 5.391609 -0.6685867 2.25052 5.391609 -0.6077929 2.398873 5.391618 -1.415348 3.845023 5.391621 -1.57893 3.772659 5.391623 -1.681658 3.664057 5.391623 -1.742457 3.515704 5.391609 -0.7712889 3.772659 5.391615 -0.9348421 3.845023 5.391609 -0.6685867 3.664057 5.391609 -0.6077929 3.515704 5.391621 -1.57893 2.141918 5.391618 -1.415348 2.069553 5.391623 -1.681658 2.25052 5.391623 -1.742457 2.398873 5.391615 -1.175094 2.069553 5.391609 -0.7434054 2.957288 5.391615 -1.175102 3.693048 5.391623 -1.606851 2.957288 5.213914 -1.175117 2.957288 5.213914 -1.175105 3.693048 5.213914 -1.175105 2.221529 5.213908 -0.7434054 2.957288 5.213922 -1.606853 2.957288 5.213914 -0.9779978 2.221529 5.213914 -0.8470888 2.263689 5.213908 -0.7697411 2.342087 5.213908 -0.7434054 2.484455 5.213917 -1.372212 3.693048 5.213922 -1.503144 3.650887 5.213922 -1.580515 3.572484 5.213922 -1.606853 3.430117 5.213914 -0.8470888 3.650888 5.213914 -0.9779978 3.693048 5.213908 -0.7697411 3.572489 5.213908 -0.7434054 3.430121 5.213922 -1.503144 2.26369 5.213917 -1.372212 2.221529 5.213922 -1.580515 2.342092 5.213922 -1.606853 2.48446 0.3538656 -3.179289 2.221529 0.3538656 -3.17928 3.845023 0.6026659 -3.17924 3.845023 0.6026659 -3.17924 2.069553 0.3538542 -2.611977 2.957288 0.3538771 -3.746643 2.957288 0.6026516 -2.611898 2.957288 0.6026745 -3.746564 2.957288 0.3538542 -2.747589 2.484455 0.3538599 -2.98218 2.221529 0.3538542 -2.773925 2.342087 0.3538599 -2.851271 2.263689 0.6026573 -2.938986 2.069553 0.6026516 -2.611898 2.398873 0.6026516 -2.775413 2.141918 0.6026516 -2.6727 2.25052 0.3538599 -2.98218 3.693048 0.3538542 -2.747589 3.430121 0.3538599 -2.851271 3.650888 0.3538542 -2.773925 3.572489 0.3538714 -3.376398 2.221529 0.3538771 -3.611036 2.48446 0.3538714 -3.507328 2.26369 0.3538771 -3.5847 2.342092 0.3538771 -3.611036 3.430117 0.3538714 -3.376398 3.693048 0.3538771 -3.5847 3.572484 0.3538714 -3.507328 3.650887 0.6026688 -3.419493 3.845023 0.6026745 -3.746564 3.515704 0.6026688 -3.583052 3.772659 0.6026745 -3.685771 3.664057 0.6026516 -2.611898 3.515704 0.6026573 -2.938986 3.845023 0.6026516 -2.6727 3.664057 0.6026516 -2.775413 3.772659 0.6026745 -3.746564 2.398873 0.6026688 -3.419493 2.069553 0.6026745 -3.685771 2.25052 0.6026688 -3.583052 2.141918 0.3538599 -2.939027 2.069553 0.3538542 -2.775473 2.141918 0.3538542 -2.672772 2.25052 0.3538542 -2.611977 2.398873 0.3538714 -3.419535 3.845023 0.3538771 -3.583115 3.772659 0.3538771 -3.685843 3.664057 0.3538771 -3.746643 3.515704 0.3538542 -2.775473 3.772659 0.3538599 -2.939027 3.845023 0.3538542 -2.672772 3.664057 0.3538542 -2.611977 3.515704 0.3538771 -3.583115 2.141918 0.3538714 -3.419535 2.069553 0.3538771 -3.685843 2.25052 0.3538771 -3.746643 2.398873 0.3538656 -3.17928 2.069553 0.3538542 -2.747589 2.957288 0.3538656 -3.179289 3.693048 0.3538771 -3.611036 2.957288 0.5315695 -3.179297 2.957288 0.5315695 -3.179283 3.693048 0.5315695 -3.179283 2.221529 0.5315552 -2.747586 2.957288 0.5315781 -3.611032 2.957288 0.5315609 -2.982177 2.221529 0.5315552 -2.851268 2.263689 0.5315552 -2.773919 2.342087 0.5315552 -2.747586 2.484455 0.5315724 -3.37639 3.693048 0.5315724 -3.507324 3.650887 0.5315724 -3.584694 3.572484 0.5315724 -3.611032 3.430117 0.5315552 -2.851268 3.650888 0.5315609 -2.982177 3.693048 0.5315552 -2.773919 3.572489 0.5315552 -2.747586 3.430121 0.5315724 -3.507324 2.26369 0.5315724 -3.37639 2.221529 0.5315724 -3.584694 2.342092 0.5315724 -3.611032 2.48446 3.371756 2.254847 2.221529 3.371747 2.254852 3.845023 3.237448 2.045423 3.845023 3.237448 2.045423 2.069553 2.894159 2.561025 2.957288 3.849389 1.948648 2.957288 2.759823 2.351612 2.957288 3.715053 1.739236 2.957288 3.008328 2.487834 2.484455 3.205819 2.361228 2.221529 3.030498 2.47362 2.342087 3.095613 2.431878 2.263689 3.035185 2.175087 2.069553 2.759823 2.351612 2.398873 2.897481 2.263364 2.141918 2.811009 2.318796 2.25052 3.205819 2.361228 3.693048 3.008328 2.487834 3.430121 3.095613 2.431878 3.650888 3.030498 2.47362 3.572489 3.537695 2.148468 2.221529 3.735229 2.021836 2.48446 3.647922 2.077806 2.26369 3.713056 2.03605 2.342092 3.735229 2.021836 3.430117 3.537695 2.148465 3.693048 3.713056 2.03605 3.572484 3.647922 2.077806 3.650887 3.439705 1.915752 3.845023 3.715053 1.739236 3.515704 3.577397 1.827481 3.772659 3.663872 1.772049 3.664057 2.759823 2.351612 3.515704 3.035185 2.175087 3.845023 2.811009 2.318796 3.664057 2.897481 2.263364 3.772659 3.715053 1.739236 2.398873 3.439705 1.915752 2.069553 3.663872 1.772049 2.25052 3.577397 1.827481 2.141918 3.169493 2.384517 2.069553 3.031803 2.472785 2.141918 2.945343 2.528214 2.25052 2.894159 2.561025 2.398873 3.57401 2.125188 3.845023 3.711719 2.036905 3.772659 3.798205 1.981462 3.664057 3.849389 1.948648 3.515704 3.031803 2.472785 3.772659 3.169493 2.384517 3.845023 2.945343 2.528214 3.664057 2.894159 2.561025 3.515704 3.711719 2.036905 2.141918 3.57401 2.125188 2.069553 3.798205 1.981462 2.25052 3.849389 1.948648 2.398873 3.371747 2.254852 2.069553 3.008328 2.487834 2.957288 3.371756 2.254847 3.693048 3.735229 2.021836 2.957288 3.275866 2.105241 2.957288 3.275854 2.105249 3.693048 3.275854 2.105249 2.221529 2.912424 2.338234 2.957288 3.639321 1.872236 2.957288 3.109915 2.211631 2.221529 2.999708 2.282281 2.263689 2.934594 2.324023 2.342087 2.912424 2.338234 2.484455 3.441788 1.998871 3.693048 3.552014 1.928206 3.650887 3.617151 1.886447 3.572484 3.639321 1.872236 3.430117 2.999708 2.282281 3.650888 3.109915 2.211631 3.693048 2.934594 2.324023 3.572489 2.912424 2.338234 3.430121 3.552014 1.928206 2.26369 3.441788 1.998871 2.221529 3.617151 1.886447 2.342092 3.639321 1.872236 2.48446 1.327678 -5.325809 4.584285 1.617602 -5.325743 4.584402 1.477475 -5.325741 4.830238 1.477467 3.541334 4.830222 1.327666 3.541268 4.58427 1.617591 3.541334 4.584386 0.3196335 -3.670908 4.584285 0.319705 -3.960834 4.584402 0.319705 -3.82071 4.830238 5.416223 -3.820702 4.830222 5.416154 -3.6709 4.58427 5.41622 -3.960824 4.584386 2.018626 -5.325809 4.584285 2.308551 -5.325744 4.584402 2.168426 -5.325743 4.830238 2.168418 3.160097 4.830222 2.018615 3.160031 4.58427 2.308542 3.160097 4.584386 2.859169 -5.325811 4.584285 3.149094 -5.325743 4.584402 3.008969 -5.325743 4.830238 3.008961 2.604486 4.830222 2.85916 2.604418 4.58427 3.149085 2.604489 4.584386 3.550117 -5.325811 4.584285 3.840042 -5.325744 4.584402 3.699918 -5.325746 4.830238 3.699909 2.187344 4.830222 3.550106 2.187275 4.58427 3.840034 2.187344 4.584386 4.127129 -5.325809 4.584285 4.417053 -5.325743 4.584402 4.276929 -5.325743 4.830238 4.27692 1.718914 4.830222 4.127117 1.718845 4.58427 4.417042 1.718914 4.584386 0.3196306 -2.987072 4.584285 0.3197022 -3.276998 4.584402 0.3196993 -3.136874 4.830238 5.416217 -3.136867 4.830222 5.416151 -2.987065 4.58427 5.416217 -3.276988 4.584386 0.3196335 -2.277596 4.584285 0.319705 -2.567521 4.584402 0.3197022 -2.427398 4.830238 5.41622 -2.427389 4.830222 5.416154 -2.277587 4.58427 5.41622 -2.567511 4.584386 3.982799 -1.593761 4.584285 3.982864 -1.883686 4.584402 3.982864 -1.743565 4.830238 5.41622 -1.743553 4.830222 5.416154 -1.59375 4.58427 5.41622 -1.883675 4.584386 3.982801 -0.9184742 4.584285 3.982867 -1.208399 4.584402 3.982867 -1.068277 4.830238 5.416223 -1.068266 4.830222 5.416157 -0.9184656 4.58427 5.41622 -1.208387 4.584386 3.982799 -0.234641 4.584285 3.982864 -0.5245628 4.584402 3.982864 -0.3844414 4.830238 5.41622 -0.3844299 4.830222 5.416154 -0.2346296 4.58427 5.416217 -0.5245514 4.584386 3.982796 0.440649 4.584285 3.982864 0.1507244 4.584402 3.982864 0.2908459 4.830238 5.416223 0.2908573 4.830222 5.416154 0.4406605 4.58427 5.41622 0.1507358 4.584386 -0.9281101 -4.495809 0.04924178 1.301431 -4.482943 6.173716 -1.375457 -4.498391 0.2120987 0.8540869 -4.485523 6.336572 -0.9253636 -4.971874 0.04924178 1.30418 -4.959008 6.173716 -1.372707 -4.974456 0.2120987 0.8568335 -4.961589 6.336572 1.370653 -4.720582 6.148966 -1.441933 -4.736815 0.2368474 0.7863779 -4.723955 6.36177 -0.8576574 -4.733444 0.02404367 1.080872 -5.023946 6.255143 -1.152148 -4.433453 0.1306706 -1.148666 -5.036812 0.1306706 1.07739 -4.420587 6.255143 1.079132 -4.722266 6.255143 -1.150412 -4.735132 0.1306702 0.1866617 -4.489376 3.111478 -0.2579384 -4.968022 3.274335 -0.260685 -4.491956 3.274335 0.1894083 -4.965441 3.111478 0.2564993 -4.727012 3.086505 -0.3277788 -4.730385 3.299309 -0.0373764 -4.427018 3.192907 -0.03390026 -5.030378 3.192907 0.7440462 -4.486158 4.642597 0.2966995 -4.488739 4.805453 0.7467957 -4.962225 4.642597 0.8135777 -4.723799 4.617735 0.2292966 -4.727169 4.830539 0.5200024 -4.423802 4.724025 0.5234871 -5.027162 4.724025 0.299449 -4.964806 4.805453 -0.8153229 -4.971239 1.743217 -0.3707256 -4.492593 1.58036 -0.8180723 -4.495173 1.743217 -0.3679762 -4.968658 1.58036 -0.3005791 -4.730229 1.555274 -0.8848572 -4.7336 1.768078 -0.5947638 -4.430235 1.661789 -0.591279 -5.033595 1.661789 -1.094015 -4.972847 0.9776577 -0.6494179 -4.494199 0.8148009 -1.096765 -4.496784 0.9776577 -0.6466684 -4.970265 0.8148009 -0.5791168 -4.731834 0.789659 -1.163395 -4.735208 1.002463 -0.873456 -4.431843 0.8962296 -0.8699741 -5.035203 0.8962296 -0.09203338 -4.490985 2.345919 -0.5393772 -4.493566 2.508776 -0.08928394 -4.967051 2.345919 -0.02204132 -4.72862 2.32089 -0.6063166 -4.731993 2.533694 -0.3160715 -4.428627 2.427348 -0.3125925 -5.031987 2.427348 -0.5366306 -4.969631 2.508776 0.02075672 -4.966414 4.039895 0.465354 -4.487768 3.877037 0.01800727 -4.490348 4.039895 0.4681006 -4.963833 3.877037 0.5350371 -4.725404 3.85212 -0.04924106 -4.728776 4.064924 0.2413158 -4.42541 3.958466 0.2447948 -5.02877 3.958466 1.022738 -4.48455 5.408156 0.5753918 -4.487131 5.571013 1.025488 -4.960613 5.408156 1.092115 -4.72219 5.383351 0.5078373 -4.725563 5.596155 0.7986975 -4.422194 5.489584 0.8021793 -5.025554 5.489584 0.5781412 -4.963197 5.571013 1.162213 -4.483744 5.791286 0.7148666 -4.486327 5.954144 1.164963 -4.959811 5.791286 1.231513 -4.721385 5.76651 0.6852236 -4.724537 6.083007 0.9381695 -4.421389 5.872715 0.9416542 -5.024749 5.872715 0.7176161 -4.962393 5.954144 0.4387951 -4.964001 5.188233 0.8833923 -4.485353 5.025376 0.4360457 -4.487938 5.188233 0.8861418 -4.961419 5.025376 0.9528465 -4.722992 5.000544 0.4065514 -4.726147 5.317041 0.6593514 -4.422997 5.106804 0.6628332 -5.02636 5.106804 0.6047001 -4.486961 4.259817 0.1573534 -4.489546 4.422674 0.6074495 -4.963027 4.259817 0.6743088 -4.724602 4.234928 0.1280136 -4.727755 4.551425 0.380662 -4.424605 4.341246 0.384141 -5.027965 4.341246 0.1601028 -4.965609 4.422674 -0.1185894 -4.967218 3.657115 0.3260079 -4.48857 3.494258 -0.1213388 -4.491154 3.657115 0.3287544 -4.964636 3.494258 0.3957682 -4.72621 3.469313 -0.1505241 -4.729362 3.78581 0.1019697 -4.426214 3.575686 0.1054458 -5.029575 3.575686 0.04731273 -4.490181 2.728699 -0.4000311 -4.492763 2.891556 0.05006217 -4.966244 2.728699 0.1172304 -4.727816 2.703697 -0.4290619 -4.730972 3.020195 -0.1767225 -4.427822 2.810127 -0.1732463 -5.031185 2.810127 -0.3972845 -4.968829 2.891556 -0.6759768 -4.970437 2.125997 -0.2313795 -4.491789 1.96314 -0.6787262 -4.494371 2.125997 -0.22863 -4.967853 1.96314 -0.1613101 -4.729424 1.938082 -0.7075996 -4.732577 2.254579 -0.4554176 -4.429433 2.044568 -0.4519329 -5.032793 2.044568 -0.5100718 -4.493397 1.197581 -0.9574185 -4.495979 1.360437 -0.5073223 -4.969461 1.197581 -0.439848 -4.731033 1.172466 -0.9861403 -4.734186 1.488964 -0.7341099 -4.431039 1.279009 -0.730628 -5.034402 1.279009 -0.954669 -4.972046 1.360437 -1.237581 -4.973675 0.5832893 -0.792984 -4.495029 0.4204325 -1.240328 -4.49761 0.5832893 -0.7902346 -4.971095 0.4204325 -0.7226029 -4.732664 0.3952616 -1.306878 -4.736037 0.6080654 -1.017022 -4.432673 0.5018612 -1.013543 -5.036033 0.5018612 -1.963892 1.4893 2.485445 -1.965772 1.092516 2.485445 -2.230637 1.490561 2.485445 -1.963892 1.4893 1.551028 -1.952219 3.961275 1.551028 -1.963898 1.4893 1.092149 -2.230637 1.490561 1.551028 -1.965772 1.092516 1.551028 -1.965772 1.092516 1.092149 -2.232511 1.093778 1.551028 -1.989358 -3.899191 1.551028 -1.991624 -4.379419 2.06498 -2.256097 -3.897932 1.551028 -1.989358 -3.899191 1.092149 -1.991624 -4.379419 1.092149 -1.989358 -3.899191 0.5926269 -1.991624 -4.379419 0.5926268 -1.965772 1.092513 0.5926271 -2.256097 -3.897932 0.5926271 -2.232511 1.093775 0.5926273 -2.258366 -4.378159 0.5926271 -2.256097 -3.897932 1.092149 -2.232511 1.093778 1.092149 -2.258366 -4.378159 1.092149 -2.259788 -4.679197 1.092149 -2.258366 -4.378159 2.06498 -2.259788 -4.679197 2.06498 -1.993049 -4.680455 2.06498 -1.993049 -4.680455 1.092149 -1.993049 -4.680455 0.5926269 -2.259788 -4.679197 0.5926271 -2.499249 1.095036 1.092149 -2.499249 1.095036 0.5926271 -2.499249 1.095036 1.551028 -2.497375 1.49182 1.092149 -2.497375 1.49182 0.5926268 -2.497375 1.49182 1.551028 -2.230637 1.490561 1.092149 -2.230637 1.490561 0.5926271 -2.218958 3.96254 1.092149 -1.952219 3.961275 1.092149 -2.218958 3.96254 1.551028 -2.218958 3.96254 0.5926269 -1.952219 3.961275 0.5926268 -2.485697 3.963796 0.5926271 -2.218958 3.96254 -1.661126 -2.218958 3.96254 0.6838256 -2.485697 3.963796 0.6838254 -2.230637 1.490561 0.6838254 -2.497375 1.49182 0.6838254 -2.230637 1.490561 -1.661126 -2.485697 3.963796 -1.661126 -1.952219 3.961275 -1.661126 -1.963892 1.4893 -1.661126 -1.963898 1.4893 0.5926271 -1.965772 1.092516 -1.661126 -2.232511 1.093778 -1.661126 -1.993017 -4.67401 -1.661126 -1.993017 -4.67401 0.5926271 -2.259756 -4.67275 -1.661126 -2.526498 -4.671491 -1.661126 -2.259756 -4.67275 0.5926271 -2.260303 -4.788028 -1.661126 -2.527041 -4.786766 -1.661126 -2.260303 -4.788028 0.5926269 -2.527041 -4.786766 0.5926273 -2.260303 -4.788028 0.5926269 -2.260262 -4.779252 0.6232517 -2.527041 -4.786766 0.5926273 -2.527001 -4.777991 0.6232517 -2.526881 -4.753003 0.649214 -2.526704 -4.715605 0.6665619 -2.260142 -4.754262 0.649214 -2.259965 -4.716864 0.6665619 -2.259756 -4.67275 0.6726535 -2.526495 -4.671491 0.6726533 -2.259756 -4.67275 0.6726535 -2.526495 -4.671491 0.6726533 -2.232511 1.093778 0.6726535 -2.499249 1.095036 0.6726533 -2.526498 -4.671491 0.5926271 -2.79324 -4.670229 0.5926269 -2.765991 1.096295 0.5926269 -2.79324 -4.670229 -1.661126 -2.793234 -4.670229 0.6726535 -2.79378 -4.785506 0.5926268 -3.060522 -4.784247 0.5926266 -2.79378 -4.785506 -1.661126 -2.79378 -4.785506 0.5926268 -2.79374 -4.776732 0.6232519 -3.060522 -4.784247 0.5926266 -3.060479 -4.775471 0.6232515 -3.060362 -4.750483 0.6492139 -3.060184 -4.713083 0.666562 -2.793623 -4.751741 0.649214 -2.793443 -4.714344 0.666562 -2.793234 -4.670229 0.6726535 -3.059978 -4.668972 0.6726535 -3.059978 -4.668972 0.6726535 -3.03273 1.097554 0.6726535 -3.059978 -4.668972 0.5926269 -3.03273 1.097554 0.5926269 -3.059978 -4.668972 -1.661126 -3.326717 -4.66771 0.5926269 -3.327261 -4.782985 0.5926271 -3.326717 -4.66771 -1.661126 -3.299469 1.098819 0.5926269 -3.326717 -4.66771 0.6726533 -3.593456 -4.666447 0.6726533 -3.299469 1.098819 0.6726533 -3.326717 -4.66771 0.6726533 -3.326923 -4.711824 0.6665617 -3.593456 -4.666447 0.6726533 -3.593665 -4.710561 0.6665619 -3.59384 -4.747959 0.6492146 -3.327101 -4.749222 0.6492144 -3.593957 -4.77295 0.6232519 -3.327218 -4.77421 0.6232515 -3.594 -4.781723 0.5926273 -3.327261 -4.782985 0.5926271 -3.594 -4.781723 0.5926273 -3.594 -4.781723 -1.661126 -3.593456 -4.666447 0.5926271 -3.593456 -4.666447 -1.661126 -3.860195 -4.66519 0.5926269 -3.566214 1.100075 0.5926271 -3.566214 1.100075 1.092149 -3.564334 1.496861 0.5926269 -3.832952 1.101336 0.5926269 -3.566214 1.100075 0.6726533 -4.099691 1.102598 0.5926269 -3.831073 1.498123 0.5926269 -3.832952 1.101336 1.092149 -3.832952 1.101336 0.6726535 -3.860195 -4.66519 0.6726535 -4.099691 1.102598 0.6726533 -4.126934 -4.663928 0.6726533 -4.126934 -4.663928 0.5926269 -4.126934 -4.663928 0.6726533 -3.860195 -4.66519 0.6726535 -4.127146 -4.708042 0.6665617 -3.860407 -4.709302 0.6665619 -4.127323 -4.74544 0.649214 -3.860584 -4.7467 0.649214 -4.12744 -4.77043 0.6232519 -3.860702 -4.771688 0.623252 -4.127483 -4.779204 0.5926268 -3.860739 -4.780465 0.5926266 -4.127483 -4.779204 0.5926268 -4.127483 -4.779204 -1.661126 -3.860739 -4.780465 0.5926266 -3.860744 -4.780465 -1.661126 -3.860195 -4.66519 -1.661126 -3.832952 1.101336 -1.661125 -4.126934 -4.663928 -1.661126 -4.099691 1.102598 -1.661126 -4.393676 -4.662666 -1.661126 -4.660415 -4.661409 -1.661126 -4.393676 -4.662666 0.5926269 -4.36643 1.103857 -1.661126 -4.394222 -4.777945 -1.661126 -4.660961 -4.776684 -1.661126 -4.394222 -4.777945 0.5926271 -4.660961 -4.776684 0.5926262 -4.394222 -4.777945 0.5926271 -4.394182 -4.769169 0.6232522 -4.660961 -4.776684 0.5926262 -4.660921 -4.76791 0.623252 -4.660801 -4.742919 0.6492144 -4.660624 -4.705522 0.6665615 -4.394062 -4.744178 0.6492144 -4.393885 -4.70678 0.6665617 -4.393676 -4.662666 0.6726535 -4.660415 -4.661409 0.6726533 -4.393676 -4.662666 0.6726535 -4.660415 -4.661409 0.6726533 -4.36643 1.103857 0.6726535 -4.633169 1.105119 0.6726533 -4.36643 1.103857 0.5926269 -4.633169 1.105119 0.5926266 -4.36643 1.103857 1.092149 -4.364551 1.500644 0.5926266 -4.097812 1.499382 0.5926271 -4.631292 1.501905 0.5926269 -4.364556 1.500644 1.092149 -4.352878 3.972619 0.5926269 -4.364551 1.500644 0.6838258 -4.631292 1.501905 0.6838258 -4.352878 3.972619 0.6838254 -4.619616 3.973881 0.6838254 -4.619616 3.973881 0.5926266 -4.619616 3.973881 -1.661126 -4.886355 3.97514 0.5926266 -5.153094 3.976398 0.5926269 -4.886355 3.97514 -1.661126 -4.898034 1.503164 0.5926269 -4.886355 3.97514 0.6838254 -5.153094 3.976398 0.6838253 -4.898034 1.503164 0.6838254 -5.164773 1.504426 0.6838254 -5.164773 1.504426 0.5926269 -5.164773 1.504426 1.092149 -5.431515 1.505685 0.5926269 -5.16665 1.107639 0.5926268 -5.16665 1.107639 1.092149 -4.899908 1.106378 0.5926269 -5.433389 1.108898 0.5926268 -5.193892 -4.658888 0.5926269 -5.16665 1.107639 0.6726535 -4.899908 1.10638 0.6726531 -5.193892 -4.658888 0.6726535 -4.927154 -4.660147 0.6726533 -5.193892 -4.658888 0.6726535 -4.927154 -4.660147 0.6726533 -5.194101 -4.703 0.6665619 -4.927362 -4.704261 0.6665615 -5.194282 -4.7404 0.6492144 -4.92754 -4.741659 0.649214 -5.194399 -4.765388 0.6232517 -4.92766 -4.766649 0.623252 -5.194439 -4.774165 0.5926269 -4.9277 -4.775424 0.5926266 -5.194439 -4.774165 0.5926269 -5.194439 -4.774165 -1.661126 -4.9277 -4.775424 0.5926266 -4.9277 -4.775424 -1.661126 -4.927154 -4.660147 0.5926269 -4.660415 -4.661409 0.5926266 -4.927154 -4.660147 -1.661126 -4.899908 1.10638 -1.661126 -5.193892 -4.658888 -1.661126 -5.16665 1.107639 -1.661126 -5.460637 -4.657628 -1.661126 -5.433389 1.108898 -1.661126 -5.727376 -4.656366 -1.661126 -5.460637 -4.657628 0.5926268 -5.461181 -4.772903 -1.661126 -5.72792 -4.771643 -1.661126 -5.461181 -4.772903 0.5926269 -5.72792 -4.771643 0.5926269 -5.461181 -4.772903 0.5926269 -5.461138 -4.764127 0.6232519 -5.72792 -4.771643 0.5926269 -5.727877 -4.762868 0.6232522 -5.727759 -4.737878 0.6492146 -5.727582 -4.70048 0.6665619 -5.46102 -4.739139 0.6492146 -5.460843 -4.701739 0.6665619 -5.460637 -4.657628 0.6726537 -5.727376 -4.656366 0.6726535 -5.460637 -4.657628 0.6726537 -5.727376 -4.656366 0.6726535 -5.433389 1.108898 0.6726537 -5.700128 1.11016 0.6726533 -5.700128 1.11016 0.5926268 -5.700128 1.11016 1.092149 -5.698254 1.506947 0.5926271 -5.966866 1.111419 0.5926271 -5.72737 -4.656366 0.5926268 -5.994115 -4.655107 0.5926271 -5.994115 -4.655107 -1.661126 -5.994115 -4.655107 0.6726533 -5.994658 -4.770384 0.5926268 -6.261397 -4.769121 0.5926268 -5.994658 -4.770384 -1.661125 -5.994658 -4.770384 0.5926268 -5.994618 -4.761608 0.6232522 -6.261397 -4.769121 0.5926268 -6.261357 -4.760344 0.6232519 -6.261237 -4.735356 0.6492146 -6.26106 -4.697958 0.666562 -5.994498 -4.736619 0.6492142 -5.994321 -4.699222 0.6665617 -5.994115 -4.655107 0.6726533 -6.260854 -4.653846 0.6726535 -6.260854 -4.653846 0.6726535 -6.233605 1.11268 0.6726535 -6.260854 -4.653846 0.5926268 -6.260854 -4.653846 -1.661126 -6.233605 1.11268 0.5926266 -6.233605 1.11268 -1.661126 -6.231731 1.509464 0.5926271 -6.233605 1.11268 1.092149 -6.231731 1.509464 1.092149 -5.966866 1.111419 1.092149 -6.233605 1.11268 1.551028 -6.231731 1.509464 1.551028 -5.966866 1.111419 1.551028 -6.233605 1.11268 2.128352 -6.155482 1.112311 2.380855 -6.231731 1.509464 2.128352 -6.153608 1.509098 2.380856 -5.964993 1.508205 2.485446 -5.966866 1.111419 2.485445 -5.964993 1.508205 2.485446 -5.698254 1.506947 2.485446 -5.964993 1.508205 1.551028 -5.966866 1.111419 2.485445 -5.700128 1.11016 2.485445 -5.433389 1.108898 2.485445 -5.700128 1.11016 1.551028 -5.433389 1.108898 1.551028 -5.698254 1.506947 1.551028 -5.698254 1.506947 1.092149 -5.431515 1.505685 1.551028 -5.164773 1.504426 1.551028 -5.431515 1.505685 1.092149 -5.431515 1.505685 2.485445 -5.164773 1.504426 2.485445 -5.16665 1.107639 2.485445 -4.898034 1.503164 2.485445 -4.631292 1.501903 2.485445 -4.898034 1.503164 1.551028 -4.899908 1.10638 2.485445 -4.633169 1.105119 2.485445 -4.899908 1.10638 1.551028 -5.16665 1.107639 1.551028 -4.633169 1.105119 1.551028 -4.899908 1.10638 1.092149 -4.898034 1.503164 1.092149 -4.633169 1.105119 1.092149 -4.36643 1.103857 1.551028 -4.631292 1.501903 1.551028 -4.631292 1.501905 1.092149 -4.364551 1.500641 1.551028 -4.097812 1.499382 1.551028 -4.364551 1.500644 2.485445 -4.097812 1.499382 2.485445 -4.36643 1.103857 2.485445 -4.099691 1.102598 2.485445 -3.832952 1.101336 2.485445 -4.099691 1.102598 1.551028 -4.099691 1.102598 1.092149 -3.832952 1.101336 1.551028 -3.566214 1.100075 1.551028 -3.831073 1.498123 1.551028 -3.564334 1.496861 1.551028 -3.831073 1.498123 1.092149 -3.831073 1.498123 2.485446 -3.564334 1.496861 2.485446 -3.566214 1.100075 2.485445 -3.297595 1.495603 2.485445 -3.030856 1.494341 2.485446 -3.299469 1.098819 2.485446 -3.297595 1.495603 1.551028 -3.030856 1.494341 1.551028 -3.297595 1.495603 1.092149 -3.299469 1.098819 1.551028 -3.03273 1.097554 1.551028 -3.299469 1.098819 1.092149 -3.03273 1.097554 1.092149 -3.03273 1.097554 2.485446 -2.765991 1.096295 1.551028 -2.765991 1.096295 1.092149 -2.765991 1.096295 2.485446 -2.764114 1.493082 1.551028 -2.764114 1.493082 1.092149 -2.764114 1.493082 2.485445 -2.497375 1.49182 2.485445 -2.499249 1.095036 2.485445 -2.232511 1.093778 2.485446 -3.030856 1.494341 1.092149 -2.764114 1.493082 0.5926269 -3.030856 1.494341 0.5926269 -2.752436 3.965057 0.5926269 -2.764114 1.493082 0.6838253 -3.030856 1.494341 0.6838256 -2.752436 3.965057 0.6838256 -3.019175 3.966319 0.6838256 -3.019175 3.966319 0.5926269 -3.019175 3.966319 -1.661126 -3.285916 3.967578 0.5926269 -3.552655 3.968837 0.5926273 -3.285916 3.967578 -1.661126 -3.297595 1.495603 0.5926266 -3.285916 3.967578 0.6838254 -3.552655 3.968837 0.6838254 -3.297595 1.495603 0.6838258 -3.564334 1.496861 0.6838256 -3.297595 1.495603 -1.661126 -3.552655 3.968837 -1.661126 -3.819397 3.970098 -1.661126 -3.564334 1.496861 -1.661126 -3.566214 1.100075 -1.661126 -3.831073 1.498123 -1.661125 -4.097812 1.499382 -1.661126 -4.086139 3.971357 -1.661126 -4.364556 1.500644 -1.661126 -4.631295 1.501903 -1.661126 -4.352878 3.972619 -1.661126 -4.633169 1.105119 -1.661126 -4.898034 1.503164 -1.661126 -5.164773 1.504426 -1.661126 -5.153094 3.976398 -1.661126 -5.431515 1.505685 -1.661126 -5.698254 1.506947 -1.661125 -5.419833 3.97766 -1.661126 -5.686575 3.978922 -1.661126 -5.419833 3.97766 0.5926271 -5.686575 3.978922 0.5926271 -5.419833 3.97766 0.6838256 -5.686575 3.978922 0.6838256 -5.431515 1.505685 0.6838256 -5.698254 1.506947 0.6838258 -5.953314 3.980178 0.5926268 -5.964993 1.508205 0.5926271 -6.220053 3.981442 0.5926269 -5.953314 3.980178 1.092149 -5.953314 3.980178 -1.661126 -6.220053 3.981442 -1.661125 -5.964993 1.508205 -1.661126 -6.231731 1.509464 -1.661126 -5.966872 1.111419 -1.661126 -5.700128 1.11016 -1.661125 -6.220053 3.981442 1.092149 -5.953314 3.980178 1.551028 -5.964993 1.508205 1.092149 -6.220053 3.981442 1.551028 -4.086139 3.971357 0.5926266 -3.819397 3.970098 0.5926269 -4.086139 3.971357 0.6838251 -3.819397 3.970101 0.6838258 -4.097812 1.499382 0.6838254 -3.831073 1.498123 0.683826 -3.299469 1.098819 -1.661126 -3.03273 1.097554 -1.661126 -3.030856 1.494341 -1.661126 -2.765991 1.096295 -1.661126 -2.499249 1.095036 -1.661126 -2.764114 1.493082 -1.661126 -2.752436 3.965057 -1.661126 -2.497375 1.49182 -1.661126 -3.564334 1.496861 1.092149 -4.097812 1.499382 1.092149 -5.433389 1.108898 1.092149 -6.261397 -4.769121 -1.661126 -5.966866 1.111419 0.6726533 -3.327261 -4.782985 -1.661126 -3.060522 -4.784247 -1.661126 -2.765991 1.096295 0.6726535 2.881848 6.36945 1.876589 2.394648 5.873729 1.876588 2.879336 6.375386 2.558644 3.492044 6.487209 1.876588 3.491999 6.493166 2.558644 4.104037 6.379183 1.876589 4.599071 5.891281 1.876588 4.106455 6.385157 2.558644 4.605 5.893796 2.558644 4.694561 5.280044 2.558644 4.688613 5.279995 1.876588 4.614784 4.664941 2.558644 4.124127 4.165704 2.558644 4.947487 4.530032 2.558644 4.608816 4.667361 1.876588 4.121615 4.171638 1.876588 3.511193 4.082102 1.876588 2.899426 4.161907 1.876588 3.511242 4.076148 2.558644 2.897009 4.15593 2.558644 2.398461 4.647294 2.558644 2.404392 4.649809 1.876588 2.305787 5.261023 2.558644 2.388679 5.876149 2.558644 2.311732 5.261069 1.876588 5.026171 5.282684 2.558644 4.264129 3.834721 2.558644 4.947487 4.530032 -1.517709 4.264129 3.834718 -1.517709 5.026171 5.282681 -1.517709 4.935516 6.033989 -1.517709 4.935516 6.033989 2.558644 4.241169 6.718331 -1.517709 4.241169 6.718331 2.558644 3.489355 6.825242 -1.517709 2.739338 6.706375 -1.517709 3.489355 6.825242 2.558644 2.739338 6.706375 2.558644 2.055977 6.011061 2.558643 1.974177 5.258383 2.558644 2.055977 6.011061 -1.517709 1.974177 5.258383 -1.517709 2.06795 4.507104 -1.517709 2.762298 3.822762 -1.517709 2.06795 4.507104 2.558644 2.762298 3.822762 2.558644 3.513885 3.744069 2.558644 3.513885 3.744069 -1.517709 2.533799 5.929181 5.367151 4.579413 5.967507 5.363142 2.534554 5.898565 5.466282 2.531891 6.02829 5.340644 2.530086 6.127401 5.367152 2.53214 6.028295 5.466283 4.577505 6.066619 5.336636 4.5757 6.165733 5.363143 4.577751 6.066622 5.462275 4.575334 6.196355 5.462275 4.580157 5.937441 5.462275 4.577997 6.066627 5.587914 4.576089 6.165739 5.561407 4.579802 5.967516 5.561406 2.532386 6.028298 5.591922 2.534188 5.929187 5.565415 2.530475 6.12741 5.565415 2.529731 6.157476 5.466284 5.026214 6.427588 -0.003658711 4.29792 6.067883 5.811605 4.866368 6.375669 -0.02631819 5.066568 6.58764 0.001919746 5.021007 6.746249 -0.004688501 4.862955 6.584218 -0.02696317 4.338275 6.227935 5.817184 4.292713 6.386544 5.810576 4.134665 6.22451 5.788301 4.131248 6.433062 5.787657 4.138061 6.016837 5.788944 3.931051 6.221091 5.759418 3.971403 6.381143 5.764997 3.97661 6.062479 5.766026 4.659342 6.580796 -0.05584591 4.704904 6.422187 -0.04923766 4.699697 6.740848 -0.05026745 4.859559 6.791891 -0.02760618 2.221015 6.405252 -0.0363577 3.15366 6.058774 5.746884 2.062185 6.353345 -0.007395386 2.261006 6.565301 -0.04417186 2.215619 6.72391 -0.03649377 2.05866 6.561893 -0.007455825 3.193654 6.21882 5.73907 3.148264 6.377432 5.746748 2.991308 6.215406 5.775786 2.987778 6.423955 5.775726 2.994819 6.007736 5.775846 2.788959 6.211999 5.812501 2.828951 6.372045 5.804687 2.83435 6.053387 5.804823 1.856312 6.55848 0.02925986 1.901702 6.399871 0.02158159 1.896306 6.718532 0.02144533 2.055147 6.769564 -0.00751698 2.383447 5.92636 4.364106 4.729766 5.970325 4.359508 2.384196 5.895744 4.463238 2.381538 6.025472 4.337599 2.379736 6.124586 4.364107 2.381784 6.025475 4.463239 4.72786 6.069434 4.333002 4.726052 6.168551 4.359509 4.728106 6.06944 4.458641 4.725692 6.199173 4.458642 4.73051 5.940256 4.458641 4.72835 6.069446 4.584281 4.726441 6.168554 4.557774 4.730155 5.970328 4.557773 2.38203 6.02548 4.588878 2.383836 5.926363 4.562371 2.380122 6.124592 4.562371 2.379381 6.154658 4.463239 3.809732 5.986147 5.70307 3.802277 6.002083 4.218515 3.865211 5.96949 5.702623 3.794497 6.041368 5.703739 3.808857 6.096826 5.704263 3.864635 6.041925 5.703393 3.787042 6.057303 4.219185 3.801401 6.112761 4.219708 3.857182 6.057864 4.218839 3.85661 6.1303 4.219609 3.857755 5.985732 4.218071 3.927323 6.058425 4.218492 3.912088 6.113646 4.219162 3.912964 6.002967 4.217969 3.934776 6.042489 5.703047 3.920417 5.987028 5.702524 3.919538 6.097707 5.703716 3.864066 6.114055 5.70416 3.177409 5.981112 5.70307 3.169953 5.99705 4.218515 3.232887 5.96446 5.702624 3.162174 6.036332 5.703739 3.176534 6.09179 5.704263 3.232312 6.036893 5.703393 3.154718 6.052271 4.219185 3.169078 6.107729 4.219707 3.224859 6.052832 4.218839 3.224284 6.125267 4.219609 3.225429 5.9807 4.218071 3.295 6.05339 4.218492 3.279762 6.10861 4.219162 3.280638 5.997931 4.217969 3.302453 6.037451 5.703047 3.288094 5.981996 5.702524 3.287218 6.092674 5.703716 3.231743 6.109022 5.70416 4.024169 5.990822 5.013552 3.090743 5.993448 5.019374 4.02378 5.973724 4.958209 4.024415 6.046165 5.028347 4.024478 6.101512 5.013546 4.023977 6.046165 4.958205 3.090992 6.048795 5.034169 3.091058 6.104138 5.019368 3.090554 6.048792 4.964027 3.090752 6.12123 4.964024 3.09036 5.976654 4.964031 3.090116 6.048792 4.893885 3.090365 6.104135 4.90868 3.090054 5.993445 4.908686 4.02354 6.046163 4.888062 4.023474 5.990819 4.902864 4.023786 6.101506 4.902859 4.024175 6.1183 4.958202 3.485375 5.602112 3.020387 3.615981 5.610563 3.014881 3.483739 5.632793 5.216904 3.485352 6.038959 5.385179 3.614345 5.641251 5.211398 3.615958 6.047413 5.379673 3.614496 6.435722 5.273596 3.619177 6.880511 1.532238 3.483891 6.427271 5.279102 3.488571 6.87206 1.537743</float_array>
          <technique_common>
            <accessor source="#Esfera_110-mesh-positions-array" count="1718" stride="3">
              <param name="X" type="float"/>
              <param name="Y" type="float"/>
              <param name="Z" type="float"/>
            </accessor>
          </technique_common>
        </source>
        <source id="Esfera_110-mesh-normals">
          <float_array id="Esfera_110-mesh-normals-array" count="9840">6.21829e-6 -0.7118595 -0.702322 1.85864e-6 -0.5242708 -0.8515517 3.77262e-7 -0.5242745 -0.8515493 1.5303e-7 0 1 7.3272e-5 -0.2067306 0.978398 2.91432e-7 0 1 7.24446e-4 -0.9999998 0 7.24446e-4 -0.9999998 0 -7.61007e-5 0.2067357 0.9783968 -8.95665e-5 0.2068141 0.9783803 -7.47453e-4 0.9999998 0 -7.47453e-4 0.9999998 0 -7.47452e-4 0.9999998 0 0 -1 0 -5.48092e-7 -0.1551542 -0.9878903 3.19354e-7 -0.1551583 -0.9878897 -7.47453e-4 0.9999998 0 7.24446e-4 -0.9999998 0 7.24446e-4 -0.9999998 0 7.36789e-5 -0.2067308 -0.9783979 0 0 -1 0 0 -1 -8.9253e-5 0.2068144 -0.9783802 -3.11905e-4 0.5768473 -0.816852 -3.41097e-4 0.5769262 -0.8167962 -5.53962e-4 0.8401334 -0.5423797 -5.8152e-4 0.8401708 -0.5423218 -6.68892e-4 0.9253073 -0.3792176 -6.91618e-4 0.925302 -0.3792306 8.61573e-5 -0.2068043 0.9783824 3.05323e-4 -0.5768125 0.8168765 3.36238e-4 -0.5768879 0.8168233 5.52081e-4 -0.8401127 0.5424116 5.77876e-4 -0.8401508 0.5423526 6.55383e-4 -0.9253106 0.3792099 -3.13312e-4 0.5768475 0.8168519 -3.41985e-4 0.5769264 0.8167962 -5.5326e-4 0.8401334 0.5423796 -5.80243e-4 0.8401709 0.5423216 -6.68406e-4 0.9253072 0.379218 8.68724e-5 -0.2068045 -0.9783824 3.05234e-4 -0.5768124 -0.8168766 3.36072e-4 -0.5768879 -0.8168233 5.52386e-4 -0.8401126 -0.5424118 5.77717e-4 -0.8401508 -0.5423526 6.55147e-4 -0.9253107 -0.3792095 6.70278e-4 -0.9253072 -0.3792181 -7.60629e-5 0.2067359 -0.9783968 -1 -2.41898e-6 1.07486e-6 -1 -4.97197e-6 4.15888e-6 -1 -6.52967e-6 4.3169e-6 -1 -8.09386e-6 1.047e-6 -1 -3.0536e-6 0 -1 -8.28788e-6 8.49843e-7 -1 -9.79181e-6 1.0896e-6 -1 -3.23518e-6 -1.46109e-6 -1 -8.11124e-6 -2.80688e-6 -1 -9.1947e-6 -2.00607e-6 -1 -8.03332e-6 1.04757e-6 -1 -5.99577e-6 -1.76989e-6 -1 -8.27955e-6 8.49897e-7 -1 -9.89682e-6 1.09086e-6 -1 -2.45916e-6 -1.07486e-6 -1 -4.92727e-6 -4.15887e-6 -1 -3.14343e-6 0 -1 -8.15325e-6 -1.047e-6 -1 -9.85824e-6 -1.0896e-6 -1 -8.35933e-6 -8.49844e-7 -1 -7.39103e-6 -1.75643e-6 -1 -3.36533e-6 1.46109e-6 -1 -8.10564e-6 2.80688e-6 -1 -6.02823e-6 1.76989e-6 -1 -8.06587e-6 -1.04757e-6 -1 -9.94507e-6 -1.09086e-6 -1 -8.30707e-6 -8.49896e-7 -1 -7.46567e-6 -1.75661e-6 -1 -6.43729e-6 1.87255e-6 -1 -5.90948e-6 0 -1 -8.47912e-6 0 -1 -7.34413e-6 1.75643e-6 -1 -8.47083e-6 0 -1 -6.42581e-6 -4.3169e-6 -1 -6.41795e-6 -1.87255e-6 -1 -9.28355e-6 2.00607e-6 -1 -8.53036e-6 0 -1 -8.54692e-6 0 -1 -5.82852e-6 0 -1 -7.34427e-6 1.75661e-6 -1 -7.02172e-6 1.0567e-6 -1 -6.89605e-6 4.92629e-7 -1 -5.26826e-6 0 -1 -7.03286e-6 0 -1 -7.37894e-6 0 -1 -1.01484e-5 6.64223e-7 -1 -6.90956e-6 -4.92628e-7 -1 -1.01619e-5 -6.64223e-7 -1 -7.26368e-6 -1.05666e-6 7.36748e-7 -0.5242746 0.8515493 1.64371e-6 -0.1551548 0.9878903 2.14906e-6 -0.524271 0.8515515 -1.02755e-6 0 -1 0 0 -1 4.71677e-6 -0.9833196 -0.1818867 1.13994e-5 -0.983319 -0.18189 1.61162e-5 -0.9833185 -0.1818922 7.18991e-6 -0.7118588 0.7023227 1.13645e-5 -0.7118569 0.7023246 0 0 1 -2.80431e-6 0.1551377 0.9878929 0 0 1 -2.71313e-6 0.155133 0.9878937 -8.38045e-6 0.5241966 0.8515973 4.63346e-6 -0.9833195 0.1818865 1.11981e-5 -0.9833191 0.1818897 0 -0.9833199 0.1818842 0 1 0 -8.31183e-6 0.5241972 0.8515969 -1.15069e-5 0.711768 0.7024146 -1.69324e-6 0.1551324 -0.9878937 -9.61379e-6 0.524196 -0.8515977 -9.76611e-6 0.5241966 -0.8515973 -1.64186e-6 0.1551371 -0.9878931 -1.12373e-5 0.9833163 0.1819044 -4.64976e-6 0.9833168 0.1819012 -1.58871e-5 0.9833159 0.1819067 -1.09285e-5 0.7117679 -0.7024148 -1.01418e-5 0.7117677 -0.702415 2.34928e-6 -0.1551588 0.9878895 -1.12373e-5 0.9833163 -0.1819046 -4.64978e-6 0.9833168 -0.1819014 0 0.9833172 -0.1818991 -0.09268701 -0.5219993 -0.847895 0.07881999 -0.6251086 -0.776548 0.05313342 -0.2726072 -0.9606572 -0.8109095 0.5823075 0.05782806 0.006349146 0.1395494 -0.9901949 -0.04778838 0.6730701 -0.7380332 -0.3669068 -0.399081 -0.8403058 -0.3559364 -0.3897272 -0.8493658 0.01624172 -0.06357622 0.9978448 0.0196703 -0.06300514 0.9978194 -0.002485334 -0.05634289 0.9984084 -0.00665754 -0.04981243 0.9987364 -0.005948126 -0.04772979 0.9988427 -0.003465473 -0.05832171 0.9982919 -0.6086065 -0.226882 -0.7603438 -0.6163475 -0.2371523 -0.7509158 0.5880334 0.3789685 -0.7145625 0.3057361 0.497206 -0.8119801 0.3208839 0.5080105 -0.7993491 0.0558024 -0.07969516 0.9952562 0.06459277 -0.09578973 0.9933037 0.06128865 -0.08346295 0.9946244 -0.6602296 -0.2914938 -0.692191 0.613662 0.313624 -0.7246096 0.6247583 0.220893 -0.7489215 0.6258982 0.2206161 -0.7480508 0.06488382 -0.09585469 0.9932784 -0.4897942 -0.6782488 -0.5477959 -0.6150088 -0.4372639 -0.6561741 0.05028647 0.57355 -0.8176258 -0.5548137 -0.734192 -0.3913362 -0.554707 -0.7341713 -0.3915259 -0.554743 -0.7341784 -0.3914619 -0.8109103 0.5823007 0.05788403 0.4825605 0.7205768 -0.4979002 0.4825712 0.720201 -0.4984332 0.4825401 0.7212721 -0.4969123 0.4825288 0.7216475 -0.4963778 -0.5548496 -0.734199 -0.3912721 0.06278973 -0.01174575 0.9979577 0.06270307 -0.01207131 0.9979593 0.06282693 -0.01160591 0.9979571 0.8109123 -0.5822983 -0.05787825 0.06266593 -0.01221072 0.9979599 -0.2235442 0.9724275 0.06642776 -0.2237873 0.9723664 0.06650584 -0.2237783 0.9723687 0.06650292 -0.6175837 -0.7711692 0.154559 -0.6176447 -0.7711161 0.1545803 -0.6160466 -0.7725051 0.1540217 -0.6159854 -0.772558 0.1540004 -0.2235352 0.9724298 0.0664249 0.2521375 -0.008107364 0.9676575 0.9491191 -0.192898 -0.2489241 0.9490202 -0.1934497 -0.2488733 0.9490167 -0.1934688 -0.2488716 0.9491226 -0.192879 -0.2489259 -0.6206032 0.01995271 0.783871 -0.6105791 -0.2180101 0.7613572 -0.6105574 -0.2180088 0.761375 0.03218984 0.9994818 -1.07433e-4 -0.2516139 0.007793486 -0.9677963 -0.2220066 0.3837059 -0.8963721 -0.2217742 0.383607 -0.896472 -0.620604 0.0199629 0.7838701 0.9593708 0.158689 0.2332928 0.9707958 -0.03133493 0.2378523 0.9593836 0.1586893 0.23324 -0.5951249 0.2567672 0.7615097 -0.5951012 0.2567641 0.7615293 0.9470326 -0.2201865 0.2337672 0.9470214 -0.2201856 0.2338138 0.9707935 -0.0313847 0.2378554 -0.2444403 -0.3687965 -0.8967933 -0.2442029 -0.3687135 -0.896892 -0.03219246 -0.9994817 1.08983e-4 -0.2516146 0.0077461 -0.9677965 -0.2521417 0.008110404 -0.9676564 -0.2232574 0.9724607 0.06690537 -0.2235226 0.9723526 0.06758785 -0.2232764 0.972453 0.06695413 -0.6165717 -0.7718679 0.1551108 -0.6170371 -0.7711228 0.1569554 -0.6165501 -0.7719022 0.1550257 -0.6162651 -0.7723547 0.1539013 -0.2231084 0.9725213 0.06652164 0.9491079 -0.1932231 -0.2487151 0.9490991 -0.1931495 -0.2488059 0.9491376 -0.193473 -0.2484069 0.9525033 -0.1732298 0.2504575 0.9490692 -0.1929002 -0.2491132 -0.252138 0.008109807 -0.9676574 -0.2232552 0.9724611 0.06690651 -0.2235119 0.9723562 0.06757074 -0.2232735 0.9724537 0.06695401 -0.6165713 -0.7718687 0.155109 -0.6170402 -0.7711198 0.1569578 -0.6165496 -0.771903 0.1550237 -0.6162624 -0.7723578 0.1538966 -0.2231108 0.9725199 0.06653308 0.9491094 -0.1932291 -0.2487044 0.9491003 -0.1931541 -0.2487972 0.9491402 -0.1934832 -0.2483894 0.9525018 -0.1732435 0.2504537 0.9490696 -0.1929007 -0.2491113 -0.2521324 0.008107423 -0.9676589 -0.2232512 0.9724624 0.0669018 -0.2235099 0.9723568 0.06757014 -0.2232697 0.9724549 0.0669496 -0.616564 -0.7718748 0.1551066 -0.617031 -0.7711279 0.1569536 -0.6165425 -0.7719092 0.1550214 -0.2231057 0.9725216 0.06652611 -0.6162565 -0.7723628 0.1538954 0.9491076 -0.1932235 -0.2487159 0.9490987 -0.1931504 -0.2488065 0.9491376 -0.1934713 -0.2484083 0.952501 -0.1732285 0.2504675 0.9490685 -0.1929033 -0.2491133 -0.2235475 0.9724264 0.06643313 -0.223796 0.9723637 0.06651502 -0.2237856 0.9723664 0.06651163 -0.6175757 -0.7711734 0.1545706 -0.6176447 -0.7711129 0.1545955 -0.6160474 -0.7725048 0.1540198 -0.2235372 0.9724292 0.06642967 -0.615978 -0.7725651 0.1539948 0.949114 -0.192923 -0.2489244 0.9490208 -0.1934479 -0.2488727 0.9490171 -0.1934686 -0.2488707 0.2521312 -0.008107781 0.9676591 0.9491176 -0.1929023 -0.2489264 -0.2055094 0.9766054 0.06330925 -0.2055199 0.9765948 0.06343626 -0.2054826 0.9766319 0.06298398 -0.2521319 0.008108794 -0.9676589 -0.3497474 -0.9331274 0.08336776 -0.3499608 -0.9327042 0.08712321 -0.3499038 -0.9328194 0.08611214 -0.349689 -0.9332392 0.08235424 -0.205472 0.9766424 0.06285697 0.967647 -0.01810693 -0.2516575 0.9675194 -0.01839882 -0.252127 0.9673711 -0.0187366 -0.2526701 0.2521313 -0.008111596 0.9676591 0.9677938 -0.01777034 -0.2511162 -1 0 0 1.70965e-6 -1 0 1.70965e-6 -1 0 1.70965e-6 -1 0 2.66721e-7 0 1 0 0 1 2.98559e-7 0 1 -1.56618e-7 0 1 -1.86597e-7 0 1 1 0 0 -2.39168e-6 1 0 -2.39168e-6 1 0 -2.39168e-6 1 0 0 0 1 -2.39168e-6 1 0 0 0 1 -2.39168e-6 -1 0 -2.39168e-6 -1 0 -2.39168e-6 -1 0 0 0 1 -2.39168e-6 -1 0 -1.73543e-7 0 1 0 0 1 1.70965e-6 -1 0 -0.06015771 0.5267313 -0.8479005 -0.2539627 0.5766082 -0.7765474 -0.2534107 0.5689895 -0.7823262 0.9433788 -0.3266283 0.05788344 0.03374677 -0.1355781 -0.9901918 0.2388427 -0.6476583 -0.7235282 0.2379124 -0.631432 -0.7380321 0.02719604 -0.1136078 -0.9931535 0.229892 0.4750998 -0.8493703 -0.03371125 0.05629599 0.9978449 -0.03683459 0.05477029 0.9978194 -0.01369982 0.05470925 0.9984083 -0.007836759 0.04964065 0.9987364 -0.007922232 0.04744178 0.9988426 -0.01332527 0.05688601 0.9982919 0.5185251 0.3911504 -0.7603507 0.5230139 0.4032043 -0.7509212 -0.4553918 -0.5310382 -0.7145746 -0.1625432 -0.5784751 -0.7993412 -0.07622569 0.06045335 0.9952563 -0.08924436 0.07336956 0.9933038 -0.0825591 0.0624985 0.9946245 0.5495666 0.4678217 -0.6921845 -0.4986033 -0.475726 -0.7246237 -0.5357149 -0.3900231 -0.748927 -0.5368881 -0.3900831 -0.7480551 -0.08954203 0.07334899 0.9932785 0.2758325 0.7898428 -0.5477816 0.4646202 0.5946247 -0.6561628 0.1155159 -0.5640679 -0.8176085 0.3221791 0.8620115 -0.3913271 0.3220815 0.8619592 -0.3915227 0.3221144 0.8619769 -0.3914566 0.9433778 -0.3266317 0.05788075 -0.256812 -0.8283381 -0.4978991 -0.2569288 -0.8279843 -0.4984272 -0.2565955 -0.8289927 -0.4969207 -0.2564783 -0.829346 -0.4963912 0.322212 0.8620291 -0.3912611 -0.06352967 -0.006663978 0.9979578 -0.06353986 -0.006327629 0.9979593 -0.06352531 -0.006808459 0.997957 -0.9433795 0.3266236 -0.0578981 -0.06354421 -0.006183564 0.9979599 -0.01751577 -0.9998466 -3.22555e-4 -0.01747864 -0.9998472 -3.17526e-4 -0.01751887 -0.9998466 -3.2297e-4 0.1667501 -0.006997466 -0.9859744 0.1667425 -0.006997048 -0.9859758 0.1667506 -0.006997525 -0.9859743 -0.01747554 -0.9998472 -3.1711e-4 0.9998576 -0.01680052 0.001635551 0.9998576 -0.01680153 0.00163716 0.9998576 -0.01679939 0.001633763 0.01747083 0.9998474 3.2683e-4 0.01743209 0.999848 3.22774e-4 0.01742887 0.9998481 3.22439e-4 0.01747405 0.9998474 3.27165e-4 -0.1667385 0.006996512 0.9859763 -0.1667472 0.006995856 0.9859749 -0.1667467 0.006995916 0.985975 -0.9998576 0.01680117 -0.001630127 -0.9998575 0.01680243 -0.001631736 -0.9998576 0.01680386 -0.001633644 -0.1667381 0.006996572 0.9859765 -0.9998577 0.01679974 -0.00162822 0.9999334 -0.01154273 -3.23738e-4 0.9999335 -0.01153111 -3.23736e-4 0.9999333 -0.01154369 -3.23738e-4 0.006007432 0.1667816 -0.9859756 0.006007015 0.1667873 -0.9859747 0.006007015 0.1667876 -0.9859746 0.9999336 -0.01153016 -3.23735e-4 0.01086729 0.9999396 0.001630306 0.01086735 0.9999396 0.001630187 0.01086729 0.9999396 0.001630425 -0.9999333 0.01154673 3.13242e-4 -0.9999329 0.0115832 3.17972e-4 -0.9999328 0.01158624 3.18363e-4 -0.9999333 0.01154369 3.12851e-4 -0.006007075 -0.1667703 0.9859775 -0.006006538 -0.1667846 0.9859751 -0.006006538 -0.1667839 0.9859752 -0.01086729 -0.9999396 -0.001630187 -0.01086729 -0.9999396 -0.001630008 -0.01086729 -0.9999397 -0.001629769 -0.006007134 -0.1667696 0.9859776 -0.01086729 -0.9999396 -0.001630425 0.8927401 0.2158667 -0.3954955 0.9065388 -0.08233839 -0.4140145 0.9065388 -0.08234256 -0.4140135 0.8927404 0.215865 -0.395496 0.3261278 0.863152 -0.3854991 0.3261255 0.8631524 -0.3855 0.3261306 0.8631514 -0.3854979 0.326134 0.8631507 -0.3854965 0.8392395 -0.3731752 -0.3954967 0.8392378 -0.3731811 -0.3954946 -0.9065384 0.08233952 -0.4140152 -0.8392369 0.3731795 -0.3954978 -0.8392369 0.3731783 -0.3954991 -0.8927403 -0.2158657 -0.3954957 -0.8927407 -0.21587 -0.3954924 -0.9065372 0.08233964 -0.4140176 -0.3261253 -0.8631536 -0.3854974 -0.3261286 -0.863153 -0.385496 -0.3261212 -0.8631544 -0.3854991 -0.3261162 -0.8631554 -0.3855012 0.1652709 -0.9077859 -0.3855001 0.1652713 -0.907786 -0.3854997 0.1652703 -0.9077859 -0.3855005 -0.1652816 0.9077861 -0.3854953 -0.165283 0.9077857 -0.3854953 -0.1652824 0.9077859 -0.3854953 -0.1652806 0.9077862 -0.3854951 0.1652716 -0.907786 -0.3854994 -1.65576e-7 -7.3026e-7 -1 1.40189e-6 6.18292e-6 -1 0 -7.30288e-7 -1 2.84455e-7 4.72e-7 1 5.61857e-7 4.71996e-7 1 0 -3.9962e-6 1 0.8927419 0.2158604 -0.3954948 0.9065396 -0.08234143 -0.4140121 0.9065389 -0.08234 -0.4140138 0.8927423 0.2158597 -0.3954942 0.3261262 0.8631536 -0.3854967 0.3261263 0.8631536 -0.3854965 0.326126 0.8631535 -0.3854971 0.3261258 0.8631535 -0.3854975 0.8392404 -0.3731778 -0.3954921 0.8392401 -0.3731762 -0.3954944 -0.9065383 0.08234155 -0.4140148 -0.8392376 0.3731772 -0.3954988 -0.8392366 0.3731797 -0.3954985 -0.892742 -0.2158569 -0.3954966 -0.8927422 -0.2158654 -0.3954916 -0.9065365 0.08234906 -0.4140173 -0.3261244 -0.8631538 -0.3854978 -0.3261284 -0.8631532 -0.3854957 -0.3261194 -0.8631545 -0.3855002 -0.3261134 -0.8631556 -0.3855033 0.1652733 -0.9077862 -0.3854984 0.1652756 -0.9077864 -0.3854972 0.1652704 -0.9077861 -0.3854998 -0.1652795 0.907786 -0.3854963 -0.1652777 0.9077857 -0.3854979 -0.1652785 0.9077858 -0.3854972 -0.1652806 0.9077862 -0.3854953 0.1652776 -0.9077864 -0.3854961 -1.01678e-6 -7.30282e-7 -1 1.40192e-6 6.18305e-6 -1 0 -7.30281e-7 -1 2.84456e-7 4.72001e-7 1 5.61857e-7 4.71996e-7 1 0 -3.99619e-6 1 0.8927407 0.2158609 -0.3954973 0.9065383 -0.08233994 -0.414015 0.9065375 -0.08234059 -0.4140168 0.8927408 0.2158651 -0.3954951 0.3261287 0.8631523 -0.3854974 0.3261285 0.8631524 -0.3854973 0.3261289 0.8631522 -0.3854975 0.3261291 0.8631521 -0.3854976 0.8392382 -0.3731784 -0.3954961 0.8392389 -0.3731755 -0.3954976 -0.9065377 0.08233743 -0.414017 -0.8392374 0.3731772 -0.3954991 -0.8392366 0.3731797 -0.3954984 -0.8927384 -0.2158704 -0.3954973 -0.892739 -0.2158697 -0.3954966 -0.9065375 0.08233809 -0.4140173 -0.3261291 -0.8631504 -0.3855014 -0.3261295 -0.8631504 -0.3855013 -0.3261285 -0.8631505 -0.3855015 -0.3261278 -0.8631507 -0.3855018 0.1652774 -0.9077847 -0.3855003 0.1652802 -0.9077848 -0.3854987 0.1652739 -0.9077845 -0.3855021 -0.1652793 0.9077852 -0.3854981 -0.1652803 0.9077848 -0.3854988 -0.1652799 0.907785 -0.3854985 -0.1652787 0.9077856 -0.3854978 0.1652826 -0.9077849 -0.3854975 -1.01678e-6 -7.30293e-7 -1 1.40191e-6 6.18301e-6 -1 0 -7.30272e-7 -1 7.11144e-7 4.72003e-7 1 1.51251e-7 4.71985e-7 1 0 -3.9963e-6 1 0.002381026 0.9999972 1.12088e-6 0.002380967 0.9999972 1.1828e-6 0.002380669 0.9999973 1.61257e-6 0.5141566 0.8576963 0 0.7260928 0.6875968 0 0.7260845 0.6876055 0 0.9687523 0.2480301 -1.27141e-5 0.9674584 -0.2530305 4.88188e-6 0.9674888 -0.2529143 -1.24151e-5 0.6841015 -0.7293869 -6.91922e-6 0.684039 -0.7294455 7.00926e-6 0.4303347 -0.9026694 7.21987e-6 0.411928 -0.4138821 0.8117986 0.5823371 -0.1545691 0.7981178 0.5839261 -0.1474148 0.7983103 0.01863092 -0.07055008 0.9973343 0.3973816 -0.4299157 0.810716 0.413971 0.4118217 0.8118072 0.583103 0.1516385 0.7981207 0.3995048 0.4279239 0.8107263 0.01897001 0.07050055 0.9973314 0.129008 0.5713186 0.8105257 -0.4140012 -0.4117497 0.8118283 -0.5831749 -0.1515063 0.7980933 -0.3995228 -0.4278891 0.8107359 -0.01894259 -0.07045114 0.9973354 -0.1289521 -0.5713291 0.8105274 -0.01860386 0.07050263 0.9973381 -0.3974001 0.429881 0.8107253 -0.4119639 0.4138045 0.8118199 -0.58241 0.1544299 0.7980915 -0.5839995 0.1471819 0.7982995 0.126239 -0.5719385 0.8105247 0.5846564 0.1444822 0.7983118 -0.618542 0.001547813 0.7857503 -0.618537 0.001550912 0.7857542 -0.1261806 0.571954 0.8105227 0 0 1 2.05776e-7 0 1 0 0 1 -0.72588 -0.6878213 0 -0.9707833 -0.2399584 0 -0.9707809 -0.2399675 0 -0.9695664 0.2448287 0 -0.9695687 0.2448194 0 0.7226775 -0.6911854 0 0.5099534 -0.8602021 0 0.5099554 -0.860201 0 -0.5149939 -0.857194 0 -0.7258873 -0.6878137 0 0.9709697 0.2392025 0 0.9999969 -0.002502918 0 0.999997 -0.002503156 0 -0.7224501 0.691423 0 -0.7224575 0.6914153 0 0.9697616 -0.2440544 0 0.7226695 -0.6911938 0 0.9709718 0.2391946 0 -0.002376198 -0.9999972 0 -0.002376198 -0.9999972 0 -0.002376198 -0.9999972 0 -0.5107613 0.8597226 0 -0.510761 0.8597229 0 0.002376198 0.9999972 0 0.002376198 0.9999972 0 0.002376198 0.9999972 0 0.1563754 -0.5806326 0.7990072 0.6069385 -0.1480679 0.7808339 0.6407349 -0.001598775 0.7677606 0.6407375 -0.001600921 0.7677585 -0.6067895 0.1486032 0.7808481 -0.6056314 -0.1559329 0.7803177 -0.6075208 -0.1455597 0.7808526 -0.1566135 0.5805175 0.7990443 0.44685 -0.4113616 0.7944222 0.6049791 -0.1587415 0.7802574 0.4207314 -0.4426298 0.7918738 0.1591643 0.5798668 0.7990127 0.4229103 0.4405298 0.7918841 0.4488762 0.4091342 0.7944303 0.6057602 0.155708 0.7802625 -0.1594111 -0.5797466 0.7990507 -0.4228962 -0.4405835 0.7918619 -0.4488646 -0.409294 0.7943545 -0.4207128 0.4426872 0.7918516 -0.4468284 0.4115318 0.7943463 -0.6048485 0.1589705 0.7803121 -0.002380311 -0.9999972 3.03032e-7 -0.002380371 -0.9999972 3.46691e-7 -0.002380013 -0.9999973 0 -0.6841669 0.7293255 -1.07388e-5 -0.9675118 0.2528259 2.08987e-7 -0.6841198 0.7293697 2.20894e-6 -0.4301761 0.9027451 2.56046e-6 -0.6877872 -0.7259125 -1.18564e-5 -0.4346014 -0.9006229 2.51893e-6 -0.687738 -0.725959 2.20919e-6 -0.9687707 -0.2479588 -5.13519e-7 0.6877255 0.7259708 -1.00284e-5 0.4347943 0.9005299 8.37432e-6 0.6876596 0.7260333 1.22676e-5 0.9687182 0.2481634 5.53656e-6 -0.9999969 0.002507567 1.36855e-6 -0.9675329 0.2527453 -1.14303e-5 -0.9999969 0.002507805 1.43931e-6 0.999997 -0.002498626 0 0.969761 -0.2440571 0 -0.6185567 0.001550316 0.7857386 -0.5847195 -0.1442633 0.7983053 0.6076611 0.1450369 0.7808408 0.640706 -0.001602053 0.7677846 -0.9999969 0.002509951 0 -0.9687925 -0.2478734 -1.30869e-5 -0.1079941 -0.9941515 1.23984e-5 -0.1079974 -0.9941512 8.89431e-6 -0.1079897 -0.9941521 1.71541e-5 -0.06053549 0.9981662 6.15113e-6 -0.06053316 0.9981662 8.60149e-6 -0.06053006 0.9981665 1.18897e-5 -0.08122438 -0.7476393 0.6591193 -0.04545813 0.7494868 0.6604568 0 0 1 0 0 1 1.52511e-7 0 1 -0.9999969 0.002512097 0 -0.9999969 0.002512097 0 -0.9999969 0.002511799 0 0.4894989 0.8720039 1.07215e-5 0.5423926 0.8401252 5.7697e-6 0.489516 0.8719943 1.58528e-5 0.5141322 0.857711 0 0.726082 0.6876081 0 0.7260752 0.6876154 0 -0.9675946 0.2525088 -3.78683e-5 -0.9688484 -0.2476546 -4.9203e-5 -0.9687445 -0.2480608 -3.77937e-5 0.9688058 0.247821 -2.7091e-5 0.9674065 -0.2532284 -1.38348e-5 0.9674442 -0.2530848 -2.7634e-5 0.6840868 -0.7294006 1.3616e-5 0.6840217 -0.7294617 4.78505e-5 0.4303375 -0.9026681 1.28343e-5 0.6880484 0.7256649 -3.9868e-5 0.6877176 0.7259784 1.48703e-5 -0.6880445 -0.7256686 -4.48148e-5 -0.6877846 -0.725915 -1.37881e-5 -0.4345803 -0.900633 5.34266e-6 -0.430156 0.9027547 5.55656e-6 -0.6844106 0.7290969 -4.48779e-5 -0.6841613 0.7293308 -1.36983e-5 -0.003199338 -0.9999949 0 -0.003195762 -0.9999949 -3.11126e-7 -0.003192901 -0.999995 -2.04256e-6 0.4119316 -0.4138804 0.8117976 0.5823081 -0.1546707 0.7981192 0.5838903 -0.1475553 0.7983105 0.01861453 -0.07072299 0.9973224 0.3973829 -0.429916 0.8107152 0.4139744 0.4118167 0.811808 0.5831314 0.1515305 0.7981206 0.399506 0.4279227 0.8107264 0.2977634 0.5251204 0.7972362 0.3117966 0.5271867 0.7904791 -0.4140058 -0.4117463 0.8118277 -0.5831451 -0.1516177 0.7980939 -0.3995258 -0.4278887 0.8107345 -0.01896071 -0.07028418 0.9973469 -0.1291781 -0.5712927 0.810517 -0.2612654 0.5343613 0.8038647 -0.3974001 0.4298816 0.8107249 -0.4119642 0.4138026 0.8118208 -0.5824388 0.1543206 0.7980916 -0.5840312 0.147034 0.7983036 0.1260235 -0.5719853 0.8105251 0.5846974 0.1443375 0.798308 -0.5846797 -0.1444127 0.7983075 0.3796901 0.5867505 0.7152339 0.381627 0.5911116 0.7105969 1.19678e-6 0 1 6.48449e-7 0 1 -0.725869 -0.687833 0 -0.9708344 -0.2397513 0 -0.9708331 -0.2397565 0 -0.9695124 0.2450426 0 -0.9695137 0.2450373 0 0.7226663 -0.6911972 0 0.5099546 -0.8602014 0 0.5099541 -0.8602016 0 -0.5460672 -0.8377414 0 -0.7258749 -0.6878268 0 0.9709151 0.2394241 0 0.969813 -0.2438502 0 0.9698138 -0.243847 0 -0.7224574 0.6914155 0 -0.7224653 0.6914073 0 0.7226598 -0.691204 0 0.9709159 0.2394206 0 -0.5764283 -0.8171479 0 -0.5460656 -0.8377425 0 -0.5107921 0.8597044 0 -0.5107945 0.8597029 0 0.003272175 0.9999946 0 0.003272175 0.9999946 0 0.003272175 0.9999946 0 -0.4068535 -0.6013332 0.6876545 -0.3363714 -0.5419657 0.7701479 -0.4088613 -0.6056722 0.6826372 0.6069806 -0.1479239 0.7808284 0.6057353 0.1558299 0.7802576 0.6076265 0.1451997 0.7808374 -0.606747 0.1487544 0.7808524 -0.6056637 -0.155817 0.7803158 -0.6075659 -0.1454086 0.7808458 -0.1563402 0.5805689 0.7990605 0.4468449 -0.4113658 0.794423 0.6050153 -0.1586274 0.7802525 0.2990303 -0.5358872 0.7895606 0.4207322 -0.4426243 0.7918763 0.1594502 0.5798061 0.7989997 0.4229132 0.4405286 0.7918831 0.4488744 0.4091423 0.7944272 -0.3299373 -0.5313563 0.7802576 -0.4228977 -0.4405803 0.7918629 -0.4488598 -0.4093028 0.7943527 -0.4207158 0.4426849 0.7918514 -0.4468338 0.4115279 0.7943452 -0.604813 0.1590822 0.7803167 -0.003200888 -0.9999949 -6.70402e-7 -0.003201186 -0.9999949 1.70584e-6 -0.9675641 0.2526261 -3.24018e-5 -0.684121 0.7293686 1.23761e-5 -0.4301699 0.9027481 1.09542e-5 -0.4345922 -0.9006274 9.9758e-6 -0.6877421 -0.7259551 1.27192e-5 -0.9687139 -0.2481805 -3.15141e-5 0.6876553 0.7260373 6.20882e-5 0.9687677 0.2479703 -1.32788e-5 0.4300854 -0.9027882 2.59648e-5 0.6844013 -0.7291055 -2.93107e-5 0.9675936 -0.252513 -4.87404e-5 0.4893954 0.8720621 4.62915e-6 0.5423915 0.8401258 4.99888e-6 -0.9752813 -0.2209674 6.02319e-7 -0.9749192 0.2225591 1.11191e-6 -0.9749249 0.2225346 5.2468e-6 0.001407921 0.9999991 5.74183e-7 0.001407802 0.9999991 7.08332e-7 0.001408398 0.9999991 0 -0.01708239 0.08211785 0.9964762 -0.4273108 0.3960691 0.8127331 -0.4164473 0.4134216 0.8097249 -0.5690572 0.1295642 0.8120266 -0.5689259 0.1407549 0.810254 -0.4176127 -0.4122492 0.8097224 -0.5693352 -0.1286077 0.8119837 -0.4284716 -0.3947873 0.8127453 -0.01719981 -0.082412 0.99645 -0.1538825 -0.581949 0.7985335 3.16063e-4 0.2183565 0.9758691 -0.1525381 0.5823979 0.798464 -9.3086e-5 0.04260569 0.999092 -4.45547e-4 -0.6183472 0.785905 -0.5691909 -0.1399254 0.8102115 0 0 1 0 0 1 0 0 1 0.6885129 -0.7252242 0 0.4689572 -0.8832209 0 0.4689573 -0.8832209 0 -0.001268982 -0.9999993 0 0.6904956 0.7233366 0 0.96426 0.2649581 0 0.9642564 0.264971 0 0.9637985 -0.2666318 0 0.6885053 -0.7252314 0 0.001248359 0.9999992 0 0.001248359 0.9999992 0 0.4703175 0.8824973 0 0.6905038 0.7233288 0 0.9637954 -0.266643 0 0.5852813 -0.1710877 0.7925748 0.5877043 0.1401253 0.7968493 0.5856454 0.170102 0.792518 0.1497038 0.608226 0.7795192 2.99322e-4 0.6410918 0.7674642 -8.72879e-4 -0.6409357 0.767594 0.1487416 -0.6082347 0.7796965 0.4398894 0.4152383 0.796288 0.4218495 0.4482846 0.7880888 0.4207536 -0.449319 0.7880856 0.5873879 -0.1410819 0.7969138 0.4387223 -0.4165316 0.7962566 -0.7286843 -0.6848498 -1.35362e-5 -0.4862008 -0.8738471 -2.50286e-6 -0.7287275 -0.6848039 2.03138e-6 -0.97528 -0.2209731 1.33124e-6 -0.7266793 0.6869769 9.11395e-6 -0.4838044 0.8751763 1.00494e-5 -0.7266215 0.687038 -7.57829e-6 -7.20924e-4 -0.9999998 0 -7.21055e-4 -0.9999998 0 -7.21073e-4 -0.9999998 0 4.66552e-4 1 0 4.66551e-4 1 0 4.66552e-4 0.9999999 0 1.07486e-4 0.03152799 0.999503 -5.87924e-4 -0.6186751 0.7856467 1.19839e-5 0.01313793 0.9999138 6.74029e-4 0.6407426 0.7677555 -9.90894e-4 -0.9999995 0 -9.90859e-4 -0.9999995 0 -9.90902e-4 -0.9999995 0 0.9942514 -0.1070706 1.51214e-5 0.994251 -0.1070744 1.09146e-5 0.994252 -0.1070651 2.10505e-5 -0.9981086 -0.06147652 7.2897e-6 -0.9981087 -0.06147384 1.01316e-5 -0.9981089 -0.06147015 1.40905e-5 0.7477209 -0.08053272 0.6591115 -0.7494415 -0.04616594 0.6604591 0 0 1 0 0 1 0 0 1 -0.001566708 -0.9999988 0 -0.001566708 -0.9999989 0 0.8687838 3.19389e-6 0.4951918 0.8687771 4.27218e-6 0.4952034 0.8687768 4.32346e-6 0.495204 -0.8540514 8.06989e-7 0.5201887 -0.8540588 -2.96382e-7 0.5201767 -0.854051 8.6046e-7 0.5201893 4.00434e-4 -3.91377e-6 -1 4.02698e-4 -3.91378e-6 -1 4.02808e-4 -3.91378e-6 -1 2.95974e-4 -1 1.68887e-4 -2.95979e-4 1 -1.57182e-4 -0.3328854 -0.699419 0.6324559 -0.3226551 -4.60013e-5 0.9465166 -0.4701014 5.57704e-6 0.8826125 -0.332907 0.6994256 0.6324372 -0.2326365 0.6929522 0.6824204 -0.7979137 1.27628e-5 0.6027717 -0.5237841 0.6852293 0.5060744 -0.5927776 0.6693966 0.447798 -0.5237405 -0.6852684 0.5060665 -0.6961488 -1.96102e-5 0.7178977 0.8687837 -0.4951919 7.92455e-5 0.868781 -0.4951965 7.89753e-5 0.8687838 -0.4951917 7.92575e-5 -0.8540553 -0.5201823 7.9822e-5 -0.8540542 -0.5201843 7.94849e-5 -0.8540541 -0.5201844 7.94696e-5 3.9478e-4 1 -1.55946e-4 3.9478e-4 1 -1.5609e-4 3.9478e-4 1 -1.56097e-4 3.64996e-4 -3.36779e-4 -0.9999999 -3.67875e-4 3.38932e-4 1 0.8687815 -0.4951958 7.89693e-5 0.868785 -0.4951894 7.94908e-5 0.8687813 -0.4951961 7.89461e-5 -0.8540554 -0.5201821 7.9486e-5 -0.8540568 -0.52018 7.94922e-5 -0.8540568 -0.5201799 7.94924e-5 4.04652e-4 1 -1.55985e-4 4.04648e-4 1 -1.56003e-4 4.04648e-4 1 -1.56004e-4 3.64998e-4 -3.36781e-4 -0.9999999 -3.67876e-4 3.38929e-4 0.9999999 0.8687846 4.33804e-6 0.4951902 0.8687845 4.33934e-6 0.4951904 0.8687845 4.33941e-6 0.4951905 -0.8540593 -2.71358e-7 0.5201756 -0.8540516 8.03778e-7 0.5201885 -0.8540598 -3.23462e-7 0.520175 4.03484e-4 -3.9138e-6 -1 4.02971e-4 -3.91431e-6 -1 4.02946e-4 -3.91433e-6 -1 2.86107e-4 -1 1.63035e-4 -3.05851e-4 1 -1.63038e-4 0.868792 -0.4951773 6.25628e-5 0.8687897 -0.4951814 6.23455e-5 0.8687921 -0.4951772 6.25703e-5 -0.854056 -0.5201811 6.30033e-5 -0.8540494 -0.520192 6.23154e-5 -0.8540492 -0.5201924 6.22912e-5 3.94772e-4 1 -1.23112e-4 3.94775e-4 1 -1.23229e-4 3.94775e-4 1 -1.23233e-4 3.64994e-4 -3.36775e-4 -1 -3.67878e-4 3.38926e-4 0.9999999 0.868792 -0.4951773 6.25614e-5 0.8687897 -0.4951814 6.23272e-5 0.8687921 -0.4951772 6.25694e-5 -0.8540558 -0.5201814 6.29727e-5 -0.8540452 -0.5201991 6.19196e-5 -0.8540447 -0.5201997 6.18826e-5 3.94768e-4 1 -1.23162e-4 3.94775e-4 1 -1.23159e-4 3.94775e-4 1 -1.23159e-4 3.64994e-4 -3.36775e-4 -0.9999999 -3.67875e-4 3.38923e-4 0.9999999 -0.3328852 -0.6994197 0.6324553 -0.3226535 -4.73585e-5 0.9465172 -0.4701008 4.57086e-6 0.8826128 -0.3329076 0.6994242 0.6324385 -0.2326338 0.6929526 0.6824208 -0.7979134 1.16125e-5 0.6027721 -0.5237846 0.6852287 0.5060744 -0.5927774 0.6693968 0.4477979 -0.5237393 -0.685271 0.5060641 -0.6961494 -2.15419e-5 0.717897 -0.3328852 -0.6994193 0.6324558 -0.3226545 -4.79403e-5 0.9465169 -0.4701009 5.66327e-6 0.8826127 -0.3329073 0.6994253 0.6324375 -0.2326365 0.6929523 0.6824203 -0.7979134 1.22853e-5 0.6027722 -0.523784 0.6852293 0.5060744 -0.5927774 0.6693967 0.447798 -0.5237398 -0.6852694 0.5060658 -0.6961486 -2.01421e-5 0.7178977 -0.3328856 -0.6994193 0.6324555 -0.3226552 -4.57589e-5 0.9465166 -0.4701011 6.32447e-6 0.8826126 -0.3329066 0.6994256 0.6324373 -0.2326363 0.6929529 0.6824197 -0.7979139 1.16341e-5 0.6027716 -0.5237841 0.6852286 0.5060752 -0.5927786 0.6693951 0.4477989 -0.52374 -0.6852706 0.506064 -0.6961495 -2.094e-5 0.7178969 0.7118483 0 -0.7023333 0.5242605 0 -0.851558 0.5242577 0 -0.8515598 -9.97055e-7 0 1 0.2067489 2.84051e-5 0.9783941 -2.01535e-7 0 1 1 2.98599e-4 0 0.9811493 2.92282e-4 0.1932512 -0.2067511 -3.11433e-5 0.9783936 -0.2067823 -3.96134e-5 0.9783871 -0.981148 -2.9375e-4 0.1932579 -1 -2.99009e-4 0 -0.981148 -2.87139e-4 0.1932585 0.9958214 0 -0.09132289 0.9958214 0 -0.09132283 0.1551533 0 -0.9878904 0.155154 0 -0.9878903 -1 -2.99075e-4 0 -0.981147 -2.86906e-4 -0.1932628 0.9958214 0 0.09132367 0.9811487 2.86473e-4 -0.1932544 0.9811502 2.92282e-4 -0.193247 0.2067478 2.84052e-5 -0.9783943 3.37565e-7 0 -1 1.65065e-7 0 -1 -0.2067839 -3.94775e-5 -0.9783867 -0.5768802 -1.18171e-4 -0.8168289 -0.5768948 -1.40226e-4 -0.8168186 -0.840151 -2.18493e-4 -0.5423524 -0.8401544 -2.38619e-4 -0.5423472 -0.9811487 -2.93916e-4 -0.1932542 0.2067756 3.99705e-5 0.9783884 0.5768383 1.20937e-4 0.8168584 0.5768488 1.43732e-4 0.8168511 0.8401318 2.21387e-4 0.5423823 0.8401338 2.38408e-4 0.5423792 0.9811495 2.86473e-4 0.1932502 -0.576881 -1.17559e-4 0.8168282 -0.5768919 -1.39945e-4 0.8168205 -0.840151 -2.17958e-4 0.5423524 -0.8401534 -2.38619e-4 0.5423488 0.2067767 3.99704e-5 -0.9783883 0.5768377 1.20937e-4 -0.8168588 0.5768516 1.43731e-4 -0.816849 0.8401318 2.21387e-4 -0.5423823 0.840135 2.38408e-4 -0.5423774 -0.2067496 -3.08011e-5 -0.9783939 2.72608e-6 -1 7.24687e-6 8.58279e-6 -1 3.21978e-6 6.86698e-6 -1 2.25145e-6 -2.90571e-7 -1 5.45883e-6 5.26321e-6 -1 1.59014e-5 0 -1 -3.42863e-6 4.16439e-6 -1 -6.32369e-7 4.41212e-6 -1 -7.06318e-7 4.655e-6 -1 -1.8152e-6 2.8105e-6 -1 -2.55762e-6 3.57391e-6 -1 0 4.48345e-6 -1 -3.21788e-6 8.90515e-6 -1 -3.5863e-6 2.72609e-6 -1 -7.24686e-6 8.58279e-6 -1 -3.21979e-6 5.26322e-6 -1 -1.59014e-5 -2.90564e-7 -1 -5.45884e-6 0 -1 3.42862e-6 4.1644e-6 -1 6.32369e-7 4.41212e-6 -1 7.06318e-7 3.57391e-6 -1 0 2.81048e-6 -1 2.55763e-6 4.48342e-6 -1 3.21786e-6 8.90513e-6 -1 3.58629e-6 1.01539e-5 -1 1.98028e-6 6.7128e-6 -1 2.31552e-6 7.25728e-6 -1 3.97952e-6 6.86699e-6 -1 -2.25144e-6 6.71281e-6 -1 -2.31552e-6 4.65502e-6 -1 1.8152e-6 1.0549e-5 -1 0 1.0549e-5 -1 0 7.25729e-6 -1 -3.97952e-6 1.01539e-5 -1 -1.98029e-6 3.83205e-6 -1 -5.03194e-7 -1.18678e-6 -1 2.75451e-6 -1.12298e-5 -1 -1.18668e-5 5.12328e-6 -1 -1.75987e-6 1.08862e-5 -1 0 5.20803e-6 -1 0 3.83206e-6 -1 5.03192e-7 -1.18677e-6 -1 -2.46617e-6 6.98723e-6 -1 7.63706e-7 5.12327e-6 -1 9.11399e-7 0.5242584 0 0.8515594 0.1551544 0 0.9878903 0.5242602 0 0.8515582 3.32708e-7 0 -1 4.12593e-7 0 -1 0.9833211 0 -0.1818783 0.983321 0 -0.181879 0.7118472 0 0.7023344 0.7118458 0 0.7023358 -0.1551296 0 0.9878941 -2.05933e-7 0 1 -1.66253e-7 0 1 -0.5241983 0 0.8515964 -0.1551325 0 0.9878937 0.9833211 0 0.1818784 0.9958214 0 0.0913226 -0.9958195 0 0.09134429 -0.9958199 0 0.09133958 -0.7117863 0 0.7023962 -0.5242034 0 0.8515931 -0.155129 0 -0.9878942 -0.5241984 0 -0.8515963 -0.5242026 0 -0.8515936 -0.155131 0 -0.9878939 -0.9833142 0 0.181916 -0.983314 0 0.1819167 -0.7117869 0 -0.7023956 -0.7117869 0 -0.7023955 -0.9958195 0 -0.09134447 0.1551575 0 0.9878898 -0.9833141 0 -0.1819164 -0.9958199 0 -0.09133976 7.6611e-6 -0.5242675 -0.8515537 7.68828e-6 -0.5242666 -0.8515543 1.02569e-5 -0.7118605 -0.7023209 2.5953e-7 0 1 -4.25752e-7 0 1 -2.59239e-5 -0.2067464 0.9783946 -2.87489e-4 -1 0 -2.87489e-4 -1 0 2.83394e-5 0.206752 0.9783934 3.79212e-5 0.2067861 0.9783862 2.87485e-4 1 0 2.87485e-4 1 0 2.87485e-4 1 0 3.90249e-6 -0.1551582 -0.9878897 3.57201e-6 -0.155149 -0.9878911 2.87486e-4 1 0 2.87485e-4 1 0 -2.87488e-4 -1 0 -2.58929e-5 -0.2067476 -0.9783944 4.99215e-7 0 -1 6.07798e-7 0 -1 3.86689e-5 0.2067867 -0.9783861 1.34274e-4 0.5768964 -0.8168174 1.16077e-4 0.5768769 -0.8168311 2.22783e-4 0.840158 -0.5423417 2.044e-4 0.8401563 -0.5423443 2.65669e-4 0.9253007 -0.3792343 2.45923e-4 0.9253125 -0.3792054 -3.68506e-5 -0.2067762 0.9783883 -1.141e-4 -0.5768368 0.8168595 -1.33407e-4 -0.5768538 0.8168475 -2.03993e-4 -0.8401375 0.5423736 -2.22819e-4 -0.8401399 0.5423699 -2.45731e-4 -0.9253188 0.3791902 1.16298e-4 0.5768756 0.8168321 1.34783e-4 0.576895 0.8168184 2.03996e-4 0.8401557 0.5423454 2.22823e-4 0.8401574 0.5423426 2.45728e-4 0.9253125 0.3792054 -3.75167e-5 -0.2067767 -0.9783883 -1.34265e-4 -0.5768547 -0.8168469 -1.14422e-4 -0.5768384 -0.8168583 -2.22883e-4 -0.8401405 -0.542369 -2.04017e-4 -0.840138 -0.5423727 -2.6642e-4 -0.9253067 -0.3792195 -2.45723e-4 -0.9253188 -0.3791902 2.90397e-5 0.2067526 -0.9783933 1 2.88161e-5 8.01303e-7 1 5.10551e-6 2.64381e-6 1 1.35077e-5 1.10241e-6 1 4.38878e-6 0 1 2.71749e-5 -7.61435e-7 1 4.63762e-7 0 1 5.13941e-7 0 1 9.42786e-6 9.56899e-7 1 2.4923e-5 -8.06116e-6 1 2.06442e-5 -6.56429e-6 1 2.8471e-5 7.18363e-6 1 1.40985e-5 4.38756e-6 1 6.76542e-6 1.88563e-6 1 2.81707e-5 2.28851e-6 1 3.33153e-5 -8.01308e-7 1 2.7548e-5 7.61437e-7 1 1.42921e-5 -1.10241e-6 1 5.98959e-6 0 1 5.13946e-7 0 1 4.63762e-7 0 1 2.98416e-6 0 1 1.77951e-5 -9.56904e-7 1 1.28743e-5 -4.38756e-6 1 2.14286e-5 6.56428e-6 1 2.50057e-5 -7.18364e-6 1 2.02956e-5 -2.28853e-6 1 5.71515e-6 -1.88563e-6 1 2.98423e-6 0 1 2.73032e-6 3.22918e-6 1 2.98416e-6 0 1 7.65829e-6 -2.64381e-6 1 2.73032e-6 -3.22919e-6 1 2.74755e-5 8.06115e-6 1 3.53777e-5 -5.23909e-6 1 2.04121e-5 0 1 2.63604e-5 -2.0163e-6 1 1.45055e-5 0 1 2.42072e-6 3.62695e-6 1 1.49325e-5 0 1 2.63604e-5 2.0163e-6 1 2.42072e-6 -3.62695e-6 1 1.99749e-5 -4.46537e-6 1.86331e-6 -0.1551591 0.9878896 7.25252e-6 -0.5242677 0.8515536 9.15054e-6 -0.5242664 0.8515543 -7.76883e-7 0 -1 -1.94317e-6 0 -1 7.05837e-6 -0.9833196 -0.1818861 1.6217e-5 -0.9833175 -0.1818975 9.1586e-6 -0.9833192 -0.1818887 1.01736e-5 -0.7118602 0.7023213 1.14731e-5 -0.7118595 0.7023219 0 0.155133 0.9878937 3.88994e-7 0 1 9.71788e-7 0 1 0 0.5241965 0.8515974 0 0.1551349 0.9878933 7.05838e-6 -0.9833196 0.1818861 0 -0.9833213 0.1818773 9.1586e-6 -0.9833192 0.1818887 -1.61002e-5 1 0 -1.61002e-5 1 0 -1.61002e-5 1 0 0 0.7117718 0.7024109 0 0.5241948 0.8515984 0 0.5241973 -0.8515968 0 0.5241945 -0.8515986 0 0.1551337 -0.9878935 -2.14252e-7 0.1551318 -0.9878938 -7.05844e-6 0.9833161 0.1819049 0 0.9833177 0.1818966 -9.1585e-6 0.9833158 0.1819074 0 0.7117737 -0.7024089 0 0.7117717 -0.7024109 -1.61002e-5 1 0 -1.61002e-5 1 0 3.76874e-6 -0.1551501 0.9878909 -7.05848e-6 0.983316 -0.1819061 -1.6217e-5 0.9833139 -0.1819174 -9.15859e-6 0.9833155 -0.1819087 1.54719e-5 -0.7118618 -0.7023196 1.25537e-5 -0.5242663 -0.8515543 8.36392e-6 -0.5242702 -0.851552 0 0 1 3.41547e-5 -0.206745 0.9783949 0 0 1 3.16234e-4 -1 0 3.16234e-4 -1 0 3.16234e-4 -1 0 -3.41486e-5 0.2067524 0.9783933 -4.34456e-5 0.2067825 0.978387 -3.16234e-4 1 0 -3.16234e-4 1 0 -3.16234e-4 1 0 1.61002e-5 -1 0 1.61002e-5 -1 0 1.61002e-5 -1 0 2.74451e-6 -0.1551553 -0.9878901 3.55464e-6 -0.1551508 -0.9878908 -3.16234e-4 1 0 3.16234e-4 -1 0 3.16234e-4 -1 0 3.43468e-5 -0.2067455 -0.9783949 1.37917e-7 0 -1 -4.47727e-7 0 -1 -4.41873e-5 0.2067831 -0.9783868 -1.29922e-4 0.5768803 -0.8168287 -1.50568e-4 0.5768938 -0.8168191 -2.30744e-4 0.8401532 -0.5423493 -2.50059e-4 0.8401564 -0.5423443 -2.75996e-4 0.9253105 -0.3792102 -2.92161e-4 0.9253012 -0.3792331 4.48852e-5 -0.2067767 0.9783882 1.35233e-4 -0.5768376 0.816859 1.54191e-4 -0.5768543 0.8168472 2.33305e-4 -0.8401356 0.5423764 2.50177e-4 -0.8401393 0.5423707 2.75804e-4 -0.9253165 0.3791959 -1.30118e-4 0.5768793 0.8168295 -1.50179e-4 0.5768929 0.8168199 -2.30255e-4 0.8401528 0.5423497 -2.50043e-4 0.8401561 0.5423446 -2.75327e-4 0.9253105 0.3792102 4.53628e-5 -0.2067773 -0.9783881 1.35121e-4 -0.5768384 -0.8168582 1.539e-4 -0.5768553 -0.8168464 2.33301e-4 -0.840136 -0.5423759 2.50157e-4 -0.8401396 -0.5423703 2.75795e-4 -0.9253165 -0.3791959 2.9291e-4 -0.9253064 -0.3792203 -3.44277e-5 0.2067531 -0.9783932 -1 -4.94068e-5 5.64315e-6 -1 -2.30322e-5 2.08219e-6 -1 -1.38564e-5 -2.33196e-6 -1 -1.54258e-5 0 -1 -3.81395e-5 1.04216e-5 -1 0 0 -1 1.30003e-7 0 -1 -4.89999e-5 5.65234e-6 -1 -2.29599e-5 2.08417e-6 -1 -1.37665e-5 -2.33038e-6 -1 -1.51522e-5 1.2176e-7 -1 -3.79842e-5 1.04276e-5 -1 0 0 -1 0 0 -1 -4.88838e-5 -5.64315e-6 -1 -2.29832e-5 -2.08219e-6 -1 -3.8216e-5 -1.04215e-5 -1 -1.53905e-5 0 -1 -2.04119e-7 0 -1 -4.92815e-5 -5.65235e-6 -1 -2.29992e-5 -2.08416e-6 -1 -3.80606e-5 -1.04276e-5 -1 -1.54217e-5 -1.21761e-7 -1 2.04099e-7 0 -1 -2.68724e-5 0 -1 -2.91003e-5 0 -1 -1.86509e-7 0 -1 -1.36968e-5 2.33196e-6 -1 -2.68724e-5 0 -1 -1.37666e-5 2.33039e-6 -1 -2.91002e-5 0 -1 4.92653e-6 -7.93631e-6 -1 -9.88883e-6 -3.20066e-6 -1 -1.31989e-5 0 -1 -2.68727e-5 0 -1 -3.12518e-5 0 -1 -4.23288e-5 2.86729e-6 -1 -9.92667e-6 3.20066e-6 -1 -4.23288e-5 -2.86728e-6 -1 -3.54762e-5 -5.23873e-6 9.08226e-6 -0.5242704 0.851552 2.13158e-6 -0.1551561 0.9878901 1.06721e-5 -0.5242664 0.8515543 4.8301e-7 0 -1 1.03804e-6 0 -1 2.49412e-5 -0.9833191 -0.1818889 2.29406e-5 -0.9833195 -0.1818866 3.16648e-5 -0.9833177 -0.1818967 1.57763e-5 -0.7118607 0.7023207 2.13193e-5 -0.7118522 0.7023293 -5.20208e-7 0 1 -7.48128e-6 0.1551254 0.9878948 -2.41906e-7 0 1 -5.37869e-6 0.1551402 0.9878925 -1.4559e-5 0.5241901 0.8516013 2.4887e-5 -0.9833192 0.1818886 2.2766e-5 -0.9833196 0.1818863 1.56378e-5 -0.9833211 0.1818785 -2.41505e-5 1 0 -2.41509e-5 1 0 -2.41511e-5 1 0 -1.45637e-5 0.5241969 0.8515972 -1.90953e-5 0.7117701 0.7024125 -4.12991e-6 0.1551394 -0.9878927 -1.40434e-5 0.5241901 -0.8516013 -1.46114e-5 0.5241969 -0.8515971 -4.78427e-6 0.1551246 -0.987895 -2.70403e-5 0.9833168 0.1819009 -2.80116e-5 0.9833166 0.1819026 -3.12765e-5 0.9833155 0.1819084 -1.94359e-5 0.7117712 -0.7024114 -2.15692e-5 0.7117697 -0.7024129 -2.41509e-5 1 0 -2.41503e-5 1 0 3.15921e-6 -0.1551517 0.9878907 -2.73591e-5 0.9833168 -0.1819015 -2.83901e-5 0.9833164 -0.1819033 -2.38935e-5 0.9833179 -0.1818956 0.4413658 -0.2829526 -0.8515481 0.4413648 -0.2829511 -0.851549 0.5992966 -0.3841979 -0.7023072 5.09636e-7 0 1 0.1740353 -0.1116155 0.9783935 0.1740505 -0.1116123 0.9783911 0.841701 -0.5399439 0 0.825837 -0.5297634 0.1932458 -0.1740577 0.1116231 0.9783886 -0.8258376 0.5297597 0.1932536 -0.8258337 0.5297663 0.1932525 -0.8417004 0.5399448 0 0.8418615 -0.5396937 0 0.8383429 -0.5374386 -0.09132868 0.8383417 -0.5374405 -0.09132981 0.1306199 -0.08373951 -0.9878897 0.130617 -0.08373558 -0.9878905 -0.8417005 0.5399447 0 -0.8258327 0.5297662 -0.1932567 0.8383426 -0.5374388 0.09133076 0.8418616 -0.5396936 0 0.8258337 -0.5297657 -0.1932539 0.8258378 -0.5297639 -0.1932417 2.54818e-7 0 -1 0 0 -1 0.1740496 -0.111613 -0.9783912 -0.1740351 0.1116191 -0.978393 -0.1740577 0.1116235 -0.9783886 -0.485596 0.3114504 -0.8168202 -0.4855747 0.3114591 -0.8168295 -0.707175 0.4536116 -0.5423468 -0.7071629 0.4536247 -0.5423517 -0.825838 0.5297605 -0.1932496 0.4855439 -0.3114408 0.8168547 0.4855616 -0.3114213 0.8168518 0.7071462 -0.453621 0.5423766 0.7071591 -0.4536073 0.5423713 0.8258343 -0.5297662 0.1932498 -0.1740344 0.1116188 0.9783932 -0.4855729 0.3114593 0.8168305 -0.4855958 0.3114494 0.8168207 -0.7071619 0.4536257 0.5423521 -0.7071751 0.4536113 0.542347 0.1740353 -0.1116158 -0.9783935 0.4855616 -0.3114223 -0.8168514 0.4855453 -0.3114413 -0.8168538 0.7071591 -0.4536078 -0.5423708 0.7071464 -0.4536214 -0.5423759 0.5396931 0.8418619 4.47146e-6 0.5397006 0.8418571 2.70292e-6 0.5396998 0.8418576 2.66945e-6 0.5397106 0.8418507 1.78933e-6 0.5396991 0.8418581 4.44178e-6 0.5396968 0.8418596 1.97779e-6 0.5397086 0.841852 4.82105e-6 0.5396954 0.8418605 2.89979e-6 0.5396827 0.8418686 -1.03235e-5 0.5396879 0.8418653 -7.08373e-6 0.5396996 0.8418577 5.1405e-6 0.5397011 0.8418568 8.50905e-6 0.5397068 0.841853 1.28216e-6 0.5397009 0.8418568 4.8663e-6 0.5396922 0.8418624 -4.47145e-6 0.5396977 0.8418589 -4.44177e-6 0.5397003 0.8418573 -2.66945e-6 0.5397115 0.8418502 -1.78933e-6 0.5397083 0.8418521 -4.82105e-6 0.5396965 0.8418598 -1.97779e-6 0.539691 0.8418633 -5.96812e-6 0.5397 0.8418574 -5.27132e-6 0.5397017 0.8418565 -8.50906e-6 0.5396924 0.8418624 -3.31762e-6 0.539699 0.8418582 -5.1405e-6 0.5397 0.8418574 -4.86629e-6 0.5397067 0.8418532 -1.28216e-6 0.5397078 0.8418526 -1.49213e-6 0.5397004 0.8418572 9.94888e-7 0.5397002 0.8418574 5.78865e-7 0.5396917 0.8418627 5.96811e-6 0.539694 0.8418613 0 0.5396939 0.8418614 0 0.5397018 0.8418563 -2.70293e-6 0.539703 0.8418555 -3.99169e-6 0.5396884 0.8418649 0 0.5397071 0.8418528 0 0.5397075 0.8418526 0 0.5397053 0.8418541 -9.94884e-7 0.5397081 0.8418523 1.49213e-6 0.5397031 0.8418555 3.07563e-6 0.5396987 0.8418583 0 0.5397019 0.8418563 -4.53189e-7 0.5396983 0.8418586 0 0.5396981 0.8418586 2.44656e-6 0.5396935 0.8418616 0 0.5397018 0.8418563 3.37388e-7 0.5396918 0.8418627 -3.6992e-6 0.5396802 0.8418701 -1.08129e-6 0.539704 0.8418548 -1.24913e-5 0.1306227 -0.08373969 0.9878894 0.4413663 -0.2829523 0.8515479 0.4413646 -0.2829517 0.851549 -2.04301e-6 0 -1 0 0 -1 0.8278159 -0.5306951 -0.1818896 0.8278144 -0.5306994 -0.1818834 0.5992948 -0.3841982 0.7023087 0.5992944 -0.3841983 0.702309 -0.1306001 0.08372765 0.9878935 -0.4412987 0.2829132 0.851596 -0.1306014 0.08372825 0.9878932 0.8278161 -0.5306948 0.181889 0.838342 -0.5374403 0.09132713 -0.8418543 0.539705 0 -0.8383395 0.5374434 0.09133183 -0.8383369 0.5374485 0.09132552 -0.59921 0.3841414 0.7024122 -0.4412953 0.2829051 0.8516004 -0.4413003 0.2829142 -0.8515948 -0.4412964 0.2829049 -0.8515999 -0.1306002 0.08372807 -0.9878934 -0.1306014 0.08372974 -0.9878931 -0.8278198 0.5306825 0.1819078 -0.8278161 0.5306932 0.1818934 -0.5992124 0.3841413 -0.7024101 -0.5992068 0.3841274 -0.7024226 -0.841854 0.5397053 0 -0.8383362 0.5374498 -0.09132599 0.1306169 -0.08373624 0.9878904 -0.8383396 0.5374432 -0.09133225 -0.8278157 0.5306937 -0.1818943 0.8687806 1.71471e-6 0.4951971 0.8687757 2.03617e-6 0.4952061 0.8687754 2.04297e-6 0.4952062 -0.8540588 0 0.5201767 -0.8540645 -1.80898e-7 0.5201672 -0.8540587 0 0.5201769 2.26913e-4 -1 1.33773e-4 -2.26916e-4 1 -1.30429e-4 3.03158e-6 -0.8687795 0.4951991 3.29639e-6 -0.8687832 0.4951927 3.02152e-6 -0.8687794 0.4951993 0 0.854058 0.520178 1.6083e-7 0.8540575 0.5201786 0 0.8540579 0.520178 -1 -2.46644e-4 1.40587e-4 1 2.2407e-4 -1.40974e-4 0.8687809 1.76577e-6 0.4951966 0.8687793 1.83535e-6 0.4951997 0.8687792 1.83689e-6 0.4951997 -0.8540552 0 0.5201826 -0.8540596 -1.88318e-7 0.5201753 -0.8540551 1.20169e-7 0.5201827 2.2198e-4 -1 1.27085e-4 -2.26914e-4 1 -1.2792e-4 0.868781 1.89582e-6 0.4951965 0.8687802 2.01585e-6 0.4951981 0.8687801 2.01871e-6 0.4951981 -0.8540591 1.231e-7 0.5201761 -0.8540598 0 0.5201751 -0.8540591 1.23543e-7 0.5201762 2.36781e-4 -1 1.37118e-4 -2.46652e-4 1 -1.27921e-4 0.8687812 2.03083e-6 0.4951963 0.8687797 2.01895e-6 0.4951988 0.8687797 2.01865e-6 0.4951989 -0.8540552 0 0.5201824 -0.8540597 -2.12628e-7 0.520175 -0.8540551 0 0.5201826 2.3185e-4 -1 1.28757e-4 -2.36779e-4 1 -1.35444e-4 0.8687844 2.10053e-6 0.4951905 0.8687803 2.61737e-6 0.4951977 0.8687803 2.63129e-6 0.4951979 -0.8540554 0 0.5201823 -0.8540588 -2.27239e-7 0.5201766 -0.8540552 0 0.5201824 2.26915e-4 -1 1.28757e-4 -2.36781e-4 1 -1.34609e-4 2.79829e-6 -0.8687807 0.4951971 3.28786e-6 -0.8687841 0.495191 2.77969e-6 -0.8687806 0.4951973 3.56968e-7 0.8540574 0.5201789 4.04278e-7 0.8540578 0.5201782 3.55137e-7 0.8540574 0.520179 -1 -2.46435e-4 1.28951e-4 1 2.24071e-4 -1.29338e-4 3.03159e-6 -0.8687829 0.4951932 3.2964e-6 -0.8687847 0.49519 3.02153e-6 -0.8687828 0.4951933 0 0.8540573 0.5201789 1.6083e-7 0.8540579 0.5201782 0 0.8540574 0.5201789 -1 -2.46646e-4 1.28951e-4 1.2264e-5 -0.8687847 0.49519 1.28376e-5 -0.868785 0.4951898 1.29323e-5 -0.868785 0.4951897 -1.25716e-6 0.8540557 0.5201815 -1.16991e-6 0.8540557 0.5201818 -1.27189e-6 0.8540557 0.5201815 -1 -2.25743e-4 1.29338e-4 1 2.2407e-4 -1.29337e-4 1.2264e-5 -0.8687852 0.4951893 1.28377e-5 -0.8687847 0.4951899 1.29323e-5 -0.8687848 0.49519 -1.03851e-6 0.8540592 0.5201761 3.44206e-7 0.8540561 0.5201811 -1.2719e-6 0.8540597 0.5201752 1 2.14039e-4 -1.3535e-4 1.28377e-5 -0.8687849 0.4951897 1.29323e-5 -0.8687849 0.4951898 -1.25717e-6 0.8540597 0.520175 -1.16992e-6 0.8540598 0.5201749 -1.2719e-6 0.8540597 0.520175 -1 -2.25746e-4 1.29339e-4 1.2264e-5 -0.8687851 0.4951894 1.28376e-5 -0.868785 0.4951898 1.29323e-5 -0.8687849 0.4951897 -1.25716e-6 0.8540555 0.5201821 -1.16991e-6 0.8540554 0.5201821 -1.27189e-6 0.8540555 0.5201821 -1 -2.35776e-4 1.34961e-4 1 2.2407e-4 -1.40972e-4 9.82875e-6 -0.7118575 -0.7023239 6.71143e-4 -0.9253069 0.3792185 -6.91364e-4 0.9253018 0.379231 -1 -8.7615e-6 0 -1 0 0 -1 -7.0578e-6 1.05666e-6 -1 -2.71011e-7 0 -1 -8.7615e-6 0 -1 -7.26213e-6 -1.05671e-6 -1 -5.41843e-7 0 -1 0 0 -1 0 0 -1 -5.42023e-7 0 0 -0.98332 -0.1818845 1.58315e-5 -0.9833186 0.181892 -1.15908e-5 0.7117679 0.7024148 0 0.9833173 0.181899 -1.58871e-5 0.9833158 -0.1819069 0.166742 -0.006997048 -0.9859758 0.9998575 -0.01680266 0.001639008 0.006007492 0.1667813 -0.9859756 0.01086735 0.9999396 0.001630008 0 0 -1 -1.31316e-7 0 -1 -3.45138e-7 7.3031e-7 -1 -2.11105e-7 7.30298e-7 -1 -1.40196e-6 -6.18327e-6 -1 -1.35878e-7 0 1 5.19862e-7 0 1 -3.50108e-7 -4.71997e-7 1 7.11133e-7 -4.71991e-7 1 0 3.99624e-6 1 4.5961e-7 0 -1 -4.59608e-7 0 -1 1.01678e-6 7.30292e-7 -1 0 7.30287e-7 -1 -1.40196e-6 -6.18327e-6 -1 -1.35876e-7 0 1 5.19861e-7 0 1 -3.50107e-7 -4.71996e-7 1 7.11135e-7 -4.71992e-7 1 0 3.99624e-6 1 -2.62637e-7 0 -1 -4.59612e-7 0 -1 -8.5586e-7 7.30293e-7 -1 -3.19729e-7 7.30296e-7 -1 -1.40193e-6 -6.18308e-6 -1 5.16793e-7 0 1 0 0 1 2.7374e-7 -4.72001e-7 1 -2.84457e-7 -4.72008e-7 1 0 3.9962e-6 1 0.002381324 0.9999973 6.91103e-7 0.5141566 0.8576964 0 0.4303849 -0.9026455 0 1.20519e-7 0 1 0 0 1 1.21538e-6 0 1 1.36678e-7 0 1 -1.22159e-6 0 1 2.13099e-7 0 1 2.4281e-6 0 1 -0.514994 -0.8571938 0 -0.002380669 -0.9999973 6.49722e-7 -0.4301632 0.9027512 4.98696e-7 -0.4345846 -0.900631 0 0.434744 0.9005541 1.49689e-6 0.999997 -0.002498924 0 -0.6185604 0.001552283 0.7857357 0.640704 -0.001603424 0.7677865 -0.9999969 0.002509832 0 -0.1080057 -0.9941504 0 -0.06054127 0.9981657 0 -3.86468e-7 0 1 -0.9999969 0.002512335 0 0.5141326 0.8577107 0 -0.9676976 0.252114 -4.83388e-5 0.4303844 -0.9026457 -2.87278e-6 0.9689512 0.2472521 -4.89899e-5 -0.4345166 -0.9006639 2.01186e-6 -0.4300738 0.9027938 0 -0.2576978 0.5407926 0.8007093 0 0 1 0 0 1 0 0 1 0 0 1 0 0 1 0 0 1 -0.5764283 -0.8171477 0 0.003272175 0.9999946 0 0.2801641 -0.5572117 0.7816798 -0.003201723 -0.9999949 9.2089e-7 0.5423873 0.8401286 1.14567e-6 0.001407265 0.9999991 1.28249e-6 8.70622e-4 0.6186271 0.7856843 0 0 1 0 0 1 0 0 1 0 0 1 0 0 1 0 0 1 0 0 1 -0.001268982 -0.9999992 0 0.001248359 0.9999992 0 0.4703158 0.8824983 0 -0.4860706 -0.8739197 -2.9568e-5 -0.4836185 0.875279 -2.86454e-5 -7.20906e-4 -0.9999998 0 4.66551e-4 1 0 -6.13022e-4 -0.6187011 0.7856262 7.99675e-4 0.6406089 0.767867 -9.90852e-4 -0.9999995 0 0.99425 -0.1070845 0 -0.9981082 -0.06148338 0 -0.001566708 -0.9999989 0 0.868784 3.14261e-6 0.4951913 -0.8540592 -3.49853e-7 0.5201761 4.00324e-4 -3.91377e-6 -1 -0.2326295 -0.6929298 0.6824455 -0.5927314 -0.6694523 0.4477759 0.8687809 -0.4951967 7.89633e-5 -0.8540554 -0.5201822 7.98373e-5 3.9478e-4 1 -1.5594e-4 0.8687853 -0.4951892 7.9514e-5 -0.8540554 -0.5201822 7.94857e-5 4.04652e-4 1 -1.55984e-4 0.8687847 4.33798e-6 0.4951902 -0.8540512 8.55881e-7 0.5201891 4.03509e-4 -3.91377e-6 -1 0.8687896 -0.4951815 6.2338e-5 -0.8540562 -0.5201808 6.30275e-5 3.94772e-4 1 -1.23108e-4 0.8687896 -0.4951815 6.23191e-5 -0.8540562 -0.5201808 6.30097e-5 3.94768e-4 1 -1.23162e-4 -0.2326263 -0.692932 0.6824443 -0.5927287 -0.6694545 0.4477761 -0.2326263 -0.6929321 0.6824443 -0.5927304 -0.6694524 0.4477769 -0.2326287 -0.6929304 0.6824452 -0.5927299 -0.6694527 0.4477772 0.711846 0 -0.7023357 1.08862e-5 -1 0 3.31341e-6 -1 0 0 -1 6.66001e-6 6.62713e-6 -1 0 6.98724e-6 -1 -9.5072e-7 2.27608e-5 -1 0 7.59443e-7 -1 -8.47955e-6 -1.12298e-5 -1 1.22917e-5 0 -1 -3.32998e-6 7.59413e-7 -1 4.66478e-6 2.27609e-5 -1 3.33069e-6 0.9833214 0 0.181877 -0.7117823 0 0.7024001 -0.9833139 0 -0.1819171 1.23075e-5 -0.7118602 -0.7023213 -2.87489e-4 -1 0 2.87485e-4 1 0 -2.66442e-4 -0.9253067 0.3792195 2.66438e-4 0.9253007 0.3792343 1 8.2199e-6 0 1 1.15331e-6 0 1 1.33193e-5 0 1 1.94438e-5 4.46537e-6 1 5.80914e-5 -1.45799e-6 1 1.0659e-4 -1.68427e-5 1 8.21991e-6 0 1 3.25096e-5 5.2391e-6 1 3.28775e-6 0 1 -1.33193e-5 0 1 6.25337e-5 1.45799e-6 1 1.0659e-4 1.68427e-5 0 -0.9833213 -0.1818773 1.6217e-5 -0.9833175 0.1818975 0 0.7117717 0.7024109 -1.62168e-5 0.9833142 0.1819157 -1.61002e-5 1 0 0 0.9833176 -0.1818974 2.43648e-5 -0.7118533 -0.7023282 3.16234e-4 -1 0 -3.16234e-4 1 0 1.61002e-5 -1 0 2.92935e-4 -0.9253064 0.3792203 -2.92933e-4 0.9253012 0.3792331 -1 -2.91813e-5 0 -1 2.35934e-5 -1.10538e-5 -1 -1.44171e-7 0 -1 -3.54763e-5 5.23873e-6 -1 -1.66538e-6 0 -1 -2.91813e-5 0 -1 4.89334e-6 7.93632e-6 -1 2.33158e-5 1.10538e-5 -1 -1.4417e-7 0 -1 -1.66538e-6 0 1.6217e-5 -0.9833211 -0.1818788 3.20152e-5 -0.9833178 0.1818963 -2.33923e-5 0.7117686 0.702414 -2.37755e-5 0.983318 0.1818951 -3.18558e-5 0.9833154 -0.1819091 0.5992983 -0.3841981 -0.7023057 0.5397037 0.8418551 -1.64399e-6 0.5396991 0.841858 1.72996e-6 0.5397247 0.8418416 1.99771e-5 0.5396924 0.8418623 3.80546e-6 0.5396802 0.8418703 1.15337e-6 0.5396989 0.8418582 1.3324e-5 0.5397037 0.8418551 1.72909e-6 0.5397031 0.8418554 -3.33876e-6 0.5396966 0.8418597 -1.72996e-6 0.5397306 0.8418379 -1.99772e-5 0.5396977 0.8418589 -2.36783e-6 0.8278153 -0.530698 0.1818829 -0.5992036 0.3841262 0.702426 -0.8278212 0.5306801 -0.1819086 0.8687809 1.70791e-6 0.495197 -0.8540646 -1.86736e-7 0.520167 3.30645e-6 -0.8687834 0.4951925 1.62443e-7 0.8540575 0.5201787 0.868781 1.76423e-6 0.4951966 -0.8540596 -1.95125e-7 0.5201751 0.868781 1.89297e-6 0.4951965 -0.8540598 0 0.5201751 0.8687812 2.03113e-6 0.4951962 -0.8540599 -2.20388e-7 0.5201749 0.8687846 2.08661e-6 0.4951903 -0.8540589 -2.35044e-7 0.5201765 3.30646e-6 -0.8687842 0.4951908 4.06108e-7 0.8540578 0.5201782 3.30646e-6 -0.8687848 0.4951899 1.62443e-7 0.8540577 0.5201781 1.21693e-5 -0.8687847 0.4951902 -1.15518e-6 0.8540556 0.5201818 1.21693e-5 -0.8687852 0.4951893 5.77591e-7 0.8540556 0.520182 -1.15519e-6 0.8540599 0.5201749 1.21693e-5 -0.8687852 0.4951894 -1.15518e-6 0.8540554 0.5201822 -0.3421465 -0.001974701 -0.9396446 -0.3421468 -0.001905262 -0.9396446 -0.3422152 -0.00197643 -0.9396196 -0.8974934 -0.2956365 0.3272686 -0.8974517 -0.2957679 0.3272641 -0.897444 -0.2958733 0.32719 0.005774021 -0.9999834 -2.49909e-6 0.2482987 -0.964645 -0.08836299 0.005766212 -0.9999834 2.97045e-6 0.3421452 0.001974701 0.9396451 0.3421485 0.002048254 0.9396438 0.3422137 0.001974344 0.9396202 -0.005768775 0.9999834 -1.02615e-6 -0.2482945 0.9646458 0.08836525 -0.005769014 0.9999834 -2.4856e-7 0.8962036 0.3000962 -0.3267437 0.8961625 0.3002254 -0.3267377 0.8962115 0.299993 -0.326817 0.899567 -0.2898632 -0.3267392 0.8996084 -0.2897284 -0.3267447 0.8996153 -0.2896232 -0.3268194 0.3421474 0.001900136 0.9396445 0.3420765 0.001972377 0.9396702 -0.9008072 0.2853855 0.327264 -0.9008463 0.2852517 0.327273 -0.9008005 0.2854915 0.3271897 -0.3421452 -0.002045154 -0.9396449 -0.3420765 -0.001967966 -0.9396701 -0.3421492 -0.001894772 -0.9396438 0.3421447 0.002050518 0.9396451 0.2371506 0.9674459 -0.08836328 0.2371498 0.967446 -0.08836436 0.342145 0.001899838 0.9396454 0.3422143 0.001976251 0.93962 -0.2371509 -0.9674458 0.08836376 -0.2371533 -0.967445 0.08836591 -0.3421494 -0.002053618 -0.9396433 -0.3422148 -0.001974403 -0.9396197 0.2371535 0.9674447 -0.08836859 -0.005771219 0.9999834 -4.07516e-7 0.2371509 0.9674456 -0.08836537 0.9002138 -0.2875064 -0.3270402 0.9002915 -0.2873115 -0.3269975 0.9002983 -0.2872058 -0.3270716 0.8969163 0.2976782 -0.3269997 0.8968343 0.2978757 -0.3270448 0.8969241 0.2975731 -0.3270742 0.05477315 -0.9983395 -0.01783764 0.2482998 -0.9646444 -0.08836549 0.005766093 -0.9999834 1.23728e-6 0.05477142 -0.9983395 -0.01784265 0.2483054 -0.9646429 -0.0883665 0.005769133 -0.9999834 -8.54312e-7 0.8972669 0.2964829 -0.3271239 0.8971869 0.2966789 -0.3271659 0.897275 0.2963777 -0.3271969 0.9005531 -0.2862978 -0.3271664 0.9006317 -0.2860994 -0.3271235 0.9006381 -0.285994 -0.3271977 0.2371459 0.9674472 -0.08836191 -0.005775809 0.9999834 3.33869e-7 0.2371484 0.9674465 -0.08836239 0.2371549 0.9674448 -0.0883637 -0.005768954 0.9999834 -1.01388e-6 0.237151 0.9674457 -0.0883646 0.8998749 -0.2887067 -0.3269153 0.8999537 -0.2885098 -0.3268722 0.8999602 -0.2884037 -0.326948 0.8965615 0.2988853 -0.3268717 0.8964809 0.2990797 -0.3269147 0.8965691 0.2987803 -0.3269466 0.05477887 -0.9983392 -0.01784056 0.248305 -0.9646428 -0.08836817 0.005775868 -0.9999834 -5.02766e-6 0.2371509 0.9674457 -0.0883646 -0.005769133 0.9999834 -5.37627e-7 0.237156 0.9674445 -0.08836406 0.8997035 -0.2893111 -0.3268526 0.8997821 -0.2891164 -0.3268089 0.8997887 -0.289011 -0.3268839 0.8963847 0.2994857 -0.3268072 0.8963029 0.2996819 -0.3268517 0.8963927 0.2993803 -0.326882 0.05477833 -0.9983392 -0.01784455 0.2483069 -0.9646421 -0.08837085 0.005774736 -0.9999834 -4.10953e-6 0.05477327 -0.9983395 -0.01783877 0.2483041 -0.9646431 -0.08836758 0.005772948 -0.9999834 -1.57115e-6 0.8967359 0.2982927 -0.3269346 0.8966566 0.2984814 -0.32698 0.8967435 0.298187 -0.32701 0.9000449 -0.2881022 -0.3269807 0.9001215 -0.2879138 -0.326936 0.9001283 -0.28781 -0.3270086 0.2371596 0.9674431 -0.08837026 0.04325127 0.9989049 -0.01784527 -0.005767166 0.9999834 -3.63574e-6 0.05477374 -0.9983395 -0.01784068 0.2482964 -0.9646453 -0.08836477 0.005768358 -0.9999834 -7.21743e-7 0.8970911 0.2970829 -0.3270618 0.8970112 0.2972754 -0.3271058 0.8970988 0.2969788 -0.327135 0.9003831 -0.2869006 -0.3271061 0.9004602 -0.2867065 -0.3270642 0.9004666 -0.2866016 -0.3271384 0.2371543 0.9674448 -0.08836555 -0.005772769 0.9999834 -5.91635e-7 0.2371495 0.9674462 -0.08836382 0.2371469 0.9674469 -0.08836174 -0.005777597 0.9999834 1.91237e-6 0.2371413 0.9674484 -0.08836156 0.9007223 -0.2856928 -0.3272294 0.9008004 -0.285493 -0.3271887 0.900807 -0.2853868 -0.3272633 0.8974433 0.2958791 -0.3271868 0.8973629 0.296076 -0.3272292 0.8974512 0.2957737 -0.3272604 0.05480068 -0.9983378 -0.01785194 0.2482985 -0.9646449 -0.08836418 0.005769312 -0.9999834 -3.04409e-7 -0.8964219 -0.2996106 0.3265906 -0.8964229 -0.2998391 0.3263782 -0.8964247 -0.3003378 0.3259145 0.005767047 -0.9999834 2.47946e-6 0.2482972 -0.9646453 -0.08836209 -0.005771398 0.9999834 3.64308e-6 -0.2483014 0.9646441 0.08836412 -0.2482973 0.9646453 0.08836382 0.8974953 0.2956312 -0.3272681 0.897503 0.2955263 -0.3273419 0.9008502 -0.2852428 -0.32727 0.9008569 -0.2851373 -0.3273435 -0.8998225 0.2894735 0.3263811 -0.8998188 0.2892442 0.3265942 -0.8998301 0.2899737 0.3259159 0.2371503 0.9674466 -0.08835685 -0.2371513 -0.9674456 0.0883643 -0.2371546 -0.9674443 0.08837068 -0.2371594 -0.9674434 0.08836746 -0.2371549 -0.9674444 0.08836799 0.04327434 0.9989038 -0.01784944 -0.8999902 0.2888776 0.3264467 -0.8999868 0.288651 0.3266568 -0.8999977 0.2893694 0.3259903 0.9007158 -0.2857987 -0.3271551 0.8973547 0.2961816 -0.3271561 -0.2482995 0.9646445 0.08836495 0.2483071 -0.9646423 -0.08836871 -0.8965925 -0.2990267 0.3266572 -0.8965936 -0.2992541 0.3264459 -0.8965957 -0.2997477 0.3259872 -0.2371508 -0.967446 0.08836227 -0.2371512 -0.9674459 0.0883612 0.04324537 0.9989052 -0.01784145 -0.900161 0.2882795 0.3265042 -0.9001571 0.2880506 0.3267174 -0.9001696 0.2887762 0.3260418 0.9005466 -0.2864037 -0.3270915 0.897179 0.2967838 -0.3270923 -0.2483014 0.9646443 0.08836293 0.2482932 -0.9646467 -0.08835965 -0.8967701 -0.298428 0.3267173 -0.8967714 -0.2986569 0.3265044 -0.8967741 -0.2991533 0.3260425 -0.896947 -0.2978249 0.3267822 -0.8969483 -0.2980542 0.3265691 -0.8969511 -0.2985514 0.3261073 0.2482967 -0.9646456 -0.08836144 -0.2482994 0.9646449 0.08836209 0.04325222 0.9989048 -0.01784485 0.8970034 0.2973792 -0.3270328 0.9003764 -0.287006 -0.3270319 -0.9003318 0.2876757 0.326566 -0.9003277 0.2874457 0.3267801 -0.9003407 0.2881743 0.3261017 -0.2371562 -0.9674443 0.0883668 -0.2371502 -0.967446 0.08836346 -0.2371493 -0.9674459 0.08836638 -0.2371481 -0.9674457 0.08837294 0.04325425 0.9989047 -0.01784557 -0.9005025 0.2870687 0.3266296 -0.9004983 0.2868387 0.3268431 -0.9005113 0.2875668 0.3261672 0.9002071 -0.2876117 -0.3269662 0.8968264 0.2979836 -0.3269682 -0.2483015 0.9646444 0.08836126 0.248296 -0.9646459 -0.0883603 -0.8971264 -0.2972126 0.326847 -0.8971278 -0.2974427 0.3266336 -0.8971307 -0.297941 0.3261713 -0.8973044 -0.2966074 0.3269081 -0.8973062 -0.2968381 0.3266935 -0.89731 -0.2973374 0.326229 0.2482966 -0.9646459 -0.08835762 -0.2482998 0.9646449 0.0883615 0.896649 0.2985849 -0.3269061 0.9000383 -0.2882059 -0.3269073 -0.900671 0.2864619 0.3266978 -0.9006665 0.2862306 0.3269128 -0.9006805 0.2869625 0.3262321 0.2371554 0.9674445 -0.08836567 -0.2371467 -0.9674471 0.08836132 -0.237149 -0.9674457 0.08837056 -0.8974769 -0.2960144 0.326972 -0.8974787 -0.2962448 0.3267583 -0.8974823 -0.296743 0.3262961 0.2483004 -0.9646446 -0.08836054 -0.2482994 0.9646447 0.08836364 0.04325473 0.9989048 -0.01784271 0.8964732 0.2991846 -0.3268402 0.8998685 -0.2888127 -0.3268393 -0.9008414 0.285859 0.3267561 -0.9008368 0.2856283 0.3269702 -0.9008508 0.2863581 0.3262928 -0.2371467 -0.9674467 0.08836466 -0.2371432 -0.9674472 0.08836871 -0.2371479 -0.9674466 0.08836424 0.0432468 0.9989051 -0.01784348 -0.9007584 0.2856478 0.3271695 -0.9007508 0.2857566 0.327095 0.8996965 -0.2894166 -0.3267787 0.8962945 0.2997879 -0.3267772 -0.2483031 0.9646435 0.08836567 0.2482995 -0.9646448 -0.08836168 -0.8973991 -0.2960301 0.3271714 -0.8973906 -0.2961393 0.3270959 -0.2483029 0.964644 0.08836233 -0.248297 0.9646453 0.08836305 -0.2483088 0.9646423 0.08836305 -0.248303 0.9646437 0.08836418 -0.2483094 0.9646422 0.08836275 -0.2483117 0.9646416 0.08836305 -0.9815392 -0.005666732 -0.1911776 -0.9839529 -0.005680382 -0.178338 -0.9815395 -0.00566864 -0.191176 -0.9838817 -0.005682349 -0.1787301 -0.9815251 -0.005668699 -0.1912494 -0.9815251 -0.00566864 -0.1912494 -0.9838806 -0.00567764 -0.1787365 -0.9815708 -0.005664825 -0.191015 -0.9815699 -0.005668878 -0.1910198 -0.9838811 -0.005675315 -0.1787341 -0.9816178 -0.005662977 -0.190774 -0.9816163 -0.005669176 -0.1907811 -0.9838812 -0.00567466 -0.1787334 -0.9816645 -0.005662083 -0.1905329 -0.9816641 -0.005663514 -0.1905349 -0.9838795 -0.005682289 -0.1787421 -0.98171 -0.005669713 -0.1902983 -0.98171 -0.005669713 -0.1902987 -0.9838801 -0.005679965 -0.1787393 -0.9817559 -0.005667924 -0.1900613 -0.9817554 -0.005669951 -0.1900638 0.3421416 0.00205487 0.9396463 0.3420217 0.002181112 0.9396895 0.3421414 0.001975297 0.9396464 0.342139 0.00205481 0.9396472 0.3420231 0.002178251 0.939689 0.3421385 0.001975953 0.9396475 0.3421369 0.002053618 0.9396479 0.3420223 0.002180278 0.9396894 0.3421371 0.001974523 0.939648 0.3421373 0.002052605 0.9396478 0.3420195 0.002180099 0.9396904 0.3421382 0.001972675 0.9396476 0.3421401 0.002053618 0.9396468 0.3420231 0.002180039 0.939689 0.34214 0.00197339 0.939647 0.342135 0.0020563 0.9396486 0.34202 0.002181649 0.9396902 0.3421341 0.001975953 0.9396491 0.3421342 0.002055406 0.9396489 0.3420161 0.002181768 0.9396916 0.3421345 0.001975238 0.9396489 -0.9726878 -0.005617558 -0.2320494 -0.9724469 -0.005616247 -0.2330572 -0.9722152 -0.005614876 -0.234022 -0.9729281 -0.005618989 -0.23104 -0.9731699 -0.005614578 -0.230019 -0.9734112 -0.005621731 -0.2289959 -0.9736447 -0.005623161 -0.228001 0.7070785 -0.003349363 0.7071272 -2.51513e-7 4.14425e-7 1 0.7070972 -0.003349721 0.7071085 0.9486696 -0.004490375 0.3162371 0.9486765 -0.004487276 0.3162164 0.004722893 0.9999889 0 0.004729986 0.9999889 0 0.004729926 0.9999889 0 0 0 1 0.7070855 -0.003340423 0.7071202 2.50702e-7 -1.4467e-7 1 0.9999889 -0.004723012 -5.86595e-6 0.9999889 -0.004725575 -1.68926e-6 0.9999889 -0.004721641 0 -0.004730045 -0.9999889 0 -0.004722893 -0.9999889 0 -0.004730045 -0.9999889 0 0.00187999 0.3982713 0.9172657 0.8097368 0.2304943 0.5396286 0.6289409 0.3071344 0.7142141 0.9999889 -0.004725754 0 0.9999889 -0.004721701 0 0.9999889 -0.004723906 0 0.9999889 -0.004725515 0 -6.50255e-7 0 -1 -0.7071124 0.003340363 -0.7070934 -0.7070979 0.003341019 -0.7071078 -7.04927e-7 0 -1 -0.7071016 0.003341138 -0.7071042 -0.9999889 0.004725039 0 -0.9999889 0.00472486 0 -0.9999889 0.004723846 0 -0.9999889 0.004725039 0 -0.9999889 0.004724442 0 -0.9999889 0.00472337 0 -0.9999889 0.004723846 0 -0.9999889 0.00472337 0 -0.7070817 0.003339827 -0.707124 5.35386e-7 -3.6752e-7 1 0.7070945 -0.003346264 0.7071112 -0.004713952 -0.9999889 0 -0.004713952 -0.999989 0 -0.004713952 -0.999989 0 0.9999889 -0.004733264 0 0.9999888 -0.004732906 0 -0.004713952 -0.9999889 0 -0.004713952 -0.999989 0 -1.5241e-6 0 -1 -0.004719316 -0.9999889 0 -0.004720985 -0.9999889 9.07903e-7 -0.004726707 -0.9999889 3.99954e-6 -0.004730045 -0.9999889 5.81537e-6 -0.9999889 0.004722535 0 -0.9999889 0.004722833 0 -0.9999889 0.004722535 0 -0.9999889 0.004722833 0 -0.9999889 0.004723072 0 0.004719316 0.9999889 0 0.004719316 0.9999889 0 0.004719316 0.9999889 0 0.004719316 0.9999889 0 -0.9999889 0.004724383 0 -0.9999889 0.004724383 0 -0.9999889 0.004724323 0 -0.9999889 0.004724383 0 -0.9999889 0.004724264 0 0.004740774 0.9999888 0 0.004740774 0.9999888 0 0.004724681 0.9999889 0 0.004740774 0.9999888 0 0.004724681 0.9999889 0 0.004740774 0.9999888 0 0.00471574 0.999989 0 0.004708588 0.9999889 0 0.004719316 0.9999889 0 0.9999889 -0.004724442 0 0.7071044 -0.003340601 0.7071014 0.7070978 -0.003340721 0.7071079 0 0 1 -2.83894e-7 0 1 -0.004719316 -0.9999889 0 -0.004719316 -0.9999889 0 -0.004719316 -0.9999889 0 -0.9999889 0.004724323 0 -0.9999889 0.004724323 0 -0.9999889 0.004724323 0 -1.53011e-6 4.85404e-7 -1 1.29815e-7 0 -1 -4.03876e-7 -4.04312e-7 -1 -4.11839e-7 2.75012e-7 -1 0 -5.65637e-7 -1 0.9999889 -0.004730165 1.94134e-6 0.9999889 -0.004723787 5.9729e-7 0.9999889 -0.004723966 7.03582e-7 0.9999889 -0.004730105 1.12519e-6 7.77224e-7 -6.08803e-7 -1 0.9999889 -0.004724681 0 -1.36087e-6 0 -1 3.73633e-7 -1.28389e-6 -1 -0.004724681 -0.9999889 0 -0.7071191 0.003331065 -0.7070868 -0.3162224 0.0014894 -0.948684 3.31834e-7 0 -1 0.9999888 -0.004740297 -1.10114e-6 0.9999888 -0.004737794 0 0.9999889 -0.004737675 0 -0.004730045 -0.9999889 0 -0.004730045 -0.9999889 0 -0.6734313 0.003187656 0.739243 0.6658847 -0.435215 0.6059584 0.653456 -0.656659 0.3765559 0.9999887 -0.004757285 8.01584e-6 -0.004542291 -0.9613124 0.2754229 -0.004546642 -0.9612935 0.275489 -0.999988 0.004907488 3.03996e-5 -0.9999888 0.004735469 1.4304e-5 -0.004092216 -0.8664855 0.4991855 0.6742627 -0.2111189 0.7076714 -0.002739965 -0.5805559 0.8142159 0.6736388 -0.1042262 0.7316747 -0.001330554 -0.2818942 0.9594446 -0.4151402 0.001966059 0.9097554 0.7070893 -0.00334078 0.7071164 -4.45548e-7 0 1 0.7070975 -0.00334084 0.7071082 0.9999889 -0.004724681 0 0.004721343 0.9999889 -6.73487e-6 0.004728078 0.9999889 -2.95646e-5 0.004730045 0.9999889 -3.62995e-5 -0.9999889 0.004722297 2.12875e-5 -0.9999889 0.004725217 3.15805e-7 -0.9999889 0.004725217 0 -0.004729986 -0.9999889 0 -0.004729986 -0.9999889 0 -0.004729986 -0.9999889 0 -7.31527e-7 4.53813e-7 1 0.707119 -0.003340661 0.7070867 -5.63456e-7 0 1 0.7070977 -0.003341138 0.707108 0.7071219 -0.003340661 0.7070838 0.9999889 -0.004705786 -2.23679e-5 0.9999891 -0.004691123 0 0.9999891 -0.004691123 0 0.665883 -0.435211 0.6059631 0.6535022 -0.6566323 0.3765221 0.999989 -0.004696667 1.12627e-5 -0.673491 0.00317049 0.7391887 -0.004719257 -0.9999889 0 -0.004719257 -0.9999889 0 -0.004719257 -0.9999889 0 -0.004546761 -0.9612945 0.2754855 -0.004536986 -0.9613248 0.2753798 -0.9999895 0.00460273 7.9933e-5 -0.9999889 0.00471276 2.89805e-5 -0.004095315 -0.8664661 0.4992195 0.6742964 -0.2111331 0.7076349 -0.002741098 -0.5805518 0.8142188 0.6736654 -0.1042139 0.7316519 -0.001331329 -0.2818933 0.9594449 -0.4151438 0.001938104 0.9097537 -0.999989 0.004715383 5.36052e-6 -0.9999889 0.004725158 0 -0.9999889 0.004725158 0 -1.28032e-7 0 1 0 0 1 0.7070944 -0.003341257 0.7071113 0 0 1 -0.7071195 0.003333806 -0.7070862 -0.004730045 -0.9999889 0 0.6658864 -0.4352198 0.605953 0.6535917 -0.6565766 0.3764641 0.9999889 -0.004707813 -1.36773e-5 0.999989 -0.00471127 -8.09737e-6 0.999989 -0.004709899 0 0.999989 -0.004709601 0 0.7070989 -0.003341197 0.7071069 0.7071012 -0.003341257 0.7071045 -0.4150925 0.001962304 0.9097772 0 0 1 0.6736225 -0.1041813 0.731696 -0.001334726 -0.2818884 0.9594463 0.6742792 -0.211098 0.7076618 -0.6734316 0.003167629 0.7392428 -0.9999895 0.004601418 8.0993e-5 -0.9999891 0.004691183 4.34644e-6 -0.00274837 -0.5805153 0.8142447 -0.004096806 -0.8664774 0.4991996 -0.004541933 -0.9613205 0.2753949 -0.00454694 -0.9613076 0.2754399 -0.999989 0.004715442 -5.88245e-7 -0.7071179 0.003334045 -0.7070878 -0.004730045 -0.9999889 0 -0.004730045 -0.9999889 0 -0.004730045 -0.9999889 0 -0.004713952 -0.999989 0 -0.004713952 -0.999989 0 -0.004713952 -0.9999889 0 -8.80455e-7 2.28492e-7 1 0.7070983 -0.003340542 0.7071074 -4.60306e-7 0 1 -0.9999889 0.004724144 0 -0.9999889 0.004724144 0 -0.9999889 0.004737019 0 -0.9999888 0.004737257 0 -0.9999889 0.0047369 0 -0.004708528 -0.9999889 0 -0.004708528 -0.9999889 0 -0.004708528 -0.999989 0 0.004708468 0.9999889 0 0.004708468 0.9999889 0 0.004708468 0.999989 0 0.7071046 -0.003344953 0.7071011 -3.31707e-7 0 1 0.7070986 -0.003344655 0.7071071 0.7070945 -0.003340482 0.7071112 0.7071001 -0.003340542 0.7071056 0.004730045 0.9999889 0 0.004730045 0.9999889 0 0.004730045 0.9999889 0 -0.004730045 -0.9999889 0 -0.004730045 -0.9999889 0 -0.004730045 -0.9999889 0 0.9999888 -0.004737198 0 -4.23953e-7 0 1 -0.9999888 0.004754364 -3.90928e-6 -0.9999889 0.004724264 0 -0.9999889 0.004724264 0 -0.4150794 0.001990258 0.9097831 -0.6735001 0.003200829 0.7391803 -0.9999893 0.004629671 7.99196e-5 -0.9999887 0.004752457 -9.7437e-6 0.6736467 -0.1042649 0.7316618 -0.001332759 -0.2819016 0.9594425 0.6742467 -0.2111389 0.7076807 -0.002743184 -0.5805385 0.8142283 0.665858 -0.435216 0.605987 -0.004091084 -0.8664739 0.4992058 0.6534424 -0.6566522 0.3765913 -0.004537224 -0.9613074 0.2754408 -0.004541695 -0.9612893 0.2755038 -0.004724562 -0.9999889 0 -0.004724681 -0.9999889 -3.66854e-7 -0.004724681 -0.9999889 -3.96591e-7 -0.7071307 0.003374218 -0.7070749 0.9999889 -0.004729032 1.84556e-5 0.9999887 -0.004762709 0 0.9999887 -0.004764616 0 0.9999889 -0.004727363 4.5563e-5 -8.95469e-7 0 -1 -0.3162208 0.001508951 -0.9486844 -1.90925e-6 3.48171e-7 -1 0 1.4083e-7 -1 1.91068e-6 2.55301e-7 -1 7.27394e-7 4.71238e-7 -1 -3.71932e-7 7.14445e-7 -1 -0.004729986 -0.9999889 0 -0.004729986 -0.9999889 0 -0.004729986 -0.9999889 0 -0.7071214 0.003354549 -0.7070842 -0.3162223 0.001500487 -0.948684 -1.89933e-6 5.95803e-7 -1 0.9999888 -0.004734694 -1.06257e-6 0.9999888 -0.004741907 0 0.9999889 -0.004742383 0 -0.004730045 -0.9999889 0 -0.004730045 -0.9999889 0 -0.6734402 0.003205895 0.7392348 0.6658875 -0.4352008 0.6059656 0.6534448 -0.6566684 0.3765588 0.9999888 -0.004751622 8.0298e-6 -0.00453794 -0.9613198 0.2753974 -0.004547953 -0.9612941 0.2754868 -0.9999879 0.004933714 -9.91777e-5 -0.9999887 0.004753828 -5.17556e-6 -0.004089415 -0.8664796 0.4991958 0.6742638 -0.2111142 0.7076717 -0.002740144 -0.5805294 0.8142347 0.6736384 -0.1042339 0.7316738 -0.001330971 -0.2818981 0.9594435 -0.4151051 0.001962423 0.9097713 0.707095 -0.003340899 0.7071108 -4.56347e-7 0 1 0.7070963 -0.00334078 0.7071093 0.7070953 -0.00334078 0.7071104 0.004730045 0.9999889 0 0.004730045 0.9999889 0 0.004730045 0.9999889 0 -0.004730045 -0.9999889 0 -0.004730045 -0.9999889 0 0 -2.25324e-7 1 0 0 1 0.7071037 -0.003342807 0.707102 -1.77774e-6 3.12163e-7 1 0.7070953 -0.003343462 0.7071104 0.9999889 -0.004724502 -3.80244e-6 1.07723e-6 -1.25175e-7 1 0.7071012 -0.003339052 0.7071045 -0.004729986 -0.9999889 0 -0.004729986 -0.9999889 0 -0.004729986 -0.9999889 0 0.004730045 0.9999889 0 0.004730105 0.9999889 3.18669e-6 0.004729986 0.9999889 0 0.7070991 -0.003338813 0.7071066 0.7071008 -0.003338932 0.7071049 3.21787e-7 1.4467e-7 1 -2.19982e-7 1.4467e-7 1 0.004726469 0.9999889 0 0.004730045 0.9999889 0 0.004730045 0.9999889 0 -0.9999889 0.004723131 0 -0.9999889 0.00472325 0 -0.9999889 0.00472325 0 0.004724681 0.9999889 0 0.004730045 0.9999889 0 0.004719316 0.9999889 0 0.7071002 -0.003339886 0.7071056 0 1.4467e-7 1 0.7070977 -0.003340661 0.707108 0.004722893 0.9999889 0 0.004719316 0.9999889 0 0.004719316 0.9999889 0 0.004724681 0.9999889 0 0.707102 -0.003340721 0.7071037 0.7071002 -0.003340601 0.7071055 0 0 1 -4.32374e-7 0 1 -0.004730045 -0.9999889 0 -0.9999889 0.004724383 0 -0.9999889 0.004724323 0 0.004730045 0.9999889 0 0.004730045 0.9999889 0 0.004730045 0.9999889 0 -0.9999889 0.004729688 0 -0.9999889 0.004729628 0 -0.9999889 0.004729688 0 0.7071003 -0.003340601 0.7071055 5.50819e-7 0 1 0.7071002 -0.003341436 0.7071056 0.7071031 -0.003340601 0.7071026 0 -2.25323e-7 1 -0.004720926 -0.9999889 9.07899e-7 -0.004726648 -0.9999889 3.99948e-6 -0.004729986 -0.9999889 5.8153e-6 0.004721283 0.9999889 -6.73471e-6 0.004728019 0.9999889 -2.95643e-5 0.004729986 0.9999889 -3.62991e-5 0 -2.24819e-7 1 0.7070955 -0.003341138 0.7071102 -4.26163e-7 0 1 -0.9999888 0.00473982 -2.57198e-6 -0.9999889 0.004724085 0 -0.9999889 0.004724085 0 0.70709 -0.00334078 0.7071157 8.21805e-7 0 1 0.707098 -0.00334084 0.7071077 -0.4151429 0.001962661 0.9097542 -0.6735026 0.003193438 0.739178 -0.9999886 0.004769146 7.69651e-5 -0.9999887 0.00476551 -1.53846e-5 0.6736384 -0.1042245 0.7316753 -0.001331806 -0.2818841 0.9594476 0.6742629 -0.2111253 0.7076692 -0.0027408 -0.5805473 0.814222 0.6658831 -0.4352161 0.6059593 -0.004091799 -0.8664716 0.4992096 0.6534607 -0.6566592 0.3765475 -0.004541814 -0.961299 0.27547 -0.00453639 -0.9613102 0.2754311 -0.7071273 0.003354251 -0.7070784 -0.004719316 -0.9999889 0 -0.004719316 -0.9999889 0 0.9999889 -0.004738926 -1.0991e-6 0.9999888 -0.004748284 0 0.9999887 -0.004748761 0 0.9999887 -0.004750728 7.96361e-6 -0.004730045 -0.9999889 0 -0.004730045 -0.9999889 0 1.4752e-6 -4.56982e-7 1 0.7070958 -0.00334084 0.70711 1.296e-6 0 1 9.8703e-7 -1.30602e-6 -1 -2.25585e-7 -4.50807e-7 -1 -0.3162203 0.001499831 -0.9486846 -2.19503e-7 -2.48641e-7 -1 -1.4444e-6 0 -1 -1.85564e-6 0 -1 -0.004724621 -0.9999889 0 -0.004724562 -0.9999889 0 -0.004724562 -0.9999889 0 -0.3162243 0.001492738 -0.9486834 -2.57497e-7 0 -1 -0.7071204 0.003338992 -0.7070854 0.9999889 -0.00471276 -8.03624e-6 0.9999889 -0.004713475 0 0.999989 -0.004713237 0 -0.004724681 -0.9999889 0 -0.004724681 -0.9999889 0 -0.6735003 0.003198027 0.7391801 0.6658872 -0.435213 0.605957 0.653596 -0.6565631 0.3764802 0.9999889 -0.004707813 -1.35931e-5 -0.004536688 -0.9613031 0.2754555 -0.004541873 -0.9612941 0.2754871 -0.9999895 0.004602015 7.99202e-5 -0.9999887 0.004747688 -9.76295e-6 -0.004090666 -0.8664684 0.4992151 0.6742824 -0.2110984 0.7076586 -0.002741754 -0.5805311 0.8142336 0.6736208 -0.1041979 0.7316953 -0.001331269 -0.2818911 0.9594455 -0.4150909 0.001941263 0.9097779 0.707094 -0.003341138 0.7071117 -7.3373e-7 0 1 0.7070997 -0.003341138 0.7071059 0.004730045 0.9999889 0 0.004730045 0.9999889 0 0.004730045 0.9999889 0 -0.9999888 0.004740118 -3.56725e-5 -0.9999889 0.004724144 -6.31655e-7 -0.9999889 0.004724144 0 -0.9999889 0.004721879 0 -0.9999889 0.004723012 0 -0.9999889 0.004722476 0 -0.004730045 -0.9999889 0 -0.004730045 -0.9999889 0 0.7071036 -0.003340482 0.7071021 2.53247e-7 -1.70994e-7 1 0.7070932 -0.003340005 0.7071126 1.32426e-6 -4.56976e-7 1 0.7070973 -0.003341197 0.7071084 1.26169e-6 0 1 -0.004719257 -0.9999889 0 -0.004719316 -0.9999889 3.66854e-7 -0.004719316 -0.9999889 3.96591e-7 0.9999889 -0.004705786 -8.07184e-6 0.9999889 -0.00472176 0 0.9999889 -0.004722297 0 0.7070945 -0.003341138 0.7071112 0.7071003 -0.003341197 0.7071054 0.6658882 -0.4352197 0.6059511 0.6534616 -0.6566555 0.3765521 0.9999889 -0.0047248 2.66991e-6 -0.6734394 0.003184616 0.7392356 -0.00473541 -0.9999889 0 -0.00473541 -0.9999888 0 -0.00473541 -0.9999888 0 -0.004552483 -0.9612871 0.2755111 -0.004552185 -0.9612951 0.2754834 -0.9999881 0.004880011 3.0176e-5 -0.9999888 0.004733145 1.42423e-5 -0.004102945 -0.8664631 0.4992244 0.6742786 -0.2111023 0.7076612 -0.00274825 -0.580558 0.8142144 0.6736235 -0.1041879 0.7316941 -0.001333534 -0.2818924 0.9594451 -0.4150795 0.001934289 0.9097831 8.16042e-7 0 1 -0.9999889 0.0047158 4.03306e-6 -0.9999889 0.004725098 0 -0.9999889 0.004724085 0 -0.7071148 0.003337025 -0.7070909 -0.7070887 0.003339946 -0.707117 -0.7070925 0.003340303 -0.7071132 -0.9999889 0.004723489 0 -0.7071074 0.003340542 -0.7070983 -0.9999889 0.004724025 0 0.004730045 0.9999889 0 0.004730045 0.9999889 0 -0.004730045 -0.9999889 0 -0.004730045 -0.9999889 0 -0.004730045 -0.9999889 0 -0.9999889 0.00472337 0 -0.9999889 0.004723548 0 -0.004730045 -0.9999889 0 -0.9999889 0.004722416 0 -0.9999889 0.004722476 0 -0.004730045 -0.9999889 0 -0.004731714 -0.9999888 1.20045e-6 -0.9553093 0.004512429 0.2955738 -0.9553092 0.004512429 0.295574 -0.9553091 0.004512488 0.2955741 0.004721999 0.9999889 -2.17852e-6 0.004741847 0.9999889 -1.81281e-5 0.004722952 0.9999889 -2.90929e-6 -0.4849369 0.002289831 0.8745462 -0.4849377 0.00228995 0.8745457 -0.4849385 0.00229007 0.8745453 0 -6.02971e-7 1 -2.74188e-7 -6.0086e-7 1 -2.51512e-7 -4.14424e-7 1 0.004719316 0.9999889 0 0.004724681 0.9999889 0 0.004726469 0.9999889 0 -0.004724681 -0.9999889 0 -0.004719316 -0.9999889 0 -0.004726469 -0.9999889 0 0 -1.88547e-7 1 -1.8769e-7 0 1 -0.004724681 -0.9999889 0 -0.004726469 -0.9999889 0 -0.9999889 0.004722118 0 -0.9999889 0.004722952 0 -0.004730045 -0.9999889 0 0.004730045 0.9999889 0 0.004726469 0.9999889 0 0.004730045 0.9999889 0 0.004724681 0.9999889 0 0.004724681 0.9999889 0 0.004726469 0.9999889 0 0.9999889 -0.004723668 0 0.9999889 -0.004723727 0 0.9999889 -0.004723072 0 0 0 1 -3.57075e-7 0 1 0 0 1 -2.51511e-7 -1.88549e-7 1 0.004730045 0.9999889 0 0.004730045 0.9999889 0 0 -4.1443e-7 1 0 -4.14427e-7 1 0.004724621 0.9999889 0 0.00472939 0.9999889 1.25736e-6 -0.004724681 -0.9999889 0 -0.004719316 -0.9999889 0 -0.004722893 -0.9999889 0 -0.004730045 -0.9999889 0 -0.004730045 -0.9999889 0 -0.004719257 -0.9999889 0 0.9999889 -0.004722833 0 0.9999889 -0.004722833 0 0.9999889 -0.004721522 0 0.9999889 -0.004723429 0 0.707107 -0.003340303 0.7070987 0.004730045 0.9999889 0 -0.9999889 0.004730343 0 -0.9999889 0.004730522 0 -0.9999889 0.004729866 0 -0.004726469 -0.9999889 0 -0.004730045 -0.9999889 0 -0.004724681 -0.9999889 0 0.004730105 0.9999889 3.18518e-6 0.004727065 0.9999889 8.97166e-7 0.004725635 0.9999889 -1.82956e-6 0.004723727 0.9999889 -1.27923e-6 0.004719316 0.9999889 0 0.9999888 -0.004731357 -5.67405e-6 0.9999889 -0.004726052 -3.41352e-6 0 0 1 -1.8769e-7 0 1 -2.51515e-7 -1.86432e-7 1 0 -1.86432e-7 1 -0.004724681 -0.9999889 0 -0.004726469 -0.9999889 0 0 -4.12312e-7 1 0 -6.0086e-7 1 -0.004730045 -0.9999889 0 -0.004730045 -0.9999889 0 -0.9999889 0.004736661 0 -0.9999888 0.00473684 0 -0.9999888 0.004737079 0 -0.004715681 -0.999989 0 0.9999889 -0.004737019 0 0.9999888 -0.004736959 0 0.9999888 -0.004736602 0 0.004722893 0.9999889 0 0.004724681 0.9999889 0 0.004722893 0.9999889 0 0.004724681 0.9999889 0 0 -6.02977e-7 1 -2.93247e-7 -2.25885e-7 1 -7.09866e-7 2.27991e-7 1 -8.77117e-7 4.16537e-7 1 0.004722893 0.9999889 0 6.08714e-7 1.86437e-7 1 -1.53491e-7 1.86436e-7 1 0.004724681 0.9999889 0 0.004722893 0.9999889 0 0.004719316 0.9999889 0 0.004719316 0.9999889 0 0.9999889 -0.004723072 0 0.9999889 -0.004722833 0 0.9999889 -0.004723072 0 -0.004719257 -0.9999889 0 -0.004708528 -0.9999889 0 -0.004724621 -0.9999889 0 -0.004726469 -0.9999889 0 0.7071032 -0.003340423 0.7071025 -0.9999889 0.00472331 0 -0.9999889 0.004723131 0 -0.9999889 0.004723072 0 -0.004719316 -0.9999889 0 -0.004719316 -0.9999889 0 -0.004719316 -0.9999889 0 -0.004719316 -0.9999889 0 -0.004719316 -0.9999889 0 -0.004719316 -0.9999889 0 0.9999889 -0.004730582 0 0.9999889 -0.004729986 0 0.9999889 -0.004729211 0 0.004724681 0.9999889 0 0.004722893 0.9999889 0 0.004719257 0.9999889 0 0.004719257 0.9999889 0 0 1.86435e-7 1 -3.54875e-7 4.12315e-7 1 -3.57075e-7 1.86436e-7 1 6.19857e-7 4.12314e-7 1 0 4.14428e-7 1 0.004724621 0.9999889 0 -0.004724681 -0.9999889 0 0.004719257 0.9999889 0 0.004719257 0.9999889 0 0.7071039 -0.003342807 0.7071019 0.9999889 -0.004730701 0 0.7070996 -0.003342568 0.7071062 -7.47069e-7 0 1 0.7070999 -0.00334078 0.7071058 4.74558e-7 0 1 -0.004719257 -0.9999889 0 -0.004719257 -0.9999889 0 -0.004719316 -0.9999889 0 0.7070997 -0.00334078 0.7071059 0.7070981 -0.003340721 0.7071076 1.02015e-6 -1.40673e-7 1 1.40887e-7 0 1 0.004726469 0.9999889 0 0.004730045 0.9999889 0 0.004730045 0.9999889 0 -0.9999889 0.004725396 0 0.004724681 0.9999889 0 0.004719316 0.9999889 0 0.7070995 -0.003340125 0.7071062 -1.46148e-7 -1.34339e-7 1 0.7070978 -0.003340482 0.707108 0.004722893 0.9999889 0 0.004719316 0.9999889 0 0.004719316 0.9999889 0 0.004724681 0.9999889 0 0.7071021 -0.003340363 0.7071037 0.7070975 -0.003340542 0.7071083 -6.78547e-7 1.42671e-7 1 0 0 1 -0.004719316 -0.9999889 0 -0.004719316 -0.9999889 0 -0.004719316 -0.9999889 0 -0.9999889 0.004724502 0 -0.9999889 0.004724383 0 -0.9999889 0.004724383 0 -1.15225e-6 2.85989e-7 1 0.004719316 0.9999889 0 0.004719316 0.9999889 0 -8.81736e-7 1.44993e-7 -1 -4.96388e-7 0 -1 1.44951e-7 0 -1 -2.163e-6 3.12001e-7 -1 7.28017e-7 0 -1 0.004724621 0.9999889 0 -3.25487e-7 0 -1 8.49322e-7 -1.4467e-7 -1 2.15483e-7 5.53717e-7 -1 1.77949e-7 0 -1 -3.25597e-7 7.22712e-7 -1 1.52371e-6 0 -1 4.86416e-7 0 -1 1.64563e-6 -2.18174e-7 -1 0.004720032 0.9999889 -2.05522e-6 0.004724681 0.9999889 0 4.33001e-7 -6.53226e-7 -1 -3.98135e-7 0 -1 -1.63442e-6 0 -1 -1.29338e-6 1.51004e-7 -1 -2.05649e-6 0 -1 7.50387e-7 0 -1 -5.09912e-7 0 -1 8.73328e-7 -1.44671e-7 -1 0.004719316 0.9999889 0 0.004729986 0.9999889 0 0.004730045 0.9999889 0 0.004722893 0.9999889 0 0.004729986 0.9999889 0 0.7071 -0.003341317 0.7071057 0.7071003 -0.003341555 0.7071054 1.02016e-6 0 1 1.40886e-7 0 1 -0.004730045 -0.9999889 0 -0.004730045 -0.9999889 0 -0.9999889 0.004724562 0 -0.9999889 0.004724085 0 -0.9999889 0.004724085 0 -1.31956e-6 1.40674e-7 1 0.7070949 -0.003340423 0.7071108 0.004724681 0.9999889 0 0.9999889 -0.004724383 0 0.9999889 -0.00472331 0 0.004740774 0.9999888 0 0.004730045 0.9999889 0 0.004740774 0.9999888 0 0.004740774 0.9999888 0 -4.9766e-7 1.40674e-7 -1 3.98245e-7 2.42895e-7 -1 1.55583e-7 0 -1 2.0838e-6 0 -1 7.92923e-7 -2.13145e-7 -1 -0.9999889 0.004724502 0 -0.7071034 0.003341138 -0.7071024 0.004740774 0.9999888 0 0.004740774 0.9999888 0 0.707085 -0.003340542 0.7071208 0.8944212 -0.004225134 0.4472057 0.9999889 -0.004722714 0 -1.31267e-7 0 1 -1.91875e-6 0 1 -0.9999889 0.004724383 0 -0.9999889 0.004724502 0 0.004722833 0.9999889 -9.80063e-6 0.004716992 0.9999889 -2.3236e-5 -0.9999889 0.004721939 0 -0.9999889 0.004722237 0 -0.9999889 0.004722237 0 -1.87676e-6 0 1 0.7070968 -0.003339707 0.7071089 -2.81472e-6 1.57331e-7 1 -0.004719316 -0.9999889 0 -0.004719316 -0.9999889 0 -0.004719316 -0.9999889 0 0.7070974 -0.003339588 0.7071084 -1.15827e-6 0 1 0.7071071 -0.003339886 0.7070987 6.43507e-7 0 -1 -0.3162216 0.001490235 -0.9486842 2.15921e-7 1.24825e-7 -1 2.58202e-7 1.23746e-6 -1 -7.34993e-7 2.41653e-7 -1 -1.18961e-6 4.56983e-7 -1 -0.3162245 0.001491069 -0.9486832 -8.97348e-7 2.73301e-7 -1 -4.74375e-7 -1.41503e-7 -1 1.51306e-7 -1.47837e-7 -1 -0.9999889 0.004722952 0 -0.9999889 0.004722476 0 -0.9999889 0.004736959 0 -0.9999888 0.004736721 0 0.004719316 0.9999889 0 -0.9999889 0.004736721 0 -0.9999889 0.004736959 0 -0.9999889 0.004729986 0 -0.9999889 0.004729688 0 -0.9999889 0.004729866 0 -0.9999889 0.004730105 0 -0.004719316 -0.9999889 0 -0.9999888 0.004736185 7.1623e-7 -0.9999889 0.004724621 0 -0.9999889 0.004724621 0 2.54618e-7 0 1 0.004719316 0.9999889 0 0.004719316 0.9999889 0 0.004719316 0.9999889 0 0.9999889 -0.004724383 0 0 -2.46442e-7 1 0.7333909 0.005838632 0.6797822 0 0 1 0.2744305 -0.2697139 0.9230073 0.5525804 -0.2705705 0.7883188 0.6854276 -0.3359892 0.6459879 0.1891096 -0.9819154 0.008934438 0.1887775 -0.9819765 0.009242475 0.1891505 -0.9819078 0.00889647 -0.1734904 -0.9847951 0.00893408 -0.1738213 -0.9847339 0.009240984 -0.1734496 -0.9848026 0.00889635 -0.7019302 -0.7121923 0.008726477 -0.8919633 -0.4520129 0.009280979 -0.8921352 -0.4516704 0.009419202 0.6898666 0.3386731 0.6398319 1.77438e-7 4.14055e-7 1 -3.29867e-7 -5.79577e-7 1 -0.9999279 -0.007962048 0.008985638 -0.9999304 -0.007960677 0.008720636 -0.8990483 0.4377511 0.009281694 -0.7131831 0.7009236 0.008726596 -0.713182 0.7009246 0.008724808 -0.8992151 0.4374054 0.009419918 -4.77056e-7 -3.20637e-7 1 0.2673825 0.2712917 0.9246121 0.5482015 0.2793335 0.7883199 -0.1448329 0.9894164 0.008878529 -0.1451193 0.989372 0.009142041 -0.1448665 0.9894111 0.008909523 0.1290585 0.991597 0.008911907 0.1293498 0.9915614 0.008645832 0.1290928 0.9915928 0.008880615 0.6799889 0.3468604 0.64599 0.7306061 0.005815029 0.6827744 0.6951709 -0.3276459 0.6398324 0.9045606 -0.4263451 0 0.3829826 -0.3763983 0.8435927 0.7132118 -0.7009486 0 0.8976577 0.4406936 0 0.7019568 0.7122196 0 0.3729566 0.3784098 0.8471774 0.1407874 0.99004 0 0.1407873 0.99004 0 0.1407873 0.9900399 0 -0.156532 0.987673 0 -0.1565318 0.9876729 0 -0.1565318 0.987673 0 -0.9036906 0.4281861 0 -0.9036868 0.4281942 0 -0.7132107 0.7009498 0 -0.9999684 -0.007960915 0 -0.9999684 -0.007961153 0 -0.8967537 -0.44253 0 -0.8967578 -0.4425219 0 -0.7019568 -0.7122196 0 -0.701957 -0.7122194 0 -0.1041323 -0.9945635 0 -0.1041323 -0.9945635 0 0.1199538 -0.9927796 6.83661e-7 0.1199533 -0.9927796 7.73961e-7 0.1199566 -0.9927791 0 0.01736396 -0.956726 -0.2904722 -0.603388 -0.5594825 -0.5682451 0.01161545 -0.6951268 -0.7187934 -0.6546811 -0.01226252 -0.7558058 -0.001958608 -2.93805e-5 -0.9999981 -0.9998236 -0.0186792 0.001966416 -0.01440286 0.6932948 -0.7205102 -0.6237135 0.5380035 -0.5670394 0.9998238 0.01867675 -0.0019055 0.9998236 0.01867944 -0.001960694 0.8611528 -0.4855617 0.150485 0.9998235 0.01867985 -0.002010941 0.8414903 0.5180115 0.1534872 0.6033816 0.5594848 0.5682496 0.6546732 0.01226115 0.7558128 0.623709 -0.5380095 0.5670388 -0.01161682 0.6951306 0.7187896 0.01440155 -0.6932981 0.7205071 -0.9998239 -0.01865768 0.002007544 -0.8414981 -0.5179982 -0.1534885 -0.9998233 -0.01869869 0.001902043 -0.861161 0.4855455 -0.1504902 -0.01736551 0.9567252 0.2904747 -0.01848775 0.9553208 -0.2949923 0.01848632 -0.9553203 0.2949939 0.3113089 -0.9501029 -0.01977747 0.3068217 -0.9515508 -0.02029216 0.3067361 -0.9515781 -0.02030193 0.9633753 -0.2465744 0.1053997 0.6645284 0.005331397 0.747244 0.451193 -0.1445318 0.880645 0.1405293 -8.33271e-4 -0.9900763 0.14046 -8.34312e-4 -0.990086 0.1404606 -9.04281e-4 -0.9900859 0.6797665 0.7218546 0.1297827 0.4673176 0.5445039 0.6965126 0.1403942 -8.36105e-4 -0.9900953 -0.140462 8.32176e-4 0.9900857 -0.1404604 7.67447e-4 0.9900861 0.02072274 0.4991552 0.8662648 -0.1405342 8.29258e-4 0.9900756 -0.1404598 9.04954e-4 0.990086 -0.1403961 8.37753e-4 0.9900951 -0.9633791 0.2465599 -0.1054002 -0.6645302 -0.005336999 -0.7472424 -0.9916769 -0.02708631 -0.1258709 -0.6797747 -0.7218466 -0.1297841 -0.4673142 -0.544509 -0.696511 -0.02072715 -0.4991587 -0.8662627 -0.4511976 0.1445294 -0.880643 0.1404601 -7.68553e-4 -0.990086 -0.3113089 0.9501029 0.01977843 -0.3068014 0.9515572 0.02029401 -0.3113945 0.9500752 0.01976865 0.2588798 0.9615283 0.09189474 -0.2588765 -0.9615293 -0.09189468 0.2916884 -0.9508426 -0.1040017 0.2872499 -0.9522764 -0.1032341 0.2871671 -0.9523029 -0.1032198 0.9543026 -0.2466874 -0.168677 0.8570789 0.006878316 0.5151394 0.6959222 -0.1395834 0.7044209 -0.178412 -0.003370702 -0.9839502 -0.1784783 -0.003373205 -0.9839382 -0.1784797 -0.003442287 -0.9839376 0.987138 0.02698838 -0.1575763 0.6546766 0.5448659 0.5239465 -0.1785444 -0.003376483 -0.9839261 0.1784788 0.003372669 0.983938 0.1784826 0.003301501 0.9839375 0.1784788 0.003307104 0.9839382 0.1784104 0.003373682 0.9839504 0.1784715 0.00344336 0.9839391 0.1785432 0.003373384 0.9839262 -0.9543015 0.2466913 0.1686769 -0.8570771 -0.006884217 -0.5151423 -0.987138 -0.02699279 0.1575755 -0.654681 -0.5448597 -0.5239473 -0.6949144 -0.7157567 0.06918436 -0.1784796 -0.003301739 -0.9839382 -0.6959284 0.139576 -0.7044163 -0.1784785 -0.00330919 -0.9839383 -0.2917073 0.9508362 0.1040074 -0.2872203 0.9522859 0.1032291 -0.2917908 0.950809 0.1040219 0.2758858 0.9611013 0.01308667 0.2804257 0.9597991 0.01213598 -0.2758752 -0.9611043 -0.01308941 0.01736408 -0.9567243 -0.2904775 -0.6033812 -0.5594704 -0.5682641 0.01161646 -0.6951161 -0.7188037 -0.6546785 -0.01225715 -0.7558081 -0.001958549 -4.06542e-5 -0.9999981 -0.9998241 -0.01865881 0.001956999 -0.01440238 0.6932932 -0.7205117 -0.6236898 0.5380341 -0.5670365 0.9998242 0.01865082 -0.001908898 0.9998238 0.01866799 -0.001954972 0.8611415 -0.4855859 0.1504718 0.9998234 0.0186854 -0.002037048 0.8415079 0.5179805 0.1534953 0.603377 0.5594676 0.5682713 0.6546677 0.01226729 0.7558173 0.6236932 -0.5380281 0.5670384 -0.01161634 0.695121 0.718799 0.0144028 -0.6933065 0.720499 -0.9998238 -0.01866024 0.002033412 -0.841521 -0.5179634 -0.1534813 -0.9998241 -0.01866292 0.001894533 -0.861143 0.4855803 -0.1504812 -0.0173633 0.9567301 0.2904586 -0.01848489 0.9553148 -0.295012 0.01848512 -0.9553236 0.2949835 -0.2874957 -0.9577411 -0.00884211 -0.5669389 -0.5475114 -0.6154766 -0.2827544 -0.9591495 -0.009074032 -0.7150127 -0.6991006 -0.00391364 -0.7603357 9.75767e-4 -0.6495296 0.004937946 -0.01065599 0.9999311 0.005016624 -0.01066243 0.9999306 0.005011379 -0.01073461 0.9999299 -0.9680655 0.250584 0.00755155 -0.5783661 0.1572216 -0.8004837 0.005094408 -0.01066654 0.9999302 -0.005019366 0.01066565 -0.9999306 -0.005023539 0.01060259 -0.9999313 -0.005013644 0.01059103 -0.9999313 -0.004949033 0.01066255 -0.999931 -0.00502777 0.01073449 -0.9999299 -0.005093574 0.01066637 -0.9999302 0.7149944 0.6991193 0.003916442 0.760338 -9.48953e-4 0.649527 0.9999562 0.007963836 -0.004934608 0.9680639 -0.2505901 -0.007549941 0.5783663 -0.1572186 0.8004841 0.005017518 -0.01058423 0.9999315 0.5669186 0.5475338 0.6154755 0.005014657 -0.01059651 0.9999313 0.2874513 0.9577544 0.008844971 -0.3025956 0.9530442 0.01194357 -0.2979814 0.9544995 0.01174759 -0.3027158 0.9530061 0.0119487 0.3026135 -0.9530385 -0.01194179 0.2980678 -0.9544725 -0.01174849 0.297949 -0.9545096 -0.01174342 -0.2874051 -0.9577683 -0.008844435 -0.5669435 -0.5475072 -0.6154763 -0.28277 -0.9591448 -0.009070396 -0.7149737 -0.6991404 -0.003915667 -0.7603384 9.79928e-4 -0.6495266 0.004934489 -0.01065701 0.9999311 0.005020856 -0.01065927 0.9999307 0.005015432 -0.01073879 0.9999299 -0.9680646 0.2505872 0.007552444 -0.5783545 0.157227 -0.8004909 0.005098164 -0.01066321 0.9999302 -0.005018055 0.01066565 -0.9999306 -0.005016148 0.01059603 -0.9999313 -0.005011916 0.01059752 -0.9999313 -0.004949092 0.01066684 -0.9999309 -0.005023956 0.01073896 -0.9999297 -0.005097389 0.01066648 -0.9999302 0.7149915 0.6991223 0.003914833 0.7603371 -9.89421e-4 0.649528 0.9999561 0.00797075 -0.00493437 0.968054 -0.2506282 -0.007550597 0.5783709 -0.1572303 0.8004785 0.005025148 -0.01057821 0.9999315 0.5669411 0.5475172 0.6154695 0.005020141 -0.01058983 0.9999313 0.2874922 0.9577422 0.008841276 -0.3026124 0.9530388 0.01194441 -0.2980251 0.9544858 0.01174879 -0.3027319 0.9530009 0.01194947 0.3025687 -0.9530528 -0.01194083 0.2980254 -0.9544857 -0.01174741 0.2979068 -0.9545228 -0.01174235 -8.92352e-4 -0.9568505 0.2905798 0.61464 -0.549803 0.5656275 0.002526819 -0.6951794 0.7188318 0.6580184 -0.001809597 0.7529997 0.006237268 3.40449e-5 0.9999806 0.9999766 -0.002768456 -0.006254136 0.006445407 0.6934756 0.7204513 0.6174825 0.5478696 0.5644061 -0.9999771 0.002761662 0.00617361 -0.9999767 0.002771317 0.006241202 -0.8539472 -0.4992118 -0.146839 -0.9999763 0.002791762 0.00630784 -0.8502811 0.5045585 -0.1498088 -0.6146144 0.5498342 -0.565625 -0.6580222 0.001820743 -0.7529964 -0.6174913 -0.5478616 -0.5644044 -0.002525031 0.695195 -0.7188167 -0.006445229 -0.6934576 -0.7204687 0.9999763 -0.002787411 -0.00630784 0.8502691 -0.5045744 0.149824 0.9999769 -0.002755284 -0.006219923 0.8539762 0.4991769 0.14679 8.95307e-4 0.9568506 -0.290579 0.004539787 0.9555311 0.2948552 -0.004539728 -0.9555118 -0.2949182 0.06515693 -0.997777 0.01398819 0.06519752 -0.9977744 0.01398593 0.06519913 -0.9977743 0.01398581 0.06360226 -0.3821966 0.9218896 0.04530435 -0.05009078 0.9977167 0.04688042 -0.07551831 0.9960418 0.02359598 0.2635298 0.9643628 -0.05918025 0.9912756 0.1177732 -0.0591802 0.9912756 0.117773 -0.05918025 0.9912756 0.1177732 -0.0591802 0.9912756 0.117773 0.02359598 0.2635291 0.9643629 -0.3420795 -0.001980006 -0.939669 -0.8975003 -0.295535 0.3273413 0.2483019 -0.9646435 -0.08836895 0.3420764 0.001975715 0.9396701 -0.2482981 0.9646452 0.08836233 0.8961555 0.3003256 -0.326665 0.8995611 -0.2899671 -0.3266636 -0.9008521 0.2851483 0.3273469 -0.89642 -0.2992163 0.3269569 -0.8998126 0.2888486 0.3269618 -0.8999804 0.2882621 0.3270174 -0.8965904 -0.2986366 0.3270197 -0.9001499 0.2876579 0.3270827 -0.8967676 -0.2980355 0.3270822 -0.8969444 -0.2974318 0.327147 -0.9003201 0.2870516 0.3271468 -0.900491 0.286445 0.3272085 -0.8971237 -0.2968187 0.3272122 -0.897301 -0.2962128 0.3272751 -0.9006586 0.2858349 0.3272807 -0.8974737 -0.2956206 0.3273371 -0.900829 0.2852337 0.327336 -0.9839526 -0.005678236 -0.1783401 -0.9838817 -0.005682408 -0.1787307 -0.9838816 -0.00567305 -0.1787316 -0.9838825 -0.005668401 -0.1787264 -0.9838815 -0.00567311 -0.1787316 -0.9838795 -0.005682289 -0.1787422 -0.9838806 -0.0056777 -0.1787368 0.3420273 0.001771092 0.9396885 0.3421438 0.001895725 0.9396457 0.3420272 0.001772284 0.9396885 0.3421405 0.001897156 0.9396468 0.3420295 0.001772999 0.9396876 0.3421397 0.001895427 0.9396472 0.3420303 0.001768648 0.9396873 0.3421415 0.001892685 0.9396466 0.3420286 0.001767337 0.939688 0.3421422 0.001893103 0.9396464 0.3420214 0.001768708 0.9396905 0.3421355 0.001895606 0.9396488 0.3420233 0.0017699 0.9396899 0.342137 0.00189507 0.9396482 0 0 1 0.001883089 0.3982847 0.9172599 -0.004713952 -0.999989 0 -8.32166e-7 -5.90812e-7 -1 -0.9999889 0.004723072 0 -0.9999889 0.004724323 0 0.004708588 0.999989 0 0.9999889 -0.004724323 0 -0.004719316 -0.9999889 0 -0.9999889 0.004724323 0 0.9999889 -0.004722058 0 0.9999889 -0.004724681 0 2.20692e-7 0 -1 -1.6658e-7 -3.10226e-6 -1 -0.004730045 -0.9999889 0 -0.4472023 0.002112865 0.8944304 -0.9999889 0.00473088 3.50023e-5 -6.46021e-4 -0.1367817 0.9906011 -9.29996e-7 0 1 0.9999889 -0.004724621 1.6145e-7 0.004719316 0.9999889 0 -0.004729986 -0.9999889 0 -0.004719257 -0.9999889 0 -0.4472087 0.002113163 0.8944273 -0.999989 0.004703104 2.00903e-5 -6.45119e-4 -0.1367931 0.9905995 -0.4472087 0.002112746 0.8944273 -3.09992e-7 0 1 -6.47931e-4 -0.1367877 0.9906002 -0.999989 0.004697561 -1.85578e-5 -0.004730045 -0.9999889 0 -0.004713952 -0.9999889 0 0.004708468 0.9999889 0 -9.29996e-7 0 1 -0.4472086 0.002112686 0.8944272 -0.9999886 0.004775047 -1.54906e-5 -6.47291e-4 -0.1367889 0.9906001 -0.004724562 -0.9999889 0 3.4831e-7 0 -1 -0.004729986 -0.9999889 0 2.77125e-6 0 -1 -0.004730045 -0.9999889 0 -0.4472086 0.002112925 0.8944272 -0.9999888 0.004737436 2.32941e-6 -6.4575e-4 -0.1367989 0.9905986 -9.29996e-7 0 1 0.004730045 0.9999889 0 -0.004729986 -0.9999889 0 0.004730045 0.9999889 0 -0.9999889 0.004723131 0 0.004719316 0.9999889 0 -0.9999889 0.004724383 0 0.004719257 0.9999889 0 -0.4472087 0.002112746 0.8944273 1.23998e-6 0 1 -0.9999886 0.004777073 2.32539e-5 -6.45131e-4 -0.1367965 0.990599 -0.004719316 -0.9999889 0 -0.004730045 -0.9999889 0 0 -3.10231e-6 -1 -0.004724621 -0.9999889 0 -1.55982e-6 0 -1 -0.4472213 0.002113223 0.8944209 -0.9999889 0.004726409 -4.48974e-5 -6.47605e-4 -0.1367892 0.9906 -1.23999e-6 0 1 0.004730045 0.9999889 0 -0.004719257 -0.9999889 0 -0.00473541 -0.9999888 0 -0.4472087 0.002113103 0.8944273 -0.999989 0.004699647 2.02463e-5 -6.46058e-4 -0.1367893 0.9906001 3.09999e-7 0 1 -0.9999889 0.004722118 0 -0.004734218 -0.9999889 3.02135e-6 -0.004730582 -0.9999889 3.63087e-7 -0.9553093 0.004512369 0.2955736 0.004719316 0.9999889 0 -0.4849362 0.002289712 0.8745466 0 -6.0086e-7 1 -0.004719316 -0.9999889 0 -0.9999889 0.00472176 0 0.9999889 -0.004724383 0 -0.9999888 0.004731297 0 0.9999889 -0.004740118 0 -0.9999889 0.004736304 0 0.9999889 -0.004723072 0 -0.9999889 0.004723131 0 -0.004719257 -0.9999889 0 0.004730045 0.9999889 0 -0.9999889 0.004724502 0 0.004729986 0.9999889 0 -0.9999889 0.004724562 0 0.9999889 -0.004724383 0 0.004708528 0.9999889 0 -0.9999889 0.004721939 0 -0.004719316 -0.9999889 0 -0.9999889 0.004736125 0 -0.9999888 0.004730463 0 4.17965e-6 -3.12125e-6 -1 -1.09037e-6 6.211e-6 -1 0 0 -1 0.004719316 0.9999889 0 0.3744759 -0.3680394 0.851067 -4.49743e-7 -1.22718e-7 1 -9.72677e-7 -1.07678e-6 1 0 0 1 -3.34556e-7 0 1 0 -5.05241e-7 1 0.373325 0.3787822 0.8468486 0.1894834 -0.9818464 0.008587658 -0.1731196 -0.9848634 0.008590161 -0.7019299 -0.7121927 0.008725762 0 0 1 -2.4916e-7 0 1 -5.48919e-7 0 1 -3.12532e-7 0 1 -4.16102e-7 1.78152e-7 1 -1.2801e-6 3.45277e-7 1 -2.38915e-7 0 1 3.29268e-7 1.33031e-7 1 0 5.21167e-7 1 0 7.17911e-7 1 0.6689751 0.0053249 0.7432659 -0.1445806 0.9894553 0.008646547 0.1288021 0.9916282 0.009146034 0.9999684 0.007958233 0 0.1407874 0.9900399 0 -0.156532 0.9876729 0 -0.7132107 0.7009499 0 -0.1041323 -0.9945635 0 0.119957 -0.9927791 0 0.9998227 0.01873248 -0.00195825 0.001957774 3.06566e-5 0.9999982 -0.9998227 -0.01873224 0.001958429 0.3113942 -0.9500753 -0.01976764 0.9916766 0.02709281 0.1258713 -0.3067155 0.9515847 0.02030384 0.2917709 -0.9508157 -0.1040159 0.6949227 0.7157483 -0.06918716 -0.2871366 0.9523127 0.1032146 -0.2804456 -0.9597933 -0.01213139 0.9998227 0.01873373 -0.001958787 0.00195831 3.84636e-5 0.9999981 -0.9998227 -0.01873165 0.001958847 -0.9999562 -0.007961928 0.004936397 0.2827388 0.959154 0.00907582 -0.2978608 0.9545372 0.01174247 0.3027319 -0.9530009 -0.01194679 -0.9999562 -0.007965266 0.004936456 0.2827264 0.9591577 0.009075462 -0.2979052 0.9545232 0.01174366 0.3026871 -0.9530152 -0.01194584 -0.9999765 0.002841353 0.006240487 -0.006237447 -3.17969e-5 -0.9999806 0.9999766 -0.002813577 -0.006240367 0.06515532 -0.9977772 0.01398825 0.06360113 -0.3821974 0.9218895</float_array>
          <technique_common>
            <accessor source="#Esfera_110-mesh-normals-array" count="3280" stride="3">
              <param name="X" type="float"/>
              <param name="Y" type="float"/>
              <param name="Z" type="float"/>
            </accessor>
          </technique_common>
        </source>
        <source id="Esfera_110-mesh-map-0">
          <float_array id="Esfera_110-mesh-map-0-array" count="17676">0.3284481 0.1753458 0.3079666 0.190562 0.3245007 0.1614096 0.2074248 0.4816825 0.1714776 0.2822428 0.2074248 0.2822428 0.2014727 0.2946447 0.2808984 0.2396045 0.2809424 0.2943181 0.2433721 0.4816824 0.2074248 0.2822428 0.2433721 0.2822428 0.1219589 0.2098734 0.04253333 0.3099244 0.04248934 0.2104675 0.3296872 0.1865744 0.3101683 0.2508689 0.3114658 0.20754 0.3245007 0.1614096 0.3017258 0.185593 0.3152506 0.1540445 0.04253333 0.3099244 0.122047 0.4087873 0.04257738 0.4093813 0.3297905 0.3150023 0.3101683 0.2508689 0.3277641 0.2507965 0.2015168 0.3493583 0.2809424 0.2943181 0.2809864 0.3490316 0.195055 0.3698222 0.1821426 0.4414619 0.1821426 0.3698222 0.1692302 0.3698222 0.1682957 0.4414619 0.1682957 0.3698222 0.1219984 0.5205011 0.04256975 0.4751682 0.1220394 0.4743887 0.1220394 0.4743887 0.04257738 0.4093813 0.122047 0.4087873 0.1714776 0.4816825 0.1688759 0.2822428 0.1714776 0.2822428 0.2808033 0.2105335 0.2013977 0.2253956 0.2014052 0.2108599 0.2808675 0.2250689 0.2014287 0.2399312 0.2013977 0.2253956 0.2433721 0.2822428 0.2459738 0.4816825 0.2433721 0.4816824 0.1218636 0.09793072 0.04245835 0.1448662 0.04246592 0.09875416 0.1219279 0.1440868 0.04248934 0.2104675 0.04245835 0.1448662 0.195055 0.4414618 0.1959895 0.3698222 0.1959896 0.4414619 0.280938 0.3781032 0.2015093 0.3638939 0.2809788 0.3635673 0.2809788 0.3635673 0.2015168 0.3493583 0.2809864 0.3490316 0.1821426 0.3698222 0.1692302 0.4414619 0.1692302 0.3698222 0.3187934 0.359764 0.3263316 0.4095868 0.3125607 0.3647843 0.3214415 0.3503398 0.3377602 0.4044511 0.3187934 0.359764 0.3222653 0.3427574 0.3403794 0.3904476 0.3214415 0.3503398 0.2500224 0.2394151 0.242484 0.1895922 0.2562556 0.2343947 0.2473738 0.2488396 0.2310554 0.1947278 0.2500224 0.2394151 0.2465501 0.2564222 0.2284362 0.2087314 0.2473738 0.2488396 0.3186964 0.2391327 0.3261692 0.1892169 0.3375764 0.1943253 0.3213597 0.248535 0.3375764 0.1943253 0.34022 0.2083091 0.3221957 0.2561107 0.34022 0.2083091 0.3411999 0.2274212 0.2501194 0.3600462 0.2426463 0.4099621 0.2312392 0.4048537 0.2474557 0.3506436 0.2312392 0.4048537 0.2285956 0.3908699 0.2466197 0.3430678 0.2285956 0.3908699 0.2276157 0.3717579 0.3125607 0.3647843 0.2844889 0.4097745 0.2844604 0.364602 0.3222653 0.3427574 0.3412628 0.2993747 0.3413258 0.3713282 0.3221957 0.2561107 0.3412628 0.2993747 0.3222122 0.2994395 0.3124557 0.2341637 0.2843266 0.1894046 0.3261692 0.1892169 0.2563606 0.3650153 0.2844889 0.4097745 0.2426463 0.4099621 0.2466197 0.3430678 0.2275528 0.2998043 0.2466032 0.2997395 0.2562556 0.2343947 0.2843266 0.1894046 0.2843559 0.2345771 0.2465501 0.2564222 0.2275528 0.2998043 0.2274898 0.2278508 0.7266854 0.9578261 0.7250209 0.9457658 0.7471287 0.9738366 0.7472993 0.8966577 0.7474699 0.8194791 0.769578 0.8475485 0.7471287 0.9738366 0.7472993 0.8966577 0.7693153 0.9462667 0.7252835 0.8470472 0.7270064 0.8350179 0.7474699 0.8194791 0.3246443 0.3402096 0.3018308 0.3162137 0.3080635 0.3111933 0.3152506 0.1540445 0.273626 0.1860064 0.273601 0.1546573 0.3296872 0.1865744 0.3106299 0.1999644 0.3284481 0.1753458 0.3285695 0.326241 0.3080635 0.3111933 0.3107117 0.3017691 0.273756 0.3473804 0.2456308 0.3164446 0.2737306 0.3160313 0.2321064 0.3479931 0.2393895 0.3114755 0.2456308 0.3164446 0.3297905 0.3150023 0.3107117 0.3017691 0.3115355 0.2941867 0.2195916 0.2512412 0.2358899 0.2944972 0.2176684 0.3154626 0.2228556 0.3406279 0.2367258 0.302073 0.2393895 0.3114755 0.2319508 0.154387 0.2392926 0.1908444 0.2227119 0.1618282 0.273601 0.1546573 0.2455258 0.185824 0.2319508 0.154387 0.2189075 0.3266913 0.2358899 0.2944972 0.2367258 0.302073 0.2227119 0.1618282 0.236644 0.2002689 0.2187861 0.1757972 0.2195916 0.2512412 0.2358202 0.2078515 0.2371874 0.2511689 0.3154063 0.3476508 0.2737306 0.3160313 0.3018308 0.3162137 0.2187861 0.1757972 0.2358202 0.2078515 0.2175652 0.187036 0.2714948 0.06966745 0.2631375 0.06986159 0.2631136 0.0415914 0.2626721 0.06985664 0.2773078 0.05496549 0.2629494 0.04060894 0.271602 0.06965678 0.2632698 0.06983911 0.2628294 0.0414775 0.2714948 0.06966745 0.2631136 0.0415914 0.2714458 0.04141175 0.2714948 0.06966745 0.279778 0.04123175 0.2798519 0.06947296 0.2798519 0.06947296 0.2796549 0.04108208 0.2714948 0.06966745 0.2714948 0.06966745 0.2628294 0.0414775 0.2631375 0.06986159 0.2714948 0.06966745 0.2714458 0.04141175 0.279778 0.04123175 0.2628294 0.0414775 0.2714948 0.06966745 0.2712421 0.04128009 0.2712421 0.04128009 0.2714948 0.06966745 0.2796549 0.04108208 0.2882092 0.06927841 0.279778 0.04123175 0.2881101 0.04105162 0.2882664 0.06929183 0.2799341 0.06947445 0.2796549 0.04108208 0.2882092 0.06927841 0.2798519 0.06947296 0.279778 0.04123175 0.271602 0.06965678 0.2796549 0.04108208 0.2799341 0.06947445 0.2882092 0.06927841 0.2965666 0.0690838 0.2880676 0.04088473 0.2965666 0.0690838 0.2882092 0.06927841 0.2881101 0.04105162 0.2796549 0.04108208 0.2798519 0.06947296 0.2882092 0.06927841 0.2796549 0.04108208 0.2882092 0.06927841 0.2880676 0.04088473 0.2882664 0.06929183 0.2796549 0.04108208 0.2880676 0.04088473 0.2965986 0.06910926 0.2880676 0.04088473 0.2964803 0.04068732 0.2880676 0.04088473 0.2965666 0.0690838 0.2964803 0.04068732 0.2965986 0.06910926 0.2882664 0.06929183 0.2880676 0.04088473 0.2775447 0.05471628 0.2632447 0.03996402 0.2628405 0.06921654 0.2965666 0.0690838 0.2881101 0.04105162 0.2964425 0.04087221 0.271602 0.06965678 0.2712421 0.04128009 0.2796549 0.04108208 0.271602 0.06965678 0.2628294 0.0414775 0.2712421 0.04128009 0.7418275 0.994255 0.7420119 0.8305504 0.7535604 0.8311128 0.4375872 0.1912304 0.4480864 0.2369253 0.4589745 0.1932033 0.7420191 0.8307787 0.7536112 0.8306259 0.7534285 0.9947127 0.7420191 0.8307787 0.7534285 0.9947127 0.7418165 0.9943096 0.7418275 0.994255 0.7535604 0.8311128 0.7533534 0.9946435 0.7534285 0.9947127 0.7420119 0.8305504 0.7418275 0.994255 0.4482623 0.2376651 0.4594382 0.1941387 0.4380509 0.1917744 0.7534285 0.9947127 0.7536112 0.8306259 0.7420119 0.8305504 0.7418275 0.994255 0.7420119 0.8305504 0.7535604 0.8311128 0.7420191 0.8307787 0.7536112 0.8306259 0.7534285 0.9947127 0.7420191 0.8307787 0.7534285 0.9947127 0.7418165 0.9943096 0.7418275 0.994255 0.7535604 0.8311128 0.7533534 0.9946435 0.4482623 0.2376651 0.4594382 0.1941387 0.4380509 0.1917744 0.7536112 0.8306259 0.7418275 0.994255 0.7534285 0.9947127 0.7536112 0.8306259 0.7420119 0.8305504 0.7418275 0.994255 0.7419196 0.9124026 0.7420119 0.8305504 0.7535604 0.8311128 0.4375872 0.1912304 0.4480864 0.2369253 0.4589745 0.1932033 0.7419178 0.9125441 0.7420191 0.8307787 0.7536112 0.8306259 0.7419196 0.9124026 0.7535604 0.8311128 0.753457 0.912878 0.7534285 0.9947127 0.7419196 0.9124026 0.7418275 0.994255 0.7419196 0.9124026 0.7533534 0.9946435 0.7418275 0.994255 0.7536112 0.8306259 0.7420119 0.8305504 0.7419196 0.9124026 0.7419196 0.9124026 0.753457 0.912878 0.7533534 0.9946435 0.7536112 0.8306259 0.7419196 0.9124026 0.7535198 0.9126693 0.7534285 0.9947127 0.7535198 0.9126693 0.7419196 0.9124026 0.7419178 0.9125441 0.7534285 0.9947127 0.7418165 0.9943096 0.4482623 0.2376651 0.4594382 0.1941387 0.4380509 0.1917744 0.7419178 0.9125441 0.7535198 0.9126693 0.7534285 0.9947127 0.7419178 0.9125441 0.7536112 0.8306259 0.7535198 0.9126693 0.2626721 0.06985664 0.2773078 0.05496549 0.2629494 0.04060894 0.2965666 0.0690838 0.2631375 0.06986159 0.2631136 0.0415914 0.2632698 0.06983911 0.2628294 0.0414775 0.2964803 0.04068732 0.2632698 0.06983911 0.2964803 0.04068732 0.2965986 0.06910926 0.2965666 0.0690838 0.2631136 0.0415914 0.2964425 0.04087221 0.2628294 0.0414775 0.2965666 0.0690838 0.2964803 0.04068732 0.2775447 0.05471628 0.2632447 0.03996402 0.2628405 0.06921654 0.2628294 0.0414775 0.2631375 0.06986159 0.2965666 0.0690838 0.2626721 0.06985664 0.2773078 0.05496549 0.2629494 0.04060894 0.2965666 0.0690838 0.2631375 0.06986159 0.2631136 0.0415914 0.2632698 0.06983911 0.2628294 0.0414775 0.2964803 0.04068732 0.2632698 0.06983911 0.2964803 0.04068732 0.2965986 0.06910926 0.2965666 0.0690838 0.2631136 0.0415914 0.2964425 0.04087221 0.2628294 0.0414775 0.2965666 0.0690838 0.2964803 0.04068732 0.2775447 0.05471628 0.2632447 0.03996402 0.2628405 0.06921654 0.2628294 0.0414775 0.2631375 0.06986159 0.2965666 0.0690838 0.2626721 0.06985664 0.2773078 0.05496549 0.2629494 0.04060894 0.2965666 0.0690838 0.2631375 0.06986159 0.2631136 0.0415914 0.2632698 0.06983911 0.2628294 0.0414775 0.2964803 0.04068732 0.2965666 0.0690838 0.2631136 0.0415914 0.2964425 0.04087221 0.2632698 0.06983911 0.2964803 0.04068732 0.2965986 0.06910926 0.2628294 0.0414775 0.2965666 0.0690838 0.2964803 0.04068732 0.2775447 0.05471628 0.2632447 0.03996402 0.2628405 0.06921654 0.2628294 0.0414775 0.2631375 0.06986159 0.2965666 0.0690838 0.7418275 0.994255 0.7420119 0.8305504 0.7535604 0.8311128 0.7420191 0.8307787 0.7536112 0.8306259 0.7534285 0.9947127 0.7418275 0.994255 0.7535604 0.8311128 0.7533534 0.9946435 0.7420191 0.8307787 0.7534285 0.9947127 0.7418165 0.9943096 0.7536112 0.8306259 0.7418275 0.994255 0.7534285 0.9947127 0.4482623 0.2376651 0.4594382 0.1941387 0.4380509 0.1917744 0.7536112 0.8306259 0.7420119 0.8305504 0.7418275 0.994255 0.2965518 0.06946647 0.2623317 0.07027351 0.2620949 0.04201126 0.2627416 0.07026225 0.2772614 0.05485367 0.2627059 0.04091733 0.2623776 0.07025426 0.2619951 0.04189044 0.2962924 0.04107624 0.2623776 0.07025426 0.2962924 0.04107624 0.2965632 0.06949311 0.2965518 0.06946647 0.2620949 0.04201126 0.2962806 0.04126042 0.2962924 0.04107624 0.2623317 0.07027351 0.2965518 0.06946647 0.2774963 0.05459624 0.2629952 0.04026114 0.2629036 0.06961458 0.2962924 0.04107624 0.2619951 0.04189044 0.2623317 0.07027351 0.7243591 0.9719912 0.7243588 0.8464107 0.7680593 0.846397 0.7243585 0.9719806 0.7243582 0.8463795 0.7680569 0.846376 0.7243591 0.9719912 0.7680593 0.846397 0.768063 0.971993 0.7615003 0.9521381 0.7677146 0.8457623 0.7677146 0.969828 0.7243534 0.9719764 0.7680965 0.8464018 0.7680869 0.9719719 0.7615003 0.8634521 0.7241312 0.8457623 0.7677146 0.8457623 0.7615003 0.9521381 0.7615003 0.8634521 0.7677146 0.8457623 0.7615003 0.9521381 0.7615003 0.8634521 0.7615003 0.9521381 0.7303456 0.9521382 0.7615003 0.9521381 0.7303456 0.9521382 0.7303456 0.9521382 0.7615003 0.9521381 0.7677146 0.969828 0.7303456 0.9521382 0.7615003 0.9521381 0.7615003 0.9521381 0.7303456 0.8634522 0.7303456 0.9521382 0.7303456 0.9521382 0.4566609 0.1787589 0.4368853 0.178759 0.4368853 0.1299547 0.7615003 0.8634521 0.7303456 0.8634522 0.7303456 0.8634522 0.4566609 0.1787589 0.4368853 0.1299547 0.4566609 0.1299547 0.7303456 0.8634522 0.7303456 0.9521382 0.7303456 0.8634522 0.7615003 0.8634521 0.7303456 0.8634522 0.7615003 0.8634521 0.7615003 0.8634521 0.7303456 0.8634522 0.7241312 0.8457623 0.7241312 0.969828 0.7303456 0.8634522 0.7303456 0.9521382 0.7241312 0.969828 0.7241312 0.8457623 0.7303456 0.8634522 0.7243566 0.9719765 0.7680811 0.8464466 0.7680898 0.9719807 0.7243566 0.9719765 0.7243558 0.8464794 0.7680811 0.8464466 0.7243585 0.9719806 0.7680569 0.846376 0.7680608 0.9719811 0.7241312 0.969828 0.7303456 0.9521382 0.7677146 0.969828 0.7243534 0.9719764 0.7243543 0.8463656 0.7680965 0.8464018 0.7615003 0.9521381 0.7615003 0.8634521 0.7615003 0.8634521 0.2714948 0.06966745 0.2631375 0.06986159 0.2631136 0.0415914 0.2626721 0.06985664 0.2773078 0.05496549 0.2629494 0.04060894 0.271602 0.06965678 0.2632698 0.06983911 0.2628294 0.0414775 0.2714948 0.06966745 0.2631136 0.0415914 0.2714458 0.04141175 0.2714948 0.06966745 0.279778 0.04123175 0.2798519 0.06947296 0.2798519 0.06947296 0.2796549 0.04108208 0.2714948 0.06966745 0.2714948 0.06966745 0.2628294 0.0414775 0.2631375 0.06986159 0.2714948 0.06966745 0.2714458 0.04141175 0.279778 0.04123175 0.2628294 0.0414775 0.2714948 0.06966745 0.2712421 0.04128009 0.2712421 0.04128009 0.2714948 0.06966745 0.2796549 0.04108208 0.2882092 0.06927841 0.279778 0.04123175 0.2881101 0.04105162 0.2882664 0.06929183 0.2799341 0.06947445 0.2796549 0.04108208 0.2882092 0.06927841 0.2798519 0.06947296 0.279778 0.04123175 0.271602 0.06965678 0.2796549 0.04108208 0.2799341 0.06947445 0.2882092 0.06927841 0.2965666 0.0690838 0.2880676 0.04088473 0.2965666 0.0690838 0.2882092 0.06927841 0.2881101 0.04105162 0.2796549 0.04108208 0.2798519 0.06947296 0.2882092 0.06927841 0.2796549 0.04108208 0.2882092 0.06927841 0.2880676 0.04088473 0.2882664 0.06929183 0.2796549 0.04108208 0.2880676 0.04088473 0.2965986 0.06910926 0.2880676 0.04088473 0.2964803 0.04068732 0.2880676 0.04088473 0.2965666 0.0690838 0.2964803 0.04068732 0.2965986 0.06910926 0.2882664 0.06929183 0.2880676 0.04088473 0.2775447 0.05471628 0.2632447 0.03996402 0.2628405 0.06921654 0.2965666 0.0690838 0.2881101 0.04105162 0.2964425 0.04087221 0.271602 0.06965678 0.2712421 0.04128009 0.2796549 0.04108208 0.271602 0.06965678 0.2628294 0.0414775 0.2712421 0.04128009 0.7418275 0.994255 0.7420119 0.8305504 0.7535604 0.8311128 0.4375872 0.1912304 0.4480864 0.2369253 0.4589745 0.1932033 0.7420191 0.8307787 0.7536112 0.8306259 0.7534285 0.9947127 0.7420191 0.8307787 0.7534285 0.9947127 0.7418165 0.9943096 0.7418275 0.994255 0.7535604 0.8311128 0.7533534 0.9946435 0.7534285 0.9947127 0.7420119 0.8305504 0.7418275 0.994255 0.4482623 0.2376651 0.4594382 0.1941387 0.4380509 0.1917744 0.7534285 0.9947127 0.7536112 0.8306259 0.7420119 0.8305504 0 0 0 0 0 0 0 0 0 0 0 0 0 0 0 0 0 0 0 0 0 0 0 0 0 0 0 0 0 0 0 0 0 0 0 0 0 0 0 0 0 0 0 0 0 0 0 0 0 0 0 0 0 0 0 0 0 0 0 0 0 0 0 0 0 0 0 0 0 0 0 0 0 0 0 0 0 0 0 0 0 0 0 0 0 0 0 0 0 0 0 0 0 0 0 0 0 0 0 0 0 0 0 0 0 0 0 0 0 0 0 0 0 0 0 0 0 0 0 0 0.9188644 0.05176448 0.901727 0.01976561 0.9194077 0.02083522 0.9188644 0.05176448 0.9012542 0.05069619 0.901727 0.01976561 0.9007855 0.0726183 0.9006336 0.08899182 0.9190204 0.08997863 0.9007855 0.0726183 0.9190204 0.08997863 0.9191726 0.0736044 0.901727 0.01976561 0.9014697 0.03659754 0.9191121 0.03766703 0.901727 0.01976561 0.9191121 0.03766703 0.9194077 0.02083522 0.9011834 0.06275719 0.9008581 0.08001345 0.9182116 0.08107501 0.9180653 0.09738582 0.9007117 0.09632515 0.9010288 0.07950907 0.9180653 0.09738582 0.9010288 0.07950907 0.9183822 0.08056956 0.9011834 0.06275719 0.9182116 0.08107501 0.9185369 0.06381821 0.900637 0.113309 0.9007841 0.1234362 0.9185801 0.1241555 0.900637 0.113309 0.9185801 0.1241555 0.918433 0.114028 0.9180865 0.0901671 0.900637 0.113309 0.918433 0.114028 0.9192792 0.06239801 0.9008924 0.06141 0.9007855 0.0726183 0.9192792 0.06239801 0.9007855 0.0726183 0.9191726 0.0736044 0.9180865 0.0901671 0.9002904 0.08944904 0.900637 0.113309 0.5066238 0.1681677 0.509502 0.1543378 0.5074212 0.1391993 0.5002393 0.1268695 0.5098897 0.1448052 0.5066773 0.1302196 0.9188644 0.05176448 0.901727 0.01976561 0.9194077 0.02083522 0.9188644 0.05176448 0.9012542 0.05069619 0.901727 0.01976561 0.9007855 0.0726183 0.9006336 0.08899182 0.9190204 0.08997863 0.9007855 0.0726183 0.9190204 0.08997863 0.9191726 0.0736044 0.901727 0.01976561 0.9014697 0.03659754 0.9191121 0.03766703 0.901727 0.01976561 0.9191121 0.03766703 0.9194077 0.02083522 0.9011834 0.06275719 0.9008581 0.08001345 0.9182116 0.08107501 0.9180653 0.09738582 0.9007117 0.09632515 0.9010288 0.07950907 0.9180653 0.09738582 0.9010288 0.07950907 0.9183822 0.08056956 0.9011834 0.06275719 0.9182116 0.08107501 0.9185369 0.06381821 0.900637 0.113309 0.9007841 0.1234362 0.9185801 0.1241555 0.900637 0.113309 0.9185801 0.1241555 0.918433 0.114028 0.9180865 0.0901671 0.900637 0.113309 0.918433 0.114028 0.9192792 0.06239801 0.9008924 0.06141 0.9007855 0.0726183 0.9192792 0.06239801 0.9007855 0.0726183 0.9191726 0.0736044 0.9180865 0.0901671 0.9002904 0.08944904 0.900637 0.113309 0.516867 0.221235 0.5197452 0.2074051 0.5176644 0.1922667 0.5104825 0.1799368 0.520133 0.1978725 0.5169206 0.183287 0.9188644 0.05176448 0.901727 0.01976561 0.9194077 0.02083522 0.9188644 0.05176448 0.9012542 0.05069619 0.901727 0.01976561 0.9007855 0.0726183 0.9006336 0.08899182 0.9190204 0.08997863 0.9007855 0.0726183 0.9190204 0.08997863 0.9191726 0.0736044 0.901727 0.01976561 0.9014697 0.03659754 0.9191121 0.03766703 0.901727 0.01976561 0.9191121 0.03766703 0.9194077 0.02083522 0.9011834 0.06275719 0.9008581 0.08001345 0.9182116 0.08107501 0.9180653 0.09738582 0.9007117 0.09632515 0.9010288 0.07950907 0.9180653 0.09738582 0.9010288 0.07950907 0.9183822 0.08056956 0.9011834 0.06275719 0.9182116 0.08107501 0.9185369 0.06381821 0.900637 0.113309 0.9007841 0.1234362 0.9185801 0.1241555 0.900637 0.113309 0.9185801 0.1241555 0.918433 0.114028 0.9180865 0.0901671 0.900637 0.113309 0.918433 0.114028 0.9192792 0.06239801 0.9008924 0.06141 0.9007855 0.0726183 0.9192792 0.06239801 0.9007855 0.0726183 0.9191726 0.0736044 0.9180865 0.0901671 0.9002904 0.08944904 0.900637 0.113309 0.516867 0.221235 0.5197452 0.2074051 0.5176644 0.1922667 0.4867243 0.1835315 0.4963748 0.2014672 0.4931623 0.1868817 0.4210544 0.6332641 0.636346 0.8854269 0.6373676 0.6332453 0.5786029 0.7262122 0.6377483 0.7128742 0.5779573 0.7128742 0.4101476 0.6332413 0.6478903 0.8853662 0.6482936 0.6332206 0.6478903 0.8853662 0.6696032 0.6355767 0.6482936 0.6332206 0.3888597 0.8855985 0.4210845 0.6333116 0.3888593 0.6356738 0.3108739 0.4770805 0.3062295 0.5076862 0.3045785 0.4874339 0.3135677 0.4533132 0.3156138 0.4932636 0.3108739 0.4770805 0.09862369 0.4770816 0.1032685 0.5076861 0.09388405 0.4932636 0.09593015 0.4533164 0.09388405 0.4932636 0.08999693 0.4584445 0.3108743 0.1345494 0.3062295 0.1039448 0.3156139 0.1183674 0.3135678 0.1583145 0.3156139 0.1183674 0.319501 0.1531865 0.09593021 0.1583177 0.09388405 0.1183673 0.09862399 0.1345504 0.09862399 0.1345504 0.1032685 0.1039448 0.1049194 0.1241972 0.3135677 0.4533132 0.319501 0.1531865 0.319501 0.4584447 0.3045785 0.4874339 0.1032685 0.5076861 0.1049186 0.4874339 0.1697344 0.1241972 0.1032685 0.1039448 0.169155 0.1039448 0.09593021 0.1583177 0.08999693 0.4584445 0.08999693 0.1531863 0.6447049 0.2329617 0.6451596 0.1790558 0.6451595 0.2353002 0.5118358 0.9161819 0.4378202 0.9226947 0.5126426 0.9226947 0.4378202 0.8898975 0.634366 0.972002 0.634366 0.8898975 0.4942306 0.7128763 0.4328721 0.7262185 0.4935849 0.7262185 0.5114617 0.902844 0.4344395 0.9161819 0.5118358 0.9161819 0.6343677 0.9715921 0.5566294 0.8894875 0.5566294 0.9715921 0.5595448 0.9226946 0.6377477 0.9161798 0.5603518 0.9161798 0.4956233 0.7063617 0.4344401 0.7128763 0.4942306 0.7128763 0.5779573 0.7128742 0.6343677 0.7063617 0.5765652 0.7063617 0.5398843 0.9717724 0.4381321 0.8890443 0.4381437 0.9717962 0.5603518 0.9161798 0.6393157 0.9028375 0.5607259 0.9028375 0.4381463 0.8884506 0.5398985 0.972029 0.5398869 0.888427 0.1015271 0.1631581 0.09593015 0.4533164 0.09593021 0.1583177 0.1064769 0.1433012 0.1697344 0.1241972 0.1702809 0.1433013 0.3030211 0.4683299 0.1049186 0.4874339 0.1064752 0.4683299 0.3079708 0.4484728 0.3135678 0.1583145 0.3135677 0.4533132 0.1030952 0.1498159 0.1049194 0.1241972 0.1064769 0.1433012 0.1015271 0.1631581 0.09862399 0.1345504 0.1030952 0.1498159 0.3079709 0.1631517 0.3108743 0.1345494 0.3135678 0.1583145 0.3064034 0.1498138 0.3045793 0.1241972 0.3108743 0.1345494 0.101527 0.4484792 0.09862369 0.4770816 0.09593015 0.4533164 0.1030945 0.4618172 0.1049186 0.4874339 0.09862369 0.4770816 0.3079708 0.4484728 0.3108739 0.4770805 0.3064028 0.4618151 0.3064028 0.4618151 0.3045785 0.4874339 0.3030211 0.4683299 0.4221071 0.8855934 0.6374192 0.6332927 0.4210845 0.6333116 0.6696175 0.6356252 0.6479042 0.885484 0.6696181 0.8854807 0.422077 0.8854755 0.3888315 0.6356253 0.3888318 0.8854807 0.6696444 0.6356498 0.6363974 0.8855448 0.669645 0.8855396 0.4105597 0.8855361 0.3888455 0.6356498 0.3888458 0.8855396 0.6695907 0.6356012 0.636346 0.8854269 0.6695913 0.8854217 0.4105519 0.8854183 0.388838 0.6356012 0.3888384 0.8854217 0.5708559 0.885501 0.6483076 0.6332681 0.570997 0.6332748 0.5016259 0.9715921 0.4378218 0.8894875 0.4378218 0.9715921 0.2256094 0.1241972 0.3062295 0.1039448 0.3045793 0.1241972 0.3030227 0.1433013 0.2256094 0.1241972 0.3045793 0.1241972 0.5044348 0.8855156 0.4101554 0.6332886 0.4105597 0.8855361 0.5016259 0.8894875 0.5708559 0.885501 0.570997 0.6332748 0.5044348 0.8855156 0.5566294 0.8894875 0.50435 0.6332805 0.2572889 0.4374951 0.1886304 0.3386134 0.3265188 0.351404 0.1923218 0.340425 0.2571338 0.4338044 0.3222891 0.351102 0.6533289 0.1790558 0.6603714 0.1790558 0.6603714 0.1790558 0.6533289 0.1790558 0.6603714 0.1790558 0.6603714 0.1790558 0.3452785 0.4376959 0.03526175 0.5173825 0.3442568 0.5173339 0.3079709 0.1631517 0.3064034 0.1498138 0.3064034 0.1498138 0.2790412 0.9134133 0.02141731 0.5343648 0.02334022 0.9134339 0.02333241 0.4376919 0.3558011 0.5172732 0.3562045 0.4376712 0.3558011 0.5172732 0.3775141 0.4400273 0.3562045 0.4376712 0.002044498 0.5175056 0.03426927 0.4377622 0.002044141 0.4401245 0.02333241 0.9133865 0.002021312 0.5482199 0.002022802 0.9157465 0.3003214 0.5482199 0.2681012 0.9133905 0.3003243 0.9157465 0.02334022 0.9134339 0.002028703 0.5479385 0.002030193 0.915795 0.3003751 0.5479385 0.2681528 0.913438 0.300378 0.915795 0.03423917 0.9134093 0.002014756 0.5480777 0.002016305 0.9157705 0.3003482 0.5480776 0.2790412 0.9134133 0.3003512 0.9157704 0.03426927 0.9134568 0.273012 0.5343469 0.02940553 0.5342242 0.3108739 0.4770805 0.3062295 0.5076862 0.3045785 0.4874339 0.3135677 0.4533132 0.3156138 0.4932636 0.3108739 0.4770805 0.09862369 0.4770816 0.1032685 0.5076861 0.09388405 0.4932636 0.09593015 0.4533164 0.09388405 0.4932636 0.08999693 0.4584445 0.3108743 0.1345494 0.3062295 0.1039448 0.3156139 0.1183674 0.3135678 0.1583145 0.3156139 0.1183674 0.319501 0.1531865 0.09593021 0.1583177 0.09388405 0.1183673 0.09862399 0.1345504 0.09862399 0.1345504 0.1032685 0.1039448 0.1049194 0.1241972 0.3135677 0.4533132 0.319501 0.1531865 0.319501 0.4584447 0.3045785 0.4874339 0.1032685 0.5076861 0.1049186 0.4874339 0.1049194 0.1241972 0.3062295 0.1039448 0.3045793 0.1241972 0.09593021 0.1583177 0.08999693 0.4584445 0.08999693 0.1531863 0.4089617 0.6739405 0.41002 0.6649358 0.4123023 0.6605389 0.1030945 0.4618172 0.1064752 0.4683299 0.1064752 0.4683299 0.1064752 0.4355328 0.3030211 0.5176373 0.3030211 0.4355328 0.1030952 0.1498159 0.1015271 0.1631581 0.1015271 0.1631581 0.101527 0.4484792 0.1030945 0.4618172 0.1030945 0.4618172 0.3030227 0.5172274 0.1064769 0.4351228 0.1064769 0.5172274 0.3030211 0.4683299 0.3064028 0.4618151 0.3064028 0.4618151 0.1064769 0.1433012 0.1030952 0.1498159 0.1030952 0.1498159 0.3064034 0.1498138 0.3030227 0.1433013 0.3030227 0.1433013 0.2085393 0.5174077 0.1067872 0.4346795 0.1067988 0.5174314 0.3064028 0.4618151 0.3079708 0.4484728 0.3079708 0.4484728 0.1068013 0.4340859 0.2085536 0.5176643 0.208542 0.4340623 0.1015271 0.1631581 0.09593015 0.4533164 0.09593021 0.1583177 0.1064769 0.1433012 0.3045793 0.1241972 0.3030227 0.1433013 0.3030211 0.4683299 0.1049186 0.4874339 0.1064752 0.4683299 0.3079708 0.4484728 0.3135678 0.1583145 0.3135677 0.4533132 0.1030952 0.1498159 0.1049194 0.1241972 0.1064769 0.1433012 0.1015271 0.1631581 0.09862399 0.1345504 0.1030952 0.1498159 0.3079709 0.1631517 0.3108743 0.1345494 0.3135678 0.1583145 0.3064034 0.1498138 0.3045793 0.1241972 0.3108743 0.1345494 0.101527 0.4484792 0.09862369 0.4770816 0.09593015 0.4533164 0.1030945 0.4618172 0.1049186 0.4874339 0.09862369 0.4770816 0.3079708 0.4484728 0.3108739 0.4770805 0.3064028 0.4618151 0.3064028 0.4618151 0.3045785 0.4874339 0.3030211 0.4683299 0.03529191 0.5175004 0.34533 0.4377434 0.03426927 0.4377622 0.3775284 0.4400758 0.3558151 0.5173911 0.377529 0.5173877 0.03526175 0.5173825 0.002016305 0.4400759 0.002016603 0.5173877 0.3775553 0.4401004 0.3443083 0.5174518 0.3775559 0.5174466 0.02374452 0.5174432 0.002030193 0.4401004 0.002030551 0.5174466 0.3775015 0.4400519 0.3442568 0.5173339 0.3775021 0.5173287 0.02373671 0.5173254 0.002022802 0.4400519 0.0020231 0.5173287 0.002044141 0.9158191 0.02940553 0.5342242 0.002042651 0.5477964 0.2790273 0.9133658 0.3003339 0.548359 0.2809456 0.5347812 0.2809456 0.5347812 0.02333241 0.9133865 0.2790273 0.9133658 0.3558151 0.5173911 0.02334022 0.4377393 0.02374452 0.5174432 0.2729602 0.5346345 0.03423917 0.9134093 0.2681012 0.9133905 0.4210544 0.6332641 0.636346 0.8854269 0.6373676 0.6332453 0.4101476 0.6332413 0.6478903 0.8853662 0.6482936 0.6332206 0.1049186 0.4874339 0.09388405 0.4932636 0.09862369 0.4770816 0.09862369 0.4770816 0.08999693 0.4584445 0.09593015 0.4533164 0.09862399 0.1345504 0.08999693 0.1531863 0.09388405 0.1183673 0.1049194 0.1241972 0.09388405 0.1183673 0.1032685 0.1039448 0.3045785 0.4874339 0.1032685 0.5076861 0.1049186 0.4874339 0.1697344 0.1241972 0.1032685 0.1039448 0.169155 0.1039448 0.09593015 0.4533164 0.08999693 0.1531863 0.09593021 0.1583177 0.6448489 0.234533 0.6447049 0.2329617 0.6707795 0.2329609 0.5118358 0.9161819 0.4378202 0.9226947 0.5126426 0.9226947 0.4378202 0.8898975 0.634366 0.972002 0.634366 0.8898975 0.4942306 0.7128763 0.4328721 0.7262185 0.4935849 0.7262185 0.5114617 0.902844 0.4344395 0.9161819 0.5118358 0.9161819 0.6343677 0.9715921 0.5566294 0.8894875 0.5566294 0.9715921 0.4956233 0.7063617 0.4344401 0.7128763 0.4942306 0.7128763 0.5398843 0.9717724 0.4381321 0.8890443 0.4381437 0.9717962 0.101527 0.4484792 0.09593021 0.1583177 0.1015271 0.1631581 0.1064769 0.1433012 0.1697344 0.1241972 0.1702809 0.1433013 0.3030211 0.4683299 0.1049186 0.4874339 0.1064752 0.4683299 0.1064769 0.1433012 0.09862399 0.1345504 0.1049194 0.1241972 0.1030952 0.1498159 0.09593021 0.1583177 0.09862399 0.1345504 0.1030945 0.4618172 0.09593015 0.4533164 0.101527 0.4484792 0.1064752 0.4683299 0.09862369 0.4770816 0.1030945 0.4618172 0.6696175 0.6356252 0.6479042 0.885484 0.6696181 0.8854807 0.422077 0.8854755 0.3888315 0.6356253 0.3888318 0.8854807 0.6695913 0.8854217 0.6373676 0.6332453 0.636346 0.8854269 0.4105519 0.8854183 0.388838 0.6356012 0.3888384 0.8854217 0.5708559 0.885501 0.6483076 0.6332681 0.570997 0.6332748 0.5016259 0.9715921 0.4378218 0.8894875 0.4378218 0.9715921 0.2256094 0.1241972 0.3062295 0.1039448 0.3045793 0.1241972 0.3030227 0.1433013 0.2256094 0.1241972 0.3045793 0.1241972 0.5044348 0.8855156 0.4101554 0.6332886 0.4105597 0.8855361 0.5016259 0.8894875 0.5708559 0.885501 0.570997 0.6332748 0.5044348 0.8855156 0.5566294 0.8894875 0.50435 0.6332805 0.2572889 0.4374951 0.1886304 0.3386134 0.3265188 0.351404 0.1923218 0.340425 0.2571338 0.4338044 0.3222891 0.351102 0.6603714 0.1790558 0.6533289 0.1790558 0.6603714 0.1790558 0.6533289 0.1790558 0.6603714 0.1790558 0.6603714 0.1790558 8.51164e-4 0.08464521 0.2561881 0.01424372 0.2562425 0.0846256 9.39868e-4 0.08654588 0.2568532 0.01440376 9.29676e-4 0.01444977 7.50087e-4 0.01466196 0.2566313 0.08673894 0.2566559 0.01465141 0.4414631 0.2359114 0.4411777 0.1842424 0.4610059 0.2100657 0.4609215 0.210415 0.4414336 0.2359002 0.4412392 0.1842687 0.8763415 0.5503389 0.9374836 0.3339988 0.9374879 0.5502309 0.9986341 0.5501226 0.9374836 0.3339988 0.9986261 0.3338332 0.9374964 0.9933993 0.9986421 0.7664121 0.9986504 0.993409 0.9374964 0.9933993 0.8763419 0.7665135 0.937492 0.7664628 0.937492 0.7664628 0.9986341 0.5501226 0.9986421 0.7664121 0.937492 0.7664628 0.8763415 0.5503389 0.9374879 0.5502309 0.2562425 0.0846256 8.46098e-4 0.01429241 0.2561881 0.01424372 0.2568563 0.08654755 9.29676e-4 0.01444977 9.39868e-4 0.08654588 7.50087e-4 0.01466196 0.2566313 0.08673894 0.2566559 0.01465141 0.4414631 0.2359114 0.4411777 0.1842424 0.4610059 0.2100657 0.4609215 0.210415 0.4414336 0.2359002 0.4412392 0.1842687 0.2562425 0.0846256 8.46098e-4 0.01429241 0.2561881 0.01424372 0.2568563 0.08654755 9.29676e-4 0.01444977 9.39868e-4 0.08654588 7.50087e-4 0.01466196 0.2566313 0.08673894 0.2566559 0.01465141 0.4414631 0.2359114 0.4411777 0.1842424 0.4610059 0.2100657 0.4609215 0.210415 0.4414336 0.2359002 0.4412392 0.1842687 8.51164e-4 0.08464521 0.2561881 0.01424372 0.2562425 0.0846256 9.39868e-4 0.08654588 0.2568532 0.01440376 9.29676e-4 0.01444977 7.50087e-4 0.01466196 0.2566313 0.08673894 0.2566559 0.01465141 0.4414631 0.2359114 0.4411777 0.1842424 0.4610059 0.2100657 0.4609215 0.210415 0.4414336 0.2359002 0.4412392 0.1842687 0.2562425 0.0846256 8.46098e-4 0.01429241 0.2561881 0.01424372 0.2568563 0.08654755 9.29676e-4 0.01444977 9.39868e-4 0.08654588 7.50087e-4 0.01466196 0.2566313 0.08673894 0.2566559 0.01465141 0.4414631 0.2359114 0.4411777 0.1842424 0.4610059 0.2100657 0.4609215 0.210415 0.4414336 0.2359002 0.4412392 0.1842687 0.2562425 0.0846256 8.46098e-4 0.01429241 0.2561881 0.01424372 0.2568563 0.08654755 9.29676e-4 0.01444977 9.39868e-4 0.08654588 7.50087e-4 0.01466196 0.2566313 0.08673894 0.2566559 0.01465141 0.4414631 0.2359114 0.4411777 0.1842424 0.4610059 0.2100657 0.4609215 0.210415 0.4414336 0.2359002 0.4412392 0.1842687 0.8763415 0.5503389 0.9374836 0.3339988 0.9374879 0.5502309 0.9986341 0.5501226 0.9374836 0.3339988 0.9986261 0.3338332 0.9374964 0.9933993 0.9986421 0.7664121 0.9986504 0.993409 0.9374964 0.9933993 0.8763419 0.7665135 0.937492 0.7664628 0.937492 0.7664628 0.9986341 0.5501226 0.9986421 0.7664121 0.937492 0.7664628 0.8763415 0.5503389 0.9374879 0.5502309 0.8763415 0.5503389 0.9374836 0.3339988 0.9374879 0.5502309 0.9986341 0.5501226 0.9374836 0.3339988 0.9986261 0.3338332 0.9374964 0.9933993 0.9986421 0.7664121 0.9986504 0.993409 0.9374964 0.9933993 0.8763419 0.7665135 0.937492 0.7664628 0.937492 0.7664628 0.9986341 0.5501226 0.9986421 0.7664121 0.937492 0.7664628 0.8763415 0.5503389 0.9374879 0.5502309 0.8763415 0.5503389 0.9374836 0.3339988 0.9374879 0.5502309 0.9986341 0.5501226 0.9374836 0.3339988 0.9986261 0.3338332 0.9374964 0.9933993 0.9986421 0.7664121 0.9986504 0.993409 0.9374964 0.9933993 0.8763419 0.7665135 0.937492 0.7664628 0.937492 0.7664628 0.9986341 0.5501226 0.9986421 0.7664121 0.937492 0.7664628 0.8763415 0.5503389 0.9374879 0.5502309 0.3284481 0.1753458 0.3079666 0.190562 0.3245007 0.1614096 0.2074248 0.4816825 0.1714776 0.2822428 0.2074248 0.2822428 0.2014727 0.2946447 0.2808984 0.2396045 0.2809424 0.2943181 0.2433721 0.4816824 0.2074248 0.2822428 0.2433721 0.2822428 0.1219589 0.2098734 0.04253333 0.3099244 0.04248934 0.2104675 0.3277641 0.2507965 0.3114658 0.20754 0.3296872 0.1865744 0.3245007 0.1614096 0.3017258 0.185593 0.3152506 0.1540445 0.122003 0.3093304 0.04257738 0.4093813 0.04253333 0.3099244 0.3297905 0.3150023 0.3101683 0.2508689 0.3277641 0.2507965 0.2015168 0.3493583 0.2809424 0.2943181 0.2809864 0.3490316 0.195055 0.3698222 0.1821426 0.4414619 0.1821426 0.3698222 0.1692302 0.3698222 0.1682957 0.4414619 0.1682957 0.3698222 0.1219984 0.5205011 0.04256975 0.4751682 0.1220394 0.4743887 0.1220394 0.4743887 0.04257738 0.4093813 0.122047 0.4087873 0.1714776 0.4816825 0.1688759 0.2822428 0.1714776 0.2822428 0.2808033 0.2105335 0.2013977 0.2253956 0.2014052 0.2108599 0.2808675 0.2250689 0.2014287 0.2399312 0.2013977 0.2253956 0.2433721 0.2822428 0.2459738 0.4816825 0.2433721 0.4816824 0.1218636 0.09793072 0.04245835 0.1448662 0.04246592 0.09875416 0.1219279 0.1440868 0.04248934 0.2104675 0.04245835 0.1448662 0.195055 0.4414618 0.1959895 0.3698222 0.1959896 0.4414619 0.280938 0.3781032 0.2015093 0.3638939 0.2809788 0.3635673 0.2809788 0.3635673 0.2015168 0.3493583 0.2809864 0.3490316 0.1821426 0.3698222 0.1692302 0.4414619 0.1692302 0.3698222 0.3187934 0.359764 0.3263316 0.4095868 0.3125607 0.3647843 0.3187934 0.359764 0.3403794 0.3904476 0.3377602 0.4044511 0.3214415 0.3503398 0.3413258 0.3713282 0.3403794 0.3904476 0.2500224 0.2394151 0.242484 0.1895922 0.2562556 0.2343947 0.2500224 0.2394151 0.2284362 0.2087314 0.2310554 0.1947278 0.2473738 0.2488396 0.2274898 0.2278508 0.2284362 0.2087314 0.3186964 0.2391327 0.3261692 0.1892169 0.3375764 0.1943253 0.3186964 0.2391327 0.34022 0.2083091 0.3213597 0.248535 0.3213597 0.248535 0.3411999 0.2274212 0.3221957 0.2561107 0.2501194 0.3600462 0.2426463 0.4099621 0.2312392 0.4048537 0.2501194 0.3600462 0.2285956 0.3908699 0.2474557 0.3506436 0.2474557 0.3506436 0.2276157 0.3717579 0.2466197 0.3430678 0.3125607 0.3647843 0.2844889 0.4097745 0.2844604 0.364602 0.3222653 0.3427574 0.3412628 0.2993747 0.3413258 0.3713282 0.3221957 0.2561107 0.3412628 0.2993747 0.3222122 0.2994395 0.3124557 0.2341637 0.2843266 0.1894046 0.3261692 0.1892169 0.2563606 0.3650153 0.2844889 0.4097745 0.2426463 0.4099621 0.2466197 0.3430678 0.2275528 0.2998043 0.2466032 0.2997395 0.2562556 0.2343947 0.2843266 0.1894046 0.2843559 0.2345771 0.2465501 0.2564222 0.2275528 0.2998043 0.2274898 0.2278508 0.7250209 0.9457658 0.7342593 0.9732943 0.7266854 0.9578261 0.769578 0.8475485 0.7693457 0.8969455 0.7472993 0.8966577 0.7693153 0.9462667 0.7600291 0.9736789 0.7472993 0.8966577 0.7345694 0.8196371 0.7472993 0.8966577 0.7252835 0.8470472 0.3246443 0.3402096 0.3018308 0.3162137 0.3080635 0.3111933 0.273601 0.1546573 0.3017258 0.185593 0.273626 0.1860064 0.3296872 0.1865744 0.3106299 0.1999644 0.3284481 0.1753458 0.3285695 0.326241 0.3080635 0.3111933 0.3107117 0.3017691 0.2321064 0.3479931 0.2737306 0.3160313 0.273756 0.3473804 0.2321064 0.3479931 0.2393895 0.3114755 0.2456308 0.3164446 0.3285695 0.326241 0.3115355 0.2941867 0.3297905 0.3150023 0.2195916 0.2512412 0.2358899 0.2944972 0.2176684 0.3154626 0.2189075 0.3266913 0.2393895 0.3114755 0.2228556 0.3406279 0.2319508 0.154387 0.2392926 0.1908444 0.2227119 0.1618282 0.2319508 0.154387 0.273626 0.1860064 0.2455258 0.185824 0.2189075 0.3266913 0.2358899 0.2944972 0.2367258 0.302073 0.2227119 0.1618282 0.236644 0.2002689 0.2187861 0.1757972 0.2195916 0.2512412 0.2358202 0.2078515 0.2371874 0.2511689 0.273756 0.3473804 0.3018308 0.3162137 0.3154063 0.3476508 0.2187861 0.1757972 0.2358202 0.2078515 0.2175652 0.187036 0.3245007 0.1614096 0.3079666 0.190562 0.3106299 0.1999644 0.2074248 0.4816825 0.2074248 0.2822428 0.1714776 0.2822428 0.2014727 0.2946447 0.2809424 0.2943181 0.2808984 0.2396045 0.2433721 0.4816824 0.2433721 0.2822428 0.2074248 0.2822428 0.1219589 0.2098734 0.04248934 0.2104675 0.04253333 0.3099244 0.3296872 0.1865744 0.3114658 0.20754 0.3101683 0.2508689 0.3152506 0.1540445 0.3017258 0.185593 0.3079666 0.190562 0.122003 0.3093304 0.04253333 0.3099244 0.04257738 0.4093813 0.3297905 0.3150023 0.3277641 0.2507965 0.3101683 0.2508689 0.2015168 0.3493583 0.2809864 0.3490316 0.2809424 0.2943181 0.195055 0.3698222 0.1821426 0.3698222 0.1821426 0.4414619 0.1692302 0.3698222 0.1682957 0.3698222 0.1682957 0.4414619 0.1219984 0.5205011 0.1220394 0.4743887 0.04256975 0.4751682 0.1220394 0.4743887 0.122047 0.4087873 0.04257738 0.4093813 0.1714776 0.4816825 0.1714776 0.2822428 0.1688759 0.2822428 0.2808033 0.2105335 0.2014052 0.2108599 0.2013977 0.2253956 0.2808675 0.2250689 0.2013977 0.2253956 0.2014287 0.2399312 0.2433721 0.2822428 0.2433721 0.4816824 0.2459738 0.4816825 0.1218636 0.09793072 0.04246592 0.09875416 0.04245835 0.1448662 0.1219279 0.1440868 0.04245835 0.1448662 0.04248934 0.2104675 0.195055 0.4414618 0.1959896 0.4414619 0.1959895 0.3698222 0.280938 0.3781032 0.2809788 0.3635673 0.2015093 0.3638939 0.2809788 0.3635673 0.2809864 0.3490316 0.2015168 0.3493583 0.1821426 0.3698222 0.1692302 0.3698222 0.1692302 0.4414619 0.3187934 0.359764 0.3125607 0.3647843 0.3263316 0.4095868 0.3214415 0.3503398 0.3187934 0.359764 0.3377602 0.4044511 0.3222653 0.3427574 0.3214415 0.3503398 0.3403794 0.3904476 0.2500224 0.2394151 0.2562556 0.2343947 0.242484 0.1895922 0.2473738 0.2488396 0.2500224 0.2394151 0.2310554 0.1947278 0.2465501 0.2564222 0.2473738 0.2488396 0.2284362 0.2087314 0.3186964 0.2391327 0.3375764 0.1943253 0.3261692 0.1892169 0.3213597 0.248535 0.34022 0.2083091 0.3375764 0.1943253 0.3221957 0.2561107 0.3411999 0.2274212 0.34022 0.2083091 0.2501194 0.3600462 0.2312392 0.4048537 0.2426463 0.4099621 0.2474557 0.3506436 0.2285956 0.3908699 0.2312392 0.4048537 0.2466197 0.3430678 0.2276157 0.3717579 0.2285956 0.3908699 0.3125607 0.3647843 0.2844604 0.364602 0.2844889 0.4097745 0.3222653 0.3427574 0.3413258 0.3713282 0.3412628 0.2993747 0.3221957 0.2561107 0.3222122 0.2994395 0.3412628 0.2993747 0.3124557 0.2341637 0.3261692 0.1892169 0.2843266 0.1894046 0.2563606 0.3650153 0.2426463 0.4099621 0.2844889 0.4097745 0.2466197 0.3430678 0.2466032 0.2997395 0.2275528 0.2998043 0.2562556 0.2343947 0.2843559 0.2345771 0.2843266 0.1894046 0.2465501 0.2564222 0.2274898 0.2278508 0.2275528 0.2998043 0.7266854 0.9578261 0.7471287 0.9738366 0.7250209 0.9457658 0.7472993 0.8966577 0.769578 0.8475485 0.7474699 0.8194791 0.7471287 0.9738366 0.7693153 0.9462667 0.7472993 0.8966577 0.7252835 0.8470472 0.7474699 0.8194791 0.7270064 0.8350179 0.3154063 0.3476508 0.3246443 0.3402096 0.3080635 0.3111933 0.273601 0.1546573 0.273626 0.1860064 0.3017258 0.185593 0.3284481 0.1753458 0.3106299 0.1999644 0.3114658 0.20754 0.3246443 0.3402096 0.3285695 0.326241 0.3107117 0.3017691 0.2321064 0.3479931 0.273756 0.3473804 0.2737306 0.3160313 0.2228556 0.3406279 0.2321064 0.3479931 0.2456308 0.3164446 0.3285695 0.326241 0.3297905 0.3150023 0.3115355 0.2941867 0.2195916 0.2512412 0.2176684 0.3154626 0.2358899 0.2944972 0.2189075 0.3266913 0.2228556 0.3406279 0.2393895 0.3114755 0.2227119 0.1618282 0.2392926 0.1908444 0.2455258 0.185824 0.2319508 0.154387 0.2455258 0.185824 0.273626 0.1860064 0.2176684 0.3154626 0.2189075 0.3266913 0.2367258 0.302073 0.2187861 0.1757972 0.236644 0.2002689 0.2392926 0.1908444 0.2175652 0.187036 0.2195916 0.2512412 0.2371874 0.2511689 0.273756 0.3473804 0.3154063 0.3476508 0.3018308 0.3162137 0.2175652 0.187036 0.2358202 0.2078515 0.236644 0.2002689 0.3284481 0.1753458 0.3079666 0.190562 0.3245007 0.1614096 0.2074248 0.4816825 0.1714776 0.2822428 0.2074248 0.2822428 0.2014727 0.2946447 0.2808984 0.2396045 0.2809424 0.2943181 0.2433721 0.4816824 0.2074248 0.2822428 0.2433721 0.2822428 0.1219589 0.2098734 0.04253333 0.3099244 0.04248934 0.2104675 0.3277641 0.2507965 0.3114658 0.20754 0.3296872 0.1865744 0.3245007 0.1614096 0.3017258 0.185593 0.3152506 0.1540445 0.04253333 0.3099244 0.122047 0.4087873 0.04257738 0.4093813 0.3297905 0.3150023 0.3101683 0.2508689 0.3277641 0.2507965 0.2015168 0.3493583 0.2809424 0.2943181 0.2809864 0.3490316 0.195055 0.3698222 0.1821426 0.4414619 0.1821426 0.3698222 0.1692302 0.3698222 0.1682957 0.4414619 0.1682957 0.3698222 0.1219984 0.5205011 0.04256975 0.4751682 0.1220394 0.4743887 0.1220394 0.4743887 0.04257738 0.4093813 0.122047 0.4087873 0.1714776 0.4816825 0.1688759 0.2822428 0.1714776 0.2822428 0.2808033 0.2105335 0.2013977 0.2253956 0.2014052 0.2108599 0.2808675 0.2250689 0.2014287 0.2399312 0.2013977 0.2253956 0.2433721 0.2822428 0.2459738 0.4816825 0.2433721 0.4816824 0.1218636 0.09793072 0.04245835 0.1448662 0.04246592 0.09875416 0.1219279 0.1440868 0.04248934 0.2104675 0.04245835 0.1448662 0.195055 0.4414618 0.1959895 0.3698222 0.1959896 0.4414619 0.280938 0.3781032 0.2015093 0.3638939 0.2809788 0.3635673 0.2809788 0.3635673 0.2015168 0.3493583 0.2809864 0.3490316 0.1821426 0.3698222 0.1692302 0.4414619 0.1692302 0.3698222 0.3187934 0.359764 0.3263316 0.4095868 0.3125607 0.3647843 0.3214415 0.3503398 0.3377602 0.4044511 0.3187934 0.359764 0.3222653 0.3427574 0.3403794 0.3904476 0.3214415 0.3503398 0.2500224 0.2394151 0.242484 0.1895922 0.2562556 0.2343947 0.2473738 0.2488396 0.2310554 0.1947278 0.2500224 0.2394151 0.2465501 0.2564222 0.2284362 0.2087314 0.2473738 0.2488396 0.3186964 0.2391327 0.3261692 0.1892169 0.3375764 0.1943253 0.3213597 0.248535 0.3375764 0.1943253 0.34022 0.2083091 0.3221957 0.2561107 0.34022 0.2083091 0.3411999 0.2274212 0.2501194 0.3600462 0.2426463 0.4099621 0.2312392 0.4048537 0.2474557 0.3506436 0.2312392 0.4048537 0.2285956 0.3908699 0.2466197 0.3430678 0.2285956 0.3908699 0.2276157 0.3717579 0.3125607 0.3647843 0.2844889 0.4097745 0.2844604 0.364602 0.3222653 0.3427574 0.3412628 0.2993747 0.3413258 0.3713282 0.3221957 0.2561107 0.3412628 0.2993747 0.3222122 0.2994395 0.3124557 0.2341637 0.2843266 0.1894046 0.3261692 0.1892169 0.2563606 0.3650153 0.2844889 0.4097745 0.2426463 0.4099621 0.2466197 0.3430678 0.2275528 0.2998043 0.2466032 0.2997395 0.2562556 0.2343947 0.2843266 0.1894046 0.2843559 0.2345771 0.2465501 0.2564222 0.2275528 0.2998043 0.2274898 0.2278508 0.7266854 0.9578261 0.7250209 0.9457658 0.7471287 0.9738366 0.7472993 0.8966577 0.7474699 0.8194791 0.769578 0.8475485 0.7471287 0.9738366 0.7472993 0.8966577 0.7693153 0.9462667 0.7252835 0.8470472 0.7270064 0.8350179 0.7474699 0.8194791 0.3246443 0.3402096 0.3018308 0.3162137 0.3080635 0.3111933 0.3152506 0.1540445 0.273626 0.1860064 0.273601 0.1546573 0.3296872 0.1865744 0.3106299 0.1999644 0.3284481 0.1753458 0.3285695 0.326241 0.3080635 0.3111933 0.3107117 0.3017691 0.273756 0.3473804 0.2456308 0.3164446 0.2737306 0.3160313 0.2321064 0.3479931 0.2393895 0.3114755 0.2456308 0.3164446 0.3297905 0.3150023 0.3107117 0.3017691 0.3115355 0.2941867 0.2195916 0.2512412 0.2358899 0.2944972 0.2176684 0.3154626 0.2228556 0.3406279 0.2367258 0.302073 0.2393895 0.3114755 0.2319508 0.154387 0.2392926 0.1908444 0.2227119 0.1618282 0.273601 0.1546573 0.2455258 0.185824 0.2319508 0.154387 0.2189075 0.3266913 0.2358899 0.2944972 0.2367258 0.302073 0.2227119 0.1618282 0.236644 0.2002689 0.2187861 0.1757972 0.2195916 0.2512412 0.2358202 0.2078515 0.2371874 0.2511689 0.3154063 0.3476508 0.2737306 0.3160313 0.3018308 0.3162137 0.2187861 0.1757972 0.2358202 0.2078515 0.2175652 0.187036 0.3245007 0.1614096 0.3079666 0.190562 0.3106299 0.1999644 0.2074248 0.2822428 0.1714776 0.2822428 0.1714776 0.4816825 0.2014727 0.2946447 0.2809424 0.2943181 0.2808984 0.2396045 0.2433721 0.2822428 0.2074248 0.2822428 0.2074248 0.4816825 0.1219589 0.2098734 0.04248934 0.2104675 0.04253333 0.3099244 0.3277641 0.2507965 0.3296872 0.1865744 0.3114658 0.20754 0.3152506 0.1540445 0.3017258 0.185593 0.3079666 0.190562 0.122003 0.3093304 0.04253333 0.3099244 0.04257738 0.4093813 0.3297905 0.3150023 0.3277641 0.2507965 0.3101683 0.2508689 0.2015168 0.3493583 0.2809864 0.3490316 0.2809424 0.2943181 0.1821426 0.3698222 0.1821426 0.4414619 0.195055 0.4414618 0.1692302 0.4414619 0.1692302 0.3698222 0.1682957 0.3698222 0.04260075 0.5213245 0.1219984 0.5205011 0.1220394 0.4743887 0.04256975 0.4751682 0.1220394 0.4743887 0.122047 0.4087873 0.1714776 0.2822428 0.1688759 0.2822428 0.1688759 0.4816825 0.2014052 0.2108599 0.2013977 0.2253956 0.2808675 0.2250689 0.2013977 0.2253956 0.2014287 0.2399312 0.2808984 0.2396045 0.2433721 0.4816824 0.2459738 0.4816825 0.2459738 0.2822428 0.04246592 0.09875416 0.04245835 0.1448662 0.1219279 0.1440868 0.04245835 0.1448662 0.04248934 0.2104675 0.1219589 0.2098734 0.195055 0.3698222 0.195055 0.4414618 0.1959896 0.4414619 0.2015402 0.3784295 0.280938 0.3781032 0.2809788 0.3635673 0.2015093 0.3638939 0.2809788 0.3635673 0.2809864 0.3490316 0.1692302 0.3698222 0.1692302 0.4414619 0.1821426 0.4414619 0.3187934 0.359764 0.3125607 0.3647843 0.3263316 0.4095868 0.3214415 0.3503398 0.3187934 0.359764 0.3377602 0.4044511 0.3222653 0.3427574 0.3214415 0.3503398 0.3403794 0.3904476 0.2500224 0.2394151 0.2562556 0.2343947 0.242484 0.1895922 0.2473738 0.2488396 0.2500224 0.2394151 0.2310554 0.1947278 0.2465501 0.2564222 0.2473738 0.2488396 0.2284362 0.2087314 0.3186964 0.2391327 0.3375764 0.1943253 0.3261692 0.1892169 0.3213597 0.248535 0.34022 0.2083091 0.3375764 0.1943253 0.3221957 0.2561107 0.3411999 0.2274212 0.34022 0.2083091 0.2501194 0.3600462 0.2312392 0.4048537 0.2426463 0.4099621 0.2474557 0.3506436 0.2285956 0.3908699 0.2312392 0.4048537 0.2466197 0.3430678 0.2276157 0.3717579 0.2285956 0.3908699 0.3125607 0.3647843 0.2844604 0.364602 0.2844889 0.4097745 0.3222653 0.3427574 0.3413258 0.3713282 0.3412628 0.2993747 0.3221957 0.2561107 0.3222122 0.2994395 0.3412628 0.2993747 0.3124557 0.2341637 0.3261692 0.1892169 0.2843266 0.1894046 0.2563606 0.3650153 0.2426463 0.4099621 0.2844889 0.4097745 0.2466197 0.3430678 0.2466032 0.2997395 0.2275528 0.2998043 0.2562556 0.2343947 0.2843559 0.2345771 0.2843266 0.1894046 0.2465501 0.2564222 0.2274898 0.2278508 0.2275528 0.2998043 0.7266854 0.9578261 0.7471287 0.9738366 0.7250209 0.9457658 0.7472993 0.8966577 0.769578 0.8475485 0.7474699 0.8194791 0.7471287 0.9738366 0.7693153 0.9462667 0.7472993 0.8966577 0.7270064 0.8350179 0.7345694 0.8196371 0.730211 0.8267388 0.3154063 0.3476508 0.3246443 0.3402096 0.3080635 0.3111933 0.273601 0.1546573 0.273626 0.1860064 0.3017258 0.185593 0.3284481 0.1753458 0.3106299 0.1999644 0.3114658 0.20754 0.3246443 0.3402096 0.3285695 0.326241 0.3107117 0.3017691 0.2321064 0.3479931 0.273756 0.3473804 0.2737306 0.3160313 0.2228556 0.3406279 0.2321064 0.3479931 0.2456308 0.3164446 0.3285695 0.326241 0.3297905 0.3150023 0.3115355 0.2941867 0.2195916 0.2512412 0.2176684 0.3154626 0.2358899 0.2944972 0.2189075 0.3266913 0.2228556 0.3406279 0.2393895 0.3114755 0.2227119 0.1618282 0.2392926 0.1908444 0.2455258 0.185824 0.2319508 0.154387 0.2455258 0.185824 0.273626 0.1860064 0.2176684 0.3154626 0.2189075 0.3266913 0.2367258 0.302073 0.2187861 0.1757972 0.236644 0.2002689 0.2392926 0.1908444 0.2195916 0.2512412 0.2371874 0.2511689 0.2358202 0.2078515 0.273756 0.3473804 0.3154063 0.3476508 0.3018308 0.3162137 0.2175652 0.187036 0.2358202 0.2078515 0.236644 0.2002689 8.51164e-4 0.08464521 0.2561881 0.01424372 0.2562425 0.0846256 9.39868e-4 0.08654588 0.2568532 0.01440376 9.29676e-4 0.01444977 0.4414631 0.2359114 0.4411777 0.1842424 0.4610059 0.2100657 0.4609215 0.210415 0.4414336 0.2359002 0.4412392 0.1842687 0.2562425 0.0846256 8.46098e-4 0.01429241 0.2561881 0.01424372 9.39868e-4 0.08654588 0.2568532 0.01440376 9.29676e-4 0.01444977 0.4414631 0.2359114 0.4411777 0.1842424 0.4610059 0.2100657 0.4609215 0.210415 0.4414336 0.2359002 0.4412392 0.1842687 8.51164e-4 0.08464521 0.2561881 0.01424372 0.2562425 0.0846256 9.39868e-4 0.08654588 0.2568532 0.01440376 9.29676e-4 0.01444977 0.4414631 0.2359114 0.4411777 0.1842424 0.4610059 0.2100657 0.4609215 0.210415 0.4414336 0.2359002 0.4412392 0.1842687 8.51164e-4 0.08464521 0.2561881 0.01424372 0.2562425 0.0846256 9.39868e-4 0.08654588 0.2568532 0.01440376 9.29676e-4 0.01444977 0.4414631 0.2359114 0.4411777 0.1842424 0.4610059 0.2100657 0.4609215 0.210415 0.4414336 0.2359002 0.4412392 0.1842687 8.51164e-4 0.08464521 0.2561881 0.01424372 0.2562425 0.0846256 9.39868e-4 0.08654588 0.2568532 0.01440376 9.29676e-4 0.01444977 0.4414631 0.2359114 0.4411777 0.1842424 0.4610059 0.2100657 0.4609215 0.210415 0.4414336 0.2359002 0.4412392 0.1842687 8.51164e-4 0.08464521 0.2561881 0.01424372 0.2562425 0.0846256 9.39868e-4 0.08654588 0.2568532 0.01440376 9.29676e-4 0.01444977 0.4414631 0.2359114 0.4411777 0.1842424 0.4610059 0.2100657 0.4609215 0.210415 0.4414336 0.2359002 0.4412392 0.1842687 0.2562425 0.0846256 8.46098e-4 0.01429241 0.2561881 0.01424372 9.39868e-4 0.08654588 0.2568532 0.01440376 9.29676e-4 0.01444977 0.4414631 0.2359114 0.4411777 0.1842424 0.4610059 0.2100657 0.4609215 0.210415 0.4414336 0.2359002 0.4412392 0.1842687 0.2562425 0.0846256 8.46098e-4 0.01429241 0.2561881 0.01424372 9.39868e-4 0.08654588 0.2568532 0.01440376 9.29676e-4 0.01444977 0.4414631 0.2359114 0.4411777 0.1842424 0.4610059 0.2100657 0.4609215 0.210415 0.4414336 0.2359002 0.4412392 0.1842687 8.51164e-4 0.08464521 0.2561881 0.01424372 0.2562425 0.0846256 9.39868e-4 0.08654588 0.2568532 0.01440376 9.29676e-4 0.01444977 0.4414631 0.2359114 0.4411777 0.1842424 0.4610059 0.2100657 0.4609215 0.210415 0.4414336 0.2359002 0.4412392 0.1842687 8.51164e-4 0.08464521 0.2561881 0.01424372 0.2562425 0.0846256 9.39868e-4 0.08654588 0.2568532 0.01440376 9.29676e-4 0.01444977 0.4414631 0.2359114 0.4411777 0.1842424 0.4610059 0.2100657 0.4609215 0.210415 0.4414336 0.2359002 0.4412392 0.1842687 8.51164e-4 0.08464521 0.2561881 0.01424372 0.2562425 0.0846256 9.39868e-4 0.08654588 0.2568532 0.01440376 9.29676e-4 0.01444977 0.4414631 0.2359114 0.4411777 0.1842424 0.4610059 0.2100657 0.4609215 0.210415 0.4414336 0.2359002 0.4412392 0.1842687 8.51164e-4 0.08464521 0.2561881 0.01424372 0.2562425 0.0846256 9.39868e-4 0.08654588 0.2568532 0.01440376 9.29676e-4 0.01444977 0.4414631 0.2359114 0.4411777 0.1842424 0.4610059 0.2100657 0.4609215 0.210415 0.4414336 0.2359002 0.4412392 0.1842687 0.3284481 0.1753458 0.3106299 0.1999644 0.3079666 0.190562 0.2074248 0.4816825 0.1714776 0.4816825 0.1714776 0.2822428 0.2014727 0.2946447 0.2014287 0.2399312 0.2808984 0.2396045 0.2433721 0.4816824 0.2074248 0.4816825 0.2074248 0.2822428 0.1219589 0.2098734 0.122003 0.3093304 0.04253333 0.3099244 0.3296872 0.1865744 0.3277641 0.2507965 0.3101683 0.2508689 0.3245007 0.1614096 0.3079666 0.190562 0.3017258 0.185593 0.04253333 0.3099244 0.122003 0.3093304 0.122047 0.4087873 0.3297905 0.3150023 0.3115355 0.2941867 0.3101683 0.2508689 0.2015168 0.3493583 0.2014727 0.2946447 0.2809424 0.2943181 0.195055 0.3698222 0.195055 0.4414618 0.1821426 0.4414619 0.1692302 0.3698222 0.1692302 0.4414619 0.1682957 0.4414619 0.1219984 0.5205011 0.04260075 0.5213245 0.04256975 0.4751682 0.1220394 0.4743887 0.04256975 0.4751682 0.04257738 0.4093813 0.1714776 0.4816825 0.1688759 0.4816825 0.1688759 0.2822428 0.2808033 0.2105335 0.2808675 0.2250689 0.2013977 0.2253956 0.2808675 0.2250689 0.2808984 0.2396045 0.2014287 0.2399312 0.2433721 0.2822428 0.2459738 0.2822428 0.2459738 0.4816825 0.1218636 0.09793072 0.1219279 0.1440868 0.04245835 0.1448662 0.1219279 0.1440868 0.1219589 0.2098734 0.04248934 0.2104675 0.195055 0.4414618 0.195055 0.3698222 0.1959895 0.3698222 0.280938 0.3781032 0.2015402 0.3784295 0.2015093 0.3638939 0.2809788 0.3635673 0.2015093 0.3638939 0.2015168 0.3493583 0.1821426 0.3698222 0.1821426 0.4414619 0.1692302 0.4414619 0.3187934 0.359764 0.3377602 0.4044511 0.3263316 0.4095868 0.3214415 0.3503398 0.3403794 0.3904476 0.3377602 0.4044511 0.3222653 0.3427574 0.3413258 0.3713282 0.3403794 0.3904476 0.2500224 0.2394151 0.2310554 0.1947278 0.242484 0.1895922 0.2473738 0.2488396 0.2284362 0.2087314 0.2310554 0.1947278 0.2465501 0.2564222 0.2274898 0.2278508 0.2284362 0.2087314 0.3186964 0.2391327 0.3124557 0.2341637 0.3261692 0.1892169 0.3213597 0.248535 0.3186964 0.2391327 0.3375764 0.1943253 0.3221957 0.2561107 0.3213597 0.248535 0.34022 0.2083091 0.2501194 0.3600462 0.2563606 0.3650153 0.2426463 0.4099621 0.2474557 0.3506436 0.2501194 0.3600462 0.2312392 0.4048537 0.2466197 0.3430678 0.2474557 0.3506436 0.2285956 0.3908699 0.3125607 0.3647843 0.3263316 0.4095868 0.2844889 0.4097745 0.3222653 0.3427574 0.3222122 0.2994395 0.3412628 0.2993747 0.3221957 0.2561107 0.3411999 0.2274212 0.3412628 0.2993747 0.3124557 0.2341637 0.2843559 0.2345771 0.2843266 0.1894046 0.2563606 0.3650153 0.2844604 0.364602 0.2844889 0.4097745 0.2466197 0.3430678 0.2276157 0.3717579 0.2275528 0.2998043 0.2562556 0.2343947 0.242484 0.1895922 0.2843266 0.1894046 0.2465501 0.2564222 0.2466032 0.2997395 0.2275528 0.2998043 0.7252531 0.8963685 0.7472993 0.8966577 0.7250209 0.9457658 0.7472993 0.8966577 0.7471287 0.9738366 0.7250209 0.9457658 0.7471287 0.9738366 0.7342593 0.9732943 0.7266854 0.9578261 0.7342593 0.9732943 0.7298651 0.966158 0.7266854 0.9578261 0.7474699 0.8194791 0.7603394 0.8200213 0.7679135 0.835489 0.7603394 0.8200213 0.7647337 0.827158 0.7679135 0.835489 0.7679135 0.835489 0.769578 0.8475485 0.7474699 0.8194791 0.769578 0.8475485 0.7693457 0.8969455 0.7472993 0.8966577 0.7472993 0.8966577 0.7693457 0.8969455 0.7693153 0.9462667 0.7693153 0.9462667 0.7675924 0.9582971 0.7471287 0.9738366 0.7675924 0.9582971 0.7643876 0.9665769 0.7600291 0.9736789 0.7471287 0.9738366 0.7675924 0.9582971 0.7600291 0.9736789 0.7345694 0.8196371 0.7474699 0.8194791 0.7270064 0.8350179 0.7474699 0.8194791 0.7472993 0.8966577 0.7252835 0.8470472 0.7345694 0.8196371 0.7270064 0.8350179 0.730211 0.8267388 0.7472993 0.8966577 0.7252531 0.8963685 0.7252835 0.8470472 0.3246443 0.3402096 0.3154063 0.3476508 0.3018308 0.3162137 0.3152506 0.1540445 0.3017258 0.185593 0.273626 0.1860064 0.3296872 0.1865744 0.3114658 0.20754 0.3106299 0.1999644 0.3285695 0.326241 0.3246443 0.3402096 0.3080635 0.3111933 0.273756 0.3473804 0.2321064 0.3479931 0.2456308 0.3164446 0.2321064 0.3479931 0.2228556 0.3406279 0.2393895 0.3114755 0.3297905 0.3150023 0.3285695 0.326241 0.3107117 0.3017691 0.2195916 0.2512412 0.2371874 0.2511689 0.2358899 0.2944972 0.2228556 0.3406279 0.2189075 0.3266913 0.2367258 0.302073 0.2319508 0.154387 0.2455258 0.185824 0.2392926 0.1908444 0.273601 0.1546573 0.273626 0.1860064 0.2455258 0.185824 0.2189075 0.3266913 0.2176684 0.3154626 0.2358899 0.2944972 0.2227119 0.1618282 0.2392926 0.1908444 0.236644 0.2002689 0.2195916 0.2512412 0.2175652 0.187036 0.2358202 0.2078515 0.3154063 0.3476508 0.273756 0.3473804 0.2737306 0.3160313 0.2187861 0.1757972 0.236644 0.2002689 0.2358202 0.2078515 0 0 0 0 0 0 0 0 0 0 0 0 0 0 0 0 0 0 0 0 0 0 0 0 0.5074212 0.1391993 0.4996917 0.1277657 0.5005905 0.1777449 0.4996917 0.1277657 0.4939785 0.1373735 0.4938029 0.1693311 0.4939785 0.1373735 0.4907729 0.1540254 0.4938029 0.1693311 0.4938029 0.1693311 0.5005905 0.1777449 0.4996917 0.1277657 0.5005905 0.1777449 0.5066238 0.1681677 0.5074212 0.1391993 0.5098897 0.1448052 0.4928197 0.1329815 0.5078024 0.1686734 0.5078024 0.1686734 0.4904776 0.1528404 0.5006077 0.174097 0.5006077 0.174097 0.4904776 0.1528404 0.4930467 0.1695202 0.4904776 0.1528404 0.5078024 0.1686734 0.4928197 0.1329815 0.4928197 0.1329815 0.5098897 0.1448052 0.5002393 0.1268695 0.5176644 0.1922667 0.509935 0.180833 0.5108337 0.2308123 0.509935 0.180833 0.5042217 0.1904408 0.5040462 0.2223984 0.5042217 0.1904408 0.5010162 0.2070927 0.5040462 0.2223984 0.5040462 0.2223984 0.5108337 0.2308123 0.509935 0.180833 0.5108337 0.2308123 0.516867 0.221235 0.5176644 0.1922667 0.520133 0.1978725 0.503063 0.1860488 0.5180457 0.2217407 0.5180457 0.2217407 0.5007209 0.2059078 0.5108509 0.2271643 0.5108509 0.2271643 0.5007209 0.2059078 0.5032899 0.2225875 0.5007209 0.2059078 0.5180457 0.2217407 0.503063 0.1860488 0.503063 0.1860488 0.520133 0.1978725 0.5104825 0.1799368 0.5176644 0.1922667 0.509935 0.180833 0.5108337 0.2308123 0.509935 0.180833 0.5042217 0.1904408 0.5040462 0.2223984 0.5042217 0.1904408 0.5010162 0.2070927 0.5040462 0.2223984 0.5040462 0.2223984 0.5108337 0.2308123 0.509935 0.180833 0.5108337 0.2308123 0.516867 0.221235 0.5176644 0.1922667 0.4963748 0.2014672 0.4793047 0.1896435 0.4942875 0.2253354 0.4942875 0.2253354 0.4769628 0.2095024 0.4870927 0.2307589 0.4870927 0.2307589 0.4769628 0.2095024 0.4795318 0.2261822 0.4769628 0.2095024 0.4942875 0.2253354 0.4793047 0.1896435 0.4793047 0.1896435 0.4963748 0.2014672 0.4867243 0.1835315 0.4210544 0.6332641 0.422077 0.8854755 0.636346 0.8854269 0.5786029 0.7262122 0.6393158 0.7262122 0.6377483 0.7128742 0.4101476 0.6332413 0.4105519 0.8854183 0.6478903 0.8853662 0.6478903 0.8853662 0.6696038 0.8853628 0.6696032 0.6355767 0.3888597 0.8855985 0.4221071 0.8855934 0.4210845 0.6333116 0.3108739 0.4770805 0.3156138 0.4932636 0.3062295 0.5076862 0.3135677 0.4533132 0.319501 0.4584447 0.3156138 0.4932636 0.09862369 0.4770816 0.1049186 0.4874339 0.1032685 0.5076861 0.09593015 0.4533164 0.09862369 0.4770816 0.09388405 0.4932636 0.3108743 0.1345494 0.3045793 0.1241972 0.3062295 0.1039448 0.3135678 0.1583145 0.3108743 0.1345494 0.3156139 0.1183674 0.09593021 0.1583177 0.08999693 0.1531863 0.09388405 0.1183673 0.09862399 0.1345504 0.09388405 0.1183673 0.1032685 0.1039448 0.3135677 0.4533132 0.3135678 0.1583145 0.319501 0.1531865 0.3045785 0.4874339 0.3062295 0.5076862 0.1032685 0.5076861 0.1697344 0.1241972 0.1049194 0.1241972 0.1032685 0.1039448 0.09593021 0.1583177 0.09593015 0.4533164 0.08999693 0.4584445 0.6603714 0.1790558 0.6703249 0.1790558 0.6703248 0.2353002 0.6703249 0.1790558 0.6706354 0.179823 0.6707795 0.1813942 0.6703248 0.2353002 0.6703249 0.1790558 0.6707795 0.1813942 0.6707795 0.1813942 0.6707795 0.2329609 0.6703248 0.2353002 0.6707795 0.2329609 0.6706354 0.2345327 0.6703248 0.2353002 0.6703248 0.2353002 0.6451595 0.2353002 0.6603714 0.1790558 0.6451595 0.2353002 0.6448489 0.234533 0.6447049 0.2329617 0.6533289 0.1790558 0.6451595 0.2353002 0.6451596 0.1790558 0.6447049 0.2329617 0.6447049 0.181395 0.6451596 0.1790558 0.6447049 0.181395 0.644849 0.1798232 0.6451596 0.1790558 0.6533289 0.1790558 0.6603714 0.1790558 0.6451595 0.2353002 0.5118358 0.9161819 0.4344395 0.9161819 0.4378202 0.9226947 0.4378202 0.8898975 0.4378202 0.9720022 0.634366 0.972002 0.4942306 0.7128763 0.4344401 0.7128763 0.4328721 0.7262185 0.5114617 0.902844 0.4328719 0.902844 0.4344395 0.9161819 0.6343677 0.9715921 0.6343677 0.8894875 0.5566294 0.8894875 0.5595448 0.9226946 0.634366 0.9226946 0.6377477 0.9161798 0.4956233 0.7063617 0.4378218 0.7063617 0.4344401 0.7128763 0.5779573 0.7128742 0.6377483 0.7128742 0.6343677 0.7063617 0.5398843 0.9717724 0.5398727 0.8890207 0.4381321 0.8890443 0.5603518 0.9161798 0.6377477 0.9161798 0.6393157 0.9028375 0.4381463 0.8884506 0.4381579 0.9720523 0.5398985 0.972029 0.1015271 0.1631581 0.101527 0.4484792 0.09593015 0.4533164 0.1064769 0.1433012 0.1049194 0.1241972 0.1697344 0.1241972 0.3030211 0.4683299 0.3045785 0.4874339 0.1049186 0.4874339 0.3079708 0.4484728 0.3079709 0.1631517 0.3135678 0.1583145 0.1030952 0.1498159 0.09862399 0.1345504 0.1049194 0.1241972 0.1015271 0.1631581 0.09593021 0.1583177 0.09862399 0.1345504 0.3079709 0.1631517 0.3064034 0.1498138 0.3108743 0.1345494 0.3064034 0.1498138 0.3030227 0.1433013 0.3045793 0.1241972 0.101527 0.4484792 0.1030945 0.4618172 0.09862369 0.4770816 0.1030945 0.4618172 0.1064752 0.4683299 0.1049186 0.4874339 0.3079708 0.4484728 0.3135677 0.4533132 0.3108739 0.4770805 0.3064028 0.4618151 0.3108739 0.4770805 0.3045785 0.4874339 0.4221071 0.8855934 0.6363974 0.8855448 0.6374192 0.6332927 0.6696175 0.6356252 0.6483076 0.6332681 0.6479042 0.885484 0.422077 0.8854755 0.4210544 0.6332641 0.3888315 0.6356253 0.6696444 0.6356498 0.6374192 0.6332927 0.6363974 0.8855448 0.4105597 0.8855361 0.4101554 0.6332886 0.3888455 0.6356498 0.6695907 0.6356012 0.6373676 0.6332453 0.636346 0.8854269 0.4105519 0.8854183 0.4101476 0.6332413 0.388838 0.6356012 0.5708559 0.885501 0.6479042 0.885484 0.6483076 0.6332681 0.5016259 0.9715921 0.5016259 0.8894875 0.4378218 0.8894875 0.2256094 0.1241972 0.2259538 0.1039448 0.3062295 0.1039448 0.3030227 0.1433013 0.2252844 0.1433013 0.2256094 0.1241972 0.5044348 0.8855156 0.50435 0.6332805 0.4101554 0.6332886 0.5016259 0.8894875 0.5016259 0.9715921 0.5708559 0.885501 0.5044348 0.8855156 0.5566294 0.9715921 0.5566294 0.8894875 0.6533289 0.1790558 0.6533289 0.1790558 0.6603714 0.1790558 0.6533289 0.1790558 0.6533289 0.1790558 0.6603714 0.1790558 0.3452785 0.4376959 0.03423917 0.4377147 0.03526175 0.5173825 0.3079709 0.1631517 0.3079709 0.1631517 0.3064034 0.1498138 0.2790412 0.9134133 0.2809596 0.5344937 0.02141731 0.5343648 0.02333241 0.4376919 0.02373671 0.5173254 0.3558011 0.5172732 0.3558011 0.5172732 0.3775147 0.5172698 0.3775141 0.4400273 0.002044498 0.5175056 0.03529191 0.5175004 0.03426927 0.4377622 0.02333241 0.9133865 0.02140957 0.5346524 0.002021312 0.5482199 0.3003214 0.5482199 0.2729602 0.5346345 0.2681012 0.9133905 0.02334022 0.9134339 0.02141731 0.5343648 0.002028703 0.5479385 0.3003751 0.5479385 0.273012 0.5343469 0.2681528 0.913438 0.03423917 0.9134093 0.02937579 0.5345116 0.002014756 0.5480777 0.3003482 0.5480776 0.2809596 0.5344937 0.2790412 0.9134133 0.03426927 0.9134568 0.2681528 0.913438 0.273012 0.5343469 0.3108739 0.4770805 0.3156138 0.4932636 0.3062295 0.5076862 0.3135677 0.4533132 0.319501 0.4584447 0.3156138 0.4932636 0.09862369 0.4770816 0.1049186 0.4874339 0.1032685 0.5076861 0.09593015 0.4533164 0.09862369 0.4770816 0.09388405 0.4932636 0.3108743 0.1345494 0.3045793 0.1241972 0.3062295 0.1039448 0.3135678 0.1583145 0.3108743 0.1345494 0.3156139 0.1183674 0.09593021 0.1583177 0.08999693 0.1531863 0.09388405 0.1183673 0.09862399 0.1345504 0.09388405 0.1183673 0.1032685 0.1039448 0.3135677 0.4533132 0.3135678 0.1583145 0.319501 0.1531865 0.3045785 0.4874339 0.3062295 0.5076862 0.1032685 0.5076861 0.1049194 0.1241972 0.1032685 0.1039448 0.3062295 0.1039448 0.09593021 0.1583177 0.09593015 0.4533164 0.08999693 0.4584445 0.4123023 0.6605389 0.5971782 0.6605389 0.4123012 0.9827703 0.5971782 0.6605389 0.5994597 0.6649343 0.5971771 0.9827703 0.4123023 0.6605389 0.4123012 0.9827703 0.4089615 0.9693729 0.5994597 0.6649343 0.6005176 0.6739363 0.5971771 0.9827703 0.6005176 0.6739363 0.6005176 0.9693685 0.5994594 0.9783734 0.5971771 0.9827703 0.6005176 0.6739363 0.5994594 0.9783734 0.5971771 0.9827703 0.4123012 0.9827703 0.5971782 0.6605389 0.4123012 0.9827703 0.4100195 0.9783748 0.4089615 0.9693729 0.4089615 0.9693729 0.4089617 0.6739405 0.4123023 0.6605389 0.1030945 0.4618172 0.1030945 0.4618172 0.1064752 0.4683299 0.1064752 0.4355328 0.1064752 0.5176374 0.3030211 0.5176373 0.1030952 0.1498159 0.1030952 0.1498159 0.1015271 0.1631581 0.101527 0.4484792 0.101527 0.4484792 0.1030945 0.4618172 0.3030227 0.5172274 0.3030227 0.4351228 0.1064769 0.4351228 0.3030211 0.4683299 0.3030211 0.4683299 0.3064028 0.4618151 0.1064769 0.1433012 0.1064769 0.1433012 0.1030952 0.1498159 0.3064034 0.1498138 0.3064034 0.1498138 0.3030227 0.1433013 0.2085393 0.5174077 0.2085278 0.4346559 0.1067872 0.4346795 0.3064028 0.4618151 0.3064028 0.4618151 0.3079708 0.4484728 0.1068013 0.4340859 0.106813 0.5176876 0.2085536 0.5176643 0.1015271 0.1631581 0.101527 0.4484792 0.09593015 0.4533164 0.1064769 0.1433012 0.1049194 0.1241972 0.3045793 0.1241972 0.3030211 0.4683299 0.3045785 0.4874339 0.1049186 0.4874339 0.3079708 0.4484728 0.3079709 0.1631517 0.3135678 0.1583145 0.1030952 0.1498159 0.09862399 0.1345504 0.1049194 0.1241972 0.1015271 0.1631581 0.09593021 0.1583177 0.09862399 0.1345504 0.3079709 0.1631517 0.3064034 0.1498138 0.3108743 0.1345494 0.3064034 0.1498138 0.3030227 0.1433013 0.3045793 0.1241972 0.101527 0.4484792 0.1030945 0.4618172 0.09862369 0.4770816 0.1030945 0.4618172 0.1064752 0.4683299 0.1049186 0.4874339 0.3079708 0.4484728 0.3135677 0.4533132 0.3108739 0.4770805 0.3064028 0.4618151 0.3108739 0.4770805 0.3045785 0.4874339 0.03529191 0.5175004 0.3443083 0.5174518 0.34533 0.4377434 0.3775284 0.4400758 0.3562185 0.4377187 0.3558151 0.5173911 0.03526175 0.5173825 0.03423917 0.4377147 0.002016305 0.4400759 0.3775553 0.4401004 0.34533 0.4377434 0.3443083 0.5174518 0.02374452 0.5174432 0.02334022 0.4377393 0.002030193 0.4401004 0.3775015 0.4400519 0.3452785 0.4376959 0.3442568 0.5173339 0.02373671 0.5173254 0.02333241 0.4376919 0.002022802 0.4400519 0.002044141 0.9158191 0.03426927 0.9134568 0.02940553 0.5342242 0.2790273 0.9133658 0.3003368 0.9157219 0.3003339 0.548359 0.2809456 0.5347812 0.02140957 0.5346524 0.02333241 0.9133865 0.3558151 0.5173911 0.3562185 0.4377187 0.02334022 0.4377393 0.2729602 0.5346345 0.02937579 0.5345116 0.03423917 0.9134093 0.4210544 0.6332641 0.422077 0.8854755 0.636346 0.8854269 0.4101476 0.6332413 0.4105519 0.8854183 0.6478903 0.8853662 0.1049186 0.4874339 0.1032685 0.5076861 0.09388405 0.4932636 0.09862369 0.4770816 0.09388405 0.4932636 0.08999693 0.4584445 0.09862399 0.1345504 0.09593021 0.1583177 0.08999693 0.1531863 0.1049194 0.1241972 0.09862399 0.1345504 0.09388405 0.1183673 0.3045785 0.4874339 0.3062295 0.5076862 0.1032685 0.5076861 0.1697344 0.1241972 0.1049194 0.1241972 0.1032685 0.1039448 0.09593015 0.4533164 0.08999693 0.4584445 0.08999693 0.1531863 0.6603714 0.1790558 0.6703249 0.1790558 0.6706354 0.179823 0.6706354 0.179823 0.6707795 0.1813942 0.6603714 0.1790558 0.6707795 0.1813942 0.6707795 0.2329609 0.6447049 0.181395 0.6447049 0.181395 0.6707795 0.2329609 0.6447049 0.2329617 0.6706354 0.2345327 0.6703248 0.2353002 0.6451595 0.2353002 0.6707795 0.2329609 0.6706354 0.2345327 0.6451595 0.2353002 0.6533289 0.1790558 0.6603714 0.1790558 0.6447049 0.181395 0.644849 0.1798232 0.6451596 0.1790558 0.6533289 0.1790558 0.6447049 0.181395 0.644849 0.1798232 0.6533289 0.1790558 0.6447049 0.181395 0.6603714 0.1790558 0.6707795 0.1813942 0.6451595 0.2353002 0.6448489 0.234533 0.6707795 0.2329609 0.5118358 0.9161819 0.4344395 0.9161819 0.4378202 0.9226947 0.4378202 0.8898975 0.4378202 0.9720022 0.634366 0.972002 0.4942306 0.7128763 0.4344401 0.7128763 0.4328721 0.7262185 0.5114617 0.902844 0.4328719 0.902844 0.4344395 0.9161819 0.6343677 0.9715921 0.6343677 0.8894875 0.5566294 0.8894875 0.4956233 0.7063617 0.4378218 0.7063617 0.4344401 0.7128763 0.5398843 0.9717724 0.5398727 0.8890207 0.4381321 0.8890443 0.101527 0.4484792 0.09593015 0.4533164 0.09593021 0.1583177 0.1064769 0.1433012 0.1049194 0.1241972 0.1697344 0.1241972 0.3030211 0.4683299 0.3045785 0.4874339 0.1049186 0.4874339 0.1064769 0.1433012 0.1030952 0.1498159 0.09862399 0.1345504 0.1030952 0.1498159 0.1015271 0.1631581 0.09593021 0.1583177 0.1030945 0.4618172 0.09862369 0.4770816 0.09593015 0.4533164 0.1064752 0.4683299 0.1049186 0.4874339 0.09862369 0.4770816 0.6696175 0.6356252 0.6483076 0.6332681 0.6479042 0.885484 0.422077 0.8854755 0.4210544 0.6332641 0.3888315 0.6356253 0.6695913 0.8854217 0.6695907 0.6356012 0.6373676 0.6332453 0.4105519 0.8854183 0.4101476 0.6332413 0.388838 0.6356012 0.5708559 0.885501 0.6479042 0.885484 0.6483076 0.6332681 0.5016259 0.9715921 0.5016259 0.8894875 0.4378218 0.8894875 0.2256094 0.1241972 0.2259538 0.1039448 0.3062295 0.1039448 0.3030227 0.1433013 0.2252844 0.1433013 0.2256094 0.1241972 0.5044348 0.8855156 0.50435 0.6332805 0.4101554 0.6332886 0.5016259 0.8894875 0.5016259 0.9715921 0.5708559 0.885501 0.5044348 0.8855156 0.5566294 0.9715921 0.5566294 0.8894875 0.6603714 0.1790558 0.6533289 0.1790558 0.6533289 0.1790558 0.6533289 0.1790558 0.6533289 0.1790558 0.6603714 0.1790558 8.51164e-4 0.08464521 8.46098e-4 0.01429241 0.2561881 0.01424372 9.39868e-4 0.08654588 0.2568563 0.08654755 0.2568532 0.01440376 7.50087e-4 0.01466196 7.51536e-4 0.08678334 0.2566313 0.08673894 0.8763415 0.5503389 0.8763409 0.3341644 0.9374836 0.3339988 0.9986341 0.5501226 0.9374879 0.5502309 0.9374836 0.3339988 0.9374964 0.9933993 0.937492 0.7664628 0.9986421 0.7664121 0.9374964 0.9933993 0.8763425 0.9933897 0.8763419 0.7665135 0.937492 0.7664628 0.9374879 0.5502309 0.9986341 0.5501226 0.937492 0.7664628 0.8763419 0.7665135 0.8763415 0.5503389 0.2562425 0.0846256 8.51164e-4 0.08464521 8.46098e-4 0.01429241 0.2568563 0.08654755 0.2568532 0.01440376 9.29676e-4 0.01444977 7.50087e-4 0.01466196 7.51536e-4 0.08678334 0.2566313 0.08673894 0.2562425 0.0846256 8.51164e-4 0.08464521 8.46098e-4 0.01429241 0.2568563 0.08654755 0.2568532 0.01440376 9.29676e-4 0.01444977 7.50087e-4 0.01466196 7.51536e-4 0.08678334 0.2566313 0.08673894 8.51164e-4 0.08464521 8.46098e-4 0.01429241 0.2561881 0.01424372 9.39868e-4 0.08654588 0.2568563 0.08654755 0.2568532 0.01440376 7.50087e-4 0.01466196 7.51536e-4 0.08678334 0.2566313 0.08673894 0.2562425 0.0846256 8.51164e-4 0.08464521 8.46098e-4 0.01429241 0.2568563 0.08654755 0.2568532 0.01440376 9.29676e-4 0.01444977 7.50087e-4 0.01466196 7.51536e-4 0.08678334 0.2566313 0.08673894 0.2562425 0.0846256 8.51164e-4 0.08464521 8.46098e-4 0.01429241 0.2568563 0.08654755 0.2568532 0.01440376 9.29676e-4 0.01444977 7.50087e-4 0.01466196 7.51536e-4 0.08678334 0.2566313 0.08673894 0.8763415 0.5503389 0.8763409 0.3341644 0.9374836 0.3339988 0.9986341 0.5501226 0.9374879 0.5502309 0.9374836 0.3339988 0.9374964 0.9933993 0.937492 0.7664628 0.9986421 0.7664121 0.9374964 0.9933993 0.8763425 0.9933897 0.8763419 0.7665135 0.937492 0.7664628 0.9374879 0.5502309 0.9986341 0.5501226 0.937492 0.7664628 0.8763419 0.7665135 0.8763415 0.5503389 0.8763415 0.5503389 0.8763409 0.3341644 0.9374836 0.3339988 0.9986341 0.5501226 0.9374879 0.5502309 0.9374836 0.3339988 0.9374964 0.9933993 0.937492 0.7664628 0.9986421 0.7664121 0.9374964 0.9933993 0.8763425 0.9933897 0.8763419 0.7665135 0.937492 0.7664628 0.9374879 0.5502309 0.9986341 0.5501226 0.937492 0.7664628 0.8763419 0.7665135 0.8763415 0.5503389 0.8763415 0.5503389 0.8763409 0.3341644 0.9374836 0.3339988 0.9986341 0.5501226 0.9374879 0.5502309 0.9374836 0.3339988 0.9374964 0.9933993 0.937492 0.7664628 0.9986421 0.7664121 0.9374964 0.9933993 0.8763425 0.9933897 0.8763419 0.7665135 0.937492 0.7664628 0.9374879 0.5502309 0.9986341 0.5501226 0.937492 0.7664628 0.8763419 0.7665135 0.8763415 0.5503389 0.3284481 0.1753458 0.3106299 0.1999644 0.3079666 0.190562 0.2074248 0.4816825 0.1714776 0.4816825 0.1714776 0.2822428 0.2014727 0.2946447 0.2014287 0.2399312 0.2808984 0.2396045 0.2433721 0.4816824 0.2074248 0.4816825 0.2074248 0.2822428 0.1219589 0.2098734 0.122003 0.3093304 0.04253333 0.3099244 0.3277641 0.2507965 0.3101683 0.2508689 0.3114658 0.20754 0.3245007 0.1614096 0.3079666 0.190562 0.3017258 0.185593 0.122003 0.3093304 0.122047 0.4087873 0.04257738 0.4093813 0.3297905 0.3150023 0.3115355 0.2941867 0.3101683 0.2508689 0.2015168 0.3493583 0.2014727 0.2946447 0.2809424 0.2943181 0.195055 0.3698222 0.195055 0.4414618 0.1821426 0.4414619 0.1692302 0.3698222 0.1692302 0.4414619 0.1682957 0.4414619 0.1219984 0.5205011 0.04260075 0.5213245 0.04256975 0.4751682 0.1220394 0.4743887 0.04256975 0.4751682 0.04257738 0.4093813 0.1714776 0.4816825 0.1688759 0.4816825 0.1688759 0.2822428 0.2808033 0.2105335 0.2808675 0.2250689 0.2013977 0.2253956 0.2808675 0.2250689 0.2808984 0.2396045 0.2014287 0.2399312 0.2433721 0.2822428 0.2459738 0.2822428 0.2459738 0.4816825 0.1218636 0.09793072 0.1219279 0.1440868 0.04245835 0.1448662 0.1219279 0.1440868 0.1219589 0.2098734 0.04248934 0.2104675 0.195055 0.4414618 0.195055 0.3698222 0.1959895 0.3698222 0.280938 0.3781032 0.2015402 0.3784295 0.2015093 0.3638939 0.2809788 0.3635673 0.2015093 0.3638939 0.2015168 0.3493583 0.1821426 0.3698222 0.1821426 0.4414619 0.1692302 0.4414619 0.3187934 0.359764 0.3377602 0.4044511 0.3263316 0.4095868 0.3187934 0.359764 0.3214415 0.3503398 0.3403794 0.3904476 0.3214415 0.3503398 0.3222653 0.3427574 0.3413258 0.3713282 0.2500224 0.2394151 0.2310554 0.1947278 0.242484 0.1895922 0.2500224 0.2394151 0.2473738 0.2488396 0.2284362 0.2087314 0.2473738 0.2488396 0.2465501 0.2564222 0.2274898 0.2278508 0.3186964 0.2391327 0.3124557 0.2341637 0.3261692 0.1892169 0.3186964 0.2391327 0.3375764 0.1943253 0.34022 0.2083091 0.3213597 0.248535 0.34022 0.2083091 0.3411999 0.2274212 0.2501194 0.3600462 0.2563606 0.3650153 0.2426463 0.4099621 0.2501194 0.3600462 0.2312392 0.4048537 0.2285956 0.3908699 0.2474557 0.3506436 0.2285956 0.3908699 0.2276157 0.3717579 0.3125607 0.3647843 0.3263316 0.4095868 0.2844889 0.4097745 0.3222653 0.3427574 0.3222122 0.2994395 0.3412628 0.2993747 0.3221957 0.2561107 0.3411999 0.2274212 0.3412628 0.2993747 0.3124557 0.2341637 0.2843559 0.2345771 0.2843266 0.1894046 0.2563606 0.3650153 0.2844604 0.364602 0.2844889 0.4097745 0.2466197 0.3430678 0.2276157 0.3717579 0.2275528 0.2998043 0.2562556 0.2343947 0.242484 0.1895922 0.2843266 0.1894046 0.2465501 0.2564222 0.2466032 0.2997395 0.2275528 0.2998043 0.7252531 0.8963685 0.7472993 0.8966577 0.7250209 0.9457658 0.7472993 0.8966577 0.7471287 0.9738366 0.7342593 0.9732943 0.7250209 0.9457658 0.7472993 0.8966577 0.7342593 0.9732943 0.7342593 0.9732943 0.7298651 0.966158 0.7266854 0.9578261 0.7474699 0.8194791 0.7603394 0.8200213 0.7472993 0.8966577 0.7603394 0.8200213 0.7647337 0.827158 0.7679135 0.835489 0.7472993 0.8966577 0.7603394 0.8200213 0.769578 0.8475485 0.7679135 0.835489 0.769578 0.8475485 0.7603394 0.8200213 0.7472993 0.8966577 0.7693457 0.8969455 0.7693153 0.9462667 0.7693153 0.9462667 0.7675924 0.9582971 0.7600291 0.9736789 0.7675924 0.9582971 0.7643876 0.9665769 0.7600291 0.9736789 0.7600291 0.9736789 0.7471287 0.9738366 0.7472993 0.8966577 0.7345694 0.8196371 0.7474699 0.8194791 0.7472993 0.8966577 0.7472993 0.8966577 0.7252531 0.8963685 0.7252835 0.8470472 0.7252835 0.8470472 0.7270064 0.8350179 0.7345694 0.8196371 0.7270064 0.8350179 0.730211 0.8267388 0.7345694 0.8196371 0.3246443 0.3402096 0.3154063 0.3476508 0.3018308 0.3162137 0.273601 0.1546573 0.3152506 0.1540445 0.3017258 0.185593 0.3296872 0.1865744 0.3114658 0.20754 0.3106299 0.1999644 0.3285695 0.326241 0.3246443 0.3402096 0.3080635 0.3111933 0.2321064 0.3479931 0.2456308 0.3164446 0.2737306 0.3160313 0.2321064 0.3479931 0.2228556 0.3406279 0.2393895 0.3114755 0.3285695 0.326241 0.3107117 0.3017691 0.3115355 0.2941867 0.2195916 0.2512412 0.2371874 0.2511689 0.2358899 0.2944972 0.2189075 0.3266913 0.2367258 0.302073 0.2393895 0.3114755 0.2319508 0.154387 0.2455258 0.185824 0.2392926 0.1908444 0.2319508 0.154387 0.273601 0.1546573 0.273626 0.1860064 0.2189075 0.3266913 0.2176684 0.3154626 0.2358899 0.2944972 0.2227119 0.1618282 0.2392926 0.1908444 0.236644 0.2002689 0.2195916 0.2512412 0.2175652 0.187036 0.2358202 0.2078515 0.273756 0.3473804 0.2737306 0.3160313 0.3018308 0.3162137 0.2187861 0.1757972 0.236644 0.2002689 0.2358202 0.2078515 0.3245007 0.1614096 0.3106299 0.1999644 0.3284481 0.1753458 0.2074248 0.4816825 0.1714776 0.2822428 0.1714776 0.4816825 0.2014727 0.2946447 0.2808984 0.2396045 0.2014287 0.2399312 0.2433721 0.4816824 0.2074248 0.2822428 0.2074248 0.4816825 0.1219589 0.2098734 0.04253333 0.3099244 0.122003 0.3093304 0.3296872 0.1865744 0.3101683 0.2508689 0.3277641 0.2507965 0.3152506 0.1540445 0.3079666 0.190562 0.3245007 0.1614096 0.122003 0.3093304 0.04257738 0.4093813 0.122047 0.4087873 0.3297905 0.3150023 0.3101683 0.2508689 0.3115355 0.2941867 0.2015168 0.3493583 0.2809424 0.2943181 0.2014727 0.2946447 0.195055 0.3698222 0.1821426 0.4414619 0.195055 0.4414618 0.1692302 0.3698222 0.1682957 0.4414619 0.1692302 0.4414619 0.1219984 0.5205011 0.04256975 0.4751682 0.04260075 0.5213245 0.1220394 0.4743887 0.04257738 0.4093813 0.04256975 0.4751682 0.1714776 0.4816825 0.1688759 0.2822428 0.1688759 0.4816825 0.2808033 0.2105335 0.2013977 0.2253956 0.2808675 0.2250689 0.2808675 0.2250689 0.2014287 0.2399312 0.2808984 0.2396045 0.2433721 0.2822428 0.2459738 0.4816825 0.2459738 0.2822428 0.1218636 0.09793072 0.04245835 0.1448662 0.1219279 0.1440868 0.1219279 0.1440868 0.04248934 0.2104675 0.1219589 0.2098734 0.195055 0.4414618 0.1959895 0.3698222 0.195055 0.3698222 0.280938 0.3781032 0.2015093 0.3638939 0.2015402 0.3784295 0.2809788 0.3635673 0.2015168 0.3493583 0.2015093 0.3638939 0.1821426 0.3698222 0.1692302 0.4414619 0.1821426 0.4414619 0.3187934 0.359764 0.3263316 0.4095868 0.3377602 0.4044511 0.3214415 0.3503398 0.3377602 0.4044511 0.3403794 0.3904476 0.3222653 0.3427574 0.3403794 0.3904476 0.3413258 0.3713282 0.2500224 0.2394151 0.242484 0.1895922 0.2310554 0.1947278 0.2473738 0.2488396 0.2310554 0.1947278 0.2284362 0.2087314 0.2465501 0.2564222 0.2284362 0.2087314 0.2274898 0.2278508 0.3186964 0.2391327 0.3261692 0.1892169 0.3124557 0.2341637 0.3213597 0.248535 0.3375764 0.1943253 0.3186964 0.2391327 0.3221957 0.2561107 0.34022 0.2083091 0.3213597 0.248535 0.2501194 0.3600462 0.2426463 0.4099621 0.2563606 0.3650153 0.2474557 0.3506436 0.2312392 0.4048537 0.2501194 0.3600462 0.2466197 0.3430678 0.2285956 0.3908699 0.2474557 0.3506436 0.3125607 0.3647843 0.2844889 0.4097745 0.3263316 0.4095868 0.3222653 0.3427574 0.3412628 0.2993747 0.3222122 0.2994395 0.3221957 0.2561107 0.3412628 0.2993747 0.3411999 0.2274212 0.3124557 0.2341637 0.2843266 0.1894046 0.2843559 0.2345771 0.2563606 0.3650153 0.2844889 0.4097745 0.2844604 0.364602 0.2466197 0.3430678 0.2275528 0.2998043 0.2276157 0.3717579 0.2562556 0.2343947 0.2843266 0.1894046 0.242484 0.1895922 0.2465501 0.2564222 0.2275528 0.2998043 0.2466032 0.2997395 0.7252531 0.8963685 0.7250209 0.9457658 0.7472993 0.8966577 0.7472993 0.8966577 0.7250209 0.9457658 0.7471287 0.9738366 0.7471287 0.9738366 0.7266854 0.9578261 0.7342593 0.9732943 0.7342593 0.9732943 0.7266854 0.9578261 0.7298651 0.966158 0.7474699 0.8194791 0.7679135 0.835489 0.7603394 0.8200213 0.7603394 0.8200213 0.7679135 0.835489 0.7647337 0.827158 0.7679135 0.835489 0.7474699 0.8194791 0.769578 0.8475485 0.769578 0.8475485 0.7472993 0.8966577 0.7693457 0.8969455 0.7472993 0.8966577 0.7693153 0.9462667 0.7693457 0.8969455 0.7693153 0.9462667 0.7471287 0.9738366 0.7675924 0.9582971 0.7675924 0.9582971 0.7600291 0.9736789 0.7643876 0.9665769 0.7471287 0.9738366 0.7600291 0.9736789 0.7675924 0.9582971 0.7345694 0.8196371 0.7270064 0.8350179 0.7474699 0.8194791 0.7474699 0.8194791 0.7252835 0.8470472 0.7472993 0.8966577 0.7345694 0.8196371 0.730211 0.8267388 0.7270064 0.8350179 0.7472993 0.8966577 0.7252835 0.8470472 0.7252531 0.8963685 0.3154063 0.3476508 0.3080635 0.3111933 0.3018308 0.3162137 0.273601 0.1546573 0.3017258 0.185593 0.3152506 0.1540445 0.3284481 0.1753458 0.3114658 0.20754 0.3296872 0.1865744 0.3246443 0.3402096 0.3107117 0.3017691 0.3080635 0.3111933 0.2321064 0.3479931 0.2737306 0.3160313 0.2456308 0.3164446 0.2228556 0.3406279 0.2456308 0.3164446 0.2393895 0.3114755 0.3285695 0.326241 0.3115355 0.2941867 0.3107117 0.3017691 0.2195916 0.2512412 0.2358899 0.2944972 0.2371874 0.2511689 0.2189075 0.3266913 0.2393895 0.3114755 0.2367258 0.302073 0.2227119 0.1618282 0.2455258 0.185824 0.2319508 0.154387 0.2319508 0.154387 0.273626 0.1860064 0.273601 0.1546573 0.2176684 0.3154626 0.2367258 0.302073 0.2358899 0.2944972 0.2187861 0.1757972 0.2392926 0.1908444 0.2227119 0.1618282 0.2175652 0.187036 0.2371874 0.2511689 0.2358202 0.2078515 0.273756 0.3473804 0.3018308 0.3162137 0.2737306 0.3160313 0.2175652 0.187036 0.236644 0.2002689 0.2187861 0.1757972 0.3284481 0.1753458 0.3106299 0.1999644 0.3079666 0.190562 0.2074248 0.4816825 0.1714776 0.4816825 0.1714776 0.2822428 0.2014727 0.2946447 0.2014287 0.2399312 0.2808984 0.2396045 0.2433721 0.4816824 0.2074248 0.4816825 0.2074248 0.2822428 0.1219589 0.2098734 0.122003 0.3093304 0.04253333 0.3099244 0.3277641 0.2507965 0.3101683 0.2508689 0.3114658 0.20754 0.3245007 0.1614096 0.3079666 0.190562 0.3017258 0.185593 0.04253333 0.3099244 0.122003 0.3093304 0.122047 0.4087873 0.3297905 0.3150023 0.3115355 0.2941867 0.3101683 0.2508689 0.2015168 0.3493583 0.2014727 0.2946447 0.2809424 0.2943181 0.195055 0.3698222 0.195055 0.4414618 0.1821426 0.4414619 0.1692302 0.3698222 0.1692302 0.4414619 0.1682957 0.4414619 0.1219984 0.5205011 0.04260075 0.5213245 0.04256975 0.4751682 0.1220394 0.4743887 0.04256975 0.4751682 0.04257738 0.4093813 0.1714776 0.4816825 0.1688759 0.4816825 0.1688759 0.2822428 0.2808033 0.2105335 0.2808675 0.2250689 0.2013977 0.2253956 0.2808675 0.2250689 0.2808984 0.2396045 0.2014287 0.2399312 0.2433721 0.2822428 0.2459738 0.2822428 0.2459738 0.4816825 0.1218636 0.09793072 0.1219279 0.1440868 0.04245835 0.1448662 0.1219279 0.1440868 0.1219589 0.2098734 0.04248934 0.2104675 0.195055 0.4414618 0.195055 0.3698222 0.1959895 0.3698222 0.280938 0.3781032 0.2015402 0.3784295 0.2015093 0.3638939 0.2809788 0.3635673 0.2015093 0.3638939 0.2015168 0.3493583 0.1821426 0.3698222 0.1821426 0.4414619 0.1692302 0.4414619 0.3187934 0.359764 0.3377602 0.4044511 0.3263316 0.4095868 0.3214415 0.3503398 0.3403794 0.3904476 0.3377602 0.4044511 0.3222653 0.3427574 0.3413258 0.3713282 0.3403794 0.3904476 0.2500224 0.2394151 0.2310554 0.1947278 0.242484 0.1895922 0.2473738 0.2488396 0.2284362 0.2087314 0.2310554 0.1947278 0.2465501 0.2564222 0.2274898 0.2278508 0.2284362 0.2087314 0.3186964 0.2391327 0.3124557 0.2341637 0.3261692 0.1892169 0.3213597 0.248535 0.3186964 0.2391327 0.3375764 0.1943253 0.3221957 0.2561107 0.3213597 0.248535 0.34022 0.2083091 0.2501194 0.3600462 0.2563606 0.3650153 0.2426463 0.4099621 0.2474557 0.3506436 0.2501194 0.3600462 0.2312392 0.4048537 0.2466197 0.3430678 0.2474557 0.3506436 0.2285956 0.3908699 0.3125607 0.3647843 0.3263316 0.4095868 0.2844889 0.4097745 0.3222653 0.3427574 0.3222122 0.2994395 0.3412628 0.2993747 0.3221957 0.2561107 0.3411999 0.2274212 0.3412628 0.2993747 0.3124557 0.2341637 0.2843559 0.2345771 0.2843266 0.1894046 0.2563606 0.3650153 0.2844604 0.364602 0.2844889 0.4097745 0.2466197 0.3430678 0.2276157 0.3717579 0.2275528 0.2998043 0.2562556 0.2343947 0.242484 0.1895922 0.2843266 0.1894046 0.2465501 0.2564222 0.2466032 0.2997395 0.2275528 0.2998043 0.7252531 0.8963685 0.7472993 0.8966577 0.7250209 0.9457658 0.7472993 0.8966577 0.7471287 0.9738366 0.7250209 0.9457658 0.7471287 0.9738366 0.7342593 0.9732943 0.7266854 0.9578261 0.7342593 0.9732943 0.7298651 0.966158 0.7266854 0.9578261 0.7474699 0.8194791 0.7603394 0.8200213 0.7679135 0.835489 0.7603394 0.8200213 0.7647337 0.827158 0.7679135 0.835489 0.7679135 0.835489 0.769578 0.8475485 0.7474699 0.8194791 0.769578 0.8475485 0.7693457 0.8969455 0.7472993 0.8966577 0.7472993 0.8966577 0.7693457 0.8969455 0.7693153 0.9462667 0.7693153 0.9462667 0.7675924 0.9582971 0.7471287 0.9738366 0.7675924 0.9582971 0.7643876 0.9665769 0.7600291 0.9736789 0.7471287 0.9738366 0.7675924 0.9582971 0.7600291 0.9736789 0.7345694 0.8196371 0.7474699 0.8194791 0.7270064 0.8350179 0.7474699 0.8194791 0.7472993 0.8966577 0.7252835 0.8470472 0.7345694 0.8196371 0.7270064 0.8350179 0.730211 0.8267388 0.7472993 0.8966577 0.7252531 0.8963685 0.7252835 0.8470472 0.3246443 0.3402096 0.3154063 0.3476508 0.3018308 0.3162137 0.3152506 0.1540445 0.3017258 0.185593 0.273626 0.1860064 0.3296872 0.1865744 0.3114658 0.20754 0.3106299 0.1999644 0.3285695 0.326241 0.3246443 0.3402096 0.3080635 0.3111933 0.273756 0.3473804 0.2321064 0.3479931 0.2456308 0.3164446 0.2321064 0.3479931 0.2228556 0.3406279 0.2393895 0.3114755 0.3297905 0.3150023 0.3285695 0.326241 0.3107117 0.3017691 0.2195916 0.2512412 0.2371874 0.2511689 0.2358899 0.2944972 0.2228556 0.3406279 0.2189075 0.3266913 0.2367258 0.302073 0.2319508 0.154387 0.2455258 0.185824 0.2392926 0.1908444 0.273601 0.1546573 0.273626 0.1860064 0.2455258 0.185824 0.2189075 0.3266913 0.2176684 0.3154626 0.2358899 0.2944972 0.2227119 0.1618282 0.2392926 0.1908444 0.236644 0.2002689 0.2195916 0.2512412 0.2175652 0.187036 0.2358202 0.2078515 0.3154063 0.3476508 0.273756 0.3473804 0.2737306 0.3160313 0.2187861 0.1757972 0.236644 0.2002689 0.2358202 0.2078515 0.3245007 0.1614096 0.3106299 0.1999644 0.3284481 0.1753458 0.2074248 0.2822428 0.1714776 0.4816825 0.2074248 0.4816825 0.2014727 0.2946447 0.2808984 0.2396045 0.2014287 0.2399312 0.2433721 0.2822428 0.2074248 0.4816825 0.2433721 0.4816824 0.1219589 0.2098734 0.04253333 0.3099244 0.122003 0.3093304 0.3277641 0.2507965 0.3114658 0.20754 0.3101683 0.2508689 0.3152506 0.1540445 0.3079666 0.190562 0.3245007 0.1614096 0.122003 0.3093304 0.04257738 0.4093813 0.122047 0.4087873 0.3297905 0.3150023 0.3101683 0.2508689 0.3115355 0.2941867 0.2015168 0.3493583 0.2809424 0.2943181 0.2014727 0.2946447 0.1821426 0.3698222 0.195055 0.4414618 0.195055 0.3698222 0.1692302 0.4414619 0.1682957 0.3698222 0.1682957 0.4414619 0.04260075 0.5213245 0.1220394 0.4743887 0.04256975 0.4751682 0.04256975 0.4751682 0.122047 0.4087873 0.04257738 0.4093813 0.1714776 0.2822428 0.1688759 0.4816825 0.1714776 0.4816825 0.2014052 0.2108599 0.2808675 0.2250689 0.2808033 0.2105335 0.2013977 0.2253956 0.2808984 0.2396045 0.2808675 0.2250689 0.2433721 0.4816824 0.2459738 0.2822428 0.2433721 0.2822428 0.04246592 0.09875416 0.1219279 0.1440868 0.1218636 0.09793072 0.04245835 0.1448662 0.1219589 0.2098734 0.1219279 0.1440868 0.195055 0.3698222 0.1959896 0.4414619 0.1959895 0.3698222 0.2015402 0.3784295 0.2809788 0.3635673 0.2015093 0.3638939 0.2015093 0.3638939 0.2809864 0.3490316 0.2015168 0.3493583 0.1692302 0.3698222 0.1821426 0.4414619 0.1821426 0.3698222 0.3187934 0.359764 0.3263316 0.4095868 0.3377602 0.4044511 0.3214415 0.3503398 0.3377602 0.4044511 0.3403794 0.3904476 0.3222653 0.3427574 0.3403794 0.3904476 0.3413258 0.3713282 0.2500224 0.2394151 0.242484 0.1895922 0.2310554 0.1947278 0.2473738 0.2488396 0.2310554 0.1947278 0.2284362 0.2087314 0.2465501 0.2564222 0.2284362 0.2087314 0.2274898 0.2278508 0.3186964 0.2391327 0.3261692 0.1892169 0.3124557 0.2341637 0.3213597 0.248535 0.3375764 0.1943253 0.3186964 0.2391327 0.3221957 0.2561107 0.34022 0.2083091 0.3213597 0.248535 0.2501194 0.3600462 0.2426463 0.4099621 0.2563606 0.3650153 0.2474557 0.3506436 0.2312392 0.4048537 0.2501194 0.3600462 0.2466197 0.3430678 0.2285956 0.3908699 0.2474557 0.3506436 0.3125607 0.3647843 0.2844889 0.4097745 0.3263316 0.4095868 0.3222653 0.3427574 0.3412628 0.2993747 0.3222122 0.2994395 0.3221957 0.2561107 0.3412628 0.2993747 0.3411999 0.2274212 0.3124557 0.2341637 0.2843266 0.1894046 0.2843559 0.2345771 0.2563606 0.3650153 0.2844889 0.4097745 0.2844604 0.364602 0.2466197 0.3430678 0.2275528 0.2998043 0.2276157 0.3717579 0.2562556 0.2343947 0.2843266 0.1894046 0.242484 0.1895922 0.2465501 0.2564222 0.2275528 0.2998043 0.2466032 0.2997395 0.7252531 0.8963685 0.7250209 0.9457658 0.7472993 0.8966577 0.7472993 0.8966577 0.7250209 0.9457658 0.7471287 0.9738366 0.7471287 0.9738366 0.7266854 0.9578261 0.7342593 0.9732943 0.7342593 0.9732943 0.7266854 0.9578261 0.7298651 0.966158 0.7474699 0.8194791 0.7679135 0.835489 0.7603394 0.8200213 0.7603394 0.8200213 0.7679135 0.835489 0.7647337 0.827158 0.7679135 0.835489 0.7474699 0.8194791 0.769578 0.8475485 0.769578 0.8475485 0.7472993 0.8966577 0.7693457 0.8969455 0.7472993 0.8966577 0.7693153 0.9462667 0.7693457 0.8969455 0.7693153 0.9462667 0.7471287 0.9738366 0.7675924 0.9582971 0.7675924 0.9582971 0.7600291 0.9736789 0.7643876 0.9665769 0.7471287 0.9738366 0.7600291 0.9736789 0.7675924 0.9582971 0.7345694 0.8196371 0.7270064 0.8350179 0.7474699 0.8194791 0.7474699 0.8194791 0.7252835 0.8470472 0.7472993 0.8966577 0.7472993 0.8966577 0.7252835 0.8470472 0.7252531 0.8963685 0.7252835 0.8470472 0.7474699 0.8194791 0.7270064 0.8350179 0.3154063 0.3476508 0.3080635 0.3111933 0.3018308 0.3162137 0.273601 0.1546573 0.3017258 0.185593 0.3152506 0.1540445 0.3284481 0.1753458 0.3114658 0.20754 0.3296872 0.1865744 0.3246443 0.3402096 0.3107117 0.3017691 0.3080635 0.3111933 0.2321064 0.3479931 0.2737306 0.3160313 0.2456308 0.3164446 0.2228556 0.3406279 0.2456308 0.3164446 0.2393895 0.3114755 0.3285695 0.326241 0.3115355 0.2941867 0.3107117 0.3017691 0.2195916 0.2512412 0.2358899 0.2944972 0.2371874 0.2511689 0.2189075 0.3266913 0.2393895 0.3114755 0.2367258 0.302073 0.2227119 0.1618282 0.2455258 0.185824 0.2319508 0.154387 0.2319508 0.154387 0.273626 0.1860064 0.273601 0.1546573 0.2176684 0.3154626 0.2367258 0.302073 0.2358899 0.2944972 0.2187861 0.1757972 0.2392926 0.1908444 0.2227119 0.1618282 0.2195916 0.2512412 0.2358202 0.2078515 0.2175652 0.187036 0.273756 0.3473804 0.3018308 0.3162137 0.2737306 0.3160313 0.2175652 0.187036 0.236644 0.2002689 0.2187861 0.1757972 8.51164e-4 0.08464521 8.46098e-4 0.01429241 0.2561881 0.01424372 9.39868e-4 0.08654588 0.2568563 0.08654755 0.2568532 0.01440376 0.2562425 0.0846256 8.51164e-4 0.08464521 8.46098e-4 0.01429241 9.39868e-4 0.08654588 0.2568563 0.08654755 0.2568532 0.01440376 8.51164e-4 0.08464521 8.46098e-4 0.01429241 0.2561881 0.01424372 9.39868e-4 0.08654588 0.2568563 0.08654755 0.2568532 0.01440376 8.51164e-4 0.08464521 8.46098e-4 0.01429241 0.2561881 0.01424372 9.39868e-4 0.08654588 0.2568563 0.08654755 0.2568532 0.01440376 8.51164e-4 0.08464521 8.46098e-4 0.01429241 0.2561881 0.01424372 9.39868e-4 0.08654588 0.2568563 0.08654755 0.2568532 0.01440376 8.51164e-4 0.08464521 8.46098e-4 0.01429241 0.2561881 0.01424372 9.39868e-4 0.08654588 0.2568563 0.08654755 0.2568532 0.01440376 0.2562425 0.0846256 8.51164e-4 0.08464521 8.46098e-4 0.01429241 9.39868e-4 0.08654588 0.2568563 0.08654755 0.2568532 0.01440376 0.2562425 0.0846256 8.51164e-4 0.08464521 8.46098e-4 0.01429241 9.39868e-4 0.08654588 0.2568563 0.08654755 0.2568532 0.01440376 8.51164e-4 0.08464521 8.46098e-4 0.01429241 0.2561881 0.01424372 9.39868e-4 0.08654588 0.2568563 0.08654755 0.2568532 0.01440376 8.51164e-4 0.08464521 8.46098e-4 0.01429241 0.2561881 0.01424372 9.39868e-4 0.08654588 0.2568563 0.08654755 0.2568532 0.01440376 8.51164e-4 0.08464521 8.46098e-4 0.01429241 0.2561881 0.01424372 9.39868e-4 0.08654588 0.2568563 0.08654755 0.2568532 0.01440376 8.51164e-4 0.08464521 8.46098e-4 0.01429241 0.2561881 0.01424372 9.39868e-4 0.08654588 0.2568563 0.08654755 0.2568532 0.01440376 0.4470543 0.2112944 0.4546796 0.2298446 0.4470543 0.2361031 0.810757 0.2350018 0.8379736 0.2621687 0.8106916 0.2614463 0.8106074 0.2358219 0.8379799 0.2621631 0.810542 0.2622665 0.4470999 0.2112944 0.4547135 0.2298446 0.4470999 0.2361031 0.8104993 0.2336384 0.8379769 0.2610111 0.8104469 0.2601354 0.8107042 0.261435 0.838501 0.2348898 0.8378819 0.2611908 0.837752 0.2357147 0.8107042 0.261435 0.8379799 0.2621631 0.4470999 0.2112944 0.4394749 0.2298446 0.4369099 0.2112944 0.8379769 0.2610111 0.810757 0.2350018 0.8106916 0.2614463 0.4470543 0.2112944 0.4394408 0.2298446 0.4368645 0.2112944 0.4394408 0.1927441 0.4470543 0.2112944 0.4368645 0.2112944 0.4394749 0.1927441 0.4470999 0.2112944 0.4369099 0.2112944 0.8373804 0.2345476 0.8104469 0.2601354 0.8378819 0.2611908 0.4547135 0.1927441 0.4470999 0.2112944 0.4470999 0.1864856 0.8375898 0.2365462 0.810542 0.2622665 0.8379736 0.2621687 0.4546796 0.1927441 0.4470543 0.2112944 0.4470543 0.1864856 0.8374553 0.4531021 0.8100143 0.4795624 0.8373947 0.4803996 0.8375057 0.4538848 0.8101626 0.4804272 0.8374383 0.4811553 0.8101626 0.4804272 0.8374553 0.4531021 0.8373947 0.4803996 0.8100677 0.4539885 0.8374383 0.4811553 0.8100003 0.4812595 0.8097979 0.5630707 0.8371686 0.5902382 0.8097304 0.5903419 0.8098927 0.5895097 0.8372128 0.5622932 0.8371519 0.5895906 0.8372361 0.5629678 0.8098927 0.5895097 0.8371686 0.5902382 0.8372128 0.5622932 0.8097989 0.5888614 0.8371519 0.5895906 0.837698 0.3439105 0.8102297 0.3702627 0.8376373 0.371208 0.8377755 0.3448013 0.8104324 0.3713437 0.8377078 0.3720718 0.8104324 0.3713437 0.837698 0.3439105 0.8376373 0.371208 0.8103377 0.344905 0.8377078 0.3720718 0.81027 0.3721751 0.8378192 0.2893151 0.8103376 0.3156132 0.8377586 0.3166126 0.8379105 0.2902599 0.8105672 0.3168024 0.837843 0.3175304 0.8105672 0.3168024 0.8378192 0.2893151 0.8377586 0.3166126 0.8104724 0.2903629 0.837843 0.3175304 0.810405 0.3176338 0.8102025 0.3994464 0.8375731 0.4266135 0.8101352 0.4267165 0.8102973 0.4258859 0.8375766 0.3985059 0.837516 0.4258041 0.8376407 0.399343 0.8102973 0.4258859 0.8375731 0.4266135 0.837516 0.4258041 0.8101759 0.3975872 0.810122 0.4249125 0.8099328 0.5085294 0.8373037 0.5356965 0.8098655 0.5358002 0.8100277 0.5349688 0.837334 0.5076969 0.8372734 0.5349951 0.837371 0.508426 0.8100277 0.5349688 0.8373037 0.5356965 0.837334 0.5076969 0.8099066 0.5342119 0.8372734 0.5349951 0.8370914 0.6168885 0.8096912 0.6435369 0.8370307 0.6442117 0.8371011 0.6175087 0.8097581 0.6440768 0.8370335 0.6448049 0.8097581 0.6440768 0.8370914 0.6168885 0.8370307 0.6442117 0.809663 0.6176126 0.8370335 0.6448049 0.8095955 0.644908 0.8097456 0.6440879 0.8374092 0.671234 0.8096781 0.671334 0.8095282 0.6721534 0.8370335 0.6448049 0.8372594 0.6720542 0.8096374 0.6708366 0.8371258 0.6440323 0.8374698 0.670552 0.8096905 0.6713228 0.8370307 0.6442117 0.8374217 0.6712228 0.8370335 0.6448049 0.8096905 0.6713228 0.836673 0.6720476 0.8366603 0.6720587 0.8097456 0.6440879 0.8096781 0.671334 0.8370307 0.6442117 0.8096374 0.6708366 0.8365183 0.6717467 0.8370273 0.6448104 0.8095282 0.6721534 0.8365105 0.6728788 0.8371624 0.5902441 0.809663 0.6176126 0.8370949 0.6175146 0.8371519 0.5895906 0.809745 0.6161861 0.8370914 0.6168885 0.8371864 0.6167092 0.8098803 0.5895213 0.809813 0.6167926 0.8371686 0.5902382 0.8098253 0.6167812 0.8371011 0.6175087 0.8098253 0.6167812 0.8371519 0.5895906 0.8370914 0.6168885 0.8097989 0.5888614 0.8371864 0.6167092 0.809745 0.6161861 0.8097304 0.5903419 0.8371011 0.6175087 0.809663 0.6176126 0.8098803 0.5895213 0.8370949 0.6175146 0.809813 0.6167926 0.8372972 0.5357024 0.8097979 0.5630707 0.8372297 0.5629733 0.8372734 0.5349951 0.8098528 0.5615374 0.8372128 0.5622932 0.8373078 0.562114 0.8100153 0.53498 0.8099476 0.5622506 0.8373037 0.5356965 0.8099603 0.5622394 0.8372361 0.5629678 0.8099603 0.5622394 0.8372734 0.5349951 0.8372128 0.5622932 0.8099066 0.5342119 0.8373078 0.562114 0.8098528 0.5615374 0.8098655 0.5358002 0.8372361 0.5629678 0.8097979 0.5630707 0.8100153 0.53498 0.8372297 0.5629733 0.8099476 0.5622506 0.81015 0.4804388 0.8373646 0.5084317 0.8100827 0.5077087 0.8100003 0.4812595 0.837371 0.508426 0.8099328 0.5085294 0.8100143 0.4795624 0.8374292 0.5075179 0.8099606 0.5068871 0.8100951 0.5076978 0.8373947 0.4803996 0.837334 0.5076969 0.8374383 0.4811553 0.8100951 0.5076978 0.837371 0.508426 0.8374292 0.5075179 0.81015 0.4804388 0.8100827 0.5077087 0.8373947 0.4803996 0.8099606 0.5068871 0.837334 0.5076969 0.8374321 0.4811612 0.8099328 0.5085294 0.8373646 0.5084317 0.8375669 0.4266195 0.8100677 0.4539885 0.8374995 0.4538908 0.837516 0.4258041 0.8100683 0.4522371 0.8374553 0.4531021 0.8375505 0.4529228 0.8102851 0.4258963 0.8102175 0.453168 0.8375731 0.4266135 0.81023 0.4531567 0.8375057 0.4538848 0.81023 0.4531567 0.837516 0.4258041 0.8374553 0.4531021 0.810122 0.4249125 0.8375505 0.4529228 0.8100683 0.4522371 0.8101352 0.4267165 0.8375057 0.4538848 0.8100677 0.4539885 0.8102851 0.4258963 0.8374995 0.4538908 0.8102175 0.453168 0.8104197 0.371355 0.8376344 0.399349 0.8103525 0.3986258 0.81027 0.3721751 0.8376407 0.399343 0.8102025 0.3994464 0.8102297 0.3702627 0.8376718 0.3983269 0.8101759 0.3975872 0.8103647 0.398615 0.8376373 0.371208 0.8375766 0.3985059 0.8377078 0.3720718 0.8103647 0.398615 0.8376407 0.399343 0.8376718 0.3983269 0.8104197 0.371355 0.8103525 0.3986258 0.8376373 0.371208 0.8101759 0.3975872 0.8375766 0.3985059 0.8377019 0.3720781 0.8102025 0.3994464 0.8376344 0.399349 0.8105546 0.3168136 0.8377693 0.3448081 0.8104874 0.3440845 0.810405 0.3176338 0.8377755 0.3448013 0.8103377 0.344905 0.8103376 0.3156132 0.8377931 0.3437312 0.8102837 0.3429369 0.8104997 0.3440733 0.8377586 0.3166126 0.837698 0.3439105 0.837843 0.3175304 0.8104997 0.3440733 0.8377755 0.3448013 0.8377931 0.3437312 0.8105546 0.3168136 0.8104874 0.3440845 0.8377586 0.3166126 0.8102837 0.3429369 0.837698 0.3439105 0.8378368 0.317536 0.8103377 0.344905 0.8377693 0.3448081 0.8379736 0.2621687 0.8104724 0.2903629 0.8379042 0.2902659 0.8378819 0.2611908 0.8103914 0.2882878 0.8378192 0.2893151 0.8379144 0.289135 0.8106916 0.2614463 0.8106222 0.2895427 0.8379799 0.2621631 0.8106346 0.2895315 0.8379105 0.2902599 0.8106346 0.2895315 0.8378819 0.2611908 0.8378192 0.2893151 0.8104469 0.2601354 0.8379144 0.289135 0.8103914 0.2882878 0.810542 0.2622665 0.8379105 0.2902599 0.8104724 0.2903629 0.8106916 0.2614463 0.8379042 0.2902659 0.8106222 0.2895427 0.8103376 0.3156132 0.8103914 0.2882878 0.8378537 0.3164333 0.8102297 0.3702627 0.8102837 0.3429369 0.8377323 0.3710287 0.810122 0.4249125 0.8101759 0.3975872 0.8376109 0.4256245 0.8100143 0.4795624 0.8100683 0.4522371 0.8374897 0.4802203 0.8099066 0.5342119 0.8099606 0.5068871 0.8373683 0.534816 0.8097989 0.5888614 0.8098528 0.5615374 0.8372468 0.5894117 0.8096912 0.6435369 0.809745 0.6161861 0.8371258 0.6440323 0.8095955 0.644908 0.8370273 0.6448104 0.809663 0.6176126 0.8097304 0.5903419 0.8371624 0.5902441 0.8097979 0.5630707 0.8098655 0.5358002 0.8372972 0.5357024 0.8099328 0.5085294 0.8100003 0.4812595 0.8374321 0.4811612 0.8100677 0.4539885 0.8101352 0.4267165 0.8375669 0.4266195 0.8102025 0.3994464 0.81027 0.3721751 0.8377019 0.3720781 0.8103377 0.344905 0.810405 0.3176338 0.8378368 0.317536 0.8104724 0.2903629 0.2376483 0.01559859 0.2456575 0.08442872 0.2455559 0.01615172 0.2289829 0.08341085 0.2369056 0.01552718 0.2289891 0.01502507 0.2203189 0.08288586 0.2282593 0.01490271 0.2203339 0.01445066 0.2116549 0.08236235 0.2196128 0.01427835 0.2116787 0.01387578 0.2029909 0.0818389 0.2109665 0.01365458 0.2030235 0.01330244 0.1943269 0.08131366 0.20232 0.01303005 0.1943684 0.01272767 0.1856631 0.0807898 0.1936736 0.0124064 0.1857132 0.01215362 0.4575509 0.2121808 0.4549388 0.1913223 0.446729 0.1868438 0.4470363 0.2351892 0.454184 0.2323866 0.457437 0.2118824 0.4471222 0.2352436 0.4541766 0.23245 0.4573459 0.2121714 0.4468244 0.1869446 0.4549456 0.1917055 0.4573813 0.2121661 0.4471249 0.2349437 0.4542019 0.2325029 0.4574422 0.2121423 0.4468215 0.1869446 0.4549478 0.1917154 0.4574909 0.2119523 0.44682 0.1869406 0.4549491 0.1917166 0.4573158 0.2119265 0.1122959 0.01794564 0.1261927 0.01880103 0.1126039 0.08511048 0.09859567 0.0182079 0.1122927 0.01852154 0.09890359 0.08537316 0.08488917 0.01847159 0.08539432 0.08586984 0.09839278 0.01843339 0.1259961 0.01768207 0.1265414 0.08497953 0.1392668 0.01782351 0.1396965 0.01741999 0.1531649 0.01625567 0.1400044 0.08458489 0.1533968 0.01715689 0.1539687 0.08438587 0.1683356 0.01684975 0.167097 0.01689386 0.1676822 0.0840888 0.1811087 0.01729667 0.2382916 0.3854586 0.30018 0.3690068 0.3001807 0.3854371 0.3595699 0.241106 0.3483588 0.4773349 0.3480755 0.241631 0.5284616 0.9294406 0.5203791 0.9660444 0.5205609 0.9289991 0.1686176 0.3989009 0.2231131 0.4100514 0.2231035 0.3988821 0.4715705 0.7493517 0.5976215 0.7672731 0.4713963 0.7672731 0.3491245 0.3125844 0.2400412 0.2775056 0.3489649 0.2783616 0.6475433 0.767695 0.4560998 0.7497736 0.6471651 0.7497736 0.6574844 0.8888399 0.6471781 0.8411923 0.6573278 0.8412613 0.1646649 0.341593 0.2108445 0.3527464 0.210835 0.3415771 0.2108445 0.3527464 0.2152766 0.3415755 0.210835 0.3415771 0.4564778 0.767695 0.4377185 0.7497736 0.4560998 0.7497736 0.6471651 0.7497736 0.4553442 0.7217697 0.6464096 0.7217697 0.4560998 0.7497736 0.4369628 0.7217697 0.4553442 0.7217697 0.4286198 0.9899047 0.4286198 0.9899047 0.4286198 0.9899047 0.4286198 0.9899047 0.4286198 0.9899047 0.4286198 0.9899047 0.5001811 0.7490345 0.6229478 0.7273772 0.6232533 0.7490345 0.6232533 0.7490345 0.634788 0.7273772 0.6350934 0.7490345 0.5003339 0.7669181 0.6232533 0.7490345 0.6234061 0.7669181 0.6234061 0.7669181 0.6350934 0.7490345 0.6352462 0.7669181 0.6352462 0.7669181 0.6425157 0.7490345 0.6426683 0.7669181 0.6350934 0.7490345 0.6422102 0.7273772 0.6425157 0.7490345 0.2152766 0.3415755 0.2180707 0.3527439 0.2180612 0.3415745 0.2723885 0.3341361 0.2589497 0.3517543 0.258935 0.3345621 0.4380963 0.767695 0.4261958 0.7497736 0.4377185 0.7497736 0.4377185 0.7497736 0.4254401 0.7217697 0.4369628 0.7217697 0.258935 0.3345621 0.2320426 0.3526055 0.2320277 0.3354133 0.4286198 0.9899047 0.4286198 0.9899047 0.4286198 0.9899047 0.6471781 0.8411923 0.6368715 0.7935448 0.6470215 0.7936146 0.6470215 0.7936146 0.6365583 0.6983888 0.6467081 0.6984583 0.3562123 0.2024027 0.2750658 0.2698861 0.2748958 0.2015874 0.3563824 0.2707015 0.2751509 0.3040356 0.2750658 0.2698861 0.5369077 0.8187475 0.5286435 0.8923957 0.5290067 0.8183058 0.5365445 0.8928374 0.5284616 0.9294406 0.5286435 0.8923957 0.5494127 0.7492936 0.5081588 0.7671772 0.508006 0.7492936 0.5493974 0.7135266 0.508006 0.7492936 0.5077005 0.7135266 0.6115017 0.964281 0.6229842 0.9785757 0.6115142 0.9789386 0.5885618 0.965007 0.6115142 0.9789386 0.5885743 0.9796646 0.5426818 0.9664584 0.5885743 0.9796646 0.5426942 0.9811161 0.5885493 0.9503495 0.5885618 0.965007 0.5885618 0.965007 0.5426693 0.9518009 0.5885618 0.965007 0.5426818 0.9664584 0.2095834 0.3889201 0.2095834 0.3889201 0.2095834 0.3889201 0.4906608 0.874227 0.5511497 0.8853753 0.5511402 0.8742061 0.5885493 0.9503495 0.5885618 0.965007 0.5885493 0.9503495 0.2474461 0.3374419 0.2474461 0.3374419 0.2474461 0.3374419 0.467752 0.6755443 0.4677509 0.6545686 0.4677509 0.6545686 0.4677509 0.6545686 0.4677498 0.6335929 0.4677498 0.6335929 0.4726152 0.652798 0.596488 0.7244834 0.4719188 0.7244834 0.3135928 0.2432047 0.267899 0.481008 0.267616 0.2453036 0.4677498 0.6335929 0.5198461 0.6545505 0.4677509 0.6545686 0.6464096 0.7217697 0.4239284 0.6297035 0.6448979 0.6297035 0.5198449 0.6335748 0.5198461 0.6545505 0.5198461 0.6545505 0.2325462 0.4381709 0.1829185 0.3639196 0.1841418 0.4315016 0.5198461 0.6545505 0.519847 0.6755262 0.519847 0.6755262 0.5198461 0.6545505 0.519847 0.6755262 0.519847 0.6755262 0.3016889 0.2075869 0.2558089 0.2090387 0.2558089 0.2090387 0.5864662 0.6948581 0.5326665 0.7039114 0.5326519 0.6956741 0.588397 0.7743843 0.5883846 0.7597264 0.588397 0.7743843 0.209406 0.1836395 0.2094061 0.1836395 0.2094061 0.1836395 0.5864662 0.6948581 0.5864806 0.7030956 0.5864662 0.6948581 0.2094185 0.1982974 0.2094185 0.1982974 0.2094185 0.1982974 0.5864662 0.6948581 0.5864806 0.7030956 0.5864662 0.6948581 0.5321227 0.6948851 0.5321374 0.7031226 0.5321227 0.6948851 0.4495447 0.7597745 0.4495571 0.7744324 0.4495447 0.7597745 0.4495447 0.7597745 0.4495571 0.7744324 0.4495447 0.7597745 0.5546193 0.7289485 0.487181 0.7401412 0.4871716 0.7289718 0.2094061 0.1836395 0.2094061 0.1836395 0.2094061 0.1836395 0.588397 0.7743843 0.5883846 0.7597264 0.5883846 0.7597264 0.2094185 0.1982974 0.2094185 0.1982974 0.2094185 0.1982974 0.3017013 0.2222448 0.2558213 0.2236965 0.3017013 0.2222448 0.6678407 0.2338131 0.6661794 0.1885573 0.6676926 0.1885458 0.6680107 0.1851407 0.6664555 0.2321215 0.6680107 0.2321096 0.209431 0.2129549 0.209431 0.2129549 0.209431 0.2129549 0.3017138 0.2369024 0.2558339 0.2383542 0.2558339 0.2383542 0.209431 0.2129549 0.209431 0.2129549 0.209431 0.2129549 0.5884221 0.8036997 0.5884095 0.7890419 0.5884221 0.8036997 0.5864954 0.7113329 0.5326958 0.720386 0.5326811 0.7121489 0.5864954 0.7113329 0.58651 0.7195703 0.5864954 0.7113329 0.2094436 0.2276128 0.2094436 0.2276128 0.2094436 0.2276128 0.5864954 0.7113329 0.58651 0.7195703 0.5864954 0.7113329 0.5321519 0.71136 0.5321666 0.7195973 0.5321519 0.71136 0.4495695 0.7890899 0.449582 0.8037478 0.4495695 0.7890899 0.4495695 0.7890899 0.449582 0.8037478 0.4495695 0.7890899 0.2094436 0.2276128 0.2094436 0.2276128 0.2094436 0.2276128 0.5546383 0.751287 0.4872002 0.7624799 0.4871906 0.7513105 0.6649005 0.1851644 0.6633453 0.2321452 0.6649005 0.2321333 0.3017264 0.2515603 0.2558463 0.2530116 0.3017264 0.2515603 0.6648144 0.2338361 0.6631529 0.1885804 0.6646661 0.1885688 0.209456 0.2422702 0.209456 0.2422702 0.209456 0.2422702 0.3017387 0.2662177 0.2558587 0.2676694 0.2558587 0.2676694 0.209456 0.2422702 0.209456 0.2422702 0.209456 0.2422702 0.4495946 0.8184052 0.449607 0.8330629 0.4495946 0.8184052 0.5546573 0.7736256 0.487219 0.7848181 0.4872096 0.7736489 0.4495946 0.8184052 0.449607 0.8330629 0.4495946 0.8184052 0.2094684 0.256928 0.2094684 0.256928 0.2094684 0.256928 0.5321813 0.7278345 0.5321959 0.736072 0.5321813 0.7278345 0.5865247 0.7278076 0.5865392 0.736045 0.5865247 0.7278076 0.5865247 0.7278076 0.5865392 0.736045 0.5865247 0.7278076 0.5884469 0.8330149 0.5884345 0.8183572 0.5884469 0.8330149 0.3017512 0.2808754 0.2558712 0.282327 0.3017512 0.2808754 0.5865247 0.7278076 0.5327249 0.7368607 0.5327103 0.7286235 0.6617879 0.2338592 0.6601264 0.1886034 0.6616396 0.1885919 0.6617904 0.1851881 0.6602352 0.2321689 0.6617904 0.2321571 0.2094684 0.256928 0.2094684 0.256928 0.2094684 0.256928 0.3291183 0.2021287 0.3021601 0.2701604 0.3019899 0.2018617 0.6064229 0.7933377 0.5959596 0.6981124 0.6061093 0.6981814 0.5884469 0.8330149 0.5884345 0.8183572 0.5884345 0.8183572 0.4063858 -0.2920491 0.4022055 -0.292015 0.4035966 -0.2920256 0.209481 0.2715854 0.209481 0.2715854 0.209481 0.2715854 0.588472 0.8623299 0.5884595 0.8476723 0.5884595 0.8476723 0.5861235 0.7931996 0.5756605 0.6979745 0.5858101 0.6980435 0.3089335 0.2702288 0.3223447 0.2020602 0.3087636 0.2019301 0.5546765 0.795964 0.4872381 0.8071565 0.4872286 0.7959873 0.2094935 0.286243 0.2094935 0.286243 0.2094935 0.286243 0.4496195 0.8477204 0.4496319 0.862378 0.4496195 0.8477204 0.2094935 0.286243 0.2094935 0.286243 0.2094935 0.286243 0.4496195 0.8477204 0.4496319 0.862378 0.4496195 0.8477204 0.5322106 0.7443092 0.5322251 0.7525465 0.5322106 0.7443092 0.5865539 0.7442822 0.5865685 0.7525196 0.5865539 0.7442822 0.5865539 0.7442822 0.5865685 0.7525196 0.5865539 0.7442822 0.588472 0.8623299 0.5884595 0.8476723 0.588472 0.8623299 0.5865539 0.7442822 0.5327542 0.7533354 0.5327395 0.7450981 0.3017762 0.3101904 0.2558962 0.3116423 0.3017762 0.3101904 0.3017638 0.2955328 0.2558838 0.2969847 0.2558838 0.2969847 0.2094809 0.2715854 0.209481 0.2715854 0.209481 0.2715854 0.5198528 0.7804043 0.5198539 0.8013802 0.5198539 0.8013802 0.5198518 0.7594287 0.5198528 0.7804043 0.5198528 0.7804043 0.5198528 0.7804043 0.5198539 0.8013802 0.5198539 0.8013802 0.5198539 0.8013802 0.5198552 0.8223556 0.5198552 0.8223556 0.6587614 0.2338823 0.6571 0.1886265 0.6586132 0.188615 0.5198552 0.8223556 0.5198562 0.8433313 0.5198562 0.8433313 0.5198552 0.8223556 0.5198562 0.8433313 0.5198562 0.8433313 0.3017888 0.3248484 0.2559087 0.3262999 0.2559087 0.3262999 0.5865832 0.760757 0.5327836 0.7698101 0.5327689 0.7615727 0.5884968 0.8916455 0.5884844 0.8769879 0.5884968 0.8916455 0.2095059 0.300901 0.2095059 0.300901 0.2095059 0.300901 0.5865832 0.760757 0.5865979 0.7689943 0.5865832 0.760757 0.2095183 0.3155586 0.2095183 0.3155586 0.2095183 0.3155586 0.5865832 0.760757 0.5865979 0.7689943 0.5865832 0.760757 0.5322399 0.7607841 0.5322545 0.7690214 0.5322399 0.7607841 0.4496445 0.877036 0.449657 0.8916935 0.4496445 0.877036 0.4496445 0.877036 0.449657 0.8916935 0.4496445 0.877036 0.5546954 0.8183027 0.4872571 0.8294953 0.4872477 0.8183261 0.1974737 0.2448639 0.1974737 0.2448639 0.1974737 0.2448639 0.5884968 0.8916455 0.5884844 0.8769879 0.5884844 0.8769879 0.5658242 0.793061 0.5553609 0.6978357 0.5655106 0.6979053 0.6586802 0.1852118 0.6571251 0.2321926 0.6586802 0.2321807 0.4036035 -0.2920279 0.4049878 -0.2920362 0.4063789 -0.2920468 0.3224808 0.2703658 0.3087975 0.201923 0.3223107 0.2020673 0.6595247 0.2151995 0.6581335 0.2152101 0.6595247 0.2151995 0.5884496 0.833088 0.5884621 0.8477458 0.5884496 0.833088 0.5884496 0.833088 0.6114018 0.8470199 0.5884621 0.8477458 0.2474064 0.2908917 0.2474064 0.2908917 0.2474064 0.2908917 0.4905848 0.7848728 0.5510738 0.7960212 0.5510641 0.7848519 0.5884496 0.833088 0.5884621 0.8477458 0.5884621 0.8477458 0.2474009 0.2842416 0.2474009 0.2842416 0.2474009 0.2842416 0.5425694 0.8345398 0.5884621 0.8477458 0.542582 0.8491973 0.5425571 0.8198823 0.5884496 0.833088 0.5425694 0.8345398 0.662307 0.2151783 0.6609158 0.2151889 0.662307 0.2151783 0.5884245 0.8037728 0.5884371 0.8184306 0.5884371 0.8184306 0.5425446 0.8052247 0.5884371 0.8184306 0.5425571 0.8198823 0.2473953 0.2775915 0.2473953 0.2775915 0.2473953 0.2775915 0.4905657 0.7625343 0.5510546 0.7736827 0.5510451 0.7625134 0.5884245 0.8037728 0.5884371 0.8184306 0.5884245 0.8037728 0.6263679 0.8470287 0.6263679 0.8470287 0.6263679 0.8470287 0.5884245 0.8037728 0.611377 0.8177046 0.5884371 0.8184306 0.2884768 0.2017175 0.3428015 0.2705715 0.3426315 0.202273 0.6650892 0.215157 0.663698 0.2151677 0.6650892 0.215157 0.398039 -0.2919855 0.4105523 -0.2920786 0.4119434 -0.2920892 0.5455249 0.7929231 0.5350617 0.6976976 0.5452115 0.6977668 0.5885218 0.9209607 0.5885093 0.9063028 0.5885093 0.9063028 0.65246 0.1852592 0.6509048 0.23224 0.65246 0.2322282 0.2095434 0.3448738 0.2095434 0.3448738 0.2095434 0.3448738 0.5547145 0.8406409 0.4872762 0.8518337 0.4872666 0.8406642 0.4496694 0.9063509 0.4496819 0.9210087 0.4496694 0.9063509 0.2095434 0.3448738 0.2095434 0.3448738 0.2095434 0.3448738 0.4496694 0.9063509 0.4496819 0.9210087 0.4496694 0.9063509 0.5322691 0.7772586 0.5322837 0.785496 0.5322691 0.7772586 0.5866125 0.7772316 0.5866271 0.7854689 0.5866125 0.7772316 0.5866125 0.7772316 0.5866271 0.7854689 0.5866125 0.7772316 0.5885218 0.9209607 0.5885093 0.9063028 0.5885218 0.9209607 0.3018261 0.3688212 0.2559462 0.3702729 0.3018261 0.3688212 0.5866125 0.7772316 0.5328127 0.7862848 0.5327982 0.7780476 0.3018136 0.3541634 0.2559338 0.3556153 0.2559338 0.3556153 0.3018136 0.3541634 0.3018136 0.3541634 0.3018136 0.3541634 0.6557349 0.2339054 0.6540735 0.1886496 0.6555868 0.1886381 0.65557 0.1852356 0.654015 0.2322163 0.65557 0.2322044 0.2095308 0.3302159 0.2095308 0.3302159 0.2095308 0.3302159 0.5198562 0.8433313 0.5198574 0.8643069 0.5198574 0.8643069 0.5198574 0.8643069 0.5198584 0.8852825 0.5198584 0.8852825 0.5198574 0.8643069 0.5198584 0.8852825 0.5198584 0.8852825 0.5198584 0.8852825 0.5198596 0.9062583 0.5198596 0.9062583 0.6527085 0.2339285 0.6510472 0.1886727 0.6525603 0.1886611 0.5198596 0.9062583 0.5198607 0.9272338 0.5198607 0.9272338 0.5198596 0.9062583 0.5198607 0.9272338 0.5198607 0.9272338 0.3018386 0.3834789 0.2559586 0.3849303 0.2559586 0.3849303 0.5866418 0.7937064 0.532842 0.8027593 0.5328274 0.7945221 0.5885467 0.9502758 0.5885343 0.9356184 0.5885467 0.9502758 0.2095558 0.3595317 0.2095558 0.3595315 0.2095558 0.3595315 0.5866418 0.7937064 0.5866565 0.8019436 0.5866418 0.7937064 0.2095682 0.374189 0.2095682 0.374189 0.2095682 0.374189 0.5866418 0.7937064 0.5866565 0.8019436 0.5866418 0.7937064 0.5322984 0.7937333 0.5323131 0.8019707 0.5322984 0.7937333 0.4496943 0.9356665 0.449707 0.9503239 0.4496943 0.9356665 0.4496943 0.9356665 0.449707 0.9503239 0.4496943 0.9356665 0.5547335 0.8629795 0.4872952 0.8741722 0.4872857 0.8630029 0.1658698 0.2430965 0.1658698 0.2430965 0.1658698 0.2430965 0.5885467 0.9502758 0.5885343 0.9356184 0.5885343 0.9356184 0.5885467 0.9502758 0.5885467 0.9502758 0.5885467 0.9502758 0.2749296 0.2015804 0.3563486 0.2707085 0.3561788 0.2024099 0.5252255 0.7927841 0.5147625 0.6975593 0.524912 0.6976286 0.3952568 -0.2919643 0.4133346 -0.2920998 0.4147256 -0.2921105 0.6493498 0.185283 0.6477947 0.2322637 0.6493498 0.2322518 0.301851 0.3981364 0.2559711 0.3995879 0.301851 0.3981364 0.6496821 0.2339515 0.6480206 0.1886957 0.6495339 0.1886842 0.3018636 0.412794 0.2559837 0.4142457 0.2559837 0.4142457 0.2095808 0.3888466 0.2095808 0.3888466 0.2095808 0.3888466 0.3018636 0.412794 0.3018636 0.412794 0.3018636 0.412794 0.5885717 0.9795912 0.5885593 0.9649335 0.5885717 0.9795912 0.586671 0.810181 0.5328714 0.8192341 0.5328567 0.8109968 0.586671 0.810181 0.5866855 0.8184183 0.586671 0.810181 0.5881875 0.7442066 0.5881875 0.7442066 0.5881875 0.7442066 0.586671 0.810181 0.5866855 0.8184183 0.586671 0.810181 0.5323277 0.810208 0.5323423 0.8184453 0.5323277 0.810208 0.4497194 0.9649815 0.4497318 0.9796392 0.4497194 0.9649815 0.4497194 0.9649815 0.4497318 0.9796392 0.4497194 0.9649815 0.5547525 0.885318 0.4873142 0.8965106 0.4873047 0.8853413 0.5881875 0.7442066 0.5881875 0.7442066 0.5881875 0.7442066 0.5881875 0.7442066 0.5423076 0.7456583 0.5881875 0.7442066 0.5882002 0.9826546 0.5423017 0.6379721 0.5881818 0.6365204 0.3047119 0.2109687 0.339825 0.3885706 0.304864 0.3896767 0.3396729 0.2098625 0.3573054 0.3880172 0.339825 0.3885706 0.5885717 0.9795912 0.5885593 0.9649335 0.5885593 0.9649335 0.504926 0.7926468 0.494463 0.697421 0.5046128 0.6974905 0.3571534 0.2093096 0.3660457 0.3877408 0.3573054 0.3880172 0.5050829 0.8402248 0.4947763 0.7925764 0.504926 0.7926468 0.3658936 0.2090328 0.3714458 0.38757 0.3660457 0.3877408 0.4949332 0.8401552 0.5050829 0.8402248 0.5052396 0.8878026 0.298507 0.3874907 0.2950146 0.2088884 0.2983548 0.2087824 0.6468646 0.9589564 0.6445013 0.9688376 0.6388941 0.9726715 0.2382783 0.139003 0.3001666 0.1225512 0.3001675 0.1389816 0.2019796 0.1439698 0.2831982 0.1439416 0.2831982 0.1439416 0.2382793 0.1554335 0.3001675 0.1389816 0.3001686 0.1554121 0.6390758 0.9356266 0.6309933 0.9722298 0.6311749 0.9351849 0.5153894 0.8878713 0.5050829 0.8402248 0.5152326 0.8402938 0.2382801 0.1718637 0.3001686 0.1554121 0.3001693 0.1718423 0.5255388 0.8879404 0.5152326 0.8402938 0.5253821 0.8403623 0.2750996 0.2698792 0.3564336 0.304858 0.3563486 0.2707085 0.5253821 0.8403623 0.5150757 0.792716 0.5252255 0.7927841 0.6313565 0.8981395 0.6232739 0.9347428 0.6234554 0.8976976 0.6311749 0.9351849 0.6230922 0.9717881 0.6232739 0.9347428 0.6232739 0.9347428 0.6151912 0.971346 0.6153727 0.9343007 0.34966 0.3047893 0.2818732 0.2699473 0.3495749 0.2706398 0.238281 0.1882941 0.3001693 0.1718423 0.3001703 0.1882727 0.2382819 0.2047244 0.3001703 0.1882727 0.300171 0.204703 0.6153727 0.9343007 0.6072901 0.9709046 0.6074717 0.933859 0.2382828 0.2211547 0.300171 0.204703 0.300172 0.2211334 0.6074717 0.933859 0.5993892 0.9704626 0.5995707 0.933418 0.5458382 0.8880785 0.5355317 0.8404317 0.5456815 0.8405011 0.5559878 0.8881476 0.5456815 0.8405011 0.5558312 0.8405707 0.5456815 0.8405011 0.5353752 0.7928541 0.5455249 0.7929231 0.2954206 0.270085 0.3361129 0.3046522 0.2955056 0.304234 0.3360279 0.2705031 0.2952505 0.2017861 0.3358578 0.2022044 0.6155546 0.897256 0.6074717 0.933859 0.6076534 0.8968141 0.302194 0.2701532 0.3293393 0.3045839 0.3292544 0.2704346 0.5659809 0.8406392 0.5556744 0.7929919 0.5658242 0.793061 0.5661376 0.8882171 0.5558312 0.8405707 0.5659809 0.8406392 0.5997525 0.8963724 0.5916697 0.9329758 0.5918515 0.8959301 0.5995707 0.933418 0.5914879 0.9700205 0.5916697 0.9329758 0.5916697 0.9329758 0.5835872 0.9695787 0.583769 0.9325338 0.3225657 0.3045154 0.3089676 0.2702218 0.3224808 0.2703658 0.2382846 0.2540156 0.3001729 0.2375639 0.3001737 0.2539942 0.2382836 0.2375853 0.300172 0.2211334 0.3001729 0.2375639 0.5762873 0.8882863 0.5659809 0.8406392 0.5761306 0.8407078 0.2382854 0.2704461 0.3001737 0.2539942 0.3001747 0.2704247 0.5864369 0.8883555 0.5761306 0.8407078 0.5862802 0.8407776 0.315741 0.2702904 0.3157923 0.3044467 0.3157072 0.2702971 0.5862802 0.8407776 0.5759736 0.79313 0.5861235 0.7931996 0.5965864 0.8884243 0.5862802 0.8407776 0.5964297 0.840847 0.3225146 0.2703589 0.3090187 0.3043782 0.3225997 0.3045081 0.5758678 0.9320918 0.5677851 0.9686954 0.5679668 0.9316501 0.583769 0.9325338 0.5756862 0.9691371 0.5758678 0.9320918 0.5839504 0.8954885 0.5758678 0.9320918 0.5760493 0.8950468 0.2382863 0.2868763 0.3001747 0.2704247 0.3001755 0.2868548 0.2382872 0.3033069 0.3001755 0.2868548 0.3001765 0.3032855 0.5679668 0.9316501 0.5598843 0.9682536 0.5600657 0.9312086 0.2382881 0.3197371 0.3001765 0.3032855 0.3001773 0.3197156 0.5600657 0.9312086 0.5519832 0.9678117 0.5521648 0.9307665 0.5681484 0.8946053 0.5600657 0.9312086 0.5602473 0.8941631 0.2954714 0.3042412 0.3360618 0.270496 0.2953865 0.2700921 0.6065796 0.8409155 0.5962731 0.7932685 0.6064229 0.7933377 0.6067362 0.888494 0.5964297 0.840847 0.6065796 0.8409155 0.6168859 0.8885624 0.6065796 0.8409155 0.6167291 0.8409851 0.3358918 0.2021973 0.2953865 0.2700921 0.3360618 0.270496 0.3428354 0.2705644 0.288698 0.3041726 0.2886127 0.2700232 0.6268787 0.8410544 0.6165726 0.7934067 0.626722 0.7934759 0.6270354 0.8886322 0.6167291 0.8409851 0.6268787 0.8410544 0.637185 0.8887013 0.6268787 0.8410544 0.6370284 0.8411234 0.3496089 0.2706329 0.2819244 0.304104 0.3496938 0.3047826 0.5442638 0.9303245 0.5361812 0.9669284 0.5363629 0.929883 0.5521648 0.9307665 0.544082 0.9673695 0.5442638 0.9303245 0.5523461 0.8937212 0.5442638 0.9303245 0.5444455 0.8932797 0.2382898 0.3525977 0.3001781 0.3361461 0.3001791 0.3525763 0.2382889 0.3361676 0.3001773 0.3197156 0.3001781 0.3361461 0.2382908 0.3690283 0.3001791 0.3525763 0.30018 0.3690068 0.5363629 0.929883 0.5282801 0.9664862 0.5284616 0.9294406 0.6473349 0.8887703 0.6370284 0.8411234 0.6471781 0.8411923 0.5527098 0.819631 0.5444455 0.8932797 0.5448087 0.8191893 0.3494388 0.2023345 0.2818395 0.2699548 0.3496089 0.2706329 0.651178 0.2152631 0.6497868 0.2152737 0.651178 0.2152631 0.4119503 -0.2920916 0.396641 -0.2919726 0.3980321 -0.2919832 0.5885244 0.9210339 0.5885368 0.9356917 0.5885244 0.9210339 0.2474404 0.3307917 0.2474404 0.3307917 0.2474404 0.3307917 0.4906419 0.8518884 0.5511307 0.8630368 0.5511211 0.8518674 0.5885244 0.9210339 0.5885368 0.9356917 0.5885368 0.9356917 0.2474349 0.3241415 0.2474349 0.3241415 0.2474349 0.3241415 0.5426443 0.9224857 0.5885368 0.9356917 0.5426568 0.9371433 0.5426319 0.9078279 0.5885244 0.9210339 0.5426443 0.9224857 0.6539601 0.2152419 0.6525689 0.2152525 0.6539601 0.2152419 0.5884994 0.8917187 0.588512 0.9063763 0.588512 0.9063763 0.5426195 0.8931704 0.588512 0.9063763 0.5426319 0.9078279 0.2474291 0.3174918 0.2474291 0.3174918 0.2474291 0.3174918 0.4906228 0.8295499 0.5511118 0.8406982 0.5511021 0.8295289 0.5884994 0.8917187 0.588512 0.9063763 0.5884994 0.8917187 0.2474235 0.3108417 0.2474235 0.3108417 0.2474235 0.3108417 0.409168 -0.2920703 0.3994231 -0.2919938 0.4008143 -0.2920044 0.5685117 0.8205147 0.5602473 0.8941631 0.5606108 0.8200731 0.4677554 0.7384711 0.4677543 0.7174956 0.4677543 0.7174956 0.4677565 0.7594467 0.4677554 0.7384711 0.4677554 0.7384711 0.542607 0.8785129 0.5884994 0.8917187 0.5426195 0.8931704 0.4677577 0.7804223 0.4677565 0.7594467 0.4677565 0.7594467 0.4677554 0.7384711 0.5198518 0.7594287 0.4677565 0.7594467 0.4677565 0.7594467 0.5198528 0.7804043 0.4677577 0.7804223 0.4677577 0.7804223 0.5198539 0.8013802 0.4677588 0.8013982 0.4677588 0.8013982 0.4677577 0.7804223 0.4677577 0.7804223 0.4677588 0.8013982 0.5198552 0.8223556 0.4677599 0.8223736 0.4677599 0.8223736 0.4677588 0.8013982 0.4677588 0.8013982 0.4677599 0.8223736 0.5198562 0.8433313 0.467761 0.8433493 0.467761 0.8433493 0.4677599 0.8223736 0.4677599 0.8223736 0.542582 0.8491973 0.5884745 0.8624035 0.5425944 0.8638551 0.467761 0.8433493 0.5198574 0.8643069 0.4677622 0.864325 0.4677622 0.864325 0.467761 0.8433493 0.467761 0.8433493 0.4677633 0.8853006 0.4677622 0.864325 0.4677622 0.864325 0.4677622 0.864325 0.5198584 0.8852825 0.4677633 0.8853006 0.4677633 0.8853006 0.5198596 0.9062583 0.4677644 0.9062764 0.4677644 0.9062764 0.4677633 0.8853006 0.4677633 0.8853006 0.4677656 0.9272518 0.4677644 0.9062764 0.4677644 0.9062764 0.4677644 0.9062764 0.5198607 0.9272338 0.4677656 0.9272518 0.5425196 0.7759093 0.5884121 0.7891152 0.5425321 0.7905669 0.5425321 0.7905669 0.5884245 0.8037728 0.5425446 0.8052247 0.5883996 0.7744573 0.5884121 0.7891152 0.5884121 0.7891152 0.2473839 0.2642917 0.2473839 0.2642917 0.2473839 0.2642917 0.4905467 0.7401956 0.5510355 0.7513442 0.5510261 0.7401747 0.5883996 0.7744573 0.5884121 0.7891152 0.5883996 0.7744573 0.6263567 0.8337287 0.6263567 0.8337287 0.6263567 0.8337287 0.6678714 0.2151358 0.6664804 0.2151465 0.6678714 0.2151358 0.5425071 0.7612519 0.5883996 0.7744573 0.5425196 0.7759093 0.2094138 0.2807022 0.2323486 0.182987 0.2323539 0.2806586 0.5424946 0.7465943 0.5883871 0.7598 0.5425071 0.7612519 0.5883746 0.7451423 0.6113271 0.7590739 0.5883871 0.7598 0.4677678 0.9692031 0.4677667 0.9482278 0.4677667 0.9482278 0.4677667 0.9482278 0.4677656 0.9272518 0.4677656 0.9272518 0.4677667 0.9482278 0.5198629 0.969185 0.4677678 0.9692031 0.4677656 0.9272518 0.5198618 0.9482097 0.4677667 0.9482278 0.5198607 0.9272338 0.5198618 0.9482097 0.5198618 0.9482097 0.5198618 0.9482097 0.5198629 0.969185 0.5198629 0.969185 0.5752499 0.6526932 0.501863 0.7242275 0.5012522 0.6526932 0.6113146 0.7444164 0.6227971 0.7587112 0.6113271 0.7590739 0.2323539 0.2806586 0.2438186 0.1826243 0.2438238 0.2806369 0.3632071 0.3049265 0.2683261 0.2698107 0.3631222 0.2707771 0.3631222 0.2707771 0.2681562 0.2015119 0.3629521 0.2024784 0.166301 0.3316224 0.226245 0.3427709 0.2262357 0.3316016 0.5748277 0.7490202 0.5023211 0.7669038 0.5021683 0.7490202 0.5749683 0.7242275 0.5021683 0.7490202 0.501863 0.7242275 0.5425944 0.8638551 0.588487 0.877061 0.542607 0.8785129 0.5884745 0.8624035 0.588487 0.877061 0.588487 0.877061 0.2474122 0.2975418 0.2474122 0.2975418 0.2474122 0.2975418 0.4906038 0.8072115 0.5510927 0.8183597 0.5510832 0.8071905 0.5884745 0.8624035 0.588487 0.877061 0.5884745 0.8624035 0.2474178 0.3041917 0.2474178 0.3041917 0.2474178 0.3041917 0.6567425 0.2152207 0.6553514 0.2152312 0.6567425 0.2152207 0.5198506 0.7384531 0.5198518 0.7594287 0.5198518 0.7594287 0.5198493 0.7174776 0.5198506 0.7384531 0.5198506 0.7384531 0.4677543 0.7174956 0.5198506 0.7384531 0.4677554 0.7384711 0.4677531 0.6965199 0.5198493 0.7174776 0.4677543 0.7174956 0.5198482 0.6965019 0.5198493 0.7174776 0.5198493 0.7174776 0.519847 0.6755262 0.5198482 0.6965019 0.5198482 0.6965019 0.467752 0.6755443 0.5198482 0.6965019 0.4677531 0.6965199 0.4677543 0.7174956 0.4677531 0.6965199 0.4677531 0.6965199 0.4677531 0.6965199 0.467752 0.6755443 0.467752 0.6755443 0.4677509 0.6545686 0.519847 0.6755262 0.467752 0.6755443 0.5426568 0.9371433 0.5885493 0.9503495 0.5426693 0.9518009 0.3426653 0.2022657 0.2886127 0.2700232 0.2884429 0.2017245 0.626722 0.7934759 0.6162589 0.6982512 0.6264087 0.69832 0.3292881 0.2704272 0.302245 0.3043098 0.3021601 0.2701604 0.5843137 0.8213987 0.5760493 0.8950468 0.5764128 0.8209568 0.3155711 0.2019916 0.3157072 0.2702971 0.3155371 0.2019987 0.3020239 0.2018545 0.3292544 0.2704346 0.3290843 0.2021358 0.2886468 0.2700162 0.3428864 0.3047206 0.3428015 0.2705715 0.5356886 0.8880096 0.5253821 0.8403623 0.5355317 0.8404317 0.5883996 0.7744573 0.611352 0.7883895 0.5884121 0.7891152 0.2817032 0.201649 0.3495749 0.2706398 0.2818732 0.2699473 0.5198618 0.9482097 0.5198629 0.969185 0.5198629 0.969185 0.3018011 0.339506 0.2559212 0.3409575 0.3018011 0.339506 0.2095183 0.3155586 0.2095183 0.3155586 0.2095183 0.3155586 0.4008213 -0.2920067 0.40777 -0.2920574 0.4091612 -0.292068 0.5198506 0.7384531 0.5198518 0.7594287 0.5198518 0.7594287 0.5198482 0.6965019 0.5198493 0.7174776 0.5198493 0.7174776 0.5884221 0.8036997 0.5884095 0.7890419 0.5884095 0.7890419 0.4719188 0.7244834 0.5972437 0.7493517 0.4715705 0.7493517 0.3489649 0.2783616 0.239722 0.2090602 0.3486458 0.2099164 0.6486911 0.2064537 0.6570566 0.1791155 0.6570566 0.2337919 0.5047119 0.8108136 0.5051711 0.7481148 0.5372824 0.7488689 0.5047119 0.8885921 0.5047119 0.8108136 0.5371334 0.8111261 0.5371334 0.8885924 0.5371334 0.9660584 0.5047119 0.9663707 0.5030052 0.8290081 0.5366306 0.8296944 0.5364621 0.9043639 0.1567597 0.5043905 0.1386873 0.3996549 0.1637085 0.4623537 0.5784708 0.9043639 0.5364621 0.9043639 0.5366306 0.8296944 0.5784708 0.9043639 0.5784705 0.8296944 0.6203106 0.8296944 0.5640155 0.6506034 0.5628447 0.8059018 0.5374363 0.8052701 0.2327354 0.1393621 0.2508082 0.2440977 0.2257869 0.1813991 0.5589995 0.8059018 0.5597988 0.6506034 0.5812289 0.6518886 0.5805159 0.8071921 0.5812289 0.6518886 0.6026588 0.6531741 0.5785309 0.8519226 0.5787501 0.7570053 0.6227802 0.7580109 0.5787501 0.7570053 0.5785309 0.8519226 0.5241304 0.8519226 0.5241304 0.8519226 0.4697301 0.8519227 0.4695108 0.7570053 0.5742143 0.7104632 0.59448 0.7094502 0.594539 0.9333455 0.4792805 0.7089009 0.5007432 0.7088488 0.500826 0.932743 0.5540086 0.9353714 0.553949 0.7114761 0.5742143 0.7104632 0.5168276 0.9372299 0.5167681 0.7133348 0.553949 0.7114761 0.4965624 0.9382429 0.4965029 0.7143477 0.5167681 0.7133348 0.4965029 0.7143477 0.4965624 0.9382429 0.4762969 0.9392559 0.5413036 0.7172058 0.5415718 0.9357472 0.5105483 0.9365012 0.5582127 0.7167949 0.5584808 0.9353363 0.5415718 0.9357472 0.5753901 0.9349253 0.5584808 0.9353363 0.5582127 0.7167949 0.5905436 0.9325254 0.5476185 0.9326294 0.5475357 0.7087353 0.5476185 0.9326294 0.5242221 0.9326863 0.5241395 0.7087919 0.5242221 0.9326863 0.500826 0.932743 0.5007432 0.7088488 0.8341594 0.2292728 0.8123 0.6531295 0.812309 0.2295609 0.8130199 0.2290462 0.8343662 0.6541524 0.8342023 0.229744 0.4408466 0.194454 0.4480687 0.2120509 0.4384027 0.2120509 0.8343662 0.6541524 0.8122724 0.2302125 0.8342023 0.229744 0.4480687 0.2120509 0.4408466 0.2296478 0.4384027 0.2120509 0.4553343 0.194454 0.4481121 0.2120509 0.4481121 0.1885171 0.4481121 0.2120509 0.4553343 0.2296478 0.4481121 0.2355846 0.4481121 0.2120509 0.4408788 0.2296478 0.4384458 0.2120509 0.4408788 0.194454 0.4481121 0.2120509 0.4384458 0.2120509 0.8130149 0.6515155 0.8342857 0.2284646 0.8130238 0.2279464 0.8342857 0.2284646 0.8124263 0.6523213 0.8124353 0.2287527 0.455302 0.194454 0.4480687 0.2120509 0.4480687 0.1885171 0.4480687 0.2120509 0.455302 0.2296478 0.4480687 0.2355846 0.8341603 0.6528305 0.8123189 0.2295497 0.8341693 0.2292619 0.8128983 0.6523128 0.8341693 0.2292619 0.8129074 0.2287437 0.8128975 0.2287549 0.8341504 0.6528413 0.8341594 0.2292728 0.8324813 0.6624779 0.8104797 0.2316914 0.83233 0.2312849 0.8115146 0.6632101 0.832373 0.2317644 0.8111904 0.2311639 0.4408122 0.1944877 0.4480872 0.2122132 0.4383504 0.2122132 0.832373 0.2317644 0.8107677 0.6644012 0.8104434 0.232355 0.4480872 0.2122132 0.4408122 0.2299386 0.4383504 0.2122132 0.4554057 0.1944877 0.4481306 0.2122132 0.4481306 0.1885076 0.4481306 0.2122132 0.4554057 0.2299386 0.4481306 0.2359188 0.4481306 0.2122132 0.4408447 0.2299386 0.4383938 0.2122132 0.4408447 0.1944877 0.4481306 0.2122132 0.4383938 0.2122132 0.8111938 0.2300443 0.8326072 0.6616544 0.8324559 0.2304615 0.8326072 0.6616544 0.8106057 0.2308681 0.8324559 0.2304615 0.4553732 0.1944877 0.4480872 0.2122132 0.4480872 0.1885076 0.4480872 0.2122132 0.4553732 0.2299386 0.4480872 0.2359188 0.8323398 0.2312738 0.8106408 0.662873 0.8104895 0.23168 0.8110778 0.2308565 0.8324911 0.6624668 0.8323398 0.2312738 0.8112191 0.6620612 0.83233 0.2312849 0.8110678 0.2308679 0.8324813 0.6624779 0.8104797 0.2316914 0.83233 0.2312849 0.8115146 0.6632101 0.832373 0.2317644 0.8111904 0.2311639 0.4408122 0.1944877 0.4480872 0.2122132 0.4383504 0.2122132 0.8326973 0.663811 0.8104434 0.232355 0.832373 0.2317644 0.4480872 0.2122132 0.4408122 0.2299386 0.4383504 0.2122132 0.4554057 0.1944877 0.4481306 0.2122132 0.4481306 0.1885076 0.4481306 0.2122132 0.4554057 0.2299386 0.4481306 0.2359188 0.4481306 0.2122132 0.4408447 0.2299386 0.4383938 0.2122132 0.4408447 0.1944877 0.4481306 0.2122132 0.4383938 0.2122132 0.8111938 0.2300443 0.8326072 0.6616544 0.8324559 0.2304615 0.8324559 0.2304615 0.8107569 0.6620609 0.8106057 0.2308681 0.4553732 0.1944877 0.4480872 0.2122132 0.4480872 0.1885076 0.4480872 0.2122132 0.4553732 0.2299386 0.4480872 0.2359188 0.8323398 0.2312738 0.8106408 0.662873 0.8104895 0.23168 0.8110778 0.2308565 0.8324911 0.6624668 0.8323398 0.2312738 0.8112191 0.6620612 0.83233 0.2312849 0.8110678 0.2308679 0.8341594 0.2292728 0.8123 0.6531295 0.812309 0.2295609 0.8130199 0.2290462 0.8343662 0.6541524 0.8342023 0.229744 0.4408466 0.194454 0.4480687 0.2120509 0.4384027 0.2120509 0.8343662 0.6541524 0.8122724 0.2302125 0.8342023 0.229744 0.4480687 0.2120509 0.4408466 0.2296478 0.4384027 0.2120509 0.4553343 0.194454 0.4481121 0.2120509 0.4481121 0.1885171 0.4481121 0.2120509 0.4553343 0.2296478 0.4481121 0.2355846 0.4481121 0.2120509 0.4408788 0.2296478 0.4384458 0.2120509 0.4408788 0.194454 0.4481121 0.2120509 0.4384458 0.2120509 0.8130149 0.6515155 0.8342857 0.2284646 0.8130238 0.2279464 0.8342857 0.2284646 0.8124263 0.6523213 0.8124353 0.2287527 0.455302 0.194454 0.4480687 0.2120509 0.4480687 0.1885171 0.4480687 0.2120509 0.455302 0.2296478 0.4480687 0.2355846 0.8341603 0.6528305 0.8123189 0.2295497 0.8341693 0.2292619 0.8128983 0.6523128 0.8341693 0.2292619 0.8129074 0.2287437 0.8128975 0.2287549 0.8341504 0.6528413 0.8341594 0.2292728 0.8341504 0.6528413 0.812309 0.2295609 0.8341594 0.2292728 0.8131836 0.6534543 0.8342023 0.229744 0.8130199 0.2290462 0.4408466 0.194454 0.4480687 0.2120509 0.4384027 0.2120509 0.8342023 0.229744 0.8124364 0.6546205 0.8122724 0.2302125 0.4480687 0.2120509 0.4408466 0.2296478 0.4384027 0.2120509 0.4553343 0.194454 0.4481121 0.2120509 0.4481121 0.1885171 0.4481121 0.2120509 0.4553343 0.2296478 0.4481121 0.2355846 0.4481121 0.2120509 0.4408788 0.2296478 0.4384458 0.2120509 0.4408788 0.194454 0.4481121 0.2120509 0.4384458 0.2120509 0.8130238 0.2279464 0.8342767 0.6520332 0.8342857 0.2284646 0.8342767 0.6520332 0.8124353 0.2287527 0.8342857 0.2284646 0.455302 0.194454 0.4480687 0.2120509 0.4480687 0.1885171 0.4480687 0.2120509 0.455302 0.2296478 0.4480687 0.2355846 0.8341693 0.2292619 0.8123099 0.6531186 0.8123189 0.2295497 0.8129074 0.2287437 0.8341603 0.6528305 0.8341693 0.2292619 0.8128885 0.6523239 0.8341594 0.2292728 0.8128975 0.2287549 0.8341504 0.6528413 0.812309 0.2295609 0.8341594 0.2292728 0.8131836 0.6534543 0.8342023 0.229744 0.8130199 0.2290462 0.4408466 0.194454 0.4480687 0.2120509 0.4384027 0.2120509 0.8342023 0.229744 0.8124364 0.6546205 0.8122724 0.2302125 0.4480687 0.2120509 0.4408466 0.2296478 0.4384027 0.2120509 0.4553343 0.194454 0.4481121 0.2120509 0.4481121 0.1885171 0.4481121 0.2120509 0.4553343 0.2296478 0.4481121 0.2355846 0.4481121 0.2120509 0.4408788 0.2296478 0.4384458 0.2120509 0.4408788 0.194454 0.4481121 0.2120509 0.4384458 0.2120509 0.8130238 0.2279464 0.8342767 0.6520332 0.8342857 0.2284646 0.8342767 0.6520332 0.8124353 0.2287527 0.8342857 0.2284646 0.455302 0.194454 0.4480687 0.2120509 0.4480687 0.1885171 0.4480687 0.2120509 0.455302 0.2296478 0.4480687 0.2355846 0.8341693 0.2292619 0.8123099 0.6531186 0.8123189 0.2295497 0.8129074 0.2287437 0.8341603 0.6528305 0.8341693 0.2292619 0.8128885 0.6523239 0.8341594 0.2292728 0.8128975 0.2287549 0.8341594 0.2292728 0.8123 0.6531295 0.812309 0.2295609 0.8130199 0.2290462 0.8343662 0.6541524 0.8342023 0.229744 0.4408466 0.194454 0.4480687 0.2120509 0.4384027 0.2120509 0.8343662 0.6541524 0.8122724 0.2302125 0.8342023 0.229744 0.4480687 0.2120509 0.4408466 0.2296478 0.4384027 0.2120509 0.4553343 0.194454 0.4481121 0.2120509 0.4481121 0.1885171 0.4481121 0.2120509 0.4553343 0.2296478 0.4481121 0.2355846 0.4481121 0.2120509 0.4408788 0.2296478 0.4384458 0.2120509 0.4408788 0.194454 0.4481121 0.2120509 0.4384458 0.2120509 0.8130149 0.6515155 0.8342857 0.2284646 0.8130238 0.2279464 0.8342857 0.2284646 0.8124263 0.6523213 0.8124353 0.2287527 0.455302 0.194454 0.4480687 0.2120509 0.4480687 0.1885171 0.4480687 0.2120509 0.455302 0.2296478 0.4480687 0.2355846 0.8341603 0.6528305 0.8123189 0.2295497 0.8341693 0.2292619 0.8128983 0.6523128 0.8341693 0.2292619 0.8129074 0.2287437 0.8128975 0.2287549 0.8341504 0.6528413 0.8341594 0.2292728 0.8536831 0.5694218 0.8401077 0.2905968 0.853289 0.2847377 0.8533054 0.2956073 0.8400351 0.2344853 0.8532465 0.2338186 0.8534172 0.3634218 0.8403393 0.3604502 0.8401636 0.29317 0.8532174 0.2939475 0.8410575 0.5945109 0.8404204 0.2626304 0.8532174 0.2939475 0.8538545 0.6258289 0.8410575 0.5945109 0.8534172 0.3634218 0.8401636 0.29317 0.8532288 0.2913033 0.4470543 0.2112944 0.4572445 0.2112944 0.4546796 0.2298446 0.810757 0.2350018 0.8384882 0.234901 0.8379736 0.2621687 0.8106074 0.2358219 0.8383385 0.2357211 0.8379799 0.2621631 0.4470999 0.2112944 0.4572898 0.2112944 0.4547135 0.2298446 0.8104993 0.2336384 0.8383319 0.2333531 0.8379769 0.2610111 0.8107042 0.261435 0.8107696 0.2349901 0.838501 0.2348898 0.837752 0.2357147 0.8107696 0.2349901 0.8107042 0.261435 0.4470999 0.2112944 0.4470999 0.2361031 0.4394749 0.2298446 0.8379769 0.2610111 0.8377395 0.2357268 0.810757 0.2350018 0.4470543 0.2112944 0.4470543 0.2361031 0.4394408 0.2298446 0.4394408 0.1927441 0.4470543 0.1864856 0.4470543 0.2112944 0.4394749 0.1927441 0.4470999 0.1864856 0.4470999 0.2112944 0.8373804 0.2345476 0.8104993 0.2336384 0.8104469 0.2601354 0.4547135 0.1927441 0.4572898 0.2112944 0.4470999 0.2112944 0.8375898 0.2365462 0.8106074 0.2358219 0.810542 0.2622665 0.4546796 0.1927441 0.4572445 0.2112944 0.4470543 0.2112944 0.8374553 0.4531021 0.8100683 0.4522371 0.8100143 0.4795624 0.8375057 0.4538848 0.81023 0.4531567 0.8101626 0.4804272 0.8101626 0.4804272 0.81023 0.4531567 0.8374553 0.4531021 0.8100677 0.4539885 0.8375057 0.4538848 0.8374383 0.4811553 0.8097979 0.5630707 0.8372361 0.5629678 0.8371686 0.5902382 0.8098927 0.5895097 0.8099603 0.5622394 0.8372128 0.5622932 0.8372361 0.5629678 0.8099603 0.5622394 0.8098927 0.5895097 0.8372128 0.5622932 0.8098528 0.5615374 0.8097989 0.5888614 0.837698 0.3439105 0.8102837 0.3429369 0.8102297 0.3702627 0.8377755 0.3448013 0.8104997 0.3440733 0.8104324 0.3713437 0.8104324 0.3713437 0.8104997 0.3440733 0.837698 0.3439105 0.8103377 0.344905 0.8377755 0.3448013 0.8377078 0.3720718 0.8378192 0.2893151 0.8103914 0.2882878 0.8103376 0.3156132 0.8379105 0.2902599 0.8106346 0.2895315 0.8105672 0.3168024 0.8105672 0.3168024 0.8106346 0.2895315 0.8378192 0.2893151 0.8104724 0.2903629 0.8379105 0.2902599 0.837843 0.3175304 0.8102025 0.3994464 0.8376407 0.399343 0.8375731 0.4266135 0.8102973 0.4258859 0.8103647 0.398615 0.8375766 0.3985059 0.8376407 0.399343 0.8103647 0.398615 0.8102973 0.4258859 0.837516 0.4258041 0.8375766 0.3985059 0.8101759 0.3975872 0.8099328 0.5085294 0.837371 0.508426 0.8373037 0.5356965 0.8100277 0.5349688 0.8100951 0.5076978 0.837334 0.5076969 0.837371 0.508426 0.8100951 0.5076978 0.8100277 0.5349688 0.837334 0.5076969 0.8099606 0.5068871 0.8099066 0.5342119 0.8370914 0.6168885 0.809745 0.6161861 0.8096912 0.6435369 0.8371011 0.6175087 0.8098253 0.6167812 0.8097581 0.6440768 0.8097581 0.6440768 0.8098253 0.6167812 0.8370914 0.6168885 0.809663 0.6176126 0.8371011 0.6175087 0.8370335 0.6448049 0.8097456 0.6440879 0.8370273 0.6448104 0.8374092 0.671234 0.8095282 0.6721534 0.8095955 0.644908 0.8370335 0.6448049 0.8096374 0.6708366 0.8096912 0.6435369 0.8371258 0.6440323 0.8096905 0.6713228 0.8097581 0.6440768 0.8370307 0.6442117 0.8370335 0.6448049 0.8097581 0.6440768 0.8096905 0.6713228 0.8366603 0.6720587 0.8371258 0.6440323 0.8097456 0.6440879 0.8370307 0.6442117 0.8096912 0.6435369 0.8096374 0.6708366 0.8370273 0.6448104 0.8095955 0.644908 0.8095282 0.6721534 0.8371624 0.5902441 0.8097304 0.5903419 0.809663 0.6176126 0.8371519 0.5895906 0.8097989 0.5888614 0.809745 0.6161861 0.8371864 0.6167092 0.8372468 0.5894117 0.8098803 0.5895213 0.8371686 0.5902382 0.8098927 0.5895097 0.8098253 0.6167812 0.8098253 0.6167812 0.8098927 0.5895097 0.8371519 0.5895906 0.8097989 0.5888614 0.8372468 0.5894117 0.8371864 0.6167092 0.8097304 0.5903419 0.8371686 0.5902382 0.8371011 0.6175087 0.8098803 0.5895213 0.8371624 0.5902441 0.8370949 0.6175146 0.8372972 0.5357024 0.8098655 0.5358002 0.8097979 0.5630707 0.8372734 0.5349951 0.8099066 0.5342119 0.8098528 0.5615374 0.8373078 0.562114 0.8373683 0.534816 0.8100153 0.53498 0.8373037 0.5356965 0.8100277 0.5349688 0.8099603 0.5622394 0.8099603 0.5622394 0.8100277 0.5349688 0.8372734 0.5349951 0.8099066 0.5342119 0.8373683 0.534816 0.8373078 0.562114 0.8098655 0.5358002 0.8373037 0.5356965 0.8372361 0.5629678 0.8100153 0.53498 0.8372972 0.5357024 0.8372297 0.5629733 0.81015 0.4804388 0.8374321 0.4811612 0.8373646 0.5084317 0.8100003 0.4812595 0.8374383 0.4811553 0.837371 0.508426 0.8100143 0.4795624 0.8374897 0.4802203 0.8374292 0.5075179 0.8100951 0.5076978 0.8101626 0.4804272 0.8373947 0.4803996 0.8374383 0.4811553 0.8101626 0.4804272 0.8100951 0.5076978 0.8374292 0.5075179 0.8374897 0.4802203 0.81015 0.4804388 0.8373947 0.4803996 0.8100143 0.4795624 0.8099606 0.5068871 0.8374321 0.4811612 0.8100003 0.4812595 0.8099328 0.5085294 0.8375669 0.4266195 0.8101352 0.4267165 0.8100677 0.4539885 0.837516 0.4258041 0.810122 0.4249125 0.8100683 0.4522371 0.8375505 0.4529228 0.8376109 0.4256245 0.8102851 0.4258963 0.8375731 0.4266135 0.8102973 0.4258859 0.81023 0.4531567 0.81023 0.4531567 0.8102973 0.4258859 0.837516 0.4258041 0.810122 0.4249125 0.8376109 0.4256245 0.8375505 0.4529228 0.8101352 0.4267165 0.8375731 0.4266135 0.8375057 0.4538848 0.8102851 0.4258963 0.8375669 0.4266195 0.8374995 0.4538908 0.8104197 0.371355 0.8377019 0.3720781 0.8376344 0.399349 0.81027 0.3721751 0.8377078 0.3720718 0.8376407 0.399343 0.8102297 0.3702627 0.8377323 0.3710287 0.8376718 0.3983269 0.8103647 0.398615 0.8104324 0.3713437 0.8376373 0.371208 0.8377078 0.3720718 0.8104324 0.3713437 0.8103647 0.398615 0.8376718 0.3983269 0.8377323 0.3710287 0.8104197 0.371355 0.8376373 0.371208 0.8102297 0.3702627 0.8101759 0.3975872 0.8377019 0.3720781 0.81027 0.3721751 0.8102025 0.3994464 0.8105546 0.3168136 0.8378368 0.317536 0.8377693 0.3448081 0.810405 0.3176338 0.837843 0.3175304 0.8377755 0.3448013 0.8103376 0.3156132 0.8378537 0.3164333 0.8377931 0.3437312 0.8104997 0.3440733 0.8105672 0.3168024 0.8377586 0.3166126 0.837843 0.3175304 0.8105672 0.3168024 0.8104997 0.3440733 0.8377931 0.3437312 0.8378537 0.3164333 0.8105546 0.3168136 0.8377586 0.3166126 0.8103376 0.3156132 0.8102837 0.3429369 0.8378368 0.317536 0.810405 0.3176338 0.8103377 0.344905 0.8379736 0.2621687 0.810542 0.2622665 0.8104724 0.2903629 0.8378819 0.2611908 0.8104469 0.2601354 0.8103914 0.2882878 0.8379144 0.289135 0.8379769 0.2610111 0.8106916 0.2614463 0.8379799 0.2621631 0.8107042 0.261435 0.8106346 0.2895315 0.8106346 0.2895315 0.8107042 0.261435 0.8378819 0.2611908 0.8104469 0.2601354 0.8379769 0.2610111 0.8379144 0.289135 0.810542 0.2622665 0.8379799 0.2621631 0.8379105 0.2902599 0.8106916 0.2614463 0.8379736 0.2621687 0.8379042 0.2902659 0.2376483 0.01559859 0.2376467 0.08393484 0.2456575 0.08442872 0.2289829 0.08341085 0.237011 0.08380419 0.2369056 0.01552718 0.2203189 0.08288586 0.2283647 0.08318042 0.2282593 0.01490271 0.2116549 0.08236235 0.2197183 0.08255571 0.2196128 0.01427835 0.2029909 0.0818389 0.2110719 0.08193224 0.2109665 0.01365458 0.1943269 0.08131366 0.2024254 0.08130788 0.20232 0.01303005 0.1856631 0.0807898 0.193779 0.08068335 0.1936736 0.0124064 0.446729 0.1868438 0.4468691 0.2354183 0.4542273 0.232568 0.4542273 0.232568 0.4575509 0.2121808 0.446729 0.1868438 0.457437 0.2118824 0.4549283 0.1916947 0.4468171 0.1869758 0.4468171 0.1869758 0.4470363 0.2351892 0.457437 0.2118824 0.4573459 0.2121714 0.4549323 0.1916632 0.446821 0.1869752 0.446821 0.1869752 0.4471222 0.2352436 0.4573459 0.2121714 0.4573813 0.2121661 0.4541602 0.2325291 0.4471212 0.2354136 0.4471212 0.2354136 0.4468244 0.1869446 0.4573813 0.2121661 0.4574422 0.2121423 0.45494 0.1916769 0.4468287 0.1869888 0.4468287 0.1869888 0.4471249 0.2349437 0.4574422 0.2121423 0.4574909 0.2119523 0.4541497 0.2324624 0.4471259 0.2352375 0.4471259 0.2352375 0.4468215 0.1869446 0.4574909 0.2119523 0.4573158 0.2119265 0.4541733 0.2325541 0.4471271 0.2352223 0.4471271 0.2352223 0.44682 0.1869406 0.4573158 0.2119265 0.2382916 0.3854586 0.2382908 0.3690283 0.30018 0.3690068 0.3595699 0.241106 0.3598529 0.4768103 0.3483588 0.4773349 0.5284616 0.9294406 0.5282801 0.9664862 0.5203791 0.9660444 0.1686176 0.3989009 0.1686272 0.4100703 0.2231131 0.4100514 0.4715705 0.7493517 0.5972437 0.7493517 0.5976215 0.7672731 0.3491245 0.3125844 0.2402008 0.3117281 0.2400412 0.2775056 0.6475433 0.767695 0.4564778 0.767695 0.4560998 0.7497736 0.6574844 0.8888399 0.6473349 0.8887703 0.6471781 0.8411923 0.1646649 0.341593 0.1646745 0.3527624 0.2108445 0.3527464 0.2108445 0.3527464 0.2152863 0.3527448 0.2152766 0.3415755 0.4564778 0.767695 0.4380963 0.767695 0.4377185 0.7497736 0.6471651 0.7497736 0.4560998 0.7497736 0.4553442 0.7217697 0.4560998 0.7497736 0.4377185 0.7497736 0.4369628 0.7217697 0.4286198 0.9899047 0.4286198 0.9899047 0.4286198 0.9899047 0.4286198 0.9899047 0.4286198 0.9899047 0.4286198 0.9899047 0.5001811 0.7490345 0.4998757 0.7273772 0.6229478 0.7273772 0.6232533 0.7490345 0.6229478 0.7273772 0.634788 0.7273772 0.5003339 0.7669181 0.5001811 0.7490345 0.6232533 0.7490345 0.6234061 0.7669181 0.6232533 0.7490345 0.6350934 0.7490345 0.6352462 0.7669181 0.6350934 0.7490345 0.6425157 0.7490345 0.6350934 0.7490345 0.634788 0.7273772 0.6422102 0.7273772 0.2152766 0.3415755 0.2152863 0.3527448 0.2180707 0.3527439 0.2723885 0.3341361 0.2724032 0.3513288 0.2589497 0.3517543 0.4380963 0.767695 0.4265736 0.767695 0.4261958 0.7497736 0.4377185 0.7497736 0.4261958 0.7497736 0.4254401 0.7217697 0.258935 0.3345621 0.2589497 0.3517543 0.2320426 0.3526055 0.4286198 0.9899047 0.4286198 0.9899047 0.4286198 0.9899047 0.6471781 0.8411923 0.6370284 0.8411234 0.6368715 0.7935448 0.6470215 0.7936146 0.6368715 0.7935448 0.6365583 0.6983888 0.3562123 0.2024027 0.3563824 0.2707015 0.2750658 0.2698861 0.3563824 0.2707015 0.3564676 0.3048509 0.2751509 0.3040356 0.5369077 0.8187475 0.5365445 0.8928374 0.5286435 0.8923957 0.5365445 0.8928374 0.5363629 0.929883 0.5284616 0.9294406 0.5494127 0.7492936 0.5494203 0.7671772 0.5081588 0.7671772 0.5493974 0.7135266 0.5494127 0.7492936 0.508006 0.7492936 0.6115017 0.964281 0.6229717 0.9639183 0.6229842 0.9785757 0.5885618 0.965007 0.6115017 0.964281 0.6115142 0.9789386 0.5426818 0.9664584 0.5885618 0.965007 0.5885743 0.9796646 0.5885493 0.9503495 0.5885493 0.9503495 0.5885618 0.965007 0.5426693 0.9518009 0.5885493 0.9503495 0.5885618 0.965007 0.2095834 0.3889201 0.2095834 0.3889201 0.2095834 0.3889201 0.4906608 0.874227 0.4906703 0.8853962 0.5511497 0.8853753 0.5885493 0.9503495 0.5885618 0.965007 0.5885618 0.965007 0.2474461 0.3374419 0.2474461 0.3374419 0.2474461 0.3374419 0.467752 0.6755443 0.467752 0.6755443 0.4677509 0.6545686 0.4677509 0.6545686 0.4677509 0.6545686 0.4677498 0.6335929 0.4726152 0.652798 0.5949767 0.652798 0.596488 0.7244834 0.3135928 0.2432047 0.313876 0.4789091 0.267899 0.481008 0.4677498 0.6335929 0.5198449 0.6335748 0.5198461 0.6545505 0.6464096 0.7217697 0.4254401 0.7217697 0.4239284 0.6297035 0.5198449 0.6335748 0.5198449 0.6335748 0.5198461 0.6545505 0.2325462 0.4381709 0.2320426 0.3526055 0.1829185 0.3639196 0.5198461 0.6545505 0.5198461 0.6545505 0.519847 0.6755262 0.5198461 0.6545505 0.5198461 0.6545505 0.519847 0.6755262 0.3016889 0.2075869 0.3016889 0.2075869 0.2558089 0.2090387 0.5864662 0.6948581 0.5864806 0.7030956 0.5326665 0.7039114 0.588397 0.7743843 0.5883846 0.7597264 0.5883846 0.7597264 0.2094061 0.1836395 0.2094061 0.1836395 0.2094061 0.1836395 0.2094061 0.1836395 0.2094061 0.1836395 0.2094061 0.1836395 0.2094061 0.1836395 0.209406 0.1836395 0.2094061 0.1836395 0.2094061 0.1836395 0.2094061 0.1836395 0.2094061 0.1836395 0.2094061 0.1836395 0.2094061 0.1836395 0.209406 0.1836395 0.5864662 0.6948581 0.5864806 0.7030956 0.5864806 0.7030956 0.2094185 0.1982974 0.2094185 0.1982974 0.2094185 0.1982974 0.2094185 0.1982974 0.2094185 0.1982974 0.2094185 0.1982974 0.2094185 0.1982974 0.2094185 0.1982974 0.2094185 0.1982972 0.2094185 0.1982974 0.2094185 0.1982974 0.2094185 0.1982974 0.2094185 0.1982974 0.2094185 0.1982972 0.2094185 0.1982974 0.5864662 0.6948581 0.5864806 0.7030956 0.5864806 0.7030956 0.5321227 0.6948851 0.5321374 0.7031226 0.5321374 0.7031226 0.4495447 0.7597745 0.4495571 0.7744324 0.4495571 0.7744324 0.4495447 0.7597745 0.4495571 0.7744324 0.4495571 0.7744324 0.5546193 0.7289485 0.5546288 0.7401179 0.487181 0.7401412 0.2094061 0.1836395 0.2094061 0.1836395 0.2094061 0.1836395 0.588397 0.7743843 0.588397 0.7743843 0.5883846 0.7597264 0.2094185 0.1982974 0.2094185 0.1982974 0.2094185 0.1982974 0.3017013 0.2222448 0.2558213 0.2236965 0.2558213 0.2236965 0.6678407 0.2338131 0.6663276 0.2338246 0.6661794 0.1885573 0.6680107 0.1851407 0.6664555 0.1851525 0.6664555 0.2321215 0.209431 0.2129549 0.209431 0.2129549 0.209431 0.2129549 0.3017138 0.2369024 0.3017138 0.2369024 0.2558339 0.2383542 0.209431 0.2129549 0.209431 0.2129549 0.209431 0.2129549 0.209431 0.2129549 0.209431 0.2129549 0.209431 0.2129549 0.209431 0.2129549 0.209431 0.2129549 0.209431 0.2129549 0.209431 0.2129549 0.209431 0.2129549 0.209431 0.2129549 0.209431 0.2129549 0.209431 0.2129549 0.209431 0.2129549 0.5884221 0.8036997 0.5884095 0.7890419 0.5884095 0.7890419 0.5864954 0.7113329 0.58651 0.7195703 0.5326958 0.720386 0.5864954 0.7113329 0.58651 0.7195703 0.58651 0.7195703 0.2094436 0.2276128 0.2094436 0.2276128 0.2094436 0.2276128 0.2094436 0.2276128 0.2094436 0.2276128 0.2094436 0.2276128 0.2094436 0.2276128 0.2094436 0.2276128 0.2094436 0.2276128 0.2094436 0.2276128 0.2094436 0.2276128 0.2094436 0.2276128 0.2094436 0.2276128 0.2094436 0.2276128 0.2094436 0.2276128 0.5864954 0.7113329 0.58651 0.7195703 0.58651 0.7195703 0.5321519 0.71136 0.5321666 0.7195973 0.5321666 0.7195973 0.4495695 0.7890899 0.449582 0.8037478 0.449582 0.8037478 0.4495695 0.7890899 0.449582 0.8037478 0.449582 0.8037478 0.2094436 0.2276128 0.2094436 0.2276128 0.2094436 0.2276128 0.5546383 0.751287 0.5546478 0.7624565 0.4872002 0.7624799 0.6649005 0.1851644 0.6633453 0.1851763 0.6633453 0.2321452 0.3017264 0.2515603 0.2558463 0.2530116 0.2558463 0.2530116 0.6648144 0.2338361 0.6633011 0.2338477 0.6631529 0.1885804 0.209456 0.2422702 0.209456 0.2422702 0.209456 0.2422702 0.209456 0.2422702 0.209456 0.2422702 0.209456 0.2422702 0.209456 0.2422702 0.209456 0.2422702 0.209456 0.2422702 0.209456 0.2422702 0.209456 0.2422702 0.209456 0.2422702 0.209456 0.2422702 0.209456 0.2422702 0.209456 0.2422702 0.3017387 0.2662177 0.3017387 0.2662177 0.2558587 0.2676694 0.209456 0.2422702 0.209456 0.2422702 0.209456 0.2422702 0.4495946 0.8184052 0.449607 0.8330629 0.449607 0.8330629 0.5546573 0.7736256 0.5546668 0.7847948 0.487219 0.7848181 0.4495946 0.8184052 0.449607 0.8330629 0.449607 0.8330629 0.2094684 0.256928 0.2094684 0.256928 0.2094684 0.256928 0.2094684 0.256928 0.2094684 0.256928 0.2094684 0.256928 0.2094684 0.256928 0.2094684 0.256928 0.2094684 0.256928 0.2094684 0.256928 0.2094684 0.256928 0.2094684 0.256928 0.2094684 0.256928 0.2094684 0.256928 0.2094684 0.256928 0.5321813 0.7278345 0.5321959 0.736072 0.5321959 0.736072 0.5865247 0.7278076 0.5865392 0.736045 0.5865392 0.736045 0.5865247 0.7278076 0.5865392 0.736045 0.5865392 0.736045 0.5884469 0.8330149 0.5884345 0.8183572 0.5884345 0.8183572 0.3017512 0.2808754 0.2558712 0.282327 0.2558712 0.282327 0.5865247 0.7278076 0.5865392 0.736045 0.5327249 0.7368607 0.6617879 0.2338592 0.6602746 0.2338708 0.6601264 0.1886034 0.6617904 0.1851881 0.6602352 0.1851999 0.6602352 0.2321689 0.2094684 0.256928 0.2094684 0.256928 0.2094684 0.256928 0.3291183 0.2021287 0.3292881 0.2704272 0.3021601 0.2701604 0.6064229 0.7933377 0.5962731 0.7932685 0.5959596 0.6981124 0.5884469 0.8330149 0.5884469 0.8330149 0.5884345 0.8183572 0.4063858 -0.2920491 0.4077769 -0.2920597 0.4022055 -0.292015 0.209481 0.2715854 0.209481 0.2715854 0.209481 0.2715854 0.588472 0.8623299 0.588472 0.8623299 0.5884595 0.8476723 0.5861235 0.7931996 0.5759736 0.79313 0.5756605 0.6979745 0.3089335 0.2702288 0.3225146 0.2703589 0.3223447 0.2020602 0.5546765 0.795964 0.5546859 0.8071331 0.4872381 0.8071565 0.2094935 0.286243 0.2094935 0.286243 0.2094935 0.286243 0.4496195 0.8477204 0.4496319 0.862378 0.4496319 0.862378 0.2094935 0.286243 0.2094935 0.286243 0.2094935 0.286243 0.2094935 0.286243 0.2094935 0.286243 0.2094935 0.286243 0.2094935 0.286243 0.2094935 0.286243 0.2094935 0.286243 0.2094935 0.286243 0.2094935 0.286243 0.2094935 0.286243 0.2094935 0.286243 0.2094935 0.286243 0.2094935 0.286243 0.4496195 0.8477204 0.4496319 0.862378 0.4496319 0.862378 0.5322106 0.7443092 0.5322251 0.7525465 0.5322251 0.7525465 0.5865539 0.7442822 0.5865685 0.7525196 0.5865685 0.7525196 0.5865539 0.7442822 0.5865685 0.7525196 0.5865685 0.7525196 0.588472 0.8623299 0.5884595 0.8476723 0.5884595 0.8476723 0.5865539 0.7442822 0.5865685 0.7525196 0.5327542 0.7533354 0.3017762 0.3101904 0.2558962 0.3116423 0.2558962 0.3116423 0.3017638 0.2955328 0.3017638 0.2955328 0.2558838 0.2969847 0.209481 0.2715854 0.209481 0.2715854 0.209481 0.2715854 0.209481 0.2715854 0.209481 0.2715854 0.209481 0.2715854 0.209481 0.2715854 0.2094809 0.2715854 0.209481 0.2715854 0.209481 0.2715854 0.209481 0.2715854 0.209481 0.2715854 0.209481 0.2715854 0.209481 0.2715854 0.2094809 0.2715854 0.5198528 0.7804043 0.5198528 0.7804043 0.5198539 0.8013802 0.5198518 0.7594287 0.5198518 0.7594287 0.5198528 0.7804043 0.5198528 0.7804043 0.5198528 0.7804043 0.5198539 0.8013802 0.5198539 0.8013802 0.5198539 0.8013802 0.5198552 0.8223556 0.6587614 0.2338823 0.6572482 0.2338938 0.6571 0.1886265 0.5198552 0.8223556 0.5198552 0.8223556 0.5198562 0.8433313 0.5198552 0.8223556 0.5198552 0.8223556 0.5198562 0.8433313 0.3017888 0.3248484 0.3017888 0.3248484 0.2559087 0.3262999 0.5865832 0.760757 0.5865979 0.7689943 0.5327836 0.7698101 0.5884968 0.8916455 0.5884844 0.8769879 0.5884844 0.8769879 0.2095059 0.300901 0.2095059 0.300901 0.2095059 0.300901 0.2095059 0.300901 0.2095059 0.300901 0.2095059 0.300901 0.2095059 0.300901 0.2095059 0.300901 0.2095059 0.300901 0.2095059 0.300901 0.2095059 0.300901 0.2095059 0.300901 0.2095059 0.300901 0.2095059 0.300901 0.2095059 0.300901 0.5865832 0.760757 0.5865979 0.7689943 0.5865979 0.7689943 0.2095183 0.3155586 0.2095183 0.3155586 0.2095183 0.3155586 0.2095183 0.3155586 0.2095183 0.3155586 0.2095183 0.3155586 0.2095183 0.3155586 0.2095183 0.3155586 0.2095183 0.3155586 0.2095183 0.3155586 0.2095183 0.3155586 0.2095183 0.3155586 0.2095183 0.3155586 0.2095183 0.3155586 0.2095183 0.3155586 0.5865832 0.760757 0.5865979 0.7689943 0.5865979 0.7689943 0.5322399 0.7607841 0.5322545 0.7690214 0.5322545 0.7690214 0.4496445 0.877036 0.449657 0.8916935 0.449657 0.8916935 0.4496445 0.877036 0.449657 0.8916935 0.449657 0.8916935 0.5546954 0.8183027 0.5547049 0.8294718 0.4872571 0.8294953 0.1974737 0.2448639 0.1974737 0.2448639 0.1974737 0.2448639 0.5884968 0.8916455 0.5884968 0.8916455 0.5884844 0.8769879 0.5658242 0.793061 0.5556744 0.7929919 0.5553609 0.6978357 0.6586802 0.1852118 0.6571251 0.1852237 0.6571251 0.2321926 0.4036035 -0.2920279 0.4049947 -0.2920385 0.4049878 -0.2920362 0.3224808 0.2703658 0.3089676 0.2702218 0.3087975 0.201923 0.6595247 0.2151995 0.6581335 0.2152101 0.6581335 0.2152101 0.5884496 0.833088 0.5884621 0.8477458 0.5884621 0.8477458 0.5884496 0.833088 0.6113895 0.8323622 0.6114018 0.8470199 0.2474064 0.2908917 0.2474064 0.2908917 0.2474064 0.2908917 0.4905848 0.7848728 0.4905943 0.7960422 0.5510738 0.7960212 0.5884496 0.833088 0.5884496 0.833088 0.5884621 0.8477458 0.2474009 0.2842416 0.2474009 0.2842416 0.2474009 0.2842416 0.5425694 0.8345398 0.5884496 0.833088 0.5884621 0.8477458 0.5425571 0.8198823 0.5884371 0.8184306 0.5884496 0.833088 0.662307 0.2151783 0.6609158 0.2151889 0.6609158 0.2151889 0.5884245 0.8037728 0.5884245 0.8037728 0.5884371 0.8184306 0.5425446 0.8052247 0.5884245 0.8037728 0.5884371 0.8184306 0.2473953 0.2775915 0.2473953 0.2775915 0.2473953 0.2775915 0.4905657 0.7625343 0.4905753 0.7737037 0.5510546 0.7736827 0.5884245 0.8037728 0.5884371 0.8184306 0.5884371 0.8184306 0.6263679 0.8470287 0.6263679 0.8470287 0.6263679 0.8470287 0.5884245 0.8037728 0.6113645 0.803047 0.611377 0.8177046 0.2884768 0.2017175 0.2886468 0.2700162 0.3428015 0.2705715 0.6650892 0.215157 0.663698 0.2151677 0.663698 0.2151677 0.398039 -0.2919855 0.3994302 -0.2919961 0.4105523 -0.2920786 0.5455249 0.7929231 0.5353752 0.7928541 0.5350617 0.6976976 0.5885218 0.9209607 0.5885218 0.9209607 0.5885093 0.9063028 0.65246 0.1852592 0.6509048 0.1852711 0.6509048 0.23224 0.2095434 0.3448738 0.2095434 0.3448738 0.2095434 0.3448738 0.5547145 0.8406409 0.5547239 0.8518103 0.4872762 0.8518337 0.4496694 0.9063509 0.4496819 0.9210087 0.4496819 0.9210087 0.2095434 0.3448738 0.2095434 0.3448738 0.2095434 0.3448738 0.2095434 0.3448738 0.2095434 0.3448738 0.2095434 0.3448738 0.2095434 0.3448738 0.2095434 0.3448738 0.2095434 0.3448738 0.2095434 0.3448738 0.2095434 0.3448738 0.2095434 0.3448738 0.2095434 0.3448738 0.2095434 0.3448738 0.2095434 0.3448738 0.4496694 0.9063509 0.4496819 0.9210087 0.4496819 0.9210087 0.5322691 0.7772586 0.5322837 0.785496 0.5322837 0.785496 0.5866125 0.7772316 0.5866271 0.7854689 0.5866271 0.7854689 0.5866125 0.7772316 0.5866271 0.7854689 0.5866271 0.7854689 0.5885218 0.9209607 0.5885093 0.9063028 0.5885093 0.9063028 0.3018261 0.3688212 0.2559462 0.3702729 0.2559462 0.3702729 0.5866125 0.7772316 0.5866271 0.7854689 0.5328127 0.7862848 0.3018136 0.3541634 0.3018136 0.3541634 0.2559338 0.3556153 0.3018136 0.3541634 0.3018136 0.3541634 0.3018136 0.3541634 0.3018136 0.3541634 0.3018136 0.3541634 0.3018136 0.3541634 0.3018136 0.3541634 0.3018136 0.3541634 0.3018136 0.3541634 0.3018136 0.3541634 0.3018136 0.3541634 0.3018136 0.3541634 0.3018136 0.3541634 0.3018136 0.3541634 0.3018136 0.3541634 0.6557349 0.2339054 0.6542217 0.2339169 0.6540735 0.1886496 0.65557 0.1852356 0.654015 0.1852474 0.654015 0.2322163 0.2095308 0.3302159 0.2095308 0.3302159 0.2095308 0.3302159 0.5198562 0.8433313 0.5198562 0.8433313 0.5198574 0.8643069 0.5198574 0.8643069 0.5198574 0.8643069 0.5198584 0.8852825 0.5198574 0.8643069 0.5198574 0.8643069 0.5198584 0.8852825 0.5198584 0.8852825 0.5198584 0.8852825 0.5198596 0.9062583 0.6527085 0.2339285 0.6511953 0.23394 0.6510472 0.1886727 0.5198596 0.9062583 0.5198596 0.9062583 0.5198607 0.9272338 0.5198596 0.9062583 0.5198596 0.9062583 0.5198607 0.9272338 0.3018386 0.3834789 0.3018386 0.3834789 0.2559586 0.3849303 0.5866418 0.7937064 0.5866565 0.8019436 0.532842 0.8027593 0.5885467 0.9502758 0.5885343 0.9356184 0.5885343 0.9356184 0.2095558 0.3595315 0.2095558 0.3595315 0.2095558 0.3595315 0.2095558 0.3595315 0.2095558 0.3595315 0.2095558 0.3595315 0.2095558 0.3595315 0.2095558 0.3595317 0.2095558 0.3595315 0.2095558 0.3595315 0.2095558 0.3595315 0.2095558 0.3595315 0.2095558 0.3595315 0.2095558 0.3595315 0.2095558 0.3595317 0.5866418 0.7937064 0.5866565 0.8019436 0.5866565 0.8019436 0.2095682 0.374189 0.2095682 0.374189 0.2095682 0.374189 0.2095682 0.374189 0.2095682 0.374189 0.2095682 0.374189 0.2095682 0.374189 0.2095682 0.374189 0.2095682 0.374189 0.2095682 0.374189 0.2095682 0.374189 0.2095682 0.374189 0.2095682 0.374189 0.2095682 0.374189 0.2095682 0.374189 0.5866418 0.7937064 0.5866565 0.8019436 0.5866565 0.8019436 0.5322984 0.7937333 0.5323131 0.8019707 0.5323131 0.8019707 0.4496943 0.9356665 0.449707 0.9503239 0.449707 0.9503239 0.4496943 0.9356665 0.449707 0.9503239 0.449707 0.9503239 0.5547335 0.8629795 0.5547429 0.8741489 0.4872952 0.8741722 0.1658698 0.2430965 0.1658698 0.2430965 0.1658698 0.2430965 0.5885467 0.9502758 0.5885467 0.9502758 0.5885343 0.9356184 0.5885467 0.9502758 0.5885467 0.9502758 0.5885467 0.9502758 0.2749296 0.2015804 0.2750996 0.2698792 0.3563486 0.2707085 0.5252255 0.7927841 0.5150757 0.792716 0.5147625 0.6975593 0.3952568 -0.2919643 0.3966479 -0.2919749 0.4133346 -0.2920998 0.6493498 0.185283 0.6477947 0.1852948 0.6477947 0.2322637 0.301851 0.3981364 0.2559711 0.3995879 0.2559711 0.3995879 0.6496821 0.2339515 0.6481689 0.233963 0.6480206 0.1886957 0.3018636 0.412794 0.3018636 0.412794 0.2559837 0.4142457 0.2095808 0.3888466 0.2095808 0.3888466 0.2095808 0.3888466 0.3018636 0.412794 0.3018636 0.412794 0.3018636 0.412794 0.3018636 0.412794 0.3018636 0.412794 0.3018636 0.412794 0.3018636 0.412794 0.3018636 0.412794 0.3018636 0.412794 0.3018636 0.412794 0.3018636 0.412794 0.3018636 0.412794 0.3018636 0.412794 0.3018636 0.412794 0.3018636 0.412794 0.5885717 0.9795912 0.5885593 0.9649335 0.5885593 0.9649335 0.586671 0.810181 0.5866855 0.8184183 0.5328714 0.8192341 0.586671 0.810181 0.5866855 0.8184183 0.5866855 0.8184183 0.5881875 0.7442066 0.5881875 0.7442066 0.5881875 0.7442066 0.5881875 0.7442066 0.5881875 0.7442066 0.5881875 0.7442066 0.5881875 0.7442066 0.5881875 0.7442066 0.5881875 0.7442066 0.5881875 0.7442066 0.5881875 0.7442066 0.5881875 0.7442066 0.5881875 0.7442066 0.5881875 0.7442066 0.5881875 0.7442066 0.586671 0.810181 0.5866855 0.8184183 0.5866855 0.8184183 0.5323277 0.810208 0.5323423 0.8184453 0.5323423 0.8184453 0.4497194 0.9649815 0.4497318 0.9796392 0.4497318 0.9796392 0.4497194 0.9649815 0.4497318 0.9796392 0.4497318 0.9796392 0.5547525 0.885318 0.554762 0.8964873 0.4873142 0.8965106 0.5881875 0.7442066 0.5881875 0.7442066 0.5881875 0.7442066 0.5881875 0.7442066 0.5423076 0.7456583 0.5423076 0.7456583 0.5882002 0.9826546 0.5423202 0.984106 0.5423017 0.6379721 0.3047119 0.2109687 0.3396729 0.2098625 0.339825 0.3885706 0.3396729 0.2098625 0.3571534 0.2093096 0.3573054 0.3880172 0.5885717 0.9795912 0.5885717 0.9795912 0.5885593 0.9649335 0.504926 0.7926468 0.4947763 0.7925764 0.494463 0.697421 0.3571534 0.2093096 0.3658936 0.2090328 0.3660457 0.3877408 0.5050829 0.8402248 0.4949332 0.8401552 0.4947763 0.7925764 0.3658936 0.2090328 0.3712937 0.208862 0.3714458 0.38757 0.5050829 0.8402248 0.5052396 0.8878026 0.5052396 0.8878026 0.5052396 0.8878026 0.4980452 0.8824281 0.4950301 0.8695514 0.4950301 0.8695514 0.4949332 0.8401552 0.5052396 0.8878026 0.298507 0.3874907 0.2951667 0.3875963 0.2950146 0.2088884 0.6390758 0.9356266 0.646977 0.936069 0.6388941 0.9726715 0.646977 0.936069 0.6468646 0.9589564 0.6388941 0.9726715 0.6445013 0.9688376 0.6388941 0.9726715 0.6388941 0.9726715 0.2382783 0.139003 0.2382774 0.1225726 0.3001666 0.1225512 0.2019796 0.1439698 0.2019796 0.1439698 0.2831982 0.1439416 0.2382793 0.1554335 0.2382783 0.139003 0.3001675 0.1389816 0.6390758 0.9356266 0.6388941 0.9726715 0.6309933 0.9722298 0.5153894 0.8878713 0.5052396 0.8878026 0.5050829 0.8402248 0.2382801 0.1718637 0.2382793 0.1554335 0.3001686 0.1554121 0.5255388 0.8879404 0.5153894 0.8878713 0.5152326 0.8402938 0.2750996 0.2698792 0.2751848 0.3040285 0.3564336 0.304858 0.5253821 0.8403623 0.5152326 0.8402938 0.5150757 0.792716 0.6313565 0.8981395 0.6311749 0.9351849 0.6232739 0.9347428 0.6311749 0.9351849 0.6309933 0.9722298 0.6230922 0.9717881 0.6232739 0.9347428 0.6230922 0.9717881 0.6151912 0.971346 0.34966 0.3047893 0.2819584 0.3040969 0.2818732 0.2699473 0.238281 0.1882941 0.2382801 0.1718637 0.3001693 0.1718423 0.2382819 0.2047244 0.238281 0.1882941 0.3001703 0.1882727 0.6153727 0.9343007 0.6151912 0.971346 0.6072901 0.9709046 0.2382828 0.2211547 0.2382819 0.2047244 0.300171 0.204703 0.6074717 0.933859 0.6072901 0.9709046 0.5993892 0.9704626 0.5458382 0.8880785 0.5356886 0.8880096 0.5355317 0.8404317 0.5559878 0.8881476 0.5458382 0.8880785 0.5456815 0.8405011 0.5456815 0.8405011 0.5355317 0.8404317 0.5353752 0.7928541 0.2954206 0.270085 0.3360279 0.2705031 0.3361129 0.3046522 0.3360279 0.2705031 0.2954206 0.270085 0.2952505 0.2017861 0.6155546 0.897256 0.6153727 0.9343007 0.6074717 0.933859 0.302194 0.2701532 0.3022791 0.3043027 0.3293393 0.3045839 0.5659809 0.8406392 0.5558312 0.8405707 0.5556744 0.7929919 0.5661376 0.8882171 0.5559878 0.8881476 0.5558312 0.8405707 0.5997525 0.8963724 0.5995707 0.933418 0.5916697 0.9329758 0.5995707 0.933418 0.5993892 0.9704626 0.5914879 0.9700205 0.5916697 0.9329758 0.5914879 0.9700205 0.5835872 0.9695787 0.3225657 0.3045154 0.3090526 0.3043712 0.3089676 0.2702218 0.2382846 0.2540156 0.2382836 0.2375853 0.3001729 0.2375639 0.2382836 0.2375853 0.2382828 0.2211547 0.300172 0.2211334 0.5762873 0.8882863 0.5661376 0.8882171 0.5659809 0.8406392 0.2382854 0.2704461 0.2382846 0.2540156 0.3001737 0.2539942 0.5864369 0.8883555 0.5762873 0.8882863 0.5761306 0.8407078 0.315741 0.2702904 0.3158261 0.3044394 0.3157923 0.3044467 0.5862802 0.8407776 0.5761306 0.8407078 0.5759736 0.79313 0.5965864 0.8884243 0.5864369 0.8883555 0.5862802 0.8407776 0.3225146 0.2703589 0.3089335 0.2702288 0.3090187 0.3043782 0.5758678 0.9320918 0.5756862 0.9691371 0.5677851 0.9686954 0.583769 0.9325338 0.5835872 0.9695787 0.5756862 0.9691371 0.5839504 0.8954885 0.583769 0.9325338 0.5758678 0.9320918 0.2382863 0.2868763 0.2382854 0.2704461 0.3001747 0.2704247 0.2382872 0.3033069 0.2382863 0.2868763 0.3001755 0.2868548 0.5679668 0.9316501 0.5677851 0.9686954 0.5598843 0.9682536 0.2382881 0.3197371 0.2382872 0.3033069 0.3001765 0.3032855 0.5600657 0.9312086 0.5598843 0.9682536 0.5519832 0.9678117 0.5681484 0.8946053 0.5679668 0.9316501 0.5600657 0.9312086 0.2954714 0.3042412 0.3361468 0.3046452 0.3360618 0.270496 0.6065796 0.8409155 0.5964297 0.840847 0.5962731 0.7932685 0.6067362 0.888494 0.5965864 0.8884243 0.5964297 0.840847 0.6168859 0.8885624 0.6067362 0.888494 0.6065796 0.8409155 0.3358918 0.2021973 0.2952166 0.2017931 0.2953865 0.2700921 0.3428354 0.2705644 0.3429204 0.3047139 0.288698 0.3041726 0.6268787 0.8410544 0.6167291 0.8409851 0.6165726 0.7934067 0.6270354 0.8886322 0.6168859 0.8885624 0.6167291 0.8409851 0.637185 0.8887013 0.6270354 0.8886322 0.6268787 0.8410544 0.3496089 0.2706329 0.2818395 0.2699548 0.2819244 0.304104 0.5442638 0.9303245 0.544082 0.9673695 0.5361812 0.9669284 0.5521648 0.9307665 0.5519832 0.9678117 0.544082 0.9673695 0.5523461 0.8937212 0.5521648 0.9307665 0.5442638 0.9303245 0.2382898 0.3525977 0.2382889 0.3361676 0.3001781 0.3361461 0.2382889 0.3361676 0.2382881 0.3197371 0.3001773 0.3197156 0.2382908 0.3690283 0.2382898 0.3525977 0.3001791 0.3525763 0.5363629 0.929883 0.5361812 0.9669284 0.5282801 0.9664862 0.6473349 0.8887703 0.637185 0.8887013 0.6370284 0.8411234 0.5527098 0.819631 0.5523461 0.8937212 0.5444455 0.8932797 0.3494388 0.2023345 0.2816694 0.2016559 0.2818395 0.2699548 0.651178 0.2152631 0.6497868 0.2152737 0.6497868 0.2152737 0.4119503 -0.2920916 0.4133416 -0.2921022 0.396641 -0.2919726 0.5885244 0.9210339 0.5885368 0.9356917 0.5885368 0.9356917 0.2474404 0.3307917 0.2474404 0.3307917 0.2474404 0.3307917 0.4906419 0.8518884 0.4906513 0.8630576 0.5511307 0.8630368 0.5885244 0.9210339 0.5885244 0.9210339 0.5885368 0.9356917 0.2474349 0.3241415 0.2474349 0.3241415 0.2474349 0.3241415 0.5426443 0.9224857 0.5885244 0.9210339 0.5885368 0.9356917 0.5426319 0.9078279 0.588512 0.9063763 0.5885244 0.9210339 0.6539601 0.2152419 0.6525689 0.2152525 0.6525689 0.2152525 0.5884994 0.8917187 0.5884994 0.8917187 0.588512 0.9063763 0.5426195 0.8931704 0.5884994 0.8917187 0.588512 0.9063763 0.2474291 0.3174918 0.2474291 0.3174918 0.2474291 0.3174918 0.4906228 0.8295499 0.4906322 0.8407191 0.5511118 0.8406982 0.5884994 0.8917187 0.588512 0.9063763 0.588512 0.9063763 0.2474235 0.3108417 0.2474235 0.3108417 0.2474235 0.3108417 0.409168 -0.2920703 0.4105592 -0.2920809 0.3994231 -0.2919938 0.5685117 0.8205147 0.5681484 0.8946053 0.5602473 0.8941631 0.4677554 0.7384711 0.4677554 0.7384711 0.4677543 0.7174956 0.4677565 0.7594467 0.4677565 0.7594467 0.4677554 0.7384711 0.542607 0.8785129 0.588487 0.877061 0.5884994 0.8917187 0.4677577 0.7804223 0.4677577 0.7804223 0.4677565 0.7594467 0.4677554 0.7384711 0.5198506 0.7384531 0.5198518 0.7594287 0.4677565 0.7594467 0.5198518 0.7594287 0.5198528 0.7804043 0.4677577 0.7804223 0.5198528 0.7804043 0.5198539 0.8013802 0.4677588 0.8013982 0.4677588 0.8013982 0.4677577 0.7804223 0.4677588 0.8013982 0.5198539 0.8013802 0.5198552 0.8223556 0.4677599 0.8223736 0.4677599 0.8223736 0.4677588 0.8013982 0.4677599 0.8223736 0.5198552 0.8223556 0.5198562 0.8433313 0.467761 0.8433493 0.467761 0.8433493 0.4677599 0.8223736 0.542582 0.8491973 0.5884621 0.8477458 0.5884745 0.8624035 0.467761 0.8433493 0.5198562 0.8433313 0.5198574 0.8643069 0.4677622 0.864325 0.4677622 0.864325 0.467761 0.8433493 0.4677633 0.8853006 0.4677633 0.8853006 0.4677622 0.864325 0.4677622 0.864325 0.5198574 0.8643069 0.5198584 0.8852825 0.4677633 0.8853006 0.5198584 0.8852825 0.5198596 0.9062583 0.4677644 0.9062764 0.4677644 0.9062764 0.4677633 0.8853006 0.4677656 0.9272518 0.4677656 0.9272518 0.4677644 0.9062764 0.4677644 0.9062764 0.5198596 0.9062583 0.5198607 0.9272338 0.5425196 0.7759093 0.5883996 0.7744573 0.5884121 0.7891152 0.5425321 0.7905669 0.5884121 0.7891152 0.5884245 0.8037728 0.5883996 0.7744573 0.5883996 0.7744573 0.5884121 0.7891152 0.2473839 0.2642917 0.2473839 0.2642917 0.2473839 0.2642917 0.4905467 0.7401956 0.4905562 0.7513651 0.5510355 0.7513442 0.5883996 0.7744573 0.5884121 0.7891152 0.5884121 0.7891152 0.6263567 0.8337287 0.6263567 0.8337287 0.6263567 0.8337287 0.6678714 0.2151358 0.6664804 0.2151465 0.6664804 0.2151465 0.5425071 0.7612519 0.5883871 0.7598 0.5883996 0.7744573 0.2094138 0.2807022 0.2094086 0.183713 0.2323486 0.182987 0.5424946 0.7465943 0.5883746 0.7451423 0.5883871 0.7598 0.5883746 0.7451423 0.6113146 0.7444164 0.6113271 0.7590739 0.4677678 0.9692031 0.4677678 0.9692031 0.4677667 0.9482278 0.4677667 0.9482278 0.4677667 0.9482278 0.4677656 0.9272518 0.4677667 0.9482278 0.5198618 0.9482097 0.5198629 0.969185 0.4677656 0.9272518 0.5198607 0.9272338 0.5198618 0.9482097 0.5198607 0.9272338 0.5198607 0.9272338 0.5198618 0.9482097 0.5198618 0.9482097 0.5198618 0.9482097 0.5198629 0.969185 0.5752499 0.6526932 0.5749683 0.7242275 0.501863 0.7242275 0.6113146 0.7444164 0.6227847 0.7440533 0.6227971 0.7587112 0.2323539 0.2806586 0.2323486 0.182987 0.2438186 0.1826243 0.3632071 0.3049265 0.2684111 0.3039599 0.2683261 0.2698107 0.3631222 0.2707771 0.2683261 0.2698107 0.2681562 0.2015119 0.166301 0.3316224 0.1663105 0.3427916 0.226245 0.3427709 0.5748277 0.7490202 0.5747574 0.7669038 0.5023211 0.7669038 0.5749683 0.7242275 0.5748277 0.7490202 0.5021683 0.7490202 0.5425944 0.8638551 0.5884745 0.8624035 0.588487 0.877061 0.5884745 0.8624035 0.5884745 0.8624035 0.588487 0.877061 0.2474122 0.2975418 0.2474122 0.2975418 0.2474122 0.2975418 0.4906038 0.8072115 0.4906133 0.8183805 0.5510927 0.8183597 0.5884745 0.8624035 0.588487 0.877061 0.588487 0.877061 0.2474178 0.3041917 0.2474178 0.3041917 0.2474178 0.3041917 0.6567425 0.2152207 0.6553514 0.2152312 0.6553514 0.2152312 0.5198506 0.7384531 0.5198506 0.7384531 0.5198518 0.7594287 0.5198493 0.7174776 0.5198493 0.7174776 0.5198506 0.7384531 0.4677543 0.7174956 0.5198493 0.7174776 0.5198506 0.7384531 0.4677531 0.6965199 0.5198482 0.6965019 0.5198493 0.7174776 0.5198482 0.6965019 0.5198482 0.6965019 0.5198493 0.7174776 0.519847 0.6755262 0.519847 0.6755262 0.5198482 0.6965019 0.467752 0.6755443 0.519847 0.6755262 0.5198482 0.6965019 0.4677543 0.7174956 0.4677543 0.7174956 0.4677531 0.6965199 0.4677531 0.6965199 0.4677531 0.6965199 0.467752 0.6755443 0.4677509 0.6545686 0.5198461 0.6545505 0.519847 0.6755262 0.5426568 0.9371433 0.5885368 0.9356917 0.5885493 0.9503495 0.3426653 0.2022657 0.3428354 0.2705644 0.2886127 0.2700232 0.626722 0.7934759 0.6165726 0.7934067 0.6162589 0.6982512 0.3292881 0.2704272 0.3293732 0.3045768 0.302245 0.3043098 0.5843137 0.8213987 0.5839504 0.8954885 0.5760493 0.8950468 0.3155711 0.2019916 0.315741 0.2702904 0.3157072 0.2702971 0.3020239 0.2018545 0.302194 0.2701532 0.3292544 0.2704346 0.2886468 0.2700162 0.2887319 0.3041655 0.3428864 0.3047206 0.5356886 0.8880096 0.5255388 0.8879404 0.5253821 0.8403623 0.5883996 0.7744573 0.6113395 0.7737318 0.611352 0.7883895 0.2817032 0.201649 0.3494049 0.2023412 0.3495749 0.2706398 0.5198618 0.9482097 0.5198618 0.9482097 0.5198629 0.969185 0.3018011 0.339506 0.2559212 0.3409575 0.2559212 0.3409575 0.2095183 0.3155586 0.2095183 0.3155586 0.2095183 0.3155586 0.4008213 -0.2920067 0.4022124 -0.2920173 0.40777 -0.2920574 0.5198506 0.7384531 0.5198506 0.7384531 0.5198518 0.7594287 0.5198482 0.6965019 0.5198482 0.6965019 0.5198493 0.7174776 0.5884221 0.8036997 0.5884221 0.8036997 0.5884095 0.7890419 0.4719188 0.7244834 0.596488 0.7244834 0.5972437 0.7493517 0.3489649 0.2783616 0.2400412 0.2775056 0.239722 0.2090602 0.6486911 0.1912966 0.6524187 0.1791155 0.6486911 0.2064537 0.6486911 0.2064537 0.6524187 0.2337919 0.6486911 0.2216108 0.6570566 0.2337919 0.6524187 0.2337919 0.6486911 0.2064537 0.6570566 0.2337919 0.6654222 0.2064537 0.6616947 0.2337919 0.6616947 0.2337919 0.6654222 0.2064537 0.6654222 0.2216106 0.6654222 0.2064537 0.6616947 0.1791155 0.6654222 0.1912966 0.6570566 0.2337919 0.6570566 0.1791155 0.6654222 0.2064537 0.6616947 0.1791155 0.6654222 0.2064537 0.6570566 0.1791155 0.6570566 0.1791155 0.6486911 0.2064537 0.6524187 0.1791155 0.5047119 0.8108136 0.5372824 0.7488689 0.5371334 0.8111261 0.5047119 0.8885921 0.5371334 0.8111261 0.5371334 0.8885924 0.5371334 0.8885924 0.5047119 0.9663707 0.5047119 0.8885921 0.5030052 0.8290081 0.5364621 0.9043639 0.5025979 0.903338 0.1219115 0.4170672 0.1386873 0.3996549 0.1567597 0.5043905 0.1567597 0.5043905 0.1637085 0.4623537 0.1947477 0.5043905 0.1947477 0.5043905 0.2257869 0.4623537 0.2327354 0.5043905 0.1947477 0.5043905 0.1947477 0.4623537 0.2257869 0.4623537 0.1219115 0.2266854 0.1386873 0.3218764 0.1219115 0.3218764 0.1219115 0.3218764 0.1386873 0.3996549 0.1219115 0.4170672 0.1386873 0.3996549 0.1219115 0.3218764 0.1386873 0.3218764 0.1947477 0.5043905 0.1637085 0.4623537 0.1947477 0.4623537 0.5784708 0.9043639 0.5366306 0.8296944 0.5784705 0.8296944 0.5784708 0.9043639 0.6203106 0.8296944 0.6204795 0.9043639 0.5640155 0.6506034 0.5374363 0.8052701 0.5387784 0.6510996 0.1947477 0.1393621 0.1637085 0.1813991 0.1567597 0.1393621 0.1567597 0.1393621 0.1386873 0.2440977 0.1219115 0.2266854 0.1637085 0.1813991 0.1386873 0.2440977 0.1567597 0.1393621 0.1219115 0.2266854 0.1386873 0.2440977 0.1386873 0.3218764 0.2675839 0.2266854 0.2508082 0.2440977 0.2327354 0.1393621 0.2327354 0.1393621 0.2257869 0.1813991 0.1947477 0.1393621 0.2675839 0.4170672 0.2508081 0.3996548 0.2675839 0.3218764 0.2675839 0.3218764 0.2508082 0.2440977 0.2675839 0.2266854 0.2508081 0.3996548 0.2508082 0.3218764 0.2675839 0.3218764 0.2257869 0.4623537 0.2508081 0.3996548 0.2327354 0.5043905 0.2327354 0.5043905 0.2508081 0.3996548 0.2675839 0.4170672 0.1947477 0.1393621 0.1947477 0.1813991 0.1637085 0.1813991 0.2508082 0.3218764 0.2508082 0.2440977 0.2675839 0.3218764 0.1947477 0.1393621 0.2257869 0.1813991 0.1947477 0.1813991 0.5589995 0.8059018 0.5812289 0.6518886 0.5805159 0.8071921 0.5805159 0.8071921 0.6026588 0.6531741 0.6020324 0.8084825 0.5785309 0.8519226 0.6227802 0.7580109 0.6222509 0.8524865 0.5787501 0.7570053 0.5241304 0.8519226 0.5241304 0.7570053 0.5241304 0.8519226 0.4695108 0.7570053 0.5241304 0.7570053 0.5742143 0.7104632 0.594539 0.9333455 0.5742737 0.9343586 0.4792805 0.7089009 0.500826 0.932743 0.479363 0.9327953 0.5540086 0.9353714 0.5742143 0.7104632 0.5742737 0.9343586 0.5168276 0.9372299 0.553949 0.7114761 0.5540086 0.9353714 0.4965624 0.9382429 0.5167681 0.7133348 0.5168276 0.9372299 0.4965029 0.7143477 0.4762969 0.9392559 0.4762375 0.7153607 0.5413036 0.7172058 0.5105483 0.9365012 0.5102803 0.7179597 0.5582127 0.7167949 0.5415718 0.9357472 0.5413036 0.7172058 0.5753901 0.9349253 0.5582127 0.7167949 0.5751219 0.7163838 0.5905436 0.9325254 0.5475357 0.7087353 0.5904611 0.708631 0.5476185 0.9326294 0.5241395 0.7087919 0.5475357 0.7087353 0.5242221 0.9326863 0.5007432 0.7088488 0.5241395 0.7087919 0.8341594 0.2292728 0.8341504 0.6528413 0.8123 0.6531295 0.8130199 0.2290462 0.8131836 0.6534543 0.8343662 0.6541524 0.4408466 0.194454 0.4480687 0.1885171 0.4480687 0.2120509 0.8343662 0.6541524 0.8124364 0.6546205 0.8122724 0.2302125 0.4480687 0.2120509 0.4480687 0.2355846 0.4408466 0.2296478 0.4553343 0.194454 0.4577782 0.2120509 0.4481121 0.2120509 0.4481121 0.2120509 0.4577782 0.2120509 0.4553343 0.2296478 0.4481121 0.2120509 0.4481121 0.2355846 0.4408788 0.2296478 0.4408788 0.194454 0.4481121 0.1885171 0.4481121 0.2120509 0.8130149 0.6515155 0.8342767 0.6520332 0.8342857 0.2284646 0.8342857 0.2284646 0.8342767 0.6520332 0.8124263 0.6523213 0.455302 0.194454 0.4577351 0.2120509 0.4480687 0.2120509 0.4480687 0.2120509 0.4577351 0.2120509 0.455302 0.2296478 0.8341603 0.6528305 0.8123099 0.6531186 0.8123189 0.2295497 0.8128983 0.6523128 0.8341603 0.6528305 0.8341693 0.2292619 0.8128975 0.2287549 0.8128885 0.6523239 0.8341504 0.6528413 0.8324813 0.6624779 0.8106309 0.6628841 0.8104797 0.2316914 0.8115146 0.6632101 0.8326973 0.663811 0.832373 0.2317644 0.4408122 0.1944877 0.4480872 0.1885076 0.4480872 0.2122132 0.832373 0.2317644 0.8326973 0.663811 0.8107677 0.6644012 0.4480872 0.2122132 0.4480872 0.2359188 0.4408122 0.2299386 0.4554057 0.1944877 0.4578676 0.2122132 0.4481306 0.2122132 0.4481306 0.2122132 0.4578676 0.2122132 0.4554057 0.2299386 0.4481306 0.2122132 0.4481306 0.2359188 0.4408447 0.2299386 0.4408447 0.1944877 0.4481306 0.1885076 0.4481306 0.2122132 0.8111938 0.2300443 0.8113451 0.6612374 0.8326072 0.6616544 0.8326072 0.6616544 0.8107569 0.6620609 0.8106057 0.2308681 0.4553732 0.1944877 0.457824 0.2122132 0.4480872 0.2122132 0.4480872 0.2122132 0.457824 0.2122132 0.4553732 0.2299386 0.8323398 0.2312738 0.8324911 0.6624668 0.8106408 0.662873 0.8110778 0.2308565 0.811229 0.6620497 0.8324911 0.6624668 0.8112191 0.6620612 0.8324813 0.6624779 0.83233 0.2312849 0.8324813 0.6624779 0.8106309 0.6628841 0.8104797 0.2316914 0.8115146 0.6632101 0.8326973 0.663811 0.832373 0.2317644 0.4408122 0.1944877 0.4480872 0.1885076 0.4480872 0.2122132 0.8326973 0.663811 0.8107677 0.6644012 0.8104434 0.232355 0.4480872 0.2122132 0.4480872 0.2359188 0.4408122 0.2299386 0.4554057 0.1944877 0.4578676 0.2122132 0.4481306 0.2122132 0.4481306 0.2122132 0.4578676 0.2122132 0.4554057 0.2299386 0.4481306 0.2122132 0.4481306 0.2359188 0.4408447 0.2299386 0.4408447 0.1944877 0.4481306 0.1885076 0.4481306 0.2122132 0.8111938 0.2300443 0.8113451 0.6612374 0.8326072 0.6616544 0.8324559 0.2304615 0.8326072 0.6616544 0.8107569 0.6620609 0.4553732 0.1944877 0.457824 0.2122132 0.4480872 0.2122132 0.4480872 0.2122132 0.457824 0.2122132 0.4553732 0.2299386 0.8323398 0.2312738 0.8324911 0.6624668 0.8106408 0.662873 0.8110778 0.2308565 0.811229 0.6620497 0.8324911 0.6624668 0.8112191 0.6620612 0.8324813 0.6624779 0.83233 0.2312849 0.8341594 0.2292728 0.8341504 0.6528413 0.8123 0.6531295 0.8130199 0.2290462 0.8131836 0.6534543 0.8343662 0.6541524 0.4408466 0.194454 0.4480687 0.1885171 0.4480687 0.2120509 0.8343662 0.6541524 0.8124364 0.6546205 0.8122724 0.2302125 0.4480687 0.2120509 0.4480687 0.2355846 0.4408466 0.2296478 0.4553343 0.194454 0.4577782 0.2120509 0.4481121 0.2120509 0.4481121 0.2120509 0.4577782 0.2120509 0.4553343 0.2296478 0.4481121 0.2120509 0.4481121 0.2355846 0.4408788 0.2296478 0.4408788 0.194454 0.4481121 0.1885171 0.4481121 0.2120509 0.8130149 0.6515155 0.8342767 0.6520332 0.8342857 0.2284646 0.8342857 0.2284646 0.8342767 0.6520332 0.8124263 0.6523213 0.455302 0.194454 0.4577351 0.2120509 0.4480687 0.2120509 0.4480687 0.2120509 0.4577351 0.2120509 0.455302 0.2296478 0.8341603 0.6528305 0.8123099 0.6531186 0.8123189 0.2295497 0.8128983 0.6523128 0.8341603 0.6528305 0.8341693 0.2292619 0.8128975 0.2287549 0.8128885 0.6523239 0.8341504 0.6528413 0.8341504 0.6528413 0.8123 0.6531295 0.812309 0.2295609 0.8131836 0.6534543 0.8343662 0.6541524 0.8342023 0.229744 0.4408466 0.194454 0.4480687 0.1885171 0.4480687 0.2120509 0.8342023 0.229744 0.8343662 0.6541524 0.8124364 0.6546205 0.4480687 0.2120509 0.4480687 0.2355846 0.4408466 0.2296478 0.4553343 0.194454 0.4577782 0.2120509 0.4481121 0.2120509 0.4481121 0.2120509 0.4577782 0.2120509 0.4553343 0.2296478 0.4481121 0.2120509 0.4481121 0.2355846 0.4408788 0.2296478 0.4408788 0.194454 0.4481121 0.1885171 0.4481121 0.2120509 0.8130238 0.2279464 0.8130149 0.6515155 0.8342767 0.6520332 0.8342767 0.6520332 0.8124263 0.6523213 0.8124353 0.2287527 0.455302 0.194454 0.4577351 0.2120509 0.4480687 0.2120509 0.4480687 0.2120509 0.4577351 0.2120509 0.455302 0.2296478 0.8341693 0.2292619 0.8341603 0.6528305 0.8123099 0.6531186 0.8129074 0.2287437 0.8128983 0.6523128 0.8341603 0.6528305 0.8128885 0.6523239 0.8341504 0.6528413 0.8341594 0.2292728 0.8341504 0.6528413 0.8123 0.6531295 0.812309 0.2295609 0.8131836 0.6534543 0.8343662 0.6541524 0.8342023 0.229744 0.4408466 0.194454 0.4480687 0.1885171 0.4480687 0.2120509 0.8342023 0.229744 0.8343662 0.6541524 0.8124364 0.6546205 0.4480687 0.2120509 0.4480687 0.2355846 0.4408466 0.2296478 0.4553343 0.194454 0.4577782 0.2120509 0.4481121 0.2120509 0.4481121 0.2120509 0.4577782 0.2120509 0.4553343 0.2296478 0.4481121 0.2120509 0.4481121 0.2355846 0.4408788 0.2296478 0.4408788 0.194454 0.4481121 0.1885171 0.4481121 0.2120509 0.8130238 0.2279464 0.8130149 0.6515155 0.8342767 0.6520332 0.8342767 0.6520332 0.8124263 0.6523213 0.8124353 0.2287527 0.455302 0.194454 0.4577351 0.2120509 0.4480687 0.2120509 0.4480687 0.2120509 0.4577351 0.2120509 0.455302 0.2296478 0.8341693 0.2292619 0.8341603 0.6528305 0.8123099 0.6531186 0.8129074 0.2287437 0.8128983 0.6523128 0.8341603 0.6528305 0.8128885 0.6523239 0.8341504 0.6528413 0.8341594 0.2292728 0.8341594 0.2292728 0.8341504 0.6528413 0.8123 0.6531295 0.8130199 0.2290462 0.8131836 0.6534543 0.8343662 0.6541524 0.4408466 0.194454 0.4480687 0.1885171 0.4480687 0.2120509 0.8343662 0.6541524 0.8124364 0.6546205 0.8122724 0.2302125 0.4480687 0.2120509 0.4480687 0.2355846 0.4408466 0.2296478 0.4553343 0.194454 0.4577782 0.2120509 0.4481121 0.2120509 0.4481121 0.2120509 0.4577782 0.2120509 0.4553343 0.2296478 0.4481121 0.2120509 0.4481121 0.2355846 0.4408788 0.2296478 0.4408788 0.194454 0.4481121 0.1885171 0.4481121 0.2120509 0.8130149 0.6515155 0.8342767 0.6520332 0.8342857 0.2284646 0.8342857 0.2284646 0.8342767 0.6520332 0.8124263 0.6523213 0.455302 0.194454 0.4577351 0.2120509 0.4480687 0.2120509 0.4480687 0.2120509 0.4577351 0.2120509 0.455302 0.2296478 0.8341603 0.6528305 0.8123099 0.6531186 0.8123189 0.2295497 0.8128983 0.6523128 0.8341603 0.6528305 0.8341693 0.2292619 0.8128975 0.2287549 0.8128885 0.6523239 0.8341504 0.6528413 0.8536831 0.5694218 0.8405291 0.5784983 0.8401077 0.2905968 0.8533054 0.2956073 0.8401174 0.2969719 0.8400351 0.2344853</float_array>
          <technique_common>
            <accessor source="#Esfera_110-mesh-map-0-array" count="8838" stride="2">
              <param name="S" type="float"/>
              <param name="T" type="float"/>
            </accessor>
          </technique_common>
        </source>
        <source id="Esfera_110-mesh-map-1">
          <float_array id="Esfera_110-mesh-map-1-array" count="17676">0 0 0 0 0 0 0 0 0 0 0 0 0 0 0 0 0 0 0 0 0 0 0 0 0 0 0 0 0 0 0 0 0 0 0 0 0 0 0 0 0 0 0 0 0 0 0 0 0 0 0 0 0 0 0 0 0 0 0 0 0 0 0 0 0 0 0 0 0 0 0 0 0 0 0 0 0 0 0 0 0 0 0 0 0 0 0 0 0 0 0 0 0 0 0 0 0 0 0 0 0 0 0 0 0 0 0 0 0 0 0 0 0 0 0 0 0 0 0 0 0 0 0 0 0 0 0 0 0 0 0 0 0 0 0 0 0 0 0 0 0 0 0 0 0 0 0 0 0 0 0 0 0 0 0 0 0 0 0 0 0 0 0 0 0 0 0 0 0 0 0 0 0 0 0 0 0 0 0 0 0 0 0 0 0 0 0 0 0 0 0 0 0 0 0 0 0 0 0 0 0 0 0 0 0 0 0 0 0 0 0 0 0 0 0 0 0 0 0 0 0 0 0 0 0 0 0 0 0 0 0 0 0 0 0 0 0 0 0 0 0 0 0 0 0 0 0 0 0 0 0 0 0 0 0 0 0 0 0 0 0 0 0 0 0 0 0 0 0 0 0 0 0 0 0 0 0 0 0 0 0 0 0 0 0 0 0 0 0 0 0 0 0 0 0 0 0 0 0 0 0 0 0 0 0 0 0 0 0 0 0 0 0 0 0 0 0 0 0 0 0 0 0 0 0 0 0 0 0 0 0 0 0 0 0 0 0 0 0 0 0 0 0 0 0 0 0 0 0 0 0 0 0 0 0 0 0 0 0 0 0 0 0 0 0 0 0 0 0 0 0 0 0 0 0 0 0 0 0 0 0 0 0 0 0 0 0 0 0 0 0 0 0 0 0 0 0 0 0 0 0 0 0 0 0 0 0 0 0 0 0 0 0 0 0 0 0 0 0 0 0 0 0 0 0 0 0 0 0 0 0 0 0 0 0 0 0 0 0 0 0 0 0 0 0 0 0 0 0 0 0 0 0 0 0 0 0 0 0 0 0 0 0 0 0 0 0 0 0 0 0 0 0 0 0 0 0 0 0 0 0 0 0 0 0 0 0 0 0 0 0 0 0 0 0 0 0 0 0 0 0 0 0 0 0 0 0 0 0 0 0 0 0 0 0 0 0 0 0 0 0 0 0 0 0 0 0 0 0 0 0 0 0 0 0 0 0 0 0 0 0 0 0 0 0 0 0 0 0 0 0 0 0 0 0 0 0 0 0 0 0 0 0 0 0 0 0 0 0 0 0 0 0 0 0 0 0 0 0 0 0 0 0 0 0 0 0 0 0 0 0 0 0 0 0 0 0 0 0 0 0 0 0 0 0 0 0 0 0 0 0 0 0 0 0 0 0 0 0 0 0 0 0 0 0 0 0 0 0 0 0 0 0 0 0 0 0 0 0 0 0 0 0 0 0 0 0 0 0 0 0 0 0 0 0 0 0 0 0 0 0 0 0 0 0 0 0 0 0 0 0 0 0 0 0 0 0 0 0 0 0 0 0 0 0 0 0 0 0 0 0 0 0 0 0 0 0 0 0 0 0 0 0 0 0 0 0 0 0 0 0 0 0 0 0 0 0 0 0 0 0 0 0 0 0 0 0 0 0 0 0 0 0 0 0 0 0 0 0 0 0 0 0 0 0 0 0 0 0 0 0 0 0 0 0 0 0 0 0 0 0 0 0 0 0 0 0 0 0 0 0 0 0 0 0 0 0 0 0 0 0 0 0 0 0 0 0 0 0 0 0 0 0 0 0 0 0 0 0 0 0 0 0 0 0 0 0 0 0 0 0 0 0 0 0 0 0 0 0 0 0 0 0 0 0 0 0 0 0 0 0 0 0 0 0 0 0 0 0 0 0 0 0 0 0 0 0 0 0 0 0 0 0 0 0 0 0 0 0 0 0 0 0 0 0 0 0 0 0 0 0 0 0 0 0 0 0 0 0 0 0 0 0 0 0 0 0 0 0 0 0 0 0 0 0 0 0 0 0 0 0 0 0 0 0 0 0 0 0 0 0 0 0 0 0 0 0 0 0 0 0 0 0 0 0 0 0 0 0 0 0 0 0 0 0 0 0 0 0 0 0 0 0 0 0 0 0 0 0 0 0 0 0 0 0 0 0 0 0 0 0 0 0 0 0 0 0 0 0 0 0 0 0 0 0 0 0 0 0 0 0 0 0 0 0 0 0 0 0 0 0 0 0 0 0 0 0 0 0 0 0 0 0 0 0 0 0 0 0 0 0 0 0 0 0 0 0 0 0 0 0 0 0 0 0 0 0 0 0 0 0 0 0 0 0 0 0 0 0 0 0 0 0 0 0 0 0 0 0 0 0 0 0 0 0 0 0 0 0 0 0 0 0 0 0 0 0 0 0 0 0 0 0 0 0 0 0 0 0 0 0 0 0 0 0 0 0 0 0 0 0 0 0 0 0 0 0 0 0 0 0 0 0 0 0 0 0 0 0 0 0 0 0 0 0 0 0 0 0 0 0 0 0 0 0 0 0 0 0 0 0 0 0 0 0 0 0 0 0 0 0 0 0 0 0 0 0 0 0 0 0 0 0 0 0 0 0 0 0 0 0 0 0 0 0 0 0 0 0 0 0 0 0 0 0 0 0 0 0 0 0 0 0 0 0 0 0 0 0 0 0 0 0 0 0 0 0 0 0 0 0 0 0 0 0 0 0 0 0 0 0 0 0 0 0 0 0 0 0 0 0 0 0 0 0 0 0 0 0 0 0 0 0 0 0 0 0 0 0 0 0 0 0 0 0 0 0 0 0 0 0 0 0 0 0 0 0 0 0 0 0 0 0 0 0 0 0 0 0 0 0 0 0 0 0 0 0 0 0 0 0 0 0 0 0 0 0 0 0 0 0 0 0 0 0 0 0 0 0 0 0 0 0 0 0 0 0 0 0.7241349 0.8725612 0.7688807 0.9620109 0.7688763 0.8724995 0.7510948 0.8323584 0.7241293 0.9840831 0.7241333 0.8323038 0.7241349 0.8725612 0.7241353 0.9619485 0.7688807 0.9620109 0.7688894 0.8324852 0.7241278 0.9840627 0.7241275 0.8325463 0.7241327 0.9618502 0.768875 0.8724603 0.7688763 0.9618879 0.7241327 0.9618502 0.724132 0.872443 0.768875 0.8724603 0.768884 0.8325701 0.7688776 0.9840711 0.751078 0.9840659 0.724128 0.8323584 0.7688888 0.9840915 0.7241286 0.9840826 0.768884 0.8325701 0.751078 0.9840659 0.7510743 0.8323836 0.724128 0.8323584 0.7688944 0.8326525 0.7688888 0.9840915 0.7241349 0.8725612 0.7688807 0.9620109 0.7688763 0.8724995 0.7510685 0.9840826 0.7241333 0.8323038 0.7510948 0.8323584 0.7241349 0.8725612 0.7241353 0.9619485 0.7688807 0.9620109 0.7688894 0.8324852 0.7241278 0.9840627 0.7241275 0.8325463 0.7241327 0.9618502 0.768875 0.8724603 0.7688763 0.9618879 0.7241327 0.9618502 0.724132 0.872443 0.768875 0.8724603 0.768884 0.8325701 0.7688776 0.9840711 0.751078 0.9840659 0.724128 0.8323584 0.7688888 0.9840915 0.7241286 0.9840826 0.768884 0.8325701 0.751078 0.9840659 0.7510743 0.8323836 0.724128 0.8323584 0.7688944 0.8326525 0.7688888 0.9840915 0 0 0 0 0 0 0 0 0 0 0 0 0 0 0 0 0 0 0 0 0 0 0 0 0 0 0 0 0 0 0 0 0 0 0 0 0 0 0 0 0 0 0 0 0 0 0 0 0 0 0 0 0 0 0 0 0 0 0 0 0 0 0 0 0 0 0 0 0 0 0 0 0 0 0 0 0 0 0 0 0 0 0 0 0 0 0 0 0 0 0 0 0 0 0 0 0 0 0 0 0 0 0 0 0 0 0 0 0 0 0 0 0 0 0 0 0 0 0 0 0 0 0 0 0 0 0 0 0 0 0 0 0 0 0 0 0 0 0 0 0 0 0 0 0 0 0 0 0 0 0 0 0 0 0 0 0 0 0 0 0 0 0 0 0 0 0 0 0 0 0 0 0 0 0 0 0 0 0 0 0 0 0 0 0 0 0 0 0 0 0 0 0 0 0 0 0 0 0 0 0 0 0 0 0 0 0 0 0 0 0 0 0 0 0 0 0 0 0 0 0 0 0 0 0 0 0 0 0 0 0 0 0 0 0 0 0 0 0 0 0 0 0 0 0 0 0 0 0 0 0 0 0 0 0 0 0 0 0 0 0 0 0 0 0 0 0 0 0 0 0 0 0 0 0 0 0 0 0 0 0 0 0 0 0 0 0 0 0 0 0 0 0 0 0 0 0 0 0 0 0 0 0 0 0 0 0 0 0 0 0 0 0 0 0 0 0 0 0 0 0 0 0 0 0 0 0 0 0 0 0 0 0 0 0 0 0 0 0 0 0 0 0 0 0 0 0 0 0 0 0 0 0 0 0 0 0 0 0 0 0 0 0 0 0 0 0 0 0 0 0 0 0 0 0 0 0 0 0 0 0 0 0 0 0 0 0 0 0 0 0 0 0 0 0 0 0 0 0 0 0 0 0 0 0 0 0 0 0 0 0 0 0 0 0 0 0 0 0 0 0 0 0 0 0 0 0 0 0 0 0 0 0 0 0 0 0 0 0 0 0 0 0 0 0 0 0 0 0 0 0 0 0 0 0 0 0 0 0 0 0 0 0 0 0 0 0 0 0 0 0 0 0 0 0 0 0 0 0 0 0 0 0 0 0 0 0 0 0 0 0 0 0 0 0 0 0 0 0 0 0 0 0 0 0 0 0 0 0 0 0 0 0 0 0 0 0 0 0 0 0 0 0 0 0 0 0 0 0 0 0 0 0 0 0 0 0 0 0 0 0 0 0 0 0 0 0 0 0 0 0 0 0 0 0 0 0 0 0 0 0 0 0 0 0 0 0 0 0 0 0 0 0 0 0 0 0 0 0 0 0 0 0 0 0 0 0 0 0 0 0 0 0 0 0 0 0 0 0 0 0 0 0 0 0 0 0 0 0 0 0 0 0 0 0 0 0 0 0 0 0 0 0 0 0 0 0 0 0 0 0 0 0 0 0 0 0 0 0 0 0 0 0 0 0 0 0 0 0 0 0 0 0 0 0 0 0 0 0 0 0 0 0 0 0 0 0 0 0 0 0 0 0 0 0 0 0 0 0 0 0 0 0 0 0 0 0 0 0 0 0 0 0 0 0 0 0 0 0 0 0 0 0 0 0 0 0 0 0 0 0 0 0 0 0 0 0 0 0 0 0 0 0 0 0 0 0 0 0 0 0 0 0 0 0 0 0 0 0 0 0 0 0 0 0 0 0 0 0 0 0 0 0 0 0 0 0 0 0 0 0 0 0 0 0 0 0 0 0 0 0 0 0 0 0 0 0 0 0 0 0 0 0 0 0 0 0 0 0 0 0 0 0 0 0 0 0 0 0 0 0 0 0 0 0 0 0 0 0 0 0 0 0 0 0 0 0 0 0 0 0 0 0 0 0 0 0 0 0 0 0 0 0 0 0 0 0 0 0 0 0 0 0 0 0 0 0 0 0 0 0 0 0 0 0 0 0 0 0 0 0 0 0 0 0 0 0 0 0 0 0 0 0 0 0 0 0 0 0 0 0 0 0 0 0 0 0 0 0 0 0 0 0 0 0 0 0 0 0 0 0 0 0 0 0 0 0 0 0 0 0 0 0 0 0 0 0 0 0 0 0 0 0 0 0 0 0 0 0 0 0 0 0 0 0 0 0 0 0 0 0 0 0 0 0 0 0 0 0 0 0 0 0 0 0 0 0 0 0 0 0 0 0 0 0 0 0 0 0 0 0 0 0 0 0 0 0 0 0 0 0 0 0 0 0 0 0 0 0 0 0 0 0 0 0 0 0 0 0 0 0 0 0 0 0 0 0 0 0 0 0 0 0 0 0 0 0 0 0 0 0 0 0 0 0 0 0 0 0 0 0 0 0 0 0 0 0 0 0 0 0 0 0 0 0 0 0 0 0 0 0 0 0 0 0 0 0 0 0 0 0 0 0 0 0 0 0 0 0 0 0 0 0 0 0 0 0 0 0 0 0 0 0 0 0 0 0 0 0 0 0 0 0 0 0 0 0 0 0 0 0 0 0 0 0 0 0 0 0 0 0 0 0 0 0 0 0 0 0 0 0 0 0 0 0 0 0 0 0 0 0 0 0 0 0 0 0 0 0 0 0 0 0 0 0 0 0 0 0 0 0 0 0 0 0 0 0 0 0 0 0 0 0 0 0 0 0 0 0 0 0 0 0 0 0 0 0 0 0 0 0 0 0 0 0 0 0 0 0 0 0 0 0 0 0 0 0 0 0 0 0 0 0 0 0 0 0 0 0 0 0 0 0 0 0 0 0 0 0 0 0 0 0 0 0 0 0 0 0 0 0 0 0 0 0 0 0 0 0 0 0 0 0 0 0 0 0 0 0 0 0 0 0 0 0 0 0 0 0 0 0 0 0 0 0 0 0 0 0 0 0 0 0 0 0 0 0 0 0 0 0 0 0 0 0 0 0 0 0 0 0 0 0 0 0 0 0 0 0 0 0 0 0 0 0 0 0 0 0 0 0 0 0 0 0 0 0 0 0 0 0 0 0 0 0 0 0 0 0 0 0 0 0 0 0 0 0 0 0 0 0 0 0 0 0 0 0 0 0 0 0 0 0 0 0 0 0 0 0 0 0 0 0 0 0 0 0 0 0 0 0 0 0 0 0 0 0 0 0 0 0 0 0 0 0 0 0 0 0 0 0 0 0 0 0 0 0 0 0 0 0 0 0 0 0 0 0 0 0 0 0 0 0 0 0 0 0 0 0 0 0 0 0 0 0 0 0 0 0 0 0 0 0 0 0 0 0 0 0 0 0 0 0 0 0 0 0 0 0 0 0 0 0 0 0 0 0 0 0 0 0 0 0 0 0 0 0 0 0 0 0 0 0 0 0 0 0 0 0 0 0 0 0 0 0 0 0 0 0 0 0 0 0 0 0 0 0 0 0 0 0 0 0 0 0 0 0 0 0 0 0 0 0 0 0 0 0 0 0 0 0 0 0 0 0 0 0 0 0 0 0 0 0 0 0 0 0 0 0 0 0 0 0 0 0 0 0 0 0 0 0 0 0 0 0 0 0 0 0 0 0 0 0 0 0 0 0 0 0 0 0 0 0 0 0 0 0 0 0 0 0 0 0 0 0 0 0 0 0 0 0 0 0 0 0 0 0 0 0 0 0 0 0 0 0 0 0 0 0 0 0 0 0 0 0 0 0 0 0 0 0 0 0 0 0 0 0 0 0 0 0 0 0 0 0 0 0 0 0 0 0 0 0 0 0 0 0 0 0 0 0 0 0 0 0 0 0 0 0 0 0 0 0 0 0 0 0 0 0 0 0 0 0 0 0 0 0 0 0 0 0 0 0 0 0 0 0 0 0 0 0 0 0 0 0 0 0 0 0 0 0 0 0 0 0 0 0 0 0 0 0 0 0 0 0 0 0 0 0 0 0 0 0 0 0 0 0 0 0 0 0 0 0 0 0 0 0 0 0 0 0 0 0 0 0 0 0 0 0 0 0 0 0 0 0 0 0 0 0 0 0 0 0 0 0 0 0 0 0 0 0 0 0 0 0 0 0 0 0 0 0 0 0 0 0 0 0 0 0 0 0 0 0 0 0 0 0 0 0 0 0 0 0 0 0 0 0 0 0 0 0 0 0 0 0 0 0 0 0 0 0 0 0 0 0 0 0 0 0 0 0 0 0 0 0 0 0 0 0 0 0 0 0 0 0 0 0 0 0 0 0 0 0 0 0 0 0 0 0 0 0 0 0 0 0 0 0 0 0 0 0 0 0 0 0 0 0 0 0 0 0 0 0 0 0 0 0 0 0 0 0 0 0 0 0 0 0 0 0 0 0 0 0 0 0 0 0 0 0 0 0 0 0 0 0 0 0 0 0 0 0 0 0 0 0 0 0 0 0 0 0 0 0 0 0 0 0 0 0 0 0 0 0 0 0 0 0 0 0 0 0 0 0 0 0 0 0 0 0 0 0 0 0 0 0 0 0 0 0 0 0 0 0 0 0 0 0 0 0 0 0 0 0 0 0 0 0 0 0 0 0 0 0 0 0 0 0 0 0 0 0 0 0 0 0 0 0 0 0 0 0 0 0 0 0 0 0 0 0 0 0 0 0 0 0 0 0 0 0 0 0 0 0 0 0 0 0 0 0 0 0 0 0 0 0 0 0 0 0 0 0 0 0 0 0 0 0 0 0 0 0 0 0 0 0 0 0 0 0 0 0 0 0 0 0 0 0 0 0 0 0 0 0 0 0 0 0 0 0 0 0 0 0 0 0 0 0 0 0 0 0 0 0 0 0 0 0 0 0 0 0 0 0 0 0 0 0 0 0 0 0 0 0 0 0 0 0 0 0 0 0 0 0 0 0 0 0 0 0 0 0 0 0 0 0 0 0 0 0 0 0 0 0 0 0 0 0 0 0 0 0 0 0 0 0 0 0 0 0 0 0 0 0 0 0 0 0 0 0 0 0 0 0 0 0 0 0 0 0 0 0 0 0 0 0 0 0 0 0 0 0 0 0 0 0 0 0 0 0 0 0 0 0 0 0 0 0 0 0 0 0 0 0 0 0 0 0 0 0 0 0 0 0 0 0 0 0 0 0 0 0 0 0 0 0 0 0 0 0 0 0 0 0 0 0 0 0 0 0 0 0 0 0 0 0 0 0 0 0 0 0 0 0 0 0 0 0 0 0 0 0 0 0 0 0 0 0 0 0 0 0 0 0 0 0 0 0 0 0 0 0 0 0 0 0 0 0 0 0 0 0 0 0 0 0 0 0 0 0 0 0 0 0 0 0 0 0 0 0 0 0 0 0 0 0 0 0 0 0 0 0 0 0 0 0 0 0 0 0 0 0 0 0 0 0 0 0 0 0 0 0 0 0 0 0 0 0 0 0 0 0 0 0 0 0 0 0 0 0 0 0 0 0 0 0 0 0 0 0 0 0 0 0 0 0 0 0 0 0 0 0 0 0 0 0 0 0 0 0 0 0 0 0 0 0 0 0 0 0 0 0 0 0 0 0 0 0 0 0 0 0 0 0 0 0 0 0 0 0 0 0 0 0 0 0 0 0 0 0 0 0 0 0 0 0 0 0 0 0 0 0 0 0 0 0 0 0 0 0 0 0 0 0 0 0 0 0 0 0 0 0 0 0 0 0 0 0 0 0 0 0 0 0 0 0 0 0 0 0 0 0 0 0 0 0 0 0 0 0 0 0 0 0 0 0 0 0 0 0 0 0 0 0 0 0 0 0 0 0 0 0 0 0 0 0 0 0 0 0 0 0 0 0 0 0 0 0 0 0 0 0 0 0 0 0 0 0 0 0 0 0 0 0 0 0 0 0 0 0 0 0 0 0 0 0 0 0 0 0 0 0 0 0 0 0 0 0 0 0 0 0 0 0 0 0 0 0 0 0 0 0 0 0 0 0 0 0 0 0 0 0 0 0 0 0 0 0 0 0 0 0 0 0 0 0 0 0 0 0 0 0 0 0 0 0 0 0 0 0 0 0 0 0 0 0 0 0 0 0 0 0 0 0 0 0 0 0 0 0 0 0 0 0 0 0 0 0 0 0 0 0 0 0 0 0 0 0 0 0 0 0 0 0 0 0 0 0 0 0 0 0 0 0 0 0 0 0 0 0 0 0 0 0 0 0 0 0 0 0 0 0 0 0 0 0 0 0 0 0 0 0 0 0 0 0 0 0 0 0 0 0 0 0 0 0 0 0 0 0 0 0 0 0 0 0 0 0 0 0 0 0 0 0 0 0 0 0 0 0 0 0 0 0 0 0 0 0 0 0 0 0 0 0 0 0 0 0 0 0 0 0 0 0 0 0 0 0 0 0 0 0 0 0 0 0 0 0 0 0 0 0 0 0 0 0 0 0 0 0 0 0 0 0 0 0 0 0 0 0 0 0 0 0 0 0 0 0 0 0 0 0 0 0 0 0 0 0 0 0 0 0 0 0 0 0 0 0 0 0 0 0 0 0 0 0 0 0 0 0 0 0 0 0 0 0 0 0 0 0 0 0 0 0 0 0 0 0 0 0 0 0 0 0 0 0 0 0 0 0 0 0 0 0 0 0 0 0 0 0 0 0 0 0 0 0 0 0 0 0 0 0 0 0 0 0 0 0 0 0 0 0 0 0 0 0 0 0 0 0 0 0 0 0 0 0 0 0 0 0 0 0 0 0 0 0 0 0 0 0 0 0 0 0 0 0 0 0 0 0 0 0 0 0 0 0 0 0 0 0 0 0 0 0 0 0 0 0 0 0 0 0 0 0 0 0 0 0 0 0 0 0 0 0 0 0 0 0 0 0 0 0 0 0 0 0 0 0 0 0 0 0 0 0 0 0 0 0 0 0 0 0 0 0 0 0 0 0 0 0 0 0 0 0 0 0 0 0 0 0 0 0 0 0 0 0 0 0 0 0 0 0 0 0 0 0 0 0 0 0 0 0 0 0 0 0 0 0 0 0 0 0 0 0 0 0 0 0 0 0 0 0 0 0 0 0 0 0 0 0 0 0 0 0 0 0 0 0 0 0 0 0 0 0 0 0 0 0 0 0 0 0 0 0 0 0 0 0 0 0 0 0 0 0 0 0 0 0 0 0 0 0 0 0 0 0 0 0 0 0 0 0 0 0 0 0 0 0 0 0 0 0 0 0 0 0 0 0 0 0 0 0 0 0 0 0 0 0 0 0 0 0 0 0 0 0 0 0 0 0 0 0 0 0 0 0 0 0 0 0 0 0 0 0 0 0 0 0 0 0 0 0 0 0 0 0 0 0 0 0 0 0 0 0 0 0 0 0 0 0 0 0 0 0 0 0 0 0 0 0 0 0 0 0 0 0 0 0 0 0 0 0 0 0 0 0 0 0 0 0 0 0 0 0 0 0 0 0 0 0 0 0 0 0 0 0 0 0 0 0 0 0 0 0 0 0 0 0 0 0 0 0 0 0 0 0 0 0 0 0 0 0 0 0 0 0 0 0 0 0 0 0 0 0 0 0 0 0 0 0 0 0 0 0 0 0 0 0 0 0 0 0 0 0 0 0 0 0 0 0 0 0 0 0 0 0 0 0 0 0 0 0 0 0 0 0 0 0 0 0 0 0 0 0 0 0 0 0 0 0 0 0 0 0 0 0 0 0 0 0 0 0 0 0 0 0 0 0 0 0 0 0 0 0 0 0 0 0 0 0 0 0 0 0 0 0 0 0 0 0 0 0 0 0 0 0 0 0 0 0 0 0 0 0 0 0 0 0 0 0 0 0 0 0 0 0 0 0 0 0 0 0 0 0 0 0 0 0 0 0 0 0 0 0 0 0 0 0 0 0 0 0 0 0 0 0 0 0 0 0 0 0 0 0 0 0 0 0 0 0 0 0 0 0 0 0 0 0 0 0 0 0 0 0 0 0 0 0 0 0 0 0 0 0 0 0 0 0 0 0 0 0 0 0 0 0 0 0 0 0 0 0 0 0 0 0 0 0 0 0 0 0 0 0 0 0 0 0 0 0 0 0 0 0 0 0 0 0 0 0 0 0 0 0 0 0 0 0 0 0 0 0 0 0 0 0 0 0 0 0 0 0 0 0 0 0 0 0 0 0 0 0 0 0 0 0 0 0 0 0 0 0 0 0 0 0 0 0 0 0 0 0 0 0 0 0 0 0 0 0 0 0 0 0 0 0 0 0 0 0 0 0 0 0 0 0 0 0 0 0 0 0 0 0 0 0 0 0 0 0 0 0 0 0 0 0 0 0 0 0 0 0 0 0 0 0 0 0 0 0 0 0 0 0 0 0 0 0 0 0 0 0 0 0 0 0 0 0 0 0 0 0 0 0 0 0 0 0 0 0 0 0 0 0 0 0 0 0 0 0 0 0 0 0 0 0 0 0 0 0 0 0 0 0 0 0 0 0 0 0 0 0 0 0 0 0 0 0 0 0 0 0 0 0 0 0 0 0 0 0 0 0 0 0 0 0 0 0 0 0 0 0 0 0 0 0 0 0 0 0 0 0 0 0 0 0 0 0 0 0 0 0 0 0 0 0 0 0 0 0 0 0 0 0 0 0 0 0 0 0 0 0 0 0 0 0 0 0 0 0 0 0 0 0 0 0 0 0 0 0 0 0 0 0 0 0 0 0 0 0 0 0 0 0 0 0 0 0 0 0 0 0 0 0 0 0 0 0 0 0 0 0 0 0 0 0 0 0 0 0 0 0 0 0 0 0 0 0 0 0 0 0 0 0 0 0 0 0 0 0 0 0 0 0 0 0 0 0 0 0 0 0 0 0 0 0 0 0 0 0 0 0 0 0.7510948 0.8323584 0.7510685 0.9840826 0.7241293 0.9840831 0.7688894 0.8324852 0.7688921 0.9840634 0.7241278 0.9840627 0.7510685 0.9840826 0.7241293 0.9840831 0.7241333 0.8323038 0.7688894 0.8324852 0.7688921 0.9840634 0.7241278 0.9840627 0 0 0 0 0 0 0 0 0 0 0 0 0 0 0 0 0 0 0 0 0 0 0 0 0 0 0 0 0 0 0 0 0 0 0 0 0 0 0 0 0 0 0 0 0 0 0 0 0 0 0 0 0 0 0 0 0 0 0 0 0 0 0 0 0 0 0 0 0 0 0 0 0 0 0 0 0 0 0 0 0 0 0 0 0 0 0 0 0 0 0 0 0 0 0 0 0 0 0 0 0 0 0 0 0 0 0 0 0 0 0 0 0 0 0 0 0 0 0 0 0 0 0 0 0 0 0 0 0 0 0 0 0 0 0 0 0 0 0 0 0 0 0 0 0 0 0 0 0 0 0 0 0 0 0 0 0 0 0 0 0 0 0 0 0 0 0 0 0 0 0 0 0 0 0 0 0 0 0 0 0 0 0 0 0 0 0 0 0 0 0 0 0 0 0 0 0 0 0 0 0 0 0 0 0 0 0 0 0 0 0 0 0 0 0 0 0 0 0 0 0 0 0 0 0 0 0 0 0 0 0 0 0 0 0 0 0 0 0 0 0 0 0 0 0 0 0 0 0 0 0 0 0 0 0 0 0 0 0 0 0 0 0 0 0 0 0 0 0 0 0 0 0 0 0 0 0 0 0 0 0 0 0 0 0 0 0 0 0 0 0 0 0 0 0 0 0 0 0 0 0 0 0 0 0 0 0 0 0 0 0 0 0 0 0 0 0 0 0 0 0 0 0 0 0 0 0 0 0 0 0 0 0 0 0 0 0 0 0 0 0 0 0 0 0 0 0 0 0 0 0 0 0 0 0 0 0 0 0 0 0 0 0 0 0 0 0 0 0 0 0 0 0 0 0 0 0 0 0 0 0 0 0 0 0 0 0 0 0 0 0 0 0 0 0 0 0 0 0 0 0 0 0 0 0 0 0 0 0 0 0 0 0 0 0 0 0 0 0 0 0 0 0 0 0 0 0 0 0 0 0 0 0 0 0 0 0 0 0 0 0 0 0 0 0 0 0 0 0 0 0 0 0 0 0 0 0 0 0 0 0 0 0 0 0 0 0 0 0 0 0 0 0 0 0 0 0 0 0 0 0 0 0 0 0 0 0 0 0 0 0 0 0 0 0 0 0 0 0 0 0 0 0 0 0 0 0 0 0 0 0 0 0 0 0 0 0 0 0 0 0 0 0 0 0 0 0 0 0 0 0 0 0 0 0 0 0 0 0 0 0 0 0 0 0 0 0 0 0 0 0 0 0 0 0 0 0 0 0 0 0 0 0 0 0 0 0 0 0 0 0 0 0 0 0 0 0 0 0 0 0 0 0 0 0 0 0 0 0 0 0 0 0 0 0 0 0 0 0 0 0 0 0 0 0 0 0 0 0 0 0 0 0 0 0 0 0 0 0 0 0 0 0 0 0 0 0 0 0 0 0 0 0 0 0 0 0 0 0 0 0 0 0 0 0 0 0 0 0 0 0 0 0 0 0 0 0 0 0 0 0 0 0 0 0 0 0 0 0 0 0 0 0 0 0 0 0 0 0 0 0 0 0 0 0 0 0 0 0 0 0 0 0 0 0 0 0 0 0 0 0 0 0 0 0 0 0 0 0 0 0 0 0 0 0 0 0 0 0 0 0 0 0 0 0 0 0 0 0 0 0 0 0 0 0 0 0 0 0 0 0 0 0 0 0 0 0 0 0 0 0 0 0 0 0 0 0 0 0 0 0 0 0 0 0 0 0 0 0 0 0 0 0 0 0 0 0 0 0 0 0 0 0 0 0 0 0 0 0 0 0 0 0 0 0 0 0 0 0 0 0 0 0 0 0 0 0 0 0 0 0 0 0 0 0 0 0 0 0 0 0 0 0 0 0 0 0 0 0 0 0 0 0 0 0 0 0 0 0 0 0 0 0 0 0 0 0 0 0 0 0 0 0 0 0 0 0 0 0 0 0 0 0 0 0 0 0 0 0 0 0 0 0 0 0 0 0 0 0 0 0 0 0 0 0 0 0 0 0 0 0 0 0 0 0 0 0 0 0 0 0 0 0 0 0 0 0 0 0 0 0 0 0 0 0 0 0 0 0 0 0 0 0 0 0 0 0 0 0 0 0 0 0 0 0 0 0 0 0 0 0 0 0 0 0 0 0 0 0 0 0 0 0 0 0 0 0 0 0 0 0 0 0 0 0 0 0 0 0 0 0 0 0 0 0 0 0 0 0 0 0 0 0 0 0 0 0 0 0 0 0 0 0 0 0 0 0 0 0 0 0 0 0 0 0 0 0 0 0 0 0 0 0 0 0 0 0 0 0 0 0 0 0 0 0 0 0 0 0 0 0 0 0 0 0 0 0 0 0 0 0 0 0 0 0 0 0 0 0 0 0 0 0 0 0 0 0 0 0 0 0 0 0 0 0 0 0 0 0 0 0 0 0 0 0 0 0 0 0 0 0 0 0 0 0 0 0 0 0 0 0 0 0 0 0 0 0 0 0 0 0 0 0 0 0 0 0 0 0 0 0 0 0 0 0 0 0 0 0 0 0 0 0 0 0 0 0 0 0 0 0 0 0 0 0 0 0 0 0 0 0 0 0 0 0 0 0 0 0 0 0 0 0 0 0 0 0 0 0 0 0 0 0 0 0 0 0 0 0 0 0 0 0 0 0 0 0 0 0 0 0 0 0 0 0 0 0 0 0 0 0 0 0 0 0 0 0 0 0 0 0 0 0 0 0 0 0 0 0 0 0 0 0 0 0 0 0 0 0 0 0 0 0 0 0 0 0 0 0 0 0 0 0 0 0 0 0 0 0 0 0 0 0 0 0 0 0 0 0 0 0 0 0 0 0 0 0 0 0 0 0 0 0 0 0 0 0 0 0 0 0 0 0 0 0 0 0 0 0 0 0 0 0 0 0 0 0 0 0 0 0 0 0 0 0 0 0 0 0 0 0 0 0 0 0 0 0 0 0 0 0 0 0 0 0 0 0 0 0 0 0 0 0 0 0 0 0 0 0 0 0 0 0 0 0 0 0 0 0 0 0 0 0 0 0 0 0 0 0 0 0 0 0 0 0 0 0 0 0 0 0 0 0 0 0 0 0 0 0 0 0 0 0 0 0 0 0 0 0 0 0 0 0 0 0 0 0 0 0 0 0 0 0 0 0 0 0 0 0 0 0 0 0 0 0 0 0 0 0 0 0 0 0 0 0 0 0 0 0 0 0 0 0 0 0 0 0 0 0 0 0 0 0 0 0 0 0 0 0 0 0 0 0 0 0 0 0 0 0 0 0 0 0 0 0 0 0 0 0 0 0 0 0 0 0 0 0 0 0 0 0 0 0 0 0 0 0 0 0 0 0 0 0 0 0 0 0 0 0 0 0 0 0 0 0 0 0 0 0 0 0 0 0 0 0 0 0 0 0 0 0 0 0 0 0 0 0 0 0 0 0 0 0 0 0 0 0 0 0 0 0 0 0 0 0 0 0 0 0 0 0 0 0 0 0 0 0 0 0 0 0 0 0 0 0 0 0 0 0 0 0 0 0 0 0 0 0 0 0 0 0 0 0 0 0 0 0 0 0 0 0 0 0 0 0 0 0 0 0 0 0 0 0 0 0 0 0 0 0 0 0 0 0 0 0 0 0 0 0 0 0 0 0 0 0 0 0 0 0 0 0 0 0 0 0 0 0 0 0 0 0 0 0 0 0 0 0 0 0 0 0 0 0 0 0 0 0 0 0 0 0 0 0 0 0 0 0 0 0 0 0 0 0 0 0 0 0 0 0 0 0 0 0 0 0 0 0 0 0 0 0 0 0 0 0 0 0 0 0 0 0 0 0 0 0 0 0 0 0 0 0 0 0 0 0 0 0 0 0 0 0 0 0 0 0 0 0 0 0 0 0 0 0 0 0 0 0 0 0 0 0 0 0 0 0 0 0 0 0 0 0 0 0 0 0 0 0 0 0 0 0 0 0 0 0 0 0 0 0 0 0 0 0 0 0 0 0 0 0 0 0 0 0 0 0 0 0 0 0 0 0 0 0 0 0 0 0 0 0 0 0 0 0 0 0 0 0 0 0 0 0 0 0 0 0 0 0 0 0 0 0 0 0 0 0 0 0 0 0 0 0 0 0 0 0 0 0 0 0 0 0 0 0 0 0 0 0 0 0 0 0 0 0 0 0 0 0 0 0 0 0 0 0 0 0 0 0 0 0 0 0 0 0 0 0 0 0 0 0 0 0 0 0 0 0 0 0 0 0 0 0 0 0 0 0 0 0 0 0 0 0 0 0 0 0 0 0 0 0 0 0 0 0 0 0 0 0 0 0 0 0 0 0 0 0 0 0 0 0 0 0 0 0 0 0 0 0 0 0 0 0 0 0 0 0 0 0 0 0 0 0 0 0 0 0 0 0 0 0 0 0 0 0 0 0 0 0 0 0 0 0 0 0 0 0 0 0 0 0 0 0 0 0 0 0 0 0 0 0 0 0 0 0 0 0 0 0 0 0 0 0 0 0 0 0 0 0 0 0 0 0 0 0 0 0 0 0 0 0 0 0 0 0 0 0 0 0 0 0 0 0 0 0 0 0 0 0 0 0 0 0 0 0 0 0 0 0 0 0 0 0 0 0 0 0 0 0 0 0 0 0 0 0 0 0 0 0 0 0 0 0 0 0 0 0 0 0 0 0 0 0 0 0 0 0 0 0 0 0 0 0 0 0 0 0 0 0 0 0 0 0 0 0 0 0 0 0 0 0 0 0 0 0 0 0 0 0 0 0 0 0 0 0 0 0 0 0 0 0 0 0 0 0 0 0 0 0 0 0 0 0 0 0 0 0 0 0 0 0 0 0 0 0 0 0 0 0 0 0 0 0 0 0 0 0 0 0 0 0 0 0 0 0 0 0 0 0 0 0 0 0 0 0 0 0 0 0 0 0 0 0 0 0 0 0 0 0 0 0 0 0 0 0 0 0 0 0 0 0 0 0 0 0 0 0 0 0 0 0 0 0 0 0 0 0 0 0 0 0 0 0 0 0 0 0 0 0 0 0 0 0 0 0 0 0 0 0 0 0 0 0 0 0 0 0 0 0 0 0 0 0 0 0 0 0 0 0 0 0 0 0 0 0 0 0 0 0 0 0 0 0 0 0 0 0 0 0 0 0 0 0 0 0 0 0 0 0 0 0 0 0 0 0 0 0 0 0 0 0 0 0 0 0 0 0 0 0 0 0 0 0 0 0 0 0 0 0 0 0 0 0 0 0 0 0 0 0 0 0 0 0 0 0 0 0 0 0 0 0 0 0 0 0 0 0 0 0 0 0 0 0 0 0 0 0 0 0 0 0 0 0 0 0 0 0 0 0 0 0 0 0 0 0 0 0 0 0 0 0 0 0 0 0 0 0 0 0 0 0 0 0 0 0 0 0 0 0 0 0 0 0 0 0 0 0 0 0 0 0 0 0 0 0 0 0 0 0 0 0 0 0 0 0 0 0 0 0 0 0 0 0 0 0 0 0 0 0 0 0 0 0 0 0 0 0 0 0 0 0 0 0 0 0 0 0 0 0 0 0 0 0 0 0 0 0 0 0 0 0 0 0 0 0 0 0 0 0 0 0 0 0 0 0 0 0 0 0 0 0 0 0 0 0 0 0 0 0 0 0 0 0 0 0 0 0 0 0 0 0 0 0 0 0 0 0 0 0 0 0 0 0 0 0 0 0 0 0 0 0 0 0 0 0 0 0 0 0 0 0 0 0 0 0 0 0 0 0 0 0 0 0 0 0 0 0 0 0 0 0 0 0 0 0 0 0 0 0 0 0 0 0 0 0 0 0 0 0 0 0 0 0 0 0 0 0 0 0 0 0 0 0 0 0 0 0 0 0 0 0 0 0 0 0 0 0 0 0 0 0 0 0 0 0 0 0 0 0 0 0 0 0 0 0 0 0 0 0 0 0 0 0 0 0 0 0 0 0 0 0 0 0 0 0 0 0 0 0 0 0 0 0 0 0 0 0 0 0 0 0 0 0 0 0 0 0 0 0 0 0 0 0 0 0 0 0 0 0 0 0 0 0 0 0 0 0 0 0 0 0 0 0 0 0 0 0 0 0 0 0 0 0 0 0 0 0 0 0 0 0 0 0 0 0 0 0 0 0 0 0 0 0 0 0 0 0 0 0 0 0 0 0 0 0 0 0 0 0 0 0 0 0 0 0 0 0 0 0 0 0 0 0 0 0 0 0 0 0 0 0 0 0 0 0 0 0 0 0 0 0 0 0 0 0 0 0 0 0 0 0 0 0 0 0 0 0 0 0 0 0 0 0 0 0 0 0 0 0 0 0 0 0 0 0 0 0 0 0 0 0 0 0 0 0 0 0 0 0 0 0 0 0 0 0 0 0 0 0 0 0 0 0 0 0 0 0 0 0 0 0 0 0 0 0 0 0 0 0 0 0 0 0 0 0 0 0 0 0 0 0 0 0 0 0 0 0 0 0 0 0 0 0 0 0 0 0 0 0 0 0 0 0 0 0 0 0 0 0 0 0 0 0 0 0 0 0 0 0 0 0 0 0 0 0 0 0 0 0 0 0 0 0 0 0 0 0 0 0 0 0 0 0 0 0 0 0 0 0 0 0 0 0 0 0 0 0 0 0 0 0 0 0 0 0 0 0 0 0 0 0 0 0 0 0 0 0 0 0 0 0 0 0 0 0 0 0 0 0 0 0 0 0 0 0 0 0 0 0 0 0 0 0 0 0 0 0 0 0 0 0 0 0 0 0 0 0 0 0 0 0 0 0 0 0 0 0 0 0 0 0 0 0 0 0 0 0 0 0 0 0 0 0 0 0 0 0 0 0 0 0 0 0 0 0 0 0 0 0 0 0 0 0 0 0 0 0 0 0 0 0 0 0 0 0 0 0 0 0 0 0 0 0 0 0 0 0 0 0 0 0 0 0 0 0 0 0 0 0 0 0 0 0 0 0 0 0 0 0 0 0 0 0 0 0 0 0 0 0 0 0 0 0 0 0 0 0 0 0 0 0 0 0 0 0 0 0 0 0 0 0 0 0 0 0 0 0 0 0 0 0 0 0 0 0 0 0 0 0 0 0 0 0 0 0 0 0 0 0 0 0 0 0 0 0 0 0 0 0 0 0 0 0 0 0 0 0 0 0 0 0 0 0 0 0 0 0 0 0 0 0 0 0 0 0 0 0 0 0 0 0 0 0 0 0 0 0 0 0 0 0 0 0 0 0 0 0 0 0 0 0 0 0 0 0 0 0 0 0 0 0 0 0 0 0 0 0 0 0 0 0 0 0 0 0 0 0 0 0 0 0 0 0 0 0 0 0 0 0 0 0 0 0 0 0 0 0 0 0 0 0 0 0 0 0 0 0 0 0 0 0 0 0 0 0 0 0 0 0 0 0 0 0 0 0 0 0 0 0 0 0 0 0 0 0 0 0 0 0 0 0 0 0 0 0 0 0 0 0 0 0 0 0 0 0 0 0 0 0 0 0 0 0 0 0 0 0 0 0 0 0 0 0 0 0 0 0 0 0 0 0 0 0 0 0 0 0 0 0 0 0 0 0 0 0 0 0 0 0 0 0 0 0 0 0 0 0 0 0 0 0 0 0 0 0 0 0 0 0 0 0 0 0 0 0 0 0 0 0 0 0 0 0 0 0 0 0 0 0 0 0 0 0 0 0 0 0 0 0 0 0 0 0 0 0 0 0 0 0 0 0 0 0 0 0 0 0 0 0 0 0 0 0 0 0 0 0 0 0 0 0 0 0 0 0 0 0 0 0 0 0 0 0 0 0 0 0 0 0 0 0 0 0 0 0 0 0 0 0 0 0 0 0 0 0 0 0 0 0 0 0 0 0 0 0 0 0 0 0 0 0 0 0 0 0 0 0 0 0 0 0 0 0 0 0 0 0 0 0 0 0 0 0 0 0 0 0 0 0 0 0 0 0 0 0 0 0 0 0 0 0 0 0 0 0 0 0 0 0 0 0 0 0 0 0 0 0 0 0 0 0 0 0 0 0 0 0 0 0 0 0 0 0 0 0 0 0 0 0 0 0 0 0 0 0 0 0 0 0 0 0 0 0 0 0 0 0 0 0 0 0 0 0 0 0 0 0 0 0 0 0 0 0 0 0 0 0 0 0 0 0 0 0 0 0 0 0 0 0 0 0 0 0 0 0 0 0 0 0 0 0 0 0 0 0 0 0 0 0 0 0 0 0 0 0 0 0 0 0 0 0 0 0 0 0 0 0 0 0 0 0 0 0 0 0 0 0 0 0 0 0 0 0 0 0 0 0 0 0 0 0 0 0 0 0 0 0 0 0 0 0 0 0 0 0 0 0 0 0 0 0 0 0 0 0 0 0 0 0 0 0 0 0 0 0 0 0 0 0 0 0 0 0 0 0 0 0 0 0 0 0 0 0 0 0 0 0 0 0 0 0 0 0 0 0 0 0 0 0 0 0 0 0 0 0 0 0 0 0 0 0 0 0 0 0 0 0 0 0 0 0 0 0 0 0 0 0 0 0 0 0 0 0 0 0 0 0 0 0 0 0 0 0 0 0 0 0 0 0 0 0 0 0 0 0 0 0 0 0 0 0 0 0 0 0 0 0 0 0 0 0 0 0 0 0 0 0 0 0 0 0 0 0 0 0 0 0 0 0 0 0 0 0 0 0 0 0 0 0 0 0 0 0 0 0 0 0 0 0 0 0 0 0 0 0 0 0 0 0 0 0 0 0 0 0 0 0 0 0 0 0 0 0 0 0 0 0 0 0 0 0 0 0 0 0 0 0 0 0 0 0 0 0 0 0 0 0 0 0 0 0 0 0 0 0 0 0 0 0 0 0 0 0 0 0 0 0 0 0 0 0 0 0 0 0 0 0 0 0 0 0 0 0 0 0 0 0 0 0 0 0 0 0 0 0 0 0 0 0 0 0 0 0 0 0 0 0 0 0 0 0 0 0 0 0 0 0 0 0 0 0 0 0 0 0 0 0 0 0 0 0 0 0 0 0 0 0 0 0 0 0 0 0 0 0 0 0 0 0 0 0 0 0 0 0 0 0 0 0 0 0 0 0 0 0 0 0 0 0 0 0 0 0 0 0 0 0 0 0 0 0 0 0 0 0 0 0 0 0 0 0 0 0 0 0 0 0 0 0 0 0 0 0 0 0 0 0 0 0 0 0 0 0 0 0 0 0 0 0 0 0 0 0 0 0 0 0 0 0 0 0 0 0 0 0 0 0 0 0 0 0 0 0 0 0 0 0 0 0 0 0 0 0 0 0 0 0 0 0 0 0 0 0 0 0 0 0 0 0 0 0 0 0 0 0 0 0 0 0 0 0 0 0 0 0 0 0 0 0 0 0 0 0 0 0 0 0 0 0 0 0 0 0 0 0 0 0 0 0 0 0 0 0 0 0 0 0 0 0 0 0 0 0 0 0 0 0 0 0 0 0 0 0 0 0 0 0 0 0 0 0 0 0 0 0 0 0 0 0 0 0 0 0 0 0 0 0 0 0 0 0 0 0 0 0 0 0 0 0 0 0 0 0 0 0 0 0 0 0 0 0 0 0 0 0 0 0 0 0 0 0 0 0 0 0 0 0 0 0 0 0 0 0 0 0 0 0 0 0 0 0 0 0 0 0 0 0 0 0 0 0 0 0 0 0 0 0 0 0 0 0 0 0 0 0 0 0 0 0 0 0 0 0 0 0 0 0 0 0 0 0 0 0 0 0 0 0 0 0 0 0 0 0 0 0 0 0 0 0 0 0 0 0 0 0 0 0 0 0 0 0 0 0 0 0 0 0 0 0 0 0 0 0 0 0 0 0 0 0 0 0 0 0 0 0 0 0 0 0 0 0 0 0 0 0 0 0 0 0 0 0 0 0 0 0 0 0 0 0 0 0 0 0 0 0 0 0 0 0 0 0 0 0 0 0 0 0 0 0 0 0 0 0 0 0 0 0 0 0 0 0 0 0 0 0 0 0 0 0 0 0 0 0 0 0 0 0 0 0 0 0 0 0 0 0 0 0 0 0 0 0 0 0 0 0 0 0 0 0 0 0 0 0 0 0 0 0 0 0 0 0 0 0 0 0 0 0 0 0 0 0 0 0 0 0 0 0 0 0 0 0 0 0 0 0 0 0 0 0 0 0 0 0 0 0 0 0 0 0 0 0 0 0 0 0 0 0 0 0 0 0 0 0 0 0 0 0 0 0 0 0 0 0 0 0 0 0 0 0 0 0 0 0 0 0 0 0 0 0 0 0 0 0 0 0 0 0 0 0 0 0 0 0 0 0 0 0 0 0 0 0 0 0 0 0 0 0 0 0 0 0 0 0 0 0 0 0 0 0 0 0 0 0 0 0 0 0 0 0 0 0 0 0 0 0 0 0 0 0 0 0 0 0 0 0 0 0 0 0 0 0 0 0 0 0 0 0 0 0 0 0 0 0 0 0 0 0 0 0 0 0 0 0 0 0 0 0 0 0 0 0 0 0 0 0 0 0 0 0 0 0 0 0 0 0 0 0 0 0 0 0 0 0 0 0 0 0 0 0 0 0 0 0 0 0 0 0 0 0 0 0 0 0 0 0 0 0 0 0 0 0 0 0 0 0 0 0 0 0 0 0 0 0 0 0 0 0 0 0 0 0 0 0 0 0 0 0 0 0 0 0 0 0 0 0 0 0 0 0 0 0 0 0 0 0 0 0 0 0 0 0 0 0 0 0 0 0 0 0 0 0 0 0 0 0 0 0 0 0 0 0 0 0 0 0 0 0 0 0 0 0 0 0 0 0 0 0 0 0 0 0 0 0 0 0 0 0 0 0 0 0 0 0 0 0 0 0 0 0 0 0 0 0 0 0 0 0 0 0 0 0 0 0 0 0 0 0 0 0 0 0 0 0 0 0 0 0 0 0 0 0 0 0 0 0 0 0 0 0 0 0 0 0 0 0 0 0 0 0 0 0 0 0 0 0 0 0 0 0 0 0 0 0 0 0 0 0 0 0 0 0 0 0 0 0 0 0 0 0 0 0 0 0 0 0 0 0 0 0 0 0 0 0 0 0 0 0 0 0 0 0 0 0 0 0 0 0 0 0 0 0 0 0 0 0 0 0 0 0 0 0 0 0 0 0 0 0 0 0 0 0 0 0 0 0 0 0 0 0 0 0 0 0 0 0 0 0 0 0 0 0 0 0 0 0 0 0 0 0 0 0 0 0 0 0 0 0 0 0 0 0 0 0 0 0 0 0 0 0 0 0 0 0 0 0 0 0 0 0 0 0 0 0 0 0 0 0 0 0 0 0 0 0 0 0 0 0 0 0 0 0 0 0 0 0 0 0 0 0 0 0 0 0 0 0 0 0 0 0 0 0 0 0 0 0 0 0 0 0 0 0 0 0 0 0 0 0 0 0 0 0 0 0 0 0 0 0 0 0 0 0 0 0 0 0 0 0 0 0 0 0 0 0 0 0 0 0 0 0 0 0 0 0 0 0 0 0 0 0 0 0 0 0 0 0 0 0 0 0 0 0 0 0 0 0 0 0 0 0 0 0 0 0 0 0 0 0 0 0 0 0 0 0 0 0 0 0 0 0 0 0 0 0 0 0 0 0 0 0 0 0 0 0 0 0 0 0 0 0 0 0 0 0 0 0 0 0 0 0 0 0 0 0 0 0 0 0 0 0 0 0 0 0 0 0 0 0 0 0 0 0 0 0 0 0 0 0 0 0 0 0 0 0 0 0 0 0 0 0 0 0 0 0 0 0 0 0 0 0 0 0 0 0 0 0 0 0 0 0 0 0 0 0 0 0 0 0 0 0 0 0 0 0 0 0 0 0 0 0 0 0 0 0 0 0 0 0 0 0 0 0 0 0 0 0 0 0 0 0 0 0 0 0 0 0 0 0 0 0 0 0 0 0 0 0 0 0 0 0 0 0 0 0 0 0 0 0 0 0 0 0 0 0 0 0 0 0 0 0 0 0 0 0 0 0 0 0 0 0 0 0 0 0 0 0 0 0 0 0 0 0 0 0 0 0 0 0 0 0 0 0 0 0 0 0 0 0 0 0 0 0 0 0 0 0 0 0 0 0 0 0 0 0 0 0 0 0 0 0 0 0 0 0 0 0 0 0 0 0 0 0 0 0 0 0 0 0 0 0 0 0 0 0 0 0 0 0 0 0 0 0 0 0 0 0 0 0 0 0 0 0 0 0 0 0 0 0 0 0 0 0 0 0 0 0 0 0 0 0 0 0 0 0 0 0 0 0 0 0 0 0 0 0 0 0 0 0 0 0 0 0 0 0 0 0 0 0 0 0 0 0 0 0 0 0 0 0 0 0 0 0 0 0 0 0 0 0 0 0 0 0 0 0 0 0 0 0 0 0 0 0 0 0 0 0 0 0 0 0 0 0 0 0 0 0 0 0 0 0 0 0 0 0 0 0 0 0 0 0 0 0 0 0 0 0 0 0 0 0 0 0 0 0 0 0 0 0 0 0 0 0 0 0 0 0 0 0 0 0 0 0 0 0 0 0 0 0 0 0 0 0 0 0 0 0 0 0 0 0 0 0 0 0 0 0 0 0 0 0 0 0 0 0 0 0 0 0 0 0 0 0 0 0 0 0 0 0 0 0 0 0 0 0 0 0 0 0 0 0 0 0 0 0 0 0 0 0 0 0 0 0 0 0 0 0 0 0 0 0 0 0 0 0 0 0 0 0 0 0 0 0 0 0 0 0 0 0 0 0 0 0 0 0 0 0 0 0 0 0 0 0 0 0 0 0 0 0 0 0 0 0 0 0 0 0 0 0 0 0 0 0 0 0 0 0 0 0 0 0 0 0 0 0 0 0 0 0 0 0 0 0 0 0 0 0 0 0 0 0 0 0 0 0 0 0 0 0 0 0 0 0 0 0 0 0 0 0 0 0 0 0 0 0 0 0 0 0 0 0 0 0 0 0 0 0 0 0 0 0 0 0 0 0 0 0 0 0 0 0 0 0 0 0 0 0 0 0 0 0 0 0 0 0 0 0 0 0 0 0 0 0 0 0 0 0 0 0 0 0 0 0 0 0 0 0 0 0 0 0 0 0 0 0 0 0 0 0 0 0 0 0 0 0 0 0 0 0 0 0 0 0 0 0 0 0 0 0 0 0 0 0 0 0 0 0 0 0 0 0 0 0 0 0 0 0 0 0 0 0 0 0 0 0 0 0 0 0 0 0 0 0 0 0 0 0 0 0 0 0 0 0 0 0 0 0 0 0 0 0 0 0 0 0 0 0 0 0 0 0 0 0 0 0 0 0 0 0 0 0 0 0 0 0 0 0 0 0 0 0 0 0 0 0 0 0 0 0 0 0 0 0 0 0 0 0 0 0 0 0 0 0 0 0 0 0 0 0 0 0 0 0 0 0 0 0 0 0 0 0 0 0 0 0 0 0 0 0 0 0 0 0 0 0 0 0 0 0 0 0 0 0 0 0 0 0 0 0 0 0 0 0 0 0 0 0 0 0 0 0 0 0 0 0 0 0 0 0 0 0 0 0 0 0 0 0 0 0 0 0 0 0 0 0 0 0 0 0 0 0 0 0 0 0 0 0 0 0 0 0 0 0 0 0 0 0 0 0 0 0 0 0 0 0 0 0 0 0 0 0 0 0 0 0 0 0 0 0 0 0 0 0 0 0 0 0 0 0 0 0 0 0 0 0 0 0 0 0 0 0 0 0 0 0 0 0 0 0 0 0 0 0 0 0 0 0 0 0 0 0 0 0 0 0 0 0 0 0 0 0 0 0 0 0 0 0 0 0 0 0 0 0 0 0 0 0 0 0 0 0 0 0 0 0 0 0 0 0 0 0 0 0 0 0 0 0 0 0 0 0 0 0 0 0 0 0 0 0 0 0 0 0 0 0 0 0 0 0 0 0 0 0 0 0 0 0 0 0 0 0 0 0 0 0 0 0 0 0 0 0 0 0 0 0 0 0 0 0 0 0 0 0 0 0 0 0 0 0 0 0 0 0 0 0 0 0 0 0 0 0 0 0 0 0 0 0 0 0 0 0 0 0 0 0 0 0 0 0 0 0 0 0 0 0 0 0 0 0 0 0 0 0 0 0 0 0 0 0 0 0 0 0 0 0 0 0 0 0 0 0 0 0 0 0 0 0 0 0 0 0 0 0 0 0 0 0 0 0 0 0 0 0 0 0 0 0 0 0 0 0 0 0 0 0 0 0 0 0 0 0 0 0 0 0 0 0 0 0 0 0 0 0 0 0 0 0 0 0 0 0 0 0 0 0 0 0 0 0 0 0 0 0 0 0 0 0 0 0 0 0 0 0 0 0 0 0 0 0 0 0 0 0 0 0 0 0 0 0 0 0 0 0 0 0 0 0 0 0 0 0 0 0 0 0 0 0 0 0 0 0 0 0 0 0 0 0 0 0 0 0 0 0 0 0 0 0 0 0 0 0 0 0 0 0 0 0 0 0 0 0 0 0 0 0 0 0 0 0 0 0 0 0 0 0 0 0 0 0 0 0 0 0 0 0 0 0 0 0 0 0 0 0 0 0 0 0 0 0 0 0 0 0 0 0 0 0 0 0 0 0 0 0 0 0 0 0 0 0 0 0 0 0 0 0 0 0 0 0 0 0 0 0 0 0 0 0 0 0 0 0 0 0 0 0 0 0 0 0 0 0 0 0 0 0 0 0 0 0 0 0 0 0 0 0 0 0 0 0 0 0 0 0 0 0 0 0 0 0 0 0 0 0 0 0 0 0 0 0 0 0 0 0 0 0 0 0 0 0 0 0 0 0 0 0 0 0 0 0 0 0 0 0 0 0 0 0 0 0 0 0 0 0 0 0 0 0 0 0 0 0 0 0 0 0 0 0 0 0 0 0 0 0 0 0 0 0 0 0 0 0 0 0 0 0 0 0 0 0 0 0 0 0 0 0 0 0 0 0 0 0 0 0 0 0 0 0 0 0 0 0 0 0 0 0 0 0 0 0 0 0 0 0 0 0 0 0 0 0 0 0 0 0 0 0 0 0 0 0 0 0 0 0 0 0 0 0 0 0 0 0 0 0 0 0 0 0 0 0 0 0 0 0 0 0 0 0 0 0 0 0 0 0 0 0 0 0 0 0 0 0 0 0 0 0 0 0 0 0 0 0 0 0 0 0 0 0 0 0 0 0 0 0 0 0 0 0 0 0 0 0 0 0 0 0 0 0 0 0 0 0 0 0 0 0 0 0 0 0 0 0 0 0 0 0 0 0 0 0 0 0 0 0 0 0 0 0 0 0 0 0 0 0 0 0 0 0 0 0 0 0 0 0 0 0 0 0 0 0 0 0 0 0 0 0 0 0 0 0 0 0 0 0 0 0 0 0 0 0 0 0 0 0 0 0 0 0 0 0 0 0 0 0 0 0 0 0 0 0 0 0 0 0 0 0 0 0 0 0 0 0 0 0 0 0 0 0 0 0 0 0 0 0 0 0 0 0 0 0 0 0 0 0 0 0 0 0 0 0 0 0 0 0 0 0 0 0 0 0 0 0 0 0 0 0 0 0 0 0 0 0 0 0 0 0 0 0 0 0 0 0 0 0 0 0 0 0 0 0 0 0 0 0 0 0 0 0 0 0 0 0 0 0 0 0 0 0 0 0 0 0 0 0 0 0 0 0 0 0 0 0 0 0 0 0 0 0 0 0 0 0 0 0 0 0 0 0 0 0 0 0 0 0 0 0 0 0 0 0 0 0 0 0 0 0 0 0 0 0 0 0 0 0 0 0 0 0 0 0 0 0 0 0 0 0 0 0 0 0 0 0 0 0 0 0 0 0 0 0 0 0 0 0 0 0 0 0 0 0 0 0 0 0 0 0 0 0 0 0 0 0 0 0 0 0 0 0 0 0 0 0 0 0 0 0 0 0 0 0 0 0 0 0 0 0 0 0 0 0 0 0 0 0 0 0 0 0 0 0 0 0 0 0 0 0 0 0 0 0 0 0 0 0 0 0 0 0 0 0 0 0 0 0 0 0 0 0 0 0 0 0 0 0 0 0 0 0 0 0 0 0 0 0 0 0 0 0 0 0 0 0 0 0 0 0 0 0 0 0 0 0 0 0 0 0 0 0 0 0 0 0 0 0 0 0 0 0 0 0 0 0 0 0 0 0 0 0 0 0 0 0 0 0 0 0 0 0 0 0 0 0 0 0 0 0 0 0 0 0 0 0 0 0 0 0 0 0 0 0 0 0 0 0 0 0 0 0 0 0 0 0 0 0 0 0 0 0 0 0 0 0 0 0 0 0 0 0 0 0 0 0 0 0 0 0 0 0 0 0 0 0 0 0 0 0 0 0 0 0 0 0 0 0 0 0 0 0 0 0 0 0 0 0 0 0 0 0 0 0 0 0 0 0 0 0 0 0 0 0 0 0 0 0 0 0 0 0 0 0 0 0 0 0 0 0 0 0 0 0 0 0 0 0 0 0 0 0 0 0 0 0 0 0 0 0 0 0 0 0 0 0 0 0 0 0 0 0 0 0 0 0 0 0 0 0 0 0 0 0 0 0 0 0 0 0 0 0 0 0 0 0 0 0 0 0 0 0 0 0 0 0 0 0 0 0 0 0 0 0 0 0 0 0 0 0 0 0 0 0 0 0 0 0 0 0 0 0 0 0 0 0 0 0 0 0 0 0 0 0 0 0 0 0 0 0 0 0 0 0 0 0 0 0 0 0 0 0 0 0 0 0 0 0 0 0 0 0 0 0 0 0 0 0 0 0 0 0 0 0 0 0 0 0 0 0 0 0 0 0 0 0 0 0 0 0 0 0 0 0 0 0 0 0 0 0 0 0 0 0 0 0 0 0 0 0 0 0 0 0 0 0 0 0 0 0 0 0 0 0 0 0 0 0 0 0 0 0 0 0 0 0 0 0 0 0 0 0 0 0 0 0 0 0 0 0 0 0 0 0 0 0 0 0 0 0 0 0 0 0 0 0 0 0 0 0 0 0 0 0 0 0 0 0 0 0 0 0 0 0 0 0 0 0 0 0 0 0 0 0 0 0 0 0 0 0 0 0 0 0 0 0 0 0 0 0 0 0 0 0 0 0 0 0 0 0 0 0 0 0 0 0 0 0 0 0 0 0 0 0 0 0 0 0 0 0 0 0 0 0 0 0 0 0 0 0 0 0 0 0 0 0 0 0 0 0 0 0 0 0 0 0 0 0 0 0 0 0 0 0 0 0 0 0 0 0 0 0 0 0 0 0 0 0 0 0 0 0 0 0 0 0 0 0 0 0 0 0 0 0 0 0 0 0 0 0 0 0 0 0 0 0 0 0 0 0 0 0 0 0 0 0 0 0 0 0 0 0 0 0 0 0 0 0 0 0 0 0 0 0 0 0 0 0 0 0 0 0 0 0 0 0 0 0 0 0 0 0 0 0 0 0 0 0 0 0 0 0 0 0 0 0 0 0 0 0 0 0 0 0 0 0 0 0 0 0 0 0 0 0 0 0 0 0 0 0 0 0 0 0 0 0 0 0 0 0 0 0 0 0 0 0 0 0 0 0 0 0 0 0 0 0 0 0 0 0 0 0 0 0 0 0 0 0 0 0 0 0 0 0 0 0 0 0 0 0 0 0 0 0 0 0 0 0 0 0 0 0 0 0 0 0 0 0 0 0 0 0 0 0 0 0 0 0 0 0 0 0 0 0 0 0 0 0 0 0 0 0 0 0 0 0 0 0 0 0 0 0 0 0 0 0 0 0 0 0 0 0 0 0 0 0 0 0 0 0 0 0 0 0 0 0 0 0 0 0 0 0 0 0 0 0 0 0 0 0 0 0 0 0 0 0 0 0 0 0 0 0 0 0 0 0 0 0 0 0 0 0 0 0 0 0 0 0 0 0 0 0 0 0 0 0 0 0 0 0 0 0 0 0 0 0 0 0 0 0 0 0 0 0 0 0 0 0 0 0 0 0 0 0 0 0 0 0 0 0 0 0 0 0 0 0 0 0 0 0 0 0 0 0 0 0 0 0 0 0 0 0 0 0 0 0 0 0 0 0 0 0 0 0 0 0 0 0 0 0 0 0 0 0 0 0 0 0 0 0 0 0 0 0 0 0 0 0 0 0 0 0 0 0 0 0 0 0 0 0 0 0 0 0 0 0 0 0 0 0 0 0 0 0 0 0 0 0 0 0 0 0 0 0 0 0 0 0 0 0 0 0 0 0 0 0 0 0 0 0 0 0 0 0 0 0 0 0 0 0 0 0 0 0 0 0 0 0 0 0 0 0 0 0 0 0 0 0 0 0 0 0 0 0 0 0 0 0 0 0 0 0 0 0 0 0 0 0 0 0 0 0 0 0 0 0 0 0 0 0 0 0 0 0 0 0 0 0 0 0 0 0 0 0 0 0 0 0 0 0 0 0 0 0 0 0 0 0 0 0 0 0 0 0 0 0 0 0 0 0 0 0 0 0 0 0 0 0 0 0 0 0 0 0 0 0 0 0 0 0 0 0 0 0 0 0 0 0 0 0 0 0 0 0 0 0 0 0 0 0 0 0 0 0 0 0 0 0 0 0 0 0 0 0 0 0 0 0 0 0 0 0 0 0 0 0 0 0 0 0 0 0 0 0 0 0 0 0 0 0 0 0 0 0 0 0 0 0 0 0 0 0 0 0 0 0 0 0 0 0 0 0 0 0 0 0 0 0 0 0 0 0 0 0 0 0 0 0 0 0 0 0 0 0 0 0 0 0 0 0 0 0 0 0 0 0 0 0 0 0 0 0 0 0 0 0 0 0 0 0 0 0 0 0 0 0 0 0 0 0 0 0 0 0 0 0 0 0 0 0 0 0 0 0 0 0 0 0 0 0 0 0 0 0 0 0 0 0 0 0 0 0 0 0 0 0 0 0 0 0 0 0 0 0 0 0 0 0 0 0 0 0 0 0 0 0 0 0 0 0 0 0 0 0 0 0 0 0 0 0 0 0 0 0 0 0 0 0 0 0 0 0 0 0 0 0 0 0 0 0 0 0 0 0 0 0 0 0 0 0 0 0 0 0 0 0 0 0 0 0 0 0 0 0 0 0 0 0 0 0 0 0 0 0 0 0 0 0 0 0 0 0 0 0 0 0 0 0 0 0 0 0 0 0 0 0 0 0 0 0 0 0 0 0 0 0 0 0 0 0 0 0 0 0 0 0 0 0 0 0 0 0 0 0 0 0 0 0 0 0 0 0 0 0 0 0 0 0 0 0 0 0 0 0 0 0 0 0 0 0 0 0 0 0 0 0 0 0 0 0 0 0 0 0 0 0 0 0 0 0 0 0 0 0 0 0 0 0 0 0 0 0 0 0 0 0 0 0 0 0 0 0 0 0 0 0 0 0 0 0 0 0 0 0 0 0 0 0 0 0 0 0 0 0 0 0 0 0 0 0 0 0 0 0 0 0 0 0 0 0 0 0 0 0 0 0 0 0 0 0 0 0 0 0 0 0 0 0 0 0 0 0 0 0 0 0 0 0 0 0 0 0 0 0 0 0 0 0 0 0 0 0 0 0 0 0 0 0 0 0 0 0 0 0 0 0 0 0 0 0 0 0 0 0 0 0 0 0 0 0 0 0 0 0 0 0 0 0 0 0 0 0 0 0 0 0 0 0 0 0 0 0 0 0 0 0 0 0 0 0 0 0 0 0 0 0 0 0 0 0 0 0 0 0 0 0 0 0 0 0 0 0 0 0 0 0 0 0 0 0 0 0 0 0 0 0 0 0 0 0 0 0 0 0 0 0 0 0 0 0 0 0 0 0 0 0 0 0 0 0 0 0 0 0 0 0 0 0 0 0 0 0 0 0 0 0 0 0 0 0 0 0 0 0 0 0 0 0 0 0 0 0 0 0 0 0 0 0 0 0 0 0 0 0 0 0 0 0 0 0 0 0 0 0 0 0 0 0 0 0 0 0 0 0 0 0 0 0 0 0 0 0 0 0 0 0 0 0 0 0 0 0 0 0 0 0 0 0 0 0 0 0 0 0 0 0 0 0 0 0 0 0 0 0 0 0 0 0 0 0 0 0 0 0 0 0 0 0 0 0 0 0 0 0 0 0 0 0 0 0 0 0 0 0 0 0 0 0 0 0 0 0 0 0 0 0 0 0 0 0 0 0 0 0 0 0 0 0 0 0 0 0 0 0 0 0 0 0 0 0 0 0 0 0 0 0 0 0 0 0 0 0 0 0 0 0 0 0 0 0 0 0 0 0 0 0 0 0 0 0 0 0 0 0 0 0 0 0 0 0 0 0 0 0 0 0 0 0 0 0 0 0 0 0 0 0 0 0 0 0 0 0 0 0 0 0 0 0 0 0 0 0 0 0 0 0 0 0 0 0 0 0 0 0 0 0 0 0 0 0 0 0 0 0 0 0 0 0 0 0 0 0 0 0 0 0 0 0 0 0 0 0 0 0 0 0 0 0 0 0 0 0 0 0 0 0 0 0 0 0 0 0 0 0 0 0 0 0 0 0 0 0 0 0 0 0 0 0 0 0 0 0 0 0 0 0 0 0 0 0 0 0 0 0 0 0 0 0 0 0 0 0 0 0 0 0 0 0 0 0 0 0 0 0 0 0 0 0 0 0 0 0 0 0 0 0 0 0 0 0 0 0 0 0 0 0 0 0 0 0 0 0 0 0 0 0 0 0 0 0 0 0 0 0 0 0 0 0 0 0 0 0 0 0 0 0 0 0 0 0 0 0 0 0 0 0 0 0 0 0 0 0 0 0 0 0 0 0 0 0 0 0 0 0 0 0 0 0 0 0 0 0 0 0 0 0 0 0 0 0 0 0 0 0 0 0 0 0 0 0 0 0 0 0 0 0 0 0 0 0 0 0 0 0 0 0 0 0 0 0 0 0 0 0 0 0 0 0 0 0 0 0 0 0 0 0 0 0 0 0 0 0 0 0 0 0 0 0 0 0 0 0 0 0 0 0 0 0 0 0 0 0 0 0 0 0 0 0 0 0 0 0 0 0 0 0 0 0 0 0 0 0 0 0 0 0 0 0 0 0 0 0 0 0 0 0 0 0 0 0 0 0 0 0 0 0 0 0 0 0 0 0 0 0 0 0 0 0 0 0 0 0 0 0 0 0 0 0 0 0 0 0 0 0 0 0 0 0 0 0 0 0 0 0 0 0 0 0 0 0 0 0 0 0 0 0 0 0 0 0 0 0 0 0 0 0 0 0 0 0 0 0 0 0 0 0 0 0 0 0 0 0 0 0 0 0 0 0 0 0 0 0 0 0 0 0 0 0 0 0 0 0 0 0 0 0 0 0 0 0 0 0 0 0 0 0 0 0 0 0 0 0 0 0 0 0 0 0 0 0 0 0 0 0 0 0 0 0 0 0 0 0 0 0 0 0 0 0 0 0 0 0 0 0 0 0 0 0 0 0 0 0 0 0 0 0 0 0 0 0 0 0 0 0 0 0 0 0 0 0 0 0 0 0 0 0 0 0 0 0 0 0 0 0 0 0 0 0 0 0 0 0 0 0 0 0 0 0 0 0 0 0 0 0 0 0 0 0 0 0 0 0 0 0 0 0 0 0 0 0 0 0 0 0 0 0 0 0 0 0 0 0 0 0 0 0 0 0 0 0 0 0 0 0 0 0 0 0 0 0 0 0 0 0 0 0 0 0 0 0 0 0 0 0 0 0 0 0 0 0 0 0 0 0 0 0 0 0 0 0 0 0 0 0 0 0 0 0 0 0 0 0 0 0 0 0 0 0 0 0 0 0 0 0 0 0 0 0 0 0 0 0 0 0 0 0 0 0 0 0 0 0 0 0 0 0 0 0 0 0 0 0 0 0 0 0 0 0 0 0 0 0 0 0 0 0 0 0 0 0 0 0 0 0 0 0 0 0 0 0 0 0 0 0 0 0 0 0 0 0 0 0 0 0 0 0 0 0 0 0 0 0 0 0 0 0 0 0 0 0 0 0 0 0 0 0 0 0 0 0 0 0 0 0 0 0 0 0 0 0 0 0 0 0 0 0 0 0 0 0 0 0 0 0 0 0 0 0 0 0 0 0 0 0 0 0 0 0 0 0 0 0 0 0 0 0 0 0 0 0 0 0 0 0 0 0 0 0 0 0 0 0 0 0 0 0 0 0 0 0 0 0 0 0 0 0 0 0 0 0 0 0 0 0 0 0 0 0 0 0 0 0 0 0 0 0 0 0 0 0 0 0 0 0 0 0 0 0 0 0 0 0 0 0 0 0 0 0 0 0 0 0 0 0 0 0 0 0 0 0 0 0 0 0 0 0 0 0 0 0 0 0 0 0 0 0 0 0 0 0 0 0 0 0 0 0 0 0 0 0 0 0 0 0 0 0 0 0 0 0 0 0 0 0 0 0 0 0 0 0 0 0 0 0 0 0 0 0 0 0 0 0 0 0 0 0 0 0 0 0 0 0 0 0 0 0 0 0 0 0 0 0 0 0 0 0 0 0 0 0 0 0 0 0 0 0 0 0 0 0 0 0 0 0 0 0 0 0 0 0 0 0 0 0 0 0 0 0 0 0 0 0 0 0 0 0 0 0 0 0 0 0 0 0 0 0 0 0 0 0 0 0 0 0 0 0 0 0 0 0 0 0 0 0 0 0 0 0 0 0 0 0 0 0 0 0 0 0 0 0 0 0 0 0 0 0 0 0 0 0 0 0 0 0 0 0 0 0 0 0 0 0 0 0 0 0 0 0 0 0 0 0 0 0 0 0 0 0 0 0 0 0 0 0 0 0 0 0 0 0 0 0 0 0 0 0 0 0 0 0 0 0 0 0 0 0 0 0 0 0 0 0 0 0 0 0 0 0 0 0 0 0 0 0 0 0 0 0 0 0 0 0 0 0 0 0 0 0 0 0 0 0 0 0 0 0 0 0 0 0 0 0 0 0 0 0 0 0 0 0 0 0 0 0 0 0 0 0 0 0 0 0 0 0 0 0 0 0 0 0 0 0 0 0 0 0 0 0 0 0 0 0 0 0 0 0 0 0 0 0 0 0 0 0 0 0 0 0 0 0 0 0 0 0 0 0 0 0 0 0 0 0 0 0 0 0 0 0 0 0 0 0 0 0 0 0 0 0 0 0 0 0 0 0 0 0 0 0 0 0 0 0 0 0 0 0 0 0 0 0 0 0 0 0 0 0 0 0 0 0 0 0 0 0 0 0 0 0 0 0 0 0 0 0 0 0 0 0 0 0 0 0 0 0 0 0 0 0 0 0 0 0 0 0 0 0 0 0 0 0 0 0 0 0 0 0 0 0 0 0 0 0 0 0 0 0 0 0 0 0 0 0 0 0 0 0 0 0 0 0 0 0 0 0 0 0 0 0 0 0 0 0 0 0 0 0 0 0 0 0 0 0 0 0 0 0 0 0 0 0 0 0 0 0 0 0 0 0 0 0 0 0 0 0 0 0 0 0 0 0 0 0 0 0 0 0 0 0 0 0 0 0 0 0 0 0 0 0 0 0 0 0 0 0 0 0 0 0 0 0 0 0 0 0 0 0 0 0 0 0 0 0 0 0 0 0 0 0 0 0 0 0 0 0 0 0 0 0 0 0 0 0 0 0 0 0 0 0 0 0 0 0 0 0 0 0 0 0 0 0 0 0 0 0 0 0 0 0 0 0 0 0 0 0 0 0 0 0 0 0 0 0 0 0 0 0 0 0 0 0 0 0 0 0 0 0 0 0 0 0 0 0 0 0 0 0 0 0 0 0 0 0 0 0 0 0 0 0 0 0 0 0 0 0 0 0 0 0 0 0 0 0 0 0 0 0 0 0 0 0 0 0 0 0 0 0 0 0 0 0 0 0 0 0 0 0 0 0 0 0 0 0 0 0 0 0 0 0 0 0 0 0 0 0 0 0 0 0 0 0 0 0 0 0 0 0 0 0 0 0 0 0 0 0 0 0 0 0 0 0 0 0 0 0 0 0 0 0 0 0 0 0 0 0 0 0 0 0 0 0 0 0 0 0 0 0 0 0 0 0 0 0 0 0 0 0 0 0 0 0 0 0 0 0 0 0 0 0 0 0 0 0 0 0 0 0 0 0 0 0 0 0 0 0 0 0 0 0 0 0 0 0 0 0 0 0 0 0 0 0 0 0 0 0 0 0 0 0 0 0 0 0 0 0 0 0 0 0 0 0 0 0 0 0 0 0 0 0 0 0 0 0 0 0 0 0 0 0 0 0 0 0 0 0 0 0 0 0 0 0 0 0 0 0 0 0 0 0 0 0 0 0 0 0 0 0 0 0 0 0 0 0 0 0 0 0 0 0 0 0 0 0 0 0 0 0 0 0 0 0 0 0 0 0 0 0 0 0 0 0 0 0 0 0 0 0 0 0 0 0 0 0 0 0 0 0 0 0 0 0 0 0 0 0 0 0 0 0 0 0 0 0 0 0 0 0 0 0 0 0 0 0 0 0 0 0 0 0 0 0 0 0 0 0 0 0 0 0 0 0 0 0 0 0 0 0 0 0 0 0 0 0 0 0 0 0 0 0 0 0 0 0 0 0 0 0 0 0 0 0 0 0 0 0 0 0 0 0 0 0 0 0 0 0 0 0 0 0 0 0 0 0 0 0 0 0 0 0 0 0 0 0 0 0 0 0 0 0 0 0 0 0 0 0 0 0 0 0 0 0 0 0 0 0 0 0 0 0 0 0 0 0 0 0 0 0 0 0 0 0 0 0 0 0 0 0 0 0 0 0 0 0 0 0 0 0 0 0 0 0 0 0 0 0 0 0 0 0 0 0 0 0 0 0 0 0 0 0 0 0 0 0 0 0 0 0 0 0 0 0 0 0 0 0 0 0 0 0 0 0 0 0 0 0 0 0 0 0 0 0 0 0 0 0 0 0 0 0 0 0 0 0 0 0 0 0 0 0 0 0 0 0 0 0 0 0 0 0 0 0 0 0 0 0 0 0 0 0 0 0 0 0 0 0 0 0 0 0 0 0 0 0 0 0 0 0 0 0 0 0 0 0 0 0 0 0 0 0 0 0 0 0 0 0 0 0 0 0 0 0 0 0 0 0 0 0 0 0 0 0 0 0 0 0 0 0 0 0 0 0 0 0 0 0 0 0 0 0 0 0 0 0 0 0 0 0 0 0 0 0 0 0 0 0 0 0 0 0 0 0 0 0 0 0 0 0 0 0 0 0 0 0 0 0 0 0 0 0 0 0 0 0 0 0 0 0 0 0 0 0 0 0 0 0 0 0 0 0 0 0 0 0 0 0 0 0 0 0 0 0 0 0 0 0 0 0 0 0 0 0 0 0 0 0 0 0 0 0 0 0 0 0 0 0 0 0 0 0 0 0 0 0 0 0 0 0 0 0 0 0 0 0 0 0 0 0 0 0 0 0 0 0 0 0 0 0 0 0 0 0 0 0 0 0 0 0 0 0 0 0 0 0 0 0 0 0 0 0 0 0 0 0 0 0 0 0 0 0 0 0 0 0 0 0 0 0 0 0 0 0 0 0 0 0 0 0 0 0 0 0 0 0 0 0 0 0 0 0 0 0 0 0 0 0 0 0 0 0 0 0 0 0 0 0 0 0 0 0 0 0 0 0 0 0 0 0 0 0 0 0 0 0 0 0 0 0 0 0 0 0 0 0 0 0 0 0 0 0 0 0 0 0 0 0 0 0 0 0 0 0 0 0 0 0 0 0 0 0 0 0 0 0 0 0 0 0 0 0 0 0 0 0 0 0 0 0 0 0 0 0 0 0 0 0 0 0 0 0 0 0 0 0 0 0 0 0 0 0 0 0 0 0 0 0 0 0 0 0 0 0 0 0 0 0 0 0 0 0 0 0 0 0 0 0 0 0 0 0 0 0 0 0 0 0 0 0 0 0 0 0 0 0 0 0 0 0 0 0 0 0 0 0 0 0 0 0 0 0 0 0 0 0 0 0 0 0 0 0 0 0 0 0 0 0 0 0 0 0 0 0 0 0 0 0 0 0 0 0 0 0 0 0 0 0 0 0 0 0 0 0 0 0 0 0 0 0 0 0 0 0 0 0 0 0 0 0 0 0 0 0 0 0 0 0 0 0 0 0 0 0 0 0 0 0 0 0 0 0 0 0 0 0 0 0 0 0 0 0 0 0 0 0 0 0 0 0 0 0 0 0 0 0 0 0 0 0 0 0 0 0 0 0 0 0 0 0 0 0 0 0 0 0 0 0 0 0 0 0 0 0 0 0 0 0 0 0 0 0 0 0 0 0 0 0 0 0 0 0 0 0 0 0 0 0 0 0 0 0 0 0 0 0 0 0 0 0 0 0 0 0 0 0 0 0 0 0 0 0 0 0 0 0 0 0 0 0 0 0 0 0 0 0 0 0 0 0 0 0 0 0 0 0 0 0 0 0 0 0 0 0 0 0 0 0 0 0 0 0 0 0 0 0 0 0 0 0 0 0 0 0 0 0 0 0 0 0 0 0 0 0 0 0 0 0 0 0 0 0 0 0 0 0 0 0 0 0 0 0 0 0 0 0 0 0 0 0 0 0 0 0 0 0 0 0 0 0 0 0 0 0 0 0 0 0 0 0 0 0 0 0 0 0 0 0 0 0 0 0 0 0 0 0 0 0 0 0 0 0 0 0 0 0 0 0 0 0 0 0 0 0 0 0 0 0 0 0 0 0 0 0 0 0 0 0 0 0 0 0 0 0 0 0 0 0 0 0 0 0 0 0 0 0 0 0 0 0 0 0 0 0 0 0 0 0 0 0 0 0 0 0 0 0 0 0 0 0 0 0 0 0 0 0 0 0 0 0 0 0 0 0 0 0 0 0 0 0 0 0 0 0 0 0 0 0 0 0 0 0 0 0 0 0 0 0 0 0 0 0 0 0 0 0 0 0 0 0 0 0 0 0 0 0 0 0 0 0 0 0 0 0 0 0 0 0 0 0 0 0 0 0 0 0 0 0 0 0 0 0 0 0 0 0 0 0 0 0 0 0 0 0 0 0 0 0 0 0 0 0 0 0 0 0 0 0 0 0 0 0 0 0 0 0 0 0 0 0 0 0 0 0 0 0 0 0 0 0 0 0 0 0 0 0 0 0 0 0 0 0 0 0 0 0 0 0 0 0 0 0 0 0 0 0 0 0 0 0 0 0 0 0 0 0 0 0 0 0 0 0 0 0 0 0 0 0 0 0 0 0 0 0 0 0 0 0 0 0 0 0 0 0 0 0 0 0 0 0 0 0 0 0 0 0 0 0 0 0 0 0 0 0 0 0 0 0 0 0 0 0 0 0 0 0 0 0 0 0 0 0 0 0 0 0 0 0 0 0 0 0 0 0 0 0 0 0 0 0 0 0 0 0 0 0 0 0 0 0 0 0 0 0 0 0 0 0 0 0 0 0 0 0 0 0 0 0 0 0 0 0 0 0 0 0 0 0 0 0 0 0 0 0 0 0 0 0 0 0 0 0 0 0 0 0 0 0 0 0 0 0 0 0 0 0 0 0 0 0 0 0 0 0 0 0 0 0 0 0 0 0 0 0 0 0 0 0 0 0 0 0 0 0 0 0 0 0 0 0 0 0 0 0 0 0 0 0 0 0 0 0 0 0 0 0 0 0 0 0 0 0 0 0 0 0 0 0 0 0 0 0 0 0 0 0 0 0 0 0 0 0 0 0 0 0 0 0 0 0 0 0 0 0 0 0 0 0 0 0 0 0 0 0 0 0 0 0 0 0 0 0 0 0 0 0 0 0 0 0 0 0 0 0 0 0 0 0 0 0 0 0 0 0 0 0 0 0 0 0 0 0 0 0 0 0 0 0 0 0 0 0 0 0 0</float_array>
          <technique_common>
            <accessor source="#Esfera_110-mesh-map-1-array" count="8838" stride="2">
              <param name="S" type="float"/>
              <param name="T" type="float"/>
            </accessor>
          </technique_common>
        </source>
        <vertices id="Esfera_110-mesh-vertices">
          <input semantic="POSITION" source="#Esfera_110-mesh-positions"/>
        </vertices>
        <triangles material="A_A_A-Textura_garamante-material" count="2946">
          <input semantic="VERTEX" source="#Esfera_110-mesh-vertices" offset="0"/>
          <input semantic="NORMAL" source="#Esfera_110-mesh-normals" offset="1"/>
          <input semantic="TEXCOORD" source="#Esfera_110-mesh-map-0" offset="2" set="0"/>
          <input semantic="TEXCOORD" source="#Esfera_110-mesh-map-1" offset="2" set="1"/>
          <p>19 0 0 73 1 1 18 2 2 1 3 3 28 4 4 2 5 5 7 6 6 47 7 7 5 6 8 49 8 9 2 5 10 33 9 11 32 10 12 4 11 13 51 12 14 17 13 15 63 13 16 76 13 17 18 2 18 74 14 19 16 15 20 4 11 21 13 11 22 43 16 23 8 13 24 63 13 25 57 13 26 36 17 27 5 6 28 55 18 29 37 19 30 56 20 31 3 21 32 12 22 33 41 23 34 14 24 35 14 24 36 42 25 37 15 26 38 15 26 39 43 27 40 13 28 41 44 29 42 30 30 43 28 4 44 45 31 45 31 32 46 30 30 47 46 33 48 29 34 49 31 32 50 33 9 51 48 35 52 49 8 53 35 36 54 50 37 55 48 35 56 34 38 57 51 39 58 50 37 59 53 40 60 39 41 61 52 42 62 52 42 63 38 43 64 54 44 65 54 44 66 36 45 67 55 46 68 3 21 69 40 47 70 12 22 71 11 48 72 40 49 73 9 50 74 10 51 75 41 52 76 11 48 77 8 53 78 42 54 79 10 51 80 27 55 81 44 56 82 25 57 83 26 58 84 45 59 85 27 55 86 24 60 87 46 61 88 26 58 89 18 62 90 49 63 91 48 64 92 19 65 93 48 64 94 50 66 95 17 67 96 50 66 97 51 68 98 22 69 99 53 70 100 52 71 101 23 72 102 52 71 103 54 73 104 21 74 105 54 73 106 55 75 107 9 50 108 56 76 109 0 77 110 8 53 111 4 78 112 43 79 113 17 67 114 4 78 115 57 80 116 16 81 117 1 82 118 49 63 119 20 83 120 56 76 121 53 70 122 21 74 123 5 84 124 59 85 125 25 57 126 1 82 127 58 86 128 24 60 129 5 84 130 47 87 131 70 88 132 69 89 133 64 90 134 60 91 135 63 92 136 65 93 137 64 90 138 60 91 139 78 94 140 74 95 141 73 96 142 63 92 143 11 97 144 65 98 145 66 99 146 16 15 147 61 100 148 58 101 149 17 102 150 75 103 151 19 104 152 10 105 153 66 99 154 67 106 155 0 107 156 78 108 157 62 109 158 20 110 159 77 111 160 78 108 161 8 112 162 67 113 163 68 114 164 59 115 165 80 115 166 21 115 167 22 116 168 79 117 169 77 111 170 25 118 171 70 119 172 27 120 173 58 101 174 69 121 175 25 118 176 23 122 177 80 123 178 79 124 179 27 120 180 71 125 181 26 126 182 59 115 183 72 115 184 64 115 185 9 127 186 62 109 187 65 98 188 26 128 189 72 129 190 24 130 191 85 131 192 82 132 193 81 133 194 82 134 195 83 134 196 81 134 197 84 135 198 81 133 199 83 136 200 85 131 201 81 133 202 84 135 203 85 131 204 89 137 205 86 138 206 86 139 207 88 140 208 85 141 209 85 141 210 83 142 211 82 143 212 85 131 213 84 135 214 89 137 215 83 142 216 85 141 217 87 144 218 87 144 219 85 141 220 88 140 221 91 145 222 89 137 223 90 146 224 90 147 225 89 148 226 88 149 227 91 145 228 86 138 229 89 137 230 84 135 231 88 149 232 89 148 233 91 150 234 92 151 235 93 152 236 92 153 237 91 145 238 90 146 239 88 140 240 86 139 241 91 150 242 88 140 243 91 150 244 93 152 245 90 147 246 88 149 247 93 154 248 95 155 249 93 154 250 94 156 251 93 152 252 92 151 253 94 157 254 95 155 255 90 147 256 93 154 257 94 158 258 92 153 259 95 159 260 92 153 261 90 146 262 95 159 263 84 135 264 87 160 265 88 149 266 84 135 267 83 136 268 87 160 269 100 161 270 97 162 271 96 163 272 97 164 273 98 164 274 96 164 275 96 165 276 98 166 277 101 167 278 96 165 279 101 167 280 99 168 281 100 161 282 96 163 283 99 169 284 101 170 285 97 171 286 100 172 287 101 173 288 100 173 289 99 173 290 101 170 291 98 174 292 97 171 293 107 175 294 103 176 295 102 177 296 102 178 297 104 179 298 106 180 299 102 178 300 106 180 301 105 181 302 107 175 303 102 177 304 105 182 305 106 183 306 107 183 307 105 183 308 104 184 309 107 185 310 106 186 311 104 184 312 103 187 313 107 185 314 112 188 315 109 189 316 108 190 317 109 191 318 110 191 319 108 191 320 111 192 321 108 193 322 110 194 323 112 188 324 108 190 325 111 195 326 115 196 327 112 197 328 113 198 329 112 188 330 116 199 331 113 200 332 110 201 333 109 202 334 112 197 335 112 188 336 111 195 337 116 199 338 110 201 339 112 197 340 114 203 341 115 196 342 114 203 343 112 197 344 111 192 345 115 204 346 116 205 347 115 206 348 113 206 349 116 206 350 111 192 351 114 207 352 115 204 353 111 192 354 110 194 355 114 207 356 118 208 357 119 208 358 117 208 359 121 209 360 118 210 361 117 211 362 117 212 363 119 213 364 122 214 365 117 212 366 122 214 367 120 215 368 121 209 369 117 211 370 120 216 371 119 217 372 121 218 373 122 219 374 122 220 375 121 220 376 120 220 377 119 217 378 118 221 379 121 218 380 124 222 381 125 222 382 123 222 383 127 223 384 124 224 385 123 225 386 123 226 387 125 227 388 128 228 389 123 226 390 128 228 391 126 229 392 127 223 393 123 225 394 126 230 395 125 231 396 127 232 397 128 233 398 128 234 399 127 234 400 126 234 401 125 231 402 124 235 403 127 232 404 130 236 405 131 236 406 129 236 407 133 237 408 130 238 409 129 239 410 129 240 411 131 241 412 134 242 413 133 237 414 129 239 415 132 243 416 129 240 417 134 242 418 132 244 419 131 245 420 133 246 421 134 247 422 134 248 423 133 248 424 132 248 425 131 245 426 130 249 427 133 246 428 139 250 429 136 251 430 135 252 431 135 253 432 137 254 433 140 255 434 139 250 435 135 252 436 138 256 437 135 253 438 140 255 439 138 257 440 137 258 441 139 259 442 140 260 443 140 261 444 139 261 445 138 261 446 137 258 447 136 262 448 139 259 449 145 263 450 142 264 451 141 265 452 142 266 453 143 266 454 141 266 455 141 267 456 143 268 457 146 269 458 141 267 459 146 269 460 144 270 461 145 263 462 141 265 463 144 271 464 146 272 465 142 273 466 145 274 467 146 275 468 145 275 469 144 275 470 146 272 471 143 276 472 142 273 473 151 277 474 148 277 475 147 277 476 149 278 477 147 279 478 150 280 479 151 277 480 147 277 481 149 277 482 154 281 483 151 282 484 149 283 485 152 115 486 148 115 487 151 115 488 153 284 489 152 285 490 151 282 491 154 281 492 153 284 493 151 282 494 156 286 495 153 286 496 154 286 497 157 287 498 154 288 499 155 289 500 155 290 501 154 281 502 149 283 503 157 287 504 156 291 505 154 288 506 158 277 507 157 277 508 155 277 509 156 292 510 157 290 511 158 292 512 159 293 513 158 294 514 160 295 515 156 292 516 158 292 517 159 296 518 158 277 519 155 277 520 160 277 521 159 293 522 160 295 523 153 297 524 153 284 525 160 298 526 152 285 527 161 299 528 160 298 529 155 290 530 161 299 531 152 285 532 160 298 533 161 286 534 162 286 535 152 286 536 161 286 537 150 286 538 162 286 539 149 278 540 150 280 541 161 300 542 161 299 543 155 290 544 149 283 545 152 115 546 162 115 547 148 115 548 156 286 549 159 286 550 153 286 551 167 301 552 164 302 553 163 303 554 164 304 555 165 304 556 163 304 557 166 305 558 163 306 559 165 307 560 167 301 561 163 303 562 166 305 563 167 301 564 171 308 565 168 309 566 168 310 567 170 311 568 167 312 569 167 312 570 165 313 571 164 314 572 167 301 573 166 305 574 171 308 575 165 313 576 167 312 577 169 315 578 169 315 579 167 312 580 170 311 581 173 316 582 171 308 583 172 317 584 172 318 585 171 308 586 170 319 587 173 316 588 168 309 589 171 308 590 166 305 591 170 319 592 171 308 593 173 320 594 174 321 595 175 322 596 174 323 597 173 316 598 172 317 599 170 311 600 168 310 601 173 320 602 170 311 603 173 320 604 175 322 605 172 318 606 170 319 607 175 324 608 177 325 609 175 324 610 176 326 611 175 322 612 174 321 613 176 327 614 177 325 615 172 318 616 175 324 617 176 328 618 174 323 619 177 329 620 174 323 621 172 317 622 177 329 623 166 305 624 169 330 625 170 319 626 166 305 627 165 307 628 169 330 629 182 331 630 179 332 631 178 333 632 179 334 633 180 334 634 178 334 635 178 335 636 180 336 637 183 337 638 178 335 639 183 337 640 181 338 641 182 331 642 178 333 643 181 339 644 183 340 645 179 341 646 182 342 647 183 343 648 182 343 649 181 343 650 183 340 651 180 344 652 179 341 653 184 345 654 187 346 655 185 347 656 185 348 657 188 349 658 184 350 659 184 345 660 186 351 661 187 346 662 184 352 663 191 353 664 186 354 665 189 355 666 188 356 667 190 357 668 189 355 669 191 358 670 188 356 671 186 359 672 191 360 673 189 361 674 185 362 675 189 363 676 190 364 677 186 359 678 189 361 679 187 365 680 185 362 681 187 366 682 189 363 683 192 367 684 195 368 685 193 369 686 198 370 687 192 371 688 193 372 689 192 367 690 194 373 691 195 368 692 192 374 693 199 375 694 194 376 695 197 377 696 196 378 697 198 379 698 197 377 699 199 380 700 196 378 701 194 381 702 199 382 703 197 383 704 193 384 705 197 385 706 198 386 707 194 381 708 197 383 709 195 387 710 193 384 711 195 388 712 197 385 713 200 389 714 205 390 715 201 391 716 200 389 717 202 392 718 205 390 719 204 393 720 202 394 721 200 395 722 204 393 723 200 395 724 203 396 725 205 390 726 206 397 727 207 398 728 205 390 729 207 398 730 201 391 731 210 399 732 211 400 733 213 401 734 214 402 735 208 403 736 210 399 737 214 402 738 210 399 739 212 404 740 210 399 741 213 401 742 212 404 743 209 405 744 208 406 745 214 407 746 209 405 747 214 407 748 215 408 749 207 409 750 209 410 751 215 411 752 213 412 753 211 413 754 204 414 755 213 412 756 204 414 757 203 415 758 207 409 759 206 416 760 209 410 761 213 417 762 203 418 763 200 419 764 221 420 765 216 421 766 218 422 767 224 423 768 229 424 769 225 425 770 224 423 771 226 426 772 229 424 773 228 427 774 226 428 775 224 429 776 228 427 777 224 429 778 227 430 779 229 424 780 230 431 781 231 432 782 229 424 783 231 432 784 225 425 785 234 433 786 235 434 787 237 435 788 238 436 789 232 437 790 234 433 791 238 436 792 234 433 793 236 438 794 234 433 795 237 435 796 236 438 797 233 439 798 232 440 799 238 441 800 233 439 801 238 441 802 239 442 803 231 443 804 233 444 805 239 445 806 237 446 807 235 447 808 228 448 809 237 446 810 228 448 811 227 449 812 231 443 813 230 450 814 233 444 815 237 451 816 227 452 817 224 453 818 245 454 819 240 455 820 242 456 821 248 457 822 253 458 823 249 459 824 248 457 825 250 460 826 253 458 827 252 461 828 250 462 829 248 463 830 252 461 831 248 463 832 251 464 833 253 458 834 254 465 835 255 466 836 253 458 837 255 466 838 249 459 839 258 467 840 259 468 841 261 469 842 262 470 843 256 471 844 258 467 845 262 470 846 258 467 847 260 472 848 258 467 849 261 469 850 260 472 851 257 473 852 256 474 853 262 475 854 257 473 855 262 475 856 263 476 857 255 477 858 257 478 859 263 479 860 261 480 861 259 481 862 252 482 863 261 480 864 252 482 865 251 483 866 255 477 867 254 484 868 257 478 869 261 485 870 251 486 871 248 487 872 269 488 873 264 489 874 266 490 875 329 491 876 289 492 877 325 493 878 282 494 879 302 495 880 283 496 881 323 497 882 284 498 883 320 499 884 284 498 885 321 500 886 320 499 887 285 501 888 322 502 889 321 500 890 309 503 891 284 504 892 308 505 893 310 506 894 285 507 895 309 503 896 311 508 897 288 509 898 287 510 899 313 511 900 287 510 901 289 512 902 314 513 903 291 514 904 290 515 905 316 516 906 290 515 907 292 517 908 318 518 909 293 519 910 317 520 911 317 520 912 295 521 913 319 522 914 310 506 915 292 517 916 286 523 917 308 505 918 288 509 919 312 524 920 335 525 921 295 521 922 332 526 923 318 518 924 289 512 925 294 527 926 301 528 927 307 529 928 300 530 929 277 531 930 300 532 931 275 533 932 275 533 933 296 534 934 273 535 935 280 536 936 306 537 937 278 538 938 276 539 939 299 540 940 277 531 941 281 541 942 341 542 943 340 543 944 273 535 945 297 544 946 274 545 947 279 546 948 305 547 949 280 536 950 283 496 951 303 548 952 281 541 953 278 549 954 301 550 955 276 551 956 274 545 957 298 552 958 272 553 959 272 554 960 304 555 961 282 556 962 278 557 963 313 511 964 318 518 965 279 558 966 335 559 967 333 560 968 273 561 969 312 562 970 275 563 971 272 564 972 316 516 973 310 506 974 280 565 975 319 566 976 279 558 977 278 557 978 317 567 979 280 565 980 282 568 981 314 569 982 316 516 983 283 570 984 315 571 985 314 569 986 276 572 987 311 573 988 313 511 989 277 574 990 312 562 991 311 573 992 272 564 993 309 575 994 274 576 995 274 576 996 308 577 997 273 561 998 286 578 999 328 579 1000 322 580 1001 330 581 1002 295 582 1003 293 583 1004 294 584 1005 330 581 1006 293 583 1007 327 585 1008 292 586 1009 290 587 1010 291 588 1011 327 585 1012 290 587 1013 324 589 1014 289 590 1015 287 591 1016 288 592 1017 324 589 1018 287 591 1019 332 593 1020 331 594 1021 336 595 1022 333 596 1023 307 597 1024 279 546 1025 337 598 1026 291 514 1027 315 599 1028 281 600 1029 337 601 1030 315 571 1031 339 602 1032 326 603 1033 291 588 1034 334 604 1035 332 605 1036 336 606 1037 339 607 1038 341 608 1039 338 609 1040 333 610 1041 335 610 1042 332 610 1043 337 611 1044 340 611 1045 339 611 1046 334 612 1047 343 613 1048 341 614 1049 342 615 1050 345 616 1051 343 617 1052 411 618 1053 380 619 1054 375 620 1055 365 621 1056 388 622 1057 366 623 1058 417 624 1059 350 625 1060 412 626 1061 409 627 1062 370 628 1063 406 629 1064 370 628 1065 407 630 1066 406 629 1067 371 631 1068 408 632 1069 407 630 1070 409 627 1071 357 633 1072 410 634 1073 357 633 1074 411 618 1075 410 634 1076 412 626 1077 351 635 1078 413 636 1079 351 635 1080 414 637 1081 413 636 1082 415 638 1083 369 639 1084 416 640 1085 369 639 1086 417 624 1087 416 640 1088 408 641 1089 349 642 1090 347 643 1091 395 644 1092 370 645 1093 394 646 1094 396 647 1095 371 648 1096 395 644 1097 397 649 1098 374 650 1099 373 651 1100 399 652 1101 373 651 1102 375 653 1103 400 654 1104 377 655 1105 376 656 1106 402 657 1107 376 656 1108 378 658 1109 404 659 1110 379 660 1111 403 661 1112 403 661 1113 381 662 1114 405 663 1115 396 647 1116 378 658 1117 372 664 1118 394 646 1119 374 650 1120 398 665 1121 405 663 1122 377 655 1123 401 666 1124 404 667 1125 375 653 1126 380 668 1127 392 669 1128 391 290 1129 393 670 1130 360 671 1131 386 672 1132 358 673 1133 358 673 1134 382 674 1135 353 675 1136 363 676 1137 392 677 1138 361 678 1139 359 679 1140 385 680 1141 360 671 1142 364 681 1143 393 682 1144 362 683 1145 353 675 1146 383 684 1147 354 685 1148 362 683 1149 391 686 1150 363 676 1151 366 623 1152 389 687 1153 364 681 1154 361 688 1155 387 689 1156 359 679 1157 354 685 1158 384 690 1159 352 691 1160 352 692 1161 390 693 1162 365 694 1163 361 695 1164 399 696 1165 404 697 1166 362 698 1167 401 699 1168 364 700 1169 353 701 1170 398 702 1171 358 703 1172 352 704 1173 402 657 1174 396 647 1175 363 705 1176 405 706 1177 362 698 1178 361 707 1179 403 708 1180 363 705 1181 365 709 1182 400 710 1183 402 657 1184 366 711 1185 401 699 1186 400 710 1187 359 712 1188 397 713 1189 399 696 1190 360 714 1191 398 702 1192 397 713 1193 352 704 1194 395 715 1195 354 716 1196 354 716 1197 394 717 1198 353 701 1199 372 718 1200 414 719 1201 408 641 1202 416 640 1203 381 720 1204 379 721 1205 380 722 1206 416 640 1207 379 721 1208 413 636 1209 378 723 1210 376 724 1211 377 725 1212 413 636 1213 376 724 1214 410 634 1215 375 620 1216 373 726 1217 374 727 1218 410 634 1219 373 726 1220 407 630 1221 347 728 1222 348 729 1223 406 629 1224 348 729 1225 346 730 1226 346 730 1227 409 627 1228 406 629 1229 381 720 1230 412 626 1231 377 725 1232 355 731 1233 415 732 1234 411 618 1235 459 733 1236 429 734 1237 457 735 1238 455 736 1239 426 737 1240 454 738 1241 448 739 1242 427 740 1243 447 741 1244 447 741 1245 429 742 1246 449 743 1247 451 744 1248 432 745 1249 431 746 1250 453 747 1251 431 746 1252 433 748 1253 446 749 1254 428 750 1255 448 739 1256 465 751 1257 433 748 1258 462 752 1259 449 743 1260 432 745 1261 452 753 1262 437 754 1263 439 755 1264 436 756 1265 421 757 1266 438 758 1267 419 759 1268 419 760 1269 434 760 1270 418 760 1271 424 761 1272 444 762 1273 422 763 1274 420 764 1275 437 765 1276 421 757 1277 425 766 1278 471 766 1279 470 767 1280 423 768 1281 443 769 1282 424 761 1283 422 763 1284 439 770 1285 420 764 1286 420 771 1287 452 772 1288 422 773 1289 423 774 1290 465 751 1291 463 775 1292 418 776 1293 448 739 1294 419 777 1295 423 774 1296 451 778 1297 453 747 1298 424 779 1299 452 772 1300 451 778 1301 421 780 1302 449 781 1303 420 771 1304 419 777 1305 447 782 1306 421 780 1307 460 783 1308 433 784 1309 431 785 1310 432 786 1311 460 783 1312 431 785 1313 427 787 1314 457 735 1315 429 734 1316 428 788 1317 456 789 1318 427 787 1319 462 790 1320 461 791 1321 466 792 1322 463 793 1323 445 794 1324 423 795 1325 467 796 1326 430 797 1327 450 798 1328 425 799 1329 467 796 1330 450 798 1331 469 800 1332 458 801 1333 430 802 1334 464 803 1335 462 804 1336 466 805 1337 469 806 1338 471 807 1339 468 808 1340 463 809 1341 465 809 1342 462 809 1343 467 810 1344 470 810 1345 469 810 1346 471 811 1347 472 812 1348 473 813 1349 472 814 1350 475 814 1351 473 815 1352 481 816 1353 478 817 1354 477 818 1355 480 819 1356 478 820 1357 479 821 1358 480 822 1359 477 823 1360 476 824 1361 477 825 1362 478 825 1363 476 825 1364 481 826 1365 480 826 1366 479 826 1367 493 827 1368 486 828 1369 492 829 1370 491 830 1371 486 828 1372 484 831 1373 487 832 1374 489 833 1375 485 834 1376 487 832 1377 488 835 1378 490 836 1379 490 836 1380 491 830 1381 489 833 1382 490 836 1383 493 827 1384 492 829 1385 495 837 1386 497 838 1387 496 839 1388 494 840 1389 497 841 1390 498 842 1391 498 843 1392 495 844 1393 494 845 1394 495 846 1395 496 846 1396 494 846 1397 499 847 1398 498 847 1399 497 847 1400 501 848 1401 503 849 1402 502 850 1403 500 851 1404 503 852 1405 504 853 1406 504 854 1407 501 855 1408 500 856 1409 501 857 1410 502 857 1411 500 857 1412 505 858 1413 504 858 1414 503 858 1415 511 859 1416 508 860 1417 507 861 1418 510 862 1419 508 863 1420 509 864 1421 510 865 1422 507 866 1423 506 867 1424 507 868 1425 508 868 1426 506 868 1427 511 869 1428 510 869 1429 509 869 1430 513 870 1431 515 871 1432 514 872 1433 512 873 1434 515 874 1435 516 875 1436 516 876 1437 513 877 1438 512 878 1439 513 879 1440 514 879 1441 512 879 1442 517 880 1443 516 880 1444 515 880 1445 519 881 1446 521 882 1447 520 883 1448 518 884 1449 521 885 1450 522 886 1451 522 887 1452 519 888 1453 518 889 1454 519 890 1455 520 890 1456 518 890 1457 523 891 1458 522 891 1459 521 891 1460 535 892 1461 528 893 1462 534 894 1463 533 895 1464 528 893 1465 526 896 1466 529 897 1467 531 898 1468 527 899 1469 529 897 1470 530 900 1471 532 901 1472 532 901 1473 533 895 1474 531 898 1475 532 901 1476 535 892 1477 534 894 1478 547 902 1479 540 903 1480 546 904 1481 545 905 1482 540 903 1483 538 906 1484 541 907 1485 543 908 1486 539 909 1487 541 907 1488 542 910 1489 544 911 1490 544 911 1491 545 905 1492 543 908 1493 544 911 1494 547 902 1495 546 904 1496 559 912 1497 552 913 1498 558 914 1499 557 915 1500 552 913 1501 550 916 1502 553 917 1503 555 918 1504 551 919 1505 553 917 1506 554 920 1507 556 921 1508 556 921 1509 557 915 1510 555 918 1511 556 921 1512 559 912 1513 558 914 1514 579 922 1515 633 923 1516 578 924 1517 561 925 1518 588 926 1519 562 927 1520 567 928 1521 607 929 1522 565 928 1523 609 930 1524 562 927 1525 593 931 1526 592 932 1527 564 933 1528 611 934 1529 617 286 1530 636 935 1531 577 936 1532 578 924 1533 634 937 1534 576 938 1535 566 939 1536 603 940 1537 564 933 1538 568 941 1539 623 286 1540 617 286 1541 596 942 1542 565 928 1543 615 943 1544 597 944 1545 616 945 1546 563 946 1547 572 947 1548 601 948 1549 574 949 1550 574 949 1551 602 950 1552 575 951 1553 575 951 1554 603 940 1555 573 952 1556 604 953 1557 590 954 1558 588 926 1559 605 955 1560 591 956 1561 590 954 1562 606 957 1563 589 958 1564 591 956 1565 593 931 1566 608 959 1567 609 930 1568 595 960 1569 610 961 1570 608 959 1571 594 962 1572 611 934 1573 610 961 1574 613 963 1575 599 964 1576 612 965 1577 612 965 1578 598 966 1579 614 967 1580 614 967 1581 596 942 1582 615 943 1583 563 946 1584 600 968 1585 572 947 1586 571 969 1587 600 970 1588 569 971 1589 571 969 1590 602 972 1591 601 973 1592 570 974 1593 603 13 1594 602 972 1595 587 975 1596 604 976 1597 585 977 1598 587 975 1599 606 978 1600 605 979 1601 586 980 1602 607 981 1603 606 978 1604 578 982 1605 609 983 1606 608 984 1607 578 982 1608 610 985 1609 579 986 1610 579 986 1611 611 13 1612 577 13 1613 582 987 1614 613 988 1615 612 989 1616 582 987 1617 614 990 1618 583 991 1619 583 991 1620 615 992 1621 581 993 1622 569 971 1623 616 994 1624 560 995 1625 568 13 1626 564 13 1627 603 13 1628 577 13 1629 564 13 1630 617 13 1631 576 996 1632 561 997 1633 609 983 1634 580 998 1635 616 994 1636 613 988 1637 581 993 1638 565 999 1639 619 1000 1640 585 977 1641 561 997 1642 618 1001 1643 584 1002 1644 565 999 1645 607 981 1646 629 1003 1647 632 1004 1648 630 1005 1649 625 1006 1650 622 1007 1651 620 1008 1652 638 1009 1653 640 1010 1654 620 1008 1655 636 1011 1656 620 1008 1657 634 1012 1658 571 1013 1659 625 1014 1660 626 1015 1661 618 1016 1662 634 937 1663 621 1017 1664 577 936 1665 635 1018 1666 579 1019 1667 570 1020 1668 626 1015 1669 627 1021 1670 580 1022 1671 622 1023 1672 560 1024 1673 580 1022 1674 637 1025 1675 638 1026 1676 570 1027 1677 628 1028 1678 568 941 1679 619 277 1680 640 1029 1681 581 1030 1682 583 1031 1683 637 1025 1684 582 1032 1685 585 1033 1686 630 1034 1687 587 1035 1688 585 1033 1689 621 1017 1690 629 1036 1691 583 1037 1692 640 1029 1693 639 1038 1694 587 1035 1695 631 1039 1696 586 1040 1697 619 277 1698 632 1041 1699 624 277 1700 560 1024 1701 625 1014 1702 569 1042 1703 586 1043 1704 632 1041 1705 584 1044 1706 659 1045 1707 714 1046 1708 716 1047 1709 642 1048 1710 643 1049 1711 669 1050 1712 648 1051 1713 646 1051 1714 688 1052 1715 690 1053 1716 674 1054 1717 643 1049 1718 673 1055 1719 692 1056 1720 645 1057 1721 658 13 1722 717 13 1723 704 13 1724 657 1058 1725 715 1059 1726 714 1046 1727 647 1060 1728 645 1057 1729 684 1061 1730 649 13 1731 698 13 1732 704 13 1733 677 1062 1734 696 1062 1735 646 1051 1736 678 1063 1737 644 1064 1738 697 1065 1739 653 1066 1740 655 1067 1741 682 1068 1742 655 1067 1743 656 1069 1744 683 1070 1745 656 1069 1746 654 1071 1747 684 1072 1748 685 1073 1749 669 1050 1750 671 1074 1751 686 1075 1752 671 1074 1753 672 1076 1754 687 1077 1755 672 1076 1756 670 1078 1757 674 1054 1758 690 1053 1759 689 1079 1760 676 1080 1761 689 1079 1762 691 1081 1763 675 1082 1764 691 1081 1765 692 1083 1766 694 1084 1767 693 1085 1768 680 1086 1769 693 1085 1770 695 1087 1771 679 1088 1772 695 1087 1773 696 1089 1774 677 1090 1775 644 1064 1776 653 1066 1777 681 1091 1778 652 1092 1779 650 1093 1780 681 1094 1781 651 1095 1782 652 1092 1783 682 1096 1784 649 1097 1785 651 1095 1786 683 1098 1787 668 1099 1788 666 1100 1789 685 1101 1790 667 1102 1791 668 1099 1792 686 1103 1793 665 1104 1794 667 1102 1795 687 1105 1796 659 1106 1797 689 1107 1798 690 1108 1799 660 1109 1800 691 1110 1801 689 1107 1802 658 1111 1803 692 1112 1804 691 1110 1805 663 1113 1806 693 1114 1807 694 1115 1808 664 1116 1809 695 1117 1810 693 1114 1811 662 1118 1812 696 1119 1813 695 1117 1814 650 1093 1815 641 286 1816 697 1120 1817 649 1097 1818 684 1121 1819 645 286 1820 658 1111 1821 698 286 1822 645 286 1823 657 1122 1824 690 1108 1825 642 1123 1826 661 1124 1827 694 1115 1828 697 1120 1829 662 1118 1830 700 286 1831 646 286 1832 666 1100 1833 699 286 1834 642 1123 1835 665 1104 1836 688 1119 1837 646 286 1838 711 1125 1839 705 1126 1840 710 1127 1841 701 1128 1842 706 1129 1843 704 1130 1844 705 1126 1845 719 1131 1846 701 1128 1847 715 1132 1848 704 1130 1849 714 1133 1850 650 1134 1851 652 1135 1852 707 1136 1853 699 1137 1854 702 1138 1855 715 1059 1856 660 1139 1857 716 1140 1858 717 1141 1859 652 1135 1860 651 1142 1861 708 1143 1862 661 1144 1863 641 1145 1864 703 1146 1865 663 1147 1866 661 1144 1867 719 1148 1868 651 1149 1869 649 1150 1870 709 1151 1871 700 1152 1872 662 1153 1873 721 1154 1874 664 1155 1875 663 1147 1876 718 1156 1877 668 1157 1878 711 1158 1879 710 1159 1880 666 1160 1881 710 1159 1882 702 1138 1883 662 1161 1884 664 1162 1885 720 1163 1886 667 1164 1887 712 1165 1888 711 1158 1889 665 1166 1890 700 1152 1891 705 1167 1892 641 1145 1893 650 1134 1894 706 1168 1895 665 1169 1896 713 1170 1897 712 1171 1898 741 1172 1899 795 1173 1900 740 1174 1901 723 1175 1902 750 1176 1903 724 1177 1904 729 1178 1905 769 1179 1906 727 1180 1907 771 1181 1908 724 1177 1909 755 1182 1910 754 1183 1911 726 1184 1912 773 1185 1913 779 1186 1914 798 1187 1915 739 1188 1916 740 1174 1917 796 1189 1918 738 1190 1919 726 1184 1920 735 1191 1921 765 1184 1922 730 1186 1923 785 1187 1924 779 1186 1925 758 1192 1926 727 1180 1927 777 1193 1928 759 1194 1929 778 1195 1930 725 1196 1931 734 1197 1932 763 1198 1933 736 1199 1934 736 1199 1935 764 1200 1936 737 1201 1937 737 1201 1938 765 1202 1939 735 1203 1940 766 1204 1941 752 1205 1942 750 1176 1943 767 1206 1944 753 1207 1945 752 1205 1946 768 1208 1947 751 1209 1948 753 1207 1949 755 1182 1950 770 1210 1951 771 1181 1952 757 1211 1953 772 1212 1954 770 1210 1955 756 1213 1956 773 1214 1957 772 1212 1958 775 1215 1959 761 1216 1960 774 1217 1961 774 1217 1962 760 1218 1963 776 1219 1964 776 1219 1965 758 1220 1966 777 1221 1967 725 1196 1968 762 1222 1969 734 1197 1970 733 1223 1971 762 1224 1972 731 1225 1973 732 1226 1974 763 1227 1975 733 1223 1976 730 1228 1977 764 1229 1978 732 1226 1979 749 1230 1980 766 1231 1981 747 1232 1982 748 1233 1983 767 1234 1984 749 1230 1985 746 1235 1986 768 1236 1987 748 1233 1988 740 1237 1989 771 1238 1990 770 1239 1991 741 1240 1992 770 1239 1993 772 1241 1994 739 277 1995 772 1241 1996 773 277 1997 744 1242 1998 775 1243 1999 774 1244 2000 745 1245 2001 774 1244 2002 776 1246 2003 743 277 2004 776 1246 2005 777 277 2006 731 1225 2007 778 1247 2008 722 1248 2009 730 1228 2010 726 277 2011 765 1249 2012 739 277 2013 726 277 2014 779 277 2015 738 1250 2016 723 1251 2017 771 1238 2018 742 1252 2019 778 1247 2020 775 1243 2021 743 277 2022 727 277 2023 781 277 2024 747 1232 2025 723 1251 2026 780 1253 2027 746 1235 2028 727 277 2029 769 277 2030 792 1254 2031 791 1255 2032 786 1256 2033 782 1257 2034 785 1258 2035 787 1259 2036 786 1256 2037 782 1257 2038 800 1260 2039 796 1261 2040 795 1262 2041 785 1258 2042 733 1263 2043 787 1264 2044 788 1265 2045 738 1190 2046 783 1266 2047 780 1267 2048 739 1268 2049 797 1269 2050 741 1270 2051 732 1271 2052 788 1265 2053 789 1272 2054 722 1273 2055 800 1274 2056 784 1275 2057 742 1276 2058 799 1277 2059 800 1274 2060 730 1278 2061 789 1279 2062 790 1280 2063 781 1281 2064 802 1282 2065 743 1283 2066 744 1284 2067 801 1285 2068 799 1277 2069 747 1286 2070 792 1287 2071 749 1288 2072 780 1267 2073 791 1289 2074 747 1286 2075 745 1290 2076 802 1291 2077 801 1292 2078 749 1288 2079 793 1293 2080 748 1294 2081 781 1281 2082 794 1295 2083 786 1296 2084 731 1297 2085 784 1275 2086 787 1264 2087 748 1298 2088 794 1299 2089 746 1300 2090 821 1301 2091 876 1302 2092 878 1303 2093 805 1304 2094 831 1305 2095 847 1306 2096 810 1307 2097 808 1307 2098 850 1308 2099 836 1309 2100 805 1304 2101 804 290 2102 835 1310 2103 854 1311 2104 807 1312 2105 860 1313 2106 820 1314 2107 879 1315 2108 819 1316 2109 877 1317 2110 876 1302 2111 809 1318 2112 807 1312 2113 846 1319 2114 811 1320 2115 860 1313 2116 866 1321 2117 839 1322 2118 858 1323 2119 808 1307 2120 806 1324 2121 859 1325 2122 856 1326 2123 843 1327 2124 815 1328 2125 817 1329 2126 844 1330 2127 817 1329 2128 818 1331 2129 845 1332 2130 818 1331 2131 816 1333 2132 831 1305 2133 833 1334 2134 848 1335 2135 833 1334 2136 834 1336 2137 849 1337 2138 834 1336 2139 832 1338 2140 850 1308 2141 852 1339 2142 851 1340 2143 838 1341 2144 851 1340 2145 853 1342 2146 837 1343 2147 853 1342 2148 854 1311 2149 835 1310 2150 840 1344 2151 856 1326 2152 855 1345 2153 842 1346 2154 855 1345 2155 857 1347 2156 841 1348 2157 857 1347 2158 858 1323 2159 815 1328 2160 843 1327 2161 859 1325 2162 814 1349 2163 812 1350 2164 843 1351 2165 813 1352 2166 814 1349 2167 844 1353 2168 811 1354 2169 813 1352 2170 845 1355 2171 830 1356 2172 828 1357 2173 847 1358 2174 829 1359 2175 830 1356 2176 848 1360 2177 827 1361 2178 829 1359 2179 849 1362 2180 821 1363 2181 851 1364 2182 852 1365 2183 822 1366 2184 853 1367 2185 851 1364 2186 820 1368 2187 854 1369 2188 853 1367 2189 825 1370 2190 855 1371 2191 856 1372 2192 826 1373 2193 857 1374 2194 855 1371 2195 824 1375 2196 858 1376 2197 857 1374 2198 812 1350 2199 803 1377 2200 859 1378 2201 811 1354 2202 846 1379 2203 807 1380 2204 820 1368 2205 860 1381 2206 807 1380 2207 819 1382 2208 852 1365 2209 804 1383 2210 823 1384 2211 856 1372 2212 859 1378 2213 824 1375 2214 862 1385 2215 808 1386 2216 828 1357 2217 861 1387 2218 804 1383 2219 827 1361 2220 850 1388 2221 808 1386 2222 873 1389 2223 867 1390 2224 872 1391 2225 863 1392 2226 868 1393 2227 866 1394 2228 867 1390 2229 881 1395 2230 863 1392 2231 876 1396 2232 879 1397 2233 878 1398 2234 812 1399 2235 814 1400 2236 869 1401 2237 861 1402 2238 864 1403 2239 877 1317 2240 822 1404 2241 878 1405 2242 879 1315 2243 814 1400 2244 813 1406 2245 870 1407 2246 823 1408 2247 803 290 2248 865 290 2249 825 1409 2250 823 1408 2251 881 1410 2252 813 1411 2253 811 1320 2254 871 1412 2255 862 1413 2256 824 1414 2257 883 1415 2258 826 1416 2259 825 1409 2260 880 1417 2261 830 1418 2262 873 1419 2263 872 1420 2264 828 1421 2265 872 1420 2266 864 1403 2267 824 1414 2268 826 1422 2269 882 1423 2270 829 1424 2271 874 1425 2272 873 1419 2273 862 1413 2274 867 1426 2275 875 1427 2276 803 290 2277 812 1399 2278 868 1428 2279 827 1429 2280 875 1427 2281 874 1430 2282 889 1431 2283 886 1432 2284 885 1433 2285 888 1434 2286 886 1435 2287 887 1436 2288 885 1437 2289 886 1437 2290 884 1437 2291 889 1438 2292 888 1438 2293 887 1438 2294 891 1439 2295 893 1440 2296 892 1441 2297 894 1442 2298 892 1443 2299 893 1444 2300 891 1445 2301 892 1445 2302 890 1445 2303 895 1446 2304 894 1446 2305 893 1446 2306 901 1447 2307 898 1448 2308 897 1449 2309 900 1450 2310 898 1451 2311 899 1452 2312 897 1453 2313 898 1453 2314 896 1453 2315 901 1454 2316 900 1454 2317 899 1454 2318 907 1455 2319 904 1456 2320 903 1457 2321 906 1458 2322 904 1459 2323 905 1460 2324 903 1461 2325 904 1461 2326 902 1461 2327 907 1462 2328 906 1462 2329 905 1462 2330 913 1463 2331 910 1464 2332 909 1465 2333 912 1466 2334 910 1467 2335 911 1468 2336 909 1469 2337 910 1469 2338 908 1469 2339 913 1470 2340 912 1470 2341 911 1470 2342 919 1471 2343 916 1472 2344 915 1473 2345 918 1474 2346 916 1475 2347 917 1476 2348 915 1477 2349 916 1477 2350 914 1477 2351 919 1478 2352 918 1478 2353 917 1478 2354 921 1479 2355 923 1480 2356 922 1481 2357 924 1482 2358 922 1483 2359 923 1484 2360 921 1485 2361 922 1485 2362 920 1485 2363 925 1486 2364 924 1486 2365 923 1486 2366 927 1487 2367 929 1488 2368 928 1489 2369 930 1490 2370 928 1491 2371 929 1492 2372 927 1493 2373 928 1493 2374 926 1493 2375 931 1486 2376 930 1486 2377 929 1486 2378 937 1494 2379 934 1495 2380 933 1496 2381 936 1497 2382 934 1498 2383 935 1499 2384 933 1500 2385 934 1500 2386 932 1500 2387 937 1501 2388 936 1501 2389 935 1501 2390 943 1502 2391 940 1503 2392 939 1504 2393 942 1505 2394 940 1506 2395 941 1507 2396 939 1500 2397 940 1500 2398 938 1500 2399 943 1508 2400 942 1508 2401 941 1508 2402 949 1502 2403 946 1509 2404 945 1510 2405 948 1511 2406 946 1512 2407 947 1513 2408 945 1514 2409 946 1514 2410 944 1514 2411 949 1508 2412 948 1508 2413 947 1508 2414 955 1515 2415 952 1516 2416 951 1517 2417 954 1518 2418 952 1519 2419 953 1520 2420 951 1521 2421 952 1521 2422 950 1521 2423 955 1522 2424 954 1522 2425 953 1522 2426 19 0 2427 75 1523 2428 73 1 2429 1 3 2430 44 29 2431 28 4 2432 7 6 2433 29 7 2434 47 7 2435 49 8 2436 1 3 2437 2 5 2438 32 10 2439 6 11 2440 4 11 2441 17 13 2442 57 13 2443 63 13 2444 18 2 2445 73 1 2446 74 14 2447 4 11 2448 6 11 2449 13 11 2450 8 13 2451 68 13 2452 63 13 2453 36 17 2454 7 6 2455 5 6 2456 37 19 2457 53 40 2458 56 20 2459 12 22 2460 40 47 2461 41 23 2462 14 24 2463 41 23 2464 42 25 2465 15 26 2466 42 25 2467 43 27 2468 44 29 2469 45 31 2470 30 30 2471 45 31 2472 46 33 2473 31 32 2474 46 33 2475 47 1524 2476 29 34 2477 33 9 2478 35 36 2479 48 35 2480 35 36 2481 34 38 2482 50 37 2483 34 38 2484 32 1525 2485 51 39 2486 53 40 2487 37 19 2488 39 41 2489 52 42 2490 39 41 2491 38 43 2492 54 44 2493 38 43 2494 36 45 2495 3 21 2496 56 20 2497 40 47 2498 11 48 2499 41 52 2500 40 49 2501 10 51 2502 42 54 2503 41 52 2504 8 53 2505 43 79 2506 42 54 2507 27 55 2508 45 59 2509 44 56 2510 26 58 2511 46 61 2512 45 59 2513 24 60 2514 47 87 2515 46 61 2516 18 62 2517 16 81 2518 49 63 2519 19 65 2520 18 62 2521 48 64 2522 17 67 2523 19 65 2524 50 66 2525 22 69 2526 20 83 2527 53 70 2528 23 72 2529 22 69 2530 52 71 2531 21 74 2532 23 72 2533 54 73 2534 9 50 2535 40 49 2536 56 76 2537 8 53 2538 57 80 2539 4 78 2540 17 67 2541 51 68 2542 4 78 2543 16 81 2544 58 86 2545 1 82 2546 20 83 2547 0 77 2548 56 76 2549 21 74 2550 55 75 2551 5 84 2552 25 57 2553 44 56 2554 1 82 2555 24 60 2556 59 85 2557 5 84 2558 61 1526 2559 60 91 2560 69 89 2561 60 91 2562 64 90 2563 69 89 2564 64 90 2565 72 277 2566 70 88 2567 72 277 2568 71 277 2569 70 88 2570 63 92 2571 68 1527 2572 66 1528 2573 68 1527 2574 67 1529 2575 66 1528 2576 66 1528 2577 65 93 2578 63 92 2579 65 93 2580 62 1530 2581 60 91 2582 60 91 2583 62 1530 2584 78 94 2585 78 94 2586 77 1531 2587 64 90 2588 77 1531 2589 79 1532 2590 80 1533 2591 64 90 2592 77 1531 2593 80 1533 2594 76 1534 2595 63 92 2596 73 96 2597 63 92 2598 60 91 2599 74 95 2600 76 1534 2601 73 96 2602 75 1535 2603 60 91 2604 61 1526 2605 74 95 2606 11 97 2607 9 127 2608 65 98 2609 16 15 2610 74 14 2611 61 100 2612 17 102 2613 76 1536 2614 75 103 2615 10 105 2616 11 97 2617 66 99 2618 0 107 2619 20 110 2620 78 108 2621 20 110 2622 22 116 2623 77 111 2624 8 112 2625 10 1537 2626 67 113 2627 59 115 2628 64 115 2629 80 115 2630 22 116 2631 23 1538 2632 79 117 2633 25 118 2634 69 121 2635 70 119 2636 58 101 2637 61 100 2638 69 121 2639 23 122 2640 21 1539 2641 80 123 2642 27 120 2643 70 119 2644 71 125 2645 59 115 2646 24 115 2647 72 115 2648 9 127 2649 0 107 2650 62 109 2651 26 128 2652 71 1540 2653 72 129 2654 185 348 2655 190 1541 2656 188 349 2657 184 352 2658 188 1542 2659 191 353 2660 198 370 2661 196 1543 2662 192 371 2663 192 374 2664 196 1544 2665 199 375 2666 200 419 2667 201 1545 2668 212 1546 2669 201 1545 2670 207 1547 2671 214 1548 2672 207 1547 2673 215 1549 2674 214 1548 2675 214 1548 2676 212 1546 2677 201 1545 2678 212 1546 2679 213 417 2680 200 419 2681 216 421 2682 220 1550 2683 217 1551 2684 217 1551 2685 222 1552 2686 219 1553 2687 219 1553 2688 222 1552 2689 223 1554 2690 222 1552 2691 217 1551 2692 220 1550 2693 220 1550 2694 216 421 2695 221 420 2696 224 453 2697 225 1555 2698 236 1556 2699 225 1555 2700 231 1557 2701 238 1558 2702 231 1557 2703 239 1559 2704 238 1558 2705 238 1558 2706 236 1556 2707 225 1555 2708 236 1556 2709 237 451 2710 224 453 2711 240 455 2712 244 1560 2713 241 1561 2714 241 1561 2715 246 1562 2716 243 1563 2717 243 1563 2718 246 1562 2719 247 1564 2720 246 1562 2721 241 1561 2722 244 1560 2723 244 1560 2724 240 455 2725 245 454 2726 248 487 2727 249 1565 2728 260 1566 2729 249 1565 2730 255 1567 2731 262 1568 2732 255 1567 2733 263 1569 2734 262 1568 2735 262 1568 2736 260 1566 2737 249 1565 2738 260 1566 2739 261 485 2740 248 487 2741 264 489 2742 268 1570 2743 265 1571 2744 265 1571 2745 270 1572 2746 267 1573 2747 267 1573 2748 270 1572 2749 271 1574 2750 270 1572 2751 265 1571 2752 268 1570 2753 268 1570 2754 264 489 2755 269 488 2756 329 491 2757 294 1575 2758 289 492 2759 282 494 2760 304 1576 2761 302 495 2762 323 497 2763 288 592 2764 284 498 2765 284 498 2766 285 501 2767 321 500 2768 285 501 2769 286 1577 2770 322 502 2771 309 503 2772 285 507 2773 284 504 2774 310 506 2775 286 523 2776 285 507 2777 311 508 2778 312 524 2779 288 509 2780 313 511 2781 311 508 2782 287 510 2783 314 513 2784 315 599 2785 291 514 2786 316 516 2787 314 513 2788 290 515 2789 318 518 2790 294 527 2791 293 519 2792 317 520 2793 293 519 2794 295 521 2795 310 506 2796 316 516 2797 292 517 2798 308 505 2799 284 504 2800 288 509 2801 335 525 2802 319 522 2803 295 521 2804 318 518 2805 313 511 2806 289 512 2807 341 614 2808 303 1578 2809 296 1579 2810 303 1578 2811 302 1580 2812 304 1581 2813 296 1579 2814 303 1578 2815 304 1581 2816 304 1581 2817 298 290 2818 296 1579 2819 298 290 2820 297 290 2821 296 1579 2822 296 1579 2823 300 530 2824 341 614 2825 300 530 2826 299 1582 2827 301 528 2828 334 612 2829 300 530 2830 307 529 2831 301 528 2832 306 1583 2833 307 529 2834 306 1583 2835 305 1584 2836 307 529 2837 334 612 2838 341 614 2839 300 530 2840 277 531 2841 299 540 2842 300 532 2843 275 533 2844 300 532 2845 296 534 2846 280 536 2847 305 547 2848 306 537 2849 276 539 2850 301 1585 2851 299 540 2852 281 541 2853 303 548 2854 341 542 2855 273 535 2856 296 534 2857 297 544 2858 279 546 2859 307 597 2860 305 547 2861 283 496 2862 302 495 2863 303 548 2864 278 549 2865 306 549 2866 301 550 2867 274 545 2868 297 544 2869 298 552 2870 272 554 2871 298 554 2872 304 555 2873 278 557 2874 276 572 2875 313 511 2876 279 558 2877 319 566 2878 335 559 2879 273 561 2880 308 577 2881 312 562 2882 272 564 2883 282 568 2884 316 516 2885 280 565 2886 317 567 2887 319 566 2888 278 557 2889 318 518 2890 317 567 2891 282 568 2892 283 570 2893 314 569 2894 283 570 2895 281 600 2896 315 571 2897 276 572 2898 277 574 2899 311 573 2900 277 574 2901 275 563 2902 312 562 2903 272 564 2904 310 506 2905 309 575 2906 274 576 2907 309 575 2908 308 577 2909 286 578 2910 292 1586 2911 328 579 2912 330 581 2913 331 594 2914 295 582 2915 294 584 2916 329 1587 2917 330 581 2918 327 585 2919 328 1588 2920 292 586 2921 291 588 2922 326 603 2923 327 585 2924 324 589 2925 325 1589 2926 289 590 2927 288 592 2928 323 497 2929 324 589 2930 332 593 2931 295 582 2932 331 594 2933 333 596 2934 334 1590 2935 307 597 2936 337 598 2937 339 1591 2938 291 514 2939 281 600 2940 340 1592 2941 337 601 2942 339 602 2943 338 1593 2944 326 603 2945 334 604 2946 333 1594 2947 332 605 2948 339 607 2949 340 1595 2950 341 608 2951 334 612 2952 342 1596 2953 343 613 2954 342 615 2955 344 1597 2956 345 616 2957 411 618 2958 415 732 2959 380 619 2960 365 621 2961 390 1598 2962 388 622 2963 417 624 2964 367 1599 2965 350 625 2966 409 627 2967 374 727 2968 370 628 2969 370 628 2970 371 631 2971 407 630 2972 371 631 2973 372 1600 2974 408 632 2975 409 627 2976 356 1601 2977 357 633 2978 357 633 2979 355 731 2980 411 618 2981 412 626 2982 350 625 2983 351 635 2984 351 635 2985 349 1602 2986 414 637 2987 415 638 2988 368 1603 2989 369 639 2990 369 639 2991 367 1599 2992 417 624 2993 408 641 2994 414 719 2995 349 642 2996 395 644 2997 371 648 2998 370 645 2999 396 647 3000 372 664 3001 371 648 3002 397 649 3003 398 665 3004 374 650 3005 399 652 3006 397 649 3007 373 651 3008 400 654 3009 401 666 3010 377 655 3011 402 657 3012 400 654 3013 376 656 3014 404 659 3015 380 1604 3016 379 660 3017 403 661 3018 379 660 3019 381 662 3020 396 647 3021 402 657 3022 378 658 3023 394 646 3024 370 645 3025 374 650 3026 405 663 3027 381 662 3028 377 655 3029 404 667 3030 399 652 3031 375 653 3032 393 670 3033 389 1605 3034 386 1606 3035 389 1605 3036 388 290 3037 382 1607 3038 393 670 3039 386 1606 3040 387 1608 3041 388 290 3042 390 1609 3043 382 1607 3044 390 1609 3045 384 290 3046 383 1610 3047 382 1607 3048 390 1609 3049 383 1610 3050 382 1607 3051 386 1606 3052 389 1605 3053 386 1606 3054 385 290 3055 387 1608 3056 387 1608 3057 392 669 3058 393 670 3059 360 671 3060 385 680 3061 386 672 3062 358 673 3063 386 672 3064 382 674 3065 363 676 3066 391 686 3067 392 677 3068 359 679 3069 387 689 3070 385 680 3071 364 681 3072 389 687 3073 393 682 3074 353 675 3075 382 674 3076 383 684 3077 362 683 3078 393 682 3079 391 686 3080 366 623 3081 388 622 3082 389 687 3083 361 688 3084 392 1611 3085 387 689 3086 354 685 3087 383 684 3088 384 690 3089 352 692 3090 384 1612 3091 390 693 3092 361 695 3093 359 712 3094 399 696 3095 362 698 3096 405 706 3097 401 699 3098 353 701 3099 394 717 3100 398 702 3101 352 704 3102 365 709 3103 402 657 3104 363 705 3105 403 708 3106 405 706 3107 361 707 3108 404 1613 3109 403 708 3110 365 709 3111 366 711 3112 400 710 3113 366 711 3114 364 700 3115 401 699 3116 359 712 3117 360 714 3118 397 713 3119 360 714 3120 358 703 3121 398 702 3122 352 704 3123 396 647 3124 395 715 3125 354 716 3126 395 715 3127 394 717 3128 372 718 3129 378 1614 3130 414 719 3131 416 640 3132 417 624 3133 381 720 3134 380 722 3135 415 638 3136 416 640 3137 413 636 3138 414 637 3139 378 723 3140 377 725 3141 412 626 3142 413 636 3143 410 634 3144 411 618 3145 375 620 3146 374 727 3147 409 627 3148 410 634 3149 407 630 3150 408 632 3151 347 728 3152 406 629 3153 407 630 3154 348 729 3155 346 730 3156 356 1601 3157 409 627 3158 381 720 3159 417 624 3160 412 626 3161 355 731 3162 368 1615 3163 415 732 3164 459 733 3165 432 786 3166 429 734 3167 455 736 3168 428 1616 3169 426 737 3170 448 739 3171 428 750 3172 427 740 3173 447 741 3174 427 740 3175 429 742 3176 451 744 3177 452 753 3178 432 745 3179 453 747 3180 451 744 3181 431 746 3182 446 749 3183 426 1617 3184 428 750 3185 465 751 3186 453 747 3187 433 748 3188 449 743 3189 429 742 3190 432 745 3191 471 811 3192 441 290 3193 440 290 3194 440 290 3195 442 290 3196 471 811 3197 442 290 3198 436 756 3199 444 1618 3200 444 1618 3201 436 756 3202 439 755 3203 435 1619 3204 434 1620 3205 438 1621 3206 436 756 3207 435 1619 3208 438 1621 3209 464 1622 3210 471 811 3211 444 1618 3212 443 1623 3213 445 1624 3214 464 1622 3215 444 1618 3216 443 1623 3217 464 1622 3218 444 1618 3219 471 811 3220 442 290 3221 438 1621 3222 437 754 3223 436 756 3224 421 757 3225 437 765 3226 438 758 3227 419 760 3228 438 1625 3229 434 760 3230 424 761 3231 443 769 3232 444 762 3233 420 764 3234 439 770 3235 437 765 3236 425 766 3237 441 1626 3238 471 766 3239 423 768 3240 445 1627 3241 443 769 3242 422 763 3243 444 762 3244 439 770 3245 420 771 3246 449 781 3247 452 772 3248 423 774 3249 453 747 3250 465 751 3251 418 776 3252 446 749 3253 448 739 3254 423 774 3255 424 779 3256 451 778 3257 424 779 3258 422 773 3259 452 772 3260 421 780 3261 447 782 3262 449 781 3263 419 777 3264 448 739 3265 447 782 3266 460 783 3267 461 1628 3268 433 784 3269 432 786 3270 459 733 3271 460 783 3272 427 787 3273 456 789 3274 457 735 3275 428 788 3276 455 1629 3277 456 789 3278 462 790 3279 433 1630 3280 461 791 3281 463 793 3282 464 1631 3283 445 794 3284 467 796 3285 469 1632 3286 430 797 3287 425 799 3288 470 1633 3289 467 796 3290 469 800 3291 468 1634 3292 458 801 3293 464 803 3294 463 1635 3295 462 804 3296 469 806 3297 470 1636 3298 471 807 3299 471 811 3300 464 1622 3301 472 812 3302 472 814 3303 474 1637 3304 475 814 3305 481 816 3306 479 1638 3307 478 817 3308 480 819 3309 476 1639 3310 478 820 3311 480 822 3312 481 1640 3313 477 823 3314 493 827 3315 483 1641 3316 486 828 3317 491 830 3318 492 829 3319 486 828 3320 487 832 3321 490 836 3322 489 833 3323 487 832 3324 482 1642 3325 488 835 3326 490 836 3327 492 829 3328 491 830 3329 490 836 3330 488 835 3331 493 827 3332 495 837 3333 499 1643 3334 497 838 3335 494 840 3336 496 1644 3337 497 841 3338 498 843 3339 499 1645 3340 495 844 3341 501 848 3342 505 1646 3343 503 849 3344 500 851 3345 502 1647 3346 503 852 3347 504 854 3348 505 1648 3349 501 855 3350 511 859 3351 509 1649 3352 508 860 3353 510 862 3354 506 1650 3355 508 863 3356 510 865 3357 511 1651 3358 507 866 3359 513 870 3360 517 1652 3361 515 871 3362 512 873 3363 514 1653 3364 515 874 3365 516 876 3366 517 1654 3367 513 877 3368 519 881 3369 523 1655 3370 521 882 3371 518 884 3372 520 1656 3373 521 885 3374 522 887 3375 523 1657 3376 519 888 3377 535 892 3378 525 1658 3379 528 893 3380 533 895 3381 534 894 3382 528 893 3383 529 897 3384 532 901 3385 531 898 3386 529 897 3387 524 1659 3388 530 900 3389 532 901 3390 534 894 3391 533 895 3392 532 901 3393 530 900 3394 535 892 3395 547 902 3396 537 1660 3397 540 903 3398 545 905 3399 546 904 3400 540 903 3401 541 907 3402 544 911 3403 543 908 3404 541 907 3405 536 1661 3406 542 910 3407 544 911 3408 546 904 3409 545 905 3410 544 911 3411 542 910 3412 547 902 3413 559 912 3414 549 1662 3415 552 913 3416 557 915 3417 558 914 3418 552 913 3419 553 917 3420 556 921 3421 555 918 3422 553 917 3423 548 1663 3424 554 920 3425 556 921 3426 558 914 3427 557 915 3428 556 921 3429 554 920 3430 559 912 3431 579 922 3432 635 1664 3433 633 923 3434 561 925 3435 604 953 3436 588 926 3437 567 928 3438 589 958 3439 607 929 3440 609 930 3441 561 925 3442 562 927 3443 592 932 3444 566 939 3445 564 933 3446 617 286 3447 623 286 3448 636 935 3449 578 924 3450 633 923 3451 634 937 3452 566 939 3453 573 952 3454 603 940 3455 568 941 3456 628 1028 3457 623 286 3458 596 942 3459 567 928 3460 565 928 3461 597 944 3462 613 963 3463 616 945 3464 572 947 3465 600 968 3466 601 948 3467 574 949 3468 601 948 3469 602 950 3470 575 951 3471 602 950 3472 603 940 3473 604 953 3474 605 955 3475 590 954 3476 605 955 3477 606 957 3478 591 956 3479 606 957 3480 607 929 3481 589 958 3482 593 931 3483 595 960 3484 608 959 3485 595 960 3486 594 962 3487 610 961 3488 594 962 3489 592 932 3490 611 934 3491 613 963 3492 597 944 3493 599 964 3494 612 965 3495 599 964 3496 598 966 3497 614 967 3498 598 966 3499 596 942 3500 563 946 3501 616 945 3502 600 968 3503 571 969 3504 601 973 3505 600 970 3506 571 969 3507 570 974 3508 602 972 3509 570 974 3510 568 13 3511 603 13 3512 587 975 3513 605 979 3514 604 976 3515 587 975 3516 586 980 3517 606 978 3518 586 980 3519 584 1002 3520 607 981 3521 578 982 3522 576 996 3523 609 983 3524 578 982 3525 608 984 3526 610 985 3527 579 986 3528 610 985 3529 611 13 3530 582 987 3531 580 998 3532 613 988 3533 582 987 3534 612 989 3535 614 990 3536 583 991 3537 614 990 3538 615 992 3539 569 971 3540 600 970 3541 616 994 3542 568 13 3543 617 13 3544 564 13 3545 577 13 3546 611 13 3547 564 13 3548 576 996 3549 618 1001 3550 561 997 3551 580 998 3552 560 995 3553 616 994 3554 581 993 3555 615 992 3556 565 999 3557 585 977 3558 604 976 3559 561 997 3560 584 1002 3561 619 1000 3562 565 999 3563 621 1665 3564 620 1008 3565 629 1003 3566 620 1008 3567 624 1666 3568 632 1004 3569 629 1003 3570 620 1008 3571 632 1004 3572 632 1004 3573 631 1667 3574 630 1005 3575 623 1668 3576 628 1669 3577 620 1008 3578 628 1669 3579 627 1670 3580 626 1671 3581 620 1008 3582 628 1669 3583 625 1006 3584 626 1671 3585 625 1006 3586 628 1669 3587 620 1008 3588 622 1007 3589 638 1009 3590 638 1009 3591 637 1672 3592 640 1010 3593 637 1672 3594 639 1673 3595 640 1010 3596 640 1010 3597 624 1666 3598 620 1008 3599 636 1011 3600 623 1668 3601 620 1008 3602 620 1008 3603 621 1665 3604 634 1012 3605 634 1012 3606 633 1674 3607 636 1011 3608 633 1674 3609 635 1675 3610 636 1011 3611 571 1013 3612 569 1042 3613 625 1014 3614 618 1016 3615 576 938 3616 634 937 3617 577 936 3618 636 935 3619 635 1018 3620 570 1020 3621 571 1013 3622 626 1015 3623 580 1022 3624 638 1026 3625 622 1023 3626 580 1022 3627 582 1032 3628 637 1025 3629 570 1027 3630 627 1676 3631 628 1028 3632 619 277 3633 624 277 3634 640 1029 3635 583 1031 3636 639 1677 3637 637 1025 3638 585 1033 3639 629 1036 3640 630 1034 3641 585 1033 3642 618 1016 3643 621 1017 3644 583 1037 3645 581 1030 3646 640 1029 3647 587 1035 3648 630 1034 3649 631 1039 3650 619 277 3651 584 1044 3652 632 1041 3653 560 1024 3654 622 1023 3655 625 1014 3656 586 1043 3657 631 1678 3658 632 1041 3659 659 1045 3660 716 1047 3661 660 1679 3662 642 1048 3663 669 1050 3664 685 1073 3665 648 1051 3666 688 1052 3667 670 1680 3668 690 1053 3669 643 1049 3670 642 1048 3671 673 1055 3672 645 1057 3673 647 1060 3674 658 13 3675 704 13 3676 698 13 3677 657 1058 3678 714 1046 3679 659 1045 3680 647 1060 3681 684 1061 3682 654 1681 3683 649 13 3684 704 13 3685 709 13 3686 677 1062 3687 646 1051 3688 648 1051 3689 678 1063 3690 697 1065 3691 694 1084 3692 653 1066 3693 682 1068 3694 681 1091 3695 655 1067 3696 683 1070 3697 682 1068 3698 656 1069 3699 684 1072 3700 683 1070 3701 685 1073 3702 671 1074 3703 686 1075 3704 686 1075 3705 672 1076 3706 687 1077 3707 687 1077 3708 670 1078 3709 688 1682 3710 674 1054 3711 689 1079 3712 676 1080 3713 676 1080 3714 691 1081 3715 675 1082 3716 675 1082 3717 692 1083 3718 673 1683 3719 694 1084 3720 680 1086 3721 678 1063 3722 693 1085 3723 679 1088 3724 680 1086 3725 695 1087 3726 677 1090 3727 679 1088 3728 644 1064 3729 681 1091 3730 697 1065 3731 652 1092 3732 681 1094 3733 682 1096 3734 651 1095 3735 682 1096 3736 683 1098 3737 649 1097 3738 683 1098 3739 684 1121 3740 668 1099 3741 685 1101 3742 686 1103 3743 667 1102 3744 686 1103 3745 687 1105 3746 665 1104 3747 687 1105 3748 688 1119 3749 659 1106 3750 690 1108 3751 657 1122 3752 660 1109 3753 689 1107 3754 659 1106 3755 658 1111 3756 691 1110 3757 660 1109 3758 663 1113 3759 694 1115 3760 661 1124 3761 664 1116 3762 693 1114 3763 663 1113 3764 662 1118 3765 695 1117 3766 664 1116 3767 650 1093 3768 697 1120 3769 681 1094 3770 649 1097 3771 645 286 3772 698 286 3773 658 1111 3774 645 286 3775 692 1112 3776 657 1122 3777 642 1123 3778 699 286 3779 661 1124 3780 697 1120 3781 641 286 3782 662 1118 3783 646 286 3784 696 1119 3785 666 1100 3786 642 1123 3787 685 1101 3788 665 1104 3789 646 286 3790 700 286 3791 702 1684 3792 710 1127 3793 701 1128 3794 701 1128 3795 710 1127 3796 705 1126 3797 705 1126 3798 711 1125 3799 713 1685 3800 713 1685 3801 711 1125 3802 712 1686 3803 704 1130 3804 707 1687 3805 709 1688 3806 709 1688 3807 707 1687 3808 708 1689 3809 707 1687 3810 704 1130 3811 706 1129 3812 706 1129 3813 701 1128 3814 703 1690 3815 701 1128 3816 719 1131 3817 703 1690 3818 719 1131 3819 705 1126 3820 718 1691 3821 718 1691 3822 721 1692 3823 720 1693 3824 705 1126 3825 721 1692 3826 718 1691 3827 717 1694 3828 714 1133 3829 704 1130 3830 704 1130 3831 715 1132 3832 701 1128 3833 717 1694 3834 716 1695 3835 714 1133 3836 701 1128 3837 715 1132 3838 702 1684 3839 650 1134 3840 707 1136 3841 706 1168 3842 699 1137 3843 715 1059 3844 657 1058 3845 660 1139 3846 717 1141 3847 658 1696 3848 652 1135 3849 708 1143 3850 707 1136 3851 661 1144 3852 703 1146 3853 719 1148 3854 663 1147 3855 719 1148 3856 718 1156 3857 651 1149 3858 709 1151 3859 708 1697 3860 700 1152 3861 721 1154 3862 705 1167 3863 664 1155 3864 718 1156 3865 720 1698 3866 668 1157 3867 710 1159 3868 666 1160 3869 666 1160 3870 702 1138 3871 699 1137 3872 662 1161 3873 720 1163 3874 721 1699 3875 667 1164 3876 711 1158 3877 668 1157 3878 665 1166 3879 705 1167 3880 713 1700 3881 641 1145 3882 706 1168 3883 703 1146 3884 665 1169 3885 712 1171 3886 667 1701 3887 741 1172 3888 797 1702 3889 795 1173 3890 723 1175 3891 766 1204 3892 750 1176 3893 729 1178 3894 751 1703 3895 769 1179 3896 771 1181 3897 723 1175 3898 724 1177 3899 754 1183 3900 728 1704 3901 726 1184 3902 779 1186 3903 785 1187 3904 798 1187 3905 740 1174 3906 795 1173 3907 796 1189 3908 726 1184 3909 728 1704 3910 735 1191 3911 730 1186 3912 790 1705 3913 785 1187 3914 758 1192 3915 729 1178 3916 727 1180 3917 759 1194 3918 775 1215 3919 778 1195 3920 734 1197 3921 762 1222 3922 763 1198 3923 736 1199 3924 763 1198 3925 764 1200 3926 737 1201 3927 764 1200 3928 765 1202 3929 766 1204 3930 767 1206 3931 752 1205 3932 767 1206 3933 768 1208 3934 753 1207 3935 768 1208 3936 769 1706 3937 751 1209 3938 755 1182 3939 757 1211 3940 770 1210 3941 757 1211 3942 756 1213 3943 772 1212 3944 756 1213 3945 754 1707 3946 773 1214 3947 775 1215 3948 759 1194 3949 761 1216 3950 774 1217 3951 761 1216 3952 760 1218 3953 776 1219 3954 760 1218 3955 758 1220 3956 725 1196 3957 778 1195 3958 762 1222 3959 733 1223 3960 763 1227 3961 762 1224 3962 732 1226 3963 764 1229 3964 763 1227 3965 730 1228 3966 765 1249 3967 764 1229 3968 749 1230 3969 767 1234 3970 766 1231 3971 748 1233 3972 768 1236 3973 767 1234 3974 746 1235 3975 769 277 3976 768 1236 3977 740 1237 3978 738 1250 3979 771 1238 3980 741 1240 3981 740 1237 3982 770 1239 3983 739 277 3984 741 1240 3985 772 1241 3986 744 1242 3987 742 1252 3988 775 1243 3989 745 1245 3990 744 1242 3991 774 1244 3992 743 277 3993 745 1245 3994 776 1246 3995 731 1225 3996 762 1224 3997 778 1247 3998 730 1228 3999 779 277 4000 726 277 4001 739 277 4002 773 277 4003 726 277 4004 738 1250 4005 780 1253 4006 723 1251 4007 742 1252 4008 722 1248 4009 778 1247 4010 743 277 4011 777 277 4012 727 277 4013 747 1232 4014 766 1231 4015 723 1251 4016 746 1235 4017 781 277 4018 727 277 4019 783 1708 4020 782 1257 4021 791 1255 4022 782 1257 4023 786 1256 4024 791 1255 4025 786 1256 4026 794 1709 4027 792 1254 4028 794 1709 4029 793 277 4030 792 1254 4031 785 1258 4032 790 1710 4033 788 1711 4034 790 1710 4035 789 1712 4036 788 1711 4037 788 1711 4038 787 1259 4039 785 1258 4040 787 1259 4041 784 1713 4042 782 1257 4043 782 1257 4044 784 1713 4045 800 1260 4046 800 1260 4047 799 1714 4048 786 1256 4049 799 1714 4050 801 277 4051 802 1715 4052 786 1256 4053 799 1714 4054 802 1715 4055 798 1716 4056 785 1258 4057 795 1262 4058 785 1258 4059 782 1257 4060 796 1261 4061 798 1716 4062 795 1262 4063 797 1717 4064 782 1257 4065 783 1708 4066 796 1261 4067 733 1263 4068 731 1297 4069 787 1264 4070 738 1190 4071 796 1189 4072 783 1266 4073 739 1268 4074 798 1718 4075 797 1269 4076 732 1271 4077 733 1263 4078 788 1265 4079 722 1273 4080 742 1276 4081 800 1274 4082 742 1276 4083 744 1284 4084 799 1277 4085 730 1278 4086 732 1719 4087 789 1279 4088 781 1281 4089 786 1296 4090 802 1282 4091 744 1284 4092 745 1720 4093 801 1285 4094 747 1286 4095 791 1289 4096 792 1287 4097 780 1267 4098 783 1266 4099 791 1289 4100 745 1290 4101 743 1721 4102 802 1291 4103 749 1288 4104 792 1287 4105 793 1293 4106 781 1281 4107 746 1283 4108 794 1295 4109 731 1297 4110 722 1273 4111 784 1275 4112 748 1298 4113 793 1722 4114 794 1299 4115 821 1301 4116 878 1303 4117 822 1723 4118 805 1304 4119 847 1306 4120 804 290 4121 810 1307 4122 850 1308 4123 832 1338 4124 836 1309 4125 804 290 4126 852 1339 4127 835 1310 4128 807 1312 4129 809 1318 4130 860 1313 4131 879 1315 4132 866 1321 4133 819 1316 4134 876 1302 4135 821 1301 4136 809 1318 4137 846 1319 4138 816 1333 4139 811 1320 4140 866 1321 4141 871 1412 4142 839 1322 4143 808 1307 4144 810 1307 4145 806 1324 4146 856 1326 4147 840 1344 4148 843 1327 4149 817 1329 4150 844 1330 4151 844 1330 4152 818 1331 4153 845 1332 4154 845 1332 4155 816 1333 4156 846 1319 4157 831 1305 4158 848 1335 4159 847 1306 4160 833 1334 4161 849 1337 4162 848 1335 4163 834 1336 4164 850 1308 4165 849 1337 4166 852 1339 4167 838 1341 4168 836 1309 4169 851 1340 4170 837 1343 4171 838 1341 4172 853 1342 4173 835 1310 4174 837 1343 4175 840 1344 4176 855 1345 4177 842 1346 4178 842 1346 4179 857 1347 4180 841 1348 4181 841 1348 4182 858 1323 4183 839 1322 4184 815 1328 4185 859 1325 4186 806 1324 4187 814 1349 4188 843 1351 4189 844 1353 4190 813 1352 4191 844 1353 4192 845 1355 4193 811 1354 4194 845 1355 4195 846 1379 4196 830 1356 4197 847 1358 4198 848 1360 4199 829 1359 4200 848 1360 4201 849 1362 4202 827 1361 4203 849 1362 4204 850 1388 4205 821 1363 4206 852 1365 4207 819 1382 4208 822 1366 4209 851 1364 4210 821 1363 4211 820 1368 4212 853 1367 4213 822 1366 4214 825 1370 4215 856 1372 4216 823 1384 4217 826 1373 4218 855 1371 4219 825 1370 4220 824 1375 4221 857 1374 4222 826 1373 4223 812 1350 4224 859 1378 4225 843 1351 4226 811 1354 4227 807 1380 4228 860 1381 4229 820 1368 4230 807 1380 4231 854 1369 4232 819 1382 4233 804 1383 4234 861 1387 4235 823 1384 4236 859 1378 4237 803 1377 4238 824 1375 4239 808 1386 4240 858 1376 4241 828 1357 4242 804 1383 4243 847 1358 4244 827 1361 4245 808 1386 4246 862 1385 4247 864 1724 4248 872 1391 4249 863 1392 4250 863 1392 4251 872 1391 4252 867 1390 4253 867 1390 4254 873 1389 4255 875 1725 4256 875 1725 4257 873 1389 4258 874 1726 4259 866 1394 4260 869 1727 4261 871 1728 4262 871 1728 4263 869 1727 4264 870 1729 4265 869 1727 4266 866 1394 4267 868 1393 4268 868 1393 4269 863 1392 4270 865 1730 4271 863 1392 4272 881 1395 4273 865 1730 4274 881 1395 4275 867 1390 4276 880 1731 4277 880 1731 4278 883 1732 4279 882 1733 4280 867 1390 4281 883 1732 4282 880 1731 4283 879 1397 4284 876 1396 4285 866 1394 4286 866 1394 4287 877 1734 4288 863 1392 4289 863 1392 4290 877 1734 4291 864 1724 4292 877 1734 4293 866 1394 4294 876 1396 4295 812 1399 4296 869 1401 4297 868 1428 4298 861 1402 4299 877 1317 4300 819 1316 4301 822 1404 4302 879 1315 4303 820 1314 4304 814 1400 4305 870 1407 4306 869 1401 4307 823 1408 4308 865 290 4309 881 1410 4310 825 1409 4311 881 1410 4312 880 1417 4313 813 1411 4314 871 1412 4315 870 1735 4316 862 1413 4317 883 1415 4318 867 1426 4319 826 1416 4320 880 1417 4321 882 1736 4322 830 1418 4323 872 1420 4324 828 1421 4325 828 1421 4326 864 1403 4327 861 1402 4328 824 1414 4329 882 1423 4330 883 1415 4331 829 1424 4332 873 1419 4333 830 1418 4334 862 1413 4335 875 1427 4336 827 1429 4337 803 290 4338 868 1428 4339 865 290 4340 827 1429 4341 874 1430 4342 829 1737 4343 889 1431 4344 887 1738 4345 886 1432 4346 888 1434 4347 884 1739 4348 886 1435 4349 891 1439 4350 895 1740 4351 893 1440 4352 894 1442 4353 890 1741 4354 892 1443 4355 901 1447 4356 899 1742 4357 898 1448 4358 900 1450 4359 896 1743 4360 898 1451 4361 907 1455 4362 905 1744 4363 904 1456 4364 906 1458 4365 902 1745 4366 904 1459 4367 913 1463 4368 911 1746 4369 910 1464 4370 912 1466 4371 908 1747 4372 910 1467 4373 919 1471 4374 917 1748 4375 916 1472 4376 918 1474 4377 914 1749 4378 916 1475 4379 921 1479 4380 925 1750 4381 923 1480 4382 924 1482 4383 920 1751 4384 922 1483 4385 927 1487 4386 931 1752 4387 929 1488 4388 930 1490 4389 926 1753 4390 928 1491 4391 937 1494 4392 935 1754 4393 934 1495 4394 936 1497 4395 932 1755 4396 934 1498 4397 943 1502 4398 941 1756 4399 940 1503 4400 942 1505 4401 938 1757 4402 940 1506 4403 949 1502 4404 947 1756 4405 946 1509 4406 948 1511 4407 944 1758 4408 946 1512 4409 955 1515 4410 953 1759 4411 952 1516 4412 954 1518 4413 950 1760 4414 952 1519 4415 973 1761 4416 962 1762 4417 965 1763 4418 965 1764 4419 1086 1765 4420 1091 1766 4421 970 1767 4422 1089 1768 4423 1093 1769 4424 972 1770 4425 959 1771 4426 966 1772 4427 969 1773 4428 1088 1774 4429 1092 1775 4430 1090 1776 4431 956 1777 4432 1087 1778 4433 960 1779 4434 1090 1780 4435 1089 1781 4436 972 1770 4437 963 1782 4438 968 1783 4439 1088 1784 4440 965 1785 4441 1091 1786 4442 973 1761 4443 958 1787 4444 969 1788 4445 956 1789 4446 973 1761 4447 969 1788 4448 961 1790 4449 972 1770 4450 968 1783 4451 956 1791 4452 1092 1775 4453 1087 1792 4454 957 1793 4455 972 1770 4456 964 1794 4457 962 1795 4458 1093 1769 4459 1086 1796 4460 960 1797 4461 973 1761 4462 967 1798 4463 974 1799 4464 1060 1800 4465 1055 1801 4466 977 1802 4467 1058 1803 4468 1057 1804 4469 1058 1805 4470 974 1806 4471 1055 1807 4472 981 1808 4473 1057 1809 4474 1061 1810 4475 988 1811 4476 1041 1812 4477 1045 1813 4478 1042 1814 4479 982 1815 4480 1039 1816 4481 984 1817 4482 1042 1818 4483 1041 1819 4484 982 1820 4485 1044 1821 4486 1039 1822 4487 991 1823 4488 1076 1824 4489 1071 1825 4490 993 1826 4491 1074 1827 4492 1073 1828 4493 1074 1829 4494 991 1830 4495 1071 1831 4496 997 1832 4497 1073 1833 4498 1077 1834 4499 999 1835 4500 1083 1836 4501 1078 1837 4502 1001 1838 4503 1081 1839 4504 1080 1840 4505 1081 1841 4506 999 1842 4507 1078 1843 4508 1005 1844 4509 1080 1845 4510 1084 1846 4511 1012 1847 4512 1064 1848 4513 1068 1849 4514 1065 1850 4515 1006 1851 4516 1062 1852 4517 1008 1853 4518 1065 1854 4519 1064 1855 4520 1062 1856 4521 1011 1857 4522 1067 1858 4523 1021 1859 4524 1048 1860 4525 1052 1861 4526 1049 1862 4527 1015 1863 4528 1046 1864 4529 1017 1865 4530 1049 1866 4531 1048 1867 4532 1015 1868 4533 1051 1869 4534 1046 1870 4535 1022 1871 4536 1035 1872 4537 1030 1873 4538 1024 1874 4539 1033 1875 4540 1032 1876 4541 1033 1877 4542 1022 1878 4543 1030 1879 4544 1028 1880 4545 1032 1881 4546 1036 1882 4547 1034 1883 4548 963 1884 4549 966 1885 4550 968 1886 4551 1032 1881 4552 961 1887 4553 971 1888 4554 1031 1889 4555 959 1890 4556 964 1891 4557 1030 1879 4558 957 1892 4559 1032 1876 4560 964 1893 4561 961 1894 4562 959 1895 4563 1034 1896 4564 966 1897 4565 1030 1873 4566 971 1888 4567 957 1898 4568 1037 1899 4569 968 1886 4570 963 1900 4571 1038 1901 4572 1028 1880 4573 1029 1902 4574 1039 1822 4575 1027 1903 4576 1022 1871 4577 1023 1904 4578 1043 1905 4579 1026 1906 4580 1041 1819 4581 1025 1907 4582 1024 1874 4583 1025 1908 4584 1039 1816 4585 1022 1878 4586 1044 1821 4587 1023 1909 4588 1027 1903 4589 1045 1813 4590 1024 1910 4591 1028 1880 4592 1043 1911 4593 1029 1912 4594 1026 1913 4595 1053 1914 4596 988 1811 4597 989 1915 4598 1046 1870 4599 987 1916 4600 982 1820 4601 983 1917 4602 1050 1918 4603 986 1919 4604 1048 1867 4605 985 1920 4606 984 1817 4607 985 1921 4608 1046 1864 4609 982 1815 4610 1051 1869 4611 983 1922 4612 987 1916 4613 1052 1861 4614 984 1923 4615 988 1811 4616 1050 1924 4617 989 1925 4618 986 1926 4619 1059 1927 4620 1014 1928 4621 1019 1929 4622 1061 1810 4623 1017 1930 4624 1021 1859 4625 1060 1800 4626 1016 1931 4627 1020 1932 4628 1018 1933 4629 1055 1807 4630 1015 1863 4631 1057 1804 4632 1018 1934 4633 1017 1865 4634 1016 1935 4635 1059 1936 4636 1019 1937 4637 1055 1801 4638 1020 1932 4639 1015 1868 4640 1054 1938 4641 1021 1859 4642 1014 1939 4643 1069 1940 4644 981 1808 4645 975 1941 4646 1062 1856 4647 980 1942 4648 974 1799 4649 976 1943 4650 1066 1944 4651 979 1945 4652 1064 1855 4653 978 1946 4654 977 1802 4655 978 1947 4656 1062 1852 4657 974 1806 4658 1067 1858 4659 976 1948 4660 980 1942 4661 1068 1849 4662 977 1949 4663 981 1808 4664 1066 1950 4665 975 1951 4666 979 1952 4667 1075 1953 4668 1013 1954 4669 1010 1955 4670 1077 1834 4671 1008 1956 4672 1012 1847 4673 1076 1824 4674 1007 1957 4675 1011 1857 4676 1009 1958 4677 1071 1831 4678 1006 1851 4679 1073 1828 4680 1009 1959 4681 1008 1853 4682 1007 1960 4683 1075 1961 4684 1010 1962 4685 1071 1825 4686 1011 1857 4687 1006 1963 4688 1070 1964 4689 1012 1847 4690 1013 1965 4691 1082 1966 4692 990 1967 4693 995 1968 4694 1084 1846 4695 993 1969 4696 997 1832 4697 1083 1836 4698 992 1970 4699 996 1971 4700 994 1972 4701 1078 1843 4702 991 1830 4703 1080 1840 4704 994 1973 4705 993 1826 4706 992 1974 4707 1082 1975 4708 995 1976 4709 1078 1837 4710 996 1971 4711 991 1823 4712 1085 1977 4713 997 1832 4714 990 1978 4715 1086 1796 4716 1005 1844 4717 998 1979 4718 1087 1792 4719 1004 1980 4720 999 1835 4721 1000 1981 4722 1091 1786 4723 1003 1982 4724 1089 1781 4725 1002 1983 4726 1001 1838 4727 1002 1984 4728 1087 1778 4729 999 1842 4730 1092 1775 4731 1000 1985 4732 1004 1980 4733 1093 1769 4734 1001 1986 4735 1005 1844 4736 1091 1766 4737 998 1987 4738 1003 1988 4739 1083 1836 4740 1004 1980 4741 1079 1989 4742 1076 1824 4743 996 1971 4744 1072 1990 4745 1067 1858 4746 1011 1857 4747 1063 1991 4748 1060 1800 4749 980 1942 4750 1056 1992 4751 1051 1869 4752 1020 1932 4753 1047 1993 4754 1044 1821 4755 987 1916 4756 1040 1994 4757 1035 1872 4758 1027 1903 4759 1031 1889 4760 1036 1882 4761 1037 1899 4762 1028 1880 4763 1045 1813 4764 1038 1901 4765 988 1811 4766 1052 1861 4767 1053 1914 4768 1021 1859 4769 1061 1810 4770 1054 1938 4771 981 1808 4772 1068 1849 4773 1069 1940 4774 1012 1847 4775 1077 1834 4776 1070 1964 4777 997 1832 4778 1084 1846 4779 1085 1977 4780 1005 1844 4781 1031 1995 4782 1028 1996 4783 1037 1997 4784 987 1998 4785 1038 1999 4786 1040 2000 4787 1020 2001 4788 1053 2002 4789 1047 2003 4790 980 2004 4791 1054 2005 4792 1056 2006 4793 1011 2007 4794 1069 2008 4795 1063 2009 4796 996 2010 4797 1070 2011 4798 1072 2012 4799 1004 2013 4800 1085 2014 4801 1079 2015 4802 1027 2016 4803 1023 2017 4804 1026 2018 4805 987 2019 4806 983 2020 4807 986 2021 4808 1020 2022 4809 1016 2023 4810 1019 2024 4811 980 2025 4812 976 2026 4813 979 2027 4814 1011 2028 4815 1007 2029 4816 1010 2030 4817 996 2031 4818 992 2032 4819 995 2033 4820 1004 2034 4821 1000 2035 4822 1003 2036 4823 1050 2037 4824 1047 2003 4825 1053 2002 4826 1043 2038 4827 1040 2000 4828 1038 1999 4829 1034 2039 4830 1031 1995 4831 1037 1997 4832 1059 2040 4833 1056 2006 4834 1054 2005 4835 1066 2041 4836 1063 2009 4837 1069 2008 4838 1075 2042 4839 1072 2012 4840 1070 2011 4841 1082 2043 4842 1079 2015 4843 1085 2014 4844 1094 2044 4845 1454 2045 4846 1095 2046 4847 1094 2044 4848 1101 2047 4849 1097 2048 4850 1100 2049 4851 1094 2050 4852 1097 2051 4853 1100 2052 4854 1098 2053 4855 1135 2054 4856 1099 2055 4857 1098 2053 4858 1097 2048 4859 1097 2048 4860 1102 2056 4861 1099 2055 4862 1101 2047 4863 1107 2057 4864 1102 2056 4865 1095 2058 4866 1103 2059 4867 1101 2060 4868 1101 2047 4869 1106 2061 4870 1104 2062 4871 1106 2061 4872 1105 2063 4873 1104 2062 4874 1104 2062 4875 1108 2064 4876 1107 2057 4877 1102 2056 4878 1109 2065 4879 1111 2066 4880 1107 2057 4881 1110 2067 4882 1109 2065 4883 1109 2068 4884 1114 2069 4885 1112 2070 4886 1111 2071 4887 1112 2070 4888 1113 2072 4889 1116 2073 4890 1112 2070 4891 1115 2074 4892 1115 2074 4893 1114 2069 4894 1117 2075 4895 1103 2076 4896 1115 2074 4897 1106 2077 4898 1106 2077 4899 1117 2075 4900 1119 2078 4901 1119 2078 4902 1118 2079 4903 1120 2080 4904 1117 2075 4905 1124 2081 4906 1118 2079 4907 1105 2063 4908 1120 2082 4909 1121 2083 4910 1121 2084 4911 1118 2085 4912 1122 2086 4913 1105 2063 4914 1122 2087 4915 1108 2064 4916 1108 2064 4917 1123 2088 4918 1110 2067 4919 1122 2086 4920 1124 2089 4921 1123 2090 4922 1110 2091 4923 1124 2081 4924 1114 2069 4925 1103 2059 4926 1125 2092 4927 1116 2093 4928 1116 2093 4929 1126 2094 4930 1113 2095 4931 1126 2096 4932 1128 2097 4933 1129 2098 4934 1125 2099 4935 1130 2100 4936 1128 2097 4937 1129 2101 4938 1131 2102 4939 1132 2103 4940 1128 2104 4941 1100 2049 4942 1131 2102 4943 1131 2105 4944 1135 2106 4945 1133 2107 4946 1132 2108 4947 1133 2107 4948 1136 2109 4949 1133 2110 4950 1098 2110 4951 1134 2111 4952 1136 2112 4953 1134 2111 4954 1137 2113 4955 1139 2114 4956 1137 2113 4957 1146 2115 4958 1138 2116 4959 1140 2117 4960 1136 2112 4961 1145 2118 4962 1136 2112 4963 1139 2114 4964 1132 2119 4965 1140 2120 4966 1142 2121 4967 1143 2122 4968 1140 2120 4969 1141 2123 4970 1129 2124 4971 1142 2125 4972 1143 2126 4973 1129 2127 4974 1141 2128 4975 1138 2129 4976 1525 2130 4977 1139 2131 4978 1144 2132 4979 1144 2132 4980 1146 2133 4981 1147 2134 4982 1147 2135 4983 1137 2136 4984 1148 2137 4985 1148 2137 4986 1149 2138 4987 1147 2135 4988 1147 2134 4989 1150 2139 4990 1144 2132 4991 1111 2066 4992 1151 2140 4993 1149 2138 4994 1149 2141 4995 1153 2142 4996 1150 2139 4997 1152 2143 4998 1153 2143 4999 1151 2143 5000 1153 2142 5001 1157 2144 5002 1154 2145 5003 1150 2139 5004 1154 2145 5005 1522 2146 5006 1155 2147 5007 1156 2148 5008 1153 2149 5009 1158 2150 5010 1157 2151 5011 1156 2058 5012 1159 2152 5013 1160 290 5014 1162 290 5015 1166 2153 5016 1161 2154 5017 1158 2155 5018 1161 2154 5019 1162 2156 5020 1160 2157 5021 1159 2152 5022 1163 2158 5023 1164 2159 5024 1166 2153 5025 1163 2160 5026 1161 2154 5027 1167 2161 5028 1164 2162 5029 1166 2153 5030 1168 2163 5031 1165 2164 5032 1167 2161 5033 1170 290 5034 1169 2165 5035 1168 290 5036 1172 2166 5037 1171 2167 5038 1170 2168 5039 1155 2169 5040 1172 2166 5041 1170 2168 5042 1126 2170 5043 1172 2171 5044 1113 2172 5045 1174 2173 5046 1173 2174 5047 1126 2175 5048 1174 2173 5049 1157 2144 5050 1159 2152 5051 1174 2176 5052 1177 2177 5053 1154 2178 5054 1126 2179 5055 1175 2180 5056 1174 2181 5057 1175 2180 5058 1533 2182 5059 1178 2183 5060 1175 2184 5061 1181 2185 5062 1177 2186 5063 1188 2187 5064 1183 2188 5065 1179 2189 5066 1180 2190 5067 1182 290 5068 1184 290 5069 1179 2191 5070 1532 2192 5071 1181 2193 5072 1183 2188 5073 1184 2194 5074 1182 2195 5075 1180 2190 5076 1185 2196 5077 1186 2197 5078 1188 2187 5079 1185 2198 5080 1183 2188 5081 1189 2199 5082 1186 2200 5083 1188 2187 5084 1190 2201 5085 1187 2202 5086 1189 2199 5087 1178 290 5088 1191 2203 5089 1190 290 5090 1194 2204 5091 1193 2205 5092 1195 2206 5093 1533 2182 5094 1192 2207 5095 1178 2183 5096 1195 2208 5097 1197 2209 5098 1194 2210 5099 1194 2204 5100 1532 2211 5101 1180 2190 5102 1194 2212 5103 1199 2151 5104 1196 2058 5105 1209 2213 5106 1211 2214 5107 1198 2215 5108 1197 2216 5109 1531 2217 5110 1199 2218 5111 1197 2209 5112 1203 2219 5113 1201 2220 5114 1201 290 5115 1206 2221 5116 1204 290 5117 1203 2219 5118 1202 2222 5119 1201 2220 5120 1204 2223 5121 1207 2224 5122 1205 2225 5123 1214 2226 5124 1210 2227 5125 1208 2228 5126 1205 2225 5127 1208 2229 5128 1209 2213 5129 1209 2213 5130 1210 2230 5131 1211 2214 5132 1211 2214 5133 1212 2231 5134 1213 2232 5135 1214 2226 5136 1213 290 5137 1212 290 5138 1216 2233 5139 1215 2234 5140 1214 2226 5141 1198 2235 5142 1215 2236 5143 1531 2237 5144 1216 2238 5145 1246 2239 5146 1217 2240 5147 1219 2241 5148 1218 2242 5149 1216 2243 5150 1216 2233 5151 1223 2244 5152 1219 2245 5153 1219 2246 5154 1526 2247 5155 1221 2248 5156 1443 2249 5157 1219 2250 5158 1200 2251 5159 1219 2252 5160 1203 2253 5161 1200 2254 5162 1222 2255 5163 1221 2256 5164 1225 2257 5165 1218 2242 5166 1227 2258 5167 1228 2259 5168 1224 2260 5169 1227 2261 5170 1222 2262 5171 1226 2263 5172 1224 2264 5173 1222 2265 5174 1431 2266 5175 1222 2255 5176 1225 2257 5177 1227 2258 5178 1230 2267 5179 1228 2259 5180 1231 2268 5181 1229 2269 5182 1224 2270 5183 1228 290 5184 1232 2271 5185 1233 290 5186 1242 2272 5187 1238 2273 5188 1236 2274 5189 1233 2275 5190 1234 2276 5191 1235 2277 5192 1235 2277 5193 1236 2278 5194 1237 2279 5195 1237 2279 5196 1238 2280 5197 1239 2281 5198 1239 2281 5199 1240 2282 5200 1241 2283 5201 1242 2272 5202 1241 290 5203 1240 290 5204 1244 2284 5205 1243 2285 5206 1245 2286 5207 1231 2268 5208 1243 2287 5209 1242 2272 5210 1218 2288 5211 1245 2289 5212 1246 2290 5213 1237 2279 5214 1239 2281 5215 1244 2291 5216 1246 2292 5217 1243 2287 5218 1248 2293 5219 1477 2294 5220 1246 2292 5221 1247 2295 5222 1247 2295 5223 1248 2293 5224 1249 2296 5225 1249 2296 5226 1250 2297 5227 1253 2298 5228 1231 2299 5229 1250 2300 5230 1248 2301 5231 1250 2297 5232 1255 2302 5233 1251 2303 5234 1253 2298 5235 1251 2303 5236 1484 2304 5237 1252 2305 5238 1254 2306 5239 1250 2307 5240 1256 2308 5241 1255 2309 5242 1254 2212 5243 1257 2310 5244 1258 290 5245 1260 290 5246 1264 2311 5247 1259 2312 5248 1256 2313 5249 1259 2312 5250 1260 2314 5251 1258 2315 5252 1257 2310 5253 1261 2316 5254 1262 2317 5255 1264 2311 5256 1261 2318 5257 1259 2312 5258 1265 2319 5259 1262 2320 5260 1264 2311 5261 1266 2321 5262 1263 2322 5263 1265 2319 5264 1268 290 5265 1267 2323 5266 1266 290 5267 1270 2324 5268 1269 2325 5269 1268 2326 5270 1252 2327 5271 1270 2324 5272 1268 2326 5273 1273 2328 5274 1270 2329 5275 1272 2330 5276 1274 2331 5277 1273 2332 5278 1272 2235 5279 1224 2333 5280 1252 2327 5281 1231 2334 5282 1272 2335 5283 1276 2336 5284 1275 2337 5285 1278 2338 5286 1272 2335 5287 1275 2337 5288 1275 2337 5289 1512 2339 5290 1279 2340 5291 1277 2341 5292 1280 2342 5293 1281 2343 5294 1277 2344 5295 1278 2345 5296 1275 2346 5297 1275 2337 5298 1282 2347 5299 1280 2348 5300 1281 2349 5301 1282 2347 5302 1283 2350 5303 1284 2351 5304 1282 2352 5305 1279 2353 5306 1277 2354 5307 1283 2355 5308 1284 2356 5309 1285 2357 5310 1279 2353 5311 1483 2358 5312 1288 2359 5313 1284 2351 5314 1285 2357 5315 1289 2360 5316 1284 2361 5317 1286 2362 5318 1287 2363 5319 1290 2364 5320 1286 2365 5321 1487 2366 5322 1286 2365 5323 1288 2359 5324 1289 2360 5325 1290 2367 5326 1292 2368 5327 1293 2369 5328 1290 2367 5329 1291 2370 5330 1294 2332 5331 1292 2371 5332 1293 2332 5333 1294 2372 5334 1291 2373 5335 1287 2373 5336 1294 2374 5337 1413 2375 5338 1289 2376 5339 1297 2377 5340 1295 2378 5341 1294 2379 5342 1296 2380 5343 1287 2381 5344 1492 2382 5345 1300 2383 5346 1294 2384 5347 1296 2380 5348 1412 2385 5349 1297 2386 5350 1299 2387 5351 1297 2388 5352 1303 2389 5353 1299 2390 5354 1297 2391 5355 1329 2392 5356 1301 2393 5357 1301 2394 5358 1302 2395 5359 1297 2396 5360 1303 2397 5361 1304 2398 5362 1305 2399 5363 1305 290 5364 1306 2400 5365 1307 290 5366 1316 2401 5367 1312 2402 5368 1310 2403 5369 1307 2404 5370 1308 2405 5371 1309 2406 5372 1309 2406 5373 1310 2407 5374 1311 2408 5375 1311 2408 5376 1312 2409 5377 1313 2410 5378 1313 2410 5379 1314 2411 5380 1315 2412 5381 1316 2401 5382 1315 290 5383 1314 290 5384 1301 2394 5385 1317 2413 5386 1316 2401 5387 1318 2414 5388 1317 2415 5389 1319 2415 5390 1320 2416 5391 1319 2417 5392 1322 2418 5393 1311 2408 5394 1313 2410 5395 1318 2419 5396 1321 2420 5397 1322 2421 5398 1251 2237 5399 1273 2422 5400 1320 2423 5401 1321 2424 5402 1320 2423 5403 1303 2397 5404 1305 2399 5405 1484 2304 5406 1322 2425 5407 1323 2426 5408 1323 2426 5409 1324 2427 5410 1325 2428 5411 1322 2425 5412 1317 2413 5413 1324 2427 5414 1325 2428 5415 1326 2429 5416 1327 2430 5417 1301 2431 5418 1326 2432 5419 1324 2433 5420 1327 2430 5421 1328 2434 5422 1507 2435 5423 1326 2429 5424 1331 2436 5425 1328 2434 5426 1329 2437 5427 1330 2438 5428 1326 2439 5429 1332 2440 5430 1331 2440 5431 1330 2441 5432 1333 2442 5433 1334 290 5434 1336 290 5435 1340 2443 5436 1335 2444 5437 1332 2445 5438 1335 2444 5439 1336 2446 5440 1334 2447 5441 1333 2442 5442 1337 2448 5443 1338 2449 5444 1340 2443 5445 1337 2450 5446 1335 2444 5447 1341 2451 5448 1338 2452 5449 1340 2443 5450 1342 2453 5451 1339 2454 5452 1341 2451 5453 1344 290 5454 1343 2455 5455 1342 290 5456 1346 2456 5457 1345 2457 5458 1344 2458 5459 1329 2392 5460 1346 2456 5461 1344 2458 5462 1348 2459 5463 1346 2460 5464 1300 2461 5465 1352 2462 5466 1347 2463 5467 1348 2464 5468 1348 2465 5469 1397 2466 5470 1350 2467 5471 1528 2263 5472 1348 2468 5473 1300 2469 5474 1351 2470 5475 1350 2471 5476 1499 2472 5477 1348 2473 5478 1353 2474 5479 1352 2475 5480 1352 2462 5481 1331 2436 5482 1333 2442 5483 1352 2476 5484 1354 2477 5485 1328 2478 5486 1353 2479 5487 1358 2480 5488 1354 2481 5489 1353 2474 5490 1530 2482 5491 1355 2483 5492 1365 2484 5493 1360 2485 5494 1356 2486 5495 1357 2487 5496 1359 290 5497 1361 290 5498 1356 2488 5499 1529 2489 5500 1358 2490 5501 1360 2485 5502 1361 2491 5503 1359 2492 5504 1357 2487 5505 1362 2493 5506 1363 2494 5507 1365 2484 5508 1362 2495 5509 1360 2485 5510 1366 2496 5511 1363 2497 5512 1365 2484 5513 1367 2498 5514 1364 2499 5515 1366 2496 5516 1355 290 5517 1368 2500 5518 1367 290 5519 1530 2482 5520 1369 2501 5521 1355 2483 5522 1371 2502 5523 1370 2503 5524 1373 2504 5525 1371 2502 5526 1529 2505 5527 1357 2487 5528 1373 2504 5529 1372 2506 5530 1371 2502 5531 1374 2507 5532 1375 2508 5533 1505 2509 5534 1373 2504 5535 1377 2510 5536 1375 2508 5537 1373 2260 5538 1530 2511 5539 1351 2512 5540 1378 2513 5541 1373 2514 5542 1351 2515 5543 1376 2516 5544 1380 2517 5545 1377 2510 5546 1381 2518 5547 1376 2309 5548 1378 2513 5549 1379 2519 5550 1384 2520 5551 1380 2517 5552 1379 2521 5553 1381 2518 5554 1387 2522 5555 1385 2523 5556 1382 2524 5557 1383 2525 5558 1384 2526 5559 1385 2527 5560 1388 2528 5561 1386 2529 5562 1383 2530 5563 1387 2531 5564 1388 290 5565 1387 290 5566 1391 290 5567 1389 2532 5568 1391 2533 5569 1392 2534 5570 1390 2535 5571 1389 2536 5572 1396 2537 5573 1392 2538 5574 1381 2539 5575 1394 2540 5576 1401 2541 5577 1392 2534 5578 1393 2542 5579 1393 2543 5580 1394 2540 5581 1395 2544 5582 1349 2545 5583 1396 2546 5584 1397 2466 5585 1395 2544 5586 1349 2547 5587 1528 2263 5588 1397 2548 5589 1398 2549 5590 1400 2550 5591 1396 2537 5592 1401 2551 5593 1398 2549 5594 1398 2549 5595 1402 2552 5596 1399 2553 5597 1398 2554 5598 1528 2555 5599 1400 2556 5600 1402 2557 5601 1393 2542 5602 1403 2558 5603 1404 2559 5604 1403 2558 5605 1407 2560 5606 1399 2553 5607 1404 2561 5608 1406 2562 5609 1405 2563 5610 1407 2560 5611 1408 2564 5612 1406 2562 5613 1405 2565 5614 1416 2566 5615 1407 2567 5616 1410 2568 5617 1409 2569 5618 1408 2570 5619 1409 2569 5620 1411 2571 5621 1409 2569 5622 1298 2572 5623 1412 2385 5624 1412 2573 5625 1406 2574 5626 1409 2575 5627 1413 2576 5628 1299 2577 5629 1289 2360 5630 1295 2578 5631 1406 2562 5632 1413 2375 5633 1414 2579 5634 1416 2580 5635 1417 2581 5636 1415 2582 5637 1414 2583 5638 1274 2331 5639 1422 2584 5640 1411 2571 5641 1415 2582 5642 1417 2585 5643 1418 2586 5644 1278 2345 5645 1416 2566 5646 1420 2587 5647 1418 2586 5648 1418 2586 5649 1421 2588 5650 1419 2589 5651 1418 2590 5652 1274 2591 5653 1278 2338 5654 1421 2592 5655 1422 2593 5656 1423 2594 5657 1420 2595 5658 1408 2564 5659 1422 2593 5660 1423 2596 5661 1415 2582 5662 1425 2597 5663 1432 2598 5664 1423 2594 5665 1424 2599 5666 1424 2600 5667 1425 2597 5668 1427 2601 5669 1426 2602 5670 1419 2603 5671 1527 2604 5672 1427 2601 5673 1426 2331 5674 1226 2263 5675 1434 2193 5676 1427 2601 5677 1428 2605 5678 1226 2606 5679 1429 2607 5680 1427 2608 5681 1429 2609 5682 1433 2610 5683 1430 2611 5684 1419 2589 5685 1432 2612 5686 1429 2609 5687 1527 2102 5688 1429 2609 5689 1431 2101 5690 1433 2613 5691 1424 2599 5692 1434 2614 5693 1435 2615 5694 1434 2614 5695 1437 2616 5696 1430 2611 5697 1435 2114 5698 1438 2617 5699 1436 2618 5700 1437 2616 5701 1445 2619 5702 1438 2617 5703 1436 2620 5704 1439 2621 5705 1526 2622 5706 1438 2617 5707 1440 2623 5708 1438 2624 5709 1443 2625 5710 1440 2626 5711 1441 2627 5712 1220 2628 5713 1443 2249 5714 1437 2629 5715 1428 2605 5716 1441 2627 5717 1445 2600 5718 1441 2627 5719 1442 2630 5720 1200 2631 5721 1440 2626 5722 1443 2625 5723 1444 2632 5724 1439 2633 5725 1455 2634 5726 1446 2635 5727 1444 2636 5728 1447 2637 5729 1448 2638 5730 1442 2630 5731 1446 2635 5732 1453 2639 5733 1446 2635 5734 1127 2640 5735 1447 2641 5736 1449 2642 5737 1446 2643 5738 1449 2049 5739 1452 2644 5740 1130 2645 5741 1439 2621 5742 1451 2552 5743 1449 2049 5744 1455 2646 5745 1449 2049 5746 1450 2647 5747 1452 2648 5748 1448 2649 5749 1453 2650 5750 1451 2651 5751 1445 2619 5752 1448 2649 5753 1096 2652 5754 1453 2650 5755 1454 2045 5756 1130 2645 5757 1096 2653 5758 1100 2049 5759 1454 2654 5760 1127 2640 5761 1103 2059 5762 1457 2655 5763 1450 2647 5764 1456 2656 5765 1176 2657 5766 1450 2658 5767 1447 2641 5768 1456 2659 5769 1138 2660 5770 1458 2661 5771 1176 2657 5772 1129 2662 5773 1456 2659 5774 1457 2663 5775 1459 2664 5776 1460 2665 5777 1456 2659 5778 1461 2666 5779 1459 2667 5780 1460 2668 5781 1461 2666 5782 1462 2669 5783 1463 2670 5784 1461 2671 5785 1458 2672 5786 1457 2673 5787 1462 2673 5788 1463 2673 5789 1464 2674 5790 1458 2672 5791 1524 2671 5792 1467 2675 5793 1463 2670 5794 1464 2674 5795 1468 2676 5796 1463 2677 5797 1465 2678 5798 1466 2679 5799 1469 2680 5800 1465 2681 5801 1474 2682 5802 1465 2681 5803 1467 2675 5804 1468 2676 5805 1469 2683 5806 1471 2684 5807 1472 2685 5808 1469 2683 5809 1470 2686 5810 1221 2687 5811 1471 2688 5812 1472 2689 5813 1221 2690 5814 1470 2691 5815 1466 2692 5816 1200 2631 5817 1457 2693 5818 1468 2676 5819 1221 2694 5820 1440 2623 5821 1468 2695 5822 1473 2696 5823 1464 2697 5824 1520 2698 5825 1476 2699 5826 1467 2700 5827 1473 2696 5828 1475 2701 5829 1466 2679 5830 1474 2682 5831 1478 2702 5832 1474 2703 5833 1476 2699 5834 1473 2696 5835 1477 2294 5836 1476 2699 5837 1476 2699 5838 1247 2295 5839 1478 2702 5840 1478 2702 5841 1249 2296 5842 1479 2704 5843 1479 2704 5844 1475 2705 5845 1478 2702 5846 1479 2704 5847 1253 2298 5848 1481 2706 5849 1481 2706 5850 1480 2707 5851 1479 2704 5852 1481 2706 5853 1484 2304 5854 1482 2708 5855 1482 2708 5856 1483 2709 5857 1481 2706 5858 1483 2358 5859 1512 2710 5860 1480 2711 5861 1482 2708 5862 1323 2426 5863 1485 2712 5864 1485 2712 5865 1285 2713 5866 1482 2708 5867 1486 2714 5868 1288 2715 5869 1485 2712 5870 1485 2712 5871 1325 2428 5872 1486 2714 5873 1486 2714 5874 1327 2430 5875 1488 2716 5876 1488 2716 5877 1487 2717 5878 1486 2714 5879 1489 2718 5880 1490 2719 5881 1488 2716 5882 1488 2716 5883 1507 2435 5884 1489 2718 5885 1491 2720 5886 1492 2721 5887 1490 2722 5888 1490 2722 5889 1287 2363 5890 1487 2366 5891 1493 2723 5892 1494 2724 5893 1492 2721 5894 1296 2380 5895 1494 2725 5896 1496 2726 5897 1497 2727 5898 1494 2725 5899 1495 2728 5900 1350 2729 5901 1496 2421 5902 1497 2730 5903 1350 2731 5904 1495 2732 5905 1493 2733 5906 1499 2472 5907 1493 2734 5908 1498 2735 5909 1502 2736 5910 1493 2723 5911 1491 2720 5912 1499 2472 5913 1501 2737 5914 1510 2738 5915 1503 2739 5916 1498 2740 5917 1502 2736 5918 1500 2741 5919 1501 2742 5920 1498 2740 5921 1505 2509 5922 1502 2743 5923 1504 2744 5924 1504 2744 5925 1491 2745 5926 1489 2718 5927 1504 2744 5928 1374 2507 5929 1505 2509 5930 1489 2718 5931 1506 2746 5932 1504 2744 5933 1507 2435 5934 1354 2747 5935 1506 2746 5936 1506 2746 5937 1372 2506 5938 1374 2507 5939 1505 2509 5940 1500 2748 5941 1503 2749 5942 1508 2750 5943 1509 2751 5944 1501 2742 5945 1510 2738 5946 1509 2752 5947 1390 2753 5948 1390 2753 5949 1378 2754 5950 1510 2738 5951 1510 2738 5952 1351 2470 5953 1499 2472 5954 1380 2755 5955 1509 2752 5956 1511 2756 5957 1377 2510 5958 1511 2757 5959 1508 2758 5960 1375 2508 5961 1508 2758 5962 1500 2748 5963 1480 2711 5964 1513 2759 5965 1475 2701 5966 1512 2710 5967 1515 2760 5968 1513 2759 5969 1276 2761 5970 1514 2762 5971 1512 2763 5972 1516 2764 5973 1515 2765 5974 1514 2766 5975 1276 2767 5976 1517 2768 5977 1516 2769 5978 1225 2257 5979 1515 2765 5980 1517 2770 5981 1225 2257 5982 1466 2771 5983 1513 2772 5984 1518 2773 5985 1217 2774 5986 1477 2294 5987 1519 2775 5988 1199 2776 5989 1518 2773 5990 1520 2698 5991 1518 2773 5992 1473 2696 5993 1523 2777 5994 1519 2775 5995 1520 2698 5996 1521 2778 5997 1196 2779 5998 1519 2775 5999 1522 2146 6000 1177 2780 6001 1521 2778 6002 1525 2130 6003 1521 2778 6004 1523 2777 6005 1520 2698 6006 1524 2781 6007 1523 2777 6008 1523 2777 6009 1145 2782 6010 1525 2130 6011 1144 2132 6012 1522 2146 6013 1525 2130 6014 1524 2671 6015 1138 2116 6016 1145 2118 6017 1195 2783 6018 1455 2634 6019 1457 2784 6020 1447 2637 6021 1195 2126 6022 1176 2636 6023 1220 2785 6024 1430 2786 6025 1526 2247 6026 1276 2787 6027 1431 2101 6028 1225 2787 6029 1224 2788 6030 1527 2604 6031 1276 2789 6032 1273 2790 6033 1417 2581 6034 1277 2791 6035 1298 2792 6036 1399 2793 6037 1295 2378 6038 1403 2794 6039 1395 2544 6040 1410 2568 6041 1350 2548 6042 1400 2550 6043 1296 2671 6044 1300 2383 6045 1400 2556 6046 1528 2555 6047 1354 2747 6048 1529 2505 6049 1372 2506 6050 1321 2795 6051 1255 2302 6052 1257 2310 6053 1321 2795 6054 1271 2796 6055 1273 2797 6056 1299 2577 6057 1277 2798 6058 1289 2360 6059 1199 2776 6060 1215 2234 6061 1217 2774 6062 1177 2780 6063 1532 2211 6064 1196 2779 6065 1195 2799 6066 1533 2800 6067 1176 2801 6068 1148 2137 6069 1134 2802 6070 1099 2055 6071 1099 2055 6072 1111 2066 6073 1148 2137 6074 1537 2803 6075 1558 2804 6076 1544 2805 6077 1536 2806 6078 1557 2807 6079 1535 2808 6080 1538 2809 6081 1536 2810 6082 1534 2811 6083 1537 2812 6084 1539 2813 6085 1541 2814 6086 1539 2815 6087 1540 2816 6088 1542 2817 6089 1565 2818 6090 1541 2819 6091 1542 2820 6092 1543 2821 6093 1542 2817 6094 1540 2816 6095 1543 2821 6096 1544 2822 6097 1548 2823 6098 1549 2824 6099 1546 2825 6100 1545 2826 6101 1578 2827 6102 1553 2828 6103 1554 2829 6104 1546 2830 6105 1549 2831 6106 1550 2832 6107 1552 2833 6108 1550 2834 6109 1551 2835 6110 1555 2836 6111 1554 2829 6112 1553 2828 6113 1554 2829 6114 1555 2836 6115 1558 2804 6116 1558 2804 6117 1535 2808 6118 1557 2807 6119 1559 2837 6120 1547 2838 6121 1561 2839 6122 1547 2838 6123 1560 2840 6124 1562 2841 6125 1564 2842 6126 1565 2818 6127 1559 2837 6128 1566 2843 6129 1567 2844 6130 1565 2818 6131 1568 2845 6132 1570 2846 6133 1567 2847 6134 1570 2848 6135 1568 2849 6136 1569 2850 6137 1574 2851 6138 1572 2852 6139 1571 2853 6140 1575 2854 6141 1573 2855 6142 1572 2852 6143 1578 2856 6144 1573 2855 6145 1575 2854 6146 1576 2857 6147 1577 2858 6148 1579 2859 6149 1577 2860 6150 1581 2861 6151 1580 2860 6152 1581 2862 6153 1562 2863 6154 1560 2864 6155 1592 2865 6156 1582 2866 6157 1583 2867 6158 1583 2867 6159 1585 2868 6160 1588 2869 6161 1582 2866 6162 1587 2870 6163 1585 2868 6164 1585 2868 6165 1589 2871 6166 1588 2869 6167 1587 2870 6168 1586 2872 6169 1585 2868 6170 1583 2873 6171 1590 2874 6172 1592 2875 6173 1590 2874 6174 1589 2876 6175 1591 2877 6176 1590 2874 6177 1594 2878 6178 1593 2879 6179 1595 2880 6180 1590 2874 6181 1593 2879 6182 1598 2881 6183 1593 2879 6184 1594 2878 6185 1593 2879 6186 1597 2882 6187 1595 2880 6188 1597 2883 6189 1587 2870 6190 1584 2884 6191 1587 2870 6192 1598 2885 6193 1599 2886 6194 1599 2887 6195 1594 2878 6196 1591 2877 6197 1586 2872 6198 1591 2888 6199 1589 2871 6200 1595 2880 6201 1584 2889 6202 1592 2875 6203 1602 2890 6204 1601 2891 6205 1610 2892 6206 1600 2893 6207 1606 2894 6208 1601 2895 6209 1600 2896 6210 1605 2897 6211 1603 2898 6212 1606 2894 6213 1604 2899 6214 1607 2900 6215 1605 2897 6216 1604 2901 6217 1603 2898 6218 1601 2895 6219 1608 2902 6220 1610 2903 6221 1608 2902 6222 1607 2900 6223 1609 2904 6224 1608 2902 6225 1612 2905 6226 1611 2906 6227 1613 2907 6228 1608 2902 6229 1611 2906 6230 1612 2908 6231 1614 2909 6232 1611 2910 6233 1614 2909 6234 1613 2911 6235 1611 2910 6236 1615 2912 6237 1605 2897 6238 1602 2913 6239 1605 2897 6240 1616 2914 6241 1617 2915 6242 1609 2916 6243 1616 2917 6244 1612 2918 6245 1607 2900 6246 1617 2919 6247 1609 2904 6248 1615 2912 6249 1610 2920 6250 1613 2911 6251 1620 2921 6252 1619 2922 6253 1628 2923 6254 1618 2924 6255 1624 2925 6256 1619 2926 6257 1618 2927 6258 1623 2928 6259 1621 2929 6260 1621 2930 6261 1625 2931 6262 1624 2925 6263 1623 2928 6264 1622 2932 6265 1621 2929 6266 1619 2926 6267 1626 2933 6268 1628 2934 6269 1626 2933 6270 1625 2931 6271 1627 2935 6272 1626 2933 6273 1630 2936 6274 1629 2937 6275 1631 2938 6276 1626 2933 6277 1629 2937 6278 1630 2939 6279 1632 2940 6280 1629 2941 6281 1629 2941 6282 1633 2942 6283 1631 2943 6284 1633 2942 6285 1623 2928 6286 1620 2944 6287 1623 2928 6288 1634 2945 6289 1635 2946 6290 1627 2947 6291 1634 2948 6292 1630 2949 6293 1625 2931 6294 1635 2950 6295 1627 2951 6296 1633 2942 6297 1628 2952 6298 1631 2943 6299 1646 2953 6300 1636 2954 6301 1637 2955 6302 1637 2955 6303 1639 2956 6304 1642 2957 6305 1636 2954 6306 1641 2958 6307 1639 2956 6308 1639 2956 6309 1643 2959 6310 1642 2957 6311 1641 2958 6312 1640 2960 6313 1639 2956 6314 1637 2961 6315 1644 2962 6316 1646 2963 6317 1644 2962 6318 1643 2964 6319 1645 2965 6320 1644 2962 6321 1648 2966 6322 1647 2967 6323 1649 2968 6324 1644 2962 6325 1647 2967 6326 1652 2969 6327 1647 2967 6328 1648 2966 6329 1647 2967 6330 1651 2970 6331 1649 2968 6332 1651 2971 6333 1641 2958 6334 1638 2972 6335 1641 2958 6336 1652 2973 6337 1653 2974 6338 1653 2975 6339 1648 2966 6340 1645 2965 6341 1640 2960 6342 1645 2976 6343 1643 2959 6344 1649 2968 6345 1638 2977 6346 1646 2963 6347 1656 2978 6348 1655 2979 6349 1664 2980 6350 1654 2981 6351 1660 2982 6352 1655 2979 6353 1654 2983 6354 1659 2984 6355 1657 2985 6356 1660 2982 6357 1658 2986 6358 1661 2987 6359 1659 2984 6360 1658 2988 6361 1657 2985 6362 1655 2979 6363 1662 2989 6364 1664 2990 6365 1662 2989 6366 1661 2987 6367 1663 2991 6368 1662 2989 6369 1666 2992 6370 1665 2993 6371 1667 2994 6372 1662 2989 6373 1665 2993 6374 1666 2995 6375 1668 2996 6376 1665 2997 6377 1668 2996 6378 1667 2998 6379 1665 2997 6380 1669 2999 6381 1659 2984 6382 1656 3000 6383 1659 2984 6384 1670 3001 6385 1671 3002 6386 1663 3003 6387 1670 3001 6388 1666 2995 6389 1661 3004 6390 1671 3005 6391 1663 3006 6392 1669 3007 6393 1664 3008 6394 1667 3009 6395 1674 3010 6396 1673 3011 6397 1682 3012 6398 1672 3013 6399 1678 3014 6400 1673 3011 6401 1672 3015 6402 1677 3016 6403 1675 3017 6404 1678 3014 6405 1676 3018 6406 1679 3019 6407 1677 3016 6408 1676 3020 6409 1675 3017 6410 1673 3011 6411 1680 3021 6412 1682 3022 6413 1680 3021 6414 1679 3019 6415 1681 3023 6416 1680 3021 6417 1684 3024 6418 1683 3025 6419 1685 3026 6420 1680 3021 6421 1683 3025 6422 1684 3027 6423 1686 3028 6424 1683 3029 6425 1686 3028 6426 1685 3030 6427 1683 3029 6428 1687 3031 6429 1677 3016 6430 1674 3032 6431 1677 3016 6432 1688 3033 6433 1689 3034 6434 1681 3035 6435 1688 3033 6436 1684 3027 6437 1679 3036 6438 1689 3037 6439 1681 3038 6440 1687 3039 6441 1682 3040 6442 1685 3041 6443 1700 3042 6444 1690 3043 6445 1691 3044 6446 1691 3044 6447 1693 3045 6448 1696 3046 6449 1690 3043 6450 1695 3047 6451 1693 3045 6452 1693 3045 6453 1697 3048 6454 1696 3046 6455 1695 3047 6456 1694 3049 6457 1693 3045 6458 1691 3050 6459 1698 3051 6460 1700 3052 6461 1698 3051 6462 1697 3053 6463 1699 3054 6464 1698 3051 6465 1702 3055 6466 1701 3056 6467 1703 3057 6468 1698 3051 6469 1701 3056 6470 1706 3058 6471 1701 3056 6472 1702 3055 6473 1701 3056 6474 1705 3059 6475 1703 3057 6476 1705 3060 6477 1695 3047 6478 1692 3061 6479 1695 3047 6480 1706 3062 6481 1707 3063 6482 1707 3064 6483 1702 3055 6484 1699 3054 6485 1694 3049 6486 1699 3065 6487 1697 3048 6488 1703 3057 6489 1692 3066 6490 1700 3052 6491 1708 3067 6492 1712 3068 6493 1710 3069 6494 1710 3070 6495 1713 3071 6496 1711 3072 6497 1711 3072 6498 1713 3071 6499 1714 3073 6500 1717 3074 6501 1714 3075 6502 1715 3076 6503 1717 3074 6504 1716 3077 6505 1714 3075 6506 1711 3072 6507 1714 3073 6508 1716 3078 6509 973 1761 6510 970 3079 6511 962 1762 6512 965 1764 6513 962 3080 6514 1086 1765 6515 970 1767 6516 960 3081 6517 1089 1768 6518 972 1770 6519 971 3082 6520 959 1771 6521 969 1773 6522 958 3083 6523 1088 1774 6524 1090 1776 6525 967 3084 6526 956 1777 6527 960 1779 6528 967 3085 6529 1090 1780 6530 972 1770 6531 966 1772 6532 963 1782 6533 1088 1784 6534 958 3086 6535 965 1785 6536 973 1761 6537 965 1763 6538 958 1787 6539 956 1789 6540 967 1798 6541 973 1761 6542 961 1790 6543 964 1794 6544 972 1770 6545 956 1791 6546 969 1773 6547 1092 1775 6548 957 1793 6549 971 3082 6550 972 1770 6551 962 1795 6552 970 1767 6553 1093 1769 6554 960 1797 6555 970 3079 6556 973 1761 6557 974 1799 6558 980 1942 6559 1060 1800 6560 977 1802 6561 978 1946 6562 1058 1803 6563 1058 1805 6564 978 1947 6565 974 1806 6566 981 1808 6567 977 1949 6568 1057 1809 6569 988 1811 6570 984 1923 6571 1041 1812 6572 1042 1814 6573 985 1921 6574 982 1815 6575 984 1817 6576 985 1920 6577 1042 1818 6578 982 1820 6579 987 1916 6580 1044 1821 6581 991 1823 6582 996 1971 6583 1076 1824 6584 993 1826 6585 994 1973 6586 1074 1827 6587 1074 1829 6588 994 1972 6589 991 1830 6590 997 1832 6591 993 1969 6592 1073 1833 6593 999 1835 6594 1004 1980 6595 1083 1836 6596 1001 1838 6597 1002 1983 6598 1081 1839 6599 1081 1841 6600 1002 1984 6601 999 1842 6602 1005 1844 6603 1001 1986 6604 1080 1845 6605 1012 1847 6606 1008 1956 6607 1064 1848 6608 1065 1850 6609 1009 1958 6610 1006 1851 6611 1008 1853 6612 1009 1959 6613 1065 1854 6614 1062 1856 6615 1006 1963 6616 1011 1857 6617 1021 1859 6618 1017 1930 6619 1048 1860 6620 1049 1862 6621 1018 1933 6622 1015 1863 6623 1017 1865 6624 1018 1934 6625 1049 1866 6626 1015 1868 6627 1020 1932 6628 1051 1869 6629 1022 1871 6630 1027 1903 6631 1035 1872 6632 1024 1874 6633 1025 1907 6634 1033 1875 6635 1033 1877 6636 1025 1908 6637 1022 1878 6638 1028 1880 6639 1024 1910 6640 1032 1881 6641 1034 1883 6642 1037 3087 6643 963 1884 6644 968 1886 6645 1036 1882 6646 1032 1881 6647 971 1888 6648 1035 1872 6649 1031 1889 6650 964 1891 6651 1033 1877 6652 1030 1879 6653 1032 1876 6654 1033 1875 6655 964 1893 6656 959 1895 6657 1031 3088 6658 1034 1896 6659 1030 1873 6660 1035 1872 6661 971 1888 6662 1037 1899 6663 1036 1882 6664 968 1886 6665 1038 1901 6666 1045 1813 6667 1028 1880 6668 1039 1822 6669 1044 1821 6670 1027 1903 6671 1023 1904 6672 1040 3089 6673 1043 1905 6674 1041 1819 6675 1042 1818 6676 1025 1907 6677 1025 1908 6678 1042 1814 6679 1039 1816 6680 1044 1821 6681 1040 1994 6682 1023 1909 6683 1045 1813 6684 1041 1812 6685 1024 1910 6686 1043 1911 6687 1038 3090 6688 1029 1912 6689 1053 1914 6690 1052 1861 6691 988 1811 6692 1046 1870 6693 1051 1869 6694 987 1916 6695 983 1917 6696 1047 3091 6697 1050 1918 6698 1048 1867 6699 1049 1866 6700 985 1920 6701 985 1921 6702 1049 1862 6703 1046 1864 6704 1051 1869 6705 1047 1993 6706 983 1922 6707 1052 1861 6708 1048 1860 6709 984 1923 6710 1050 1924 6711 1053 3092 6712 989 1925 6713 1059 1927 6714 1054 3093 6715 1014 1928 6716 1061 1810 6717 1057 1809 6718 1017 1930 6719 1060 1800 6720 1056 1992 6721 1016 1931 6722 1018 1933 6723 1058 1805 6724 1055 1807 6725 1057 1804 6726 1058 1803 6727 1018 1934 6728 1016 1935 6729 1056 3094 6730 1059 1936 6731 1055 1801 6732 1060 1800 6733 1020 1932 6734 1054 1938 6735 1061 1810 6736 1021 1859 6737 1069 1940 6738 1068 1849 6739 981 1808 6740 1062 1856 6741 1067 1858 6742 980 1942 6743 976 1943 6744 1063 3095 6745 1066 1944 6746 1064 1855 6747 1065 1854 6748 978 1946 6749 978 1947 6750 1065 1850 6751 1062 1852 6752 1067 1858 6753 1063 1991 6754 976 1948 6755 1068 1849 6756 1064 1848 6757 977 1949 6758 1066 1950 6759 1069 3096 6760 975 1951 6761 1075 1953 6762 1070 3097 6763 1013 1954 6764 1077 1834 6765 1073 1833 6766 1008 1956 6767 1076 1824 6768 1072 1990 6769 1007 1957 6770 1009 1958 6771 1074 1829 6772 1071 1831 6773 1073 1828 6774 1074 1827 6775 1009 1959 6776 1007 1960 6777 1072 3098 6778 1075 1961 6779 1071 1825 6780 1076 1824 6781 1011 1857 6782 1070 1964 6783 1077 1834 6784 1012 1847 6785 1082 1966 6786 1085 3099 6787 990 1967 6788 1084 1846 6789 1080 1845 6790 993 1969 6791 1083 1836 6792 1079 1989 6793 992 1970 6794 994 1972 6795 1081 1841 6796 1078 1843 6797 1080 1840 6798 1081 1839 6799 994 1973 6800 992 1974 6801 1079 3100 6802 1082 1975 6803 1078 1837 6804 1083 1836 6805 996 1971 6806 1085 1977 6807 1084 1846 6808 997 1832 6809 1086 1796 6810 1093 1769 6811 1005 1844 6812 1087 1792 6813 1092 1775 6814 1004 1980 6815 1000 1981 6816 1088 1784 6817 1091 1786 6818 1089 1781 6819 1090 1780 6820 1002 1983 6821 1002 1984 6822 1090 1776 6823 1087 1778 6824 1092 1775 6825 1088 1774 6826 1000 1985 6827 1093 1769 6828 1089 1768 6829 1001 1986 6830 1091 1766 6831 1086 1765 6832 998 1987 6833 1031 1995 6834 1027 3101 6835 1028 1996 6836 987 1998 6837 988 3102 6838 1038 1999 6839 1020 2001 6840 1021 3103 6841 1053 2002 6842 980 2004 6843 981 3104 6844 1054 2005 6845 1011 2007 6846 1012 3105 6847 1069 2008 6848 996 2010 6849 997 3106 6850 1070 2011 6851 1004 2013 6852 1005 3107 6853 1085 2014 6854 1026 2018 6855 1029 3108 6856 1028 3109 6857 1028 3109 6858 1027 2016 6859 1026 2018 6860 986 2021 6861 989 3110 6862 988 3111 6863 988 3111 6864 987 2019 6865 986 2021 6866 1019 2024 6867 1014 3112 6868 1021 3113 6869 1021 3113 6870 1020 2022 6871 1019 2024 6872 979 2027 6873 975 3114 6874 981 3115 6875 981 3115 6876 980 2025 6877 979 2027 6878 1010 2030 6879 1013 3116 6880 1012 3117 6881 1012 3117 6882 1011 2028 6883 1010 2030 6884 995 2033 6885 990 3118 6886 997 3119 6887 997 3119 6888 996 2031 6889 995 2033 6890 1003 2036 6891 998 3120 6892 1005 3121 6893 1005 3121 6894 1004 2034 6895 1003 2036 6896 1094 2044 6897 1096 2652 6898 1454 2045 6899 1094 2044 6900 1095 2046 6901 1101 2047 6902 1100 2049 6903 1096 2653 6904 1094 2050 6905 1100 2052 6906 1097 2048 6907 1098 2053 6908 1099 2055 6909 1134 2802 6910 1098 2053 6911 1097 2048 6912 1101 2047 6913 1102 2056 6914 1101 2047 6915 1104 2062 6916 1107 2057 6917 1095 2058 6918 1454 2654 6919 1103 2059 6920 1101 2047 6921 1103 3122 6922 1106 2061 6923 1106 2061 6924 1119 3123 6925 1105 2063 6926 1104 2062 6927 1105 2063 6928 1108 2064 6929 1102 2056 6930 1107 2057 6931 1109 2065 6932 1107 2057 6933 1108 2064 6934 1110 2067 6935 1109 2068 6936 1110 2091 6937 1114 2069 6938 1111 2071 6939 1109 2068 6940 1112 2070 6941 1116 2073 6942 1113 2072 6943 1112 2070 6944 1115 2074 6945 1112 2070 6946 1114 2069 6947 1103 2076 6948 1116 2073 6949 1115 2074 6950 1106 2077 6951 1115 2074 6952 1117 2075 6953 1119 2078 6954 1117 2075 6955 1118 2079 6956 1117 2075 6957 1114 2069 6958 1124 2081 6959 1105 2063 6960 1119 3123 6961 1120 2082 6962 1121 2084 6963 1120 3124 6964 1118 2085 6965 1105 2063 6966 1121 2083 6967 1122 2087 6968 1108 2064 6969 1122 2087 6970 1123 2088 6971 1122 2086 6972 1118 2085 6973 1124 2089 6974 1110 2091 6975 1123 3125 6976 1124 2081 6977 1103 2059 6978 1127 2640 6979 1125 2092 6980 1116 2093 6981 1125 2092 6982 1126 2094 6983 1126 2096 6984 1125 2099 6985 1128 2097 6986 1125 2099 6987 1127 3126 6988 1130 2100 6989 1129 2101 6990 1128 2104 6991 1131 2102 6992 1128 2104 6993 1130 2645 6994 1100 2049 6995 1131 2105 6996 1100 3127 6997 1135 2106 6998 1132 2108 6999 1131 2105 7000 1133 2107 7001 1133 2110 7002 1135 2110 7003 1098 2110 7004 1136 2112 7005 1133 2110 7006 1134 2111 7007 1139 2114 7008 1136 2112 7009 1137 2113 7010 1138 2116 7011 1141 3128 7012 1140 2117 7013 1145 2118 7014 1138 2116 7015 1136 2112 7016 1132 2119 7017 1136 3129 7018 1140 2120 7019 1143 2122 7020 1142 2121 7021 1140 2120 7022 1129 2124 7023 1132 3130 7024 1142 2125 7025 1129 2127 7026 1143 3131 7027 1141 2128 7028 1525 2130 7029 1145 2782 7030 1139 2131 7031 1144 2132 7032 1139 2131 7033 1146 2133 7034 1147 2135 7035 1146 3132 7036 1137 2136 7037 1148 2137 7038 1111 2066 7039 1149 2138 7040 1147 2134 7041 1149 2141 7042 1150 2139 7043 1111 2066 7044 1152 3133 7045 1151 2140 7046 1149 2141 7047 1151 3134 7048 1153 2142 7049 1152 2143 7050 1155 2143 7051 1153 2143 7052 1153 2142 7053 1156 3135 7054 1157 2144 7055 1150 2139 7056 1153 2142 7057 1154 2145 7058 1155 2147 7059 1158 2155 7060 1156 2148 7061 1158 2150 7062 1159 3136 7063 1157 2151 7064 1159 2152 7065 1158 290 7066 1160 290 7067 1155 290 7068 1170 290 7069 1168 290 7070 1168 2163 7071 1167 2161 7072 1155 2147 7073 1167 2161 7074 1166 2153 7075 1155 2147 7076 1161 290 7077 1160 290 7078 1158 290 7079 1158 2155 7080 1155 2147 7081 1166 2153 7082 1161 2154 7083 1163 2160 7084 1162 2156 7085 1169 2165 7086 1171 3137 7087 1174 2173 7088 1159 2152 7089 1162 290 7090 1163 2158 7091 1169 2165 7092 1174 2173 7093 1165 3138 7094 1174 2173 7095 1159 2152 7096 1164 2159 7097 1164 2159 7098 1165 3138 7099 1174 2173 7100 1166 2153 7101 1164 2162 7102 1163 2160 7103 1167 2161 7104 1165 2164 7105 1164 2162 7106 1168 2163 7107 1169 3139 7108 1165 2164 7109 1170 290 7110 1171 3137 7111 1169 2165 7112 1172 2166 7113 1173 3140 7114 1171 2167 7115 1155 2169 7116 1113 3141 7117 1172 2166 7118 1126 2170 7119 1173 3142 7120 1172 2171 7121 1174 2173 7122 1171 3137 7123 1173 2174 7124 1174 2173 7125 1154 2145 7126 1157 2144 7127 1174 2176 7128 1175 3143 7129 1177 2177 7130 1126 2179 7131 1176 2657 7132 1175 2180 7133 1175 2180 7134 1176 2657 7135 1533 2182 7136 1175 2184 7137 1179 2189 7138 1181 2185 7139 1175 290 7140 1178 290 7141 1190 290 7142 1190 2201 7143 1189 2199 7144 1175 2184 7145 1189 2199 7146 1188 2187 7147 1175 2184 7148 1183 290 7149 1182 290 7150 1179 290 7151 1179 2189 7152 1175 2184 7153 1188 2187 7154 1180 2190 7155 1179 290 7156 1182 290 7157 1179 2191 7158 1180 3144 7159 1532 2192 7160 1183 2188 7161 1185 2198 7162 1184 2194 7163 1191 2203 7164 1192 3145 7165 1194 2204 7166 1180 2190 7167 1184 290 7168 1185 2196 7169 1191 2203 7170 1194 2204 7171 1187 3146 7172 1194 2204 7173 1180 2190 7174 1186 2197 7175 1186 2197 7176 1187 3146 7177 1194 2204 7178 1188 2187 7179 1186 2200 7180 1185 2198 7181 1189 2199 7182 1187 2202 7183 1186 2200 7184 1190 2201 7185 1191 3147 7186 1187 2202 7187 1178 290 7188 1192 3145 7189 1191 2203 7190 1194 2204 7191 1192 3145 7192 1193 2205 7193 1533 2182 7194 1193 290 7195 1192 2207 7196 1195 2208 7197 1200 2631 7198 1197 2209 7199 1194 2204 7200 1196 2779 7201 1532 2211 7202 1194 2212 7203 1197 2150 7204 1199 2151 7205 1197 290 7206 1201 290 7207 1204 290 7208 1204 2223 7209 1205 2225 7210 1197 2216 7211 1205 2225 7212 1209 2213 7213 1197 2216 7214 1211 290 7215 1213 290 7216 1198 290 7217 1198 2215 7218 1197 2216 7219 1209 2213 7220 1197 2216 7221 1198 2215 7222 1531 2217 7223 1197 2209 7224 1200 2631 7225 1203 2219 7226 1201 290 7227 1202 3148 7228 1206 2221 7229 1203 2219 7230 1223 3149 7231 1202 2222 7232 1204 2223 7233 1206 3150 7234 1207 2224 7235 1206 2221 7236 1202 3148 7237 1216 2233 7238 1214 2226 7239 1212 290 7240 1210 2227 7241 1206 2221 7242 1216 2233 7243 1207 3151 7244 1216 2233 7245 1214 2226 7246 1208 2228 7247 1208 2228 7248 1207 3151 7249 1216 2233 7250 1205 2225 7251 1207 2224 7252 1208 2229 7253 1209 2213 7254 1208 2229 7255 1210 2230 7256 1211 2214 7257 1210 2230 7258 1212 2231 7259 1214 2226 7260 1198 290 7261 1213 290 7262 1216 2233 7263 1217 2774 7264 1215 2234 7265 1198 2235 7266 1214 3152 7267 1215 2236 7268 1216 2238 7269 1218 3153 7270 1246 2239 7271 1219 2241 7272 1222 2255 7273 1218 2242 7274 1216 2233 7275 1202 3148 7276 1223 2244 7277 1219 2246 7278 1220 2785 7279 1526 2247 7280 1443 2249 7281 1220 2628 7282 1219 2250 7283 1219 2252 7284 1223 3154 7285 1203 2253 7286 1222 2255 7287 1219 2241 7288 1221 2256 7289 1218 2242 7290 1222 2255 7291 1227 2258 7292 1224 2260 7293 1229 2459 7294 1227 2261 7295 1226 2263 7296 1426 2331 7297 1224 2264 7298 1431 2266 7299 1226 2606 7300 1222 2255 7301 1227 2258 7302 1229 3155 7303 1230 2267 7304 1231 2268 7305 1230 3156 7306 1229 2269 7307 1228 290 7308 1230 3156 7309 1232 2271 7310 1232 2271 7311 1230 3156 7312 1231 2268 7313 1242 2272 7314 1240 290 7315 1238 2273 7316 1232 2271 7317 1231 2268 7318 1234 3157 7319 1231 2268 7320 1242 2272 7321 1236 2274 7322 1236 2274 7323 1234 3157 7324 1231 2268 7325 1233 2275 7326 1232 3158 7327 1234 2276 7328 1235 2277 7329 1234 2276 7330 1236 2278 7331 1237 2279 7332 1236 2278 7333 1238 2280 7334 1239 2281 7335 1238 2280 7336 1240 2282 7337 1242 2272 7338 1244 290 7339 1241 290 7340 1244 2284 7341 1242 3159 7342 1243 2285 7343 1231 2268 7344 1248 2293 7345 1243 2287 7346 1218 2288 7347 1244 2291 7348 1245 2289 7349 1218 290 7350 1228 290 7351 1233 290 7352 1233 2275 7353 1235 2277 7354 1218 2288 7355 1235 2277 7356 1237 2279 7357 1218 2288 7358 1239 290 7359 1241 290 7360 1244 290 7361 1244 2291 7362 1218 2288 7363 1237 2279 7364 1246 2292 7365 1245 3160 7366 1243 2287 7367 1477 2294 7368 1217 2774 7369 1246 2292 7370 1247 2295 7371 1246 2292 7372 1248 2293 7373 1249 2296 7374 1248 2293 7375 1250 2297 7376 1231 2299 7377 1252 3161 7378 1250 2300 7379 1250 2297 7380 1254 3162 7381 1255 2302 7382 1253 2298 7383 1250 2297 7384 1251 2303 7385 1252 2305 7386 1256 2313 7387 1254 2306 7388 1256 2308 7389 1257 3163 7390 1255 2309 7391 1257 2310 7392 1256 290 7393 1258 290 7394 1252 290 7395 1268 290 7396 1266 290 7397 1266 2321 7398 1265 2319 7399 1252 2305 7400 1265 2319 7401 1264 2311 7402 1252 2305 7403 1259 290 7404 1258 290 7405 1256 290 7406 1256 2313 7407 1252 2305 7408 1264 2311 7409 1259 2312 7410 1261 2318 7411 1260 2314 7412 1267 2323 7413 1269 3164 7414 1321 2795 7415 1257 2310 7416 1260 290 7417 1261 2316 7418 1267 2323 7419 1321 2795 7420 1263 3165 7421 1321 2795 7422 1257 2310 7423 1262 2317 7424 1262 2317 7425 1263 3165 7426 1321 2795 7427 1264 2311 7428 1262 2320 7429 1261 2318 7430 1265 2319 7431 1263 2322 7432 1262 2320 7433 1266 2321 7434 1267 3166 7435 1263 2322 7436 1268 290 7437 1269 3164 7438 1267 2323 7439 1270 2324 7440 1271 3167 7441 1269 2325 7442 1252 2327 7443 1272 2335 7444 1270 2324 7445 1273 2328 7446 1271 3168 7447 1270 2329 7448 1274 2331 7449 1414 2583 7450 1273 2332 7451 1224 2333 7452 1272 2335 7453 1252 2327 7454 1272 2335 7455 1224 2333 7456 1276 2336 7457 1278 2338 7458 1274 2591 7459 1272 2335 7460 1275 2337 7461 1276 2336 7462 1512 2339 7463 1277 2341 7464 1275 3169 7465 1280 2342 7466 1277 2344 7467 1417 2585 7468 1278 2345 7469 1275 2337 7470 1279 2340 7471 1282 2347 7472 1281 2349 7473 1280 2348 7474 1282 2347 7475 1284 2351 7476 1283 3170 7477 1282 2352 7478 1277 2354 7479 1281 3171 7480 1283 2355 7481 1285 2357 7482 1284 2351 7483 1279 2353 7484 1288 2359 7485 1286 2365 7486 1284 2351 7487 1289 2360 7488 1277 2798 7489 1284 2361 7490 1287 2363 7491 1291 3172 7492 1290 2364 7493 1487 2366 7494 1287 2363 7495 1286 2365 7496 1289 2360 7497 1286 2362 7498 1290 2367 7499 1293 2369 7500 1292 2368 7501 1290 2367 7502 1294 2332 7503 1289 2513 7504 1292 2371 7505 1294 2372 7506 1293 3173 7507 1291 2373 7508 1294 2374 7509 1295 2578 7510 1413 2375 7511 1297 2377 7512 1298 2792 7513 1295 2378 7514 1296 2380 7515 1294 2384 7516 1287 2381 7517 1300 2383 7518 1297 2391 7519 1294 2384 7520 1412 2385 7521 1298 2572 7522 1297 2386 7523 1297 2388 7524 1302 3174 7525 1303 2389 7526 1297 2391 7527 1300 2383 7528 1329 2392 7529 1301 2394 7530 1304 3175 7531 1302 2395 7532 1303 2397 7533 1302 3176 7534 1304 2398 7535 1305 290 7536 1304 3175 7537 1306 2400 7538 1306 2400 7539 1304 3175 7540 1301 2394 7541 1316 2401 7542 1314 290 7543 1312 2402 7544 1306 2400 7545 1301 2394 7546 1308 3177 7547 1301 2394 7548 1316 2401 7549 1310 2403 7550 1310 2403 7551 1308 3177 7552 1301 2394 7553 1307 2404 7554 1306 3178 7555 1308 2405 7556 1309 2406 7557 1308 2405 7558 1310 2407 7559 1311 2408 7560 1310 2407 7561 1312 2409 7562 1313 2410 7563 1312 2409 7564 1314 2411 7565 1316 2401 7566 1318 290 7567 1315 290 7568 1301 2394 7569 1324 2427 7570 1317 2413 7571 1318 2414 7572 1316 3179 7573 1317 2415 7574 1320 2416 7575 1318 2419 7576 1319 2417 7577 1320 290 7578 1305 290 7579 1307 290 7580 1307 2404 7581 1309 2406 7582 1320 2416 7583 1309 2406 7584 1311 2408 7585 1320 2416 7586 1313 290 7587 1315 290 7588 1318 290 7589 1318 2419 7590 1320 2416 7591 1311 2408 7592 1321 2420 7593 1320 3180 7594 1322 2421 7595 1273 2422 7596 1299 2577 7597 1320 2423 7598 1320 2423 7599 1299 2577 7600 1303 2397 7601 1484 2304 7602 1251 2303 7603 1322 2425 7604 1323 2426 7605 1322 2425 7606 1324 2427 7607 1322 2425 7608 1319 3181 7609 1317 2413 7610 1325 2428 7611 1324 2427 7612 1326 2429 7613 1301 2431 7614 1329 3182 7615 1326 2432 7616 1327 2430 7617 1326 2429 7618 1328 2434 7619 1326 2429 7620 1330 3183 7621 1331 2436 7622 1329 2437 7623 1332 2445 7624 1330 2438 7625 1332 2440 7626 1333 2440 7627 1331 2440 7628 1333 2442 7629 1332 290 7630 1334 290 7631 1329 290 7632 1344 290 7633 1342 290 7634 1342 2453 7635 1341 2451 7636 1329 2437 7637 1341 2451 7638 1340 2443 7639 1329 2437 7640 1335 290 7641 1334 290 7642 1332 290 7643 1332 2445 7644 1329 2437 7645 1340 2443 7646 1335 2444 7647 1337 2450 7648 1336 2446 7649 1343 2455 7650 1345 3184 7651 1352 2462 7652 1333 2442 7653 1336 290 7654 1337 2448 7655 1343 2455 7656 1352 2462 7657 1339 3185 7658 1352 2462 7659 1333 2442 7660 1338 2449 7661 1338 2449 7662 1339 3185 7663 1352 2462 7664 1340 2443 7665 1338 2452 7666 1337 2450 7667 1341 2451 7668 1339 2454 7669 1338 2452 7670 1342 2453 7671 1343 3186 7672 1339 2454 7673 1344 290 7674 1345 3184 7675 1343 2455 7676 1346 2456 7677 1347 3187 7678 1345 2457 7679 1329 2392 7680 1300 2383 7681 1346 2456 7682 1348 2459 7683 1347 3188 7684 1346 2460 7685 1352 2462 7686 1345 3184 7687 1347 2463 7688 1348 2465 7689 1349 2545 7690 1397 2466 7691 1528 2263 7692 1349 2547 7693 1348 2468 7694 1351 2470 7695 1348 2473 7696 1350 2471 7697 1348 2473 7698 1351 2470 7699 1353 2474 7700 1352 2462 7701 1328 2434 7702 1331 2436 7703 1352 2476 7704 1353 3189 7705 1354 2477 7706 1353 2479 7707 1356 2486 7708 1358 2480 7709 1353 2474 7710 1351 2470 7711 1530 2482 7712 1353 290 7713 1355 290 7714 1367 290 7715 1367 2498 7716 1366 2496 7717 1353 2479 7718 1366 2496 7719 1365 2484 7720 1353 2479 7721 1360 290 7722 1359 290 7723 1356 290 7724 1356 2486 7725 1353 2479 7726 1365 2484 7727 1357 2487 7728 1356 290 7729 1359 290 7730 1356 2488 7731 1357 3190 7732 1529 2489 7733 1360 2485 7734 1362 2495 7735 1361 2491 7736 1368 2500 7737 1369 3191 7738 1371 2502 7739 1357 2487 7740 1361 290 7741 1362 2493 7742 1368 2500 7743 1371 2502 7744 1364 3192 7745 1371 2502 7746 1357 2487 7747 1363 2494 7748 1363 2494 7749 1364 3192 7750 1371 2502 7751 1365 2484 7752 1363 2497 7753 1362 2495 7754 1366 2496 7755 1364 2499 7756 1363 2497 7757 1367 2498 7758 1368 3193 7759 1364 2499 7760 1355 290 7761 1369 3191 7762 1368 2500 7763 1530 2482 7764 1370 3194 7765 1369 2501 7766 1371 2502 7767 1369 3191 7768 1370 2503 7769 1371 2502 7770 1372 2506 7771 1529 2505 7772 1373 2504 7773 1374 2507 7774 1372 2506 7775 1374 2507 7776 1373 2504 7777 1375 2508 7778 1373 2504 7779 1376 2516 7780 1377 2510 7781 1373 2260 7782 1370 3168 7783 1530 2511 7784 1378 2513 7785 1376 2309 7786 1373 2514 7787 1376 2516 7788 1379 2519 7789 1380 2517 7790 1381 2518 7791 1379 2521 7792 1376 2309 7793 1379 2519 7794 1382 3195 7795 1384 2520 7796 1381 290 7797 1391 290 7798 1387 290 7799 1387 2522 7800 1383 3196 7801 1382 3197 7802 1382 3197 7803 1379 2521 7804 1387 2522 7805 1385 2523 7806 1384 3198 7807 1382 2524 7808 1390 2535 7809 1380 3199 7810 1388 2528 7811 1380 3199 7812 1384 2526 7813 1388 2528 7814 1385 290 7815 1386 290 7816 1388 290 7817 1386 2529 7818 1385 3200 7819 1383 2530 7820 1388 290 7821 1386 290 7822 1387 290 7823 1389 2532 7824 1388 3201 7825 1391 2533 7826 1390 2535 7827 1388 2528 7828 1389 2536 7829 1392 2538 7830 1391 3202 7831 1381 2539 7832 1401 2541 7833 1389 2532 7834 1392 2534 7835 1393 2543 7836 1392 2538 7837 1394 2540 7838 1349 2545 7839 1394 3203 7840 1396 2546 7841 1395 2544 7842 1394 2540 7843 1349 2547 7844 1397 2548 7845 1396 2537 7846 1398 2549 7847 1396 2537 7848 1389 2536 7849 1401 2551 7850 1398 2549 7851 1401 2551 7852 1402 2552 7853 1398 2554 7854 1395 3204 7855 1528 2555 7856 1402 2557 7857 1401 2541 7858 1393 2542 7859 1404 2559 7860 1402 2557 7861 1403 2558 7862 1399 2553 7863 1402 2552 7864 1404 2561 7865 1405 2563 7866 1404 2559 7867 1407 2560 7868 1406 2562 7869 1404 2561 7870 1405 2565 7871 1407 2567 7872 1403 2794 7873 1410 2568 7874 1408 2570 7875 1407 2567 7876 1409 2569 7877 1409 2569 7878 1410 2568 7879 1298 2572 7880 1412 2573 7881 1413 2576 7882 1406 2574 7883 1413 2576 7884 1412 2573 7885 1299 2577 7886 1295 2578 7887 1399 2553 7888 1406 2562 7889 1414 2579 7890 1411 3205 7891 1416 2580 7892 1415 2582 7893 1411 2571 7894 1414 2583 7895 1422 2584 7896 1408 2570 7897 1411 2571 7898 1417 2585 7899 1416 2566 7900 1418 2586 7901 1416 2566 7902 1405 2565 7903 1420 2587 7904 1418 2586 7905 1420 2587 7906 1421 2588 7907 1418 2590 7908 1415 3206 7909 1274 2591 7910 1421 2592 7911 1420 2595 7912 1422 2593 7913 1420 2595 7914 1405 2563 7915 1408 2564 7916 1423 2596 7917 1422 2584 7918 1415 2582 7919 1432 2598 7920 1421 2592 7921 1423 2594 7922 1424 2600 7923 1423 2596 7924 1425 2597 7925 1426 2602 7926 1425 3207 7927 1419 2603 7928 1427 2601 7929 1425 2597 7930 1426 2331 7931 1434 2193 7932 1424 2600 7933 1427 2601 7934 1226 2606 7935 1431 2266 7936 1429 2607 7937 1429 2609 7938 1432 2612 7939 1433 2610 7940 1419 2589 7941 1421 2588 7942 1432 2612 7943 1527 2102 7944 1419 2589 7945 1429 2609 7946 1433 2613 7947 1432 2598 7948 1424 2599 7949 1435 2615 7950 1433 2613 7951 1434 2614 7952 1430 2611 7953 1433 2610 7954 1435 2114 7955 1436 2618 7956 1435 2615 7957 1437 2616 7958 1438 2617 7959 1435 2114 7960 1436 2620 7961 1526 2622 7962 1430 2611 7963 1438 2617 7964 1438 2624 7965 1441 3208 7966 1443 2625 7967 1441 2627 7968 1428 2605 7969 1220 2628 7970 1437 2629 7971 1434 2193 7972 1428 2605 7973 1445 2600 7974 1437 2629 7975 1441 2627 7976 1200 2631 7977 1468 2676 7978 1440 2626 7979 1444 2632 7980 1442 3209 7981 1439 2633 7982 1446 2635 7983 1442 2630 7984 1444 2636 7985 1448 2638 7986 1445 2600 7987 1442 2630 7988 1453 2639 7989 1448 2638 7990 1446 2635 7991 1447 2641 7992 1450 2658 7993 1449 2642 7994 1449 2049 7995 1451 2552 7996 1452 2644 7997 1439 2621 7998 1436 2620 7999 1451 2552 8000 1455 2646 8001 1439 2621 8002 1449 2049 8003 1452 2648 8004 1451 2651 8005 1448 2649 8006 1451 2651 8007 1436 2618 8008 1445 2619 8009 1096 2652 8010 1452 2648 8011 1453 2650 8012 1130 2645 8013 1452 2644 8014 1096 2653 8015 1454 2654 8016 1453 2639 8017 1127 2640 8018 1457 2655 8019 1455 2646 8020 1450 2647 8021 1176 2657 8022 1456 2659 8023 1450 2658 8024 1456 2659 8025 1129 2662 8026 1138 2660 8027 1176 2657 8028 1126 2179 8029 1129 2662 8030 1457 2663 8031 1456 3210 8032 1459 2664 8033 1456 2659 8034 1458 2661 8035 1461 2666 8036 1460 2668 8037 1459 2667 8038 1461 2666 8039 1463 2670 8040 1462 3211 8041 1461 2671 8042 1457 2673 8043 1460 2673 8044 1462 2673 8045 1464 2674 8046 1463 2670 8047 1458 2672 8048 1467 2675 8049 1465 2681 8050 1463 2670 8051 1468 2676 8052 1457 2693 8053 1463 2677 8054 1466 2679 8055 1470 2359 8056 1469 2680 8057 1474 2682 8058 1466 2679 8059 1465 2681 8060 1468 2676 8061 1465 2678 8062 1469 2683 8063 1472 2685 8064 1471 2684 8065 1469 2683 8066 1221 2687 8067 1468 2126 8068 1471 2688 8069 1221 2690 8070 1472 3212 8071 1470 2691 8072 1200 2631 8073 1195 2208 8074 1457 2693 8075 1221 2694 8076 1526 2622 8077 1440 2623 8078 1473 2696 8079 1467 2700 8080 1464 2697 8081 1476 2699 8082 1474 2703 8083 1467 2700 8084 1475 2701 8085 1513 2759 8086 1466 2679 8087 1478 2702 8088 1475 2705 8089 1474 2703 8090 1473 2696 8091 1518 2773 8092 1477 2294 8093 1476 2699 8094 1477 2294 8095 1247 2295 8096 1478 2702 8097 1247 2295 8098 1249 2296 8099 1479 2704 8100 1480 2707 8101 1475 2705 8102 1479 2704 8103 1249 2296 8104 1253 2298 8105 1481 2706 8106 1483 2709 8107 1480 2707 8108 1481 2706 8109 1253 2298 8110 1484 2304 8111 1482 2708 8112 1285 2713 8113 1483 2709 8114 1483 2358 8115 1279 2353 8116 1512 2710 8117 1482 2708 8118 1484 2304 8119 1323 2426 8120 1485 2712 8121 1288 2715 8122 1285 2713 8123 1486 2714 8124 1487 2717 8125 1288 2715 8126 1485 2712 8127 1323 2426 8128 1325 2428 8129 1486 2714 8130 1325 2428 8131 1327 2430 8132 1488 2716 8133 1490 2719 8134 1487 2717 8135 1489 2718 8136 1491 2745 8137 1490 2719 8138 1488 2716 8139 1327 2430 8140 1507 2435 8141 1491 2720 8142 1493 2723 8143 1492 2721 8144 1490 2722 8145 1492 2721 8146 1287 2363 8147 1493 2723 8148 1495 3213 8149 1494 2724 8150 1296 2380 8151 1492 2382 8152 1494 2725 8153 1497 2727 8154 1496 2726 8155 1494 2725 8156 1350 2729 8157 1296 2236 8158 1496 2421 8159 1350 2731 8160 1497 3214 8161 1495 2732 8162 1499 2472 8163 1350 2471 8164 1493 2734 8165 1502 2736 8166 1498 2740 8167 1493 2723 8168 1499 2472 8169 1498 2735 8170 1501 2737 8171 1503 2739 8172 1500 2741 8173 1498 2740 8174 1500 2741 8175 1508 2750 8176 1501 2742 8177 1505 2509 8178 1503 2749 8179 1502 2743 8180 1504 2744 8181 1502 2743 8182 1491 2745 8183 1504 2744 8184 1506 2746 8185 1374 2507 8186 1489 2718 8187 1507 2435 8188 1506 2746 8189 1507 2435 8190 1328 2434 8191 1354 2747 8192 1506 2746 8193 1354 2747 8194 1372 2506 8195 1505 2509 8196 1375 2508 8197 1500 2748 8198 1508 2750 8199 1511 2742 8200 1509 2751 8201 1510 2738 8202 1501 2737 8203 1509 2752 8204 1390 2753 8205 1381 3215 8206 1378 2754 8207 1510 2738 8208 1378 2754 8209 1351 2470 8210 1380 2755 8211 1390 2753 8212 1509 2752 8213 1377 2510 8214 1380 2517 8215 1511 2757 8216 1375 2508 8217 1377 2510 8218 1508 2758 8219 1480 2711 8220 1512 2710 8221 1513 2759 8222 1512 2710 8223 1514 3216 8224 1515 2760 8225 1276 2761 8226 1516 3217 8227 1514 2762 8228 1516 2764 8229 1517 2770 8230 1515 2765 8231 1276 2767 8232 1225 3218 8233 1517 2768 8234 1225 2257 8235 1513 2772 8236 1515 2765 8237 1225 2257 8238 1221 2256 8239 1466 2771 8240 1518 2773 8241 1199 2776 8242 1217 2774 8243 1519 2775 8244 1196 2779 8245 1199 2776 8246 1520 2698 8247 1519 2775 8248 1518 2773 8249 1523 2777 8250 1521 2778 8251 1519 2775 8252 1521 2778 8253 1177 2780 8254 1196 2779 8255 1522 2146 8256 1154 2145 8257 1177 2780 8258 1525 2130 8259 1522 2146 8260 1521 2778 8261 1520 2698 8262 1464 2697 8263 1524 2781 8264 1523 2777 8265 1524 2781 8266 1145 2782 8267 1144 2132 8268 1150 2139 8269 1522 2146 8270 1524 2671 8271 1458 2672 8272 1138 2116 8273 1195 2783 8274 1444 2632 8275 1455 2634 8276 1447 2637 8277 1444 2636 8278 1195 2126 8279 1220 2785 8280 1428 3219 8281 1430 2786 8282 1276 2787 8283 1527 2102 8284 1431 2101 8285 1224 2788 8286 1426 2602 8287 1527 2604 8288 1273 2790 8289 1414 2579 8290 1417 2581 8291 1298 2792 8292 1410 3220 8293 1399 2793 8294 1403 2794 8295 1393 2543 8296 1395 2544 8297 1350 2548 8298 1397 2548 8299 1400 2550 8300 1300 2383 8301 1296 2380 8302 1400 2556 8303 1354 2747 8304 1358 3221 8305 1529 2505 8306 1321 2795 8307 1251 2303 8308 1255 2302 8309 1321 2795 8310 1269 3164 8311 1271 2796 8312 1299 2577 8313 1273 2422 8314 1277 2798 8315 1199 2776 8316 1531 3222 8317 1215 2234 8318 1177 2780 8319 1181 3223 8320 1532 2211 8321 1195 2799 8322 1193 3224 8323 1533 2800 8324 1148 2137 8325 1137 2136 8326 1134 2802 8327 1099 2055 8328 1102 2056 8329 1111 2066 8330 1534 3225 8331 1535 2808 8332 1537 2803 8333 1537 2803 8334 1540 3226 8335 1539 3227 8336 1544 2805 8337 1540 3226 8338 1537 2803 8339 1544 2805 8340 1550 3228 8341 1548 3229 8342 1548 3229 8343 1550 3228 8344 1549 3230 8345 1550 3228 8346 1555 2836 8347 1551 3231 8348 1544 2805 8349 1558 2804 8350 1550 3228 8351 1555 2836 8352 1550 3228 8353 1558 2804 8354 1558 2804 8355 1537 2803 8356 1535 2808 8357 1536 2806 8358 1535 2808 8359 1534 3225 8360 1538 2809 8361 1534 2811 8362 1537 3232 8363 1537 2812 8364 1541 2814 8365 1538 3233 8366 1539 2815 8367 1542 2817 8368 1541 3234 8369 1567 2844 8370 1541 2819 8371 1565 2818 8372 1565 2818 8373 1542 2820 8374 1559 2837 8375 1559 2837 8376 1545 3235 8377 1547 2838 8378 1559 2837 8379 1543 290 8380 1545 3235 8381 1571 3236 8382 1538 3237 8383 1570 3238 8384 1570 3238 8385 1541 2819 8386 1567 2844 8387 1541 2819 8388 1570 3238 8389 1538 3237 8390 1559 2837 8391 1542 2820 8392 1543 290 8393 1543 2821 8394 1540 2816 8395 1544 2822 8396 1543 2821 8397 1548 2823 8398 1545 2826 8399 1549 2824 8400 1545 2826 8401 1548 2823 8402 1573 3239 8403 1557 2807 8404 1572 3240 8405 1572 3240 8406 1536 2806 8407 1571 3236 8408 1557 2807 8409 1536 2806 8410 1572 3240 8411 1571 3236 8412 1536 2806 8413 1538 3237 8414 1579 3241 8415 1553 2828 8416 1578 2827 8417 1578 2827 8418 1554 2829 8419 1573 3239 8420 1560 2840 8421 1546 3242 8422 1580 3243 8423 1580 3243 8424 1553 2828 8425 1579 3241 8426 1546 3242 8427 1552 3244 8428 1580 3243 8429 1545 3235 8430 1546 3242 8431 1547 2838 8432 1547 2838 8433 1546 3242 8434 1560 2840 8435 1573 3239 8436 1556 3245 8437 1557 2807 8438 1552 3244 8439 1553 2828 8440 1580 3243 8441 1573 3239 8442 1554 2829 8443 1556 3245 8444 1546 2830 8445 1550 2832 8446 1552 3246 8447 1552 2833 8448 1551 2835 8449 1553 3247 8450 1555 2836 8451 1553 2828 8452 1551 3231 8453 1554 2829 8454 1558 2804 8455 1556 3245 8456 1558 2804 8457 1557 2807 8458 1556 3245 8459 1559 2837 8460 1561 2839 8461 1563 3248 8462 1547 2838 8463 1562 2841 8464 1561 2839 8465 1564 2842 8466 1559 2837 8467 1563 3248 8468 1566 2843 8469 1565 2818 8470 1564 2842 8471 1568 2845 8472 1567 2847 8473 1566 3249 8474 1570 2848 8475 1569 2850 8476 1571 3250 8477 1574 2851 8478 1571 2853 8479 1569 3251 8480 1575 2854 8481 1572 2852 8482 1574 2851 8483 1578 2856 8484 1575 2854 8485 1576 2857 8486 1576 2857 8487 1579 2859 8488 1578 2856 8489 1577 2860 8490 1580 2860 8491 1579 3252 8492 1581 2862 8493 1560 2864 8494 1580 3253 8495 1592 2865 8496 1584 2884 8497 1582 2866 8498 1583 2867 8499 1582 2866 8500 1585 2868 8501 1582 2866 8502 1584 2884 8503 1587 2870 8504 1585 2868 8505 1586 2872 8506 1589 2871 8507 1587 2870 8508 1599 2886 8509 1586 2872 8510 1583 2873 8511 1588 3254 8512 1590 2874 8513 1590 2874 8514 1588 3254 8515 1589 2876 8516 1590 2874 8517 1591 2877 8518 1594 2878 8519 1595 2880 8520 1592 2875 8521 1590 2874 8522 1598 2881 8523 1596 3255 8524 1593 2879 8525 1593 2879 8526 1596 3255 8527 1597 2882 8528 1597 2883 8529 1596 3256 8530 1587 2870 8531 1587 2870 8532 1596 3256 8533 1598 2885 8534 1599 2887 8535 1598 2881 8536 1594 2878 8537 1586 2872 8538 1599 2886 8539 1591 2888 8540 1595 2880 8541 1597 2882 8542 1584 2889 8543 1602 2890 8544 1600 3257 8545 1601 2891 8546 1600 2893 8547 1603 3258 8548 1606 2894 8549 1600 2896 8550 1602 2913 8551 1605 2897 8552 1606 2894 8553 1603 3258 8554 1604 2899 8555 1605 2897 8556 1617 2915 8557 1604 2901 8558 1601 2895 8559 1606 2894 8560 1608 2902 8561 1608 2902 8562 1606 2894 8563 1607 2900 8564 1608 2902 8565 1609 2904 8566 1612 2905 8567 1613 2907 8568 1610 2903 8569 1608 2902 8570 1612 2908 8571 1616 2914 8572 1614 2909 8573 1614 2909 8574 1615 2912 8575 1613 2911 8576 1615 2912 8577 1614 2909 8578 1605 2897 8579 1605 2897 8580 1614 2909 8581 1616 2914 8582 1609 2916 8583 1617 3259 8584 1616 2917 8585 1607 2900 8586 1604 2899 8587 1617 2919 8588 1615 2912 8589 1602 2913 8590 1610 2920 8591 1620 2921 8592 1618 3260 8593 1619 2922 8594 1618 2924 8595 1621 2930 8596 1624 2925 8597 1618 2927 8598 1620 2944 8599 1623 2928 8600 1621 2930 8601 1622 3261 8602 1625 2931 8603 1623 2928 8604 1635 2946 8605 1622 2932 8606 1619 2926 8607 1624 2925 8608 1626 2933 8609 1626 2933 8610 1624 2925 8611 1625 2931 8612 1626 2933 8613 1627 2935 8614 1630 2936 8615 1631 2938 8616 1628 2934 8617 1626 2933 8618 1630 2939 8619 1634 2945 8620 1632 2940 8621 1629 2941 8622 1632 2940 8623 1633 2942 8624 1633 2942 8625 1632 2940 8626 1623 2928 8627 1623 2928 8628 1632 2940 8629 1634 2945 8630 1627 2947 8631 1635 3262 8632 1634 2948 8633 1625 2931 8634 1622 3261 8635 1635 2950 8636 1633 2942 8637 1620 3263 8638 1628 2952 8639 1646 2953 8640 1638 2972 8641 1636 2954 8642 1637 2955 8643 1636 2954 8644 1639 2956 8645 1636 2954 8646 1638 2972 8647 1641 2958 8648 1639 2956 8649 1640 2960 8650 1643 2959 8651 1641 2958 8652 1653 2974 8653 1640 2960 8654 1637 2961 8655 1642 3264 8656 1644 2962 8657 1644 2962 8658 1642 3264 8659 1643 2964 8660 1644 2962 8661 1645 2965 8662 1648 2966 8663 1649 2968 8664 1646 2963 8665 1644 2962 8666 1652 2969 8667 1650 3265 8668 1647 2967 8669 1647 2967 8670 1650 3265 8671 1651 2970 8672 1651 2971 8673 1650 3266 8674 1641 2958 8675 1641 2958 8676 1650 3266 8677 1652 2973 8678 1653 2975 8679 1652 2969 8680 1648 2966 8681 1640 2960 8682 1653 2974 8683 1645 2976 8684 1649 2968 8685 1651 2970 8686 1638 2977 8687 1656 2978 8688 1654 2981 8689 1655 2979 8690 1654 2981 8691 1657 3267 8692 1660 2982 8693 1654 2983 8694 1656 3000 8695 1659 2984 8696 1660 2982 8697 1657 3267 8698 1658 2986 8699 1659 2984 8700 1671 3002 8701 1658 2988 8702 1655 2979 8703 1660 2982 8704 1662 2989 8705 1662 2989 8706 1660 2982 8707 1661 2987 8708 1662 2989 8709 1663 2991 8710 1666 2992 8711 1667 2994 8712 1664 2990 8713 1662 2989 8714 1666 2995 8715 1670 3001 8716 1668 2996 8717 1668 2996 8718 1669 2999 8719 1667 2998 8720 1669 2999 8721 1668 2996 8722 1659 2984 8723 1659 2984 8724 1668 2996 8725 1670 3001 8726 1663 3003 8727 1671 3268 8728 1670 3001 8729 1661 3004 8730 1658 3269 8731 1671 3005 8732 1669 3007 8733 1656 3270 8734 1664 3008 8735 1674 3010 8736 1672 3013 8737 1673 3011 8738 1672 3013 8739 1675 3271 8740 1678 3014 8741 1672 3015 8742 1674 3032 8743 1677 3016 8744 1678 3014 8745 1675 3271 8746 1676 3018 8747 1677 3016 8748 1689 3034 8749 1676 3020 8750 1673 3011 8751 1678 3014 8752 1680 3021 8753 1680 3021 8754 1678 3014 8755 1679 3019 8756 1680 3021 8757 1681 3023 8758 1684 3024 8759 1685 3026 8760 1682 3022 8761 1680 3021 8762 1684 3027 8763 1688 3033 8764 1686 3028 8765 1686 3028 8766 1687 3031 8767 1685 3030 8768 1687 3031 8769 1686 3028 8770 1677 3016 8771 1677 3016 8772 1686 3028 8773 1688 3033 8774 1681 3035 8775 1689 3272 8776 1688 3033 8777 1679 3036 8778 1676 3273 8779 1689 3037 8780 1687 3039 8781 1674 3274 8782 1682 3040 8783 1700 3042 8784 1692 3061 8785 1690 3043 8786 1691 3044 8787 1690 3043 8788 1693 3045 8789 1690 3043 8790 1692 3061 8791 1695 3047 8792 1693 3045 8793 1694 3049 8794 1697 3048 8795 1695 3047 8796 1707 3063 8797 1694 3049 8798 1691 3050 8799 1696 3275 8800 1698 3051 8801 1698 3051 8802 1696 3275 8803 1697 3053 8804 1698 3051 8805 1699 3054 8806 1702 3055 8807 1703 3057 8808 1700 3052 8809 1698 3051 8810 1706 3058 8811 1704 3276 8812 1701 3056 8813 1701 3056 8814 1704 3276 8815 1705 3059 8816 1705 3060 8817 1704 3277 8818 1695 3047 8819 1695 3047 8820 1704 3277 8821 1706 3062 8822 1707 3064 8823 1706 3058 8824 1702 3055 8825 1694 3049 8826 1707 3063 8827 1699 3065 8828 1703 3057 8829 1705 3059 8830 1692 3066 8831 1708 3067 8832 1709 3278 8833 1712 3068 8834 1710 3070 8835 1712 3279 8836 1713 3071 8837</p>
        </triangles>
      </mesh>
    </geometry>
  </library_geometries>
  <library_visual_scenes>
    <visual_scene id="Scene" name="Scene">
      <node id="farmstead" name="farmstead" type="NODE">
        <matrix sid="transform">1 0 0 0 0 1 0 0 0 0 1 0 0 0 0 1</matrix>
        <instance_geometry url="#Esfera_110-mesh" name="farmstead">
          <bind_material>
            <technique_common>
              <instance_material symbol="A_A_A-Textura_garamante-material" target="#A_A_A-Textura_garamante-material">
                <bind_vertex_input semantic="MapaUV" input_semantic="TEXCOORD" input_set="0"/>
                <bind_vertex_input semantic="UVMap" input_semantic="TEXCOORD" input_set="1"/>
              </instance_material>
            </technique_common>
          </bind_material>
        </instance_geometry>
      </node>
    </visual_scene>
  </library_visual_scenes>
  <scene>
    <instance_visual_scene url="#Scene"/>
  </scene>
</COLLADA>