<?xml version="1.0" encoding="utf-8"?>
<COLLADA xmlns="http://www.collada.org/2005/11/COLLADASchema" version="1.4.1" xmlns:xsi="http://www.w3.org/2001/XMLSchema-instance">
  <asset>
    <contributor>
      <author>Blender User</author>
      <authoring_tool>Blender 4.3.1 commit date:2024-12-10, commit time:07:46, hash:33d812126174</authoring_tool>
    </contributor>
    <created>2026-08-29T11:34:36</created>
    <modified>2026-08-29T11:34:36</modified>
    <unit name="meter" meter="1"/>
    <up_axis>Z_UP</up_axis>
  </asset>
  <library_effects>
    <effect id="A_A_A-Textura_garamante-effect">
      <profile_COMMON>
        <newparam sid="gara_struct_png-surface">
          <surface type="2D">
            <init_from>gara_struct_png</init_from>
          </surface>
        </newparam>
        <newparam sid="gara_struct_png-sampler">
          <sampler2D>
            <source>gara_struct_png-surface</source>
          </sampler2D>
        </newparam>
        <technique sid="common">
          <lambert>
            <emission>
              <color sid="emission">0 0 0 1</color>
            </emission>
            <diffuse>
              <texture texture="gara_struct_png-sampler" texcoord="MapaUV"/>
            </diffuse>
            <index_of_refraction>
              <float sid="ior">1.45</float>
            </index_of_refraction>
          </lambert>
        </technique>
      </profile_COMMON>
    </effect>
  </library_effects>
  <library_images>
    <image id="gara_struct_png" name="gara_struct_png">
      <init_from>gara_struct.png</init_from>
    </image>
  </library_images>
  <library_materials>
    <material id="A_A_A-Textura_garamante-material" name="A A A-Textura garamante">
      <instance_effect url="#A_A_A-Textura_garamante-effect"/>
    </material>
  </library_materials>
  <library_geometries>
    <geometry id="Esfera_7784-mesh" name="Esfera.7784">
      <mesh>
        <source id="Esfera_7784-mesh-positions">
          <float_array id="Esfera_7784-mesh-positions-array" count="11061">-1.390999 -4.714954 -0.01948821 -1.541893 -4.962519 -0.01944637 -1.678978 -4.714977 -0.01941472 -1.678735 -4.71512 2.042083 -1.390756 -4.715097 2.042009 -1.541646 -4.962662 2.042051 -3.280156 6.155582 4.843796 -2.457649 6.407003 4.843476 -3.280568 6.157757 5.5039 -3.55441 5.342686 4.843894 -2.457448 6.405006 5.503579 -2.487003 5.314024 4.843476 -2.516114 4.230045 4.843476 -1.419592 5.285351 4.843059 -3.323941 4.525246 4.843796 -1.69361 4.481466 4.843157 -1.649819 6.111797 4.843157 -1.648783 6.113943 5.503261 -1.427191 5.286255 5.503165 -1.692608 4.482147 5.503261 -2.486708 5.315449 5.503579 -2.515687 4.236385 5.503579 -3.546265 5.343161 5.503994 -3.324396 4.525978 5.5039 -4.407911 6.185875 5.507202 -3.585404 6.43729 5.506883 -4.408323 6.188049 6.167305 -4.682168 5.372978 5.5073 -3.585201 6.435293 6.166985 -3.614758 5.344311 5.506882 -3.643869 4.260338 5.506882 -2.54735 5.315643 5.506465 -4.451696 4.555538 5.507202 -2.821362 4.511753 5.506564 -2.777574 6.14209 5.506563 -2.776533 6.14423 6.166666 -2.554938 5.316536 6.166572 -2.820361 4.51244 6.166667 -3.61446 5.345741 6.166985 -3.64344 4.266672 6.166985 -4.674017 5.373447 6.167401 -4.452142 4.556259 6.167305 -2.109703 6.124157 5.507208 -1.28719 6.375572 5.506888 -2.110103 6.126331 6.167311 -2.383946 5.311254 5.507307 -1.286984 6.373569 6.166991 -1.316541 5.282587 5.506888 -1.345658 4.198608 5.506888 -0.2491335 5.25392 5.506471 -2.153476 4.493814 5.507208 -0.5231481 4.450035 5.506569 -0.4793601 6.08036 5.50657 -0.4783216 6.0825 6.166673 -0.2567296 5.254818 6.166577 -0.5221467 4.45071 6.166673 -1.316246 5.284012 6.166991 -1.345226 4.204948 6.166991 -2.375803 5.311729 6.167407 -2.153934 4.494541 6.167311 -5.578372 6.217312 4.843797 -4.755866 6.468727 4.843477 -5.578784 6.219486 5.503901 -5.852627 5.404415 4.843895 -4.755662 6.466736 5.50358 -4.78522 5.375742 4.843477 -4.814331 4.291763 4.843478 -3.717815 5.34708 4.84306 -5.622158 4.586975 4.843797 -3.991827 4.54319 4.843158 -3.948036 6.173527 4.843159 -3.946997 6.175655 5.503262 -3.725402 5.347973 5.503167 -3.990825 4.543871 5.503262 -4.784925 5.377167 5.50358 -4.813907 4.298103 5.50358 -5.844482 5.404884 5.503996 -5.622612 4.587696 5.503901 -1.113686 6.097401 4.843799 -0.2911792 6.348816 4.843479 -1.114104 6.099581 5.503902 -1.387941 5.284504 4.843897 -0.2909732 6.346819 5.503582 -0.3205333 5.255836 4.843479 -0.3496442 4.171864 4.843479 0.7468772 5.227169 4.843061 -1.157474 4.467064 4.843799 0.4728656 4.423279 4.843161 0.5166478 6.053616 4.843161 0.5176892 6.055756 5.503263 0.739284 5.228067 5.503169 0.4738669 4.423965 5.503263 -0.3202386 5.257267 5.503582 -0.3492208 4.178198 5.503582 -1.379798 5.284973 5.503998 -1.157926 4.467791 5.503902 2.559444 7.539431 2.383661 2.286033 7.762653 1.599348 2.55727 8.174126 2.565062 3.37941 7.47036 2.626353 2.288019 8.397543 1.78005 3.379413 7.762665 1.599348 4.463775 7.762665 1.599348 3.379407 8.05497 0.5723418 4.190367 7.539425 2.383661 4.190361 7.985893 0.8150341 2.559438 7.985893 0.8150342 2.557275 8.620978 0.9950376 3.378715 8.687703 0.7606149 4.189655 8.620984 0.9950376 3.377971 8.397543 1.78005 4.457424 8.397543 1.78005 3.378709 8.107396 2.799485 4.189649 8.17412 2.565062 4.035892 5.860394 8.973693 4.031 5.888414 8.972859 4.036693 5.857218 8.879427 4.300336 6.113302 8.968266 4.246867 6.185657 8.965796 4.561302 6.114349 8.969863 4.301137 6.110126 8.874002 4.562223 6.112152 8.875573 4.247673 6.182493 8.871531 4.031809 5.88525 8.878595 4.575813 6.205902 8.873345 4.948767 5.99358 8.882099 4.574889 6.208088 8.967635 4.947709 5.995645 8.976391 4.923138 5.874996 8.979342 5.28292 5.973827 8.97954 5.283627 5.971315 8.885254 5.564511 6.161716 8.976478 5.307957 5.88081 8.982249 5.308661 5.878298 8.887965 5.641675 6.065781 8.979777 5.832952 6.456459 8.970148 5.642296 6.062817 8.885506 5.565135 6.158758 8.882205 5.833581 6.453678 8.875871 6.067198 6.593685 8.87381 5.781622 6.532024 8.873403 5.780987 6.534805 8.967679 6.086831 6.682514 8.871762 6.085394 6.684402 8.966056 6.410552 6.506264 8.879513 6.410198 6.477013 8.880058 6.409111 6.508152 8.973808 6.40877 6.478889 8.974352 6.065771 6.595562 8.968105 4.9242 5.872925 8.885048 4.036965 5.856285 8.926641 4.296016 6.12941 8.920567 4.24 6.211361 8.917788 4.569985 6.227142 8.919844 4.952075 5.980225 8.929707 5.290396 5.945835 8.933255 5.318374 5.841774 8.936318 5.64922 6.037142 8.933512 5.830471 6.465557 8.922674 5.775789 6.554123 8.919878 6.078565 6.711788 8.918001 6.410029 6.506458 8.926685 6.410544 6.473968 8.927332 6.061405 6.613689 8.920347 5.568625 6.145992 8.929799 4.930877 5.846918 8.933062 4.031206 5.887567 8.925704 4.559056 6.123419 8.922392 4.293616 6.166775 8.946943 6.01693 6.615171 8.947942 4.28806 6.188124 8.946332 6.011374 6.636526 8.947333 4.294016 6.165327 8.892542 6.017336 6.613724 8.893543 4.288466 6.186676 8.891933 6.011783 6.635073 8.892933 3.594419 5.396278 8.948348 3.574661 5.416752 8.949058 3.627458 5.430302 8.866813 3.644827 5.72271 9.105925 3.563557 5.756824 9.087718 3.837689 5.843422 9.233756 3.677869 5.756721 9.02439 3.870253 5.878281 9.152389 3.596596 5.790859 9.006187 3.6077 5.450781 8.867528 3.826242 5.960375 9.169744 4.224831 5.959419 9.329046 3.793678 5.92551 9.251111 4.192238 5.924389 9.41033 4.243591 5.81543 9.384634 4.453169 6.060493 9.572333 4.485754 6.095009 9.490826 4.55358 6.341938 9.731444 4.525307 5.996624 9.574187 4.557894 6.031128 9.492679 4.665981 6.299578 9.758642 4.582782 6.704006 9.895842 4.698771 6.333675 9.677041 4.586364 6.376041 9.649846 4.615464 6.738258 9.814268 4.707906 6.958866 9.944531 4.53181 6.777866 9.797602 4.499132 6.743608 9.879178 4.671205 7.039759 9.964302 4.638438 7.004402 10.04538 5.012422 7.045292 10.10379 5.029093 7.021522 10.10013 4.979652 7.009941 10.18487 4.996335 6.986183 10.18121 4.675145 6.923515 10.02561 4.276184 5.850449 9.303352 3.612887 5.41155 8.907634 3.647671 5.751904 9.064782 3.558997 5.792644 9.046375 3.794396 5.956833 9.210002 4.219655 5.931988 9.369992 4.490114 6.059326 9.532147 4.570783 5.987852 9.534232 4.703357 6.297918 9.718415 4.591019 6.728353 9.854833 4.499472 6.775 9.837951 4.63293 7.041595 10.00424 4.996623 7.027096 10.14435 5.015798 7.001106 10.14075 4.676798 6.954323 9.984666 4.58098 6.349171 9.690947 4.280781 5.814314 9.344566 3.590614 5.434267 8.908278 3.846117 5.867855 9.192857 3.615468 5.770546 9.091483 4.633917 6.924374 9.987197 3.599045 5.785292 9.091162 4.617501 6.939119 9.986876 3.634264 5.790459 9.044455 4.652717 6.944286 9.940171 3.617848 5.805199 9.044133 4.636298 6.959038 9.939848 3.577711 1.677544 8.973693 3.551798 1.665791 8.972858 3.580586 1.679111 8.879427 3.2667 1.870319 8.968266 3.210012 1.800453 8.965796 3.200407 2.12273 8.969863 3.26957 1.871887 8.874001 3.202299 2.124166 8.875573 3.212879 1.802032 8.871531 3.554662 1.66737 8.878594 3.108137 2.113884 8.873345 3.220423 2.528091 8.882098 3.106243 2.112442 8.967635 3.218689 2.526541 8.976391 3.341653 2.532932 8.979342 3.155979 2.85656 8.979538 3.158227 2.857876 8.885254 2.903614 3.082203 8.976479 3.239775 2.904058 8.982249 3.242018 2.905375 8.887965 2.977202 3.180908 8.979778 2.551101 3.268387 8.970149 2.979914 3.182247 8.885505 2.906329 3.083548 8.882205 2.553639 3.269697 8.87587 2.35965 3.460859 8.87381 2.490777 3.199791 8.873402 2.488242 3.198481 8.96768 2.268733 3.457661 8.871762 2.267265 3.455795 8.966055 2.358406 3.815174 8.879513 2.386818 3.822144 8.880057 2.356946 3.813303 8.973808 2.385359 3.82029 8.97435 2.358188 3.459011 8.968104 3.34339 2.534477 8.885048 3.581418 1.679615 8.92664 3.252181 1.862114 8.920566 3.186841 1.787378 8.917788 3.089028 2.102926 8.919843 3.232534 2.534632 8.929707 3.181201 2.870796 8.933254 3.274957 2.92392 8.936318 3.003046 3.195385 8.933512 2.542913 3.263712 8.922673 2.470841 3.188616 8.919877 2.24246 3.442326 8.918 2.358357 3.814625 8.926684 2.389685 3.823242 8.927332 2.341732 3.450256 8.920346 2.917819 3.090116 8.929799 3.366896 2.547443 8.933061 3.552577 1.666214 8.925704 3.192193 2.11829 8.922391 3.216601 1.850441 8.946942 2.351422 3.406826 8.947941 3.197323 1.839724 8.946332 2.332141 3.396103 8.947333 3.217903 1.851191 8.892542 2.352721 3.407576 8.893542 3.198622 1.840473 8.891933 2.333443 3.396852 8.892933 4.137495 1.366196 8.948348 4.122615 1.341946 8.949057 4.096294 1.389679 8.866813 3.808841 1.333351 9.105924 3.796127 1.24613 9.087719 3.643726 1.489883 9.233756 3.76764 1.356834 9.02439 3.601823 1.512691 9.152387 3.75492 1.269619 9.006187 4.081405 1.365423 8.867528 3.533342 1.449554 9.169744 3.434574 1.835707 9.329045 3.575244 1.426746 9.251111 3.476639 1.812916 9.41033 3.569299 1.889889 9.384635 3.279603 2.031509 9.572334 3.238036 2.05442 9.490827 2.981991 2.058329 9.731445 3.323397 2.117329 9.574187 3.281832 2.14024 9.49268 2.994886 2.177759 9.758641 2.624129 1.996056 9.895842 2.953667 2.200973 9.677042 2.940767 2.081543 9.649846 2.58279 2.019115 9.814267 2.346066 2.053448 9.944531 2.565358 1.928226 9.797603 2.606705 1.905149 9.879178 2.276926 1.997681 9.964302 2.319353 1.974792 10.04538 2.186218 2.326664 10.10379 2.205058 2.348751 10.10013 2.228644 2.303776 10.18487 2.247484 2.325874 10.18121 2.388492 2.030571 10.02561 3.527228 1.912685 9.303352 4.118089 1.380249 8.907634 3.779856 1.328808 9.064783 3.762593 1.232746 9.046375 3.544752 1.419611 9.210001 3.462429 1.837566 9.369992 3.271484 2.06757 9.532146 3.320513 2.163551 9.534232 2.987147 2.214363 9.718417 2.598485 1.997932 9.854832 2.576221 1.897625 9.837952 2.284717 1.960155 10.00424 2.207793 2.315924 10.14435 2.22816 2.340981 10.14075 2.358245 2.024454 9.984668 2.96813 2.083054 9.690947 3.561077 1.926172 9.344566 4.101667 1.353012 8.908278 3.617954 1.491943 9.192856 3.769857 1.292959 9.091483 2.397965 1.990425 9.987199 3.759695 1.273373 9.091161 2.387797 1.970844 9.986876 3.745879 1.306171 9.044456 2.373978 2.003654 9.940171 3.735705 1.286591 9.044135 2.363813 1.984062 9.939849 8.078764 -6.053261 0.2368524 7.805347 -5.237801 0.2365327 8.076592 -6.053736 0.896956 8.89873 -6.305603 0.2369515 7.807341 -5.237549 0.896636 8.89873 -5.237801 0.2365329 9.983101 -5.237806 0.2365329 8.89873 -4.17001 0.2361151 9.709687 -6.053272 0.2368526 9.709687 -4.42234 0.2362138 8.078761 -4.42234 0.2362141 8.076596 -4.421362 0.8963174 8.898036 -4.177626 0.8962219 9.708971 -4.421362 0.8963174 8.897297 -5.237549 0.896636 9.976744 -5.237555 0.8966357 8.898036 -6.297478 0.8970513 9.708975 -6.053736 0.8969561 8.078764 -7.181425 0.9002587 7.805353 -6.365959 0.8999395 8.076596 -7.181894 1.560362 8.898734 -7.433756 0.9003579 7.807341 -6.365707 1.560042 8.89873 -6.365959 0.8999396 9.983096 -6.365959 0.8999393 8.89873 -5.298168 0.8995214 9.709691 -7.181431 0.9002589 9.709691 -5.550505 0.8996206 8.078764 -5.550499 0.8996204 8.076598 -5.54952 1.559724 8.898037 -5.30579 1.559628 9.708975 -5.54952 1.559724 8.897294 -6.365707 1.560042 9.976744 -6.365707 1.560042 8.898041 -7.425625 1.560458 9.708975 -7.181894 1.560362 8.078764 -4.882381 0.9002647 7.805353 -4.066921 0.899945 8.076598 -4.882851 1.560368 8.89873 -5.134712 0.9003633 7.807341 -4.066669 1.560048 8.898736 -4.066921 0.899945 9.983098 -4.066921 0.8999448 8.89873 -2.99913 0.8995273 9.709691 -4.882381 0.9002649 9.709687 -3.251461 0.899626 8.078764 -3.251461 0.8996263 8.076596 -3.250477 1.55973 8.898037 -3.006741 1.559635 9.708975 -3.250477 1.55973 8.897299 -4.066669 1.560048 9.976746 -4.066669 1.560048 8.898037 -5.126587 1.560464 9.708975 -4.882851 1.560368 8.078764 -8.352322 0.2368541 7.80535 -7.53685 0.2365345 8.076596 -8.352786 0.8969578 8.89873 -8.604641 0.2369523 7.807341 -7.536598 0.8966373 8.898728 -7.536844 0.2365345 9.983101 -7.536844 0.2365347 8.89873 -6.469059 0.2361173 9.709691 -8.352316 0.2368543 9.709687 -6.721384 0.2362155 8.078764 -6.72139 0.2362153 8.076596 -6.7204 0.8963186 8.898032 -6.476675 0.8962236 9.708971 -6.720406 0.8963186 8.897297 -7.536598 0.8966372 9.976746 -7.536592 0.8966369 8.898036 -8.596516 0.897053 9.708971 -8.35278 0.8969573 8.078761 -3.886013 0.2368557 7.805353 -3.070553 0.2365361 8.076596 -3.886488 0.8969593 8.89873 -4.138344 0.2369544 7.807341 -3.070295 0.8966394 8.89873 -3.070553 0.2365362 9.983101 -3.070553 0.2365363 8.89873 -2.002762 0.2361179 9.709687 -3.886013 0.2368559 9.709691 -2.255087 0.2362171 8.078761 -2.255087 0.2362169 8.076592 -2.254108 0.8963207 8.898036 -2.010372 0.8962252 9.708975 -2.254108 0.8963207 8.897294 -3.070301 0.8966388 9.976746 -3.070301 0.8966391 8.898036 -4.130218 0.8970546 9.70897 -3.886488 0.8969594 -7.775708 -14.47521 1.572172 -8.049122 -14.03927 0.8830116 -7.777875 -13.91773 1.925668 -6.955748 -14.61009 1.785421 -8.047133 -13.48141 1.235894 -6.955745 -14.03927 0.8830116 -5.871376 -14.03927 0.8830116 -6.955746 -13.46845 -0.01939755 -6.144791 -14.47521 1.572172 -6.144786 -13.60334 0.1938511 -7.775712 -13.60334 0.1938511 -7.777878 -13.04509 0.5461187 -6.956439 -12.91479 0.3401362 -6.145502 -13.04509 0.5461187 -6.957185 -13.48141 1.235893 -5.87773 -13.48141 1.235894 -6.956439 -14.04802 2.13165 -6.145499 -13.91773 1.925668 -6.966858 -13.59588 1.410667 -7.079151 -13.59774 1.413626 -6.980906 -12.34662 2.211635 -6.963663 -13.66915 1.485774 -7.075953 -13.67102 1.488733 -6.977705 -12.4199 2.286742 -7.089997 -12.42177 2.2897 -7.093195 -12.34849 2.214593 -6.86619 -11.91833 2.358666 -7.225944 -12.20357 2.557507 -7.019498 -12.61375 2.069567 -7.058611 -12.64476 2.099677 -7.016511 -12.63267 2.113797 -7.062525 -12.60723 2.080229 -6.838745 -12.09238 2.687386 -7.261993 -11.85837 2.378626 -7.36301 -13.05971 0.5116449 -7.475299 -13.06158 0.5146036 -7.37706 -11.81045 1.312613 -7.359817 -13.13299 0.5867518 -7.472101 -13.13485 0.5897105 -7.373856 -11.88373 1.387719 -7.486148 -11.88559 1.390678 -7.489347 -11.81232 1.315571 -7.262342 -11.38216 1.459644 -7.622087 -11.6674 1.658485 -7.41565 -12.07758 1.170544 -7.454757 -12.10859 1.200654 -7.412663 -12.09651 1.214775 -7.458683 -12.07106 1.181207 -7.234885 -11.55621 1.788364 -7.658144 -11.3222 1.479604 -4.168872 -14.47521 1.572172 -4.442283 -14.03927 0.8830116 -4.171032 -13.91773 1.925668 -3.348897 -14.6101 1.785421 -4.440292 -13.48141 1.235893 -3.348897 -14.03927 0.8830116 -2.264535 -14.03927 0.8830116 -3.348903 -13.46845 -0.01939755 -2.537943 -14.47521 1.572172 -2.537946 -13.60334 0.1938511 -4.168869 -13.60334 0.1938511 -4.171035 -13.04509 0.5461188 -3.349596 -12.91479 0.3401362 -2.538656 -13.04509 0.5461188 -3.350337 -13.48141 1.235893 -2.27089 -13.48141 1.235893 -3.349596 -14.04803 2.13165 -2.538656 -13.91773 1.925668 -4.103515 -13.59588 1.410667 -4.215802 -13.59774 1.413626 -4.117557 -12.34662 2.211635 -4.100311 -13.66915 1.485774 -4.212603 -13.67103 1.488733 -4.114358 -12.41989 2.286742 -4.226642 -12.42177 2.2897 -4.229849 -12.34849 2.214594 -4.002839 -11.91832 2.358666 -4.362595 -12.20357 2.557507 -4.156147 -12.61375 2.069567 -4.195257 -12.64476 2.099677 -4.153165 -12.63267 2.113797 -4.199176 -12.60723 2.080229 -3.975393 -12.09239 2.687386 -4.398641 -11.85837 2.378626 -3.756164 -13.05971 0.5116449 -3.868459 -13.06158 0.5146036 -3.770217 -11.81045 1.312613 -3.752971 -13.13299 0.5867518 -3.865258 -13.13485 0.5897104 -3.767016 -11.88373 1.387719 -3.879305 -11.8856 1.390678 -3.882501 -11.81232 1.315571 -3.655499 -11.38216 1.459644 -4.01525 -11.6674 1.658485 -3.808807 -12.07758 1.170544 -3.847917 -12.10859 1.200654 -3.80582 -12.09651 1.214775 -3.85184 -12.07106 1.181207 -3.628047 -11.55622 1.788364 -4.051301 -11.3222 1.479604 -0.5030923 -14.47521 1.572172 -0.7764974 -14.03927 0.8830116 -0.5052524 -13.91773 1.925668 0.3168798 -14.6101 1.785421 -0.7745118 -13.48141 1.235893 0.3168798 -14.03927 0.8830116 1.40125 -14.03927 0.8830116 0.316874 -13.46845 -0.01939755 1.127837 -14.4752 1.572172 1.127834 -13.60334 0.1938511 -0.5030923 -13.60334 0.193851 -0.5052524 -13.04509 0.5461188 0.3161817 -12.91479 0.3401362 1.127121 -13.04509 0.5461188 0.3154435 -13.48141 1.235893 1.39489 -13.48141 1.235893 0.3161874 -14.04802 2.13165 1.127121 -13.91773 1.925668 1.049253 -13.59588 1.410667 0.9369636 -13.59775 1.413626 1.035214 -12.34662 2.211635 1.052457 -13.66915 1.485774 0.9401679 -13.67102 1.488733 1.03841 -12.41989 2.286742 0.9261203 -12.42177 2.2897 0.9229188 -12.3485 2.214594 1.149927 -11.91833 2.358666 0.7901731 -12.20358 2.557507 0.9966188 -12.61376 2.069567 0.9575114 -12.64476 2.099677 0.9996028 -12.63267 2.113797 0.9535918 -12.60723 2.080229 1.177375 -12.09239 2.687386 0.754127 -11.85837 2.378626 -0.090384 -13.0597 0.5116449 -0.2026791 -13.06158 0.5146036 -0.1044316 -11.81045 1.312613 -0.08718538 -13.13299 0.5867518 -0.1994748 -13.13485 0.5897104 -0.101233 -11.88373 1.387719 -0.2135224 -11.8856 1.390678 -0.2167181 -11.81232 1.315571 0.01028108 -11.38216 1.459644 -0.3494697 -11.6674 1.658485 -0.1430239 -12.07758 1.170544 -0.182137 -12.10859 1.200654 -0.1400341 -12.0965 1.214775 -0.1860537 -12.07106 1.181207 0.0377326 -11.55621 1.788364 -0.3855157 -11.3222 1.479604 5.79959 -14.4752 1.572172 5.526182 -14.03927 0.8830116 5.797427 -13.91773 1.925668 6.619562 -14.61009 1.785421 5.528173 -13.48141 1.235893 6.619565 -14.03927 0.8830116 7.703929 -14.03928 0.8830116 6.619565 -13.46845 -0.01939755 7.430519 -14.4752 1.572172 7.430519 -13.60335 0.1938511 5.799592 -13.60334 0.193851 5.797427 -13.04509 0.5461187 6.618866 -12.91479 0.3401362 7.429809 -13.04509 0.5461187 6.618125 -13.48141 1.235893 7.697575 -13.48141 1.235893 6.618869 -14.04802 2.13165 7.429809 -13.91773 1.925668 5.864953 -13.59587 1.410667 5.75266 -13.59775 1.413626 5.850908 -12.34662 2.211635 5.868154 -13.66915 1.485774 5.755862 -13.67103 1.488733 5.854112 -12.41989 2.286742 5.74182 -12.42177 2.2897 5.738615 -12.34849 2.214594 5.965623 -11.91833 2.358666 5.60587 -12.20357 2.557507 5.812318 -12.61375 2.069567 5.773205 -12.64477 2.099677 5.815302 -12.63267 2.113797 5.769289 -12.60723 2.080229 5.993072 -12.09238 2.687386 5.569821 -11.85837 2.378626 7.270344 -13.05971 0.5116449 7.158055 -13.06158 0.5146036 7.256294 -11.81045 1.312613 7.273543 -13.13299 0.5867518 7.161256 -13.13485 0.5897104 7.259498 -11.88373 1.387719 7.147209 -11.8856 1.390678 7.144007 -11.81232 1.315571 7.371015 -11.38216 1.459644 7.011261 -11.6674 1.658485 7.21771 -12.07758 1.170544 7.1786 -12.10859 1.200654 7.220691 -12.09651 1.214775 7.17468 -12.07106 1.181207 7.398469 -11.55621 1.788364 6.975215 -11.3222 1.479604 0.9589191 -3.940945 0.0742371 0.6580396 -3.631371 0.0742371 1.365628 -3.928001 0.0742371 0.9309239 -4.004688 0.2839726 0.5965648 -3.655329 0.2839727 1.388467 -3.986595 0.2839726 1.411307 -4.045189 0.57716 1.696059 -3.651936 0.2839726 1.759802 -3.679916 0.57716 1.638827 -3.626804 0.8101086 1.737506 -3.178276 0.57716 1.367962 -3.933987 0.8101086 1.324609 -3.822784 0.9771741 0.956058 -3.947462 0.8101086 1.009173 -3.826475 0.9771741 0.9580264 -3.942982 1.186909 0.7684064 -3.588341 0.9771741 1.366354 -3.929867 1.186909 1.634338 -3.624842 1.186909 1.136305 -3.444946 1.186909 0.9578605 -2.948381 1.186909 1.616528 -3.225437 1.18691 0.6560769 -3.632126 1.186909 1.354968 -2.946905 1.186909 0.6382728 -3.226273 1.186909 0.754765 -3.277416 0.9771741 0.9995999 -3.055464 0.9771741 0.6337781 -3.224304 0.8101086 0.6517511 -3.633814 0.8101086 0.9562497 -2.944256 0.8101086 0.9129024 -2.833042 0.57716 1.356936 -2.942425 0.8101086 1.303821 -3.063395 0.9771741 1.504196 -3.269222 0.9771741 1.620854 -3.223749 0.8101086 1.51784 -3.573681 0.9771741 1.410057 -2.821438 0.57716 1.382067 -2.885181 0.2839726 1.354081 -2.948936 0.07423716 1.676043 -3.20224 0.2839726 0.9357419 -2.891647 0.2839727 0.9585843 -2.950253 0.07423716 0.5765519 -3.199184 0.2839726 0.6403012 -3.227171 0.0742371 0.5127969 -3.171181 0.57716 0.5350957 -3.679287 0.57716 0.9029346 -4.068438 0.57716 1.614571 -3.22621 0.07423716 1.632307 -3.623943 0.0742371 1.191984 -3.304974 0.7537905 1.079691 -3.308292 0.7548958 1.177942 -2.84507 2.164707 1.195182 -3.409241 0.7655341 1.08289 -3.412559 0.7666395 1.18114 -2.949337 2.176451 1.068848 -2.952661 2.177556 1.065649 -2.848389 2.165812 1.29266 -2.606632 2.549675 0.9329038 -2.95332 2.522997 1.139347 -2.961903 1.885613 1.100239 -3.004967 1.889287 1.142328 -3.004549 1.90787 1.09632 -2.963608 1.897994 1.320106 -2.94948 2.693926 0.8968549 -2.572861 2.603083 1.238309 -3.596832 0.7537905 1.299449 -3.50259 0.7548958 1.624553 -3.846874 2.164707 1.150728 -3.540155 0.7655341 1.211868 -3.445908 0.7666395 1.536974 -3.790192 2.176451 1.598114 -3.69595 2.177556 1.68569 -3.752632 2.165812 1.755414 -4.076843 2.549675 1.674901 -3.583763 2.522997 1.550415 -3.748678 1.885613 1.537243 -3.692013 1.889287 1.513634 -3.726871 1.90787 1.573487 -3.712315 1.897994 1.457818 -3.904404 2.693926 2.008322 -3.770514 2.603083 0.9504075 -3.479084 0.7537905 0.988934 -3.58461 0.7548958 0.5183473 -3.637293 2.164707 1.04836 -3.443207 0.7655341 1.08689 -3.548727 0.7666395 0.616303 -3.60141 2.176451 0.6548352 -3.706936 2.177556 0.5568767 -3.742825 2.165812 0.2559114 -3.603538 2.549675 0.6982827 -3.835756 2.522997 0.6413856 -3.637115 1.885613 0.6945863 -3.660667 1.889287 0.6809278 -3.620848 1.90787 0.6565662 -3.677422 1.897994 0.5726581 -3.469471 2.693926 0.3485513 -3.989822 2.603083 -6.588814 -3.940945 0.07423716 -6.889694 -3.631371 0.0742371 -6.1821 -3.928001 0.07423716 -6.616801 -4.004694 0.2839727 -6.95116 -3.655329 0.2839727 -6.15926 -3.986601 0.2839727 -6.136421 -4.045195 0.5771601 -5.851675 -3.651936 0.2839727 -5.787919 -3.679916 0.5771601 -5.908904 -3.626804 0.8101087 -5.810221 -3.178282 0.5771601 -6.179771 -3.933992 0.8101086 -6.223121 -3.822784 0.9771741 -6.591675 -3.947456 0.8101087 -6.53856 -3.826481 0.9771741 -6.589701 -3.942976 1.18691 -6.779321 -3.588341 0.9771741 -6.181373 -3.929867 1.18691 -5.913387 -3.624836 1.18691 -6.411422 -3.444941 1.18691 -6.589867 -2.948387 1.18691 -5.9312 -3.225443 1.18691 -6.891651 -3.632132 1.18691 -6.192754 -2.946905 1.18691 -6.909458 -3.226278 1.18691 -6.792968 -3.277428 0.9771741 -6.54813 -3.055458 0.9771741 -6.913949 -3.224304 0.8101086 -6.895974 -3.633814 0.8101086 -6.591478 -2.944256 0.8101086 -6.634831 -2.833054 0.5771601 -6.190789 -2.942425 0.8101087 -6.243915 -3.0634 0.9771741 -6.043535 -3.269222 0.9771741 -5.926874 -3.223755 0.8101086 -6.029891 -3.573687 0.9771741 -6.137677 -2.821438 0.57716 -6.165663 -2.885187 0.2839727 -6.19365 -2.948936 0.0742371 -5.871685 -3.202246 0.2839727 -6.611986 -2.891647 0.2839727 -6.589146 -2.950253 0.07423716 -6.971179 -3.199179 0.2839727 -6.907432 -3.227171 0.07423716 -7.034928 -3.171186 0.5771601 -7.012635 -3.679287 0.57716 -6.644799 -4.068443 0.57716 -5.933156 -3.226204 0.07423716 -5.915421 -3.623943 0.0742371 -6.355744 -3.304968 0.7537905 -6.468036 -3.308292 0.7548958 -6.369789 -2.84507 2.164707 -6.352545 -3.409241 0.7655342 -6.464838 -3.412559 0.7666395 -6.366587 -2.949343 2.176451 -6.478879 -2.952667 2.177556 -6.482081 -2.848394 2.165812 -6.255076 -2.606632 2.549675 -6.61483 -2.95332 2.522997 -6.408384 -2.961903 1.885613 -6.447491 -3.004967 1.889287 -6.4054 -3.004549 1.90787 -6.451408 -2.963608 1.897994 -6.227624 -2.949474 2.693926 -6.650873 -2.572861 2.603083 -6.309415 -3.596832 0.7537905 -6.248281 -3.502584 0.7548958 -5.923174 -3.846874 2.164707 -6.397006 -3.54015 0.7655342 -6.335865 -3.445908 0.7666395 -6.010756 -3.790192 2.176451 -5.949616 -3.69595 2.177556 -5.862037 -3.752626 2.165812 -5.792311 -4.076843 2.549675 -5.872835 -3.583763 2.522997 -5.997321 -3.748678 1.885613 -6.010487 -3.692013 1.889287 -6.03409 -3.726871 1.90787 -5.974241 -3.71232 1.897994 -6.089915 -3.904409 2.693926 -5.539405 -3.770519 2.603083 -6.597326 -3.47909 0.7537905 -6.558791 -3.58461 0.7548958 -7.02938 -3.637299 2.164707 -6.49937 -3.443207 0.7655342 -6.460838 -3.548727 0.7666395 -6.931419 -3.60141 2.176451 -6.892895 -3.706936 2.177556 -6.990851 -3.742825 2.165812 -7.291813 -3.603538 2.549675 -6.849448 -3.835756 2.522997 -6.906342 -3.637121 1.885613 -6.853147 -3.660673 1.889287 -6.866806 -3.620853 1.90787 -6.891161 -3.677422 1.897994 -6.975069 -3.469477 2.693926 -7.199176 -3.989822 2.603083 -2.717198 -3.94095 0.07423716 -3.018077 -3.631371 0.07423716 -2.310492 -3.928001 0.07423716 -2.745187 -4.0047 0.2839727 -3.079544 -3.655329 0.2839727 -2.28765 -3.986595 0.2839727 -2.264804 -4.045195 0.5771601 -1.980055 -3.651936 0.2839727 -1.916309 -3.679916 0.5771601 -2.037287 -3.626804 0.8101086 -1.938605 -3.178276 0.5771601 -2.308155 -3.933987 0.8101087 -2.351505 -3.822784 0.9771741 -2.720059 -3.947456 0.8101087 -2.666944 -3.826481 0.9771741 -2.718088 -3.942976 1.18691 -2.907708 -3.588346 0.9771741 -2.309762 -3.929872 1.18691 -2.041773 -3.624842 1.18691 -2.539809 -3.444941 1.18691 -2.718254 -2.948387 1.18691 -2.059586 -3.225449 1.18691 -3.020037 -3.632137 1.18691 -2.321144 -2.946911 1.18691 -3.037844 -3.226284 1.18691 -2.921352 -3.277428 0.9771741 -2.67652 -3.055464 0.9771741 -3.042336 -3.224304 0.8101087 -3.02436 -3.63382 0.8101087 -2.719867 -2.944256 0.8101086 -2.763212 -2.833054 0.57716 -2.319175 -2.942425 0.8101087 -2.372296 -3.0634 0.9771741 -2.171918 -3.269222 0.9771741 -2.05526 -3.223755 0.8101086 -2.158271 -3.573687 0.9771741 -2.26606 -2.821432 0.57716 -2.294044 -2.885181 0.2839726 -2.322036 -2.948942 0.0742371 -2.000074 -3.20224 0.2839727 -2.740375 -2.891659 0.2839727 -2.71753 -2.950253 0.07423716 -3.099565 -3.199173 0.2839726 -3.035821 -3.227171 0.07423716 -3.163317 -3.171181 0.5771601 -3.141016 -3.679287 0.57716 -2.77318 -4.068443 0.5771601 -2.061546 -3.226204 0.07423728 -2.043807 -3.623949 0.07423716 -2.484133 -3.304974 0.7537905 -2.59642 -3.308292 0.7548958 -2.498175 -2.84507 2.164707 -2.480932 -3.409241 0.7655342 -2.593224 -3.412571 0.7666395 -2.494976 -2.949337 2.176451 -2.607266 -2.952667 2.177556 -2.610467 -2.848389 2.165812 -2.38346 -2.606632 2.549675 -2.74321 -2.953314 2.522997 -2.536767 -2.961903 1.885613 -2.575881 -3.004967 1.889287 -2.533781 -3.004549 1.90787 -2.579797 -2.963608 1.897994 -2.356011 -2.949486 2.693926 -2.779265 -2.572861 2.603083 -2.437808 -3.596832 0.7537905 -2.376667 -3.50259 0.7548958 -2.051564 -3.846874 2.164707 -2.525389 -3.540161 0.7655342 -2.464252 -3.445908 0.7666395 -2.13914 -3.790192 2.176451 -2.078 -3.69595 2.177556 -1.990421 -3.752621 2.165812 -1.920698 -4.076855 2.549675 -2.001215 -3.583763 2.522997 -2.125701 -3.748684 1.885613 -2.138874 -3.692013 1.889287 -2.162477 -3.726871 1.90787 -2.102627 -3.71232 1.897994 -2.218304 -3.904415 2.693926 -1.667789 -3.770519 2.603083 -2.725707 -3.479095 0.7537905 -2.687183 -3.584616 0.7548958 -3.157764 -3.637299 2.164707 -2.627754 -3.443207 0.7655342 -2.58923 -3.548727 0.7666395 -3.059808 -3.60141 2.176451 -3.021285 -3.706936 2.177556 -3.119243 -3.742825 2.165812 -3.420203 -3.603538 2.549675 -2.977834 -3.835756 2.522997 -3.034726 -3.637121 1.885613 -2.981528 -3.660673 1.889287 -2.995189 -3.620853 1.90787 -3.019551 -3.677422 1.897994 -3.103459 -3.469482 2.693926 -3.327566 -3.989822 2.603083 0.2148871 7.539431 2.383661 -0.05852937 7.762659 1.599348 0.2127242 8.174115 2.565062 1.034859 7.47036 2.626353 -0.05653524 8.397543 1.78005 1.034856 7.762665 1.599348 2.119227 7.762665 1.599348 1.034856 8.05497 0.5723418 1.845813 7.539425 2.383661 1.845813 7.985893 0.8150341 0.2148928 7.985893 0.8150341 0.212727 8.620978 0.9950375 1.034161 8.687703 0.7606149 1.845104 8.620984 0.9950376 1.03342 8.397543 1.78005 2.112873 8.397543 1.78005 1.034164 8.107396 2.799485 1.845098 8.17412 2.565062 8.71798 3.470089 8.973692 8.746401 3.468847 8.972859 8.714707 3.469986 8.879427 8.908154 3.157471 8.968266 8.990303 3.194138 8.965796 8.853095 2.90237 8.969862 8.904875 3.157368 8.874002 8.850754 2.901947 8.875573 8.987036 3.194023 8.871531 8.743136 3.468733 8.878594 8.939385 2.86853 8.873345 8.651879 2.549915 8.882098 8.941725 2.868954 8.967635 8.654122 2.55051 8.976391 8.541569 2.600435 8.979341 8.560772 2.227821 8.979537 8.558165 2.227661 8.885254 8.683768 1.912428 8.976477 8.464545 2.223358 8.98225 8.461947 2.223209 8.887965 8.573487 1.857685 8.979777 8.913928 1.586918 8.970148 8.570454 1.857708 8.885505 8.680735 1.912456 8.882205 8.911078 1.586906 8.87587 8.997605 1.328648 8.87381 8.998761 1.620804 8.873402 9.00161 1.620827 8.967679 9.080147 1.29039 8.871762 9.082287 1.291386 8.966055 8.838446 1.01211 8.879513 8.809947 1.018747 8.880057 8.840594 1.013117 8.973807 8.81209 1.019737 8.974352 8.999745 1.329643 8.968104 8.539317 2.599846 8.885048 8.713736 3.469929 8.926641 8.924815 3.158226 8.920566 9.016894 3.195328 8.917789 8.961384 2.869657 8.919843 8.638113 2.549561 8.929705 8.53183 2.226534 8.933255 8.424187 2.221573 8.936318 8.543889 1.856466 8.933512 8.92335 1.587387 8.922673 9.021594 1.621759 8.919877 9.110508 1.292175 8.918 8.838734 1.012579 8.926685 8.806897 1.019062 8.927332 9.018393 1.330021 8.920346 8.667513 1.911793 8.929799 8.512486 2.598913 8.933061 8.745522 3.46883 8.925704 8.862429 2.902622 8.922391 8.961815 3.15255 8.946942 9.029393 1.373142 8.947941 8.983868 3.153391 8.946333 9.051438 1.373978 8.947333 8.96032 3.152464 8.892542 9.027894 1.373051 8.893541 8.982361 3.153294 8.891933 9.049935 1.373886 8.892932 8.359585 4.000992 8.948348 8.383824 4.015881 8.949058 8.385706 3.961407 8.866813 8.667548 3.881607 9.105925 8.718342 3.953648 9.087718 8.744 3.667311 9.233757 8.693673 3.842033 9.024392 8.771048 3.628017 9.152388 8.744467 3.914062 9.006188 8.409956 3.976307 8.867528 8.860682 3.653355 9.169746 8.774092 3.264278 9.329047 8.83363 3.692642 9.251112 8.746888 3.303646 9.41033 8.629427 3.276901 9.384636 8.823731 3.019558 9.572335 8.850434 2.980322 9.490828 9.077021 2.861011 9.731445 8.745852 2.96283 9.574188 8.772553 2.923593 9.492681 9.011492 2.760338 9.758641 9.424344 2.754684 9.895842 9.037756 2.720982 9.677042 9.103281 2.821667 9.649846 9.450779 2.715397 9.814267 9.64637 2.577713 9.944532 9.507439 2.788588 9.797603 9.481005 2.827864 9.879179 9.73326 2.596172 9.964301 9.705773 2.635769 10.04538 9.665339 2.261742 10.10379 9.638543 2.250561 10.10013 9.637856 2.301338 10.18487 9.61106 2.290152 10.18121 9.618884 2.617298 10.02561 8.656636 3.237545 9.303352 8.370533 3.979671 8.907634 8.695452 3.872555 9.064783 8.7543 3.950409 9.046375 8.864058 3.685215 9.210003 8.748406 3.27523 9.369992 8.814656 2.983726 9.532148 8.727513 2.920303 9.534232 9.001839 2.724197 9.718418 9.446368 2.741409 9.854832 9.511599 2.820785 9.837953 9.743279 2.633148 10.00424 9.650959 2.281082 10.14435 9.621457 2.267939 10.14075 9.648625 2.609064 9.984668 9.078194 2.832699 9.690947 8.620347 3.240818 9.344567 8.3975 3.99654 8.908278 8.766047 3.653824 9.192857 8.720583 3.899998 9.091483 9.628592 2.657381 9.987199 8.738507 3.912867 9.091161 9.646519 2.67025 9.986878 8.735987 3.87735 9.044456 9.644001 2.634745 9.940171 8.753916 3.890224 9.044136 9.661929 2.647614 9.939849 5.900664 7.745396 3.550676 5.900655 7.745401 5.174171 5.900621 7.496601 5.174171 5.900621 7.496601 3.398701 5.333354 7.745396 4.286437 6.468019 7.745396 4.286437 5.333286 7.496601 4.286436 6.467947 7.496601 4.286437 5.468964 7.745401 3.813603 5.703557 7.745407 3.550676 5.495303 7.745401 3.671235 5.572648 7.745396 3.592837 5.660372 7.496607 3.398701 5.333283 7.496607 3.728021 5.49679 7.496607 3.471066 5.39408 7.496601 3.579668 5.703559 7.745407 5.022196 5.468967 7.745401 4.759269 5.572648 7.745396 4.980035 5.495303 7.745407 4.901637 6.097771 7.745396 3.550676 6.332415 7.745396 3.813608 6.228706 7.745396 3.592838 6.306079 7.745396 3.67124 6.332418 7.745396 4.759264 6.097774 7.745396 5.022196 6.306079 7.745396 4.901632 6.228706 7.745396 4.980035 6.140875 7.496601 5.174171 6.467947 7.496601 4.844852 6.304434 7.496601 5.101807 6.407156 7.496601 4.993205 5.33328 7.496613 4.844851 5.660372 7.496601 5.174171 5.394083 7.496601 4.993205 5.496793 7.496601 5.101807 6.467945 7.496601 3.728021 6.140872 7.496601 3.398701 6.407154 7.496601 3.579668 6.304431 7.496601 3.471066 5.660407 7.745401 3.398701 5.496848 7.745407 3.471066 5.394145 7.745401 3.579668 5.333352 7.745401 3.728021 6.140913 7.745396 5.174171 6.304491 7.745401 5.101807 6.407222 7.745396 4.993205 6.468019 7.745401 4.844852 5.49685 7.745407 5.101807 5.660407 7.745401 5.174171 5.394151 7.745401 4.993205 5.333354 7.745401 4.844852 6.304489 7.745407 3.471066 6.14091 7.745401 3.398701 6.407219 7.745396 3.579668 6.468022 7.745396 3.728021 5.900655 7.745407 3.398701 5.468967 7.745396 4.286436 5.900664 7.745401 5.022196 6.332418 7.745396 4.286436 5.900678 7.567703 4.286436 5.900664 7.567698 5.022196 5.900664 7.567692 3.550676 5.468967 7.567703 4.286436 6.332409 7.567692 4.286437 5.703557 7.567703 3.550676 5.572648 7.567703 3.592837 5.4953 7.567703 3.671235 5.468964 7.567703 3.813603 6.097774 7.567703 5.022196 6.228703 7.567692 4.980035 6.306077 7.567698 4.901633 6.332409 7.567698 4.759264 5.572648 7.567703 4.980036 5.703559 7.567703 5.022196 5.4953 7.567703 4.901637 5.468967 7.567703 4.75927 6.228703 7.567692 3.592838 6.097771 7.567703 3.550676 6.306074 7.567692 3.67124 6.332406 7.567698 3.813608 10.6008 -5.850792 -2.944563 10.08211 -5.835611 -2.944563 10.6008 -5.850792 2.306521 -12.32701 -10.60804 -2.944562 -12.32701 -10.60804 2.306521 -11.80809 -10.60804 2.306521 10.08211 -5.835617 2.306521 -11.8081 -10.60804 -2.944562 6.982108 -14.99928 -2.944563 6.982108 -14.99928 2.306522 6.98284 -14.48037 2.306522 6.982843 -14.48037 -2.944563 10.51805 -13.122 2.306521 10.01299 -12.94918 -2.944563 10.51805 -13.122 -2.944563 10.01299 -12.94917 2.306521 9.439381 -14.65934 -2.944563 9.228531 -14.16989 2.306521 9.439383 -14.65934 2.306521 9.228531 -14.16989 -2.944563 -2.433442 -14.99928 -2.944563 -2.432703 -14.48036 2.306522 -2.433439 -14.99928 2.306522 -2.432701 -14.48037 -2.944563 2.304452 -10.28202 -2.944563 1.785763 -10.26684 -2.944563 2.304452 -10.28202 2.306521 1.78576 -10.26684 2.306521 2.221703 -14.59066 2.306521 1.716638 -14.56085 -2.944563 2.2217 -14.59066 -2.944563 1.716641 -14.56085 2.306521 -1.289264 -10.28202 -2.944563 -1.807953 -10.26684 -2.944563 -1.289261 -10.28202 2.306521 -1.807956 -10.26684 2.306521 -1.372014 -14.59066 2.306521 -1.877079 -14.56085 -2.944563 -1.372016 -14.59066 -2.944563 -1.877076 -14.56084 2.306521 -4.98281 -10.28202 -2.944563 -5.501502 -10.26684 -2.944563 -4.982808 -10.28202 2.306521 -5.5015 -10.26684 2.306521 -5.06556 -14.59064 2.306521 -5.570619 -14.56084 -2.944563 -5.065557 -14.59066 -2.944563 -5.570622 -14.56084 2.306521 -8.647833 -10.28202 -2.944563 -9.16652 -10.26684 -2.944563 -8.647828 -10.28202 2.306521 -9.166514 -10.26684 2.306521 -8.730576 -14.59065 2.306521 -9.235642 -14.56085 -2.944563 -8.730578 -14.59065 -2.944563 -9.235642 -14.56084 2.306521 -12.08887 -13.12392 -2.944562 -11.60193 -12.94458 2.306521 -12.08887 -13.12392 2.306521 -11.60193 -12.94458 -2.944563 -11.1058 -14.32665 2.306521 -10.82929 -13.88755 -2.944563 -11.1058 -14.32665 -2.944563 -10.82928 -13.88755 2.306521 -9.372862 -14.99927 2.306522 -9.372124 -14.48037 -2.944563 -9.372862 -14.99928 -2.944563 -9.37213 -14.48036 2.306521 10.6008 0.6228447 -2.944563 10.08211 0.638031 -2.944563 10.6008 0.622839 2.306521 10.08211 0.6380253 2.306521 -12.31349 -2.504728 7.325567 -11.85922 -2.504654 7.325568 -12.31348 -2.690872 8.085221 -12.31351 -7.799309 7.325567 -12.3135 -7.613159 8.085221 -11.85923 -7.613102 8.085221 -11.85922 -2.690815 8.085221 -11.85924 -7.79924 7.325567 -12.31349 -2.504728 8.262511 -12.31349 -2.690866 7.502858 -12.3135 -7.613153 7.502857 -12.31351 -7.799309 8.262512 -11.85921 -2.504654 8.262512 -11.85924 -7.79924 8.262512 -11.85921 -2.690815 7.502857 -11.85924 -7.613102 7.502857 -12.27719 -2.394756 6.942466 -11.8636 -2.394705 6.942466 -12.27719 -2.182949 6.942466 -11.86361 -2.182892 6.942467 -12.27719 -1.755352 6.492704 -12.27719 -2.394756 6.661833 -11.86361 -1.755295 6.492705 -11.8636 -2.394705 6.661833 -12.27719 -2.182949 6.661833 -12.27719 -2.181747 6.201543 -12.27719 -2.395952 6.201543 -11.8636 -1.755295 6.196949 -11.86361 -2.181702 6.201543 -11.8636 -2.395901 6.201543 -12.27719 -1.755352 6.196949 -11.8636 -2.182892 6.661833 -12.27719 -2.395958 6.488109 -12.27719 -2.181753 6.488109 -11.8636 -2.395901 6.48811 -11.86361 -2.181702 6.48811 -11.8636 -2.08144 7.030811 -11.8636 -2.505993 7.030811 -12.27719 -2.506039 7.030811 -12.27719 -2.081497 7.030811 -12.27719 -1.973265 6.196949 -12.27719 -2.506039 6.116165 -11.8636 -2.505993 6.116165 -11.8636 -1.973207 6.196949 -11.8636 -1.973207 6.492704 -12.27719 -1.973259 6.492704 -12.27719 -2.506039 6.573488 -11.8636 -2.505993 6.573488 -11.86361 -2.08144 6.116165 -11.86361 -1.656893 6.116165 -12.27719 -1.65695 6.116165 -12.27719 -2.081497 6.116165 -11.86361 -2.08144 6.573488 -12.27719 -2.081497 6.573488 -11.86361 -1.656893 6.573488 -12.27719 -1.65695 6.573488 -12.28521 -3.48892 7.568572 -11.88101 -3.488914 7.568577 -12.28521 -3.912392 8.094449 -12.2852 -3.560657 7.504059 -12.2852 -3.987665 8.03411 -11.88101 -3.987665 8.034113 -11.88101 -3.912392 8.094452 -11.88101 -3.560646 7.504064 -12.28521 -4.3339 7.49349 -11.88102 -4.333895 7.493486 -12.28521 -3.938152 8.040532 -12.28519 -4.415028 7.545694 -12.28519 -4.01619 8.097256 -11.881 -4.016184 8.097251 -11.88101 -3.938141 8.040528 -11.881 -4.415022 7.545691 -12.28521 -4.306583 7.568572 -11.88101 -4.306572 7.568576 -12.28521 -4.730049 8.094449 -12.2852 -4.378315 7.504059 -12.2852 -4.805328 8.03411 -11.88101 -4.805328 8.034113 -11.88102 -4.730049 8.094452 -11.881 -4.378309 7.504064 -12.2852 -5.151363 7.493489 -11.88101 -5.151363 7.493485 -12.2852 -4.755615 8.040532 -12.2852 -5.232491 7.545694 -12.2852 -4.833652 8.097255 -11.881 -4.833641 8.097251 -11.88101 -4.755604 8.040527 -11.881 -5.232479 7.545691 -12.28521 -5.106514 7.568572 -11.88101 -5.106514 7.568576 -12.28521 -5.529991 8.094449 -12.2852 -5.178246 7.504059 -12.28519 -5.60527 8.03411 -11.881 -5.605259 8.034113 -11.88102 -5.52998 8.094452 -11.881 -5.178251 7.504064 -12.28525 -5.951305 7.49349 -11.88105 -5.9513 7.493486 -12.28525 -5.555557 8.040532 -12.28525 -6.032433 7.545694 -12.28525 -5.633589 8.097255 -11.88105 -5.633583 8.097252 -11.88106 -5.555557 8.040528 -11.88105 -6.032433 7.545691 -12.28525 -5.911039 7.568572 -11.88105 -5.911034 7.568576 -12.28525 -6.334511 8.094449 -12.28524 -5.982777 7.504058 -12.28525 -6.409784 8.03411 -11.88105 -6.409784 8.034113 -11.88106 -6.334511 8.094451 -11.88105 -5.982765 7.504063 -12.28521 -6.755825 7.49349 -11.88101 -6.755825 7.493485 -12.28521 -6.360077 8.040532 -12.2852 -6.836952 7.545694 -12.2852 -6.438114 8.097255 -11.881 -6.438108 8.097252 -11.88101 -6.360071 8.040527 -11.881 -6.836946 7.54569 -12.28521 -6.718803 7.568572 -11.88101 -6.718803 7.568577 -12.28521 -7.142281 8.094449 -12.2852 -6.790535 7.504059 -12.28519 -7.217554 8.03411 -11.881 -7.217548 8.034114 -11.88101 -7.142269 8.094453 -11.881 -6.790541 7.504064 -12.28521 -7.56356 7.49349 -11.88101 -7.563555 7.493485 -12.28521 -7.167812 8.040532 -12.2852 -7.644688 7.545694 -12.2852 -7.24585 8.097255 -11.881 -7.245844 8.097252 -11.88101 -7.167807 8.040527 -11.881 -7.644682 7.545691 -12.27723 -7.935551 6.942466 -11.86364 -7.935608 6.942466 -12.27723 -8.147364 6.942466 -11.86365 -8.147421 6.942466 -12.27724 -8.574961 6.492704 -12.27723 -7.935551 6.661833 -11.86365 -8.575024 6.492704 -11.86364 -7.935608 6.661833 -12.27723 -8.147364 6.661833 -12.27723 -8.14856 6.201543 -12.27723 -7.934355 6.201543 -11.86365 -8.575024 6.196949 -11.86365 -8.148617 6.201543 -11.86365 -7.934418 6.201543 -12.27724 -8.574961 6.196949 -11.86365 -8.147421 6.661833 -12.27723 -7.934355 6.488109 -12.27723 -8.14856 6.488109 -11.86364 -7.934418 6.48811 -11.86364 -8.148617 6.48811 -11.86365 -8.248873 7.030811 -11.86364 -7.82432 7.030811 -12.27723 -7.824268 7.030811 -12.27723 -8.248822 7.030811 -12.27723 -8.357048 6.196949 -12.27723 -7.824268 6.116165 -11.86364 -7.824326 6.116165 -11.86365 -8.357106 6.196949 -11.86365 -8.357106 6.492704 -12.27724 -8.357048 6.492704 -12.27723 -7.824268 6.573488 -11.86364 -7.824326 6.573488 -11.86365 -8.248879 6.116165 -11.86365 -8.67342 6.116165 -12.27724 -8.673363 6.116165 -12.27724 -8.248816 6.116165 -11.86365 -8.248873 6.573488 -12.27724 -8.248816 6.573488 -11.86366 -8.67342 6.573488 -12.27725 -8.673363 6.573488 -12.28526 -2.662937 7.568572 -11.88106 -2.662926 7.568577 -12.28526 -3.086403 8.094449 -12.28524 -2.734669 7.504058 -12.28525 -3.161682 8.034111 -11.88105 -3.161682 8.034113 -11.88106 -3.086403 8.094452 -11.88105 -2.734657 7.504064 -12.2852 -3.507912 7.49349 -11.88101 -3.5079 7.493486 -12.2852 -3.112164 8.040532 -12.28519 -3.589039 7.545694 -12.28519 -3.190201 8.097255 -11.881 -3.190201 8.097252 -11.88101 -3.112164 8.040528 -11.881 -3.589039 7.545691 -12.33926 -2.495287 -2.944563 -11.82035 -2.494938 -2.944564 -12.33926 -2.495281 7.333756 -12.33928 -7.828342 -2.944563 -12.33928 -7.828342 7.333756 -11.82037 -7.827993 7.333756 -11.82035 -2.494938 7.333756 -11.82036 -7.827999 -2.944563 -12.33926 -2.495281 6.126121 -12.33928 -7.828342 6.126121 -11.82035 -2.494938 6.126121 -11.82037 -7.827993 6.126121 -11.82033 0.3189697 -2.944564 -12.33924 0.3182602 -2.944563 -12.3393 -10.64235 6.126121 -12.3393 -10.64235 -2.944563 -11.82033 0.3189697 6.126121 -11.82038 -10.64164 6.126121 -11.82038 -10.64164 -2.944564 -12.33924 0.3182602 6.126121 -12.33926 -3.6427 -2.944563 -12.33926 -3.6427 7.333756 -11.82035 -3.642351 7.333756 -11.82035 -3.642351 -2.944563 -12.33927 -3.6427 6.126121 -11.82035 -3.642351 6.126121 -12.33928 -6.443859 -2.944563 -11.82037 -6.443516 7.333756 -12.33927 -6.443859 7.333757 -11.82036 -6.443516 -2.944563 -12.33928 -6.443859 6.126121 -11.82037 -6.443516 6.126121 -10.55217 1.91003 -2.944564 -10.7596 2.385681 -2.944564 -10.55217 1.910036 6.126121 -10.7596 2.385687 6.126121 -12.89681 -3.127888 6.606407 -12.8968 -3.417812 6.606524 -12.8968 -3.277691 6.85236 -11.20259 -3.277691 6.852344 -11.2026 -3.127888 6.606392 -11.20259 -3.417812 6.606508 -12.89682 -4.266151 6.606407 -12.89681 -4.556076 6.606524 -12.89681 -4.415955 6.85236 -11.20259 -4.415955 6.852344 -11.2026 -4.266151 6.606391 -11.20259 -4.556076 6.606508 -12.89681 -5.471397 6.606407 -12.89681 -5.761322 6.606524 -12.89681 -5.621201 6.85236 -11.20259 -5.621201 6.852344 -11.20259 -5.471397 6.606391 -11.20258 -5.761322 6.606508 -12.89681 -6.609678 6.606407 -12.8968 -6.899603 6.606524 -12.8968 -6.759481 6.85236 -11.20258 -6.759481 6.852344 -11.2026 -6.609673 6.606391 -11.20258 -6.899603 6.606508 -12.46449 -5.082401 6.548309 -11.68335 -5.092049 5.822823 -12.46449 -3.121685 -2.866331 -12.46449 -6.933907 -2.866331 -11.68335 -3.121387 -2.866332 -11.68336 -6.933609 -2.866331 -12.4645 -4.62648 5.779308 -12.4645 -3.702616 5.003497 -12.46449 -4.270718 5.633018 -12.46449 -3.856121 5.291243 -12.46449 -6.352386 5.003481 -12.46449 -5.536188 5.779307 -12.46449 -6.194012 5.316229 -12.46449 -5.925573 5.633771 -11.68335 -5.536079 5.779307 -11.68335 -6.352158 5.003506 -11.68335 -5.925402 5.633771 -11.68335 -6.1938 5.316235 -11.68335 -3.702381 5.003472 -11.68336 -4.626366 5.779306 -11.68336 -3.855909 5.291236 -11.68336 -4.270557 5.633017 -11.68335 -3.702381 -2.865296 -12.4645 -3.702616 -2.865296 -12.46449 -6.352386 -2.865295 -11.68335 -6.352158 -2.865296 -11.68335 -6.172771 6.33305 -11.68335 -5.543896 6.504793 -12.46449 -5.544004 6.504793 -12.4645 -6.172977 6.33305 -11.68335 -6.603407 6.03819 -12.46449 -6.603664 6.03819 -11.68336 -6.933609 5.332402 -12.4645 -6.933907 5.332402 -12.4645 -4.053165 6.33305 -12.4645 -4.607065 6.504795 -11.68336 -4.606951 6.504794 -11.68336 -4.052971 6.33305 -12.46449 -3.451069 6.03819 -11.68335 -3.450817 6.03819 -12.46448 -3.121685 5.332402 -11.68335 -3.121387 5.332402 -12.46449 -5.092243 5.822823 -11.68335 -5.082149 6.548309 -9.310114 0.05015945 0.01993441 -10.0414 0.7828331 0.01993453 -9.827181 0.3361015 0.01993453 -12.52089 6.613644 0.01993435 -11.78974 7.346334 0.01993459 -12.30677 7.060375 0.01993453 -9.329966 0.9143257 5.526229 -9.110552 0.7138367 5.526229 -9.256705 0.7917252 5.526229 3.304986 0.7830105 0.01993471 2.573843 0.05030822 0.01993441 3.090867 0.3362732 0.01993453 2.374241 0.7139969 5.526228 2.593487 0.9143829 5.526229 2.520302 0.7918453 5.526229 2.592761 6.48234 5.526228 2.37334 6.682817 5.526229 2.519478 6.605232 5.526228 -11.59016 6.682663 5.526229 -11.8094 6.482288 5.526229 -11.7362 6.605118 5.526229 2.572919 7.3465 0.01993471 3.304203 6.613815 0.01993471 3.089986 7.060558 0.01993459 -9.311261 0.05015945 5.526229 -9.827143 0.3364048 5.526228 -10.0414 0.7828388 5.526229 3.090805 0.3365765 5.526229 2.574985 0.05031967 5.526228 3.304952 0.7830162 5.526229 -12.30671 7.060387 5.526229 -11.7909 7.34634 5.526229 -12.52088 6.613649 5.526229 3.089918 7.060558 5.526228 3.304197 6.613832 5.526229 2.574052 7.3465 5.526228 -9.110548 0.7138367 4.87614 -9.256701 0.7917252 4.87614 -9.32997 0.91432 4.87614 2.520299 0.7918396 4.87614 2.374244 0.7139912 4.87614 2.593487 0.9143829 4.87614 -11.7362 6.605106 4.87614 -11.59017 6.682663 4.87614 -11.8094 6.482283 4.87614 2.519475 6.605232 4.87614 2.592758 6.48234 4.87614 2.373343 6.682812 4.87614 -9.207972 0.3916798 5.795079 -9.5336 0.5707111 5.795079 -9.675307 0.850502 5.795079 2.797232 0.5708485 5.795079 2.471688 0.3918343 5.795079 2.938844 0.8506165 5.795078 -12.01313 6.826109 5.795079 -11.6876 7.00482 5.795079 -12.15476 6.546055 5.795079 2.796377 6.826252 5.795079 2.938103 6.546169 5.795079 2.470769 7.004974 5.795078 -9.311066 0.05014801 4.855844 -9.827153 0.3363476 4.855844 -10.0414 0.7828331 4.855844 2.57479 0.05030822 4.855844 3.090816 0.3365193 4.855844 3.304964 0.7830162 4.855844 -11.79071 7.34634 4.855844 -12.30672 7.060387 4.855844 -12.52088 6.613644 4.855844 3.3042 6.613827 4.855844 3.089929 7.060547 4.855843 2.573858 7.3465 4.855843 2.905485 0.02083969 0.01993453 2.174207 0.7535248 0.01993453 2.388421 0.3067932 0.01993453 0.4237504 6.764969 0.01993459 1.154899 7.497665 0.01993435 0.6378694 7.2117 0.01993435 2.885635 0.8850117 9.529891 3.10505 0.6845284 9.529889 2.9589 0.7624168 9.52989 10.40284 0.7536965 0.01993453 9.671692 0.0209999 0.01993441 10.18872 0.3069649 0.01993435 9.472094 0.6846829 9.529891 9.691334 0.8850632 9.529889 9.618149 0.7625313 9.529891 9.690608 6.633665 9.529891 9.471192 6.834137 9.529889 9.617327 6.756557 9.52989 1.354478 6.833988 9.529891 1.135235 6.633608 9.52989 1.208437 6.756437 9.52989 9.670771 7.497826 0.01993423 10.40205 6.765141 0.01993471 10.18784 7.211872 0.01993471 2.904337 0.02083969 9.52989 2.388458 0.3070908 9.529889 2.174193 0.7535305 9.52989 10.18865 0.3072624 9.529889 9.672835 0.02101135 9.529891 10.4028 0.7537079 9.52989 0.637938 7.211706 9.529889 1.153738 7.497665 9.52989 0.4237676 6.764969 9.529891 10.18777 7.211878 9.52989 10.40205 6.765152 9.52989 9.671902 7.497826 9.529891 3.10505 0.6845284 8.879801 2.9589 0.7624111 8.879801 2.885638 0.885006 8.879801 9.618151 0.7625313 8.879801 9.472096 0.6846771 8.879801 9.691336 0.8850632 8.879801 1.20844 6.756432 8.8798 1.354475 6.833977 8.879801 1.135238 6.633602 8.879801 9.617325 6.756557 8.879801 9.690604 6.633665 8.879801 9.47119 6.834137 8.8798 3.007623 0.3623715 9.798739 2.682002 0.5413971 9.798739 2.540292 0.8211937 9.798739 9.895081 0.5415459 9.798739 9.569535 0.3625259 9.79874 10.03669 0.8213024 9.798741 0.9315133 6.977434 9.79874 1.257035 7.156139 9.798739 0.7898841 6.697369 9.798739 9.894223 6.977577 9.798741 10.03595 6.697494 9.798741 9.568615 7.1563 9.798741 2.904535 0.02083969 8.859505 2.388452 0.307045 8.859504 2.174193 0.7535305 8.859504 9.672636 0.0209999 8.859505 10.18866 0.3072109 8.859504 10.40281 0.7537079 8.859505 1.153932 7.497665 8.859505 0.6379237 7.211712 8.859504 0.4237619 6.764969 8.859504 10.40205 6.765152 8.859504 10.18777 7.211878 8.859505 9.671704 7.497826 8.859505 2.388438 0.3069534 5.738316 2.174199 0.7535248 5.738316 9.672305 0.0209999 5.738316 1.154275 7.497654 5.738316 10.40205 6.765141 5.738316 2.90487 0.02083969 5.738316 10.18868 0.3071137 5.738316 10.40282 0.7537079 5.738316 0.6379037 7.2117 5.738316 0.4237533 6.764969 5.738316 10.1878 7.211878 5.738316 9.671376 7.497814 5.738316 9.672303 6.04727 5.738316 9.67169 6.04727 0.01993453 2.905485 6.047115 0.01993471 2.904875 6.047115 5.738316 9.604195 1.162462 12.76701 9.604115 1.452393 12.76712 9.604119 1.312271 13.01296 2.617288 1.312271 13.01294 2.617371 1.162479 12.76699 2.617282 1.452404 12.76711 3.754167 0.9376602 12.21721 3.754156 3.376442 14.03731 2.629193 3.376282 14.03722 2.629204 0.9375115 12.21712 3.191676 3.10191 14.51485 3.191684 0.6631394 12.69475 3.754161 1.607746 13.10421 2.629199 1.607592 13.10412 3.191679 1.333214 13.58176 2.629199 2.407322 13.70691 3.191676 2.132938 14.18454 3.754158 2.407471 13.707 2.779208 1.162479 8.660336 2.779325 1.452404 8.660442 3.025161 1.312277 8.660473 3.024472 1.312265 13.062 2.778521 1.162468 13.06186 2.778635 1.452393 13.06197 9.195187 1.162468 8.660336 9.195303 1.452393 8.660443 9.44114 1.312265 8.660473 9.440447 1.312248 13.062 9.194497 1.162451 13.06186 9.194611 1.452375 13.06197 9.604153 6.385277 13.98852 9.604075 6.675201 13.98863 9.604073 6.53508 14.23447 2.617242 6.53508 14.23445 2.617325 6.385288 13.9885 2.617239 6.675213 13.98862 2.779205 6.385277 8.707929 2.779325 6.675201 8.708035 3.025164 6.53508 8.708066 3.024472 6.535068 14.28351 2.778521 6.385265 14.28338 2.778635 6.675196 14.28348 9.195137 6.385271 8.707929 9.195258 6.675196 8.708035 9.441094 6.535068 8.708066 9.440405 6.535063 14.28351 9.194451 6.38526 14.28338 9.194569 6.67519 14.28349 4.745635 0.9376717 12.21721 4.745623 3.376442 14.03731 3.62066 3.376293 14.03722 3.620672 0.9375115 12.21712 4.183143 3.10191 14.51485 4.183155 0.6631394 12.69475 4.745629 1.607746 13.10421 3.620672 1.607586 13.10412 4.183149 1.333214 13.58176 3.620666 2.407322 13.70691 4.183146 2.132938 14.18454 4.745629 2.407471 13.707 5.723918 0.9376602 12.21721 5.72391 3.376442 14.03731 4.598944 3.376282 14.03722 4.598958 0.9375057 12.21712 5.16143 3.10191 14.51485 5.161438 0.6631394 12.69475 5.723913 1.60774 13.10421 4.598953 1.607586 13.10412 5.161433 1.333214 13.58176 4.59895 2.407316 13.70691 5.16143 2.132938 14.18454 5.723913 2.407471 13.707 6.715392 0.9376488 12.21721 6.715383 3.37643 14.03731 5.590417 3.37627 14.03722 5.590429 0.9375 12.21712 6.1529 3.101898 14.51485 6.152912 0.6631279 12.69475 6.715386 1.607729 13.10421 5.590429 1.607574 13.10412 6.152906 1.333202 13.58175 5.590423 2.407305 13.70691 6.1529 2.132927 14.18454 6.715386 2.407459 13.707 7.638097 0.9376659 12.21721 7.638083 3.376442 14.03731 6.513123 3.376287 14.03722 6.513132 0.9375115 12.21712 7.075603 3.10191 14.51485 7.075617 0.6631394 12.69475 7.638092 1.607746 13.10421 6.513126 1.607586 13.10412 7.075612 1.333214 13.58175 6.513129 2.407322 13.70691 7.075606 2.132938 14.18454 7.638089 2.407471 13.707 8.616381 0.9376602 12.21721 8.616374 3.376442 14.03731 7.491407 3.376282 14.03722 7.491415 0.9375057 12.21712 8.053891 3.101904 14.51485 8.053902 0.6631394 12.69475 8.616375 1.607735 13.10421 7.491421 1.607586 13.10412 8.053896 1.333214 13.58175 7.491413 2.40731 13.70691 8.053891 2.132933 14.18454 8.616374 2.407465 13.707 9.60785 0.9376488 12.21721 9.60784 3.37643 14.03731 8.482874 3.37627 14.03722 8.482884 0.9375 12.21712 9.045357 3.101898 14.51485 9.045372 0.6631394 12.69475 9.607844 1.607729 13.10421 8.48289 1.607574 13.10412 9.045363 1.333202 13.58176 8.48288 2.407305 13.70691 9.045357 2.132927 14.18454 9.607844 2.407459 13.707 3.754161 2.056726 13.60587 3.75415 5.054649 14.1282 2.629193 5.054478 14.12819 2.629201 2.056549 13.60586 3.191667 5.025421 14.67825 3.191681 2.027498 14.15592 3.754158 3.055195 14.09458 2.629199 3.055012 14.09457 3.191676 3.025955 14.64463 2.629193 4.040783 14.27115 3.19167 4.011726 14.82121 3.754153 4.04096 14.27116 4.745632 2.056721 13.60587 4.745623 5.054649 14.1282 3.62066 5.054466 14.12819 3.620672 2.056549 13.60586 4.18314 5.025415 14.67825 4.183152 2.027493 14.15592 4.745626 3.055189 14.09458 3.620669 3.055006 14.09457 4.183146 3.025955 14.64463 3.620663 4.040771 14.27115 4.18314 4.011726 14.82121 4.74562 4.040955 14.27116 5.723924 2.056732 13.60587 5.723913 5.054661 14.1282 4.598947 5.054472 14.12819 4.598964 2.056549 13.60586 5.16143 5.025421 14.67825 5.161441 2.027493 14.15592 5.723916 3.055195 14.09458 4.598956 3.055012 14.09457 5.161436 3.025955 14.64463 4.598953 4.040783 14.27115 5.16143 4.011726 14.82121 5.72391 4.040955 14.27117 6.715392 2.056709 13.60587 6.71538 5.054632 14.12821 5.590423 5.054466 14.12819 5.590432 2.056538 13.60586 6.152897 5.025404 14.67826 6.152912 2.027481 14.15593 6.715389 3.055172 14.09459 5.590429 3.055 14.09457 6.152906 3.025944 14.64464 5.590423 4.04076 14.27116 6.152897 4.011709 14.82122 6.715383 4.040943 14.27117 7.638092 2.056732 13.60587 7.63808 5.054649 14.1282 6.513123 5.054478 14.12819 6.513132 2.056549 13.60586 7.0756 5.025415 14.67825 7.075612 2.027493 14.15592 7.638086 3.055195 14.09458 6.513126 3.055012 14.09457 7.075606 3.025955 14.64463 6.51312 4.040783 14.27115 7.0756 4.011726 14.82121 7.63808 4.040955 14.27117 8.616381 2.056732 13.60587 8.61637 5.054661 14.1282 7.491404 5.054472 14.12819 7.491421 2.056549 13.60586 8.053887 5.025415 14.67825 8.053898 2.027493 14.15592 8.616374 3.055195 14.09458 7.491415 3.055012 14.09457 8.053893 3.025955 14.64463 7.49141 4.040783 14.27115 8.053887 4.011726 14.82121 8.616368 4.040955 14.27116 9.60785 2.056709 13.60587 9.607838 5.054638 14.12821 8.48288 5.054466 14.12819 8.48289 2.056538 13.60586 9.045355 5.025404 14.67826 9.045369 2.027481 14.15593 9.607844 3.055178 14.09459 8.482886 3.055 14.09458 9.045363 3.025944 14.64464 8.48288 4.04076 14.27116 9.045355 4.011715 14.82122 9.607838 4.040943 14.27117 3.754164 3.715347 14.38721 3.754147 6.696945 13.77855 2.629184 6.696774 13.77861 2.629204 3.715176 14.38727 3.191673 6.870621 14.30128 3.191684 3.889023 14.90995 3.754158 4.82333 14.47751 2.629196 4.823158 14.47756 3.191679 4.997 15.00024 2.629193 5.805319 14.28192 3.191673 5.979172 14.80459 3.754156 5.80549 14.28187 4.745632 3.715347 14.38721 4.74562 6.696934 13.77855 3.62066 6.696768 13.77861 3.620675 3.715176 14.38727 4.18314 6.870609 14.30128 4.183152 3.889023 14.90995 4.745629 4.82333 14.47751 3.620669 4.823158 14.47756 4.183149 4.996994 15.00024 3.620666 5.805313 14.28192 4.183143 5.97916 14.80459 4.745626 5.805485 14.28187 5.723921 3.715353 14.38722 5.72391 6.696945 13.77855 4.59895 6.696774 13.77861 4.598961 3.715176 14.38727 5.16143 6.870621 14.30128 5.161441 3.889023 14.90995 5.723918 4.82333 14.47751 4.598958 4.823158 14.47756 5.161436 4.997005 15.00024 4.598958 5.805319 14.28192 5.161436 5.97916 14.80459 5.723916 5.805485 14.28186 6.715392 3.715336 14.38723 6.715374 6.696934 13.77856 5.590412 6.696762 13.77862 5.590429 3.715164 14.38728 6.152897 6.870609 14.30129 6.152912 3.889011 14.90995 6.71538 4.823313 14.47751 5.590423 4.823147 14.47757 6.1529 4.996994 15.00025 5.59042 5.805302 14.28193 6.152903 5.979149 14.8046 6.71538 5.805479 14.28187 7.638092 3.715353 14.38722 7.63808 6.696945 13.77855 6.513117 6.696774 13.77861 6.513132 3.715176 14.38727 7.075603 6.870621 14.30128 7.075612 3.889023 14.90995 7.638086 4.82333 14.47751 6.513129 4.823158 14.47756 7.075609 4.997005 15.00024 6.513123 5.805313 14.28192 7.075606 5.979166 14.80459 7.638086 5.805485 14.28186 8.616379 3.715353 14.38721 8.616368 6.696945 13.77855 7.491407 6.696774 13.77861 7.491418 3.715176 14.38727 8.053887 6.870621 14.30128 8.053898 3.889023 14.90995 8.616375 4.82333 14.47751 7.491415 4.823158 14.47756 8.053893 4.997005 15.00024 7.491415 5.805325 14.28192 8.053893 5.97916 14.80459 8.616374 5.805485 14.28186 9.60785 3.715336 14.38723 9.60784 6.696928 13.77856 8.482874 6.696756 13.77861 8.482892 3.715164 14.38728 9.045357 6.870604 14.30129 9.045369 3.889011 14.90996 9.607844 4.823313 14.47751 8.482884 4.823147 14.47757 9.045367 4.996983 15.00025 8.48288 5.805302 14.28193 9.045361 5.979149 14.8046 9.607844 5.805473 14.28187 2.779208 0.9582882 13.04189 2.779328 1.024172 12.75955 3.025158 0.9924088 12.89603 3.024472 6.792337 14.24283 2.778518 6.758217 14.38869 2.778644 6.8241 14.10635 9.206913 0.9582825 13.04189 9.207032 1.024166 12.75955 9.452868 0.9924088 12.89603 9.452178 6.792332 14.24283 9.206227 6.758211 14.38869 9.206345 6.824089 14.10635 9.604199 4.737133 13.95546 9.604119 5.027058 13.95557 9.604119 4.886936 14.20141 2.617285 4.886948 14.2014 2.617368 4.737144 13.95544 2.617288 5.027058 13.95556 9.604201 2.639191 13.50909 9.604119 2.929115 13.50921 9.604119 2.788988 13.75504 2.617285 2.788994 13.75503 2.617374 2.639196 13.50907 2.617288 2.929115 13.50919 -9.138133 -0.4733505 4.562085 -8.84821 -0.4732761 4.562202 -8.988331 -0.4732761 4.808038 -8.988343 7.827776 4.808022 -9.138146 7.827702 4.562069 -8.848219 7.827776 4.562186 -11.5441 3.697414 2.221529 -11.5441 3.69742 3.845024 -11.31535 3.795267 3.845024 -11.31535 3.795273 2.069553 -11.76713 4.219048 2.957288 -11.32105 3.175747 2.957288 -11.53839 4.316923 2.957288 -11.09232 3.273622 2.957288 -11.71382 4.094353 2.484456 -11.62159 3.878654 2.221529 -11.70346 4.070143 2.342087 -11.67305 3.999018 2.263689 -11.4098 4.016167 2.069553 -11.5384 4.316917 2.398873 -11.47411 4.166576 2.141918 -11.51449 4.261019 2.25052 -11.62159 3.878654 3.693048 -11.71381 4.094353 3.430122 -11.67306 3.999018 3.650888 -11.70346 4.070143 3.572489 -11.4666 3.516174 2.221529 -11.37436 3.30043 2.48446 -11.41513 3.395788 2.26369 -11.38471 3.324646 2.342092 -11.37436 3.30043 3.430117 -11.4666 3.51618 3.693048 -11.38472 3.324646 3.572485 -11.41513 3.395788 3.650887 -11.22089 3.574356 3.845024 -11.09231 3.273617 3.515704 -11.15659 3.423969 3.772659 -11.11622 3.329521 3.664057 -11.53839 4.316917 3.515704 -11.4098 4.016167 3.845024 -11.51449 4.261013 3.664057 -11.47411 4.166576 3.772659 -11.09231 3.273617 2.398873 -11.2209 3.574356 2.069553 -11.11622 3.329521 2.25052 -11.1566 3.423969 2.141918 -11.63855 3.918331 2.069553 -11.70286 4.068712 2.141918 -11.74323 4.163149 2.25052 -11.76713 4.219048 2.398873 -11.44964 3.476515 3.845024 -11.38534 3.326105 3.772659 -11.34495 3.231646 3.664057 -11.32105 3.175747 3.515704 -11.70285 4.068712 3.772659 -11.63855 3.918331 3.845024 -11.74322 4.163143 3.664057 -11.76713 4.219048 3.515704 -11.38534 3.326105 2.141918 -11.44965 3.476521 2.069553 -11.34495 3.231646 2.25052 -11.32105 3.175747 2.398873 -11.54411 3.697426 2.069553 -11.71382 4.094353 2.957289 -11.5441 3.697414 3.693048 -11.37436 3.30043 2.957288 -11.3807 3.767269 2.957288 -11.38071 3.767275 3.693048 -11.3807 3.767269 2.221529 -11.55042 4.164213 2.957288 -11.21097 3.370296 2.957288 -11.4582 3.948509 2.221529 -11.50966 4.068878 2.263689 -11.54007 4.139997 2.342087 -11.55042 4.164207 2.484456 -11.30321 3.586035 3.693048 -11.25174 3.465654 3.650887 -11.22132 3.394512 3.572485 -11.21097 3.370291 3.430117 -11.50966 4.068878 3.650888 -11.45819 3.948509 3.693048 -11.54008 4.139997 3.57249 -11.55042 4.164207 3.430122 -11.25174 3.465654 2.26369 -11.30321 3.586029 2.221529 -11.22132 3.394512 2.342092 -11.21097 3.370291 2.48446 -12.57264 6.074078 4.562085 -12.57257 5.784153 4.562202 -12.57257 5.924274 4.808038 -9.278222 5.92428 4.808022 -9.27829 6.074083 4.562069 -9.27822 5.784153 4.562186 -1.539627 -0.005104064 -0.01948803 -1.396158 -0.25704 -0.01944625 -1.679127 -0.2570343 -0.0194146 -1.678887 -0.256897 2.042083 -1.539383 -0.004955291 2.042009 -1.395923 -0.256897 2.042051 -1.394312 -0.2543278 1.698517 -1.684237 -0.2544193 1.698633 -1.544116 -0.2544136 1.944469 -1.544127 -4.718422 1.944453 -1.394327 -4.71833 1.698501 -1.684251 -4.718428 1.698617 -1.539624 -0.2236576 0.1079069 -1.396166 -0.4403 -0.02069967 -1.67913 -0.4403114 -0.02067178 -1.678895 -1.492802 1.751907 -1.539392 -1.276148 1.880485 -1.395926 -1.49279 1.751879 -1.539635 -2.268082 -0.02290111 -1.396172 -2.4841 0.1067629 -1.679133 -2.484077 0.1067894 -1.678893 -1.423279 1.874402 -1.539386 -1.207283 1.744711 -1.395923 -1.42329 1.874376 -1.539638 -2.446186 0.1079069 -1.396175 -2.662834 -0.02069967 -1.679141 -2.662846 -0.02067178 -1.678907 -3.715336 1.751907 -1.539403 -3.498676 1.880485 -1.39594 -3.715324 1.751879 -1.539644 -4.490604 -0.02290111 -1.396183 -4.706623 0.1067629 -1.679144 -4.7066 0.1067894 -1.678901 -3.64579 1.874402 -1.539401 -3.4298 1.744711 -1.395932 -3.645813 1.874376 0.2819123 -0.1983604 0.3775454 0.2818894 -0.1983604 4.402106 0.2818036 0.05043411 4.402105 0.2818065 0.05043411 8.07256e-4 -1.124423 -0.1983604 2.201456 1.68836 -0.1983547 2.201456 -1.124604 0.05043411 2.201456 1.688174 0.05044555 2.201456 -0.7882476 -0.1983661 1.029328 -0.2067074 -0.1983604 0.3775454 -0.7229648 -0.1983718 0.6764048 -0.5312276 -0.1983604 0.4820595 -0.3137727 0.05043411 8.07077e-4 -1.124607 0.05043411 0.8171728 -0.7192626 0.05043411 0.1801955 -0.9738822 0.05043411 0.4494136 -0.2067046 -0.1983661 4.025367 -0.7882419 -0.1983661 3.373585 -0.5312219 -0.1983661 3.920853 -0.7229676 -0.1983604 3.726508 0.7705321 -0.1983604 0.3775453 1.35219 -0.1983604 1.02934 1.095107 -0.1983547 0.4820622 1.286904 -0.1983604 0.6764165 1.352195 -0.1983604 3.373573 0.7705321 -0.1983604 4.025368 1.286904 -0.1983604 3.726497 1.095109 -0.1983604 3.920851 0.877377 0.05043983 4.402105 1.688177 0.05043411 3.58574 1.282835 0.05043411 4.222717 1.537467 0.05043411 3.953499 -1.124607 0.05043411 3.58574 -0.3137727 0.05043411 4.402105 -0.9738793 0.05043411 3.953499 -0.7192597 0.05043411 4.222717 1.688174 0.05043983 0.8171728 0.8773799 0.05043411 8.07077e-4 1.537467 0.05043411 0.4494135 1.282835 0.05043983 0.1801955 -0.3136811 -0.1983604 8.07077e-4 -0.7191224 -0.1983718 0.1801956 -0.9737134 -0.1983604 0.4494137 -1.124426 -0.1983604 0.8171728 0.8774686 -0.1983604 4.402106 1.282979 -0.1983604 4.222717 1.537638 -0.1983604 3.9535 1.68836 -0.1983604 3.58574 -0.7191224 -0.1983718 4.222717 -0.3136811 -0.1983604 4.402106 -0.9737163 -0.1983604 3.953499 -1.124423 -0.1983718 3.58574 1.282976 -0.1983604 0.1801955 0.8774657 -0.1983604 8.07166e-4 1.537632 -0.1983604 0.4494136 1.688357 -0.1983547 0.8171728 0.2818894 -0.1983604 8.07256e-4 -0.7882419 -0.1983661 2.201456 0.2819123 -0.1983604 4.025367 1.352192 -0.1983547 2.201456 0.2819438 -0.02065658 2.201456 0.2819095 -0.0206623 4.025367 0.2819095 -0.0206623 0.3775455 -0.7882419 -0.02065658 2.201456 1.352195 -0.02065658 2.201456 -0.2067131 -0.02065658 0.3775453 -0.5312276 -0.02065658 0.4820595 -0.7229648 -0.0206623 0.6764047 -0.7882476 -0.0206623 1.029328 0.770535 -0.02065658 4.025367 1.095107 -0.02065658 3.92085 1.286904 -0.02065658 3.726497 1.352195 -0.02065658 3.373573 -0.5312247 -0.0206623 3.920853 -0.2067074 -0.0206623 4.025367 -0.7229676 -0.02065658 3.726508 -0.7882419 -0.0206623 3.373585 1.095104 -0.02065658 0.4820623 0.7705293 -0.02065658 0.3775454 1.286907 -0.02065658 0.6764164 1.35219 -0.02065658 1.02934 -3.311827 -0.1983604 0.3775454 -3.311847 -0.1983604 4.402106 -3.311933 0.05044555 4.402106 -3.311936 0.05044555 8.07256e-4 -4.718163 -0.1983604 2.201456 -1.90538 -0.1983489 2.201457 -4.718352 0.05044555 2.201457 -1.90556 0.05044555 2.201456 -4.381984 -0.1983604 1.029328 -3.800447 -0.1983604 0.3775455 -4.316701 -0.1983604 0.6764049 -4.124967 -0.1983604 0.4820596 -3.907509 0.05043411 8.07077e-4 -4.718343 0.05044555 0.8171729 -4.312999 0.05043411 0.1801956 -4.567622 0.05043983 0.4494137 -3.800438 -0.1983604 4.025367 -4.381987 -0.1983604 3.373585 -4.124964 -0.1983661 3.920854 -4.316699 -0.1983604 3.726508 -2.823204 -0.1983547 0.3775454 -2.241544 -0.1983604 1.02934 -2.498627 -0.1983547 0.4820623 -2.30683 -0.1983604 0.6764165 -2.241541 -0.1983604 3.373573 -2.823202 -0.1983604 4.025367 -2.306833 -0.1983547 3.726496 -2.49863 -0.1983604 3.920851 -2.71636 0.05044555 4.402106 -1.905569 0.05044555 3.58574 -2.310904 0.05044555 4.222717 -2.056267 0.05044555 3.9535 -4.71834 0.05043411 3.58574 -3.907506 0.05043411 4.402105 -4.567619 0.05043983 3.9535 -4.313002 0.05043983 4.222717 -1.905566 0.05044555 0.8171728 -2.716362 0.05044555 8.07256e-4 -2.05627 0.05044555 0.4494137 -2.310907 0.05044555 0.1801955 -3.907418 -0.1983604 8.07166e-4 -4.312865 -0.1983604 0.1801956 -4.567459 -0.1983604 0.4494137 -4.71816 -0.1983661 0.8171729 -2.716268 -0.1983604 4.402106 -2.310764 -0.1983489 4.222717 -2.056104 -0.1983547 3.9535 -1.905377 -0.1983604 3.58574 -4.312868 -0.1983604 4.222717 -3.907421 -0.1983604 4.402105 -4.56745 -0.1983604 3.9535 -4.718163 -0.1983718 3.58574 -2.310767 -0.1983547 0.1801956 -2.716271 -0.1983604 8.07166e-4 -2.056101 -0.1983604 0.4494137 -1.905385 -0.1983547 0.8171729 -3.311844 -0.1983604 8.07345e-4 -4.381987 -0.1983547 2.201456 -3.311819 -0.1983604 4.025367 -2.241539 -0.1983604 2.201457 -3.311799 -0.02065658 2.201456 -3.311827 -0.02065658 4.025368 -3.31183 -0.02065658 0.3775455 -4.381987 -0.02065086 2.201456 -2.241541 -0.02065658 2.201456 -3.80045 -0.02065658 0.3775454 -4.124961 -0.02065658 0.4820595 -4.316704 -0.02065658 0.6764048 -4.381984 -0.02065658 1.029328 -2.823207 -0.02065658 4.025367 -2.498633 -0.02065658 3.920851 -2.306833 -0.02064514 3.726496 -2.241544 -0.02065658 3.373573 -4.124964 -0.02065658 3.920853 -3.800441 -0.0206623 4.025367 -4.316701 -0.02065658 3.726508 -4.381981 -0.02065658 3.373585 -2.49863 -0.02065658 0.4820624 -2.82321 -0.02065658 0.3775455 -2.30683 -0.02065658 0.6764165 -2.241547 -0.02065658 1.02934 -7.162255 -0.1983547 0.3775455 -7.162275 -0.1983604 4.402106 -7.162361 0.05044555 4.402105 -7.162364 0.05043983 8.07256e-4 -8.568596 -0.1983604 2.201456 -5.75581 -0.1983547 2.201457 -8.568779 0.05044555 2.201457 -5.75599 0.05044555 2.201456 -8.232413 -0.1983604 1.029328 -7.650875 -0.1983604 0.3775455 -8.16713 -0.1983604 0.6764049 -7.975389 -0.1983604 0.4820596 -7.757937 0.05043411 8.07077e-4 -8.568772 0.05043983 0.8171729 -8.163428 0.05044555 0.1801956 -8.418049 0.05043411 0.4494137 -7.650866 -0.1983604 4.025367 -8.232415 -0.1983604 3.373585 -7.975392 -0.1983661 3.920854 -8.167126 -0.1983604 3.726508 -6.673632 -0.1983604 0.3775454 -6.091972 -0.1983604 1.02934 -6.349055 -0.1983604 0.4820623 -6.157258 -0.1983604 0.6764165 -6.091969 -0.1983547 3.373573 -6.673629 -0.1983604 4.025367 -6.15726 -0.1983547 3.726497 -6.349058 -0.1983604 3.920851 -6.566787 0.05044555 4.402105 -5.755996 0.05044555 3.58574 -6.161332 0.05044555 4.222717 -5.906695 0.05044555 3.953499 -8.568768 0.05043411 3.58574 -7.757934 0.05043411 4.402106 -8.418047 0.05043411 3.9535 -8.16343 0.05044555 4.222717 -5.755993 0.05044555 0.8171728 -6.56679 0.05044555 8.07256e-4 -5.906698 0.05044555 0.4494137 -6.161334 0.05044555 0.1801955 -7.757845 -0.1983604 8.07166e-4 -8.163292 -0.1983604 0.1801957 -8.417887 -0.1983604 0.4494137 -8.568589 -0.1983604 0.8171729 -6.566696 -0.1983547 4.402106 -6.161191 -0.1983547 4.222717 -5.906532 -0.1983604 3.953499 -5.75581 -0.1983604 3.58574 -8.163296 -0.1983604 4.222718 -7.757848 -0.1983604 4.402106 -8.417878 -0.1983604 3.9535 -8.568591 -0.1983604 3.58574 -6.161194 -0.1983604 0.1801956 -6.566699 -0.1983604 8.07166e-4 -5.906529 -0.1983604 0.4494137 -5.755813 -0.1983547 0.8171729 -7.162272 -0.1983604 8.07345e-4 -8.232415 -0.1983604 2.201456 -7.162246 -0.1983604 4.025367 -6.091969 -0.1983489 2.201457 -7.162226 -0.02065086 2.201456 -7.162255 -0.02065658 4.025367 -7.162258 -0.02065658 0.3775455 -8.232415 -0.02065658 2.201456 -6.091972 -0.02064514 2.201457 -7.650877 -0.0206623 0.3775454 -7.975389 -0.02065658 0.4820595 -8.167132 -0.02065658 0.6764048 -8.232413 -0.02065658 1.029328 -6.673635 -0.0206623 4.025368 -6.349061 -0.02065658 3.920851 -6.15726 -0.02065086 3.726496 -6.091972 -0.02064514 3.373573 -7.975392 -0.0206623 3.920853 -7.650869 -0.02066802 4.025367 -8.16713 -0.02065658 3.726508 -8.232409 -0.02065658 3.373586 -6.349058 -0.02065658 0.4820624 -6.673638 -0.02065658 0.3775455 -6.157258 -0.02065658 0.6764165 -6.091975 -0.02065658 1.02934 6.698157 -0.2256431 0.3958738 6.698134 -0.2256431 6.089918 6.698048 0.02316284 6.089918 6.698048 0.02316284 0.01913511 2.703022 -0.2256431 3.530606 9.923958 -0.2256431 3.530606 2.702836 0.02316284 3.530606 9.923771 0.02316284 3.530606 3.039195 -0.2256431 1.047656 3.620738 -0.2256431 0.3958737 3.10448 -0.2256488 0.6947334 3.29622 -0.2256431 0.5003878 3.513675 0.02315711 0.01913511 2.702836 0.02316284 0.8355008 3.108182 0.02315711 0.1985234 2.853563 0.02315711 0.4677419 3.620735 -0.2256431 5.71318 3.039195 -0.2256431 5.061398 3.29622 -0.2256431 5.608665 3.104477 -0.2256488 5.41432 9.006133 -0.2256374 0.3958738 9.58779 -0.2256431 1.047668 9.330708 -0.2256431 0.5003907 9.522505 -0.2256374 0.6947446 9.58779 -0.2256431 5.061385 9.006133 -0.2256431 5.71318 9.522501 -0.2256374 5.414309 9.330704 -0.2256374 5.608663 9.11298 0.02316284 6.089918 9.923771 0.02316284 5.273553 9.518431 0.02316284 5.91053 9.773064 0.02316284 5.641312 2.702838 0.02316284 5.273552 3.513675 0.02315711 6.089918 2.85356 0.02315711 5.641312 3.10818 0.02315139 5.91053 9.923771 0.02316284 0.8355008 9.11298 0.02316284 0.01913505 9.773068 0.02316284 0.4677418 9.518433 0.02316284 0.1985235 3.513758 -0.2256431 0.01913511 3.10832 -0.2256488 0.1985235 2.853726 -0.2256431 0.4677419 2.703019 -0.2256431 0.8355008 9.113064 -0.2256374 6.089918 9.518574 -0.2256374 5.91053 9.773234 -0.2256431 5.641312 9.923954 -0.2256317 5.273553 3.108317 -0.2256546 5.91053 3.513758 -0.2256431 6.089918 2.853729 -0.2256431 5.641312 2.703019 -0.2256431 5.273553 9.518574 -0.2256374 0.1985235 9.113064 -0.2256374 0.01913511 9.77323 -0.2256374 0.4677418 9.923954 -0.2256374 0.8355008 6.698137 -0.2256431 0.01913523 3.039197 -0.2256431 3.530605 6.698157 -0.2256431 5.71318 9.587794 -0.2256431 3.530605 6.698151 -0.0479393 5.71318 6.698154 -0.0479393 0.3958737 3.039195 -0.0479393 3.530605 9.58779 -0.0479393 3.530606 3.620729 -0.0479393 0.3958739 3.29622 -0.04794502 0.5003877 3.104477 -0.04794502 0.6947334 3.039192 -0.0479393 1.047656 9.006127 -0.0479393 5.71318 9.330704 -0.0479393 5.608663 9.522505 -0.0479393 5.414309 9.587788 -0.0479393 5.061385 3.296217 -0.0479393 5.608665 3.620729 -0.04794502 5.713181 3.104477 -0.0479393 5.41432 3.039192 -0.0479393 5.061398 9.330702 -0.0479393 0.5003909 9.006131 -0.04793357 0.3958737 9.522505 -0.0479393 0.6947445 9.587788 -0.0479393 1.047668 2.007876 -0.005098342 -0.01948803 2.151342 -0.2570458 -0.01944619 1.868375 -0.2570343 -0.0194146 1.868616 -0.256897 2.042083 2.008116 -0.004955291 2.042009 2.151579 -0.256897 2.042051 2.156509 -4.714949 -0.01948803 2.005616 -4.962513 -0.01944625 1.86853 -4.714972 -0.0194146 1.86877 -4.715115 2.042083 2.156752 -4.715092 2.042009 2.005862 -4.962656 2.042051 2.153196 -0.2543221 1.698517 1.863268 -0.2544193 1.698633 2.003396 -0.2544136 1.944469 2.003378 -4.718416 1.944453 2.153182 -4.71833 1.698501 1.863254 -4.718422 1.698617 2.007876 -0.2236518 0.1079068 2.151339 -0.4403 -0.02069956 1.868375 -0.4403114 -0.02067166 1.868607 -1.492802 1.751907 2.008111 -1.276142 1.880485 2.151574 -1.49279 1.751879 2.00787 -2.268082 -0.02290105 2.151333 -2.484095 0.1067628 1.868372 -2.484077 0.1067892 1.868616 -1.423267 1.874402 2.008116 -1.207277 1.744711 2.151585 -1.42329 1.874376 2.007864 -2.446192 0.1079069 2.151328 -2.662828 -0.02069956 1.868361 -2.662846 -0.02067166 1.868596 -3.715336 1.751907 2.008096 -3.498676 1.880485 2.151565 -3.715319 1.751879 2.007856 -4.49061 -0.02290105 2.151322 -4.706617 0.1067628 1.868358 -4.706606 0.1067892 1.868598 -3.645796 1.874402 2.008102 -3.429794 1.744711 2.151568 -3.645819 1.874376 -5.30695 -0.005104064 -0.01948803 -5.163484 -0.25704 -0.01944625 -5.446445 -0.2570343 -0.0194146 -5.446208 -0.256897 2.042083 -5.306704 -0.004955291 2.042009 -5.163241 -0.256897 2.042051 -5.158317 -4.714949 -0.01948803 -5.309207 -4.962513 -0.01944619 -5.446296 -4.714977 -0.0194146 -5.446056 -4.715109 2.042083 -5.158077 -4.715092 2.042009 -5.308964 -4.96265 2.042051 -5.161633 -0.2543278 1.698517 -5.451558 -0.2544136 1.698633 -5.311428 -0.2544136 1.944469 -5.31145 -4.718422 1.944453 -5.161647 -4.71833 1.698501 -5.451569 -4.71841 1.698617 -5.306953 -0.2236576 0.1079069 -5.163484 -0.4403 -0.02069967 -5.446454 -0.4403114 -0.02067178 -5.446216 -1.492802 1.751907 -5.306721 -1.276148 1.880485 -5.163252 -1.49279 1.751879 -5.306959 -2.268082 -0.02290105 -5.163496 -2.484089 0.1067629 -5.446454 -2.484077 0.1067894 -5.446213 -1.423267 1.874402 -5.306713 -1.207272 1.744711 -5.163244 -1.42329 1.874376 -5.306964 -2.446186 0.1079069 -5.163496 -2.662834 -0.02069967 -5.446462 -2.662846 -0.02067178 -5.44623 -3.715336 1.751907 -5.306724 -3.498676 1.880485 -5.163261 -3.715324 1.751879 -5.306964 -4.49061 -0.02290111 -5.163501 -4.706617 0.1067629 -5.446465 -4.7066 0.1067894 -5.446219 -3.64579 1.874402 -5.306724 -3.429794 1.744711 -5.163255 -3.645807 1.874376 -8.96436 -0.005104064 -0.01948803 -8.820893 -0.2570458 -0.01944619 -9.103859 -0.25704 -0.0194146 -9.103623 -0.256897 2.042083 -8.964119 -0.004955291 2.042009 -8.820656 -0.256897 2.042051 -8.815724 -4.714943 -0.01948803 -8.96662 -4.962513 -0.01944625 -9.103705 -4.714977 -0.0194146 -9.103463 -4.715109 2.042083 -8.81548 -4.71508 2.042009 -8.96637 -4.96265 2.042051 -8.819048 -0.2543335 1.698517 -9.108973 -0.2544193 1.698633 -8.968848 -0.2544136 1.944469 -8.968865 -4.718422 1.944453 -8.819062 -4.71833 1.698501 -9.108984 -4.718416 1.698617 -8.964365 -0.2236518 0.1079068 -8.820897 -0.4403 -0.02069956 -9.103863 -0.4403 -0.02067166 -9.103634 -1.492802 1.751907 -8.964133 -1.276142 1.880485 -8.820664 -1.49279 1.751879 -8.964367 -2.268082 -0.02290111 -8.820904 -2.4841 0.1067629 -9.103875 -2.484077 0.1067894 -9.103623 -1.423267 1.874402 -8.964127 -1.207272 1.744711 -8.820664 -1.42329 1.874376 -8.964377 -2.446186 0.1079069 -8.820908 -2.662834 -0.02069956 -9.103875 -2.662846 -0.02067166 -9.103636 -3.715336 1.751907 -8.964138 -3.498676 1.880486 -8.820668 -3.715319 1.751879 -8.964379 -4.49061 -0.02290105 -8.820916 -4.706623 0.1067629 -9.103886 -4.7066 0.1067894 -9.103636 -3.64579 1.874402 -8.964138 -3.429794 1.744711 -8.820675 -3.645807 1.874376 0.1363062 6.500015 8.533152 0.1363692 6.210091 8.533268 0.1363692 6.350224 8.779105 10.80041 6.350224 8.779088 10.80034 6.500027 8.533135 10.80041 6.210102 8.533251 2.999029 -0.4338684 8.533151 3.288953 -0.433794 8.533267 3.148829 -0.4337883 8.779104 3.148815 7.901356 8.779088 2.999014 7.901287 8.533135 3.288942 7.901356 8.533251 3.782176 -0.433857 8.53315 4.072101 -0.4337998 8.533267 3.931977 -0.4337883 8.779103 3.931965 7.901356 8.779088 3.782168 7.901287 8.533135 4.072093 7.901356 8.533251 4.553906 -0.4338627 8.533151 4.843828 -0.4337998 8.533267 4.703703 -0.4337883 8.779104 4.703692 7.901361 8.779088 4.553894 7.901287 8.533135 4.843819 7.901356 8.533251 5.427734 -0.4338684 8.533151 5.717653 -0.4337998 8.533267 5.577528 -0.4337883 8.779104 5.57752 7.901367 8.779088 5.42772 7.901287 8.533135 5.717647 7.901356 8.533251 6.1888 -0.4338627 8.533152 6.478722 -0.4337998 8.533267 6.338595 -0.4337883 8.779104 6.338586 7.901356 8.779088 6.188786 7.901287 8.533136 6.478711 7.901356 8.533251 7.028305 -0.4338684 8.533152 7.318229 -0.4337998 8.533267 7.178105 -0.4337883 8.779104 7.178096 7.901361 8.779088 7.028293 7.901287 8.533135 7.318221 7.901356 8.533251 7.848772 -0.4338684 8.533152 8.138693 -0.433794 8.533267 7.998569 -0.4337883 8.779104 7.998558 7.901356 8.779088 7.848757 7.901287 8.533136 8.138686 7.90135 8.533251 8.607501 -0.4338684 8.533152 8.897423 -0.4337998 8.533267 8.757302 -0.4337883 8.779104 8.75729 7.901356 8.779088 8.607489 7.901287 8.533135 8.897418 7.901356 8.533251 9.318297 -0.4338627 8.533151 9.608222 -0.4337998 8.533267 9.468096 -0.4337883 8.779104 9.468085 7.901356 8.779088 9.318285 7.901287 8.533135 9.608212 7.90135 8.533251 1.419833 5.961885 8.533151 1.709754 5.961954 8.533267 1.569633 5.961954 8.779103 1.569619 7.901361 8.779088 1.419818 7.901287 8.533135 1.709746 7.901356 8.533251 2.202983 5.961885 8.533152 2.492908 5.961954 8.533267 2.352781 5.96196 8.779104 2.352769 7.901356 8.779088 2.202969 7.901287 8.533135 2.492894 7.90135 8.533252 0.3468633 5.69462 8.533151 0.3469348 5.404701 8.533268 0.3469319 5.544828 8.779104 10.80041 5.544834 8.779088 10.80035 5.694632 8.533135 10.80041 5.404713 8.533251 0.5442624 4.762905 8.533151 0.5443254 4.472975 8.533267 0.5443254 4.613113 8.779103 10.80041 4.613113 8.779088 10.80034 4.762905 8.533135 10.80041 4.47298 8.533251 0.8206172 3.95751 8.533151 0.8206859 3.667591 8.533267 0.8206802 3.807713 8.779104 10.80041 3.807724 8.779088 10.80034 3.957516 8.533135 10.80041 3.667591 8.533251 1.057501 3.009996 8.533152 1.057567 2.720066 8.533267 1.057564 2.860193 8.779104 10.80041 2.860205 8.779088 10.80034 3.010002 8.533135 10.80041 2.720077 8.533251 1.347014 2.204601 8.533152 1.347085 1.914677 8.533268 1.34708 2.05481 8.779104 10.80041 2.054815 8.779088 10.80034 2.204613 8.533135 10.80041 1.914688 8.533251 1.570743 1.351839 8.533151 1.570803 1.061909 8.533267 1.570803 1.20203 8.779104 10.80041 1.202053 8.779088 10.80034 1.351845 8.533135 10.80041 1.06192 8.533251 -12.30944 5.328346 4.562085 -12.30937 5.038416 4.562202 -12.30938 5.178543 4.808038 -9.015019 5.178555 4.808022 -9.015093 5.328346 4.562069 -9.015023 5.038427 4.562186 -11.9256 4.560677 4.562085 -11.92553 4.270752 4.562201 -11.92554 4.410873 4.808038 -8.63119 4.410885 4.808022 -8.631257 4.560688 4.562069 -8.631184 4.270763 4.562186 -11.5966 3.727226 4.562085 -11.59654 3.437296 4.562201 -11.59654 3.577417 4.808038 -8.302189 3.577423 4.808022 -8.302256 3.727226 4.562069 -8.302187 3.437302 4.562186 -11.24611 2.884094 4.562085 -11.24604 2.594164 4.562202 -11.24604 2.734291 4.808038 -7.951694 2.734302 4.808022 -7.951766 2.884094 4.562069 -7.951703 2.594181 4.562185 -10.59908 1.370705 4.562085 -10.59901 1.080774 4.562202 -10.59901 1.220896 4.808038 -7.304662 1.220901 4.808022 -7.304734 1.370705 4.562069 -7.304668 1.08078 4.562186 -8.256413 -0.4733391 4.562085 -7.966488 -0.4732819 4.562202 -8.10661 -0.4732761 4.808038 -8.106619 7.827776 4.808022 -8.256424 7.827702 4.562069 -7.9665 7.827776 4.562186 -7.401013 -0.4733391 4.562085 -7.111091 -0.4732761 4.562202 -7.251213 -0.4732704 4.808038 -7.251218 7.827782 4.808022 -7.401021 7.827707 4.562069 -7.1111 7.827782 4.562186 -6.519294 -0.4733391 4.562085 -6.22937 -0.4732761 4.562202 -6.369491 -0.4732761 4.808038 -6.3695 7.827776 4.808022 -6.519306 7.827702 4.562069 -6.229381 7.827776 4.562186 -5.690218 -0.4733391 4.562085 -5.400291 -0.4732819 4.562202 -5.540412 -0.4732704 4.808038 -5.540424 7.82777 4.808022 -5.690227 7.827713 4.562069 -5.4003 7.827782 4.562186 -4.808494 -0.4733448 4.562085 -4.518569 -0.4732819 4.562202 -4.658691 -0.4732704 4.808038 -4.658699 7.82777 4.808022 -4.808506 7.827707 4.562069 -4.518581 7.827782 4.562186 -3.953088 -0.4733448 4.562085 -3.663166 -0.4732819 4.562202 -3.803288 -0.4732704 4.808038 -3.803299 7.82777 4.808022 -3.953103 7.827707 4.562069 -3.663175 7.827782 4.562186 -3.071375 -0.4733448 4.562085 -2.781451 -0.4732819 4.562202 -2.921572 -0.4732704 4.808038 -2.921581 7.82777 4.808022 -3.071387 7.827713 4.562069 -2.781465 7.82777 4.562186 -2.137014 -0.4733448 4.562085 -1.847086 -0.4732819 4.562202 -1.987208 -0.4732819 4.808038 -1.987219 7.82777 4.808022 -2.137022 7.827702 4.562069 -1.847104 7.82777 4.562185 -1.255295 -0.4733448 4.562085 -0.9653735 -0.4732819 4.562202 -1.105495 -0.4732761 4.808038 -1.105501 7.827776 4.808022 -1.255307 7.827702 4.562069 -0.9653821 7.827776 4.562186 -0.3998923 -0.4733448 4.562085 -0.1099705 -0.4732819 4.562202 -0.250092 -0.4732761 4.808038 -0.2501006 7.827776 4.808022 -0.3999038 7.827702 4.562069 -0.1099848 7.827776 4.562186 0.4818235 -0.4733391 4.562085 0.7717452 -0.4732761 4.562202 0.6316238 -0.4732761 4.808038 0.631618 7.827776 4.808022 0.481812 7.827713 4.562069 0.7717366 7.827776 4.562186 1.350384 -0.4733391 4.562085 1.640306 -0.4732704 4.562202 1.500185 -0.4732704 4.808038 1.500173 7.827782 4.808022 1.35037 7.827713 4.562069 1.640295 7.82777 4.562186 -11.814 6.376099 4.562085 -11.52408 6.376167 4.562201 -11.6642 6.376167 4.808038 -11.66421 7.827782 4.808022 -11.81401 7.827713 4.562069 -11.52409 7.827782 4.562186 -10.93229 6.376104 4.562085 -10.64236 6.376167 4.562201 -10.78248 6.376167 4.808037 -10.78249 7.827782 4.808022 -10.9323 7.827707 4.562069 -10.64237 7.827782 4.562186 -10.07688 6.376104 4.562085 -9.786963 6.376167 4.562201 -9.927083 6.376162 4.808037 -9.927094 7.827776 4.808022 -10.0769 7.827702 4.562069 -9.786974 7.827776 4.562186 -7.615152 7.59351 2.221529 -7.615143 7.593515 3.845024 -7.615103 7.344715 3.845024 -7.615106 7.344715 2.069553 -7.04784 7.593521 2.957288 -8.182513 7.59351 2.957288 -7.047765 7.344727 2.957288 -8.182436 7.344715 2.957289 -7.183452 7.593521 2.484456 -7.418045 7.593521 2.221529 -7.209785 7.593515 2.342087 -7.28713 7.593521 2.263689 -7.374855 7.344721 2.069553 -7.047765 7.344721 2.398873 -7.211281 7.344721 2.141918 -7.108571 7.344727 2.25052 -7.418047 7.593521 3.693048 -7.183449 7.593521 3.430122 -7.287138 7.593521 3.650888 -7.209788 7.593521 3.57249 -7.812256 7.59351 2.221529 -8.0469 7.59351 2.48446 -7.943188 7.593515 2.26369 -8.020565 7.59351 2.342092 -8.046898 7.59351 3.430117 -7.812259 7.593515 3.693048 -8.020562 7.59351 3.572485 -7.943197 7.593521 3.650887 -7.855358 7.344715 3.845024 -8.182436 7.344715 3.515704 -8.018923 7.344715 3.772659 -8.121636 7.344715 3.664057 -7.047762 7.344715 3.515704 -7.374852 7.344715 3.845024 -7.108568 7.344721 3.664057 -7.211278 7.344721 3.772659 -8.182433 7.344709 2.398873 -7.855366 7.344715 2.069553 -8.12164 7.344715 2.25052 -8.018925 7.344715 2.141918 -7.374895 7.59351 2.069553 -7.211336 7.593521 2.141918 -7.108633 7.593521 2.25052 -7.047845 7.593521 2.398873 -7.855395 7.59351 3.845024 -8.018977 7.59351 3.772659 -8.121703 7.59351 3.664057 -8.182507 7.59351 3.515704 -7.211333 7.593515 3.772659 -7.374892 7.59351 3.845024 -7.108631 7.593515 3.664057 -7.047842 7.593521 3.515704 -8.01898 7.59351 2.141918 -7.855398 7.593515 2.069553 -8.121705 7.59351 2.25052 -8.182505 7.593504 2.398873 -7.615146 7.593515 2.069553 -7.183449 7.593521 2.957288 -7.615149 7.593515 3.693048 -8.0469 7.59351 2.957288 -7.615166 7.415817 2.957288 -7.615149 7.415812 3.693048 -7.615152 7.415806 2.221529 -7.183449 7.415817 2.957288 -8.046898 7.415806 2.957289 -7.418045 7.415817 2.221529 -7.287133 7.415817 2.263689 -7.209788 7.415817 2.342087 -7.183452 7.415817 2.484456 -7.812259 7.415812 3.693048 -7.943191 7.415812 3.650887 -8.020565 7.415817 3.572485 -8.046895 7.415806 3.430117 -7.287136 7.415817 3.650888 -7.418042 7.415817 3.693048 -7.209785 7.415817 3.57249 -7.183449 7.415817 3.430122 -7.943194 7.415812 2.26369 -7.812262 7.415812 2.221529 -8.020562 7.415812 2.342092 -8.046898 7.415806 2.48446 -2.486516 7.593515 2.221529 -2.486505 7.59351 3.845023 -2.486474 7.344721 3.845024 -2.486476 7.344721 2.069553 -1.919204 7.593521 2.957288 -3.053872 7.59351 2.957288 -1.91913 7.344727 2.957288 -3.0538 7.344715 2.957288 -2.05482 7.593515 2.484456 -2.289412 7.593521 2.221529 -2.081152 7.593521 2.342087 -2.1585 7.593521 2.263689 -2.246222 7.344727 2.069553 -1.91913 7.344721 2.398873 -2.082649 7.344727 2.141918 -1.979935 7.344721 2.25052 -2.289409 7.593521 3.693048 -2.054817 7.593515 3.430121 -2.158503 7.593521 3.650888 -2.081155 7.593521 3.57249 -2.683632 7.59351 2.221529 -2.918268 7.59351 2.48446 -2.814558 7.59351 2.26369 -2.891926 7.593515 2.342092 -2.918265 7.59351 3.430117 -2.683629 7.59351 3.693048 -2.891929 7.593515 3.572485 -2.814561 7.593515 3.650887 -2.726719 7.344709 3.845024 -3.053797 7.344715 3.515704 -2.890284 7.344709 3.772659 -2.993006 7.344715 3.664057 -1.919133 7.344727 3.515704 -2.246219 7.344721 3.845024 -1.979938 7.344715 3.664057 -2.082646 7.344727 3.772659 -3.053794 7.344715 2.398873 -2.726728 7.344715 2.069553 -2.993009 7.344715 2.25052 -2.890287 7.344709 2.141918 -2.246253 7.593521 2.069553 -2.082703 7.593521 2.141918 -1.980004 7.593521 2.25052 -1.919204 7.593521 2.398873 -2.726762 7.59351 3.845024 -2.890344 7.59351 3.772659 -2.993069 7.59351 3.664057 -3.053874 7.59351 3.515704 -2.0827 7.593521 3.772659 -2.246256 7.593521 3.845024 -1.980001 7.593521 3.664057 -1.919207 7.593521 3.515704 -2.890347 7.59351 2.141918 -2.726765 7.59351 2.069553 -2.993072 7.593515 2.25052 -3.053877 7.59351 2.398873 -2.486508 7.59351 2.069553 -2.054817 7.593521 2.957288 -2.486514 7.593515 3.693048 -2.918265 7.593515 2.957288 -2.486525 7.415817 2.957288 -2.486514 7.415817 3.693048 -2.486516 7.415817 2.221529 -2.054817 7.415817 2.957288 -2.918265 7.415806 2.957288 -2.289406 7.415817 2.221529 -2.1585 7.415817 2.263689 -2.08115 7.415817 2.342087 -2.05482 7.415817 2.484455 -2.683621 7.415806 3.693048 -2.814558 7.415817 3.650887 -2.891926 7.415817 3.572485 -2.918265 7.415806 3.430117 -2.158497 7.415823 3.650888 -2.289403 7.415817 3.693048 -2.081152 7.415817 3.572489 -2.054817 7.415817 3.430121 -2.814561 7.415817 2.26369 -2.683624 7.415806 2.221529 -2.891923 7.415806 2.342092 -2.918268 7.415806 2.48446 10.64983 3.648909 3.550677 10.64983 3.648914 5.174171 10.40103 3.648949 5.174172 10.40103 3.648949 3.398701 10.64983 4.216215 4.286436 10.64983 3.081551 4.286437 10.40104 4.216289 4.286437 10.40104 3.081625 4.286437 10.64983 4.080608 3.813603 10.64983 3.846016 3.550676 10.64983 4.05427 3.671235 10.64983 3.976925 3.592837 10.40104 3.889206 3.398701 10.40103 4.216289 3.728021 10.40104 4.052776 3.471066 10.40104 4.155487 3.579668 10.64983 3.846016 5.022196 10.64983 4.080608 4.75927 10.64983 3.976925 4.980035 10.64983 4.05427 4.901638 10.64983 3.451801 3.550676 10.64983 3.217157 3.813608 10.64983 3.320869 3.592838 10.64983 3.24349 3.67124 10.64983 3.217157 4.759264 10.64983 3.451801 5.022196 10.64983 3.243496 4.901632 10.64983 3.320869 4.980035 10.40103 3.408697 5.174172 10.40103 3.081631 4.844852 10.40103 3.245138 5.101807 10.40103 3.142422 4.993205 10.40104 4.216289 4.844852 10.40104 3.889206 5.174171 10.40104 4.155487 4.993205 10.40104 4.052776 5.101807 10.40104 3.081631 3.728021 10.40103 3.408697 3.398701 10.40103 3.142416 3.579668 10.40103 3.245132 3.471066 10.64983 3.889172 3.398701 10.64983 4.052719 3.471066 10.64983 4.155418 3.579668 10.64983 4.216221 3.728021 10.64983 3.408663 5.174171 10.64983 3.245087 5.101807 10.64983 3.142347 4.993205 10.64983 3.081551 4.844852 10.64983 4.052719 5.101807 10.64983 3.889172 5.174171 10.64983 4.15543 4.993205 10.64983 4.216221 4.844852 10.64983 3.245081 3.471066 10.64983 3.408668 3.398701 10.64983 3.142342 3.579668 10.64983 3.081551 3.728021 10.64983 3.648914 3.398701 10.64983 4.080603 4.286437 10.64983 3.648909 5.022196 10.64983 3.217152 4.286437 10.47213 3.648891 4.286437 10.47213 3.648914 5.022196 10.47213 3.648909 3.550677 10.47213 4.080608 4.286437 10.47213 3.217157 4.286437 10.47213 3.846016 3.550676 10.47213 3.976925 3.592837 10.47213 4.054264 3.671235 10.47213 4.080608 3.813603 10.47213 3.451801 5.022197 10.47213 3.320864 4.980035 10.47213 3.243496 4.901633 10.47213 3.217163 4.759264 10.47213 3.976925 4.980036 10.47213 3.846016 5.022196 10.47213 4.054264 4.901638 10.47213 4.080608 4.75927 10.47213 3.320858 3.592838 10.47213 3.451801 3.550676 10.47213 3.24349 3.67124 10.47213 3.217163 3.813608 1.636472 1.724459 6.771795 1.636469 1.724476 8.395291 1.875473 1.793587 8.395291 1.875473 1.793587 6.61982 1.478944 2.269461 7.507555 1.794009 1.179417 7.507555 1.717934 2.338612 7.507555 2.033004 1.248573 7.507555 1.516598 2.139187 7.034722 1.581741 1.913818 6.771795 1.523911 2.11389 6.892354 1.545389 2.039583 6.813955 1.808757 2.024391 6.61982 1.717934 2.338617 6.949139 1.763339 2.181536 6.692184 1.73482 2.280207 6.800786 1.581741 1.913818 8.243315 1.516598 2.139187 7.980388 1.545389 2.039577 8.201155 1.523911 2.113884 8.122756 1.691204 1.535105 6.771795 1.756358 1.309696 7.034727 1.727564 1.409328 6.813957 1.749045 1.334999 6.892359 1.756361 1.309696 7.980383 1.691206 1.535105 8.243315 1.749045 1.334999 8.122752 1.727561 1.409323 8.201153 1.942184 1.562782 8.395291 2.033004 1.248573 8.065972 1.987603 1.405655 8.322926 2.016127 1.306972 8.214324 1.717937 2.338617 8.065972 1.808757 2.024391 8.395291 1.73482 2.280207 8.214324 1.763341 2.181536 8.322926 2.033007 1.248573 6.94914 1.942184 1.562782 6.61982 2.016124 1.306978 6.800786 1.9876 1.405655 6.692184 1.569753 1.95528 6.61982 1.52434 2.112396 6.692184 1.495824 2.211067 6.800786 1.478944 2.269466 6.94914 1.70318 1.493671 8.395291 1.748604 1.336515 8.322926 1.777132 1.237827 8.214324 1.794012 1.179422 8.065972 1.524343 2.112396 8.322926 1.569753 1.955275 8.395291 1.495827 2.211061 8.214323 1.478944 2.269466 8.065971 1.748601 1.336515 6.692184 1.703186 1.493666 6.61982 1.777126 1.237839 6.800786 1.794014 1.179417 6.94914 1.636475 1.724476 6.61982 1.516598 2.139187 7.507555 1.636475 1.724459 8.243315 1.756358 1.30969 7.507555 1.807187 1.773788 7.507555 1.807187 1.773806 8.243315 1.807184 1.773806 6.771795 1.68731 2.188522 7.507555 1.927072 1.359032 7.507555 1.752449 1.963165 6.771795 1.716103 2.088924 6.813955 1.69462 2.163231 6.892354 1.68731 2.188528 7.034722 1.861918 1.584452 8.243315 1.898273 1.458664 8.201153 1.919762 1.38434 8.122752 1.927075 1.359037 7.980383 1.716103 2.088924 8.201155 1.752452 1.963165 8.243315 1.694622 2.163225 8.122756 1.687313 2.188528 7.980389 1.898273 1.458664 6.813957 1.861915 1.584452 6.771795 1.919759 1.384346 6.892359 1.927072 1.359037 7.034727 3.275541 -10.42855 5.802669 3.275621 -10.71848 5.802786 3.275624 -10.57836 6.048621 9.314211 -10.57837 6.048606 9.314131 -10.42857 5.802653 9.314213 -10.7185 5.802769 8.177329 -10.11682 5.586199 8.177327 -14.4755 6.868599 9.302287 -14.47523 6.868544 9.302289 -10.11654 5.586143 8.739806 -14.0768 7.400678 8.739806 -9.718123 6.118278 8.177329 -11.36653 6.322067 9.302287 -11.36627 6.322011 8.739809 -10.96785 6.854146 9.302283 -12.79637 6.748424 8.739811 -12.39796 7.280559 8.177327 -12.79665 6.74848 9.1523 -10.42856 -0.02604234 9.152182 -10.71849 -0.02605843 8.906346 -10.57837 -0.02606356 8.907036 -10.57836 6.097664 9.152987 -10.42856 6.097525 9.152873 -10.71848 6.097632 3.673395 -10.42855 -0.02604299 3.673274 -10.71847 -0.02605909 3.427438 -10.57835 -0.02606374 3.428131 -10.57833 6.097664 3.674081 -10.42854 6.097525 3.673967 -10.71847 6.097631 3.275558 -13.81013 7.024185 3.275638 -14.10006 7.024302 3.275638 -13.95994 7.270137 9.314229 -13.95995 7.270121 9.314148 -13.81015 7.024169 9.314229 -14.10008 7.024285 9.152262 -13.81015 -0.03327548 9.152146 -14.10008 -0.03329145 8.90631 -13.95995 -0.03329664 8.906998 -13.95994 7.31918 9.152953 -13.81014 7.319042 9.152834 -14.10007 7.319148 3.673406 -13.81014 -0.03327602 3.673286 -14.10006 -0.03329163 3.42745 -13.95994 -0.03329664 3.428142 -13.95993 7.31918 3.674096 -13.81013 7.319042 3.673975 -14.10006 7.319148 7.185861 -10.11681 5.586199 7.185858 -14.47549 6.868599 8.310818 -14.47522 6.868543 8.310822 -10.11653 5.586143 7.748338 -14.0768 7.400678 7.748344 -9.718123 6.118278 7.185858 -11.36653 6.322067 8.310818 -11.36626 6.32201 7.748341 -10.96785 6.854146 8.310816 -12.79637 6.748424 7.748344 -12.39795 7.280558 7.185858 -12.79664 6.748479 6.207571 -10.11681 5.586199 6.207569 -14.47549 6.868599 7.332529 -14.47522 6.868543 7.332531 -10.11654 5.586143 6.770049 -14.0768 7.400678 6.770054 -9.718123 6.118278 6.207569 -11.36653 6.322067 7.332529 -11.36626 6.32201 6.770051 -10.96785 6.854146 7.332526 -12.79637 6.748424 6.770051 -12.39795 7.280559 6.207569 -12.79665 6.748479 5.216055 -10.11681 5.586199 5.216053 -14.47549 6.868599 6.34101 -14.47521 6.868544 6.341012 -10.11653 5.586143 5.778532 -14.07679 7.400678 5.778535 -9.718117 6.118278 5.216053 -11.36653 6.322067 6.341015 -11.36626 6.32201 5.778535 -10.96785 6.854146 6.34101 -12.79636 6.748423 5.778535 -12.39795 7.280559 5.216053 -12.79663 6.748479 4.236601 -10.11681 5.586199 4.236598 -14.47549 6.868599 5.361558 -14.47522 6.868543 5.361561 -10.11653 5.586143 4.799078 -14.0768 7.400678 4.799084 -9.718123 6.118278 4.236601 -11.36653 6.322067 5.361564 -11.36626 6.32201 4.799081 -10.96785 6.854146 5.361556 -12.79637 6.748423 4.799087 -12.39795 7.280558 4.236598 -12.79664 6.748479 3.245085 -10.11681 5.586199 3.245082 -14.47549 6.868599 4.370042 -14.47521 6.868544 4.370045 -10.11653 5.586143 3.807562 -14.07679 7.400678 3.807565 -9.718123 6.118278 3.245082 -11.36652 6.322067 4.370045 -11.36625 6.32201 3.807565 -10.96784 6.854146 4.370039 -12.79636 6.748423 3.807571 -12.39795 7.280559 3.245082 -12.79663 6.74848 4.2671 -0.2269878 6.771795 4.267094 -0.2269935 8.39529 4.267086 0.02180671 8.395291 4.267083 0.02181243 6.619819 3.69979 -0.2269363 7.507555 4.834458 -0.227045 7.507555 3.699742 0.02185821 7.507555 4.834406 0.02174949 7.507555 3.835403 -0.2269477 7.034722 4.069993 -0.2269706 6.771795 3.861739 -0.2269477 6.892354 3.939086 -0.2269535 6.813955 4.026831 0.0218296 6.61982 3.699742 0.02186393 6.94914 3.863255 0.02184677 6.692184 3.760541 0.02185821 6.800786 4.069995 -0.2269706 8.243315 3.835406 -0.2269477 7.980389 3.939086 -0.2269592 8.201155 3.861736 -0.2269477 8.122756 4.464213 -0.227005 6.771795 4.698848 -0.2270278 7.034727 4.595142 -0.2270164 6.813957 4.672518 -0.2270278 6.892359 4.698848 -0.2270278 7.980383 4.46421 -0.227005 8.243315 4.672513 -0.2270278 8.122752 4.595142 -0.2270221 8.201153 4.507334 0.02178955 8.395291 4.834406 0.02175521 8.065971 4.670896 0.0217781 8.322926 4.773612 0.02176094 8.214324 3.699745 0.02185821 8.065971 4.026834 0.0218296 8.395291 3.760541 0.02185821 8.214323 3.863258 0.02184677 8.322926 4.834406 0.02175521 6.94914 4.507337 0.02178955 6.619819 4.773612 0.02176666 6.800786 4.670896 0.02177238 6.692184 4.026843 -0.2269706 6.61982 3.863289 -0.2269535 6.692184 3.760587 -0.226942 6.800786 3.699793 -0.2269363 6.949139 4.507349 -0.2270107 8.395291 4.67093 -0.2270278 8.322925 4.773655 -0.2270336 8.214323 4.834455 -0.2270393 8.065971 3.863286 -0.2269477 8.322925 4.026845 -0.2269706 8.395291 3.760587 -0.2269477 8.214324 3.69979 -0.2269363 8.065971 4.670928 -0.2270221 6.692184 4.507346 -0.2270107 6.61982 4.773653 -0.2270278 6.800786 4.834458 -0.2270393 6.94914 4.267091 -0.2269935 6.61982 3.835403 -0.2269477 7.507555 4.267103 -0.2269878 8.243315 4.698845 -0.2270278 7.507555 4.267131 -0.0492897 7.507555 4.267123 -0.0492897 8.243315 4.26712 -0.0492897 6.771795 3.835423 -0.04924964 7.507555 4.698865 -0.04932975 7.507555 4.07001 -0.04926681 6.771795 3.939104 -0.04925537 6.813955 3.861756 -0.04924392 6.892354 3.835423 -0.04924392 7.034721 4.464227 -0.04930114 8.243315 4.595159 -0.04932403 8.201153 4.67253 -0.04932403 8.122752 4.698868 -0.04932403 7.980383 3.939098 -0.04925537 8.201154 4.070015 -0.04926681 8.243315 3.861759 -0.04925537 8.122756 3.835426 -0.04924392 7.980388 4.595159 -0.04931259 6.813957 4.464224 -0.04930114 6.771795 4.67253 -0.04932403 6.892359 4.698865 -0.04932403 7.034728 -9.69806 -0.5235901 -4.398272 -10.48265 0.3243141 -4.398271 -10.25282 -0.1926727 -4.398271 -13.14289 7.072123 -4.39827 -12.35845 7.920055 -4.398271 -12.91316 7.589115 -4.398271 -9.719355 0.4764748 0.07061028 -9.48395 0.2444686 0.07061022 -9.640753 0.3345966 0.07061028 3.83665 0.3245144 -4.398271 3.052201 -0.5234127 -4.398272 3.606925 -0.1924724 -4.398271 2.838056 0.2446403 0.0706101 3.073278 0.4765434 0.07061058 2.994763 0.3347397 0.0706104 3.0725 6.920168 0.0706101 2.837086 7.152168 0.07061028 2.993879 7.062384 0.0706101 -12.14432 7.151997 0.0706101 -12.37954 6.920105 0.07061022 -12.301 7.062252 0.07061058 3.051214 7.920233 -4.398271 3.835806 7.072334 -4.398271 3.605975 7.58931 -4.398271 -9.699299 -0.5235901 0.07061022 -10.25278 -0.1923294 0.0706101 -10.48266 0.3243141 0.0706101 3.606859 -0.1921348 0.07061022 3.053434 -0.5234127 0.07061004 3.836619 0.3245201 0.07061022 -12.91309 7.589115 0.07061022 -12.3597 7.920044 0.07061028 -13.14288 7.072123 0.0706104 3.6059 7.589315 0.07061022 3.835801 7.072334 0.07061022 3.05243 7.920227 0.07061022 -9.483946 0.2444686 -0.4569986 -9.640757 0.3346024 -0.4569985 -9.719363 0.4764862 -0.4569985 2.99476 0.3347397 -0.4569984 2.838053 0.2446403 -0.4569985 3.073278 0.4765434 -0.4569984 -12.30101 7.062252 -0.4569984 -12.14433 7.151997 -0.4569984 -12.37954 6.920111 -0.4569984 2.993876 7.062389 -0.4569984 3.072497 6.920174 -0.4569984 2.837083 7.152168 -0.4569985 -9.588482 -0.1283569 0.2888076 -9.93784 0.0788269 0.2888077 -10.08988 0.402626 0.2888075 3.291877 0.07898712 0.2888078 2.942604 -0.1281738 0.2888078 3.443812 0.4027577 0.2888076 -12.59812 7.317999 0.2888079 -12.24887 7.524822 0.2888078 -12.75007 6.993896 0.2888076 3.290959 7.318165 0.2888076 3.443014 6.994034 0.2888075 2.941617 7.524994 0.2888075 -9.699082 -0.5235901 -0.4734714 -10.25279 -0.1923866 -0.4734711 -10.48266 0.3243198 -0.4734712 3.053219 -0.523407 -0.4734714 3.606867 -0.192192 -0.4734713 3.836622 0.3245258 -0.4734713 -12.35948 7.920044 -0.4734712 -12.91311 7.589121 -0.4734714 -13.14288 7.072128 -0.4734712 3.835801 7.072334 -0.4734711 3.605912 7.589321 -0.4734713 3.052224 7.920238 -0.4734714 2.905485 0.02083969 -3.987124 9.671692 0.02100563 -3.987124 2.905485 6.047115 -3.987123 9.671692 6.04727 -3.987123 1.154899 7.497665 0.01993435 10.40284 0.7536965 0.01993453 9.670771 7.497826 0.01993423 10.40205 6.765141 0.01993471 10.18784 7.211872 0.01993471 1.154896 7.497665 -4.163557 10.40284 0.7536965 -4.163556 9.670769 7.497826 -4.163557 10.40205 6.765141 -4.163557 10.18784 7.211872 -4.163557 -0.9174743 3.460842 3.416903 1.118707 4.369131 9.541374 -1.326028 3.278589 3.57976 0.710156 4.18689 9.704233 -0.723537 3.026058 3.416903 1.312653 3.934353 9.541377 -1.132088 2.843811 3.57976 0.904099 3.752117 9.704233 1.277648 4.179382 9.516628 -1.291027 3.033565 3.604508 0.7440333 3.941357 9.729431 -0.7574144 3.271591 3.391705 1.134303 3.78511 9.622803 -1.147684 3.427843 3.498332 -0.9018788 2.876804 3.498332 0.8885036 4.336138 9.622803 1.011407 4.060627 9.622804 -1.024783 3.152327 3.498331 0.100615 3.914978 6.479138 -0.113996 3.29797 6.641996 -0.3079362 3.732742 6.641996 0.2945609 3.480206 6.479138 0.2601085 3.725492 6.454165 -0.2734895 3.487461 6.666969 -0.1295886 3.881996 6.560567 0.1162133 3.330963 6.560567 0.6096625 4.142063 8.010256 0.2011113 3.959816 8.173115 0.8036056 3.707285 8.010257 0.7688813 3.952435 7.985395 0.2352776 3.714409 8.198201 0.3794589 4.10907 8.091686 0.625258 3.558037 8.091686 0.3950543 3.525043 8.173115 -0.6230435 3.07089 5.110878 -0.4084296 3.68791 4.94802 -0.8169808 3.505669 5.110878 -0.2144923 3.253132 4.948021 -0.2486529 3.498539 4.922935 -0.7822566 3.260513 5.135739 -0.638639 3.654917 5.029449 -0.3928342 3.103878 5.029449 -0.8775601 2.957348 4.345319 -0.6629548 3.574368 4.182462 -1.071506 3.392132 4.345319 -0.4690089 3.139601 4.182462 -0.5030351 3.385071 4.15732 -1.036639 3.147034 4.370124 -0.8931584 3.541374 4.26389 -0.6473508 2.990341 4.26389 -0.1539101 3.801447 5.713579 -0.5624528 3.619205 5.876437 0.04003286 3.366669 5.71358 0.005726337 3.612013 5.68855 -0.5278745 3.373981 5.901354 -0.3841109 3.768454 5.795009 -0.1383118 3.217415 5.795009 -0.3685155 3.184427 5.876437 0.1405291 3.411495 7.407556 0.3551345 4.028526 7.244698 -0.05341386 3.846279 7.407556 0.5490775 3.593754 7.244698 0.5144992 3.838966 7.219781 -0.0191102 3.600929 7.432585 0.1249365 3.995527 7.326126 0.3707357 3.444489 7.326126 0.8641791 4.2556 8.775816 0.4556336 4.073353 8.938673 1.058128 3.820816 8.775815 1.023258 4.065908 8.751012 0.4896541 3.827877 8.963816 0.6339755 4.222607 8.857245 0.8797774 3.671574 8.857245 0.6495795 3.638575 8.938673 0.9915605 4.312414 9.158947 0.5830121 4.130173 9.321804 1.185503 3.877636 9.158946 1.150565 4.122694 9.134169 0.6516566 3.900146 9.450667 0.7613568 4.279421 9.240376 1.007159 3.728394 9.240376 0.7769609 3.695394 9.321805 0.5223127 3.581806 8.555893 0.7369208 4.198826 8.393037 0.3283753 4.016579 8.555893 0.930861 3.764053 8.393037 0.8960681 4.009174 8.368205 0.3971572 3.786621 8.684702 0.5067144 4.165832 8.474465 0.752522 3.614799 8.474466 0.4824042 4.085289 7.627478 0.07384729 3.903042 7.790335 0.6763415 3.650516 7.627477 0.6416831 3.895695 7.602588 0.142775 3.673153 7.919085 0.2521892 4.052296 7.708906 0.497994 3.501263 7.708905 0.2677903 3.468264 7.790335 0.01327371 3.354732 7.024775 0.227879 3.971752 6.861918 -0.1806721 3.789511 7.024775 0.4218164 3.536974 6.861918 0.3873038 3.782221 6.836973 -0.1116042 3.559673 7.153471 -0.002330303 3.938759 6.943346 0.2434773 3.387726 6.943346 -0.02664899 3.858215 6.096359 -0.4351974 3.675974 6.259216 0.1672968 3.423443 6.096359 0.1329245 3.668747 6.071358 -0.3659921 3.446199 6.387856 -0.2568526 3.825216 6.177788 -0.0110507 3.274189 6.177788 -0.2412543 3.241196 6.259216 -0.4957795 3.127659 5.493657 -0.2811656 3.744678 5.3308 -0.6897225 3.562437 5.493658 -0.08722829 3.309906 5.3308 -0.1214604 3.555279 5.305742 -0.6203771 3.332726 5.622241 -0.511375 3.711685 5.412229 -0.2655702 3.160652 5.412229 -0.5356937 3.631142 4.565241 -0.944242 3.448894 4.728099 -0.3417506 3.196363 4.565241 -0.3758426 3.441799 4.540127 -0.8747535 3.219246 4.856625 -0.765903 3.598154 4.646669 -0.5200954 3.047121 4.64667 -0.7502961 3.014122 4.728098 -1.008675 2.898869 3.95095 -0.7940698 3.515888 3.788093 -1.202618 3.333641 3.95095 -0.6001296 3.08111 3.788093 -0.6340757 3.326609 3.762923 -1.167676 3.088589 3.975727 -1.024276 3.482895 3.869522 -0.7784715 2.931862 3.869522 2.185288 -1.954393 0.04924148 2.189285 0.2751846 6.173717 2.18449 -2.401749 0.2120984 2.188481 -0.1721706 6.336574 2.661362 -1.955246 0.0492416 2.665359 0.2743321 6.173716 2.660558 -2.402595 0.2120985 2.664552 -0.1730232 6.336573 2.427442 0.3426018 6.148968 2.422407 -2.470024 0.2368472 2.426392 -0.2416763 6.361772 2.423454 -1.885735 0.02404278 2.728608 0.0505371 6.255145 2.121244 -2.177954 0.1306703 2.724611 -2.179035 0.1306702 2.125235 0.05161857 6.255145 2.426921 0.05107498 6.255145 2.422924 -2.178492 0.13067 2.187282 -0.8396072 3.111479 2.662558 -1.287815 3.274336 2.186481 -1.286957 3.274336 2.663359 -0.8404541 3.111479 2.425448 -0.7715607 3.086505 2.424398 -1.35585 3.299309 2.123235 -1.063168 3.192907 2.726611 -1.064243 3.192907 2.188283 -0.2822113 4.642597 2.187482 -0.7295666 4.805455 2.664361 -0.2830696 4.642598 2.426446 -0.2144851 4.617736 2.425399 -0.7987633 4.83054 2.124237 -0.5057716 4.724026 2.727606 -0.5068588 4.724026 2.663557 -0.7304192 4.805454 2.661557 -1.845205 1.743217 2.186289 -1.396997 1.58036 2.185482 -1.844353 1.743217 2.662361 -1.39785 1.58036 2.424444 -1.328653 1.555275 2.423402 -1.912937 1.768078 2.12224 -1.620563 1.661789 2.725609 -1.621639 1.661789 2.661062 -2.123898 0.9776574 2.185786 -1.67569 0.8148013 2.18499 -2.123051 0.9776578 2.66186 -1.676548 0.8148009 2.423949 -1.607197 0.7896589 2.422902 -2.191475 1.002463 2.121739 -1.899261 0.8962296 2.725103 -1.900337 0.8962296 2.186784 -1.118305 2.34592 2.185986 -1.565655 2.508776 2.662856 -1.119152 2.34592 2.424944 -1.05011 2.32089 2.4239 -1.634388 2.533694 2.122737 -1.341866 2.427348 2.726104 -1.342941 2.427348 2.662057 -1.566513 2.508776 2.663059 -1.009117 4.039895 2.187783 -0.5609093 3.877038 2.186985 -1.008265 4.039896 2.663857 -0.5617561 3.877038 2.425943 -0.4930229 3.852121 2.424896 -1.077312 4.064925 2.123739 -0.7844696 3.958467 2.727106 -0.7855454 3.958467 2.188784 -0.003513336 5.408157 2.187986 -0.4508686 5.571014 2.664861 -0.004365921 5.408157 2.426941 0.06406402 5.383352 2.425894 -0.5202255 5.596156 2.124737 -0.2270793 5.489585 2.728104 -0.2281608 5.489585 2.664057 -0.4517212 5.571013 2.189036 0.1359672 5.791287 2.188235 -0.311388 5.954145 2.665104 0.1351089 5.791288 2.427196 0.2034645 5.766511 2.426215 -0.3428364 6.083008 2.124986 -0.0875988 5.872716 2.728359 -0.08868026 5.872716 2.664306 -0.3122406 5.954144 2.663808 -0.5910702 5.188234 2.188538 -0.1428623 5.025377 2.187734 -0.5902176 5.188234 2.664607 -0.1437149 5.025377 2.426692 -0.07521057 5.000545 2.425714 -0.6215057 5.317042 2.124483 -0.3664284 5.106805 2.727855 -0.3675041 5.106805 2.18804 -0.421566 4.259818 2.187233 -0.8689098 4.422675 2.664106 -0.4224186 4.259818 2.426195 -0.3537483 4.234929 2.425213 -0.9000435 4.551426 2.123985 -0.6451264 4.341246 2.727355 -0.6462078 4.341246 2.663305 -0.8697624 4.422675 2.66281 -1.14846 3.657115 2.187537 -0.7002583 3.494258 2.186736 -1.147602 3.657115 2.663608 -0.7011108 3.494259 2.425694 -0.6322861 3.469313 2.424715 -1.178593 3.785811 2.123484 -0.9238243 3.575687 2.726857 -0.9249001 3.575687 2.187039 -0.9789505 2.7287 2.186235 -1.426311 2.891556 2.663107 -0.9798088 2.728699 2.425202 -0.9108353 2.703698 2.424218 -1.457142 3.020195 2.122989 -1.202517 2.810128 2.726359 -1.203598 2.810127 2.662306 -1.427158 2.891556 2.661811 -1.705856 2.125997 2.186535 -1.25766 1.96314 2.185737 -1.705009 2.125997 2.66261 -1.258507 1.96314 2.424698 -1.189373 1.938082 2.42372 -1.73568 2.25458 2.122488 -1.481209 2.044569 2.725855 -1.482296 2.044569 2.18604 -1.536346 1.197581 2.185234 -1.983707 1.360438 2.662109 -1.537199 1.197581 2.424198 -1.467922 1.172467 2.423222 -2.014229 1.488964 2.121988 -1.759907 1.279009 2.72536 -1.760988 1.279009 2.661308 -1.984554 1.360438 2.660801 -2.267475 0.5832895 2.185531 -1.819267 0.4204329 2.184727 -2.266623 0.5832895 2.6616 -1.820114 0.4204322 2.423691 -1.750683 0.3952615 2.422644 -2.334972 0.6080655 2.121487 -2.042828 0.5018613 2.724851 -2.043915 0.5018607</float_array>
          <technique_common>
            <accessor source="#Esfera_7784-mesh-positions-array" count="3687" stride="3">
              <param name="X" type="float"/>
              <param name="Y" type="float"/>
              <param name="Z" type="float"/>
            </accessor>
          </technique_common>
        </source>
        <source id="Esfera_7784-mesh-normals">
          <float_array id="Esfera_7784-mesh-normals-array" count="21360">-0.8748084 -0.484469 6.95317e-5 -0.8748121 -0.4844626 7.07813e-5 -0.8748123 -0.484462 7.09126e-5 -7.94609e-5 1 6.93671e-5 -7.94609e-5 1 6.94665e-5 -7.94609e-5 1 6.93564e-5 0.8538933 -0.5204483 -1.37838e-4 0.8538892 -0.5204548 -1.36924e-4 0.8538889 -0.5204555 -1.36825e-4 -2.55201e-4 -1.34692e-5 -1 2.56086e-4 1.45384e-5 1 -0.696183 0.7178632 -0.001319885 -0.290391 0.9569081 3.48883e-4 -0.2923222 0.9563153 0.002980768 -3.91078e-4 1.03958e-5 -1 -3.91796e-4 1.08812e-5 -1 -3.90945e-4 1.05104e-5 -1 -0.9996659 0.02496206 0.006715834 -0.6963246 0.717727 2.85621e-4 -3.92096e-4 1.0511e-5 -1 -3.90094e-4 1.0554e-5 -1 -3.91091e-4 1.00703e-5 -1 -3.91373e-4 9.93314e-6 -1 -3.91048e-4 1.02075e-5 -1 -3.90181e-4 1.0491e-5 -1 0.3405682 0.9402199 1.00979e-4 0.3413275 0.939944 -9.51959e-4 0.343228 0.9392454 -0.00359106 0.964876 0.2626873 0.003107845 0.9659775 0.2586155 -0.002356767 0.9995824 -0.02828449 0.005939126 0.9995242 -0.02860343 0.01154524 0.6985756 -0.7155343 0.001664161 0.6974504 -0.7166283 0.002628266 3.90362e-4 -1.03642e-5 1 3.90245e-4 -1.04826e-5 1 3.91459e-4 -1.05048e-5 1 3.90374e-4 -1.05941e-5 1 3.91846e-4 -1.05085e-5 1 3.92812e-4 -1.01553e-5 1 3.91288e-4 -1.0508e-5 1 3.9229e-4 -1.08979e-5 1 3.92456e-4 -1.05168e-5 1 -0.3406803 -0.9401618 0.005729734 -0.3371292 -0.9414581 8.12463e-4 -0.3396696 -0.9405349 0.00432831 -0.9635642 -0.2674328 0.004877805 -0.9624774 -0.271362 -3.62329e-4 -0.9996048 0.02527165 0.01231652 0.2860981 -0.958158 0.009017944 0.2887002 -0.9574039 0.005481958 -0.3432085 -0.9392138 0.009241759 0.3386612 0.9409044 0.002741634 -0.6961795 0.7178665 -0.001318991 -0.2903843 0.9569101 3.50897e-4 -0.2923153 0.9563174 0.002983033 -3.91071e-4 1.06506e-5 -1 -3.90852e-4 1.13096e-5 -1 -3.91613e-4 1.09541e-5 -1 -0.9996659 0.02496045 0.006722629 -0.6963226 0.717729 2.8903e-4 -3.91e-4 1.04971e-5 -1 -3.9138e-4 1.05027e-5 -1 -3.91767e-4 1.09494e-5 -1 -3.9205e-4 1.01586e-5 -1 -3.90026e-4 1.06372e-5 -1 -3.89904e-4 1.01992e-5 -1 0.3405649 0.940221 1.02734e-4 0.3413235 0.9399454 -9.49509e-4 0.3432222 0.9392474 -0.003586828 0.9648762 0.2626869 0.003099441 0.9659771 0.258617 -0.002362191 0.9995822 -0.02828824 0.005928099 0.9995246 -0.02859795 0.01152718 0.6985726 -0.7155372 0.001666128 0.6974454 -0.7166332 0.002628684 3.89613e-4 -1.02844e-5 1 3.90247e-4 -9.88967e-6 1 3.91461e-4 -1.03621e-5 1 3.90036e-4 -1.00906e-5 1 3.90627e-4 -1.05006e-5 1 3.92674e-4 -1.06143e-5 1 3.91423e-4 -1.05158e-5 1 3.93504e-4 -1.04695e-5 1 3.9355e-4 -1.05435e-5 1 -0.3406787 -0.9401624 0.005721092 -0.3371257 -0.9414593 8.00045e-4 -0.3396674 -0.9405358 0.004318654 -0.9635632 -0.2674366 0.004884839 -0.9624767 -0.2713642 -3.54673e-4 -0.9996048 0.02526438 0.0123254 0.2861047 -0.9581561 0.009008109 0.2887011 -0.9574037 0.005479693 -0.3432083 -0.9392139 0.009235858 0.3386598 0.9409049 0.002741634 -0.696187 0.7178593 -0.001306235 -0.290381 0.9569111 3.58127e-4 -0.2923136 0.9563179 0.002992987 -3.91217e-4 1.0578e-5 -1 -3.91923e-4 1.08801e-5 -1 -3.9054e-4 1.09373e-5 -1 -0.999666 0.0249598 0.006715536 -0.6963205 0.717731 2.92748e-4 -3.92641e-4 1.05222e-5 -1 -3.90481e-4 1.10589e-5 -1 -3.91227e-4 1.00724e-5 -1 -3.91512e-4 1.01628e-5 -1 -3.90928e-4 1.02079e-5 -1 -3.90455e-4 1.07814e-5 -1 0.340575 0.9402174 1.07145e-4 0.3413341 0.9399416 -9.46022e-4 0.343234 0.9392432 -0.003585636 0.9648756 0.262689 0.003106236 0.965977 0.2586174 -0.002358019 0.9995824 -0.02828431 0.00593549 0.9995244 -0.02859961 0.01154053 0.6985754 -0.7155346 0.001659274 0.6974536 -0.7166252 0.002621412 3.89424e-4 -1.02833e-5 1 3.90247e-4 -1.04698e-5 1 3.91088e-4 -1.05047e-5 1 3.89679e-4 -1.06464e-5 1 3.90898e-4 -1.05006e-5 1 3.92947e-4 -1.06157e-5 1 3.90753e-4 -1.05011e-5 1 3.92289e-4 -1.04713e-5 1 3.92453e-4 -1.05464e-5 1 -0.3406857 -0.9401598 0.005727529 -0.3371296 -0.9414579 8.02411e-4 -0.3396735 -0.9405335 0.004323899 -0.9635645 -0.2674321 0.004872441 -0.9624775 -0.2713618 -3.68708e-4 -0.9996048 0.02527308 0.01231223 0.2860986 -0.9581578 0.009015142 0.2887021 -0.9574034 0.00547713 -0.3432176 -0.9392104 0.009245157 0.3386687 0.9409017 0.00274837 -0.6961816 0.7178646 -0.001320719 -0.2903869 0.9569094 3.46387e-4 -0.292316 0.9563171 0.002975285 -3.91344e-4 1.0545e-5 -1 -3.92073e-4 1.08811e-5 -1 -3.92012e-4 1.05102e-5 -1 -0.9996659 0.0249632 0.00671482 -0.6963244 0.7177273 2.871e-4 -3.91278e-4 1.08047e-5 -1 -3.90815e-4 1.07797e-5 -1 -3.91091e-4 1.00704e-5 -1 -3.91917e-4 1.02171e-5 -1 -3.90591e-4 1.02892e-5 -1 -3.91001e-4 1.07945e-5 -1 0.340576 0.9402171 1.05957e-4 0.3413314 0.9399425 -9.41651e-4 0.3432219 0.9392477 -0.003567337 0.9648761 0.2626871 0.003104448 0.9659762 0.2586202 -0.002353787 0.9995822 -0.02828812 0.00592935 0.9995245 -0.02860015 0.01152718 0.6985751 -0.7155348 0.001664638 0.6974523 -0.7166265 0.002623558 3.90327e-4 -1.08022e-5 1 3.89148e-4 -1.07544e-5 1 3.91043e-4 -1.05739e-5 1 3.89328e-4 -1.04202e-5 1 3.91575e-4 -1.05095e-5 1 3.91988e-4 -1.03861e-5 1 3.91551e-4 -1.05009e-5 1 3.92559e-4 -1.06843e-5 1 3.91899e-4 -1.05313e-5 1 -0.3406875 -0.9401592 0.005722284 -0.3371304 -0.9414577 7.95841e-4 -0.3396751 -0.9405329 0.004318296 -0.9635642 -0.2674329 0.00487411 -0.9624773 -0.2713624 -3.67007e-4 -0.9996049 0.02526938 0.01231658 0.286104 -0.9581562 0.009018599 0.2887062 -0.9574021 0.005482673 -0.3432201 -0.9392096 0.009240865 0.3386791 0.940898 0.00273323 -0.6961783 0.7178677 -0.001328825 -0.2903804 0.9569113 3.46392e-4 -0.2923156 0.9563173 0.002983689 -3.91311e-4 1.05793e-5 -1 -3.91801e-4 1.10942e-5 -1 -3.92015e-4 1.05104e-5 -1 -0.999666 0.02496135 0.006711363 -0.6963196 0.7177318 2.75945e-4 -3.91275e-4 1.07913e-5 -1 -3.90939e-4 1.10029e-5 -1 -3.90957e-4 1.0502e-5 -1 -3.91508e-4 1.02162e-5 -1 -3.91016e-4 9.98792e-6 -1 -3.91002e-4 1.05091e-5 -1 0.3405669 0.9402203 1.02287e-4 0.3413252 0.9399449 -9.49447e-4 0.3432232 0.9392471 -0.003585577 0.9648752 0.2626903 0.003101944 0.9659768 0.2586181 -0.002362251 0.9995824 -0.02828246 0.005933225 0.9995245 -0.02859604 0.01153606 0.6985751 -0.7155349 0.001666724 0.697447 -0.7166316 0.002631247 3.90238e-4 -1.05825e-5 1 3.90242e-4 -1.01817e-5 1 3.91323e-4 -1.04345e-5 1 3.90492e-4 -1.00916e-5 1 3.91707e-4 -1.05094e-5 1 3.92674e-4 -1.03855e-5 1 3.90886e-4 -1.05178e-5 1 3.91878e-4 -1.06841e-5 1 3.92452e-4 -1.05298e-5 1 -0.3406803 -0.9401618 0.00572139 -0.3371301 -0.9414578 8.05423e-4 -0.3396698 -0.9405349 0.004320383 -0.9635643 -0.2674324 0.004876017 -0.9624783 -0.2713587 -3.60628e-4 -0.9996051 0.02526485 0.01231235 0.2861015 -0.9581571 0.00901103 0.2886988 -0.9574044 0.005481421 -0.3432079 -0.9392142 0.009232461 0.3386625 0.940904 0.002739965 -0.9490232 -0.08709067 0.3029361 -0.5043382 0.768682 0.3934096 -0.9481232 -0.08427929 0.306528 1.66352e-6 -0.9618015 -0.2737482 7.40012e-6 -0.9618026 -0.2737444 1.01663e-5 -0.9618016 -0.2737476 -0.2884971 -0.2566892 0.9224317 -0.2900877 -0.2586383 0.9213879 -0.2941196 -0.2635821 0.9187046 -0.5564391 0.7291564 0.3983798 -3.42274e-6 -0.9618018 -0.2737472 6.12969e-6 -0.961801 -0.2737497 0.5064377 -0.767608 -0.392809 -5.67072e-6 -0.9618002 -0.2737523 0.552115 -0.7312295 -0.4005901 0 -0.9618019 -0.2737464 -0.9490237 0.08650255 -0.3031027 -0.9487692 0.08570224 -0.3041251 -0.948124 0.08369553 -0.3066854 -0.2884969 0.2654511 -0.9199485 -0.2844566 0.2605282 -0.9226102 -0.2900865 0.2673891 -0.9188868 -0.2941032 0.272289 -0.9161671 0.2932031 0.2679286 -0.9177399 0.2878357 0.2614448 -0.921302 0.2917432 0.2661644 -0.9187179 -2.37051e-6 0.961799 0.2737571 -3.38361e-6 0.9617996 0.2737545 0 0.9618015 0.2737479 -9.76581e-7 0.9618 0.2737532 0.2970832 0.2726203 -0.9151065 0 0.961801 0.2737497 -2.43923e-6 0.9618031 0.2737423 3.33161e-6 0.9618024 0.273745 0.9489693 -0.08092373 0.3048094 0.9501699 -0.08467155 0.3000133 0.9493151 -0.08199214 0.3034437 0.2932044 -0.2573778 0.920754 0.2917399 -0.2556084 0.9217116 0.2970991 -0.2620865 0.9181737 0.287818 -0.2508729 0.9242422 -0.2844418 -0.2517232 0.9250559 0.9489758 0.09035718 -0.3021269 0.9501332 0.09412443 -0.2973006 0.9480894 -0.07824492 0.3082279 -0.9496548 0.08850914 -0.3005362 -0.9755017 0.2189827 -0.02105438 -0.9837414 -0.1795447 -0.004096508 -0.9747193 0.2227981 -0.01683282 -0.006604015 0.02923685 0.9995507 -0.006849706 0.02861028 0.9995672 -0.006820917 0.02857714 0.9995684 0.6940922 -0.7192586 0.03005355 0.3867274 -0.8676356 -0.3124907 0.6898914 -0.7196369 0.07856601 -0.008224308 0.02534615 0.9996449 -0.0068506 0.02856397 0.9995686 0.3849204 -0.922365 0.03285354 -0.0177918 -0.9789454 -0.2033452 0.006810724 -0.02855134 -0.9995691 0.006598711 -0.02924078 -0.9995507 0.006779134 -0.02851051 -0.9995706 0.006841599 -0.02856862 -0.9995685 0.008222818 -0.02533507 -0.9996453 -0.4782134 0.7162201 -0.5082723 -0.4117928 0.7455074 -0.5240663 -0.04257988 0.9006857 -0.4323799 0.008407652 -0.02614951 -0.9996228 0.008182764 -0.02494072 -0.9996556 0.4750006 0.8214153 -0.3156762 -0.008409857 0.02615618 0.9996225 -0.008182168 0.0249536 0.9996551 -0.007651925 0.02693623 0.9996079 -0.008357107 0.02614903 0.9996231 -0.2392953 0.8486356 0.4717577 0.09080475 0.9544088 0.2843561 0.09484225 0.9601833 0.2627797 -0.7163897 0.6971974 -0.02648806 -0.2427664 0.8470034 0.4729163 -0.00768423 0.02807378 0.9995763 -0.007637262 0.02714514 0.9996024 0.2025755 -0.7283022 0.6546291 -0.01337331 -0.8471147 0.5312418 -0.01570296 -0.8560177 0.5167081 0.6226757 -0.6103339 0.4896609 0.2047585 -0.7267518 0.6556721 -0.006811082 0.02710938 0.9996093 -0.007611453 0.02813595 0.9995751 0.7134125 -0.6821222 -0.160474 0.7116267 -0.5492936 0.4380227 0.007639884 -0.02716535 -0.9996018 0.007686913 -0.02808874 -0.9995759 0.007654964 -0.0269522 -0.9996075 0.00761336 -0.02814972 -0.9995747 0.006813704 -0.02710896 -0.9996093 0.504526 -0.7977967 -0.330112 0.7392031 -0.6532569 -0.1638117 0.006788551 -0.02674704 -0.9996193 0.007987499 -0.02498757 -0.9996559 -0.6763977 0.7360631 -0.02640509 -0.3921229 0.7506512 -0.5317541 -0.687017 0.6275264 -0.3663582 -0.7226116 0.6525615 0.2280264 0.4897212 0.7735655 -0.4022059 0.008572638 -0.02472168 -0.9996576 0.01293718 -0.0199936 -0.9997164 0.9998662 0.006358325 0.01507347 0.999662 -6.96297e-4 0.02599203 0.9997599 0.01613819 0.01482641 -0.01295119 0.01998203 0.9997165 -0.008570969 0.02471774 0.9996578 -0.007986068 0.02498525 0.999656 -0.3005661 -0.9004824 -0.3143112 -0.006784319 0.02674716 0.9996193 0.008354604 -0.02614033 -0.9996235 -0.544426 -0.8282791 -0.132492 -0.5471312 -0.8214839 0.1606605 -0.3080808 -0.8873412 0.3430919 0.9999887 -0.001441657 0.004522562 0.9998666 -0.01194709 0.01114708 0.4793886 0.7900519 0.3821055 -0.6916769 0.6478368 0.3192031 -0.7190235 0.6369892 -0.2779388 -0.3995579 0.7772884 0.4859796 0.4998002 -0.7790769 0.3784691 0.7106101 -0.6716219 0.2096604 0.7371705 -0.6416416 0.2118392 0.7177367 -0.5745086 -0.3934386 0.6313014 -0.6371909 -0.4420932 0.2143533 -0.7623579 -0.6106252 0.212315 -0.7634687 -0.6099491 -0.005229115 -0.8719501 -0.489567 -0.007684409 -0.8797285 -0.4754144 -0.2358908 0.8193203 -0.5225608 -0.2324204 0.8214005 -0.5208474 0.0956487 0.9404779 -0.3261177 0.09949803 0.9475551 -0.3037099 0.5175859 0.8117361 0.2705355 0.5280607 0.8251183 0.2008276 0.5185841 0.8130415 0.2646395 -0.04838693 0.9214011 0.3855891 -0.4200308 0.7773584 0.4682821 -0.4854277 0.7480448 0.4525362 -0.9747551 0.2231237 -0.008265793 -0.02024394 -0.967676 0.2513831 0.3826966 -0.8440175 0.3757363 0.690849 -0.7227684 -0.01826608 -0.9844779 -0.1754791 -0.003232479 -0.007497251 0.02657687 0.9996188 -0.007514655 0.0266242 0.9996173 -0.007514774 0.02662461 0.9996173 -0.8623113 0.5059877 -0.01989769 -0.2517071 0.9674057 -0.02774477 -0.8622629 0.5060722 -0.019845 0.007487177 -0.02658444 -0.9996185 0.007488369 -0.02658319 -0.9996186 0.007487177 -0.02658444 -0.9996186 0.8622843 -0.5060329 0.01991212 0.2517026 -0.9674111 0.02759999 0.2517027 -0.9674111 0.02759933 -0.9677743 -0.251819 -4.98583e-4 0.9677819 0.2517894 5.32519e-4 0.862289 -0.5060246 0.01992601 -0.6261621 -0.5974407 -0.5009847 -0.6287383 -0.5939873 -0.5018638 -0.6261224 -0.5974522 -0.5010207 -0.3462932 -0.3633722 0.864894 -0.3461406 -0.3639618 0.8647072 -0.3461042 -0.3639746 0.8647164 0.9348673 -0.2407132 0.2609224 0.896367 -0.3953492 -0.2005625 0.9082742 -0.2871415 0.3042825 -0.3454143 -0.3674301 0.86353 -0.3460885 -0.3640244 0.8647017 0.80812 -0.5835493 0.080078 0.3717567 -0.8248916 -0.425853 0.3460028 0.3639928 -0.8647493 0.3463179 0.3633581 -0.86489 0.345947 0.3640105 -0.8647643 0.3461145 0.3640077 -0.8646983 0.3454249 0.367401 -0.8635382 -0.8540813 0.5033401 -0.1311253 -0.915902 0.07573527 -0.3941926 -0.9409323 0.07180052 -0.3308945 -0.4053229 0.8906421 0.2060827 -0.585766 0.5806438 -0.5654478 0.3451647 0.3674798 -0.8636087 0.3457612 0.3666899 -0.8637058 -0.3338923 0.9109709 0.2421734 -0.2015056 0.9781015 -0.05208706 -0.3457453 -0.3667337 0.8636936 -0.3451516 -0.3675097 0.8636012 -0.3458153 -0.3656687 0.864117 -0.3457911 -0.3665835 0.8637391 -0.8273371 0.3870721 0.4070488 -0.3862233 0.7827809 0.4879402 -0.9381176 0.2144007 -0.27197 -0.8293557 0.3837023 0.4061303 -0.3464094 -0.3648896 0.8642085 -0.3459271 -0.365484 0.8641504 0.3637165 -0.9029981 -0.2287024 0.3521663 -0.7528579 0.5560431 0.09674298 -0.9906136 0.09656852 0.3541599 -0.7514355 0.5567006 0.6862413 -0.3063371 0.65972 -0.3451197 -0.3653072 0.8645479 -0.3465964 -0.3648444 0.8641526 0.9335082 -0.2461829 0.2606844 0.9822481 -0.1004901 0.1584001 0.3459427 0.3654667 -0.8641514 0.3463971 0.3648934 -0.8642117 0.3458356 0.3656458 -0.8641186 0.3451241 0.365301 -0.8645488 0.3465793 0.3648493 -0.8641574 0.9392369 -0.2046163 0.2756201 0.7324798 -0.5631785 -0.3824963 0.3449261 0.3674088 -0.8637342 0.3450578 0.3649536 -0.864722 -0.5517229 0.6351123 -0.540587 -0.738666 0.3521562 -0.5747683 -0.927326 0.2876456 -0.2394298 -0.9918805 0.08283025 -0.09650105 -0.120567 0.9334357 0.3378776 0.02913391 0.9994199 0.01763862 -0.5079432 0.763804 0.3982425 0.3452076 0.3678886 -0.8634175 0.3457078 0.373629 -0.8607482 0.7330984 0.4491125 0.5107492 0.7335529 0.4667927 0.4939683 0.7337378 0.4669318 0.493562 -0.3456861 -0.3737869 0.8606885 -0.3451815 -0.3679119 0.8634181 -0.3449026 -0.3674277 0.8637355 0.657696 -0.7511441 -0.05673235 0.2528823 -0.9318893 -0.2600632 -0.3450552 -0.3649533 0.8647231 0.3458069 0.3665398 -0.8637513 0.3364142 -0.9106006 -0.240067 0.2370689 -0.9630304 -0.1279482 0.4507899 -0.8620766 0.2315434 0.2786574 -0.9214611 -0.2706651 0.7427728 0.4588707 0.487572 0.7466813 0.447876 0.491807 -0.1148649 0.9173126 0.3812398 -0.6310703 0.5359329 0.5608264 -0.9966692 0.07617688 0.02911412 -0.8130962 0.2734999 -0.5138797 0.8511813 -0.2450335 0.4641647 0.9972401 0.02295297 -0.07060652 0.8034046 -0.2763776 -0.5274054 0.8023235 -0.2784602 -0.5279554 0.4090203 -0.6582438 -0.6319949 -0.469932 0.7656682 -0.4392222 -0.4669827 0.7678782 -0.4385092 -0.2033556 0.9768176 0.06688725 -0.4573296 0.707785 0.5384143 -0.9452432 0.2003402 0.2576414 -0.9404813 0.1015323 -0.324324 0.6343639 -0.6715579 0.382874 0.9373894 -0.2233968 0.2671989 -0.6275282 -0.5929259 -0.504626 -0.6291324 -0.5895854 -0.5065389 -0.3455254 -0.3658514 0.8641557 -0.3454096 -0.3659371 0.8641657 -0.3454086 -0.3659378 0.8641657 -0.7440408 0.6679773 -0.01447975 -0.7439711 0.6680511 -0.01465857 -0.7439696 0.6680526 -0.0146622 0.3454952 0.3658948 -0.8641494 0.3455747 0.3657901 -0.8641619 0.3454946 0.3658956 -0.8641493 0.7440173 -0.6680023 0.01453644 0.7439957 -0.6680258 0.01456397 0.7440177 -0.6680019 0.0145359 -0.5719857 -0.6479652 -0.5029648 -0.5719765 -0.6479805 -0.5029556 -0.5719902 -0.6479578 -0.5029693 0.5720615 0.6478423 0.5030369 0.572093 0.6478105 0.5030419 0.5721082 0.6477952 0.5030444 0.4158931 -0.9094136 1.69909e-4 0.4199412 -0.9075422 -0.004085898 0.4200396 -0.907496 -0.004222095 -0.02565747 -0.01409435 0.9995715 -0.0260064 -0.01380449 0.9995665 -0.02598226 -0.01377201 0.9995676 0.5242233 0.8479425 0.07863551 -0.02253484 -0.01381683 0.9996507 -0.02600562 -0.01424449 0.9995604 0.9869767 -0.01864111 -0.15978 0.9263799 0.2220897 -0.3041325 0.9224931 0.2182916 -0.3183636 0.02595645 0.01374137 -0.9995687 0.02565145 0.01409453 -0.9995717 0.02592742 0.01370161 -0.99957 0.02251791 0.01381379 -0.9996511 0.02600079 0.0142467 -0.9995604 -0.365596 -0.9299559 -0.0390098 -0.9991095 -0.03571283 -0.02247393 -0.8142284 -0.2511019 -0.5234311 -0.8087944 -0.2472334 -0.5335985 0.02315282 0.01456373 -0.9996259 0.02223163 0.01378166 -0.9996579 -0.9995849 0.02144122 -0.01924514 -0.9338429 0.0444343 -0.3549129 -0.02224898 -0.01378989 0.9996574 -0.02315449 -0.01456362 0.9996259 -0.02331703 -0.01454281 0.9996224 -0.02423268 -0.01410168 0.999607 -0.8855292 -0.14276 0.442106 -0.969401 0.05712234 0.2387446 -0.5989801 -0.6678776 0.4417718 -0.6199143 -0.7349592 0.2748479 -0.5949379 -0.6578436 0.4618343 0.3991466 0.2164937 0.8909616 -0.02520561 -0.01441061 0.9995785 0.8753688 -0.01569551 0.4832009 0.8938836 -0.1188879 0.4322476 0.6628327 0.363119 0.6548263 0.2268882 0.2359557 0.9449056 -0.02428716 -0.01341211 0.9996151 0.1286633 0.9236859 0.3609023 0.02521675 0.01442265 -0.9995781 0.02438247 0.01426047 -0.999601 0.02424228 0.01410019 -0.9996067 0.0242843 0.01341652 -0.9996151 0.0252453 0.01460683 -0.9995746 0.6625131 0.6721953 -0.3304994 0.6691942 0.7139174 -0.2061581 0.669195 0.7193685 -0.186245 0.02221882 0.01462095 -0.9996463 0.0241602 0.01356738 -0.9996162 -0.638546 -0.5558912 -0.5322067 -0.6655218 -0.5996667 -0.4443882 -0.6686087 -0.6050533 -0.4322881 -0.2680554 -0.9434755 0.1949369 -0.7064552 0.7077512 0.003049612 -0.8825783 0.279735 -0.3778941 -0.8715068 0.2806816 -0.4021117 0.01596653 0.01614785 -0.9997422 0.02191495 0.01355415 -0.999668 -0.2492389 0.9680892 0.02613931 -0.2654731 0.9640038 0.01485848 -0.02191692 -0.01354795 0.9996681 -0.01594984 -0.01615124 0.9997423 -0.02221941 -0.0146172 0.9996463 0.9954144 -0.08025193 0.05205637 0.9538663 -0.1135963 -0.277912 0.9454267 -0.1158478 -0.304545 -0.02416431 -0.0135644 0.999616 0.02331763 0.01454287 -0.9996224 0.9846813 -0.0559436 -0.1651458 0.9105083 -0.1058684 -0.3997082 0.9794542 -0.02112954 0.2005569 0.9772698 -0.05958372 0.2034538 0.9443703 -0.1233019 0.3048961 0.9965766 -0.07899564 -0.02439349 0.9350417 -0.1264185 0.3312331 -0.2485721 0.9686032 0.004463613 -0.7086402 0.7055304 0.007488191 -0.8950567 0.2664542 0.3575973 -0.8848719 0.2665502 0.3820379 -0.2572287 -0.9368165 -0.237083 -0.6867609 -0.6124491 0.3914915 -0.6629669 -0.5691629 0.4863421 -0.689361 -0.6177343 0.378399 0.6572306 0.7070806 0.2609311 0.6449666 0.6635618 0.3790829 0.6582009 0.7128837 0.2420094 0.1463623 0.9339342 -0.3261061 0.6215221 0.6142356 -0.4862355 0.6946305 0.3815786 -0.6098248 0.695178 0.3788853 -0.6108792 0.89454 -0.003202319 -0.4469766 -0.6038873 -0.7253776 -0.3303749 -0.5751657 -0.6550388 -0.4900089 -0.5702636 -0.6447063 -0.5090712 -0.8629351 -0.1296125 -0.4884094 -0.9597203 0.06482869 -0.2733756 -0.9478818 0.03547441 0.3166416 -0.8430847 -0.2662326 0.4672562 -0.8388512 -0.2631282 0.4765423 -0.3662768 -0.9303946 -0.01439636 0.906502 0.2130714 0.3644928 0.9011341 0.208294 0.380225 0.5269829 0.8496776 -0.01835882 0.4162703 -0.9092348 -0.003360211 0.4131091 -0.9106807 -0.001359701 -0.02378749 -0.01390963 0.9996204 -0.02386659 -0.01388525 0.9996188 -0.0237869 -0.01390981 0.9996204 -0.9613874 0.2745261 -0.01922726 -0.873715 -0.4856576 -0.02755165 -0.8737152 -0.485657 -0.02755057 0.02378433 0.0138868 -0.9996207 0.02383005 0.01390808 -0.9996194 0.02383047 0.01390826 -0.9996193 0.9613536 -0.2746447 0.01922392 0.873711 0.4856644 0.02755337 0.9613884 -0.274524 0.01921015 0.4858931 -0.8740181 -4.23006e-4 0.4859002 -0.8740143 -4.46748e-4 -0.9614193 0.2744151 -0.01921778 -0.486077 0.873916 4.14761e-4 -0.4861184 0.873893 4.31177e-4 0.4691938 -0.7567968 -0.4550998 0.7323358 -0.4602252 -0.5018736 0.7350974 -0.4550926 -0.5025164 0.439382 -0.2441444 0.8644865 0.4389826 -0.2441028 0.8647012 0.4389866 -0.2440619 0.8647108 0.03339499 0.9596926 0.2790609 -0.1373555 0.9903198 0.02000498 0.05076563 0.9512676 0.3041592 0.4416517 -0.2421332 0.8638954 0.4391822 -0.2444597 0.864499 0.5213824 0.7960314 -0.3073993 0.471013 0.7862067 -0.4000322 0.4633225 0.7840654 -0.4130059 -0.4389804 0.2440198 -0.8647257 -0.4393747 0.244162 -0.8644853 -0.4389853 0.2439664 -0.8647384 -0.441671 0.2421267 -0.8638874 -0.4391732 0.2444828 -0.8644971 -0.003743469 -0.7547022 -0.656057 0.468019 -0.7532476 -0.4621434 -0.7230004 -0.6310589 -0.2811321 -0.7465445 -0.5618759 -0.3563241 -0.74875 -0.5534288 -0.3648151 -0.4415315 0.2430575 -0.8636974 -0.4418776 0.2419353 -0.8638355 -0.959408 -0.2736011 0.06840163 0.441858 -0.2419483 0.8638417 0.4415199 -0.2430654 0.863701 0.6380032 0.04897826 0.7684745 0.4405791 -0.2434823 0.8640639 -0.512021 -0.7565222 0.4068275 -0.4132756 -0.7305374 0.5436161 -0.5226442 -0.7581293 0.3899782 0.1136736 -0.9932153 -0.02453124 0.06753784 -0.9708454 0.2299954 0.07844638 -0.9665731 0.2440959 0.4398463 -0.2441936 0.8642366 0.6364778 0.03097468 0.7706729 0.7683412 0.5369746 0.3482961 0.4433585 0.6949999 0.5660464 0.4546712 0.6076548 0.6511758 0.4554374 0.598289 0.6592626 0.439916 -0.2429257 0.8645583 0.4397596 -0.244192 0.8642811 -0.1590022 0.7147768 0.6810377 -0.440572 0.2434926 -0.8640647 -0.4398493 0.2442129 -0.8642296 -0.4405717 0.2434952 -0.864064 -0.4397652 0.2442156 -0.8642715 -0.4399135 0.2429948 -0.8645402 -0.09261339 0.9915987 0.09030538 0.03209513 0.9882543 -0.1494104 -0.131921 0.9830298 0.1274728 -0.440126 0.2427046 -0.8645135 -0.4422139 0.2421481 -0.8636036 -0.4517759 -0.7586944 -0.4693414 -0.4639887 -0.6961394 -0.547818 -0.4499945 -0.765702 -0.4595712 0.3128439 -0.933736 -0.1739705 0.1508514 -0.9864709 -0.06417948 -0.8644607 0.144873 0.4813726 -0.9749521 -0.2217218 0.01754999 -0.977865 -0.2091577 -0.00577557 -0.4478182 0.2400905 -0.8612871 -0.442488 0.2425173 -0.8633596 -0.6204168 0.5989527 0.506299 -0.636088 0.5886157 0.4989225 0.4422182 -0.24213 0.8636065 0.4477085 -0.240154 0.8613264 0.4424901 -0.2425007 0.8633632 0.6393246 0.5350628 -0.5522425 0.4401333 -0.2426359 0.8645291 -0.4413941 0.2431384 -0.8637448 0.8047505 0.3346739 -0.4902758 0.9348928 0.2639194 -0.2373226 0.9241439 0.3820185 -0.004475772 -0.6300186 0.6043724 0.4876583 -0.8612289 0.1275132 0.4919605 -0.6265114 -0.3991093 0.6694738 0.1224579 -0.8278893 -0.5473606 -0.1267326 -0.8592173 -0.4956657 -0.07076406 -0.8619538 -0.5020241 -0.01507079 -0.943098 0.3321732 -0.08414119 -0.9634764 0.2542315 -0.09247827 -0.9652153 0.2445554 0.3443021 0.8164047 0.4636157 0.319728 0.8779368 0.3563721 0.3157413 0.8857049 0.3403445 -0.4506538 0.8857417 0.111234 -0.2373655 0.8409802 0.4862202 -0.4610818 0.8830502 0.08732718 -0.08599871 0.9078541 -0.4103721 -0.006882429 0.947368 -0.3200728 -0.09395116 0.9030336 -0.4191699 0.2401965 0.7444185 -0.6230142 0.3167176 0.7832859 -0.534933 0.3250544 0.7869293 -0.5244826 -0.3417793 -0.7439562 -0.5742092 -0.344833 -0.7322098 -0.5873322 -0.8233647 -0.5039999 -0.2608731 -0.8714791 -0.4903742 -0.00758928 -0.8888076 -0.4570303 0.03383165 -0.7149738 -0.368311 0.5942723 -0.7613518 -0.3571034 0.5411292 -0.7190751 -0.3674277 0.5898543 -0.3131176 -0.8068278 0.5009853 -0.3633258 -0.8277964 0.4274898 -0.3070777 -0.8039364 0.5093032 0.3312627 -0.9435364 0.002040684 0.4730368 -0.7581918 -0.4487554 0.762597 0.6215976 0.1790599 0.7200314 0.6883777 0.08769893 0.7677825 0.6112866 0.1919344 0.008401155 0.9752808 0.2208099 0.7318009 -0.4597615 -0.5030773 0.4406567 -0.243068 0.864141 0.4407217 -0.2428727 0.8641628 0.4407222 -0.2428711 0.8641629 -0.4606453 -0.8874664 -0.01446211 -0.4606602 -0.8874581 -0.01450586 -0.460645 -0.8874667 -0.01446127 -0.4405928 0.2431182 -0.8641595 -0.4407169 0.242859 -0.8641691 -0.4405918 0.2431203 -0.8641594 0.4607271 0.8874211 0.01464384 0.4606311 0.8874738 0.01446604 0.4606292 0.8874749 0.01446241 0.7704867 -0.3916445 -0.5029563 0.7703329 -0.3918346 -0.5030435 0.7705606 -0.391553 -0.5029143 -0.770393 0.3916701 0.50308 -0.7704716 0.3915737 0.5030344 -0.7705095 0.3915274 0.5030125 -0.9490225 -0.3152076 -7.08963e-4 -0.9999977 -0.001424789 0.001629829 -0.9999977 -0.001407504 0.001631438 0 -3.91603e-4 -1 1.97844e-7 -3.92041e-4 -1 0 -3.91387e-4 -1 0.001883685 -0.9999757 0.006712675 -0.2900983 -0.9569892 0.003839135 -0.2941337 -0.9557629 -0.001655757 -0.9496544 -0.3132818 -0.003351032 0 -3.92107e-4 -1 0 -3.91012e-4 -1 0 -3.91686e-4 -1 0 -3.92074e-4 -1 0 -3.91282e-4 -1 -1.3632e-7 -3.91232e-4 -1 -0.6956725 0.7183567 -0.001857876 -0.6957752 0.7182596 -2.62575e-4 -0.2900872 0.9569858 0.005261719 -0.2941023 0.9557139 0.01071727 0.2932044 0.9560304 0.006098508 0.2878411 0.9576776 -0.001107633 0.2917457 0.9564871 0.004135429 0 3.90396e-4 1 0 3.9072e-4 1 0 3.91265e-4 1 2.0205e-7 3.90562e-4 1 0.2970816 0.9547849 0.01132833 4.11132e-7 3.91285e-4 1 0 3.92171e-4 1 0 3.91212e-4 1 0 3.91931e-4 1 0 3.91842e-4 1 0.999968 -0.001904368 0.007773876 0.6998754 -0.7142578 0.00320512 0.7010147 -0.7131434 0.002238571 0.001576304 -0.9999231 0.01231092 0.9489756 0.3153234 0.004088461 0.9999681 -0.001876831 0.007771968 0.9481269 0.3178921 5.56002e-4 -0.9490227 -0.3152071 -7.07445e-4 -0.9999977 -0.001422405 0.001624763 -0.9999978 -0.001403093 0.001623988 0 -3.91525e-4 -1 2.52387e-7 -3.91503e-4 -1 0 -3.9134e-4 -1 0.001885473 -0.9999756 0.006720364 -0.290085 -0.9569932 0.003849029 -0.2941201 -0.9557672 -0.001644909 -0.9496527 -0.3132866 -0.003342628 1.35877e-7 -3.9169e-4 -1 -2.01392e-7 -3.91524e-4 -1 -4.04437e-7 -3.91377e-4 -1 -2.54958e-7 -3.9176e-4 -1 0 -3.91306e-4 -1 0 -3.91692e-4 -1 -0.6956706 0.7183585 -0.001860797 -0.6957742 0.7182606 -2.62233e-4 -0.2900856 0.9569863 0.005266547 -0.2941038 0.9557133 0.01072555 0.2932044 0.9560304 0.006099998 0.2878342 0.9576797 -0.001115798 0.2917439 0.9564875 0.004134297 0 3.90212e-4 1 0 3.90385e-4 1 0 3.91238e-4 1 0 3.90322e-4 1 0.2970867 0.9547833 0.0113368 1.35306e-7 3.91285e-4 1 0 3.92301e-4 1 0 3.91212e-4 1 0 3.92118e-4 1 -1.38548e-7 3.92072e-4 1 0.9999681 -0.001901805 0.007768213 0.6998728 -0.7142603 0.003210842 0.7010156 -0.7131425 0.0022403 0.001577973 -0.9999229 0.01231873 0.9489766 0.3153204 0.004083693 0.9999681 -0.001873016 0.007764458 0.9481279 0.3178887 5.53491e-4 -0.9490218 -0.3152099 -7.0573e-4 -0.9999977 -0.001425683 0.001625478 -0.9999978 -0.001405179 0.001622855 0 -3.91515e-4 -1 0 -3.91903e-4 -1 0 -3.91414e-4 -1 0.001885116 -0.9999757 0.006712913 -0.290089 -0.956992 0.003845214 -0.294121 -0.9557667 -0.001644194 -0.9496517 -0.3132901 -0.003339707 0 -3.91748e-4 -1 -1.34261e-7 -3.9098e-4 -1 -1.34813e-7 -3.91707e-4 -1 1.37058e-7 -3.92095e-4 -1 -1.36229e-7 -3.91083e-4 -1 -2.05069e-7 -3.9119e-4 -1 -0.6956724 0.7183568 -0.001868247 -0.6957763 0.7182586 -2.72454e-4 -0.2900876 0.9569857 0.005252778 -0.2941036 0.9557136 0.01070922 0.2932044 0.9560305 0.006088435 0.2878406 0.9576778 -0.001117587 0.2917456 0.9564871 0.004125416 2.73937e-7 3.90042e-4 1 0 3.90043e-4 1 0 3.91171e-4 1 -1.347e-7 3.90153e-4 1 0.297082 0.9547849 0.01131814 2.70613e-7 3.91285e-4 1 0 3.92303e-4 1 0 3.91285e-4 1 1.347e-7 3.92193e-4 1 0 3.92072e-4 1 0.9999681 -0.001904606 0.007767796 0.699872 -0.7142611 0.003204405 0.7010171 -0.713141 0.002234756 0.001575827 -0.9999231 0.01230883 0.9489758 0.3153226 0.004080235 0.9999681 -0.001875162 0.007763504 0.9481264 0.317893 5.47607e-4 -0.9490229 -0.3152066 -7.03975e-4 -0.9999977 -0.00142616 0.001628816 -0.9999978 -0.001404762 0.001625359 0 -3.91347e-4 -1 -3.10317e-7 -3.91612e-4 -1 0 -3.91686e-4 -1 0.001889526 -0.9999758 0.006716907 -0.2900789 -0.956995 0.003849983 -0.2941084 -0.9557707 -0.001636147 -0.9496534 -0.313285 -0.003339231 0 -3.9123e-4 -1 3.50031e-7 -3.91106e-4 -1 0 -3.91658e-4 -1 4.86373e-7 -3.9159e-4 -1 -1.19874e-7 -3.91096e-4 -1 1.34849e-7 -3.90815e-4 -1 -0.6956669 0.7183622 -0.001872956 -0.6957736 0.7182611 -2.75385e-4 -0.2900832 0.956987 0.005252718 -0.2941031 0.9557136 0.01071512 0.2931981 0.9560323 0.006100237 0.2878338 0.9576798 -0.001108407 0.2917392 0.9564889 0.004136502 1.99507e-7 3.90164e-4 1 0 3.9027e-4 1 1.64502e-7 3.91347e-4 1 0 3.90329e-4 1 0.2970762 0.9547865 0.01133179 4.00699e-7 3.91285e-4 1 2.04776e-7 3.92404e-4 1 0 3.91538e-4 1 2.53313e-7 3.92497e-4 1 1.88459e-7 3.92297e-4 1 0.999968 -0.001901865 0.007774055 0.6998697 -0.7142634 0.003211975 0.7010135 -0.7131446 0.002243399 0.001579463 -0.9999231 0.01230955 0.9489743 0.3153271 0.004087626 0.9999681 -0.001872301 0.007769882 0.9481256 0.3178957 5.56426e-4 -0.9490237 -0.3152044 -7.04805e-4 -0.9999977 -0.001422822 0.001624763 -0.9999978 -0.001407206 0.001623928 1.21308e-7 -3.91683e-4 -1 0 -3.91815e-4 -1 0 -3.91687e-4 -1 0.001886904 -0.9999758 0.006709754 -0.2900857 -0.9569931 0.003840744 -0.2941201 -0.955767 -0.001651823 -0.9496541 -0.3132829 -0.003339827 0 -3.91693e-4 -1 0 -3.91564e-4 -1 0 -3.9166e-4 -1 2.72872e-7 -3.91822e-4 -1 2.90054e-7 -3.9153e-4 -1 1.72458e-7 -3.91693e-4 -1 -0.6956751 0.7183542 -0.001863479 -0.6957758 0.7182591 -2.68247e-4 -0.2900835 0.9569869 0.005256175 -0.2940969 0.9557157 0.01070928 0.2931995 0.9560319 0.00609374 0.2878401 0.9576779 -0.001107871 0.291742 0.9564881 0.004131913 -3.42646e-7 3.90052e-4 1 0 3.90156e-4 1 0 3.91251e-4 1 4.79715e-7 3.90192e-4 1 0.297074 0.9547874 0.01132023 -2.70611e-7 3.91284e-4 1 -4.28539e-7 3.92486e-4 1 5.41191e-7 3.91211e-4 1 5.58639e-7 3.92272e-4 1 0 3.92353e-4 1 0.999968 -0.001907885 0.007772326 0.6998679 -0.7142651 0.003202021 0.7010166 -0.7131415 0.00223124 0.001576483 -0.9999231 0.01230961 0.9489761 0.3153218 0.004087507 0.9999681 -0.001880168 0.007769942 0.9481273 0.3178904 5.56212e-4 -0.9490216 -0.1692054 0.2659464 -0.9999977 6.12274e-4 0.002073347 -0.9999978 6.20227e-4 0.002060115 1.11837e-6 -0.8451157 -0.5345836 2.51741e-6 -0.845116 -0.534583 0 -0.8451153 -0.5345844 -0.2884957 -0.5070813 0.8121815 -0.2900863 -0.5086553 0.8106292 -0.2941185 -0.5126381 0.8066576 -0.9496521 -0.1704044 0.262913 0 -0.8451174 -0.534581 -2.68522e-7 -0.8451151 -0.5345845 4.46693e-6 -0.8451151 -0.5345847 -3.2116e-7 -0.8451153 -0.5345842 2.53248e-6 -0.8451163 -0.5345826 0 -0.8451151 -0.5345845 -0.9487683 0.1682168 -0.2674732 -0.9481222 0.1670144 -0.2705006 -0.2884972 0.5147905 -0.8073166 -0.2844572 0.5108218 -0.8112616 -0.2900867 0.516349 -0.8057503 -0.2941032 0.5202793 -0.8017562 0.2932027 0.5165447 -0.8044961 0.2878379 0.511335 -0.8097445 0.2917436 0.5151297 -0.8059325 -2.0561e-6 0.8451157 0.5345834 0 0.8451142 0.5345857 7.47894e-7 0.8451171 0.5345813 2.05555e-6 0.8451156 0.5345838 0.2970809 0.5202987 -0.8006448 -4.50876e-6 0.8451161 0.534583 -8.43951e-7 0.8451175 0.5345807 4.46537e-6 0.845118 0.5345799 3.86373e-6 0.8451196 0.5345773 3.06484e-6 0.8451201 0.5345765 0.9999681 0.005545377 0.005763649 0.9501723 -0.1660717 0.2638044 0.9493157 -0.1644684 0.2678619 0.2932026 -0.5072772 0.8103716 0.2917373 -0.5058497 0.8117915 0.2970994 -0.5110666 0.8065625 0.2878134 -0.5020204 0.8155606 -0.2844402 -0.5030606 0.8161029 0.9489755 0.1721224 -0.2642339 0.9999681 0.005558669 0.00574249 0.9481266 0.1705131 -0.2682933 -0.03116041 0.539235 -0.8415787 -0.03113621 0.5392311 -0.8415821 -0.0311374 0.5392313 -0.8415819 -0.006504476 -0.7158972 -0.6981754 -0.006502866 -0.7159005 -0.698172 -0.006504356 -0.7158975 -0.6981751 0.9995308 0.02368843 -0.01942002 0.9995309 0.02368682 -0.01941758 0.9995292 0.02371805 -0.01946371 0.03113389 -0.5392352 0.8415795 0.03113269 -0.539235 0.8415797 0.03115671 -0.5392397 0.8415759 -0.006505966 -0.7158942 -0.6981785 0.9995291 0.02371972 -0.01946616 0.006468236 0.7158666 0.6982071 0.006470203 0.7158737 0.6981999 0.006468057 0.715866 0.6982079 0.03115791 -0.5392399 0.8415756 0.00646609 0.7158588 0.6982152 -0.0311616 0.5392352 -0.8415786 -0.9995302 -0.02369856 0.01944136 -0.9995305 -0.02369475 0.01943063 -0.9995304 -0.02369499 0.01943117 -0.9995301 -0.02369874 0.01944196 0.6704085 -0.4003176 0.6247387 0.6656811 -0.40076 0.629492 0.7095355 -0.3958038 0.5830084 0.7358394 -0.3918179 0.5522855 -0.6748852 -0.421197 0.605907 -0.6748895 -0.4211955 0.6059031 -0.6748877 -0.4211961 0.6059046 -0.6748849 -0.4211971 0.6059072 -0.03118675 0.5392358 -0.8415772 -0.03116023 0.53923 -0.841582 -0.0311616 0.5392303 -0.8415818 -0.006487011 -0.7158877 -0.6981853 -0.006468057 -0.7158663 -0.6982074 -0.006485462 -0.715886 -0.6981871 0.9995316 0.02367657 -0.01939684 0.9995316 0.02367371 -0.01939189 0.9995285 0.0237286 -0.01948606 0.03113448 -0.5392341 0.8415803 0.0311346 -0.5392342 0.8415802 0.03113257 -0.539232 0.8415816 -0.006504416 -0.7159074 -0.698165 0.9995284 0.02373147 -0.01949095 0.006469249 0.7158976 0.6981754 0.006503343 0.7159294 0.6981424 0.006466209 0.7158947 0.6981784 0.03113245 -0.5392319 0.8415817 0.006432116 0.7158628 0.6982113 -0.03118807 0.5392361 -0.841577 -0.99953 -0.02370625 0.01944202 -0.99953 -0.02370411 0.019441 -0.99953 -0.02370423 0.01944106 -0.99953 -0.02370631 0.01944208 -0.6704216 0.4003089 -0.6247302 -0.7095745 0.3957893 -0.5829709 -0.6656914 0.4007518 -0.6294863 -0.735894 0.3917981 -0.5522266 -0.6748763 -0.4211952 0.6059181 -0.6748949 -0.4211991 0.6058945 -0.6748874 -0.4211975 0.6059041 -0.6748751 -0.4211949 0.6059195 -0.9490216 -0.1692004 0.2659494 -0.9999977 6.16059e-4 0.002074837 -0.9999977 6.23084e-4 0.002057671 0 -0.8451153 -0.5345842 3.02083e-7 -0.8451154 -0.5345839 0 -0.8451149 -0.5345848 -0.2884956 -0.507084 0.81218 -0.2900861 -0.5086582 0.8106276 -0.2941176 -0.512641 0.8066561 -0.9496514 -0.1703979 0.2629197 0 -0.8451157 -0.5345837 -2.6852e-7 -0.8451152 -0.5345845 0 -0.8451153 -0.5345842 -3.0745e-7 -0.8451152 -0.5345844 2.73288e-7 -0.8451154 -0.5345839 0 -0.8451155 -0.5345839 -0.9487674 0.1682182 -0.2674756 -0.9481207 0.1670149 -0.2705057 -0.2884972 0.5147867 -0.8073191 -0.2844568 0.5108172 -0.8112645 -0.2900867 0.5163454 -0.8057526 -0.2941035 0.5202764 -0.8017579 0.2932025 0.5165396 -0.8044993 0.2878367 0.5113292 -0.8097484 0.2917432 0.5151244 -0.805936 2.46859e-6 0.8451133 0.5345873 0 0.8451142 0.5345859 0 0.8451147 0.5345852 -2.45925e-6 0.8451133 0.5345872 0.2970816 0.5202942 -0.8006477 4.40731e-6 0.8451148 0.534585 1.90942e-6 0.8451161 0.534583 -4.36482e-6 0.8451149 0.5345849 -1.90978e-6 0.8451159 0.5345833 0 0.8451147 0.534585 0.999968 0.005546033 0.005765378 0.9501729 -0.1660653 0.2638066 0.9493168 -0.1644633 0.2678611 0.2932063 -0.507275 0.8103718 0.2917411 -0.5058479 0.8117913 0.2971028 -0.5110636 0.806563 0.2878175 -0.5020194 0.8155598 -0.2844408 -0.503063 0.8161011 0.9489768 0.172116 -0.2642335 0.9999681 0.005557358 0.00574094 0.948127 0.1705049 -0.268297 -0.03115963 0.5392339 -0.8415794 -0.0311349 0.5392331 -0.8415809 -0.03113609 0.5392332 -0.8415809 -0.006485879 -0.7158834 -0.6981898 -0.006503164 -0.7158966 -0.6981761 -0.006487309 -0.7158845 -0.6981886 0.9995285 0.0237292 -0.01948815 0.9995284 0.02373057 -0.01949065 0.9995299 0.02370458 -0.01944339 0.03115957 -0.5392327 0.8415802 0.03115797 -0.5392327 0.8415803 0.03118985 -0.5392345 0.841578 -0.006469964 -0.7158713 -0.6982023 0.99953 0.02370321 -0.01944094 0.006450474 0.7158828 0.6981908 0.006436049 0.715868 0.698206 0.006451785 0.7158841 0.6981894 0.03119146 -0.5392345 0.8415778 0.006466269 0.7158988 0.6981741 -0.03116089 0.5392339 -0.8415793 -0.9995278 -0.02374047 0.01951056 -0.99953 -0.02370417 0.01943981 -0.9995299 -0.02370607 0.01944357 -0.9995277 -0.02374237 0.01951432 0.6704121 -0.4003103 0.6247395 0.6656833 -0.4007529 0.6294941 0.7095507 -0.3957948 0.582996 0.7358621 -0.391807 0.5522629 -0.6748943 -0.4211902 0.6059014 -0.6749407 -0.4211865 0.6058523 -0.674922 -0.421188 0.6058721 -0.6748916 -0.4211904 0.6059044 -0.03113579 0.5392315 -0.8415818 -0.03115868 0.5392348 -0.8415789 -0.03115755 0.5392346 -0.8415791 -0.006486117 -0.7158802 -0.698193 -0.006467044 -0.7158659 -0.698208 -0.006484508 -0.715879 -0.6981943 0.9995316 0.02367883 -0.01939409 0.9995317 0.02367687 -0.01939034 0.9995293 0.0237146 -0.01946204 0.03113371 -0.5392323 0.8415814 0.0311324 -0.5392323 0.8415815 0.03115874 -0.5392347 0.841579 -0.006503522 -0.7158934 -0.6981793 0.9995293 0.02371656 -0.0194658 0.006485998 0.7158806 0.6981927 0.006468892 0.7158622 0.6982117 0.006487548 0.7158823 0.6981909 0.03116005 -0.5392348 0.8415788 0.006504654 0.7159006 0.6981719 -0.0311346 0.5392314 -0.841582 -0.9995308 -0.02368772 0.01941907 -0.9995292 -0.02371615 0.01946729 -0.9995293 -0.02371466 0.01946473 -0.9995309 -0.02368623 0.01941657 0.6704145 -0.4003101 0.624737 0.6656857 -0.4007527 0.6294918 0.7095557 -0.3957941 0.5829904 0.7358681 -0.391806 0.5522556 -0.6748818 -0.4211943 0.6059124 -0.6748647 -0.4211958 0.6059304 -0.6748716 -0.4211952 0.6059232 -0.6748829 -0.4211942 0.6059113 -0.9490225 -0.1692003 0.2659465 -0.9999977 6.1275e-4 0.002067565 -0.9999978 6.19957e-4 0.002054274 7.63014e-7 -0.8451154 -0.5345839 3.02085e-7 -0.8451147 -0.534585 0 -0.8451147 -0.5345851 -0.2884953 -0.5070785 0.8121834 -0.2900861 -0.5086529 0.8106308 -0.2941188 -0.5126363 0.8066587 -0.9496515 -0.170396 0.2629204 3.03945e-6 -0.8451156 -0.5345836 -2.51739e-7 -0.8451152 -0.5345844 0 -0.8451163 -0.5345824 2.71578e-6 -0.8451172 -0.5345811 2.73286e-7 -0.8451148 -0.5345849 0 -0.8451153 -0.5345842 -0.9487686 0.168217 -0.2674718 -0.9481239 0.1670171 -0.270493 -0.2884965 0.5147903 -0.807317 -0.2844561 0.5108212 -0.8112624 -0.2900861 0.5163489 -0.8057506 -0.294103 0.5202796 -0.801756 0.2932023 0.5165445 -0.8044964 0.2878369 0.5113347 -0.8097449 0.291743 0.5151295 -0.8059328 8.93241e-7 0.8451173 0.5345808 2.95647e-6 0.8451168 0.5345817 1.49854e-6 0.8451167 0.534582 2.02052e-6 0.8451158 0.5345833 0.297081 0.5202987 -0.8006449 0 0.845116 0.534583 2.06134e-6 0.8451161 0.5345829 0 0.8451167 0.534582 9.42905e-7 0.8451174 0.5345808 3.03764e-6 0.8451172 0.5345811 0.9999681 0.005552351 0.005768954 0.9501725 -0.1660641 0.2638086 0.9493155 -0.1644607 0.2678671 0.2932065 -0.507275 0.8103715 0.2917408 -0.5058472 0.8117918 0.2971048 -0.5110653 0.8065613 0.2878153 -0.5020171 0.815562 -0.2844392 -0.5030572 0.8161053 0.9489749 0.172124 -0.2642349 0.999968 0.005563795 0.005746781 0.948125 0.1705126 -0.2682994 -0.03118741 0.5392332 -0.8415789 -0.03116297 0.5392329 -0.84158 -0.03116416 0.5392329 -0.8415799 -0.006486415 -0.7159102 -0.6981623 -0.006468892 -0.7158953 -0.6981778 -0.006484925 -0.715909 -0.6981636 0.9995285 0.02372765 -0.01948827 0.9995285 0.02372974 -0.01949197 0.9995306 0.02369111 -0.01942133 0.03113561 -0.5392323 0.8415814 0.03113299 -0.5392321 0.8415816 0.03118455 -0.5392353 0.8415777 -0.006502449 -0.715924 -0.6981481 0.9995308 0.02368909 -0.01941764 0.006432175 0.7158997 0.6981736 0.006433546 0.7159038 0.6981694 0.006432056 0.7158994 0.6981739 0.03118717 -0.5392355 0.8415774 0.006430685 0.7158953 0.6981781 -0.03118866 0.5392332 -0.8415788 -0.9995291 -0.0237205 0.01946568 -0.9995284 -0.02373337 0.01949018 -0.9995284 -0.02373272 0.01948887 -0.9995293 -0.02371978 0.01946443 0.6704128 -0.4003106 0.6247385 0.6656867 -0.4007529 0.6294906 0.709536 -0.3957971 0.5830124 0.7358339 -0.3918121 0.5522969 -0.6748899 -0.4211928 0.6059046 -0.6749147 -0.4211885 0.6058798 -0.6749047 -0.4211902 0.6058898 -0.6748884 -0.421193 0.605906 -0.03116089 0.5392326 -0.8415803 -0.03118777 0.5392335 -0.8415787 -0.0311864 0.5392335 -0.8415787 -0.006469249 -0.7158685 -0.6982051 -0.006432116 -0.7158416 -0.6982331 -0.006466209 -0.7158664 -0.6982074 0.9995301 0.02370285 -0.0194388 0.99953 0.0237028 -0.01943874 0.99953 0.02370339 -0.01943999 0.03113299 -0.5392329 0.841581 0.03113162 -0.539233 0.8415812 0.03115868 -0.5392338 0.8415795 -0.006503343 -0.7158933 -0.6981794 0.99953 0.02370345 -0.01944011 0.006468892 0.7158675 0.6982063 0.006468892 0.715862 0.6982119 0.006468892 0.7158679 0.6982058 0.03116005 -0.5392338 0.8415794 0.006468892 0.7158735 0.6982002 -0.03115952 0.5392326 -0.8415803 -0.9995307 -0.02369064 0.01942032 -0.9995284 -0.02373003 0.01949208 -0.9995285 -0.02372795 0.01948833 -0.9995309 -0.02368861 0.01941657 0.6704128 -0.4003105 0.6247386 0.6656856 -0.400753 0.6294916 0.7095384 -0.3957958 0.5830104 0.7358409 -0.3918094 0.5522894 -0.6748844 -0.4211972 0.6059074 -0.6748681 -0.4211976 0.6059256 -0.6748747 -0.4211974 0.6059183 -0.6748855 -0.4211972 0.6059064 -0.9490234 -0.1691995 0.2659441 -0.9999977 6.16129e-4 0.002072513 -0.9999977 6.23903e-4 0.002058744 -1.87122e-6 -0.845117 -0.5345814 2.47103e-6 -0.8451161 -0.534583 4.34655e-6 -0.8451164 -0.5345824 -0.288493 -0.5070852 0.8121801 -0.2900846 -0.5086604 0.8106268 -0.2941185 -0.5126458 0.8066528 -0.949654 -0.1703982 0.2629104 0 -0.845115 -0.5345846 2.67437e-6 -0.8451172 -0.5345811 -8.84969e-6 -0.8451185 -0.5345792 -4.72141e-6 -0.8451174 -0.534581 -7.86629e-6 -0.8451177 -0.5345805 -2.94282e-6 -0.8451184 -0.5345793 -0.948768 0.1682178 -0.2674735 -0.9481216 0.1670155 -0.2705021 -0.2884961 0.5147894 -0.8073177 -0.2900852 0.5163474 -0.8057519 -0.2941006 0.5202765 -0.8017589 0.2932033 0.5165416 -0.8044979 0.2878335 0.5113277 -0.8097505 0.2917429 0.5151255 -0.8059355 2.35502e-7 0.845115 0.5345847 -2.96871e-6 0.8451173 0.5345811 3.66416e-7 0.8451163 0.5345825 -9.0923e-7 0.8451175 0.5345806 0.2970853 0.5202987 -0.8006433 4.4073e-6 0.845115 0.5345847 4.24558e-6 0.8451176 0.5345805 0 0.8451161 0.5345827 -2.02051e-6 0.8451153 0.5345843 0 0.845117 0.5345814 0.999968 0.005544245 0.005764782 0.9501729 -0.166071 0.2638033 0.949316 -0.1644675 0.2678613 0.293204 -0.5072783 0.8103705 0.2917385 -0.5058509 0.8117904 0.2971013 -0.5110675 0.8065612 0.287814 -0.5020217 0.8155595 -0.2844357 -0.5030619 0.8161037 0.9489768 0.1721147 -0.2642338 0.9999681 0.005555748 0.005743205 0.9481274 0.1705033 -0.2682968 -0.0311647 0.5392325 -0.8415801 -0.03118544 0.5392304 -0.8415808 -0.03118437 0.5392305 -0.8415807 -0.006451249 -0.7158871 -0.6981863 -0.006431877 -0.7158685 -0.6982056 -0.006449639 -0.7158856 -0.6981879 0.9995293 0.02371823 -0.01946586 0.9995293 0.02371746 -0.01946461 0.9995284 0.0237317 -0.01948922 0.03115946 -0.5392327 0.8415803 0.03115797 -0.5392326 0.8415803 0.03118753 -0.5392343 0.8415781 -0.006468951 -0.7159042 -0.6981686 0.9995284 0.02373248 -0.01949054 0.006450295 0.7158873 0.6981861 0.006435632 0.7158733 0.6982006 0.006451606 0.7158886 0.6981848 0.03118902 -0.5392345 0.8415781 0.006466269 0.7159026 0.6981702 -0.03116369 0.5392326 -0.8415801 -0.9995285 -0.02372914 0.01948833 -0.9995293 -0.02371495 0.01946586 -0.9995293 -0.02371573 0.01946705 -0.9995285 -0.02372992 0.01948952 0.6704102 -0.4003105 0.6247413 0.6656831 -0.4007528 0.6294945 0.7095349 -0.3957988 0.5830126 0.7358371 -0.3918142 0.552291 0.6748828 0.4211966 -0.6059097 0.6748877 0.421197 -0.6059041 0.674891 0.4211973 -0.6059003 0.6748824 0.4211966 -0.6059103 -0.03118681 0.5392319 -0.8415797 -0.03116023 0.5392295 -0.8415822 -0.0311616 0.5392297 -0.8415821 -0.006486833 -0.7158807 -0.6981925 -0.006468057 -0.7158625 -0.6982113 -0.006485283 -0.7158792 -0.6981941 0.9995298 0.02371209 -0.01944118 0.9995298 0.02371114 -0.01943874 0.9995285 0.02372896 -0.01948559 0.03113502 -0.5392324 0.8415813 0.03113383 -0.5392323 0.8415815 0.03115743 -0.5392355 0.8415784 -0.006504118 -0.7158973 -0.6981753 0.9995285 0.02372992 -0.01948803 0.006448864 0.7158777 0.698196 0.006465375 0.7158913 0.6981819 0.006447374 0.7158765 0.6981973 0.03115856 -0.5392357 0.8415783 0.006430864 0.7158628 0.6982113 -0.03118818 0.5392321 -0.8415796 -0.9995294 -0.02371227 0.01946443 -0.9995292 -0.02371817 0.01946443 -0.9995293 -0.02371788 0.01946443 -0.9995294 -0.02371197 0.01946443 0.6704085 -0.4003086 0.6247444 0.6656816 -0.4007515 0.629497 0.7095365 -0.3957901 0.5830166 0.735839 -0.3918012 0.552298 0.6748831 0.4211915 -0.6059131 0.674916 0.4211891 -0.605878 0.6749383 0.4211876 -0.6058543 0.6748798 0.4211917 -0.6059166 -0.6902219 -0.6632824 -0.2892237 -0.6995066 -0.6727906 -0.240922 -0.6887649 -0.6694204 -0.2783511 0.402613 -0.8806051 -0.2498752 0.03586202 -0.9587096 -0.2821167 0.4050939 -0.865927 -0.2933759 -0.7011713 -0.6680173 -0.2492219 0.04049938 -0.969287 -0.2425749 0.9066365 -0.3268399 -0.266807 0.4054873 -0.905908 0.1221093 0.9299606 -0.3448756 0.1274142 0.8903638 0.03965407 0.4535195 0.7943254 -0.2718745 0.54326 0.3568818 -0.7771441 0.518346 0.9770876 0.04346591 -0.208352 0.03297787 -0.8622719 0.5053709 0.3506023 -0.7249215 0.5929307 0.02189338 -0.8186652 0.5738536 -0.6207757 -0.6175518 -0.4829778 -0.6270155 -0.6167196 -0.4759291 -0.6118693 -0.6186329 -0.4928582 0.363633 -0.7954859 -0.4847404 0.02815943 -0.8767328 -0.4801528 0.0223515 -0.8810945 -0.4724118 -0.6157508 -0.5971943 0.5140137 -0.5656867 -0.5719396 0.5940403 -0.583869 -0.5727545 0.5753689 0.3785347 -0.7828152 -0.4938743 0 0 1 1.206e-7 0 1 -1.6767e-7 0 1 -1.49985e-7 -1.50593e-7 1 0.8170031 -0.2805118 -0.5038046 0 0 1 -1.56854e-7 0 1 -1.59671e-7 0 1 1.4053e-7 0 1 -0.877511 -0.03849744 -0.4780088 -0.7853013 0.3381236 -0.5186274 -0.7898656 0.3345913 -0.513966 -0.3057844 0.815202 -0.4918756 -0.8775097 -0.03849911 -0.478011 -0.8590911 -0.03770101 0.5104323 -0.8147838 -0.0357474 0.5786619 -0.7250265 0.3074541 0.6162862 -0.3031248 0.8229495 -0.4804889 -0.2807971 0.763742 0.5812498 -0.3003188 0.8011033 0.5177279 -0.7680007 0.3329437 0.5471046 -0.3137065 0.8285437 0.4637928 -0.01068514 0.8606199 0.5091359 0.003601133 0.8177007 0.5756324 -0.003251016 0.8745428 -0.4849377 0.005636155 0.8806946 -0.4736512 0.6354746 0.6043747 -0.480524 0.6365774 0.5977888 -0.4872555 0.6348236 0.6080874 -0.4766852 0.6332694 0.6164922 -0.4678754 0.5898367 0.5596194 0.5821673 0.5897083 0.5740851 0.568041 0.6270893 0.5936429 0.5043285 0.6280796 0.5838977 0.514373 0.6531652 0.6075131 0.4519991 0.8590208 0.03835439 0.5105019 0.8146559 0.03650832 0.5787944 0.7538921 -0.224554 0.6174321 0.8200984 -0.2474493 -0.515953 0.8774659 0.0392391 -0.4780314 0.8774044 0.03932058 -0.4781376 0.6539198 0.6000642 0.4607731 -0.02075475 0.8891817 0.4570836 -0.346134 0.9134172 -0.2141503 -0.02281314 0.9773669 -0.2103178 -0.01710808 0.9694635 -0.2446382 0.7116009 0.6573966 -0.2478988 0.7199875 0.6606912 -0.2123799 0.718626 0.6636248 -0.2077955 0.7009595 0.6524345 -0.2880713 0.7101361 0.6610988 -0.242188 -0.3419351 0.9060682 -0.2492404 -0.0108537 0.9588904 -0.2835693 -0.8718979 0.3767957 -0.3127602 -0.3363768 0.8968533 -0.2872368 -0.8830038 0.3845161 -0.2691684 -0.968586 -0.04249918 -0.2450207 -0.9574746 -0.042019 -0.2854418 -0.97711 -0.04287415 -0.2083694 -0.8912432 0.390241 -0.2310792 -0.8903918 -0.03907728 0.4535146 -0.7967662 0.3489263 0.4933702 -0.6435291 -0.6186122 0.4507651 -0.6441127 -0.608838 0.4630714 -0.7099404 -0.6710607 -0.2136874 -0.7082658 -0.6748459 -0.2072258 -0.6220045 -0.6034796 0.4989216 0.04468291 -0.9770687 -0.2081836 0.04072374 -0.8904947 0.4531676 0.6996297 0.657283 -0.2801739 0.9685522 0.04313457 -0.245043 0.8977329 -0.3088685 -0.3141274 0.9574289 0.04269295 -0.2854948 -0.6338908 -0.6157292 -0.4680384 -0.03113573 0.9502132 -0.3100414 -0.03113526 0.9502126 -0.310043 -0.03113532 0.9502127 -0.3100429 -0.006467342 -0.1121165 -0.993674 -0.006467819 -0.1121158 -0.9936742 -0.006467342 -0.1121164 -0.9936741 0.99953 0.03065693 -4.55588e-5 0.99953 0.03065681 -4.55575e-5 0.9995299 0.03065878 -4.55807e-5 0.03113746 -0.9502129 0.3100421 0.03113514 -0.9502128 0.3100423 0.03118175 -0.9502125 0.3100388 -0.006466925 -0.1121171 -0.993674 0.99953 0.0306589 -4.55819e-5 0.006465911 0.1121153 0.9936742 0.006460726 0.112111 0.9936747 0.006466388 0.1121158 0.9936742 0.03118407 -0.9502125 0.3100386 0.006471574 0.1121201 0.9936737 -0.03113573 0.9502131 -0.3100413 -0.99953 -0.03065532 4.49503e-5 -0.99953 -0.030658 4.55209e-5 -0.99953 -0.03065782 4.5491e-5 -0.99953 -0.0306552 4.49203e-5 0.7076998 -0.6651569 0.238175 0.6672753 -0.7097966 0.2256825 0.6709294 -0.7059808 0.2268147 0.7281264 -0.6403692 0.2444575 0.6748853 0.7096369 -0.2023494 0.6748971 0.7096285 -0.2023398 0.6749051 0.7096228 -0.2023333 0.6748842 0.7096378 -0.2023504 0.7992485 -0.5148575 -0.3100385 0.7992379 -0.514873 -0.3100399 0.7992384 -0.5148721 -0.3100399 -0.08853077 0.06908631 -0.9936747 -0.08853042 0.0690881 -0.9936747 -0.08853071 0.06908643 -0.9936748 -0.543301 -0.839538 -5.04512e-5 -0.5432986 -0.8395397 -5.15613e-5 -0.5433461 -0.8395089 -3.04061e-5 -0.7992505 0.5148538 0.3100392 -0.7992511 0.5148528 0.3100391 -0.7992378 0.5148724 0.310041 -0.08853107 0.06908464 -0.9936748 -0.5433486 -0.8395072 -2.9296e-5 0.08853185 -0.0690881 0.9936745 0.08853065 -0.06908649 0.9936747 0.08853197 -0.06908828 0.9936745 -0.7992371 0.5148734 0.3100411 0.08853316 -0.06908988 0.9936742 0.799249 -0.5148567 -0.3100383 0.5433594 0.8395003 2.86701e-5 0.5433357 0.8395156 3.90604e-5 0.5433369 0.8395148 3.85152e-5 0.5433607 0.8394995 2.81248e-5 0.9496266 0.2036788 -0.2381687 0.9622767 0.1502581 -0.2268176 0.9633359 0.1450859 -0.2256862 0.9408667 0.2345544 -0.2444465 -0.1997839 0.95872 0.2023426 -0.1997861 0.958719 0.2023448 -0.1997852 0.9587194 0.202344 -0.1997838 0.9587201 0.2023424 -0.8920132 -0.3289195 -0.3100394 -0.8920149 -0.3289142 -0.3100402 -0.8920148 -0.3289144 -0.3100402 0.1084409 0.02918475 -0.9936744 0.1084422 0.02918386 -0.9936744 0.108441 0.02918463 -0.9936745 -0.3439255 0.938997 -2.74588e-5 -0.3439236 0.9389977 -2.6563e-5 -0.3439598 0.9389844 -4.36343e-5 0.8920013 0.3289526 0.3100386 0.8920013 0.3289524 0.3100388 0.8920006 0.3289559 0.310037 0.1084397 0.02918553 -0.9936746 -0.3439617 0.9389837 -4.45301e-5 -0.1084362 -0.02918565 0.993675 -0.1084285 -0.02918732 0.9936757 -0.1084369 -0.02918547 0.9936748 0.8920007 0.3289561 0.3100369 -0.1084446 -0.0291838 0.9936741 -0.8920132 -0.3289197 -0.3100394 0.3439981 -0.9389703 5.22061e-5 0.3439627 -0.9389833 3.47647e-5 0.3439646 -0.9389827 3.568e-5 0.3439999 -0.9389697 5.31213e-5 0.408324 0.8812158 0.2381813 0.4634351 0.8569093 0.2256869 0.4586608 0.8591759 0.2268195 0.3783581 0.8927946 0.2444646 0.8861153 -0.416958 0.2023507 0.8861296 -0.4169124 0.2023825 0.8861237 -0.4169308 0.2023696 0.8861144 -0.4169607 0.2023488 -0.6902282 -0.6632809 -0.2892119 -0.6995108 -0.6727872 -0.2409191 -0.6887707 -0.6694257 -0.2783241 0.4026155 -0.8806001 -0.2498887 0.03586184 -0.958702 -0.2821427 0.4051005 -0.8659185 -0.2933921 -0.7011765 -0.6680099 -0.2492274 0.04049932 -0.9692838 -0.2425878 0.9066357 -0.3268371 -0.2668133 0.4054853 -0.9059081 0.1221161 0.9299647 -0.3448653 0.1274115 0.8903596 0.03965455 0.4535278 0.7943201 -0.2718715 0.5432696 0.3568698 -0.7771456 0.518352 0.977085 0.04346358 -0.2083648 0.03296387 -0.862272 0.5053716 0.3506131 -0.7249092 0.5929395 0.02188193 -0.8186767 0.5738377 -0.6207883 -0.6175562 -0.4829557 -0.6270147 -0.6167261 -0.4759219 -0.6119013 -0.6186351 -0.4928158 0.363639 -0.7954861 -0.4847356 0.02814787 -0.8767518 -0.4801189 0.02234899 -0.8811064 -0.4723897 -0.6157574 -0.597186 0.5140154 -0.5657145 -0.5719417 0.5940116 -0.5838813 -0.5727534 0.5753576 0.3785397 -0.7828128 -0.4938744 -1.3342e-7 0 1 2.3641e-7 0 1 -1.90792e-7 0 1 -3.01174e-7 -1.50597e-7 1 0.8170019 -0.2805007 -0.503813 0 0 1 -4.70571e-7 0 1 -6.27601e-7 0 1 2.03673e-7 0 1 -0.877512 -0.03851014 -0.4780058 -0.7853006 0.3381276 -0.5186258 -0.7898758 0.3345781 -0.513959 -0.3057894 0.8152105 -0.4918584 -0.8775072 -0.03851604 -0.4780145 -0.8590881 -0.03771084 0.5104365 -0.8147876 -0.03576457 0.5786553 -0.7250412 0.3074321 0.6162799 -0.3031273 0.8229706 -0.4804513 -0.2807999 0.7637569 0.5812289 -0.3003175 0.8011143 0.5177116 -0.7680013 0.332952 0.5470986 -0.3137197 0.8285501 0.4637725 -0.01069366 0.8606195 0.5091363 0.003610074 0.8176965 0.5756382 -0.003263473 0.8745342 -0.4849529 0.005639195 0.8806965 -0.4736477 0.6354673 0.6043639 -0.4805473 0.6365721 0.5977607 -0.4872969 0.634815 0.6080862 -0.4766982 0.6332574 0.6165128 -0.4678643 0.5898267 0.559607 0.5821895 0.5896976 0.574108 0.568029 0.6270901 0.5936378 0.5043333 0.6280808 0.5838878 0.5143828 0.6531729 0.6075091 0.4519934 0.8590194 0.03835058 0.5105046 0.8146504 0.03650826 0.5788022 0.75389 -0.224567 0.61743 0.820091 -0.2474614 -0.5159592 0.8774591 0.03924196 -0.4780437 0.8773998 0.03932046 -0.4781461 0.6539263 0.6000713 0.4607549 -0.02077513 0.8891831 0.4570798 -0.3461388 0.9134206 -0.2141284 -0.02283561 0.9773631 -0.2103332 -0.01710808 0.9694663 -0.2446273 0.7116 0.6573999 -0.247893 0.7199867 0.6606903 -0.2123854 0.7186235 0.6636267 -0.2077975 0.7009593 0.6524441 -0.2880498 0.7101334 0.6611069 -0.2421742 -0.3419235 0.9060773 -0.2492235 -0.010845 0.958895 -0.2835538 -0.8719034 0.3767898 -0.3127524 -0.336378 0.8968541 -0.2872327 -0.8830029 0.3845263 -0.2691572 -0.9685866 -0.04250735 -0.2450166 -0.9574853 -0.04201889 -0.2854056 -0.9771086 -0.04287791 -0.2083753 -0.8912507 0.3902418 -0.2310488 -0.890387 -0.03907865 0.4535241 -0.796773 0.3489295 0.4933568 -0.6435277 -0.618602 0.4507813 -0.6441111 -0.6088228 0.4630937 -0.7099449 -0.6710498 -0.2137065 -0.7082698 -0.6748372 -0.2072407 -0.6220061 -0.6034741 0.4989264 0.04468244 -0.9770688 -0.2081829 0.04072231 -0.8904768 0.453203 0.6996275 0.6572998 -0.2801399 0.9685536 0.04312801 -0.2450389 0.8977379 -0.3088728 -0.3141089 0.9574296 0.04269421 -0.2854923 -0.6338753 -0.615738 -0.4680478 -0.03118449 0.950212 -0.3100402 -0.03118336 0.950213 -0.3100369 -0.03118342 0.950213 -0.3100371 -0.006464779 -0.1121136 -0.9936744 -0.006461083 -0.1121085 -0.993675 -0.006464481 -0.1121132 -0.9936745 0.9995302 0.03065085 -4.34932e-5 0.9995302 0.030649 -4.29674e-5 0.9995291 0.03068512 -5.29879e-5 0.03113728 -0.9502145 0.3100368 0.03113496 -0.9502146 0.3100368 0.03118121 -0.9502131 0.3100368 -0.006468176 -0.1121183 -0.9936739 0.9995291 0.03068697 -5.35138e-5 0.006463348 0.1121125 0.9936745 0.006460726 0.112111 0.9936748 0.006463527 0.1121127 0.9936745 0.03118354 -0.9502131 0.3100368 0.00646615 0.1121143 0.9936743 -0.03118455 0.950212 -0.3100404 -0.9995291 -0.03068447 5.28739e-5 -0.9995304 -0.03064662 4.34701e-5 -0.9995303 -0.03064858 4.39636e-5 -0.9995291 -0.03068643 5.33674e-5 -0.7076991 0.6651566 -0.2381778 -0.6709312 0.705978 -0.2268182 -0.6672773 0.7097935 -0.2256861 -0.7281243 0.6403705 -0.2444599 -0.6748821 -0.7096394 0.2023515 -0.6749043 -0.7096238 0.2023323 -0.6748954 -0.7096301 0.20234 -0.6748808 -0.7096403 0.2023526 0.7992637 -0.5148333 -0.3100394 0.7992771 -0.5148118 -0.3100405 0.7992764 -0.5148128 -0.3100405 -0.08852702 0.06908249 -0.9936753 -0.08852505 0.06907588 -0.993676 -0.08852684 0.0690819 -0.9936754 -0.5433021 -0.8395373 -5.22815e-5 -0.5433003 -0.8395385 -5.31187e-5 -0.5433341 -0.8395166 -3.71635e-5 -0.7992376 0.514872 0.3100425 -0.7992376 0.514872 0.3100424 -0.7992369 0.5148721 0.3100436 -0.08852881 0.06908851 -0.9936748 -0.5433358 -0.8395155 -3.63262e-5 0.08853316 -0.06908833 0.9936743 0.08853203 -0.06908971 0.9936744 0.08853328 -0.06908822 0.9936743 -0.799237 0.5148722 0.3100437 0.08853447 -0.06908684 0.9936744 0.799263 -0.5148344 -0.3100392 0.5433079 0.8395336 4.44313e-5 0.5432906 0.8395448 5.74197e-5 0.5432915 0.8395441 5.67381e-5 0.5433088 0.839533 4.37498e-5 -0.9496411 -0.2036242 0.2381579 -0.9633314 -0.1451082 0.2256911 -0.9622735 -0.1502734 0.226821 -0.9408949 -0.2344603 0.2444285 -0.1997774 0.9587209 0.2023447 -0.1997176 0.9587419 0.2023044 -0.1997417 0.9587334 0.2023206 -0.199781 0.9587197 0.202347 -0.892005 -0.328941 -0.3100405 -0.8919913 -0.3289794 -0.3100387 -0.891992 -0.3289775 -0.3100388 0.1084375 0.02919095 -0.9936746 0.1084335 0.02919155 -0.9936751 0.1084372 0.02919101 -0.9936746 -0.3439656 0.9389823 -3.96459e-5 -0.3439644 0.9389828 -3.90618e-5 -0.343988 0.9389741 -5.01921e-5 0.8919994 0.3289622 0.3100337 0.8919984 0.3289656 0.3100335 0.8920219 0.3288969 0.3100385 0.1084413 0.02919042 -0.9936742 -0.3439892 0.9389737 -5.07762e-5 -0.1084349 -0.02918094 0.9936752 -0.1084343 -0.02918076 0.9936752 -0.108435 -0.02918094 0.9936752 0.8920231 0.3288934 0.3100388 -0.1084356 -0.02918112 0.9936752 -0.8920057 -0.328939 -0.3100407 0.3440052 -0.9389678 5.5371e-5 0.3439712 -0.9389803 3.86718e-5 0.343973 -0.9389796 3.95481e-5 0.344007 -0.9389671 5.62473e-5 -0.4083523 -0.8812051 -0.2381721 -0.4586681 -0.8591739 -0.2268123 -0.4634399 -0.8569085 -0.22568 -0.3783996 -0.8927798 -0.2444546 -0.8861159 0.4169589 -0.2023463 -0.886129 0.4169138 -0.2023814 -0.8861379 0.4168833 -0.2024053 -0.8861146 0.4169635 -0.2023428 -0.6902348 -0.6632717 -0.2892171 -0.6995187 -0.6727796 -0.2409173 -0.6887767 -0.6694194 -0.278324 0.4026211 -0.8805971 -0.24989 0.0358833 -0.9587041 -0.2821325 0.4050933 -0.8659275 -0.2933755 -0.701183 -0.6680057 -0.2492207 0.040515 -0.9692844 -0.2425826 0.9066354 -0.32684 -0.2668108 0.4054945 -0.9059043 0.1221138 0.9299608 -0.3448746 0.1274144 0.8903591 0.03965425 0.4535287 0.7943247 -0.271877 0.5432599 0.3568754 -0.7771428 0.5183521 0.9770842 0.04346966 -0.2083671 0.03297072 -0.8622709 0.5053731 0.3506114 -0.7249227 0.5929239 0.02189004 -0.8186818 0.5738302 -0.6207778 -0.6175622 -0.4829617 -0.6270067 -0.6167315 -0.4759255 -0.6118871 -0.6186417 -0.4928252 0.3636282 -0.7954878 -0.4847408 0.02813547 -0.8767516 -0.4801201 0.02234053 -0.881103 -0.4723965 -0.6157546 -0.5971938 0.5140096 -0.5657031 -0.5719494 0.5940151 -0.5838724 -0.5727639 0.5753561 0.3785433 -0.7828065 -0.4938817 -1.75711e-7 0 1 2.17234e-7 0 1 -3.58456e-7 0 1 -4.51154e-7 0 1 0.8170052 -0.28051 -0.5038022 0 0 1 -3.05533e-7 0 1 -4.56866e-7 0 1 -3.08262e-7 0 1 2.03676e-7 0 1 -0.8775105 -0.03850549 -0.4780093 -0.7853035 0.3381196 -0.5186265 -0.7898729 0.3345829 -0.5139603 -0.3057886 0.8152083 -0.4918625 -0.8775081 -0.03850901 -0.4780133 -0.8590933 -0.03770756 0.5104281 -0.8147889 -0.03575551 0.5786541 -0.7250354 0.3074315 0.6162869 -0.3031384 0.8229581 -0.4804657 -0.2808064 0.7637408 0.5812468 -0.3003233 0.8011119 0.5177121 -0.7679992 0.3329477 0.5471042 -0.3137151 0.8285523 0.4637715 -0.01069778 0.8606158 0.5091425 0.003605365 0.8176926 0.575644 -0.003251016 0.8745425 -0.4849381 0.005641698 0.8806979 -0.4736449 0.6354779 0.6043742 -0.4805202 0.6365827 0.597775 -0.4872655 0.6348255 0.6080946 -0.4766735 0.6332681 0.6165164 -0.4678452 0.5898336 0.5596114 0.5821783 0.5897055 0.5741064 0.5680223 0.6270886 0.5936341 0.5043398 0.628079 0.5838866 0.5143862 0.6531661 0.6075026 0.4520118 0.8590185 0.0383566 0.5105056 0.8146559 0.03651517 0.5787941 0.7538968 -0.2245673 0.6174215 0.8200981 -0.2474588 -0.5159491 0.8774662 0.0392462 -0.4780303 0.8774045 0.03932803 -0.4781367 0.6539195 0.6000649 0.4607726 -0.02078551 0.8891746 0.4570958 -0.3461326 0.9134191 -0.2141441 -0.02284693 0.9773628 -0.2103331 -0.01713585 0.9694592 -0.2446534 0.7116018 0.6573895 -0.2479153 0.7199873 0.6606917 -0.212379 0.7186283 0.6636196 -0.2078038 0.7009564 0.6524305 -0.288088 0.7101351 0.6610977 -0.2421946 -0.3419326 0.9060724 -0.2492288 -0.01086729 0.95889 -0.2835701 -0.8719054 0.3767876 -0.3127493 -0.3363609 0.8968721 -0.2871965 -0.8829986 0.3845344 -0.2691597 -0.9685878 -0.04251545 -0.2450106 -0.9574844 -0.04203319 -0.2854068 -0.9771088 -0.04288709 -0.2083728 -0.8912492 0.3902409 -0.2310558 -0.8903918 -0.03908294 0.4535139 -0.7967646 0.3489303 0.4933699 -0.6435291 -0.6186143 0.4507624 -0.644114 -0.6088246 0.4630873 -0.7099489 -0.6710537 -0.2136811 -0.7082771 -0.6748335 -0.2072279 -0.6220037 -0.6034899 0.4989103 0.0446828 -0.9770726 -0.2081647 0.04072272 -0.8904767 0.453203 0.6996201 0.657301 -0.2801558 0.9685494 0.04314047 -0.2450531 0.8977309 -0.3088815 -0.3141205 0.9574288 0.04269862 -0.2854942 -0.6338701 -0.615743 -0.4680485 -0.03113579 0.9502131 -0.3100413 -0.03113681 0.950213 -0.3100419 -0.03113675 0.9502129 -0.3100419 -0.006462037 -0.1121104 -0.9936748 -0.006468117 -0.1121169 -0.993674 -0.006462514 -0.1121109 -0.9936747 0.9995293 0.03068357 -5.36708e-5 0.9995291 0.03068494 -5.42002e-5 0.9995299 0.03065919 -4.41094e-5 0.03123211 -0.95021 0.3100413 0.03123211 -0.95021 0.3100413 0.03123199 -0.9502099 0.3100419 -0.006456434 -0.1121045 -0.9936755 0.99953 0.03065782 -4.35799e-5 0.006461918 0.1121113 0.9936746 0.006453037 0.1121032 0.9936757 0.006462693 0.1121121 0.9936746 0.03123193 -0.9502097 0.3100419 -0.03113573 0.9502131 -0.3100413 -0.9995294 -0.03067624 5.20651e-5 -0.9995308 -0.0306313 3.19553e-5 -0.9995307 -0.03063362 3.30106e-5 -0.9995294 -0.03067857 5.31204e-5 -0.7076679 0.6651924 -0.2381707 -0.6709253 0.7059829 -0.22682 -0.6672738 0.7097959 -0.2256887 -0.7280797 0.6404258 -0.244448 0.674884 0.7096407 -0.2023408 0.6748557 0.709661 -0.2023637 0.6748366 0.7096748 -0.2023792 0.6748868 0.7096386 -0.2023385 0.7992556 -0.5148466 -0.3100382 0.7992368 -0.5148747 -0.3100395 0.7992378 -0.5148733 -0.3100395 -0.08853131 0.06908416 -0.9936748 -0.08853387 0.0690906 -0.9936742 -0.08853149 0.06908464 -0.9936748 -0.5432671 -0.8395599 -6.4773e-5 -0.5432623 -0.8395631 -6.7188e-5 -0.5433545 -0.8395035 -2.11648e-5 -0.7992768 0.5148135 0.3100383 -0.7992789 0.5148105 0.310038 -0.7992373 0.5148713 0.3100443 -0.08852893 0.0690782 -0.9936755 -0.5433593 -0.8395003 -1.87498e-5 0.08853685 -0.06908822 0.993674 0.08853721 -0.06909018 0.9936739 0.08853679 -0.06908804 0.9936741 -0.7992351 0.5148743 0.3100446 0.08853644 -0.06908607 0.9936743 0.7992565 -0.5148451 -0.3100382 0.5432764 0.8395539 5.67038e-5 0.5433239 0.8395233 3.55443e-5 0.5433214 0.8395249 3.66546e-5 0.5432739 0.8395556 5.78142e-5 -0.9496285 -0.2036704 0.2381685 -0.9633339 -0.145094 0.2256889 -0.9622749 -0.1502653 0.2268202 -0.9408711 -0.2345381 0.2444451 -0.1997834 0.9587186 0.2023496 -0.1997149 0.9587429 0.2023022 -0.1997425 0.958733 0.2023213 -0.1997875 0.9587171 0.2023524 -0.8920292 -0.3288751 -0.3100405 -0.8920193 -0.3289036 -0.3100387 -0.8920198 -0.3289022 -0.3100388 0.1084413 0.02918165 -0.9936745 0.108439 0.02918213 -0.9936747 0.1084411 0.02918171 -0.9936746 -0.3440163 0.9389638 -6.22845e-5 -0.3440167 0.9389635 -6.24988e-5 -0.344009 0.9389663 -5.84149e-5 0.8920199 0.3289043 0.3100365 0.8920196 0.3289048 0.3100365 0.8920236 0.3288945 0.3100362 0.1084434 0.02918124 -0.9936743 -0.3440086 0.9389666 -5.82005e-5 -0.1084403 -0.02917772 0.9936748 -0.1084313 -0.02917897 0.9936757 -0.1084411 -0.0291776 0.9936747 0.8920238 0.328894 0.3100362 -0.1084501 -0.02917635 0.9936738 -0.8920297 -0.3288737 -0.3100406 0.3440008 -0.9389694 5.34331e-5 0.3440165 -0.9389636 5.93737e-5 0.3440157 -0.938964 5.9062e-5 0.4083368 0.8812119 0.238174 0.4634377 0.8569089 0.2256826 0.4586646 0.8591751 0.2268148 0.3783767 0.8927891 0.2444559 -0.8861117 0.416967 -0.2023478 -0.8861159 0.4169536 -0.2023572 -0.8861187 0.4169445 -0.2023636 -0.8861112 0.4169684 -0.2023469 -0.9490208 -0.08707946 0.3029466 -0.504334 0.7686802 0.3934184 -0.9481214 -0.08426946 0.3065364 4.22604e-7 -0.9618014 -0.2737483 4.85803e-6 -0.9618019 -0.2737464 5.11654e-6 -0.9618016 -0.2737475 -0.2884945 -0.2566878 0.9224329 -0.2900856 -0.2586373 0.9213887 -0.2941184 -0.2635821 0.918705 -0.5564365 0.7291541 0.3983877 -3.38871e-6 -0.9618017 -0.2737473 3.61899e-6 -0.9618015 -0.2737482 0.5064393 -0.7676069 -0.3928093 -5.67071e-6 -0.9618002 -0.2737523 0.5521165 -0.7312282 -0.4005906 0 -0.9618018 -0.2737469 -0.94902 0.08651113 -0.3031119 -0.9487649 0.08570867 -0.3041372 -0.9481177 0.08369666 -0.3067046 -0.2884989 0.26545 -0.9199482 -0.2844586 0.2605271 -0.9226099 -0.2900885 0.2673879 -0.9188866 -0.2941052 0.2722877 -0.9161668 0.293202 0.2679297 -0.9177398 0.2878347 0.261446 -0.9213019 0.2917423 0.2661656 -0.9187178 -2.40463e-6 0.961799 0.2737571 -3.3836e-6 0.9617998 0.2737544 -1.6979e-6 0.961801 0.2737495 -9.76587e-7 0.9617998 0.2737538 0.2970821 0.2726214 -0.9151064 0 0.961801 0.2737497 -2.50795e-6 0.9618032 0.273742 -3.38512e-6 0.9618026 0.2737443 0.948968 -0.08092403 0.3048133 0.95017 -0.08467555 0.3000119 0.9493144 -0.08199352 0.3034461 0.2932054 -0.2573789 0.9207533 0.291741 -0.2556098 0.9217109 0.2971 -0.2620874 0.9181731 0.2878193 -0.2508745 0.9242414 -0.2844383 -0.2517209 0.9250577 0.9489758 0.09036105 -0.3021256 0.9501333 0.09412842 -0.2972989 0.948087 -0.07824265 0.3082355 -0.9496529 0.08852303 -0.3005383 0.04045438 0.9991814 -1.17396e-4 0.03607755 0.9993406 -0.004117131 0.03599941 0.9993429 -0.004233062 0.02943271 4.32705e-4 0.9995667 0.02960675 9.50571e-4 0.9995612 0.02934211 3.39387e-4 0.9995694 -0.8273875 -0.5608639 0.02935588 -0.8249008 -0.5601029 0.07631313 -0.8273907 -0.560864 0.02926182 0.02924364 9.82381e-4 0.9995719 0.02633064 0.002133667 0.999651 -0.8718125 0.4630685 -0.1597207 -0.9344661 -0.1552031 -0.3204455 -0.9371169 -0.116056 -0.3291549 -0.02961564 -9.56452e-4 -0.999561 -0.02943235 -4.29822e-4 -0.9995667 -0.02933967 -3.33834e-4 -0.9995695 -0.02632957 -0.002130687 -0.9996511 -0.02925223 -9.86797e-4 -0.9995717 0.7092667 0.7044818 -0.02541726 0.708811 0.7044088 -0.03735357 0.7092659 0.7044818 -0.02544367 0.9072041 -0.4200901 -0.02247738 0.8397088 -0.144378 -0.5234923 0.8331095 -0.145371 -0.5336628 -0.02723634 -0.002514183 -0.9996259 -0.02606123 -0.002230644 -0.9996579 0.881776 -0.471277 -0.01921117 0.8127416 -0.4620382 -0.3549253 0.02606612 0.002238452 0.9996578 0.02722936 0.002516269 0.9996261 0.02736943 0.002423286 0.9996225 0.0280041 0.001615166 0.9996065 0.8806635 0.02324569 0.4731717 0.8386862 -0.4894449 0.2388502 0.8815407 0.02677613 0.4713481 0.8853051 0.3750414 0.2749163 0.02820229 0.001693546 0.9996008 0.02899748 0.001677036 0.9995782 -0.77354 0.4099557 0.4832932 -0.7549622 -0.02159178 0.6554129 -0.7433665 0.5103756 0.432346 -0.7554274 -0.02399867 0.6547927 -0.8005464 -0.2642157 0.5378806 0.02898108 0.00163269 0.9995787 0.02785515 0.00112009 0.9996114 -0.5684047 -0.7282625 0.3828184 -0.02899861 -0.001681983 -0.9995781 -0.02819103 -0.001690268 -0.9996011 -0.02799624 -0.001610636 -0.9996067 -0.027857 -0.001123249 -0.9996114 -0.02898269 -0.001637816 -0.9995787 -0.9927263 0.1180675 0.02355033 -0.9197146 -0.3340093 -0.2063078 -0.9376065 -0.3465127 0.02868902 -0.02642208 -0.002990722 -0.9996464 -0.02773761 -6.41985e-4 -0.9996151 0.8280262 -0.1911705 -0.5270926 0.8647969 0.2337648 -0.4443875 0.8699797 0.2371682 -0.4323038 0.6155157 0.7423933 0.2645612 0.625883 0.7577936 0.1844442 0.6251874 0.7567162 0.1911059 0.7510904 -0.6593399 -0.03367924 0.8145775 -0.2846823 -0.5053906 -0.02155005 -0.00717169 -0.9997422 -0.02566725 -0.002175271 -0.9996682 -0.2087683 -0.9778488 0.01508498 -0.2155673 -0.9761403 0.02609682 -0.1992267 -0.9798413 0.01482588 0.02567112 0.002172768 0.9996681 0.02164566 0.007148385 0.9997403 0.02642118 0.002988278 0.9996465 -0.8528703 0.5219403 0.01381158 -0.9277617 0.144228 -0.3441753 0.02773374 6.40945e-4 0.9996153 -0.02737295 -0.002421081 -0.9996225 -0.8528695 0.495342 -0.1650763 -0.7641371 0.5062927 -0.3997026 -0.8639613 0.4618811 0.2005909 -0.8445962 0.4952365 0.2034658 -0.9106613 0.1501566 0.3849015 -0.2164092 -0.9762927 0.004457831 -0.2266083 -0.973923 0.01107162 0.8380411 -0.2772913 0.4698901 0.7521048 -0.6589037 0.01357072 0.851914 -0.1906608 0.4877408 0.6531765 0.7190876 -0.2372205 0.8894913 0.2355438 0.3915666 0.8942002 0.2390843 0.378477 -0.9059969 -0.3333067 0.2609145 -0.5530471 -0.7667795 -0.3258652 -0.575532 -0.8060793 -0.1378377 -0.5558905 -0.7714457 -0.3096087 -0.8322196 -0.2666653 -0.4861072 -0.7921533 -0.0260775 -0.6097648 -0.79142 -0.02343827 -0.6108233 -0.7963446 0.4074908 -0.4469748 0.866653 0.3737315 -0.3305108 0.8530919 0.02569508 -0.5211277 0.8524659 0.02217376 -0.5223124 0.8265936 -0.491922 -0.2734154 0.8293027 -0.4604364 0.3166317 0.8722655 -0.143927 0.4673736 0.8670791 -0.1447808 0.476668 0.7096212 0.7044544 -0.01348507 -0.9106879 -0.1547146 0.3830288 -0.9123432 -0.1154417 0.3928144 -0.8280442 -0.5603833 -0.01770699 0.04014104 0.9991891 -0.003173172 0.0436111 0.999048 -0.001176714 0.02750933 0.001606404 0.9996203 0.02751278 0.001606881 0.9996203 0.02750927 0.001606404 0.9996203 0.7331807 -0.6797653 -0.01911574 0.9988962 0.03791445 -0.02773338 0.9988961 0.03791439 -0.02773475 -0.02766829 -0.001606523 -0.999616 -0.02753716 -0.001608669 -0.9996195 -0.02753609 -0.001608669 -0.9996196 -0.7330335 0.6799249 0.01907789 -0.9988999 -0.03791916 0.02759063 -0.7332192 0.6797276 0.01897412 -0.03775501 0.9992869 -5.89234e-4 -0.03813463 0.9992724 -7.31749e-4 0.7331251 -0.6798254 -0.01910978 0.03788709 -0.9992818 6.34194e-4 0.03789347 -0.9992817 6.38682e-4 -0.44556 0.7424278 -0.5002772 -0.4479639 0.738428 -0.5040362 -0.4479399 0.7383973 -0.5041025 -0.2814129 0.4164913 0.8644894 -0.281031 0.4163489 0.8646821 -0.2810475 0.4163221 0.8646897 -0.4842737 -0.7010616 0.523442 -0.4337644 -0.8408751 0.3236935 -0.4392753 -0.830695 0.3420282 -0.2843896 0.4157195 0.8638865 -0.2810891 0.4166835 0.8645021 -0.890631 -0.2249938 -0.3951638 -0.7756929 -0.488102 -0.4000715 -0.7678651 -0.489668 -0.4130478 0.2811262 -0.41615 -0.8647469 0.2814159 -0.4165023 -0.8644831 0.2811552 -0.4160987 -0.8647623 0.284406 -0.4157123 -0.8638846 0.281087 -0.416701 -0.8644943 0.3082533 0.8862248 -0.3458116 0.9554619 0.2102277 0.2071155 0.9199714 0.1634569 -0.3562786 0.918121 0.1549382 -0.3647576 0.2838242 -0.4165011 -0.8636961 0.2846767 -0.415634 -0.8638331 0.9595167 0.1405196 0.2440941 0.9985604 -0.01330912 -0.05196368 -0.2846608 0.4156487 0.8638312 -0.2838358 0.4164924 0.8636963 -0.2836759 0.4165027 0.8637439 -0.2827656 0.4162704 0.8641544 0.699037 0.4645839 0.5436075 0.8518636 0.2188317 0.4758582 0.3883518 0.8830317 0.263511 -0.6394236 0.08922004 0.7636604 -0.2818482 0.4167219 0.8642364 -0.980517 0.04929971 0.1901473 -0.9882616 0.1183913 0.09655362 -0.8099975 -0.1844204 0.5566806 -0.4910374 0.1243745 0.8622142 -0.2826845 0.41567 0.8644699 -0.132817 -0.8325085 0.5378562 -0.1815077 -0.7094367 0.6809953 -0.177434 -0.7215431 0.6692478 0.2818603 -0.4166799 -0.8642527 0.04177415 -0.6419901 -0.765574 0.2827587 -0.4162747 -0.8641545 0.2826953 -0.415633 -0.864484 0.03458225 -0.6568169 -0.7532567 -0.5396221 -0.8417287 -0.01734697 0.5503284 -0.07609164 -0.831474 0.5258147 -0.1001089 -0.8446877 0.7388409 0.4023904 -0.5405518 0.7342275 0.4917411 -0.4680819 0.1433501 0.9742566 -0.1739968 0.7104213 -0.504273 0.4909282 0.9698045 -0.2432478 0.01760029 0.966721 -0.2557692 -0.005720496 0.2907438 -0.4166734 -0.8613079 0.2849354 -0.4154177 -0.8638519 0.2824687 -0.8148245 0.5062336 0.295248 -0.8124332 0.5027733 -0.2849928 0.4153531 0.8638639 -0.2907644 0.4166697 0.8613028 -0.2847476 0.4163711 0.8634546 -0.9590096 -0.07500696 -0.2732665 -0.9644315 -0.04673087 -0.2601692 -0.8080471 -0.2371605 -0.5392724 -0.2828062 0.4157864 0.8643739 0.2836635 -0.4165105 -0.8637441 -0.8888711 -0.1931884 -0.4154353 -0.7494192 -0.2286266 -0.6213701 -0.9935434 -0.07749921 -0.08285909 -0.9944708 -0.04135578 -0.09652781 -0.9976551 0.06236398 -0.02819955 -0.9597935 -0.07415115 -0.2707362 0.7157841 -0.5020978 0.4853358 0.282679 -0.8331751 0.4753019 0.7564746 0.06468039 0.6508169 0.7393281 0.07252269 0.6694285 0.2106925 0.8040322 -0.5560045 0.2297491 0.7532495 -0.6163039 0.2123239 0.8000261 -0.5611389 0.4995955 0.8307073 0.2456213 0.4505554 0.82538 0.3402174 0.5057546 0.8307028 0.2326915 -0.6763902 -0.5724016 0.4635223 -0.6822964 -0.6381997 0.3566129 -0.6822586 -0.6469074 0.3406378 -0.03048354 -0.9982275 0.05111318 -0.3461112 -0.8392146 -0.4194353 -0.5509902 -0.5552383 -0.622993 -0.714142 -0.3369644 -0.6135603 0.6413375 0.5088509 -0.5742449 0.6557919 0.6160865 -0.4363192 0.638746 0.4969896 -0.5873713 0.9622803 0.07699525 -0.2609376 0.9977073 -0.01143205 0.06670546 0.7918184 0.3003059 0.5318271 0.6442546 0.5779293 0.5009329 0.6375709 0.578083 0.5092381 0.3012289 0.8967244 -0.3242631 -0.9612987 -0.2094267 0.1790121 -0.96126 -0.1978917 0.1918806 -0.4486305 -0.866029 0.2207364 -0.444644 0.7411044 -0.5030466 -0.4422369 0.7438637 -0.5010923 -0.2831339 0.415988 0.8641697 -0.2831411 0.4160105 0.8641564 -0.2831338 0.4159879 0.8641698 0.812276 0.5830929 -0.01450711 0.812283 0.5830816 -0.01456588 0.8122832 0.5830813 -0.01456707 0.2830528 -0.4160336 -0.8641743 0.2832698 -0.4159158 -0.86416 0.2832715 -0.4159148 -0.8641599 -0.8123273 -0.5830169 0.01468414 -0.8122732 -0.5830968 0.01451617 -0.8123285 -0.5830154 0.01468753 -0.5100182 0.6977021 -0.5030838 -0.5100076 0.6977184 -0.5030719 -0.5100025 0.6977263 -0.5030661 0.5099301 -0.6978273 0.5029993 0.5099274 -0.6978336 0.5029934 0.5099315 -0.6978244 0.5030021 0.7118701 -4.62305e-6 -0.7023112 0.5242725 -1.59614e-6 -0.8515506 0.524267 -6.0295e-6 -0.851554 -9.75082e-7 0 1 -9.74573e-7 4.89926e-7 1 0.2067457 -3.08008e-5 0.9783948 1 -2.87045e-4 -2.56071e-6 1 -2.89336e-4 -1.19323e-6 0.9811515 -2.81995e-4 0.1932404 -0.2067522 2.99111e-5 0.9783934 -0.2067778 4.11504e-5 0.978388 -0.7317168 0.6661971 0.1441255 -0.7070202 0.7071934 1.83295e-6 -1 2.7862e-4 1.19415e-6 0.9958205 -3.94183e-6 -0.09133255 0.9958215 0 -0.09132176 1 0 -3.02548e-6 0.1551458 -1.65809e-6 -0.9878916 0.155152 -2.82508e-6 -0.9878906 -0.7317299 0.6661846 -0.1441163 -0.9811514 2.70661e-4 -0.1932407 1 0 -3.02532e-6 0.9958208 -2.46293e-6 0.09132963 0.9811494 -2.88309e-4 -0.1932511 0.9811494 -3.03817e-4 -0.1932506 0.2067469 -3.08001e-5 -0.9783945 -1.13126e-6 0 -1 -6.21697e-7 0 -1 -0.2067741 4.03123e-5 -0.9783887 -0.5768884 1.41403e-4 -0.816823 -0.5768709 1.21285e-4 -0.8168355 -0.840164 2.2536e-4 -0.5423325 -0.8401552 2.13905e-4 -0.5423461 0.2067818 -4.07153e-5 0.9783872 0.5768322 -1.22242e-4 0.8168627 0.5768517 -1.4071e-4 0.8168489 0.840134 -2.13905e-4 0.5423789 0.840139 -2.2922e-4 0.5423711 0.9811513 -2.75686e-4 0.1932409 -0.5768784 1.21425e-4 0.8168301 -0.5768928 1.43934e-4 0.8168199 -0.8401522 2.20148e-4 0.5423507 -0.8401555 2.39318e-4 0.5423458 0.2067804 -4.07146e-5 -0.9783874 0.5768477 -1.40984e-4 -0.8168518 0.576833 -1.22238e-4 -0.8168621 0.8401307 -2.3708e-4 -0.542384 0.8401342 -2.15568e-4 -0.5423786 -0.206749 2.8748e-5 -0.978394 4.69895e-5 1 2.82057e-5 -3.95776e-5 1 5.28088e-7 -1.87049e-5 1 -1.49067e-7 1.56106e-5 1 1.16775e-5 4.5609e-5 1 4.21225e-5 -3.60716e-6 1 7.66133e-6 -1.43538e-5 1 1.247e-5 -2.64084e-5 1 -1.60604e-5 1.37332e-5 1 0 -3.97301e-7 1 -7.42029e-6 -2.27341e-7 1 -7.3648e-6 -2.17784e-5 1 -2.25543e-5 -0.6824332 0.728263 -0.06259405 1.03731e-6 1 -1.08332e-5 6.96095e-5 1 -1.46371e-5 4.66135e-5 1 -3.2646e-5 -7.39426e-6 1 4.54371e-6 -2.71468e-5 1 -1.07683e-5 -4.64691e-5 1 -1.72545e-7 -1.54009e-5 1 -1.06182e-5 -4.7945e-5 1 4.92972e-5 -2.92623e-5 1 5.64882e-5 -7.62018e-6 1 4.45535e-5 -4.5406e-7 1 2.03591e-5 2.87079e-5 1 3.24981e-5 -0.682425 0.7282711 0.0625894 0 1 3.11154e-6 2.90292e-5 1 7.56118e-5 1.68914e-5 1 4.80896e-5 0 1 0 -3.68864e-5 1 1.88773e-5 2.18704e-5 1 6.82657e-6 3.04572e-6 1 4.39245e-5 -0.7070704 0.7071432 8.2447e-7 -3.1761e-6 1 -2.33745e-6 2.90302e-5 1 0 -4.65931e-5 1 6.98708e-6 1.42913e-5 1 1.68941e-5 8.68063e-5 1 6.61252e-5 -0.7234985 0.6871293 -0.06635797 2.68555e-5 1 -5.29868e-6 9.86574e-6 1 -6.20172e-7 0 1 -1.46943e-5 8.62605e-7 1 -1.99355e-5 -0.7234964 0.6871318 0.06635397 0 1 -1.87012e-7 1.3428e-5 1 2.8908e-6 0.5242716 -4.5819e-7 0.8515512 0.5242726 -4.05635e-6 0.8515505 0.1551564 -1.00435e-6 0.98789 9.13441e-7 0 -1 0 -6.26679e-7 -1 0.9833174 -1.39001e-5 -0.1818983 0.9833194 -6.05002e-6 -0.181888 0.7118672 -4.30334e-6 0.7023141 0.7118573 -1.21828e-5 0.7023242 2.44995e-7 1.02835e-6 1 2.44965e-7 7.14988e-7 1 -0.1551338 3.17174e-7 0.9878935 -0.1551369 1.43321e-6 0.9878931 -0.5241955 5.75555e-6 0.851598 0.9958202 -5.1312e-6 0.09133541 0.983316 -8.66694e-6 0.1819058 -0.5241903 1.09177e-5 0.8516012 -0.7117643 1.30659e-5 0.7024184 -0.1551355 1.43324e-6 -0.9878933 -0.5241962 7.87114e-6 -0.8515976 -0.5241844 7.32291e-6 -0.8516048 -0.1551312 0 -0.9878939 -0.9833192 4.02843e-5 0.1818881 -0.9833214 3.24332e-5 0.1818763 -0.7117671 9.4481e-6 -0.7024156 -0.7117596 1.1215e-5 -0.7024233 -0.7070783 0.7071353 2.13922e-6 0.1551501 -8.20431e-7 0.9878909 -0.983317 3.22179e-5 -0.1819006 0 1 0 -3.26386e-7 -1.25014e-7 1 0 2.04078e-7 1 0 1.82079e-7 1 0.9961299 0.08789288 -8.03593e-7 0.9259631 0.3776144 -8.32708e-7 0.9259581 0.3776266 -6.69526e-7 -0.9249814 -0.3800123 0 -0.9249859 -0.3800014 0 -0.9955501 -0.09423387 0 0 0 1 0 0 1 0 0 1 0.5211721 -0.8534517 -1.39096e-7 0.5211552 -0.8534619 0 0.06867748 -0.997639 0 -0.06863611 0.9976419 2.21212e-7 -0.5383642 0.8427123 -2.28244e-7 -0.538381 0.8427017 0 1.39784e-7 0 1 1.79261e-7 0 1 0 0 1 0 0 1 1.1039e-6 0 1 1.00554e-6 0 1 -0.9999883 0.004858195 5.80671e-7 -0.9999883 0.004858136 4.16626e-7 -0.9581199 0.2863678 0 0.9518463 -0.3065756 0 0.9999839 -0.005689799 0 0.9999839 -0.005689978 0 -0.9581171 0.286377 -2.65503e-7 0.9518426 -0.3065871 0 0.06867945 -0.9976388 0 -4.12289e-7 -1 0 0 1 -8.83915e-7 -0.0686385 0.9976416 0 0 0 1 0 0 1 0.02925521 0.999572 -9.84147e-7 0.02925449 0.999572 -1.04997e-6 0.02926498 0.9995717 0 0 0 1 0 0 1 0 0 1 -0.9998705 0.01609516 0 -0.9998705 0.01609593 -5.44476e-7 -0.9998705 0.01609534 0 0.9998157 -0.01920223 -2.27841e-7 0.9998157 -0.01920253 0 0.9998157 -0.01920217 -2.98954e-7 0.0292654 0.9995717 -2.27057e-7 0.02926534 0.9995717 -2.42243e-7 0.02926564 0.9995717 0 0 0 1 -1.37287e-7 0 1 -1.26558e-7 0 1 -0.9998705 0.01609522 0 -0.9998705 0.01609593 -5.44476e-7 -0.9998705 0.01609539 0 0.9998157 -0.01920253 -5.43312e-7 0.9998157 -0.01920258 -5.39769e-7 0.9998157 -0.01920253 -5.44324e-7 0.02925515 0.999572 -8.8315e-7 0.02925449 0.9995721 -9.42218e-7 0.02926486 0.9995718 0 0 0 1 -7.34487e-7 0 1 -6.77084e-7 0 1 -0.9998705 0.01609462 0 -0.9998705 0.01609408 5.44477e-7 -0.9998705 0.0160945 0 0.9998157 -0.01920193 0 0.9998157 -0.01920127 -5.29234e-7 0.9998157 -0.01920211 0 0.02926588 0.9995717 -1.26068e-7 0.02926588 0.9995718 -1.345e-7 0.02926582 0.9995717 0 0 0 1 0 0 1 0 0 1 -0.9998705 0.01609605 4.64002e-7 -0.9998705 0.01609516 1.08367e-6 -0.9998705 0.01609581 6.03806e-7 0.9998157 -0.01920115 -7.69887e-7 0.9998157 -0.01920062 -1.09008e-6 0.9998157 -0.01920127 -6.7841e-7 -0.7742703 -0.632855 0 -0.7742695 -0.6328562 0 0.7735062 0.6337888 -9.90789e-7 0.7735059 0.6337892 -3.98553e-7 0 0 1 -3.87007e-7 0 1 0 4.19748e-7 1 0 4.49596e-7 1 0.3768358 0.9262801 -5.86505e-7 0.3768357 0.9262802 -7.19889e-7 0.3768364 0.9262799 -1.33383e-7 -0.3618409 -0.93224 2.53927e-7 -0.3618386 -0.9322408 1.1724e-6 -0.3618392 -0.9322405 9.18476e-7 -2.42265e-7 -1 3.16943e-7 -3.40049e-7 -1 7.38167e-7 0 1 -1.18195e-6 0 1 -1.19244e-6 0 0 1 0.02926558 0.9995717 1.07313e-6 0.02926552 0.9995718 1.06882e-6 0.02926582 0.9995717 1.13318e-6 0 0 -1 0 0 -1 4.22926e-7 0 -1 -1 0 0 1 4.48872e-7 -3.63229e-7 1 2.54123e-7 -2.05637e-7 0.7071726 -0.707041 3.61793e-7 1.51153e-4 -1 0 -5.95106e-6 0 1 4.78635e-7 1.70312e-7 1 -6.34409e-6 0 1 -0.9486771 0.3162468 -1.17453e-5 -1.18678e-4 1 6.32611e-6 -0.9486826 0.3162301 1.31792e-5 0 0 1 -9.26954e-7 -1.82399e-7 1 0 0 1 -0.7071781 0.7070355 -4.09511e-6 -1.6375e-4 1 1.25027e-7 -0.7071819 0.7070317 1.46811e-6 -1 1.2076e-6 2.01661e-6 -1 1.1771e-5 9.59637e-6 -1 1.88192e-5 -1.36211e-5 -1 -2.69703e-6 -5.66392e-6 0.9486829 -0.3162292 -1.5825e-5 1 -1.01098e-5 -1.18139e-5 0.9486806 -0.3162359 -9.79526e-6 0.7071751 -0.7070384 1.89333e-6 1 -6.28609e-6 3.41806e-6 1 3.84547e-6 -1.54052e-5 1 -3.07521e-7 8.45513e-7 1.20649e-4 -1 -3.82129e-6 1.13365e-4 -1 -9.06078e-6 -0.948679 0.3162407 1.18073e-5 -0.9486832 0.3162283 6.32828e-6 -1 8.85133e-6 7.80651e-6 1 1.31872e-5 -2.7612e-5 1 2.6763e-6 0 0.9486904 -0.3162065 -3.10101e-5 1 -2.78202e-5 2.38005e-5 1 5.26908e-6 -1.24062e-5 0.7071452 -0.7070684 1.95623e-5 -0.9486842 0.3162252 -4.36693e-6 -0.7071201 0.7070935 -9.0639e-6 -1 -1.53378e-5 -2.62674e-5 -1 -7.64486e-6 -9.8698e-6 -1 -2.95328e-7 0 0.707143 -0.7070706 -4.24574e-6 0.9486865 -0.3162183 -4.00641e-5 -0.9486864 0.3162184 9.34968e-6 -1 1.32695e-5 1.33096e-5 -1 -2.99936e-6 3.40539e-6 1 5.48444e-6 -3.26087e-6 1 -1.08513e-5 -8.67309e-6 0.9486886 -0.316212 1.50101e-5 0.9486923 -0.3162009 -1.22761e-5 -1 4.63581e-6 1.03805e-6 -0.9486846 0.3162241 1.11335e-5 -1 2.6605e-5 4.44339e-5 1 0 8.53684e-6 0.7071317 -0.7070819 -2.79837e-6 1 -2.39628e-5 -3.27377e-5 1 2.57738e-5 -1.91064e-5 0.9486916 -0.3162032 -1.57804e-5 -0.9486784 0.3162426 1.87891e-5 -0.7071485 0.7070652 -1.66259e-6 1 -2.45689e-5 3.60395e-5 -0.9486832 0.3162282 -9.39254e-6 1 1.60817e-5 1.77447e-5 0.9486894 -0.3162095 6.88888e-6 -1 -1.32183e-5 -2.09021e-5 -0.7071213 0.7070924 -3.49811e-7 -1 -6.25572e-6 1.04773e-5 -1.24516e-4 1 -1.66394e-7 1.67596e-7 0 1 0 0 1 1.38352e-4 -1 -4.51651e-7 1.38352e-4 -1 -7.27931e-7 1.16018e-4 -1 -1.22843e-5 -1.33014e-4 1 7.55527e-6 -9.43519e-7 0 1 -1.92709e-6 0 1 -2.69127e-6 0 1 -1.29984e-4 1 -8.01869e-6 -1.24516e-4 1 -9.7456e-7 -8.49633e-7 0 1 -3.79415e-7 0 1 1.38351e-4 -1 -1.30517e-7 4.84415e-7 1.12317e-6 1 5.00821e-7 1.12317e-6 1 0 1.12317e-6 1 -1.38353e-4 1 0 -1.26797e-6 5.52237e-7 1 -1.21895e-6 5.70935e-7 1 -2.71563e-6 0 1 -1.38352e-4 1 0 -1.38352e-4 1 0 1.10681e-4 -1 0 1.10681e-4 -1 0 1.10681e-4 -1 -1.21789e-7 2.17779e-5 -0.7787318 -0.627357 1.46196e-5 -0.7787344 -0.6273539 6.9329e-6 -0.7787371 -0.6273505 -8.71554e-6 -0.6254546 0.7802606 -6.57023e-6 -0.6254554 0.7802599 -6.11429e-6 -0.6254556 0.7802597 1 4.54098e-5 3.81368e-5 1 6.22376e-5 4.66084e-5 1 6.41484e-5 4.75703e-5 -1 -9.88348e-5 -6.83787e-5 -1 -6.53816e-5 -5.14622e-5 -1 -1.02633e-4 -7.02995e-5 -9.65446e-6 0.7788617 0.627196 -1.36786e-5 0.7788605 0.6271972 -5.24176e-6 0.7788627 0.6271945 1.75298e-5 -0.8103392 0.5859611 1.77138e-5 -0.8103385 0.5859622 1.73322e-5 -0.8103402 0.5859599 3.58356e-7 0.587963 0.8088878 -7.50045e-6 0.5879375 0.8089064 -9.17082e-6 0.5879321 0.8089103 1 9.17296e-5 -7.57873e-5 1 1.27145e-4 -9.11829e-5 1 8.78407e-5 -7.40968e-5 -1 -8.77989e-5 6.96055e-5 -1 -9.27872e-5 6.95363e-5 -1 -9.3335e-5 6.95287e-5 -2.445e-5 0.81021 -0.5861399 -2.12523e-5 0.8102111 -0.5861383 -1.7746e-5 0.8102124 -0.5861364 1.43348e-5 -0.7787301 -0.6273591 9.92987e-6 -0.7787315 -0.6273575 5.19965e-6 -0.7787329 -0.6273558 -8.71508e-6 -0.6254261 0.7802835 -6.56996e-6 -0.6254245 0.7802847 -6.11402e-6 -0.6254242 0.780285 1 8.88493e-5 8.18852e-5 1 1.0452e-4 9.01902e-5 1 1.06299e-4 9.11332e-5 -1 -9.04271e-5 -7.75614e-5 -1 -1.12008e-4 -8.59077e-5 -1 -8.79765e-5 -7.66137e-5 -1.34672e-5 0.7788652 0.6271914 -2.09683e-5 0.7788621 0.6271952 -5.24178e-6 0.7788687 0.6271871 2.86771e-5 -0.8103381 0.5859625 2.79437e-5 -0.8103379 0.5859629 2.94646e-5 -0.8103384 0.5859622 -7.40774e-6 0.5879653 0.8088862 -3.81964e-6 0.5879702 0.8088827 -3.05705e-6 0.5879713 0.8088819 1 3.53393e-5 -4.41485e-5 1 9.05135e-5 -6.71754e-5 1 2.92813e-5 -4.16201e-5 -1 -5.66156e-5 3.48025e-5 -1 -4.18802e-5 3.47681e-5 -1 -4.02621e-5 3.47644e-5 -2.13029e-5 0.8102078 -0.5861427 -1.36422e-5 0.8102101 -0.5861397 -5.24186e-6 0.8102126 -0.5861363 6.96227e-6 -0.7787333 -0.6273552 1.66741e-5 -0.778729 -0.6273606 2.71027e-5 -0.7787243 -0.6273664 1.03433e-5 -0.6254227 0.7802861 9.37659e-6 -0.6254233 0.7802858 9.1711e-6 -0.6254234 0.7802857 1 1.26067e-4 9.73888e-5 1 8.3628e-5 8.06186e-5 1 7.8809e-5 7.87142e-5 -1 -7.67872e-5 -6.60936e-5 -1 -1.07391e-4 -8.28083e-5 -1 -7.33122e-5 -6.41956e-5 -2.0156e-5 0.7788624 0.627195 -1.30422e-5 0.7788652 0.6271914 -2.79563e-5 0.7788591 0.6271988 8.94483e-6 -0.8103336 0.585969 1.24326e-5 -0.8103325 0.5859706 5.19963e-6 -0.8103348 0.5859673 4.92808e-7 0.5879987 0.8088619 7.6508e-6 0.588021 0.8088457 9.17204e-6 0.5880258 0.8088423 1 8.04115e-5 -5.00291e-5 1 1.26446e-5 -1.95554e-5 1 8.78535e-5 -5.33757e-5 -1 -5.77339e-5 4.55923e-5 -1 -5.35367e-5 3.78965e-5 -1 -5.30758e-5 3.70514e-5 -9.53581e-6 0.8102156 -0.586132 -1.34516e-5 0.8102143 -0.5861338 -1.77455e-5 0.810213 -0.5861357 2.0636e-5 -0.7787319 -0.6273571 1.40283e-5 -0.7787345 -0.6273536 6.93291e-6 -0.7787376 -0.62735 -8.25961e-6 -0.6254538 0.7802612 -3.96904e-6 -0.6254513 0.7802632 -3.05717e-6 -0.6254508 0.7802636 1 3.2676e-5 4.46741e-5 1 6.58773e-5 5.29423e-5 1 6.96472e-5 5.38812e-5 -1 -8.5872e-5 -7.47129e-5 -1 -6.73773e-5 -5.79995e-5 -1 -8.7972e-5 -7.66107e-5 -9.05445e-6 0.7788613 0.6271964 -1.25314e-5 0.7788597 0.6271982 -5.24176e-6 0.7788628 0.6271943 1.74888e-5 -0.8103392 0.5859611 1.60209e-5 -0.8103389 0.5859615 1.90651e-5 -0.8103395 0.5859606 1.27028e-6 0.5879659 0.8088858 -2.2985e-6 0.5879704 0.8088824 -3.05697e-6 0.5879714 0.8088817 1 2.43193e-5 -3.65195e-5 1 1.12465e-4 -7.47962e-5 1 1.46406e-5 -3.23166e-5 -1 -4.38196e-5 3.48028e-5 -1 -4.55615e-5 3.47684e-5 -1 -4.57528e-5 3.47646e-5 -1.50195e-5 0.8102101 -0.5861396 -1.11892e-5 0.8102115 -0.5861378 -6.98912e-6 0.810213 -0.5861356 4.11309e-6 -0.7787345 -0.6273537 1.11716e-5 -0.7787321 -0.6273566 1.87511e-5 -0.7787296 -0.6273598 -1.49188e-6 -0.6254543 0.7802609 9.82314e-6 -0.6254284 0.7802816 1.2228e-5 -0.625423 0.780286 1 8.73756e-5 7.44244e-5 1 8.95572e-5 7.44982e-5 1 8.98049e-5 7.45066e-5 -1 -9.00885e-5 -7.54509e-5 -1 -1.08706e-4 -8.3733e-5 -1 -8.79746e-5 -7.45105e-5 -2.1903e-5 0.778862 0.6271954 -1.47894e-5 0.7788648 0.627192 -2.97033e-5 0.778859 0.6271991 1.69382e-5 -0.8103386 0.585962 1.65715e-5 -0.8103388 0.5859617 1.7332e-5 -0.8103383 0.5859623 1.27026e-6 0.5879631 0.8088878 -2.29851e-6 0.5879727 0.8088808 -3.05699e-6 0.5879748 0.8088793 1 4.60305e-5 -4.10209e-5 1 6.52322e-5 -5.63803e-5 1 4.39219e-5 -3.93342e-5 -1 -4.41391e-5 3.48028e-5 -1 -4.88912e-5 3.47684e-5 -1 -4.9413e-5 3.47646e-5 -1.81663e-5 0.8102126 -0.5861362 -1.87991e-5 0.8102124 -0.5861365 -1.9493e-5 0.8102121 -0.5861368 -1 -3.23051e-6 3.17902e-5 -0.7070581 0.7071556 7.4782e-6 -1 2.41911e-5 -3.52329e-6 0.9486709 -0.3162652 1.24393e-6 1 -4.98444e-6 1.26661e-5 0.948666 -0.31628 8.92225e-6 0.9486767 -0.3162475 7.04751e-6 1 -5.74101e-6 7.04415e-6 0.7070487 -0.7071649 9.25697e-7 -1 1.60137e-5 -4.77591e-6 -0.9486748 0.3162536 4.02917e-5 -1 -4.01738e-6 2.66735e-5 -0.9486625 0.3162906 9.75147e-6 -0.7070435 0.7071701 -1.01649e-5 1 -1.85529e-5 -3.07216e-6 1 -2.09668e-5 -5.24134e-6 -1 1.31103e-5 1.83448e-5 -0.7070682 0.7071453 1.13717e-5 -1 3.1334e-6 3.03102e-5 0.9486681 -0.3162733 1.28198e-5 1 0 -6.42987e-6 1 -1.84514e-5 1.5054e-5 1 -2.66552e-5 3.56853e-5 -0.9486668 0.3162773 -2.38418e-5 -0.9486694 0.3162693 2.87143e-5 -1 9.2828e-6 -1.09318e-5 0.948674 -0.3162561 -2.09203e-6 1 -2.7499e-5 1.14782e-5 0.9486691 -0.3162703 3.25654e-5 1 1.5704e-5 2.7683e-5 0.707028 -0.7071855 2.15478e-5 -1 -1.97996e-5 4.29283e-5 -1 4.11692e-5 2.24717e-5 -1 1.27852e-5 -2.0026e-5 1 -2.13356e-5 1.7148e-5 0.7070372 -0.7071764 1.46808e-5 -0.9486643 0.3162851 -2.81953e-5 -0.9486658 0.3162803 2.38654e-5 0.9486735 -0.3162575 8.65808e-6 -1 4.47324e-5 -2.3265e-5 -1.38352e-4 -1 7.56039e-7 -1.38353e-4 -1 0 -6.08611e-7 0 1 -8.71095e-7 0 1 -2.62485e-7 0 1 1.38352e-4 1 -5.57943e-7 1.38351e-4 1 -1.52026e-6 1.38351e-4 1 -9.33814e-7 -1.52188e-4 -1 2.39474e-6 -1.52188e-4 -1 4.02329e-6 -4.85483e-7 0 1 -6.97762e-7 0 1 -2.12286e-7 0 1 -1.38352e-4 -1 -3.38592e-7 8.49593e-7 0 1 1.22902e-6 0 1 3.79434e-7 0 1 1.52186e-4 1 2.33968e-6 1.52187e-4 1 1.41501e-6 -8.95853e-7 5.5225e-7 1 9.85553e-7 1.12317e-6 1 -8.34254e-7 5.70943e-7 1 -1.30992e-4 -1 -5.89997e-6 -1.38351e-4 -1 -1.26051e-5 5.05514e-7 0 1 -1.77947e-6 0 1 4.30644e-7 0 1 -1.3835e-4 -1 9.13079e-7 1.35113e-4 1 -4.21054e-6 1.38351e-4 1 -3.83226e-7 2.11866e-5 -0.7787284 -0.6273613 1.34775e-5 -0.7787312 -0.6273579 5.19959e-6 -0.7787341 -0.6273541 -3.51294e-6 -0.6254197 0.7802887 -5.65808e-6 -0.6254255 0.7802839 -6.11401e-6 -0.6254268 0.780283 1 8.26239e-5 6.23573e-5 1 4.13437e-5 4.54822e-5 1 3.66562e-5 4.3566e-5 -1 -1.24261e-4 -9.76511e-5 -1 -5.64285e-5 -6.42001e-5 -1 -1.31964e-4 -1.0145e-4 -1.34672e-5 0.7788648 0.6271919 -2.09682e-5 0.7788614 0.6271961 -5.24178e-6 0.7788686 0.6271873 5.19971e-6 -0.810339 0.5859613 5.1997e-6 -0.8103391 0.5859612 5.19972e-6 -0.810339 0.5859614 8.71538e-6 0.5879636 0.8088876 6.57016e-6 0.5879676 0.8088845 6.11419e-6 0.5879685 0.8088839 1 1.14923e-4 -7.71627e-5 1 9.48458e-5 -6.19769e-5 1 1.17128e-4 -7.88305e-5 -1 -8.7799e-5 6.96055e-5 -1 -9.27878e-5 6.95368e-5 -1 -9.33356e-5 6.95292e-5 -1.323e-5 0.8102175 -0.5861293 -2.05148e-5 0.8102158 -0.5861319 -2.85027e-5 0.8102136 -0.5861347 0.9487087 -0.3161517 1.35709e-6 6.72648e-4 -0.9999998 -8.58697e-7 6.72641e-4 -0.9999998 1.04494e-6 2.18961e-6 0 1 2.88793e-7 -5.31617e-7 1 2.3982e-6 1.50448e-7 1 1 -1.87255e-6 1.90689e-6 1 -3.66536e-6 6.30831e-7 1 0 6.30828e-7 -1 4.83095e-6 5.26496e-7 -1 3.93782e-6 1.57941e-6 -1 3.89279e-6 1.18935e-6 -1.19189e-6 0 -1 -6.01958e-7 1.73874e-7 -1 -5.95556e-7 2.53195e-7 -1 -0.7073764 0.7068371 6.77368e-7 -6.61622e-4 0.9999999 0 -0.9487031 0.3161687 -6.82827e-7 -1 4.57123e-6 0 -1 3.64513e-6 0 1 -3.10104e-6 3.15881e-6 0 1.49807e-7 -1 -8.72213e-7 0 -1 -9.86662e-7 0 -1 1.01252e-6 -4.10813e-7 1 4.25341e-7 -6.57161e-7 1 1.33792e-6 -2.7135e-7 1 0.7075641 -0.7066492 3.60402e-7 0.00136733 -0.9999991 0 0.00136733 -0.9999991 0 1 -4.05843e-6 3.75816e-7 0.9439236 -0.3301643 4.52505e-7 1 -3.01801e-6 -1.68532e-6 2.7809e-7 -1.49812e-7 1 0 -1.69479e-7 1 -1 3.03355e-6 0 -0.9472591 0.3204689 -1.66602e-7 -0.9472592 0.3204687 0 0 0 1 1.91695e-7 0 1 -1 5.38018e-6 0 1 -2.84259e-6 -3.87141e-6 1 -2.20343e-6 -1.65811e-6 -1 2.61687e-7 0 -1 2.73957e-6 1.08019e-6 1 -9.96364e-7 6.30828e-7 -1.34045e-7 0 1 -1.80973e-7 0 1 1 -5.01865e-6 -9.65527e-7 -1 1.53089e-6 2.95419e-6 0 0 1 0.9166279 0.3997417 -2.53265e-7 0.9914528 -0.1304669 0 0.916629 0.3997391 -2.53265e-7 0.9914512 -0.1304789 0 0 0 -1 2.55475e-7 0 -1 -0.7946036 0.6071287 0 4.30582e-6 -0.8687855 0.4951889 4.89465e-6 -0.8687846 0.4951903 4.97323e-6 -0.8687846 0.4951905 4.4503e-6 0.854056 0.5201812 4.83424e-6 0.8540558 0.5201815 4.88661e-6 0.8540558 0.5201815 -1 -4.0132e-5 1.87445e-5 1 3.34433e-5 -2.65013e-5 4.69838e-6 -0.8687845 0.4951906 4.5021e-6 -0.8687847 0.49519 4.4759e-6 -0.8687849 0.49519 4.88658e-6 0.8540554 0.5201821 4.88658e-6 0.8540555 0.5201819 4.88658e-6 0.8540556 0.5201819 -1 -4.01322e-5 1.47366e-5 1 2.67547e-5 -7.23879e-6 4.75077e-6 -0.8687838 0.4951916 4.94702e-6 -0.8687855 0.4951887 4.97321e-6 -0.8687857 0.4951884 4.88659e-6 0.8540567 0.5201802 4.88659e-6 0.8540551 0.5201826 4.88659e-6 0.8540549 0.5201829 -1 -2.0066e-5 1.12467e-5 1 3.34434e-5 2.00397e-5 4.30581e-6 -0.8687852 0.4951893 4.89464e-6 -0.8687855 0.4951888 4.97321e-6 -0.8687855 0.4951887 4.13608e-6 0.8540547 0.5201833 2.21646e-6 0.8540476 0.5201949 1.95462e-6 0.8540466 0.5201965 -1 -2.67547e-5 1.12467e-5 1 4.68195e-5 -1.84848e-5 -5.31477e-6 -0.001364886 0.9999991 3.00805e-5 -0.1793028 0.983794 5.855e-6 -0.001309931 0.9999992 0.7068377 -0.7073758 0 3.80912e-4 -1 0 3.80914e-4 -1 0 -3.25153e-5 0.1947221 0.9808585 -3.68786e-5 0.1947377 0.9808555 -0.8647969 0.5021218 6.07943e-7 -3.80912e-4 1 0 -0.7068421 0.7073714 0 3.38338e-5 -0.1793181 0.9837912 1.01561e-4 -0.4200069 0.9075209 1.22559e-4 -0.4200325 0.9075092 1.63195e-4 -0.5649461 0.8251278 3.21684e-4 -0.9057623 0.4237859 3.21611e-4 -0.9057623 0.4237859 2.98477e-4 -0.9057725 0.4237642 -8.25368e-5 0.3690686 0.9294022 -1.01007e-4 0.3690716 0.929401 -1.24424e-4 0.4397981 0.8980966 -3.18901e-4 0.9061642 0.422926 -3.18803e-4 0.9061642 0.422926 -2.9234e-4 0.9061754 0.4229023 1 -1.22273e-6 -3.18003e-6 1 4.15694e-6 -3.15778e-6 1 -3.91123e-6 -3.22921e-6 -1 6.359e-6 -6.44047e-6 -1 2.74652e-6 -3.94475e-6 -1 0 -2.62191e-6 1 4.67709e-6 1.38375e-6 1 -2.46801e-6 -9.69075e-7 -1 4.36508e-6 -6.4444e-7 -1 2.23625e-6 -7.17727e-6 1 -3.94457e-6 3.57999e-7 0.8647273 -0.5022417 -4.12189e-7 -0.9169846 0.3989226 1.4789e-6 -1 -4.71403e-6 -2.97796e-6 -1 -1.03412e-6 -5.25565e-6 -1 -8.67102e-6 -2.05197e-6 -1 3.90138e-6 -5.83819e-6 1 6.5478e-7 2.33239e-6 1 6.42135e-6 2.39809e-6 1 4.66927e-6 1.80809e-6 -1 -3.4647e-6 1.77066e-6 -1 1.25019e-5 -8.56794e-7 1 -1.2168e-5 2.96421e-6 1 -1.61675e-6 1.67235e-6 -1 1.33574e-5 1.62958e-6 0.9178444 -0.3969404 1.19178e-6 1 -9.5012e-6 7.11948e-7 -1 1.09349e-5 0 1 -9.73944e-6 0 1 -3.49346e-6 7.45917e-7 -1 -4.99947e-6 -7.80392e-7 -1 -1.06191e-5 -1.55743e-6 1 1.17036e-5 6.30634e-7 1 9.87635e-6 -1.77819e-6 1 2.58013e-6 -5.25327e-6 -1 -1.14238e-5 -2.46225e-6 -1 6.63249e-6 0 -1 1.04684e-5 2.89968e-6 1 -1.23895e-5 0 0.7076055 -0.7066077 0 3.00333e-4 -1 0 3.00333e-4 -1 0 -2.93009e-4 1 0 -0.7076078 0.7066054 0 2.38839e-4 -0.8822973 -0.4706925 2.4615e-4 -0.8822891 -0.4707082 2.35132e-4 -0.8823017 -0.4706845 -2.40992e-4 0.8921388 -0.4517616 -2.44963e-4 0.892135 -0.4517689 -2.38689e-4 0.8921409 -0.4517573 0.9751177 -0.2216882 1.61519e-5 0.9750855 0.2218295 2.66606e-6 0.9751132 -0.2217078 1.66426e-5 0.9982462 -0.05919915 6.42224e-7 0.6894788 -0.7243059 9.20856e-6 0.6894763 -0.7243082 6.78479e-6 -0.2503134 0.9681649 -3.78077e-5 -1.12363e-5 1 -2.93346e-7 -0.2499006 0.9682716 -5.10616e-5 0.2504806 -0.9681217 -1.81354e-5 1.34796e-5 -1 1.70746e-5 1.31175e-5 -1 7.64773e-6 -0.4850868 -0.8744661 -1.37331e-5 -0.4850233 -0.8745014 8.41271e-6 -0.4849357 -0.8745498 -4.48055e-5 -0.9015548 -0.4326652 2.23602e-5 -0.9111434 -0.4120897 8.0406e-6 -0.9015755 -0.432622 2.50875e-5 0.7274326 -0.6861792 -2.7311e-5 0.7277402 -0.685853 2.06085e-5 0.9751472 -0.221558 1.67963e-5 -0.7274219 0.6861906 -4.58822e-5 -0.7276713 0.685926 -1.38191e-5 -0.9997476 0.02246826 5.1116e-6 0.9750987 0.2217718 5.91933e-6 0.9016471 0.4324728 4.03002e-6 0.9750868 0.2218239 2.7696e-6 0.4839947 0.8750709 -8.60729e-5 0.4846394 0.874714 -7.04495e-5 0.4846982 0.8746815 -3.58648e-5 -0.9111995 -0.4119657 1.27746e-5 -0.2696585 -0.1876528 0.944495 -0.15309 -0.5827301 0.798116 -0.01685714 -0.08131968 0.9965456 -0.5419251 -0.2456259 0.803732 -0.4284604 -0.3954336 0.8124371 0.1468868 -0.5845622 0.7979421 0.4283895 -0.3984259 0.8110113 0.4126656 -0.4139991 0.8113644 0.5672553 -0.1356273 0.8122972 0.5716491 -0.1275597 0.810522 -0.1467181 0.5846374 0.797918 -0.4283134 0.398442 0.8110435 -0.4125682 0.414101 0.8113617 -0.5912588 -0.01678574 0.8063071 -0.5868217 0.02662599 0.8092784 0.5351117 0.2633327 0.8026901 0.5691935 0.1291056 0.812004 0.5337762 0.2560348 0.8059338 0.06957066 0.1244053 0.9897896 0.1529524 0.5827974 0.7980933 0.0167858 0.08116054 0.9965597 -0.5424503 -0.2554226 0.8003168 0.1534187 -0.5821689 0.7984623 -0.1533033 0.5821944 0.798466 0.5690709 0.1403408 0.8102239 -0.2424075 0.9701746 -7.75722e-6 -0.6896881 0.7241066 -5.1353e-6 -0.242417 0.9701722 -9.40104e-6 -1.34701e-5 1 -3.13889e-7 -1.34522e-5 1 0 -0.8588867 -0.5121658 3.67648e-6 -0.9640601 -0.2656841 4.26243e-6 -0.9640593 -0.2656872 4.00631e-6 -0.6896781 0.7241161 -2.99364e-6 -0.9640043 0.265887 -1.54396e-7 0.2416521 -0.970363 -8.24758e-7 1.10521e-5 -1 8.98132e-6 1.10642e-5 -1 9.25536e-6 0.47031 0.8825013 2.8062e-6 0.4703099 0.8825015 2.66304e-6 0.4703098 0.8825015 2.62973e-6 -0.4689139 -0.8832439 2.69636e-6 -0.4689056 -0.8832483 5.00523e-6 -0.4689158 -0.8832429 2.15989e-6 0.241684 -0.9703551 7.05948e-6 -0.9640027 0.2658928 0 0.8875545 0.4607027 -2.92827e-6 0.8583835 0.5130087 -7.61613e-6 0.8875401 0.4607307 -9.25686e-6 0.9982445 -0.05922842 -5.51199e-6 -0.5854923 -0.1704797 0.79255 -0.5923892 0.1381112 0.7937257 -0.5875484 -0.1406006 0.7968805 -0.1465387 -0.6073094 0.7808341 0.1578102 -0.604126 0.7811068 0.1492418 -0.608236 0.7795998 0.1470721 0.6071642 0.7808467 -0.1580008 0.6040638 0.7811164 -0.1495995 0.6080245 0.7796962 0.5546163 0.2920092 0.7791864 0.6087377 -0.03102016 0.792765 0.5577049 0.2640938 0.7869053 -0.3001775 -0.5572584 0.7741813 -0.5447077 -0.3052242 0.7811093 -0.5466231 -0.2765991 0.7903772 0.607057 0.002192378 0.7946555 0.4404202 -0.4217191 0.79258 0.4097686 -0.4510734 0.7928571 -0.5801523 0.157931 0.7990501 -0.4405488 0.4217043 0.7925164 -0.4099588 0.4508538 0.7928838 0.5445528 0.3056499 0.7810509 0.5465006 0.2767856 0.7903968 0.3008621 0.556921 0.7741584 -0.9997473 0.02248525 9.64203e-6 -0.9111327 -0.4121131 3.65993e-6 0.4847396 0.8746585 -6.85763e-5 0.4848006 0.8746247 -7.23572e-6 0.9016426 0.4324823 3.14501e-6 -0.7277108 0.6858841 1.27834e-5 -0.2504238 0.9681364 -3.11012e-5 0.7278032 -0.6857861 5.94156e-5 0.2506235 -0.9680847 2.09457e-6 -0.9016916 -0.4323799 2.73346e-5 -0.4840185 -0.8750578 -8.61352e-5 -0.4839382 -0.8751023 -9.7317e-5 0.2499147 -0.9682679 -4.92399e-5 1.25188e-5 -1 -2.3644e-6 -1.11535e-5 1 -5.5249e-7 0.9751172 -0.2216902 1.09551e-5 0.9750865 0.2218252 3.09363e-7 0.9751132 -0.2217082 8.30955e-6 0.9926968 -0.1206367 5.37343e-6 0.6894586 -0.7243251 9.49219e-6 0.6894691 -0.7243152 1.08205e-5 -0.2501826 0.9681987 -1.51727e-5 -1.88123e-5 1 1.97836e-6 -0.2499217 0.9682661 -2.53285e-5 0.2504869 -0.96812 -2.37169e-5 2.37786e-5 -1 1.08377e-6 2.36733e-5 -1 0 -0.485096 -0.874461 -3.11215e-5 -0.4850108 -0.8745083 -4.51875e-5 -0.4849857 -0.8745222 -9.74149e-5 -0.9015525 -0.4326698 1.50713e-5 -0.9339844 -0.3573139 5.17249e-6 -0.9015682 -0.432637 1.90614e-5 0.3324824 -0.9431095 -1.06137e-5 0.7274165 -0.6861962 -1.57929e-5 0.7276216 -0.6859788 2.09842e-6 0.9751471 -0.2215582 9.31201e-6 0.9751298 -0.2216351 6.96939e-6 -0.7274141 0.6861988 -2.45711e-5 -0.727569 0.6860346 -1.02372e-5 -0.9966543 0.0817331 2.62047e-6 0.9750984 0.2217731 3.39897e-6 0.9016676 0.4324299 3.85018e-6 0.9750933 0.2217955 2.2403e-6 0.4839819 0.8750781 -4.59331e-5 0.4843789 0.8748583 -2.75376e-5 0.4844093 0.8748416 -2.24129e-5 -0.9340378 -0.3571743 6.72443e-6 -0.9340047 -0.3572607 3.0512e-6 -0.26966 -0.1876513 0.9444949 -0.1530855 -0.5827213 0.7981233 -0.01685297 -0.08131301 0.9965462 -0.551529 -0.2086504 0.8076391 -0.4284644 -0.3954301 0.8124368 0.1468887 -0.5845566 0.7979457 0.428385 -0.3984244 0.8110145 0.4126605 -0.4139909 0.811371 0.5672513 -0.1356312 0.8122993 0.5716492 -0.1275595 0.810522 -0.1467229 0.5846333 0.7979201 -0.4283156 0.3984402 0.8110432 -0.412572 0.414104 0.8113583 -0.5849196 0.03353351 0.8103978 -0.5832089 0.055058 0.8104542 0.535109 0.26333 0.8026928 0.5691876 0.1291019 0.8120087 0.5337722 0.2560357 0.8059362 0.06957632 0.1244038 0.9897893 0.1529533 0.5827966 0.7980936 0.01678496 0.08115983 0.9965597 -0.5505825 -0.2238292 0.8042136 0.15342 -0.5821653 0.7984647 -0.1533067 0.5821883 0.7984698 0.5690656 0.1403369 0.8102284 -0.2424219 0.970171 -5.84178e-6 -0.6896864 0.7241082 -5.40268e-6 -0.2424362 0.9701674 -8.90174e-6 -2.34243e-5 1 -5.63089e-7 -2.33661e-5 1 0 -0.8588934 -0.5121544 4.62428e-6 -0.9640631 -0.2656738 4.26443e-6 -0.9640616 -0.2656787 5.33848e-6 -0.9639998 0.2659031 -2.83402e-6 -0.6896765 0.7241176 -2.04998e-6 0.2416678 -0.9703592 1.39327e-5 1.84009e-5 -1 1.53545e-6 1.83292e-5 -1 8.42859e-7 0.4703103 0.8825011 -1.23068e-6 0.4702933 0.8825102 -6.52034e-6 0.4702893 0.8825123 -7.75103e-6 -0.4688972 -0.8832527 1.84517e-6 -0.4688944 -0.8832542 1.24725e-6 -0.4688979 -0.8832525 1.98409e-6 0.2416626 -0.9703604 1.28623e-5 -0.9639993 0.2659053 -2.48583e-6 0.9142615 0.4051247 -1.17939e-6 0.8584009 0.5129795 -1.2414e-6 0.914263 0.4051213 4.61472e-7 0.9926961 -0.1206425 5.4919e-6 -0.5854958 -0.1704756 0.7925483 -0.5923961 0.1381112 0.7937205 -0.5875543 -0.1405978 0.7968767 -0.1465365 -0.6073097 0.7808343 0.1578132 -0.6041272 0.7811052 0.1492452 -0.6082349 0.7796 0.1470757 0.6071637 0.7808465 -0.1580069 0.604069 0.7811111 -0.1496104 0.6080261 0.779693 0.5640425 0.2587828 0.7841477 0.6049206 -0.06113278 0.7939358 0.5682819 0.2249925 0.791476 -0.300176 -0.5572611 0.7741799 -0.5447138 -0.3052197 0.781107 -0.5466334 -0.2765948 0.7903716 0.6000719 -0.05053454 0.7983483 0.4404233 -0.4217222 0.7925768 0.4097684 -0.4510746 0.7928568 -0.5801519 0.1579418 0.7990483 -0.4405567 0.4217063 0.7925111 -0.409957 0.4508612 0.7928804 0.5445441 0.3056627 0.7810519 0.5464946 0.2767851 0.7904011 0.3008666 0.5569155 0.7741605 -0.9966526 0.0817542 1.29965e-5 -0.9339774 -0.3573324 0 0.4846942 0.8746837 -3.59239e-5 0.4847397 0.8746585 -6.3413e-5 0.4848061 0.8746216 4.82379e-6 0.9750865 0.2218254 1.06622e-6 0.9016429 0.4324814 3.24886e-6 -0.7276725 0.6859248 -1.30489e-5 -0.7277143 0.6858804 2.17387e-5 -0.2504302 0.9681347 -2.83289e-5 0.7278003 -0.6857892 4.9792e-5 0.2506271 -0.9680837 -1.41762e-6 0.7277367 -0.6858568 1.11039e-5 -0.901616 -0.4325374 8.1784e-6 -0.4846385 -0.8747146 -1.68779e-5 -0.4845948 -0.8747388 -9.56533e-6 2.36748e-5 -1 0 -1.88094e-5 1 -1.96375e-6 -0.2503154 0.9681643 -3.9058e-5 1 -2.63973e-7 5.35438e-5 0.7071415 -0.7070721 7.5697e-5 1 -9.65971e-7 1.07569e-4 -0.4839985 -0.875069 2.08577e-5 -0.4839552 -0.8750928 2.59717e-5 -0.9016947 -0.4323735 1.48218e-5 -0.9966533 0.08174574 5.67196e-6 0.4846451 0.8747109 -7.34606e-5 0.9016471 0.4324728 3.64509e-6 -1.88107e-5 1 -8.82725e-7 2.28322e-5 -1 0 0.7071029 -0.7071107 3.76746e-5 -1 -3.09856e-7 1.07069e-4 -1 -1.51272e-7 5.33863e-5 -1 -3.54276e-7 5.35343e-5 0.707122 -0.7070917 0 2.28334e-5 -1 0 -1.16553e-6 0.8687681 0.4952192 3.2139e-7 0.8687872 0.4951857 3.61779e-7 0.8687878 0.4951848 -1.24706e-6 -0.8540483 0.5201938 -3.49272e-6 -0.8540731 0.520153 -3.55487e-6 -0.8540738 0.5201519 2.07351e-6 4.04335e-4 -1 2.34634e-6 3.9498e-4 -1 2.06591e-6 4.04596e-4 -1 1 2.74229e-4 1.41937e-4 -1 -3.06009e-4 -1.51069e-4 0.6994198 -0.3328863 0.6324545 0.6929305 -0.2326354 0.6824428 0.699481 -0.3359662 0.630756 -0.6994884 -0.3359513 0.6307558 -0.6929544 -0.2326316 0.6824198 -0.6994293 -0.3329062 0.6324335 -0.6694005 -0.592772 0.4477996 -0.6852342 -0.5237779 0.5060741 -0.669398 -0.5927729 0.4478021 0.6694489 -0.5927326 0.4477794 0.6884661 -0.5049005 0.5206631 0.6694445 -0.5927376 0.4477794 -0.6884421 -0.5049076 0.5206879 0.6852701 -0.5237374 0.5060672 0.4952049 0.8687763 7.9838e-5 0.4952042 0.8687767 7.98248e-5 0.495204 0.8687767 7.98242e-5 0.5201669 -0.8540647 7.92547e-5 0.5201699 -0.8540628 7.89661e-5 0.52017 -0.8540628 7.8953e-5 -1 3.96429e-4 -1.56028e-4 -1 4.03959e-4 -1.56623e-4 -1 3.96085e-4 -1.56001e-4 3.34433e-4 3.64986e-4 -0.9999999 -3.34435e-4 -3.64989e-4 0.9999999 0.4952045 0.8687766 8.12918e-5 0.4952056 0.8687759 8.13074e-5 0.4952057 0.8687759 8.13081e-5 0.5201682 -0.8540639 7.84885e-5 0.5201719 -0.8540616 7.82584e-5 0.5201721 -0.8540615 7.82479e-5 -1 3.94957e-4 -1.56885e-4 -1 4.02992e-4 -1.57282e-4 -1 3.9459e-4 -1.56867e-4 3.34434e-4 3.68275e-4 -1 -3.34435e-4 -3.64991e-4 0.9999999 -1.3974e-6 0.8687652 0.4952242 4.32664e-7 0.8687863 0.4951871 4.82372e-7 0.8687869 0.4951862 -1.45921e-6 -0.8540572 0.5201791 -2.80663e-6 -0.8540699 0.5201585 -2.84392e-6 -0.8540703 0.5201579 2.48037e-6 4.04334e-4 -1 2.35741e-6 3.94987e-4 -1 2.4838e-6 4.04594e-4 -1 1 2.67548e-4 1.61463e-4 -1 -2.95979e-4 -1.57082e-4 0.4952037 0.8687769 6.31764e-5 0.4951852 0.8687875 6.2146e-5 0.4951846 0.8687879 6.21104e-5 0.5201722 -0.8540614 6.27438e-5 0.5201848 -0.8540538 6.20918e-5 0.5201852 -0.8540535 6.20689e-5 -1 3.95882e-4 -1.22675e-4 -1 4.12967e-4 -1.23634e-4 -1 3.95277e-4 -1.22641e-4 3.37772e-4 3.64983e-4 -1 -3.34428e-4 -3.64982e-4 1 0.4952055 0.8687759 6.20317e-5 0.4952038 0.8687769 6.21077e-5 0.4952037 0.8687769 6.21103e-5 0.5201631 -0.854067 6.33046e-5 0.5201793 -0.8540571 6.23971e-5 0.5201799 -0.8540568 6.23652e-5 -1 4.06235e-4 -1.23165e-4 -1 4.15792e-4 -1.23486e-4 -1 4.05896e-4 -1.23154e-4 3.37776e-4 3.64984e-4 -0.9999999 -3.27737e-4 -3.74848e-4 0.9999999 0.6994186 -0.3328866 0.6324557 0.6929289 -0.2326321 0.6824455 0.6994806 -0.3359655 0.6307567 -0.6994873 -0.3359515 0.6307568 -0.6929544 -0.2326306 0.6824201 -0.6994283 -0.3329057 0.632435 -0.669399 -0.5927729 0.4478005 -0.6852326 -0.5237795 0.5060746 -0.6693969 -0.5927733 0.4478032 0.6694545 -0.5927301 0.4477742 0.6884691 -0.5048993 0.5206602 0.6694539 -0.5927309 0.4477742 -0.6884404 -0.5049088 0.520689 0.6852706 -0.5237401 0.5060639 0.6994199 -0.3328853 0.6324549 0.6929301 -0.2326348 0.6824435 0.699482 -0.335965 0.6307556 -0.6994851 -0.3359513 0.6307593 -0.6929512 -0.2326305 0.6824235 -0.6994268 -0.3329064 0.6324362 -0.6693972 -0.5927745 0.447801 -0.685231 -0.523781 0.5060752 -0.6693952 -0.592775 0.4478034 0.6694495 -0.5927331 0.4477777 0.6884665 -0.5049006 0.5206625 0.6694471 -0.5927362 0.4477773 -0.6884387 -0.5049102 0.52069 0.6852692 -0.5237395 0.5060665 0.6994167 -0.332887 0.6324576 0.6929275 -0.2326363 0.6824455 0.6994776 -0.3359673 0.6307592 -0.699487 -0.3359525 0.6307566 -0.6929541 -0.2326305 0.6824206 -0.6994284 -0.3329074 0.632434 -0.6694009 -0.5927707 0.4478005 -0.6852329 -0.52378 0.5060735 -0.6693998 -0.5927708 0.4478021 0.6694494 -0.5927323 0.4477788 0.6884627 -0.5049028 0.5206652 0.6694494 -0.5927325 0.4477788 -0.68844 -0.50491 0.5206882 0.6852652 -0.5237424 0.5060687 0.6994202 -0.3328842 0.6324552 0.6929302 -0.2326337 0.6824437 0.6994806 -0.3359648 0.6307571 -0.6994892 -0.3359525 0.6307542 -0.6929569 -0.2326305 0.6824176 -0.6994284 -0.3329058 0.6324347 -0.6693974 -0.5927745 0.4478009 -0.685229 -0.5237807 0.5060783 -0.6693974 -0.5927743 0.447801 0.6694521 -0.5927308 0.4477769 0.6884656 -0.5049012 0.5206631 0.6694505 -0.5927329 0.4477765 -0.6884368 -0.5049105 0.520692 0.6852693 -0.5237387 0.5060669 0.6994197 -0.3328856 0.6324551 0.6929302 -0.2326357 0.682443 0.6994802 -0.3359664 0.6307568 -0.6994891 -0.3359524 0.6307545 -0.6929556 -0.2326304 0.6824191 -0.69943 -0.3329079 0.6324318 -0.6693978 -0.5927707 0.4478053 -0.6852324 -0.5237804 0.5060738 -0.6693948 -0.5927703 0.4478102 0.669447 -0.5927354 0.4477787 0.6884626 -0.5049039 0.5206643 0.6694458 -0.5927367 0.4477786 -0.688441 -0.5049104 0.5206866 0.6852656 -0.5237434 0.5060672 0.6994181 -0.3328856 0.6324567 0.6929283 -0.2326356 0.6824449 0.6994789 -0.3359661 0.6307584 -0.6994869 -0.3359522 0.6307569 -0.6929536 -0.2326313 0.6824207 -0.6994282 -0.3329081 0.6324337 -0.6693928 -0.5927785 0.4478023 -0.6852315 -0.5237843 0.506071 -0.6693869 -0.592779 0.4478105 0.669445 -0.5927377 0.4477782 0.6884632 -0.5049026 0.5206648 0.6694412 -0.5927422 0.4477783 -0.6884413 -0.5049127 0.520684 0.685267 -0.523741 0.5060679 0.6994186 -0.01132941 0.7146225 0.6929286 0.10069 0.7139409 0.6994791 -0.01484364 0.7144989 -0.6994887 -0.01483285 0.7144898 -0.6929575 0.1006829 0.7139138 -0.6994278 -0.01135784 0.7146131 -0.6693975 -0.326605 0.6672602 -0.6852304 -0.2387289 0.68809 -0.6693962 -0.3266043 0.667262 0.6694467 -0.3265808 0.6672227 0.6884619 -0.2152961 0.6925805 0.6694453 -0.3265819 0.6672236 -0.6884384 -0.2152919 0.6926053 0.6852655 -0.2386968 0.6880663 0.6994201 -0.01133084 0.7146211 0.69293 0.1006867 0.7139399 0.6994811 -0.01484382 0.714497 -0.6994873 -0.01483213 0.7144912 -0.6929561 0.1006836 0.7139151 -0.6994274 -0.0113607 0.7146134 -0.669399 -0.3266038 0.6672593 -0.685231 -0.2387298 0.688089 -0.6693983 -0.3266036 0.6672601 0.6694476 -0.3265789 0.6672227 0.6884624 -0.215295 0.6925804 0.6694474 -0.3265796 0.6672227 -0.6884384 -0.2152916 0.6926054 0.6852654 -0.2386963 0.6880664 0.6994179 -0.01133263 0.7146232 0.6929284 0.1006871 0.7139414 0.6994795 -0.01484507 0.7144985 -0.6994875 -0.01483291 0.7144908 -0.6929545 0.1006829 0.7139167 -0.6994275 -0.01135945 0.7146133 -0.669401 -0.3266037 0.6672574 -0.6852314 -0.2387278 0.6880894 -0.6694016 -0.3266039 0.6672567 0.6694512 -0.3265764 0.6672202 0.6884645 -0.2152947 0.6925784 0.669451 -0.3265764 0.6672206 -0.6884382 -0.2152905 0.6926059 0.685267 -0.2386962 0.6880649 0.6994153 -0.01133024 0.7146257 0.6929274 0.1006907 0.713942 0.699476 -0.01484471 0.714502 -0.6994891 -0.01483374 0.7144894 -0.6929578 0.1006835 0.7139135 -0.6994292 -0.01136046 0.7146117 -0.6694011 -0.3266016 0.6672583 -0.6852331 -0.2387282 0.6880876 -0.6694003 -0.3266016 0.667259 0.6694475 -0.3265792 0.6672227 0.6884607 -0.2152951 0.692582 0.669449 -0.3265776 0.667222 -0.6884402 -0.2152917 0.6926036 0.685262 -0.2386995 0.6880688 0.6994187 -0.01133203 0.7146224 0.6929302 0.1006894 0.7139394 0.6994804 -0.01484435 0.7144976 -0.6994869 -0.01483064 0.7144916 -0.6929554 0.1006854 0.7139155 -0.6994265 -0.01135647 0.7146144 -0.6694003 -0.3266041 0.6672579 -0.6852319 -0.2387281 0.6880888 -0.6693998 -0.3266041 0.6672584 0.6694533 -0.3265773 0.6672179 0.688467 -0.2152931 0.6925764 0.6694536 -0.3265771 0.6672176 -0.6884388 -0.2152905 0.6926052 0.6852684 -0.2386959 0.6880636 0.699419 -0.01133209 0.7146221 0.6929284 0.1006867 0.7139414 0.6994805 -0.01484405 0.7144976 -0.6994879 -0.01483333 0.7144905 -0.6929548 0.1006834 0.7139163 -0.6994279 -0.01135939 0.7146129 -0.6694015 -0.3266034 0.667257 -0.6852322 -0.2387273 0.6880888 -0.6694018 -0.326604 0.6672564 0.6694508 -0.3265773 0.6672204 0.6884642 -0.2152944 0.6925789 0.6694509 -0.3265769 0.6672205 -0.6884391 -0.2152903 0.6926051 0.6852669 -0.2386962 0.688065 0.699418 -0.01133108 0.7146232 0.6929284 0.1006882 0.7139413 0.6994794 -0.01484358 0.7144986 -0.6994886 -0.01483213 0.7144899 -0.6929575 0.1006838 0.7139137 -0.6994284 -0.01136016 0.7146124 -0.6694008 -0.3266029 0.667258 -0.6852324 -0.2387279 0.6880884 -0.6694005 -0.3266034 0.667258 0.6694482 -0.3265771 0.667223 0.6884629 -0.2152938 0.6925803 0.6694486 -0.3265768 0.6672227 -0.6884393 -0.2152909 0.6926047 0.6852648 -0.2386963 0.6880671 0.6994188 0.2504487 0.6693944 0.6929305 0.3544831 0.6278448 0.6994789 0.2471327 0.670563 -0.6994846 0.2471408 0.6705541 -0.6929517 0.3544683 0.6278298 -0.6994264 0.2504163 0.6693986 -0.6693981 -0.06034374 0.740449 -0.6852297 0.02906942 0.7277468 -0.6693981 -0.06034356 0.7404492 0.6694513 -0.06033384 0.7404018 0.6884624 0.05252277 0.7233678 0.6694532 -0.06033289 0.7404001 -0.6884362 0.05253601 0.7233917 0.6852647 0.02908885 0.7277131 0.6994179 0.2504511 0.6693944 0.6929287 0.3544856 0.6278453 0.6994783 0.247134 0.6705631 -0.699486 0.2471403 0.6705528 -0.6929535 0.3544669 0.6278285 -0.6994267 0.2504181 0.6693975 -0.6694019 -0.06034278 0.7404457 -0.6852321 0.02907073 0.7277445 -0.6694027 -0.06034302 0.740445 0.6694507 -0.06033569 0.7404022 0.6884625 0.05252176 0.7233678 0.6694523 -0.06033509 0.7404009 -0.6884379 0.05253678 0.7233901 0.6852648 0.02908885 0.7277128 0.6994205 0.2504492 0.6693925 0.6929304 0.35448 0.6278467 0.6994813 0.2471318 0.6705609 -0.6994869 0.2471402 0.6705519 -0.6929554 0.354462 0.6278293 -0.6994265 0.2504196 0.6693972 -0.6694008 -0.06034165 0.7404468 -0.6852322 0.02907252 0.7277442 -0.6694 -0.06034189 0.7404475 0.6694512 -0.06033241 0.7404019 0.6884621 0.05252236 0.7233681 0.6694535 -0.06033062 0.7404 -0.6884394 0.05254095 0.7233883 0.6852648 0.02908879 0.7277128 0.6994212 0.2504477 0.6693924 0.6929317 0.3544816 0.6278444 0.6994823 0.2471294 0.6705607 -0.6994826 0.2471432 0.6705553 -0.6929516 0.3544635 0.6278327 -0.699424 0.2504193 0.6694 -0.6693989 -0.06034368 0.7404484 -0.6852326 0.02906805 0.7277439 -0.6693966 -0.06034171 0.7404506 0.6694509 -0.06032884 0.7404026 0.6884657 0.05252367 0.7233645 0.6694493 -0.06032955 0.740404 -0.6884393 0.05253726 0.7233886 0.6852688 0.02909058 0.7277091 0.699422 0.2504463 0.6693919 0.6929321 0.3544795 0.6278451 0.6994838 0.2471307 0.6705586 -0.699485 0.2471417 0.6705533 -0.6929537 0.3544653 0.6278291 -0.699426 0.2504177 0.6693984 -0.6694017 -0.06033957 0.7404462 -0.6852324 0.02907127 0.7277441 -0.6694014 -0.06033933 0.7404465 0.6694536 -0.06033182 0.7403998 0.688467 0.05252325 0.7233633 0.6694531 -0.06033223 0.7404003 -0.6884385 0.05253928 0.7233893 0.68527 0.0290901 0.727708 0.69942 0.2504496 0.6693928 0.6929305 0.3544811 0.627846 0.6994807 0.2471318 0.6705616 -0.6994853 0.2471414 0.670553 -0.6929546 0.3544647 0.6278286 -0.6994256 0.2504224 0.6693971 -0.6694025 -0.06034058 0.7404454 -0.6852346 0.02907031 0.7277421 -0.6694017 -0.06034022 0.7404462 0.6694516 -0.06033271 0.7404016 0.6884619 0.05252182 0.7233684 0.6694558 -0.06033062 0.7403981 -0.6884407 0.05253893 0.7233872 0.6852633 0.02908813 0.7277144 0.6994183 0.250448 0.6693953 0.6929274 0.3544821 0.6278488 0.6994807 0.2471318 0.6705616 -0.6994844 0.2471406 0.6705543 -0.6929538 0.3544664 0.6278285 -0.6994237 0.2504203 0.6693999 -0.6693992 -0.06034237 0.7404482 -0.6852289 0.0290721 0.7277473 -0.6693999 -0.06034415 0.7404474 0.6694521 -0.06033277 0.7404011 0.688466 0.05252361 0.7233642 0.6694515 -0.06033444 0.7404016 -0.6884349 0.05253827 0.7233928 0.6852687 0.02909141 0.7277092 0.4952033 0.1965656 -0.846248 0.4952037 0.1965652 -0.8462479 0.4952038 0.1965652 -0.8462479 0.5201756 -0.1931225 0.8319382 0.5201771 -0.1931213 0.8319374 0.5201755 -0.1931225 0.8319382 -1 -1.39694e-5 -4.48461e-4 -1 -1.8763e-5 -4.30624e-4 -1 -1.89212e-5 -4.30035e-4 3.3193e-4 -0.973838 -0.2272432 -3.32769e-4 0.9738381 0.2272431 0.4952033 0.1965658 -0.8462481 0.4951997 0.1965662 -0.84625 0.4951996 0.1965662 -0.84625 0.5201799 -0.1931211 0.8319358 0.5201669 -0.1931236 0.8319434 0.5201804 -0.193121 0.8319355 -1 -1.98966e-5 -4.23518e-4 -1 -2.01556e-5 -4.23518e-4 -1 -2.01642e-5 -4.23518e-4 3.57843e-4 -0.9738379 -0.227244 -3.46978e-4 0.9738427 0.2272229 3.63848e-7 0.8688018 0.4951603 -1.04703e-6 0.8687859 0.4951881 -1.08535e-6 0.8687854 0.4951888 -2.53012e-6 -0.8540527 0.5201865 -2.60478e-6 -0.8540562 0.5201808 -2.60685e-6 -0.8540563 0.5201807 2.83174e-6 4.0435e-4 -1 1.90891e-6 3.94988e-4 -1 2.85746e-6 4.04611e-4 -1 1 2.74235e-4 1.57454e-4 -1 -2.75916e-4 -1.69081e-4 -5.83906e-7 0.8687829 0.4951933 -9.54673e-7 0.8687765 0.4952046 -9.64744e-7 0.8687763 0.4952049 -2.14835e-6 -0.8540654 0.5201659 -1.67211e-6 -0.8540619 0.5201715 -1.65894e-6 -0.8540619 0.5201716 2.06246e-6 4.04602e-4 -1 1.88805e-6 4.04596e-4 -1 2.06732e-6 4.04603e-4 -1 1 2.80923e-4 1.61209e-4 -1 -2.95983e-4 -1.80341e-4 0.8687847 2.07113e-6 0.49519 0.868782 2.03094e-6 0.495195 0.8687847 2.07204e-6 0.49519 -0.8540561 0 0.5201811 -0.8540576 -3.91044e-7 0.5201787 -0.8540561 0 0.5201811 2.56515e-4 -1 1.46316e-4 -2.56513e-4 1 -1.50495e-4 0.2798517 -0.6545327 -0.702332 0.2061029 -0.4820468 -0.8515589 0.2061017 -0.4820451 -0.8515601 4.8754e-7 -4.56253e-7 1 0.08130675 -0.1900947 0.9783932 9.97012e-7 -4.56141e-7 1 0.3934055 -0.9193652 6.43479e-6 0.3859707 -0.9020472 0.1932292 0.3934044 -0.9193655 5.81893e-6 -0.08130741 0.1901034 0.9783915 -0.08132648 0.1901145 0.9783878 -0.9002107 0.4109075 0.1441383 -0.3933981 0.9193683 -2.05172e-6 -0.9282047 0.37207 0 0.3914734 -0.9156471 -0.09131902 0.3931318 -0.9194822 3.62583e-6 0.3914653 -0.9156516 -0.09130811 0.06099712 -0.1426636 -0.98789 0.06099563 -0.1426688 -0.9878892 -0.3859682 0.902045 -0.1932447 -0.9002144 0.4109027 -0.144129 0.3931308 -0.9194827 3.66687e-6 0.3914669 -0.9156503 0.09131443 0.3859715 -0.9020404 -0.1932599 0.3859579 -0.9020521 -0.193232 0.08130395 -0.1900982 -0.9783927 1.21885e-7 0 -1 2.49247e-7 0 -1 -0.08132576 0.1901118 -0.9783884 -0.2268959 0.5303755 -0.8168354 -0.2269226 0.5303793 -0.8168256 -0.3304892 0.772418 -0.5423537 -0.3305009 0.7724223 -0.5423405 0.08132737 -0.1901113 0.9783883 0.2268887 -0.5303452 0.8168571 0.2269172 -0.5303453 0.8168492 0.330493 -0.7723846 0.5423988 0.3305053 -0.7723966 0.5423741 0.3859715 -0.9020427 0.1932486 -0.2269011 0.5303867 0.8168268 -0.2269249 0.5303897 0.8168182 -0.3304872 0.772418 0.5423547 -0.3304988 0.7724218 0.5423422 0.08132499 -0.1901083 -0.978389 0.2268853 -0.5303468 -0.8168571 0.2269163 -0.5303413 -0.8168519 0.3304936 -0.7723813 -0.5424032 0.3305026 -0.7723934 -0.5423804 -0.08130609 0.1901021 -0.9783918 -0.9194744 -0.3931501 1.47962e-5 -0.9194805 -0.3931356 -2.51881e-6 -0.9194852 -0.3931246 -4.56694e-6 -0.9194818 -0.3931329 3.70316e-6 -0.9194737 -0.3931515 2.05605e-5 -0.9194773 -0.3931431 -2.34512e-6 -0.919484 -0.3931274 5.33975e-6 -0.9194874 -0.3931197 9.43022e-6 -0.9194782 -0.3931411 -1.26974e-5 -0.9194776 -0.3931428 -1.48531e-5 -0.9974389 -0.01213312 -0.07048732 -0.9194811 -0.3931342 1.36717e-5 -0.9379181 0.3411628 -0.06259214 -0.9194707 -0.3931589 8.70563e-6 -0.9194865 -0.393122 -2.8732e-6 -0.9194794 -0.3931382 6.15515e-6 -0.9194838 -0.3931282 0 -0.9194751 -0.3931483 1.96636e-7 -0.919479 -0.3931393 -9.11192e-6 -0.91948 -0.3931369 3.47161e-6 -0.9194787 -0.39314 -3.42871e-6 -0.9194768 -0.3931443 -1.84776e-5 -0.9194835 -0.3931287 -2.82341e-6 -0.9974398 -0.01209914 0.070481 -0.9194799 -0.3931371 7.00004e-6 -0.9379132 0.3411771 0.06258738 -0.9194733 -0.3931525 0 -0.9194765 -0.393145 4.72124e-6 -0.9194772 -0.3931432 1.69127e-5 -0.919489 -0.3931156 2.09148e-6 -0.9194771 -0.3931435 2.00515e-6 -0.9194758 -0.3931466 -1.14569e-5 -0.9194754 -0.3931478 -1.32365e-5 -0.9194698 -0.3931608 1.63514e-6 -0.9281764 0.3721407 -1.55733e-6 -0.9194743 -0.3931503 -7.95901e-6 -0.9194732 -0.3931525 1.11915e-6 -0.9194767 -0.3931447 3.56888e-6 -0.9162147 0.3951542 -0.06636184 -0.9194756 -0.3931472 3.07357e-5 -0.9194756 -0.3931473 7.5169e-6 -0.9194775 -0.3931428 7.12745e-6 -0.9194795 -0.3931382 2.24078e-6 -0.9194794 -0.3931381 -2.11585e-6 -0.9162221 0.3951373 0.06635969 -0.9194725 -0.3931544 -8.41036e-6 -0.9194797 -0.3931375 -6.70529e-6 0.2061045 -0.4820376 0.8515638 0.06099796 -0.1426652 0.9878896 0.2061061 -0.4820543 0.8515539 7.94844e-7 0 -1 -3.97411e-7 0 -1 0.3865597 -0.9041574 -0.1818543 0.38657 -0.9041498 -0.1818698 0.2798504 -0.6545274 0.7023374 0.2798418 -0.6545522 0.7023177 -0.0609923 0.1426598 0.9878908 -0.06099468 0.1426534 0.9878915 -0.2060887 0.4819849 0.8515974 0.391465 -0.915651 0.09131473 0.3865538 -0.9041584 0.1818623 -0.2060942 0.4819831 0.851597 -0.2798346 0.6544399 0.7024251 -0.06099277 0.1426457 -0.9878928 -0.20609 0.4819775 -0.8516012 -0.206099 0.4819874 -0.8515936 -0.06098955 0.142654 -0.9878918 -0.9855278 0.1400792 0.09546148 -0.279843 0.6544472 -0.702415 -0.2798427 0.6544544 -0.7024083 -0.9281714 0.372153 4.62985e-7 0.06099575 -0.1426697 0.9878891 3.94961e-6 -0.868775 0.4952071 2.51742e-6 -0.8687847 0.49519 2.42976e-6 -0.8687854 0.495189 1.05616e-6 0.8540556 0.5201818 1.00822e-6 0.8540554 0.5201822 1.00523e-6 0.8540554 0.5201822 -1 -2.34104e-4 1.1169e-4 1 2.40787e-4 -1.30956e-4 -1.84583e-5 -1 6.68671e-5 -1.7479e-6 -1 6.91414e-5 -2.0214e-5 -1 6.66282e-5 -0.8748361 0.4844191 6.95905e-5 -0.8748403 0.4844115 6.83704e-5 -0.8748409 0.4844107 6.82395e-5 0.868993 0.4948244 -1.37775e-4 0.8689786 0.4948496 -1.33679e-4 0.8689945 0.4948217 -1.38218e-4 -1.11854e-4 -2.29426e-4 -1 1.12035e-4 2.3131e-4 1 -0.8687848 4.41494e-7 0.4951899 -0.8687804 1.01306e-6 0.4951975 -0.868785 4.16448e-7 0.4951896 0.8540596 -4.05072e-6 0.5201752 0.8540551 -4.61147e-6 0.5201827 0.8540598 -4.02568e-6 0.5201749 -4.0298e-4 3.55519e-6 -1 -4.01037e-4 3.6042e-6 -1 -4.0095e-4 3.60641e-6 -1 -3.15718e-4 1 1.56661e-4 3.3545e-4 -1 -1.67217e-4 -1.57182e-5 -0.8598502 -0.5105467 -1.55544e-5 -0.8598502 -0.5105467 -1.55372e-5 -0.8598501 -0.5105467 -0.8748348 0.4164789 0.2474052 -0.8748316 0.4164846 0.2474074 -0.8748353 0.4164783 0.247405 0.8689852 0.4255383 0.2525509 0.868996 0.4255203 0.2525439 0.8689973 0.4255184 0.2525432 -1.054e-4 0.5104146 -0.8599285 1.05346e-4 -0.5104132 0.8599294 -1.78621e-5 -0.8574433 0.5145784 1.05287e-5 -0.8574413 0.5145819 -2.0845e-5 -0.8574436 0.5145781 -0.8748466 0.4153983 -0.2491739 -0.8748362 0.4154161 -0.2491809 -0.8748351 0.415418 -0.2491816 0.8689867 0.4242392 -0.2547218 0.8689935 0.4242281 -0.2547173 0.8689861 0.4242404 -0.2547222 -1.21807e-4 -0.5147094 -0.8573647 1.02001e-4 0.5147202 0.8573582 -1.57184e-5 -0.8598501 -0.5105467 -1.55543e-5 -0.8598502 -0.5105466 -1.5537e-5 -0.8598502 -0.5105465 -0.8748395 0.4164714 0.2474014 -0.8748393 0.4164721 0.2474011 -0.8748395 0.4164713 0.2474014 0.8689925 0.4255264 0.2525461 0.8689928 0.4255257 0.2525461 0.8689928 0.4255256 0.2525461 -1.05397e-4 0.5104041 -0.8599347 1.06181e-4 -0.5104036 0.859935 -2.08407e-5 -0.8574412 0.514582 -2.08006e-5 -0.8574411 0.5145822 -2.0845e-5 -0.8574412 0.514582 -0.8748434 0.4154028 -0.2491782 -0.87484 0.4154083 -0.2491804 -0.8748397 0.4154089 -0.2491807 0.8689832 0.4242454 -0.254724 0.8689967 0.424223 -0.254715 0.8689817 0.4242479 -0.254725 -1.21808e-4 -0.5147101 -0.8573643 1.22904e-4 0.5147203 0.8573582 0.5242639 6.6396e-6 -0.8515559 0.7118536 5.31144e-6 -0.7023279 0.5242726 8.54076e-6 -0.8515505 0 1.91658e-6 1 0.2067971 7.80314e-5 0.978384 0.2067053 9.16139e-5 0.9784033 0.707386 -0.7068275 -1.63663e-6 0.9811472 7.22489e-4 0.1932604 0.7320523 -0.6658186 0.1441708 -0.2068077 -7.42143e-5 0.9783817 0 1.91659e-6 1 -0.981153 -7.07902e-4 0.1932317 -0.9999998 -7.25083e-4 0 -0.9811484 -7.22092e-4 0.1932548 0.7071004 -0.7071132 -1.72598e-6 0.7235137 -0.6871145 -0.06634527 0.6824499 -0.7282487 -0.06257778 0.155153 2.48965e-6 -0.9878905 0.1551617 2.48979e-6 -0.9878892 -0.9999998 -7.24497e-4 0 -0.9811468 -7.10911e-4 -0.1932631 0.682435 -0.728262 0.06258678 0.7071042 -0.7071093 -1.72489e-6 0.7320569 -0.6658141 -0.1441683 0.9999998 7.46928e-4 -1.94691e-6 0 0 -1 0.2067947 7.09777e-5 -0.9783844 0 0 -1 -0.2067162 -8.92824e-5 -0.978401 -0.576927 -3.12175e-4 -0.8167957 -0.2068066 -7.60906e-5 -0.9783818 -0.5768471 -3.41395e-4 -0.8168522 -0.8401741 -5.5403e-4 -0.5423165 -0.8401358 -5.77779e-4 -0.5423759 -0.9811528 -7.03189e-4 -0.1932327 0.5768884 3.18061e-4 0.816823 0.5768067 3.47769e-4 0.8168806 0.840155 5.64134e-4 0.5423461 0.8401172 5.87872e-4 0.5424047 -0.2067168 -8.6875e-5 0.9784008 -0.576926 -3.05729e-4 0.8167964 -0.576847 -3.32813e-4 0.8168523 -0.8401706 -5.36202e-4 0.5423219 -0.8401364 -5.64131e-4 0.542375 0.2067101 8.5686e-5 -0.9784023 0.5768911 3.10261e-4 -0.816821 0.5768111 3.39478e-4 -0.8168775 0.8401526 5.46688e-4 -0.54235 0.840117 5.72269e-4 -0.5424048 3.95563e-5 -1 4.60093e-6 9.44819e-6 -1 4.27623e-6 0 -1 0 -2.71681e-5 -1 3.83092e-6 1.83815e-5 -1 8.30885e-6 -3.85145e-5 -1 -3.66518e-7 0 -1 0 0 -1 0 0 -1 0 0 -1 0 0 -1 0 1.4553e-6 -1 -2.71406e-6 0 -1 0 3.49463e-6 -1 -8.58532e-6 6.53402e-6 -1 1.05043e-5 7.9581e-6 -1 -1.15405e-5 1.1236e-6 -1 -2.04932e-6 -1.86187e-6 -1 -5.33382e-6 2.27838e-5 -1 9.13046e-6 -1.30562e-5 -1 5.17514e-6 2.39653e-6 -1 5.13217e-6 -9.61309e-6 -1 7.75955e-6 -6.20328e-6 -1 0 5.37166e-6 -1 1.71866e-6 1.39746e-5 -1 1.84602e-6 0 -1 0 0 -1 0 -1.44583e-5 -1 -7.34891e-7 -1.48039e-5 -1 -3.53776e-6 1.43757e-7 -1 1.16767e-5 3.40705e-6 -1 3.15628e-6 7.51134e-6 -1 2.1256e-6 0 -1 0 5.85513e-6 -1 0 5.41669e-6 -1 -1.45105e-6 0 -1 0 0 -1 0 -3.51278e-6 -1 -1.56864e-6 0 -1 3.13672e-6 1.26951e-6 -1 -3.37917e-7 5.41676e-6 -1 1.45013e-6 9.46248e-7 -1 -2.29541e-6 0.1551514 3.67503e-6 0.9878908 0.5242746 1.85589e-6 0.8515493 0.5242765 3.4932e-7 0.8515481 6.865e-7 0 -1 6.20109e-7 -2.97899e-7 -1 0.9833229 0 -0.1818687 0.9833229 0 -0.1818686 0.7118672 4.17402e-7 0.7023141 0.7118673 4.8142e-7 0.7023141 -0.1551392 -2.98112e-6 0.9878926 -1.30508e-7 -6.52233e-7 1 -1.30495e-7 -5.77757e-7 1 -0.524203 -8.91892e-6 0.8515934 -0.1551313 -2.97155e-6 0.9878939 0.9833186 0 0.1818919 0.7235185 -0.6871089 0.06635069 -0.9958208 3.16371e-6 0.09132975 -1 1.52583e-5 1.33729e-6 -0.9958207 0 0.09132987 -0.7117666 3.00044e-6 0.7024161 -0.5241951 -4.4656e-6 0.8515983 -0.5242067 -9.21789e-6 -0.8515911 -0.1551342 -1.69539e-6 -0.9878934 -0.5242005 -8.19015e-6 -0.8515949 -0.155136 0 -0.9878932 -0.9833177 1.15191e-5 0.1818969 -0.9833173 1.62854e-5 0.1818992 -0.7117744 -4.95316e-6 -0.7024082 -0.7117716 0 -0.7024111 -1 1.52583e-5 1.33729e-6 -0.99582 7.7055e-7 -0.09133827 0.155165 5.09482e-6 0.9878886 -0.9958202 0 -0.09133648 -0.9833145 0 -0.1819144 0.5242708 0 -0.8515516 0.7118707 5.31549e-6 -0.7023106 0.5242742 -1.1932e-6 -0.8515495 -8.04668e-7 0 1 0.2067996 7.62222e-5 0.9783833 0.2067087 8.93116e-5 0.9784025 0.7073901 -0.7068235 1.38458e-7 0.9811497 7.52718e-4 0.1932478 0.7320588 -0.6658115 0.14417 -0.2068007 -7.12554e-5 0.9783832 -6.0166e-7 0 1 -0.9811523 -6.95601e-4 0.1932349 -0.9999997 -7.56467e-4 2.63072e-6 -0.9811473 -6.98071e-4 0.1932606 0.7071121 -0.7071015 -6.97687e-7 0.7235025 -0.6871251 -0.06635779 0.6824383 -0.7282584 -0.06259214 0.1551501 1.42359e-6 -0.9878909 0.15516 2.79139e-6 -0.9878894 -0.9999997 -7.57933e-4 2.86452e-6 -0.9811486 -7.24321e-4 -0.1932534 0.6824467 -0.7282508 0.06258893 0.7071037 -0.7071098 -8.62983e-7 0.7320528 -0.6658195 -0.1441639 0.9999998 7.24667e-4 1.0321e-6 0 -2.68819e-7 -1 0.2067995 7.63136e-5 -0.9783834 0 -3.59346e-7 -1 -0.2067137 -8.80622e-5 -0.9784015 -0.5769222 -3.00725e-4 -0.8167991 -0.2068054 -7.64118e-5 -0.9783821 -0.5768448 -3.28225e-4 -0.8168537 -0.8401746 -5.33998e-4 -0.542316 -0.8401402 -5.63781e-4 -0.542369 -0.981154 -7.09053e-4 -0.193226 0.576889 3.11594e-4 0.8168227 0.5768076 3.37795e-4 0.81688 0.8401491 5.37977e-4 0.5423552 0.8401151 5.70277e-4 0.5424079 -0.2067145 -8.45271e-5 0.9784014 -0.5769254 -2.97787e-4 0.8167968 -0.5768504 -3.30877e-4 0.8168498 -0.8401788 -5.51509e-4 0.5423092 -0.8401433 -5.76524e-4 0.5423641 0.2067082 8.94886e-5 -0.9784027 0.5768851 3.12232e-4 -0.8168253 0.5768051 3.41156e-4 -0.8168817 0.8401552 5.54174e-4 -0.5423458 0.8401178 5.77588e-4 -0.5424037 0 -1 0 0 -1 0 0 -1 0 5.37156e-6 -1 -1.72469e-6 3.04293e-5 -1 1.02547e-5 9.44585e-6 -1 4.26079e-6 0 -1 0 -8.49058e-7 -1 1.29414e-5 2.41652e-5 -1 1.38771e-5 2.26909e-6 -1 0 -1.01383e-5 -1 1.21324e-5 -1.30573e-5 -1 5.21467e-6 2.39631e-6 -1 5.13326e-6 -9.61323e-6 -1 7.77657e-6 -6.20478e-6 -1 0 1.07429e-5 -1 3.43564e-6 3.75881e-5 -1 5.65542e-6 -7.15775e-6 -1 -6.21625e-7 1.80918e-6 -1 1.26617e-5 -8.2769e-7 -1 -1.88977e-6 -6.11157e-6 -1 -4.935e-6 -4.18428e-7 -1 -4.64602e-6 1.82899e-5 -1 3.73892e-6 3.40679e-6 -1 3.17959e-6 5.85545e-6 -1 0 1.78384e-5 -1 -3.66722e-7 1.87943e-5 -1 -2.82581e-6 7.51162e-6 -1 2.10504e-6 0 -1 0 1.43734e-7 -1 1.17461e-5 3.40437e-5 -1 0 0 -1 0 0 -1 0 9.86045e-6 -1 4.63148e-6 1.45313e-5 -1 6.82062e-6 0 -1 0 0 -1 0 -1.29644e-6 -1 -3.37956e-7 0 -1 0 -1.80796e-7 -1 2.76148e-7 0.1551539 3.93788e-7 0.9878904 0.5242665 -1.5346e-5 0.8515543 0.5242744 -1.05334e-5 0.8515495 -5.37441e-7 2.38542e-6 -1 -1.46258e-7 2.68333e-6 -1 0.9833188 7.29716e-7 -0.1818909 0.98332 1.49527e-5 -0.1818841 0.7118667 -7.61207e-7 0.7023146 0.7118725 1.30642e-5 0.7023088 -0.1551397 -5.46737e-6 0.9878926 0 -5.03127e-7 1 0 -4.10028e-7 1 -0.5242023 -9.73548e-6 0.8515938 -0.1551277 -4.78643e-6 0.9878944 0.9833196 1.28025e-5 0.1818864 0.7235148 -0.6871125 0.06635391 -0.9958208 -1.39627e-5 0.09132963 -1 -1.62751e-5 1.22045e-6 -0.9958207 -1.64923e-5 0.09132993 -0.7117699 -4.28432e-6 0.7024128 -0.5241942 -6.83762e-6 0.8515987 -0.5242015 -9.29351e-6 -0.8515943 -0.1551294 -2.10864e-6 -0.9878942 -0.5241994 -6.76499e-6 -0.8515956 -0.1551418 -2.53978e-6 -0.9878922 -0.9833177 -4.51766e-6 0.181897 -0.9833172 5.73488e-7 0.1818993 -0.7117705 -5.28888e-6 -0.7024121 -0.7117686 -1.22833e-6 -0.7024141 -1 -1.6328e-5 1.22046e-6 -0.9958201 -1.67434e-5 -0.09133768 0.1551643 2.56535e-6 0.9878888 -0.9958202 -1.43604e-5 -0.09133571 -0.9833148 -5.22384e-6 -0.1819124 0.5242713 1.97457e-6 -0.8515514 0.7118707 9.32732e-6 -0.7023106 0.524275 0 -0.851549 1.22517e-6 1.91665e-6 1 0.2067991 7.72036e-5 0.9783835 0.2067075 9.01121e-5 0.9784027 0.7073734 -0.7068401 1.73389e-6 0.9811497 7.33571e-4 0.1932483 0.7320512 -0.6658214 0.1441633 -0.2068023 -7.04565e-5 0.9783828 1.16405e-6 1.67525e-6 1 -0.9811522 -6.96499e-4 0.1932355 -0.9999998 -7.33181e-4 1.14117e-6 -0.9811465 -7.00743e-4 0.193264 0.707105 -0.7071086 -9.85345e-7 0.7235006 -0.6871269 -0.06635993 0.6824276 -0.7282685 -0.06259119 0.1551497 1.13791e-6 -0.987891 0.1551583 1.99192e-6 -0.9878897 -0.9999998 -7.34165e-4 1.37504e-6 -0.9811486 -7.21846e-4 -0.1932539 0.682442 -0.7282553 0.06258809 0.7071085 -0.7071052 -1.15064e-6 0.7320536 -0.6658185 -0.1441642 0.9999998 7.2533e-4 1.03342e-6 0 -2.68826e-7 -1 0.2068004 7.63139e-5 -0.9783833 0 -3.59353e-7 -1 -0.2067137 -8.79252e-5 -0.9784016 -0.5769222 -3.00431e-4 -0.8167991 -0.2068076 -7.64126e-5 -0.9783816 -0.5768449 -3.278e-4 -0.8168537 -0.8401722 -5.32776e-4 -0.5423195 -0.8401389 -5.62569e-4 -0.542371 -0.9811541 -7.07854e-4 -0.1932258 0.5768901 3.11217e-4 0.8168218 0.5768076 3.36988e-4 0.8168801 0.8401524 5.38169e-4 0.5423501 0.8401175 5.66731e-4 0.5424042 -0.2067154 -8.37393e-5 0.9784012 -0.5769235 -2.95424e-4 0.8167982 -0.5768505 -3.29275e-4 0.8168498 -0.8401791 -5.53069e-4 0.5423089 -0.8401433 -5.79081e-4 0.5423642 0.2067088 8.95378e-5 -0.9784026 0.576885 3.11668e-4 -0.8168254 0.5768051 3.40643e-4 -0.8168817 0.8401547 5.55354e-4 -0.5423465 0.8401178 5.78049e-4 -0.5424037 0 -1 0 2.22767e-6 -1 2.87977e-6 0 -1 0 0 -1 0 0 -1 0 1.78108e-5 -1 7.38864e-6 7.47646e-6 -1 1.3455e-5 5.39626e-6 -1 1.07284e-5 -1.00142e-5 -1 -2.02401e-6 3.42429e-6 -1 7.77697e-6 -1.52058e-5 -1 -4.42498e-6 -1.97683e-5 -1 -2.19415e-6 -1.30572e-5 -1 5.16181e-6 2.39632e-6 -1 5.15882e-6 -9.61322e-6 -1 7.81008e-6 -6.20478e-6 -1 0 0 -1 0 0 -1 0 0 -1 0 0 -1 0 5.37175e-6 -1 1.73075e-6 1.25452e-5 -1 2.25121e-6 0 -1 8.83121e-6 0 -1 1.51778e-5 0 -1 0 0 -1 0 7.51165e-6 -1 2.10504e-6 2.00863e-6 -1 2.57284e-6 -2.22756e-6 -1 2.88156e-6 -1.70219e-5 -1 2.45821e-6 0 -1 0 3.04117e-6 -1 -8.05991e-6 1.37987e-5 -1 -8.76363e-6 1.33046e-5 -1 -1.46667e-5 7.65233e-7 -1 2.01817e-6 5.85538e-6 -1 3.13708e-6 4.21518e-6 -1 3.06627e-7 -9.46177e-7 -1 2.29505e-6 -1.91573e-7 -1 3.80609e-6 5.22452e-6 -1 -5.88226e-6 0.1551551 1.54856e-6 0.9878902 0.5242732 6.11037e-7 0.8515502 0.5242708 1.92384e-6 0.8515516 0 0 -1 3.07685e-7 2.9791e-7 -1 0.9833191 5.94093e-6 -0.1818893 0.9833204 2.2429e-5 -0.1818819 0.7118598 6.47798e-6 0.7023216 0.7118611 1.02393e-5 0.7023203 -0.1551408 -6.20189e-6 0.9878925 0 -2.04952e-7 1 0 0 1 -0.524201 -9.47093e-6 0.8515947 -0.1551276 -5.32234e-6 0.9878945 0.9833192 1.03221e-5 0.1818882 0.7235142 -0.687113 0.06635516 -0.9958208 -1.29334e-5 0.09132874 -1 -1.80952e-5 1.22052e-6 -0.9958209 -1.44044e-5 0.09132844 -0.7117699 -3.92435e-6 0.7024127 -0.5241943 -6.51822e-6 0.8515987 -0.5242016 -1.01128e-5 -0.8515943 -0.1551294 -1.74667e-6 -0.9878942 -0.5241991 -6.82661e-6 -0.8515959 -0.1551421 -2.53925e-6 -0.9878922 -0.9833177 -6.81245e-6 0.181897 -0.9833172 -3.44422e-6 0.1818993 -0.7117703 -5.41406e-6 -0.7024124 -0.7117688 0 -0.7024139 -1 -1.81052e-5 1.22053e-6 -0.9958203 -1.47197e-5 -0.09133505 0.1551644 2.10515e-6 0.9878887 -0.9958202 -1.2658e-5 -0.09133499 -0.9833148 -6.03942e-6 -0.1819124 0.524271 6.53358e-6 -0.8515515 0.7118595 4.5131e-6 -0.702322 0.5242784 1.04063e-5 -0.8515471 1.26798e-7 1.85392e-6 1 0.206786 6.96562e-5 0.9783862 0.20671 8.61299e-5 0.9784023 0.7073767 -0.7068368 -1.74959e-7 0.9811478 7.23478e-4 0.1932579 0.732068 -0.6658023 0.1441658 -0.2067917 -6.89928e-5 0.978385 1.28254e-7 1.86898e-6 1 -0.9811534 -7.03024e-4 0.1932291 -0.9999998 -7.46094e-4 1.20339e-6 -0.9811475 -7.08822e-4 0.1932594 0.7071142 -0.7070994 2.53403e-7 0.9958211 1.24809e-5 -0.09132605 0.6824463 -0.7282511 -0.06258898 0.1551545 8.66239e-6 -0.9878903 0.1551633 1.00861e-5 -0.9878889 -0.9999998 -7.46894e-4 1.32042e-6 -0.9811483 -7.23441e-4 -0.193255 0.6824471 -0.7282501 0.06259143 1 1.62802e-5 3.58344e-7 0.7320578 -0.6658126 -0.1441699 0.9999998 7.48819e-4 -6.65499e-7 0 -3.59351e-7 -1 0.2067877 6.94085e-5 -0.9783859 0 -3.50434e-7 -1 -0.2067192 -8.34451e-5 -0.9784004 -0.5769266 -3.04431e-4 -0.816796 -0.2067942 -6.84988e-5 -0.9783845 -0.5768485 -3.33485e-4 -0.8168511 -0.8401711 -5.35724e-4 -0.5423212 -0.8401358 -5.6378e-4 -0.542376 -0.9811534 -7.09151e-4 -0.1932295 0.5768917 3.1737e-4 0.8168206 0.5768105 3.4874e-4 0.816878 0.8401544 5.58975e-4 0.5423472 0.8401169 5.82535e-4 0.5424051 -0.2067183 -8.33729e-5 0.9784006 -0.5769248 -3.02373e-4 0.8167973 -0.576848 -3.34527e-4 0.8168514 -0.8401783 -5.52828e-4 0.5423099 -0.8401396 -5.77526e-4 0.5423699 0.2067107 8.52004e-5 -0.9784021 0.5768932 3.13191e-4 -0.8168196 0.5768115 3.40841e-4 -0.8168772 0.8401515 5.36716e-4 -0.5423516 0.8401166 5.62544e-4 -0.5424056 1.97777e-5 -1 2.25114e-6 4.72417e-6 -1 2.14734e-6 0 -1 0 -1.71551e-5 -1 5.82421e-6 9.19061e-6 -1 4.17927e-6 -1.8745e-5 -1 1.86224e-6 4.75447e-6 -1 2.14824e-6 6.43549e-6 -1 9.30653e-6 1.0752e-5 -1 1.14327e-5 -2.33613e-5 -1 5.79197e-6 -6.18887e-6 -1 0 2.14479e-5 -1 2.45219e-6 -8.00107e-6 -1 -1.55088e-6 3.04309e-5 -1 -1.02095e-5 9.44829e-6 -1 -4.25473e-6 1.7976e-5 -1 -1.38297e-5 -1.70635e-5 -1 -1.08088e-5 -2.45361e-5 -1 -8.23982e-6 0 -1 0 1.30563e-5 -1 -5.20098e-6 -1.27126e-6 -1 -4.84656e-6 9.61313e-6 -1 -7.80935e-6 -9.40988e-7 -1 -7.95783e-6 1.02356e-6 -1 -4.03697e-6 1.04087e-5 -1 -4.50886e-6 1.23392e-6 -1 0 1.23967e-6 -1 0 0 -1 0 0 -1 0 0 -1 0 1.22009e-7 -1 6.96521e-7 -6.23876e-6 -1 -1.79487e-6 0 -1 0 0.1551516 4.04581e-6 0.9878907 0.5242702 2.15727e-6 0.851552 0.5242714 2.52973e-6 0.8515513 -3.39517e-7 0 -1 -3.27157e-7 0 -1 0.9833176 4.37631e-6 -0.1818976 0.9833171 0 -0.1818999 0.7118607 7.77282e-6 0.7023208 0.7118626 1.22858e-5 0.7023188 -0.1551344 -1.41174e-6 0.9878935 0 1.67708e-7 1 0 1.4616e-7 1 -0.5242047 -1.73408e-5 0.8515924 -0.1551308 -2.78116e-6 0.9878939 0.9833172 1.76396e-5 0.1818997 0.9958208 1.46204e-5 0.09132885 -0.9958211 -1.33903e-5 0.09132581 -1 -1.72952e-5 1.27726e-7 -0.9958209 -1.61896e-5 0.09132778 -0.7117661 -9.03051e-6 0.7024167 -0.5241934 -1.40847e-5 0.8515993 -0.5241982 1.16181e-6 -0.8515964 -0.1551293 -1.13588e-6 -0.9878942 -0.524195 5.8127e-6 -0.8515983 -0.1551367 -2.74007e-6 -0.9878931 -0.9833179 -1.10081e-6 0.1818951 -0.9833177 4.63077e-6 0.1818967 -0.7117683 1.36578e-5 -0.7024143 -0.7117662 1.96544e-5 -0.7024165 -1 -1.73732e-5 0 -0.9958209 -1.45487e-5 -0.0913282 0.1551617 5.98601e-6 0.9878892 -0.9958208 -9.1545e-6 -0.09132879 -0.9833167 1.10127e-5 -0.1819024 -3.69245e-5 -1 6.71095e-5 -3.50326e-6 -1 7.16841e-5 -4.04358e-5 -1 6.66289e-5 -0.8748407 0.4844108 6.96011e-5 -0.8748446 0.4844039 6.84907e-5 -0.874845 0.4844031 6.83716e-5 0.8689905 0.4948288 -1.35658e-4 0.8689908 0.4948284 -1.35792e-4 0.8689905 0.4948289 -1.35644e-4 -1.11538e-4 -2.29592e-4 -1 1.12035e-4 2.31311e-4 1 -0.8748043 -0.4844765 6.84762e-5 -0.8748117 -0.4844634 7.0681e-5 -0.8748123 -0.484462 7.09126e-5 -7.94602e-5 1 6.92677e-5 -7.94607e-5 1 6.90941e-5 -7.94601e-5 1 6.92864e-5 0.8538932 -0.5204483 -1.38015e-4 0.8538892 -0.5204549 -1.36941e-4 0.8538888 -0.5204555 -1.36825e-4 -2.54889e-4 -1.32978e-5 -1 2.56084e-4 1.35769e-5 1 -0.8687763 1.54209e-6 0.4952047 -0.8687801 1.01406e-6 0.495198 -0.8687763 1.56523e-6 0.495205 0.8540554 -5.17388e-6 0.5201821 0.8540592 -4.57073e-6 0.5201759 0.8540552 -5.20081e-6 0.5201823 -4.02988e-4 3.55519e-6 -1 -4.01304e-4 3.60421e-6 -1 -4.01228e-4 3.60641e-6 -1 -3.35446e-4 1 1.68051e-4 3.15715e-4 -1 -1.57182e-4 -1.57184e-5 -0.8598501 -0.5105468 -1.55544e-5 -0.8598503 -0.5105463 -1.55372e-5 -0.8598504 -0.5105463 -0.8748396 0.4164721 0.2473999 -0.8748431 0.4164661 0.2473976 -0.8748393 0.4164728 0.2474002 0.8689925 0.4255263 0.2525461 0.8689926 0.4255258 0.2525461 0.8689928 0.4255259 0.2525462 -1.05398e-4 0.5104043 -0.8599346 1.06181e-4 -0.5104032 0.8599352 -5.57344e-6 -0.8574412 0.514582 -1.9719e-5 -0.8574422 0.5145805 -4.08725e-6 -0.8574412 0.5145822 -0.8748469 0.4153974 -0.2491745 -0.8748403 0.4154087 -0.2491791 -0.8748396 0.4154099 -0.2491796 0.8689823 0.4242459 -0.2547258 0.8689894 0.4242342 -0.2547211 0.8689815 0.4242472 -0.2547263 -1.1141e-4 -0.5147139 -0.8573622 1.22903e-4 0.5147203 0.8573582 1.83845e-6 -0.85985 -0.5105468 1.83129e-6 -0.8598502 -0.5105466 1.83053e-6 -0.8598502 -0.5105465 -0.8748427 0.4164671 0.2473977 -0.874836 0.4164785 0.2474023 -0.8748434 0.4164659 0.2473973 0.8689804 0.4255448 0.2525563 0.8689841 0.425539 0.2525539 0.8689844 0.4255384 0.2525537 -1.15747e-4 0.5104193 -0.8599258 1.16214e-4 -0.5104076 0.8599326 1.04757e-5 -0.8574413 0.5145817 -1.81931e-5 -0.8574432 0.5145788 1.34878e-5 -0.8574413 0.514582 -0.8748474 0.415396 -0.2491756 -0.8748438 0.415402 -0.2491779 -0.8748434 0.4154027 -0.2491781 0.8689929 0.4242292 -0.2547175 0.868983 0.4242456 -0.2547243 0.8689939 0.4242274 -0.2547168 -1.00985e-4 -0.5147194 -0.8573588 1.22898e-4 0.5147002 0.8573703 -1.84589e-5 -1 6.68614e-5 -1.7479e-6 -1 6.91402e-5 -2.02146e-5 -1 6.6622e-5 -0.8748443 0.4844042 6.85854e-5 -0.8748401 0.484412 6.93779e-5 -0.8748397 0.4844129 6.9463e-5 0.8689903 0.4948292 -1.39199e-4 0.8689821 0.4948437 -1.37075e-4 0.8689912 0.4948277 -1.39428e-4 -1.11857e-4 -2.29426e-4 -1 1.12034e-4 2.30364e-4 1 -0.8748039 -0.4844775 7.10889e-5 -0.8748022 -0.4844804 7.09301e-5 -0.874802 -0.4844807 7.09135e-5 -6.3103e-5 1 6.42137e-5 -9.58204e-5 1 6.93299e-5 -5.95928e-5 1 6.36648e-5 0.8538941 -0.520447 -1.35329e-4 0.8538941 -0.5204468 -1.356e-4 0.8538942 -0.5204468 -1.35629e-4 -2.54877e-4 -1.36617e-5 -1 2.56029e-4 1.45419e-5 1 -0.8687727 2.5592e-6 0.4952113 -0.8687882 4.6909e-7 0.495184 -0.8687719 2.65078e-6 0.4952124 0.854056 -6.06722e-6 0.5201813 0.8540675 -4.69773e-6 0.5201622 0.8540554 -6.12838e-6 0.5201821 -4.03034e-4 3.58056e-6 -1 -4.0218e-4 3.60534e-6 -1 -4.02142e-4 3.60645e-6 -1 -2.95977e-4 1 1.6868e-4 2.76229e-4 -1 -2.02334e-4 -1.57185e-5 -0.8598502 -0.5105465 -1.55541e-5 -0.8598508 -0.5105454 -1.55368e-5 -0.8598508 -0.5105453 -0.8748475 0.4164586 0.247395 -0.8748403 0.416471 0.2473993 -0.8748483 0.4164572 0.2473945 0.8689792 0.4255464 0.2525584 0.8689799 0.4255446 0.2525584 0.8689801 0.4255444 0.2525584 -1.05398e-4 0.5104149 -0.8599283 1.05348e-4 -0.5104138 0.859929 1.0476e-5 -0.8574412 0.5145819 -1.81931e-5 -0.8574435 0.5145782 1.3488e-5 -0.857441 0.5145823 -0.8748508 0.4153912 -0.2491717 -0.8748442 0.4154022 -0.2491764 -0.8748434 0.4154033 -0.2491769 0.868986 0.4242398 -0.2547236 0.8689852 0.4242417 -0.2547232 0.868986 0.4242396 -0.2547236 -1.01013e-4 -0.5147184 -0.8573593 1.22901e-4 0.5147109 0.8573638 -1.57182e-5 -0.8598507 -0.5105457 -1.55543e-5 -0.8598498 -0.5105471 -1.5537e-5 -0.8598497 -0.5105473 -0.8748366 0.4164764 0.2474035 -0.8748468 0.4164592 0.2473962 -0.8748354 0.4164782 0.2474042 0.8689908 0.4255294 0.2525464 0.8689848 0.4255388 0.2525511 0.8689842 0.4255399 0.2525516 -1.05397e-4 0.5104051 -0.8599342 1.0618e-4 -0.510403 0.8599354 -4.01312e-6 -0.857441 0.5145826 -3.30789e-6 -0.8574412 0.5145822 -4.08721e-6 -0.8574409 0.5145826 -0.8748409 0.4154066 -0.2491801 -0.8748513 0.415389 -0.2491731 -0.8748525 0.4153872 -0.2491723 0.8689815 0.4242475 -0.2547258 0.8689854 0.4242409 -0.2547236 0.8689811 0.4242482 -0.2547261 -1.11385e-4 -0.514726 -0.8573549 1.12036e-4 0.5147153 0.8573613 -1.84582e-5 -1 6.96398e-5 -1.74764e-6 -1 7.19243e-5 -2.02139e-5 -1 6.93997e-5 -0.8748413 0.4844098 6.67772e-5 -0.8748407 0.4844108 6.70041e-5 -0.8748406 0.4844108 6.70284e-5 0.8689894 0.494831 -1.3687e-4 0.868985 0.4948386 -1.35552e-4 0.8689898 0.4948302 -1.37013e-4 -1.11539e-4 -2.29596e-4 -1 1.12034e-4 2.31779e-4 1 -0.8748032 -0.4844787 7.19189e-5 -0.8748086 -0.4844689 7.35986e-5 -0.8748092 -0.4844679 7.37751e-5 -1.01086e-4 1 6.40904e-5 -1.17446e-4 1 6.64163e-5 -9.93304e-5 1 6.38408e-5 0.8538995 -0.5204379 -1.37851e-4 0.853891 -0.520452 -1.36022e-4 0.8538901 -0.5204535 -1.35825e-4 -2.54887e-4 -1.32957e-5 -1 2.54469e-4 1.45414e-5 1 -0.8687796 1.60845e-6 0.4951992 -0.8687873 4.29174e-7 0.4951857 -0.8687792 1.66013e-6 0.4951997 0.8540556 -5.30395e-6 0.5201818 0.8540607 -4.48754e-6 0.5201736 0.8540554 -5.34041e-6 0.5201821 -4.03002e-4 3.55491e-6 -1 -4.01474e-4 3.60424e-6 -1 -4.01405e-4 3.60645e-6 -1 -2.95987e-4 1 1.45584e-4 2.9597e-4 -1 -1.92301e-4 -1.87339e-5 -0.8598477 -0.5105506 -4.72736e-5 -0.8598495 -0.5105476 -5.02722e-5 -0.8598497 -0.5105473 -0.8748411 0.4164698 0.2473984 -0.8748412 0.4164684 0.2474004 -0.8748411 0.4164699 0.2473982 0.8689835 0.42554 0.2525544 0.8689846 0.4255372 0.2525547 0.8689848 0.4255369 0.2525547 -8.47586e-5 0.5104128 -0.8599296 1.0618e-4 -0.5104027 0.8599357 -2.08756e-5 -0.8574416 0.5145816 -2.11745e-5 -0.8574416 0.5145816 -2.08442e-5 -0.8574416 0.5145816 -0.874835 0.4154176 -0.2491829 -0.8748478 0.4153964 -0.2491732 -0.8748492 0.4153941 -0.2491721 0.8689946 0.4242281 -0.2547138 0.8689935 0.4242303 -0.2547136 0.8689947 0.4242278 -0.2547138 -1.21803e-4 -0.5147107 -0.8573639 1.22906e-4 0.5147089 0.857365 3.30593e-7 -0.8598507 -0.5105457 -1.40284e-5 -0.8598517 -0.510544 -1.5537e-5 -0.8598518 -0.5105438 -0.8748468 0.4164605 0.2473945 -0.874848 0.4164574 0.2473948 -0.8748465 0.4164608 0.2473945 0.8689785 0.4255487 0.2525566 0.8689832 0.4255414 0.2525525 0.8689837 0.4255406 0.2525521 -1.05424e-4 0.5104026 -0.8599356 1.15378e-4 -0.510407 0.8599331 -1.9724e-5 -0.8574414 0.5145819 -5.17151e-6 -0.8574405 0.5145832 -2.12529e-5 -0.8574414 0.5145817 -0.8748309 0.4154232 -0.2491875 -0.8748465 0.4153967 -0.2491772 -0.8748482 0.4153939 -0.2491761 0.8689905 0.4242337 -0.2547185 0.8689891 0.4242365 -0.2547183 0.8689906 0.4242334 -0.2547185 -1.21806e-4 -0.5147178 -0.8573597 1.12037e-4 0.5147133 0.8573625 8.0611e-7 -0.8687847 0.4951901 1.72219e-6 -0.8687679 0.4952195 1.7382e-6 -0.8687676 0.4952201 8.37984e-7 0.8540732 0.520153 0 0.8540542 0.5201841 0 0.8540539 0.5201846 -1 -2.17068e-4 1.23724e-4 1 2.40791e-4 -1.3496e-4 0.8687785 2.44636e-6 0.4952011 0.8687787 2.17935e-6 0.4952006 0.8687785 2.45239e-6 0.4952012 -0.8540595 -4.72247e-7 0.5201753 -0.8540591 -4.47536e-7 0.5201762 -0.8540595 -4.72815e-7 0.5201753 2.56505e-4 -1 1.69516e-4 -2.36779e-4 1 -1.37116e-4 0.8687784 2.13791e-6 0.4952011 0.8687785 1.87598e-6 0.4952008 0.8687785 2.14382e-6 0.4952012 -0.8540639 -2.12281e-7 0.5201683 -0.8540595 0 0.5201754 -0.8540639 -2.19284e-7 0.5201681 1.97298e-4 -1 1.59274e-4 -2.36782e-4 1 -1.30429e-4 0.8687798 2.14783e-6 0.4951986 0.8687778 1.92563e-6 0.4952022 0.8687798 2.15285e-6 0.4951986 -0.8540655 -2.25332e-7 0.5201656 -0.8540645 0 0.5201672 -0.8540655 -2.28164e-7 0.5201655 2.17035e-4 -1 1.70354e-4 -2.36772e-4 1 -1.57184e-4 0.8687781 1.86037e-6 0.4952016 0.8687786 1.62272e-6 0.4952008 0.8687782 1.86573e-6 0.4952017 -0.8540594 1.39004e-7 0.5201755 -0.8540677 -4.82352e-7 0.5201619 -0.8540593 1.53288e-7 0.5201759 2.36768e-4 -1 1.81434e-4 -2.3676e-4 1 -1.83937e-4 0.8687743 1.82132e-6 0.4952085 0.8687827 2.11613e-6 0.4951936 0.8687741 1.81467e-6 0.4952087 -0.8540581 0 0.5201779 -0.854067 -4.83434e-7 0.5201632 -0.8540578 0 0.5201781 2.17037e-4 -1 1.70145e-4 -2.3678e-4 1 -1.33773e-4 0.86878 1.89653e-6 0.4951985 0.8687821 1.82124e-6 0.4951947 0.8687798 1.89823e-6 0.4951986 -0.8540567 0 0.52018 -0.8540573 0 0.520179 -0.8540567 1.21344e-7 0.52018 2.36765e-4 -1 1.81639e-4 -2.36769e-4 1 -1.60527e-4 0.8687791 2.13561e-6 0.4951999 0.8687773 1.82651e-6 0.495203 0.8687792 2.14258e-6 0.4951999 -0.8540579 -1.24861e-7 0.520178 -0.8540616 -3.91187e-7 0.5201719 -0.8540578 0 0.5201781 2.56509e-4 -1 1.69309e-4 -2.17037e-4 1 -1.47149e-4 0.8687828 2.11269e-6 0.4951936 0.8687786 1.62829e-6 0.4952007 0.8687828 2.12363e-6 0.4951934 -0.8540581 0 0.5201779 -0.8540559 -1.96487e-7 0.5201813 -0.854058 0 0.5201777 2.36768e-4 -1 1.81432e-4 -2.36779e-4 1 -1.33772e-4 0.868777 2.24878e-6 0.4952035 0.8687795 1.829e-6 0.4951993 0.868777 2.25825e-6 0.4952036 -0.854061 -2.31655e-7 0.5201729 -0.8540615 -1.99394e-7 0.5201721 -0.854061 -2.32396e-7 0.5201729 2.17032e-4 -1 1.70352e-4 -2.17038e-4 1 -1.50494e-4 0.8687829 1.01325e-5 0.4951932 0.8687791 8.15243e-6 0.4951999 0.8687833 1.03564e-5 0.4951925 -0.8540591 -2.23509e-6 0.520176 -0.8540593 -1.85782e-6 0.5201758 -0.8540591 -2.27865e-6 0.5201761 2.36783e-4 -1 1.3712e-4 -2.36769e-4 1 -1.63871e-4 0.8687749 9.42969e-6 0.4952073 0.8687812 1.01303e-5 0.4951962 0.8687742 9.35048e-6 0.4952085 -0.8540589 -7.29161e-7 0.5201764 -0.8540616 -1.41492e-6 0.5201722 -0.8540587 -6.49969e-7 0.5201769 2.36773e-4 -1 1.60528e-4 -2.17039e-4 1 -1.47151e-4 1.24877e-6 -0.8687846 0.4951903 1.68485e-6 -0.8687742 0.4952084 1.69263e-6 -0.8687741 0.4952087 3.54034e-7 0.8540731 0.520153 -2.27039e-7 0.8540639 0.5201683 -2.37596e-7 0.8540638 0.5201686 -1 -2.46859e-4 1.28957e-4 1 2.40797e-4 -1.11693e-4 7.48018e-7 -0.8687673 0.4952207 1.22361e-6 -0.8687589 0.4952353 1.23227e-6 -0.8687587 0.4952356 7.27959e-7 0.8540719 0.5201551 8.05796e-7 0.8540726 0.5201538 8.07239e-7 0.8540726 0.5201538 -1 -2.17379e-4 1.23727e-4 1 2.54169e-4 -1.19199e-4 1.82043e-6 -0.8687677 0.4952198 7.79338e-7 -0.8687859 0.4951878 7.59853e-7 -0.8687863 0.4951872 0 0.8540648 0.5201667 3.24535e-7 0.8540728 0.5201537 3.31837e-7 0.8540729 0.5201535 -1 -2.36616e-4 1.11693e-4 1 2.4748e-4 -1.15449e-4 1.8834e-6 -0.868777 0.4952037 1.81735e-6 -0.8687754 0.4952064 1.81608e-6 -0.8687754 0.4952064 0 0.8540543 0.5201839 4.15618e-7 0.8540641 0.5201681 4.24877e-7 0.8540642 0.5201677 -1 -2.26573e-4 1.17705e-4 1 2.54169e-4 -1.19193e-4 1.46922e-6 -0.8687762 0.495205 1.86388e-6 -0.8687671 0.4952209 1.87169e-6 -0.868767 0.4952213 4.77836e-7 0.8540712 0.5201563 -1.62247e-7 0.8540641 0.5201681 -1.75156e-7 0.8540639 0.5201683 -1 -2.46645e-4 1.17325e-4 1 2.4748e-4 -1.15445e-4 3.04361e-6 -0.868768 0.4952194 1.9395e-6 -0.8687849 0.4951897 1.91709e-6 -0.8687853 0.4951891 -1.09943e-6 0.8540474 0.5201953 3.29267e-7 0.8540723 0.5201545 3.58807e-7 0.8540728 0.5201536 -1 -2.07345e-4 1.18088e-4 1 2.54169e-4 -1.26956e-4 5.509e-6 -0.8687765 0.4952045 5.37892e-6 -0.8687748 0.4952074 5.37096e-6 -0.8687748 0.4952076 -2.33378e-7 0.8540554 0.5201821 2.35173e-6 0.8540723 0.5201544 2.51313e-6 0.8540734 0.5201526 -1 -2.40788e-4 1.11694e-4 1 2.40797e-4 -1.54232e-4 5.623e-6 -0.8687848 0.49519 5.26504e-6 -0.868785 0.4951895 5.24313e-6 -0.868785 0.4951894 -4.00755e-7 0.8540554 0.520182 -4.96629e-7 0.8540554 0.5201821 -5.02615e-7 0.8540554 0.5201821 -1 -2.40793e-4 1.27203e-4 1 2.4748e-4 -1.19188e-4 4.02637e-6 -0.868785 0.4951895 3.84739e-6 -0.8687848 0.4951901 3.83643e-6 -0.8687847 0.49519 1.13984e-6 0.8540473 0.5201954 2.43238e-6 0.8540552 0.5201824 2.51307e-6 0.8540557 0.5201815 -1 -2.20722e-4 1.23712e-4 1 2.34103e-4 -1.27203e-4 5.59273e-6 -0.8687841 0.4951913 6.82982e-6 -0.868777 0.4952036 6.90555e-6 -0.8687765 0.4952044 -2.33377e-7 0.8540566 0.5201802 2.35173e-6 0.8540717 0.5201554 2.51312e-6 0.8540726 0.5201538 -1 -2.34099e-4 1.34964e-4 1 2.1739e-4 -1.58624e-4 4.02637e-6 -0.868785 0.4951894 3.8474e-6 -0.8687849 0.49519 3.83645e-6 -0.8687848 0.49519 1.13984e-6 0.8540471 0.5201959 2.43238e-6 0.8540547 0.5201833 2.51307e-6 0.8540552 0.5201824 -1 -2.34099e-4 1.42715e-4 1 2.27414e-4 -1.52608e-4 0.8687855 1.98474e-6 0.4951886 0.8687882 2.22755e-6 0.4951839 0.8687855 1.97924e-6 0.4951887 -0.8540532 1.41944e-7 0.5201859 -0.8540548 -1.91764e-7 0.5201831 -0.8540531 1.49648e-7 0.520186 1.97308e-4 -1 1.35864e-4 -2.56515e-4 1 -1.47151e-4 0.8687849 1.64485e-6 0.4951898 0.8687888 1.823e-6 0.4951828 0.8687849 1.64081e-6 0.49519 -0.8540552 4.73744e-7 0.5201823 -0.8540591 0 0.5201761 -0.8540552 4.82184e-7 0.5201825 2.17042e-4 -1 1.46943e-4 -2.56516e-4 1 -1.47153e-4 0.8687849 1.8608e-6 0.4951897 0.8687891 2.2248e-6 0.4951826 0.8687849 1.85255e-6 0.49519 -0.8540508 0 0.5201897 -0.8540548 0 0.5201831 -0.8540506 0 0.5201898 2.17049e-4 -1 1.2374e-4 -2.56513e-4 1 -1.47151e-4 0.8687843 2.17428e-6 0.495191 0.8687794 1.83473e-6 0.4951993 0.8687843 2.18198e-6 0.4951909 -0.8540545 -1.43795e-7 0.5201836 -0.8540503 0 0.5201905 -0.8540546 -1.4929e-7 0.5201834 1.97297e-4 -1 1.59064e-4 -2.36797e-4 1 -9.02962e-5 0.8687844 1.89149e-6 0.4951906 0.8687896 2.12622e-6 0.4951816 0.8687843 1.88617e-6 0.4951909 -0.8540511 1.33848e-7 0.5201891 -0.8540545 -1.91946e-7 0.5201836 -0.8540511 1.4137e-7 0.5201893 2.17031e-4 -1 1.70561e-4 -2.56532e-4 1 -1.0033e-4 0.8687843 2.15066e-6 0.495191 0.868781 1.88382e-6 0.4951966 0.8687843 2.15671e-6 0.4951909 -0.8540555 -1.80384e-7 0.5201818 -0.8540589 -4.42748e-7 0.5201763 -0.8540555 -1.74327e-7 0.520182 2.17033e-4 -1 1.70354e-4 -2.5653e-4 1 -1.00329e-4 0.8687845 1.87346e-6 0.4951905 0.8687933 2.4236e-6 0.495175 0.8687843 1.86098e-6 0.4951909 -0.8540511 0 0.5201891 -0.8540552 -1.925e-7 0.5201825 -0.8540511 0 0.5201892 2.17031e-4 -1 1.70561e-4 -1.9732e-4 1 -1.13709e-4 0.8687849 2.17232e-6 0.4951896 0.8687933 2.80242e-6 0.495175 0.8687847 2.15804e-6 0.49519 -0.854056 -1.69559e-7 0.5201814 -0.8540505 0 0.5201902 -0.8540561 -1.75635e-7 0.5201811 2.17048e-4 -1 1.2353e-4 -2.36786e-4 1 -1.3712e-4 0.8687849 1.58959e-6 0.4951898 0.8687888 1.87141e-6 0.4951828 0.8687847 1.5832e-6 0.49519 -0.8540509 4.01132e-7 0.5201895 -0.8540589 -1.61545e-7 0.5201762 -0.8540508 4.14122e-7 0.5201898 2.17042e-4 -1 1.47152e-4 -2.56513e-4 1 -1.47151e-4 0.8687849 1.8763e-6 0.4951896 0.8687923 2.45158e-6 0.4951767 0.8687849 1.86326e-6 0.49519 -0.8540552 1.22608e-7 0.5201824 -0.8540591 -1.80015e-7 0.5201762 -0.8540552 1.29594e-7 0.5201826 2.17042e-4 -1 1.47152e-4 -2.56518e-4 1 -1.47154e-4 0.8687849 1.57763e-6 0.4951898 0.8687891 1.88355e-6 0.4951826 0.8687847 1.5707e-6 0.49519 -0.8540509 4.12591e-7 0.5201894 -0.8540588 -1.85657e-7 0.5201765 -0.8540508 4.26403e-7 0.5201898 2.17051e-4 -1 1.23533e-4 -2.17049e-4 1 -1.23741e-4 0.8687848 2.17933e-6 0.49519 0.8687842 2.15742e-6 0.4951909 0.8687847 2.17982e-6 0.49519 -0.8540552 -1.54931e-7 0.5201824 -0.854059 -4.90915e-7 0.5201764 -0.8540552 -1.47175e-7 0.5201825 2.36783e-4 -1 1.35238e-4 -1.97298e-4 1 -1.60529e-4 0.868793 1.16355e-5 0.4951754 0.8687882 1.06138e-5 0.4951839 0.8687938 1.18014e-5 0.4951741 -0.8540552 -1.30623e-6 0.5201823 -0.8540554 -1.16423e-6 0.520182 -0.8540553 -1.32981e-6 0.5201824 2.36786e-4 -1 1.35448e-4 -2.36784e-4 1 -1.3043e-4 0.8687791 1.02275e-5 0.4952 0.8687812 1.14158e-5 0.4951962 0.8687787 1.00346e-5 0.4952006 -0.8540503 1.06954e-6 0.5201904 -0.8540537 -1.80419e-6 0.5201849 -0.8540499 1.54666e-6 0.5201913 2.17047e-4 -1 1.25411e-4 -2.56509e-4 1 -1.43804e-4 0.8687874 1.28188e-5 0.4951853 0.8687877 1.17778e-5 0.4951848 0.8687874 1.29877e-5 0.4951853 -0.8540554 -1.32817e-6 0.5201821 -0.8540545 -1.16737e-6 0.5201837 -0.8540556 -1.35487e-6 0.5201818 2.17062e-4 -1 1.00331e-4 -2.56516e-4 1 -1.47152e-4 -0.5242591 -8.78219e-6 -0.8515589 -0.7118457 -1.21821e-5 -0.7023359 -0.5242604 -1.02403e-5 -0.851558 5.69226e-7 0 1 -0.206759 -3.01181e-5 0.978392 -0.2067407 -3.91981e-5 0.9783958 -1 -3.05547e-4 3.41936e-7 -0.7319006 0.6659858 0.1441684 -0.7072268 0.7069868 -3.27119e-7 0.2067669 3.28577e-5 0.9783902 0 0 1 0.9811539 3.10386e-4 0.1932276 1 3.01804e-4 1.19393e-6 1 3.01805e-4 1.19376e-6 -0.6824284 0.7282678 -0.06259095 -0.7070983 0.7071153 2.13931e-6 -0.7235287 0.687097 -0.0663625 -0.1551607 -3.50397e-6 -0.9878892 -0.1551589 -4.9375e-6 -0.9878895 0.9811495 2.92145e-4 -0.1932503 0.9811528 3.16705e-4 -0.1932333 -0.7070969 0.7071167 3.45383e-6 -0.7235168 0.68711 0.0663588 -0.9811497 -2.89922e-4 -0.1932489 -0.7319266 0.6659608 -0.1441514 -0.2067536 -2.73787e-5 -0.9783931 3.45088e-7 0 -1 0.2067509 4.02863e-5 -0.9783936 0.5768905 1.17776e-4 -0.8168216 0.206768 3.28585e-5 -0.97839 0.5768803 1.34835e-4 -0.8168287 0.8401529 2.03501e-4 -0.5423498 0.8401594 2.34373e-4 -0.5423396 -0.5768553 -1.16123e-4 0.8168465 -0.5768468 -1.38043e-4 0.8168523 -0.8401359 -2.14305e-4 0.5423759 -0.8401334 -2.30991e-4 0.5423797 -0.9811472 -2.77445e-4 0.1932621 0.2067469 4.02861e-5 0.9783945 0.5768914 1.17777e-4 0.8168209 0.5768777 1.3423e-4 0.8168306 0.840154 2.06226e-4 0.5423479 0.8401607 2.32625e-4 0.5423375 0.9811514 2.96233e-4 0.1932408 -0.2067483 -3.89387e-5 -0.9783942 -0.5768603 -1.16652e-4 -0.816843 -0.5768514 -1.3838e-4 -0.8168491 -0.8401415 -2.08459e-4 -0.5423672 -0.8401415 -2.30218e-4 -0.5423672 1.28765e-5 1 -9.87239e-6 2.33778e-6 1 -6.11161e-5 7.4988e-6 1 -4.86012e-5 -4.27579e-5 1 -3.11992e-6 -2.75894e-5 1 -5.19828e-6 -0.682446 0.7282523 0.06257963 -3.21149e-5 1 1.09545e-5 -7.65263e-5 1 3.10928e-5 -1.25928e-5 1 4.45134e-5 5.24266e-6 1 3.14407e-5 -3.07567e-5 1 0 -4.76624e-5 1 3.91323e-5 0 1 1.31038e-7 0 1 1.18584e-6 1.66659e-5 1 4.59157e-5 1.40475e-5 1 6.30414e-5 8.53104e-6 1 4.37179e-5 4.04271e-5 1 2.10529e-5 2.13358e-5 1 2.61317e-5 -1.22596e-5 1 1.76242e-5 -3.72327e-5 1 3.14883e-6 1.45595e-6 1 2.24501e-5 -3.81243e-5 1 -4.89114e-6 -1.53768e-5 1 0 -1.33161e-5 1 4.74341e-6 -3.10355e-5 1 -3.09693e-6 -1.19119e-5 1 1.4013e-5 -2.90295e-5 1 3.58163e-5 0 1 1.31715e-6 0 1 -5.89027e-7 1.30208e-5 1 5.39203e-5 -8.44552e-6 1 2.14291e-5 2.37854e-5 1 3.18243e-5 -1.45152e-5 1 3.97959e-6 -7.06514e-6 1 -9.21449e-7 -3.5023e-6 1 -1.2412e-5 3.2986e-5 1 -4.07303e-5 -2.68555e-5 1 -7.29356e-6 -1.45159e-5 1 -1.57022e-5 -1.33045e-5 1 -7.31752e-7 6.36252e-6 1 -1.2262e-6 -1.57244e-5 1 7.36376e-6 -1.34278e-5 1 2.50201e-6 -0.1551573 1.43355e-6 0.9878898 -0.5242677 7.32424e-6 0.8515536 -0.5242708 8.78252e-6 0.8515517 -3.11805e-7 0 -1 9.06378e-7 0 -1 -0.9833157 -4.03325e-6 -0.181908 -0.9833176 -9.2667e-6 -0.1818972 -0.7118726 1.21828e-5 0.7023086 -0.7118732 1.2183e-5 0.7023081 0.1551299 -4.27249e-6 0.9878941 -2.42375e-7 -7.14986e-7 1 0 -1.02832e-6 1 0.5241744 -1.71949e-5 0.851611 0.1551401 -3.99806e-6 0.9878925 -0.9833198 8.06673e-6 0.1818857 1 1.1217e-5 -2.01701e-6 0.9958204 1.03516e-5 0.09133464 0.9958205 1.57154e-5 0.09133189 0.7117602 -9.30015e-6 0.7024226 0.524203 -3.36815e-6 0.8515934 0.5242092 1.4646e-5 -0.8515896 0.1551349 2.86637e-6 -0.9878934 0.5241919 5.39598e-6 -0.8516002 0.1551265 0 -0.9878947 0.9833175 1.74995e-5 0.1818981 0.9833186 2.81822e-5 0.1818913 0.7117873 1.14524e-5 -0.7023952 0.7117576 -1.21808e-5 -0.7024253 0.9958207 8.85723e-6 -0.09133011 1 1.25462e-5 -2.47848e-6 -0.1551462 -3.17183e-7 0.9878916 0.9833218 2.39998e-6 -0.1818746 0.9958226 2.07034e-5 -0.09130942 -0.5242713 -1.20135e-5 -0.8515513 -0.7118684 -1.77848e-5 -0.702313 -0.5242794 -1.67815e-5 -0.8515464 4.87483e-7 1.67183e-6 1 -0.2067607 -3.45116e-5 0.9783915 -0.2067418 -4.36345e-5 0.9783956 -1 -2.90651e-4 -6.31819e-6 -0.7319067 0.6659809 0.1441602 -0.70723 0.7069835 -3.5498e-6 0.2067647 3.13035e-5 0.9783908 6.1217e-7 1.42688e-6 1 0.9811496 2.9259e-4 0.1932495 1 2.98702e-4 2.56014e-6 1 2.98738e-4 2.56082e-6 -0.6824452 0.728251 -0.06260257 -0.7070983 0.7071154 2.13931e-6 -0.7235288 0.6870968 -0.06636452 -0.1551617 -4.9377e-6 -0.9878891 -0.1551576 -4.93748e-6 -0.9878897 0.9811472 2.86263e-4 -0.1932616 0.9811476 2.93038e-4 -0.1932603 -0.7070942 0.7071194 3.45379e-6 -0.723517 0.6871104 0.06635105 -0.981155 -3.21224e-4 -0.1932222 -0.7319313 0.6659586 -0.1441386 5.09649e-7 0 -1 -0.2067607 -3.08029e-5 -0.9783915 -1.80542e-7 0 -1 0.2067609 3.75726e-5 -0.9783916 0.5768913 1.14475e-4 -0.8168209 0.206765 2.60118e-5 -0.9783907 0.5768863 1.40208e-4 -0.8168246 0.840153 2.18101e-4 -0.5423495 0.8401513 2.39021e-4 -0.5423522 -0.5768583 -1.30917e-4 0.8168443 -0.5768323 -1.41911e-4 0.8168627 -0.8401303 -2.10107e-4 0.5423848 -0.8401291 -2.2915e-4 0.5423865 -0.9811519 -3.04498e-4 0.193238 0.2067527 3.9472e-5 0.9783933 0.5768995 1.17361e-4 0.8168152 0.576884 1.34227e-4 0.8168261 0.840156 2.04325e-4 0.5423449 0.8401575 2.25734e-4 0.5423426 0.9811481 2.7931e-4 0.193257 -0.206748 -4.23609e-5 -0.9783943 -0.5768632 -1.27423e-4 -0.8168408 -0.5768378 -1.42166e-4 -0.8168587 -0.8401305 -2.0985e-4 -0.5423843 -0.8401351 -2.37208e-4 -0.5423774 -2.26197e-5 1 -9.3024e-6 -2.19459e-5 1 -1.32149e-5 1.77087e-5 1 2.01454e-5 -0.6824614 0.7282369 0.0625897 -2.53778e-6 1 9.0907e-6 -9.7513e-6 1 2.43089e-5 5.94089e-6 1 1.28762e-5 1.30991e-5 1 1.22701e-5 -5.81419e-5 1 -7.43361e-6 -2.28254e-5 1 3.39345e-5 -1.53381e-5 1 -4.37988e-6 -3.21143e-5 1 1.22819e-5 -2.26207e-5 1 9.30283e-6 1.7707e-5 1 -2.41721e-5 -2.53802e-6 1 -1.16202e-5 -3.66991e-5 1 -9.23451e-6 2.26152e-5 1 -1.54765e-5 1.63475e-5 1 -1.4368e-5 -2.55825e-6 1 3.12093e-6 3.57524e-6 1 -2.05863e-6 -1.22234e-5 1 9.82286e-6 -2.68504e-5 1 -2.49351e-5 -2.90297e-5 1 -3.58155e-5 -7.50186e-6 1 1.46014e-6 -3.66975e-5 1 5.96803e-6 -2.19458e-5 1 1.32148e-5 -2.68506e-5 1 2.49352e-5 -5.52161e-6 1 -7.16489e-6 -4.2196e-5 1 0 -2.90298e-5 1 3.58156e-5 -8.5492e-6 1 -1.54161e-5 6.46727e-6 1 -1.20485e-5 1.19787e-4 1 -1.00913e-4 0 1 3.42181e-7 -2.90298e-5 1 7.71722e-7 -1.38876e-5 1 0 -8.54913e-6 1 1.54161e-5 -1.79765e-5 1 1.09181e-6 -1.15027e-5 1 -1.13259e-5 -0.1551572 -2.07037e-6 0.9878899 -0.524259 -2.91628e-6 0.8515589 -0.5242643 -3.5492e-6 0.8515557 -7.94859e-7 0 -1 0 0 -1 -0.9833157 -7.05837e-6 -0.1819076 -0.9833176 -1.62167e-5 -0.1818972 -0.711852 -3.76508e-6 0.7023295 -0.7118595 -1.06596e-5 0.702322 0.1551408 7.40527e-6 0.9878925 4.26853e-7 0 1 8.50794e-7 0 1 0.5242056 -2.95025e-6 0.8515918 0.1551314 1.67233e-6 0.9878938 -0.9833227 -6.48458e-6 0.1818696 1 0 -3.02535e-6 0.9958181 0 0.09135878 0.9958186 4.68749e-6 0.09135389 0.7117949 -3.57511e-6 0.7023875 0.5242147 -6.70208e-7 0.8515862 0.524204 1.16965e-5 -0.8515928 0.155129 4.53854e-6 -0.9878942 0.5241921 8.27408e-6 -0.8516001 0.1551381 7.40504e-6 -0.9878929 0.9833085 7.19452e-6 0.1819466 0.9833104 1.65299e-5 0.1819362 0.7117835 1.16431e-5 -0.702399 0.7117839 1.06583e-5 -0.7023985 0.9958199 4.59879e-6 -0.09133934 1 0 -3.0255e-6 -0.1551588 -4.93755e-6 0.9878896 0.9833158 7.05837e-6 -0.1819071 0.9958201 0 -0.09133702 6.8894e-6 -0.5242829 -0.8515442 -3.1358e-6 -0.5242878 -0.8515413 4.54301e-6 -0.711887 -0.702294 1.50563e-6 9.92395e-7 1 -3.46698e-5 -0.2067509 0.9783936 -2.75923e-5 -0.206763 0.9783911 0.7070025 -0.7072111 1.74779e-6 0.6659627 -0.7319259 0.1441471 -3.13286e-4 -0.9811511 0.1932418 2.75493e-5 0.2067711 0.9783895 1.5733e-7 4.85112e-7 1 2.60356e-4 0.9811508 0.1932441 2.71969e-4 0.9811543 0.193226 2.95915e-4 1 3.70512e-6 0.7070905 -0.7071231 -5.02251e-6 0.7282507 -0.6824468 -0.06258857 0.6870948 -0.7235302 -0.06636989 0 -0.15516 -0.9878894 0 -0.1551531 -0.9878906 2.95915e-4 1 3.95241e-6 2.73878e-4 0.9811459 -0.1932685 0.7282606 -0.6824359 0.06259202 0.7070807 -0.707133 -4.29737e-6 0.6659818 -0.7319115 -0.1441318 -3.02057e-4 -1 3.87067e-6 1.55058e-7 0 -1 1.69648e-7 0 -1 -2.48284e-5 -0.206749 -0.978394 3.99514e-5 0.2067601 -0.9783917 2.75625e-5 0.2067694 -0.9783898 1.21409e-4 0.5768975 -0.8168166 1.44965e-4 0.576888 -0.8168233 2.21708e-4 0.8401589 -0.5423403 2.3238e-4 0.8401498 -0.5423545 2.71063e-4 0.9811488 -0.1932537 -1.41177e-4 -0.5768395 0.8168575 -1.10959e-4 -0.5768323 0.8168626 -2.57875e-4 -0.8401401 0.5423694 -2.28726e-4 -0.8401353 0.5423769 3.99862e-5 0.206759 0.978392 1.33751e-4 0.5768725 0.8168343 1.20616e-4 0.5768982 0.816816 2.08262e-4 0.8401483 0.5423567 1.92993e-4 0.8401507 0.542353 -3.49334e-5 -0.2067433 -0.9783952 -1.07108e-4 -0.5768252 -0.8168677 -1.40489e-4 -0.5768346 -0.816861 -2.29101e-4 -0.8401447 -0.5423623 -2.59256e-4 -0.8401497 -0.5423545 1 -1.92938e-5 2.15318e-5 1 -7.53076e-6 2.01808e-5 1 -9.97196e-6 2.22743e-5 1 1.6232e-5 1.30199e-5 1 -9.46186e-7 2.18816e-5 1 2.54162e-5 1.06793e-5 1 -1.55029e-5 0 1 8.69611e-6 -7.91244e-6 1 6.24909e-7 -6.17972e-6 1 1.76247e-5 4.8295e-6 1 -6.58729e-6 3.43548e-6 1 2.74422e-6 5.7895e-6 1 2.02233e-5 0 1 5.08572e-6 -8.38345e-6 1 1.29781e-5 -5.93271e-6 1 -4.27533e-6 -1.87451e-5 1 1.0694e-5 0 1 -2.68356e-7 2.83932e-6 1 -3.30953e-5 7.14516e-6 1 1.29451e-5 4.29924e-6 1 1.59639e-5 6.52269e-6 1 -2.82527e-6 4.26321e-6 1 2.63991e-5 1.00232e-5 1 2.36232e-5 9.77313e-6 1 1.97004e-5 3.68834e-6 1 0 1.25504e-5 1 -2.7307e-6 1.16078e-5 1 -1.65471e-5 -6.07304e-6 1 -3.39298e-5 -2.26562e-6 1 -6.75406e-6 -1.77935e-5 1 -6.41113e-6 -6.92925e-6 1 -2.07724e-6 4.14902e-6 1 2.97484e-5 -2.01696e-6 1 -3.97966e-6 0 1 -1.18187e-5 1.74625e-6 1 -6.93734e-6 -1.30581e-6 1 1.77256e-6 1.72897e-6 1 -6.36319e-7 -1.6203e-6 1 -1.18434e-5 -4.60706e-7 1 3.95292e-7 -1.48307e-6 1 1.08136e-5 1.07778e-5 1 -7.99582e-5 5.25604e-6 0 -0.1551599 0.9878894 6.97432e-6 -0.5242829 0.8515442 0 -0.5242886 0.8515407 2.22685e-7 0 -1 -1.47094e-6 -5.64944e-7 -1 1.36129e-5 -0.9833111 -0.1819324 3.12757e-5 -0.9833068 -0.1819555 2.0946e-5 -0.7118694 0.7023119 7.39842e-6 -0.7118881 0.7022929 0 0.1551295 0.9878942 0 0 1 0 0 1 -2.87983e-5 0.5241585 0.8516207 -6.44916e-6 0.1551294 0.9878942 1.36128e-5 -0.9833112 0.1819313 0.6871162 -0.7235097 0.06637156 2.30021e-5 0.9958214 0.09132289 3.18711e-5 0.9958227 0.09130811 3.22005e-5 1 -1.46139e-7 -3.02291e-5 0.7117515 0.7024314 -1.97974e-5 0.5241916 0.8516004 -1.33396e-5 0.5241819 -0.8516064 -1.00036e-5 0.5242023 -0.8515939 -6.31146e-6 0.155133 -0.9878937 -1.73081e-6 0.1551296 -0.9878942 0 0.9833214 0.181877 1.76632e-5 0.9833249 0.1818577 -1.51896e-5 0.7117722 -0.7024103 -3.04522e-6 0.71179 -0.7023925 3.22006e-5 1 1.62656e-7 3.18712e-5 0.9958208 -0.09132987 0 -0.1551512 0.9878908 2.26742e-5 0.9958199 -0.09133887 1.71587e-5 0.9833179 -0.1818955 0.1976735 -0.6838725 -0.702313 0.1455791 -0.5036603 -0.8515474 0.1455864 -0.5036455 -0.851555 0.05743294 -0.1986142 0.9783936 0.277958 -0.9605934 3.8814e-6 0.2727069 -0.9424913 0.1932385 0.2779608 -0.9605925 5.12791e-6 -0.05743676 0.1986181 0.9783925 -0.05745661 0.1986409 0.9783867 -0.8431708 0.5179665 0.144131 -0.2779452 0.960597 2.58171e-7 -0.8757083 0.4828406 0 0.2765011 -0.9566631 -0.09133875 0.2776404 -0.9606851 -4.90166e-6 0.2765036 -0.9566632 -0.09133166 0.0430901 -0.1490583 -0.9878892 0.04308521 -0.1490482 -0.9878909 -0.2727071 0.9424879 -0.1932551 -0.8431659 0.5179783 -0.1441177 0.2776408 -0.960685 -4.64987e-6 0.2765039 -0.9566641 0.09132039 0.2727013 -0.9424863 -0.1932713 0.2727218 -0.9424775 -0.1932846 0.05743575 -0.1986092 -0.9783945 2.43779e-7 0 -1 7.53406e-7 0 -1 -0.05745261 0.1986392 -0.9783872 -0.1602936 0.5541474 -0.8168396 -0.1603141 0.554167 -0.8168222 -0.2334768 0.8070653 -0.5423415 -0.2334921 0.8070632 -0.5423379 0.05745053 -0.1986266 0.97839 0.1602819 -0.5541131 0.8168651 0.1603053 -0.5541206 0.8168554 0.2334819 -0.8070421 0.5423737 0.2334982 -0.807044 0.5423641 0.2726966 -0.9424945 0.1932379 -0.160299 0.5541562 0.8168324 -0.1603255 0.5541685 0.8168188 -0.2334908 0.8070552 0.5423505 -0.2335082 0.8070551 0.5423431 0.05745613 -0.1986376 -0.9783874 0.1602901 -0.5541256 -0.816855 0.1603094 -0.5541489 -0.8168354 0.2334691 -0.8070477 -0.5423711 0.2334889 -0.8070378 -0.5423771 -0.05743443 0.1986298 -0.9783903 -0.9606716 -0.2776871 1.46073e-5 -0.9606685 -0.2776983 1.40484e-5 -0.9606702 -0.277692 2.82916e-6 -0.9606774 -0.2776671 1.10946e-6 -0.9606751 -0.2776752 1.39432e-5 -0.9606785 -0.2776632 -4.05652e-6 -0.9606807 -0.2776557 3.55707e-6 -0.9606767 -0.2776697 -1.09102e-5 -0.9606774 -0.2776672 -1.24502e-5 -0.9606776 -0.2776664 -1.17959e-5 -0.9914254 0.110027 -0.07049739 -0.9606752 -0.2776747 -9.97331e-6 -0.8891104 0.4533917 -0.06259882 -0.9606752 -0.2776747 -8.65866e-6 -0.960677 -0.2776685 -9.32154e-7 -0.9606723 -0.2776848 -1.90752e-5 -0.9606822 -0.2776505 4.17823e-6 -0.9606842 -0.2776432 5.58507e-6 -0.9606829 -0.277648 9.04381e-6 -0.9606795 -0.2776599 4.57057e-6 -0.9606857 -0.2776384 1.89491e-5 -0.9606776 -0.2776661 -9.14501e-6 -0.9606876 -0.2776317 3.01597e-5 -0.9914219 0.1100561 0.07050055 -0.960676 -0.2776722 1.63519e-5 -0.8891103 0.4533922 0.06259638 -0.9606733 -0.2776812 2.72351e-6 -0.960674 -0.2776787 -3.31499e-5 -0.9606758 -0.2776726 -4.94955e-5 -0.9606762 -0.2776712 0 -0.9606694 -0.277695 -2.14022e-5 -0.9606735 -0.2776806 -1.11972e-5 -0.9606698 -0.2776935 -2.65219e-5 -0.9606814 -0.277653 2.24204e-6 -0.8756457 0.482954 2.72208e-6 -0.9606739 -0.277679 -4.72568e-6 -0.9606825 -0.2776495 2.4441e-6 -0.8756322 0.4829786 1.76304e-6 -0.9606742 -0.2776782 3.02061e-7 -0.9606769 -0.2776691 2.23178e-6 -0.9606737 -0.2776802 1.84633e-6 -0.9606747 -0.2776768 1.57291e-6 -0.9606766 -0.27767 -5.50069e-6 -0.9606747 -0.2776766 -8.93366e-7 -0.9606732 -0.2776818 1.8284e-6 -0.9606465 -0.277774 -4.41392e-5 -0.9606754 -0.2776737 4.64742e-6 0.1455707 -0.5036483 0.8515561 0.04308366 -0.1490583 0.9878894 0.145569 -0.5036504 0.8515551 4.08607e-6 0 -1 -6.82611e-7 0 -1 0.2730336 -0.9446484 -0.1819124 0.2730348 -0.9446474 -0.1819158 0.1976568 -0.6838665 0.7023236 0.1976574 -0.6838638 0.7023262 -1.24824e-6 0 1 -0.04307782 0.1490208 0.9878954 -4.53467e-7 0 1 -0.04307764 0.1490374 0.9878929 -0.1455517 0.5036131 0.8515801 0.2765082 -0.9566627 0.09132218 0.2730377 -0.9446539 0.1818772 -0.8609986 0.5042577 0.06637555 -0.1455536 0.5035939 0.8515911 -0.197637 0.6838112 0.7023831 -0.04307985 0.1490388 -0.9878925 -0.1455559 0.5035885 -0.8515939 -0.1455534 0.5035961 -0.8515899 -0.04307413 0.1490224 -0.9878953 -0.9609713 0.2596365 0.09551578 -0.197638 0.6837968 -0.7023968 -0.1976337 0.6838037 -0.7023913 0.04308104 -0.1490404 0.9878922 -0.8610039 0.5042499 -0.06636518 -3.96363e-7 -0.8687777 0.4952026 -1.16176e-6 -0.8687856 0.4951885 -1.18602e-6 -0.8687858 0.4951881 2.96985e-6 0.8540566 0.5201801 2.94835e-6 0.8540562 0.5201807 2.94766e-6 0.8540562 0.5201807 -2.71627e-6 -4.01399e-4 -1 -2.72341e-6 -4.04496e-4 -1 -2.71604e-6 -4.01298e-4 -1 -1 -2.75908e-4 1.6909e-4 1 2.80918e-4 -1.53449e-4 -0.7220968 0.1065256 0.6835412 -0.7050203 0.05061233 0.7073789 -0.7304279 0.1377457 0.6689555 0.7221151 0.1065354 0.6835203 0.7050446 0.05061072 0.7073547 0.7050434 0.05061179 0.7073559 0.7614373 0.3289146 0.5585951 0.7556087 0.269168 0.5971634 0.7535037 0.2536848 0.606528 -0.761482 0.3288862 0.5585509 -0.7556383 0.2691658 0.597127 -0.761484 0.3288836 0.5585497 0.7304316 0.1377297 0.6689547 -0.7535239 0.2536622 0.6065124 -0.4951882 -0.8687857 5.75044e-5 -0.4952032 -0.8687772 5.6712e-5 -0.4951878 -0.868786 5.75291e-5 -0.5201935 0.8540484 5.70763e-5 -0.5201705 0.8540625 5.83653e-5 -0.5201697 0.854063 5.84063e-5 1 -3.91525e-4 -1.1215e-4 1 -4.06093e-4 -1.12733e-4 1 -3.91059e-4 -1.12132e-4 5.23585e-5 5.5486e-5 -1 3.36107e-4 3.69926e-4 0.9999999 -0.4952045 -0.8687765 5.76218e-5 -0.4952191 -0.8687682 5.67151e-5 -0.495204 -0.8687767 5.76501e-5 -0.5201617 0.8540679 5.71751e-5 -0.5201701 0.8540628 5.67961e-5 -0.5201703 0.8540626 5.6784e-5 1 -3.9593e-4 -1.12159e-4 1 -4.1409e-4 -1.13035e-4 1 -3.95348e-4 -1.12131e-4 5.05372e-5 5.54877e-5 -1 3.41119e-4 3.66627e-4 0.9999999 -1.10668e-6 -0.8687862 0.4951875 -1.2512e-6 -0.8687822 0.4951946 -1.25578e-6 -0.868782 0.4951949 3.82117e-6 0.8540543 0.520184 3.70545e-6 0.8540535 0.5201852 3.70171e-6 0.8540534 0.5201852 -2.53638e-6 -4.01357e-4 -1 -2.98152e-6 -4.02899e-4 -1 -2.5219e-6 -4.01307e-4 -1 -1 -2.7591e-4 1.57456e-4 1 2.74236e-4 -1.57455e-4 -0.4952034 -0.8687771 4.71353e-5 -0.4952035 -0.8687771 4.69882e-5 -0.4952034 -0.868777 4.7139e-5 -0.5201672 0.8540645 4.80339e-5 -0.5201773 0.8540584 4.77507e-5 -0.5201775 0.8540583 4.77433e-5 1 -4.07872e-4 -9.39034e-5 1 -4.02421e-4 -9.36551e-5 1 -4.08016e-4 -9.39099e-5 5.25555e-5 5.51789e-5 -1 3.3777e-4 3.64978e-4 0.9999999 -0.4952043 -0.8687766 4.72856e-5 -0.495209 -0.8687739 4.69925e-5 -0.4952042 -0.8687767 4.72931e-5 -0.5201627 0.8540673 4.83139e-5 -0.5201805 0.8540564 4.73193e-5 -0.5201809 0.8540561 4.72932e-5 1 -4.15135e-4 -9.37797e-5 1 -4.13662e-4 -9.3779e-5 1 -4.15174e-4 -9.37797e-5 5.11316e-5 5.39456e-5 -1 3.37772e-4 3.64974e-4 1 -0.722097 0.1065251 0.6835411 -0.7050193 0.05061322 0.7073798 -0.7304281 0.1377456 0.6689552 0.7221156 0.1065352 0.6835199 0.705045 0.0506097 0.7073544 0.705044 0.05061042 0.7073553 0.7614372 0.3289124 0.5585966 0.7556084 0.2691675 0.597164 0.7535035 0.2536855 0.6065281 -0.7614784 0.3288915 0.5585526 -0.7556362 0.2691677 0.5971288 -0.7614791 0.328891 0.5585519 0.7304322 0.1377304 0.6689539 -0.7535229 0.2536628 0.6065134 -0.7220984 0.1065244 0.6835397 -0.7050196 0.05061244 0.7073795 -0.7304293 0.1377453 0.6689539 0.7221143 0.1065354 0.6835212 0.7050444 0.05061072 0.7073549 0.7050436 0.05061167 0.7073557 0.7614377 0.3289127 0.5585957 0.7556078 0.2691671 0.597165 0.7535024 0.253686 0.6065292 -0.7614783 0.3288908 0.5585533 -0.7556363 0.2691677 0.5971287 -0.7614783 0.3288908 0.5585532 0.7304308 0.1377301 0.6689555 -0.7535236 0.2536624 0.6065128 -0.7220979 0.1065247 0.6835402 -0.7050195 0.05061256 0.7073796 -0.7304289 0.1377452 0.6689544 0.7221147 0.1065356 0.6835207 0.7050452 0.0506103 0.7073542 0.7050444 0.05061089 0.707355 0.7614376 0.3289135 0.5585954 0.7556068 0.2691687 0.5971655 0.7535012 0.2536871 0.6065301 -0.7614791 0.3288894 0.5585528 -0.7556365 0.2691676 0.5971284 -0.7614802 0.3288885 0.5585522 0.7304303 0.1377299 0.6689559 -0.7535234 0.2536629 0.6065129 -0.7220954 0.1065271 0.6835424 -0.7050189 0.05061316 0.7073802 -0.7304267 0.1377465 0.6689564 0.7221171 0.1065337 0.6835185 0.7050458 0.05061036 0.7073536 0.705044 0.05061185 0.7073553 0.7614361 0.3289144 0.5585969 0.7556054 0.2691702 0.5971666 0.7535006 0.2536877 0.6065306 -0.7614794 0.3288903 0.558552 -0.7556385 0.2691652 0.5971271 -0.7614788 0.3288915 0.5585522 0.7304326 0.1377284 0.6689537 -0.7535248 0.2536599 0.6065122 -0.7220948 0.1065263 0.6835431 -0.7050189 0.05061292 0.7073802 -0.7304258 0.1377459 0.6689575 0.722117 0.106534 0.6835187 0.7050448 0.0506106 0.7073545 0.7050428 0.05061221 0.7073563 0.7614359 0.328916 0.5585963 0.7556068 0.2691701 0.5971648 0.7535023 0.2536873 0.6065288 -0.7614789 0.3288911 0.5585522 -0.7556367 0.2691669 0.5971286 -0.7614796 0.3288901 0.5585518 0.7304331 0.1377286 0.6689531 -0.7535227 0.2536625 0.6065137 0.5242684 -5.32183e-5 -0.8515532 0.711886 -6.53247e-5 -0.7022951 0.524286 -4.05304e-5 -0.8515423 8.98753e-7 -2.85358e-6 1 0.2067592 1.13196e-5 0.9783919 0.2067466 2.07959e-5 0.9783945 0.7071449 -0.7070688 4.81138e-7 0.9811502 1.94464e-4 0.1932467 0.7318484 -0.6660456 0.1441571 -0.2067649 -1.05843e-5 0.9783907 1.73231e-6 -2.85356e-6 1 -0.9811504 -1.81655e-4 0.1932458 -1 -1.94559e-4 -6.83626e-7 -0.9811491 -1.7951e-4 0.1932523 0.7070268 -0.7071868 -2.11826e-6 0.7234413 -0.68719 -0.06635224 0.6823775 -0.7283162 -0.06258219 0.1551555 -1.43777e-5 -0.9878901 0.1551389 -1.72796e-5 -0.9878927 -1 -1.98131e-4 6.83363e-7 -0.9811499 -2.01567e-4 -0.1932485 0.682361 -0.7283312 0.06258791 0.7070279 -0.7071857 -2.13895e-6 0.7318362 -0.666055 -0.1441755 1 2.08906e-4 0 -2.47651e-7 -1.91655e-6 -1 0.2067539 5.18085e-6 -0.978393 -5.12093e-7 -1.42676e-6 -1 -0.2067521 -2.07301e-5 -0.9783934 -0.5768883 -6.83803e-5 -0.8168231 -0.2067628 -1.00837e-5 -0.9783911 -0.576878 -9.0218e-5 -0.8168303 -0.8401598 -1.43611e-4 -0.5423389 -0.8401563 -1.61248e-4 -0.5423445 -0.9811515 -1.96096e-4 -0.1932404 0.5768614 6.85359e-5 0.8168421 0.5768467 8.51591e-5 0.8168525 0.8401426 1.3386e-4 0.5423657 0.8401387 1.50698e-4 0.5423716 -0.2067491 -1.92329e-5 0.9783941 -0.5768836 -6.00404e-5 0.8168264 -0.5768819 -8.48541e-5 0.8168277 -0.8401628 -1.38615e-4 0.5423344 -0.8401581 -1.53758e-4 0.5423415 0.2067472 1.71536e-5 -0.9783944 0.5768551 6.14174e-5 -0.8168466 0.5768479 8.19363e-5 -0.8168517 0.8401334 1.27771e-4 -0.5423799 0.8401349 1.49844e-4 -0.5423776 -7.25997e-5 -1 3.57817e-5 -9.81956e-5 -1 3.53972e-5 -1.05281e-4 -1 3.23365e-5 -5.53528e-5 -1 7.07112e-6 -7.45827e-5 -1 4.01742e-5 -7.66772e-5 -1 1.47507e-5 -9.41256e-5 -1 3.59266e-6 -9.41013e-5 -1 -4.55252e-6 -1.02226e-4 -1 -1.33146e-5 -5.55806e-5 -1 -5.34479e-6 -8.20569e-5 -1 7.29013e-6 -8.66408e-5 -1 5.02912e-6 -6.23213e-5 -1 -1.1292e-6 -1.31373e-4 -1 -3.24484e-6 -1.03965e-4 -1 -1.72456e-5 -1.04846e-4 -1 3.10397e-6 -3.07608e-5 -1 2.00097e-7 -2.66309e-5 -1 -8.52314e-6 -9.79117e-5 -1 -2.14478e-5 -1.00081e-4 -1 -1.03799e-5 -7.64527e-5 -1 1.20427e-5 -6.87684e-5 -1 -1.20445e-5 -3.05267e-5 -1 -1.2088e-5 -4.09866e-5 -1 -2.43236e-5 -8.35259e-5 -1 -1.28229e-5 -8.55299e-5 -1 3.11955e-5 -8.70897e-5 -1 3.75564e-5 -8.43883e-5 -1 0 -8.56575e-5 -1 2.04399e-6 -8.66582e-5 -1 -2.70711e-5 -8.55303e-5 -1 -3.11959e-5 -8.36069e-5 -1 1.86188e-5 -1.26582e-4 -1 0 -8.70895e-5 -1 -3.75572e-5 -9.64224e-5 -1 -1.52987e-5 -9.33564e-5 -1 -1.84116e-6 -1.79683e-4 -1 -8.4416e-5 -1.04977e-4 -1 1.04345e-6 -8.70902e-5 -1 0 -9.25495e-5 -1 0 -7.34235e-5 -1 -5.22323e-6 -9.71223e-5 -1 -5.95017e-6 -1.04976e-4 -1 -1.05047e-6 0.1551574 -1.48132e-5 0.9878898 0.5242688 -5.11276e-5 0.851553 0.5242678 -5.01132e-5 0.8515534 1.29952e-6 0 -1 1.418e-6 0 -1 0.9833229 -1.18912e-4 -0.1818686 0.9833207 -1.2511e-4 -0.1818805 0.7118619 -6.89741e-5 0.7023196 0.711862 -6.70028e-5 0.7023194 -0.1551362 1.04905e-5 0.9878931 -7.75365e-7 0 1 -3.35008e-7 0 1 -0.5241793 4.6997e-5 0.8516079 -0.155137 1.29987e-5 0.987893 0.9833191 -1.04322e-4 0.1818893 0.7234542 -0.6871766 0.06635087 -0.9958213 8.55302e-5 0.09132397 -1 1.10907e-4 6.91967e-7 -0.9958208 9.21189e-5 0.09133017 -0.7117552 5.94601e-5 0.7024276 -0.5241893 4.24522e-5 0.8516019 -0.524194 4.99152e-5 -0.851599 -0.155139 1.50692e-5 -0.9878928 -0.5241975 5.05643e-5 -0.8515968 -0.1551329 1.54268e-5 -0.9878937 -0.9833207 7.85509e-5 0.181881 -0.9833247 6.0234e-5 0.1818594 -0.7117697 6.8069e-5 -0.702413 -0.7117701 7.00369e-5 -0.7024126 -1 1.13504e-4 0 -0.9958199 1.12823e-4 -0.09133929 0.1551541 -1.48124e-5 0.9878904 -0.9958204 1.07567e-4 -0.09133386 -0.9833157 1.03133e-4 -0.1819077 -0.8748081 -0.4844697 6.94004e-5 -7.94609e-5 1 6.94772e-5 0.8538937 -0.5204476 -1.37937e-4 -0.9851674 -0.1715812 0.002280175 -0.02107799 -0.982199 -0.1866578 -0.04075938 0.9068903 -0.4193911 0.5288079 0.826038 0.1949966 0.5040181 -0.7911908 -0.3463854 -0.3910242 0.7444455 -0.5412033 0.4781522 0.8782755 0.001672446 0.01370978 -0.01877748 -0.9997297 0.9997391 -0.0112344 0.01988863 -0.01372677 0.01876336 0.9997298 -0.3717321 -0.9282507 0.01288324 -0.3717309 -0.9282526 0.01278156 -0.371697 -0.9246581 0.08275717 -0.5638937 -0.7445082 0.3573956 -0.5560991 -0.7607375 -0.3347121 -0.3699501 -0.9273022 -0.05698955 0.4784759 0.8778195 -0.02221947 -0.3985687 0.7713204 0.4961936 0.4990781 -0.7718525 0.3939098 0.4855967 0.842583 -0.2329164 -0.04662799 0.9262198 0.3740893 -0.02375733 -0.9723343 0.2323828 -0.007497131 0.02657651 0.9996188 -0.2517075 0.9674056 -0.02774739 0.007488369 -0.02658319 -0.9996187 -0.9678222 -0.251635 -4.2924e-4 0.9677839 0.251782 5.51977e-4 -0.630438 -0.5906391 -0.50368 -0.5415619 0.637252 -0.5482888 -0.1588543 0.9224209 0.3520016 0.3455762 0.3749438 -0.8602293 0.7364754 0.4376888 0.5157834 -0.3455544 -0.3751357 0.8601543 0.3337025 -0.881586 -0.3338398 -0.3455263 -0.3658507 0.8641556 -0.7440422 0.6679758 -0.01447618 0.3455753 0.3657892 -0.864162 0.7439952 -0.6680262 0.01456451 -0.571972 -0.6479879 -0.5029512 0.5720463 0.6478576 0.5030345 0.4125114 -0.9109493 0.002443909 0.4685354 0.8357377 -0.2863861 -0.275873 -0.8606716 -0.4279471 -0.8781812 -0.1389248 0.4577094 -0.6211498 -0.7419502 0.2523548 0.5990306 0.6054221 0.5240482 0.2022071 0.9706161 -0.1304484 0.6604366 0.6646258 -0.3494225 -0.63464 -0.5499092 -0.5429843 -0.1981514 -0.9302914 -0.3086973 0.01514029 0.01614516 -0.999755 -0.7095574 0.7046462 -0.001473367 -0.01512211 -0.01614856 0.9997553 0.993324 -0.07620364 0.08660542 0.9955432 -0.07385027 -0.05865228 -0.2128759 -0.9386891 0.2711951 -0.6593441 -0.5631027 0.4981774 0.6421647 0.6559261 0.3967185 0.1944505 0.9663935 0.1681448 0.6254787 0.6216542 -0.471511 -0.6062496 -0.7329031 -0.3087305 -0.8544879 -0.1251651 -0.5041668 -0.2980526 -0.8747397 0.3820933 0.4508479 0.8247079 0.3414573 -0.02386724 -0.01388502 0.9996188 0.02378398 0.01388669 -0.9996207 0.8737111 0.4856644 0.02755236 -0.1514671 0.9884593 -0.002443373 0.5285717 0.7967475 -0.292926 -0.01300835 -0.7380161 -0.6746577 -0.719501 -0.6392135 -0.2715225 -0.7650261 -0.3560914 0.5365948 -0.4023307 -0.7266195 0.5569149 0.7816619 0.4350682 0.4469011 0.441659 0.7042302 0.5558753 -0.3465414 0.9018689 0.2579566 0.02090454 0.9864339 -0.162823 -0.4650667 -0.6886511 -0.5563027 0.1323378 -0.7722812 -0.6213442 -0.4484568 0.2396059 -0.8610898 -0.8656427 0.1283786 0.4839232 0.4483323 -0.2396801 0.861134 0.83514 0.5088343 -0.2088755 0.9862714 0.1518521 -0.06488311 0.678111 0.3199862 -0.6616452 0.7700372 0.5436334 -0.3339247 -0.8642244 -0.3787227 0.3311878 0.3875582 -0.9140346 -0.1197478 -0.007323622 -0.9401543 0.3406707 0.3472191 0.8070434 0.4776191 -0.2154548 0.8289158 0.516215 0.00214225 0.9509114 -0.3094559 0.2322943 0.7398836 -0.6313569 -0.826053 -0.4921224 -0.2746854 -0.941991 -0.301412 0.1476611 -0.3693861 -0.8299301 0.4180549 0.3433609 -0.9388594 0.0254268 0.7126132 0.6976807 0.07364922 0.1242878 0.8324406 0.5399955 0.4406561 -0.2430695 0.8641409 -0.4606605 -0.887458 -0.01450675 -0.4407178 0.2428569 -0.8641691 0.4607291 0.8874201 0.01464748 0.7702591 -0.3919261 -0.5030856 -0.7703549 0.3917164 0.5031018 0.04409575 0.9990251 0.002111911 -0.8188902 -0.4930374 -0.2938248 0.6638304 0.6007917 -0.4453973 0.8895684 0.3807175 0.2524329 -0.8080936 -0.2689616 0.5240654 -0.5764111 -0.8079428 -0.1223881 0.6340636 0.701236 -0.3259319 0.755011 -0.6557096 0.001912355 -0.02081412 -0.007541418 -0.999755 -0.225838 -0.973959 0.02002865 0.02092373 0.007514595 0.9997528 -0.8514204 0.5172829 0.08661401 -0.8544481 0.516226 -0.058559 0.7544966 -0.6559255 -0.02228581 0.6144386 0.7408472 0.2713128 -0.6105464 -0.7739478 0.1680416 -0.8391051 -0.2714931 -0.4713746 0.8721663 0.3793762 -0.3088687 0.6911391 0.6034104 0.3977723 -0.7974212 -0.4911727 0.3505269 0.02751284 0.001606881 0.9996202 -0.02766931 -0.001606464 -0.9996159 -0.9988999 -0.0379191 0.02759206 -0.4431937 0.74524 -0.4981934 -0.3479728 -0.9370291 -0.02985727 0.3454344 0.6523987 -0.6745747 0.6875001 0.4660435 0.5569085 0.4726237 0.8797088 0.05233824 -0.6960501 -0.4429746 0.5650556 -0.09889805 -0.9610731 0.257988 -0.4845905 -0.8560552 -0.1798378 0.2313086 0.7486771 -0.6212722 0.2915306 -0.4165264 -0.8611131 0.713925 -0.5061423 0.4838711 -0.2915478 0.4165238 0.8611085 -0.9326757 -0.1364979 -0.3338927 0.1127657 0.98987 -0.08626353 0.4438523 0.8240081 0.3521448 -0.6747635 -0.562763 0.4774852 -0.1286495 -0.8410984 0.5253596 -0.4166893 -0.8598868 -0.2948982 -0.5419026 -0.5547677 -0.6313275 0.6561642 0.6272547 -0.4195237 0.959304 0.06518816 -0.274748 0.1185359 0.9926264 0.02533835 -0.4873779 -0.6862025 0.5399898 -0.2831412 0.4160107 0.8641564 0.8122759 0.5830932 -0.01450598 0.283051 -0.4160346 -0.8641745 -0.812272 -0.5830984 0.01451277 -0.5100233 0.6976942 -0.5030896 0.5099261 -0.6978365 0.5029906 0.7118601 -1.21823e-5 -0.7023214 -0.9811495 2.93304e-4 0.1932505 0 1 8.21999e-6 -9.10114e-5 1 -1.33181e-5 0 1 3.49991e-7 0 1 8.47962e-6 1.04815e-4 1 -7.46218e-5 5.01215e-5 1 -5.32744e-5 0 1 -3.81463e-6 0 1 3.33089e-6 0.983314 -1.39004e-5 0.1819167 -0.7117565 2.02621e-5 0.7024263 -0.9833213 1.39005e-5 -0.1818776 0.9961298 0.08789503 -1.08398e-6 -0.9955502 -0.09423315 0 0.0292657 0.9995717 0 -0.9998705 0.01609456 5.44057e-7 0.9998157 -0.01920181 -5.47866e-7 0.0292657 0.9995717 0 0 0 1 -0.9998705 0.01609468 5.28199e-7 0.9998157 -0.01920253 -5.47867e-7 0.02926552 0.9995718 0 0 0 1 -0.9998705 0.01609498 -5.49343e-7 0.9998157 -0.01920276 5.90011e-7 0.02926582 0.9995717 0 0 0 1 -0.9998705 0.01609671 0 0.9998157 -0.01920181 -3.58221e-7 0 0 1 0.3768365 0.9262799 0 -0.3618414 -0.9322397 0 0 -1 1.25623e-6 0 1 -1.25623e-6 0.02926588 0.9995718 1.13748e-6 4.45998e-7 0 -1 -1 6.73308e-7 -7.26458e-7 8.71671e-7 1.80123e-7 1 -1.25962e-4 1 1.71566e-7 -9.84621e-7 -1.93746e-7 1 -1.63749e-4 1 4.35024e-7 -1.24515e-4 1 -2.68176e-7 2.39873e-7 0 1 1.10681e-4 -1 -2.01164e-5 -1.38351e-4 1 -3.33102e-7 -1.79367e-7 0 1 -1.22904e-6 0 1 1.38351e-4 -1 0 9.85239e-7 1.12317e-6 1 -1.38352e-4 1 0 2.2874e-7 1.12318e-6 1 2.94645e-5 -0.7787291 -0.6273605 -9.17148e-6 -0.6254544 0.7802608 1 4.35704e-5 3.72108e-5 -1 -6.17248e-5 -4.96131e-5 -1.80913e-5 0.7788594 0.6271986 1.79114e-5 -0.8103376 0.5859634 2.02878e-6 0.5879685 0.8088839 1 1.30904e-4 -9.28168e-5 -1 -8.72696e-5 6.96128e-5 -2.79563e-5 0.8102086 -0.5861418 1.9065e-5 -0.7787288 -0.6273609 -9.17103e-6 -0.6254264 0.7802833 1 8.71365e-5 8.09774e-5 -1 -1.14367e-4 -8.682e-5 -2.91936e-5 0.7788587 0.6271995 2.71563e-5 -0.8103376 0.5859633 -8.17033e-6 0.5879642 0.808887 1 9.63687e-5 -6.9619e-5 -1 -5.81793e-5 3.48062e-5 -2.97031e-5 0.8102054 -0.5861462 -3.46645e-6 -0.7787379 -0.6273494 1.05488e-5 -0.6254227 0.7802862 1 1.30706e-4 9.92219e-5 -1 -1.10736e-4 -8.46352e-5 -5.24184e-6 0.7788683 0.6271876 1.61777e-5 -0.8103312 0.5859723 -1.02834e-6 0.587994 0.8088654 1 5.45403e-6 -1.63219e-5 -1 -5.81793e-5 4.64089e-5 -5.24184e-6 0.810217 -0.5861301 2.77313e-5 -0.7787288 -0.6273607 -9.17148e-6 -0.6254543 0.7802608 1 2.9047e-5 4.37703e-5 -1 -6.53557e-5 -5.61726e-5 -1.63441e-5 0.7788581 0.6272003 1.44446e-5 -0.8103386 0.585962 2.02877e-6 0.5879649 0.8088865 1 1.21819e-4 -7.88581e-5 -1 -4.36348e-5 3.48064e-5 -1.92195e-5 0.8102086 -0.5861417 -3.46645e-6 -0.7787371 -0.6273505 -3.89687e-6 -0.6254597 0.7802565 1 8.71371e-5 7.44163e-5 -1 -1.10741e-4 -8.46383e-5 -6.98908e-6 0.7788677 0.6271883 1.61778e-5 -0.810339 0.5859615 2.02875e-6 0.5879611 0.8088893 1 6.72699e-5 -5.80103e-5 -1.74724e-5 0.8102128 -0.5861359 1.38351e-4 1 0 -1.38353e-4 -1 -5.59855e-7 -2.71566e-6 0 1 2.71565e-6 0 1 -1.38349e-4 -1 1.95075e-6 1.24516e-4 1 -1.26051e-5 2.94646e-5 -0.7787255 -0.627365 -3.05701e-6 -0.6254184 0.7802896 1 8.71358e-5 6.42018e-5 -1 -4.90143e-5 -6.05439e-5 -2.91935e-5 0.7788577 0.6272007 5.19969e-6 -0.8103392 0.5859612 9.17134e-6 0.5879627 0.8088881 1 9.27153e-5 -6.03654e-5 -5.24195e-6 0.8102197 -0.5861265 0.7073438 -0.7068697 1.15712e-6 -4.10941e-7 -6.8883e-7 1 -1 4.95021e-6 1.57941e-6 -1.30641e-6 0 -1 -6.61614e-4 0.9999998 1.23258e-7 0 1.69473e-7 -1 5.1095e-7 -6.47967e-7 1 0.7075881 -0.7066251 0 0.9439247 -0.330161 0 2.16849e-7 0 1 -0.7946041 0.6071279 -3.83888e-7 4.22725e-6 -0.8687856 0.4951887 4.39793e-6 0.8540561 0.5201812 4.72457e-6 -0.8687844 0.4951906 4.72458e-6 -0.8687836 0.4951919 4.88659e-6 0.8540568 0.5201798 4.22724e-6 -0.8687852 0.4951893 4.39792e-6 0.8540557 0.5201817 -3.80915e-4 1 0 1.85669e-4 -0.5649183 0.8251469 3.44817e-4 -0.9057522 0.4238077 -1.41732e-4 0.4397795 0.8981059 -3.45363e-4 0.9061532 0.4229497 -2.9301e-4 1 0 2.49857e-4 -0.8822847 -0.4707162 -2.47267e-4 0.8921329 -0.4517732 -0.4851816 -0.8744134 8.15513e-5 -0.9997483 0.02243721 2.34713e-6 0.9016968 0.432369 1.17486e-5 0.4839383 0.8751021 -9.39244e-5 0.2967962 0.5354467 0.7907016 0 0 1 -9.72417e-6 0 1 6.20538e-7 0 1 -1.71884e-6 3.20432e-7 1 -1.38585e-6 2.7037e-7 1 -1.46562e-5 2.86042e-6 1 -2.01432e-6 5.27615e-7 1 0 7.92222e-7 1 0 8.56854e-6 1 0 8.09866e-7 1 -5.13671e-6 6.38008e-7 1 -4.85644e-6 5.67747e-6 1 -0.8588875 -0.5121645 3.84477e-6 0.47031 0.8825013 2.83951e-6 -0.4689037 -0.8832494 5.54171e-6 0.8584148 0.5129563 4.99718e-6 -1.11533e-5 1 -1.05249e-6 -0.4851902 -0.8744087 6.3854e-5 0.4839977 -0.8750693 -5.18177e-5 -0.9966562 0.08170861 5.25029e-7 0.9016926 0.4323779 5.90682e-6 0.483953 0.875094 -4.93191e-5 0.2968074 0.5354443 0.790699 -9.23234e-7 3.87998e-6 1 1.84892e-6 1.66567e-6 1 -1.09186e-6 7.0385e-7 1 1.94453e-5 1.70526e-5 1 2.46653e-6 2.16302e-6 1 -1.09567e-6 0 1 -9.2392e-7 0 1 -9.77233e-6 0 1 -9.82671e-7 0 1 -9.76219e-6 0 1 -9.22792e-7 0 1 -9.71232e-6 -5.69363e-6 1 -0.8588968 -0.5121489 1.9224e-6 0.4703143 0.882499 0 -0.4688939 -0.8832546 1.10832e-6 0.858394 0.512991 -4.49386e-6 -1.88089e-5 1 -1.51063e-7 2.28292e-5 -1 0 -1 -2.21395e-7 1.07069e-4 -1 -1.2657e-7 -1.77821e-7 -1.20592e-6 0.8687676 0.4952201 -1.18492e-6 -0.8540476 0.520195 2.35394e-6 3.94719e-4 -1 0.6929314 -0.2326343 0.6824423 -0.6929517 -0.2326298 0.6824232 0.495205 0.8687762 7.98385e-5 0.5201668 -0.8540648 7.92678e-5 -1 4.04303e-4 -1.56651e-4 0.4952045 0.8687766 8.12911e-5 0.520168 -0.854064 7.84989e-5 -1 4.0336e-4 -1.573e-4 -1.44711e-6 0.8687646 0.4952252 -1.42192e-6 -0.8540569 0.5201797 2.35399e-6 3.94727e-4 -1 0.4952044 0.8687766 6.32119e-5 0.5201717 -0.8540617 6.27667e-5 -1 4.13572e-4 -1.23668e-4 0.4952055 0.8687759 6.2029e-5 0.5201625 -0.8540673 6.33365e-5 -1 4.16131e-4 -1.23497e-4 0.6929296 -0.2326309 0.6824452 -0.6929522 -0.2326297 0.6824228 0.6929296 -0.2326346 0.682444 -0.6929476 -0.2326298 0.6824272 0.6929286 -0.2326354 0.6824448 -0.6929513 -0.2326302 0.6824234 0.6929312 -0.2326321 0.6824432 -0.6929554 -0.2326304 0.6824191 0.692931 -0.2326348 0.6824426 -0.6929531 -0.2326295 0.6824219 0.6929294 -0.2326338 0.6824445 -0.6929517 -0.2326295 0.6824232 0.6929289 0.1006903 0.7139405 -0.692958 0.1006818 0.7139135 0.6929293 0.1006859 0.7139408 -0.6929556 0.1006845 0.7139154 0.692928 0.1006867 0.7139419 -0.6929529 0.1006844 0.713918 0.6929288 0.1006923 0.7139404 -0.6929574 0.1006836 0.7139138 0.6929304 0.1006903 0.7139391 -0.6929559 0.100685 0.7139151 0.6929273 0.1006856 0.7139427 -0.6929533 0.100685 0.7139176 0.6929281 0.1006879 0.7139417 -0.6929573 0.1006845 0.7139137 0.6929315 0.354484 0.6278432 -0.6929476 0.3544732 0.6278315 0.6929296 0.3544863 0.6278439 -0.6929516 0.3544693 0.6278293 0.6929292 0.3544798 0.6278482 -0.6929551 0.3544629 0.6278291 0.6929319 0.3544821 0.6278439 -0.6929512 0.3544645 0.6278325 0.6929308 0.3544794 0.6278466 -0.6929523 0.3544678 0.6278294 0.6929298 0.3544815 0.6278465 -0.6929558 0.3544623 0.6278285 0.6929259 0.3544821 0.6278505 -0.6929543 0.3544658 0.6278283 0.4952033 0.1965656 -0.846248 0.5201772 -0.1931213 0.8319374 -1 -1.38113e-5 -4.49049e-4 0.4952033 0.1965657 -0.846248 0.5201665 -0.1931237 0.8319437 -1 -1.98881e-5 -4.23518e-4 4.0217e-7 0.8688021 0.4951595 -2.52805e-6 -0.8540526 0.5201867 1.88319e-6 3.94727e-4 -1 -5.73836e-7 0.8687831 0.495193 -2.16153e-6 -0.8540654 0.5201657 1.88319e-6 4.04595e-4 -1 0.8687819 2.03003e-6 0.495195 -0.8540576 -3.98937e-7 0.5201786 0.2798503 -0.6545405 -0.7023251 -0.3859646 0.9020437 0.1932582 -0.9194777 -0.3931424 -6.37045e-6 -0.9855014 0.1402144 -0.09553527 -0.9194757 -0.3931471 1.75201e-6 -0.9194793 -0.3931387 6.24308e-6 -0.9194946 -0.3931027 -1.66541e-6 -0.9194793 -0.3931385 6.14705e-6 -0.9194591 -0.3931859 -4.22069e-5 -0.9194722 -0.3931552 -2.03695e-5 -0.9194313 -0.393251 -5.99509e-5 0.3865571 -0.9041559 0.1818672 -0.2798368 0.6544405 0.7024238 4.03728e-6 -0.8687744 0.4952081 1.05915e-6 0.8540557 0.5201818 0 -1 6.93803e-5 -0.8748357 0.48442 6.97214e-5 0.8689771 0.4948524 -1.33236e-4 -0.8687802 1.03811e-6 0.4951978 0.8540548 -4.63651e-6 0.520183 -4.03067e-4 3.55298e-6 -1 -1.57354e-5 -0.8598501 -0.5105466 -0.8748312 0.4164852 0.2474076 0.8689841 0.4255402 0.2525517 1.35115e-5 -0.8574411 0.5145823 -0.8748478 0.4153964 -0.2491732 0.8689942 0.4242269 -0.2547169 -1.57356e-5 -0.8598501 -0.5105468 -0.8748393 0.4164721 0.2474011 0.8689923 0.4255265 0.2525461 -2.07964e-5 -0.8574412 0.5145822 -0.8748437 0.4154022 -0.249178 0.8689981 0.4242205 -0.254714 0.7118526 1.61861e-6 -0.7023289 0.9811483 7.21158e-4 -0.1932551 5.85517e-6 -1 -3.13715e-6 3.67298e-5 -1 6.79253e-6 1.2255e-6 -1 -9.88131e-6 -7.26748e-6 -1 3.41714e-6 -5.6952e-5 -1 2.67364e-5 0.9833186 0 0.1818919 -0.7117627 1.16694e-5 0.7024201 -0.9833144 0 -0.1819143 0.7118723 9.82882e-6 -0.702309 0.9811484 7.10466e-4 -0.1932548 5.85545e-6 -1 0 0 -1 0 1.13871e-4 -1 5.34902e-5 -1.81234e-5 -1 8.51026e-6 0 -1 0 0.9833201 1.86908e-5 0.1818842 -0.7117679 0 0.7024148 -0.9833143 -4.24883e-7 -0.1819146 0.7118732 1.47433e-5 -0.7023081 0.9811487 7.10988e-4 -0.1932538 5.85559e-6 -1 -3.13613e-6 5.34644e-6 -1 4.88207e-6 1.64966e-5 -1 -1.31566e-5 -1.81241e-5 -1 -8.51654e-6 -1.93491e-5 -1 -1.36961e-6 -3.67286e-5 -1 6.79656e-6 0.9833195 1.49526e-5 0.1818867 -0.9833144 -2.35144e-6 -0.1819146 0.7118574 0 -0.702324 0.9811489 7.20483e-4 -0.193252 0.9833172 1.86908e-5 0.1818997 -0.711762 0 0.7024208 -0.9833158 2.17566e-5 -0.1819069 0 -1 7.21647e-5 -0.8748403 0.4844115 6.97202e-5 0.8689908 0.4948282 -1.35806e-4 -0.8748036 -0.4844778 6.82445e-5 -7.94608e-5 1 6.90755e-5 0.8538936 -0.5204476 -1.38132e-4 -0.8687804 9.90923e-7 0.4951977 0.8540593 -4.54379e-6 0.5201756 -4.03064e-4 3.55298e-6 -1 -1.57356e-5 -0.8598501 -0.5105469 -0.8748435 0.4164655 0.2473973 0.8689925 0.4255264 0.2525461 -2.12051e-5 -0.8574422 0.5145803 -0.8748477 0.4153962 -0.2491741 0.8689903 0.424233 -0.2547206 1.83921e-6 -0.8598501 -0.5105469 -0.8748353 0.4164796 0.2474027 0.86898 0.4255454 0.2525566 -2.12052e-5 -0.8574433 0.5145785 -0.8748477 0.4153953 -0.2491753 0.8689818 0.4242473 -0.254725 0 -1 6.93796e-5 -0.8748448 0.4844033 6.85004e-5 0.8689811 0.4948453 -1.36846e-4 -0.874804 -0.4844772 7.11056e-5 -9.93305e-5 1 6.98788e-5 0.8538939 -0.5204471 -1.353e-4 -0.8687888 3.77499e-7 0.4951828 0.8540681 -4.63658e-6 0.5201613 -4.03072e-4 3.57945e-6 -1 -1.57357e-5 -0.8598501 -0.5105466 -0.8748395 0.4164724 0.2473998 0.868979 0.4255465 0.2525584 -2.12051e-5 -0.8574437 0.5145779 -0.8748514 0.41539 -0.2491711 0.8689851 0.4242419 -0.2547231 -1.57354e-5 -0.8598507 -0.5105454 -0.8748479 0.4164574 0.2473954 0.8689915 0.4255285 0.2525459 -3.2338e-6 -0.8574411 0.5145821 -0.8748399 0.4154084 -0.2491809 0.8689858 0.4242402 -0.2547233 0 -1 7.21643e-5 -0.8748413 0.4844097 6.67528e-5 0.8689845 0.4948394 -1.35409e-4 -0.8748025 -0.4844796 7.17425e-5 -1.19201e-4 1 6.66659e-5 0.8539006 -0.5204364 -1.38049e-4 -0.8687875 3.77498e-7 0.495185 0.8540609 -4.45108e-6 0.5201733 -4.03071e-4 3.55269e-6 -1 -1.57353e-5 -0.8598476 -0.510551 -0.8748412 0.4164682 0.2474006 0.8689833 0.4255402 0.2525543 -2.12059e-5 -0.8574415 0.5145817 -0.8748336 0.4154199 -0.249184 0.8689934 0.4242306 -0.2547136 1.83921e-6 -0.8598506 -0.5105459 -0.8748482 0.4164571 0.2473949 0.8689779 0.4255495 0.252557 -3.64256e-6 -0.8574404 0.5145833 -0.8748292 0.4154261 -0.2491886 0.868989 0.4242368 -0.2547183 7.90105e-7 -0.868785 0.4951896 8.53994e-7 0.8540735 0.5201525 0.8687787 2.17332e-6 0.4952006 -0.8540591 -4.46968e-7 0.5201762 0.8687785 1.87007e-6 0.4952009 -0.8540594 0 0.5201756 0.8687778 1.92061e-6 0.4952023 -0.8540645 0 0.5201672 0.8687787 1.61736e-6 0.4952008 -0.8540679 -4.96637e-7 0.5201617 0.8687829 2.12279e-6 0.4951933 -0.8540672 -4.96638e-7 0.5201628 0.8687822 1.81954e-6 0.4951946 -0.8540574 0 0.520179 0.8687773 1.81953e-6 0.495203 -0.8540618 -3.97309e-7 0.5201718 0.8687785 1.61736e-6 0.4952009 -0.8540559 -1.98653e-7 0.5201814 0.8687795 1.81952e-6 0.4951992 -0.8540616 -1.98652e-7 0.5201721 0.8687787 7.92855e-6 0.4952008 -0.8540593 -1.81426e-6 0.5201758 0.868782 1.02095e-5 0.4951949 -0.8540618 -1.49411e-6 0.5201716 1.24099e-6 -0.8687847 0.49519 3.64592e-7 0.8540734 0.5201527 7.39364e-7 -0.8687674 0.4952204 7.26517e-7 0.8540719 0.5201551 1.83992e-6 -0.8687674 0.4952205 0 0.8540646 0.5201669 1.88467e-6 -0.868777 0.4952036 0 0.8540541 0.5201842 1.4614e-6 -0.8687764 0.4952047 4.90745e-7 0.8540712 0.520156 3.06602e-6 -0.8687677 0.4952201 -1.12897e-6 0.8540469 0.5201962 5.51696e-6 -0.8687766 0.4952044 -3.94767e-7 0.8540544 0.5201839 5.64491e-6 -0.8687847 0.49519 -3.94769e-7 0.8540554 0.520182 4.03733e-6 -0.868785 0.4951895 1.05914e-6 0.8540469 0.5201962 5.51701e-6 -0.8687844 0.4951905 -3.94769e-7 0.8540556 0.5201818 4.03733e-6 -0.8687852 0.4951894 1.05914e-6 0.8540466 0.5201967 0.8687883 2.23305e-6 0.4951839 -0.8540549 -1.99468e-7 0.520183 0.8687889 1.82704e-6 0.4951826 -0.8540591 0 0.5201759 0.8687891 2.23305e-6 0.4951823 -0.8540549 0 0.520183 0.8687793 1.82703e-6 0.4951995 -0.8540502 0 0.5201907 0.8687897 2.13154e-6 0.4951814 -0.8540546 -1.99468e-7 0.5201835 0.868781 1.87777e-6 0.4951967 -0.8540591 -4.48805e-7 0.5201762 0.8687935 2.43607e-6 0.4951747 -0.8540552 -1.99467e-7 0.5201823 0.8687935 2.81671e-6 0.4951747 -0.8540503 0 0.5201904 0.868789 1.87779e-6 0.4951826 -0.8540591 -1.74535e-7 0.5201759 0.8687925 2.46462e-6 0.4951764 -0.8540591 -1.87002e-7 0.5201759 0.8687891 1.89048e-6 0.4951823 -0.854059 -1.99469e-7 0.5201762 0.8687843 2.15692e-6 0.495191 -0.8540591 -4.98672e-7 0.5201762 0.8687874 1.04479e-5 0.4951853 -0.8540555 -1.14065e-6 0.520182 0.8687815 1.16087e-5 0.4951956 -0.8540543 -2.28133e-6 0.520184 0.8687877 1.16088e-5 0.4951847 -0.8540542 -1.14067e-6 0.5201839 -0.7118473 -1.21822e-5 -0.7023344 -1.45153e-5 1 7.39791e-6 -2.65074e-5 1 -7.62542e-7 1.91244e-4 1 -1.19858e-4 0 1 1.33245e-5 0 1 1.70019e-6 1.49753e-5 1 3.56217e-5 5.01262e-5 1 4.66194e-5 0 1 -5.51499e-6 0 1 -9.99254e-6 -0.9833177 1.85339e-5 0.1818966 0.711787 1.82714e-5 0.7023954 0.9833164 -1.85345e-5 -0.1819033 -0.7118625 -8.52295e-6 -0.702319 -2.90298e-5 1 -8.21995e-7 -2.65069e-5 1 0 1.00253e-4 1 -9.32395e-5 0 1 1.33225e-5 0 1 1.70009e-6 8.3763e-5 1 8.47665e-5 -1.82074e-4 1 -3.33045e-5 -4.18916e-5 1 -4.87539e-5 9.10544e-5 1 1.66555e-5 -0.9833247 -1.62168e-5 0.1818587 0.7118105 1.21805e-5 0.7023715 0.9833177 1.62172e-5 -0.1818965 2.40174e-5 -0.7118694 -0.7023119 -3.15945e-4 -0.981154 -0.1932269 1 6.57567e-6 2.5922e-6 1 -2.30663e-6 0 1 -2.66386e-5 0 1 -3.44571e-5 4.08171e-6 1 2.66528e-5 -5.6172e-6 1 8.31169e-6 -2.59212e-6 1 -6.37389e-6 3.32691e-6 1 -5.3301e-5 -4.51445e-6 1 0 3.29737e-5 1 1.0514e-5 6.16997e-6 3.12754e-5 -0.9833072 0.1819532 0 0.7117869 0.7023956 -1.15837e-6 0.9833142 -0.1819158 0.1976571 -0.6838901 -0.7023006 -0.2727041 0.9424901 0.1932488 -0.9606739 -0.277679 6.47321e-6 -0.9609651 0.2596616 -0.0955097 -0.9606651 -0.2777096 -2.42604e-7 -0.9606763 -0.2776709 -5.03735e-6 -0.960645 -0.2777789 3.24749e-5 -0.960674 -0.277679 -2.72995e-6 -0.9606708 -0.2776899 -3.59127e-6 -0.9606747 -0.2776768 6.93818e-6 0.2730394 -0.9446533 0.1818787 -0.1976526 0.6837788 0.7024101 -3.72107e-7 -0.8687774 0.495203 2.97055e-6 0.8540566 0.5201801 -2.72364e-6 -4.04596e-4 -1 -0.7050214 0.05061131 0.7073778 0.7614361 0.3289163 0.5585957 -0.4952036 -0.8687769 5.66873e-5 -0.5201942 0.854048 5.70353e-5 1 -4.0656e-4 -1.12752e-4 -0.4952195 -0.8687679 5.66868e-5 -0.5201614 0.854068 5.71871e-5 1 -4.14672e-4 -1.13064e-4 -1.1021e-6 -0.8687863 0.4951874 3.82491e-6 0.8540544 0.5201839 -2.99599e-6 -4.0295e-4 -1 -0.4952035 -0.868777 4.69844e-5 -0.5201669 0.8540647 4.80413e-5 1 -4.02277e-4 -9.36485e-5 -0.4952091 -0.8687738 4.69849e-5 -0.5201622 0.8540676 4.834e-5 1 -4.13624e-4 -9.37789e-5 -0.7050199 0.05061274 0.7073792 0.7614365 0.3289133 0.558597 -0.7050198 0.05061221 0.7073794 0.7614377 0.3289127 0.5585957 -0.70502 0.05061239 0.7073792 0.7614381 0.3289129 0.5585952 -0.70502 0.05061203 0.7073792 0.7614368 0.3289138 0.5585964 -0.70502 0.05061185 0.7073792 0.7614354 0.3289165 0.5585966 0.7118476 -9.57092e-5 -0.702334 0.9811505 2.02415e-4 -0.1932454 -8.70909e-5 -1 0 -9.27754e-5 -1 0 -1.82096e-4 -1 -3.36732e-5 -9.59329e-5 -1 6.76662e-6 -9.59115e-5 -1 -6.76494e-6 -1.82036e-4 -1 3.3662e-5 -5.9894e-5 -1 -2.37476e-5 1.0029e-4 -1 -9.88977e-5 0.9833211 -9.73007e-5 0.1818785 -0.7117756 4.56759e-5 0.702407 -0.9833178 9.26662e-5 -0.181896 0.9782095 -0.2076208 1.23368e-5 0.9781814 0.2077528 1.37667e-7 0.9782053 -0.2076408 2.96067e-6 0.9983987 -0.05656981 -1.8654e-6 0.7125235 -0.7016484 -4.36902e-6 0.71254 -0.7016315 -2.90917e-6 -0.2661055 0.963944 -5.51486e-5 -1.2447e-5 1 -5.27037e-7 -0.265691 0.9640583 -6.70315e-5 0.266274 -0.9638974 -4.46877e-5 1.43464e-5 -1 -3.1976e-7 1.41779e-5 -1 1.19465e-7 -0.5134313 -0.8581308 -6.94086e-5 -0.5133943 -0.8581529 1.53731e-5 -0.5132791 -0.8582218 -7.93432e-5 -0.9136505 -0.4065008 2.48974e-5 -0.9221996 -0.3867144 2.68551e-6 -0.9136689 -0.4064593 3.05754e-5 0.7481917 -0.6634827 -3.59745e-5 0.7485027 -0.6631317 2.54493e-5 0.9782338 -0.2075064 2.27583e-5 -0.7481837 0.6634916 -5.97641e-5 -0.748428 0.6632161 -1.13078e-5 -0.9997721 0.02134615 5.27019e-6 0.978191 0.2077072 7.05312e-6 0.9137365 0.4063072 1.30865e-5 0.978182 0.2077502 4.1798e-6 0.5123686 0.8587657 -1.18789e-4 0.5129806 0.8584003 -9.20572e-5 0.5130575 0.8583542 -3.10318e-5 -0.9222502 -0.3865936 1.7476e-5 -0.05847436 -0.05276042 0.9968937 -0.125023 -0.4528495 0.8827778 -0.01801252 -0.06633841 0.9976347 -0.4462965 -0.1879048 0.874935 -0.3485447 -0.3076294 0.8853704 0.1244892 -0.4530488 0.8827509 0.3484982 -0.3100353 0.8845492 0.3425043 -0.3145658 0.8852905 0.465119 -0.1018245 0.8793727 0.4681166 -0.09875655 0.8781311 -0.1243569 0.453131 0.8827274 -0.3484397 0.3100593 0.8845639 -0.3424475 0.314648 0.8852832 -0.4860307 -0.01761019 0.8737643 -0.480622 0.02271002 0.8766339 0.05856245 0.05286335 0.9968831 0.4658865 0.1000899 0.8791654 0.3485151 0.3076649 0.8853698 0.1249165 0.4529086 0.8827626 0.01794266 0.0662133 0.9976442 -0.4473561 -0.1950951 0.8728176 0.1252673 -0.4523475 0.8830006 -0.1251826 0.4523861 0.8829927 0.4667068 0.1057052 0.8780725 -0.257951 0.9661581 1.3452e-6 -0.7127864 0.7013813 3.89838e-6 -0.2579537 0.9661574 1.37673e-6 -1.39313e-5 1 0 -1.39313e-5 1 0 -0.8751689 -0.4838176 -1.31537e-6 -0.9682755 -0.2498851 2.63991e-6 -0.9682753 -0.2498861 1.81514e-6 -0.7127813 0.7013864 1.85377e-6 -0.9682231 0.2500885 2.15054e-6 0.2571671 -0.966367 -9.15383e-7 1.14583e-5 -1 -3.13111e-6 1.14583e-5 -1 -3.24712e-6 0.4983355 0.8669844 4.0305e-6 0.4983323 0.8669861 5.31249e-6 0.4983313 0.8669868 5.77751e-6 -0.4969212 -0.8677957 -4.40872e-6 -0.4969086 -0.8678029 6.64007e-7 -0.4969258 -0.867793 -6.24577e-6 0.2571614 -0.9663685 6.09645e-7 -0.9682223 0.2500914 0 0.9010036 0.4338117 -3.28994e-6 0.8747285 0.4846134 -1.96775e-6 0.9010019 0.4338153 -3.58388e-6 0.9983971 -0.05659931 -4.82781e-6 -0.4838038 -0.1298514 0.8654898 -0.4884663 0.1076917 0.8659118 -0.4838477 -0.1098949 0.8682249 -0.1250885 -0.4747821 0.8711687 0.1300333 -0.4734067 0.8711932 0.1276003 -0.4756931 0.870307 0.1255356 0.4746608 0.8711704 -0.1301823 0.4733747 0.8711882 -0.1278971 0.4755169 0.8703598 0.4617791 0.2251583 0.8579416 0.5019146 -0.02648496 0.8645117 0.462563 0.2037488 0.8628569 -0.3538619 -0.3417425 0.8706284 0.5019203 0.007534861 0.8648812 0.3612896 -0.3306194 0.871872 0.3429302 -0.346512 0.8731142 -0.478886 0.1190075 0.8697732 -0.3614143 0.3306105 0.8718236 -0.3430942 0.3463301 0.8731219 0.3540797 0.34173 0.8705447 -0.999772 0.02135556 9.11826e-6 -0.9221898 -0.3867377 -1.0585e-5 0.5130815 0.85834 -8.86597e-5 0.5131602 0.8582929 1.90272e-5 0.9137307 0.4063206 1.21348e-5 -0.7484674 0.6631717 2.7461e-5 -0.2662444 0.9639057 -5.39778e-5 0.7485718 -0.6630539 6.70739e-5 0.2664406 -0.9638515 -4.35159e-5 -0.9137735 -0.4062241 3.80491e-5 -0.5123928 -0.8587512 -1.12615e-4 -0.5122839 -0.8588162 -1.33431e-4 0.2656944 -0.9640574 -6.76792e-5 1.39121e-5 -1 0 -1.22603e-5 1 9.9635e-6 -0.5135526 -0.8580581 9.92602e-5 -0.9997729 0.02131223 3.86847e-6 0.9137693 0.4062339 1.34385e-5 0.5122934 0.8588106 -1.33183e-4 0 1.25317e-7 1 0 9.20224e-7 1 1.94952e-7 1.9796e-7 1 -8.25866e-7 0 1 -3.14575e-7 0 1 -4.91878e-7 -4.61511e-7 1 -1.45883e-7 -1.79422e-7 1 0 0 1 9.82674e-7 4.63462e-7 1 0 -3.08909e-7 1 -1.33755e-7 -1.88677e-7 1 -1.46665e-6 -1.84232e-6 1 -0.8751692 -0.4838172 0 0.4983367 0.8669837 3.56546e-6 -0.496904 -0.8678056 2.50107e-6 0.8747333 0.4846048 -1.07699e-6 -1.18806e-5 1 2.15564e-5 2.39669e-5 -1 -4.86033e-7 2.42369e-5 -1 -9.41836e-7 2.3679e-5 -1 0 -1.8814e-5 1 0 0.9016923 0.4323784 -3.89948e-7 1 1.30597e-4 0 0.4839531 0.8750939 -1.92903e-7 -0.3124701 -0.1393828 -0.9396461 -0.3124987 -0.1393167 -0.9396464 -0.3125327 -0.1394106 -0.9396212 -0.7028684 -0.6315502 0.3272925 -0.7027813 -0.6316586 0.3272705 -0.7027309 -0.6317539 0.3271947 0.4073897 -0.9132544 1.36886e-5 0.6152381 -0.7833737 -0.0883612 0.4073847 -0.9132568 1.29006e-6 0.3124693 0.1393868 0.9396458 0.3124369 0.1394556 0.9396465 0.312523 0.1394112 0.9396244 -0.4073985 0.9132505 1.42385e-6 -0.6152485 0.7833653 0.08836436 -0.4073856 0.9132562 5.41249e-6 0.6998942 0.6351265 -0.3267452 0.6998075 0.6352294 -0.326731 0.6999403 0.6350405 -0.3268138 0.9401977 0.09630477 -0.3267322 0.94018 0.09644609 -0.3267413 0.9401424 0.09654957 -0.3268188 0.312502 0.1393148 0.9396456 0.3124117 0.1393489 0.9396706 -0.9395256 -0.1009265 0.3272699 -0.9395083 -0.1010522 0.3272807 -0.939561 -0.1008304 0.327198 -0.3124408 -0.139451 -0.9396458 -0.3124055 -0.1393547 -0.9396719 -0.3125016 -0.1393124 -0.9396461 0.3124426 0.1394473 0.9396457 -0.1718886 0.9811454 -0.08836364 -0.171872 0.9811491 -0.08835422 0.3124998 0.1393314 0.939644 0.3125325 0.1394197 0.9396199 0.1718807 -0.9811448 0.08838546 0.1718767 -0.9811472 0.08836609 -0.3124439 -0.1394531 -0.9396445 -0.3125356 -0.1394075 -0.9396208 -0.1718387 0.9811536 -0.08837014 -0.4073772 0.9132601 -1.2741e-6 -0.1718812 0.9811458 -0.08837348 0.9398339 0.09875941 -0.3270457 0.9398296 0.09894782 -0.3270012 0.9397964 0.09903877 -0.3270692 0.7015135 0.6331993 -0.3270129 0.7013529 0.6333634 -0.3270397 0.7015628 0.633107 -0.3270862 0.4515801 -0.8920525 -0.01783323 0.6152368 -0.7833752 -0.0883581 0.4073877 -0.9132554 -9.91543e-6 0.4515914 -0.8920466 -0.01783531 0.6152434 -0.783367 -0.08838403 0.4073852 -0.9132564 -6.7265e-6 0.7023178 0.6322537 -0.3271165 0.702171 0.6323909 -0.3271663 0.7023673 0.6321604 -0.3271903 0.939664 0.09997504 -0.3271647 0.9396589 0.1001828 -0.3271156 0.9396216 0.1002848 -0.3271915 -0.1718782 0.9811468 -0.08836787 -0.4073942 0.9132524 5.49902e-7 -0.1718756 0.9811474 -0.08836776 -0.1718734 0.9811478 -0.08836662 -0.4073739 0.9132615 5.54811e-7 -0.1718745 0.9811476 -0.08836692 0.9400125 0.09748876 -0.3269136 0.9400053 0.09770369 -0.3268703 0.9399682 0.09780573 -0.3269466 0.7007072 0.6341651 -0.3268702 0.7005537 0.6343081 -0.3269217 0.7007564 0.6340725 -0.3269443 0.4515944 -0.8920448 -0.01785039 0.6152468 -0.7833655 -0.08837342 0.4073894 -0.9132546 -2.71023e-6 -0.1718738 0.9811474 -0.0883702 -0.4073913 0.9132537 -7.26418e-6 -0.1718565 0.9811499 -0.0883758 0.9400936 0.09688681 -0.3268591 0.9400916 0.09708857 -0.3268054 0.9400568 0.09718388 -0.3268771 0.7002971 0.6346486 -0.3268107 0.7001341 0.6348119 -0.3268429 0.7003494 0.6345506 -0.3268889 0.4516046 -0.8920396 -0.01785755 0.6152269 -0.783384 -0.0883494 0.4073879 -0.9132552 5.98011e-6 0.4515905 -0.8920469 -0.01784271 0.6152371 -0.7833735 -0.08836996 0.4073829 -0.9132575 8.38108e-6 0.7011038 0.6336922 -0.3269369 0.7009586 0.6338322 -0.3269768 0.7011517 0.6336022 -0.3270088 0.9399219 0.09812438 -0.3269839 0.9399181 0.09832793 -0.3269336 0.9398811 0.09842967 -0.3270095 -0.171885 0.9811458 -0.08836591 -0.3620631 0.9319829 -0.01784163 -0.4073864 0.9132559 -2.89187e-6 0.4516132 -0.8920352 -0.01785773 0.6152434 -0.7833687 -0.0883696 0.4073949 -0.9132521 6.92529e-6 0.7019252 0.6327133 -0.3270704 0.7017574 0.6328859 -0.3270964 0.7019777 0.6326149 -0.3271479 0.9397538 0.09934306 -0.3270989 0.9397398 0.09957611 -0.3270684 0.9397022 0.09967845 -0.3271456 -0.1718986 0.9811435 -0.08836549 -0.4073929 0.913253 -9.96699e-7 -0.1718707 0.9811483 -0.08836591 -0.1718774 0.9811471 -0.08836597 -0.4073778 0.9132598 7.16343e-6 -0.1718746 0.9811483 -0.08835881 0.9395708 0.1006146 -0.3272362 0.9395623 0.1008214 -0.3271967 0.9395272 0.1009165 -0.3272681 0.7027255 0.6317592 -0.327196 0.7025754 0.6319081 -0.3272309 0.7027732 0.6316689 -0.3272681 0.451601 -0.8920417 -0.01783949 0.6152111 -0.7833956 -0.08835703 0.4073832 -0.9132574 -9.00947e-7 -0.7002739 -0.6347895 0.3265866 -0.7001818 -0.6350017 0.3263713 -0.6999806 -0.6354647 0.3259016 0.4073732 -0.9132618 8.89899e-6 0.6152048 -0.7834004 -0.08835762 -0.4073768 0.9132602 -3.55227e-6 -0.6152265 0.7833819 0.08836942 -0.6152224 0.7833864 0.08835893 0.7028617 0.6315627 -0.3272828 0.7029072 0.631476 -0.3273524 0.9395067 0.1010549 -0.3272845 0.9394723 0.101148 -0.3273544 -0.940275 -0.09677851 0.3263694 -0.9401785 -0.09698921 0.326585 -0.9404854 -0.09631872 0.325899 -0.1718781 0.9811469 -0.08836799 0.1718986 -0.9811437 0.08836251 0.1718816 -0.9811449 0.08838224 0.1718791 -0.9811469 0.08836555 0.1719022 -0.9811436 0.08835673 -0.3620474 0.9319888 -0.0178523 -0.9401879 -0.09739565 0.3264365 -0.9400921 -0.09760451 0.3266502 -0.9403958 -0.09694224 0.3259724 0.9396085 0.1005124 -0.3271596 0.7025243 0.6320043 -0.3271548 -0.6152533 0.783362 0.08836019 0.6152143 -0.7833936 -0.08835208 -0.700682 -0.6343031 0.3266563 -0.7005881 -0.6345195 0.3264376 -0.7003837 -0.634989 0.3259627 0.1718999 -0.9811424 0.08837562 0.1718863 -0.9811434 0.08839058 -0.3620647 0.9319822 -0.01784378 -0.9400941 -0.09803479 0.3265157 -0.9399985 -0.09824299 0.3267281 -0.9403009 -0.09758311 0.3260549 0.9396989 0.09987974 -0.3270936 0.7021241 0.6324788 -0.3270969 -0.6152412 0.7833707 0.08836758 0.6152281 -0.7833824 -0.08835548 -0.701097 -0.6338039 0.3267347 -0.7010031 -0.6340207 0.3265155 -0.7007992 -0.6344909 0.3260397 -0.7015039 -0.6333382 0.3267645 -0.7014124 -0.6335502 0.32655 -0.7012137 -0.6340096 0.3260847 0.6152661 -0.783349 -0.0883857 -0.615222 0.7833862 0.08836323 -0.3620707 0.9319799 -0.01784539 0.7017066 0.6329815 -0.3270204 0.9397915 0.09924066 -0.327022 -0.9400151 -0.09864938 0.3265579 -0.9399178 -0.09886038 0.326774 -0.9402256 -0.09819179 0.3260895 0.1718734 -0.9811489 0.08835351 0.1718721 -0.9811489 0.08835619 0.1718807 -0.9811453 0.08837956 0.1718785 -0.9811456 0.08838093 -0.3620457 0.9319894 -0.0178523 -0.939922 -0.09926676 0.3266385 -0.9398269 -0.09947311 0.3268496 -0.940128 -0.09881967 0.3261811 0.9398698 0.09866106 -0.3269722 0.7013014 0.6334601 -0.326963 -0.6152336 0.7833783 0.08835238 0.6152163 -0.783392 -0.08835268 -0.7018954 -0.6328597 0.3268508 -0.7018046 -0.6330701 0.3266384 -0.7016077 -0.6335256 0.326178 -0.7022952 -0.6323853 0.3269102 -0.7022032 -0.6325989 0.3266948 -0.7020038 -0.6330608 0.3262282 0.6152426 -0.7833693 -0.08836954 -0.6152283 0.7833805 0.08837044 0.70091 0.6339237 -0.3269037 0.9399579 0.09802544 -0.32691 -0.9398354 -0.09986168 0.3267067 -0.9397379 -0.1000729 0.3269223 -0.940046 -0.09940439 0.3262396 -0.1718805 0.9811465 -0.08836674 0.1718701 -0.9811481 0.08836865 0.1718555 -0.9811505 0.08837109 -0.7027053 -0.6319011 0.3269652 -0.7026165 -0.6321081 0.3267561 -0.7024241 -0.6325554 0.3263038 0.6152409 -0.7833704 -0.08837151 -0.6152433 0.783368 0.08837634 -0.3620578 0.9319851 -0.01783889 0.7005043 0.634401 -0.3268474 0.9400484 0.09738999 -0.3268396 -0.9397497 -0.1005046 0.326756 -0.9396521 -0.1007156 0.3269715 -0.9399604 -0.1000484 0.3262894 0.1718912 -0.981145 0.08836317 0.1718543 -0.98115 0.08837819 0.1718679 -0.9811503 0.08834892 -0.3620606 0.9319837 -0.01784622 -0.9395887 -0.1006702 0.3271674 -0.9396261 -0.1005666 0.3270921 0.94013 0.09678596 -0.3267844 0.7000842 0.6349043 -0.32677 -0.6152201 0.7833869 0.08836936 0.6152527 -0.7833595 -0.08838564 -0.7026298 -0.6318847 0.3271593 -0.7025768 -0.6319833 0.3270825 -0.6152713 0.7833476 0.08836203 -0.6152207 0.7833865 0.08836925 -0.6152154 0.7833918 0.08835929 -0.6152341 0.7833765 0.08836501 -0.6152505 0.7833639 0.08836317 -0.6152547 0.7833603 0.08836537 -0.8964103 -0.399874 -0.1911792 -0.898617 -0.4008553 -0.1783331 -0.8964102 -0.3998768 -0.1911739 -0.8985533 -0.4008157 -0.1787429 -0.896403 -0.3998571 -0.1912486 -0.8964037 -0.3998562 -0.1912476 -0.8985524 -0.4008168 -0.178744 -0.8964468 -0.3998773 -0.191001 -0.8964446 -0.3998801 -0.1910058 -0.8985512 -0.4008234 -0.1787352 -0.8964854 -0.3999021 -0.1907676 -0.8964841 -0.3999038 -0.1907699 -0.8985543 -0.4008171 -0.178734 -0.8965303 -0.3999146 -0.1905304 -0.8965284 -0.3999171 -0.1905344 -0.8985526 -0.4008212 -0.1787333 -0.8965712 -0.3999361 -0.1902925 -0.8965713 -0.3999357 -0.1902926 -0.898549 -0.4008293 -0.1787334 -0.8966089 -0.3999642 -0.1900556 -0.8966087 -0.3999644 -0.1900563 0.3124336 0.1394575 0.9396473 0.3122757 0.1395258 0.9396896 0.3124664 0.1393851 0.939647 0.3124317 0.1394593 0.9396476 0.3122624 0.139531 0.9396932 0.3124667 0.1393845 0.9396471 0.3124349 0.1394541 0.9396473 0.3122743 0.1395228 0.9396905 0.3124668 0.1393807 0.9396476 0.3124315 0.139458 0.9396479 0.3122702 0.1395279 0.9396911 0.3124639 0.1393821 0.9396483 0.3124409 0.1394516 0.9396457 0.312292 0.1395165 0.9396855 0.3124706 0.1393808 0.9396464 0.312439 0.1394578 0.9396454 0.3122863 0.1395249 0.9396862 0.3124692 0.1393827 0.9396464 0.3124324 0.1394583 0.9396475 0.3122771 0.1395252 0.9396892 0.3124632 0.1393835 0.9396483 -0.8883493 -0.3962666 -0.2319663 -0.8881217 -0.3961643 -0.2330104 -0.8878861 -0.3960835 -0.2340435 -0.8885549 -0.3963667 -0.2310057 -0.8887735 -0.3964573 -0.2300075 -0.8889917 -0.3965509 -0.2290001 -0.8892011 -0.396661 -0.2279949 -6.11908e-4 -0.3421502 -0.9396451 -6.85659e-4 -0.342149 -0.9396455 -6.08385e-4 -0.3422127 -0.9396224 -0.001615881 -0.9397206 0.3419397 0.7176942 -0.6545094 0.2377656 -0.0016281 -0.9397132 0.34196 0.9999985 -0.00178945 5.02828e-6 0.966493 0.2410073 -0.08835655 0.9664941 0.241002 -0.08835893 6.1532e-4 0.342152 0.9396444 5.39244e-4 0.3421595 0.9396418 -6.76443e-4 -0.4961471 0.8682382 -0.7574815 -0.2221299 -0.6139057 -0.9665021 -0.2409696 0.08835983 -0.9999985 0.001795291 -1.42998e-6 0.001618266 0.9397175 -0.3419479 -0.5689259 0.3064147 -0.7631734 -0.7192487 0.6530015 -0.2372142 0.2965257 0.8973688 -0.3268054 8.50434e-4 0.4959142 -0.8683712 0.5688371 -0.3066117 0.7631604 0.7574864 0.2221214 0.6139026 -0.2920492 -0.898689 0.3272086 -0.2922876 -0.8985947 0.327255 -0.5746759 -0.4183999 -0.7033414 0.574682 0.4184093 0.7033309 6.94856e-4 0.342147 0.9396462 6.16598e-4 0.3422176 0.9396206 0.9999985 -0.001789867 1.80191e-6 -5.40237e-4 -0.3421556 -0.9396432 -0.7184819 0.653746 -0.237487 -0.9999985 0.001784026 5.79608e-6 -0.7183676 0.65386 -0.2375188 0.2941399 0.8980595 -0.3270641 0.001627624 0.9397147 -0.3419555 0.001623451 0.9397162 -0.3419516 0.9999985 -0.001785457 9.35322e-7 0.9664903 0.2410133 -0.08836865 0.9664931 0.2410037 -0.08836454 0.9999985 -0.001781344 0 0.9664954 0.2409931 -0.08836841 0.9664945 0.2409991 -0.08836257 0.001627743 0.9397137 -0.3419584 -0.7180264 0.6541841 -0.237658 -0.7179134 0.654299 -0.2376829 0.2929001 0.8984175 -0.3271934 0.001636147 0.9397147 -0.3419554 -0.9999985 0.001793026 3.17422e-6 -0.7189064 0.6533331 -0.2373382 -0.9999985 0.001797378 -2.08422e-6 -0.7188168 0.6534238 -0.2373602 0.2953428 0.8977089 -0.3269428 0.00162518 0.9397146 -0.341956 0.001623511 0.9397155 -0.3419536 0.9999985 -0.001785457 2.36039e-6 0.9664939 0.2410013 -0.0883634 0.9664955 0.2409957 -0.08836036 -0.7191196 0.6531237 -0.2372686 -0.9999985 0.001808047 -5.35171e-7 -0.7190126 0.6532345 -0.2372879 0.2959146 0.897545 -0.3268754 0.001638054 0.9397135 -0.3419591 0.00162971 0.9397159 -0.3419524 0.9999985 -0.001793622 -4.9835e-6 0.9664974 0.2409853 -0.08836913 0.9664912 0.2410101 -0.08836865 0.9999985 -0.001796305 -7.5986e-6 0.9664929 0.2410037 -0.08836728 0.9664903 0.2410115 -0.08837461 0.001645267 0.9397116 -0.3419641 -0.7186934 0.6535394 -0.2374156 -0.7185749 0.6536546 -0.237457 0.2947313 0.8978868 -0.3270062 0.001615643 0.9397169 -0.3419497 -0.9999985 0.001795053 -2.10385e-6 0.9999985 -0.001796185 -6.65896e-7 0.9664936 0.2410025 -0.08836299 0.9664935 0.241002 -0.08836501 0.001627802 0.9397175 -0.3419482 -0.7182586 0.6539625 -0.2375661 -0.7181428 0.6540793 -0.2375946 0.2935352 0.8982361 -0.3271227 0.001619219 0.939718 -0.3419465 -0.9999985 0.001796185 -9.20597e-7 -0.7178172 0.6543893 -0.2377252 -0.9999985 0.001789093 -1.16363e-6 -0.7176958 0.654509 -0.2377621 0.2923161 0.8985857 -0.3272541 0.001625239 0.9397147 -0.3419559 0.001640439 0.9397153 -0.341954 0.9999985 -0.001789271 3.50441e-7 0.9664984 0.2409818 -0.08836698 0.9664887 0.2410217 -0.08836525 -0.001265943 -0.939906 0.341431 -0.9664952 -0.2409979 0.08835822 -0.9999985 0.001792192 -1.5024e-6 0.001623094 0.9397199 -0.3419417 -0.717629 0.6545626 -0.2378162 0.2920451 0.8986892 -0.3272116 -0.2959656 -0.8976868 0.3264394 -0.2967573 -0.8972822 0.3268329 0.5687227 -0.3068535 0.7631484 0.9673155 0.1310756 0.2170712 -0.9729369 -0.2213073 -0.06645995 -0.2953581 -0.8978654 0.3264989 -6.74751e-4 -0.4960466 0.8682957 -0.2961774 -0.8974474 0.3269056 0.292598 0.8985068 -0.3272186 -0.9664922 -0.2410027 0.08837634 -0.001255989 -0.9399102 0.3414195 0.5685715 -0.3070721 0.7631732 0.9673199 0.1310579 0.2170622 -0.9729394 -0.2212648 -0.06656521 -0.2947424 -0.8980455 0.3265598 -6.68602e-4 -0.4959141 0.8683713 -0.2955449 -0.8976365 0.3269585 0.2932154 0.8983283 -0.3271563 -0.9664955 -0.2409933 0.08836674 -0.001264452 -0.9399113 0.3414166 -0.001272499 -0.9399118 0.3414151 0.568434 -0.3072755 0.7631937 -6.78698e-4 -0.4957951 0.8684393 0.9673175 0.1310701 0.2170657 -0.9664941 -0.2409974 0.08837163 -0.9729385 -0.2212702 -0.06655889 0.2938022 0.8981646 -0.3270788 -0.2941713 -0.8982143 0.3266106 -0.2949696 -0.8978081 0.3270069 0.5682825 -0.3074883 0.7632209 0.9673185 0.1310705 0.2170607 -0.9729381 -0.2212713 -0.06656318 -0.2935608 -0.8983784 0.3267082 -6.82376e-4 -0.4956448 0.8685252 -0.2943608 -0.8979721 0.3271054 0.2944228 0.8979802 -0.3270272 -0.9664967 -0.2409929 0.08835494 -0.00126326 -0.9399035 0.3414379 -0.001264035 -0.9399029 0.3414396 0.5681369 -0.3076984 0.7632445 -6.82582e-4 -0.4955081 0.8686031 0.9673189 0.1310667 0.2170615 -0.9664942 -0.2410003 0.08836239 -0.972938 -0.2212722 -0.06656104 0.2950112 0.8978123 -0.326958 -0.292939 -0.8985575 0.326774 -0.2937408 -0.898151 0.3271716 -0.001251816 -0.9399018 0.3414427 0.5679857 -0.3078891 0.7632802 -6.7116e-4 -0.4953887 0.8686713 0.9673187 0.1310636 0.2170642 -0.9664991 -0.2409816 0.08836042 -0.9729396 -0.2212643 -0.0665639 0.2956015 0.8976401 -0.3268979 -0.292348 -0.8987277 0.3268352 -0.2931502 -0.8983213 0.3272336 0.5679166 -0.3078963 0.7633286 0.967319 0.1310629 0.2170636 -0.9729346 -0.2212859 -0.06656545 -8.40599e-4 -0.495006 0.8688891 -0.2925363 -0.8984979 0.3272982 0.2962087 0.8974611 -0.3268396 -0.9664948 -0.2409983 0.0883609 -0.6677689 -0.7426446 -0.05063408 -0.6677358 -0.7426646 -0.05077815 -0.6677112 -0.7426756 -0.0509389 -0.6676801 -0.7426945 -0.05107134 -0.6676574 -0.7427042 -0.05122536 -0.667626 -0.742722 -0.05137777 -0.6676533 -0.7427004 -0.05133521 0.8480706 -0.4980939 0.1807734 0.8479799 -0.4982286 0.1808274 0.8478906 -0.498367 0.1808641 0.8478192 -0.4984722 0.1809092 0.8477345 -0.4986026 0.1809467 0.8476675 -0.4986986 0.1809965 0.8475793 -0.4988328 0.1810398 -0.001758515 -0.981554 -0.1911772 -0.001762688 -0.9815416 -0.1912407 -0.001754343 -0.981588 -0.1910027 -0.001761019 -0.9816325 -0.190774 -0.001748025 -0.9816771 -0.1905438 -0.001748085 -0.9817254 -0.1902952 -0.001748144 -0.9817698 -0.1900659 5.32082e-4 0.3421486 0.9396458 4.047e-4 0.3420338 0.9396876 5.32297e-4 0.3421458 0.9396468 3.98858e-4 0.3420236 0.9396914 5.29985e-4 0.3421401 0.9396488 4.04521e-4 0.342025 0.9396908 5.30331e-4 0.3421453 0.939647 4.05012e-4 0.3420311 0.9396886 5.26071e-4 0.3421473 0.9396462 3.94627e-4 0.3420275 0.9396899 5.29914e-4 0.3421439 0.9396475 4.0513e-4 0.3420302 0.939689 5.26434e-4 0.3421477 0.9396461 3.94762e-4 0.3420281 0.9396898 -0.001741945 -0.9727156 -0.2319946 -0.001741588 -0.9724748 -0.2330015 -0.00174117 -0.9722232 -0.2340493 -0.001754164 -0.972941 -0.2310473 -0.001731216 -0.9731805 -0.2300363 -0.001731812 -0.9734292 -0.228982 -0.001731932 -0.9736574 -0.2280097 -0.3124069 -0.1393587 -0.9396708 -0.7029162 -0.6314582 0.3273673 0.6152493 -0.7833645 -0.08836561 0.3124102 0.1393672 0.9396684 -0.6152421 0.78337 0.08836781 0.6997605 0.6353185 -0.3266586 0.9402344 0.09620577 -0.3266558 -0.9394751 -0.1011404 0.327349 -0.7004326 -0.6344233 0.3269577 -0.9400117 -0.09735256 0.3269567 -0.9399273 -0.09796285 0.3270168 -0.7008431 -0.6339318 0.3270314 -0.9398345 -0.09859991 0.3270921 -0.7012579 -0.633432 0.3271106 -0.7016605 -0.6329749 0.3271321 -0.9397509 -0.09922194 0.3271439 -0.9396637 -0.09982639 0.327211 -0.7020508 -0.6324995 0.3272145 -0.7024524 -0.63202 0.3272787 -0.9395709 -0.1004343 0.3272912 -0.702857 -0.6315473 0.3273224 -0.9394851 -0.1010761 0.32734 -0.8986172 -0.400852 -0.1783397 -0.8985524 -0.4008166 -0.1787444 -0.8985547 -0.4008136 -0.1787398 -0.8985527 -0.4008215 -0.178733 -0.8985564 -0.4008142 -0.1787301 -0.8985524 -0.4008216 -0.1787339 -0.8985492 -0.4008289 -0.178733 0.312451 0.1391554 0.9396862 0.3125016 0.1393137 0.9396459 0.3124487 0.1391484 0.939688 0.3125041 0.1393108 0.9396455 0.3124442 0.1391474 0.9396898 0.312501 0.1393083 0.939647 0.312443 0.1391399 0.9396911 0.3124986 0.1393072 0.9396479 0.3124502 0.1391546 0.9396866 0.3125024 0.1393109 0.9396461 0.3124469 0.1391417 0.9396896 0.3125016 0.1393087 0.9396468 0.3124408 0.1391434 0.9396914 0.3124961 0.1393097 0.9396483 -6.15521e-4 -0.3420842 -0.9396691 0.7176408 -0.6545554 0.2378006 6.16619e-4 0.3420805 0.9396705 0.2967806 0.8972716 -0.3268409 -0.001763641 -0.9839695 -0.178329 -0.001772999 -0.9838964 -0.178731 -0.001754164 -0.9838947 -0.1787401 -0.001754105 -0.9838948 -0.1787399 -0.001754164 -0.9838947 -0.1787403 -0.001753926 -0.9838948 -0.1787405 -0.001754164 -0.9838948 -0.1787405 -1 1.90985e-7 -4.75997e-7 2.45247e-5 -1 -1.42787e-6 1 0 0 -1.8814e-5 1 5.08986e-7 0.9016914 0.4323805 -4.60121e-7 1 1.30752e-4 -4.55926e-7 0.4839542 0.8750934 -1.89548e-7</float_array>
          <technique_common>
            <accessor source="#Esfera_7784-mesh-normals-array" count="7120" stride="3">
              <param name="X" type="float"/>
              <param name="Y" type="float"/>
              <param name="Z" type="float"/>
            </accessor>
          </technique_common>
        </source>
        <source id="Esfera_7784-mesh-map-0">
          <float_array id="Esfera_7784-mesh-map-0-array" count="34224">8.51164e-4 0.08464521 0.2561881 0.01424372 0.2562425 0.0846256 9.39868e-4 0.08654588 0.2568532 0.01440376 9.29676e-4 0.01444977 7.50087e-4 0.01466196 0.2566313 0.08673894 0.2566559 0.01465141 0.4414631 0.2359114 0.4411777 0.1842424 0.4610059 0.2100657 0.4609215 0.210415 0.4414336 0.2359002 0.4412392 0.1842687 0.7231296 0.7955572 0.7005007 0.8484654 0.7004564 0.7955929 0.4473012 0.210453 0.4398258 0.2292129 0.4372317 0.210453 0.7004275 0.7954517 0.7231706 0.8483781 0.7230608 0.7954607 0.7231296 0.7955572 0.7231011 0.848383 0.7005007 0.8484654 0.4473012 0.210453 0.4473012 0.2357718 0.4398258 0.2292129 0.4398258 0.191693 0.4473012 0.210453 0.4372317 0.210453 0.4473012 0.210453 0.45726 0.210453 0.4546657 0.2292129 0.4546657 0.191693 0.45726 0.210453 0.4473012 0.210453 0.4546657 0.191693 0.4473012 0.210453 0.4473012 0.1851341 0.4398258 0.191693 0.4473012 0.1851341 0.4473012 0.210453 0.4473012 0.210453 0.4546657 0.2292129 0.4473012 0.2357718 0.7004564 0.7955929 0.7232441 0.8485479 0.7231197 0.7956287 0.7232047 0.7956287 0.7230569 0.8485479 0.7004702 0.8486307 0.7232047 0.7956287 0.7004702 0.8486307 0.7004382 0.7956646 0.7004702 0.8486307 0.7231999 0.8487128 0.7230063 0.7957002 0.4394826 0.1943451 0.4477007 0.1881069 0.4477605 0.2108269 0.4560672 0.1940621 0.4477605 0.2108269 0.4477007 0.1881069 0.7004702 0.8486307 0.7230063 0.7957002 0.7004382 0.7956646 0.4394826 0.1943451 0.4477605 0.2108269 0.4364723 0.211019 0.4477605 0.2108269 0.4395456 0.2275902 0.4364723 0.211019 0.4477605 0.2108269 0.4591405 0.2106328 0.4561301 0.2273072 0.4560672 0.1940621 0.4591405 0.2106328 0.4477605 0.2108269 0.4477605 0.2108269 0.4561301 0.2273072 0.4477866 0.2335469 0.4477605 0.2108269 0.4477866 0.2335469 0.4395456 0.2275902 0.7003649 0.8487952 0.7230965 0.8488777 0.7230576 0.7957716 0.7230439 0.8483611 0.7004275 0.7954517 0.7231097 0.7954427 0.7230439 0.8483611 0.7004238 0.8483696 0.7004275 0.7954517 0.7004275 0.7954517 0.7004238 0.8483696 0.7231706 0.8483781 0.7229541 0.8487128 0.7003649 0.8487952 0.7003964 0.7957358 0.7003649 0.8487952 0.7230576 0.7957716 0.7003964 0.7957358 0.7229541 0.8487128 0.7003964 0.7957358 0.7230616 0.7957002 0.7004564 0.7955929 0.7005007 0.8484654 0.7232441 0.8485479 0.7231296 0.7955572 0.7005007 0.8484654 0.7004564 0.7955929 0.4473012 0.210453 0.4398258 0.2292129 0.4372317 0.210453 0.7004275 0.7954517 0.7231706 0.8483781 0.7230608 0.7954607 0.7231296 0.7955572 0.7231011 0.848383 0.7005007 0.8484654 0.4473012 0.210453 0.4473012 0.2357718 0.4398258 0.2292129 0.4398258 0.191693 0.4473012 0.210453 0.4372317 0.210453 0.4473012 0.210453 0.45726 0.210453 0.4546657 0.2292129 0.4546657 0.191693 0.45726 0.210453 0.4473012 0.210453 0.4546657 0.191693 0.4473012 0.210453 0.4473012 0.1851341 0.4398258 0.191693 0.4473012 0.1851341 0.4473012 0.210453 0.4473012 0.210453 0.4546657 0.2292129 0.4473012 0.2357718 0.7004564 0.7955929 0.7232441 0.8485479 0.7231197 0.7956287 0.7232047 0.7956287 0.7230569 0.8485479 0.7004702 0.8486307 0.7232047 0.7956287 0.7004702 0.8486307 0.7004382 0.7956646 0.7004702 0.8486307 0.7231999 0.8487128 0.7230063 0.7957002 0.4394826 0.1943451 0.4477007 0.1881069 0.4477605 0.2108269 0.4560672 0.1940621 0.4477605 0.2108269 0.4477007 0.1881069 0.7004702 0.8486307 0.7230063 0.7957002 0.7004382 0.7956646 0.4394826 0.1943451 0.4477605 0.2108269 0.4364723 0.211019 0.4477605 0.2108269 0.4395456 0.2275902 0.4364723 0.211019 0.4477605 0.2108269 0.4591405 0.2106328 0.4561301 0.2273072 0.4560672 0.1940621 0.4591405 0.2106328 0.4477605 0.2108269 0.4477605 0.2108269 0.4561301 0.2273072 0.4477866 0.2335469 0.4477605 0.2108269 0.4477866 0.2335469 0.4395456 0.2275902 0.7003649 0.8487952 0.7230965 0.8488777 0.7230576 0.7957716 0.7230439 0.8483611 0.7004275 0.7954517 0.7231097 0.7954427 0.7230439 0.8483611 0.7004238 0.8483696 0.7004275 0.7954517 0.7004275 0.7954517 0.7004238 0.8483696 0.7231706 0.8483781 0.7229541 0.8487128 0.7003649 0.8487952 0.7003964 0.7957358 0.7003649 0.8487952 0.7230576 0.7957716 0.7003964 0.7957358 0.7229541 0.8487128 0.7003964 0.7957358 0.7230616 0.7957002 0.7004564 0.7955929 0.7005007 0.8484654 0.7232441 0.8485479 0.7231296 0.7955572 0.7005007 0.8484654 0.7004564 0.7955929 0.4473012 0.210453 0.4398258 0.2292129 0.4372317 0.210453 0.7004275 0.7954517 0.7231706 0.8483781 0.7230608 0.7954607 0.7231296 0.7955572 0.7231011 0.848383 0.7005007 0.8484654 0.4473012 0.210453 0.4473012 0.2357718 0.4398258 0.2292129 0.4398258 0.191693 0.4473012 0.210453 0.4372317 0.210453 0.4473012 0.210453 0.45726 0.210453 0.4546657 0.2292129 0.4546657 0.191693 0.45726 0.210453 0.4473012 0.210453 0.4546657 0.191693 0.4473012 0.210453 0.4473012 0.1851341 0.4398258 0.191693 0.4473012 0.1851341 0.4473012 0.210453 0.4473012 0.210453 0.4546657 0.2292129 0.4473012 0.2357718 0.7004564 0.7955929 0.7232441 0.8485479 0.7231197 0.7956287 0.7232047 0.7956287 0.7230569 0.8485479 0.7004702 0.8486307 0.7232047 0.7956287 0.7004702 0.8486307 0.7004382 0.7956646 0.7004702 0.8486307 0.7231999 0.8487128 0.7230063 0.7957002 0.4394826 0.1943451 0.4477007 0.1881069 0.4477605 0.2108269 0.4560672 0.1940621 0.4477605 0.2108269 0.4477007 0.1881069 0.7004702 0.8486307 0.7230063 0.7957002 0.7004382 0.7956646 0.4394826 0.1943451 0.4477605 0.2108269 0.4364723 0.211019 0.4477605 0.2108269 0.4395456 0.2275902 0.4364723 0.211019 0.4477605 0.2108269 0.4591405 0.2106328 0.4561301 0.2273072 0.4560672 0.1940621 0.4591405 0.2106328 0.4477605 0.2108269 0.4477605 0.2108269 0.4561301 0.2273072 0.4477866 0.2335469 0.4477605 0.2108269 0.4477866 0.2335469 0.4395456 0.2275902 0.7003649 0.8487952 0.7230965 0.8488777 0.7230576 0.7957716 0.7230439 0.8483611 0.7004275 0.7954517 0.7231097 0.7954427 0.7230439 0.8483611 0.7004238 0.8483696 0.7004275 0.7954517 0.7004275 0.7954517 0.7004238 0.8483696 0.7231706 0.8483781 0.7229541 0.8487128 0.7003649 0.8487952 0.7003964 0.7957358 0.7003649 0.8487952 0.7230576 0.7957716 0.7003964 0.7957358 0.7229541 0.8487128 0.7003964 0.7957358 0.7230616 0.7957002 0.7004564 0.7955929 0.7005007 0.8484654 0.7232441 0.8485479 0.7231296 0.7955572 0.7005007 0.8484654 0.7004564 0.7955929 0.4473012 0.210453 0.4398258 0.2292129 0.4372317 0.210453 0.7004275 0.7954517 0.7231706 0.8483781 0.7230608 0.7954607 0.7231296 0.7955572 0.7231011 0.848383 0.7005007 0.8484654 0.4473012 0.210453 0.4473012 0.2357718 0.4398258 0.2292129 0.4398258 0.191693 0.4473012 0.210453 0.4372317 0.210453 0.4473012 0.210453 0.45726 0.210453 0.4546657 0.2292129 0.4546657 0.191693 0.45726 0.210453 0.4473012 0.210453 0.4546657 0.191693 0.4473012 0.210453 0.4473012 0.1851341 0.4398258 0.191693 0.4473012 0.1851341 0.4473012 0.210453 0.4473012 0.210453 0.4546657 0.2292129 0.4473012 0.2357718 0.7004564 0.7955929 0.7232441 0.8485479 0.7231197 0.7956287 0.7232047 0.7956287 0.7230569 0.8485479 0.7004702 0.8486307 0.7232047 0.7956287 0.7004702 0.8486307 0.7004382 0.7956646 0.7004702 0.8486307 0.7231999 0.8487128 0.7230063 0.7957002 0.4394826 0.1943451 0.4477007 0.1881069 0.4477605 0.2108269 0.4560672 0.1940621 0.4477605 0.2108269 0.4477007 0.1881069 0.7004702 0.8486307 0.7230063 0.7957002 0.7004382 0.7956646 0.4394826 0.1943451 0.4477605 0.2108269 0.4364723 0.211019 0.4477605 0.2108269 0.4395456 0.2275902 0.4364723 0.211019 0.4477605 0.2108269 0.4591405 0.2106328 0.4561301 0.2273072 0.4560672 0.1940621 0.4591405 0.2106328 0.4477605 0.2108269 0.4477605 0.2108269 0.4561301 0.2273072 0.4477866 0.2335469 0.4477605 0.2108269 0.4477866 0.2335469 0.4395456 0.2275902 0.7003649 0.8487952 0.7230965 0.8488777 0.7230576 0.7957716 0.7230439 0.8483611 0.7004275 0.7954517 0.7231097 0.7954427 0.7230439 0.8483611 0.7004238 0.8483696 0.7004275 0.7954517 0.7004275 0.7954517 0.7004238 0.8483696 0.7231706 0.8483781 0.7229541 0.8487128 0.7003649 0.8487952 0.7003964 0.7957358 0.7003649 0.8487952 0.7230576 0.7957716 0.7003964 0.7957358 0.7229541 0.8487128 0.7003964 0.7957358 0.7230616 0.7957002 0.7004564 0.7955929 0.7005007 0.8484654 0.7232441 0.8485479 0.7231296 0.7955572 0.7005007 0.8484654 0.7004564 0.7955929 0.4473012 0.210453 0.4398258 0.2292129 0.4372317 0.210453 0.7004275 0.7954517 0.7231706 0.8483781 0.7230608 0.7954607 0.7231296 0.7955572 0.7231011 0.848383 0.7005007 0.8484654 0.4473012 0.210453 0.4473012 0.2357718 0.4398258 0.2292129 0.4398258 0.191693 0.4473012 0.210453 0.4372317 0.210453 0.4473012 0.210453 0.45726 0.210453 0.4546657 0.2292129 0.4546657 0.191693 0.45726 0.210453 0.4473012 0.210453 0.4546657 0.191693 0.4473012 0.210453 0.4473012 0.1851341 0.4398258 0.191693 0.4473012 0.1851341 0.4473012 0.210453 0.4473012 0.210453 0.4546657 0.2292129 0.4473012 0.2357718 0.7004564 0.7955929 0.7232441 0.8485479 0.7231197 0.7956287 0.7232047 0.7956287 0.7230569 0.8485479 0.7004702 0.8486307 0.7232047 0.7956287 0.7004702 0.8486307 0.7004382 0.7956646 0.7004702 0.8486307 0.7231999 0.8487128 0.7230063 0.7957002 0.4394826 0.1943451 0.4477007 0.1881069 0.4477605 0.2108269 0.4560672 0.1940621 0.4477605 0.2108269 0.4477007 0.1881069 0.7004702 0.8486307 0.7230063 0.7957002 0.7004382 0.7956646 0.4394826 0.1943451 0.4477605 0.2108269 0.4364723 0.211019 0.4477605 0.2108269 0.4395456 0.2275902 0.4364723 0.211019 0.4477605 0.2108269 0.4591405 0.2106328 0.4561301 0.2273072 0.4560672 0.1940621 0.4591405 0.2106328 0.4477605 0.2108269 0.4477605 0.2108269 0.4561301 0.2273072 0.4477866 0.2335469 0.4477605 0.2108269 0.4477866 0.2335469 0.4395456 0.2275902 0.7003649 0.8487952 0.7230965 0.8488777 0.7230576 0.7957716 0.7230439 0.8483611 0.7004275 0.7954517 0.7231097 0.7954427 0.7230439 0.8483611 0.7004238 0.8483696 0.7004275 0.7954517 0.7004275 0.7954517 0.7004238 0.8483696 0.7231706 0.8483781 0.7229541 0.8487128 0.7003649 0.8487952 0.7003964 0.7957358 0.7003649 0.8487952 0.7230576 0.7957716 0.7003964 0.7957358 0.7229541 0.8487128 0.7003964 0.7957358 0.7230616 0.7957002 0.7004564 0.7955929 0.7005007 0.8484654 0.7232441 0.8485479 0.7231296 0.7955572 0.7005007 0.8484654 0.7004564 0.7955929 0.4473012 0.210453 0.4398258 0.2292129 0.4372317 0.210453 0.7004275 0.7954517 0.7231706 0.8483781 0.7230608 0.7954607 0.7231296 0.7955572 0.7231011 0.848383 0.7005007 0.8484654 0.4473012 0.210453 0.4473012 0.2357718 0.4398258 0.2292129 0.4398258 0.191693 0.4473012 0.210453 0.4372317 0.210453 0.4473012 0.210453 0.45726 0.210453 0.4546657 0.2292129 0.4546657 0.191693 0.45726 0.210453 0.4473012 0.210453 0.4546657 0.191693 0.4473012 0.210453 0.4473012 0.1851341 0.4398258 0.191693 0.4473012 0.1851341 0.4473012 0.210453 0.4473012 0.210453 0.4546657 0.2292129 0.4473012 0.2357718 0.7004564 0.7955929 0.7232441 0.8485479 0.7231197 0.7956287 0.7232047 0.7956287 0.7230569 0.8485479 0.7004702 0.8486307 0.7232047 0.7956287 0.7004702 0.8486307 0.7004382 0.7956646 0.7004702 0.8486307 0.7231999 0.8487128 0.7230063 0.7957002 0.4394826 0.1943451 0.4477007 0.1881069 0.4477605 0.2108269 0.4560672 0.1940621 0.4477605 0.2108269 0.4477007 0.1881069 0.7004702 0.8486307 0.7230063 0.7957002 0.7004382 0.7956646 0.4394826 0.1943451 0.4477605 0.2108269 0.4364723 0.211019 0.4477605 0.2108269 0.4395456 0.2275902 0.4364723 0.211019 0.4477605 0.2108269 0.4591405 0.2106328 0.4561301 0.2273072 0.4560672 0.1940621 0.4591405 0.2106328 0.4477605 0.2108269 0.4477605 0.2108269 0.4561301 0.2273072 0.4477866 0.2335469 0.4477605 0.2108269 0.4477866 0.2335469 0.4395456 0.2275902 0.7003649 0.8487952 0.7230965 0.8488777 0.7230576 0.7957716 0.7230439 0.8483611 0.7004275 0.7954517 0.7231097 0.7954427 0.7230439 0.8483611 0.7004238 0.8483696 0.7004275 0.7954517 0.7004275 0.7954517 0.7004238 0.8483696 0.7231706 0.8483781 0.7229541 0.8487128 0.7003649 0.8487952 0.7003964 0.7957358 0.7003649 0.8487952 0.7230576 0.7957716 0.7003964 0.7957358 0.7229541 0.8487128 0.7003964 0.7957358 0.7230616 0.7957002 0.7004564 0.7955929 0.7005007 0.8484654 0.7232441 0.8485479 0.7431471 0.9157854 0.7389763 0.9541173 0.7389965 0.9157848 0.7442253 0.8391197 0.7431671 0.8774526 0.7431878 0.8391195 0.7431163 0.9732843 0.7441437 0.9924507 0.7431058 0.9924507 0.7452625 0.8391197 0.7442048 0.8774527 0.7442253 0.8391197 0.7441533 0.9732844 0.7451809 0.9924508 0.7441437 0.9924507 0.7431471 0.9157854 0.7441637 0.954118 0.7431265 0.9541178 0.7441847 0.9157854 0.7452015 0.954118 0.7441637 0.954118 0.7431571 0.8966192 0.7441847 0.9157854 0.7431471 0.9157854 0.7441943 0.8966184 0.7452214 0.9157853 0.7441847 0.9157854 0.746259 0.9157857 0.7452015 0.954118 0.7452214 0.9157853 0.7452322 0.8966186 0.746259 0.9157857 0.7452214 0.9157853 0.7452625 0.8391197 0.7462791 0.877453 0.7452421 0.8774529 0.7473375 0.83912 0.7462791 0.877453 0.7462998 0.8391199 0.7473066 0.8966196 0.746259 0.9157857 0.7462694 0.8966187 0.7483439 0.8966198 0.7472965 0.9157862 0.7473066 0.8966196 0.7483742 0.8391202 0.7473171 0.8774531 0.7473375 0.83912 0.7472659 0.9732848 0.7462182 0.992451 0.7462279 0.9732847 0.7483032 0.973285 0.7472558 0.9924511 0.7472659 0.9732848 0.7494121 0.8391203 0.7483539 0.8774533 0.7483742 0.8391202 0.7493404 0.9732851 0.7482926 0.9924513 0.7483032 0.973285 0.7472965 0.9157862 0.7483135 0.9541188 0.7472761 0.9541183 0.748334 0.9157859 0.7493507 0.9541189 0.7483135 0.9541188 0.7493404 0.9732851 0.7503675 0.9924516 0.7493305 0.9924514 0.7493712 0.9157861 0.7503882 0.954119 0.7493507 0.9541189 0.7493817 0.8966199 0.7504084 0.9157862 0.7493712 0.9157861 0.7483439 0.8966198 0.7493712 0.9157861 0.748334 0.9157859 0.7514562 0.8966202 0.7504084 0.9157862 0.7504188 0.89662 0.7504084 0.9157862 0.7514258 0.9541192 0.7503882 0.954119 0.7555952 0.9157872 0.7597248 0.9541202 0.7555752 0.9541197 0.7514871 0.8391205 0.7504289 0.8774535 0.7504494 0.8391204 0.750378 0.9732853 0.7514052 0.9924516 0.7503675 0.9924516 0.7504494 0.8391204 0.7493916 0.8774534 0.7494121 0.8391203 0.746259 0.9157857 0.7472761 0.9541183 0.7462386 0.9541182 0.7451912 0.9732846 0.7462182 0.992451 0.7451809 0.9924508 0.7462386 0.9541182 0.7451912 0.9732846 0.7452015 0.954118 0.7514258 0.9541192 0.750378 0.9732853 0.7503882 0.954119 0.7555952 0.9157872 0.7514258 0.9541192 0.7514463 0.9157867 0.7504289 0.8774535 0.7514562 0.8966202 0.7504188 0.89662 0.7493916 0.8774534 0.7483439 0.8966198 0.7483539 0.8774533 0.7504289 0.8774535 0.7493817 0.8966199 0.7493916 0.8774534 0.7503882 0.954119 0.7493404 0.9732851 0.7493507 0.9541189 0.7483135 0.9541188 0.7493404 0.9732851 0.7483032 0.973285 0.7472761 0.9541183 0.7483032 0.973285 0.7472659 0.9732848 0.7462386 0.9541182 0.7472659 0.9732848 0.7462279 0.9732847 0.7473171 0.8774531 0.7483439 0.8966198 0.7473066 0.8966196 0.7462791 0.877453 0.7473066 0.8966196 0.7462694 0.8966187 0.7452421 0.8774529 0.7462694 0.8966187 0.7452322 0.8966186 0.7452421 0.8774529 0.7441943 0.8966184 0.7442048 0.8774527 0.7442048 0.8774527 0.7431571 0.8966192 0.7431671 0.8774526 0.7452015 0.954118 0.7441533 0.9732844 0.7441637 0.954118 0.7441637 0.954118 0.7431163 0.9732843 0.7431265 0.9541178 0.7389965 0.9157848 0.734826 0.9541164 0.7348463 0.915784 0.9201919 0.08030891 0.9107813 0.0697456 0.9202294 0.07030314 0.9107813 0.0697456 0.9012959 0.07919412 0.9013334 0.06918805 0.9013334 0.06918805 0.891848 0.07863682 0.8918855 0.06863081 0.891848 0.07863682 0.8824375 0.06807333 0.8918855 0.06863081 0.9013334 0.06918805 0.8919228 0.05862355 0.9013708 0.05918079 0.9012959 0.07919412 0.8918106 0.08864265 0.891848 0.07863682 0.7389965 0.9157848 0.7431265 0.9541178 0.7389763 0.9541173 0.7442253 0.8391197 0.7431671 0.8774526 0.7431878 0.8391195 0.7431163 0.9732843 0.7441437 0.9924507 0.7431058 0.9924507 0.7452625 0.8391197 0.7442048 0.8774527 0.7442253 0.8391197 0.7441533 0.9732844 0.7451809 0.9924508 0.7441437 0.9924507 0.7431471 0.9157854 0.7441637 0.954118 0.7431265 0.9541178 0.7441847 0.9157854 0.7452015 0.954118 0.7441637 0.954118 0.7441943 0.8966184 0.7431471 0.9157854 0.7431571 0.8966192 0.7452322 0.8966186 0.7441847 0.9157854 0.7441943 0.8966184 0.7452214 0.9157853 0.7462386 0.9541182 0.7452015 0.954118 0.7462694 0.8966187 0.7452214 0.9157853 0.7452322 0.8966186 0.7462998 0.8391199 0.7452421 0.8774529 0.7452625 0.8391197 0.7473375 0.83912 0.7462791 0.877453 0.7462998 0.8391199 0.7473066 0.8966196 0.746259 0.9157857 0.7462694 0.8966187 0.7483439 0.8966198 0.7472965 0.9157862 0.7473066 0.8966196 0.7483742 0.8391202 0.7473171 0.8774531 0.7473375 0.83912 0.7462279 0.9732847 0.7472558 0.9924511 0.7462182 0.992451 0.7472659 0.9732848 0.7482926 0.9924513 0.7472558 0.9924511 0.7483742 0.8391202 0.7493916 0.8774534 0.7483539 0.8774533 0.7483032 0.973285 0.7493305 0.9924514 0.7482926 0.9924513 0.7472965 0.9157862 0.7483135 0.9541188 0.7472761 0.9541183 0.7493712 0.9157861 0.7483135 0.9541188 0.748334 0.9157859 0.7493404 0.9732851 0.7503675 0.9924516 0.7493305 0.9924514 0.7493712 0.9157861 0.7503882 0.954119 0.7493507 0.9541189 0.7504188 0.89662 0.7493712 0.9157861 0.7493817 0.8966199 0.7493817 0.8966199 0.748334 0.9157859 0.7483439 0.8966198 0.7514562 0.8966202 0.7504084 0.9157862 0.7504188 0.89662 0.7504084 0.9157862 0.7514258 0.9541192 0.7503882 0.954119 0.7597455 0.915788 0.7555752 0.9541197 0.7555952 0.9157872 0.7514871 0.8391205 0.7504289 0.8774535 0.7504494 0.8391204 0.750378 0.9732853 0.7514052 0.9924516 0.7503675 0.9924516 0.7504494 0.8391204 0.7493916 0.8774534 0.7494121 0.8391203 0.746259 0.9157857 0.7472761 0.9541183 0.7462386 0.9541182 0.7451912 0.9732846 0.7462182 0.992451 0.7451809 0.9924508 0.7452015 0.954118 0.7462279 0.9732847 0.7451912 0.9732846 0.7503882 0.954119 0.7514151 0.9732853 0.750378 0.9732853 0.7555952 0.9157872 0.7514258 0.9541192 0.7514463 0.9157867 0.7514665 0.8774536 0.7504188 0.89662 0.7504289 0.8774535 0.7493916 0.8774534 0.7483439 0.8966198 0.7483539 0.8774533 0.7504289 0.8774535 0.7493817 0.8966199 0.7493916 0.8774534 0.7493507 0.9541189 0.750378 0.9732853 0.7493404 0.9732851 0.7483135 0.9541188 0.7493404 0.9732851 0.7483032 0.973285 0.7472761 0.9541183 0.7483032 0.973285 0.7472659 0.9732848 0.7462386 0.9541182 0.7472659 0.9732848 0.7462279 0.9732847 0.7483539 0.8774533 0.7473066 0.8966196 0.7473171 0.8774531 0.7473171 0.8774531 0.7462694 0.8966187 0.7462791 0.877453 0.7462791 0.877453 0.7452322 0.8966186 0.7452421 0.8774529 0.7452421 0.8774529 0.7441943 0.8966184 0.7442048 0.8774527 0.7442048 0.8774527 0.7431571 0.8966192 0.7431671 0.8774526 0.7441637 0.954118 0.7451912 0.9732846 0.7441533 0.9732844 0.7431265 0.9541178 0.7441533 0.9732844 0.7431163 0.9732843 0.7348463 0.915784 0.7389763 0.9541173 0.734826 0.9541164 0.9201919 0.08030891 0.9107813 0.0697456 0.9202294 0.07030314 0.9107439 0.07975167 0.9013334 0.06918805 0.9107813 0.0697456 0.9013334 0.06918805 0.891848 0.07863682 0.8918855 0.06863081 0.8918855 0.06863081 0.8824 0.07807958 0.8824375 0.06807333 0.9013708 0.05918079 0.8918855 0.06863081 0.8919228 0.05862355 0.9012586 0.08920013 0.891848 0.07863682 0.9012959 0.07919412 0.7431471 0.9157854 0.7389763 0.9541173 0.7389965 0.9157848 0.7442253 0.8391197 0.7431671 0.8774526 0.7431878 0.8391195 0.7431163 0.9732843 0.7441437 0.9924507 0.7431058 0.9924507 0.7442253 0.8391197 0.7452421 0.8774529 0.7442048 0.8774527 0.7451912 0.9732846 0.7441437 0.9924507 0.7441533 0.9732844 0.7431471 0.9157854 0.7441637 0.954118 0.7431265 0.9541178 0.7452214 0.9157853 0.7441637 0.954118 0.7441847 0.9157854 0.7431571 0.8966192 0.7441847 0.9157854 0.7431471 0.9157854 0.7452322 0.8966186 0.7441847 0.9157854 0.7441943 0.8966184 0.746259 0.9157857 0.7452015 0.954118 0.7452214 0.9157853 0.7462694 0.8966187 0.7452214 0.9157853 0.7452322 0.8966186 0.7452625 0.8391197 0.7462791 0.877453 0.7452421 0.8774529 0.7462998 0.8391199 0.7473171 0.8774531 0.7462791 0.877453 0.7462694 0.8966187 0.7472965 0.9157862 0.746259 0.9157857 0.7473066 0.8966196 0.748334 0.9157859 0.7472965 0.9157862 0.7473375 0.83912 0.7483539 0.8774533 0.7473171 0.8774531 0.7462279 0.9732847 0.7472558 0.9924511 0.7462182 0.992451 0.7472659 0.9732848 0.7482926 0.9924513 0.7472558 0.9924511 0.7494121 0.8391203 0.7483539 0.8774533 0.7483742 0.8391202 0.7493404 0.9732851 0.7482926 0.9924513 0.7483032 0.973285 0.748334 0.9157859 0.7472761 0.9541183 0.7472965 0.9157862 0.748334 0.9157859 0.7493507 0.9541189 0.7483135 0.9541188 0.750378 0.9732853 0.7493305 0.9924514 0.7493404 0.9732851 0.7504084 0.9157862 0.7493507 0.9541189 0.7493712 0.9157861 0.7504188 0.89662 0.7493712 0.9157861 0.7493817 0.8966199 0.7483439 0.8966198 0.7493712 0.9157861 0.748334 0.9157859 0.7514562 0.8966202 0.7504084 0.9157862 0.7504188 0.89662 0.7514463 0.9157867 0.7503882 0.954119 0.7504084 0.9157862 0.7555952 0.9157872 0.7597248 0.9541202 0.7555752 0.9541197 0.7504494 0.8391204 0.7514665 0.8774536 0.7504289 0.8774535 0.7514151 0.9732853 0.7503675 0.9924516 0.750378 0.9732853 0.7494121 0.8391203 0.7504289 0.8774535 0.7493916 0.8774534 0.7472965 0.9157862 0.7462386 0.9541182 0.746259 0.9157857 0.7451912 0.9732846 0.7462182 0.992451 0.7451809 0.9924508 0.7462386 0.9541182 0.7451912 0.9732846 0.7452015 0.954118 0.7503882 0.954119 0.7514151 0.9732853 0.750378 0.9732853 0.7555952 0.9157872 0.7514258 0.9541192 0.7514463 0.9157867 0.7504289 0.8774535 0.7514562 0.8966202 0.7504188 0.89662 0.7493916 0.8774534 0.7483439 0.8966198 0.7483539 0.8774533 0.7493916 0.8774534 0.7504188 0.89662 0.7493817 0.8966199 0.7493507 0.9541189 0.750378 0.9732853 0.7493404 0.9732851 0.7483135 0.9541188 0.7493404 0.9732851 0.7483032 0.973285 0.7483135 0.9541188 0.7472659 0.9732848 0.7472761 0.9541183 0.7472761 0.9541183 0.7462279 0.9732847 0.7462386 0.9541182 0.7483539 0.8774533 0.7473066 0.8966196 0.7473171 0.8774531 0.7473171 0.8774531 0.7462694 0.8966187 0.7462791 0.877453 0.7452421 0.8774529 0.7462694 0.8966187 0.7452322 0.8966186 0.7442048 0.8774527 0.7452322 0.8966186 0.7441943 0.8966184 0.7442048 0.8774527 0.7431571 0.8966192 0.7431671 0.8774526 0.7441637 0.954118 0.7451912 0.9732846 0.7441533 0.9732844 0.7441637 0.954118 0.7431163 0.9732843 0.7431265 0.9541178 0.7389965 0.9157848 0.734826 0.9541164 0.7348463 0.915784 0.9202294 0.07030314 0.9107439 0.07975167 0.9107813 0.0697456 0.9107439 0.07975167 0.9013334 0.06918805 0.9107813 0.0697456 0.9012959 0.07919412 0.8918855 0.06863081 0.9013334 0.06918805 0.8918855 0.06863081 0.8824 0.07807958 0.8824375 0.06807333 0.9013334 0.06918805 0.8919228 0.05862355 0.9013708 0.05918079 0.9012959 0.07919412 0.8918106 0.08864265 0.891848 0.07863682 0.7389965 0.9157848 0.7431265 0.9541178 0.7389763 0.9541173 0.7442253 0.8391197 0.7431671 0.8774526 0.7431878 0.8391195 0.7431163 0.9732843 0.7441437 0.9924507 0.7431058 0.9924507 0.7442253 0.8391197 0.7452421 0.8774529 0.7442048 0.8774527 0.7451912 0.9732846 0.7441437 0.9924507 0.7441533 0.9732844 0.7431471 0.9157854 0.7441637 0.954118 0.7431265 0.9541178 0.7452214 0.9157853 0.7441637 0.954118 0.7441847 0.9157854 0.7431571 0.8966192 0.7441847 0.9157854 0.7431471 0.9157854 0.7452322 0.8966186 0.7441847 0.9157854 0.7441943 0.8966184 0.746259 0.9157857 0.7452015 0.954118 0.7452214 0.9157853 0.7452322 0.8966186 0.746259 0.9157857 0.7452214 0.9157853 0.7452625 0.8391197 0.7462791 0.877453 0.7452421 0.8774529 0.7462998 0.8391199 0.7473171 0.8774531 0.7462791 0.877453 0.7462694 0.8966187 0.7472965 0.9157862 0.746259 0.9157857 0.7483439 0.8966198 0.7472965 0.9157862 0.7473066 0.8966196 0.7483742 0.8391202 0.7473171 0.8774531 0.7473375 0.83912 0.7462279 0.9732847 0.7472558 0.9924511 0.7462182 0.992451 0.7483032 0.973285 0.7472558 0.9924511 0.7472659 0.9732848 0.7494121 0.8391203 0.7483539 0.8774533 0.7483742 0.8391202 0.7493404 0.9732851 0.7482926 0.9924513 0.7483032 0.973285 0.7472965 0.9157862 0.7483135 0.9541188 0.7472761 0.9541183 0.748334 0.9157859 0.7493507 0.9541189 0.7483135 0.9541188 0.7493404 0.9732851 0.7503675 0.9924516 0.7493305 0.9924514 0.7493712 0.9157861 0.7503882 0.954119 0.7493507 0.9541189 0.7493817 0.8966199 0.7504084 0.9157862 0.7493712 0.9157861 0.7483439 0.8966198 0.7493712 0.9157861 0.748334 0.9157859 0.7514562 0.8966202 0.7504084 0.9157862 0.7504188 0.89662 0.7514463 0.9157867 0.7503882 0.954119 0.7504084 0.9157862 0.7555952 0.9157872 0.7597248 0.9541202 0.7555752 0.9541197 0.7504494 0.8391204 0.7514665 0.8774536 0.7504289 0.8774535 0.7514151 0.9732853 0.7503675 0.9924516 0.750378 0.9732853 0.7504494 0.8391204 0.7493916 0.8774534 0.7494121 0.8391203 0.7472965 0.9157862 0.7462386 0.9541182 0.746259 0.9157857 0.7451912 0.9732846 0.7462182 0.992451 0.7451809 0.9924508 0.7462386 0.9541182 0.7451912 0.9732846 0.7452015 0.954118 0.7503882 0.954119 0.7514151 0.9732853 0.750378 0.9732853 0.7555952 0.9157872 0.7514258 0.9541192 0.7514463 0.9157867 0.7504289 0.8774535 0.7514562 0.8966202 0.7504188 0.89662 0.7493916 0.8774534 0.7483439 0.8966198 0.7483539 0.8774533 0.7504289 0.8774535 0.7493817 0.8966199 0.7493916 0.8774534 0.7503882 0.954119 0.7493404 0.9732851 0.7493507 0.9541189 0.7483135 0.9541188 0.7493404 0.9732851 0.7483032 0.973285 0.7472761 0.9541183 0.7483032 0.973285 0.7472659 0.9732848 0.7472761 0.9541183 0.7462279 0.9732847 0.7462386 0.9541182 0.7473171 0.8774531 0.7483439 0.8966198 0.7473066 0.8966196 0.7473171 0.8774531 0.7462694 0.8966187 0.7462791 0.877453 0.7452421 0.8774529 0.7462694 0.8966187 0.7452322 0.8966186 0.7442048 0.8774527 0.7452322 0.8966186 0.7441943 0.8966184 0.7442048 0.8774527 0.7431571 0.8966192 0.7431671 0.8774526 0.7441637 0.954118 0.7451912 0.9732846 0.7441533 0.9732844 0.7441637 0.954118 0.7431163 0.9732843 0.7431265 0.9541178 0.7389965 0.9157848 0.734826 0.9541164 0.7348463 0.915784 0.9201919 0.08030891 0.9107813 0.0697456 0.9202294 0.07030314 0.9107813 0.0697456 0.9012959 0.07919412 0.9013334 0.06918805 0.9013334 0.06918805 0.891848 0.07863682 0.8918855 0.06863081 0.891848 0.07863682 0.8824375 0.06807333 0.8918855 0.06863081 0.9013708 0.05918079 0.8918855 0.06863081 0.8919228 0.05862355 0.9012586 0.08920013 0.891848 0.07863682 0.9012959 0.07919412 0.7231296 0.7955572 0.7005007 0.8484654 0.7004564 0.7955929 0.4473012 0.210453 0.4398258 0.2292129 0.4372317 0.210453 0.7004275 0.7954517 0.7231706 0.8483781 0.7230608 0.7954607 0.7231296 0.7955572 0.7231011 0.848383 0.7005007 0.8484654 0.4473012 0.210453 0.4473012 0.2357718 0.4398258 0.2292129 0.4398258 0.191693 0.4473012 0.210453 0.4372317 0.210453 0.4473012 0.210453 0.45726 0.210453 0.4546657 0.2292129 0.4546657 0.191693 0.45726 0.210453 0.4473012 0.210453 0.4546657 0.191693 0.4473012 0.210453 0.4473012 0.1851341 0.4398258 0.191693 0.4473012 0.1851341 0.4473012 0.210453 0.4473012 0.210453 0.4546657 0.2292129 0.4473012 0.2357718 0.7004564 0.7955929 0.7232441 0.8485479 0.7231197 0.7956287 0.7232047 0.7956287 0.7230569 0.8485479 0.7004702 0.8486307 0.7232047 0.7956287 0.7004702 0.8486307 0.7004382 0.7956646 0.7004702 0.8486307 0.7231999 0.8487128 0.7230063 0.7957002 0.4394826 0.1943451 0.4477007 0.1881069 0.4477605 0.2108269 0.4560672 0.1940621 0.4477605 0.2108269 0.4477007 0.1881069 0.7004702 0.8486307 0.7230063 0.7957002 0.7004382 0.7956646 0.4394826 0.1943451 0.4477605 0.2108269 0.4364723 0.211019 0.4477605 0.2108269 0.4395456 0.2275902 0.4364723 0.211019 0.4477605 0.2108269 0.4591405 0.2106328 0.4561301 0.2273072 0.4560672 0.1940621 0.4591405 0.2106328 0.4477605 0.2108269 0.4477605 0.2108269 0.4561301 0.2273072 0.4477866 0.2335469 0.4477605 0.2108269 0.4477866 0.2335469 0.4395456 0.2275902 0.7003649 0.8487952 0.7230965 0.8488777 0.7230576 0.7957716 0.7230439 0.8483611 0.7004275 0.7954517 0.7231097 0.7954427 0.7230439 0.8483611 0.7004238 0.8483696 0.7004275 0.7954517 0.7004275 0.7954517 0.7004238 0.8483696 0.7231706 0.8483781 0.7229541 0.8487128 0.7003649 0.8487952 0.7003964 0.7957358 0.7003649 0.8487952 0.7230576 0.7957716 0.7003964 0.7957358 0.7229541 0.8487128 0.7003964 0.7957358 0.7230616 0.7957002 0.7004564 0.7955929 0.7005007 0.8484654 0.7232441 0.8485479 0.7231296 0.7955572 0.7005007 0.8484654 0.7004564 0.7955929 0.4473012 0.210453 0.4398258 0.2292129 0.4372317 0.210453 0.7004275 0.7954517 0.7231706 0.8483781 0.7230608 0.7954607 0.7231296 0.7955572 0.7231011 0.848383 0.7005007 0.8484654 0.4473012 0.210453 0.4473012 0.2357718 0.4398258 0.2292129 0.4398258 0.191693 0.4473012 0.210453 0.4372317 0.210453 0.4473012 0.210453 0.45726 0.210453 0.4546657 0.2292129 0.4546657 0.191693 0.45726 0.210453 0.4473012 0.210453 0.4546657 0.191693 0.4473012 0.210453 0.4473012 0.1851341 0.4398258 0.191693 0.4473012 0.1851341 0.4473012 0.210453 0.4473012 0.210453 0.4546657 0.2292129 0.4473012 0.2357718 0.7004564 0.7955929 0.7232441 0.8485479 0.7231197 0.7956287 0.7232047 0.7956287 0.7230569 0.8485479 0.7004702 0.8486307 0.7232047 0.7956287 0.7004702 0.8486307 0.7004382 0.7956646 0.7004702 0.8486307 0.7231999 0.8487128 0.7230063 0.7957002 0.4394826 0.1943451 0.4477007 0.1881069 0.4477605 0.2108269 0.4560672 0.1940621 0.4477605 0.2108269 0.4477007 0.1881069 0.7004702 0.8486307 0.7230063 0.7957002 0.7004382 0.7956646 0.4394826 0.1943451 0.4477605 0.2108269 0.4364723 0.211019 0.4477605 0.2108269 0.4395456 0.2275902 0.4364723 0.211019 0.4477605 0.2108269 0.4591405 0.2106328 0.4561301 0.2273072 0.4560672 0.1940621 0.4591405 0.2106328 0.4477605 0.2108269 0.4477605 0.2108269 0.4561301 0.2273072 0.4477866 0.2335469 0.4477605 0.2108269 0.4477866 0.2335469 0.4395456 0.2275902 0.7003649 0.8487952 0.7230965 0.8488777 0.7230576 0.7957716 0.7230439 0.8483611 0.7004275 0.7954517 0.7231097 0.7954427 0.7230439 0.8483611 0.7004238 0.8483696 0.7004275 0.7954517 0.7004275 0.7954517 0.7004238 0.8483696 0.7231706 0.8483781 0.7229541 0.8487128 0.7003649 0.8487952 0.7003964 0.7957358 0.7003649 0.8487952 0.7230576 0.7957716 0.7003964 0.7957358 0.7229541 0.8487128 0.7003964 0.7957358 0.7230616 0.7957002 0.7004564 0.7955929 0.7005007 0.8484654 0.7232441 0.8485479 0.7231296 0.7955572 0.7005007 0.8484654 0.7004564 0.7955929 0.4473012 0.210453 0.4398258 0.2292129 0.4372317 0.210453 0.7004275 0.7954517 0.7231706 0.8483781 0.7230608 0.7954607 0.7231296 0.7955572 0.7231011 0.848383 0.7005007 0.8484654 0.4473012 0.210453 0.4473012 0.2357718 0.4398258 0.2292129 0.4398258 0.191693 0.4473012 0.210453 0.4372317 0.210453 0.4473012 0.210453 0.45726 0.210453 0.4546657 0.2292129 0.4546657 0.191693 0.45726 0.210453 0.4473012 0.210453 0.4546657 0.191693 0.4473012 0.210453 0.4473012 0.1851341 0.4398258 0.191693 0.4473012 0.1851341 0.4473012 0.210453 0.4473012 0.210453 0.4546657 0.2292129 0.4473012 0.2357718 0.7004564 0.7955929 0.7232441 0.8485479 0.7231197 0.7956287 0.7232047 0.7956287 0.7230569 0.8485479 0.7004702 0.8486307 0.7232047 0.7956287 0.7004702 0.8486307 0.7004382 0.7956646 0.7004702 0.8486307 0.7231999 0.8487128 0.7230063 0.7957002 0.4394826 0.1943451 0.4477007 0.1881069 0.4477605 0.2108269 0.4560672 0.1940621 0.4477605 0.2108269 0.4477007 0.1881069 0.7004702 0.8486307 0.7230063 0.7957002 0.7004382 0.7956646 0.4394826 0.1943451 0.4477605 0.2108269 0.4364723 0.211019 0.4477605 0.2108269 0.4395456 0.2275902 0.4364723 0.211019 0.4477605 0.2108269 0.4591405 0.2106328 0.4561301 0.2273072 0.4560672 0.1940621 0.4591405 0.2106328 0.4477605 0.2108269 0.4477605 0.2108269 0.4561301 0.2273072 0.4477866 0.2335469 0.4477605 0.2108269 0.4477866 0.2335469 0.4395456 0.2275902 0.7003649 0.8487952 0.7230965 0.8488777 0.7230576 0.7957716 0.7230439 0.8483611 0.7004275 0.7954517 0.7231097 0.7954427 0.7230439 0.8483611 0.7004238 0.8483696 0.7004275 0.7954517 0.7004275 0.7954517 0.7004238 0.8483696 0.7231706 0.8483781 0.7229541 0.8487128 0.7003649 0.8487952 0.7003964 0.7957358 0.7003649 0.8487952 0.7230576 0.7957716 0.7003964 0.7957358 0.7229541 0.8487128 0.7003964 0.7957358 0.7230616 0.7957002 0.7004564 0.7955929 0.7005007 0.8484654 0.7232441 0.8485479 0.7231296 0.7955572 0.7005007 0.8484654 0.7004564 0.7955929 0.4473012 0.210453 0.4398258 0.2292129 0.4372317 0.210453 0.7004275 0.7954517 0.7231706 0.8483781 0.7230608 0.7954607 0.7231296 0.7955572 0.7231011 0.848383 0.7005007 0.8484654 0.4473012 0.210453 0.4473012 0.2357718 0.4398258 0.2292129 0.4398258 0.191693 0.4473012 0.210453 0.4372317 0.210453 0.4473012 0.210453 0.45726 0.210453 0.4546657 0.2292129 0.4546657 0.191693 0.45726 0.210453 0.4473012 0.210453 0.4546657 0.191693 0.4473012 0.210453 0.4473012 0.1851341 0.4398258 0.191693 0.4473012 0.1851341 0.4473012 0.210453 0.4473012 0.210453 0.4546657 0.2292129 0.4473012 0.2357718 0.7004564 0.7955929 0.7232441 0.8485479 0.7231197 0.7956287 0.7232047 0.7956287 0.7230569 0.8485479 0.7004702 0.8486307 0.7232047 0.7956287 0.7004702 0.8486307 0.7004382 0.7956646 0.7004702 0.8486307 0.7231999 0.8487128 0.7230063 0.7957002 0.4394826 0.1943451 0.4477007 0.1881069 0.4477605 0.2108269 0.4560672 0.1940621 0.4477605 0.2108269 0.4477007 0.1881069 0.7004702 0.8486307 0.7230063 0.7957002 0.7004382 0.7956646 0.4394826 0.1943451 0.4477605 0.2108269 0.4364723 0.211019 0.4477605 0.2108269 0.4395456 0.2275902 0.4364723 0.211019 0.4477605 0.2108269 0.4591405 0.2106328 0.4561301 0.2273072 0.4560672 0.1940621 0.4591405 0.2106328 0.4477605 0.2108269 0.4477605 0.2108269 0.4561301 0.2273072 0.4477866 0.2335469 0.4477605 0.2108269 0.4477866 0.2335469 0.4395456 0.2275902 0.7003649 0.8487952 0.7230965 0.8488777 0.7230576 0.7957716 0.7230439 0.8483611 0.7004275 0.7954517 0.7231097 0.7954427 0.7230439 0.8483611 0.7004238 0.8483696 0.7004275 0.7954517 0.7004275 0.7954517 0.7004238 0.8483696 0.7231706 0.8483781 0.7229541 0.8487128 0.7003649 0.8487952 0.7003964 0.7957358 0.7003649 0.8487952 0.7230576 0.7957716 0.7003964 0.7957358 0.7229541 0.8487128 0.7003964 0.7957358 0.7230616 0.7957002 0.7004564 0.7955929 0.7005007 0.8484654 0.7232441 0.8485479 0.7231296 0.7955572 0.7005007 0.8484654 0.7004564 0.7955929 0.4473012 0.210453 0.4398258 0.2292129 0.4372317 0.210453 0.7004275 0.7954517 0.7231706 0.8483781 0.7230608 0.7954607 0.7231296 0.7955572 0.7231011 0.848383 0.7005007 0.8484654 0.4473012 0.210453 0.4473012 0.2357718 0.4398258 0.2292129 0.4398258 0.191693 0.4473012 0.210453 0.4372317 0.210453 0.4473012 0.210453 0.45726 0.210453 0.4546657 0.2292129 0.4546657 0.191693 0.45726 0.210453 0.4473012 0.210453 0.4546657 0.191693 0.4473012 0.210453 0.4473012 0.1851341 0.4398258 0.191693 0.4473012 0.1851341 0.4473012 0.210453 0.4473012 0.210453 0.4546657 0.2292129 0.4473012 0.2357718 0.7004564 0.7955929 0.7232441 0.8485479 0.7231197 0.7956287 0.7232047 0.7956287 0.7230569 0.8485479 0.7004702 0.8486307 0.7232047 0.7956287 0.7004702 0.8486307 0.7004382 0.7956646 0.7004702 0.8486307 0.7231999 0.8487128 0.7230063 0.7957002 0.4394826 0.1943451 0.4477007 0.1881069 0.4477605 0.2108269 0.4560672 0.1940621 0.4477605 0.2108269 0.4477007 0.1881069 0.7004702 0.8486307 0.7230063 0.7957002 0.7004382 0.7956646 0.4394826 0.1943451 0.4477605 0.2108269 0.4364723 0.211019 0.4477605 0.2108269 0.4395456 0.2275902 0.4364723 0.211019 0.4477605 0.2108269 0.4591405 0.2106328 0.4561301 0.2273072 0.4560672 0.1940621 0.4591405 0.2106328 0.4477605 0.2108269 0.4477605 0.2108269 0.4561301 0.2273072 0.4477866 0.2335469 0.4477605 0.2108269 0.4477866 0.2335469 0.4395456 0.2275902 0.7003649 0.8487952 0.7230965 0.8488777 0.7230576 0.7957716 0.7230439 0.8483611 0.7004275 0.7954517 0.7231097 0.7954427 0.7230439 0.8483611 0.7004238 0.8483696 0.7004275 0.7954517 0.7004275 0.7954517 0.7004238 0.8483696 0.7231706 0.8483781 0.7229541 0.8487128 0.7003649 0.8487952 0.7003964 0.7957358 0.7003649 0.8487952 0.7230576 0.7957716 0.7003964 0.7957358 0.7229541 0.8487128 0.7003964 0.7957358 0.7230616 0.7957002 0.7004564 0.7955929 0.7005007 0.8484654 0.7232441 0.8485479 0.7225922 0.7953541 0.7003532 0.8473507 0.7003096 0.7953892 0.4472833 0.2111209 0.439808 0.2298808 0.4372138 0.2111209 0.7002813 0.7952504 0.7226325 0.847265 0.7225246 0.7952592 0.7225922 0.7953541 0.7225643 0.8472697 0.7003532 0.8473507 0.4472833 0.2111209 0.4472833 0.2364397 0.439808 0.2298808 0.439808 0.1923608 0.4472833 0.2111209 0.4372138 0.2111209 0.4472833 0.2111209 0.457242 0.2111209 0.4546478 0.2298808 0.4546478 0.1923608 0.457242 0.2111209 0.4472833 0.2111209 0.4546478 0.1923608 0.4472833 0.2111209 0.4472833 0.1858019 0.439808 0.1923608 0.4472833 0.1858019 0.4472833 0.2111209 0.4472833 0.2111209 0.4546478 0.2298808 0.4472833 0.2364397 0.7003096 0.7953892 0.7227048 0.8474318 0.7225825 0.7954244 0.722666 0.7954244 0.7225208 0.8474318 0.7003233 0.8475131 0.722666 0.7954244 0.7003233 0.8475131 0.7002917 0.7954596 0.7003233 0.8475131 0.7226614 0.8475939 0.7224709 0.7954946 0.4394648 0.1950129 0.4476828 0.1887748 0.4477426 0.2114948 0.4560493 0.19473 0.4477426 0.2114948 0.4476828 0.1887748 0.7003233 0.8475131 0.7224709 0.7954946 0.7002917 0.7954596 0.4394648 0.1950129 0.4477426 0.2114948 0.4364544 0.2116869 0.4477426 0.2114948 0.4395278 0.228258 0.4364544 0.2116869 0.4477426 0.2114948 0.4591226 0.2113006 0.4561122 0.2279751 0.4560493 0.19473 0.4591226 0.2113006 0.4477426 0.2114948 0.4477426 0.2114948 0.4561122 0.2279751 0.4477687 0.2342148 0.4477426 0.2114948 0.4477687 0.2342148 0.4395278 0.228258 0.7002198 0.8476749 0.7225596 0.847756 0.7225216 0.7955648 0.722508 0.8472483 0.7002813 0.7952504 0.7225727 0.7952415 0.722508 0.8472483 0.7002776 0.8472567 0.7002813 0.7952504 0.7002813 0.7952504 0.7002776 0.8472567 0.7226325 0.847265 0.7224197 0.8475939 0.7002198 0.8476749 0.7002508 0.7955296 0.7002198 0.8476749 0.7225216 0.7955648 0.7002508 0.7955296 0.7224197 0.8475939 0.7002508 0.7955296 0.7225255 0.7954946 0.7003096 0.7953892 0.7003532 0.8473507 0.7227048 0.8474318 0.8128269 0.4176933 0.812526 0.668546 0.8354577 0.6688628 0.8132333 0.6343668 0.8356903 0.6346769 0.8358818 0.474748 0.8118953 0.6675351 0.8354072 0.6688669 0.8357158 0.4180751 0.8121247 0.6683428 0.835431 0.6686649 0.8357319 0.4179713 0.8132333 0.6343668 0.8358818 0.474748 0.8134255 0.4744376 0.8118953 0.6675351 0.8357158 0.4180751 0.8123499 0.4167451 0.8238198 0.4177592 0.8238103 0.4259633 0.8299123 0.4260478 0.8121247 0.6683428 0.8357319 0.4179713 0.8124251 0.4176493 0.8238198 0.4177592 0.8299123 0.4260478 0.8299221 0.4178434 0.8128269 0.4176933 0.8354577 0.6688628 0.8357586 0.41801 0.8357588 0.4178704 0.8354577 0.6687859 0.8121243 0.6684632 0.8357588 0.4178704 0.8121243 0.6684632 0.8124251 0.4175479 0.5387099 0.1072472 0.5387099 0.03871333 0.5117252 0.03871333 0.5387099 0.1072472 0.5117252 0.03871333 0.5117252 0.1072472 0.5386992 0.03871333 0.5117382 0.03871333 0.5117382 0.1071682 0.5386992 0.03871333 0.5117382 0.1071682 0.5386992 0.1071682 0.8128269 0.4176933 0.812526 0.668546 0.8354577 0.6688628 0.8132333 0.6343668 0.8356903 0.6346769 0.8358818 0.474748 0.8118953 0.6675351 0.8354072 0.6688669 0.8357158 0.4180751 0.8121247 0.6683428 0.835431 0.6686649 0.8357319 0.4179713 0.8132333 0.6343668 0.8358818 0.474748 0.8134255 0.4744376 0.8118953 0.6675351 0.8357158 0.4180751 0.8123499 0.4167451 0.8238198 0.4177592 0.8238103 0.4259633 0.8299123 0.4260478 0.8121247 0.6683428 0.8357319 0.4179713 0.8124251 0.4176493 0.8238198 0.4177592 0.8299123 0.4260478 0.8299221 0.4178434 0.8128269 0.4176933 0.8354577 0.6688628 0.8357586 0.41801 0.8357588 0.4178704 0.8354577 0.6687859 0.8121243 0.6684632 0.8357588 0.4178704 0.8121243 0.6684632 0.8124251 0.4175479 0.5387099 0.1072472 0.5117252 0.03871333 0.5387099 0.03871333 0.5387099 0.1072472 0.5117252 0.1072472 0.5117252 0.03871333 0.5386992 0.03871333 0.5117382 0.03871333 0.5117382 0.1071682 0.5386992 0.03871333 0.5117382 0.1071682 0.5386992 0.1071682 0.7225922 0.7953541 0.7003532 0.8473507 0.7003096 0.7953892 0.4472833 0.2111209 0.439808 0.2298808 0.4372138 0.2111209 0.7002813 0.7952504 0.7226325 0.847265 0.7225246 0.7952592 0.7225922 0.7953541 0.7225643 0.8472697 0.7003532 0.8473507 0.4472833 0.2111209 0.4472833 0.2364397 0.439808 0.2298808 0.439808 0.1923608 0.4472833 0.2111209 0.4372138 0.2111209 0.4472833 0.2111209 0.457242 0.2111209 0.4546478 0.2298808 0.4546478 0.1923608 0.457242 0.2111209 0.4472833 0.2111209 0.4546478 0.1923608 0.4472833 0.2111209 0.4472833 0.1858019 0.439808 0.1923608 0.4472833 0.1858019 0.4472833 0.2111209 0.4472833 0.2111209 0.4546478 0.2298808 0.4472833 0.2364397 0.7003096 0.7953892 0.7227048 0.8474318 0.7225825 0.7954244 0.722666 0.7954244 0.7225208 0.8474318 0.7003233 0.8475131 0.722666 0.7954244 0.7003233 0.8475131 0.7002917 0.7954596 0.7003233 0.8475131 0.7226614 0.8475939 0.7224709 0.7954946 0.4394648 0.1950129 0.4476828 0.1887748 0.4477426 0.2114948 0.4560493 0.19473 0.4477426 0.2114948 0.4476828 0.1887748 0.7003233 0.8475131 0.7224709 0.7954946 0.7002917 0.7954596 0.4394648 0.1950129 0.4477426 0.2114948 0.4364544 0.2116869 0.4477426 0.2114948 0.4395278 0.228258 0.4364544 0.2116869 0.4477426 0.2114948 0.4591226 0.2113006 0.4561122 0.2279751 0.4560493 0.19473 0.4591226 0.2113006 0.4477426 0.2114948 0.4477426 0.2114948 0.4561122 0.2279751 0.4477687 0.2342148 0.4477426 0.2114948 0.4477687 0.2342148 0.4395278 0.228258 0.7002198 0.8476749 0.7225596 0.847756 0.7225216 0.7955648 0.722508 0.8472483 0.7002813 0.7952504 0.7225727 0.7952415 0.722508 0.8472483 0.7002776 0.8472567 0.7002813 0.7952504 0.7002813 0.7952504 0.7002776 0.8472567 0.7226325 0.847265 0.7224197 0.8475939 0.7002198 0.8476749 0.7002508 0.7955296 0.7002198 0.8476749 0.7225216 0.7955648 0.7002508 0.7955296 0.7224197 0.8475939 0.7002508 0.7955296 0.7225255 0.7954946 0.7003096 0.7953892 0.7003532 0.8473507 0.7227048 0.8474318 0.8128269 0.4176933 0.812526 0.668546 0.8354577 0.6688628 0.8132333 0.6343668 0.8356903 0.6346769 0.8358818 0.474748 0.8118953 0.6675351 0.8354072 0.6688669 0.8357158 0.4180751 0.8121247 0.6683428 0.835431 0.6686649 0.8357319 0.4179713 0.8132333 0.6343668 0.8358818 0.474748 0.8134255 0.4744376 0.8118953 0.6675351 0.8357158 0.4180751 0.8123499 0.4167451 0.8238198 0.4177592 0.8238103 0.4259633 0.8299123 0.4260478 0.8121247 0.6683428 0.8357319 0.4179713 0.8124251 0.4176493 0.8238198 0.4177592 0.8299123 0.4260478 0.8299221 0.4178434 0.8128269 0.4176933 0.8354577 0.6688628 0.8357586 0.41801 0.8357588 0.4178704 0.8354577 0.6687859 0.8121243 0.6684632 0.8357588 0.4178704 0.8121243 0.6684632 0.8124251 0.4175479 0.5387099 0.1072472 0.5387099 0.03871333 0.5117252 0.03871333 0.5387099 0.1072472 0.5117252 0.03871333 0.5117252 0.1072472 0.5386992 0.03871333 0.5117382 0.03871333 0.5117382 0.1071682 0.5386992 0.03871333 0.5117382 0.1071682 0.5386992 0.1071682 0.8128269 0.4176933 0.812526 0.668546 0.8354577 0.6688628 0.8132333 0.6343668 0.8356903 0.6346769 0.8358818 0.474748 0.8118953 0.6675351 0.8354072 0.6688669 0.8357158 0.4180751 0.8121247 0.6683428 0.835431 0.6686649 0.8357319 0.4179713 0.8132333 0.6343668 0.8358818 0.474748 0.8134255 0.4744376 0.8118953 0.6675351 0.8357158 0.4180751 0.8123499 0.4167451 0.8238198 0.4177592 0.8238103 0.4259633 0.8299123 0.4260478 0.8121247 0.6683428 0.8357319 0.4179713 0.8124251 0.4176493 0.8238198 0.4177592 0.8299123 0.4260478 0.8299221 0.4178434 0.8128269 0.4176933 0.8354577 0.6688628 0.8357586 0.41801 0.8357588 0.4178704 0.8354577 0.6687859 0.8121243 0.6684632 0.8357588 0.4178704 0.8121243 0.6684632 0.8124251 0.4175479 0.5387099 0.1072472 0.5387099 0.03871333 0.5117252 0.03871333 0.5387099 0.1072472 0.5117252 0.03871333 0.5117252 0.1072472 0.5386992 0.03871333 0.5117382 0.03871333 0.5117382 0.1071682 0.5386992 0.03871333 0.5117382 0.1071682 0.5386992 0.1071682 0.7225922 0.7953541 0.7003532 0.8473507 0.7003096 0.7953892 0.4472833 0.2111209 0.439808 0.2298808 0.4372138 0.2111209 0.7002813 0.7952504 0.7226325 0.847265 0.7225246 0.7952592 0.7225922 0.7953541 0.7225643 0.8472697 0.7003532 0.8473507 0.4472833 0.2111209 0.4472833 0.2364397 0.439808 0.2298808 0.439808 0.1923608 0.4472833 0.2111209 0.4372138 0.2111209 0.4472833 0.2111209 0.457242 0.2111209 0.4546478 0.2298808 0.4546478 0.1923608 0.457242 0.2111209 0.4472833 0.2111209 0.4546478 0.1923608 0.4472833 0.2111209 0.4472833 0.1858019 0.439808 0.1923608 0.4472833 0.1858019 0.4472833 0.2111209 0.4472833 0.2111209 0.4546478 0.2298808 0.4472833 0.2364397 0.7003096 0.7953892 0.7227048 0.8474318 0.7225825 0.7954244 0.722666 0.7954244 0.7225208 0.8474318 0.7003233 0.8475131 0.722666 0.7954244 0.7003233 0.8475131 0.7002917 0.7954596 0.7003233 0.8475131 0.7226614 0.8475939 0.7224709 0.7954946 0.4394648 0.1950129 0.4476828 0.1887748 0.4477426 0.2114948 0.4560493 0.19473 0.4477426 0.2114948 0.4476828 0.1887748 0.7003233 0.8475131 0.7224709 0.7954946 0.7002917 0.7954596 0.4394648 0.1950129 0.4477426 0.2114948 0.4364544 0.2116869 0.4477426 0.2114948 0.4395278 0.228258 0.4364544 0.2116869 0.4477426 0.2114948 0.4591226 0.2113006 0.4561122 0.2279751 0.4560493 0.19473 0.4591226 0.2113006 0.4477426 0.2114948 0.4477426 0.2114948 0.4561122 0.2279751 0.4477687 0.2342148 0.4477426 0.2114948 0.4477687 0.2342148 0.4395278 0.228258 0.7002198 0.8476749 0.7225596 0.847756 0.7225216 0.7955648 0.722508 0.8472483 0.7002813 0.7952504 0.7225727 0.7952415 0.722508 0.8472483 0.7002776 0.8472567 0.7002813 0.7952504 0.7002813 0.7952504 0.7002776 0.8472567 0.7226325 0.847265 0.7224197 0.8475939 0.7002198 0.8476749 0.7002508 0.7955296 0.7002198 0.8476749 0.7225216 0.7955648 0.7002508 0.7955296 0.7224197 0.8475939 0.7002508 0.7955296 0.7225255 0.7954946 0.7003096 0.7953892 0.7003532 0.8473507 0.7227048 0.8474318 0.8128269 0.4176933 0.812526 0.668546 0.8354577 0.6688628 0.8132333 0.6343668 0.8356903 0.6346769 0.8358818 0.474748 0.8118953 0.6675351 0.8354072 0.6688669 0.8357158 0.4180751 0.8121247 0.6683428 0.835431 0.6686649 0.8357319 0.4179713 0.8132333 0.6343668 0.8358818 0.474748 0.8134255 0.4744376 0.8118953 0.6675351 0.8357158 0.4180751 0.8123499 0.4167451 0.8238198 0.4177592 0.8238103 0.4259633 0.8299123 0.4260478 0.8121247 0.6683428 0.8357319 0.4179713 0.8124251 0.4176493 0.8238198 0.4177592 0.8299123 0.4260478 0.8299221 0.4178434 0.8128269 0.4176933 0.8354577 0.6688628 0.8357586 0.41801 0.8357588 0.4178704 0.8354577 0.6687859 0.8121243 0.6684632 0.8357588 0.4178704 0.8121243 0.6684632 0.8124251 0.4175479 0.5387099 0.1072472 0.5387099 0.03871333 0.5117252 0.03871333 0.5387099 0.1072472 0.5117252 0.03871333 0.5117252 0.1072472 0.5386992 0.03871333 0.5117382 0.03871333 0.5117382 0.1071682 0.5386992 0.03871333 0.5117382 0.1071682 0.5386992 0.1071682 0.8128269 0.4176933 0.812526 0.668546 0.8354577 0.6688628 0.8132333 0.6343668 0.8356903 0.6346769 0.8358818 0.474748 0.8118953 0.6675351 0.8354072 0.6688669 0.8357158 0.4180751 0.8121247 0.6683428 0.835431 0.6686649 0.8357319 0.4179713 0.8132333 0.6343668 0.8358818 0.474748 0.8134255 0.4744376 0.8118953 0.6675351 0.8357158 0.4180751 0.8123499 0.4167451 0.8238198 0.4177592 0.8238103 0.4259633 0.8299123 0.4260478 0.8121247 0.6683428 0.8357319 0.4179713 0.8124251 0.4176493 0.8238198 0.4177592 0.8299123 0.4260478 0.8299221 0.4178434 0.8128269 0.4176933 0.8354577 0.6688628 0.8357586 0.41801 0.8357588 0.4178704 0.8354577 0.6687859 0.8121243 0.6684632 0.8357588 0.4178704 0.8121243 0.6684632 0.8124251 0.4175479 0.5387099 0.1072472 0.5387099 0.03871333 0.5117252 0.03871333 0.5387099 0.1072472 0.5117252 0.03871333 0.5117252 0.1072472 0.5386992 0.03871333 0.5117382 0.03871333 0.5117382 0.1071682 0.5386992 0.03871333 0.5117382 0.1071682 0.5386992 0.1071682 0.7225922 0.7953541 0.7003532 0.8473507 0.7003096 0.7953892 0.4472833 0.2111209 0.439808 0.2298808 0.4372138 0.2111209 0.7002813 0.7952504 0.7226325 0.847265 0.7225246 0.7952592 0.7225922 0.7953541 0.7225643 0.8472697 0.7003532 0.8473507 0.4472833 0.2111209 0.4472833 0.2364397 0.439808 0.2298808 0.439808 0.1923608 0.4472833 0.2111209 0.4372138 0.2111209 0.4472833 0.2111209 0.457242 0.2111209 0.4546478 0.2298808 0.4546478 0.1923608 0.457242 0.2111209 0.4472833 0.2111209 0.4546478 0.1923608 0.4472833 0.2111209 0.4472833 0.1858019 0.439808 0.1923608 0.4472833 0.1858019 0.4472833 0.2111209 0.4472833 0.2111209 0.4546478 0.2298808 0.4472833 0.2364397 0.7003096 0.7953892 0.7227048 0.8474318 0.7225825 0.7954244 0.722666 0.7954244 0.7225208 0.8474318 0.7003233 0.8475131 0.722666 0.7954244 0.7003233 0.8475131 0.7002917 0.7954596 0.7003233 0.8475131 0.7226614 0.8475939 0.7224709 0.7954946 0.4394648 0.1950129 0.4476828 0.1887748 0.4477426 0.2114948 0.4560493 0.19473 0.4477426 0.2114948 0.4476828 0.1887748 0.7003233 0.8475131 0.7224709 0.7954946 0.7002917 0.7954596 0.4394648 0.1950129 0.4477426 0.2114948 0.4364544 0.2116869 0.4477426 0.2114948 0.4395278 0.228258 0.4364544 0.2116869 0.4477426 0.2114948 0.4591226 0.2113006 0.4561122 0.2279751 0.4560493 0.19473 0.4591226 0.2113006 0.4477426 0.2114948 0.4477426 0.2114948 0.4561122 0.2279751 0.4477687 0.2342148 0.4477426 0.2114948 0.4477687 0.2342148 0.4395278 0.228258 0.7002198 0.8476749 0.7225596 0.847756 0.7225216 0.7955648 0.722508 0.8472483 0.7002813 0.7952504 0.7225727 0.7952415 0.722508 0.8472483 0.7002776 0.8472567 0.7002813 0.7952504 0.7002813 0.7952504 0.7002776 0.8472567 0.7226325 0.847265 0.7224197 0.8475939 0.7002198 0.8476749 0.7002508 0.7955296 0.7002198 0.8476749 0.7225216 0.7955648 0.7002508 0.7955296 0.7224197 0.8475939 0.7002508 0.7955296 0.7225255 0.7954946 0.7003096 0.7953892 0.7003532 0.8473507 0.7227048 0.8474318 0.8128269 0.4176933 0.812526 0.668546 0.8354577 0.6688628 0.8132333 0.6343668 0.8356903 0.6346769 0.8358818 0.474748 0.8118953 0.6675351 0.8354072 0.6688669 0.8357158 0.4180751 0.8121247 0.6683428 0.835431 0.6686649 0.8357319 0.4179713 0.8132333 0.6343668 0.8358818 0.474748 0.8134255 0.4744376 0.8118953 0.6675351 0.8357158 0.4180751 0.8123499 0.4167451 0.8238198 0.4177592 0.8238103 0.4259633 0.8299123 0.4260478 0.8121247 0.6683428 0.8357319 0.4179713 0.8124251 0.4176493 0.8238198 0.4177592 0.8299123 0.4260478 0.8299221 0.4178434 0.8128269 0.4176933 0.8354577 0.6688628 0.8357586 0.41801 0.8357588 0.4178704 0.8354577 0.6687859 0.8121243 0.6684632 0.8357588 0.4178704 0.8121243 0.6684632 0.8124251 0.4175479 0.5387099 0.1072472 0.5387099 0.03871333 0.5117252 0.03871333 0.5387099 0.1072472 0.5117252 0.03871333 0.5117252 0.1072472 0.5386992 0.03871333 0.5117382 0.1071682 0.5117382 0.03871333 0.5386992 0.03871333 0.5386992 0.1071682 0.5117382 0.1071682 0.8128269 0.4176933 0.812526 0.668546 0.8354577 0.6688628 0.8132333 0.6343668 0.8356903 0.6346769 0.8358818 0.474748 0.8118953 0.6675351 0.8354072 0.6688669 0.8357158 0.4180751 0.8121247 0.6683428 0.835431 0.6686649 0.8357319 0.4179713 0.8132333 0.6343668 0.8358818 0.474748 0.8134255 0.4744376 0.8118953 0.6675351 0.8357158 0.4180751 0.8123499 0.4167451 0.8238198 0.4177592 0.8238103 0.4259633 0.8299123 0.4260478 0.8121247 0.6683428 0.8357319 0.4179713 0.8124251 0.4176493 0.8238198 0.4177592 0.8299123 0.4260478 0.8299221 0.4178434 0.8128269 0.4176933 0.8354577 0.6688628 0.8357586 0.41801 0.8357588 0.4178704 0.8354577 0.6687859 0.8121243 0.6684632 0.8357588 0.4178704 0.8121243 0.6684632 0.8124251 0.4175479 0.5387099 0.1072472 0.5387099 0.03871333 0.5117252 0.03871333 0.5387099 0.1072472 0.5117252 0.03871333 0.5117252 0.1072472 0.5386992 0.03871333 0.5117382 0.1071682 0.5117382 0.03871333 0.5386992 0.03871333 0.5386992 0.1071682 0.5117382 0.1071682 0.6951305 0.693055 0.7228888 0.7195857 0.7229049 0.6932153 0.7047441 0.7209292 0.6776091 0.6947019 0.7048719 0.6957063 0.6951305 0.693055 0.6951141 0.7194253 0.7228888 0.7195857 0.7047441 0.7209292 0.6774817 0.7199237 0.6776091 0.6947019 0.7234042 0.7216064 0.7047441 0.7209292 0.7048719 0.6957063 0.7046166 0.7435991 0.6774817 0.7199237 0.7047441 0.7209292 0.7232781 0.7442758 0.7046166 0.7435991 0.7047441 0.7209292 0.7232781 0.7442758 0.7047441 0.7209292 0.7234042 0.7216064 0.69263 0.7432274 0.6771224 0.7610028 0.677133 0.7431381 0.7232781 0.7442758 0.7232118 0.7615677 0.7045512 0.7608905 0.69263 0.7432274 0.677133 0.7431381 0.6771482 0.7193215 0.7232781 0.7442758 0.7045512 0.7608905 0.7046166 0.7435991 0.7046166 0.7435991 0.7045512 0.7608905 0.6772896 0.7598859 0.7232118 0.7615677 0.7044851 0.778182 0.7045512 0.7608905 0.7045512 0.7608905 0.7044851 0.778182 0.6772238 0.7771776 0.7045512 0.7608905 0.6772238 0.7771776 0.6772896 0.7598859 0.7096766 0.6942625 0.6895859 0.7201504 0.7096853 0.7196766 0.6899039 0.6940267 0.7007451 0.6940231 0.7007442 0.7194074 0.6950883 0.7611065 0.6950781 0.778973 0.7228525 0.7791325 0.6899039 0.6940267 0.7007442 0.7194074 0.689903 0.719412 0.688092 0.8223878 0.6962948 0.8414185 0.6883709 0.8483884 0.688092 0.8223878 0.6883709 0.8483884 0.6803031 0.8419517 0.6790633 0.6940305 0.6899039 0.6940267 0.689903 0.719412 0.6958807 0.8028239 0.688092 0.8223878 0.687813 0.7963871 0.679889 0.8033571 0.687813 0.7963871 0.688092 0.8223878 0.688092 0.8223878 0.6803031 0.8419517 0.6773185 0.822747 0.679889 0.8033571 0.688092 0.8223878 0.6773185 0.822747 0.688092 0.8223878 0.6988651 0.8220286 0.6962948 0.8414185 0.6958807 0.8028239 0.6988651 0.8220286 0.688092 0.8223878 0.6895778 0.6947355 0.7005156 0.6944782 0.7005243 0.7198924 0.7004172 0.7198227 0.7004446 0.6938739 0.710641 0.6941245 0.6895778 0.6947355 0.7005243 0.7198924 0.6895859 0.7201504 0.7228628 0.7612664 0.7228525 0.7791325 0.7077375 0.7790461 0.7004172 0.7198227 0.710641 0.6941245 0.7106133 0.7200732 0.7077375 0.7790461 0.692623 0.7789588 0.6926333 0.7610929 0.7228628 0.7612664 0.7077375 0.7790461 0.7077483 0.7611796 0.7077375 0.7790461 0.6926333 0.7610929 0.7077483 0.7611796 0.7077483 0.7611796 0.6926333 0.7610929 0.6926435 0.7432276 0.6926435 0.7432276 0.6926333 0.7610929 0.677518 0.7610049 0.6926333 0.7610929 0.692623 0.7789588 0.6775079 0.7788715 0.6926333 0.7610929 0.6775079 0.7788715 0.677518 0.7610049 0.710641 0.6941245 0.7208367 0.694375 0.7208094 0.7203238 0.7104189 0.7195457 0.710442 0.6942752 0.7003754 0.6942359 0.710641 0.6941245 0.7208094 0.7203238 0.7106133 0.7200732 0.7104189 0.7195457 0.7003754 0.6942359 0.7003521 0.7195065 0.6775079 0.7788715 0.6926094 0.7789587 0.6926196 0.7610928 0.6775079 0.7788715 0.6926196 0.7610928 0.677518 0.7610049 0.677518 0.7610049 0.6926196 0.7610928 0.69263 0.7432274 0.69263 0.7432274 0.6926196 0.7610928 0.6771224 0.7610028 0.6926196 0.7610928 0.6926094 0.7789587 0.677112 0.7788693 0.6926196 0.7610928 0.677112 0.7788693 0.6771224 0.7610028 0.6790633 0.6940305 0.689903 0.719412 0.6790621 0.7194153 0.7003754 0.6942359 0.7107058 0.6942762 0.7106827 0.7195469 0.7003754 0.6942359 0.7106827 0.7195469 0.7003521 0.7195065 0.7232118 0.7615677 0.7231459 0.7788609 0.7044851 0.778182 0.677518 0.7610049 0.69263 0.7432274 0.6775285 0.7431402 0.6926435 0.7432276 0.677518 0.7610049 0.6775285 0.7431402 0.6926435 0.7432276 0.6775285 0.7431402 0.6775439 0.7193233 0.6775439 0.7193233 0.6775285 0.7431402 0.69263 0.7432274 0.6775605 0.6929535 0.6775439 0.7193233 0.6926454 0.719411 0.6926588 0.7194107 0.6775439 0.7193233 0.6775605 0.6929535 0.6775439 0.7193233 0.69263 0.7432274 0.6926454 0.719411 0.6926435 0.7432276 0.6775439 0.7193233 0.6926588 0.7194107 0.7077903 0.693128 0.6926588 0.7194107 0.6926752 0.6930409 0.6926588 0.7194107 0.6775605 0.6929535 0.6926752 0.6930409 0.7077736 0.7194979 0.6926435 0.7432276 0.6926588 0.7194107 0.7077903 0.693128 0.7077736 0.7194979 0.6926588 0.7194107 0.7228888 0.7195857 0.7077736 0.7194979 0.7077903 0.693128 0.7228888 0.7195857 0.7077903 0.693128 0.7229049 0.6932153 0.722873 0.7434021 0.7077584 0.7433148 0.7077736 0.7194979 0.7077736 0.7194979 0.7077584 0.7433148 0.6926435 0.7432276 0.722873 0.7434021 0.7077736 0.7194979 0.7228888 0.7195857 0.722873 0.7434021 0.7077483 0.7611796 0.7077584 0.7433148 0.6950883 0.7611065 0.722873 0.7434021 0.6950988 0.7432418 0.6951141 0.7194253 0.6950988 0.7432418 0.722873 0.7434021 0.6950883 0.7611065 0.7228628 0.7612664 0.722873 0.7434021 0.722873 0.7434021 0.7228628 0.7612664 0.7077483 0.7611796 0.6951141 0.7194253 0.722873 0.7434021 0.7228888 0.7195857 0.7046166 0.7435991 0.6773555 0.7425943 0.6774817 0.7199237 0.7046166 0.7435991 0.6772896 0.7598859 0.6773555 0.7425943 0.7077483 0.7611796 0.6926435 0.7432276 0.7077584 0.7433148 0.6775605 0.6929535 0.6926454 0.719411 0.6926619 0.6930406 0.6926454 0.719411 0.6771646 0.6929513 0.6926619 0.6930406 0.69263 0.7432274 0.6771482 0.7193215 0.6926454 0.719411 0.6926454 0.719411 0.6771482 0.7193215 0.6771646 0.6929513 0.7234042 0.7216064 0.7048719 0.6957063 0.7235313 0.696384 0.6950883 0.7611065 0.7228525 0.7791325 0.7228628 0.7612664 0.7096766 0.6942625 0.6895778 0.6947355 0.6895859 0.7201504 0.4797116 0.2541359 0.4794641 0.3740797 0.498337 0.3740976 0.4800464 0.3721425 0.4985284 0.3721601 0.4986863 0.2831565 0.4789448 0.3740224 0.4982954 0.3740979 0.4985495 0.25433 0.4791337 0.3740682 0.4983151 0.3740864 0.4985625 0.2542773 0.4800464 0.3721425 0.4986863 0.2831565 0.4802042 0.2829987 0.4789448 0.3740224 0.4985495 0.25433 0.4793191 0.2536535 0.4887591 0.2541693 0.488751 0.2583425 0.4937729 0.2583854 0.4791337 0.3740682 0.4985625 0.2542773 0.479381 0.2541135 0.4887591 0.2541693 0.4937729 0.2583854 0.493781 0.2542123 0.4797116 0.2541359 0.498337 0.3740976 0.4985846 0.2542971 0.4985848 0.2542259 0.498337 0.3740932 0.4791335 0.374075 0.4985848 0.2542259 0.4791335 0.374075 0.4793812 0.254062 0.549617 0.09079807 0.5500065 0.04031246 0.4909992 0.03612154 0.549617 0.09079807 0.4909992 0.03612154 0.4906097 0.08660715 0.4909989 0.03614181 0.5495946 0.09077268 0.4906098 0.08658343 0.4909989 0.03614181 0.5499837 0.04033106 0.5495946 0.09077268 0.4797116 0.2541359 0.4794641 0.3740797 0.498337 0.3740976 0.4800464 0.3721425 0.4985284 0.3721601 0.4986863 0.2831565 0.4789448 0.3740224 0.4982954 0.3740979 0.4985495 0.25433 0.4791337 0.3740682 0.4983151 0.3740864 0.4985625 0.2542773 0.4800464 0.3721425 0.4986863 0.2831565 0.4802042 0.2829987 0.4789448 0.3740224 0.4985495 0.25433 0.4793191 0.2536535 0.4887591 0.2541693 0.488751 0.2583425 0.4937729 0.2583854 0.4791337 0.3740682 0.4985625 0.2542773 0.479381 0.2541135 0.4887591 0.2541693 0.4937729 0.2583854 0.493781 0.2542123 0.4797116 0.2541359 0.498337 0.3740976 0.4985846 0.2542971 0.4985848 0.2542259 0.498337 0.3740932 0.4791335 0.374075 0.4985848 0.2542259 0.4791335 0.374075 0.4793812 0.254062 0.549617 0.09079807 0.4909992 0.03612154 0.5500065 0.04031246 0.549617 0.09079807 0.4906097 0.08660715 0.4909992 0.03612154 0.4909989 0.03614181 0.4906098 0.08658343 0.5495946 0.09077268 0.4909989 0.03614181 0.5495946 0.09077268 0.5499837 0.04033106 0.4797116 0.2541359 0.4794641 0.3740797 0.498337 0.3740976 0.4800464 0.3721425 0.4985284 0.3721601 0.4986863 0.2831565 0.4789448 0.3740224 0.4982954 0.3740979 0.4985495 0.25433 0.4791337 0.3740682 0.4983151 0.3740864 0.4985625 0.2542773 0.4800464 0.3721425 0.4986863 0.2831565 0.4802042 0.2829987 0.4789448 0.3740224 0.4985495 0.25433 0.4793191 0.2536535 0.4887591 0.2541693 0.488751 0.2583425 0.4937729 0.2583854 0.4791337 0.3740682 0.4985625 0.2542773 0.479381 0.2541135 0.4887591 0.2541693 0.4937729 0.2583854 0.493781 0.2542123 0.4797116 0.2541359 0.498337 0.3740976 0.4985846 0.2542971 0.4985848 0.2542259 0.498337 0.3740932 0.4791335 0.374075 0.4985848 0.2542259 0.4791335 0.374075 0.4793812 0.254062 0.549617 0.09079807 0.5500065 0.04031246 0.4909992 0.03612154 0.549617 0.09079807 0.4909992 0.03612154 0.4906097 0.08660715 0.4909989 0.03614181 0.4906098 0.08658343 0.5495946 0.09077268 0.4909989 0.03614181 0.5495946 0.09077268 0.5499837 0.04033106 0.6951305 0.693055 0.7228888 0.7195857 0.7229049 0.6932153 0.7047441 0.7209292 0.6776091 0.6947019 0.7048719 0.6957063 0.6951305 0.693055 0.6951141 0.7194253 0.7228888 0.7195857 0.7047441 0.7209292 0.6774817 0.7199237 0.6776091 0.6947019 0.7234042 0.7216064 0.7047441 0.7209292 0.7048719 0.6957063 0.7046166 0.7435991 0.6774817 0.7199237 0.7047441 0.7209292 0.7232781 0.7442758 0.7046166 0.7435991 0.7047441 0.7209292 0.7232781 0.7442758 0.7047441 0.7209292 0.7234042 0.7216064 0.69263 0.7432274 0.6771224 0.7610028 0.677133 0.7431381 0.7232781 0.7442758 0.7232118 0.7615677 0.7045512 0.7608905 0.69263 0.7432274 0.677133 0.7431381 0.6771482 0.7193215 0.7232781 0.7442758 0.7045512 0.7608905 0.7046166 0.7435991 0.7046166 0.7435991 0.7045512 0.7608905 0.6772896 0.7598859 0.7232118 0.7615677 0.7044851 0.778182 0.7045512 0.7608905 0.7045512 0.7608905 0.7044851 0.778182 0.6772238 0.7771776 0.7045512 0.7608905 0.6772238 0.7771776 0.6772896 0.7598859 0.7096766 0.6942625 0.6895859 0.7201504 0.7096853 0.7196766 0.6899039 0.6940267 0.7007451 0.6940231 0.7007442 0.7194074 0.6950883 0.7611065 0.6950781 0.778973 0.7228525 0.7791325 0.6899039 0.6940267 0.7007442 0.7194074 0.689903 0.719412 0.688092 0.8223878 0.6962948 0.8414185 0.6883709 0.8483884 0.688092 0.8223878 0.6883709 0.8483884 0.6803031 0.8419517 0.6790633 0.6940305 0.6899039 0.6940267 0.689903 0.719412 0.6958807 0.8028239 0.688092 0.8223878 0.687813 0.7963871 0.679889 0.8033571 0.687813 0.7963871 0.688092 0.8223878 0.688092 0.8223878 0.6803031 0.8419517 0.6773185 0.822747 0.679889 0.8033571 0.688092 0.8223878 0.6773185 0.822747 0.688092 0.8223878 0.6988651 0.8220286 0.6962948 0.8414185 0.6958807 0.8028239 0.6988651 0.8220286 0.688092 0.8223878 0.6895778 0.6947355 0.7005156 0.6944782 0.7005243 0.7198924 0.7004172 0.7198227 0.7004446 0.6938739 0.710641 0.6941245 0.6895778 0.6947355 0.7005243 0.7198924 0.6895859 0.7201504 0.7228628 0.7612664 0.7228525 0.7791325 0.7077375 0.7790461 0.7004172 0.7198227 0.710641 0.6941245 0.7106133 0.7200732 0.7077375 0.7790461 0.692623 0.7789588 0.6926333 0.7610929 0.7228628 0.7612664 0.7077375 0.7790461 0.7077483 0.7611796 0.7077375 0.7790461 0.6926333 0.7610929 0.7077483 0.7611796 0.7077483 0.7611796 0.6926333 0.7610929 0.6926435 0.7432276 0.6926435 0.7432276 0.6926333 0.7610929 0.677518 0.7610049 0.6926333 0.7610929 0.692623 0.7789588 0.6775079 0.7788715 0.6926333 0.7610929 0.6775079 0.7788715 0.677518 0.7610049 0.710641 0.6941245 0.7208367 0.694375 0.7208094 0.7203238 0.7104189 0.7195457 0.710442 0.6942752 0.7003754 0.6942359 0.710641 0.6941245 0.7208094 0.7203238 0.7106133 0.7200732 0.7104189 0.7195457 0.7003754 0.6942359 0.7003521 0.7195065 0.6775079 0.7788715 0.6926094 0.7789587 0.6926196 0.7610928 0.6775079 0.7788715 0.6926196 0.7610928 0.677518 0.7610049 0.677518 0.7610049 0.6926196 0.7610928 0.69263 0.7432274 0.69263 0.7432274 0.6926196 0.7610928 0.6771224 0.7610028 0.6926196 0.7610928 0.6926094 0.7789587 0.677112 0.7788693 0.6926196 0.7610928 0.677112 0.7788693 0.6771224 0.7610028 0.6790633 0.6940305 0.689903 0.719412 0.6790621 0.7194153 0.7003754 0.6942359 0.7107058 0.6942762 0.7106827 0.7195469 0.7003754 0.6942359 0.7106827 0.7195469 0.7003521 0.7195065 0.7232118 0.7615677 0.7231459 0.7788609 0.7044851 0.778182 0.677518 0.7610049 0.69263 0.7432274 0.6775285 0.7431402 0.6926435 0.7432276 0.677518 0.7610049 0.6775285 0.7431402 0.6926435 0.7432276 0.6775285 0.7431402 0.6775439 0.7193233 0.6775439 0.7193233 0.6775285 0.7431402 0.69263 0.7432274 0.6775605 0.6929535 0.6775439 0.7193233 0.6926454 0.719411 0.6926588 0.7194107 0.6775439 0.7193233 0.6775605 0.6929535 0.6775439 0.7193233 0.69263 0.7432274 0.6926454 0.719411 0.6926435 0.7432276 0.6775439 0.7193233 0.6926588 0.7194107 0.7077903 0.693128 0.6926588 0.7194107 0.6926752 0.6930409 0.6926588 0.7194107 0.6775605 0.6929535 0.6926752 0.6930409 0.7077736 0.7194979 0.6926435 0.7432276 0.6926588 0.7194107 0.7077903 0.693128 0.7077736 0.7194979 0.6926588 0.7194107 0.7228888 0.7195857 0.7077736 0.7194979 0.7077903 0.693128 0.7228888 0.7195857 0.7077903 0.693128 0.7229049 0.6932153 0.722873 0.7434021 0.7077584 0.7433148 0.7077736 0.7194979 0.7077736 0.7194979 0.7077584 0.7433148 0.6926435 0.7432276 0.722873 0.7434021 0.7077736 0.7194979 0.7228888 0.7195857 0.722873 0.7434021 0.7077483 0.7611796 0.7077584 0.7433148 0.6950883 0.7611065 0.722873 0.7434021 0.6950988 0.7432418 0.6951141 0.7194253 0.6950988 0.7432418 0.722873 0.7434021 0.6950883 0.7611065 0.7228628 0.7612664 0.722873 0.7434021 0.722873 0.7434021 0.7228628 0.7612664 0.7077483 0.7611796 0.6951141 0.7194253 0.722873 0.7434021 0.7228888 0.7195857 0.7046166 0.7435991 0.6773555 0.7425943 0.6774817 0.7199237 0.7046166 0.7435991 0.6772896 0.7598859 0.6773555 0.7425943 0.7077483 0.7611796 0.6926435 0.7432276 0.7077584 0.7433148 0.6775605 0.6929535 0.6926454 0.719411 0.6926619 0.6930406 0.6926454 0.719411 0.6771646 0.6929513 0.6926619 0.6930406 0.69263 0.7432274 0.6771482 0.7193215 0.6926454 0.719411 0.6926454 0.719411 0.6771482 0.7193215 0.6771646 0.6929513 0.7234042 0.7216064 0.7048719 0.6957063 0.7235313 0.696384 0.6950883 0.7611065 0.7228525 0.7791325 0.7228628 0.7612664 0.7096766 0.6942625 0.6895778 0.6947355 0.6895859 0.7201504 0.4797116 0.2541359 0.4794641 0.3740797 0.498337 0.3740976 0.4800464 0.3721425 0.4985284 0.3721601 0.4986863 0.2831565 0.4789448 0.3740224 0.4982954 0.3740979 0.4985495 0.25433 0.4791337 0.3740682 0.4983151 0.3740864 0.4985625 0.2542773 0.4800464 0.3721425 0.4986863 0.2831565 0.4802042 0.2829987 0.4789448 0.3740224 0.4985495 0.25433 0.4793191 0.2536535 0.4887591 0.2541693 0.488751 0.2583425 0.4937729 0.2583854 0.4791337 0.3740682 0.4985625 0.2542773 0.479381 0.2541135 0.4887591 0.2541693 0.4937729 0.2583854 0.493781 0.2542123 0.4797116 0.2541359 0.498337 0.3740976 0.4985846 0.2542971 0.4985848 0.2542259 0.498337 0.3740932 0.4791335 0.374075 0.4985848 0.2542259 0.4791335 0.374075 0.4793812 0.254062 0.549617 0.09079807 0.4909992 0.03612154 0.5500065 0.04031246 0.549617 0.09079807 0.4906097 0.08660715 0.4909992 0.03612154 0.4909989 0.03614181 0.4906098 0.08658343 0.5495946 0.09077268 0.4909989 0.03614181 0.5495946 0.09077268 0.5499837 0.04033106 0.4797116 0.2541359 0.4794641 0.3740797 0.498337 0.3740976 0.4800464 0.3721425 0.4985284 0.3721601 0.4986863 0.2831565 0.4789448 0.3740224 0.4982954 0.3740979 0.4985495 0.25433 0.4791337 0.3740682 0.4983151 0.3740864 0.4985625 0.2542773 0.4800464 0.3721425 0.4986863 0.2831565 0.4802042 0.2829987 0.4789448 0.3740224 0.4985495 0.25433 0.4793191 0.2536535 0.4887591 0.2541693 0.488751 0.2583425 0.4937729 0.2583854 0.4791337 0.3740682 0.4985625 0.2542773 0.479381 0.2541135 0.4887591 0.2541693 0.4937729 0.2583854 0.493781 0.2542123 0.4797116 0.2541359 0.498337 0.3740976 0.4985846 0.2542971 0.4985848 0.2542259 0.498337 0.3740932 0.4791335 0.374075 0.4985848 0.2542259 0.4791335 0.374075 0.4793812 0.254062 0.549617 0.09079807 0.5500065 0.04031246 0.4909992 0.03612154 0.549617 0.09079807 0.4909992 0.03612154 0.4906097 0.08660715 0.4909989 0.03614181 0.4906098 0.08658343 0.5495946 0.09077268 0.4909989 0.03614181 0.5495946 0.09077268 0.5499837 0.04033106 0.4797116 0.2541359 0.4794641 0.3740797 0.498337 0.3740976 0.4800464 0.3721425 0.4985284 0.3721601 0.4986863 0.2831565 0.4789448 0.3740224 0.4982954 0.3740979 0.4985495 0.25433 0.4791337 0.3740682 0.4983151 0.3740864 0.4985625 0.2542773 0.4800464 0.3721425 0.4986863 0.2831565 0.4802042 0.2829987 0.4789448 0.3740224 0.4985495 0.25433 0.4793191 0.2536535 0.4887591 0.2541693 0.488751 0.2583425 0.4937729 0.2583854 0.4791337 0.3740682 0.4985625 0.2542773 0.479381 0.2541135 0.4887591 0.2541693 0.4937729 0.2583854 0.493781 0.2542123 0.4797116 0.2541359 0.498337 0.3740976 0.4985846 0.2542971 0.4985848 0.2542259 0.498337 0.3740932 0.4791335 0.374075 0.4985848 0.2542259 0.4791335 0.374075 0.4793812 0.254062 0.549617 0.09079807 0.4909992 0.03612154 0.5500065 0.04031246 0.549617 0.09079807 0.4906097 0.08660715 0.4909992 0.03612154 0.4909989 0.03614181 0.5495946 0.09077268 0.4906098 0.08658343 0.4909989 0.03614181 0.5499837 0.04033106 0.5495946 0.09077268 0.6951305 0.693055 0.7228888 0.7195857 0.7229049 0.6932153 0.7047441 0.7209292 0.6776091 0.6947019 0.7048719 0.6957063 0.6951305 0.693055 0.6951141 0.7194253 0.7228888 0.7195857 0.7047441 0.7209292 0.6774817 0.7199237 0.6776091 0.6947019 0.7234042 0.7216064 0.7047441 0.7209292 0.7048719 0.6957063 0.7046166 0.7435991 0.6774817 0.7199237 0.7047441 0.7209292 0.7232781 0.7442758 0.7046166 0.7435991 0.7047441 0.7209292 0.7232781 0.7442758 0.7047441 0.7209292 0.7234042 0.7216064 0.69263 0.7432274 0.6771224 0.7610028 0.677133 0.7431381 0.7232781 0.7442758 0.7232118 0.7615677 0.7045512 0.7608905 0.69263 0.7432274 0.677133 0.7431381 0.6771482 0.7193215 0.7232781 0.7442758 0.7045512 0.7608905 0.7046166 0.7435991 0.7046166 0.7435991 0.7045512 0.7608905 0.6772896 0.7598859 0.7232118 0.7615677 0.7044851 0.778182 0.7045512 0.7608905 0.7045512 0.7608905 0.7044851 0.778182 0.6772238 0.7771776 0.7045512 0.7608905 0.6772238 0.7771776 0.6772896 0.7598859 0.7096766 0.6942625 0.6895859 0.7201504 0.7096853 0.7196766 0.6899039 0.6940267 0.7007451 0.6940231 0.7007442 0.7194074 0.6950883 0.7611065 0.6950781 0.778973 0.7228525 0.7791325 0.6899039 0.6940267 0.7007442 0.7194074 0.689903 0.719412 0.688092 0.8223878 0.6962948 0.8414185 0.6883709 0.8483884 0.688092 0.8223878 0.6883709 0.8483884 0.6803031 0.8419517 0.6790633 0.6940305 0.6899039 0.6940267 0.689903 0.719412 0.6958807 0.8028239 0.688092 0.8223878 0.687813 0.7963871 0.679889 0.8033571 0.687813 0.7963871 0.688092 0.8223878 0.688092 0.8223878 0.6803031 0.8419517 0.6773185 0.822747 0.679889 0.8033571 0.688092 0.8223878 0.6773185 0.822747 0.688092 0.8223878 0.6988651 0.8220286 0.6962948 0.8414185 0.6958807 0.8028239 0.6988651 0.8220286 0.688092 0.8223878 0.6895778 0.6947355 0.7005156 0.6944782 0.7005243 0.7198924 0.7004172 0.7198227 0.7004446 0.6938739 0.710641 0.6941245 0.6895778 0.6947355 0.7005243 0.7198924 0.6895859 0.7201504 0.7228628 0.7612664 0.7228525 0.7791325 0.7077375 0.7790461 0.7004172 0.7198227 0.710641 0.6941245 0.7106133 0.7200732 0.7077375 0.7790461 0.692623 0.7789588 0.6926333 0.7610929 0.7228628 0.7612664 0.7077375 0.7790461 0.7077483 0.7611796 0.7077375 0.7790461 0.6926333 0.7610929 0.7077483 0.7611796 0.7077483 0.7611796 0.6926333 0.7610929 0.6926435 0.7432276 0.6926435 0.7432276 0.6926333 0.7610929 0.677518 0.7610049 0.6926333 0.7610929 0.692623 0.7789588 0.6775079 0.7788715 0.6926333 0.7610929 0.6775079 0.7788715 0.677518 0.7610049 0.710641 0.6941245 0.7208367 0.694375 0.7208094 0.7203238 0.7104189 0.7195457 0.710442 0.6942752 0.7003754 0.6942359 0.710641 0.6941245 0.7208094 0.7203238 0.7106133 0.7200732 0.7104189 0.7195457 0.7003754 0.6942359 0.7003521 0.7195065 0.6775079 0.7788715 0.6926094 0.7789587 0.6926196 0.7610928 0.6775079 0.7788715 0.6926196 0.7610928 0.677518 0.7610049 0.677518 0.7610049 0.6926196 0.7610928 0.69263 0.7432274 0.69263 0.7432274 0.6926196 0.7610928 0.6771224 0.7610028 0.6926196 0.7610928 0.6926094 0.7789587 0.677112 0.7788693 0.6926196 0.7610928 0.677112 0.7788693 0.6771224 0.7610028 0.6790633 0.6940305 0.689903 0.719412 0.6790621 0.7194153 0.7003754 0.6942359 0.7107058 0.6942762 0.7106827 0.7195469 0.7003754 0.6942359 0.7106827 0.7195469 0.7003521 0.7195065 0.7232118 0.7615677 0.7231459 0.7788609 0.7044851 0.778182 0.677518 0.7610049 0.69263 0.7432274 0.6775285 0.7431402 0.6926435 0.7432276 0.677518 0.7610049 0.6775285 0.7431402 0.6926435 0.7432276 0.6775285 0.7431402 0.6775439 0.7193233 0.6775439 0.7193233 0.6775285 0.7431402 0.69263 0.7432274 0.6775605 0.6929535 0.6775439 0.7193233 0.6926454 0.719411 0.6926588 0.7194107 0.6775439 0.7193233 0.6775605 0.6929535 0.6775439 0.7193233 0.69263 0.7432274 0.6926454 0.719411 0.6926435 0.7432276 0.6775439 0.7193233 0.6926588 0.7194107 0.7077903 0.693128 0.6926588 0.7194107 0.6926752 0.6930409 0.6926588 0.7194107 0.6775605 0.6929535 0.6926752 0.6930409 0.7077736 0.7194979 0.6926435 0.7432276 0.6926588 0.7194107 0.7077903 0.693128 0.7077736 0.7194979 0.6926588 0.7194107 0.7228888 0.7195857 0.7077736 0.7194979 0.7077903 0.693128 0.7228888 0.7195857 0.7077903 0.693128 0.7229049 0.6932153 0.722873 0.7434021 0.7077584 0.7433148 0.7077736 0.7194979 0.7077736 0.7194979 0.7077584 0.7433148 0.6926435 0.7432276 0.722873 0.7434021 0.7077736 0.7194979 0.7228888 0.7195857 0.722873 0.7434021 0.7077483 0.7611796 0.7077584 0.7433148 0.6950883 0.7611065 0.722873 0.7434021 0.6950988 0.7432418 0.6951141 0.7194253 0.6950988 0.7432418 0.722873 0.7434021 0.6950883 0.7611065 0.7228628 0.7612664 0.722873 0.7434021 0.722873 0.7434021 0.7228628 0.7612664 0.7077483 0.7611796 0.6951141 0.7194253 0.722873 0.7434021 0.7228888 0.7195857 0.7046166 0.7435991 0.6773555 0.7425943 0.6774817 0.7199237 0.7046166 0.7435991 0.6772896 0.7598859 0.6773555 0.7425943 0.7077483 0.7611796 0.6926435 0.7432276 0.7077584 0.7433148 0.6775605 0.6929535 0.6926454 0.719411 0.6926619 0.6930406 0.6926454 0.719411 0.6771646 0.6929513 0.6926619 0.6930406 0.69263 0.7432274 0.6771482 0.7193215 0.6926454 0.719411 0.6926454 0.719411 0.6771482 0.7193215 0.6771646 0.6929513 0.7234042 0.7216064 0.7048719 0.6957063 0.7235313 0.696384 0.6950883 0.7611065 0.7228525 0.7791325 0.7228628 0.7612664 0.7096766 0.6942625 0.6895778 0.6947355 0.6895859 0.7201504 0.4797116 0.2541359 0.4794641 0.3740797 0.498337 0.3740976 0.4800464 0.3721425 0.4985284 0.3721601 0.4986863 0.2831565 0.4789448 0.3740224 0.4982954 0.3740979 0.4985495 0.25433 0.4791337 0.3740682 0.4983151 0.3740864 0.4985625 0.2542773 0.4800464 0.3721425 0.4986863 0.2831565 0.4802042 0.2829987 0.4789448 0.3740224 0.4985495 0.25433 0.4793191 0.2536535 0.4887591 0.2541693 0.488751 0.2583425 0.4937729 0.2583854 0.4791337 0.3740682 0.4985625 0.2542773 0.479381 0.2541135 0.4887591 0.2541693 0.4937729 0.2583854 0.493781 0.2542123 0.4797116 0.2541359 0.498337 0.3740976 0.4985846 0.2542971 0.4985848 0.2542259 0.498337 0.3740932 0.4791335 0.374075 0.4985848 0.2542259 0.4791335 0.374075 0.4793812 0.254062 0.549617 0.09079807 0.4909992 0.03612154 0.5500065 0.04031246 0.549617 0.09079807 0.4906097 0.08660715 0.4909992 0.03612154 0.4909989 0.03614181 0.5495946 0.09077268 0.4906098 0.08658343 0.4909989 0.03614181 0.5499837 0.04033106 0.5495946 0.09077268 0.4797116 0.2541359 0.4794641 0.3740797 0.498337 0.3740976 0.4800464 0.3721425 0.4985284 0.3721601 0.4986863 0.2831565 0.4789448 0.3740224 0.4982954 0.3740979 0.4985495 0.25433 0.4791337 0.3740682 0.4983151 0.3740864 0.4985625 0.2542773 0.4800464 0.3721425 0.4986863 0.2831565 0.4802042 0.2829987 0.4789448 0.3740224 0.4985495 0.25433 0.4793191 0.2536535 0.4887591 0.2541693 0.488751 0.2583425 0.4937729 0.2583854 0.4791337 0.3740682 0.4985625 0.2542773 0.479381 0.2541135 0.4887591 0.2541693 0.4937729 0.2583854 0.493781 0.2542123 0.4797116 0.2541359 0.498337 0.3740976 0.4985846 0.2542971 0.4985848 0.2542259 0.498337 0.3740932 0.4791335 0.374075 0.4985848 0.2542259 0.4791335 0.374075 0.4793812 0.254062 0.549617 0.09079807 0.5500065 0.04031246 0.4909992 0.03612154 0.549617 0.09079807 0.4909992 0.03612154 0.4906097 0.08660715 0.4909989 0.03614181 0.4906098 0.08658343 0.5495946 0.09077268 0.4909989 0.03614181 0.5495946 0.09077268 0.5499837 0.04033106 0.4797116 0.2541359 0.4794641 0.3740797 0.498337 0.3740976 0.4800464 0.3721425 0.4985284 0.3721601 0.4986863 0.2831565 0.4789448 0.3740224 0.4982954 0.3740979 0.4985495 0.25433 0.4791337 0.3740682 0.4983151 0.3740864 0.4985625 0.2542773 0.4800464 0.3721425 0.4986863 0.2831565 0.4802042 0.2829987 0.4789448 0.3740224 0.4985495 0.25433 0.4793191 0.2536535 0.4887591 0.2541693 0.488751 0.2583425 0.4937729 0.2583854 0.4791337 0.3740682 0.4985625 0.2542773 0.479381 0.2541135 0.4887591 0.2541693 0.4937729 0.2583854 0.493781 0.2542123 0.4797116 0.2541359 0.498337 0.3740976 0.4985846 0.2542971 0.4985848 0.2542259 0.498337 0.3740932 0.4791335 0.374075 0.4985848 0.2542259 0.4791335 0.374075 0.4793812 0.254062 0.549617 0.09079807 0.5500065 0.04031246 0.4909992 0.03612154 0.549617 0.09079807 0.4909992 0.03612154 0.4906097 0.08660715 0.4909989 0.03614181 0.5495946 0.09077268 0.4906098 0.08658343 0.4909989 0.03614181 0.5499837 0.04033106 0.5495946 0.09077268 0.7231296 0.7955572 0.7005007 0.8484654 0.7004564 0.7955929 0.4473012 0.210453 0.4398258 0.2292129 0.4372317 0.210453 0.7004275 0.7954517 0.7231706 0.8483781 0.7230608 0.7954607 0.7231296 0.7955572 0.7231011 0.848383 0.7005007 0.8484654 0.4473012 0.210453 0.4473012 0.2357718 0.4398258 0.2292129 0.4398258 0.191693 0.4473012 0.210453 0.4372317 0.210453 0.4473012 0.210453 0.45726 0.210453 0.4546657 0.2292129 0.4546657 0.191693 0.45726 0.210453 0.4473012 0.210453 0.4546657 0.191693 0.4473012 0.210453 0.4473012 0.1851341 0.4398258 0.191693 0.4473012 0.1851341 0.4473012 0.210453 0.4473012 0.210453 0.4546657 0.2292129 0.4473012 0.2357718 0.7004564 0.7955929 0.7232441 0.8485479 0.7231197 0.7956287 0.7232047 0.7956287 0.7230569 0.8485479 0.7004702 0.8486307 0.7232047 0.7956287 0.7004702 0.8486307 0.7004382 0.7956646 0.7004702 0.8486307 0.7231999 0.8487128 0.7230063 0.7957002 0.4394826 0.1943451 0.4477007 0.1881069 0.4477605 0.2108269 0.4560672 0.1940621 0.4477605 0.2108269 0.4477007 0.1881069 0.7004702 0.8486307 0.7230063 0.7957002 0.7004382 0.7956646 0.4394826 0.1943451 0.4477605 0.2108269 0.4364723 0.211019 0.4477605 0.2108269 0.4395456 0.2275902 0.4364723 0.211019 0.4477605 0.2108269 0.4591405 0.2106328 0.4561301 0.2273072 0.4560672 0.1940621 0.4591405 0.2106328 0.4477605 0.2108269 0.4477605 0.2108269 0.4561301 0.2273072 0.4477866 0.2335469 0.4477605 0.2108269 0.4477866 0.2335469 0.4395456 0.2275902 0.7003649 0.8487952 0.7230965 0.8488777 0.7230576 0.7957716 0.7230439 0.8483611 0.7004275 0.7954517 0.7231097 0.7954427 0.7230439 0.8483611 0.7004238 0.8483696 0.7004275 0.7954517 0.7004275 0.7954517 0.7004238 0.8483696 0.7231706 0.8483781 0.7229541 0.8487128 0.7003649 0.8487952 0.7003964 0.7957358 0.7003649 0.8487952 0.7230576 0.7957716 0.7003964 0.7957358 0.7229541 0.8487128 0.7003964 0.7957358 0.7230616 0.7957002 0.7004564 0.7955929 0.7005007 0.8484654 0.7232441 0.8485479 0.7431471 0.9157854 0.7389763 0.9541173 0.7389965 0.9157848 0.7431878 0.8391195 0.7442048 0.8774527 0.7431671 0.8774526 0.7441533 0.9732844 0.7431058 0.9924507 0.7431163 0.9732843 0.7442253 0.8391197 0.7452421 0.8774529 0.7442048 0.8774527 0.7451912 0.9732846 0.7441437 0.9924507 0.7441533 0.9732844 0.7441847 0.9157854 0.7431265 0.9541178 0.7431471 0.9157854 0.7452214 0.9157853 0.7441637 0.954118 0.7441847 0.9157854 0.7441943 0.8966184 0.7431471 0.9157854 0.7431571 0.8966192 0.7452322 0.8966186 0.7441847 0.9157854 0.7441943 0.8966184 0.746259 0.9157857 0.7452015 0.954118 0.7452214 0.9157853 0.7462694 0.8966187 0.7452214 0.9157853 0.7452322 0.8966186 0.7452625 0.8391197 0.7462791 0.877453 0.7452421 0.8774529 0.7462998 0.8391199 0.7473171 0.8774531 0.7462791 0.877453 0.7462694 0.8966187 0.7472965 0.9157862 0.746259 0.9157857 0.7473066 0.8966196 0.748334 0.9157859 0.7472965 0.9157862 0.7473375 0.83912 0.7483539 0.8774533 0.7473171 0.8774531 0.7462279 0.9732847 0.7472558 0.9924511 0.7462182 0.992451 0.7472659 0.9732848 0.7482926 0.9924513 0.7472558 0.9924511 0.7483742 0.8391202 0.7493916 0.8774534 0.7483539 0.8774533 0.7483032 0.973285 0.7493305 0.9924514 0.7482926 0.9924513 0.748334 0.9157859 0.7472761 0.9541183 0.7472965 0.9157862 0.7493712 0.9157861 0.7483135 0.9541188 0.748334 0.9157859 0.750378 0.9732853 0.7493305 0.9924514 0.7493404 0.9732851 0.7504084 0.9157862 0.7493507 0.9541189 0.7493712 0.9157861 0.7504188 0.89662 0.7493712 0.9157861 0.7493817 0.8966199 0.7493817 0.8966199 0.748334 0.9157859 0.7483439 0.8966198 0.7514562 0.8966202 0.7504084 0.9157862 0.7504188 0.89662 0.7514463 0.9157867 0.7503882 0.954119 0.7504084 0.9157862 0.7555952 0.9157872 0.7597248 0.9541202 0.7555752 0.9541197 0.7504494 0.8391204 0.7514665 0.8774536 0.7504289 0.8774535 0.7514151 0.9732853 0.7503675 0.9924516 0.750378 0.9732853 0.7494121 0.8391203 0.7504289 0.8774535 0.7493916 0.8774534 0.7472965 0.9157862 0.7462386 0.9541182 0.746259 0.9157857 0.7451912 0.9732846 0.7462182 0.992451 0.7451809 0.9924508 0.7462386 0.9541182 0.7451912 0.9732846 0.7452015 0.954118 0.7503882 0.954119 0.7514151 0.9732853 0.750378 0.9732853 0.7555952 0.9157872 0.7514258 0.9541192 0.7514463 0.9157867 0.7504289 0.8774535 0.7514562 0.8966202 0.7504188 0.89662 0.7493916 0.8774534 0.7483439 0.8966198 0.7483539 0.8774533 0.7493916 0.8774534 0.7504188 0.89662 0.7493817 0.8966199 0.7493507 0.9541189 0.750378 0.9732853 0.7493404 0.9732851 0.7483135 0.9541188 0.7493404 0.9732851 0.7483032 0.973285 0.7483135 0.9541188 0.7472659 0.9732848 0.7472761 0.9541183 0.7472761 0.9541183 0.7462279 0.9732847 0.7462386 0.9541182 0.7483539 0.8774533 0.7473066 0.8966196 0.7473171 0.8774531 0.7473171 0.8774531 0.7462694 0.8966187 0.7462791 0.877453 0.7452421 0.8774529 0.7462694 0.8966187 0.7452322 0.8966186 0.7442048 0.8774527 0.7452322 0.8966186 0.7441943 0.8966184 0.7431671 0.8774526 0.7441943 0.8966184 0.7431571 0.8966192 0.7441637 0.954118 0.7451912 0.9732846 0.7441533 0.9732844 0.7431265 0.9541178 0.7441533 0.9732844 0.7431163 0.9732843 0.7389965 0.9157848 0.734826 0.9541164 0.7348463 0.915784 0.9202294 0.07030314 0.9107439 0.07975167 0.9107813 0.0697456 0.9107439 0.07975167 0.9013334 0.06918805 0.9107813 0.0697456 0.9012959 0.07919412 0.8918855 0.06863081 0.9013334 0.06918805 0.8918855 0.06863081 0.8824 0.07807958 0.8824375 0.06807333 0.9013334 0.06918805 0.8919228 0.05862355 0.9013708 0.05918079 0.9012959 0.07919412 0.8918106 0.08864265 0.891848 0.07863682 0.7431471 0.9157854 0.7389763 0.9541173 0.7389965 0.9157848 0.7442253 0.8391197 0.7431671 0.8774526 0.7431878 0.8391195 0.7441533 0.9732844 0.7431058 0.9924507 0.7431163 0.9732843 0.7442253 0.8391197 0.7452421 0.8774529 0.7442048 0.8774527 0.7451912 0.9732846 0.7441437 0.9924507 0.7441533 0.9732844 0.7431471 0.9157854 0.7441637 0.954118 0.7431265 0.9541178 0.7452214 0.9157853 0.7441637 0.954118 0.7441847 0.9157854 0.7431571 0.8966192 0.7441847 0.9157854 0.7431471 0.9157854 0.7452322 0.8966186 0.7441847 0.9157854 0.7441943 0.8966184 0.746259 0.9157857 0.7452015 0.954118 0.7452214 0.9157853 0.7462694 0.8966187 0.7452214 0.9157853 0.7452322 0.8966186 0.7452625 0.8391197 0.7462791 0.877453 0.7452421 0.8774529 0.7462998 0.8391199 0.7473171 0.8774531 0.7462791 0.877453 0.7462694 0.8966187 0.7472965 0.9157862 0.746259 0.9157857 0.7473066 0.8966196 0.748334 0.9157859 0.7472965 0.9157862 0.7473375 0.83912 0.7483539 0.8774533 0.7473171 0.8774531 0.7462279 0.9732847 0.7472558 0.9924511 0.7462182 0.992451 0.7472659 0.9732848 0.7482926 0.9924513 0.7472558 0.9924511 0.7494121 0.8391203 0.7483539 0.8774533 0.7483742 0.8391202 0.7493404 0.9732851 0.7482926 0.9924513 0.7483032 0.973285 0.748334 0.9157859 0.7472761 0.9541183 0.7472965 0.9157862 0.748334 0.9157859 0.7493507 0.9541189 0.7483135 0.9541188 0.750378 0.9732853 0.7493305 0.9924514 0.7493404 0.9732851 0.7504084 0.9157862 0.7493507 0.9541189 0.7493712 0.9157861 0.7504188 0.89662 0.7493712 0.9157861 0.7493817 0.8966199 0.7483439 0.8966198 0.7493712 0.9157861 0.748334 0.9157859 0.7514562 0.8966202 0.7504084 0.9157862 0.7504188 0.89662 0.7514463 0.9157867 0.7503882 0.954119 0.7504084 0.9157862 0.7555952 0.9157872 0.7597248 0.9541202 0.7555752 0.9541197 0.7504494 0.8391204 0.7514665 0.8774536 0.7504289 0.8774535 0.750378 0.9732853 0.7514052 0.9924516 0.7503675 0.9924516 0.7494121 0.8391203 0.7504289 0.8774535 0.7493916 0.8774534 0.7472965 0.9157862 0.7462386 0.9541182 0.746259 0.9157857 0.7451912 0.9732846 0.7462182 0.992451 0.7451809 0.9924508 0.7462386 0.9541182 0.7451912 0.9732846 0.7452015 0.954118 0.7503882 0.954119 0.7514151 0.9732853 0.750378 0.9732853 0.7514463 0.9157867 0.7555752 0.9541197 0.7514258 0.9541192 0.7504289 0.8774535 0.7514562 0.8966202 0.7504188 0.89662 0.7483539 0.8774533 0.7493817 0.8966199 0.7483439 0.8966198 0.7493916 0.8774534 0.7504188 0.89662 0.7493817 0.8966199 0.7503882 0.954119 0.7493404 0.9732851 0.7493507 0.9541189 0.7493507 0.9541189 0.7483032 0.973285 0.7483135 0.9541188 0.7483135 0.9541188 0.7472659 0.9732848 0.7472761 0.9541183 0.7472761 0.9541183 0.7462279 0.9732847 0.7462386 0.9541182 0.7473171 0.8774531 0.7483439 0.8966198 0.7473066 0.8966196 0.7473171 0.8774531 0.7462694 0.8966187 0.7462791 0.877453 0.7462791 0.877453 0.7452322 0.8966186 0.7452421 0.8774529 0.7442048 0.8774527 0.7452322 0.8966186 0.7441943 0.8966184 0.7442048 0.8774527 0.7431571 0.8966192 0.7431671 0.8774526 0.7441637 0.954118 0.7451912 0.9732846 0.7441533 0.9732844 0.7441637 0.954118 0.7431163 0.9732843 0.7431265 0.9541178 0.7389965 0.9157848 0.734826 0.9541164 0.7348463 0.915784 0.9202294 0.07030314 0.9107439 0.07975167 0.9107813 0.0697456 0.9107439 0.07975167 0.9013334 0.06918805 0.9107813 0.0697456 0.9012959 0.07919412 0.8918855 0.06863081 0.9013334 0.06918805 0.8918855 0.06863081 0.8824 0.07807958 0.8824375 0.06807333 0.9013334 0.06918805 0.8919228 0.05862355 0.9013708 0.05918079 0.9012959 0.07919412 0.8918106 0.08864265 0.891848 0.07863682 0.3284481 0.1753458 0.3245007 0.1614096 0.3079666 0.190562 0.2074248 0.4816825 0.2074248 0.2822428 0.1714776 0.2822428 0.2014727 0.2946447 0.2809424 0.2943181 0.2808984 0.2396045 0.2433721 0.4816824 0.2433721 0.2822428 0.2074248 0.2822428 0.04248934 0.2104675 0.04253333 0.3099244 0.122003 0.3093304 0.3296872 0.1865744 0.3114658 0.20754 0.3101683 0.2508689 0.3245007 0.1614096 0.3152506 0.1540445 0.3017258 0.185593 0.04253333 0.3099244 0.04257738 0.4093813 0.122047 0.4087873 0.3277641 0.2507965 0.3101683 0.2508689 0.3115355 0.2941867 0.2015168 0.3493583 0.2809864 0.3490316 0.2809424 0.2943181 0.195055 0.3698222 0.1821426 0.3698222 0.1821426 0.4414619 0.1692302 0.3698222 0.1682957 0.3698222 0.1682957 0.4414619 0.1219984 0.5205011 0.1220394 0.4743887 0.04256975 0.4751682 0.1220394 0.4743887 0.122047 0.4087873 0.04257738 0.4093813 0.1714776 0.4816825 0.1714776 0.2822428 0.1688759 0.2822428 0.2808033 0.2105335 0.2014052 0.2108599 0.2013977 0.2253956 0.2808675 0.2250689 0.2013977 0.2253956 0.2014287 0.2399312 0.2433721 0.2822428 0.2433721 0.4816824 0.2459738 0.4816825 0.1218636 0.09793072 0.04246592 0.09875416 0.04245835 0.1448662 0.1219279 0.1440868 0.04245835 0.1448662 0.04248934 0.2104675 0.195055 0.4414618 0.1959896 0.4414619 0.1959895 0.3698222 0.280938 0.3781032 0.2809788 0.3635673 0.2015093 0.3638939 0.2809788 0.3635673 0.2809864 0.3490316 0.2015168 0.3493583 0.1821426 0.3698222 0.1692302 0.3698222 0.1692302 0.4414619 0.3187934 0.359764 0.3125607 0.3647843 0.3263316 0.4095868 0.3214415 0.3503398 0.3187934 0.359764 0.3377602 0.4044511 0.3222653 0.3427574 0.3214415 0.3503398 0.3403794 0.3904476 0.2500224 0.2394151 0.2562556 0.2343947 0.242484 0.1895922 0.2473738 0.2488396 0.2500224 0.2394151 0.2310554 0.1947278 0.2465501 0.2564222 0.2473738 0.2488396 0.2284362 0.2087314 0.3186964 0.2391327 0.3375764 0.1943253 0.3261692 0.1892169 0.3213597 0.248535 0.34022 0.2083091 0.3375764 0.1943253 0.3221957 0.2561107 0.3411999 0.2274212 0.34022 0.2083091 0.2501194 0.3600462 0.2312392 0.4048537 0.2426463 0.4099621 0.2474557 0.3506436 0.2285956 0.3908699 0.2312392 0.4048537 0.2466197 0.3430678 0.2276157 0.3717579 0.2285956 0.3908699 0.3125607 0.3647843 0.2844604 0.364602 0.2844889 0.4097745 0.3222653 0.3427574 0.3413258 0.3713282 0.3412628 0.2993747 0.3221957 0.2561107 0.3222122 0.2994395 0.3412628 0.2993747 0.3124557 0.2341637 0.3261692 0.1892169 0.2843266 0.1894046 0.2563606 0.3650153 0.2426463 0.4099621 0.2844889 0.4097745 0.2466197 0.3430678 0.2466032 0.2997395 0.2275528 0.2998043 0.2562556 0.2343947 0.2843559 0.2345771 0.2843266 0.1894046 0.2465501 0.2564222 0.2274898 0.2278508 0.2275528 0.2998043 0.7250209 0.9457658 0.7266854 0.9578261 0.7342593 0.9732943 0.769578 0.8475485 0.7472993 0.8966577 0.7693457 0.8969455 0.7693153 0.9462667 0.7472993 0.8966577 0.7600291 0.9736789 0.7345694 0.8196371 0.7252835 0.8470472 0.7472993 0.8966577 0.3246443 0.3402096 0.3080635 0.3111933 0.3018308 0.3162137 0.3152506 0.1540445 0.273601 0.1546573 0.273626 0.1860064 0.3296872 0.1865744 0.3284481 0.1753458 0.3106299 0.1999644 0.3285695 0.326241 0.3107117 0.3017691 0.3080635 0.3111933 0.273756 0.3473804 0.2737306 0.3160313 0.2456308 0.3164446 0.2321064 0.3479931 0.2456308 0.3164446 0.2393895 0.3114755 0.3297905 0.3150023 0.3115355 0.2941867 0.3107117 0.3017691 0.2195916 0.2512412 0.2176684 0.3154626 0.2358899 0.2944972 0.2228556 0.3406279 0.2393895 0.3114755 0.2367258 0.302073 0.2319508 0.154387 0.2227119 0.1618282 0.2392926 0.1908444 0.273601 0.1546573 0.2319508 0.154387 0.2455258 0.185824 0.2189075 0.3266913 0.2367258 0.302073 0.2358899 0.2944972 0.2227119 0.1618282 0.2187861 0.1757972 0.236644 0.2002689 0.2195916 0.2512412 0.2371874 0.2511689 0.2358202 0.2078515 0.3154063 0.3476508 0.3018308 0.3162137 0.2737306 0.3160313 0.2187861 0.1757972 0.2175652 0.187036 0.2358202 0.2078515 0.4224084 0.9893609 0.4423834 0.9890343 0.4423495 0.6238049 0.451283 0.799202 0.386837 0.799202 0.386837 0.8487812 0.6657024 0.6241316 0.6012403 0.6241505 0.6012418 0.9893798 0.4512872 0.9891951 0.4512873 0.6239657 0.3868308 0.6239846 0.3920859 0.8487812 0.6704337 0.8487812 0.6704337 0.799202 0.5648676 0.9890097 0.5642524 0.6237804 0.5045524 0.6238213 0.5045539 0.6242949 0.4443439 0.6243357 0.4449598 0.989565 0.5638695 0.8487812 0.5638695 0.799202 0.4475923 0.799202 0.6704337 0.799202 0.3857555 0.799202 0.3857555 0.8487812 0.3859394 0.6244582 0.3859197 0.9896876 0.6703329 0.9896059 0.670756 0.988969 0.3859301 0.9888873 0.3859498 0.623658 0.5878208 0.8487812 0.5878208 0.799202 0.5545436 0.799202 0.5046589 0.6243357 0.4553861 0.6243765 0.4556383 0.9896059 0.5538257 0.988969 0.5535737 0.6237396 0.5045532 0.6237804 0.6656401 0.9890506 0.665638 0.6238213 0.3868453 0.6239029 0.3868479 0.6242132 0.665638 0.6242949 0.6656402 0.9895243 0.6656579 0.8487812 0.6656579 0.799202 0.3868494 0.799202 0.4423854 0.6244582 0.4224103 0.624785 0.4224442 0.9900144 0.6704337 0.799202 0.3857555 0.799202 0.3857555 0.8487812 0.3859394 0.6244582 0.3859197 0.9896876 0.6703329 0.9896059 0.670756 0.988969 0.3859301 0.9888873 0.3859498 0.623658 0.4423854 0.6244582 0.4224103 0.624785 0.4224442 0.9900144 0.6704337 0.799202 0.3857555 0.799202 0.3857555 0.8487812 0.3859394 0.6244582 0.3859197 0.9896876 0.6703329 0.9896059 0.670756 0.988969 0.3859301 0.9888873 0.3859498 0.623658 0.4423854 0.6244582 0.4224103 0.624785 0.4224442 0.9900144 0.6704337 0.799202 0.3857555 0.799202 0.3857555 0.8487812 0.3859394 0.6244582 0.3859197 0.9896876 0.6703329 0.9896059 0.670756 0.988969 0.3859301 0.9888873 0.3859498 0.623658 0.4423854 0.6244582 0.4224103 0.624785 0.4224442 0.9900144 0.6704337 0.799202 0.3857555 0.799202 0.3857555 0.8487812 0.3859394 0.6244582 0.3859197 0.9896876 0.6703329 0.9896059 0.670756 0.988969 0.3859301 0.9888873 0.3859498 0.623658 0.5263893 0.9891932 0.5263893 0.6239638 0.4512873 0.6239657 0.6012403 0.6241505 0.5261338 0.6241524 0.5261338 0.9893816 0.5263893 0.799202 0.451283 0.799202 0.451283 0.8487812 0.5265696 0.8487812 0.5265696 0.799202 0.4577271 0.799202 0.5947945 0.6241524 0.5259499 0.6241565 0.5259499 0.9893858 0.5265695 0.989189 0.5265695 0.6239597 0.4577324 0.6239638 0.6656772 0.9891323 0.6656751 0.6239029 0.4719278 0.6239597 0.5805979 0.6241565 0.3868339 0.6242132 0.3868331 0.9894426 0.665636 0.8487812 0.665636 0.799202 0.4719202 0.799202 0.4423854 0.6244582 0.4224103 0.624785 0.4224442 0.9900144 0 0 0 0 0 0 0.6666464 0.9896876 0.6666662 0.6244582 0.3859394 0.6244582 0.6678463 0.9888873 0.3859301 0.9888873 0.3859498 0.623658 0.1061823 0.4868424 0.1261235 0.1212864 0.1261574 0.4865158 0.3702492 0.3462627 0.005843222 0.2966834 0.3702492 0.2966834 0.1522199 0.172064 0.2245398 0.4362444 0.152296 0.4360582 0.0314483 0.3624106 0.3676896 0.4362444 0.03144997 0.4365318 0.1061843 0.1222665 0.1261932 0.487169 0.1062182 0.4874959 0.2245381 0.4357709 0.2516435 0.1211394 0.251806 0.4863688 0.0314483 0.4360582 0.3499948 0.4863688 0.004265844 0.4866955 0.1522199 0.172064 0.1251136 0.4866955 0.1249512 0.1214661 0.03137218 0.172064 0.3498322 0.1211394 0.3226507 0.1717767 0.1522977 0.4365318 0.1249534 0.1219397 0.1522214 0.1725376 0.03137367 0.1725376 0.3498345 0.1216131 0.3226523 0.1722504 0.03144997 0.4365318 0.3499973 0.4868424 0.004268467 0.487169 0.2244635 0.1722504 0.2518085 0.4868424 0.2245398 0.4362444 0.1522977 0.4365318 0.224462 0.1717767 0.2245381 0.4357709 0.1499687 0.2673973 0.1927533 0.3072694 0.1338755 0.3074548 0.2353748 0.2675952 0.1927613 0.3078069 0.2063248 0.2677494 0.2353381 0.1404005 0.1924988 0.1005284 0.2514156 0.1003431 0.149932 0.1402025 0.1924913 0.09999078 0.178982 0.1400483 0.1791094 0.2672431 0.1924913 0.09999078 0.1927533 0.3072694 0.149932 0.1402025 0.1338755 0.3074548 0.1338001 0.1001762 0.2353381 0.1404005 0.2514911 0.3076215 0.2353748 0.2675952 0.2063248 0.2677494 0.1924988 0.1005284 0.2061971 0.1405547 0.1498973 0.4760211 0.1927576 0.514548 0.1339509 0.5147333 0.2355666 0.4762179 0.19276 0.5150855 0.2060775 0.4763733 0.2060775 0.4763733 0.1927613 0.3078069 0.2059471 0.3464891 0.1797754 0.4758659 0.1927533 0.3072694 0.1927576 0.514548 0.1498599 0.3461369 0.1927533 0.3072694 0.1796452 0.3459817 0.2355291 0.3463338 0.1927613 0.3078069 0.2514911 0.3076215 0.1498599 0.3461369 0.1339509 0.5147333 0.1338755 0.3074548 0.2355291 0.3463338 0.2515667 0.5149 0.2355666 0.4762179 0.1804918 0.4784851 0.1339533 0.5152708 0.1496962 0.478642 0.2053654 0.4779191 0.2515643 0.5143625 0.1927576 0.514548 0.1803571 0.3444358 0.19276 0.5150855 0.1804918 0.4784851 0.2052311 0.3438698 0.1927576 0.514548 0.1927533 0.3072694 0.1496962 0.478642 0.1338778 0.3079923 0.1496575 0.3445927 0.2357689 0.4777621 0.2514889 0.307084 0.2515643 0.5143625 0.1803571 0.3444358 0.1338778 0.3079923 0.1927613 0.3078069 0.2052311 0.3438698 0.2514889 0.307084 0.2357303 0.3437129 0.149932 0.1402025 0.2353748 0.2675952 0.1499687 0.2673973 0.1791094 0.3754496 0.2089279 0.2675952 0.2063248 0.375956 0.2063248 0.375956 0.178982 0.1400483 0.1791094 0.3754496 0.1796452 0.3459817 0.2060775 0.4763733 0.2059471 0.3464891 0.1498599 0.3461369 0.2355666 0.4762179 0.1498973 0.4760211 0.1797754 0.4758659 0.2067151 0.2854809 0.2060775 0.4763733 0.1804918 0.4784851 0.2052311 0.3438698 0.1803571 0.3444358 0.1804918 0.3666106 0.2061818 0.4777621 0.2053654 0.3660445 0.2357303 0.3437129 0.1792834 0.478642 0.1496575 0.3445927 0.2514889 0.307084 0.1927613 0.4435236 0.2522752 0.443709 0.1924913 0.09999078 0.241469 0.3078069 0.1927533 0.3072694 0.1924913 0.09999078 0.239426 0.2488978 0.2412065 0.1005284 0.2073897 0.5152708 0.2514889 0.307084 0.2080635 0.3079923 0.2484937 0.3076215 0.1915001 0.1020102 0.1893274 0.3074548 0.2515667 0.5149 0.1893274 0.3074548 0.1879041 0.5147333 0.07795196 0.4899218 0.05794304 0.125019 0.07791811 0.1246923 0.2899436 0.3496687 0.02372646 0.3000894 0.2899436 0.3000894 0.09905177 0.1253456 0.1812986 0.4902483 0.09915727 0.490575 0.0991556 0.4901015 0.1811916 0.1245453 0.181297 0.4897748 0.07795393 0.1253456 0.05801278 0.4909018 0.05797892 0.1256724 0.05797696 0.4902483 0.07791811 0.1246923 0.07795196 0.4899218 0.2899436 0.3496687 0.02372646 0.3000894 0.2899436 0.3000894 0.1811932 0.125019 0.09915727 0.490575 0.09905177 0.1253456 0.181297 0.4897748 0.09905028 0.124872 0.1811916 0.1245453 0.05797892 0.1256724 0.07798784 0.490575 0.05801278 0.4909018 0.07795196 0.4899218 0.05794304 0.125019 0.07791811 0.1246923 0.2899436 0.3496687 0.02372646 0.3000894 0.2899436 0.3000894 0.09905177 0.1253456 0.1812986 0.4902483 0.09915727 0.490575 0.0991556 0.4901015 0.1811916 0.1245453 0.181297 0.4897748 0.07795393 0.1253456 0.05801278 0.4909018 0.05797892 0.1256724 0.05797696 0.4902483 0.07791811 0.1246923 0.07795196 0.4899218 0.2899436 0.3496687 0.02372646 0.3000894 0.2899436 0.3000894 0.1811932 0.125019 0.09915727 0.490575 0.09905177 0.1253456 0.181297 0.4897748 0.09905028 0.124872 0.1811916 0.1245453 0.05797892 0.1256724 0.07798784 0.490575 0.05801278 0.4909018 0.07795196 0.4899218 0.05794304 0.125019 0.07791811 0.1246923 0.2899436 0.3496687 0.02372646 0.3000894 0.2899436 0.3000894 0.09905177 0.1253456 0.1812986 0.4902483 0.09915727 0.490575 0.0991556 0.4901015 0.1811916 0.1245453 0.181297 0.4897748 0.07795393 0.1253456 0.05801278 0.4909018 0.05797892 0.1256724 0.05797696 0.4902483 0.07791811 0.1246923 0.07795196 0.4899218 0.2899436 0.3496687 0.02372646 0.3000894 0.2899436 0.3000894 0.1811932 0.125019 0.09915727 0.490575 0.09905177 0.1253456 0.181297 0.4897748 0.09905028 0.124872 0.1811916 0.1245453 0.05797892 0.1256724 0.07798784 0.490575 0.05801278 0.4909018 0.07795196 0.4899218 0.05794304 0.125019 0.07791811 0.1246923 0.2899436 0.3496687 0.02372646 0.3000894 0.2899436 0.3000894 0.09905177 0.1253456 0.1812986 0.4902483 0.09915727 0.490575 0.0991556 0.4901015 0.1811916 0.1245453 0.181297 0.4897748 0.07795393 0.1253456 0.05801278 0.4909018 0.05797892 0.1256724 0.05797696 0.4902483 0.07791811 0.1246923 0.07795196 0.4899218 0.2899436 0.3496687 0.02372646 0.3000894 0.2899436 0.3000894 0.1811932 0.125019 0.09915727 0.490575 0.09905177 0.1253456 0.181297 0.4897748 0.09905028 0.124872 0.1811916 0.1245453 0.05797892 0.1256724 0.07798784 0.490575 0.05801278 0.4909018 0.07795196 0.4899218 0.05794304 0.125019 0.07791811 0.1246923 0.2899436 0.3496687 0.02372646 0.3000894 0.2899436 0.3000894 0.09905177 0.1253456 0.1812986 0.4902483 0.09915727 0.490575 0.0991556 0.4901015 0.1811916 0.1245453 0.181297 0.4897748 0.07795393 0.1253456 0.05801278 0.4909018 0.05797892 0.1256724 0.05797696 0.4902483 0.07791811 0.1246923 0.07795196 0.4899218 0.2899436 0.3496687 0.02372646 0.3000894 0.2899436 0.3000894 0.1811932 0.125019 0.09915727 0.490575 0.09905177 0.1253456 0.181297 0.4897748 0.09905028 0.124872 0.1811916 0.1245453 0.05797892 0.1256724 0.07798784 0.490575 0.05801278 0.4909018 0.1499687 0.2673973 0.1338755 0.3074548 0.1927533 0.3072694 0.2353748 0.2675952 0.2063248 0.2677494 0.1927613 0.3078069 0.2353381 0.1404005 0.2514156 0.1003431 0.1924988 0.1005284 0.149932 0.1402025 0.178982 0.1400483 0.1924913 0.09999078 0.178982 0.1400483 0.1791094 0.2672431 0.1927533 0.3072694 0.1499687 0.2673973 0.149932 0.1402025 0.1338001 0.1001762 0.2353748 0.2675952 0.2514911 0.3076215 0.2514156 0.1003431 0.2061971 0.1405547 0.1924988 0.1005284 0.1927613 0.3078069 0.1498973 0.4760211 0.1339509 0.5147333 0.1927576 0.514548 0.2355666 0.4762179 0.2060775 0.4763733 0.19276 0.5150855 0.2059471 0.3464891 0.1927613 0.3078069 0.19276 0.5150855 0.1796452 0.3459817 0.1797754 0.4758659 0.1927576 0.514548 0.1498599 0.3461369 0.1796452 0.3459817 0.1927533 0.3072694 0.2355291 0.3463338 0.2514911 0.3076215 0.1927613 0.3078069 0.1498973 0.4760211 0.1498599 0.3461369 0.1338755 0.3074548 0.2355666 0.4762179 0.2515667 0.5149 0.2514911 0.3076215 0.1804918 0.4784851 0.1496962 0.478642 0.1339533 0.5152708 0.2053654 0.4779191 0.1927576 0.514548 0.2515643 0.5143625 0.1804918 0.4784851 0.19276 0.5150855 0.1927613 0.3078069 0.2053654 0.4779191 0.2052311 0.3438698 0.1927533 0.3072694 0.1496575 0.3445927 0.1338778 0.3079923 0.1339533 0.5152708 0.2357303 0.3437129 0.2357689 0.4777621 0.2515643 0.5143625 0.1803571 0.3444358 0.1927613 0.3078069 0.1338778 0.3079923 0.2052311 0.3438698 0.2357303 0.3437129 0.2514889 0.307084 0.149932 0.1402025 0.1499687 0.2673973 0.2353748 0.2675952 0.1764156 0.2673973 0.1791094 0.3754496 0.2063248 0.375956 0.2063248 0.375956 0.1791094 0.3754496 0.178982 0.1400483 0.1796452 0.3459817 0.2059471 0.3464891 0.2060775 0.4763733 0.1498599 0.3461369 0.1498973 0.4760211 0.2355666 0.4762179 0.1787489 0.2852841 0.1797754 0.4758659 0.2060775 0.4763733 0.1804918 0.4784851 0.1803571 0.3444358 0.2052311 0.3438698 0.1792834 0.478642 0.1804918 0.3666106 0.2053654 0.3660445 0.2357303 0.3437129 0.1496575 0.3445927 0.1792834 0.478642 0.2522752 0.443709 0.1927613 0.4435236 0.1927533 0.3072694 0.1924913 0.09999078 0.1927533 0.3072694 0.241469 0.3078069 0.2412065 0.1005284 0.239426 0.2488978 0.1915001 0.248731 0.2073897 0.5152708 0.2080635 0.3079923 0.2514889 0.307084 0.2484937 0.3076215 0.1893274 0.3074548 0.1915001 0.1020102 0.2515667 0.5149 0.1879041 0.5147333 0.1893274 0.3074548 0.07795196 0.4899218 0.05794304 0.125019 0.07791811 0.1246923 0.2899436 0.3496687 0.02372646 0.3000894 0.2899436 0.3000894 0.09905177 0.1253456 0.1812986 0.4902483 0.09915727 0.490575 0.0991556 0.4901015 0.1811916 0.1245453 0.181297 0.4897748 0.07795393 0.1253456 0.05801278 0.4909018 0.05797892 0.1256724 0.05797696 0.4902483 0.07791811 0.1246923 0.07795196 0.4899218 0.2899436 0.3496687 0.02372646 0.3000894 0.2899436 0.3000894 0.1811932 0.125019 0.09915727 0.490575 0.09905177 0.1253456 0.181297 0.4897748 0.09905028 0.124872 0.1811916 0.1245453 0.05797892 0.1256724 0.07798784 0.490575 0.05801278 0.4909018 0.4223785 0.9466286 0.4423495 0.9898673 0.4423535 0.9469552 0.4572688 0.764891 0.3881579 0.8144703 0.4572688 0.8144702 0.5998075 0.9465438 0.6476954 0.6243114 0.5999006 0.6242266 0.4634941 0.9467756 0.5112765 0.9897724 0.5112888 0.9468604 0 0 0 0 0 0 0.4224103 0.9888873 0.4423894 0.9463021 0.4224143 0.9459751 0.463587 0.6244583 0.5112888 0.9468604 0.5113818 0.6245431 0.5997951 0.9894559 0.6476023 0.9466286 0.5998075 0.9465438 0 0 0 0 0 0 0.4423894 0.765801 0.4224143 0.9459751 0.4224143 0.7654741 0.4224084 0.6243114 0.4423535 0.9469552 0.4423834 0.624638 0.5556092 0.6239847 0.4634956 0.946302 0.5556092 0.946302 0.4423894 0.7152169 0.4224143 0.9459751 0.4224143 0.71489 0.5556184 0.624785 0.6476008 0.9471023 0.6476937 0.624785 0.5555818 0.9466286 0.6476954 0.6243114 0.5555818 0.6243114 0.4423535 0.7342101 0.4223785 0.9466286 0.4223785 0.7338835 0.5555694 0.9467756 0.463587 0.6244583 0.4634941 0.9467756 0.4634832 0.9892141 0.5031065 0.9463723 0.4634956 0.946302 0.6080828 0.6247146 0.6476008 0.9471023 0.6476937 0.624785 0.6079899 0.947032 0.6475884 0.9900143 0.6476008 0.9471023 0.4634956 0.946302 0.5031995 0.624055 0.4635887 0.6239847 0.6543751 0.764891 0.5970981 0.8144703 0.6543751 0.8144703 0.503094 0.9892844 0.5998075 0.9465438 0.5031065 0.9463723 0.5112888 0.9468604 0.6079776 0.9899441 0.6079899 0.947032 0.597098 0.764891 0.4572688 0.8144702 0.5970981 0.8144703 0.4224143 0.9459751 0.4424193 0.6239847 0.4224442 0.6236579 0.398072 0.946302 0.4635887 0.6239847 0.4634956 0.946302 0 0 0 0 0 0 0.3978015 0.9471023 0.4633181 0.624785 0.3978945 0.624785 8.51164e-4 0.08464521 0.2561881 0.01424372 0.2562425 0.0846256 0.2568563 0.08654755 9.29676e-4 0.01444977 9.39868e-4 0.08654588 0.4414631 0.2359114 0.4411777 0.1842424 0.4610059 0.2100657 0.4609215 0.210415 0.4414336 0.2359002 0.4412392 0.1842687 8.51164e-4 0.08464521 0.2561881 0.01424372 0.2562425 0.0846256 0.2568563 0.08654755 9.29676e-4 0.01444977 9.39868e-4 0.08654588 0.4414631 0.2359114 0.4411777 0.1842424 0.4610059 0.2100657 0.4609215 0.210415 0.4414336 0.2359002 0.4412392 0.1842687 8.51164e-4 0.08464521 0.2561881 0.01424372 0.2562425 0.0846256 0.2568563 0.08654755 9.29676e-4 0.01444977 9.39868e-4 0.08654588 0.4414631 0.2359114 0.4411777 0.1842424 0.4610059 0.2100657 0.4609215 0.210415 0.4414336 0.2359002 0.4412392 0.1842687 8.51164e-4 0.08464521 0.2561881 0.01424372 0.2562425 0.0846256 0.2568563 0.08654755 9.29676e-4 0.01444977 9.39868e-4 0.08654588 0.4414631 0.2359114 0.4411777 0.1842424 0.4610059 0.2100657 0.4609215 0.210415 0.4414336 0.2359002 0.4412392 0.1842687 0.2074248 0.4816825 0.1714776 0.2822428 0.2074248 0.2822428 0.2014727 0.2946447 0.2808984 0.2396045 0.2809424 0.2943181 0.2433721 0.4816824 0.2074248 0.2822428 0.2433721 0.2822428 0.04248934 0.2405846 0.122003 0.2949714 0.04253333 0.2952982 0.1714776 0.4816825 0.1688759 0.2822428 0.1714776 0.2822428 0.2808033 0.2105335 0.2013977 0.2253956 0.2014052 0.2108599 0.2808675 0.2250689 0.2014287 0.2399312 0.2013977 0.2253956 0.2433721 0.2822428 0.2459738 0.4816825 0.2433721 0.4816824 0.1218636 0.2111868 0.04245835 0.226049 0.04246592 0.2115133 0.1219279 0.2257222 0.04248934 0.2405846 0.04245835 0.226049 0.3117607 0.1425188 0.3031092 0.1095959 0.3195874 0.1152369 0.2351223 0.1420089 0.2437387 0.1090615 0.2490484 0.1363379 0.3167682 0.154125 0.3195874 0.1152369 0.3302242 0.130678 0.2301294 0.1536301 0.2272695 0.1147325 0.2351223 0.1420089 0.318719 0.1698325 0.3302242 0.130678 0.3312187 0.1517822 0.2281948 0.1693471 0.2166576 0.1301956 0.2301294 0.1536301 0.3104021 0.1416506 0.3030396 0.1086471 0.3194864 0.114288 0.2364792 0.1430324 0.2438083 0.1100102 0.2486804 0.137261 0.3174211 0.154088 0.3194864 0.114288 0.3301057 0.1297293 0.2294781 0.1554924 0.2273705 0.1156811 0.2364792 0.1430324 0.3187532 0.1689279 0.3301057 0.1297293 0.3311002 0.1508333 0.2281607 0.1703401 0.216776 0.1311442 0.2294781 0.1554924 0.3187532 0.1689279 0.3311641 0.5222172 0.3181475 0.5238468 0.2281607 0.1703401 0.2158795 0.5236403 0.2158156 0.1522564 0.2981923 0.1359236 0.2733891 0.1088543 0.3030396 0.1086471 0.2486804 0.137261 0.2734587 0.1098031 0.273465 0.1372532 0.273465 0.1372532 0.3031092 0.1095959 0.297824 0.1368993 0.273406 0.1363044 0.2437387 0.1090615 0.2733891 0.1088543 0.2281948 0.1693471 0.2157611 0.5226916 0.2156971 0.1513078 0.318719 0.1698325 0.3312827 0.523166 0.3182886 0.5247936 0.228863 0.5252498 0.3187532 0.1689279 0.3181475 0.5238468 0.2281948 0.1693471 0.3182886 0.5247936 0.2287221 0.5243 0.3187532 0.1689279 0.2294781 0.1554924 0.3174211 0.154088 0.318719 0.1698325 0.2301294 0.1536301 0.3167682 0.154125 0.3452785 0.4376959 0.03526175 0.5173825 0.3442568 0.5173339 0.3079709 0.1631517 0.3064034 0.1498138 0.3064034 0.1498138 0.02334022 0.9134339 0.2809596 0.5344937 0.02141731 0.5343648 0.02333241 0.4376919 0.3558011 0.5172732 0.3562045 0.4376712 0.3558011 0.5172732 0.3775141 0.4400273 0.3562045 0.4376712 0.002044498 0.5175056 0.03426927 0.4377622 0.002044141 0.4401245 0.02333241 0.9133865 0.002021312 0.5482199 0.002022802 0.9157465 0.3003243 0.9157465 0.2729602 0.5346345 0.2681012 0.9133905 0.02334022 0.9134339 0.002028703 0.5479385 0.002030193 0.915795 0.3003751 0.5479385 0.2681528 0.913438 0.300378 0.915795 0.02937579 0.5345116 0.002016305 0.9157705 0.03423917 0.9134093 0.3003482 0.5480776 0.2790412 0.9134133 0.3003512 0.9157704 0.2681528 0.913438 0.02940553 0.5342242 0.03426927 0.9134568 0.3108739 0.4770805 0.3062295 0.5076862 0.3045785 0.4874339 0.3108739 0.4770805 0.319501 0.4584447 0.3156138 0.4932636 0.1049186 0.4874339 0.09388405 0.4932636 0.09862369 0.4770816 0.09593015 0.4533164 0.09388405 0.4932636 0.08999693 0.4584445 0.3045793 0.1241972 0.3156139 0.1183674 0.3108743 0.1345494 0.3135678 0.1583145 0.3156139 0.1183674 0.319501 0.1531865 0.09862399 0.1345504 0.08999693 0.1531863 0.09388405 0.1183673 0.09862399 0.1345504 0.1032685 0.1039448 0.1049194 0.1241972 0.3135677 0.4533132 0.319501 0.1531865 0.319501 0.4584447 0.3045785 0.4874339 0.1032685 0.5076861 0.1049186 0.4874339 0.1049194 0.1241972 0.3062295 0.1039448 0.3045793 0.1241972 0.09593021 0.1583177 0.08999693 0.4584445 0.08999693 0.1531863 0.1064752 0.4683299 0.1030945 0.4618172 0.1064752 0.4683299 0.3030211 0.4355328 0.1064752 0.5176374 0.3030211 0.5176373 0.1030952 0.1498159 0.1015271 0.1631581 0.1015271 0.1631581 0.1030945 0.4618172 0.101527 0.4484792 0.1030945 0.4618172 0.3030227 0.5172274 0.1064769 0.4351228 0.1064769 0.5172274 0.3064028 0.4618151 0.3030211 0.4683299 0.3064028 0.4618151 0.1064769 0.1433012 0.1030952 0.1498159 0.1030952 0.1498159 0.3064034 0.1498138 0.3030227 0.1433013 0.3030227 0.1433013 0.2085393 0.5174077 0.1067872 0.4346795 0.1067988 0.5174314 0.3079708 0.4484728 0.3064028 0.4618151 0.3079708 0.4484728 0.208542 0.4340623 0.106813 0.5176876 0.2085536 0.5176643 0.1015271 0.1631581 0.09593015 0.4533164 0.09593021 0.1583177 0.1064769 0.1433012 0.3045793 0.1241972 0.3030227 0.1433013 0.3030211 0.4683299 0.1049186 0.4874339 0.1064752 0.4683299 0.3079708 0.4484728 0.3135678 0.1583145 0.3135677 0.4533132 0.1030952 0.1498159 0.1049194 0.1241972 0.1064769 0.1433012 0.1030952 0.1498159 0.09593021 0.1583177 0.09862399 0.1345504 0.3079709 0.1631517 0.3108743 0.1345494 0.3135678 0.1583145 0.3030227 0.1433013 0.3108743 0.1345494 0.3064034 0.1498138 0.101527 0.4484792 0.09862369 0.4770816 0.09593015 0.4533164 0.1064752 0.4683299 0.09862369 0.4770816 0.1030945 0.4618172 0.3064028 0.4618151 0.3135677 0.4533132 0.3108739 0.4770805 0.3064028 0.4618151 0.3045785 0.4874339 0.3030211 0.4683299 0.3443083 0.5174518 0.03426927 0.4377622 0.03529191 0.5175004 0.3775284 0.4400758 0.3558151 0.5173911 0.377529 0.5173877 0.03423917 0.4377147 0.002016603 0.5173877 0.03526175 0.5173825 0.3775553 0.4401004 0.3443083 0.5174518 0.3775559 0.5174466 0.02374452 0.5174432 0.002030193 0.4401004 0.002030551 0.5174466 0.3775021 0.5173287 0.3452785 0.4376959 0.3442568 0.5173339 0.02373671 0.5173254 0.002022802 0.4400519 0.0020231 0.5173287 0.002044141 0.9158191 0.02940553 0.5342242 0.002042651 0.5477964 0.2790273 0.9133658 0.3003339 0.548359 0.2809456 0.5347812 0.02140957 0.5346524 0.2790273 0.9133658 0.2809456 0.5347812 0.02374452 0.5174432 0.3562185 0.4377187 0.02334022 0.4377393 0.2729602 0.5346345 0.03423917 0.9134093 0.2681012 0.9133905 0.3452785 0.4376959 0.03526175 0.5173825 0.3442568 0.5173339 0.3079709 0.1631517 0.3064034 0.1498138 0.3064034 0.1498138 0.02266126 0.7795873 0.2809596 0.5344937 0.02141731 0.5343648 0.02333241 0.4376919 0.3558011 0.5172732 0.3562045 0.4376712 0.3558011 0.5172732 0.3775141 0.4400273 0.3562045 0.4376712 0.002044498 0.5175056 0.03426927 0.4377622 0.002044141 0.4401245 0.02265346 0.7796582 0.002021312 0.5482199 0.002022266 0.7859755 0.3003233 0.7859755 0.2729602 0.5346345 0.2698169 0.7796545 0.02266126 0.7795873 0.002028703 0.5479385 0.002029716 0.7859075 0.3003751 0.5479385 0.2698685 0.7795836 0.300377 0.7859075 0.02937579 0.5345116 0.002015769 0.7859408 0.03252196 0.7796233 0.3003482 0.5480776 0.2797186 0.7796195 0.3003501 0.7859408 0.2698685 0.7795836 0.02940553 0.5342242 0.03255188 0.7795525 0.3108739 0.4770805 0.3062295 0.5076862 0.3045785 0.4874339 0.3108739 0.4770805 0.319501 0.4584447 0.3156138 0.4932636 0.1049186 0.4874339 0.09388405 0.4932636 0.09862369 0.4770816 0.09593015 0.4533164 0.09388405 0.4932636 0.08999693 0.4584445 0.3045793 0.1241972 0.3156139 0.1183674 0.3108743 0.1345494 0.3135678 0.1583145 0.3156139 0.1183674 0.319501 0.1531865 0.09862399 0.1345504 0.08999693 0.1531863 0.09388405 0.1183673 0.09862399 0.1345504 0.1032685 0.1039448 0.1049194 0.1241972 0.3135677 0.4533132 0.319501 0.1531865 0.319501 0.4584447 0.3045785 0.4874339 0.1032685 0.5076861 0.1049186 0.4874339 0.1049194 0.1241972 0.3062295 0.1039448 0.3045793 0.1241972 0.09593021 0.1583177 0.08999693 0.4584445 0.08999693 0.1531863 0.1064752 0.4683299 0.1030945 0.4618172 0.1064752 0.4683299 0.3030211 0.4355328 0.1064752 0.5176374 0.3030211 0.5176373 0.1030952 0.1498159 0.1015271 0.1631581 0.1015271 0.1631581 0.101527 0.4484792 0.1030945 0.4618172 0.1030945 0.4618172 0.3030227 0.5172274 0.1064769 0.4351228 0.1064769 0.5172274 0.3064028 0.4618151 0.3030211 0.4683299 0.3064028 0.4618151 0.1064769 0.1433012 0.1030952 0.1498159 0.1030952 0.1498159 0.3064034 0.1498138 0.3030227 0.1433013 0.3030227 0.1433013 0.2085393 0.5174077 0.1067872 0.4346795 0.1067988 0.5174314 0.3079708 0.4484728 0.3064028 0.4618151 0.3079708 0.4484728 0.208542 0.4340623 0.106813 0.5176876 0.2085536 0.5176643 0.1015271 0.1631581 0.09593015 0.4533164 0.09593021 0.1583177 0.1064769 0.1433012 0.3045793 0.1241972 0.3030227 0.1433013 0.3030211 0.4683299 0.1049186 0.4874339 0.1064752 0.4683299 0.3079708 0.4484728 0.3135678 0.1583145 0.3135677 0.4533132 0.1030952 0.1498159 0.1049194 0.1241972 0.1064769 0.1433012 0.1030952 0.1498159 0.09593021 0.1583177 0.09862399 0.1345504 0.3079709 0.1631517 0.3108743 0.1345494 0.3135678 0.1583145 0.3030227 0.1433013 0.3108743 0.1345494 0.3064034 0.1498138 0.101527 0.4484792 0.09862369 0.4770816 0.09593015 0.4533164 0.1064752 0.4683299 0.09862369 0.4770816 0.1030945 0.4618172 0.3064028 0.4618151 0.3135677 0.4533132 0.3108739 0.4770805 0.3064028 0.4618151 0.3045785 0.4874339 0.3030211 0.4683299 0.3443083 0.5174518 0.03426927 0.4377622 0.03529191 0.5175004 0.3775284 0.4400758 0.3558151 0.5173911 0.377529 0.5173877 0.03423917 0.4377147 0.002016603 0.5173877 0.03526175 0.5173825 0.3775553 0.4401004 0.3443083 0.5174518 0.3775559 0.5174466 0.02374452 0.5174432 0.002030193 0.4401004 0.002030551 0.5174466 0.3775021 0.5173287 0.3452785 0.4376959 0.3442568 0.5173339 0.02373671 0.5173254 0.002022802 0.4400519 0.0020231 0.5173287 0.002044141 0.9158191 0.03255188 0.7795525 0.002043604 0.7858729 0.2797046 0.7796905 0.3003368 0.9157219 0.3003358 0.7860087 0.02265346 0.7796582 0.2790273 0.9133658 0.2797046 0.7796905 0.02374452 0.5174432 0.3562185 0.4377187 0.02334022 0.4377393 0.2698169 0.7796545 0.03423917 0.9134093 0.2681012 0.9133905 0.2729602 0.5346345 0.03252196 0.7796233 0.2698169 0.7796545 0.2127695 0.5347812 0.2797046 0.7796905 0.2125999 0.7796905 0.2809456 0.5347812 0.3003358 0.7860087 0.3003339 0.548359 0.002043604 0.7858729 0.02940553 0.5342242 0.002042651 0.5477964 0.2681528 0.913438 0.03255188 0.7795525 0.03426927 0.9134568 0.3003501 0.7859408 0.2790412 0.9134133 0.3003512 0.9157704 0.03252196 0.7796233 0.002016305 0.9157705 0.03423917 0.9134093 0.300377 0.7859075 0.2681528 0.913438 0.300378 0.915795 0.02334022 0.9134339 0.002029716 0.7859075 0.002030193 0.915795 0.3003243 0.9157465 0.2698169 0.7796545 0.2681012 0.9133905 0.02333241 0.9133865 0.002022266 0.7859755 0.002022802 0.9157465 0.02334022 0.9134339 0.2797186 0.7796195 0.02266126 0.7795873 0.3771104 0.08639609 0.3451023 0.007723093 0.344977 0.08616775 0.1669328 0.7796582 0.02140957 0.5346524 0.1667628 0.5346524 0.07836043 0.4777571 0.1857416 0.3852768 0.07836043 0.385294 8.51164e-4 0.08464521 0.2561881 0.01424372 0.2562425 0.0846256 0.2568563 0.08654755 9.29676e-4 0.01444977 9.39868e-4 0.08654588 7.51536e-4 0.08678334 0.2566559 0.01465141 7.50087e-4 0.01466196 0.4414631 0.2359114 0.4411777 0.1842424 0.4610059 0.2100657 0.4609215 0.210415 0.4414336 0.2359002 0.4412392 0.1842687 0.8763415 0.5503389 0.9374836 0.3339988 0.9374879 0.5502309 0.9374879 0.5502309 0.9986261 0.3338332 0.9986341 0.5501226 0.9374964 0.9933993 0.9986421 0.7664121 0.9986504 0.993409 0.8763425 0.9933897 0.937492 0.7664628 0.9374964 0.9933993 0.937492 0.7664628 0.9986341 0.5501226 0.9986421 0.7664121 0.8763419 0.7665135 0.9374879 0.5502309 0.937492 0.7664628 8.51164e-4 0.08464521 0.2561881 0.01424372 0.2562425 0.0846256 0.2568563 0.08654755 9.29676e-4 0.01444977 9.39868e-4 0.08654588 7.51536e-4 0.08678334 0.2566559 0.01465141 7.50087e-4 0.01466196 0.4414631 0.2359114 0.4411777 0.1842424 0.4610059 0.2100657 0.4609215 0.210415 0.4414336 0.2359002 0.4412392 0.1842687 8.51164e-4 0.08464521 0.2561881 0.01424372 0.2562425 0.0846256 0.2568563 0.08654755 9.29676e-4 0.01444977 9.39868e-4 0.08654588 7.51536e-4 0.08678334 0.2566559 0.01465141 7.50087e-4 0.01466196 0.4414631 0.2359114 0.4411777 0.1842424 0.4610059 0.2100657 0.4609215 0.210415 0.4414336 0.2359002 0.4412392 0.1842687 8.51164e-4 0.08464521 0.2561881 0.01424372 0.2562425 0.0846256 0.2568563 0.08654755 9.29676e-4 0.01444977 9.39868e-4 0.08654588 7.51536e-4 0.08678334 0.2566559 0.01465141 7.50087e-4 0.01466196 0.4414631 0.2359114 0.4411777 0.1842424 0.4610059 0.2100657 0.4609215 0.210415 0.4414336 0.2359002 0.4412392 0.1842687 8.51164e-4 0.08464521 0.2561881 0.01424372 0.2562425 0.0846256 0.2568563 0.08654755 9.29676e-4 0.01444977 9.39868e-4 0.08654588 7.51536e-4 0.08678334 0.2566559 0.01465141 7.50087e-4 0.01466196 0.4414631 0.2359114 0.4411777 0.1842424 0.4610059 0.2100657 0.4609215 0.210415 0.4414336 0.2359002 0.4412392 0.1842687 8.51164e-4 0.08464521 0.2561881 0.01424372 0.2562425 0.0846256 0.2568563 0.08654755 9.29676e-4 0.01444977 9.39868e-4 0.08654588 7.51536e-4 0.08678334 0.2566559 0.01465141 7.50087e-4 0.01466196 0.4414631 0.2359114 0.4411777 0.1842424 0.4610059 0.2100657 0.4609215 0.210415 0.4414336 0.2359002 0.4412392 0.1842687 0.8763415 0.5503389 0.9374836 0.3339988 0.9374879 0.5502309 0.9374879 0.5502309 0.9986261 0.3338332 0.9986341 0.5501226 0.9374964 0.9933993 0.9986421 0.7664121 0.9986504 0.993409 0.8763425 0.9933897 0.937492 0.7664628 0.9374964 0.9933993 0.937492 0.7664628 0.9986341 0.5501226 0.9986421 0.7664121 0.8763419 0.7665135 0.9374879 0.5502309 0.937492 0.7664628 0.8763415 0.5503389 0.9374836 0.3339988 0.9374879 0.5502309 0.9374879 0.5502309 0.9986261 0.3338332 0.9986341 0.5501226 0.9374964 0.9933993 0.9986421 0.7664121 0.9986504 0.993409 0.8763425 0.9933897 0.937492 0.7664628 0.9374964 0.9933993 0.937492 0.7664628 0.9986341 0.5501226 0.9986421 0.7664121 0.8763419 0.7665135 0.9374879 0.5502309 0.937492 0.7664628 0.8763415 0.5503389 0.9374836 0.3339988 0.9374879 0.5502309 0.9374879 0.5502309 0.9986261 0.3338332 0.9986341 0.5501226 0.9374964 0.9933993 0.9986421 0.7664121 0.9986504 0.993409 0.8763425 0.9933897 0.937492 0.7664628 0.9374964 0.9933993 0.937492 0.7664628 0.9986341 0.5501226 0.9986421 0.7664121 0.8763419 0.7665135 0.9374879 0.5502309 0.937492 0.7664628 0.8763415 0.5503389 0.9374836 0.3339988 0.9374879 0.5502309 0.9374879 0.5502309 0.9986261 0.3338332 0.9986341 0.5501226 0.9374964 0.9933993 0.9986421 0.7664121 0.9986504 0.993409 0.8763425 0.9933897 0.937492 0.7664628 0.9374964 0.9933993 0.937492 0.7664628 0.9986341 0.5501226 0.9986421 0.7664121 0.8763419 0.7665135 0.9374879 0.5502309 0.937492 0.7664628 0.8763415 0.5503389 0.9374836 0.3339988 0.9374879 0.5502309 0.9374879 0.5502309 0.9986261 0.3338332 0.9986341 0.5501226 0.9374964 0.9933993 0.9986421 0.7664121 0.9986504 0.993409 0.8763425 0.9933897 0.937492 0.7664628 0.9374964 0.9933993 0.937492 0.7664628 0.9986341 0.5501226 0.9986421 0.7664121 0.8763419 0.7665135 0.9374879 0.5502309 0.937492 0.7664628 0.8763415 0.5503389 0.9374836 0.3339988 0.9374879 0.5502309 0.9374879 0.5502309 0.9986261 0.3338332 0.9986341 0.5501226 0.9374964 0.9933993 0.9986421 0.7664121 0.9986504 0.993409 0.8763425 0.9933897 0.937492 0.7664628 0.9374964 0.9933993 0.937492 0.7664628 0.9986341 0.5501226 0.9986421 0.7664121 0.8763419 0.7665135 0.9374879 0.5502309 0.937492 0.7664628 0.8763415 0.5503389 0.9374836 0.3339988 0.9374879 0.5502309 0.9374879 0.5502309 0.9986261 0.3338332 0.9986341 0.5501226 0.9374964 0.9933993 0.9986421 0.7664121 0.9986504 0.993409 0.8763425 0.9933897 0.937492 0.7664628 0.9374964 0.9933993 0.937492 0.7664628 0.9986341 0.5501226 0.9986421 0.7664121 0.8763419 0.7665135 0.9374879 0.5502309 0.937492 0.7664628 0.8763415 0.5503389 0.9374836 0.3339988 0.9374879 0.5502309 0.9374879 0.5502309 0.9986261 0.3338332 0.9986341 0.5501226 0.9374964 0.9933993 0.9986421 0.7664121 0.9986504 0.993409 0.8763425 0.9933897 0.937492 0.7664628 0.9374964 0.9933993 0.937492 0.7664628 0.9986341 0.5501226 0.9986421 0.7664121 0.8763419 0.7665135 0.9374879 0.5502309 0.937492 0.7664628 0.8763415 0.5503389 0.9374836 0.3339988 0.9374879 0.5502309 0.9374879 0.5502309 0.9986261 0.3338332 0.9986341 0.5501226 0.9374964 0.9933993 0.9986421 0.7664121 0.9986504 0.993409 0.8763425 0.9933897 0.937492 0.7664628 0.9374964 0.9933993 0.937492 0.7664628 0.9986341 0.5501226 0.9986421 0.7664121 0.8763419 0.7665135 0.9374879 0.5502309 0.937492 0.7664628 0.8763415 0.5503389 0.9374836 0.3339988 0.9374879 0.5502309 0.9374879 0.5502309 0.9986261 0.3338332 0.9986341 0.5501226 0.9374964 0.9933993 0.9986421 0.7664121 0.9986504 0.993409 0.8763425 0.9933897 0.937492 0.7664628 0.9374964 0.9933993 0.937492 0.7664628 0.9986341 0.5501226 0.9986421 0.7664121 0.8763419 0.7665135 0.9374879 0.5502309 0.937492 0.7664628 0.8763415 0.5503389 0.9374836 0.3339988 0.9374879 0.5502309 0.9374879 0.5502309 0.9986261 0.3338332 0.9986341 0.5501226 0.9374964 0.9933993 0.9986421 0.7664121 0.9986504 0.993409 0.8763425 0.9933897 0.937492 0.7664628 0.9374964 0.9933993 0.937492 0.7664628 0.9986341 0.5501226 0.9986421 0.7664121 0.8763419 0.7665135 0.9374879 0.5502309 0.937492 0.7664628 0.8763415 0.5503389 0.9374836 0.3339988 0.9374879 0.5502309 0.9374879 0.5502309 0.9986261 0.3338332 0.9986341 0.5501226 0.9374964 0.9933993 0.9986421 0.7664121 0.9986504 0.993409 0.8763425 0.9933897 0.937492 0.7664628 0.9374964 0.9933993 0.937492 0.7664628 0.9986341 0.5501226 0.9986421 0.7664121 0.8763419 0.7665135 0.9374879 0.5502309 0.937492 0.7664628 0.8763415 0.5503389 0.9374836 0.3339988 0.9374879 0.5502309 0.9374879 0.5502309 0.9986261 0.3338332 0.9986341 0.5501226 0.9374964 0.9933993 0.9986421 0.7664121 0.9986504 0.993409 0.8763425 0.9933897 0.937492 0.7664628 0.9374964 0.9933993 0.937492 0.7664628 0.9986341 0.5501226 0.9986421 0.7664121 0.8763419 0.7665135 0.9374879 0.5502309 0.937492 0.7664628 0.8763415 0.5503389 0.9374836 0.3339988 0.9374879 0.5502309 0.9374879 0.5502309 0.9986261 0.3338332 0.9986341 0.5501226 0.9374964 0.9933993 0.9986421 0.7664121 0.9986504 0.993409 0.8763425 0.9933897 0.937492 0.7664628 0.9374964 0.9933993 0.937492 0.7664628 0.9986341 0.5501226 0.9986421 0.7664121 0.8763419 0.7665135 0.9374879 0.5502309 0.937492 0.7664628 0.8763415 0.5503389 0.9374836 0.3339988 0.9374879 0.5502309 0.9374879 0.5502309 0.9986261 0.3338332 0.9986341 0.5501226 0.9374964 0.9933993 0.9986421 0.7664121 0.9986504 0.993409 0.8763425 0.9933897 0.937492 0.7664628 0.9374964 0.9933993 0.937492 0.7664628 0.9986341 0.5501226 0.9986421 0.7664121 0.8763419 0.7665135 0.9374879 0.5502309 0.937492 0.7664628 0.8763415 0.5503389 0.9374836 0.3339988 0.9374879 0.5502309 0.9374879 0.5502309 0.9986261 0.3338332 0.9986341 0.5501226 0.9374964 0.9933993 0.9986421 0.7664121 0.9986504 0.993409 0.8763425 0.9933897 0.937492 0.7664628 0.9374964 0.9933993 0.937492 0.7664628 0.9986341 0.5501226 0.9986421 0.7664121 0.8763419 0.7665135 0.9374879 0.5502309 0.937492 0.7664628 0.8763415 0.5503389 0.9374836 0.3339988 0.9374879 0.5502309 0.9374879 0.5502309 0.9986261 0.3338332 0.9986341 0.5501226 0.9374964 0.9933993 0.9986421 0.7664121 0.9986504 0.993409 0.8763425 0.9933897 0.937492 0.7664628 0.9374964 0.9933993 0.937492 0.7664628 0.9986341 0.5501226 0.9986421 0.7664121 0.8763419 0.7665135 0.9374879 0.5502309 0.937492 0.7664628 0.8763415 0.5503389 0.9374836 0.3339988 0.9374879 0.5502309 0.9374879 0.5502309 0.9986261 0.3338332 0.9986341 0.5501226 0.9374964 0.9933993 0.9986421 0.7664121 0.9986504 0.993409 0.8763425 0.9933897 0.937492 0.7664628 0.9374964 0.9933993 0.937492 0.7664628 0.9986341 0.5501226 0.9986421 0.7664121 0.8763419 0.7665135 0.9374879 0.5502309 0.937492 0.7664628 0.8763415 0.5503389 0.9374836 0.3339988 0.9374879 0.5502309 0.9374879 0.5502309 0.9986261 0.3338332 0.9986341 0.5501226 0.9374964 0.9933993 0.9986421 0.7664121 0.9986504 0.993409 0.8763425 0.9933897 0.937492 0.7664628 0.9374964 0.9933993 0.937492 0.7664628 0.9986341 0.5501226 0.9986421 0.7664121 0.8763419 0.7665135 0.9374879 0.5502309 0.937492 0.7664628 0.8763415 0.5503389 0.9374836 0.3339988 0.9374879 0.5502309 0.9374879 0.5502309 0.9986261 0.3338332 0.9986341 0.5501226 0.9374964 0.9933993 0.9986421 0.7664121 0.9986504 0.993409 0.8763425 0.9933897 0.937492 0.7664628 0.9374964 0.9933993 0.937492 0.7664628 0.9986341 0.5501226 0.9986421 0.7664121 0.8763419 0.7665135 0.9374879 0.5502309 0.937492 0.7664628 8.51164e-4 0.08464521 0.2561881 0.01424372 0.2562425 0.0846256 9.39868e-4 0.08654588 0.2568532 0.01440376 9.29676e-4 0.01444977 7.50087e-4 0.01466196 0.2566313 0.08673894 0.2566559 0.01465141 0.4414631 0.2359114 0.4411777 0.1842424 0.4610059 0.2100657 0.4609215 0.210415 0.4414336 0.2359002 0.4412392 0.1842687 8.51164e-4 0.08464521 0.2561881 0.01424372 0.2562425 0.0846256 9.39868e-4 0.08654588 0.2568532 0.01440376 9.29676e-4 0.01444977 7.50087e-4 0.01466196 0.2566313 0.08673894 0.2566559 0.01465141 0.4414631 0.2359114 0.4411777 0.1842424 0.4610059 0.2100657 0.4609215 0.210415 0.4414336 0.2359002 0.4412392 0.1842687 8.51164e-4 0.08464521 0.2561881 0.01424372 0.2562425 0.0846256 0.2568563 0.08654755 9.29676e-4 0.01444977 9.39868e-4 0.08654588 7.51536e-4 0.08678334 0.2566559 0.01465141 7.50087e-4 0.01466196 0.4414631 0.2359114 0.4411777 0.1842424 0.4610059 0.2100657 0.4609215 0.210415 0.4414336 0.2359002 0.4412392 0.1842687 8.51164e-4 0.08464521 0.2561881 0.01424372 0.2562425 0.0846256 0.2568563 0.08654755 9.29676e-4 0.01444977 9.39868e-4 0.08654588 7.51536e-4 0.08678334 0.2566559 0.01465141 7.50087e-4 0.01466196 0.4414631 0.2359114 0.4411777 0.1842424 0.4610059 0.2100657 0.4609215 0.210415 0.4414336 0.2359002 0.4412392 0.1842687 0.2562425 0.0846256 8.46098e-4 0.01429241 0.2561881 0.01424372 9.39868e-4 0.08654588 0.2568532 0.01440376 9.29676e-4 0.01444977 0.4414631 0.2359114 0.4411777 0.1842424 0.4610059 0.2100657 0.4609215 0.210415 0.4414336 0.2359002 0.4412392 0.1842687 0.3284481 0.1753458 0.3079666 0.190562 0.3245007 0.1614096 0.2074248 0.4816825 0.1714776 0.2822428 0.2074248 0.2822428 0.2014727 0.2946447 0.2808984 0.2396045 0.2809424 0.2943181 0.2433721 0.4816824 0.2074248 0.2822428 0.2433721 0.2822428 0.04248934 0.2104675 0.122003 0.3093304 0.04253333 0.3099244 0.3296872 0.1865744 0.3101683 0.2508689 0.3114658 0.20754 0.3245007 0.1614096 0.3017258 0.185593 0.3152506 0.1540445 0.04253333 0.3099244 0.122047 0.4087873 0.04257738 0.4093813 0.3277641 0.2507965 0.3115355 0.2941867 0.3101683 0.2508689 0.2015168 0.3493583 0.2809424 0.2943181 0.2809864 0.3490316 0.195055 0.3698222 0.1821426 0.4414619 0.1821426 0.3698222 0.1692302 0.3698222 0.1682957 0.4414619 0.1682957 0.3698222 0.1219984 0.5205011 0.04256975 0.4751682 0.1220394 0.4743887 0.1220394 0.4743887 0.04257738 0.4093813 0.122047 0.4087873 0.1714776 0.4816825 0.1688759 0.2822428 0.1714776 0.2822428 0.2808033 0.2105335 0.2013977 0.2253956 0.2014052 0.2108599 0.2808675 0.2250689 0.2014287 0.2399312 0.2013977 0.2253956 0.2433721 0.2822428 0.2459738 0.4816825 0.2433721 0.4816824 0.1218636 0.09793072 0.04245835 0.1448662 0.04246592 0.09875416 0.1219279 0.1440868 0.04248934 0.2104675 0.04245835 0.1448662 0.195055 0.4414618 0.1959895 0.3698222 0.1959896 0.4414619 0.280938 0.3781032 0.2015093 0.3638939 0.2809788 0.3635673 0.2809788 0.3635673 0.2015168 0.3493583 0.2809864 0.3490316 0.1821426 0.3698222 0.1692302 0.4414619 0.1692302 0.3698222 0.3187934 0.359764 0.3263316 0.4095868 0.3125607 0.3647843 0.3214415 0.3503398 0.3377602 0.4044511 0.3187934 0.359764 0.3222653 0.3427574 0.3403794 0.3904476 0.3214415 0.3503398 0.2500224 0.2394151 0.242484 0.1895922 0.2562556 0.2343947 0.2473738 0.2488396 0.2310554 0.1947278 0.2500224 0.2394151 0.2465501 0.2564222 0.2284362 0.2087314 0.2473738 0.2488396 0.3186964 0.2391327 0.3261692 0.1892169 0.3375764 0.1943253 0.3213597 0.248535 0.3375764 0.1943253 0.34022 0.2083091 0.3221957 0.2561107 0.34022 0.2083091 0.3411999 0.2274212 0.2501194 0.3600462 0.2426463 0.4099621 0.2312392 0.4048537 0.2474557 0.3506436 0.2312392 0.4048537 0.2285956 0.3908699 0.2466197 0.3430678 0.2285956 0.3908699 0.2276157 0.3717579 0.3125607 0.3647843 0.2844889 0.4097745 0.2844604 0.364602 0.3222653 0.3427574 0.3412628 0.2993747 0.3413258 0.3713282 0.3221957 0.2561107 0.3412628 0.2993747 0.3222122 0.2994395 0.3124557 0.2341637 0.2843266 0.1894046 0.3261692 0.1892169 0.2563606 0.3650153 0.2844889 0.4097745 0.2426463 0.4099621 0.2466197 0.3430678 0.2275528 0.2998043 0.2466032 0.2997395 0.2562556 0.2343947 0.2843266 0.1894046 0.2843559 0.2345771 0.2465501 0.2564222 0.2275528 0.2998043 0.2274898 0.2278508 0.7250209 0.9457658 0.7342593 0.9732943 0.7266854 0.9578261 0.769578 0.8475485 0.7693457 0.8969455 0.7472993 0.8966577 0.7693153 0.9462667 0.7600291 0.9736789 0.7472993 0.8966577 0.7345694 0.8196371 0.7472993 0.8966577 0.7252835 0.8470472 0.3246443 0.3402096 0.3018308 0.3162137 0.3080635 0.3111933 0.3152506 0.1540445 0.273626 0.1860064 0.273601 0.1546573 0.3296872 0.1865744 0.3106299 0.1999644 0.3284481 0.1753458 0.3285695 0.326241 0.3080635 0.3111933 0.3107117 0.3017691 0.273756 0.3473804 0.2456308 0.3164446 0.2737306 0.3160313 0.2321064 0.3479931 0.2393895 0.3114755 0.2456308 0.3164446 0.3297905 0.3150023 0.3107117 0.3017691 0.3115355 0.2941867 0.2195916 0.2512412 0.2358899 0.2944972 0.2176684 0.3154626 0.2228556 0.3406279 0.2367258 0.302073 0.2393895 0.3114755 0.2319508 0.154387 0.2392926 0.1908444 0.2227119 0.1618282 0.273601 0.1546573 0.2455258 0.185824 0.2319508 0.154387 0.2189075 0.3266913 0.2358899 0.2944972 0.2367258 0.302073 0.2227119 0.1618282 0.236644 0.2002689 0.2187861 0.1757972 0.2175652 0.187036 0.2371874 0.2511689 0.2195916 0.2512412 0.3154063 0.3476508 0.2737306 0.3160313 0.3018308 0.3162137 0.2187861 0.1757972 0.2358202 0.2078515 0.2175652 0.187036 8.51164e-4 0.08464521 0.2561881 0.01424372 0.2562425 0.0846256 0.2568563 0.08654755 9.29676e-4 0.01444977 9.39868e-4 0.08654588 0.4414631 0.2359114 0.4411777 0.1842424 0.4610059 0.2100657 0.4609215 0.210415 0.4414336 0.2359002 0.4412392 0.1842687 0.2562425 0.0846256 8.46098e-4 0.01429241 0.2561881 0.01424372 0.2568563 0.08654755 9.29676e-4 0.01444977 9.39868e-4 0.08654588 7.51536e-4 0.08678334 0.2566559 0.01465141 7.50087e-4 0.01466196 0.4414631 0.2359114 0.4411777 0.1842424 0.4610059 0.2100657 0.4609215 0.210415 0.4414336 0.2359002 0.4412392 0.1842687 0.2562425 0.0846256 8.46098e-4 0.01429241 0.2561881 0.01424372 9.39868e-4 0.08654588 0.2568532 0.01440376 9.29676e-4 0.01444977 7.50087e-4 0.01466196 0.2566313 0.08673894 0.2566559 0.01465141 0.4414631 0.2359114 0.4411777 0.1842424 0.4610059 0.2100657 0.4609215 0.210415 0.4414336 0.2359002 0.4412392 0.1842687 8.51164e-4 0.08464521 0.2561881 0.01424372 0.2562425 0.0846256 9.39868e-4 0.08654588 0.2568532 0.01440376 9.29676e-4 0.01444977 7.50087e-4 0.01466196 0.2566313 0.08673894 0.2566559 0.01465141 0.4414631 0.2359114 0.4411777 0.1842424 0.4610059 0.2100657 0.4609215 0.210415 0.4414336 0.2359002 0.4412392 0.1842687 0.2562425 0.0846256 8.46098e-4 0.01429241 0.2561881 0.01424372 0.2568563 0.08654755 9.29676e-4 0.01444977 9.39868e-4 0.08654588 7.51536e-4 0.08678334 0.2566559 0.01465141 7.50087e-4 0.01466196 0.4414631 0.2359114 0.4411777 0.1842424 0.4610059 0.2100657 0.4609215 0.210415 0.4414336 0.2359002 0.4412392 0.1842687 8.51164e-4 0.08464521 0.2561881 0.01424372 0.2562425 0.0846256 9.39868e-4 0.08654588 0.2568532 0.01440376 9.29676e-4 0.01444977 7.50087e-4 0.01466196 0.2566313 0.08673894 0.2566559 0.01465141 0.4414631 0.2359114 0.4411777 0.1842424 0.4610059 0.2100657 0.4609215 0.210415 0.4414336 0.2359002 0.4412392 0.1842687 0.2562425 0.0846256 8.46098e-4 0.01429241 0.2561881 0.01424372 0.2568563 0.08654755 9.29676e-4 0.01444977 9.39868e-4 0.08654588 7.51536e-4 0.08678334 0.2566559 0.01465141 7.50087e-4 0.01466196 0.4414631 0.2359114 0.4411777 0.1842424 0.4610059 0.2100657 0.4609215 0.210415 0.4414336 0.2359002 0.4412392 0.1842687 0.3245007 0.1614096 0.3106299 0.1999644 0.3079666 0.190562 0.2074248 0.2822428 0.1714776 0.4816825 0.1714776 0.2822428 0.2809424 0.2943181 0.2014287 0.2399312 0.2808984 0.2396045 0.2433721 0.2822428 0.2074248 0.4816825 0.2074248 0.2822428 0.1219589 0.2098734 0.04253333 0.3099244 0.04248934 0.2104675 0.3277641 0.2507965 0.3114658 0.20754 0.3296872 0.1865744 0.3152506 0.1540445 0.3079666 0.190562 0.3017258 0.185593 0.122003 0.3093304 0.04257738 0.4093813 0.04253333 0.3099244 0.3297905 0.3150023 0.3101683 0.2508689 0.3277641 0.2507965 0.2809864 0.3490316 0.2014727 0.2946447 0.2809424 0.2943181 0.1821426 0.3698222 0.195055 0.4414618 0.1821426 0.4414619 0.1692302 0.4414619 0.1682957 0.3698222 0.1692302 0.3698222 0.04260075 0.5213245 0.1220394 0.4743887 0.1219984 0.5205011 0.04256975 0.4751682 0.122047 0.4087873 0.1220394 0.4743887 0.1714776 0.2822428 0.1688759 0.4816825 0.1688759 0.2822428 0.2014052 0.2108599 0.2808675 0.2250689 0.2013977 0.2253956 0.2013977 0.2253956 0.2808984 0.2396045 0.2014287 0.2399312 0.2433721 0.4816824 0.2459738 0.2822428 0.2459738 0.4816825 0.04246592 0.09875416 0.1219279 0.1440868 0.04245835 0.1448662 0.04245835 0.1448662 0.1219589 0.2098734 0.04248934 0.2104675 0.195055 0.3698222 0.1959896 0.4414619 0.195055 0.4414618 0.2015402 0.3784295 0.2809788 0.3635673 0.280938 0.3781032 0.2015093 0.3638939 0.2809864 0.3490316 0.2809788 0.3635673 0.1692302 0.3698222 0.1821426 0.4414619 0.1692302 0.4414619 0.3187934 0.359764 0.3263316 0.4095868 0.3125607 0.3647843 0.3214415 0.3503398 0.3377602 0.4044511 0.3187934 0.359764 0.3222653 0.3427574 0.3403794 0.3904476 0.3214415 0.3503398 0.2500224 0.2394151 0.242484 0.1895922 0.2562556 0.2343947 0.2473738 0.2488396 0.2310554 0.1947278 0.2500224 0.2394151 0.2465501 0.2564222 0.2284362 0.2087314 0.2473738 0.2488396 0.3186964 0.2391327 0.3261692 0.1892169 0.3375764 0.1943253 0.3213597 0.248535 0.3375764 0.1943253 0.34022 0.2083091 0.3221957 0.2561107 0.34022 0.2083091 0.3411999 0.2274212 0.2501194 0.3600462 0.2426463 0.4099621 0.2312392 0.4048537 0.2474557 0.3506436 0.2312392 0.4048537 0.2285956 0.3908699 0.2466197 0.3430678 0.2285956 0.3908699 0.2276157 0.3717579 0.3125607 0.3647843 0.2844889 0.4097745 0.2844604 0.364602 0.3222653 0.3427574 0.3412628 0.2993747 0.3413258 0.3713282 0.3221957 0.2561107 0.3412628 0.2993747 0.3222122 0.2994395 0.3124557 0.2341637 0.2843266 0.1894046 0.3261692 0.1892169 0.2563606 0.3650153 0.2844889 0.4097745 0.2426463 0.4099621 0.2466197 0.3430678 0.2275528 0.2998043 0.2466032 0.2997395 0.2562556 0.2343947 0.2843266 0.1894046 0.2843559 0.2345771 0.2465501 0.2564222 0.2275528 0.2998043 0.2274898 0.2278508 0.7250209 0.9457658 0.7342593 0.9732943 0.7266854 0.9578261 0.769578 0.8475485 0.7693457 0.8969455 0.7472993 0.8966577 0.7693153 0.9462667 0.7600291 0.9736789 0.7472993 0.8966577 0.7345694 0.8196371 0.7472993 0.8966577 0.7252835 0.8470472 0.3154063 0.3476508 0.3080635 0.3111933 0.3246443 0.3402096 0.273601 0.1546573 0.3017258 0.185593 0.273626 0.1860064 0.3284481 0.1753458 0.3114658 0.20754 0.3106299 0.1999644 0.3246443 0.3402096 0.3107117 0.3017691 0.3285695 0.326241 0.2321064 0.3479931 0.2737306 0.3160313 0.273756 0.3473804 0.2228556 0.3406279 0.2456308 0.3164446 0.2321064 0.3479931 0.3285695 0.326241 0.3115355 0.2941867 0.3297905 0.3150023 0.2176684 0.3154626 0.2371874 0.2511689 0.2358899 0.2944972 0.2189075 0.3266913 0.2393895 0.3114755 0.2228556 0.3406279 0.2227119 0.1618282 0.2455258 0.185824 0.2392926 0.1908444 0.2319508 0.154387 0.273626 0.1860064 0.2455258 0.185824 0.2176684 0.3154626 0.2367258 0.302073 0.2189075 0.3266913 0.2187861 0.1757972 0.2392926 0.1908444 0.236644 0.2002689 0.2195916 0.2512412 0.2358202 0.2078515 0.2371874 0.2511689 0.273756 0.3473804 0.3018308 0.3162137 0.3154063 0.3476508 0.2175652 0.187036 0.236644 0.2002689 0.2358202 0.2078515 0.3245007 0.1614096 0.3106299 0.1999644 0.3079666 0.190562 0.2074248 0.2822428 0.1714776 0.4816825 0.1714776 0.2822428 0.2809424 0.2943181 0.2014287 0.2399312 0.2808984 0.2396045 0.2433721 0.2822428 0.2074248 0.4816825 0.2074248 0.2822428 0.1219589 0.2098734 0.04253333 0.3099244 0.04248934 0.2104675 0.3277641 0.2507965 0.3114658 0.20754 0.3296872 0.1865744 0.3152506 0.1540445 0.3079666 0.190562 0.3017258 0.185593 0.122003 0.3093304 0.04257738 0.4093813 0.04253333 0.3099244 0.3297905 0.3150023 0.3101683 0.2508689 0.3277641 0.2507965 0.2809864 0.3490316 0.2014727 0.2946447 0.2809424 0.2943181 0.1821426 0.3698222 0.195055 0.4414618 0.1821426 0.4414619 0.1692302 0.4414619 0.1682957 0.3698222 0.1692302 0.3698222 0.04260075 0.5213245 0.1220394 0.4743887 0.1219984 0.5205011 0.04256975 0.4751682 0.122047 0.4087873 0.1220394 0.4743887 0.1714776 0.2822428 0.1688759 0.4816825 0.1688759 0.2822428 0.2014052 0.2108599 0.2808675 0.2250689 0.2013977 0.2253956 0.2013977 0.2253956 0.2808984 0.2396045 0.2014287 0.2399312 0.2433721 0.4816824 0.2459738 0.2822428 0.2459738 0.4816825 0.04246592 0.09875416 0.1219279 0.1440868 0.04245835 0.1448662 0.04245835 0.1448662 0.1219589 0.2098734 0.04248934 0.2104675 0.195055 0.3698222 0.1959896 0.4414619 0.195055 0.4414618 0.2015402 0.3784295 0.2809788 0.3635673 0.280938 0.3781032 0.2015093 0.3638939 0.2809864 0.3490316 0.2809788 0.3635673 0.1692302 0.3698222 0.1821426 0.4414619 0.1692302 0.4414619 0.3187934 0.359764 0.3263316 0.4095868 0.3125607 0.3647843 0.3214415 0.3503398 0.3377602 0.4044511 0.3187934 0.359764 0.3222653 0.3427574 0.3403794 0.3904476 0.3214415 0.3503398 0.2500224 0.2394151 0.242484 0.1895922 0.2562556 0.2343947 0.2473738 0.2488396 0.2310554 0.1947278 0.2500224 0.2394151 0.2465501 0.2564222 0.2284362 0.2087314 0.2473738 0.2488396 0.3186964 0.2391327 0.3261692 0.1892169 0.3375764 0.1943253 0.3213597 0.248535 0.3375764 0.1943253 0.34022 0.2083091 0.3221957 0.2561107 0.34022 0.2083091 0.3411999 0.2274212 0.2501194 0.3600462 0.2426463 0.4099621 0.2312392 0.4048537 0.2474557 0.3506436 0.2312392 0.4048537 0.2285956 0.3908699 0.2466197 0.3430678 0.2285956 0.3908699 0.2276157 0.3717579 0.3125607 0.3647843 0.2844889 0.4097745 0.2844604 0.364602 0.3222653 0.3427574 0.3412628 0.2993747 0.3413258 0.3713282 0.3221957 0.2561107 0.3412628 0.2993747 0.3222122 0.2994395 0.3124557 0.2341637 0.2843266 0.1894046 0.3261692 0.1892169 0.2563606 0.3650153 0.2844889 0.4097745 0.2426463 0.4099621 0.2466197 0.3430678 0.2275528 0.2998043 0.2466032 0.2997395 0.2562556 0.2343947 0.2843266 0.1894046 0.2843559 0.2345771 0.2465501 0.2564222 0.2275528 0.2998043 0.2274898 0.2278508 0.7250209 0.9457658 0.7342593 0.9732943 0.7266854 0.9578261 0.769578 0.8475485 0.7693457 0.8969455 0.7472993 0.8966577 0.7693153 0.9462667 0.7600291 0.9736789 0.7472993 0.8966577 0.7345694 0.8196371 0.7472993 0.8966577 0.7252835 0.8470472 0.3154063 0.3476508 0.3080635 0.3111933 0.3246443 0.3402096 0.273601 0.1546573 0.3017258 0.185593 0.273626 0.1860064 0.3284481 0.1753458 0.3114658 0.20754 0.3106299 0.1999644 0.3246443 0.3402096 0.3107117 0.3017691 0.3285695 0.326241 0.2321064 0.3479931 0.2737306 0.3160313 0.273756 0.3473804 0.2228556 0.3406279 0.2456308 0.3164446 0.2321064 0.3479931 0.3285695 0.326241 0.3115355 0.2941867 0.3297905 0.3150023 0.2176684 0.3154626 0.2371874 0.2511689 0.2358899 0.2944972 0.2189075 0.3266913 0.2393895 0.3114755 0.2228556 0.3406279 0.2227119 0.1618282 0.2455258 0.185824 0.2392926 0.1908444 0.2319508 0.154387 0.273626 0.1860064 0.2455258 0.185824 0.2176684 0.3154626 0.2367258 0.302073 0.2189075 0.3266913 0.2187861 0.1757972 0.2392926 0.1908444 0.236644 0.2002689 0.2195916 0.2512412 0.2358202 0.2078515 0.2371874 0.2511689 0.273756 0.3473804 0.3018308 0.3162137 0.3154063 0.3476508 0.2175652 0.187036 0.236644 0.2002689 0.2358202 0.2078515 0.3245007 0.1614096 0.3106299 0.1999644 0.3079666 0.190562 0.2074248 0.2822428 0.1714776 0.4816825 0.1714776 0.2822428 0.2809424 0.2943181 0.2014287 0.2399312 0.2808984 0.2396045 0.2433721 0.2822428 0.2074248 0.4816825 0.2074248 0.2822428 0.1219589 0.2098734 0.04253333 0.3099244 0.04248934 0.2104675 0.3277641 0.2507965 0.3114658 0.20754 0.3296872 0.1865744 0.3152506 0.1540445 0.3079666 0.190562 0.3017258 0.185593 0.122003 0.3093304 0.04257738 0.4093813 0.04253333 0.3099244 0.3297905 0.3150023 0.3101683 0.2508689 0.3277641 0.2507965 0.2809864 0.3490316 0.2014727 0.2946447 0.2809424 0.2943181 0.1821426 0.3698222 0.195055 0.4414618 0.1821426 0.4414619 0.1692302 0.4414619 0.1682957 0.3698222 0.1692302 0.3698222 0.04260075 0.5213245 0.1220394 0.4743887 0.1219984 0.5205011 0.04256975 0.4751682 0.122047 0.4087873 0.1220394 0.4743887 0.1714776 0.2822428 0.1688759 0.4816825 0.1688759 0.2822428 0.2014052 0.2108599 0.2808675 0.2250689 0.2013977 0.2253956 0.2013977 0.2253956 0.2808984 0.2396045 0.2014287 0.2399312 0.2433721 0.4816824 0.2459738 0.2822428 0.2459738 0.4816825 0.04246592 0.09875416 0.1219279 0.1440868 0.04245835 0.1448662 0.04245835 0.1448662 0.1219589 0.2098734 0.04248934 0.2104675 0.195055 0.3698222 0.1959896 0.4414619 0.195055 0.4414618 0.2015402 0.3784295 0.2809788 0.3635673 0.280938 0.3781032 0.2015093 0.3638939 0.2809864 0.3490316 0.2809788 0.3635673 0.1692302 0.3698222 0.1821426 0.4414619 0.1692302 0.4414619 0.3187934 0.359764 0.3263316 0.4095868 0.3125607 0.3647843 0.3214415 0.3503398 0.3377602 0.4044511 0.3187934 0.359764 0.3222653 0.3427574 0.3403794 0.3904476 0.3214415 0.3503398 0.2500224 0.2394151 0.242484 0.1895922 0.2562556 0.2343947 0.2473738 0.2488396 0.2310554 0.1947278 0.2500224 0.2394151 0.2465501 0.2564222 0.2284362 0.2087314 0.2473738 0.2488396 0.3186964 0.2391327 0.3261692 0.1892169 0.3375764 0.1943253 0.3213597 0.248535 0.3375764 0.1943253 0.34022 0.2083091 0.3221957 0.2561107 0.34022 0.2083091 0.3411999 0.2274212 0.2501194 0.3600462 0.2426463 0.4099621 0.2312392 0.4048537 0.2474557 0.3506436 0.2312392 0.4048537 0.2285956 0.3908699 0.2466197 0.3430678 0.2285956 0.3908699 0.2276157 0.3717579 0.3125607 0.3647843 0.2844889 0.4097745 0.2844604 0.364602 0.3222653 0.3427574 0.3412628 0.2993747 0.3413258 0.3713282 0.3221957 0.2561107 0.3412628 0.2993747 0.3222122 0.2994395 0.3124557 0.2341637 0.2843266 0.1894046 0.3261692 0.1892169 0.2563606 0.3650153 0.2844889 0.4097745 0.2426463 0.4099621 0.2466197 0.3430678 0.2275528 0.2998043 0.2466032 0.2997395 0.2562556 0.2343947 0.2843266 0.1894046 0.2843559 0.2345771 0.2465501 0.2564222 0.2275528 0.2998043 0.2274898 0.2278508 0.7250209 0.9457658 0.7342593 0.9732943 0.7266854 0.9578261 0.769578 0.8475485 0.7693457 0.8969455 0.7472993 0.8966577 0.7693153 0.9462667 0.7600291 0.9736789 0.7472993 0.8966577 0.7345694 0.8196371 0.7472993 0.8966577 0.7252835 0.8470472 0.3154063 0.3476508 0.3080635 0.3111933 0.3246443 0.3402096 0.273601 0.1546573 0.3017258 0.185593 0.273626 0.1860064 0.3284481 0.1753458 0.3114658 0.20754 0.3106299 0.1999644 0.3246443 0.3402096 0.3107117 0.3017691 0.3285695 0.326241 0.2321064 0.3479931 0.2737306 0.3160313 0.273756 0.3473804 0.2228556 0.3406279 0.2456308 0.3164446 0.2321064 0.3479931 0.3285695 0.326241 0.3115355 0.2941867 0.3297905 0.3150023 0.2176684 0.3154626 0.2371874 0.2511689 0.2358899 0.2944972 0.2189075 0.3266913 0.2393895 0.3114755 0.2228556 0.3406279 0.2227119 0.1618282 0.2455258 0.185824 0.2392926 0.1908444 0.2319508 0.154387 0.273626 0.1860064 0.2455258 0.185824 0.2176684 0.3154626 0.2367258 0.302073 0.2189075 0.3266913 0.2187861 0.1757972 0.2392926 0.1908444 0.236644 0.2002689 0.2195916 0.2512412 0.2358202 0.2078515 0.2371874 0.2511689 0.273756 0.3473804 0.3018308 0.3162137 0.3154063 0.3476508 0.2175652 0.187036 0.236644 0.2002689 0.2358202 0.2078515 0.3245007 0.1614096 0.3106299 0.1999644 0.3079666 0.190562 0.2074248 0.2822428 0.1714776 0.4816825 0.1714776 0.2822428 0.2809424 0.2943181 0.2014287 0.2399312 0.2808984 0.2396045 0.2433721 0.2822428 0.2074248 0.4816825 0.2074248 0.2822428 0.1219589 0.2098734 0.04253333 0.3099244 0.04248934 0.2104675 0.3277641 0.2507965 0.3114658 0.20754 0.3296872 0.1865744 0.3152506 0.1540445 0.3079666 0.190562 0.3017258 0.185593 0.122003 0.3093304 0.04257738 0.4093813 0.04253333 0.3099244 0.3297905 0.3150023 0.3101683 0.2508689 0.3277641 0.2507965 0.2809864 0.3490316 0.2014727 0.2946447 0.2809424 0.2943181 0.1821426 0.3698222 0.195055 0.4414618 0.1821426 0.4414619 0.1692302 0.4414619 0.1682957 0.3698222 0.1692302 0.3698222 0.04260075 0.5213245 0.1220394 0.4743887 0.1219984 0.5205011 0.04256975 0.4751682 0.122047 0.4087873 0.1220394 0.4743887 0.1714776 0.2822428 0.1688759 0.4816825 0.1688759 0.2822428 0.2014052 0.2108599 0.2808675 0.2250689 0.2013977 0.2253956 0.2013977 0.2253956 0.2808984 0.2396045 0.2014287 0.2399312 0.2433721 0.4816824 0.2459738 0.2822428 0.2459738 0.4816825 0.04246592 0.09875416 0.1219279 0.1440868 0.04245835 0.1448662 0.04245835 0.1448662 0.1219589 0.2098734 0.04248934 0.2104675 0.195055 0.3698222 0.1959896 0.4414619 0.195055 0.4414618 0.2015402 0.3784295 0.2809788 0.3635673 0.280938 0.3781032 0.2015093 0.3638939 0.2809864 0.3490316 0.2809788 0.3635673 0.1692302 0.3698222 0.1821426 0.4414619 0.1692302 0.4414619 0.3187934 0.359764 0.3263316 0.4095868 0.3125607 0.3647843 0.3214415 0.3503398 0.3377602 0.4044511 0.3187934 0.359764 0.3222653 0.3427574 0.3403794 0.3904476 0.3214415 0.3503398 0.2500224 0.2394151 0.242484 0.1895922 0.2562556 0.2343947 0.2473738 0.2488396 0.2310554 0.1947278 0.2500224 0.2394151 0.2465501 0.2564222 0.2284362 0.2087314 0.2473738 0.2488396 0.3186964 0.2391327 0.3261692 0.1892169 0.3375764 0.1943253 0.3213597 0.248535 0.3375764 0.1943253 0.34022 0.2083091 0.3221957 0.2561107 0.34022 0.2083091 0.3411999 0.2274212 0.2501194 0.3600462 0.2426463 0.4099621 0.2312392 0.4048537 0.2474557 0.3506436 0.2312392 0.4048537 0.2285956 0.3908699 0.2466197 0.3430678 0.2285956 0.3908699 0.2276157 0.3717579 0.3125607 0.3647843 0.2844889 0.4097745 0.2844604 0.364602 0.3222653 0.3427574 0.3412628 0.2993747 0.3413258 0.3713282 0.3221957 0.2561107 0.3412628 0.2993747 0.3222122 0.2994395 0.3124557 0.2341637 0.2843266 0.1894046 0.3261692 0.1892169 0.2563606 0.3650153 0.2844889 0.4097745 0.2426463 0.4099621 0.2466197 0.3430678 0.2275528 0.2998043 0.2466032 0.2997395 0.2562556 0.2343947 0.2843266 0.1894046 0.2843559 0.2345771 0.2465501 0.2564222 0.2275528 0.2998043 0.2274898 0.2278508 0.3154063 0.3476508 0.3080635 0.3111933 0.3246443 0.3402096 0.273601 0.1546573 0.3017258 0.185593 0.273626 0.1860064 0.3284481 0.1753458 0.3114658 0.20754 0.3106299 0.1999644 0.3246443 0.3402096 0.3107117 0.3017691 0.3285695 0.326241 0.2321064 0.3479931 0.2737306 0.3160313 0.273756 0.3473804 0.2228556 0.3406279 0.2456308 0.3164446 0.2321064 0.3479931 0.3285695 0.326241 0.3115355 0.2941867 0.3297905 0.3150023 0.2176684 0.3154626 0.2371874 0.2511689 0.2358899 0.2944972 0.2189075 0.3266913 0.2393895 0.3114755 0.2228556 0.3406279 0.2227119 0.1618282 0.2455258 0.185824 0.2392926 0.1908444 0.2319508 0.154387 0.273626 0.1860064 0.2455258 0.185824 0.2176684 0.3154626 0.2367258 0.302073 0.2189075 0.3266913 0.2187861 0.1757972 0.2392926 0.1908444 0.236644 0.2002689 0.2195916 0.2512412 0.2358202 0.2078515 0.2371874 0.2511689 0.273756 0.3473804 0.3018308 0.3162137 0.3154063 0.3476508 0.2175652 0.187036 0.236644 0.2002689 0.2358202 0.2078515 0.2562425 0.0846256 8.46098e-4 0.01429241 0.2561881 0.01424372 0.2568563 0.08654755 9.29676e-4 0.01444977 9.39868e-4 0.08654588 7.51536e-4 0.08678334 0.2566559 0.01465141 7.50087e-4 0.01466196 0.4414631 0.2359114 0.4411777 0.1842424 0.4610059 0.2100657 0.4609215 0.210415 0.4414336 0.2359002 0.4412392 0.1842687 8.51164e-4 0.08464521 0.2561881 0.01424372 0.2562425 0.0846256 9.39868e-4 0.08654588 0.2568532 0.01440376 9.29676e-4 0.01444977 7.50087e-4 0.01466196 0.2566313 0.08673894 0.2566559 0.01465141 0.4414631 0.2359114 0.4411777 0.1842424 0.4610059 0.2100657 0.4609215 0.210415 0.4414336 0.2359002 0.4412392 0.1842687 0.2562425 0.0846256 8.46098e-4 0.01429241 0.2561881 0.01424372 9.39868e-4 0.08654588 0.2568532 0.01440376 9.29676e-4 0.01444977 7.50087e-4 0.01466196 0.2566313 0.08673894 0.2566559 0.01465141 0.4414631 0.2359114 0.4411777 0.1842424 0.4610059 0.2100657 0.4609215 0.210415 0.4414336 0.2359002 0.4412392 0.1842687 8.51164e-4 0.08464521 0.2561881 0.01424372 0.2562425 0.0846256 9.39868e-4 0.08654588 0.2568532 0.01440376 9.29676e-4 0.01444977 7.50087e-4 0.01466196 0.2566313 0.08673894 0.2566559 0.01465141 0.4414631 0.2359114 0.4411777 0.1842424 0.4610059 0.2100657 0.4609215 0.210415 0.4414336 0.2359002 0.4412392 0.1842687 0.2562425 0.0846256 8.46098e-4 0.01429241 0.2561881 0.01424372 0.2568563 0.08654755 9.29676e-4 0.01444977 9.39868e-4 0.08654588 7.51536e-4 0.08678334 0.2566559 0.01465141 7.50087e-4 0.01466196 0.4414631 0.2359114 0.4411777 0.1842424 0.4610059 0.2100657 0.4609215 0.210415 0.4414336 0.2359002 0.4412392 0.1842687 8.51164e-4 0.08464521 0.2561881 0.01424372 0.2562425 0.0846256 9.39868e-4 0.08654588 0.2568532 0.01440376 9.29676e-4 0.01444977 7.50087e-4 0.01466196 0.2566313 0.08673894 0.2566559 0.01465141 0.4414631 0.2359114 0.4411777 0.1842424 0.4610059 0.2100657 0.4609215 0.210415 0.4414336 0.2359002 0.4412392 0.1842687 0.2562425 0.0846256 8.46098e-4 0.01429241 0.2561881 0.01424372 0.2568563 0.08654755 9.29676e-4 0.01444977 9.39868e-4 0.08654588 7.51536e-4 0.08678334 0.2566559 0.01465141 7.50087e-4 0.01466196 0.4414631 0.2359114 0.4411777 0.1842424 0.4610059 0.2100657 0.4609215 0.210415 0.4414336 0.2359002 0.4412392 0.1842687 0.2562425 0.0846256 8.46098e-4 0.01429241 0.2561881 0.01424372 0.2568563 0.08654755 9.29676e-4 0.01444977 9.39868e-4 0.08654588 7.51536e-4 0.08678334 0.2566559 0.01465141 7.50087e-4 0.01466196 0.4414631 0.2359114 0.4411777 0.1842424 0.4610059 0.2100657 0.4609215 0.210415 0.4414336 0.2359002 0.4412392 0.1842687 8.51164e-4 0.08464521 0.2561881 0.01424372 0.2562425 0.0846256 9.39868e-4 0.08654588 0.2568532 0.01440376 9.29676e-4 0.01444977 7.50087e-4 0.01466196 0.2566313 0.08673894 0.2566559 0.01465141 0.4414631 0.2359114 0.4411777 0.1842424 0.4610059 0.2100657 0.4609215 0.210415 0.4414336 0.2359002 0.4412392 0.1842687 0.2562425 0.0846256 8.46098e-4 0.01429241 0.2561881 0.01424372 9.39868e-4 0.08654588 0.2568532 0.01440376 9.29676e-4 0.01444977 7.50087e-4 0.01466196 0.2566313 0.08673894 0.2566559 0.01465141 0.4414631 0.2359114 0.4411777 0.1842424 0.4610059 0.2100657 0.4609215 0.210415 0.4414336 0.2359002 0.4412392 0.1842687 8.51164e-4 0.08464521 0.2561881 0.01424372 0.2562425 0.0846256 9.39868e-4 0.08654588 0.2568532 0.01440376 9.29676e-4 0.01444977 7.50087e-4 0.01466196 0.2566313 0.08673894 0.2566559 0.01465141 0.4414631 0.2359114 0.4411777 0.1842424 0.4610059 0.2100657 0.4609215 0.210415 0.4414336 0.2359002 0.4412392 0.1842687 0.2562425 0.0846256 8.46098e-4 0.01429241 0.2561881 0.01424372 0.2568563 0.08654755 9.29676e-4 0.01444977 9.39868e-4 0.08654588 7.51536e-4 0.08678334 0.2566559 0.01465141 7.50087e-4 0.01466196 0.4414631 0.2359114 0.4411777 0.1842424 0.4610059 0.2100657 0.4609215 0.210415 0.4414336 0.2359002 0.4412392 0.1842687 8.51164e-4 0.08464521 0.2561881 0.01424372 0.2562425 0.0846256 9.39868e-4 0.08654588 0.2568532 0.01440376 9.29676e-4 0.01444977 7.50087e-4 0.01466196 0.2566313 0.08673894 0.2566559 0.01465141 0.4414631 0.2359114 0.4411777 0.1842424 0.4610059 0.2100657 0.4609215 0.210415 0.4414336 0.2359002 0.4412392 0.1842687 0.2562425 0.0846256 8.46098e-4 0.01429241 0.2561881 0.01424372 0.2568563 0.08654755 9.29676e-4 0.01444977 9.39868e-4 0.08654588 7.51536e-4 0.08678334 0.2566559 0.01465141 7.50087e-4 0.01466196 0.4414631 0.2359114 0.4411777 0.1842424 0.4610059 0.2100657 0.4609215 0.210415 0.4414336 0.2359002 0.4412392 0.1842687 0.2562425 0.0846256 8.46098e-4 0.01429241 0.2561881 0.01424372 0.2568563 0.08654755 9.29676e-4 0.01444977 9.39868e-4 0.08654588 7.51536e-4 0.08678334 0.2566559 0.01465141 7.50087e-4 0.01466196 0.4414631 0.2359114 0.4411777 0.1842424 0.4610059 0.2100657 0.4609215 0.210415 0.4414336 0.2359002 0.4412392 0.1842687 8.51164e-4 0.08464521 0.2561881 0.01424372 0.2562425 0.0846256 9.39868e-4 0.08654588 0.2568532 0.01440376 9.29676e-4 0.01444977 7.50087e-4 0.01466196 0.2566313 0.08673894 0.2566559 0.01465141 0.4414631 0.2359114 0.4411777 0.1842424 0.4610059 0.2100657 0.4609215 0.210415 0.4414336 0.2359002 0.4412392 0.1842687 0.2562425 0.0846256 8.46098e-4 0.01429241 0.2561881 0.01424372 9.39868e-4 0.08654588 0.2568532 0.01440376 9.29676e-4 0.01444977 7.50087e-4 0.01466196 0.2566313 0.08673894 0.2566559 0.01465141 0.4414631 0.2359114 0.4411777 0.1842424 0.4610059 0.2100657 0.4609215 0.210415 0.4414336 0.2359002 0.4412392 0.1842687 8.51164e-4 0.08464521 0.2561881 0.01424372 0.2562425 0.0846256 9.39868e-4 0.08654588 0.2568532 0.01440376 9.29676e-4 0.01444977 7.50087e-4 0.01466196 0.2566313 0.08673894 0.2566559 0.01465141 0.4414631 0.2359114 0.4411777 0.1842424 0.4610059 0.2100657 0.4609215 0.210415 0.4414336 0.2359002 0.4412392 0.1842687 0.2562425 0.0846256 8.46098e-4 0.01429241 0.2561881 0.01424372 0.2568563 0.08654755 9.29676e-4 0.01444977 9.39868e-4 0.08654588 7.51536e-4 0.08678334 0.2566559 0.01465141 7.50087e-4 0.01466196 0.4414631 0.2359114 0.4411777 0.1842424 0.4610059 0.2100657 0.4609215 0.210415 0.4414336 0.2359002 0.4412392 0.1842687 8.51164e-4 0.08464521 0.2561881 0.01424372 0.2562425 0.0846256 9.39868e-4 0.08654588 0.2568532 0.01440376 9.29676e-4 0.01444977 7.50087e-4 0.01466196 0.2566313 0.08673894 0.2566559 0.01465141 0.4414631 0.2359114 0.4411777 0.1842424 0.4610059 0.2100657 0.4609215 0.210415 0.4414336 0.2359002 0.4412392 0.1842687 0.2562425 0.0846256 8.46098e-4 0.01429241 0.2561881 0.01424372 0.2568563 0.08654755 9.29676e-4 0.01444977 9.39868e-4 0.08654588 7.51536e-4 0.08678334 0.2566559 0.01465141 7.50087e-4 0.01466196 0.4414631 0.2359114 0.4411777 0.1842424 0.4610059 0.2100657 0.4609215 0.210415 0.4414336 0.2359002 0.4412392 0.1842687 8.51164e-4 0.08464521 0.2561881 0.01424372 0.2562425 0.0846256 0.2568563 0.08654755 9.29676e-4 0.01444977 9.39868e-4 0.08654588 0.4414631 0.2359114 0.4411777 0.1842424 0.4610059 0.2100657 0.4609215 0.210415 0.4414336 0.2359002 0.4412392 0.1842687 0.2562425 0.0846256 8.46098e-4 0.01429241 0.2561881 0.01424372 9.39868e-4 0.08654588 0.2568532 0.01440376 9.29676e-4 0.01444977 0.4414631 0.2359114 0.4411777 0.1842424 0.4610059 0.2100657 0.4609215 0.210415 0.4414336 0.2359002 0.4412392 0.1842687 0.2562425 0.0846256 8.46098e-4 0.01429241 0.2561881 0.01424372 9.39868e-4 0.08654588 0.2568532 0.01440376 9.29676e-4 0.01444977 0.4414631 0.2359114 0.4411777 0.1842424 0.4610059 0.2100657 0.4609215 0.210415 0.4414336 0.2359002 0.4412392 0.1842687 0.2562425 0.0846256 8.46098e-4 0.01429241 0.2561881 0.01424372 9.39868e-4 0.08654588 0.2568532 0.01440376 9.29676e-4 0.01444977 0.4414631 0.2359114 0.4411777 0.1842424 0.4610059 0.2100657 0.4609215 0.210415 0.4414336 0.2359002 0.4412392 0.1842687 0.2562425 0.0846256 8.46098e-4 0.01429241 0.2561881 0.01424372 9.39868e-4 0.08654588 0.2568532 0.01440376 9.29676e-4 0.01444977 0.4414631 0.2359114 0.4411777 0.1842424 0.4610059 0.2100657 0.4609215 0.210415 0.4414336 0.2359002 0.4412392 0.1842687 0.2562425 0.0846256 8.46098e-4 0.01429241 0.2561881 0.01424372 9.39868e-4 0.08654588 0.2568532 0.01440376 9.29676e-4 0.01444977 0.4414631 0.2359114 0.4411777 0.1842424 0.4610059 0.2100657 0.4609215 0.210415 0.4414336 0.2359002 0.4412392 0.1842687 0.2562425 0.0846256 8.46098e-4 0.01429241 0.2561881 0.01424372 9.39868e-4 0.08654588 0.2568532 0.01440376 9.29676e-4 0.01444977 0.4414631 0.2359114 0.4411777 0.1842424 0.4610059 0.2100657 0.4609215 0.210415 0.4414336 0.2359002 0.4412392 0.1842687 0.2562425 0.0846256 8.46098e-4 0.01429241 0.2561881 0.01424372 9.39868e-4 0.08654588 0.2568532 0.01440376 9.29676e-4 0.01444977 0.4414631 0.2359114 0.4411777 0.1842424 0.4610059 0.2100657 0.4609215 0.210415 0.4414336 0.2359002 0.4412392 0.1842687 0.2562425 0.0846256 8.46098e-4 0.01429241 0.2561881 0.01424372 9.39868e-4 0.08654588 0.2568532 0.01440376 9.29676e-4 0.01444977 0.4414631 0.2359114 0.4411777 0.1842424 0.4610059 0.2100657 0.4609215 0.210415 0.4414336 0.2359002 0.4412392 0.1842687 0.2562425 0.0846256 8.46098e-4 0.01429241 0.2561881 0.01424372 9.39868e-4 0.08654588 0.2568532 0.01440376 9.29676e-4 0.01444977 0.4414631 0.2359114 0.4411777 0.1842424 0.4610059 0.2100657 0.4609215 0.210415 0.4414336 0.2359002 0.4412392 0.1842687 0.2562425 0.0846256 8.46098e-4 0.01429241 0.2561881 0.01424372 9.39868e-4 0.08654588 0.2568532 0.01440376 9.29676e-4 0.01444977 0.4414631 0.2359114 0.4411777 0.1842424 0.4610059 0.2100657 0.4609215 0.210415 0.4414336 0.2359002 0.4412392 0.1842687 0.2562425 0.0846256 8.46098e-4 0.01429241 0.2561881 0.01424372 9.39868e-4 0.08654588 0.2568532 0.01440376 9.29676e-4 0.01444977 0.4414631 0.2359114 0.4411777 0.1842424 0.4610059 0.2100657 0.4609215 0.210415 0.4414336 0.2359002 0.4412392 0.1842687 8.51164e-4 0.08464521 0.2561881 0.01424372 0.2562425 0.0846256 0.2568563 0.08654755 9.29676e-4 0.01444977 9.39868e-4 0.08654588 0.4414631 0.2359114 0.4411777 0.1842424 0.4610059 0.2100657 0.4609215 0.210415 0.4414336 0.2359002 0.4412392 0.1842687 8.51164e-4 0.08464521 0.2561881 0.01424372 0.2562425 0.0846256 0.2568563 0.08654755 9.29676e-4 0.01444977 9.39868e-4 0.08654588 0.4414631 0.2359114 0.4411777 0.1842424 0.4610059 0.2100657 0.4609215 0.210415 0.4414336 0.2359002 0.4412392 0.1842687 8.51164e-4 0.08464521 0.2561881 0.01424372 0.2562425 0.0846256 0.2568563 0.08654755 9.29676e-4 0.01444977 9.39868e-4 0.08654588 0.4414631 0.2359114 0.4411777 0.1842424 0.4610059 0.2100657 0.4609215 0.210415 0.4414336 0.2359002 0.4412392 0.1842687 8.51164e-4 0.08464521 0.2561881 0.01424372 0.2562425 0.0846256 0.2568563 0.08654755 9.29676e-4 0.01444977 9.39868e-4 0.08654588 0.4414631 0.2359114 0.4411777 0.1842424 0.4610059 0.2100657 0.4609215 0.210415 0.4414336 0.2359002 0.4412392 0.1842687 8.51164e-4 0.08464521 0.2561881 0.01424372 0.2562425 0.0846256 0.2568563 0.08654755 9.29676e-4 0.01444977 9.39868e-4 0.08654588 0.4414631 0.2359114 0.4411777 0.1842424 0.4610059 0.2100657 0.4609215 0.210415 0.4414336 0.2359002 0.4412392 0.1842687 8.51164e-4 0.08464521 0.2561881 0.01424372 0.2562425 0.0846256 0.2568563 0.08654755 9.29676e-4 0.01444977 9.39868e-4 0.08654588 0.4414631 0.2359114 0.4411777 0.1842424 0.4610059 0.2100657 0.4609215 0.210415 0.4414336 0.2359002 0.4412392 0.1842687 8.51164e-4 0.08464521 0.2561881 0.01424372 0.2562425 0.0846256 0.2568563 0.08654755 9.29676e-4 0.01444977 9.39868e-4 0.08654588 0.4414631 0.2359114 0.4411777 0.1842424 0.4610059 0.2100657 0.4609215 0.210415 0.4414336 0.2359002 0.4412392 0.1842687 8.51164e-4 0.08464521 0.2561881 0.01424372 0.2562425 0.0846256 0.2568563 0.08654755 9.29676e-4 0.01444977 9.39868e-4 0.08654588 0.4414631 0.2359114 0.4411777 0.1842424 0.4610059 0.2100657 0.4609215 0.210415 0.4414336 0.2359002 0.4412392 0.1842687 8.51164e-4 0.08464521 0.2561881 0.01424372 0.2562425 0.0846256 0.2568563 0.08654755 9.29676e-4 0.01444977 9.39868e-4 0.08654588 0.4414631 0.2359114 0.4411777 0.1842424 0.4610059 0.2100657 0.4609215 0.210415 0.4414336 0.2359002 0.4412392 0.1842687 8.51164e-4 0.08464521 0.2561881 0.01424372 0.2562425 0.0846256 0.2568563 0.08654755 9.29676e-4 0.01444977 9.39868e-4 0.08654588 0.4414631 0.2359114 0.4411777 0.1842424 0.4610059 0.2100657 0.4609215 0.210415 0.4414336 0.2359002 0.4412392 0.1842687 8.51164e-4 0.08464521 0.2561881 0.01424372 0.2562425 0.0846256 0.2568563 0.08654755 9.29676e-4 0.01444977 9.39868e-4 0.08654588 0.4414631 0.2359114 0.4411777 0.1842424 0.4610059 0.2100657 0.4609215 0.210415 0.4414336 0.2359002 0.4412392 0.1842687 0.2562425 0.0846256 8.46098e-4 0.01429241 0.2561881 0.01424372 9.39868e-4 0.08654588 0.2568532 0.01440376 9.29676e-4 0.01444977 0.4414631 0.2359114 0.4411777 0.1842424 0.4610059 0.2100657 0.4609215 0.210415 0.4414336 0.2359002 0.4412392 0.1842687 0.2562425 0.0846256 8.46098e-4 0.01429241 0.2561881 0.01424372 9.39868e-4 0.08654588 0.2568532 0.01440376 9.29676e-4 0.01444977 0.4414631 0.2359114 0.4411777 0.1842424 0.4610059 0.2100657 0.4609215 0.210415 0.4414336 0.2359002 0.4412392 0.1842687 0.2562425 0.0846256 8.46098e-4 0.01429241 0.2561881 0.01424372 9.39868e-4 0.08654588 0.2568532 0.01440376 9.29676e-4 0.01444977 0.4414631 0.2359114 0.4411777 0.1842424 0.4610059 0.2100657 0.4609215 0.210415 0.4414336 0.2359002 0.4412392 0.1842687 0.2562425 0.0846256 8.46098e-4 0.01429241 0.2561881 0.01424372 9.39868e-4 0.08654588 0.2568532 0.01440376 9.29676e-4 0.01444977 0.4414631 0.2359114 0.4411777 0.1842424 0.4610059 0.2100657 0.4609215 0.210415 0.4414336 0.2359002 0.4412392 0.1842687 0.2562425 0.0846256 8.46098e-4 0.01429241 0.2561881 0.01424372 9.39868e-4 0.08654588 0.2568532 0.01440376 9.29676e-4 0.01444977 0.4414631 0.2359114 0.4411777 0.1842424 0.4610059 0.2100657 0.4609215 0.210415 0.4414336 0.2359002 0.4412392 0.1842687 0.2562425 0.0846256 8.46098e-4 0.01429241 0.2561881 0.01424372 9.39868e-4 0.08654588 0.2568532 0.01440376 9.29676e-4 0.01444977 0.4414631 0.2359114 0.4411777 0.1842424 0.4610059 0.2100657 0.4609215 0.210415 0.4414336 0.2359002 0.4412392 0.1842687 0.2562425 0.0846256 8.46098e-4 0.01429241 0.2561881 0.01424372 9.39868e-4 0.08654588 0.2568532 0.01440376 9.29676e-4 0.01444977 0.4414631 0.2359114 0.4411777 0.1842424 0.4610059 0.2100657 0.4609215 0.210415 0.4414336 0.2359002 0.4412392 0.1842687 0.2562425 0.0846256 8.46098e-4 0.01429241 0.2561881 0.01424372 9.39868e-4 0.08654588 0.2568532 0.01440376 9.29676e-4 0.01444977 0.4414631 0.2359114 0.4411777 0.1842424 0.4610059 0.2100657 0.4609215 0.210415 0.4414336 0.2359002 0.4412392 0.1842687 0.2562425 0.0846256 8.46098e-4 0.01429241 0.2561881 0.01424372 9.39868e-4 0.08654588 0.2568532 0.01440376 9.29676e-4 0.01444977 0.4414631 0.2359114 0.4411777 0.1842424 0.4610059 0.2100657 0.4609215 0.210415 0.4414336 0.2359002 0.4412392 0.1842687 0.2562425 0.0846256 8.46098e-4 0.01429241 0.2561881 0.01424372 9.39868e-4 0.08654588 0.2568532 0.01440376 9.29676e-4 0.01444977 0.4414631 0.2359114 0.4411777 0.1842424 0.4610059 0.2100657 0.4609215 0.210415 0.4414336 0.2359002 0.4412392 0.1842687 0.2562425 0.0846256 8.46098e-4 0.01429241 0.2561881 0.01424372 9.39868e-4 0.08654588 0.2568532 0.01440376 9.29676e-4 0.01444977 0.4414631 0.2359114 0.4411777 0.1842424 0.4610059 0.2100657 0.4609215 0.210415 0.4414336 0.2359002 0.4412392 0.1842687 0.2562425 0.0846256 8.46098e-4 0.01429241 0.2561881 0.01424372 9.39868e-4 0.08654588 0.2568532 0.01440376 9.29676e-4 0.01444977 0.4414631 0.2359114 0.4411777 0.1842424 0.4610059 0.2100657 0.4609215 0.210415 0.4414336 0.2359002 0.4412392 0.1842687 0.2562425 0.0846256 8.46098e-4 0.01429241 0.2561881 0.01424372 9.39868e-4 0.08654588 0.2568532 0.01440376 9.29676e-4 0.01444977 0.4414631 0.2359114 0.4411777 0.1842424 0.4610059 0.2100657 0.4609215 0.210415 0.4414336 0.2359002 0.4412392 0.1842687 0.2562425 0.0846256 8.46098e-4 0.01429241 0.2561881 0.01424372 9.39868e-4 0.08654588 0.2568532 0.01440376 9.29676e-4 0.01444977 0.4414631 0.2359114 0.4411777 0.1842424 0.4610059 0.2100657 0.4609215 0.210415 0.4414336 0.2359002 0.4412392 0.1842687 0.2562425 0.0846256 8.46098e-4 0.01429241 0.2561881 0.01424372 9.39868e-4 0.08654588 0.2568532 0.01440376 9.29676e-4 0.01444977 0.4414631 0.2359114 0.4411777 0.1842424 0.4610059 0.2100657 0.4609215 0.210415 0.4414336 0.2359002 0.4412392 0.1842687 0.3245007 0.1614096 0.3106299 0.1999644 0.3079666 0.190562 0.2074248 0.2822428 0.1714776 0.4816825 0.1714776 0.2822428 0.2014727 0.2946447 0.2808984 0.2396045 0.2809424 0.2943181 0.2433721 0.2822428 0.2074248 0.4816825 0.2074248 0.2822428 0.04248934 0.2104675 0.122003 0.3093304 0.04253333 0.3099244 0.3296872 0.1865744 0.3101683 0.2508689 0.3114658 0.20754 0.3152506 0.1540445 0.3079666 0.190562 0.3017258 0.185593 0.04253333 0.3099244 0.122047 0.4087873 0.04257738 0.4093813 0.3277641 0.2507965 0.3115355 0.2941867 0.3101683 0.2508689 0.2015168 0.3493583 0.2809424 0.2943181 0.2809864 0.3490316 0.1821426 0.3698222 0.195055 0.4414618 0.1821426 0.4414619 0.1692302 0.4414619 0.1682957 0.3698222 0.1692302 0.3698222 0.04260075 0.5213245 0.1220394 0.4743887 0.1219984 0.5205011 0.04256975 0.4751682 0.122047 0.4087873 0.1220394 0.4743887 0.1714776 0.2822428 0.1688759 0.4816825 0.1688759 0.2822428 0.2014052 0.2108599 0.2808675 0.2250689 0.2013977 0.2253956 0.2013977 0.2253956 0.2808984 0.2396045 0.2014287 0.2399312 0.2433721 0.4816824 0.2459738 0.2822428 0.2459738 0.4816825 0.04246592 0.09875416 0.1219279 0.1440868 0.04245835 0.1448662 0.04245835 0.1448662 0.1219589 0.2098734 0.04248934 0.2104675 0.195055 0.3698222 0.1959896 0.4414619 0.195055 0.4414618 0.2015402 0.3784295 0.2809788 0.3635673 0.280938 0.3781032 0.2015093 0.3638939 0.2809864 0.3490316 0.2809788 0.3635673 0.1692302 0.3698222 0.1821426 0.4414619 0.1692302 0.4414619 0.3187934 0.359764 0.3263316 0.4095868 0.3125607 0.3647843 0.3214415 0.3503398 0.3377602 0.4044511 0.3187934 0.359764 0.3222653 0.3427574 0.3403794 0.3904476 0.3214415 0.3503398 0.2500224 0.2394151 0.242484 0.1895922 0.2562556 0.2343947 0.2473738 0.2488396 0.2310554 0.1947278 0.2500224 0.2394151 0.2465501 0.2564222 0.2284362 0.2087314 0.2473738 0.2488396 0.3186964 0.2391327 0.3261692 0.1892169 0.3375764 0.1943253 0.3213597 0.248535 0.3375764 0.1943253 0.34022 0.2083091 0.3221957 0.2561107 0.34022 0.2083091 0.3411999 0.2274212 0.2501194 0.3600462 0.2426463 0.4099621 0.2312392 0.4048537 0.2474557 0.3506436 0.2312392 0.4048537 0.2285956 0.3908699 0.2466197 0.3430678 0.2285956 0.3908699 0.2276157 0.3717579 0.3125607 0.3647843 0.2844889 0.4097745 0.2844604 0.364602 0.3222653 0.3427574 0.3412628 0.2993747 0.3413258 0.3713282 0.3221957 0.2561107 0.3412628 0.2993747 0.3222122 0.2994395 0.3124557 0.2341637 0.2843266 0.1894046 0.3261692 0.1892169 0.2563606 0.3650153 0.2844889 0.4097745 0.2426463 0.4099621 0.2466197 0.3430678 0.2275528 0.2998043 0.2466032 0.2997395 0.2562556 0.2343947 0.2843266 0.1894046 0.2843559 0.2345771 0.2465501 0.2564222 0.2275528 0.2998043 0.2274898 0.2278508 0.7250209 0.9457658 0.7342593 0.9732943 0.7266854 0.9578261 0.769578 0.8475485 0.7693457 0.8969455 0.7472993 0.8966577 0.7693153 0.9462667 0.7600291 0.9736789 0.7472993 0.8966577 0.7345694 0.8196371 0.7472993 0.8966577 0.7252835 0.8470472 0.3154063 0.3476508 0.3080635 0.3111933 0.3246443 0.3402096 0.273601 0.1546573 0.3017258 0.185593 0.273626 0.1860064 0.3284481 0.1753458 0.3114658 0.20754 0.3106299 0.1999644 0.3246443 0.3402096 0.3107117 0.3017691 0.3285695 0.326241 0.2321064 0.3479931 0.2737306 0.3160313 0.273756 0.3473804 0.2228556 0.3406279 0.2456308 0.3164446 0.2321064 0.3479931 0.3285695 0.326241 0.3115355 0.2941867 0.3297905 0.3150023 0.2195916 0.2512412 0.2358899 0.2944972 0.2176684 0.3154626 0.2189075 0.3266913 0.2393895 0.3114755 0.2228556 0.3406279 0.2227119 0.1618282 0.2455258 0.185824 0.2392926 0.1908444 0.2319508 0.154387 0.273626 0.1860064 0.2455258 0.185824 0.2176684 0.3154626 0.2367258 0.302073 0.2189075 0.3266913 0.2187861 0.1757972 0.2392926 0.1908444 0.236644 0.2002689 0.2175652 0.187036 0.2371874 0.2511689 0.2195916 0.2512412 0.273756 0.3473804 0.3018308 0.3162137 0.3154063 0.3476508 0.2175652 0.187036 0.236644 0.2002689 0.2358202 0.2078515 0.3245007 0.1614096 0.3106299 0.1999644 0.3079666 0.190562 0.2074248 0.2822428 0.1714776 0.4816825 0.1714776 0.2822428 0.2014727 0.2946447 0.2808984 0.2396045 0.2809424 0.2943181 0.2433721 0.2822428 0.2074248 0.4816825 0.2074248 0.2822428 0.04248934 0.2104675 0.122003 0.3093304 0.04253333 0.3099244 0.3296872 0.1865744 0.3101683 0.2508689 0.3114658 0.20754 0.3152506 0.1540445 0.3079666 0.190562 0.3017258 0.185593 0.04253333 0.3099244 0.122047 0.4087873 0.04257738 0.4093813 0.3277641 0.2507965 0.3115355 0.2941867 0.3101683 0.2508689 0.2015168 0.3493583 0.2809424 0.2943181 0.2809864 0.3490316 0.1821426 0.3698222 0.195055 0.4414618 0.1821426 0.4414619 0.1692302 0.4414619 0.1682957 0.3698222 0.1692302 0.3698222 0.04260075 0.5213245 0.1220394 0.4743887 0.1219984 0.5205011 0.04256975 0.4751682 0.122047 0.4087873 0.1220394 0.4743887 0.1714776 0.2822428 0.1688759 0.4816825 0.1688759 0.2822428 0.2014052 0.2108599 0.2808675 0.2250689 0.2013977 0.2253956 0.2013977 0.2253956 0.2808984 0.2396045 0.2014287 0.2399312 0.2433721 0.4816824 0.2459738 0.2822428 0.2459738 0.4816825 0.04246592 0.09875416 0.1219279 0.1440868 0.04245835 0.1448662 0.04245835 0.1448662 0.1219589 0.2098734 0.04248934 0.2104675 0.195055 0.3698222 0.1959896 0.4414619 0.195055 0.4414618 0.2015402 0.3784295 0.2809788 0.3635673 0.280938 0.3781032 0.2015093 0.3638939 0.2809864 0.3490316 0.2809788 0.3635673 0.1692302 0.3698222 0.1821426 0.4414619 0.1692302 0.4414619 0.3187934 0.359764 0.3263316 0.4095868 0.3125607 0.3647843 0.3214415 0.3503398 0.3377602 0.4044511 0.3187934 0.359764 0.3222653 0.3427574 0.3403794 0.3904476 0.3214415 0.3503398 0.2500224 0.2394151 0.242484 0.1895922 0.2562556 0.2343947 0.2473738 0.2488396 0.2310554 0.1947278 0.2500224 0.2394151 0.2465501 0.2564222 0.2284362 0.2087314 0.2473738 0.2488396 0.3186964 0.2391327 0.3261692 0.1892169 0.3375764 0.1943253 0.3213597 0.248535 0.3375764 0.1943253 0.34022 0.2083091 0.3221957 0.2561107 0.34022 0.2083091 0.3411999 0.2274212 0.2501194 0.3600462 0.2426463 0.4099621 0.2312392 0.4048537 0.2474557 0.3506436 0.2312392 0.4048537 0.2285956 0.3908699 0.2466197 0.3430678 0.2285956 0.3908699 0.2276157 0.3717579 0.3125607 0.3647843 0.2844889 0.4097745 0.2844604 0.364602 0.3222653 0.3427574 0.3412628 0.2993747 0.3413258 0.3713282 0.3221957 0.2561107 0.3412628 0.2993747 0.3222122 0.2994395 0.3124557 0.2341637 0.2843266 0.1894046 0.3261692 0.1892169 0.2563606 0.3650153 0.2844889 0.4097745 0.2426463 0.4099621 0.2466197 0.3430678 0.2275528 0.2998043 0.2466032 0.2997395 0.2562556 0.2343947 0.2843266 0.1894046 0.2843559 0.2345771 0.2465501 0.2564222 0.2275528 0.2998043 0.2274898 0.2278508 0.7250209 0.9457658 0.7342593 0.9732943 0.7266854 0.9578261 0.769578 0.8475485 0.7693457 0.8969455 0.7472993 0.8966577 0.7693153 0.9462667 0.7600291 0.9736789 0.7472993 0.8966577 0.7345694 0.8196371 0.7472993 0.8966577 0.7252835 0.8470472 0.3154063 0.3476508 0.3080635 0.3111933 0.3246443 0.3402096 0.273601 0.1546573 0.3017258 0.185593 0.273626 0.1860064 0.3284481 0.1753458 0.3114658 0.20754 0.3106299 0.1999644 0.3246443 0.3402096 0.3107117 0.3017691 0.3285695 0.326241 0.2321064 0.3479931 0.2737306 0.3160313 0.273756 0.3473804 0.2228556 0.3406279 0.2456308 0.3164446 0.2321064 0.3479931 0.3285695 0.326241 0.3115355 0.2941867 0.3297905 0.3150023 0.2195916 0.2512412 0.2358899 0.2944972 0.2176684 0.3154626 0.2189075 0.3266913 0.2393895 0.3114755 0.2228556 0.3406279 0.2227119 0.1618282 0.2455258 0.185824 0.2392926 0.1908444 0.2319508 0.154387 0.273626 0.1860064 0.2455258 0.185824 0.2176684 0.3154626 0.2367258 0.302073 0.2189075 0.3266913 0.2187861 0.1757972 0.2392926 0.1908444 0.236644 0.2002689 0.2175652 0.187036 0.2371874 0.2511689 0.2195916 0.2512412 0.273756 0.3473804 0.3018308 0.3162137 0.3154063 0.3476508 0.2175652 0.187036 0.236644 0.2002689 0.2358202 0.2078515 0.3245007 0.1614096 0.3079666 0.190562 0.3106299 0.1999644 0.2074248 0.2822428 0.1714776 0.2822428 0.1714776 0.4816825 0.2809424 0.2943181 0.2808984 0.2396045 0.2014287 0.2399312 0.2433721 0.2822428 0.2074248 0.2822428 0.2074248 0.4816825 0.1219589 0.2098734 0.04248934 0.2104675 0.04253333 0.3099244 0.3277641 0.2507965 0.3296872 0.1865744 0.3114658 0.20754 0.3152506 0.1540445 0.3017258 0.185593 0.3079666 0.190562 0.122003 0.3093304 0.04253333 0.3099244 0.04257738 0.4093813 0.3297905 0.3150023 0.3277641 0.2507965 0.3101683 0.2508689 0.2809864 0.3490316 0.2809424 0.2943181 0.2014727 0.2946447 0.1821426 0.3698222 0.1821426 0.4414619 0.195055 0.4414618 0.1692302 0.4414619 0.1692302 0.3698222 0.1682957 0.3698222 0.04260075 0.5213245 0.1219984 0.5205011 0.1220394 0.4743887 0.04256975 0.4751682 0.1220394 0.4743887 0.122047 0.4087873 0.1714776 0.2822428 0.1688759 0.2822428 0.1688759 0.4816825 0.2014052 0.2108599 0.2013977 0.2253956 0.2808675 0.2250689 0.2013977 0.2253956 0.2014287 0.2399312 0.2808984 0.2396045 0.2433721 0.4816824 0.2459738 0.4816825 0.2459738 0.2822428 0.04246592 0.09875416 0.04245835 0.1448662 0.1219279 0.1440868 0.04245835 0.1448662 0.04248934 0.2104675 0.1219589 0.2098734 0.195055 0.3698222 0.195055 0.4414618 0.1959896 0.4414619 0.2015402 0.3784295 0.280938 0.3781032 0.2809788 0.3635673 0.2015093 0.3638939 0.2809788 0.3635673 0.2809864 0.3490316 0.1692302 0.3698222 0.1692302 0.4414619 0.1821426 0.4414619 0.3187934 0.359764 0.3125607 0.3647843 0.3263316 0.4095868 0.3214415 0.3503398 0.3187934 0.359764 0.3377602 0.4044511 0.3222653 0.3427574 0.3214415 0.3503398 0.3403794 0.3904476 0.2500224 0.2394151 0.2562556 0.2343947 0.242484 0.1895922 0.2473738 0.2488396 0.2500224 0.2394151 0.2310554 0.1947278 0.2465501 0.2564222 0.2473738 0.2488396 0.2284362 0.2087314 0.3186964 0.2391327 0.3375764 0.1943253 0.3261692 0.1892169 0.3213597 0.248535 0.34022 0.2083091 0.3375764 0.1943253 0.3221957 0.2561107 0.3411999 0.2274212 0.34022 0.2083091 0.2501194 0.3600462 0.2312392 0.4048537 0.2426463 0.4099621 0.2474557 0.3506436 0.2285956 0.3908699 0.2312392 0.4048537 0.2466197 0.3430678 0.2276157 0.3717579 0.2285956 0.3908699 0.3125607 0.3647843 0.2844604 0.364602 0.2844889 0.4097745 0.3222653 0.3427574 0.3413258 0.3713282 0.3412628 0.2993747 0.3221957 0.2561107 0.3222122 0.2994395 0.3412628 0.2993747 0.3124557 0.2341637 0.3261692 0.1892169 0.2843266 0.1894046 0.2563606 0.3650153 0.2426463 0.4099621 0.2844889 0.4097745 0.2466197 0.3430678 0.2466032 0.2997395 0.2275528 0.2998043 0.2562556 0.2343947 0.2843559 0.2345771 0.2843266 0.1894046 0.2465501 0.2564222 0.2274898 0.2278508 0.2275528 0.2998043 0.7266854 0.9578261 0.7471287 0.9738366 0.7250209 0.9457658 0.7472993 0.8966577 0.769578 0.8475485 0.7474699 0.8194791 0.7471287 0.9738366 0.7693153 0.9462667 0.7472993 0.8966577 0.7270064 0.8350179 0.7345694 0.8196371 0.730211 0.8267388 0.3154063 0.3476508 0.3246443 0.3402096 0.3080635 0.3111933 0.273601 0.1546573 0.273626 0.1860064 0.3017258 0.185593 0.3284481 0.1753458 0.3106299 0.1999644 0.3114658 0.20754 0.3246443 0.3402096 0.3285695 0.326241 0.3107117 0.3017691 0.2321064 0.3479931 0.273756 0.3473804 0.2737306 0.3160313 0.2228556 0.3406279 0.2321064 0.3479931 0.2456308 0.3164446 0.3285695 0.326241 0.3297905 0.3150023 0.3115355 0.2941867 0.2176684 0.3154626 0.2358899 0.2944972 0.2371874 0.2511689 0.2189075 0.3266913 0.2228556 0.3406279 0.2393895 0.3114755 0.2227119 0.1618282 0.2392926 0.1908444 0.2455258 0.185824 0.2319508 0.154387 0.2455258 0.185824 0.273626 0.1860064 0.2176684 0.3154626 0.2189075 0.3266913 0.2367258 0.302073 0.2187861 0.1757972 0.236644 0.2002689 0.2392926 0.1908444 0.2195916 0.2512412 0.2371874 0.2511689 0.2358202 0.2078515 0.273756 0.3473804 0.3154063 0.3476508 0.3018308 0.3162137 0.2175652 0.187036 0.2358202 0.2078515 0.236644 0.2002689 0.3284481 0.1753458 0.3079666 0.190562 0.3245007 0.1614096 0.2074248 0.4816825 0.1714776 0.2822428 0.2074248 0.2822428 0.2014727 0.2946447 0.2808984 0.2396045 0.2809424 0.2943181 0.2433721 0.4816824 0.2074248 0.2822428 0.2433721 0.2822428 0.04248934 0.2104675 0.122003 0.3093304 0.04253333 0.3099244 0.3296872 0.1865744 0.3101683 0.2508689 0.3114658 0.20754 0.3245007 0.1614096 0.3017258 0.185593 0.3152506 0.1540445 0.04253333 0.3099244 0.122047 0.4087873 0.04257738 0.4093813 0.3277641 0.2507965 0.3115355 0.2941867 0.3101683 0.2508689 0.2015168 0.3493583 0.2809424 0.2943181 0.2809864 0.3490316 0.195055 0.3698222 0.1821426 0.4414619 0.1821426 0.3698222 0.1692302 0.3698222 0.1682957 0.4414619 0.1682957 0.3698222 0.1219984 0.5205011 0.04256975 0.4751682 0.1220394 0.4743887 0.1220394 0.4743887 0.04257738 0.4093813 0.122047 0.4087873 0.1714776 0.4816825 0.1688759 0.2822428 0.1714776 0.2822428 0.2808033 0.2105335 0.2013977 0.2253956 0.2014052 0.2108599 0.2808675 0.2250689 0.2014287 0.2399312 0.2013977 0.2253956 0.2433721 0.2822428 0.2459738 0.4816825 0.2433721 0.4816824 0.1218636 0.09793072 0.04245835 0.1448662 0.04246592 0.09875416 0.1219279 0.1440868 0.04248934 0.2104675 0.04245835 0.1448662 0.195055 0.4414618 0.1959895 0.3698222 0.1959896 0.4414619 0.280938 0.3781032 0.2015093 0.3638939 0.2809788 0.3635673 0.2809788 0.3635673 0.2015168 0.3493583 0.2809864 0.3490316 0.1821426 0.3698222 0.1692302 0.4414619 0.1692302 0.3698222 0.3187934 0.359764 0.3263316 0.4095868 0.3125607 0.3647843 0.3214415 0.3503398 0.3377602 0.4044511 0.3187934 0.359764 0.3222653 0.3427574 0.3403794 0.3904476 0.3214415 0.3503398 0.2500224 0.2394151 0.242484 0.1895922 0.2562556 0.2343947 0.2473738 0.2488396 0.2310554 0.1947278 0.2500224 0.2394151 0.2465501 0.2564222 0.2284362 0.2087314 0.2473738 0.2488396 0.3186964 0.2391327 0.3261692 0.1892169 0.3375764 0.1943253 0.3213597 0.248535 0.3375764 0.1943253 0.34022 0.2083091 0.3221957 0.2561107 0.34022 0.2083091 0.3411999 0.2274212 0.2501194 0.3600462 0.2426463 0.4099621 0.2312392 0.4048537 0.2474557 0.3506436 0.2312392 0.4048537 0.2285956 0.3908699 0.2466197 0.3430678 0.2285956 0.3908699 0.2276157 0.3717579 0.3125607 0.3647843 0.2844889 0.4097745 0.2844604 0.364602 0.3222653 0.3427574 0.3412628 0.2993747 0.3413258 0.3713282 0.3221957 0.2561107 0.3412628 0.2993747 0.3222122 0.2994395 0.3124557 0.2341637 0.2843266 0.1894046 0.3261692 0.1892169 0.2563606 0.3650153 0.2844889 0.4097745 0.2426463 0.4099621 0.2466197 0.3430678 0.2275528 0.2998043 0.2466032 0.2997395 0.2562556 0.2343947 0.2843266 0.1894046 0.2843559 0.2345771 0.2465501 0.2564222 0.2275528 0.2998043 0.2274898 0.2278508 0.7471287 0.9738366 0.7266854 0.9578261 0.7250209 0.9457658 0.7472993 0.8966577 0.7474699 0.8194791 0.769578 0.8475485 0.7471287 0.9738366 0.7472993 0.8966577 0.7693153 0.9462667 0.7270064 0.8350179 0.730211 0.8267388 0.7345694 0.8196371 0.3246443 0.3402096 0.3018308 0.3162137 0.3080635 0.3111933 0.3152506 0.1540445 0.273626 0.1860064 0.273601 0.1546573 0.3296872 0.1865744 0.3106299 0.1999644 0.3284481 0.1753458 0.3285695 0.326241 0.3080635 0.3111933 0.3107117 0.3017691 0.273756 0.3473804 0.2456308 0.3164446 0.2737306 0.3160313 0.2321064 0.3479931 0.2393895 0.3114755 0.2456308 0.3164446 0.3297905 0.3150023 0.3107117 0.3017691 0.3115355 0.2941867 0.2195916 0.2512412 0.2358899 0.2944972 0.2176684 0.3154626 0.2228556 0.3406279 0.2367258 0.302073 0.2393895 0.3114755 0.2319508 0.154387 0.2392926 0.1908444 0.2227119 0.1618282 0.273601 0.1546573 0.2455258 0.185824 0.2319508 0.154387 0.2189075 0.3266913 0.2358899 0.2944972 0.2367258 0.302073 0.2227119 0.1618282 0.236644 0.2002689 0.2187861 0.1757972 0.2175652 0.187036 0.2371874 0.2511689 0.2195916 0.2512412 0.3154063 0.3476508 0.2737306 0.3160313 0.3018308 0.3162137 0.2187861 0.1757972 0.2358202 0.2078515 0.2175652 0.187036 8.51164e-4 0.08464521 0.2561881 0.01424372 0.2562425 0.0846256 0.2568563 0.08654755 9.29676e-4 0.01444977 9.39868e-4 0.08654588 7.51536e-4 0.08678334 0.2566559 0.01465141 7.50087e-4 0.01466196 0.4414631 0.2359114 0.4411777 0.1842424 0.4610059 0.2100657 0.4609215 0.210415 0.4414336 0.2359002 0.4412392 0.1842687 0.8763415 0.5503389 0.9374836 0.3339988 0.9374879 0.5502309 0.9986341 0.5501226 0.9374836 0.3339988 0.9986261 0.3338332 0.9986504 0.993409 0.937492 0.7664628 0.9986421 0.7664121 0.8763425 0.9933897 0.937492 0.7664628 0.9374964 0.9933993 0.9986421 0.7664121 0.9374879 0.5502309 0.9986341 0.5501226 0.8763419 0.7665135 0.9374879 0.5502309 0.937492 0.7664628 0.2562425 0.0846256 8.46098e-4 0.01429241 0.2561881 0.01424372 0.2568563 0.08654755 9.29676e-4 0.01444977 9.39868e-4 0.08654588 7.51536e-4 0.08678334 0.2566559 0.01465141 7.50087e-4 0.01466196 0.4414631 0.2359114 0.4411777 0.1842424 0.4610059 0.2100657 0.4609215 0.210415 0.4414336 0.2359002 0.4412392 0.1842687 0.2562425 0.0846256 8.46098e-4 0.01429241 0.2561881 0.01424372 0.2568563 0.08654755 9.29676e-4 0.01444977 9.39868e-4 0.08654588 7.51536e-4 0.08678334 0.2566559 0.01465141 7.50087e-4 0.01466196 0.4414631 0.2359114 0.4411777 0.1842424 0.4610059 0.2100657 0.4609215 0.210415 0.4414336 0.2359002 0.4412392 0.1842687 8.51164e-4 0.08464521 0.2561881 0.01424372 0.2562425 0.0846256 0.2568563 0.08654755 9.29676e-4 0.01444977 9.39868e-4 0.08654588 7.51536e-4 0.08678334 0.2566559 0.01465141 7.50087e-4 0.01466196 0.4414631 0.2359114 0.4411777 0.1842424 0.4610059 0.2100657 0.4609215 0.210415 0.4414336 0.2359002 0.4412392 0.1842687 0.2562425 0.0846256 8.46098e-4 0.01429241 0.2561881 0.01424372 0.2568563 0.08654755 9.29676e-4 0.01444977 9.39868e-4 0.08654588 7.51536e-4 0.08678334 0.2566559 0.01465141 7.50087e-4 0.01466196 0.4414631 0.2359114 0.4411777 0.1842424 0.4610059 0.2100657 0.4609215 0.210415 0.4414336 0.2359002 0.4412392 0.1842687 0.2562425 0.0846256 8.46098e-4 0.01429241 0.2561881 0.01424372 0.2568563 0.08654755 9.29676e-4 0.01444977 9.39868e-4 0.08654588 7.51536e-4 0.08678334 0.2566559 0.01465141 7.50087e-4 0.01466196 0.4414631 0.2359114 0.4411777 0.1842424 0.4610059 0.2100657 0.4609215 0.210415 0.4414336 0.2359002 0.4412392 0.1842687 0.8763415 0.5503389 0.9374836 0.3339988 0.9374879 0.5502309 0.9986341 0.5501226 0.9374836 0.3339988 0.9986261 0.3338332 0.9986504 0.993409 0.937492 0.7664628 0.9986421 0.7664121 0.8763425 0.9933897 0.937492 0.7664628 0.9374964 0.9933993 0.9986421 0.7664121 0.9374879 0.5502309 0.9986341 0.5501226 0.8763419 0.7665135 0.9374879 0.5502309 0.937492 0.7664628 0.8763415 0.5503389 0.9374836 0.3339988 0.9374879 0.5502309 0.9986341 0.5501226 0.9374836 0.3339988 0.9986261 0.3338332 0.9986504 0.993409 0.937492 0.7664628 0.9986421 0.7664121 0.8763425 0.9933897 0.937492 0.7664628 0.9374964 0.9933993 0.9986421 0.7664121 0.9374879 0.5502309 0.9986341 0.5501226 0.8763419 0.7665135 0.9374879 0.5502309 0.937492 0.7664628 0.8763415 0.5503389 0.9374836 0.3339988 0.9374879 0.5502309 0.9986341 0.5501226 0.9374836 0.3339988 0.9986261 0.3338332 0.9986504 0.993409 0.937492 0.7664628 0.9986421 0.7664121 0.8763425 0.9933897 0.937492 0.7664628 0.9374964 0.9933993 0.9986421 0.7664121 0.9374879 0.5502309 0.9986341 0.5501226 0.8763419 0.7665135 0.9374879 0.5502309 0.937492 0.7664628 0.8763415 0.5503389 0.9374836 0.3339988 0.9374879 0.5502309 0.9986341 0.5501226 0.9374836 0.3339988 0.9986261 0.3338332 0.9986504 0.993409 0.937492 0.7664628 0.9986421 0.7664121 0.8763425 0.9933897 0.937492 0.7664628 0.9374964 0.9933993 0.9986421 0.7664121 0.9374879 0.5502309 0.9986341 0.5501226 0.8763419 0.7665135 0.9374879 0.5502309 0.937492 0.7664628 0.8763415 0.5503389 0.9374836 0.3339988 0.9374879 0.5502309 0.9986341 0.5501226 0.9374836 0.3339988 0.9986261 0.3338332 0.9986504 0.993409 0.937492 0.7664628 0.9986421 0.7664121 0.8763425 0.9933897 0.937492 0.7664628 0.9374964 0.9933993 0.9986421 0.7664121 0.9374879 0.5502309 0.9986341 0.5501226 0.8763419 0.7665135 0.9374879 0.5502309 0.937492 0.7664628 0.3245007 0.1614096 0.3106299 0.1999644 0.3079666 0.190562 0.2074248 0.2822428 0.1714776 0.4816825 0.1714776 0.2822428 0.2809424 0.2943181 0.2014287 0.2399312 0.2808984 0.2396045 0.2433721 0.2822428 0.2074248 0.4816825 0.2074248 0.2822428 0.1219589 0.2098734 0.04253333 0.3099244 0.04248934 0.2104675 0.3277641 0.2507965 0.3114658 0.20754 0.3296872 0.1865744 0.3152506 0.1540445 0.3079666 0.190562 0.3017258 0.185593 0.122003 0.3093304 0.04257738 0.4093813 0.04253333 0.3099244 0.3297905 0.3150023 0.3101683 0.2508689 0.3277641 0.2507965 0.2809864 0.3490316 0.2014727 0.2946447 0.2809424 0.2943181 0.1821426 0.3698222 0.195055 0.4414618 0.1821426 0.4414619 0.1692302 0.4414619 0.1682957 0.3698222 0.1692302 0.3698222 0.04260075 0.5213245 0.1220394 0.4743887 0.1219984 0.5205011 0.04256975 0.4751682 0.122047 0.4087873 0.1220394 0.4743887 0.1714776 0.2822428 0.1688759 0.4816825 0.1688759 0.2822428 0.2014052 0.2108599 0.2808675 0.2250689 0.2013977 0.2253956 0.2013977 0.2253956 0.2808984 0.2396045 0.2014287 0.2399312 0.2433721 0.4816824 0.2459738 0.2822428 0.2459738 0.4816825 0.04246592 0.09875416 0.1219279 0.1440868 0.04245835 0.1448662 0.04245835 0.1448662 0.1219589 0.2098734 0.04248934 0.2104675 0.195055 0.3698222 0.1959896 0.4414619 0.195055 0.4414618 0.2015402 0.3784295 0.2809788 0.3635673 0.280938 0.3781032 0.2015093 0.3638939 0.2809864 0.3490316 0.2809788 0.3635673 0.1692302 0.3698222 0.1821426 0.4414619 0.1692302 0.4414619 0.3187934 0.359764 0.3263316 0.4095868 0.3125607 0.3647843 0.3214415 0.3503398 0.3377602 0.4044511 0.3187934 0.359764 0.3222653 0.3427574 0.3403794 0.3904476 0.3214415 0.3503398 0.2500224 0.2394151 0.242484 0.1895922 0.2562556 0.2343947 0.2473738 0.2488396 0.2310554 0.1947278 0.2500224 0.2394151 0.2465501 0.2564222 0.2284362 0.2087314 0.2473738 0.2488396 0.3186964 0.2391327 0.3261692 0.1892169 0.3375764 0.1943253 0.3213597 0.248535 0.3375764 0.1943253 0.34022 0.2083091 0.3221957 0.2561107 0.34022 0.2083091 0.3411999 0.2274212 0.2501194 0.3600462 0.2426463 0.4099621 0.2312392 0.4048537 0.2474557 0.3506436 0.2312392 0.4048537 0.2285956 0.3908699 0.2466197 0.3430678 0.2285956 0.3908699 0.2276157 0.3717579 0.3125607 0.3647843 0.2844889 0.4097745 0.2844604 0.364602 0.3222653 0.3427574 0.3412628 0.2993747 0.3413258 0.3713282 0.3221957 0.2561107 0.3412628 0.2993747 0.3222122 0.2994395 0.3124557 0.2341637 0.2843266 0.1894046 0.3261692 0.1892169 0.2563606 0.3650153 0.2844889 0.4097745 0.2426463 0.4099621 0.2466197 0.3430678 0.2275528 0.2998043 0.2466032 0.2997395 0.2562556 0.2343947 0.2843266 0.1894046 0.2843559 0.2345771 0.2465501 0.2564222 0.2275528 0.2998043 0.2274898 0.2278508 0.7250209 0.9457658 0.7342593 0.9732943 0.7266854 0.9578261 0.769578 0.8475485 0.7693457 0.8969455 0.7472993 0.8966577 0.7693153 0.9462667 0.7600291 0.9736789 0.7472993 0.8966577 0.7345694 0.8196371 0.7472993 0.8966577 0.7252835 0.8470472 0.3154063 0.3476508 0.3080635 0.3111933 0.3246443 0.3402096 0.273601 0.1546573 0.3017258 0.185593 0.273626 0.1860064 0.3284481 0.1753458 0.3114658 0.20754 0.3106299 0.1999644 0.3246443 0.3402096 0.3107117 0.3017691 0.3285695 0.326241 0.2321064 0.3479931 0.2737306 0.3160313 0.273756 0.3473804 0.2228556 0.3406279 0.2456308 0.3164446 0.2321064 0.3479931 0.3285695 0.326241 0.3115355 0.2941867 0.3297905 0.3150023 0.2176684 0.3154626 0.2371874 0.2511689 0.2358899 0.2944972 0.2189075 0.3266913 0.2393895 0.3114755 0.2228556 0.3406279 0.2227119 0.1618282 0.2455258 0.185824 0.2392926 0.1908444 0.2319508 0.154387 0.273626 0.1860064 0.2455258 0.185824 0.2176684 0.3154626 0.2367258 0.302073 0.2189075 0.3266913 0.2187861 0.1757972 0.2392926 0.1908444 0.236644 0.2002689 0.2195916 0.2512412 0.2358202 0.2078515 0.2371874 0.2511689 0.273756 0.3473804 0.3018308 0.3162137 0.3154063 0.3476508 0.2175652 0.187036 0.236644 0.2002689 0.2358202 0.2078515 8.51164e-4 0.08464521 8.46098e-4 0.01429241 0.2561881 0.01424372 9.39868e-4 0.08654588 0.2568563 0.08654755 0.2568532 0.01440376 7.50087e-4 0.01466196 7.51536e-4 0.08678334 0.2566313 0.08673894 0.7431471 0.9157854 0.7431265 0.9541178 0.7389763 0.9541173 0.7442253 0.8391197 0.7442048 0.8774527 0.7431671 0.8774526 0.7431163 0.9732843 0.7441533 0.9732844 0.7441437 0.9924507 0.7452625 0.8391197 0.7452421 0.8774529 0.7442048 0.8774527 0.7441533 0.9732844 0.7451912 0.9732846 0.7451809 0.9924508 0.7431471 0.9157854 0.7441847 0.9157854 0.7441637 0.954118 0.7441847 0.9157854 0.7452214 0.9157853 0.7452015 0.954118 0.7431571 0.8966192 0.7441943 0.8966184 0.7441847 0.9157854 0.7441943 0.8966184 0.7452322 0.8966186 0.7452214 0.9157853 0.746259 0.9157857 0.7462386 0.9541182 0.7452015 0.954118 0.7452322 0.8966186 0.7462694 0.8966187 0.746259 0.9157857 0.7452625 0.8391197 0.7462998 0.8391199 0.7462791 0.877453 0.7473375 0.83912 0.7473171 0.8774531 0.7462791 0.877453 0.7473066 0.8966196 0.7472965 0.9157862 0.746259 0.9157857 0.7483439 0.8966198 0.748334 0.9157859 0.7472965 0.9157862 0.7483742 0.8391202 0.7483539 0.8774533 0.7473171 0.8774531 0.7472659 0.9732848 0.7472558 0.9924511 0.7462182 0.992451 0.7483032 0.973285 0.7482926 0.9924513 0.7472558 0.9924511 0.7494121 0.8391203 0.7493916 0.8774534 0.7483539 0.8774533 0.7493404 0.9732851 0.7493305 0.9924514 0.7482926 0.9924513 0.7472965 0.9157862 0.748334 0.9157859 0.7483135 0.9541188 0.748334 0.9157859 0.7493712 0.9157861 0.7493507 0.9541189 0.7493404 0.9732851 0.750378 0.9732853 0.7503675 0.9924516 0.7493712 0.9157861 0.7504084 0.9157862 0.7503882 0.954119 0.7493817 0.8966199 0.7504188 0.89662 0.7504084 0.9157862 0.7483439 0.8966198 0.7493817 0.8966199 0.7493712 0.9157861 0.7514562 0.8966202 0.7514463 0.9157867 0.7504084 0.9157862 0.7504084 0.9157862 0.7514463 0.9157867 0.7514258 0.9541192 0.7555952 0.9157872 0.7597455 0.915788 0.7597248 0.9541202 0.7514871 0.8391205 0.7514665 0.8774536 0.7504289 0.8774535 0.750378 0.9732853 0.7514151 0.9732853 0.7514052 0.9924516 0.7504494 0.8391204 0.7504289 0.8774535 0.7493916 0.8774534 0.746259 0.9157857 0.7472965 0.9157862 0.7472761 0.9541183 0.7451912 0.9732846 0.7462279 0.9732847 0.7462182 0.992451 0.7462386 0.9541182 0.7462279 0.9732847 0.7451912 0.9732846 0.7514258 0.9541192 0.7514151 0.9732853 0.750378 0.9732853 0.7555952 0.9157872 0.7555752 0.9541197 0.7514258 0.9541192 0.7504289 0.8774535 0.7514665 0.8774536 0.7514562 0.8966202 0.7493916 0.8774534 0.7493817 0.8966199 0.7483439 0.8966198 0.7504289 0.8774535 0.7504188 0.89662 0.7493817 0.8966199 0.7503882 0.954119 0.750378 0.9732853 0.7493404 0.9732851 0.7483135 0.9541188 0.7493507 0.9541189 0.7493404 0.9732851 0.7472761 0.9541183 0.7483135 0.9541188 0.7483032 0.973285 0.7462386 0.9541182 0.7472761 0.9541183 0.7472659 0.9732848 0.7473171 0.8774531 0.7483539 0.8774533 0.7483439 0.8966198 0.7462791 0.877453 0.7473171 0.8774531 0.7473066 0.8966196 0.7452421 0.8774529 0.7462791 0.877453 0.7462694 0.8966187 0.7452421 0.8774529 0.7452322 0.8966186 0.7441943 0.8966184 0.7442048 0.8774527 0.7441943 0.8966184 0.7431571 0.8966192 0.7452015 0.954118 0.7451912 0.9732846 0.7441533 0.9732844 0.7441637 0.954118 0.7441533 0.9732844 0.7431163 0.9732843 0.7389965 0.9157848 0.7389763 0.9541173 0.734826 0.9541164 0.9201919 0.08030891 0.9107439 0.07975167 0.9107813 0.0697456 0.9107813 0.0697456 0.9107439 0.07975167 0.9012959 0.07919412 0.9013334 0.06918805 0.9012959 0.07919412 0.891848 0.07863682 0.891848 0.07863682 0.8824 0.07807958 0.8824375 0.06807333 0.9013334 0.06918805 0.8918855 0.06863081 0.8919228 0.05862355 0.9012959 0.07919412 0.9012586 0.08920013 0.8918106 0.08864265 0.7389965 0.9157848 0.7431471 0.9157854 0.7431265 0.9541178 0.7442253 0.8391197 0.7442048 0.8774527 0.7431671 0.8774526 0.7431163 0.9732843 0.7441533 0.9732844 0.7441437 0.9924507 0.7452625 0.8391197 0.7452421 0.8774529 0.7442048 0.8774527 0.7441533 0.9732844 0.7451912 0.9732846 0.7451809 0.9924508 0.7431471 0.9157854 0.7441847 0.9157854 0.7441637 0.954118 0.7441847 0.9157854 0.7452214 0.9157853 0.7452015 0.954118 0.7441943 0.8966184 0.7441847 0.9157854 0.7431471 0.9157854 0.7452322 0.8966186 0.7452214 0.9157853 0.7441847 0.9157854 0.7452214 0.9157853 0.746259 0.9157857 0.7462386 0.9541182 0.7462694 0.8966187 0.746259 0.9157857 0.7452214 0.9157853 0.7462998 0.8391199 0.7462791 0.877453 0.7452421 0.8774529 0.7473375 0.83912 0.7473171 0.8774531 0.7462791 0.877453 0.7473066 0.8966196 0.7472965 0.9157862 0.746259 0.9157857 0.7483439 0.8966198 0.748334 0.9157859 0.7472965 0.9157862 0.7483742 0.8391202 0.7483539 0.8774533 0.7473171 0.8774531 0.7462279 0.9732847 0.7472659 0.9732848 0.7472558 0.9924511 0.7472659 0.9732848 0.7483032 0.973285 0.7482926 0.9924513 0.7483742 0.8391202 0.7494121 0.8391203 0.7493916 0.8774534 0.7483032 0.973285 0.7493404 0.9732851 0.7493305 0.9924514 0.7472965 0.9157862 0.748334 0.9157859 0.7483135 0.9541188 0.7493712 0.9157861 0.7493507 0.9541189 0.7483135 0.9541188 0.7493404 0.9732851 0.750378 0.9732853 0.7503675 0.9924516 0.7493712 0.9157861 0.7504084 0.9157862 0.7503882 0.954119 0.7504188 0.89662 0.7504084 0.9157862 0.7493712 0.9157861 0.7493817 0.8966199 0.7493712 0.9157861 0.748334 0.9157859 0.7514562 0.8966202 0.7514463 0.9157867 0.7504084 0.9157862 0.7504084 0.9157862 0.7514463 0.9157867 0.7514258 0.9541192 0.7597455 0.915788 0.7597248 0.9541202 0.7555752 0.9541197 0.7514871 0.8391205 0.7514665 0.8774536 0.7504289 0.8774535 0.750378 0.9732853 0.7514151 0.9732853 0.7514052 0.9924516 0.7504494 0.8391204 0.7504289 0.8774535 0.7493916 0.8774534 0.746259 0.9157857 0.7472965 0.9157862 0.7472761 0.9541183 0.7451912 0.9732846 0.7462279 0.9732847 0.7462182 0.992451 0.7452015 0.954118 0.7462386 0.9541182 0.7462279 0.9732847 0.7503882 0.954119 0.7514258 0.9541192 0.7514151 0.9732853 0.7555952 0.9157872 0.7555752 0.9541197 0.7514258 0.9541192 0.7514665 0.8774536 0.7514562 0.8966202 0.7504188 0.89662 0.7493916 0.8774534 0.7493817 0.8966199 0.7483439 0.8966198 0.7504289 0.8774535 0.7504188 0.89662 0.7493817 0.8966199 0.7493507 0.9541189 0.7503882 0.954119 0.750378 0.9732853 0.7483135 0.9541188 0.7493507 0.9541189 0.7493404 0.9732851 0.7472761 0.9541183 0.7483135 0.9541188 0.7483032 0.973285 0.7462386 0.9541182 0.7472761 0.9541183 0.7472659 0.9732848 0.7483539 0.8774533 0.7483439 0.8966198 0.7473066 0.8966196 0.7473171 0.8774531 0.7473066 0.8966196 0.7462694 0.8966187 0.7462791 0.877453 0.7462694 0.8966187 0.7452322 0.8966186 0.7452421 0.8774529 0.7452322 0.8966186 0.7441943 0.8966184 0.7442048 0.8774527 0.7441943 0.8966184 0.7431571 0.8966192 0.7441637 0.954118 0.7452015 0.954118 0.7451912 0.9732846 0.7431265 0.9541178 0.7441637 0.954118 0.7441533 0.9732844 0.7348463 0.915784 0.7389965 0.9157848 0.7389763 0.9541173 0.9201919 0.08030891 0.9107439 0.07975167 0.9107813 0.0697456 0.9107439 0.07975167 0.9012959 0.07919412 0.9013334 0.06918805 0.9013334 0.06918805 0.9012959 0.07919412 0.891848 0.07863682 0.8918855 0.06863081 0.891848 0.07863682 0.8824 0.07807958 0.9013708 0.05918079 0.9013334 0.06918805 0.8918855 0.06863081 0.9012586 0.08920013 0.8918106 0.08864265 0.891848 0.07863682 0.7431471 0.9157854 0.7431265 0.9541178 0.7389763 0.9541173 0.7442253 0.8391197 0.7442048 0.8774527 0.7431671 0.8774526 0.7431163 0.9732843 0.7441533 0.9732844 0.7441437 0.9924507 0.7442253 0.8391197 0.7452625 0.8391197 0.7452421 0.8774529 0.7451912 0.9732846 0.7451809 0.9924508 0.7441437 0.9924507 0.7431471 0.9157854 0.7441847 0.9157854 0.7441637 0.954118 0.7452214 0.9157853 0.7452015 0.954118 0.7441637 0.954118 0.7431571 0.8966192 0.7441943 0.8966184 0.7441847 0.9157854 0.7452322 0.8966186 0.7452214 0.9157853 0.7441847 0.9157854 0.746259 0.9157857 0.7462386 0.9541182 0.7452015 0.954118 0.7462694 0.8966187 0.746259 0.9157857 0.7452214 0.9157853 0.7452625 0.8391197 0.7462998 0.8391199 0.7462791 0.877453 0.7462998 0.8391199 0.7473375 0.83912 0.7473171 0.8774531 0.7462694 0.8966187 0.7473066 0.8966196 0.7472965 0.9157862 0.7473066 0.8966196 0.7483439 0.8966198 0.748334 0.9157859 0.7473375 0.83912 0.7483742 0.8391202 0.7483539 0.8774533 0.7462279 0.9732847 0.7472659 0.9732848 0.7472558 0.9924511 0.7472659 0.9732848 0.7483032 0.973285 0.7482926 0.9924513 0.7494121 0.8391203 0.7493916 0.8774534 0.7483539 0.8774533 0.7493404 0.9732851 0.7493305 0.9924514 0.7482926 0.9924513 0.748334 0.9157859 0.7483135 0.9541188 0.7472761 0.9541183 0.748334 0.9157859 0.7493712 0.9157861 0.7493507 0.9541189 0.750378 0.9732853 0.7503675 0.9924516 0.7493305 0.9924514 0.7504084 0.9157862 0.7503882 0.954119 0.7493507 0.9541189 0.7504188 0.89662 0.7504084 0.9157862 0.7493712 0.9157861 0.7483439 0.8966198 0.7493817 0.8966199 0.7493712 0.9157861 0.7514562 0.8966202 0.7514463 0.9157867 0.7504084 0.9157862 0.7514463 0.9157867 0.7514258 0.9541192 0.7503882 0.954119 0.7555952 0.9157872 0.7597455 0.915788 0.7597248 0.9541202 0.7504494 0.8391204 0.7514871 0.8391205 0.7514665 0.8774536 0.7514151 0.9732853 0.7514052 0.9924516 0.7503675 0.9924516 0.7494121 0.8391203 0.7504494 0.8391204 0.7504289 0.8774535 0.7472965 0.9157862 0.7472761 0.9541183 0.7462386 0.9541182 0.7451912 0.9732846 0.7462279 0.9732847 0.7462182 0.992451 0.7462386 0.9541182 0.7462279 0.9732847 0.7451912 0.9732846 0.7503882 0.954119 0.7514258 0.9541192 0.7514151 0.9732853 0.7555952 0.9157872 0.7555752 0.9541197 0.7514258 0.9541192 0.7504289 0.8774535 0.7514665 0.8774536 0.7514562 0.8966202 0.7493916 0.8774534 0.7493817 0.8966199 0.7483439 0.8966198 0.7493916 0.8774534 0.7504289 0.8774535 0.7504188 0.89662 0.7493507 0.9541189 0.7503882 0.954119 0.750378 0.9732853 0.7483135 0.9541188 0.7493507 0.9541189 0.7493404 0.9732851 0.7483135 0.9541188 0.7483032 0.973285 0.7472659 0.9732848 0.7472761 0.9541183 0.7472659 0.9732848 0.7462279 0.9732847 0.7483539 0.8774533 0.7483439 0.8966198 0.7473066 0.8966196 0.7473171 0.8774531 0.7473066 0.8966196 0.7462694 0.8966187 0.7452421 0.8774529 0.7462791 0.877453 0.7462694 0.8966187 0.7442048 0.8774527 0.7452421 0.8774529 0.7452322 0.8966186 0.7442048 0.8774527 0.7441943 0.8966184 0.7431571 0.8966192 0.7441637 0.954118 0.7452015 0.954118 0.7451912 0.9732846 0.7441637 0.954118 0.7441533 0.9732844 0.7431163 0.9732843 0.7389965 0.9157848 0.7389763 0.9541173 0.734826 0.9541164 0.9202294 0.07030314 0.9201919 0.08030891 0.9107439 0.07975167 0.9107439 0.07975167 0.9012959 0.07919412 0.9013334 0.06918805 0.9012959 0.07919412 0.891848 0.07863682 0.8918855 0.06863081 0.8918855 0.06863081 0.891848 0.07863682 0.8824 0.07807958 0.9013334 0.06918805 0.8918855 0.06863081 0.8919228 0.05862355 0.9012959 0.07919412 0.9012586 0.08920013 0.8918106 0.08864265 0.7389965 0.9157848 0.7431471 0.9157854 0.7431265 0.9541178 0.7442253 0.8391197 0.7442048 0.8774527 0.7431671 0.8774526 0.7431163 0.9732843 0.7441533 0.9732844 0.7441437 0.9924507 0.7442253 0.8391197 0.7452625 0.8391197 0.7452421 0.8774529 0.7451912 0.9732846 0.7451809 0.9924508 0.7441437 0.9924507 0.7431471 0.9157854 0.7441847 0.9157854 0.7441637 0.954118 0.7452214 0.9157853 0.7452015 0.954118 0.7441637 0.954118 0.7431571 0.8966192 0.7441943 0.8966184 0.7441847 0.9157854 0.7452322 0.8966186 0.7452214 0.9157853 0.7441847 0.9157854 0.746259 0.9157857 0.7462386 0.9541182 0.7452015 0.954118 0.7452322 0.8966186 0.7462694 0.8966187 0.746259 0.9157857 0.7452625 0.8391197 0.7462998 0.8391199 0.7462791 0.877453 0.7462998 0.8391199 0.7473375 0.83912 0.7473171 0.8774531 0.7462694 0.8966187 0.7473066 0.8966196 0.7472965 0.9157862 0.7483439 0.8966198 0.748334 0.9157859 0.7472965 0.9157862 0.7483742 0.8391202 0.7483539 0.8774533 0.7473171 0.8774531 0.7462279 0.9732847 0.7472659 0.9732848 0.7472558 0.9924511 0.7483032 0.973285 0.7482926 0.9924513 0.7472558 0.9924511 0.7494121 0.8391203 0.7493916 0.8774534 0.7483539 0.8774533 0.7493404 0.9732851 0.7493305 0.9924514 0.7482926 0.9924513 0.7472965 0.9157862 0.748334 0.9157859 0.7483135 0.9541188 0.748334 0.9157859 0.7493712 0.9157861 0.7493507 0.9541189 0.7493404 0.9732851 0.750378 0.9732853 0.7503675 0.9924516 0.7493712 0.9157861 0.7504084 0.9157862 0.7503882 0.954119 0.7493817 0.8966199 0.7504188 0.89662 0.7504084 0.9157862 0.7483439 0.8966198 0.7493817 0.8966199 0.7493712 0.9157861 0.7514562 0.8966202 0.7514463 0.9157867 0.7504084 0.9157862 0.7514463 0.9157867 0.7514258 0.9541192 0.7503882 0.954119 0.7555952 0.9157872 0.7597455 0.915788 0.7597248 0.9541202 0.7504494 0.8391204 0.7514871 0.8391205 0.7514665 0.8774536 0.7514151 0.9732853 0.7514052 0.9924516 0.7503675 0.9924516 0.7504494 0.8391204 0.7504289 0.8774535 0.7493916 0.8774534 0.7472965 0.9157862 0.7472761 0.9541183 0.7462386 0.9541182 0.7451912 0.9732846 0.7462279 0.9732847 0.7462182 0.992451 0.7462386 0.9541182 0.7462279 0.9732847 0.7451912 0.9732846 0.7503882 0.954119 0.7514258 0.9541192 0.7514151 0.9732853 0.7555952 0.9157872 0.7555752 0.9541197 0.7514258 0.9541192 0.7504289 0.8774535 0.7514665 0.8774536 0.7514562 0.8966202 0.7493916 0.8774534 0.7493817 0.8966199 0.7483439 0.8966198 0.7504289 0.8774535 0.7504188 0.89662 0.7493817 0.8966199 0.7503882 0.954119 0.750378 0.9732853 0.7493404 0.9732851 0.7483135 0.9541188 0.7493507 0.9541189 0.7493404 0.9732851 0.7472761 0.9541183 0.7483135 0.9541188 0.7483032 0.973285 0.7472761 0.9541183 0.7472659 0.9732848 0.7462279 0.9732847 0.7473171 0.8774531 0.7483539 0.8774533 0.7483439 0.8966198 0.7473171 0.8774531 0.7473066 0.8966196 0.7462694 0.8966187 0.7452421 0.8774529 0.7462791 0.877453 0.7462694 0.8966187 0.7442048 0.8774527 0.7452421 0.8774529 0.7452322 0.8966186 0.7442048 0.8774527 0.7441943 0.8966184 0.7431571 0.8966192 0.7441637 0.954118 0.7452015 0.954118 0.7451912 0.9732846 0.7441637 0.954118 0.7441533 0.9732844 0.7431163 0.9732843 0.7389965 0.9157848 0.7389763 0.9541173 0.734826 0.9541164 0.9201919 0.08030891 0.9107439 0.07975167 0.9107813 0.0697456 0.9107813 0.0697456 0.9107439 0.07975167 0.9012959 0.07919412 0.9013334 0.06918805 0.9012959 0.07919412 0.891848 0.07863682 0.891848 0.07863682 0.8824 0.07807958 0.8824375 0.06807333 0.9013708 0.05918079 0.9013334 0.06918805 0.8918855 0.06863081 0.9012586 0.08920013 0.8918106 0.08864265 0.891848 0.07863682 0.7431471 0.9157854 0.7431265 0.9541178 0.7389763 0.9541173 0.7431878 0.8391195 0.7442253 0.8391197 0.7442048 0.8774527 0.7441533 0.9732844 0.7441437 0.9924507 0.7431058 0.9924507 0.7442253 0.8391197 0.7452625 0.8391197 0.7452421 0.8774529 0.7451912 0.9732846 0.7451809 0.9924508 0.7441437 0.9924507 0.7441847 0.9157854 0.7441637 0.954118 0.7431265 0.9541178 0.7452214 0.9157853 0.7452015 0.954118 0.7441637 0.954118 0.7441943 0.8966184 0.7441847 0.9157854 0.7431471 0.9157854 0.7452322 0.8966186 0.7452214 0.9157853 0.7441847 0.9157854 0.746259 0.9157857 0.7462386 0.9541182 0.7452015 0.954118 0.7462694 0.8966187 0.746259 0.9157857 0.7452214 0.9157853 0.7452625 0.8391197 0.7462998 0.8391199 0.7462791 0.877453 0.7462998 0.8391199 0.7473375 0.83912 0.7473171 0.8774531 0.7462694 0.8966187 0.7473066 0.8966196 0.7472965 0.9157862 0.7473066 0.8966196 0.7483439 0.8966198 0.748334 0.9157859 0.7473375 0.83912 0.7483742 0.8391202 0.7483539 0.8774533 0.7462279 0.9732847 0.7472659 0.9732848 0.7472558 0.9924511 0.7472659 0.9732848 0.7483032 0.973285 0.7482926 0.9924513 0.7483742 0.8391202 0.7494121 0.8391203 0.7493916 0.8774534 0.7483032 0.973285 0.7493404 0.9732851 0.7493305 0.9924514 0.748334 0.9157859 0.7483135 0.9541188 0.7472761 0.9541183 0.7493712 0.9157861 0.7493507 0.9541189 0.7483135 0.9541188 0.750378 0.9732853 0.7503675 0.9924516 0.7493305 0.9924514 0.7504084 0.9157862 0.7503882 0.954119 0.7493507 0.9541189 0.7504188 0.89662 0.7504084 0.9157862 0.7493712 0.9157861 0.7493817 0.8966199 0.7493712 0.9157861 0.748334 0.9157859 0.7514562 0.8966202 0.7514463 0.9157867 0.7504084 0.9157862 0.7514463 0.9157867 0.7514258 0.9541192 0.7503882 0.954119 0.7555952 0.9157872 0.7597455 0.915788 0.7597248 0.9541202 0.7504494 0.8391204 0.7514871 0.8391205 0.7514665 0.8774536 0.7514151 0.9732853 0.7514052 0.9924516 0.7503675 0.9924516 0.7494121 0.8391203 0.7504494 0.8391204 0.7504289 0.8774535 0.7472965 0.9157862 0.7472761 0.9541183 0.7462386 0.9541182 0.7451912 0.9732846 0.7462279 0.9732847 0.7462182 0.992451 0.7462386 0.9541182 0.7462279 0.9732847 0.7451912 0.9732846 0.7503882 0.954119 0.7514258 0.9541192 0.7514151 0.9732853 0.7555952 0.9157872 0.7555752 0.9541197 0.7514258 0.9541192 0.7504289 0.8774535 0.7514665 0.8774536 0.7514562 0.8966202 0.7493916 0.8774534 0.7493817 0.8966199 0.7483439 0.8966198 0.7493916 0.8774534 0.7504289 0.8774535 0.7504188 0.89662 0.7493507 0.9541189 0.7503882 0.954119 0.750378 0.9732853 0.7483135 0.9541188 0.7493507 0.9541189 0.7493404 0.9732851 0.7483135 0.9541188 0.7483032 0.973285 0.7472659 0.9732848 0.7472761 0.9541183 0.7472659 0.9732848 0.7462279 0.9732847 0.7483539 0.8774533 0.7483439 0.8966198 0.7473066 0.8966196 0.7473171 0.8774531 0.7473066 0.8966196 0.7462694 0.8966187 0.7452421 0.8774529 0.7462791 0.877453 0.7462694 0.8966187 0.7442048 0.8774527 0.7452421 0.8774529 0.7452322 0.8966186 0.7431671 0.8774526 0.7442048 0.8774527 0.7441943 0.8966184 0.7441637 0.954118 0.7452015 0.954118 0.7451912 0.9732846 0.7431265 0.9541178 0.7441637 0.954118 0.7441533 0.9732844 0.7389965 0.9157848 0.7389763 0.9541173 0.734826 0.9541164 0.9202294 0.07030314 0.9201919 0.08030891 0.9107439 0.07975167 0.9107439 0.07975167 0.9012959 0.07919412 0.9013334 0.06918805 0.9012959 0.07919412 0.891848 0.07863682 0.8918855 0.06863081 0.8918855 0.06863081 0.891848 0.07863682 0.8824 0.07807958 0.9013334 0.06918805 0.8918855 0.06863081 0.8919228 0.05862355 0.9012959 0.07919412 0.9012586 0.08920013 0.8918106 0.08864265 0.7431471 0.9157854 0.7431265 0.9541178 0.7389763 0.9541173 0.7442253 0.8391197 0.7442048 0.8774527 0.7431671 0.8774526 0.7441533 0.9732844 0.7441437 0.9924507 0.7431058 0.9924507 0.7442253 0.8391197 0.7452625 0.8391197 0.7452421 0.8774529 0.7451912 0.9732846 0.7451809 0.9924508 0.7441437 0.9924507 0.7431471 0.9157854 0.7441847 0.9157854 0.7441637 0.954118 0.7452214 0.9157853 0.7452015 0.954118 0.7441637 0.954118 0.7431571 0.8966192 0.7441943 0.8966184 0.7441847 0.9157854 0.7452322 0.8966186 0.7452214 0.9157853 0.7441847 0.9157854 0.746259 0.9157857 0.7462386 0.9541182 0.7452015 0.954118 0.7462694 0.8966187 0.746259 0.9157857 0.7452214 0.9157853 0.7452625 0.8391197 0.7462998 0.8391199 0.7462791 0.877453 0.7462998 0.8391199 0.7473375 0.83912 0.7473171 0.8774531 0.7462694 0.8966187 0.7473066 0.8966196 0.7472965 0.9157862 0.7473066 0.8966196 0.7483439 0.8966198 0.748334 0.9157859 0.7473375 0.83912 0.7483742 0.8391202 0.7483539 0.8774533 0.7462279 0.9732847 0.7472659 0.9732848 0.7472558 0.9924511 0.7472659 0.9732848 0.7483032 0.973285 0.7482926 0.9924513 0.7494121 0.8391203 0.7493916 0.8774534 0.7483539 0.8774533 0.7493404 0.9732851 0.7493305 0.9924514 0.7482926 0.9924513 0.748334 0.9157859 0.7483135 0.9541188 0.7472761 0.9541183 0.748334 0.9157859 0.7493712 0.9157861 0.7493507 0.9541189 0.750378 0.9732853 0.7503675 0.9924516 0.7493305 0.9924514 0.7504084 0.9157862 0.7503882 0.954119 0.7493507 0.9541189 0.7504188 0.89662 0.7504084 0.9157862 0.7493712 0.9157861 0.7483439 0.8966198 0.7493817 0.8966199 0.7493712 0.9157861 0.7514562 0.8966202 0.7514463 0.9157867 0.7504084 0.9157862 0.7514463 0.9157867 0.7514258 0.9541192 0.7503882 0.954119 0.7555952 0.9157872 0.7597455 0.915788 0.7597248 0.9541202 0.7504494 0.8391204 0.7514871 0.8391205 0.7514665 0.8774536 0.750378 0.9732853 0.7514151 0.9732853 0.7514052 0.9924516 0.7494121 0.8391203 0.7504494 0.8391204 0.7504289 0.8774535 0.7472965 0.9157862 0.7472761 0.9541183 0.7462386 0.9541182 0.7451912 0.9732846 0.7462279 0.9732847 0.7462182 0.992451 0.7462386 0.9541182 0.7462279 0.9732847 0.7451912 0.9732846 0.7503882 0.954119 0.7514258 0.9541192 0.7514151 0.9732853 0.7514463 0.9157867 0.7555952 0.9157872 0.7555752 0.9541197 0.7504289 0.8774535 0.7514665 0.8774536 0.7514562 0.8966202 0.7483539 0.8774533 0.7493916 0.8774534 0.7493817 0.8966199 0.7493916 0.8774534 0.7504289 0.8774535 0.7504188 0.89662 0.7503882 0.954119 0.750378 0.9732853 0.7493404 0.9732851 0.7493507 0.9541189 0.7493404 0.9732851 0.7483032 0.973285 0.7483135 0.9541188 0.7483032 0.973285 0.7472659 0.9732848 0.7472761 0.9541183 0.7472659 0.9732848 0.7462279 0.9732847 0.7473171 0.8774531 0.7483539 0.8774533 0.7483439 0.8966198 0.7473171 0.8774531 0.7473066 0.8966196 0.7462694 0.8966187 0.7462791 0.877453 0.7462694 0.8966187 0.7452322 0.8966186 0.7442048 0.8774527 0.7452421 0.8774529 0.7452322 0.8966186 0.7442048 0.8774527 0.7441943 0.8966184 0.7431571 0.8966192 0.7441637 0.954118 0.7452015 0.954118 0.7451912 0.9732846 0.7441637 0.954118 0.7441533 0.9732844 0.7431163 0.9732843 0.7389965 0.9157848 0.7389763 0.9541173 0.734826 0.9541164 0.9202294 0.07030314 0.9201919 0.08030891 0.9107439 0.07975167 0.9107439 0.07975167 0.9012959 0.07919412 0.9013334 0.06918805 0.9012959 0.07919412 0.891848 0.07863682 0.8918855 0.06863081 0.8918855 0.06863081 0.891848 0.07863682 0.8824 0.07807958 0.9013334 0.06918805 0.8918855 0.06863081 0.8919228 0.05862355 0.9012959 0.07919412 0.9012586 0.08920013 0.8918106 0.08864265 0.3284481 0.1753458 0.3079666 0.190562 0.3106299 0.1999644 0.2074248 0.4816825 0.1714776 0.2822428 0.1714776 0.4816825 0.2014727 0.2946447 0.2808984 0.2396045 0.2014287 0.2399312 0.2433721 0.4816824 0.2074248 0.2822428 0.2074248 0.4816825 0.04248934 0.2104675 0.122003 0.3093304 0.1219589 0.2098734 0.3296872 0.1865744 0.3101683 0.2508689 0.3277641 0.2507965 0.3245007 0.1614096 0.3017258 0.185593 0.3079666 0.190562 0.04253333 0.3099244 0.122047 0.4087873 0.122003 0.3093304 0.3277641 0.2507965 0.3115355 0.2941867 0.3297905 0.3150023 0.2015168 0.3493583 0.2809424 0.2943181 0.2014727 0.2946447 0.195055 0.3698222 0.1821426 0.4414619 0.195055 0.4414618 0.1692302 0.3698222 0.1682957 0.4414619 0.1692302 0.4414619 0.1219984 0.5205011 0.04256975 0.4751682 0.04260075 0.5213245 0.1220394 0.4743887 0.04257738 0.4093813 0.04256975 0.4751682 0.1714776 0.4816825 0.1688759 0.2822428 0.1688759 0.4816825 0.2808033 0.2105335 0.2013977 0.2253956 0.2808675 0.2250689 0.2808675 0.2250689 0.2014287 0.2399312 0.2808984 0.2396045 0.2433721 0.2822428 0.2459738 0.4816825 0.2459738 0.2822428 0.1218636 0.09793072 0.04245835 0.1448662 0.1219279 0.1440868 0.1219279 0.1440868 0.04248934 0.2104675 0.1219589 0.2098734 0.195055 0.4414618 0.1959895 0.3698222 0.195055 0.3698222 0.280938 0.3781032 0.2015093 0.3638939 0.2015402 0.3784295 0.2809788 0.3635673 0.2015168 0.3493583 0.2015093 0.3638939 0.1821426 0.3698222 0.1692302 0.4414619 0.1821426 0.4414619 0.3187934 0.359764 0.3263316 0.4095868 0.3377602 0.4044511 0.3214415 0.3503398 0.3377602 0.4044511 0.3403794 0.3904476 0.3222653 0.3427574 0.3403794 0.3904476 0.3413258 0.3713282 0.2500224 0.2394151 0.242484 0.1895922 0.2310554 0.1947278 0.2473738 0.2488396 0.2310554 0.1947278 0.2284362 0.2087314 0.2465501 0.2564222 0.2284362 0.2087314 0.2274898 0.2278508 0.3186964 0.2391327 0.3261692 0.1892169 0.3124557 0.2341637 0.3213597 0.248535 0.3375764 0.1943253 0.3186964 0.2391327 0.3221957 0.2561107 0.34022 0.2083091 0.3213597 0.248535 0.2501194 0.3600462 0.2426463 0.4099621 0.2563606 0.3650153 0.2474557 0.3506436 0.2312392 0.4048537 0.2501194 0.3600462 0.2466197 0.3430678 0.2285956 0.3908699 0.2474557 0.3506436 0.3125607 0.3647843 0.2844889 0.4097745 0.3263316 0.4095868 0.3222653 0.3427574 0.3412628 0.2993747 0.3222122 0.2994395 0.3221957 0.2561107 0.3412628 0.2993747 0.3411999 0.2274212 0.3124557 0.2341637 0.2843266 0.1894046 0.2843559 0.2345771 0.2563606 0.3650153 0.2844889 0.4097745 0.2844604 0.364602 0.2466197 0.3430678 0.2275528 0.2998043 0.2276157 0.3717579 0.2562556 0.2343947 0.2843266 0.1894046 0.242484 0.1895922 0.2465501 0.2564222 0.2275528 0.2998043 0.2466032 0.2997395 0.7252531 0.8963685 0.7250209 0.9457658 0.7472993 0.8966577 0.7472993 0.8966577 0.7342593 0.9732943 0.7471287 0.9738366 0.7250209 0.9457658 0.7342593 0.9732943 0.7472993 0.8966577 0.7342593 0.9732943 0.7266854 0.9578261 0.7298651 0.966158 0.7474699 0.8194791 0.7472993 0.8966577 0.7603394 0.8200213 0.7603394 0.8200213 0.7679135 0.835489 0.7647337 0.827158 0.7472993 0.8966577 0.769578 0.8475485 0.7603394 0.8200213 0.7679135 0.835489 0.7603394 0.8200213 0.769578 0.8475485 0.7472993 0.8966577 0.7693153 0.9462667 0.7693457 0.8969455 0.7693153 0.9462667 0.7600291 0.9736789 0.7675924 0.9582971 0.7675924 0.9582971 0.7600291 0.9736789 0.7643876 0.9665769 0.7600291 0.9736789 0.7472993 0.8966577 0.7471287 0.9738366 0.7345694 0.8196371 0.7472993 0.8966577 0.7474699 0.8194791 0.7472993 0.8966577 0.7252835 0.8470472 0.7252531 0.8963685 0.7252835 0.8470472 0.7345694 0.8196371 0.7270064 0.8350179 0.7270064 0.8350179 0.7345694 0.8196371 0.730211 0.8267388 0.3246443 0.3402096 0.3018308 0.3162137 0.3154063 0.3476508 0.3152506 0.1540445 0.273626 0.1860064 0.3017258 0.185593 0.3296872 0.1865744 0.3106299 0.1999644 0.3114658 0.20754 0.3285695 0.326241 0.3080635 0.3111933 0.3246443 0.3402096 0.273756 0.3473804 0.2456308 0.3164446 0.2321064 0.3479931 0.2321064 0.3479931 0.2393895 0.3114755 0.2228556 0.3406279 0.3297905 0.3150023 0.3107117 0.3017691 0.3285695 0.326241 0.2195916 0.2512412 0.2358899 0.2944972 0.2371874 0.2511689 0.2228556 0.3406279 0.2367258 0.302073 0.2189075 0.3266913 0.2319508 0.154387 0.2392926 0.1908444 0.2455258 0.185824 0.273601 0.1546573 0.2455258 0.185824 0.273626 0.1860064 0.2189075 0.3266913 0.2358899 0.2944972 0.2176684 0.3154626 0.2227119 0.1618282 0.236644 0.2002689 0.2392926 0.1908444 0.2195916 0.2512412 0.2358202 0.2078515 0.2175652 0.187036 0.3154063 0.3476508 0.2737306 0.3160313 0.273756 0.3473804 0.2187861 0.1757972 0.2358202 0.2078515 0.236644 0.2002689 0.4224084 0.9893609 0.4423495 0.6238049 0.4223745 0.6241316 0.451283 0.799202 0.386837 0.8487812 0.451283 0.8487812 0.6657024 0.6241316 0.6012418 0.9893798 0.6657046 0.9893609 0.4512872 0.9891951 0.3868308 0.6239846 0.38683 0.989214 0.3920859 0.8487812 0.6704337 0.799202 0.3920859 0.799202 0.5648676 0.9890097 0.5045524 0.6238213 0.5046578 0.9890506 0.5045539 0.6242949 0.4449598 0.989565 0.5046594 0.9895243 0.5638695 0.8487812 0.4475923 0.799202 0.4475923 0.8487812 0.6704337 0.799202 0.3857555 0.8487812 0.6704337 0.8487812 0.3859394 0.6244582 0.6703329 0.9896059 0.6703318 0.6243765 0.670756 0.988969 0.3859498 0.623658 0.6707549 0.6237396 0.5878208 0.8487812 0.5545436 0.799202 0.5545436 0.8487812 0.5046589 0.6243357 0.4556383 0.9896059 0.5046584 0.989565 0.5538257 0.988969 0.5045532 0.6237804 0.5045527 0.9890097 0.6656401 0.9890506 0.3868453 0.6239029 0.3868451 0.9891323 0.3868479 0.6242132 0.6656402 0.9895243 0.3868477 0.9894426 0.6656579 0.8487812 0.3868494 0.799202 0.3868494 0.8487812 0.4423854 0.6244582 0.4224442 0.9900144 0.4424193 0.9896876 0.6704337 0.799202 0.3857555 0.8487812 0.6704337 0.8487812 0.3859394 0.6244582 0.6703329 0.9896059 0.6703318 0.6243765 0.670756 0.988969 0.3859498 0.623658 0.6707549 0.6237396 0.4423854 0.6244582 0.4224442 0.9900144 0.4424193 0.9896876 0.6704337 0.799202 0.3857555 0.8487812 0.6704337 0.8487812 0.3859394 0.6244582 0.6703329 0.9896059 0.6703318 0.6243765 0.670756 0.988969 0.3859498 0.623658 0.6707549 0.6237396 0.4423854 0.6244582 0.4224442 0.9900144 0.4424193 0.9896876 0.6704337 0.799202 0.3857555 0.8487812 0.6704337 0.8487812 0.3859394 0.6244582 0.6703329 0.9896059 0.6703318 0.6243765 0.670756 0.988969 0.3859498 0.623658 0.6707549 0.6237396 0.4423854 0.6244582 0.4224442 0.9900144 0.4424193 0.9896876 0.6704337 0.799202 0.3857555 0.8487812 0.6704337 0.8487812 0.3859394 0.6244582 0.6703329 0.9896059 0.6703318 0.6243765 0.670756 0.988969 0.3859498 0.623658 0.6707549 0.6237396 0.5263893 0.9891932 0.4512873 0.6239657 0.4512872 0.9891951 0.6012403 0.6241505 0.5261338 0.9893816 0.6012418 0.9893798 0.5263893 0.799202 0.451283 0.8487812 0.5263893 0.8487812 0.5265696 0.8487812 0.4577271 0.799202 0.4577271 0.8487812 0.5947945 0.6241524 0.5259499 0.9893858 0.594796 0.9893816 0.5265695 0.989189 0.4577324 0.6239638 0.4577324 0.9891932 0.6656772 0.9891323 0.4719278 0.6239597 0.4719279 0.989189 0.5805979 0.6241565 0.3868331 0.9894426 0.5805993 0.9893858 0.665636 0.8487812 0.4719202 0.799202 0.4719201 0.8487812 0.4423854 0.6244582 0.4224442 0.9900144 0.4424193 0.9896876 0 0 0 0 0 0 0.6666464 0.9896876 0.3859394 0.6244582 0.3859197 0.9896876 0.6678463 0.9888873 0.3859498 0.623658 0.6678661 0.623658 0.1061823 0.4868424 0.1061484 0.1216131 0.1261235 0.1212864 0.3702492 0.3462627 0.005843222 0.3462627 0.005843222 0.2966834 0.1522199 0.172064 0.2244635 0.1722504 0.2245398 0.4362444 0.0314483 0.3624106 0.367688 0.3626978 0.3676896 0.4362444 0.1061843 0.1222665 0.1261593 0.1219397 0.1261932 0.487169 0.2245381 0.4357709 0.224462 0.1717767 0.2516435 0.1211394 0.0314483 0.4360582 0.3227269 0.4357709 0.3499948 0.4863688 0.1522199 0.172064 0.152296 0.4360582 0.1251136 0.4866955 0.03137218 0.172064 0.004103481 0.1214661 0.3498322 0.1211394 0.1522977 0.4365318 0.1251162 0.487169 0.1249534 0.1219397 0.03137367 0.1725376 0.004105687 0.1219397 0.3498345 0.1216131 0.03144997 0.4365318 0.3227285 0.4362444 0.3499973 0.4868424 0.2244635 0.1722504 0.2516458 0.1216131 0.2518085 0.4868424 0.1522977 0.4365318 0.1522214 0.1725376 0.224462 0.1717767 0.1499687 0.2673973 0.1791094 0.2672431 0.1927533 0.3072694 0.2353748 0.2675952 0.2514911 0.3076215 0.1927613 0.3078069 0.2353381 0.1404005 0.2061971 0.1405547 0.1924988 0.1005284 0.149932 0.1402025 0.1338001 0.1001762 0.1924913 0.09999078 0.1791094 0.2672431 0.178982 0.1400483 0.1924913 0.09999078 0.149932 0.1402025 0.1499687 0.2673973 0.1338755 0.3074548 0.2353381 0.1404005 0.2514156 0.1003431 0.2514911 0.3076215 0.2063248 0.2677494 0.1927613 0.3078069 0.1924988 0.1005284 0.1498973 0.4760211 0.1797754 0.4758659 0.1927576 0.514548 0.2355666 0.4762179 0.2515667 0.5149 0.19276 0.5150855 0.2060775 0.4763733 0.19276 0.5150855 0.1927613 0.3078069 0.1797754 0.4758659 0.1796452 0.3459817 0.1927533 0.3072694 0.1498599 0.3461369 0.1338755 0.3074548 0.1927533 0.3072694 0.2355291 0.3463338 0.2059471 0.3464891 0.1927613 0.3078069 0.1498599 0.3461369 0.1498973 0.4760211 0.1339509 0.5147333 0.2355291 0.3463338 0.2514911 0.3076215 0.2515667 0.5149 0.1804918 0.4784851 0.19276 0.5150855 0.1339533 0.5152708 0.2053654 0.4779191 0.2357689 0.4777621 0.2515643 0.5143625 0.1803571 0.3444358 0.1927613 0.3078069 0.19276 0.5150855 0.2052311 0.3438698 0.2053654 0.4779191 0.1927576 0.514548 0.1496962 0.478642 0.1339533 0.5152708 0.1338778 0.3079923 0.2357689 0.4777621 0.2357303 0.3437129 0.2514889 0.307084 0.1803571 0.3444358 0.1496575 0.3445927 0.1338778 0.3079923 0.2052311 0.3438698 0.1927533 0.3072694 0.2514889 0.307084 0.149932 0.1402025 0.2353381 0.1404005 0.2353748 0.2675952 0.1791094 0.3754496 0.1764156 0.2673973 0.2089279 0.2675952 0.2063248 0.375956 0.2061971 0.1405547 0.178982 0.1400483 0.1796452 0.3459817 0.1797754 0.4758659 0.2060775 0.4763733 0.1498599 0.3461369 0.2355291 0.3463338 0.2355666 0.4762179 0.1797754 0.4758659 0.1787489 0.2852841 0.2067151 0.2854809 0.1804918 0.4784851 0.2053654 0.4779191 0.2052311 0.3438698 0.1804918 0.3666106 0.1792834 0.478642 0.2061818 0.4777621 0.2357303 0.3437129 0.2357689 0.4777621 0.1792834 0.478642 0.2514889 0.307084 0.1927533 0.3072694 0.1927613 0.4435236 0.1924913 0.09999078 0.2412065 0.1005284 0.241469 0.3078069 0.1924913 0.09999078 0.1915001 0.248731 0.239426 0.2488978 0.2073897 0.5152708 0.2515643 0.5143625 0.2514889 0.307084 0.2484937 0.3076215 0.2514156 0.1003431 0.1915001 0.1020102 0.2515667 0.5149 0.2514911 0.3076215 0.1893274 0.3074548 0.07795196 0.4899218 0.05797696 0.4902483 0.05794304 0.125019 0.2899436 0.3496687 0.02372646 0.3496687 0.02372646 0.3000894 0.09905177 0.1253456 0.1811932 0.125019 0.1812986 0.4902483 0.0991556 0.4901015 0.09905028 0.124872 0.1811916 0.1245453 0.07795393 0.1253456 0.07798784 0.490575 0.05801278 0.4909018 0.05797696 0.4902483 0.05794304 0.125019 0.07791811 0.1246923 0.2899436 0.3496687 0.02372646 0.3496687 0.02372646 0.3000894 0.1811932 0.125019 0.1812986 0.4902483 0.09915727 0.490575 0.181297 0.4897748 0.0991556 0.4901015 0.09905028 0.124872 0.05797892 0.1256724 0.07795393 0.1253456 0.07798784 0.490575 0.07795196 0.4899218 0.05797696 0.4902483 0.05794304 0.125019 0.2899436 0.3496687 0.02372646 0.3496687 0.02372646 0.3000894 0.09905177 0.1253456 0.1811932 0.125019 0.1812986 0.4902483 0.0991556 0.4901015 0.09905028 0.124872 0.1811916 0.1245453 0.07795393 0.1253456 0.07798784 0.490575 0.05801278 0.4909018 0.05797696 0.4902483 0.05794304 0.125019 0.07791811 0.1246923 0.2899436 0.3496687 0.02372646 0.3496687 0.02372646 0.3000894 0.1811932 0.125019 0.1812986 0.4902483 0.09915727 0.490575 0.181297 0.4897748 0.0991556 0.4901015 0.09905028 0.124872 0.05797892 0.1256724 0.07795393 0.1253456 0.07798784 0.490575 0.07795196 0.4899218 0.05797696 0.4902483 0.05794304 0.125019 0.2899436 0.3496687 0.02372646 0.3496687 0.02372646 0.3000894 0.09905177 0.1253456 0.1811932 0.125019 0.1812986 0.4902483 0.0991556 0.4901015 0.09905028 0.124872 0.1811916 0.1245453 0.07795393 0.1253456 0.07798784 0.490575 0.05801278 0.4909018 0.05797696 0.4902483 0.05794304 0.125019 0.07791811 0.1246923 0.2899436 0.3496687 0.02372646 0.3496687 0.02372646 0.3000894 0.1811932 0.125019 0.1812986 0.4902483 0.09915727 0.490575 0.181297 0.4897748 0.0991556 0.4901015 0.09905028 0.124872 0.05797892 0.1256724 0.07795393 0.1253456 0.07798784 0.490575 0.07795196 0.4899218 0.05797696 0.4902483 0.05794304 0.125019 0.2899436 0.3496687 0.02372646 0.3496687 0.02372646 0.3000894 0.09905177 0.1253456 0.1811932 0.125019 0.1812986 0.4902483 0.0991556 0.4901015 0.09905028 0.124872 0.1811916 0.1245453 0.07795393 0.1253456 0.07798784 0.490575 0.05801278 0.4909018 0.05797696 0.4902483 0.05794304 0.125019 0.07791811 0.1246923 0.2899436 0.3496687 0.02372646 0.3496687 0.02372646 0.3000894 0.1811932 0.125019 0.1812986 0.4902483 0.09915727 0.490575 0.181297 0.4897748 0.0991556 0.4901015 0.09905028 0.124872 0.05797892 0.1256724 0.07795393 0.1253456 0.07798784 0.490575 0.07795196 0.4899218 0.05797696 0.4902483 0.05794304 0.125019 0.2899436 0.3496687 0.02372646 0.3496687 0.02372646 0.3000894 0.09905177 0.1253456 0.1811932 0.125019 0.1812986 0.4902483 0.0991556 0.4901015 0.09905028 0.124872 0.1811916 0.1245453 0.07795393 0.1253456 0.07798784 0.490575 0.05801278 0.4909018 0.05797696 0.4902483 0.05794304 0.125019 0.07791811 0.1246923 0.2899436 0.3496687 0.02372646 0.3496687 0.02372646 0.3000894 0.1811932 0.125019 0.1812986 0.4902483 0.09915727 0.490575 0.181297 0.4897748 0.0991556 0.4901015 0.09905028 0.124872 0.05797892 0.1256724 0.07795393 0.1253456 0.07798784 0.490575 0.1499687 0.2673973 0.1927533 0.3072694 0.1791094 0.2672431 0.2353748 0.2675952 0.1927613 0.3078069 0.2514911 0.3076215 0.2353381 0.1404005 0.1924988 0.1005284 0.2061971 0.1405547 0.149932 0.1402025 0.1924913 0.09999078 0.1338001 0.1001762 0.178982 0.1400483 0.1927533 0.3072694 0.1924913 0.09999078 0.1499687 0.2673973 0.1338001 0.1001762 0.1338755 0.3074548 0.2353748 0.2675952 0.2514156 0.1003431 0.2353381 0.1404005 0.2061971 0.1405547 0.1927613 0.3078069 0.2063248 0.2677494 0.1498973 0.4760211 0.1927576 0.514548 0.1797754 0.4758659 0.2355666 0.4762179 0.19276 0.5150855 0.2515667 0.5149 0.2059471 0.3464891 0.19276 0.5150855 0.2060775 0.4763733 0.1796452 0.3459817 0.1927576 0.514548 0.1927533 0.3072694 0.1498599 0.3461369 0.1927533 0.3072694 0.1338755 0.3074548 0.2355291 0.3463338 0.1927613 0.3078069 0.2059471 0.3464891 0.1498973 0.4760211 0.1338755 0.3074548 0.1339509 0.5147333 0.2355666 0.4762179 0.2514911 0.3076215 0.2355291 0.3463338 0.1804918 0.4784851 0.1339533 0.5152708 0.19276 0.5150855 0.2053654 0.4779191 0.2515643 0.5143625 0.2357689 0.4777621 0.1804918 0.4784851 0.1927613 0.3078069 0.1803571 0.3444358 0.2053654 0.4779191 0.1927533 0.3072694 0.1927576 0.514548 0.1496575 0.3445927 0.1339533 0.5152708 0.1496962 0.478642 0.2357303 0.3437129 0.2515643 0.5143625 0.2514889 0.307084 0.1803571 0.3444358 0.1338778 0.3079923 0.1496575 0.3445927 0.2052311 0.3438698 0.2514889 0.307084 0.1927533 0.3072694 0.149932 0.1402025 0.2353748 0.2675952 0.2353381 0.1404005 0.1764156 0.2673973 0.2063248 0.375956 0.2089279 0.2675952 0.2063248 0.375956 0.178982 0.1400483 0.2061971 0.1405547 0.1796452 0.3459817 0.2060775 0.4763733 0.1797754 0.4758659 0.1498599 0.3461369 0.2355666 0.4762179 0.2355291 0.3463338 0.1787489 0.2852841 0.2060775 0.4763733 0.2067151 0.2854809 0.1804918 0.4784851 0.2052311 0.3438698 0.2053654 0.4779191 0.1792834 0.478642 0.2053654 0.3660445 0.2061818 0.4777621 0.2357303 0.3437129 0.1792834 0.478642 0.2357689 0.4777621 0.2522752 0.443709 0.1927533 0.3072694 0.2514889 0.307084 0.1924913 0.09999078 0.241469 0.3078069 0.2412065 0.1005284 0.2412065 0.1005284 0.1915001 0.248731 0.1924913 0.09999078 0.2073897 0.5152708 0.2514889 0.307084 0.2515643 0.5143625 0.2484937 0.3076215 0.1915001 0.1020102 0.2514156 0.1003431 0.2515667 0.5149 0.1893274 0.3074548 0.2514911 0.3076215 0.07795196 0.4899218 0.05797696 0.4902483 0.05794304 0.125019 0.2899436 0.3496687 0.02372646 0.3496687 0.02372646 0.3000894 0.09905177 0.1253456 0.1811932 0.125019 0.1812986 0.4902483 0.0991556 0.4901015 0.09905028 0.124872 0.1811916 0.1245453 0.07795393 0.1253456 0.07798784 0.490575 0.05801278 0.4909018 0.05797696 0.4902483 0.05794304 0.125019 0.07791811 0.1246923 0.2899436 0.3496687 0.02372646 0.3496687 0.02372646 0.3000894 0.1811932 0.125019 0.1812986 0.4902483 0.09915727 0.490575 0.181297 0.4897748 0.0991556 0.4901015 0.09905028 0.124872 0.05797892 0.1256724 0.07795393 0.1253456 0.07798784 0.490575 0.4223785 0.9466286 0.4223745 0.9895406 0.4423495 0.9898673 0.4572688 0.764891 0.3881579 0.764891 0.3881579 0.8144703 0.5998075 0.9465438 0.6476023 0.9466286 0.6476954 0.6243114 0.4634941 0.9467756 0.4634817 0.9896876 0.5112765 0.9897724 0 0 0 0 0 0 0.4224103 0.9888873 0.4423854 0.9892141 0.4423894 0.9463021 0.463587 0.6244583 0.4634941 0.9467756 0.5112888 0.9468604 0.5997951 0.9894559 0.6475899 0.9895406 0.6476023 0.9466286 0 0 0 0 0 0 0.4423894 0.765801 0.4423894 0.9463021 0.4224143 0.9459751 0.4224084 0.6243114 0.4223785 0.9466286 0.4423535 0.9469552 0.5556092 0.6239847 0.4635887 0.6239847 0.4634956 0.946302 0.4423894 0.7152169 0.4423894 0.9463021 0.4224143 0.9459751 0.5556184 0.624785 0.5556184 0.9471023 0.6476008 0.9471023 0.5555818 0.9466286 0.6476023 0.9466286 0.6476954 0.6243114 0.4423535 0.7342101 0.4423535 0.9469552 0.4223785 0.9466286 0.5555694 0.9467756 0.5555694 0.6244583 0.463587 0.6244583 0.4634832 0.9892141 0.503094 0.9892844 0.5031065 0.9463723 0.6080828 0.6247146 0.6079899 0.947032 0.6476008 0.9471023 0.6079899 0.947032 0.6079776 0.9899441 0.6475884 0.9900143 0.4634956 0.946302 0.5031065 0.9463723 0.5031995 0.624055 0.6543751 0.764891 0.597098 0.764891 0.5970981 0.8144703 0.503094 0.9892844 0.5997951 0.9894559 0.5998075 0.9465438 0.5112888 0.9468604 0.5112765 0.9897724 0.6079776 0.9899441 0.597098 0.764891 0.4572688 0.764891 0.4572688 0.8144702 0.4224143 0.9459751 0.4423894 0.9463021 0.4424193 0.6239847 0.398072 0.946302 0.3981651 0.6239847 0.4635887 0.6239847 0 0 0 0 0 0 0.3978015 0.9471023 0.4632251 0.9471023 0.4633181 0.624785 8.51164e-4 0.08464521 8.46098e-4 0.01429241 0.2561881 0.01424372 0.2568563 0.08654755 0.2568532 0.01440376 9.29676e-4 0.01444977 8.51164e-4 0.08464521 8.46098e-4 0.01429241 0.2561881 0.01424372 0.2568563 0.08654755 0.2568532 0.01440376 9.29676e-4 0.01444977 8.51164e-4 0.08464521 8.46098e-4 0.01429241 0.2561881 0.01424372 0.2568563 0.08654755 0.2568532 0.01440376 9.29676e-4 0.01444977 8.51164e-4 0.08464521 8.46098e-4 0.01429241 0.2561881 0.01424372 0.2568563 0.08654755 0.2568532 0.01440376 9.29676e-4 0.01444977 0.2074248 0.4816825 0.1714776 0.4816825 0.1714776 0.2822428 0.2014727 0.2946447 0.2014287 0.2399312 0.2808984 0.2396045 0.2433721 0.4816824 0.2074248 0.4816825 0.2074248 0.2822428 0.04248934 0.2405846 0.1219589 0.2402577 0.122003 0.2949714 0.1714776 0.4816825 0.1688759 0.4816825 0.1688759 0.2822428 0.2808033 0.2105335 0.2808675 0.2250689 0.2013977 0.2253956 0.2808675 0.2250689 0.2808984 0.2396045 0.2014287 0.2399312 0.2433721 0.2822428 0.2459738 0.2822428 0.2459738 0.4816825 0.1218636 0.2111868 0.1219279 0.2257222 0.04245835 0.226049 0.1219279 0.2257222 0.1219589 0.2402577 0.04248934 0.2405846 0.3117607 0.1425188 0.297824 0.1368993 0.3031092 0.1095959 0.2351223 0.1420089 0.2272695 0.1147325 0.2437387 0.1090615 0.3167682 0.154125 0.3117607 0.1425188 0.3195874 0.1152369 0.2301294 0.1536301 0.2166576 0.1301956 0.2272695 0.1147325 0.318719 0.1698325 0.3167682 0.154125 0.3302242 0.130678 0.2281948 0.1693471 0.2156971 0.1513078 0.2166576 0.1301956 0.3104021 0.1416506 0.2981923 0.1359236 0.3030396 0.1086471 0.2364792 0.1430324 0.2273705 0.1156811 0.2438083 0.1100102 0.3174211 0.154088 0.3104021 0.1416506 0.3194864 0.114288 0.2294781 0.1554924 0.216776 0.1311442 0.2273705 0.1156811 0.3187532 0.1689279 0.3174211 0.154088 0.3301057 0.1297293 0.2281607 0.1703401 0.2158156 0.1522564 0.216776 0.1311442 0.3187532 0.1689279 0.3311002 0.1508333 0.3311641 0.5222172 0.2281607 0.1703401 0.228863 0.5252498 0.2158795 0.5236403 0.2981923 0.1359236 0.273406 0.1363044 0.2733891 0.1088543 0.2486804 0.137261 0.2438083 0.1100102 0.2734587 0.1098031 0.273465 0.1372532 0.2734587 0.1098031 0.3031092 0.1095959 0.273406 0.1363044 0.2490484 0.1363379 0.2437387 0.1090615 0.2281948 0.1693471 0.2287221 0.5243 0.2157611 0.5226916 0.318719 0.1698325 0.3312187 0.1517822 0.3312827 0.523166 0.228863 0.5252498 0.2281607 0.1703401 0.3187532 0.1689279 0.2281948 0.1693471 0.318719 0.1698325 0.3182886 0.5247936 0.3187532 0.1689279 0.2281607 0.1703401 0.2294781 0.1554924 0.318719 0.1698325 0.2281948 0.1693471 0.2301294 0.1536301 0.3452785 0.4376959 0.03423917 0.4377147 0.03526175 0.5173825 0.3079709 0.1631517 0.3079709 0.1631517 0.3064034 0.1498138 0.02334022 0.9134339 0.2790412 0.9134133 0.2809596 0.5344937 0.02333241 0.4376919 0.02373671 0.5173254 0.3558011 0.5172732 0.3558011 0.5172732 0.3775147 0.5172698 0.3775141 0.4400273 0.002044498 0.5175056 0.03529191 0.5175004 0.03426927 0.4377622 0.02333241 0.9133865 0.02140957 0.5346524 0.002021312 0.5482199 0.3003243 0.9157465 0.3003214 0.5482199 0.2729602 0.5346345 0.02334022 0.9134339 0.02141731 0.5343648 0.002028703 0.5479385 0.3003751 0.5479385 0.273012 0.5343469 0.2681528 0.913438 0.02937579 0.5345116 0.002014756 0.5480777 0.002016305 0.9157705 0.3003482 0.5480776 0.2809596 0.5344937 0.2790412 0.9134133 0.2681528 0.913438 0.273012 0.5343469 0.02940553 0.5342242 0.3108739 0.4770805 0.3156138 0.4932636 0.3062295 0.5076862 0.3108739 0.4770805 0.3135677 0.4533132 0.319501 0.4584447 0.1049186 0.4874339 0.1032685 0.5076861 0.09388405 0.4932636 0.09593015 0.4533164 0.09862369 0.4770816 0.09388405 0.4932636 0.3045793 0.1241972 0.3062295 0.1039448 0.3156139 0.1183674 0.3135678 0.1583145 0.3108743 0.1345494 0.3156139 0.1183674 0.09862399 0.1345504 0.09593021 0.1583177 0.08999693 0.1531863 0.09862399 0.1345504 0.09388405 0.1183673 0.1032685 0.1039448 0.3135677 0.4533132 0.3135678 0.1583145 0.319501 0.1531865 0.3045785 0.4874339 0.3062295 0.5076862 0.1032685 0.5076861 0.1049194 0.1241972 0.1032685 0.1039448 0.3062295 0.1039448 0.09593021 0.1583177 0.09593015 0.4533164 0.08999693 0.4584445 0.5971782 0.6605389 0.5994597 0.6649343 0.6005176 0.6739363 0.4089615 0.9693729 0.4123012 0.9827703 0.4100195 0.9783748 0.4123012 0.9827703 0.4089615 0.9693729 0.4123023 0.6605389 0.6005176 0.9693685 0.5994594 0.9783734 0.5971771 0.9827703 0.5971771 0.9827703 0.4123012 0.9827703 0.6005176 0.9693685 0.4089615 0.9693729 0.4089617 0.6739405 0.4123023 0.6605389 0.4089617 0.6739405 0.41002 0.6649358 0.4123023 0.6605389 0.1064752 0.4683299 0.1030945 0.4618172 0.1030945 0.4618172 0.3030211 0.4355328 0.1064752 0.4355328 0.1064752 0.5176374 0.1030952 0.1498159 0.1030952 0.1498159 0.1015271 0.1631581 0.1030945 0.4618172 0.101527 0.4484792 0.101527 0.4484792 0.3030227 0.5172274 0.3030227 0.4351228 0.1064769 0.4351228 0.3064028 0.4618151 0.3030211 0.4683299 0.3030211 0.4683299 0.1064769 0.1433012 0.1064769 0.1433012 0.1030952 0.1498159 0.3064034 0.1498138 0.3064034 0.1498138 0.3030227 0.1433013 0.2085393 0.5174077 0.2085278 0.4346559 0.1067872 0.4346795 0.3079708 0.4484728 0.3064028 0.4618151 0.3064028 0.4618151 0.208542 0.4340623 0.1068013 0.4340859 0.106813 0.5176876 0.1015271 0.1631581 0.101527 0.4484792 0.09593015 0.4533164 0.1064769 0.1433012 0.1049194 0.1241972 0.3045793 0.1241972 0.3030211 0.4683299 0.3045785 0.4874339 0.1049186 0.4874339 0.3079708 0.4484728 0.3079709 0.1631517 0.3135678 0.1583145 0.1030952 0.1498159 0.09862399 0.1345504 0.1049194 0.1241972 0.1030952 0.1498159 0.1015271 0.1631581 0.09593021 0.1583177 0.3079709 0.1631517 0.3064034 0.1498138 0.3108743 0.1345494 0.3030227 0.1433013 0.3045793 0.1241972 0.3108743 0.1345494 0.101527 0.4484792 0.1030945 0.4618172 0.09862369 0.4770816 0.1064752 0.4683299 0.1049186 0.4874339 0.09862369 0.4770816 0.3064028 0.4618151 0.3079708 0.4484728 0.3135677 0.4533132 0.3064028 0.4618151 0.3108739 0.4770805 0.3045785 0.4874339 0.3443083 0.5174518 0.34533 0.4377434 0.03426927 0.4377622 0.3775284 0.4400758 0.3562185 0.4377187 0.3558151 0.5173911 0.03423917 0.4377147 0.002016305 0.4400759 0.002016603 0.5173877 0.3775553 0.4401004 0.34533 0.4377434 0.3443083 0.5174518 0.02374452 0.5174432 0.02334022 0.4377393 0.002030193 0.4401004 0.3775021 0.5173287 0.3775015 0.4400519 0.3452785 0.4376959 0.02373671 0.5173254 0.02333241 0.4376919 0.002022802 0.4400519 0.002044141 0.9158191 0.03426927 0.9134568 0.02940553 0.5342242 0.2790273 0.9133658 0.3003368 0.9157219 0.3003339 0.548359 0.02140957 0.5346524 0.02333241 0.9133865 0.2790273 0.9133658 0.02374452 0.5174432 0.3558151 0.5173911 0.3562185 0.4377187 0.2729602 0.5346345 0.02937579 0.5345116 0.03423917 0.9134093 0.3452785 0.4376959 0.03423917 0.4377147 0.03526175 0.5173825 0.3079709 0.1631517 0.3079709 0.1631517 0.3064034 0.1498138 0.02266126 0.7795873 0.2797186 0.7796195 0.2809596 0.5344937 0.02333241 0.4376919 0.02373671 0.5173254 0.3558011 0.5172732 0.3558011 0.5172732 0.3775147 0.5172698 0.3775141 0.4400273 0.002044498 0.5175056 0.03529191 0.5175004 0.03426927 0.4377622 0.02265346 0.7796582 0.02140957 0.5346524 0.002021312 0.5482199 0.3003233 0.7859755 0.3003214 0.5482199 0.2729602 0.5346345 0.02266126 0.7795873 0.02141731 0.5343648 0.002028703 0.5479385 0.3003751 0.5479385 0.273012 0.5343469 0.2698685 0.7795836 0.02937579 0.5345116 0.002014756 0.5480777 0.002015769 0.7859408 0.3003482 0.5480776 0.2809596 0.5344937 0.2797186 0.7796195 0.2698685 0.7795836 0.273012 0.5343469 0.02940553 0.5342242 0.3108739 0.4770805 0.3156138 0.4932636 0.3062295 0.5076862 0.3108739 0.4770805 0.3135677 0.4533132 0.319501 0.4584447 0.1049186 0.4874339 0.1032685 0.5076861 0.09388405 0.4932636 0.09593015 0.4533164 0.09862369 0.4770816 0.09388405 0.4932636 0.3045793 0.1241972 0.3062295 0.1039448 0.3156139 0.1183674 0.3135678 0.1583145 0.3108743 0.1345494 0.3156139 0.1183674 0.09862399 0.1345504 0.09593021 0.1583177 0.08999693 0.1531863 0.09862399 0.1345504 0.09388405 0.1183673 0.1032685 0.1039448 0.3135677 0.4533132 0.3135678 0.1583145 0.319501 0.1531865 0.3045785 0.4874339 0.3062295 0.5076862 0.1032685 0.5076861 0.1049194 0.1241972 0.1032685 0.1039448 0.3062295 0.1039448 0.09593021 0.1583177 0.09593015 0.4533164 0.08999693 0.4584445 0.4123023 0.6605389 0.5971782 0.6605389 0.4089617 0.6739405 0.5971782 0.6605389 0.5994597 0.6649343 0.6005176 0.6739363 0.4089615 0.9693729 0.4123012 0.9827703 0.4100195 0.9783748 0.6005176 0.9693685 0.5994594 0.9783734 0.5971771 0.9827703 0.5971771 0.9827703 0.4123012 0.9827703 0.6005176 0.9693685 0.4123012 0.9827703 0.4089615 0.9693729 0.4089617 0.6739405 0.4089617 0.6739405 0.41002 0.6649358 0.4123023 0.6605389 0.1064752 0.4683299 0.1030945 0.4618172 0.1030945 0.4618172 0.3030211 0.4355328 0.1064752 0.4355328 0.1064752 0.5176374 0.1030952 0.1498159 0.1030952 0.1498159 0.1015271 0.1631581 0.101527 0.4484792 0.101527 0.4484792 0.1030945 0.4618172 0.3030227 0.5172274 0.3030227 0.4351228 0.1064769 0.4351228 0.3064028 0.4618151 0.3030211 0.4683299 0.3030211 0.4683299 0.1064769 0.1433012 0.1064769 0.1433012 0.1030952 0.1498159 0.3064034 0.1498138 0.3064034 0.1498138 0.3030227 0.1433013 0.2085393 0.5174077 0.2085278 0.4346559 0.1067872 0.4346795 0.3079708 0.4484728 0.3064028 0.4618151 0.3064028 0.4618151 0.208542 0.4340623 0.1068013 0.4340859 0.106813 0.5176876 0.1015271 0.1631581 0.101527 0.4484792 0.09593015 0.4533164 0.1064769 0.1433012 0.1049194 0.1241972 0.3045793 0.1241972 0.3030211 0.4683299 0.3045785 0.4874339 0.1049186 0.4874339 0.3079708 0.4484728 0.3079709 0.1631517 0.3135678 0.1583145 0.1030952 0.1498159 0.09862399 0.1345504 0.1049194 0.1241972 0.1030952 0.1498159 0.1015271 0.1631581 0.09593021 0.1583177 0.3079709 0.1631517 0.3064034 0.1498138 0.3108743 0.1345494 0.3030227 0.1433013 0.3045793 0.1241972 0.3108743 0.1345494 0.101527 0.4484792 0.1030945 0.4618172 0.09862369 0.4770816 0.1064752 0.4683299 0.1049186 0.4874339 0.09862369 0.4770816 0.3064028 0.4618151 0.3079708 0.4484728 0.3135677 0.4533132 0.3064028 0.4618151 0.3108739 0.4770805 0.3045785 0.4874339 0.3443083 0.5174518 0.34533 0.4377434 0.03426927 0.4377622 0.3775284 0.4400758 0.3562185 0.4377187 0.3558151 0.5173911 0.03423917 0.4377147 0.002016305 0.4400759 0.002016603 0.5173877 0.3775553 0.4401004 0.34533 0.4377434 0.3443083 0.5174518 0.02374452 0.5174432 0.02334022 0.4377393 0.002030193 0.4401004 0.3775021 0.5173287 0.3775015 0.4400519 0.3452785 0.4376959 0.02373671 0.5173254 0.02333241 0.4376919 0.002022802 0.4400519 0.002044141 0.9158191 0.03426927 0.9134568 0.03255188 0.7795525 0.2797046 0.7796905 0.2790273 0.9133658 0.3003368 0.9157219 0.02265346 0.7796582 0.02333241 0.9133865 0.2790273 0.9133658 0.02374452 0.5174432 0.3558151 0.5173911 0.3562185 0.4377187 0.2698169 0.7796545 0.03252196 0.7796233 0.03423917 0.9134093 0.2729602 0.5346345 0.02937579 0.5345116 0.03252196 0.7796233 0.2127695 0.5347812 0.2809456 0.5347812 0.2797046 0.7796905 0.2809456 0.5347812 0.2797046 0.7796905 0.3003358 0.7860087 0.002043604 0.7858729 0.03255188 0.7795525 0.02940553 0.5342242 0.2681528 0.913438 0.2698685 0.7795836 0.03255188 0.7795525 0.3003501 0.7859408 0.2797186 0.7796195 0.2790412 0.9134133 0.03252196 0.7796233 0.002015769 0.7859408 0.002016305 0.9157705 0.300377 0.7859075 0.2698685 0.7795836 0.2681528 0.913438 0.02334022 0.9134339 0.02266126 0.7795873 0.002029716 0.7859075 0.3003243 0.9157465 0.3003233 0.7859755 0.2698169 0.7796545 0.02333241 0.9133865 0.02265346 0.7796582 0.002022266 0.7859755 0.02334022 0.9134339 0.2790412 0.9134133 0.2797186 0.7796195 0.3771104 0.08639609 0.3769985 0.007919073 0.3451023 0.007723093 0.1669328 0.7796582 0.02265346 0.7796582 0.02140957 0.5346524 0.07836043 0.4777571 0.2354085 0.3853033 0.2354085 0.4777664 8.51164e-4 0.08464521 8.46098e-4 0.01429241 0.2561881 0.01424372 0.2568563 0.08654755 0.2568532 0.01440376 9.29676e-4 0.01444977 7.51536e-4 0.08678334 0.2566313 0.08673894 0.2566559 0.01465141 0.8763415 0.5503389 0.8763409 0.3341644 0.9374836 0.3339988 0.9374879 0.5502309 0.9374836 0.3339988 0.9986261 0.3338332 0.9374964 0.9933993 0.937492 0.7664628 0.9986421 0.7664121 0.8763425 0.9933897 0.8763419 0.7665135 0.937492 0.7664628 0.937492 0.7664628 0.9374879 0.5502309 0.9986341 0.5501226 0.8763419 0.7665135 0.8763415 0.5503389 0.9374879 0.5502309 8.51164e-4 0.08464521 8.46098e-4 0.01429241 0.2561881 0.01424372 0.2568563 0.08654755 0.2568532 0.01440376 9.29676e-4 0.01444977 7.51536e-4 0.08678334 0.2566313 0.08673894 0.2566559 0.01465141 8.51164e-4 0.08464521 8.46098e-4 0.01429241 0.2561881 0.01424372 0.2568563 0.08654755 0.2568532 0.01440376 9.29676e-4 0.01444977 7.51536e-4 0.08678334 0.2566313 0.08673894 0.2566559 0.01465141 8.51164e-4 0.08464521 8.46098e-4 0.01429241 0.2561881 0.01424372 0.2568563 0.08654755 0.2568532 0.01440376 9.29676e-4 0.01444977 7.51536e-4 0.08678334 0.2566313 0.08673894 0.2566559 0.01465141 8.51164e-4 0.08464521 8.46098e-4 0.01429241 0.2561881 0.01424372 0.2568563 0.08654755 0.2568532 0.01440376 9.29676e-4 0.01444977 7.51536e-4 0.08678334 0.2566313 0.08673894 0.2566559 0.01465141 8.51164e-4 0.08464521 8.46098e-4 0.01429241 0.2561881 0.01424372 0.2568563 0.08654755 0.2568532 0.01440376 9.29676e-4 0.01444977 7.51536e-4 0.08678334 0.2566313 0.08673894 0.2566559 0.01465141 0.8763415 0.5503389 0.8763409 0.3341644 0.9374836 0.3339988 0.9374879 0.5502309 0.9374836 0.3339988 0.9986261 0.3338332 0.9374964 0.9933993 0.937492 0.7664628 0.9986421 0.7664121 0.8763425 0.9933897 0.8763419 0.7665135 0.937492 0.7664628 0.937492 0.7664628 0.9374879 0.5502309 0.9986341 0.5501226 0.8763419 0.7665135 0.8763415 0.5503389 0.9374879 0.5502309 0.8763415 0.5503389 0.8763409 0.3341644 0.9374836 0.3339988 0.9374879 0.5502309 0.9374836 0.3339988 0.9986261 0.3338332 0.9374964 0.9933993 0.937492 0.7664628 0.9986421 0.7664121 0.8763425 0.9933897 0.8763419 0.7665135 0.937492 0.7664628 0.937492 0.7664628 0.9374879 0.5502309 0.9986341 0.5501226 0.8763419 0.7665135 0.8763415 0.5503389 0.9374879 0.5502309 0.8763415 0.5503389 0.8763409 0.3341644 0.9374836 0.3339988 0.9374879 0.5502309 0.9374836 0.3339988 0.9986261 0.3338332 0.9374964 0.9933993 0.937492 0.7664628 0.9986421 0.7664121 0.8763425 0.9933897 0.8763419 0.7665135 0.937492 0.7664628 0.937492 0.7664628 0.9374879 0.5502309 0.9986341 0.5501226 0.8763419 0.7665135 0.8763415 0.5503389 0.9374879 0.5502309 0.8763415 0.5503389 0.8763409 0.3341644 0.9374836 0.3339988 0.9374879 0.5502309 0.9374836 0.3339988 0.9986261 0.3338332 0.9374964 0.9933993 0.937492 0.7664628 0.9986421 0.7664121 0.8763425 0.9933897 0.8763419 0.7665135 0.937492 0.7664628 0.937492 0.7664628 0.9374879 0.5502309 0.9986341 0.5501226 0.8763419 0.7665135 0.8763415 0.5503389 0.9374879 0.5502309 0.8763415 0.5503389 0.8763409 0.3341644 0.9374836 0.3339988 0.9374879 0.5502309 0.9374836 0.3339988 0.9986261 0.3338332 0.9374964 0.9933993 0.937492 0.7664628 0.9986421 0.7664121 0.8763425 0.9933897 0.8763419 0.7665135 0.937492 0.7664628 0.937492 0.7664628 0.9374879 0.5502309 0.9986341 0.5501226 0.8763419 0.7665135 0.8763415 0.5503389 0.9374879 0.5502309 0.8763415 0.5503389 0.8763409 0.3341644 0.9374836 0.3339988 0.9374879 0.5502309 0.9374836 0.3339988 0.9986261 0.3338332 0.9374964 0.9933993 0.937492 0.7664628 0.9986421 0.7664121 0.8763425 0.9933897 0.8763419 0.7665135 0.937492 0.7664628 0.937492 0.7664628 0.9374879 0.5502309 0.9986341 0.5501226 0.8763419 0.7665135 0.8763415 0.5503389 0.9374879 0.5502309 0.8763415 0.5503389 0.8763409 0.3341644 0.9374836 0.3339988 0.9374879 0.5502309 0.9374836 0.3339988 0.9986261 0.3338332 0.9374964 0.9933993 0.937492 0.7664628 0.9986421 0.7664121 0.8763425 0.9933897 0.8763419 0.7665135 0.937492 0.7664628 0.937492 0.7664628 0.9374879 0.5502309 0.9986341 0.5501226 0.8763419 0.7665135 0.8763415 0.5503389 0.9374879 0.5502309 0.8763415 0.5503389 0.8763409 0.3341644 0.9374836 0.3339988 0.9374879 0.5502309 0.9374836 0.3339988 0.9986261 0.3338332 0.9374964 0.9933993 0.937492 0.7664628 0.9986421 0.7664121 0.8763425 0.9933897 0.8763419 0.7665135 0.937492 0.7664628 0.937492 0.7664628 0.9374879 0.5502309 0.9986341 0.5501226 0.8763419 0.7665135 0.8763415 0.5503389 0.9374879 0.5502309 0.8763415 0.5503389 0.8763409 0.3341644 0.9374836 0.3339988 0.9374879 0.5502309 0.9374836 0.3339988 0.9986261 0.3338332 0.9374964 0.9933993 0.937492 0.7664628 0.9986421 0.7664121 0.8763425 0.9933897 0.8763419 0.7665135 0.937492 0.7664628 0.937492 0.7664628 0.9374879 0.5502309 0.9986341 0.5501226 0.8763419 0.7665135 0.8763415 0.5503389 0.9374879 0.5502309 0.8763415 0.5503389 0.8763409 0.3341644 0.9374836 0.3339988 0.9374879 0.5502309 0.9374836 0.3339988 0.9986261 0.3338332 0.9374964 0.9933993 0.937492 0.7664628 0.9986421 0.7664121 0.8763425 0.9933897 0.8763419 0.7665135 0.937492 0.7664628 0.937492 0.7664628 0.9374879 0.5502309 0.9986341 0.5501226 0.8763419 0.7665135 0.8763415 0.5503389 0.9374879 0.5502309 0.8763415 0.5503389 0.8763409 0.3341644 0.9374836 0.3339988 0.9374879 0.5502309 0.9374836 0.3339988 0.9986261 0.3338332 0.9374964 0.9933993 0.937492 0.7664628 0.9986421 0.7664121 0.8763425 0.9933897 0.8763419 0.7665135 0.937492 0.7664628 0.937492 0.7664628 0.9374879 0.5502309 0.9986341 0.5501226 0.8763419 0.7665135 0.8763415 0.5503389 0.9374879 0.5502309 0.8763415 0.5503389 0.8763409 0.3341644 0.9374836 0.3339988 0.9374879 0.5502309 0.9374836 0.3339988 0.9986261 0.3338332 0.9374964 0.9933993 0.937492 0.7664628 0.9986421 0.7664121 0.8763425 0.9933897 0.8763419 0.7665135 0.937492 0.7664628 0.937492 0.7664628 0.9374879 0.5502309 0.9986341 0.5501226 0.8763419 0.7665135 0.8763415 0.5503389 0.9374879 0.5502309 0.8763415 0.5503389 0.8763409 0.3341644 0.9374836 0.3339988 0.9374879 0.5502309 0.9374836 0.3339988 0.9986261 0.3338332 0.9374964 0.9933993 0.937492 0.7664628 0.9986421 0.7664121 0.8763425 0.9933897 0.8763419 0.7665135 0.937492 0.7664628 0.937492 0.7664628 0.9374879 0.5502309 0.9986341 0.5501226 0.8763419 0.7665135 0.8763415 0.5503389 0.9374879 0.5502309 0.8763415 0.5503389 0.8763409 0.3341644 0.9374836 0.3339988 0.9374879 0.5502309 0.9374836 0.3339988 0.9986261 0.3338332 0.9374964 0.9933993 0.937492 0.7664628 0.9986421 0.7664121 0.8763425 0.9933897 0.8763419 0.7665135 0.937492 0.7664628 0.937492 0.7664628 0.9374879 0.5502309 0.9986341 0.5501226 0.8763419 0.7665135 0.8763415 0.5503389 0.9374879 0.5502309 0.8763415 0.5503389 0.8763409 0.3341644 0.9374836 0.3339988 0.9374879 0.5502309 0.9374836 0.3339988 0.9986261 0.3338332 0.9374964 0.9933993 0.937492 0.7664628 0.9986421 0.7664121 0.8763425 0.9933897 0.8763419 0.7665135 0.937492 0.7664628 0.937492 0.7664628 0.9374879 0.5502309 0.9986341 0.5501226 0.8763419 0.7665135 0.8763415 0.5503389 0.9374879 0.5502309 0.8763415 0.5503389 0.8763409 0.3341644 0.9374836 0.3339988 0.9374879 0.5502309 0.9374836 0.3339988 0.9986261 0.3338332 0.9374964 0.9933993 0.937492 0.7664628 0.9986421 0.7664121 0.8763425 0.9933897 0.8763419 0.7665135 0.937492 0.7664628 0.937492 0.7664628 0.9374879 0.5502309 0.9986341 0.5501226 0.8763419 0.7665135 0.8763415 0.5503389 0.9374879 0.5502309 0.8763415 0.5503389 0.8763409 0.3341644 0.9374836 0.3339988 0.9374879 0.5502309 0.9374836 0.3339988 0.9986261 0.3338332 0.9374964 0.9933993 0.937492 0.7664628 0.9986421 0.7664121 0.8763425 0.9933897 0.8763419 0.7665135 0.937492 0.7664628 0.937492 0.7664628 0.9374879 0.5502309 0.9986341 0.5501226 0.8763419 0.7665135 0.8763415 0.5503389 0.9374879 0.5502309 0.8763415 0.5503389 0.8763409 0.3341644 0.9374836 0.3339988 0.9374879 0.5502309 0.9374836 0.3339988 0.9986261 0.3338332 0.9374964 0.9933993 0.937492 0.7664628 0.9986421 0.7664121 0.8763425 0.9933897 0.8763419 0.7665135 0.937492 0.7664628 0.937492 0.7664628 0.9374879 0.5502309 0.9986341 0.5501226 0.8763419 0.7665135 0.8763415 0.5503389 0.9374879 0.5502309 0.8763415 0.5503389 0.8763409 0.3341644 0.9374836 0.3339988 0.9374879 0.5502309 0.9374836 0.3339988 0.9986261 0.3338332 0.9374964 0.9933993 0.937492 0.7664628 0.9986421 0.7664121 0.8763425 0.9933897 0.8763419 0.7665135 0.937492 0.7664628 0.937492 0.7664628 0.9374879 0.5502309 0.9986341 0.5501226 0.8763419 0.7665135 0.8763415 0.5503389 0.9374879 0.5502309 0.8763415 0.5503389 0.8763409 0.3341644 0.9374836 0.3339988 0.9374879 0.5502309 0.9374836 0.3339988 0.9986261 0.3338332 0.9374964 0.9933993 0.937492 0.7664628 0.9986421 0.7664121 0.8763425 0.9933897 0.8763419 0.7665135 0.937492 0.7664628 0.937492 0.7664628 0.9374879 0.5502309 0.9986341 0.5501226 0.8763419 0.7665135 0.8763415 0.5503389 0.9374879 0.5502309 8.51164e-4 0.08464521 8.46098e-4 0.01429241 0.2561881 0.01424372 9.39868e-4 0.08654588 0.2568563 0.08654755 0.2568532 0.01440376 7.50087e-4 0.01466196 7.51536e-4 0.08678334 0.2566313 0.08673894 8.51164e-4 0.08464521 8.46098e-4 0.01429241 0.2561881 0.01424372 9.39868e-4 0.08654588 0.2568563 0.08654755 0.2568532 0.01440376 7.50087e-4 0.01466196 7.51536e-4 0.08678334 0.2566313 0.08673894 8.51164e-4 0.08464521 8.46098e-4 0.01429241 0.2561881 0.01424372 0.2568563 0.08654755 0.2568532 0.01440376 9.29676e-4 0.01444977 7.51536e-4 0.08678334 0.2566313 0.08673894 0.2566559 0.01465141 8.51164e-4 0.08464521 8.46098e-4 0.01429241 0.2561881 0.01424372 0.2568563 0.08654755 0.2568532 0.01440376 9.29676e-4 0.01444977 7.51536e-4 0.08678334 0.2566313 0.08673894 0.2566559 0.01465141 0.2562425 0.0846256 8.51164e-4 0.08464521 8.46098e-4 0.01429241 9.39868e-4 0.08654588 0.2568563 0.08654755 0.2568532 0.01440376 0.3284481 0.1753458 0.3106299 0.1999644 0.3079666 0.190562 0.2074248 0.4816825 0.1714776 0.4816825 0.1714776 0.2822428 0.2014727 0.2946447 0.2014287 0.2399312 0.2808984 0.2396045 0.2433721 0.4816824 0.2074248 0.4816825 0.2074248 0.2822428 0.04248934 0.2104675 0.1219589 0.2098734 0.122003 0.3093304 0.3296872 0.1865744 0.3277641 0.2507965 0.3101683 0.2508689 0.3245007 0.1614096 0.3079666 0.190562 0.3017258 0.185593 0.04253333 0.3099244 0.122003 0.3093304 0.122047 0.4087873 0.3277641 0.2507965 0.3297905 0.3150023 0.3115355 0.2941867 0.2015168 0.3493583 0.2014727 0.2946447 0.2809424 0.2943181 0.195055 0.3698222 0.195055 0.4414618 0.1821426 0.4414619 0.1692302 0.3698222 0.1692302 0.4414619 0.1682957 0.4414619 0.1219984 0.5205011 0.04260075 0.5213245 0.04256975 0.4751682 0.1220394 0.4743887 0.04256975 0.4751682 0.04257738 0.4093813 0.1714776 0.4816825 0.1688759 0.4816825 0.1688759 0.2822428 0.2808033 0.2105335 0.2808675 0.2250689 0.2013977 0.2253956 0.2808675 0.2250689 0.2808984 0.2396045 0.2014287 0.2399312 0.2433721 0.2822428 0.2459738 0.2822428 0.2459738 0.4816825 0.1218636 0.09793072 0.1219279 0.1440868 0.04245835 0.1448662 0.1219279 0.1440868 0.1219589 0.2098734 0.04248934 0.2104675 0.195055 0.4414618 0.195055 0.3698222 0.1959895 0.3698222 0.280938 0.3781032 0.2015402 0.3784295 0.2015093 0.3638939 0.2809788 0.3635673 0.2015093 0.3638939 0.2015168 0.3493583 0.1821426 0.3698222 0.1821426 0.4414619 0.1692302 0.4414619 0.3187934 0.359764 0.3377602 0.4044511 0.3263316 0.4095868 0.3214415 0.3503398 0.3403794 0.3904476 0.3377602 0.4044511 0.3222653 0.3427574 0.3413258 0.3713282 0.3403794 0.3904476 0.2500224 0.2394151 0.2310554 0.1947278 0.242484 0.1895922 0.2473738 0.2488396 0.2284362 0.2087314 0.2310554 0.1947278 0.2465501 0.2564222 0.2274898 0.2278508 0.2284362 0.2087314 0.3186964 0.2391327 0.3124557 0.2341637 0.3261692 0.1892169 0.3213597 0.248535 0.3186964 0.2391327 0.3375764 0.1943253 0.3221957 0.2561107 0.3213597 0.248535 0.34022 0.2083091 0.2501194 0.3600462 0.2563606 0.3650153 0.2426463 0.4099621 0.2474557 0.3506436 0.2501194 0.3600462 0.2312392 0.4048537 0.2466197 0.3430678 0.2474557 0.3506436 0.2285956 0.3908699 0.3125607 0.3647843 0.3263316 0.4095868 0.2844889 0.4097745 0.3222653 0.3427574 0.3222122 0.2994395 0.3412628 0.2993747 0.3221957 0.2561107 0.3411999 0.2274212 0.3412628 0.2993747 0.3124557 0.2341637 0.2843559 0.2345771 0.2843266 0.1894046 0.2563606 0.3650153 0.2844604 0.364602 0.2844889 0.4097745 0.2466197 0.3430678 0.2276157 0.3717579 0.2275528 0.2998043 0.2562556 0.2343947 0.242484 0.1895922 0.2843266 0.1894046 0.2465501 0.2564222 0.2466032 0.2997395 0.2275528 0.2998043 0.7252531 0.8963685 0.7472993 0.8966577 0.7250209 0.9457658 0.7472993 0.8966577 0.7471287 0.9738366 0.7342593 0.9732943 0.7250209 0.9457658 0.7472993 0.8966577 0.7342593 0.9732943 0.7342593 0.9732943 0.7298651 0.966158 0.7266854 0.9578261 0.7474699 0.8194791 0.7603394 0.8200213 0.7472993 0.8966577 0.7603394 0.8200213 0.7647337 0.827158 0.7679135 0.835489 0.7472993 0.8966577 0.7603394 0.8200213 0.769578 0.8475485 0.7679135 0.835489 0.769578 0.8475485 0.7603394 0.8200213 0.7472993 0.8966577 0.7693457 0.8969455 0.7693153 0.9462667 0.7693153 0.9462667 0.7675924 0.9582971 0.7600291 0.9736789 0.7675924 0.9582971 0.7643876 0.9665769 0.7600291 0.9736789 0.7600291 0.9736789 0.7471287 0.9738366 0.7472993 0.8966577 0.7345694 0.8196371 0.7474699 0.8194791 0.7472993 0.8966577 0.7472993 0.8966577 0.7252531 0.8963685 0.7252835 0.8470472 0.7252835 0.8470472 0.7270064 0.8350179 0.7345694 0.8196371 0.7270064 0.8350179 0.730211 0.8267388 0.7345694 0.8196371 0.3246443 0.3402096 0.3154063 0.3476508 0.3018308 0.3162137 0.3152506 0.1540445 0.3017258 0.185593 0.273626 0.1860064 0.3296872 0.1865744 0.3114658 0.20754 0.3106299 0.1999644 0.3285695 0.326241 0.3246443 0.3402096 0.3080635 0.3111933 0.273756 0.3473804 0.2321064 0.3479931 0.2456308 0.3164446 0.2321064 0.3479931 0.2228556 0.3406279 0.2393895 0.3114755 0.3297905 0.3150023 0.3285695 0.326241 0.3107117 0.3017691 0.2195916 0.2512412 0.2371874 0.2511689 0.2358899 0.2944972 0.2228556 0.3406279 0.2189075 0.3266913 0.2367258 0.302073 0.2319508 0.154387 0.2455258 0.185824 0.2392926 0.1908444 0.273601 0.1546573 0.273626 0.1860064 0.2455258 0.185824 0.2189075 0.3266913 0.2176684 0.3154626 0.2358899 0.2944972 0.2227119 0.1618282 0.2392926 0.1908444 0.236644 0.2002689 0.2175652 0.187036 0.2358202 0.2078515 0.2371874 0.2511689 0.3154063 0.3476508 0.273756 0.3473804 0.2737306 0.3160313 0.2187861 0.1757972 0.236644 0.2002689 0.2358202 0.2078515 8.51164e-4 0.08464521 8.46098e-4 0.01429241 0.2561881 0.01424372 0.2568563 0.08654755 0.2568532 0.01440376 9.29676e-4 0.01444977 0.2562425 0.0846256 8.51164e-4 0.08464521 8.46098e-4 0.01429241 0.2568563 0.08654755 0.2568532 0.01440376 9.29676e-4 0.01444977 7.51536e-4 0.08678334 0.2566313 0.08673894 0.2566559 0.01465141 0.2562425 0.0846256 8.51164e-4 0.08464521 8.46098e-4 0.01429241 9.39868e-4 0.08654588 0.2568563 0.08654755 0.2568532 0.01440376 7.50087e-4 0.01466196 7.51536e-4 0.08678334 0.2566313 0.08673894 8.51164e-4 0.08464521 8.46098e-4 0.01429241 0.2561881 0.01424372 9.39868e-4 0.08654588 0.2568563 0.08654755 0.2568532 0.01440376 7.50087e-4 0.01466196 7.51536e-4 0.08678334 0.2566313 0.08673894 0.2562425 0.0846256 8.51164e-4 0.08464521 8.46098e-4 0.01429241 0.2568563 0.08654755 0.2568532 0.01440376 9.29676e-4 0.01444977 7.51536e-4 0.08678334 0.2566313 0.08673894 0.2566559 0.01465141 8.51164e-4 0.08464521 8.46098e-4 0.01429241 0.2561881 0.01424372 9.39868e-4 0.08654588 0.2568563 0.08654755 0.2568532 0.01440376 7.50087e-4 0.01466196 7.51536e-4 0.08678334 0.2566313 0.08673894 0.2562425 0.0846256 8.51164e-4 0.08464521 8.46098e-4 0.01429241 0.2568563 0.08654755 0.2568532 0.01440376 9.29676e-4 0.01444977 7.51536e-4 0.08678334 0.2566313 0.08673894 0.2566559 0.01465141 0.3245007 0.1614096 0.3284481 0.1753458 0.3106299 0.1999644 0.2074248 0.2822428 0.2074248 0.4816825 0.1714776 0.4816825 0.2809424 0.2943181 0.2014727 0.2946447 0.2014287 0.2399312 0.2433721 0.2822428 0.2433721 0.4816824 0.2074248 0.4816825 0.1219589 0.2098734 0.122003 0.3093304 0.04253333 0.3099244 0.3277641 0.2507965 0.3101683 0.2508689 0.3114658 0.20754 0.3152506 0.1540445 0.3245007 0.1614096 0.3079666 0.190562 0.122003 0.3093304 0.122047 0.4087873 0.04257738 0.4093813 0.3297905 0.3150023 0.3115355 0.2941867 0.3101683 0.2508689 0.2809864 0.3490316 0.2015168 0.3493583 0.2014727 0.2946447 0.1821426 0.3698222 0.195055 0.3698222 0.195055 0.4414618 0.1692302 0.4414619 0.1682957 0.4414619 0.1682957 0.3698222 0.04260075 0.5213245 0.04256975 0.4751682 0.1220394 0.4743887 0.04256975 0.4751682 0.04257738 0.4093813 0.122047 0.4087873 0.1714776 0.2822428 0.1714776 0.4816825 0.1688759 0.4816825 0.2014052 0.2108599 0.2808033 0.2105335 0.2808675 0.2250689 0.2013977 0.2253956 0.2808675 0.2250689 0.2808984 0.2396045 0.2433721 0.4816824 0.2433721 0.2822428 0.2459738 0.2822428 0.04246592 0.09875416 0.1218636 0.09793072 0.1219279 0.1440868 0.04245835 0.1448662 0.1219279 0.1440868 0.1219589 0.2098734 0.195055 0.3698222 0.1959895 0.3698222 0.1959896 0.4414619 0.2015402 0.3784295 0.2015093 0.3638939 0.2809788 0.3635673 0.2015093 0.3638939 0.2015168 0.3493583 0.2809864 0.3490316 0.1692302 0.3698222 0.1821426 0.3698222 0.1821426 0.4414619 0.3187934 0.359764 0.3377602 0.4044511 0.3263316 0.4095868 0.3214415 0.3503398 0.3403794 0.3904476 0.3377602 0.4044511 0.3222653 0.3427574 0.3413258 0.3713282 0.3403794 0.3904476 0.2500224 0.2394151 0.2310554 0.1947278 0.242484 0.1895922 0.2473738 0.2488396 0.2284362 0.2087314 0.2310554 0.1947278 0.2465501 0.2564222 0.2274898 0.2278508 0.2284362 0.2087314 0.3186964 0.2391327 0.3124557 0.2341637 0.3261692 0.1892169 0.3213597 0.248535 0.3186964 0.2391327 0.3375764 0.1943253 0.3221957 0.2561107 0.3213597 0.248535 0.34022 0.2083091 0.2501194 0.3600462 0.2563606 0.3650153 0.2426463 0.4099621 0.2474557 0.3506436 0.2501194 0.3600462 0.2312392 0.4048537 0.2466197 0.3430678 0.2474557 0.3506436 0.2285956 0.3908699 0.3125607 0.3647843 0.3263316 0.4095868 0.2844889 0.4097745 0.3222653 0.3427574 0.3222122 0.2994395 0.3412628 0.2993747 0.3221957 0.2561107 0.3411999 0.2274212 0.3412628 0.2993747 0.3124557 0.2341637 0.2843559 0.2345771 0.2843266 0.1894046 0.2563606 0.3650153 0.2844604 0.364602 0.2844889 0.4097745 0.2466197 0.3430678 0.2276157 0.3717579 0.2275528 0.2998043 0.2562556 0.2343947 0.242484 0.1895922 0.2843266 0.1894046 0.2465501 0.2564222 0.2466032 0.2997395 0.2275528 0.2998043 0.7252531 0.8963685 0.7472993 0.8966577 0.7250209 0.9457658 0.7472993 0.8966577 0.7471287 0.9738366 0.7342593 0.9732943 0.7250209 0.9457658 0.7472993 0.8966577 0.7342593 0.9732943 0.7342593 0.9732943 0.7298651 0.966158 0.7266854 0.9578261 0.7474699 0.8194791 0.7603394 0.8200213 0.7472993 0.8966577 0.7603394 0.8200213 0.7647337 0.827158 0.7679135 0.835489 0.7472993 0.8966577 0.7603394 0.8200213 0.769578 0.8475485 0.7679135 0.835489 0.769578 0.8475485 0.7603394 0.8200213 0.7472993 0.8966577 0.7693457 0.8969455 0.7693153 0.9462667 0.7693153 0.9462667 0.7675924 0.9582971 0.7600291 0.9736789 0.7675924 0.9582971 0.7643876 0.9665769 0.7600291 0.9736789 0.7600291 0.9736789 0.7471287 0.9738366 0.7472993 0.8966577 0.7345694 0.8196371 0.7474699 0.8194791 0.7472993 0.8966577 0.7472993 0.8966577 0.7252531 0.8963685 0.7252835 0.8470472 0.7252835 0.8470472 0.7270064 0.8350179 0.7345694 0.8196371 0.7270064 0.8350179 0.730211 0.8267388 0.7345694 0.8196371 0.3154063 0.3476508 0.3018308 0.3162137 0.3080635 0.3111933 0.273601 0.1546573 0.3152506 0.1540445 0.3017258 0.185593 0.3284481 0.1753458 0.3296872 0.1865744 0.3114658 0.20754 0.3246443 0.3402096 0.3080635 0.3111933 0.3107117 0.3017691 0.2321064 0.3479931 0.2456308 0.3164446 0.2737306 0.3160313 0.2228556 0.3406279 0.2393895 0.3114755 0.2456308 0.3164446 0.3285695 0.326241 0.3107117 0.3017691 0.3115355 0.2941867 0.2176684 0.3154626 0.2195916 0.2512412 0.2371874 0.2511689 0.2189075 0.3266913 0.2367258 0.302073 0.2393895 0.3114755 0.2227119 0.1618282 0.2319508 0.154387 0.2455258 0.185824 0.2319508 0.154387 0.273601 0.1546573 0.273626 0.1860064 0.2176684 0.3154626 0.2358899 0.2944972 0.2367258 0.302073 0.2187861 0.1757972 0.2227119 0.1618282 0.2392926 0.1908444 0.2195916 0.2512412 0.2175652 0.187036 0.2358202 0.2078515 0.273756 0.3473804 0.2737306 0.3160313 0.3018308 0.3162137 0.2175652 0.187036 0.2187861 0.1757972 0.236644 0.2002689 0.3245007 0.1614096 0.3284481 0.1753458 0.3106299 0.1999644 0.2074248 0.2822428 0.2074248 0.4816825 0.1714776 0.4816825 0.2809424 0.2943181 0.2014727 0.2946447 0.2014287 0.2399312 0.2433721 0.2822428 0.2433721 0.4816824 0.2074248 0.4816825 0.1219589 0.2098734 0.122003 0.3093304 0.04253333 0.3099244 0.3277641 0.2507965 0.3101683 0.2508689 0.3114658 0.20754 0.3152506 0.1540445 0.3245007 0.1614096 0.3079666 0.190562 0.122003 0.3093304 0.122047 0.4087873 0.04257738 0.4093813 0.3297905 0.3150023 0.3115355 0.2941867 0.3101683 0.2508689 0.2809864 0.3490316 0.2015168 0.3493583 0.2014727 0.2946447 0.1821426 0.3698222 0.195055 0.3698222 0.195055 0.4414618 0.1692302 0.4414619 0.1682957 0.4414619 0.1682957 0.3698222 0.04260075 0.5213245 0.04256975 0.4751682 0.1220394 0.4743887 0.04256975 0.4751682 0.04257738 0.4093813 0.122047 0.4087873 0.1714776 0.2822428 0.1714776 0.4816825 0.1688759 0.4816825 0.2014052 0.2108599 0.2808033 0.2105335 0.2808675 0.2250689 0.2013977 0.2253956 0.2808675 0.2250689 0.2808984 0.2396045 0.2433721 0.4816824 0.2433721 0.2822428 0.2459738 0.2822428 0.04246592 0.09875416 0.1218636 0.09793072 0.1219279 0.1440868 0.04245835 0.1448662 0.1219279 0.1440868 0.1219589 0.2098734 0.195055 0.3698222 0.1959895 0.3698222 0.1959896 0.4414619 0.2015402 0.3784295 0.2015093 0.3638939 0.2809788 0.3635673 0.2015093 0.3638939 0.2015168 0.3493583 0.2809864 0.3490316 0.1692302 0.3698222 0.1821426 0.3698222 0.1821426 0.4414619 0.3187934 0.359764 0.3377602 0.4044511 0.3263316 0.4095868 0.3214415 0.3503398 0.3403794 0.3904476 0.3377602 0.4044511 0.3222653 0.3427574 0.3413258 0.3713282 0.3403794 0.3904476 0.2500224 0.2394151 0.2310554 0.1947278 0.242484 0.1895922 0.2473738 0.2488396 0.2284362 0.2087314 0.2310554 0.1947278 0.2465501 0.2564222 0.2274898 0.2278508 0.2284362 0.2087314 0.3186964 0.2391327 0.3124557 0.2341637 0.3261692 0.1892169 0.3213597 0.248535 0.3186964 0.2391327 0.3375764 0.1943253 0.3221957 0.2561107 0.3213597 0.248535 0.34022 0.2083091 0.2501194 0.3600462 0.2563606 0.3650153 0.2426463 0.4099621 0.2474557 0.3506436 0.2501194 0.3600462 0.2312392 0.4048537 0.2466197 0.3430678 0.2474557 0.3506436 0.2285956 0.3908699 0.3125607 0.3647843 0.3263316 0.4095868 0.2844889 0.4097745 0.3222653 0.3427574 0.3222122 0.2994395 0.3412628 0.2993747 0.3221957 0.2561107 0.3411999 0.2274212 0.3412628 0.2993747 0.3124557 0.2341637 0.2843559 0.2345771 0.2843266 0.1894046 0.2563606 0.3650153 0.2844604 0.364602 0.2844889 0.4097745 0.2466197 0.3430678 0.2276157 0.3717579 0.2275528 0.2998043 0.2562556 0.2343947 0.242484 0.1895922 0.2843266 0.1894046 0.2465501 0.2564222 0.2466032 0.2997395 0.2275528 0.2998043 0.7252531 0.8963685 0.7472993 0.8966577 0.7250209 0.9457658 0.7472993 0.8966577 0.7471287 0.9738366 0.7342593 0.9732943 0.7250209 0.9457658 0.7472993 0.8966577 0.7342593 0.9732943 0.7342593 0.9732943 0.7298651 0.966158 0.7266854 0.9578261 0.7474699 0.8194791 0.7603394 0.8200213 0.7472993 0.8966577 0.7603394 0.8200213 0.7647337 0.827158 0.7679135 0.835489 0.7472993 0.8966577 0.7603394 0.8200213 0.769578 0.8475485 0.7679135 0.835489 0.769578 0.8475485 0.7603394 0.8200213 0.7472993 0.8966577 0.7693457 0.8969455 0.7693153 0.9462667 0.7693153 0.9462667 0.7675924 0.9582971 0.7600291 0.9736789 0.7675924 0.9582971 0.7643876 0.9665769 0.7600291 0.9736789 0.7600291 0.9736789 0.7471287 0.9738366 0.7472993 0.8966577 0.7345694 0.8196371 0.7474699 0.8194791 0.7472993 0.8966577 0.7472993 0.8966577 0.7252531 0.8963685 0.7252835 0.8470472 0.7252835 0.8470472 0.7270064 0.8350179 0.7345694 0.8196371 0.7270064 0.8350179 0.730211 0.8267388 0.7345694 0.8196371 0.3154063 0.3476508 0.3018308 0.3162137 0.3080635 0.3111933 0.273601 0.1546573 0.3152506 0.1540445 0.3017258 0.185593 0.3284481 0.1753458 0.3296872 0.1865744 0.3114658 0.20754 0.3246443 0.3402096 0.3080635 0.3111933 0.3107117 0.3017691 0.2321064 0.3479931 0.2456308 0.3164446 0.2737306 0.3160313 0.2228556 0.3406279 0.2393895 0.3114755 0.2456308 0.3164446 0.3285695 0.326241 0.3107117 0.3017691 0.3115355 0.2941867 0.2176684 0.3154626 0.2195916 0.2512412 0.2371874 0.2511689 0.2189075 0.3266913 0.2367258 0.302073 0.2393895 0.3114755 0.2227119 0.1618282 0.2319508 0.154387 0.2455258 0.185824 0.2319508 0.154387 0.273601 0.1546573 0.273626 0.1860064 0.2176684 0.3154626 0.2358899 0.2944972 0.2367258 0.302073 0.2187861 0.1757972 0.2227119 0.1618282 0.2392926 0.1908444 0.2195916 0.2512412 0.2175652 0.187036 0.2358202 0.2078515 0.273756 0.3473804 0.2737306 0.3160313 0.3018308 0.3162137 0.2175652 0.187036 0.2187861 0.1757972 0.236644 0.2002689 0.3245007 0.1614096 0.3284481 0.1753458 0.3106299 0.1999644 0.2074248 0.2822428 0.2074248 0.4816825 0.1714776 0.4816825 0.2809424 0.2943181 0.2014727 0.2946447 0.2014287 0.2399312 0.2433721 0.2822428 0.2433721 0.4816824 0.2074248 0.4816825 0.1219589 0.2098734 0.122003 0.3093304 0.04253333 0.3099244 0.3277641 0.2507965 0.3101683 0.2508689 0.3114658 0.20754 0.3152506 0.1540445 0.3245007 0.1614096 0.3079666 0.190562 0.122003 0.3093304 0.122047 0.4087873 0.04257738 0.4093813 0.3297905 0.3150023 0.3115355 0.2941867 0.3101683 0.2508689 0.2809864 0.3490316 0.2015168 0.3493583 0.2014727 0.2946447 0.1821426 0.3698222 0.195055 0.3698222 0.195055 0.4414618 0.1692302 0.4414619 0.1682957 0.4414619 0.1682957 0.3698222 0.04260075 0.5213245 0.04256975 0.4751682 0.1220394 0.4743887 0.04256975 0.4751682 0.04257738 0.4093813 0.122047 0.4087873 0.1714776 0.2822428 0.1714776 0.4816825 0.1688759 0.4816825 0.2014052 0.2108599 0.2808033 0.2105335 0.2808675 0.2250689 0.2013977 0.2253956 0.2808675 0.2250689 0.2808984 0.2396045 0.2433721 0.4816824 0.2433721 0.2822428 0.2459738 0.2822428 0.04246592 0.09875416 0.1218636 0.09793072 0.1219279 0.1440868 0.04245835 0.1448662 0.1219279 0.1440868 0.1219589 0.2098734 0.195055 0.3698222 0.1959895 0.3698222 0.1959896 0.4414619 0.2015402 0.3784295 0.2015093 0.3638939 0.2809788 0.3635673 0.2015093 0.3638939 0.2015168 0.3493583 0.2809864 0.3490316 0.1692302 0.3698222 0.1821426 0.3698222 0.1821426 0.4414619 0.3187934 0.359764 0.3377602 0.4044511 0.3263316 0.4095868 0.3214415 0.3503398 0.3403794 0.3904476 0.3377602 0.4044511 0.3222653 0.3427574 0.3413258 0.3713282 0.3403794 0.3904476 0.2500224 0.2394151 0.2310554 0.1947278 0.242484 0.1895922 0.2473738 0.2488396 0.2284362 0.2087314 0.2310554 0.1947278 0.2465501 0.2564222 0.2274898 0.2278508 0.2284362 0.2087314 0.3186964 0.2391327 0.3124557 0.2341637 0.3261692 0.1892169 0.3213597 0.248535 0.3186964 0.2391327 0.3375764 0.1943253 0.3221957 0.2561107 0.3213597 0.248535 0.34022 0.2083091 0.2501194 0.3600462 0.2563606 0.3650153 0.2426463 0.4099621 0.2474557 0.3506436 0.2501194 0.3600462 0.2312392 0.4048537 0.2466197 0.3430678 0.2474557 0.3506436 0.2285956 0.3908699 0.3125607 0.3647843 0.3263316 0.4095868 0.2844889 0.4097745 0.3222653 0.3427574 0.3222122 0.2994395 0.3412628 0.2993747 0.3221957 0.2561107 0.3411999 0.2274212 0.3412628 0.2993747 0.3124557 0.2341637 0.2843559 0.2345771 0.2843266 0.1894046 0.2563606 0.3650153 0.2844604 0.364602 0.2844889 0.4097745 0.2466197 0.3430678 0.2276157 0.3717579 0.2275528 0.2998043 0.2562556 0.2343947 0.242484 0.1895922 0.2843266 0.1894046 0.2465501 0.2564222 0.2466032 0.2997395 0.2275528 0.2998043 0.7252531 0.8963685 0.7472993 0.8966577 0.7250209 0.9457658 0.7472993 0.8966577 0.7471287 0.9738366 0.7342593 0.9732943 0.7250209 0.9457658 0.7472993 0.8966577 0.7342593 0.9732943 0.7342593 0.9732943 0.7298651 0.966158 0.7266854 0.9578261 0.7474699 0.8194791 0.7603394 0.8200213 0.7472993 0.8966577 0.7603394 0.8200213 0.7647337 0.827158 0.7679135 0.835489 0.7472993 0.8966577 0.7603394 0.8200213 0.769578 0.8475485 0.7679135 0.835489 0.769578 0.8475485 0.7603394 0.8200213 0.7472993 0.8966577 0.7693457 0.8969455 0.7693153 0.9462667 0.7693153 0.9462667 0.7675924 0.9582971 0.7600291 0.9736789 0.7675924 0.9582971 0.7643876 0.9665769 0.7600291 0.9736789 0.7600291 0.9736789 0.7471287 0.9738366 0.7472993 0.8966577 0.7345694 0.8196371 0.7474699 0.8194791 0.7472993 0.8966577 0.7472993 0.8966577 0.7252531 0.8963685 0.7252835 0.8470472 0.7252835 0.8470472 0.7270064 0.8350179 0.7345694 0.8196371 0.7270064 0.8350179 0.730211 0.8267388 0.7345694 0.8196371 0.3154063 0.3476508 0.3018308 0.3162137 0.3080635 0.3111933 0.273601 0.1546573 0.3152506 0.1540445 0.3017258 0.185593 0.3284481 0.1753458 0.3296872 0.1865744 0.3114658 0.20754 0.3246443 0.3402096 0.3080635 0.3111933 0.3107117 0.3017691 0.2321064 0.3479931 0.2456308 0.3164446 0.2737306 0.3160313 0.2228556 0.3406279 0.2393895 0.3114755 0.2456308 0.3164446 0.3285695 0.326241 0.3107117 0.3017691 0.3115355 0.2941867 0.2176684 0.3154626 0.2195916 0.2512412 0.2371874 0.2511689 0.2189075 0.3266913 0.2367258 0.302073 0.2393895 0.3114755 0.2227119 0.1618282 0.2319508 0.154387 0.2455258 0.185824 0.2319508 0.154387 0.273601 0.1546573 0.273626 0.1860064 0.2176684 0.3154626 0.2358899 0.2944972 0.2367258 0.302073 0.2187861 0.1757972 0.2227119 0.1618282 0.2392926 0.1908444 0.2195916 0.2512412 0.2175652 0.187036 0.2358202 0.2078515 0.273756 0.3473804 0.2737306 0.3160313 0.3018308 0.3162137 0.2175652 0.187036 0.2187861 0.1757972 0.236644 0.2002689 0.3245007 0.1614096 0.3284481 0.1753458 0.3106299 0.1999644 0.2074248 0.2822428 0.2074248 0.4816825 0.1714776 0.4816825 0.2809424 0.2943181 0.2014727 0.2946447 0.2014287 0.2399312 0.2433721 0.2822428 0.2433721 0.4816824 0.2074248 0.4816825 0.1219589 0.2098734 0.122003 0.3093304 0.04253333 0.3099244 0.3277641 0.2507965 0.3101683 0.2508689 0.3114658 0.20754 0.3152506 0.1540445 0.3245007 0.1614096 0.3079666 0.190562 0.122003 0.3093304 0.122047 0.4087873 0.04257738 0.4093813 0.3297905 0.3150023 0.3115355 0.2941867 0.3101683 0.2508689 0.2809864 0.3490316 0.2015168 0.3493583 0.2014727 0.2946447 0.1821426 0.3698222 0.195055 0.3698222 0.195055 0.4414618 0.1692302 0.4414619 0.1682957 0.4414619 0.1682957 0.3698222 0.04260075 0.5213245 0.04256975 0.4751682 0.1220394 0.4743887 0.04256975 0.4751682 0.04257738 0.4093813 0.122047 0.4087873 0.1714776 0.2822428 0.1714776 0.4816825 0.1688759 0.4816825 0.2014052 0.2108599 0.2808033 0.2105335 0.2808675 0.2250689 0.2013977 0.2253956 0.2808675 0.2250689 0.2808984 0.2396045 0.2433721 0.4816824 0.2433721 0.2822428 0.2459738 0.2822428 0.04246592 0.09875416 0.1218636 0.09793072 0.1219279 0.1440868 0.04245835 0.1448662 0.1219279 0.1440868 0.1219589 0.2098734 0.195055 0.3698222 0.1959895 0.3698222 0.1959896 0.4414619 0.2015402 0.3784295 0.2015093 0.3638939 0.2809788 0.3635673 0.2015093 0.3638939 0.2015168 0.3493583 0.2809864 0.3490316 0.1692302 0.3698222 0.1821426 0.3698222 0.1821426 0.4414619 0.3187934 0.359764 0.3377602 0.4044511 0.3263316 0.4095868 0.3214415 0.3503398 0.3403794 0.3904476 0.3377602 0.4044511 0.3222653 0.3427574 0.3413258 0.3713282 0.3403794 0.3904476 0.2500224 0.2394151 0.2310554 0.1947278 0.242484 0.1895922 0.2473738 0.2488396 0.2284362 0.2087314 0.2310554 0.1947278 0.2465501 0.2564222 0.2274898 0.2278508 0.2284362 0.2087314 0.3186964 0.2391327 0.3124557 0.2341637 0.3261692 0.1892169 0.3213597 0.248535 0.3186964 0.2391327 0.3375764 0.1943253 0.3221957 0.2561107 0.3213597 0.248535 0.34022 0.2083091 0.2501194 0.3600462 0.2563606 0.3650153 0.2426463 0.4099621 0.2474557 0.3506436 0.2501194 0.3600462 0.2312392 0.4048537 0.2466197 0.3430678 0.2474557 0.3506436 0.2285956 0.3908699 0.3125607 0.3647843 0.3263316 0.4095868 0.2844889 0.4097745 0.3222653 0.3427574 0.3222122 0.2994395 0.3412628 0.2993747 0.3221957 0.2561107 0.3411999 0.2274212 0.3412628 0.2993747 0.3124557 0.2341637 0.2843559 0.2345771 0.2843266 0.1894046 0.2563606 0.3650153 0.2844604 0.364602 0.2844889 0.4097745 0.2466197 0.3430678 0.2276157 0.3717579 0.2275528 0.2998043 0.2562556 0.2343947 0.242484 0.1895922 0.2843266 0.1894046 0.2465501 0.2564222 0.2466032 0.2997395 0.2275528 0.2998043 0.3154063 0.3476508 0.3018308 0.3162137 0.3080635 0.3111933 0.273601 0.1546573 0.3152506 0.1540445 0.3017258 0.185593 0.3284481 0.1753458 0.3296872 0.1865744 0.3114658 0.20754 0.3246443 0.3402096 0.3080635 0.3111933 0.3107117 0.3017691 0.2321064 0.3479931 0.2456308 0.3164446 0.2737306 0.3160313 0.2228556 0.3406279 0.2393895 0.3114755 0.2456308 0.3164446 0.3285695 0.326241 0.3107117 0.3017691 0.3115355 0.2941867 0.2176684 0.3154626 0.2195916 0.2512412 0.2371874 0.2511689 0.2189075 0.3266913 0.2367258 0.302073 0.2393895 0.3114755 0.2227119 0.1618282 0.2319508 0.154387 0.2455258 0.185824 0.2319508 0.154387 0.273601 0.1546573 0.273626 0.1860064 0.2176684 0.3154626 0.2358899 0.2944972 0.2367258 0.302073 0.2187861 0.1757972 0.2227119 0.1618282 0.2392926 0.1908444 0.2195916 0.2512412 0.2175652 0.187036 0.2358202 0.2078515 0.273756 0.3473804 0.2737306 0.3160313 0.3018308 0.3162137 0.2175652 0.187036 0.2187861 0.1757972 0.236644 0.2002689 0.2562425 0.0846256 8.51164e-4 0.08464521 8.46098e-4 0.01429241 0.2568563 0.08654755 0.2568532 0.01440376 9.29676e-4 0.01444977 7.51536e-4 0.08678334 0.2566313 0.08673894 0.2566559 0.01465141 8.51164e-4 0.08464521 8.46098e-4 0.01429241 0.2561881 0.01424372 9.39868e-4 0.08654588 0.2568563 0.08654755 0.2568532 0.01440376 7.50087e-4 0.01466196 7.51536e-4 0.08678334 0.2566313 0.08673894 0.2562425 0.0846256 8.51164e-4 0.08464521 8.46098e-4 0.01429241 9.39868e-4 0.08654588 0.2568563 0.08654755 0.2568532 0.01440376 7.50087e-4 0.01466196 7.51536e-4 0.08678334 0.2566313 0.08673894 8.51164e-4 0.08464521 8.46098e-4 0.01429241 0.2561881 0.01424372 9.39868e-4 0.08654588 0.2568563 0.08654755 0.2568532 0.01440376 7.50087e-4 0.01466196 7.51536e-4 0.08678334 0.2566313 0.08673894 0.2562425 0.0846256 8.51164e-4 0.08464521 8.46098e-4 0.01429241 0.2568563 0.08654755 0.2568532 0.01440376 9.29676e-4 0.01444977 7.51536e-4 0.08678334 0.2566313 0.08673894 0.2566559 0.01465141 8.51164e-4 0.08464521 8.46098e-4 0.01429241 0.2561881 0.01424372 9.39868e-4 0.08654588 0.2568563 0.08654755 0.2568532 0.01440376 7.50087e-4 0.01466196 7.51536e-4 0.08678334 0.2566313 0.08673894 0.2562425 0.0846256 8.51164e-4 0.08464521 8.46098e-4 0.01429241 0.2568563 0.08654755 0.2568532 0.01440376 9.29676e-4 0.01444977 7.51536e-4 0.08678334 0.2566313 0.08673894 0.2566559 0.01465141 0.2562425 0.0846256 8.51164e-4 0.08464521 8.46098e-4 0.01429241 0.2568563 0.08654755 0.2568532 0.01440376 9.29676e-4 0.01444977 7.51536e-4 0.08678334 0.2566313 0.08673894 0.2566559 0.01465141 8.51164e-4 0.08464521 8.46098e-4 0.01429241 0.2561881 0.01424372 9.39868e-4 0.08654588 0.2568563 0.08654755 0.2568532 0.01440376 7.50087e-4 0.01466196 7.51536e-4 0.08678334 0.2566313 0.08673894 0.2562425 0.0846256 8.51164e-4 0.08464521 8.46098e-4 0.01429241 9.39868e-4 0.08654588 0.2568563 0.08654755 0.2568532 0.01440376 7.50087e-4 0.01466196 7.51536e-4 0.08678334 0.2566313 0.08673894 8.51164e-4 0.08464521 8.46098e-4 0.01429241 0.2561881 0.01424372 9.39868e-4 0.08654588 0.2568563 0.08654755 0.2568532 0.01440376 7.50087e-4 0.01466196 7.51536e-4 0.08678334 0.2566313 0.08673894 0.2562425 0.0846256 8.51164e-4 0.08464521 8.46098e-4 0.01429241 0.2568563 0.08654755 0.2568532 0.01440376 9.29676e-4 0.01444977 7.51536e-4 0.08678334 0.2566313 0.08673894 0.2566559 0.01465141 8.51164e-4 0.08464521 8.46098e-4 0.01429241 0.2561881 0.01424372 9.39868e-4 0.08654588 0.2568563 0.08654755 0.2568532 0.01440376 7.50087e-4 0.01466196 7.51536e-4 0.08678334 0.2566313 0.08673894 0.2562425 0.0846256 8.51164e-4 0.08464521 8.46098e-4 0.01429241 0.2568563 0.08654755 0.2568532 0.01440376 9.29676e-4 0.01444977 7.51536e-4 0.08678334 0.2566313 0.08673894 0.2566559 0.01465141 0.2562425 0.0846256 8.51164e-4 0.08464521 8.46098e-4 0.01429241 0.2568563 0.08654755 0.2568532 0.01440376 9.29676e-4 0.01444977 7.51536e-4 0.08678334 0.2566313 0.08673894 0.2566559 0.01465141 8.51164e-4 0.08464521 8.46098e-4 0.01429241 0.2561881 0.01424372 9.39868e-4 0.08654588 0.2568563 0.08654755 0.2568532 0.01440376 7.50087e-4 0.01466196 7.51536e-4 0.08678334 0.2566313 0.08673894 0.2562425 0.0846256 8.51164e-4 0.08464521 8.46098e-4 0.01429241 9.39868e-4 0.08654588 0.2568563 0.08654755 0.2568532 0.01440376 7.50087e-4 0.01466196 7.51536e-4 0.08678334 0.2566313 0.08673894 8.51164e-4 0.08464521 8.46098e-4 0.01429241 0.2561881 0.01424372 9.39868e-4 0.08654588 0.2568563 0.08654755 0.2568532 0.01440376 7.50087e-4 0.01466196 7.51536e-4 0.08678334 0.2566313 0.08673894 0.2562425 0.0846256 8.51164e-4 0.08464521 8.46098e-4 0.01429241 0.2568563 0.08654755 0.2568532 0.01440376 9.29676e-4 0.01444977 7.51536e-4 0.08678334 0.2566313 0.08673894 0.2566559 0.01465141 8.51164e-4 0.08464521 8.46098e-4 0.01429241 0.2561881 0.01424372 9.39868e-4 0.08654588 0.2568563 0.08654755 0.2568532 0.01440376 7.50087e-4 0.01466196 7.51536e-4 0.08678334 0.2566313 0.08673894 0.2562425 0.0846256 8.51164e-4 0.08464521 8.46098e-4 0.01429241 0.2568563 0.08654755 0.2568532 0.01440376 9.29676e-4 0.01444977 7.51536e-4 0.08678334 0.2566313 0.08673894 0.2566559 0.01465141 8.51164e-4 0.08464521 8.46098e-4 0.01429241 0.2561881 0.01424372 0.2568563 0.08654755 0.2568532 0.01440376 9.29676e-4 0.01444977 0.2562425 0.0846256 8.51164e-4 0.08464521 8.46098e-4 0.01429241 9.39868e-4 0.08654588 0.2568563 0.08654755 0.2568532 0.01440376 0.2562425 0.0846256 8.51164e-4 0.08464521 8.46098e-4 0.01429241 9.39868e-4 0.08654588 0.2568563 0.08654755 0.2568532 0.01440376 0.2562425 0.0846256 8.51164e-4 0.08464521 8.46098e-4 0.01429241 9.39868e-4 0.08654588 0.2568563 0.08654755 0.2568532 0.01440376 0.2562425 0.0846256 8.51164e-4 0.08464521 8.46098e-4 0.01429241 9.39868e-4 0.08654588 0.2568563 0.08654755 0.2568532 0.01440376 0.2562425 0.0846256 8.51164e-4 0.08464521 8.46098e-4 0.01429241 9.39868e-4 0.08654588 0.2568563 0.08654755 0.2568532 0.01440376 0.2562425 0.0846256 8.51164e-4 0.08464521 8.46098e-4 0.01429241 9.39868e-4 0.08654588 0.2568563 0.08654755 0.2568532 0.01440376 0.2562425 0.0846256 8.51164e-4 0.08464521 8.46098e-4 0.01429241 9.39868e-4 0.08654588 0.2568563 0.08654755 0.2568532 0.01440376 0.2562425 0.0846256 8.51164e-4 0.08464521 8.46098e-4 0.01429241 9.39868e-4 0.08654588 0.2568563 0.08654755 0.2568532 0.01440376 0.2562425 0.0846256 8.51164e-4 0.08464521 8.46098e-4 0.01429241 9.39868e-4 0.08654588 0.2568563 0.08654755 0.2568532 0.01440376 0.2562425 0.0846256 8.51164e-4 0.08464521 8.46098e-4 0.01429241 9.39868e-4 0.08654588 0.2568563 0.08654755 0.2568532 0.01440376 0.2562425 0.0846256 8.51164e-4 0.08464521 8.46098e-4 0.01429241 9.39868e-4 0.08654588 0.2568563 0.08654755 0.2568532 0.01440376 8.51164e-4 0.08464521 8.46098e-4 0.01429241 0.2561881 0.01424372 0.2568563 0.08654755 0.2568532 0.01440376 9.29676e-4 0.01444977 8.51164e-4 0.08464521 8.46098e-4 0.01429241 0.2561881 0.01424372 0.2568563 0.08654755 0.2568532 0.01440376 9.29676e-4 0.01444977 8.51164e-4 0.08464521 8.46098e-4 0.01429241 0.2561881 0.01424372 0.2568563 0.08654755 0.2568532 0.01440376 9.29676e-4 0.01444977 8.51164e-4 0.08464521 8.46098e-4 0.01429241 0.2561881 0.01424372 0.2568563 0.08654755 0.2568532 0.01440376 9.29676e-4 0.01444977 8.51164e-4 0.08464521 8.46098e-4 0.01429241 0.2561881 0.01424372 0.2568563 0.08654755 0.2568532 0.01440376 9.29676e-4 0.01444977 8.51164e-4 0.08464521 8.46098e-4 0.01429241 0.2561881 0.01424372 0.2568563 0.08654755 0.2568532 0.01440376 9.29676e-4 0.01444977 8.51164e-4 0.08464521 8.46098e-4 0.01429241 0.2561881 0.01424372 0.2568563 0.08654755 0.2568532 0.01440376 9.29676e-4 0.01444977 8.51164e-4 0.08464521 8.46098e-4 0.01429241 0.2561881 0.01424372 0.2568563 0.08654755 0.2568532 0.01440376 9.29676e-4 0.01444977 8.51164e-4 0.08464521 8.46098e-4 0.01429241 0.2561881 0.01424372 0.2568563 0.08654755 0.2568532 0.01440376 9.29676e-4 0.01444977 8.51164e-4 0.08464521 8.46098e-4 0.01429241 0.2561881 0.01424372 0.2568563 0.08654755 0.2568532 0.01440376 9.29676e-4 0.01444977 8.51164e-4 0.08464521 8.46098e-4 0.01429241 0.2561881 0.01424372 0.2568563 0.08654755 0.2568532 0.01440376 9.29676e-4 0.01444977 0.2562425 0.0846256 8.51164e-4 0.08464521 8.46098e-4 0.01429241 9.39868e-4 0.08654588 0.2568563 0.08654755 0.2568532 0.01440376 0.2562425 0.0846256 8.51164e-4 0.08464521 8.46098e-4 0.01429241 9.39868e-4 0.08654588 0.2568563 0.08654755 0.2568532 0.01440376 0.2562425 0.0846256 8.51164e-4 0.08464521 8.46098e-4 0.01429241 9.39868e-4 0.08654588 0.2568563 0.08654755 0.2568532 0.01440376 0.2562425 0.0846256 8.51164e-4 0.08464521 8.46098e-4 0.01429241 9.39868e-4 0.08654588 0.2568563 0.08654755 0.2568532 0.01440376 0.2562425 0.0846256 8.51164e-4 0.08464521 8.46098e-4 0.01429241 9.39868e-4 0.08654588 0.2568563 0.08654755 0.2568532 0.01440376 0.2562425 0.0846256 8.51164e-4 0.08464521 8.46098e-4 0.01429241 9.39868e-4 0.08654588 0.2568563 0.08654755 0.2568532 0.01440376 0.2562425 0.0846256 8.51164e-4 0.08464521 8.46098e-4 0.01429241 9.39868e-4 0.08654588 0.2568563 0.08654755 0.2568532 0.01440376 0.2562425 0.0846256 8.51164e-4 0.08464521 8.46098e-4 0.01429241 9.39868e-4 0.08654588 0.2568563 0.08654755 0.2568532 0.01440376 0.2562425 0.0846256 8.51164e-4 0.08464521 8.46098e-4 0.01429241 9.39868e-4 0.08654588 0.2568563 0.08654755 0.2568532 0.01440376 0.2562425 0.0846256 8.51164e-4 0.08464521 8.46098e-4 0.01429241 9.39868e-4 0.08654588 0.2568563 0.08654755 0.2568532 0.01440376 0.2562425 0.0846256 8.51164e-4 0.08464521 8.46098e-4 0.01429241 9.39868e-4 0.08654588 0.2568563 0.08654755 0.2568532 0.01440376 0.2562425 0.0846256 8.51164e-4 0.08464521 8.46098e-4 0.01429241 9.39868e-4 0.08654588 0.2568563 0.08654755 0.2568532 0.01440376 0.2562425 0.0846256 8.51164e-4 0.08464521 8.46098e-4 0.01429241 9.39868e-4 0.08654588 0.2568563 0.08654755 0.2568532 0.01440376 0.2562425 0.0846256 8.51164e-4 0.08464521 8.46098e-4 0.01429241 9.39868e-4 0.08654588 0.2568563 0.08654755 0.2568532 0.01440376 0.2562425 0.0846256 8.51164e-4 0.08464521 8.46098e-4 0.01429241 9.39868e-4 0.08654588 0.2568563 0.08654755 0.2568532 0.01440376 0.3245007 0.1614096 0.3284481 0.1753458 0.3106299 0.1999644 0.2074248 0.2822428 0.2074248 0.4816825 0.1714776 0.4816825 0.2014727 0.2946447 0.2014287 0.2399312 0.2808984 0.2396045 0.2433721 0.2822428 0.2433721 0.4816824 0.2074248 0.4816825 0.04248934 0.2104675 0.1219589 0.2098734 0.122003 0.3093304 0.3296872 0.1865744 0.3277641 0.2507965 0.3101683 0.2508689 0.3152506 0.1540445 0.3245007 0.1614096 0.3079666 0.190562 0.04253333 0.3099244 0.122003 0.3093304 0.122047 0.4087873 0.3277641 0.2507965 0.3297905 0.3150023 0.3115355 0.2941867 0.2015168 0.3493583 0.2014727 0.2946447 0.2809424 0.2943181 0.1821426 0.3698222 0.195055 0.3698222 0.195055 0.4414618 0.1692302 0.4414619 0.1682957 0.4414619 0.1682957 0.3698222 0.04260075 0.5213245 0.04256975 0.4751682 0.1220394 0.4743887 0.04256975 0.4751682 0.04257738 0.4093813 0.122047 0.4087873 0.1714776 0.2822428 0.1714776 0.4816825 0.1688759 0.4816825 0.2014052 0.2108599 0.2808033 0.2105335 0.2808675 0.2250689 0.2013977 0.2253956 0.2808675 0.2250689 0.2808984 0.2396045 0.2433721 0.4816824 0.2433721 0.2822428 0.2459738 0.2822428 0.04246592 0.09875416 0.1218636 0.09793072 0.1219279 0.1440868 0.04245835 0.1448662 0.1219279 0.1440868 0.1219589 0.2098734 0.195055 0.3698222 0.1959895 0.3698222 0.1959896 0.4414619 0.2015402 0.3784295 0.2015093 0.3638939 0.2809788 0.3635673 0.2015093 0.3638939 0.2015168 0.3493583 0.2809864 0.3490316 0.1692302 0.3698222 0.1821426 0.3698222 0.1821426 0.4414619 0.3187934 0.359764 0.3377602 0.4044511 0.3263316 0.4095868 0.3214415 0.3503398 0.3403794 0.3904476 0.3377602 0.4044511 0.3222653 0.3427574 0.3413258 0.3713282 0.3403794 0.3904476 0.2500224 0.2394151 0.2310554 0.1947278 0.242484 0.1895922 0.2473738 0.2488396 0.2284362 0.2087314 0.2310554 0.1947278 0.2465501 0.2564222 0.2274898 0.2278508 0.2284362 0.2087314 0.3186964 0.2391327 0.3124557 0.2341637 0.3261692 0.1892169 0.3213597 0.248535 0.3186964 0.2391327 0.3375764 0.1943253 0.3221957 0.2561107 0.3213597 0.248535 0.34022 0.2083091 0.2501194 0.3600462 0.2563606 0.3650153 0.2426463 0.4099621 0.2474557 0.3506436 0.2501194 0.3600462 0.2312392 0.4048537 0.2466197 0.3430678 0.2474557 0.3506436 0.2285956 0.3908699 0.3125607 0.3647843 0.3263316 0.4095868 0.2844889 0.4097745 0.3222653 0.3427574 0.3222122 0.2994395 0.3412628 0.2993747 0.3221957 0.2561107 0.3411999 0.2274212 0.3412628 0.2993747 0.3124557 0.2341637 0.2843559 0.2345771 0.2843266 0.1894046 0.2563606 0.3650153 0.2844604 0.364602 0.2844889 0.4097745 0.2466197 0.3430678 0.2276157 0.3717579 0.2275528 0.2998043 0.2562556 0.2343947 0.242484 0.1895922 0.2843266 0.1894046 0.2465501 0.2564222 0.2466032 0.2997395 0.2275528 0.2998043 0.7252531 0.8963685 0.7472993 0.8966577 0.7250209 0.9457658 0.7472993 0.8966577 0.7471287 0.9738366 0.7342593 0.9732943 0.7250209 0.9457658 0.7472993 0.8966577 0.7342593 0.9732943 0.7342593 0.9732943 0.7298651 0.966158 0.7266854 0.9578261 0.7474699 0.8194791 0.7603394 0.8200213 0.7472993 0.8966577 0.7603394 0.8200213 0.7647337 0.827158 0.7679135 0.835489 0.7472993 0.8966577 0.7603394 0.8200213 0.769578 0.8475485 0.7679135 0.835489 0.769578 0.8475485 0.7603394 0.8200213 0.7472993 0.8966577 0.7693457 0.8969455 0.7693153 0.9462667 0.7693153 0.9462667 0.7675924 0.9582971 0.7600291 0.9736789 0.7675924 0.9582971 0.7643876 0.9665769 0.7600291 0.9736789 0.7600291 0.9736789 0.7471287 0.9738366 0.7472993 0.8966577 0.7345694 0.8196371 0.7474699 0.8194791 0.7472993 0.8966577 0.7472993 0.8966577 0.7252531 0.8963685 0.7252835 0.8470472 0.7252835 0.8470472 0.7270064 0.8350179 0.7345694 0.8196371 0.7270064 0.8350179 0.730211 0.8267388 0.7345694 0.8196371 0.3154063 0.3476508 0.3018308 0.3162137 0.3080635 0.3111933 0.273601 0.1546573 0.3152506 0.1540445 0.3017258 0.185593 0.3284481 0.1753458 0.3296872 0.1865744 0.3114658 0.20754 0.3246443 0.3402096 0.3080635 0.3111933 0.3107117 0.3017691 0.2321064 0.3479931 0.2456308 0.3164446 0.2737306 0.3160313 0.2228556 0.3406279 0.2393895 0.3114755 0.2456308 0.3164446 0.3285695 0.326241 0.3107117 0.3017691 0.3115355 0.2941867 0.2195916 0.2512412 0.2371874 0.2511689 0.2358899 0.2944972 0.2189075 0.3266913 0.2367258 0.302073 0.2393895 0.3114755 0.2227119 0.1618282 0.2319508 0.154387 0.2455258 0.185824 0.2319508 0.154387 0.273601 0.1546573 0.273626 0.1860064 0.2176684 0.3154626 0.2358899 0.2944972 0.2367258 0.302073 0.2187861 0.1757972 0.2227119 0.1618282 0.2392926 0.1908444 0.2175652 0.187036 0.2358202 0.2078515 0.2371874 0.2511689 0.273756 0.3473804 0.2737306 0.3160313 0.3018308 0.3162137 0.2175652 0.187036 0.2187861 0.1757972 0.236644 0.2002689 0.3245007 0.1614096 0.3284481 0.1753458 0.3106299 0.1999644 0.2074248 0.2822428 0.2074248 0.4816825 0.1714776 0.4816825 0.2014727 0.2946447 0.2014287 0.2399312 0.2808984 0.2396045 0.2433721 0.2822428 0.2433721 0.4816824 0.2074248 0.4816825 0.04248934 0.2104675 0.1219589 0.2098734 0.122003 0.3093304 0.3296872 0.1865744 0.3277641 0.2507965 0.3101683 0.2508689 0.3152506 0.1540445 0.3245007 0.1614096 0.3079666 0.190562 0.04253333 0.3099244 0.122003 0.3093304 0.122047 0.4087873 0.3277641 0.2507965 0.3297905 0.3150023 0.3115355 0.2941867 0.2015168 0.3493583 0.2014727 0.2946447 0.2809424 0.2943181 0.1821426 0.3698222 0.195055 0.3698222 0.195055 0.4414618 0.1692302 0.4414619 0.1682957 0.4414619 0.1682957 0.3698222 0.04260075 0.5213245 0.04256975 0.4751682 0.1220394 0.4743887 0.04256975 0.4751682 0.04257738 0.4093813 0.122047 0.4087873 0.1714776 0.2822428 0.1714776 0.4816825 0.1688759 0.4816825 0.2014052 0.2108599 0.2808033 0.2105335 0.2808675 0.2250689 0.2013977 0.2253956 0.2808675 0.2250689 0.2808984 0.2396045 0.2433721 0.4816824 0.2433721 0.2822428 0.2459738 0.2822428 0.04246592 0.09875416 0.1218636 0.09793072 0.1219279 0.1440868 0.04245835 0.1448662 0.1219279 0.1440868 0.1219589 0.2098734 0.195055 0.3698222 0.1959895 0.3698222 0.1959896 0.4414619 0.2015402 0.3784295 0.2015093 0.3638939 0.2809788 0.3635673 0.2015093 0.3638939 0.2015168 0.3493583 0.2809864 0.3490316 0.1692302 0.3698222 0.1821426 0.3698222 0.1821426 0.4414619 0.3187934 0.359764 0.3377602 0.4044511 0.3263316 0.4095868 0.3214415 0.3503398 0.3403794 0.3904476 0.3377602 0.4044511 0.3222653 0.3427574 0.3413258 0.3713282 0.3403794 0.3904476 0.2500224 0.2394151 0.2310554 0.1947278 0.242484 0.1895922 0.2473738 0.2488396 0.2284362 0.2087314 0.2310554 0.1947278 0.2465501 0.2564222 0.2274898 0.2278508 0.2284362 0.2087314 0.3186964 0.2391327 0.3124557 0.2341637 0.3261692 0.1892169 0.3213597 0.248535 0.3186964 0.2391327 0.3375764 0.1943253 0.3221957 0.2561107 0.3213597 0.248535 0.34022 0.2083091 0.2501194 0.3600462 0.2563606 0.3650153 0.2426463 0.4099621 0.2474557 0.3506436 0.2501194 0.3600462 0.2312392 0.4048537 0.2466197 0.3430678 0.2474557 0.3506436 0.2285956 0.3908699 0.3125607 0.3647843 0.3263316 0.4095868 0.2844889 0.4097745 0.3222653 0.3427574 0.3222122 0.2994395 0.3412628 0.2993747 0.3221957 0.2561107 0.3411999 0.2274212 0.3412628 0.2993747 0.3124557 0.2341637 0.2843559 0.2345771 0.2843266 0.1894046 0.2563606 0.3650153 0.2844604 0.364602 0.2844889 0.4097745 0.2466197 0.3430678 0.2276157 0.3717579 0.2275528 0.2998043 0.2562556 0.2343947 0.242484 0.1895922 0.2843266 0.1894046 0.2465501 0.2564222 0.2466032 0.2997395 0.2275528 0.2998043 0.7252531 0.8963685 0.7472993 0.8966577 0.7250209 0.9457658 0.7472993 0.8966577 0.7471287 0.9738366 0.7342593 0.9732943 0.7250209 0.9457658 0.7472993 0.8966577 0.7342593 0.9732943 0.7342593 0.9732943 0.7298651 0.966158 0.7266854 0.9578261 0.7474699 0.8194791 0.7603394 0.8200213 0.7472993 0.8966577 0.7603394 0.8200213 0.7647337 0.827158 0.7679135 0.835489 0.7472993 0.8966577 0.7603394 0.8200213 0.769578 0.8475485 0.7679135 0.835489 0.769578 0.8475485 0.7603394 0.8200213 0.7472993 0.8966577 0.7693457 0.8969455 0.7693153 0.9462667 0.7693153 0.9462667 0.7675924 0.9582971 0.7600291 0.9736789 0.7675924 0.9582971 0.7643876 0.9665769 0.7600291 0.9736789 0.7600291 0.9736789 0.7471287 0.9738366 0.7472993 0.8966577 0.7345694 0.8196371 0.7474699 0.8194791 0.7472993 0.8966577 0.7472993 0.8966577 0.7252531 0.8963685 0.7252835 0.8470472 0.7252835 0.8470472 0.7270064 0.8350179 0.7345694 0.8196371 0.7270064 0.8350179 0.730211 0.8267388 0.7345694 0.8196371 0.3154063 0.3476508 0.3018308 0.3162137 0.3080635 0.3111933 0.273601 0.1546573 0.3152506 0.1540445 0.3017258 0.185593 0.3284481 0.1753458 0.3296872 0.1865744 0.3114658 0.20754 0.3246443 0.3402096 0.3080635 0.3111933 0.3107117 0.3017691 0.2321064 0.3479931 0.2456308 0.3164446 0.2737306 0.3160313 0.2228556 0.3406279 0.2393895 0.3114755 0.2456308 0.3164446 0.3285695 0.326241 0.3107117 0.3017691 0.3115355 0.2941867 0.2195916 0.2512412 0.2371874 0.2511689 0.2358899 0.2944972 0.2189075 0.3266913 0.2367258 0.302073 0.2393895 0.3114755 0.2227119 0.1618282 0.2319508 0.154387 0.2455258 0.185824 0.2319508 0.154387 0.273601 0.1546573 0.273626 0.1860064 0.2176684 0.3154626 0.2358899 0.2944972 0.2367258 0.302073 0.2187861 0.1757972 0.2227119 0.1618282 0.2392926 0.1908444 0.2175652 0.187036 0.2358202 0.2078515 0.2371874 0.2511689 0.273756 0.3473804 0.2737306 0.3160313 0.3018308 0.3162137 0.2175652 0.187036 0.2187861 0.1757972 0.236644 0.2002689 0.3245007 0.1614096 0.3106299 0.1999644 0.3284481 0.1753458 0.2074248 0.2822428 0.1714776 0.4816825 0.2074248 0.4816825 0.2809424 0.2943181 0.2014287 0.2399312 0.2014727 0.2946447 0.2433721 0.2822428 0.2074248 0.4816825 0.2433721 0.4816824 0.1219589 0.2098734 0.04253333 0.3099244 0.122003 0.3093304 0.3277641 0.2507965 0.3114658 0.20754 0.3101683 0.2508689 0.3152506 0.1540445 0.3079666 0.190562 0.3245007 0.1614096 0.122003 0.3093304 0.04257738 0.4093813 0.122047 0.4087873 0.3297905 0.3150023 0.3101683 0.2508689 0.3115355 0.2941867 0.2809864 0.3490316 0.2014727 0.2946447 0.2015168 0.3493583 0.1821426 0.3698222 0.195055 0.4414618 0.195055 0.3698222 0.1692302 0.4414619 0.1682957 0.3698222 0.1682957 0.4414619 0.04260075 0.5213245 0.1220394 0.4743887 0.04256975 0.4751682 0.04256975 0.4751682 0.122047 0.4087873 0.04257738 0.4093813 0.1714776 0.2822428 0.1688759 0.4816825 0.1714776 0.4816825 0.2014052 0.2108599 0.2808675 0.2250689 0.2808033 0.2105335 0.2013977 0.2253956 0.2808984 0.2396045 0.2808675 0.2250689 0.2433721 0.4816824 0.2459738 0.2822428 0.2433721 0.2822428 0.04246592 0.09875416 0.1219279 0.1440868 0.1218636 0.09793072 0.04245835 0.1448662 0.1219589 0.2098734 0.1219279 0.1440868 0.195055 0.3698222 0.1959896 0.4414619 0.1959895 0.3698222 0.2015402 0.3784295 0.2809788 0.3635673 0.2015093 0.3638939 0.2015093 0.3638939 0.2809864 0.3490316 0.2015168 0.3493583 0.1692302 0.3698222 0.1821426 0.4414619 0.1821426 0.3698222 0.3187934 0.359764 0.3263316 0.4095868 0.3377602 0.4044511 0.3214415 0.3503398 0.3377602 0.4044511 0.3403794 0.3904476 0.3222653 0.3427574 0.3403794 0.3904476 0.3413258 0.3713282 0.2500224 0.2394151 0.242484 0.1895922 0.2310554 0.1947278 0.2473738 0.2488396 0.2310554 0.1947278 0.2284362 0.2087314 0.2465501 0.2564222 0.2284362 0.2087314 0.2274898 0.2278508 0.3186964 0.2391327 0.3261692 0.1892169 0.3124557 0.2341637 0.3213597 0.248535 0.3375764 0.1943253 0.3186964 0.2391327 0.3221957 0.2561107 0.34022 0.2083091 0.3213597 0.248535 0.2501194 0.3600462 0.2426463 0.4099621 0.2563606 0.3650153 0.2474557 0.3506436 0.2312392 0.4048537 0.2501194 0.3600462 0.2466197 0.3430678 0.2285956 0.3908699 0.2474557 0.3506436 0.3125607 0.3647843 0.2844889 0.4097745 0.3263316 0.4095868 0.3222653 0.3427574 0.3412628 0.2993747 0.3222122 0.2994395 0.3221957 0.2561107 0.3412628 0.2993747 0.3411999 0.2274212 0.3124557 0.2341637 0.2843266 0.1894046 0.2843559 0.2345771 0.2563606 0.3650153 0.2844889 0.4097745 0.2844604 0.364602 0.2466197 0.3430678 0.2275528 0.2998043 0.2276157 0.3717579 0.2562556 0.2343947 0.2843266 0.1894046 0.242484 0.1895922 0.2465501 0.2564222 0.2275528 0.2998043 0.2466032 0.2997395 0.7252531 0.8963685 0.7250209 0.9457658 0.7472993 0.8966577 0.7472993 0.8966577 0.7250209 0.9457658 0.7471287 0.9738366 0.7471287 0.9738366 0.7266854 0.9578261 0.7342593 0.9732943 0.7342593 0.9732943 0.7266854 0.9578261 0.7298651 0.966158 0.7474699 0.8194791 0.7679135 0.835489 0.7603394 0.8200213 0.7603394 0.8200213 0.7679135 0.835489 0.7647337 0.827158 0.7679135 0.835489 0.7474699 0.8194791 0.769578 0.8475485 0.769578 0.8475485 0.7472993 0.8966577 0.7693457 0.8969455 0.7472993 0.8966577 0.7693153 0.9462667 0.7693457 0.8969455 0.7693153 0.9462667 0.7471287 0.9738366 0.7675924 0.9582971 0.7675924 0.9582971 0.7600291 0.9736789 0.7643876 0.9665769 0.7471287 0.9738366 0.7600291 0.9736789 0.7675924 0.9582971 0.7345694 0.8196371 0.7270064 0.8350179 0.7474699 0.8194791 0.7474699 0.8194791 0.7252835 0.8470472 0.7472993 0.8966577 0.7472993 0.8966577 0.7252835 0.8470472 0.7252531 0.8963685 0.7252835 0.8470472 0.7474699 0.8194791 0.7270064 0.8350179 0.3154063 0.3476508 0.3080635 0.3111933 0.3018308 0.3162137 0.273601 0.1546573 0.3017258 0.185593 0.3152506 0.1540445 0.3284481 0.1753458 0.3114658 0.20754 0.3296872 0.1865744 0.3246443 0.3402096 0.3107117 0.3017691 0.3080635 0.3111933 0.2321064 0.3479931 0.2737306 0.3160313 0.2456308 0.3164446 0.2228556 0.3406279 0.2456308 0.3164446 0.2393895 0.3114755 0.3285695 0.326241 0.3115355 0.2941867 0.3107117 0.3017691 0.2176684 0.3154626 0.2371874 0.2511689 0.2195916 0.2512412 0.2189075 0.3266913 0.2393895 0.3114755 0.2367258 0.302073 0.2227119 0.1618282 0.2455258 0.185824 0.2319508 0.154387 0.2319508 0.154387 0.273626 0.1860064 0.273601 0.1546573 0.2176684 0.3154626 0.2367258 0.302073 0.2358899 0.2944972 0.2187861 0.1757972 0.2392926 0.1908444 0.2227119 0.1618282 0.2195916 0.2512412 0.2358202 0.2078515 0.2175652 0.187036 0.273756 0.3473804 0.3018308 0.3162137 0.2737306 0.3160313 0.2175652 0.187036 0.236644 0.2002689 0.2187861 0.1757972 0.3284481 0.1753458 0.3106299 0.1999644 0.3079666 0.190562 0.2074248 0.4816825 0.1714776 0.4816825 0.1714776 0.2822428 0.2014727 0.2946447 0.2014287 0.2399312 0.2808984 0.2396045 0.2433721 0.4816824 0.2074248 0.4816825 0.2074248 0.2822428 0.04248934 0.2104675 0.1219589 0.2098734 0.122003 0.3093304 0.3296872 0.1865744 0.3277641 0.2507965 0.3101683 0.2508689 0.3245007 0.1614096 0.3079666 0.190562 0.3017258 0.185593 0.04253333 0.3099244 0.122003 0.3093304 0.122047 0.4087873 0.3277641 0.2507965 0.3297905 0.3150023 0.3115355 0.2941867 0.2015168 0.3493583 0.2014727 0.2946447 0.2809424 0.2943181 0.195055 0.3698222 0.195055 0.4414618 0.1821426 0.4414619 0.1692302 0.3698222 0.1692302 0.4414619 0.1682957 0.4414619 0.1219984 0.5205011 0.04260075 0.5213245 0.04256975 0.4751682 0.1220394 0.4743887 0.04256975 0.4751682 0.04257738 0.4093813 0.1714776 0.4816825 0.1688759 0.4816825 0.1688759 0.2822428 0.2808033 0.2105335 0.2808675 0.2250689 0.2013977 0.2253956 0.2808675 0.2250689 0.2808984 0.2396045 0.2014287 0.2399312 0.2433721 0.2822428 0.2459738 0.2822428 0.2459738 0.4816825 0.1218636 0.09793072 0.1219279 0.1440868 0.04245835 0.1448662 0.1219279 0.1440868 0.1219589 0.2098734 0.04248934 0.2104675 0.195055 0.4414618 0.195055 0.3698222 0.1959895 0.3698222 0.280938 0.3781032 0.2015402 0.3784295 0.2015093 0.3638939 0.2809788 0.3635673 0.2015093 0.3638939 0.2015168 0.3493583 0.1821426 0.3698222 0.1821426 0.4414619 0.1692302 0.4414619 0.3187934 0.359764 0.3377602 0.4044511 0.3263316 0.4095868 0.3214415 0.3503398 0.3403794 0.3904476 0.3377602 0.4044511 0.3222653 0.3427574 0.3413258 0.3713282 0.3403794 0.3904476 0.2500224 0.2394151 0.2310554 0.1947278 0.242484 0.1895922 0.2473738 0.2488396 0.2284362 0.2087314 0.2310554 0.1947278 0.2465501 0.2564222 0.2274898 0.2278508 0.2284362 0.2087314 0.3186964 0.2391327 0.3124557 0.2341637 0.3261692 0.1892169 0.3213597 0.248535 0.3186964 0.2391327 0.3375764 0.1943253 0.3221957 0.2561107 0.3213597 0.248535 0.34022 0.2083091 0.2501194 0.3600462 0.2563606 0.3650153 0.2426463 0.4099621 0.2474557 0.3506436 0.2501194 0.3600462 0.2312392 0.4048537 0.2466197 0.3430678 0.2474557 0.3506436 0.2285956 0.3908699 0.3125607 0.3647843 0.3263316 0.4095868 0.2844889 0.4097745 0.3222653 0.3427574 0.3222122 0.2994395 0.3412628 0.2993747 0.3221957 0.2561107 0.3411999 0.2274212 0.3412628 0.2993747 0.3124557 0.2341637 0.2843559 0.2345771 0.2843266 0.1894046 0.2563606 0.3650153 0.2844604 0.364602 0.2844889 0.4097745 0.2466197 0.3430678 0.2276157 0.3717579 0.2275528 0.2998043 0.2562556 0.2343947 0.242484 0.1895922 0.2843266 0.1894046 0.2465501 0.2564222 0.2466032 0.2997395 0.2275528 0.2998043 0.7252531 0.8963685 0.7472993 0.8966577 0.7250209 0.9457658 0.7472993 0.8966577 0.7471287 0.9738366 0.7250209 0.9457658 0.7471287 0.9738366 0.7342593 0.9732943 0.7266854 0.9578261 0.7342593 0.9732943 0.7298651 0.966158 0.7266854 0.9578261 0.7474699 0.8194791 0.7603394 0.8200213 0.7679135 0.835489 0.7603394 0.8200213 0.7647337 0.827158 0.7679135 0.835489 0.7474699 0.8194791 0.7679135 0.835489 0.769578 0.8475485 0.769578 0.8475485 0.7693457 0.8969455 0.7472993 0.8966577 0.7472993 0.8966577 0.7693457 0.8969455 0.7693153 0.9462667 0.7693153 0.9462667 0.7675924 0.9582971 0.7471287 0.9738366 0.7675924 0.9582971 0.7643876 0.9665769 0.7600291 0.9736789 0.7600291 0.9736789 0.7471287 0.9738366 0.7675924 0.9582971 0.7345694 0.8196371 0.7474699 0.8194791 0.7270064 0.8350179 0.7474699 0.8194791 0.7472993 0.8966577 0.7252835 0.8470472 0.7472993 0.8966577 0.7252531 0.8963685 0.7252835 0.8470472 0.7252835 0.8470472 0.7270064 0.8350179 0.7474699 0.8194791 0.3246443 0.3402096 0.3154063 0.3476508 0.3018308 0.3162137 0.3152506 0.1540445 0.3017258 0.185593 0.273626 0.1860064 0.3296872 0.1865744 0.3114658 0.20754 0.3106299 0.1999644 0.3285695 0.326241 0.3246443 0.3402096 0.3080635 0.3111933 0.273756 0.3473804 0.2321064 0.3479931 0.2456308 0.3164446 0.2321064 0.3479931 0.2228556 0.3406279 0.2393895 0.3114755 0.3297905 0.3150023 0.3285695 0.326241 0.3107117 0.3017691 0.2195916 0.2512412 0.2371874 0.2511689 0.2358899 0.2944972 0.2228556 0.3406279 0.2189075 0.3266913 0.2367258 0.302073 0.2319508 0.154387 0.2455258 0.185824 0.2392926 0.1908444 0.273601 0.1546573 0.273626 0.1860064 0.2455258 0.185824 0.2189075 0.3266913 0.2176684 0.3154626 0.2358899 0.2944972 0.2227119 0.1618282 0.2392926 0.1908444 0.236644 0.2002689 0.2175652 0.187036 0.2358202 0.2078515 0.2371874 0.2511689 0.3154063 0.3476508 0.273756 0.3473804 0.2737306 0.3160313 0.2187861 0.1757972 0.236644 0.2002689 0.2358202 0.2078515 8.51164e-4 0.08464521 8.46098e-4 0.01429241 0.2561881 0.01424372 0.2568563 0.08654755 0.2568532 0.01440376 9.29676e-4 0.01444977 7.51536e-4 0.08678334 0.2566313 0.08673894 0.2566559 0.01465141 0.8763415 0.5503389 0.8763409 0.3341644 0.9374836 0.3339988 0.9986341 0.5501226 0.9374879 0.5502309 0.9374836 0.3339988 0.9986504 0.993409 0.9374964 0.9933993 0.937492 0.7664628 0.8763425 0.9933897 0.8763419 0.7665135 0.937492 0.7664628 0.9986421 0.7664121 0.937492 0.7664628 0.9374879 0.5502309 0.8763419 0.7665135 0.8763415 0.5503389 0.9374879 0.5502309 0.2562425 0.0846256 8.51164e-4 0.08464521 8.46098e-4 0.01429241 0.2568563 0.08654755 0.2568532 0.01440376 9.29676e-4 0.01444977 7.51536e-4 0.08678334 0.2566313 0.08673894 0.2566559 0.01465141 0.2562425 0.0846256 8.51164e-4 0.08464521 8.46098e-4 0.01429241 0.2568563 0.08654755 0.2568532 0.01440376 9.29676e-4 0.01444977 7.51536e-4 0.08678334 0.2566313 0.08673894 0.2566559 0.01465141 8.51164e-4 0.08464521 8.46098e-4 0.01429241 0.2561881 0.01424372 0.2568563 0.08654755 0.2568532 0.01440376 9.29676e-4 0.01444977 7.51536e-4 0.08678334 0.2566313 0.08673894 0.2566559 0.01465141 0.2562425 0.0846256 8.51164e-4 0.08464521 8.46098e-4 0.01429241 0.2568563 0.08654755 0.2568532 0.01440376 9.29676e-4 0.01444977 7.51536e-4 0.08678334 0.2566313 0.08673894 0.2566559 0.01465141 0.2562425 0.0846256 8.51164e-4 0.08464521 8.46098e-4 0.01429241 0.2568563 0.08654755 0.2568532 0.01440376 9.29676e-4 0.01444977 7.51536e-4 0.08678334 0.2566313 0.08673894 0.2566559 0.01465141 0.8763415 0.5503389 0.8763409 0.3341644 0.9374836 0.3339988 0.9986341 0.5501226 0.9374879 0.5502309 0.9374836 0.3339988 0.9986504 0.993409 0.9374964 0.9933993 0.937492 0.7664628 0.8763425 0.9933897 0.8763419 0.7665135 0.937492 0.7664628 0.9986421 0.7664121 0.937492 0.7664628 0.9374879 0.5502309 0.8763419 0.7665135 0.8763415 0.5503389 0.9374879 0.5502309 0.8763415 0.5503389 0.8763409 0.3341644 0.9374836 0.3339988 0.9986341 0.5501226 0.9374879 0.5502309 0.9374836 0.3339988 0.9986504 0.993409 0.9374964 0.9933993 0.937492 0.7664628 0.8763425 0.9933897 0.8763419 0.7665135 0.937492 0.7664628 0.9986421 0.7664121 0.937492 0.7664628 0.9374879 0.5502309 0.8763419 0.7665135 0.8763415 0.5503389 0.9374879 0.5502309 0.8763415 0.5503389 0.8763409 0.3341644 0.9374836 0.3339988 0.9986341 0.5501226 0.9374879 0.5502309 0.9374836 0.3339988 0.9986504 0.993409 0.9374964 0.9933993 0.937492 0.7664628 0.8763425 0.9933897 0.8763419 0.7665135 0.937492 0.7664628 0.9986421 0.7664121 0.937492 0.7664628 0.9374879 0.5502309 0.8763419 0.7665135 0.8763415 0.5503389 0.9374879 0.5502309 0.8763415 0.5503389 0.8763409 0.3341644 0.9374836 0.3339988 0.9986341 0.5501226 0.9374879 0.5502309 0.9374836 0.3339988 0.9986504 0.993409 0.9374964 0.9933993 0.937492 0.7664628 0.8763425 0.9933897 0.8763419 0.7665135 0.937492 0.7664628 0.9986421 0.7664121 0.937492 0.7664628 0.9374879 0.5502309 0.8763419 0.7665135 0.8763415 0.5503389 0.9374879 0.5502309 0.8763415 0.5503389 0.8763409 0.3341644 0.9374836 0.3339988 0.9986341 0.5501226 0.9374879 0.5502309 0.9374836 0.3339988 0.9986504 0.993409 0.9374964 0.9933993 0.937492 0.7664628 0.8763425 0.9933897 0.8763419 0.7665135 0.937492 0.7664628 0.9986421 0.7664121 0.937492 0.7664628 0.9374879 0.5502309 0.8763419 0.7665135 0.8763415 0.5503389 0.9374879 0.5502309 0.3245007 0.1614096 0.3284481 0.1753458 0.3106299 0.1999644 0.2074248 0.2822428 0.2074248 0.4816825 0.1714776 0.4816825 0.2809424 0.2943181 0.2014727 0.2946447 0.2014287 0.2399312 0.2433721 0.2822428 0.2433721 0.4816824 0.2074248 0.4816825 0.1219589 0.2098734 0.122003 0.3093304 0.04253333 0.3099244 0.3277641 0.2507965 0.3101683 0.2508689 0.3114658 0.20754 0.3152506 0.1540445 0.3245007 0.1614096 0.3079666 0.190562 0.122003 0.3093304 0.122047 0.4087873 0.04257738 0.4093813 0.3297905 0.3150023 0.3115355 0.2941867 0.3101683 0.2508689 0.2809864 0.3490316 0.2015168 0.3493583 0.2014727 0.2946447 0.1821426 0.3698222 0.195055 0.3698222 0.195055 0.4414618 0.1692302 0.4414619 0.1682957 0.4414619 0.1682957 0.3698222 0.04260075 0.5213245 0.04256975 0.4751682 0.1220394 0.4743887 0.04256975 0.4751682 0.04257738 0.4093813 0.122047 0.4087873 0.1714776 0.2822428 0.1714776 0.4816825 0.1688759 0.4816825 0.2014052 0.2108599 0.2808033 0.2105335 0.2808675 0.2250689 0.2013977 0.2253956 0.2808675 0.2250689 0.2808984 0.2396045 0.2433721 0.4816824 0.2433721 0.2822428 0.2459738 0.2822428 0.04246592 0.09875416 0.1218636 0.09793072 0.1219279 0.1440868 0.04245835 0.1448662 0.1219279 0.1440868 0.1219589 0.2098734 0.195055 0.3698222 0.1959895 0.3698222 0.1959896 0.4414619 0.2015402 0.3784295 0.2015093 0.3638939 0.2809788 0.3635673 0.2015093 0.3638939 0.2015168 0.3493583 0.2809864 0.3490316 0.1692302 0.3698222 0.1821426 0.3698222 0.1821426 0.4414619 0.3187934 0.359764 0.3377602 0.4044511 0.3263316 0.4095868 0.3214415 0.3503398 0.3403794 0.3904476 0.3377602 0.4044511 0.3222653 0.3427574 0.3413258 0.3713282 0.3403794 0.3904476 0.2500224 0.2394151 0.2310554 0.1947278 0.242484 0.1895922 0.2473738 0.2488396 0.2284362 0.2087314 0.2310554 0.1947278 0.2465501 0.2564222 0.2274898 0.2278508 0.2284362 0.2087314 0.3186964 0.2391327 0.3124557 0.2341637 0.3261692 0.1892169 0.3213597 0.248535 0.3186964 0.2391327 0.3375764 0.1943253 0.3221957 0.2561107 0.3213597 0.248535 0.34022 0.2083091 0.2501194 0.3600462 0.2563606 0.3650153 0.2426463 0.4099621 0.2474557 0.3506436 0.2501194 0.3600462 0.2312392 0.4048537 0.2466197 0.3430678 0.2474557 0.3506436 0.2285956 0.3908699 0.3125607 0.3647843 0.3263316 0.4095868 0.2844889 0.4097745 0.3222653 0.3427574 0.3222122 0.2994395 0.3412628 0.2993747 0.3221957 0.2561107 0.3411999 0.2274212 0.3412628 0.2993747 0.3124557 0.2341637 0.2843559 0.2345771 0.2843266 0.1894046 0.2563606 0.3650153 0.2844604 0.364602 0.2844889 0.4097745 0.2466197 0.3430678 0.2276157 0.3717579 0.2275528 0.2998043 0.2562556 0.2343947 0.242484 0.1895922 0.2843266 0.1894046 0.2465501 0.2564222 0.2466032 0.2997395 0.2275528 0.2998043 0.7252531 0.8963685 0.7472993 0.8966577 0.7250209 0.9457658 0.7472993 0.8966577 0.7471287 0.9738366 0.7342593 0.9732943 0.7250209 0.9457658 0.7472993 0.8966577 0.7342593 0.9732943 0.7342593 0.9732943 0.7298651 0.966158 0.7266854 0.9578261 0.7474699 0.8194791 0.7603394 0.8200213 0.7472993 0.8966577 0.7603394 0.8200213 0.7647337 0.827158 0.7679135 0.835489 0.7472993 0.8966577 0.7603394 0.8200213 0.769578 0.8475485 0.7679135 0.835489 0.769578 0.8475485 0.7603394 0.8200213 0.7472993 0.8966577 0.7693457 0.8969455 0.7693153 0.9462667 0.7693153 0.9462667 0.7675924 0.9582971 0.7600291 0.9736789 0.7675924 0.9582971 0.7643876 0.9665769 0.7600291 0.9736789 0.7600291 0.9736789 0.7471287 0.9738366 0.7472993 0.8966577 0.7345694 0.8196371 0.7474699 0.8194791 0.7472993 0.8966577 0.7472993 0.8966577 0.7252531 0.8963685 0.7252835 0.8470472 0.7252835 0.8470472 0.7270064 0.8350179 0.7345694 0.8196371 0.7270064 0.8350179 0.730211 0.8267388 0.7345694 0.8196371 0.3154063 0.3476508 0.3018308 0.3162137 0.3080635 0.3111933 0.273601 0.1546573 0.3152506 0.1540445 0.3017258 0.185593 0.3284481 0.1753458 0.3296872 0.1865744 0.3114658 0.20754 0.3246443 0.3402096 0.3080635 0.3111933 0.3107117 0.3017691 0.2321064 0.3479931 0.2456308 0.3164446 0.2737306 0.3160313 0.2228556 0.3406279 0.2393895 0.3114755 0.2456308 0.3164446 0.3285695 0.326241 0.3107117 0.3017691 0.3115355 0.2941867 0.2176684 0.3154626 0.2195916 0.2512412 0.2371874 0.2511689 0.2189075 0.3266913 0.2367258 0.302073 0.2393895 0.3114755 0.2227119 0.1618282 0.2319508 0.154387 0.2455258 0.185824 0.2319508 0.154387 0.273601 0.1546573 0.273626 0.1860064 0.2176684 0.3154626 0.2358899 0.2944972 0.2367258 0.302073 0.2187861 0.1757972 0.2227119 0.1618282 0.2392926 0.1908444 0.2195916 0.2512412 0.2175652 0.187036 0.2358202 0.2078515 0.273756 0.3473804 0.2737306 0.3160313 0.3018308 0.3162137 0.2175652 0.187036 0.2187861 0.1757972 0.236644 0.2002689 0.3452785 0.4376959 0.03526175 0.5173825 0.3442568 0.5173339 0.3079709 0.1631517 0.3064034 0.1498138 0.3064034 0.1498138 0.02334022 0.9134339 0.2809596 0.5344937 0.02141731 0.5343648 0.02333241 0.4376919 0.3558011 0.5172732 0.3562045 0.4376712 0.3558011 0.5172732 0.3775141 0.4400273 0.3562045 0.4376712 0.002044498 0.5175056 0.03426927 0.4377622 0.002044141 0.4401245 0.02333241 0.9133865 0.002021312 0.5482199 0.002022802 0.9157465 0.3003243 0.9157465 0.2729602 0.5346345 0.2681012 0.9133905 0.02334022 0.9134339 0.002028703 0.5479385 0.002030193 0.915795 0.3003751 0.5479385 0.2681528 0.913438 0.300378 0.915795 0.02937579 0.5345116 0.002016305 0.9157705 0.03423917 0.9134093 0.3003482 0.5480776 0.2790412 0.9134133 0.3003512 0.9157704 0.2681528 0.913438 0.02940553 0.5342242 0.03426927 0.9134568 0.3108739 0.4770805 0.3062295 0.5076862 0.3045785 0.4874339 0.3108739 0.4770805 0.319501 0.4584447 0.3156138 0.4932636 0.1049186 0.4874339 0.09388405 0.4932636 0.09862369 0.4770816 0.09593015 0.4533164 0.09388405 0.4932636 0.08999693 0.4584445 0.3045793 0.1241972 0.3156139 0.1183674 0.3108743 0.1345494 0.3135678 0.1583145 0.3156139 0.1183674 0.319501 0.1531865 0.09862399 0.1345504 0.08999693 0.1531863 0.09388405 0.1183673 0.09862399 0.1345504 0.1032685 0.1039448 0.1049194 0.1241972 0.3135677 0.4533132 0.319501 0.1531865 0.319501 0.4584447 0.3045785 0.4874339 0.1032685 0.5076861 0.1049186 0.4874339 0.1049194 0.1241972 0.3062295 0.1039448 0.3045793 0.1241972 0.09593021 0.1583177 0.08999693 0.4584445 0.08999693 0.1531863 0.1064752 0.4683299 0.1030945 0.4618172 0.1064752 0.4683299 0.3030211 0.4355328 0.1064752 0.5176374 0.3030211 0.5176373 0.1030952 0.1498159 0.1015271 0.1631581 0.1015271 0.1631581 0.1030945 0.4618172 0.101527 0.4484792 0.1030945 0.4618172 0.3030227 0.5172274 0.1064769 0.4351228 0.1064769 0.5172274 0.3064028 0.4618151 0.3030211 0.4683299 0.3064028 0.4618151 0.1064769 0.1433012 0.1030952 0.1498159 0.1030952 0.1498159 0.3064034 0.1498138 0.3030227 0.1433013 0.3030227 0.1433013 0.2085393 0.5174077 0.1067872 0.4346795 0.1067988 0.5174314 0.3079708 0.4484728 0.3064028 0.4618151 0.3079708 0.4484728 0.208542 0.4340623 0.106813 0.5176876 0.2085536 0.5176643 0.1015271 0.1631581 0.09593015 0.4533164 0.09593021 0.1583177 0.1064769 0.1433012 0.3045793 0.1241972 0.3030227 0.1433013 0.3030211 0.4683299 0.1049186 0.4874339 0.1064752 0.4683299 0.3079708 0.4484728 0.3135678 0.1583145 0.3135677 0.4533132 0.1030952 0.1498159 0.1049194 0.1241972 0.1064769 0.1433012 0.1030952 0.1498159 0.09593021 0.1583177 0.09862399 0.1345504 0.3079709 0.1631517 0.3108743 0.1345494 0.3135678 0.1583145 0.3030227 0.1433013 0.3108743 0.1345494 0.3064034 0.1498138 0.101527 0.4484792 0.09862369 0.4770816 0.09593015 0.4533164 0.1064752 0.4683299 0.09862369 0.4770816 0.1030945 0.4618172 0.3064028 0.4618151 0.3135677 0.4533132 0.3108739 0.4770805 0.3064028 0.4618151 0.3045785 0.4874339 0.3030211 0.4683299 0.3443083 0.5174518 0.03426927 0.4377622 0.03529191 0.5175004 0.3775284 0.4400758 0.3558151 0.5173911 0.377529 0.5173877 0.03423917 0.4377147 0.002016603 0.5173877 0.03526175 0.5173825 0.3775553 0.4401004 0.3443083 0.5174518 0.3775559 0.5174466 0.02374452 0.5174432 0.002030193 0.4401004 0.002030551 0.5174466 0.3775021 0.5173287 0.3452785 0.4376959 0.3442568 0.5173339 0.02373671 0.5173254 0.002022802 0.4400519 0.0020231 0.5173287 0.002044141 0.9158191 0.02940553 0.5342242 0.002042651 0.5477964 0.2790273 0.9133658 0.3003339 0.548359 0.2809456 0.5347812 0.02140957 0.5346524 0.2790273 0.9133658 0.2809456 0.5347812 0.02374452 0.5174432 0.3562185 0.4377187 0.02334022 0.4377393 0.2729602 0.5346345 0.03423917 0.9134093 0.2681012 0.9133905 0.3452785 0.4376959 0.03423917 0.4377147 0.03526175 0.5173825 0.3079709 0.1631517 0.3079709 0.1631517 0.3064034 0.1498138 0.02334022 0.9134339 0.2790412 0.9134133 0.2809596 0.5344937 0.02333241 0.4376919 0.02373671 0.5173254 0.3558011 0.5172732 0.3558011 0.5172732 0.3775147 0.5172698 0.3775141 0.4400273 0.002044498 0.5175056 0.03529191 0.5175004 0.03426927 0.4377622 0.02333241 0.9133865 0.02140957 0.5346524 0.002021312 0.5482199 0.3003243 0.9157465 0.3003214 0.5482199 0.2729602 0.5346345 0.02334022 0.9134339 0.02141731 0.5343648 0.002028703 0.5479385 0.3003751 0.5479385 0.273012 0.5343469 0.2681528 0.913438 0.02937579 0.5345116 0.002014756 0.5480777 0.002016305 0.9157705 0.3003482 0.5480776 0.2809596 0.5344937 0.2790412 0.9134133 0.2681528 0.913438 0.273012 0.5343469 0.02940553 0.5342242 0.3108739 0.4770805 0.3156138 0.4932636 0.3062295 0.5076862 0.3108739 0.4770805 0.3135677 0.4533132 0.319501 0.4584447 0.1049186 0.4874339 0.1032685 0.5076861 0.09388405 0.4932636 0.09593015 0.4533164 0.09862369 0.4770816 0.09388405 0.4932636 0.3045793 0.1241972 0.3062295 0.1039448 0.3156139 0.1183674 0.3135678 0.1583145 0.3108743 0.1345494 0.3156139 0.1183674 0.09862399 0.1345504 0.09593021 0.1583177 0.08999693 0.1531863 0.09862399 0.1345504 0.09388405 0.1183673 0.1032685 0.1039448 0.3135677 0.4533132 0.3135678 0.1583145 0.319501 0.1531865 0.3045785 0.4874339 0.3062295 0.5076862 0.1032685 0.5076861 0.1049194 0.1241972 0.1032685 0.1039448 0.3062295 0.1039448 0.09593021 0.1583177 0.09593015 0.4533164 0.08999693 0.4584445 0.5971782 0.6605389 0.5994597 0.6649343 0.6005176 0.6739363 0.4089615 0.9693729 0.4123012 0.9827703 0.4100195 0.9783748 0.4123012 0.9827703 0.4089615 0.9693729 0.4123023 0.6605389 0.6005176 0.9693685 0.5994594 0.9783734 0.5971771 0.9827703 0.5971771 0.9827703 0.4123012 0.9827703 0.6005176 0.9693685 0.4089615 0.9693729 0.4089617 0.6739405 0.4123023 0.6605389 0.4089617 0.6739405 0.41002 0.6649358 0.4123023 0.6605389 0.1064752 0.4683299 0.1030945 0.4618172 0.1030945 0.4618172 0.3030211 0.4355328 0.1064752 0.4355328 0.1064752 0.5176374 0.1030952 0.1498159 0.1030952 0.1498159 0.1015271 0.1631581 0.1030945 0.4618172 0.101527 0.4484792 0.101527 0.4484792 0.3030227 0.5172274 0.3030227 0.4351228 0.1064769 0.4351228 0.3064028 0.4618151 0.3030211 0.4683299 0.3030211 0.4683299 0.1064769 0.1433012 0.1064769 0.1433012 0.1030952 0.1498159 0.3064034 0.1498138 0.3064034 0.1498138 0.3030227 0.1433013 0.2085393 0.5174077 0.2085278 0.4346559 0.1067872 0.4346795 0.3079708 0.4484728 0.3064028 0.4618151 0.3064028 0.4618151 0.208542 0.4340623 0.1068013 0.4340859 0.106813 0.5176876 0.1015271 0.1631581 0.101527 0.4484792 0.09593015 0.4533164 0.1064769 0.1433012 0.1049194 0.1241972 0.3045793 0.1241972 0.3030211 0.4683299 0.3045785 0.4874339 0.1049186 0.4874339 0.3079708 0.4484728 0.3079709 0.1631517 0.3135678 0.1583145 0.1030952 0.1498159 0.09862399 0.1345504 0.1049194 0.1241972 0.1030952 0.1498159 0.1015271 0.1631581 0.09593021 0.1583177 0.3079709 0.1631517 0.3064034 0.1498138 0.3108743 0.1345494 0.3030227 0.1433013 0.3045793 0.1241972 0.3108743 0.1345494 0.101527 0.4484792 0.1030945 0.4618172 0.09862369 0.4770816 0.1064752 0.4683299 0.1049186 0.4874339 0.09862369 0.4770816 0.3064028 0.4618151 0.3079708 0.4484728 0.3135677 0.4533132 0.3064028 0.4618151 0.3108739 0.4770805 0.3045785 0.4874339 0.3443083 0.5174518 0.34533 0.4377434 0.03426927 0.4377622 0.3775284 0.4400758 0.3562185 0.4377187 0.3558151 0.5173911 0.03423917 0.4377147 0.002016305 0.4400759 0.002016603 0.5173877 0.3775553 0.4401004 0.34533 0.4377434 0.3443083 0.5174518 0.02374452 0.5174432 0.02334022 0.4377393 0.002030193 0.4401004 0.3775021 0.5173287 0.3775015 0.4400519 0.3452785 0.4376959 0.02373671 0.5173254 0.02333241 0.4376919 0.002022802 0.4400519 0.002044141 0.9158191 0.03426927 0.9134568 0.02940553 0.5342242 0.2790273 0.9133658 0.3003368 0.9157219 0.3003339 0.548359 0.02140957 0.5346524 0.02333241 0.9133865 0.2790273 0.9133658 0.02374452 0.5174432 0.3558151 0.5173911 0.3562185 0.4377187 0.2729602 0.5346345 0.02937579 0.5345116 0.03423917 0.9134093 0.3427895 0.3852861 0.2354085 0.4777664 0.3427895 0.4777492 0.2127695 0.5347812 0.2809456 0.5347812 0.2809456 0.5347812 0.01341575 0.6001511 0.2152009 0.7442514 0.01341575 0.7442837 0.02459722 0.7442882 0.01229059 0.6001536 0.01229059 0.7442863 0.2584856 0.6001694 0.02459722 0.7442882 0.2584856 0.744302 0.04234248 0.6570478 0.101232 0.6723919 0.1012331 0.6570618 0.4470543 0.2112944 0.4546796 0.2298446 0.4470543 0.2361031 0.810757 0.2350018 0.8379736 0.2621687 0.8106916 0.2614463 0.8106074 0.2358219 0.8379799 0.2621631 0.810542 0.2622665 0.4470999 0.2112944 0.4547135 0.2298446 0.4470999 0.2361031 0.8104993 0.2336384 0.8379769 0.2610111 0.8104469 0.2601354 0.8107042 0.261435 0.838501 0.2348898 0.8378819 0.2611908 0.837752 0.2357147 0.8107042 0.261435 0.8379799 0.2621631 0.4470999 0.2112944 0.4394749 0.2298446 0.4369099 0.2112944 0.8379769 0.2610111 0.810757 0.2350018 0.8106916 0.2614463 0.4470543 0.2112944 0.4394408 0.2298446 0.4368645 0.2112944 0.4394408 0.1927441 0.4470543 0.2112944 0.4368645 0.2112944 0.4394749 0.1927441 0.4470999 0.2112944 0.4369099 0.2112944 0.8373804 0.2345476 0.8104469 0.2601354 0.8378819 0.2611908 0.4547135 0.1927441 0.4470999 0.2112944 0.4470999 0.1864856 0.8375898 0.2365462 0.810542 0.2622665 0.8379736 0.2621687 0.4546796 0.1927441 0.4470543 0.2112944 0.4470543 0.1864856 0.8374553 0.4531021 0.8100143 0.4795624 0.8373947 0.4803996 0.8375057 0.4538848 0.8101626 0.4804272 0.8374383 0.4811553 0.8101626 0.4804272 0.8374553 0.4531021 0.8373947 0.4803996 0.8100677 0.4539885 0.8374383 0.4811553 0.8100003 0.4812595 0.8097979 0.5630707 0.8371686 0.5902382 0.8097304 0.5903419 0.8098927 0.5895097 0.8372128 0.5622932 0.8371519 0.5895906 0.8372361 0.5629678 0.8098927 0.5895097 0.8371686 0.5902382 0.8372128 0.5622932 0.8097989 0.5888614 0.8371519 0.5895906 0.837698 0.3439105 0.8102297 0.3702627 0.8376373 0.371208 0.8377755 0.3448013 0.8104324 0.3713437 0.8377078 0.3720718 0.8104324 0.3713437 0.837698 0.3439105 0.8376373 0.371208 0.8103377 0.344905 0.8377078 0.3720718 0.81027 0.3721751 0.8378192 0.2893151 0.8103376 0.3156132 0.8377586 0.3166126 0.8379105 0.2902599 0.8105672 0.3168024 0.837843 0.3175304 0.8105672 0.3168024 0.8378192 0.2893151 0.8377586 0.3166126 0.8104724 0.2903629 0.837843 0.3175304 0.810405 0.3176338 0.8102025 0.3994464 0.8375731 0.4266135 0.8101352 0.4267165 0.8102973 0.4258859 0.8375766 0.3985059 0.837516 0.4258041 0.8376407 0.399343 0.8102973 0.4258859 0.8375731 0.4266135 0.837516 0.4258041 0.8101759 0.3975872 0.810122 0.4249125 0.8099328 0.5085294 0.8373037 0.5356965 0.8098655 0.5358002 0.8100277 0.5349688 0.837334 0.5076969 0.8372734 0.5349951 0.837371 0.508426 0.8100277 0.5349688 0.8373037 0.5356965 0.837334 0.5076969 0.8099066 0.5342119 0.8372734 0.5349951 0.8370914 0.6168885 0.8096912 0.6435369 0.8370307 0.6442117 0.8371011 0.6175087 0.8097581 0.6440768 0.8370335 0.6448049 0.8097581 0.6440768 0.8370914 0.6168885 0.8370307 0.6442117 0.809663 0.6176126 0.8370335 0.6448049 0.8095955 0.644908 0.8097456 0.6440879 0.8374092 0.671234 0.8096781 0.671334 0.8095282 0.6721534 0.8370335 0.6448049 0.8372594 0.6720542 0.8096374 0.6708366 0.8371258 0.6440323 0.8374698 0.670552 0.8096905 0.6713228 0.8370307 0.6442117 0.8374217 0.6712228 0.8370335 0.6448049 0.8096905 0.6713228 0.836673 0.6720476 0.8366603 0.6720587 0.8097456 0.6440879 0.8096781 0.671334 0.8370307 0.6442117 0.8096374 0.6708366 0.8365183 0.6717467 0.8370273 0.6448104 0.8095282 0.6721534 0.8365105 0.6728788 0.8371624 0.5902441 0.809663 0.6176126 0.8370949 0.6175146 0.8371519 0.5895906 0.809745 0.6161861 0.8370914 0.6168885 0.8371864 0.6167092 0.8098803 0.5895213 0.809813 0.6167926 0.8371686 0.5902382 0.8098253 0.6167812 0.8371011 0.6175087 0.8098253 0.6167812 0.8371519 0.5895906 0.8370914 0.6168885 0.8097989 0.5888614 0.8371864 0.6167092 0.809745 0.6161861 0.8097304 0.5903419 0.8371011 0.6175087 0.809663 0.6176126 0.8098803 0.5895213 0.8370949 0.6175146 0.809813 0.6167926 0.8372972 0.5357024 0.8097979 0.5630707 0.8372297 0.5629733 0.8372734 0.5349951 0.8098528 0.5615374 0.8372128 0.5622932 0.8373078 0.562114 0.8100153 0.53498 0.8099476 0.5622506 0.8373037 0.5356965 0.8099603 0.5622394 0.8372361 0.5629678 0.8099603 0.5622394 0.8372734 0.5349951 0.8372128 0.5622932 0.8099066 0.5342119 0.8373078 0.562114 0.8098528 0.5615374 0.8098655 0.5358002 0.8372361 0.5629678 0.8097979 0.5630707 0.8100153 0.53498 0.8372297 0.5629733 0.8099476 0.5622506 0.81015 0.4804388 0.8373646 0.5084317 0.8100827 0.5077087 0.8100003 0.4812595 0.837371 0.508426 0.8099328 0.5085294 0.8100143 0.4795624 0.8374292 0.5075179 0.8099606 0.5068871 0.8100951 0.5076978 0.8373947 0.4803996 0.837334 0.5076969 0.8374383 0.4811553 0.8100951 0.5076978 0.837371 0.508426 0.8374292 0.5075179 0.81015 0.4804388 0.8100827 0.5077087 0.8373947 0.4803996 0.8099606 0.5068871 0.837334 0.5076969 0.8374321 0.4811612 0.8099328 0.5085294 0.8373646 0.5084317 0.8375669 0.4266195 0.8100677 0.4539885 0.8374995 0.4538908 0.837516 0.4258041 0.8100683 0.4522371 0.8374553 0.4531021 0.8375505 0.4529228 0.8102851 0.4258963 0.8102175 0.453168 0.8375731 0.4266135 0.81023 0.4531567 0.8375057 0.4538848 0.81023 0.4531567 0.837516 0.4258041 0.8374553 0.4531021 0.810122 0.4249125 0.8375505 0.4529228 0.8100683 0.4522371 0.8101352 0.4267165 0.8375057 0.4538848 0.8100677 0.4539885 0.8102851 0.4258963 0.8374995 0.4538908 0.8102175 0.453168 0.8104197 0.371355 0.8376344 0.399349 0.8103525 0.3986258 0.81027 0.3721751 0.8376407 0.399343 0.8102025 0.3994464 0.8102297 0.3702627 0.8376718 0.3983269 0.8101759 0.3975872 0.8103647 0.398615 0.8376373 0.371208 0.8375766 0.3985059 0.8377078 0.3720718 0.8103647 0.398615 0.8376407 0.399343 0.8376718 0.3983269 0.8104197 0.371355 0.8103525 0.3986258 0.8376373 0.371208 0.8101759 0.3975872 0.8375766 0.3985059 0.8377019 0.3720781 0.8102025 0.3994464 0.8376344 0.399349 0.8105546 0.3168136 0.8377693 0.3448081 0.8104874 0.3440845 0.810405 0.3176338 0.8377755 0.3448013 0.8103377 0.344905 0.8103376 0.3156132 0.8377931 0.3437312 0.8102837 0.3429369 0.8104997 0.3440733 0.8377586 0.3166126 0.837698 0.3439105 0.837843 0.3175304 0.8104997 0.3440733 0.8377755 0.3448013 0.8377931 0.3437312 0.8105546 0.3168136 0.8104874 0.3440845 0.8377586 0.3166126 0.8102837 0.3429369 0.837698 0.3439105 0.8378368 0.317536 0.8103377 0.344905 0.8377693 0.3448081 0.8379736 0.2621687 0.8104724 0.2903629 0.8379042 0.2902659 0.8378819 0.2611908 0.8103914 0.2882878 0.8378192 0.2893151 0.8379144 0.289135 0.8106916 0.2614463 0.8106222 0.2895427 0.8379799 0.2621631 0.8106346 0.2895315 0.8379105 0.2902599 0.8106346 0.2895315 0.8378819 0.2611908 0.8378192 0.2893151 0.8104469 0.2601354 0.8379144 0.289135 0.8103914 0.2882878 0.810542 0.2622665 0.8379105 0.2902599 0.8104724 0.2903629 0.8106916 0.2614463 0.8379042 0.2902659 0.8106222 0.2895427 0.8103376 0.3156132 0.8103914 0.2882878 0.8378537 0.3164333 0.8102297 0.3702627 0.8102837 0.3429369 0.8377323 0.3710287 0.810122 0.4249125 0.8101759 0.3975872 0.8376109 0.4256245 0.8100143 0.4795624 0.8100683 0.4522371 0.8374897 0.4802203 0.8099066 0.5342119 0.8099606 0.5068871 0.8373683 0.534816 0.8097989 0.5888614 0.8098528 0.5615374 0.8372468 0.5894117 0.8096912 0.6435369 0.809745 0.6161861 0.8371258 0.6440323 0.8095955 0.644908 0.8370273 0.6448104 0.809663 0.6176126 0.8097304 0.5903419 0.8371624 0.5902441 0.8097979 0.5630707 0.8098655 0.5358002 0.8372972 0.5357024 0.8099328 0.5085294 0.8100003 0.4812595 0.8374321 0.4811612 0.8100677 0.4539885 0.8101352 0.4267165 0.8375669 0.4266195 0.8102025 0.3994464 0.81027 0.3721751 0.8377019 0.3720781 0.8103377 0.344905 0.810405 0.3176338 0.8378368 0.317536 0.8104724 0.2903629 0.2376483 0.01559859 0.2456575 0.08442872 0.2455559 0.01615172 0.2289829 0.08341085 0.2369056 0.01552718 0.2289891 0.01502507 0.2203189 0.08288586 0.2282593 0.01490271 0.2203339 0.01445066 0.2116549 0.08236235 0.2196128 0.01427835 0.2116787 0.01387578 0.2029909 0.0818389 0.2109665 0.01365458 0.2030235 0.01330244 0.1943269 0.08131366 0.20232 0.01303005 0.1943684 0.01272767 0.1856631 0.0807898 0.1936736 0.0124064 0.1857132 0.01215362 0.4575509 0.2121808 0.4549388 0.1913223 0.446729 0.1868438 0.4470363 0.2351892 0.454184 0.2323866 0.457437 0.2118824 0.4471222 0.2352436 0.4541766 0.23245 0.4573459 0.2121714 0.4468244 0.1869446 0.4549456 0.1917055 0.4573813 0.2121661 0.4471249 0.2349437 0.4542019 0.2325029 0.4574422 0.2121423 0.4468215 0.1869446 0.4549478 0.1917154 0.4574909 0.2119523 0.44682 0.1869406 0.4549491 0.1917166 0.4573158 0.2119265 0.1122959 0.01794564 0.1261927 0.01880103 0.1126039 0.08511048 0.09859567 0.0182079 0.1122927 0.01852154 0.09890359 0.08537316 0.08488917 0.01847159 0.08539432 0.08586984 0.09839278 0.01843339 0.1259961 0.01768207 0.1265414 0.08497953 0.1392668 0.01782351 0.1396965 0.01741999 0.1531649 0.01625567 0.1400044 0.08458489 0.1533968 0.01715689 0.1539687 0.08438587 0.1683356 0.01684975 0.167097 0.01689386 0.1676822 0.0840888 0.1811087 0.01729667 0.4470543 0.2112944 0.4546796 0.2298446 0.4470543 0.2361031 0.810757 0.2350018 0.8379736 0.2621687 0.8106916 0.2614463 0.810542 0.2622665 0.8383385 0.2357211 0.8379799 0.2621631 0.4470999 0.2112944 0.4547135 0.2298446 0.4470999 0.2361031 0.8104993 0.2336384 0.8379769 0.2610111 0.8104469 0.2601354 0.8107042 0.261435 0.838501 0.2348898 0.8378819 0.2611908 0.8379799 0.2621631 0.8107696 0.2349901 0.8107042 0.261435 0.4470999 0.2112944 0.4394749 0.2298446 0.4369099 0.2112944 0.8377395 0.2357268 0.8106916 0.2614463 0.8379769 0.2610111 0.4470543 0.2112944 0.4394408 0.2298446 0.4368645 0.2112944 0.4394408 0.1927441 0.4470543 0.2112944 0.4368645 0.2112944 0.4394749 0.1927441 0.4470999 0.2112944 0.4369099 0.2112944 0.8373804 0.2345476 0.8104469 0.2601354 0.8378819 0.2611908 0.4547135 0.1927441 0.4470999 0.2112944 0.4470999 0.1864856 0.8379736 0.2621687 0.8106074 0.2358219 0.810542 0.2622665 0.4546796 0.1927441 0.4470543 0.2112944 0.4470543 0.1864856 0.8374553 0.4531021 0.8100143 0.4795624 0.8373947 0.4803996 0.8374383 0.4811553 0.81023 0.4531567 0.8101626 0.4804272 0.8101626 0.4804272 0.8374553 0.4531021 0.8373947 0.4803996 0.8100003 0.4812595 0.8375057 0.4538848 0.8374383 0.4811553 0.8097304 0.5903419 0.8372361 0.5629678 0.8371686 0.5902382 0.8098927 0.5895097 0.8372128 0.5622932 0.8371519 0.5895906 0.8371686 0.5902382 0.8099603 0.5622394 0.8098927 0.5895097 0.8372128 0.5622932 0.8097989 0.5888614 0.8371519 0.5895906 0.837698 0.3439105 0.8102297 0.3702627 0.8376373 0.371208 0.8377078 0.3720718 0.8104997 0.3440733 0.8104324 0.3713437 0.8104324 0.3713437 0.837698 0.3439105 0.8376373 0.371208 0.81027 0.3721751 0.8377755 0.3448013 0.8377078 0.3720718 0.8378192 0.2893151 0.8103376 0.3156132 0.8377586 0.3166126 0.837843 0.3175304 0.8106346 0.2895315 0.8105672 0.3168024 0.8105672 0.3168024 0.8378192 0.2893151 0.8377586 0.3166126 0.810405 0.3176338 0.8379105 0.2902599 0.837843 0.3175304 0.8101352 0.4267165 0.8376407 0.399343 0.8375731 0.4266135 0.8102973 0.4258859 0.8375766 0.3985059 0.837516 0.4258041 0.8375731 0.4266135 0.8103647 0.398615 0.8102973 0.4258859 0.8375766 0.3985059 0.810122 0.4249125 0.837516 0.4258041 0.8098655 0.5358002 0.837371 0.508426 0.8373037 0.5356965 0.8100277 0.5349688 0.837334 0.5076969 0.8372734 0.5349951 0.8373037 0.5356965 0.8100951 0.5076978 0.8100277 0.5349688 0.837334 0.5076969 0.8099066 0.5342119 0.8372734 0.5349951 0.8370914 0.6168885 0.8096912 0.6435369 0.8370307 0.6442117 0.8370335 0.6448049 0.8098253 0.6167812 0.8097581 0.6440768 0.8097581 0.6440768 0.8370914 0.6168885 0.8370307 0.6442117 0.8095955 0.644908 0.8371011 0.6175087 0.8370335 0.6448049 0.8097456 0.6440879 0.8374092 0.671234 0.8096781 0.671334 0.8095282 0.6721534 0.8370335 0.6448049 0.8372594 0.6720542 0.8096912 0.6435369 0.8374698 0.670552 0.8096374 0.6708366 0.8096905 0.6713228 0.8370307 0.6442117 0.8374217 0.6712228 0.836673 0.6720476 0.8097581 0.6440768 0.8096905 0.6713228 0.8371258 0.6440323 0.8096781 0.671334 0.8366603 0.6720587 0.8370307 0.6442117 0.8096374 0.6708366 0.8365183 0.6717467 0.8365105 0.6728788 0.8095955 0.644908 0.8095282 0.6721534 0.8370949 0.6175146 0.8097304 0.5903419 0.809663 0.6176126 0.8371519 0.5895906 0.809745 0.6161861 0.8370914 0.6168885 0.8372468 0.5894117 0.809813 0.6167926 0.8371864 0.6167092 0.8371011 0.6175087 0.8098927 0.5895097 0.8098253 0.6167812 0.8098253 0.6167812 0.8371519 0.5895906 0.8370914 0.6168885 0.8097989 0.5888614 0.8371864 0.6167092 0.809745 0.6161861 0.809663 0.6176126 0.8371686 0.5902382 0.8371011 0.6175087 0.8098803 0.5895213 0.8370949 0.6175146 0.809813 0.6167926 0.8372297 0.5629733 0.8098655 0.5358002 0.8097979 0.5630707 0.8372734 0.5349951 0.8098528 0.5615374 0.8372128 0.5622932 0.8373683 0.534816 0.8099476 0.5622506 0.8373078 0.562114 0.8372361 0.5629678 0.8100277 0.5349688 0.8099603 0.5622394 0.8099603 0.5622394 0.8372734 0.5349951 0.8372128 0.5622932 0.8099066 0.5342119 0.8373078 0.562114 0.8098528 0.5615374 0.8097979 0.5630707 0.8373037 0.5356965 0.8372361 0.5629678 0.8100153 0.53498 0.8372297 0.5629733 0.8099476 0.5622506 0.81015 0.4804388 0.8373646 0.5084317 0.8100827 0.5077087 0.8099328 0.5085294 0.8374383 0.4811553 0.837371 0.508426 0.8100143 0.4795624 0.8374292 0.5075179 0.8099606 0.5068871 0.8100951 0.5076978 0.8373947 0.4803996 0.837334 0.5076969 0.837371 0.508426 0.8101626 0.4804272 0.8100951 0.5076978 0.8374897 0.4802203 0.8100827 0.5077087 0.8374292 0.5075179 0.8373947 0.4803996 0.8099606 0.5068871 0.837334 0.5076969 0.8373646 0.5084317 0.8100003 0.4812595 0.8099328 0.5085294 0.8374995 0.4538908 0.8101352 0.4267165 0.8100677 0.4539885 0.837516 0.4258041 0.8100683 0.4522371 0.8374553 0.4531021 0.8376109 0.4256245 0.8102175 0.453168 0.8375505 0.4529228 0.8375057 0.4538848 0.8102973 0.4258859 0.81023 0.4531567 0.81023 0.4531567 0.837516 0.4258041 0.8374553 0.4531021 0.810122 0.4249125 0.8375505 0.4529228 0.8100683 0.4522371 0.8100677 0.4539885 0.8375731 0.4266135 0.8375057 0.4538848 0.8102851 0.4258963 0.8374995 0.4538908 0.8102175 0.453168 0.8104197 0.371355 0.8376344 0.399349 0.8103525 0.3986258 0.8102025 0.3994464 0.8377078 0.3720718 0.8376407 0.399343 0.8102297 0.3702627 0.8376718 0.3983269 0.8101759 0.3975872 0.8103647 0.398615 0.8376373 0.371208 0.8375766 0.3985059 0.8376407 0.399343 0.8104324 0.3713437 0.8103647 0.398615 0.8377323 0.3710287 0.8103525 0.3986258 0.8376718 0.3983269 0.8376373 0.371208 0.8101759 0.3975872 0.8375766 0.3985059 0.8376344 0.399349 0.81027 0.3721751 0.8102025 0.3994464 0.8105546 0.3168136 0.8377693 0.3448081 0.8104874 0.3440845 0.8103377 0.344905 0.837843 0.3175304 0.8377755 0.3448013 0.8103376 0.3156132 0.8377931 0.3437312 0.8102837 0.3429369 0.8104997 0.3440733 0.8377586 0.3166126 0.837698 0.3439105 0.8377755 0.3448013 0.8105672 0.3168024 0.8104997 0.3440733 0.8378537 0.3164333 0.8104874 0.3440845 0.8377931 0.3437312 0.8377586 0.3166126 0.8102837 0.3429369 0.837698 0.3439105 0.8377693 0.3448081 0.810405 0.3176338 0.8103377 0.344905 0.8379042 0.2902659 0.810542 0.2622665 0.8104724 0.2903629 0.8378819 0.2611908 0.8103914 0.2882878 0.8378192 0.2893151 0.8379769 0.2610111 0.8106222 0.2895427 0.8379144 0.289135 0.8379105 0.2902599 0.8107042 0.261435 0.8106346 0.2895315 0.8106346 0.2895315 0.8378819 0.2611908 0.8378192 0.2893151 0.8104469 0.2601354 0.8379144 0.289135 0.8103914 0.2882878 0.8104724 0.2903629 0.8379799 0.2621631 0.8379105 0.2902599 0.8106916 0.2614463 0.8379042 0.2902659 0.8106222 0.2895427 0.8103376 0.3156132 0.8103914 0.2882878 0.8378537 0.3164333 0.8102297 0.3702627 0.8102837 0.3429369 0.8377323 0.3710287 0.810122 0.4249125 0.8101759 0.3975872 0.8376109 0.4256245 0.8100143 0.4795624 0.8100683 0.4522371 0.8374897 0.4802203 0.8099066 0.5342119 0.8099606 0.5068871 0.8373683 0.534816 0.8097989 0.5888614 0.8098528 0.5615374 0.8372468 0.5894117 0.8096912 0.6435369 0.809745 0.6161861 0.8371258 0.6440323 0.8095955 0.644908 0.8370273 0.6448104 0.809663 0.6176126 0.8097304 0.5903419 0.8371624 0.5902441 0.8097979 0.5630707 0.8098655 0.5358002 0.8372972 0.5357024 0.8099328 0.5085294 0.8100003 0.4812595 0.8374321 0.4811612 0.8100677 0.4539885 0.8101352 0.4267165 0.8375669 0.4266195 0.8102025 0.3994464 0.81027 0.3721751 0.8377019 0.3720781 0.8103377 0.344905 0.810405 0.3176338 0.8378368 0.317536 0.8104724 0.2903629 0.2376467 0.08393484 0.2455559 0.01615172 0.2376483 0.01559859 0.2289829 0.08341085 0.2369056 0.01552718 0.2289891 0.01502507 0.2203189 0.08288586 0.2282593 0.01490271 0.2203339 0.01445066 0.2116549 0.08236235 0.2196128 0.01427835 0.2116787 0.01387578 0.2029909 0.0818389 0.2109665 0.01365458 0.2030235 0.01330244 0.1943269 0.08131366 0.20232 0.01303005 0.1943684 0.01272767 0.1856631 0.0807898 0.1936736 0.0124064 0.1857132 0.01215362 0.4575509 0.2121808 0.4549388 0.1913223 0.446729 0.1868438 0.4470363 0.2351892 0.454184 0.2323866 0.457437 0.2118824 0.4471222 0.2352436 0.4541766 0.23245 0.4573459 0.2121714 0.4468244 0.1869446 0.4549456 0.1917055 0.4573813 0.2121661 0.4471249 0.2349437 0.4542019 0.2325029 0.4574422 0.2121423 0.4468215 0.1869446 0.4549478 0.1917154 0.4574909 0.2119523 0.44682 0.1869406 0.4549491 0.1917166 0.4573158 0.2119265 0.1122959 0.01794564 0.1261927 0.01880103 0.1126039 0.08511048 0.09859567 0.0182079 0.1122927 0.01852154 0.09890359 0.08537316 0.08488917 0.01847159 0.08539432 0.08586984 0.09839278 0.01843339 0.1259961 0.01768207 0.1265414 0.08497953 0.1392668 0.01782351 0.1396965 0.01741999 0.1531649 0.01625567 0.1400044 0.08458489 0.1533968 0.01715689 0.1539687 0.08438587 0.1683356 0.01684975 0.167097 0.01689386 0.1676822 0.0840888 0.1811087 0.01729667 0.4470543 0.2112944 0.4572445 0.2112944 0.4546796 0.2298446 0.810757 0.2350018 0.8384882 0.234901 0.8379736 0.2621687 0.8106074 0.2358219 0.8383385 0.2357211 0.8379799 0.2621631 0.4470999 0.2112944 0.4572898 0.2112944 0.4547135 0.2298446 0.8104993 0.2336384 0.8383319 0.2333531 0.8379769 0.2610111 0.8107042 0.261435 0.8107696 0.2349901 0.838501 0.2348898 0.837752 0.2357147 0.8107696 0.2349901 0.8107042 0.261435 0.4470999 0.2112944 0.4470999 0.2361031 0.4394749 0.2298446 0.8379769 0.2610111 0.8377395 0.2357268 0.810757 0.2350018 0.4470543 0.2112944 0.4470543 0.2361031 0.4394408 0.2298446 0.4394408 0.1927441 0.4470543 0.1864856 0.4470543 0.2112944 0.4394749 0.1927441 0.4470999 0.1864856 0.4470999 0.2112944 0.8373804 0.2345476 0.8104993 0.2336384 0.8104469 0.2601354 0.4547135 0.1927441 0.4572898 0.2112944 0.4470999 0.2112944 0.8375898 0.2365462 0.8106074 0.2358219 0.810542 0.2622665 0.4546796 0.1927441 0.4572445 0.2112944 0.4470543 0.2112944 0.8374553 0.4531021 0.8100683 0.4522371 0.8100143 0.4795624 0.8375057 0.4538848 0.81023 0.4531567 0.8101626 0.4804272 0.8101626 0.4804272 0.81023 0.4531567 0.8374553 0.4531021 0.8100677 0.4539885 0.8375057 0.4538848 0.8374383 0.4811553 0.8097979 0.5630707 0.8372361 0.5629678 0.8371686 0.5902382 0.8098927 0.5895097 0.8099603 0.5622394 0.8372128 0.5622932 0.8372361 0.5629678 0.8099603 0.5622394 0.8098927 0.5895097 0.8372128 0.5622932 0.8098528 0.5615374 0.8097989 0.5888614 0.837698 0.3439105 0.8102837 0.3429369 0.8102297 0.3702627 0.8377755 0.3448013 0.8104997 0.3440733 0.8104324 0.3713437 0.8104324 0.3713437 0.8104997 0.3440733 0.837698 0.3439105 0.8103377 0.344905 0.8377755 0.3448013 0.8377078 0.3720718 0.8378192 0.2893151 0.8103914 0.2882878 0.8103376 0.3156132 0.8379105 0.2902599 0.8106346 0.2895315 0.8105672 0.3168024 0.8105672 0.3168024 0.8106346 0.2895315 0.8378192 0.2893151 0.8104724 0.2903629 0.8379105 0.2902599 0.837843 0.3175304 0.8102025 0.3994464 0.8376407 0.399343 0.8375731 0.4266135 0.8102973 0.4258859 0.8103647 0.398615 0.8375766 0.3985059 0.8376407 0.399343 0.8103647 0.398615 0.8102973 0.4258859 0.837516 0.4258041 0.8375766 0.3985059 0.8101759 0.3975872 0.8099328 0.5085294 0.837371 0.508426 0.8373037 0.5356965 0.8100277 0.5349688 0.8100951 0.5076978 0.837334 0.5076969 0.837371 0.508426 0.8100951 0.5076978 0.8100277 0.5349688 0.837334 0.5076969 0.8099606 0.5068871 0.8099066 0.5342119 0.8370914 0.6168885 0.809745 0.6161861 0.8096912 0.6435369 0.8371011 0.6175087 0.8098253 0.6167812 0.8097581 0.6440768 0.8097581 0.6440768 0.8098253 0.6167812 0.8370914 0.6168885 0.809663 0.6176126 0.8371011 0.6175087 0.8370335 0.6448049 0.8097456 0.6440879 0.8370273 0.6448104 0.8374092 0.671234 0.8095282 0.6721534 0.8095955 0.644908 0.8370335 0.6448049 0.8096374 0.6708366 0.8096912 0.6435369 0.8371258 0.6440323 0.8096905 0.6713228 0.8097581 0.6440768 0.8370307 0.6442117 0.8370335 0.6448049 0.8097581 0.6440768 0.8096905 0.6713228 0.8366603 0.6720587 0.8371258 0.6440323 0.8097456 0.6440879 0.8370307 0.6442117 0.8096912 0.6435369 0.8096374 0.6708366 0.8370273 0.6448104 0.8095955 0.644908 0.8095282 0.6721534 0.8371624 0.5902441 0.8097304 0.5903419 0.809663 0.6176126 0.8371519 0.5895906 0.8097989 0.5888614 0.809745 0.6161861 0.8371864 0.6167092 0.8372468 0.5894117 0.8098803 0.5895213 0.8371686 0.5902382 0.8098927 0.5895097 0.8098253 0.6167812 0.8098253 0.6167812 0.8098927 0.5895097 0.8371519 0.5895906 0.8097989 0.5888614 0.8372468 0.5894117 0.8371864 0.6167092 0.8097304 0.5903419 0.8371686 0.5902382 0.8371011 0.6175087 0.8098803 0.5895213 0.8371624 0.5902441 0.8370949 0.6175146 0.8372972 0.5357024 0.8098655 0.5358002 0.8097979 0.5630707 0.8372734 0.5349951 0.8099066 0.5342119 0.8098528 0.5615374 0.8373078 0.562114 0.8373683 0.534816 0.8100153 0.53498 0.8373037 0.5356965 0.8100277 0.5349688 0.8099603 0.5622394 0.8099603 0.5622394 0.8100277 0.5349688 0.8372734 0.5349951 0.8099066 0.5342119 0.8373683 0.534816 0.8373078 0.562114 0.8098655 0.5358002 0.8373037 0.5356965 0.8372361 0.5629678 0.8100153 0.53498 0.8372972 0.5357024 0.8372297 0.5629733 0.81015 0.4804388 0.8374321 0.4811612 0.8373646 0.5084317 0.8100003 0.4812595 0.8374383 0.4811553 0.837371 0.508426 0.8100143 0.4795624 0.8374897 0.4802203 0.8374292 0.5075179 0.8100951 0.5076978 0.8101626 0.4804272 0.8373947 0.4803996 0.8374383 0.4811553 0.8101626 0.4804272 0.8100951 0.5076978 0.8374292 0.5075179 0.8374897 0.4802203 0.81015 0.4804388 0.8373947 0.4803996 0.8100143 0.4795624 0.8099606 0.5068871 0.8374321 0.4811612 0.8100003 0.4812595 0.8099328 0.5085294 0.8375669 0.4266195 0.8101352 0.4267165 0.8100677 0.4539885 0.837516 0.4258041 0.810122 0.4249125 0.8100683 0.4522371 0.8375505 0.4529228 0.8376109 0.4256245 0.8102851 0.4258963 0.8375731 0.4266135 0.8102973 0.4258859 0.81023 0.4531567 0.81023 0.4531567 0.8102973 0.4258859 0.837516 0.4258041 0.810122 0.4249125 0.8376109 0.4256245 0.8375505 0.4529228 0.8101352 0.4267165 0.8375731 0.4266135 0.8375057 0.4538848 0.8102851 0.4258963 0.8375669 0.4266195 0.8374995 0.4538908 0.8104197 0.371355 0.8377019 0.3720781 0.8376344 0.399349 0.81027 0.3721751 0.8377078 0.3720718 0.8376407 0.399343 0.8102297 0.3702627 0.8377323 0.3710287 0.8376718 0.3983269 0.8103647 0.398615 0.8104324 0.3713437 0.8376373 0.371208 0.8377078 0.3720718 0.8104324 0.3713437 0.8103647 0.398615 0.8376718 0.3983269 0.8377323 0.3710287 0.8104197 0.371355 0.8376373 0.371208 0.8102297 0.3702627 0.8101759 0.3975872 0.8377019 0.3720781 0.81027 0.3721751 0.8102025 0.3994464 0.8105546 0.3168136 0.8378368 0.317536 0.8377693 0.3448081 0.810405 0.3176338 0.837843 0.3175304 0.8377755 0.3448013 0.8103376 0.3156132 0.8378537 0.3164333 0.8377931 0.3437312 0.8104997 0.3440733 0.8105672 0.3168024 0.8377586 0.3166126 0.837843 0.3175304 0.8105672 0.3168024 0.8104997 0.3440733 0.8377931 0.3437312 0.8378537 0.3164333 0.8105546 0.3168136 0.8377586 0.3166126 0.8103376 0.3156132 0.8102837 0.3429369 0.8378368 0.317536 0.810405 0.3176338 0.8103377 0.344905 0.8379736 0.2621687 0.810542 0.2622665 0.8104724 0.2903629 0.8378819 0.2611908 0.8104469 0.2601354 0.8103914 0.2882878 0.8379144 0.289135 0.8379769 0.2610111 0.8106916 0.2614463 0.8379799 0.2621631 0.8107042 0.261435 0.8106346 0.2895315 0.8106346 0.2895315 0.8107042 0.261435 0.8378819 0.2611908 0.8104469 0.2601354 0.8379769 0.2610111 0.8379144 0.289135 0.810542 0.2622665 0.8379799 0.2621631 0.8379105 0.2902599 0.8106916 0.2614463 0.8379736 0.2621687 0.8379042 0.2902659 0.2376483 0.01559859 0.2376467 0.08393484 0.2456575 0.08442872 0.2289829 0.08341085 0.237011 0.08380419 0.2369056 0.01552718 0.2203189 0.08288586 0.2283647 0.08318042 0.2282593 0.01490271 0.2116549 0.08236235 0.2197183 0.08255571 0.2196128 0.01427835 0.2029909 0.0818389 0.2110719 0.08193224 0.2109665 0.01365458 0.1943269 0.08131366 0.2024254 0.08130788 0.20232 0.01303005 0.1856631 0.0807898 0.193779 0.08068335 0.1936736 0.0124064 0.446729 0.1868438 0.4468691 0.2354183 0.4542273 0.232568 0.4542273 0.232568 0.4575509 0.2121808 0.446729 0.1868438 0.457437 0.2118824 0.4549283 0.1916947 0.4468171 0.1869758 0.4468171 0.1869758 0.4470363 0.2351892 0.457437 0.2118824 0.4573459 0.2121714 0.4549323 0.1916632 0.446821 0.1869752 0.446821 0.1869752 0.4471222 0.2352436 0.4573459 0.2121714 0.4573813 0.2121661 0.4541602 0.2325291 0.4471212 0.2354136 0.4471212 0.2354136 0.4468244 0.1869446 0.4573813 0.2121661 0.4574422 0.2121423 0.45494 0.1916769 0.4468287 0.1869888 0.4468287 0.1869888 0.4471249 0.2349437 0.4574422 0.2121423 0.4574909 0.2119523 0.4541497 0.2324624 0.4471259 0.2352375 0.4471259 0.2352375 0.4468215 0.1869446 0.4574909 0.2119523 0.4573158 0.2119265 0.4541733 0.2325541 0.4471271 0.2352223 0.4471271 0.2352223 0.44682 0.1869406 0.4573158 0.2119265 0.4470543 0.2112944 0.4572445 0.2112944 0.4546796 0.2298446 0.810757 0.2350018 0.8384882 0.234901 0.8379736 0.2621687 0.810542 0.2622665 0.8106074 0.2358219 0.8383385 0.2357211 0.4470999 0.2112944 0.4572898 0.2112944 0.4547135 0.2298446 0.8104993 0.2336384 0.8383319 0.2333531 0.8379769 0.2610111 0.8107042 0.261435 0.8107696 0.2349901 0.838501 0.2348898 0.8379799 0.2621631 0.837752 0.2357147 0.8107696 0.2349901 0.4470999 0.2112944 0.4470999 0.2361031 0.4394749 0.2298446 0.8377395 0.2357268 0.810757 0.2350018 0.8106916 0.2614463 0.4470543 0.2112944 0.4470543 0.2361031 0.4394408 0.2298446 0.4394408 0.1927441 0.4470543 0.1864856 0.4470543 0.2112944 0.4394749 0.1927441 0.4470999 0.1864856 0.4470999 0.2112944 0.8373804 0.2345476 0.8104993 0.2336384 0.8104469 0.2601354 0.4547135 0.1927441 0.4572898 0.2112944 0.4470999 0.2112944 0.8379736 0.2621687 0.8375898 0.2365462 0.8106074 0.2358219 0.4546796 0.1927441 0.4572445 0.2112944 0.4470543 0.2112944 0.8374553 0.4531021 0.8100683 0.4522371 0.8100143 0.4795624 0.8374383 0.4811553 0.8375057 0.4538848 0.81023 0.4531567 0.8101626 0.4804272 0.81023 0.4531567 0.8374553 0.4531021 0.8100003 0.4812595 0.8100677 0.4539885 0.8375057 0.4538848 0.8097304 0.5903419 0.8097979 0.5630707 0.8372361 0.5629678 0.8098927 0.5895097 0.8099603 0.5622394 0.8372128 0.5622932 0.8371686 0.5902382 0.8372361 0.5629678 0.8099603 0.5622394 0.8372128 0.5622932 0.8098528 0.5615374 0.8097989 0.5888614 0.837698 0.3439105 0.8102837 0.3429369 0.8102297 0.3702627 0.8377078 0.3720718 0.8377755 0.3448013 0.8104997 0.3440733 0.8104324 0.3713437 0.8104997 0.3440733 0.837698 0.3439105 0.81027 0.3721751 0.8103377 0.344905 0.8377755 0.3448013 0.8378192 0.2893151 0.8103914 0.2882878 0.8103376 0.3156132 0.837843 0.3175304 0.8379105 0.2902599 0.8106346 0.2895315 0.8105672 0.3168024 0.8106346 0.2895315 0.8378192 0.2893151 0.810405 0.3176338 0.8104724 0.2903629 0.8379105 0.2902599 0.8101352 0.4267165 0.8102025 0.3994464 0.8376407 0.399343 0.8102973 0.4258859 0.8103647 0.398615 0.8375766 0.3985059 0.8375731 0.4266135 0.8376407 0.399343 0.8103647 0.398615 0.8375766 0.3985059 0.8101759 0.3975872 0.810122 0.4249125 0.8098655 0.5358002 0.8099328 0.5085294 0.837371 0.508426 0.8100277 0.5349688 0.8100951 0.5076978 0.837334 0.5076969 0.8373037 0.5356965 0.837371 0.508426 0.8100951 0.5076978 0.837334 0.5076969 0.8099606 0.5068871 0.8099066 0.5342119 0.8370914 0.6168885 0.809745 0.6161861 0.8096912 0.6435369 0.8370335 0.6448049 0.8371011 0.6175087 0.8098253 0.6167812 0.8097581 0.6440768 0.8098253 0.6167812 0.8370914 0.6168885 0.8095955 0.644908 0.809663 0.6176126 0.8371011 0.6175087 0.8097456 0.6440879 0.8370273 0.6448104 0.8374092 0.671234 0.8095282 0.6721534 0.8095955 0.644908 0.8370335 0.6448049 0.8096912 0.6435369 0.8371258 0.6440323 0.8374698 0.670552 0.8096905 0.6713228 0.8097581 0.6440768 0.8370307 0.6442117 0.836673 0.6720476 0.8370335 0.6448049 0.8097581 0.6440768 0.8371258 0.6440323 0.8097456 0.6440879 0.8096781 0.671334 0.8370307 0.6442117 0.8096912 0.6435369 0.8096374 0.6708366 0.8365105 0.6728788 0.8370273 0.6448104 0.8095955 0.644908 0.8370949 0.6175146 0.8371624 0.5902441 0.8097304 0.5903419 0.8371519 0.5895906 0.8097989 0.5888614 0.809745 0.6161861 0.8372468 0.5894117 0.8098803 0.5895213 0.809813 0.6167926 0.8371011 0.6175087 0.8371686 0.5902382 0.8098927 0.5895097 0.8098253 0.6167812 0.8098927 0.5895097 0.8371519 0.5895906 0.8097989 0.5888614 0.8372468 0.5894117 0.8371864 0.6167092 0.809663 0.6176126 0.8097304 0.5903419 0.8371686 0.5902382 0.8098803 0.5895213 0.8371624 0.5902441 0.8370949 0.6175146 0.8372297 0.5629733 0.8372972 0.5357024 0.8098655 0.5358002 0.8372734 0.5349951 0.8099066 0.5342119 0.8098528 0.5615374 0.8373683 0.534816 0.8100153 0.53498 0.8099476 0.5622506 0.8372361 0.5629678 0.8373037 0.5356965 0.8100277 0.5349688 0.8099603 0.5622394 0.8100277 0.5349688 0.8372734 0.5349951 0.8099066 0.5342119 0.8373683 0.534816 0.8373078 0.562114 0.8097979 0.5630707 0.8098655 0.5358002 0.8373037 0.5356965 0.8100153 0.53498 0.8372972 0.5357024 0.8372297 0.5629733 0.81015 0.4804388 0.8374321 0.4811612 0.8373646 0.5084317 0.8099328 0.5085294 0.8100003 0.4812595 0.8374383 0.4811553 0.8100143 0.4795624 0.8374897 0.4802203 0.8374292 0.5075179 0.8100951 0.5076978 0.8101626 0.4804272 0.8373947 0.4803996 0.837371 0.508426 0.8374383 0.4811553 0.8101626 0.4804272 0.8374897 0.4802203 0.81015 0.4804388 0.8100827 0.5077087 0.8373947 0.4803996 0.8100143 0.4795624 0.8099606 0.5068871 0.8373646 0.5084317 0.8374321 0.4811612 0.8100003 0.4812595 0.8374995 0.4538908 0.8375669 0.4266195 0.8101352 0.4267165 0.837516 0.4258041 0.810122 0.4249125 0.8100683 0.4522371 0.8376109 0.4256245 0.8102851 0.4258963 0.8102175 0.453168 0.8375057 0.4538848 0.8375731 0.4266135 0.8102973 0.4258859 0.81023 0.4531567 0.8102973 0.4258859 0.837516 0.4258041 0.810122 0.4249125 0.8376109 0.4256245 0.8375505 0.4529228 0.8100677 0.4539885 0.8101352 0.4267165 0.8375731 0.4266135 0.8102851 0.4258963 0.8375669 0.4266195 0.8374995 0.4538908 0.8104197 0.371355 0.8377019 0.3720781 0.8376344 0.399349 0.8102025 0.3994464 0.81027 0.3721751 0.8377078 0.3720718 0.8102297 0.3702627 0.8377323 0.3710287 0.8376718 0.3983269 0.8103647 0.398615 0.8104324 0.3713437 0.8376373 0.371208 0.8376407 0.399343 0.8377078 0.3720718 0.8104324 0.3713437 0.8377323 0.3710287 0.8104197 0.371355 0.8103525 0.3986258 0.8376373 0.371208 0.8102297 0.3702627 0.8101759 0.3975872 0.8376344 0.399349 0.8377019 0.3720781 0.81027 0.3721751 0.8105546 0.3168136 0.8378368 0.317536 0.8377693 0.3448081 0.8103377 0.344905 0.810405 0.3176338 0.837843 0.3175304 0.8103376 0.3156132 0.8378537 0.3164333 0.8377931 0.3437312 0.8104997 0.3440733 0.8105672 0.3168024 0.8377586 0.3166126 0.8377755 0.3448013 0.837843 0.3175304 0.8105672 0.3168024 0.8378537 0.3164333 0.8105546 0.3168136 0.8104874 0.3440845 0.8377586 0.3166126 0.8103376 0.3156132 0.8102837 0.3429369 0.8377693 0.3448081 0.8378368 0.317536 0.810405 0.3176338 0.8379042 0.2902659 0.8379736 0.2621687 0.810542 0.2622665 0.8378819 0.2611908 0.8104469 0.2601354 0.8103914 0.2882878 0.8379769 0.2610111 0.8106916 0.2614463 0.8106222 0.2895427 0.8379105 0.2902599 0.8379799 0.2621631 0.8107042 0.261435 0.8106346 0.2895315 0.8107042 0.261435 0.8378819 0.2611908 0.8104469 0.2601354 0.8379769 0.2610111 0.8379144 0.289135 0.8104724 0.2903629 0.810542 0.2622665 0.8379799 0.2621631 0.8106916 0.2614463 0.8379736 0.2621687 0.8379042 0.2902659 0.2376467 0.08393484 0.2456575 0.08442872 0.2455559 0.01615172 0.2289829 0.08341085 0.237011 0.08380419 0.2369056 0.01552718 0.2203189 0.08288586 0.2283647 0.08318042 0.2282593 0.01490271 0.2116549 0.08236235 0.2197183 0.08255571 0.2196128 0.01427835 0.2029909 0.0818389 0.2110719 0.08193224 0.2109665 0.01365458 0.1943269 0.08131366 0.2024254 0.08130788 0.20232 0.01303005 0.1856631 0.0807898 0.193779 0.08068335 0.1936736 0.0124064 0.446729 0.1868438 0.4468691 0.2354183 0.4542273 0.232568 0.4542273 0.232568 0.4575509 0.2121808 0.446729 0.1868438 0.457437 0.2118824 0.4549283 0.1916947 0.4468171 0.1869758 0.4468171 0.1869758 0.4470363 0.2351892 0.457437 0.2118824 0.4573459 0.2121714 0.4549323 0.1916632 0.446821 0.1869752 0.446821 0.1869752 0.4471222 0.2352436 0.4573459 0.2121714 0.4573813 0.2121661 0.4541602 0.2325291 0.4471212 0.2354136 0.4471212 0.2354136 0.4468244 0.1869446 0.4573813 0.2121661 0.4574422 0.2121423 0.45494 0.1916769 0.4468287 0.1869888 0.4468287 0.1869888 0.4471249 0.2349437 0.4574422 0.2121423 0.4574909 0.2119523 0.4541497 0.2324624 0.4471259 0.2352375 0.4471259 0.2352375 0.4468215 0.1869446 0.4574909 0.2119523 0.4573158 0.2119265 0.4541733 0.2325541 0.4471271 0.2352223 0.4471271 0.2352223 0.44682 0.1869406 0.4573158 0.2119265 0.07836043 0.4777571 0.1857416 0.4777399 0.1857416 0.3852768 0.4123023 0.6605389 0.5971782 0.6605389 0.6005176 0.9693685 0.5971782 0.6605389 0.6005176 0.6739363 0.6005176 0.9693685 0.6005176 0.9693685 0.4123012 0.9827703 0.4123023 0.6605389 0.4089617 0.6739405 0.5971782 0.6605389 0.6005176 0.9693685 0.5971782 0.6605389 0.6005176 0.6739363 0.6005176 0.9693685 0.6005176 0.9693685 0.4123012 0.9827703 0.4089617 0.6739405 0.07836043 0.4777571 0.07836043 0.385294 0.2354085 0.3853033 0.4123023 0.6605389 0.5971782 0.6605389 0.6005176 0.9693685 0.5971782 0.6605389 0.6005176 0.6739363 0.6005176 0.9693685 0.6005176 0.9693685 0.4123012 0.9827703 0.4123023 0.6605389 0.3427895 0.3852861 0.2354085 0.3853033 0.2354085 0.4777664 0.2127695 0.5347812 0.2127695 0.5347812 0.2809456 0.5347812 0.01341575 0.6001511 0.2152009 0.6001188 0.2152009 0.7442514 0.02459722 0.7442882 0.02459722 0.6001555 0.01229059 0.6001536 0.2584856 0.6001694 0.02459722 0.6001555 0.02459722 0.7442882 0.04234248 0.6570478 0.04234141 0.672378 0.101232 0.6723919</float_array>
          <technique_common>
            <accessor source="#Esfera_7784-mesh-map-0-array" count="17112" stride="2">
              <param name="S" type="float"/>
              <param name="T" type="float"/>
            </accessor>
          </technique_common>
        </source>
        <vertices id="Esfera_7784-mesh-vertices">
          <input semantic="POSITION" source="#Esfera_7784-mesh-positions"/>
        </vertices>
        <triangles material="A_A_A-Textura_garamante-material" count="5704">
          <input semantic="VERTEX" source="#Esfera_7784-mesh-vertices" offset="0"/>
          <input semantic="NORMAL" source="#Esfera_7784-mesh-normals" offset="1"/>
          <input semantic="TEXCOORD" source="#Esfera_7784-mesh-map-0" offset="2" set="0"/>
          <p>5 0 0 2 1 1 1 2 2 4 3 3 2 4 4 3 5 5 4 6 6 1 7 7 0 8 8 1 9 9 2 9 10 0 9 11 5 10 12 4 10 13 3 10 14 6 11 15 10 12 16 7 13 17 11 14 18 6 15 19 7 16 20 9 17 21 8 18 22 6 11 23 6 11 24 8 18 25 10 12 26 11 14 27 9 19 28 6 15 29 16 20 30 11 14 31 7 16 32 11 14 33 12 21 34 14 22 35 15 23 36 12 21 37 11 14 38 15 23 39 11 14 40 13 24 41 16 20 42 13 24 43 11 14 44 11 14 45 14 22 46 9 19 47 7 25 48 17 26 49 16 27 50 16 28 51 17 29 52 18 30 53 16 28 54 18 30 55 13 31 56 18 30 57 19 32 58 15 33 59 19 34 60 18 35 61 20 36 62 17 37 63 20 36 64 18 35 65 18 30 66 15 33 67 13 31 68 19 34 69 20 36 70 21 38 71 20 36 72 23 39 73 21 38 74 20 36 75 10 40 76 8 41 77 17 37 78 10 40 79 20 36 80 20 36 81 8 41 82 22 42 83 20 36 84 22 42 85 23 39 86 21 43 87 23 44 88 14 45 89 23 46 90 9 17 91 14 47 92 23 46 93 22 48 94 9 17 95 9 17 96 22 48 97 8 18 98 19 32 99 21 49 100 12 50 101 21 43 102 14 45 103 12 51 104 19 32 105 12 50 106 15 33 107 7 25 108 10 52 109 17 26 110 24 53 111 28 54 112 25 55 113 29 56 114 24 57 115 25 58 116 27 59 117 26 60 118 24 53 119 24 53 120 26 60 121 28 54 122 29 56 123 27 61 124 24 57 125 34 62 126 29 56 127 25 58 128 29 56 129 30 63 130 32 64 131 33 65 132 30 63 133 29 56 134 33 65 135 29 56 136 31 66 137 34 62 138 31 66 139 29 56 140 29 56 141 32 64 142 27 61 143 25 67 144 35 68 145 34 69 146 34 70 147 35 71 148 36 72 149 34 70 150 36 72 151 31 73 152 36 72 153 37 74 154 33 75 155 37 76 156 36 77 157 38 78 158 35 79 159 38 78 160 36 77 161 36 72 162 33 75 163 31 73 164 37 76 165 38 78 166 39 80 167 38 78 168 41 81 169 39 80 170 38 78 171 28 82 172 26 83 173 35 79 174 28 82 175 38 78 176 38 78 177 26 83 178 40 84 179 38 78 180 40 84 181 41 81 182 39 85 183 41 86 184 32 87 185 41 88 186 27 59 187 32 89 188 41 88 189 40 90 190 27 59 191 27 59 192 40 90 193 26 60 194 37 74 195 39 91 196 30 92 197 39 85 198 32 87 199 30 93 200 37 74 201 30 92 202 33 75 203 25 67 204 28 94 205 35 68 206 42 95 207 46 96 208 43 97 209 47 98 210 42 99 211 43 100 212 45 101 213 44 102 214 42 95 215 42 95 216 44 102 217 46 96 218 47 98 219 45 103 220 42 99 221 52 104 222 47 98 223 43 100 224 47 98 225 48 105 226 50 106 227 51 107 228 48 105 229 47 98 230 51 107 231 47 98 232 49 108 233 52 104 234 49 108 235 47 98 236 47 98 237 50 106 238 45 103 239 43 109 240 53 110 241 52 111 242 52 112 243 53 113 244 54 114 245 52 112 246 54 114 247 49 115 248 54 114 249 55 116 250 51 117 251 55 118 252 54 119 253 56 120 254 53 121 255 56 120 256 54 119 257 54 114 258 51 117 259 49 115 260 55 118 261 56 120 262 57 122 263 56 120 264 59 123 265 57 122 266 56 120 267 46 124 268 44 125 269 53 121 270 46 124 271 56 120 272 56 120 273 44 125 274 58 126 275 56 120 276 58 126 277 59 123 278 57 127 279 59 128 280 50 129 281 59 130 282 45 101 283 50 131 284 59 130 285 58 132 286 45 101 287 45 101 288 58 132 289 44 102 290 55 116 291 57 133 292 48 134 293 57 127 294 50 129 295 48 135 296 55 116 297 48 134 298 51 117 299 43 109 300 46 136 301 53 110 302 60 137 303 64 138 304 61 139 305 65 140 306 60 141 307 61 142 308 63 143 309 62 144 310 60 137 311 60 137 312 62 144 313 64 138 314 65 140 315 63 145 316 60 141 317 70 146 318 65 140 319 61 142 320 65 140 321 66 147 322 68 148 323 69 149 324 66 147 325 65 140 326 69 149 327 65 140 328 67 150 329 70 146 330 67 150 331 65 140 332 65 140 333 68 148 334 63 145 335 61 151 336 71 152 337 70 153 338 70 154 339 71 155 340 72 156 341 70 154 342 72 156 343 67 157 344 72 156 345 73 158 346 69 159 347 73 160 348 72 161 349 74 162 350 71 163 351 74 162 352 72 161 353 72 156 354 69 159 355 67 157 356 73 160 357 74 162 358 75 164 359 74 162 360 77 165 361 75 164 362 74 162 363 64 166 364 62 167 365 71 163 366 64 166 367 74 162 368 74 162 369 62 167 370 76 168 371 74 162 372 76 168 373 77 165 374 75 169 375 77 170 376 68 171 377 77 172 378 63 143 379 68 173 380 77 172 381 76 174 382 63 143 383 63 143 384 76 174 385 62 144 386 73 158 387 75 175 388 66 176 389 75 169 390 68 171 391 66 177 392 73 158 393 66 176 394 69 159 395 61 151 396 64 178 397 71 152 398 78 179 399 82 180 400 79 181 401 83 182 402 78 183 403 79 184 404 81 185 405 80 186 406 78 179 407 78 179 408 80 186 409 82 180 410 83 182 411 81 187 412 78 183 413 88 188 414 83 182 415 79 184 416 83 182 417 84 189 418 86 190 419 87 191 420 84 189 421 83 182 422 87 191 423 83 182 424 85 192 425 88 188 426 85 192 427 83 182 428 83 182 429 86 190 430 81 187 431 79 193 432 89 194 433 88 195 434 88 196 435 89 197 436 90 198 437 88 196 438 90 198 439 85 199 440 90 198 441 91 200 442 87 201 443 91 202 444 90 203 445 92 204 446 89 205 447 92 204 448 90 203 449 90 198 450 87 201 451 85 199 452 91 202 453 92 204 454 93 206 455 92 204 456 95 207 457 93 206 458 92 204 459 82 208 460 80 209 461 89 205 462 82 208 463 92 204 464 92 204 465 80 209 466 94 210 467 92 204 468 94 210 469 95 207 470 93 211 471 95 212 472 86 213 473 95 214 474 81 185 475 86 215 476 95 214 477 94 216 478 81 185 479 81 185 480 94 216 481 80 186 482 91 200 483 93 217 484 84 218 485 93 211 486 86 213 487 84 219 488 91 200 489 84 218 490 87 201 491 79 193 492 82 220 493 89 194 494 96 221 495 100 222 496 97 223 497 101 224 498 96 225 499 97 226 500 99 227 501 98 228 502 96 229 503 96 221 504 98 230 505 100 222 506 101 224 507 99 231 508 96 225 509 106 232 510 101 224 511 97 226 512 101 224 513 102 233 514 104 234 515 105 235 516 102 233 517 101 224 518 105 235 519 101 224 520 103 236 521 106 232 522 103 236 523 101 224 524 101 224 525 104 234 526 99 231 527 97 237 528 107 238 529 106 239 530 106 240 531 107 241 532 108 242 533 106 240 534 108 242 535 103 243 536 108 244 537 109 245 538 105 246 539 109 247 540 108 248 541 110 249 542 107 250 543 110 249 544 108 248 545 108 244 546 105 246 547 103 251 548 109 247 549 110 249 550 111 252 551 110 249 552 113 253 553 111 252 554 110 249 555 100 222 556 98 230 557 107 250 558 100 222 559 110 249 560 110 249 561 98 230 562 112 254 563 110 249 564 112 254 565 113 253 566 111 255 567 113 256 568 104 257 569 113 258 570 99 259 571 104 260 572 113 258 573 112 261 574 99 259 575 99 227 576 112 262 577 98 228 578 109 263 579 111 264 580 102 233 581 111 255 582 104 257 583 102 265 584 109 263 585 102 233 586 105 235 587 97 237 588 100 266 589 107 238 590 123 267 591 150 268 592 166 269 593 117 270 594 115 271 595 114 272 596 150 273 597 117 274 598 114 275 599 119 276 600 118 277 601 117 270 602 151 278 603 119 279 604 117 274 605 123 280 606 120 281 607 116 282 608 122 283 609 121 284 610 120 281 611 166 269 612 122 285 613 123 267 614 152 286 615 124 287 616 122 285 617 125 288 618 121 284 619 124 289 620 153 290 621 125 290 622 124 290 623 119 276 624 127 291 625 126 292 626 132 293 627 127 291 628 128 294 629 155 295 630 125 296 631 154 297 632 164 298 633 130 299 634 155 295 635 134 300 636 129 301 637 132 293 638 156 302 639 128 303 640 165 304 641 157 305 642 132 306 643 156 302 644 135 307 645 131 308 646 134 300 647 158 309 648 134 310 649 157 305 650 130 311 651 136 312 652 133 313 653 137 314 654 138 315 655 136 312 656 158 309 657 148 316 658 135 317 659 140 318 660 139 319 661 138 315 662 159 320 663 142 321 664 140 322 665 164 298 666 140 322 667 137 323 668 161 324 669 142 324 670 160 324 671 142 325 672 145 326 673 139 319 674 161 327 675 147 328 676 162 329 677 147 330 678 143 331 679 148 332 680 163 333 681 147 333 682 148 333 683 148 332 684 141 334 685 135 307 686 125 288 687 133 313 688 149 335 689 167 336 690 128 336 691 119 336 692 149 337 693 167 337 694 121 337 695 145 338 696 163 338 697 139 338 698 161 327 699 145 339 700 144 340 701 143 341 702 161 341 703 160 341 704 141 342 705 164 298 706 131 343 707 143 344 708 159 320 709 141 342 710 139 345 711 158 346 712 138 347 713 136 348 714 158 346 715 157 349 716 133 350 717 157 349 718 156 351 719 149 352 720 156 351 721 165 353 722 129 354 723 164 298 724 155 355 725 127 356 726 155 355 727 154 357 728 126 358 729 154 359 730 153 360 731 126 361 732 152 362 733 118 363 734 118 363 735 166 269 736 115 364 737 121 365 738 151 278 739 120 366 740 120 366 741 150 273 742 116 367 743 166 269 744 114 368 745 115 364 746 169 369 747 170 370 748 168 371 749 170 372 750 175 373 751 174 374 752 174 375 753 173 376 754 172 377 755 173 378 756 168 379 757 172 380 758 174 374 759 168 381 760 170 372 761 175 382 762 169 383 763 173 378 764 228 384 765 178 385 766 212 386 767 179 387 768 177 388 769 176 389 770 212 390 771 179 391 772 176 392 773 181 393 774 180 394 775 179 387 776 213 395 777 181 396 778 179 391 779 185 397 780 182 398 781 178 399 782 184 400 783 183 401 784 182 398 785 214 402 786 185 403 787 228 404 788 215 405 789 184 406 790 214 402 791 186 407 792 211 408 793 183 401 794 216 409 795 186 410 796 215 405 797 190 411 798 188 412 799 181 393 800 194 413 801 189 414 802 190 411 803 217 415 804 187 416 805 216 409 806 226 417 807 192 418 808 217 415 809 196 419 810 191 420 811 194 413 812 227 421 813 194 422 814 190 423 815 218 424 816 196 425 817 194 422 818 196 419 819 203 426 820 193 427 821 219 428 822 197 429 823 196 425 824 192 430 825 198 431 826 195 432 827 202 433 828 198 431 829 199 434 830 220 435 831 210 436 832 197 429 833 202 433 834 201 437 835 200 438 836 222 439 837 202 440 838 221 441 839 221 441 840 199 442 841 226 417 842 223 443 843 204 444 844 222 445 845 204 446 846 207 447 847 201 437 848 208 448 849 224 449 850 223 450 851 209 451 852 205 452 853 210 453 854 225 454 855 209 455 856 210 436 857 210 453 858 203 426 859 197 456 860 187 457 861 195 432 862 211 408 863 229 458 864 190 423 865 181 396 866 183 459 867 227 421 868 229 458 869 201 460 870 224 461 871 225 454 872 223 450 873 207 462 874 206 463 875 208 464 876 222 445 877 205 465 878 203 466 879 226 417 880 193 467 881 205 465 882 221 441 883 203 466 884 200 468 885 225 454 886 220 435 887 198 469 888 220 435 889 219 428 890 195 470 891 219 428 892 218 471 893 211 472 894 218 471 895 227 421 896 193 467 897 217 473 898 191 474 899 191 474 900 216 409 901 189 475 902 189 475 903 215 405 904 188 476 905 188 476 906 214 402 907 180 477 908 180 477 909 228 404 910 177 478 911 182 479 912 229 458 913 213 395 914 178 480 915 213 395 916 212 390 917 177 481 918 212 386 919 176 482 920 231 483 921 232 484 922 230 485 923 233 486 924 236 487 925 232 488 926 236 489 927 235 490 928 234 491 929 234 492 930 231 493 931 230 494 932 232 495 933 234 496 934 230 497 935 233 498 936 235 499 937 237 500 938 247 501 939 274 502 940 290 503 941 241 504 942 239 505 943 238 506 944 274 507 945 241 507 946 238 507 947 241 504 948 250 508 949 242 509 950 291 510 951 241 511 952 275 512 953 247 513 954 244 514 955 240 515 956 248 516 957 244 514 958 246 517 959 290 518 960 246 518 961 247 518 962 277 519 963 246 520 964 276 521 965 249 522 966 245 523 967 248 516 968 278 524 969 248 525 970 277 519 971 243 526 972 251 527 973 250 508 974 252 528 975 253 529 976 251 527 977 278 524 978 254 530 979 249 531 980 279 532 981 261 533 982 254 534 983 256 535 984 255 536 985 253 529 986 289 537 987 256 535 988 252 538 989 280 539 990 258 540 991 256 535 992 259 541 993 255 536 994 258 540 995 282 542 996 258 542 997 281 542 998 261 543 999 257 544 1000 254 545 1001 261 543 1002 262 546 1003 260 547 1004 287 548 1005 259 549 1006 282 550 1007 266 551 1008 262 546 1009 264 552 1010 284 553 1011 264 554 1012 283 555 1013 288 556 1014 264 556 1015 261 556 1016 285 557 1017 266 558 1018 284 559 1019 268 560 1020 263 561 1021 266 551 1022 285 557 1023 271 562 1024 286 563 1025 272 564 1026 270 565 1027 267 566 1028 286 567 1029 272 568 1030 287 569 1031 259 541 1032 267 566 1033 265 570 1034 254 545 1035 273 571 1036 249 522 1037 291 510 1038 252 538 1039 243 572 1040 273 573 1041 291 574 1042 245 575 1043 263 576 1044 286 577 1045 287 578 1046 285 557 1047 269 579 1048 268 580 1049 267 581 1050 285 557 1051 284 582 1052 265 583 1053 288 583 1054 255 583 1055 265 584 1056 284 585 1057 283 586 1058 262 587 1059 287 588 1060 282 589 1061 260 590 1062 282 590 1063 281 590 1064 260 591 1065 280 592 1066 257 593 1067 257 593 1068 289 594 1069 273 573 1070 255 595 1071 279 596 1072 253 597 1073 253 598 1074 278 524 1075 251 599 1076 250 600 1077 278 524 1078 277 519 1079 242 601 1080 277 519 1081 276 602 1082 242 603 1083 290 603 1084 239 603 1085 244 604 1086 291 574 1087 275 605 1088 244 606 1089 274 606 1090 240 606 1091 290 503 1092 238 607 1093 239 608 1094 292 609 1095 295 610 1096 294 611 1097 295 612 1098 298 613 1099 294 614 1100 299 615 1101 296 616 1102 298 617 1103 296 618 1104 293 619 1105 292 620 1106 298 621 1107 292 620 1108 294 622 1109 299 623 1110 293 624 1111 297 625 1112 352 626 1113 302 627 1114 336 628 1115 303 629 1116 301 630 1117 300 631 1118 336 632 1119 303 633 1120 300 634 1121 303 629 1122 312 635 1123 304 636 1124 353 637 1125 303 638 1126 337 639 1127 309 640 1128 306 641 1129 302 642 1130 310 643 1131 306 641 1132 308 644 1133 352 626 1134 308 645 1135 309 646 1136 339 647 1137 308 648 1138 338 649 1139 311 650 1140 307 651 1141 310 643 1142 339 652 1143 311 652 1144 310 652 1145 305 653 1146 313 654 1147 312 635 1148 314 655 1149 315 656 1150 313 654 1151 340 657 1152 316 658 1153 311 659 1154 350 660 1155 316 661 1156 341 662 1157 320 663 1158 315 656 1159 318 664 1160 351 665 1161 318 664 1162 314 655 1163 343 666 1164 318 667 1165 342 668 1166 321 669 1167 317 670 1168 320 663 1169 344 671 1170 320 671 1171 343 671 1172 316 672 1173 322 673 1174 319 674 1175 323 675 1176 324 676 1177 322 673 1178 344 677 1179 334 678 1180 321 679 1181 326 680 1182 325 681 1183 324 676 1184 345 682 1185 328 683 1186 326 684 1187 350 660 1188 326 685 1189 323 686 1190 347 687 1191 328 688 1192 346 689 1193 330 690 1194 325 681 1195 328 691 1196 347 687 1197 333 692 1198 348 693 1199 334 694 1200 332 695 1201 329 696 1202 348 697 1203 334 697 1204 349 697 1205 334 694 1206 327 698 1207 321 669 1208 316 672 1209 335 699 1210 311 650 1211 353 700 1212 314 700 1213 305 700 1214 335 701 1215 353 701 1216 307 701 1217 325 702 1218 348 702 1219 349 702 1220 347 687 1221 331 703 1222 330 704 1223 329 705 1224 347 705 1225 346 705 1226 327 706 1227 350 707 1228 317 708 1229 329 709 1230 345 710 1231 327 711 1232 325 712 1233 344 713 1234 324 714 1235 322 715 1236 344 716 1237 343 717 1238 319 718 1239 343 719 1240 342 720 1241 319 721 1242 351 722 1243 335 723 1244 315 724 1245 350 707 1246 341 725 1247 315 726 1248 340 727 1249 313 728 1250 312 729 1251 340 730 1252 339 731 1253 304 732 1254 339 733 1255 338 734 1256 304 735 1257 352 626 1258 301 736 1259 306 737 1260 353 738 1261 337 739 1262 306 740 1263 336 740 1264 302 740 1265 352 626 1266 300 741 1267 301 736 1268 355 742 1269 356 743 1270 354 744 1271 356 745 1272 361 746 1273 360 747 1274 360 748 1275 359 749 1276 358 750 1277 359 751 1278 354 752 1279 358 753 1280 356 754 1281 358 755 1282 354 756 1283 357 757 1284 359 758 1285 361 759 1286 362 760 1287 366 761 1288 363 762 1289 367 763 1290 362 764 1291 363 765 1292 365 766 1293 364 767 1294 362 768 1295 362 760 1296 364 769 1297 366 761 1298 367 763 1299 365 770 1300 362 764 1301 372 771 1302 367 763 1303 363 765 1304 367 763 1305 368 772 1306 370 773 1307 371 774 1308 368 772 1309 367 763 1310 371 774 1311 367 763 1312 369 775 1313 372 771 1314 369 775 1315 367 763 1316 367 763 1317 370 773 1318 365 770 1319 363 762 1320 373 776 1321 372 777 1322 372 777 1323 373 776 1324 374 778 1325 372 777 1326 374 778 1327 369 779 1328 374 780 1329 375 781 1330 371 782 1331 375 783 1332 374 784 1333 376 785 1334 373 786 1335 376 785 1336 374 784 1337 374 780 1338 371 782 1339 369 787 1340 375 783 1341 376 785 1342 377 788 1343 376 785 1344 379 789 1345 377 788 1346 376 785 1347 366 790 1348 364 791 1349 373 786 1350 366 790 1351 376 785 1352 376 785 1353 364 791 1354 378 792 1355 376 785 1356 378 792 1357 379 789 1358 377 793 1359 379 794 1360 370 795 1361 379 794 1362 365 766 1363 370 795 1364 379 794 1365 378 796 1366 365 766 1367 365 766 1368 378 796 1369 364 767 1370 375 797 1371 377 793 1372 368 798 1373 377 793 1374 370 795 1375 368 798 1376 375 797 1377 368 798 1378 371 799 1379 363 762 1380 366 761 1381 373 776 1382 380 800 1383 384 801 1384 381 802 1385 385 803 1386 380 804 1387 381 805 1388 383 806 1389 382 807 1390 380 808 1391 380 800 1392 382 809 1393 384 801 1394 385 803 1395 383 810 1396 380 804 1397 390 811 1398 385 803 1399 381 805 1400 385 803 1401 386 812 1402 388 813 1403 389 814 1404 386 812 1405 385 803 1406 389 814 1407 385 803 1408 387 815 1409 390 811 1410 387 815 1411 385 803 1412 385 803 1413 388 813 1414 383 810 1415 381 802 1416 391 816 1417 390 817 1418 390 817 1419 391 816 1420 392 818 1421 390 817 1422 392 818 1423 387 819 1424 392 820 1425 393 821 1426 389 822 1427 393 823 1428 392 824 1429 394 825 1430 391 826 1431 394 825 1432 392 824 1433 392 820 1434 389 822 1435 387 827 1436 393 823 1437 394 825 1438 395 828 1439 394 825 1440 397 829 1441 395 828 1442 394 825 1443 384 830 1444 382 831 1445 391 826 1446 384 830 1447 394 825 1448 394 825 1449 382 831 1450 396 832 1451 394 825 1452 396 832 1453 397 829 1454 395 833 1455 397 834 1456 388 835 1457 397 834 1458 383 806 1459 388 835 1460 397 834 1461 396 836 1462 383 806 1463 383 806 1464 396 836 1465 382 807 1466 393 837 1467 395 833 1468 386 838 1469 395 833 1470 388 835 1471 386 838 1472 393 837 1473 386 838 1474 389 839 1475 381 802 1476 384 801 1477 391 816 1478 398 840 1479 402 841 1480 399 842 1481 403 843 1482 398 844 1483 399 845 1484 401 846 1485 400 847 1486 398 848 1487 398 840 1488 400 849 1489 402 841 1490 403 843 1491 401 850 1492 398 844 1493 408 851 1494 403 843 1495 399 845 1496 403 843 1497 404 852 1498 406 853 1499 407 854 1500 404 852 1501 403 843 1502 407 854 1503 403 843 1504 405 855 1505 408 851 1506 405 855 1507 403 843 1508 403 843 1509 406 853 1510 401 850 1511 399 842 1512 409 856 1513 408 857 1514 408 857 1515 409 856 1516 410 858 1517 408 857 1518 410 858 1519 405 859 1520 410 860 1521 411 861 1522 407 862 1523 411 863 1524 410 864 1525 412 865 1526 409 866 1527 412 865 1528 410 864 1529 410 860 1530 407 862 1531 405 867 1532 411 863 1533 412 865 1534 413 868 1535 412 865 1536 415 869 1537 413 868 1538 412 865 1539 402 870 1540 400 871 1541 409 866 1542 402 870 1543 412 865 1544 412 865 1545 400 871 1546 414 872 1547 412 865 1548 414 872 1549 415 869 1550 413 873 1551 415 874 1552 406 875 1553 415 874 1554 401 846 1555 406 875 1556 415 874 1557 414 876 1558 401 846 1559 401 846 1560 414 876 1561 400 847 1562 411 877 1563 413 873 1564 404 878 1565 413 873 1566 406 875 1567 404 878 1568 411 877 1569 404 878 1570 407 879 1571 399 842 1572 402 841 1573 409 856 1574 416 880 1575 420 881 1576 417 882 1577 421 883 1578 416 884 1579 417 885 1580 419 886 1581 418 887 1582 416 888 1583 416 880 1584 418 889 1585 420 881 1586 421 883 1587 419 890 1588 416 884 1589 426 891 1590 421 883 1591 417 885 1592 421 883 1593 422 892 1594 424 893 1595 425 894 1596 422 892 1597 421 883 1598 425 894 1599 421 883 1600 423 895 1601 426 891 1602 423 895 1603 421 883 1604 421 883 1605 424 893 1606 419 890 1607 417 882 1608 427 896 1609 426 897 1610 426 897 1611 427 896 1612 428 898 1613 426 897 1614 428 898 1615 423 899 1616 428 900 1617 429 901 1618 425 902 1619 429 903 1620 428 904 1621 430 905 1622 427 906 1623 430 905 1624 428 904 1625 428 900 1626 425 902 1627 423 907 1628 429 903 1629 430 905 1630 431 908 1631 430 905 1632 433 909 1633 431 908 1634 430 905 1635 420 910 1636 418 911 1637 427 906 1638 420 910 1639 430 905 1640 430 905 1641 418 911 1642 432 912 1643 430 905 1644 432 912 1645 433 909 1646 431 913 1647 433 914 1648 424 915 1649 433 914 1650 419 886 1651 424 915 1652 433 914 1653 432 916 1654 419 886 1655 419 886 1656 432 916 1657 418 887 1658 429 917 1659 431 913 1660 422 918 1661 431 913 1662 424 915 1663 422 918 1664 429 917 1665 422 918 1666 425 919 1667 417 882 1668 420 881 1669 427 896 1670 434 920 1671 438 921 1672 435 922 1673 439 923 1674 434 924 1675 435 925 1676 437 926 1677 436 927 1678 434 928 1679 434 920 1680 436 929 1681 438 921 1682 439 923 1683 437 930 1684 434 924 1685 444 931 1686 439 923 1687 435 925 1688 439 923 1689 440 932 1690 442 933 1691 443 934 1692 440 932 1693 439 923 1694 443 934 1695 439 923 1696 441 935 1697 444 931 1698 441 935 1699 439 923 1700 439 923 1701 442 933 1702 437 930 1703 435 922 1704 445 936 1705 444 937 1706 444 937 1707 445 936 1708 446 938 1709 444 937 1710 446 938 1711 441 939 1712 446 940 1713 447 941 1714 443 942 1715 447 943 1716 446 944 1717 448 945 1718 445 946 1719 448 945 1720 446 944 1721 446 940 1722 443 942 1723 441 947 1724 447 943 1725 448 945 1726 449 948 1727 448 945 1728 451 949 1729 449 948 1730 448 945 1731 438 950 1732 436 951 1733 445 946 1734 438 950 1735 448 945 1736 448 945 1737 436 951 1738 450 952 1739 448 945 1740 450 952 1741 451 949 1742 449 953 1743 451 954 1744 442 955 1745 451 954 1746 437 926 1747 442 955 1748 451 954 1749 450 956 1750 437 926 1751 437 926 1752 450 956 1753 436 927 1754 447 957 1755 449 953 1756 440 958 1757 449 953 1758 442 955 1759 440 958 1760 447 957 1761 440 958 1762 443 959 1763 435 922 1764 438 921 1765 445 936 1766 452 960 1767 456 961 1768 453 962 1769 457 963 1770 452 964 1771 453 965 1772 455 966 1773 454 967 1774 452 968 1775 452 960 1776 454 969 1777 456 961 1778 457 963 1779 455 970 1780 452 964 1781 462 971 1782 457 963 1783 453 965 1784 457 963 1785 458 972 1786 460 973 1787 461 974 1788 458 972 1789 457 963 1790 461 974 1791 457 963 1792 459 975 1793 462 971 1794 459 975 1795 457 963 1796 457 963 1797 460 973 1798 455 970 1799 453 962 1800 463 976 1801 462 977 1802 462 978 1803 463 979 1804 464 980 1805 462 978 1806 464 980 1807 459 981 1808 464 982 1809 465 983 1810 461 984 1811 465 985 1812 464 986 1813 466 987 1814 463 988 1815 466 987 1816 464 986 1817 464 982 1818 461 984 1819 459 989 1820 465 985 1821 466 987 1822 467 990 1823 466 987 1824 469 991 1825 467 990 1826 466 987 1827 456 992 1828 454 993 1829 463 988 1830 456 992 1831 466 987 1832 466 987 1833 454 993 1834 468 994 1835 466 987 1836 468 994 1837 469 991 1838 467 995 1839 469 996 1840 460 997 1841 469 998 1842 455 999 1843 460 1000 1844 469 998 1845 468 1001 1846 455 999 1847 455 966 1848 468 1002 1849 454 967 1850 465 1003 1851 467 995 1852 458 1004 1853 467 995 1854 460 997 1855 458 1004 1856 465 1003 1857 458 1004 1858 461 1005 1859 453 962 1860 456 961 1861 463 976 1862 472 1006 1863 470 1007 1864 471 1008 1865 471 1009 1866 470 1010 1867 473 1011 1868 473 1012 1869 470 1013 1870 472 1014 1871 474 1015 1872 473 1016 1873 475 1017 1874 471 1009 1875 473 1011 1876 474 1018 1877 473 1012 1878 472 1014 1879 475 1019 1880 477 1020 1881 476 1021 1882 475 1022 1883 474 1015 1884 475 1017 1885 476 1023 1886 477 1020 1887 475 1022 1888 472 1024 1889 472 1006 1890 471 1008 1891 477 1025 1892 477 1026 1893 471 1027 1894 474 1028 1895 477 1026 1896 474 1028 1897 476 1029 1898 478 1030 1899 479 1031 1900 481 1032 1901 478 1030 1902 481 1032 1903 480 1033 1904 485 1034 1905 483 1035 1906 482 1036 1907 485 1034 1908 482 1036 1909 484 1037 1910 488 1038 1911 486 1039 1912 487 1040 1913 487 1041 1914 486 1042 1915 489 1043 1916 489 1044 1917 486 1045 1918 488 1046 1919 490 1047 1920 489 1048 1921 491 1049 1922 487 1041 1923 489 1043 1924 490 1050 1925 489 1044 1926 488 1046 1927 491 1051 1928 493 1052 1929 492 1053 1930 491 1054 1931 490 1047 1932 491 1049 1933 492 1055 1934 493 1052 1935 491 1054 1936 488 1056 1937 488 1038 1938 487 1040 1939 493 1057 1940 493 1058 1941 487 1059 1942 490 1060 1943 493 1058 1944 490 1060 1945 492 1061 1946 494 1062 1947 497 1063 1948 495 1064 1949 494 1062 1950 496 1065 1951 497 1063 1952 501 1066 1953 499 1067 1954 498 1068 1955 501 1066 1956 498 1068 1957 500 1069 1958 502 1070 1959 506 1071 1960 503 1072 1961 507 1073 1962 502 1074 1963 503 1075 1964 505 1076 1965 504 1077 1966 502 1078 1967 502 1070 1968 504 1079 1969 506 1071 1970 507 1073 1971 505 1080 1972 502 1074 1973 512 1081 1974 507 1073 1975 503 1075 1976 507 1073 1977 508 1082 1978 510 1083 1979 511 1084 1980 508 1082 1981 507 1073 1982 511 1084 1983 507 1073 1984 509 1085 1985 512 1081 1986 509 1085 1987 507 1073 1988 507 1073 1989 510 1083 1990 505 1080 1991 503 1072 1992 513 1086 1993 512 1087 1994 512 1088 1995 513 1089 1996 514 1090 1997 512 1088 1998 514 1090 1999 509 1091 2000 514 1092 2001 515 1093 2002 511 1094 2003 515 1095 2004 514 1096 2005 516 1097 2006 513 1098 2007 516 1097 2008 514 1096 2009 514 1092 2010 511 1094 2011 509 1099 2012 515 1095 2013 516 1097 2014 517 1100 2015 516 1097 2016 519 1101 2017 517 1100 2018 516 1097 2019 506 1102 2020 504 1103 2021 513 1098 2022 506 1102 2023 516 1097 2024 516 1097 2025 504 1103 2026 518 1104 2027 516 1097 2028 518 1104 2029 519 1101 2030 517 1105 2031 519 1106 2032 510 1107 2033 519 1108 2034 505 1109 2035 510 1110 2036 519 1108 2037 518 1111 2038 505 1109 2039 505 1076 2040 518 1112 2041 504 1077 2042 515 1113 2043 517 1105 2044 508 1114 2045 517 1105 2046 510 1107 2047 508 1114 2048 515 1113 2049 508 1114 2050 511 1115 2051 503 1072 2052 506 1071 2053 513 1086 2054 522 1116 2055 520 1117 2056 521 1118 2057 521 1119 2058 520 1120 2059 523 1121 2060 523 1122 2061 520 1123 2062 522 1124 2063 524 1125 2064 523 1126 2065 525 1127 2066 521 1119 2067 523 1121 2068 524 1128 2069 523 1122 2070 522 1124 2071 525 1129 2072 527 1130 2073 526 1131 2074 525 1132 2075 524 1125 2076 525 1127 2077 526 1133 2078 527 1130 2079 525 1132 2080 522 1134 2081 522 1116 2082 521 1118 2083 527 1135 2084 527 1136 2085 521 1137 2086 524 1138 2087 527 1136 2088 524 1138 2089 526 1139 2090 528 1140 2091 529 1141 2092 531 1142 2093 528 1140 2094 531 1142 2095 530 1143 2096 535 1144 2097 533 1145 2098 532 1146 2099 535 1144 2100 532 1146 2101 534 1147 2102 538 1148 2103 536 1149 2104 537 1150 2105 537 1151 2106 536 1152 2107 539 1153 2108 539 1154 2109 536 1155 2110 538 1156 2111 540 1157 2112 539 1158 2113 541 1159 2114 537 1151 2115 539 1153 2116 540 1160 2117 539 1154 2118 538 1156 2119 541 1161 2120 543 1162 2121 542 1163 2122 541 1164 2123 540 1157 2124 541 1159 2125 542 1165 2126 543 1162 2127 541 1164 2128 538 1166 2129 538 1148 2130 537 1150 2131 543 1167 2132 543 1168 2133 537 1169 2134 540 1170 2135 543 1168 2136 540 1170 2137 542 1171 2138 544 1172 2139 545 1173 2140 547 1174 2141 544 1172 2142 547 1174 2143 546 1175 2144 551 1176 2145 549 1177 2146 548 1178 2147 551 1176 2148 548 1178 2149 550 1179 2150 552 1180 2151 556 1181 2152 553 1182 2153 557 1183 2154 552 1184 2155 553 1185 2156 555 1186 2157 554 1187 2158 552 1188 2159 552 1180 2160 554 1189 2161 556 1181 2162 557 1183 2163 555 1190 2164 552 1184 2165 562 1191 2166 557 1183 2167 553 1185 2168 557 1183 2169 558 1192 2170 560 1193 2171 561 1194 2172 558 1192 2173 557 1183 2174 561 1194 2175 557 1183 2176 559 1195 2177 562 1191 2178 559 1195 2179 557 1183 2180 557 1183 2181 560 1193 2182 555 1190 2183 553 1182 2184 563 1196 2185 562 1197 2186 562 1198 2187 563 1199 2188 564 1200 2189 562 1198 2190 564 1200 2191 559 1201 2192 564 1202 2193 565 1203 2194 561 1204 2195 565 1205 2196 564 1206 2197 566 1207 2198 563 1208 2199 566 1207 2200 564 1206 2201 564 1202 2202 561 1204 2203 559 1209 2204 565 1205 2205 566 1207 2206 567 1210 2207 566 1207 2208 569 1211 2209 567 1210 2210 566 1207 2211 556 1212 2212 554 1213 2213 563 1208 2214 556 1212 2215 566 1207 2216 566 1207 2217 554 1213 2218 568 1214 2219 566 1207 2220 568 1214 2221 569 1211 2222 567 1215 2223 569 1216 2224 560 1217 2225 569 1218 2226 555 1219 2227 560 1220 2228 569 1218 2229 568 1221 2230 555 1219 2231 555 1186 2232 568 1222 2233 554 1187 2234 565 1223 2235 567 1215 2236 558 1224 2237 567 1215 2238 560 1217 2239 558 1224 2240 565 1223 2241 558 1224 2242 561 1225 2243 553 1182 2244 556 1181 2245 563 1196 2246 572 1226 2247 570 1227 2248 571 1228 2249 571 1229 2250 570 1230 2251 573 1231 2252 573 1232 2253 570 1233 2254 572 1234 2255 574 1235 2256 573 1236 2257 575 1237 2258 571 1229 2259 573 1231 2260 574 1238 2261 573 1232 2262 572 1234 2263 575 1239 2264 577 1240 2265 576 1241 2266 575 1242 2267 574 1235 2268 575 1237 2269 576 1243 2270 577 1240 2271 575 1242 2272 572 1244 2273 572 1226 2274 571 1228 2275 577 1245 2276 577 1246 2277 571 1247 2278 574 1248 2279 577 1246 2280 574 1248 2281 576 1249 2282 578 1250 2283 579 1251 2284 581 1252 2285 578 1250 2286 581 1252 2287 580 1253 2288 585 1254 2289 583 1255 2290 582 1256 2291 585 1254 2292 582 1256 2293 584 1257 2294 588 1258 2295 586 1259 2296 587 1260 2297 587 1261 2298 586 1262 2299 589 1263 2300 589 1264 2301 586 1265 2302 588 1266 2303 590 1267 2304 589 1268 2305 591 1269 2306 587 1261 2307 589 1263 2308 590 1270 2309 589 1264 2310 588 1266 2311 591 1271 2312 593 1272 2313 592 1273 2314 591 1274 2315 590 1267 2316 591 1269 2317 592 1275 2318 593 1272 2319 591 1274 2320 588 1276 2321 588 1258 2322 587 1260 2323 593 1277 2324 593 1278 2325 587 1279 2326 590 1280 2327 593 1278 2328 590 1280 2329 592 1281 2330 594 1282 2331 595 1283 2332 597 1284 2333 594 1282 2334 597 1284 2335 596 1285 2336 601 1286 2337 599 1287 2338 598 1288 2339 601 1286 2340 598 1288 2341 600 1289 2342 602 1290 2343 606 1291 2344 603 1292 2345 607 1293 2346 602 1294 2347 603 1295 2348 605 1296 2349 604 1297 2350 602 1298 2351 602 1290 2352 604 1299 2353 606 1291 2354 607 1293 2355 605 1300 2356 602 1294 2357 612 1301 2358 607 1293 2359 603 1295 2360 607 1293 2361 608 1302 2362 610 1303 2363 611 1304 2364 608 1302 2365 607 1293 2366 611 1304 2367 607 1293 2368 609 1305 2369 612 1301 2370 609 1305 2371 607 1293 2372 607 1293 2373 610 1303 2374 605 1300 2375 603 1292 2376 613 1306 2377 612 1307 2378 612 1308 2379 613 979 2380 614 1309 2381 612 1308 2382 614 1309 2383 609 1310 2384 614 1311 2385 615 1312 2386 611 1313 2387 615 1314 2388 614 1315 2389 616 1316 2390 613 1317 2391 616 1316 2392 614 1315 2393 614 1311 2394 611 1313 2395 609 1318 2396 615 1314 2397 616 1316 2398 617 1319 2399 616 1316 2400 619 1320 2401 617 1319 2402 616 1316 2403 606 1321 2404 604 1322 2405 613 1317 2406 606 1321 2407 616 1316 2408 616 1316 2409 604 1322 2410 618 1323 2411 616 1316 2412 618 1323 2413 619 1320 2414 617 1324 2415 619 1325 2416 610 1326 2417 619 1327 2418 605 1328 2419 610 1329 2420 619 1327 2421 618 1330 2422 605 1328 2423 605 1296 2424 618 1331 2425 604 1297 2426 615 1332 2427 617 1324 2428 608 1333 2429 617 1324 2430 610 1326 2431 608 1333 2432 615 1332 2433 608 1333 2434 611 1334 2435 603 1292 2436 606 1291 2437 613 1306 2438 622 1335 2439 620 1336 2440 621 1337 2441 621 1338 2442 620 1339 2443 623 1340 2444 623 1341 2445 620 1342 2446 622 1343 2447 624 1344 2448 623 1345 2449 625 1346 2450 621 1338 2451 623 1340 2452 624 1347 2453 623 1341 2454 622 1343 2455 625 1348 2456 627 1349 2457 626 1350 2458 625 1351 2459 624 1344 2460 625 1346 2461 626 1352 2462 627 1349 2463 625 1351 2464 622 1353 2465 622 1335 2466 621 1337 2467 627 1354 2468 627 1355 2469 621 1356 2470 624 1357 2471 627 1355 2472 624 1357 2473 626 1358 2474 628 1359 2475 629 1360 2476 631 1361 2477 628 1359 2478 631 1361 2479 630 1362 2480 635 1363 2481 632 1364 2482 633 1365 2483 635 1363 2484 634 1366 2485 632 1364 2486 638 1367 2487 636 1368 2488 637 1369 2489 637 1370 2490 636 1371 2491 639 1372 2492 639 1373 2493 636 1374 2494 638 1375 2495 640 1376 2496 639 1377 2497 641 1378 2498 637 1370 2499 639 1372 2500 640 1379 2501 639 1373 2502 638 1375 2503 641 1380 2504 643 1381 2505 642 1382 2506 641 1383 2507 640 1376 2508 641 1378 2509 642 1384 2510 643 1381 2511 641 1383 2512 638 1385 2513 638 1367 2514 637 1369 2515 643 1386 2516 643 1387 2517 637 1388 2518 640 1389 2519 643 1387 2520 640 1389 2521 642 1390 2522 644 1391 2523 645 1392 2524 647 1393 2525 644 1391 2526 647 1393 2527 646 1394 2528 651 1395 2529 648 1396 2530 649 1397 2531 651 1395 2532 650 1398 2533 648 1396 2534 652 1399 2535 656 1400 2536 653 1401 2537 657 1402 2538 652 1403 2539 654 1404 2540 652 1399 2541 655 1405 2542 656 1400 2543 657 1402 2544 655 1406 2545 652 1403 2546 659 1407 2547 657 1402 2548 654 1404 2549 658 1408 2550 655 1406 2551 657 1402 2552 660 1409 2553 658 1408 2554 657 1402 2555 660 1409 2556 657 1402 2557 659 1407 2558 662 1410 2559 661 1411 2560 660 1409 2561 660 1409 2562 661 1411 2563 663 1412 2564 662 1413 2565 660 1409 2566 659 1407 2567 660 1409 2568 663 1412 2569 658 1408 2570 658 1408 2571 663 1412 2572 665 1414 2573 661 1411 2574 664 1415 2575 663 1412 2576 663 1412 2577 664 1415 2578 666 1416 2579 663 1412 2580 666 1416 2581 665 1414 2582 667 1417 2583 668 1418 2584 666 1419 2585 669 1420 2586 667 1421 2587 666 1422 2588 665 1423 2589 666 1424 2590 668 1425 2591 669 1420 2592 666 1422 2593 664 1426 2594 671 1427 2595 667 1428 2596 669 1429 2597 671 1427 2598 669 1429 2599 670 1430 2600 670 1431 2601 669 1420 2602 664 1426 2603 676 1432 2604 671 1427 2605 672 1432 2606 675 1433 2607 672 1432 2608 671 1427 2609 671 1427 2610 670 1430 2611 673 1434 2612 675 1433 2613 671 1427 2614 673 1434 2615 671 1427 2616 674 1435 2617 667 1428 2618 676 1432 2619 674 1435 2620 671 1427 2621 674 1436 2622 676 1437 2623 677 1438 2624 677 1438 2625 676 1437 2626 672 1439 2627 674 1436 2628 677 1438 2629 668 1440 2630 680 1441 2631 668 1442 2632 677 1443 2633 677 1438 2634 672 1439 2635 678 1444 2636 677 1443 2637 678 1445 2638 681 1446 2639 680 1441 2640 677 1443 2641 679 1447 2642 677 1443 2643 681 1446 2644 679 1447 2645 679 1447 2646 681 1446 2647 682 1448 2648 682 1448 2649 681 1446 2650 683 1449 2651 681 1446 2652 678 1445 2653 684 1450 2654 681 1446 2655 684 1450 2656 683 1449 2657 672 1439 2658 675 1451 2659 684 1452 2660 684 1453 2661 675 1454 2662 673 1455 2663 672 1439 2664 684 1452 2665 678 1444 2666 684 1453 2667 673 1455 2668 685 1456 2669 684 1457 2670 685 1458 2671 686 1459 2672 684 1457 2673 686 1459 2674 683 1460 2675 683 1460 2676 686 1459 2677 662 1461 2678 662 1410 2679 686 1462 2680 661 1411 2681 686 1462 2682 685 1463 2683 687 1464 2684 686 1462 2685 687 1464 2686 661 1411 2687 670 1431 2688 664 1426 2689 687 1465 2690 673 1466 2691 670 1431 2692 687 1465 2693 673 1466 2694 687 1465 2695 685 1467 2696 661 1411 2697 687 1464 2698 664 1415 2699 683 1460 2700 662 1461 2701 688 1468 2702 682 1448 2703 683 1449 2704 688 1469 2705 682 1470 2706 688 1471 2707 689 1472 2708 689 1473 2709 688 1474 2710 662 1475 2711 690 1476 2712 689 1473 2713 691 1477 2714 692 1478 2715 689 1472 2716 690 1479 2717 689 1473 2718 662 1475 2719 691 1477 2720 682 1470 2721 689 1472 2722 692 1478 2723 695 1480 2724 692 1478 2725 693 1481 2726 692 1478 2727 690 1479 2728 693 1481 2729 694 1482 2730 682 1470 2731 692 1478 2732 695 1480 2733 694 1482 2734 692 1478 2735 656 1483 2736 694 1482 2737 695 1480 2738 656 1483 2739 695 1480 2740 653 1484 2741 697 1485 2742 696 1486 2743 694 1482 2744 694 1482 2745 696 1486 2746 682 1470 2747 697 1485 2748 694 1482 2749 656 1483 2750 697 1487 2751 679 1447 2752 696 1488 2753 665 1423 2754 697 1489 2755 698 1490 2756 655 1405 2757 698 1491 2758 697 1492 2759 665 1423 2760 680 1493 2761 697 1489 2762 697 1487 2763 680 1441 2764 679 1447 2765 655 1405 2766 697 1492 2767 656 1400 2768 658 1408 2769 698 1494 2770 655 1406 2771 658 1408 2772 665 1414 2773 698 1495 2774 679 1447 2775 682 1448 2776 696 1488 2777 690 1476 2778 691 1477 2779 699 1496 2780 691 1497 2781 700 1498 2782 699 1499 2783 662 1413 2784 659 1407 2785 691 1497 2786 691 1497 2787 659 1407 2788 700 1498 2789 659 1407 2790 654 1404 2791 700 1498 2792 665 1423 2793 668 1425 2794 680 1493 2795 667 1417 2796 674 1500 2797 668 1418 2798 703 1501 2799 701 1502 2800 702 1503 2801 702 1504 2802 701 1505 2803 704 1506 2804 704 1507 2805 701 1508 2806 703 1509 2807 705 1510 2808 704 1511 2809 706 1512 2810 702 1504 2811 704 1506 2812 705 1513 2813 704 1507 2814 703 1509 2815 706 1514 2816 708 1515 2817 707 1516 2818 706 1517 2819 705 1510 2820 706 1512 2821 707 1518 2822 708 1515 2823 706 1517 2824 703 1519 2825 703 1501 2826 702 1503 2827 708 1520 2828 708 1521 2829 702 1522 2830 705 1523 2831 708 1521 2832 705 1523 2833 707 1524 2834 711 1525 2835 709 1526 2836 710 1527 2837 711 1525 2838 710 1527 2839 712 1528 2840 716 1529 2841 713 1530 2842 714 1531 2843 716 1529 2844 715 1532 2845 713 1530 2846 719 1533 2847 717 1534 2848 718 1535 2849 718 1536 2850 717 1537 2851 720 1538 2852 720 1539 2853 717 1540 2854 719 1541 2855 721 1542 2856 720 1543 2857 722 1544 2858 718 1536 2859 720 1538 2860 721 1545 2861 720 1539 2862 719 1541 2863 722 1546 2864 724 1547 2865 723 1548 2866 722 1549 2867 721 1542 2868 722 1544 2869 723 1550 2870 724 1547 2871 722 1549 2872 719 1551 2873 719 1533 2874 718 1535 2875 724 1552 2876 724 1553 2877 718 1554 2878 721 1555 2879 724 1553 2880 721 1555 2881 723 1556 2882 727 1557 2883 726 1558 2884 725 1559 2885 727 1557 2886 728 1560 2887 726 1558 2888 732 1561 2889 730 1562 2890 729 1563 2891 732 1561 2892 729 1563 2893 731 1564 2894 735 1565 2895 733 1566 2896 734 1567 2897 734 1568 2898 733 1569 2899 736 1570 2900 736 1571 2901 733 1572 2902 735 1573 2903 737 1574 2904 736 1575 2905 738 1576 2906 734 1568 2907 736 1570 2908 737 1577 2909 736 1571 2910 735 1573 2911 738 1578 2912 740 1579 2913 739 1580 2914 738 1581 2915 737 1574 2916 738 1576 2917 739 1582 2918 740 1579 2919 738 1581 2920 735 1583 2921 735 1565 2922 734 1567 2923 740 1584 2924 740 1585 2925 734 1586 2926 737 1587 2927 740 1585 2928 737 1587 2929 739 1588 2930 743 1589 2931 741 1590 2932 742 1591 2933 743 1589 2934 742 1591 2935 744 1592 2936 748 1593 2937 746 1594 2938 745 1595 2939 748 1593 2940 745 1595 2941 747 1596 2942 749 1597 2943 753 1598 2944 750 1599 2945 754 1600 2946 749 1601 2947 751 1602 2948 749 1597 2949 752 1603 2950 753 1598 2951 754 1600 2952 752 1604 2953 749 1601 2954 756 1605 2955 754 1600 2956 751 1602 2957 755 1606 2958 752 1604 2959 754 1600 2960 757 1607 2961 755 1606 2962 754 1600 2963 757 1607 2964 754 1600 2965 756 1605 2966 759 1608 2967 758 1609 2968 757 1607 2969 757 1607 2970 758 1609 2971 760 1610 2972 759 1611 2973 757 1607 2974 756 1605 2975 757 1607 2976 760 1610 2977 755 1606 2978 755 1606 2979 760 1610 2980 762 1612 2981 758 1609 2982 761 1613 2983 760 1610 2984 760 1610 2985 761 1613 2986 763 1614 2987 760 1610 2988 763 1614 2989 762 1612 2990 764 1615 2991 765 1616 2992 763 1617 2993 766 1618 2994 764 1619 2995 763 1620 2996 762 1621 2997 763 1622 2998 765 1623 2999 766 1618 3000 763 1620 3001 761 1624 3002 768 1625 3003 764 1626 3004 766 1627 3005 768 1625 3006 766 1627 3007 767 1628 3008 767 1629 3009 766 1618 3010 761 1624 3011 773 1630 3012 768 1625 3013 769 1432 3014 772 1631 3015 769 1432 3016 768 1625 3017 768 1625 3018 767 1628 3019 770 1632 3020 772 1631 3021 768 1625 3022 770 1632 3023 768 1625 3024 771 1633 3025 764 1626 3026 773 1630 3027 771 1633 3028 768 1625 3029 771 1634 3030 773 1635 3031 774 1636 3032 774 1636 3033 773 1635 3034 769 1637 3035 771 1634 3036 774 1636 3037 765 1638 3038 777 1639 3039 765 1640 3040 774 1641 3041 774 1636 3042 769 1637 3043 775 1642 3044 774 1641 3045 775 1643 3046 778 1644 3047 777 1639 3048 774 1641 3049 776 1645 3050 774 1641 3051 778 1644 3052 776 1645 3053 776 1645 3054 778 1644 3055 779 1646 3056 779 1646 3057 778 1644 3058 780 1647 3059 778 1644 3060 775 1643 3061 781 1648 3062 778 1644 3063 781 1648 3064 780 1647 3065 769 1637 3066 772 1649 3067 781 1650 3068 781 1651 3069 772 1652 3070 770 1653 3071 769 1637 3072 781 1650 3073 775 1642 3074 781 1651 3075 770 1653 3076 782 1654 3077 781 1655 3078 782 1656 3079 783 1657 3080 781 1655 3081 783 1657 3082 780 1658 3083 780 1658 3084 783 1657 3085 759 1659 3086 759 1608 3087 783 1660 3088 758 1609 3089 783 1660 3090 782 1661 3091 784 1662 3092 783 1660 3093 784 1662 3094 758 1609 3095 767 1629 3096 761 1624 3097 784 1663 3098 770 1664 3099 767 1629 3100 784 1663 3101 770 1664 3102 784 1663 3103 782 1665 3104 758 1609 3105 784 1662 3106 761 1613 3107 780 1658 3108 759 1659 3109 785 1666 3110 779 1646 3111 780 1647 3112 785 1667 3113 779 1668 3114 785 1669 3115 786 1670 3116 786 1671 3117 785 1672 3118 759 1673 3119 787 1674 3120 786 1671 3121 788 1675 3122 789 1676 3123 786 1670 3124 787 1677 3125 786 1671 3126 759 1673 3127 788 1675 3128 779 1668 3129 786 1670 3130 789 1676 3131 792 1678 3132 789 1676 3133 790 1679 3134 789 1676 3135 787 1677 3136 790 1679 3137 791 1680 3138 779 1668 3139 789 1676 3140 792 1678 3141 791 1680 3142 789 1676 3143 753 1681 3144 791 1680 3145 792 1678 3146 753 1681 3147 792 1678 3148 750 1682 3149 794 1683 3150 793 1684 3151 791 1680 3152 791 1680 3153 793 1684 3154 779 1668 3155 794 1683 3156 791 1680 3157 753 1681 3158 794 1685 3159 776 1645 3160 793 1686 3161 762 1621 3162 794 1687 3163 795 1688 3164 752 1603 3165 795 1689 3166 794 1690 3167 762 1621 3168 777 1691 3169 794 1687 3170 794 1685 3171 777 1639 3172 776 1645 3173 752 1603 3174 794 1690 3175 753 1598 3176 755 1606 3177 795 1692 3178 752 1604 3179 755 1606 3180 762 1612 3181 795 1693 3182 776 1645 3183 779 1646 3184 793 1686 3185 787 1674 3186 788 1675 3187 796 1694 3188 788 1695 3189 797 1696 3190 796 1697 3191 759 1611 3192 756 1605 3193 788 1695 3194 788 1695 3195 756 1605 3196 797 1696 3197 756 1605 3198 751 1602 3199 797 1696 3200 762 1621 3201 765 1623 3202 777 1691 3203 764 1615 3204 771 1698 3205 765 1616 3206 800 1699 3207 798 1700 3208 799 1701 3209 799 1702 3210 798 1703 3211 801 1704 3212 801 1705 3213 798 1706 3214 800 1707 3215 802 1708 3216 801 1709 3217 803 1710 3218 799 1702 3219 801 1704 3220 802 1711 3221 801 1705 3222 800 1707 3223 803 1712 3224 805 1713 3225 804 1714 3226 803 1715 3227 802 1708 3228 803 1710 3229 804 1716 3230 805 1713 3231 803 1715 3232 800 1717 3233 800 1699 3234 799 1701 3235 805 1718 3236 805 1719 3237 799 1720 3238 802 1721 3239 805 1719 3240 802 1721 3241 804 1722 3242 808 1723 3243 807 1724 3244 806 1725 3245 808 1723 3246 809 1726 3247 807 1724 3248 813 1727 3249 811 1728 3250 810 1729 3251 813 1727 3252 810 1729 3253 812 1730 3254 816 1731 3255 814 1732 3256 815 1733 3257 815 1734 3258 814 1735 3259 817 1736 3260 817 1737 3261 814 1738 3262 816 1739 3263 818 1740 3264 817 1741 3265 819 1742 3266 815 1734 3267 817 1736 3268 818 1743 3269 817 1737 3270 816 1739 3271 819 1744 3272 821 1745 3273 820 1746 3274 819 1747 3275 818 1740 3276 819 1742 3277 820 1748 3278 821 1745 3279 819 1747 3280 816 1749 3281 816 1731 3282 815 1733 3283 821 1750 3284 821 1751 3285 815 1752 3286 818 1753 3287 821 1751 3288 818 1753 3289 820 1754 3290 824 1755 3291 822 1756 3292 823 1757 3293 824 1755 3294 823 1757 3295 825 1758 3296 829 1759 3297 827 1760 3298 826 1761 3299 829 1759 3300 826 1761 3301 828 1762 3302 832 1763 3303 830 1764 3304 831 1765 3305 831 1766 3306 830 1767 3307 833 1768 3308 833 1769 3309 830 1770 3310 832 1771 3311 834 1772 3312 833 1773 3313 835 1774 3314 831 1766 3315 833 1768 3316 834 1775 3317 833 1769 3318 832 1771 3319 835 1776 3320 837 1777 3321 836 1778 3322 835 1779 3323 834 1772 3324 835 1774 3325 836 1780 3326 837 1777 3327 835 1779 3328 832 1781 3329 832 1763 3330 831 1765 3331 837 1782 3332 837 1783 3333 831 1784 3334 834 1785 3335 837 1783 3336 834 1785 3337 836 1786 3338 840 1787 3339 839 1788 3340 838 1789 3341 840 1787 3342 841 1790 3343 839 1788 3344 845 1791 3345 842 1792 3346 843 1793 3347 845 1791 3348 844 1794 3349 842 1792 3350 846 1795 3351 850 1796 3352 847 1797 3353 851 1798 3354 846 1799 3355 848 1800 3356 846 1795 3357 849 1801 3358 850 1796 3359 851 1798 3360 849 1802 3361 846 1799 3362 853 1803 3363 851 1798 3364 848 1800 3365 852 1804 3366 849 1802 3367 851 1798 3368 854 1805 3369 852 1804 3370 851 1798 3371 854 1805 3372 851 1798 3373 853 1803 3374 856 1806 3375 855 1807 3376 854 1805 3377 854 1805 3378 855 1807 3379 857 1808 3380 856 1809 3381 854 1805 3382 853 1803 3383 854 1805 3384 857 1808 3385 852 1804 3386 852 1804 3387 857 1808 3388 859 1810 3389 855 1807 3390 858 1811 3391 857 1808 3392 857 1808 3393 858 1811 3394 860 1812 3395 857 1808 3396 860 1812 3397 859 1810 3398 861 1813 3399 862 1814 3400 860 1815 3401 863 1816 3402 861 1817 3403 860 1818 3404 859 1819 3405 860 1820 3406 862 1821 3407 863 1816 3408 860 1818 3409 858 1822 3410 865 1823 3411 861 1824 3412 863 1825 3413 865 1823 3414 863 1825 3415 864 1826 3416 864 1827 3417 863 1816 3418 858 1822 3419 870 1828 3420 865 1823 3421 866 1829 3422 869 1830 3423 866 1829 3424 865 1823 3425 865 1823 3426 864 1826 3427 867 1831 3428 869 1830 3429 865 1823 3430 867 1831 3431 865 1823 3432 868 1832 3433 861 1824 3434 870 1828 3435 868 1832 3436 865 1823 3437 868 1833 3438 870 1834 3439 871 1835 3440 871 1835 3441 870 1834 3442 866 1836 3443 868 1833 3444 871 1835 3445 862 1837 3446 874 1838 3447 862 1839 3448 871 1840 3449 871 1835 3450 866 1836 3451 872 1841 3452 871 1840 3453 872 1842 3454 875 1843 3455 874 1838 3456 871 1840 3457 873 1844 3458 871 1840 3459 875 1843 3460 873 1844 3461 873 1844 3462 875 1843 3463 876 1845 3464 876 1845 3465 875 1843 3466 877 1846 3467 875 1843 3468 872 1842 3469 878 1847 3470 875 1843 3471 878 1847 3472 877 1846 3473 866 1836 3474 869 1848 3475 878 1849 3476 878 1850 3477 869 1851 3478 867 1852 3479 866 1836 3480 878 1849 3481 872 1841 3482 878 1850 3483 867 1852 3484 879 1853 3485 878 1854 3486 879 1855 3487 880 1856 3488 878 1854 3489 880 1856 3490 877 1857 3491 877 1857 3492 880 1856 3493 856 1858 3494 856 1806 3495 880 1859 3496 855 1807 3497 880 1859 3498 879 1860 3499 881 1861 3500 880 1859 3501 881 1861 3502 855 1807 3503 864 1827 3504 858 1822 3505 881 1862 3506 867 1863 3507 864 1827 3508 881 1862 3509 867 1863 3510 881 1862 3511 879 1864 3512 855 1807 3513 881 1861 3514 858 1811 3515 877 1857 3516 856 1858 3517 882 1865 3518 876 1845 3519 877 1846 3520 882 1866 3521 876 1867 3522 882 1868 3523 883 1869 3524 883 1870 3525 882 1871 3526 856 1872 3527 884 1873 3528 883 1870 3529 885 1874 3530 886 1875 3531 883 1869 3532 884 1876 3533 883 1870 3534 856 1872 3535 885 1874 3536 876 1867 3537 883 1869 3538 886 1875 3539 889 1877 3540 886 1875 3541 887 1878 3542 886 1875 3543 884 1876 3544 887 1878 3545 888 1879 3546 876 1867 3547 886 1875 3548 889 1877 3549 888 1879 3550 886 1875 3551 850 1880 3552 888 1879 3553 889 1877 3554 850 1880 3555 889 1877 3556 847 1881 3557 891 1882 3558 890 1883 3559 888 1879 3560 888 1879 3561 890 1883 3562 876 1867 3563 891 1882 3564 888 1879 3565 850 1880 3566 891 1884 3567 873 1844 3568 890 1885 3569 859 1819 3570 891 1886 3571 892 1887 3572 849 1801 3573 892 1888 3574 891 1889 3575 859 1819 3576 874 1890 3577 891 1886 3578 891 1884 3579 874 1838 3580 873 1844 3581 849 1801 3582 891 1889 3583 850 1796 3584 852 1804 3585 892 1891 3586 849 1802 3587 852 1804 3588 859 1810 3589 892 1892 3590 873 1844 3591 876 1845 3592 890 1885 3593 884 1873 3594 885 1874 3595 893 1893 3596 885 1894 3597 894 1895 3598 893 1896 3599 856 1809 3600 853 1803 3601 885 1894 3602 885 1894 3603 853 1803 3604 894 1895 3605 853 1803 3606 848 1800 3607 894 1895 3608 859 1819 3609 862 1821 3610 874 1890 3611 861 1813 3612 868 1897 3613 862 1814 3614 897 1898 3615 895 1899 3616 896 1900 3617 896 1901 3618 895 1902 3619 898 1903 3620 898 1904 3621 895 1905 3622 897 1906 3623 899 1907 3624 898 1908 3625 900 1909 3626 896 1901 3627 898 1903 3628 899 1910 3629 898 1904 3630 897 1906 3631 900 1911 3632 902 1912 3633 901 1913 3634 900 1914 3635 899 1907 3636 900 1909 3637 901 1915 3638 902 1912 3639 900 1914 3640 897 1519 3641 897 1898 3642 896 1900 3643 902 1916 3644 902 1917 3645 896 1918 3646 899 1919 3647 902 1917 3648 899 1919 3649 901 1920 3650 905 1921 3651 904 1922 3652 903 1923 3653 905 1921 3654 906 1924 3655 904 1922 3656 910 1925 3657 907 1926 3658 908 1927 3659 910 1925 3660 909 1928 3661 907 1926 3662 913 1929 3663 911 1930 3664 912 1931 3665 912 1932 3666 911 1933 3667 914 1934 3668 914 1935 3669 911 1936 3670 913 1937 3671 915 1938 3672 914 1939 3673 916 1940 3674 912 1932 3675 914 1934 3676 915 1941 3677 914 1935 3678 913 1937 3679 916 1942 3680 918 1943 3681 917 1944 3682 916 1945 3683 915 1938 3684 916 1940 3685 917 1946 3686 918 1943 3687 916 1945 3688 913 1947 3689 913 1929 3690 912 1931 3691 918 1948 3692 918 1949 3693 912 1950 3694 915 1951 3695 918 1949 3696 915 1951 3697 917 1952 3698 921 1953 3699 919 1954 3700 920 1955 3701 921 1953 3702 920 1955 3703 922 1956 3704 926 1957 3705 924 1958 3706 923 1959 3707 926 1957 3708 923 1959 3709 925 1960 3710 929 1961 3711 927 1962 3712 928 1963 3713 928 1964 3714 927 1965 3715 930 1966 3716 930 1967 3717 927 1968 3718 929 1969 3719 931 1970 3720 930 1971 3721 932 1972 3722 928 1964 3723 930 1966 3724 931 1973 3725 930 1967 3726 929 1969 3727 932 1974 3728 934 1975 3729 933 1976 3730 932 1977 3731 931 1970 3732 932 1972 3733 933 1978 3734 934 1975 3735 932 1977 3736 929 1979 3737 929 1961 3738 928 1963 3739 934 1980 3740 934 1981 3741 928 1982 3742 931 1983 3743 934 1981 3744 931 1983 3745 933 1588 3746 937 1984 3747 935 1985 3748 936 1986 3749 937 1984 3750 936 1986 3751 938 1987 3752 942 1988 3753 939 1989 3754 940 1990 3755 942 1988 3756 941 1991 3757 939 1989 3758 943 1992 3759 947 1993 3760 944 1994 3761 948 1995 3762 943 1996 3763 944 1997 3764 946 1998 3765 945 1999 3766 943 2000 3767 943 1992 3768 945 2001 3769 947 1993 3770 948 1995 3771 946 2002 3772 943 1996 3773 953 2003 3774 948 1995 3775 944 1997 3776 948 1995 3777 949 2004 3778 951 2005 3779 952 2006 3780 949 2004 3781 948 1995 3782 952 2006 3783 948 1995 3784 950 2007 3785 953 2003 3786 950 2007 3787 948 1995 3788 948 1995 3789 951 2005 3790 946 2002 3791 944 2008 3792 954 2009 3793 953 2010 3794 953 2011 3795 954 2012 3796 955 2013 3797 953 2011 3798 955 2013 3799 950 2014 3800 955 2015 3801 956 2016 3802 952 2017 3803 956 2018 3804 955 2019 3805 957 2020 3806 954 2021 3807 957 2020 3808 955 2019 3809 955 2015 3810 952 2017 3811 950 2022 3812 956 2018 3813 957 2020 3814 958 2023 3815 957 2020 3816 960 2024 3817 958 2023 3818 957 2020 3819 947 1993 3820 945 2001 3821 954 2021 3822 947 1993 3823 957 2020 3824 957 2020 3825 945 2001 3826 959 2025 3827 957 2020 3828 959 2025 3829 960 2024 3830 958 2026 3831 960 2027 3832 951 2028 3833 960 2029 3834 946 2030 3835 951 2031 3836 960 2029 3837 959 2032 3838 946 2030 3839 946 1998 3840 959 2033 3841 945 1999 3842 956 2034 3843 958 2035 3844 949 2004 3845 958 2026 3846 951 2028 3847 949 2036 3848 956 2034 3849 949 2004 3850 952 2006 3851 944 2008 3852 947 2037 3853 954 2009 3854 970 2038 3855 997 2039 3856 1013 2040 3857 961 2041 3858 965 2042 3859 962 2043 3860 998 2044 3861 961 2045 3862 997 2046 3863 964 2047 3864 973 2048 3865 965 2042 3866 1014 2049 3867 964 2050 3868 998 2051 3869 969 2052 3870 963 2053 3871 970 2054 3872 971 2055 3873 967 2056 3874 969 2052 3875 999 2057 3876 970 2058 3877 1013 2059 3878 1000 2060 3879 969 2061 3880 999 2062 3881 972 2063 3882 968 2064 3883 971 2055 3884 1001 2065 3885 971 2066 3886 1000 2060 3887 966 2067 3888 974 2068 3889 973 2048 3890 975 2069 3891 976 2070 3892 974 2068 3893 1001 2065 3894 977 2071 3895 972 2072 3896 1002 2073 3897 984 2074 3898 977 2071 3899 979 2075 3900 978 2076 3901 976 2070 3902 1012 2077 3903 979 2078 3904 975 2079 3905 1003 2080 3906 981 2081 3907 979 2078 3908 981 2082 3909 988 2083 3910 978 2076 3911 1004 2084 3912 982 2084 3913 981 2084 3914 984 2085 3915 980 2086 3916 977 2087 3917 987 2088 3918 983 2089 3919 984 2085 3920 1010 2090 3921 982 2091 3922 1005 2092 3923 989 2093 3924 985 2094 3925 987 2088 3926 1007 2095 3927 987 2096 3928 1006 2097 3929 1006 2098 3930 984 2099 3931 1011 2100 3932 1008 2101 3933 989 2102 3934 1007 2095 3935 991 2103 3936 986 2104 3937 989 2093 3938 1008 2105 3939 994 2106 3940 1009 2107 3941 995 2108 3942 993 2109 3943 990 2110 3944 1009 2111 3945 995 2112 3946 1010 2090 3947 982 2113 3948 990 2110 3949 988 2083 3950 977 2087 3951 996 2114 3952 972 2063 3953 1014 2049 3954 975 2079 3955 966 2115 3956 996 2116 3957 1014 2117 3958 968 2118 3959 986 2119 3960 1009 2111 3961 1010 2090 3962 1008 2105 3963 992 2120 3964 991 2121 3965 990 2122 3966 1008 2123 3967 1007 2124 3968 988 2125 3969 1011 2125 3970 978 2125 3971 988 2126 3972 1007 2124 3973 1006 2127 3974 985 2128 3975 1010 2090 3976 1005 2092 3977 983 2129 3978 1005 2130 3979 1004 2131 3980 983 2132 3981 1003 2133 3982 980 2134 3983 980 2134 3984 1012 2135 3985 996 2116 3986 978 2136 3987 1002 2137 3988 976 2138 3989 976 2138 3990 1001 2065 3991 974 2139 3992 973 2140 3993 1001 2065 3994 1000 2060 3995 965 2141 3996 1000 2060 3997 999 2142 3998 962 2143 3999 999 2057 4000 1013 2059 4001 967 2144 4002 1014 2117 4003 998 2145 4004 963 2146 4005 998 2044 4006 997 2046 4007 1013 2040 4008 961 2147 4009 962 2148 4010 1015 2149 4011 1018 2150 4012 1017 2151 4013 1018 2152 4014 1021 2153 4015 1017 2154 4016 1022 2155 4017 1019 2156 4018 1021 2157 4019 1019 2158 4020 1016 2159 4021 1015 2160 4022 1021 2161 4023 1015 2160 4024 1017 2162 4025 1022 2163 4026 1016 2164 4027 1020 2165 4028 1032 2166 4029 1059 2167 4030 1075 2168 4031 1026 2169 4032 1024 2170 4033 1023 2171 4034 1060 2172 4035 1023 2173 4036 1059 2174 4037 1026 2169 4038 1035 2175 4039 1027 2176 4040 1076 2177 4041 1026 2178 4042 1060 2179 4043 1032 2180 4044 1029 2181 4045 1025 2182 4046 1033 2183 4047 1029 2181 4048 1031 2184 4049 1075 2185 4050 1031 2185 4051 1032 2185 4052 1062 2186 4053 1031 2187 4054 1061 2188 4055 1034 2189 4056 1030 2190 4057 1033 2183 4058 1063 2191 4059 1033 2192 4060 1062 2186 4061 1028 2193 4062 1036 2194 4063 1035 2175 4064 1037 2195 4065 1038 2196 4066 1036 2194 4067 1063 2191 4068 1039 2197 4069 1034 2198 4070 1064 2199 4071 1046 2199 4072 1039 2199 4073 1041 2200 4074 1040 2201 4075 1038 2196 4076 1074 2202 4077 1041 2200 4078 1037 2203 4079 1065 2204 4080 1043 2205 4081 1041 2200 4082 1044 2206 4083 1040 2201 4084 1043 2205 4085 1067 2207 4086 1043 2208 4087 1066 2209 4088 1046 2210 4089 1042 2211 4090 1039 2212 4091 1046 2210 4092 1047 2213 4093 1045 2214 4094 1072 2215 4095 1044 2215 4096 1067 2215 4097 1051 2216 4098 1047 2213 4099 1049 2217 4100 1069 2218 4101 1049 2217 4102 1068 2219 4103 1073 2220 4104 1049 2220 4105 1046 2220 4106 1070 2221 4107 1051 2222 4108 1069 2223 4109 1053 2224 4110 1048 2225 4111 1051 2216 4112 1070 2221 4113 1056 2226 4114 1071 2227 4115 1057 2228 4116 1055 2229 4117 1052 2230 4118 1072 2231 4119 1056 2232 4120 1057 2233 4121 1044 2206 4122 1052 2230 4123 1050 2234 4124 1039 2212 4125 1058 2235 4126 1034 2189 4127 1076 2177 4128 1037 2203 4129 1028 2236 4130 1058 2237 4131 1076 2238 4132 1030 2239 4133 1048 2240 4134 1071 2241 4135 1072 2231 4136 1053 2242 4137 1071 2227 4138 1054 2243 4139 1052 2244 4140 1070 2221 4141 1069 2245 4142 1040 2246 4143 1068 2247 4144 1073 2248 4145 1050 2249 4146 1069 2250 4147 1068 2251 4148 1048 2252 4149 1067 2253 4150 1047 2254 4151 1047 2255 4152 1066 2255 4153 1045 2255 4154 1045 2214 4155 1065 2256 4156 1042 2211 4157 1042 2257 4158 1074 2258 4159 1058 2237 4160 1038 2259 4161 1073 2260 4162 1064 2261 4163 1038 2262 4164 1063 2191 4165 1036 2263 4166 1036 2263 4167 1062 2186 4168 1035 2264 4169 1027 2265 4170 1062 2186 4171 1061 2266 4172 1027 2267 4173 1075 2267 4174 1024 2267 4175 1029 2268 4176 1076 2238 4177 1060 2269 4178 1029 2270 4179 1059 2270 4180 1025 2270 4181 1075 2168 4182 1023 2271 4183 1024 2272 4184 1077 2273 4185 1080 2274 4186 1079 2275 4187 1080 2276 4188 1083 2277 4189 1079 2278 4190 1084 2279 4191 1081 2280 4192 1083 2281 4193 1081 2282 4194 1078 2283 4195 1077 2284 4196 1083 2285 4197 1077 2286 4198 1079 2287 4199 1084 2288 4200 1078 2289 4201 1082 2290 4202 1104 2291 4203 1103 2292 4204 1158 2293 4205 1086 2294 4206 1087 2295 4207 1113 2296 4208 1092 2297 4209 1090 2298 4210 1132 2299 4211 1134 2300 4212 1118 2301 4213 1087 2295 4214 1136 2302 4215 1089 2303 4216 1091 2304 4217 1102 2305 4218 1161 2306 4219 1148 2307 4220 1103 2292 4221 1101 2308 4222 1159 2309 4223 1089 2303 4224 1128 2310 4225 1098 2311 4226 1142 2312 4227 1148 2307 4228 1153 2313 4229 1121 2314 4230 1140 2315 4231 1090 2298 4232 1122 2316 4233 1088 2317 4234 1141 2318 4235 1097 2319 4236 1099 2320 4237 1126 2321 4238 1099 2320 4239 1100 2322 4240 1127 2323 4241 1100 2322 4242 1098 2311 4243 1128 2310 4244 1129 2324 4245 1113 2296 4246 1115 2325 4247 1130 2326 4248 1115 2325 4249 1116 2327 4250 1131 2328 4251 1116 2327 4252 1114 2329 4253 1118 2301 4254 1134 2300 4255 1133 2330 4256 1120 2331 4257 1133 2330 4258 1135 2332 4259 1119 2333 4260 1135 2332 4261 1136 2302 4262 1138 2334 4263 1137 2335 4264 1124 2336 4265 1137 2335 4266 1139 2337 4267 1123 2338 4268 1139 2337 4269 1140 2315 4270 1121 2314 4271 1088 2317 4272 1097 2319 4273 1125 2339 4274 1096 2340 4275 1094 2341 4276 1125 2342 4277 1095 2343 4278 1096 2340 4279 1126 2344 4280 1093 2345 4281 1095 2343 4282 1127 2346 4283 1112 2347 4284 1110 2348 4285 1129 2349 4286 1111 2350 4287 1112 2347 4288 1130 2351 4289 1109 2352 4290 1111 2350 4291 1131 2353 4292 1103 2354 4293 1133 2355 4294 1134 2356 4295 1104 2357 4296 1135 2358 4297 1133 2355 4298 1102 2359 4299 1136 2302 4300 1135 2358 4301 1107 2360 4302 1137 2361 4303 1138 2362 4304 1108 2363 4305 1139 2364 4306 1137 2361 4307 1106 2365 4308 1140 2366 4309 1139 2364 4310 1094 2341 4311 1085 2367 4312 1141 2368 4313 1093 2345 4314 1128 2310 4315 1089 2303 4316 1102 2359 4317 1142 2369 4318 1089 2303 4319 1101 2370 4320 1134 2356 4321 1086 2371 4322 1105 2372 4323 1138 2362 4324 1141 2368 4325 1106 2365 4326 1144 2373 4327 1090 2374 4328 1110 2348 4329 1143 2375 4330 1086 2371 4331 1109 2352 4332 1132 2376 4333 1090 2374 4334 1154 2377 4335 1155 2378 4336 1157 2379 4337 1150 2380 4338 1145 2381 4339 1147 2382 4340 1163 2383 4341 1145 2381 4342 1165 2384 4343 1161 2385 4344 1159 2386 4345 1145 2381 4346 1096 2387 4347 1151 2388 4348 1150 2389 4349 1101 2308 4350 1143 2390 4351 1146 2391 4352 1102 2305 4353 1104 2392 4354 1160 2393 4355 1095 2394 4356 1152 2395 4357 1151 2388 4358 1085 2396 4359 1147 2397 4360 1163 2398 4361 1105 2399 4362 1163 2398 4363 1162 2400 4364 1093 2401 4365 1153 2313 4366 1152 2402 4367 1144 2373 4368 1106 2365 4369 1165 2384 4370 1107 2403 4371 1162 2400 4372 1164 2404 4373 1110 2405 4374 1112 2406 4375 1155 2407 4376 1143 2390 4377 1110 2405 4378 1154 2408 4379 1108 2409 4380 1164 2410 4381 1165 2384 4382 1112 2406 4383 1111 2411 4384 1156 2412 4385 1144 2373 4386 1149 2413 4387 1157 2379 4388 1094 2414 4389 1150 2389 4390 1147 2397 4391 1111 2415 4392 1109 2352 4393 1157 2379 4394 1173 2416 4395 1169 2416 4396 1170 2416 4397 1223 2417 4398 1171 2418 4399 1170 2419 4400 1171 2420 4401 1223 2421 4402 1225 2422 4403 1222 2423 4404 1224 2424 4405 1170 2425 4406 1168 2426 4407 1236 2427 4408 1237 2428 4409 1182 2429 4410 1184 2430 4411 1175 2431 4412 1176 2432 4413 1183 2433 4414 1185 2434 4415 1184 2435 4416 1183 2436 4417 1176 2437 4418 1172 2438 4419 1181 2439 4420 1178 2440 4421 1172 2441 4422 1167 2442 4423 1179 2443 4424 1180 2444 4425 1166 2445 4426 1168 2446 4427 1178 2440 4428 1181 2439 4429 1183 2436 4430 1183 2433 4431 1181 2447 4432 1179 2443 4433 1180 2444 4434 1178 2448 4435 1184 2430 4436 1174 2449 4437 1175 2431 4438 1188 2450 4439 1187 2451 4440 1176 2432 4441 1177 2452 4442 1175 2453 4443 1176 2437 4444 1187 2454 4445 1193 2455 4446 1192 2456 4447 1190 2457 4448 1193 2458 4449 1197 2459 4450 1194 2460 4451 1193 2461 4452 1191 2462 4453 1195 2463 4454 1196 2464 4455 1190 2465 4456 1192 2466 4457 1201 2467 4458 1200 2468 4459 1198 2469 4460 1201 2470 4461 1205 2471 4462 1202 2472 4463 1201 2473 4464 1199 2474 4465 1203 2475 4466 1204 2476 4467 1198 2477 4468 1200 2478 4469 1209 2479 4470 1208 2480 4471 1206 2481 4472 1209 2482 4473 1213 2483 4474 1210 2484 4475 1209 2485 4476 1207 2486 4477 1211 2487 4478 1212 2488 4479 1206 2489 4480 1208 2490 4481 1217 2491 4482 1216 2492 4483 1214 2493 4484 1217 2494 4485 1221 2495 4486 1218 2496 4487 1217 2497 4488 1215 2498 4489 1219 2499 4490 1220 2500 4491 1214 2501 4492 1216 2502 4493 1228 2503 4494 1226 2504 4495 1224 2424 4496 1223 2421 4497 1229 2505 4498 1227 2506 4499 1229 2507 4500 1223 2417 4501 1224 2508 4502 1230 2509 4503 1233 2510 4504 1229 2507 4505 1229 2511 4506 1233 2512 4507 1231 2513 4508 1232 2514 4509 1230 2515 4510 1226 2516 4511 1186 2517 4512 1188 2450 4513 1230 2518 4514 1233 2519 4515 1187 2451 4516 1189 2520 4517 1188 2521 4518 1187 2454 4519 1233 2510 4520 1237 2522 4521 1236 2523 4522 1234 2524 4523 1166 2525 4524 1167 2526 4525 1235 2527 4526 1167 2442 4527 1172 2441 4528 1237 2528 4529 1166 2445 4530 1234 2529 4531 1236 2530 4532 1245 2531 4533 1249 2532 4534 1241 2532 4535 1246 2533 4536 1251 2534 4537 1250 2535 4538 1242 2536 4539 1253 2537 4540 1248 2538 4541 1247 2539 4542 1253 2540 4543 1252 2541 4544 1246 2542 4545 1239 2543 4546 1238 2544 4547 1247 2545 4548 1246 2542 4549 1238 2544 4550 1248 2538 4551 1238 2544 4552 1241 2546 4553 1242 2536 4554 1241 2546 4555 1249 2547 4556 1242 2536 4557 1246 2542 4558 1240 2548 4559 1252 2549 4560 1250 2550 4561 1244 2551 4562 1244 2551 4563 1251 2552 4564 1243 2553 4565 1252 2549 4566 1245 2531 4567 1239 2554 4568 1243 2553 4569 1245 2531 4570 1253 2555 4571 1252 2549 4572 1240 2556 4573 1247 2557 4574 1259 2558 4575 1291 2559 4576 1284 2560 4577 1261 2561 4578 1290 2562 4579 1269 2563 4580 1255 2564 4581 1274 2565 4582 1275 2566 4583 1254 2567 4584 1277 2568 4585 1256 2569 4586 1262 2570 4587 1277 2568 4588 1291 2559 4589 1254 2567 4590 1284 2560 4591 1276 2571 4592 1255 2564 4593 1285 2572 4594 1261 2561 4595 1269 2563 4596 1274 2565 4597 1257 2573 4598 1264 2574 4599 1289 2575 4600 1279 2576 4601 1267 2577 4602 1286 2578 4603 1266 2579 4604 1266 2579 4605 1290 2562 4606 1273 2580 4607 1263 2581 4608 1291 2559 4609 1289 2575 4610 1270 2582 4611 1291 2559 4612 1271 2583 4613 1272 2584 4614 1290 2562 4615 1285 2572 4616 1270 2582 4617 1279 2576 4618 1284 2560 4619 1272 2584 4620 1280 2585 4621 1267 2577 4622 1281 2586 4623 1287 2587 4624 1265 2588 4625 1278 2589 4626 1288 2590 4627 1289 2575 4628 1282 2591 4629 1286 2578 4630 1281 2586 4631 1283 2592 4632 1289 2575 4633 1291 2559 4634 1265 2588 4635 1292 2593 4636 1260 2594 4637 1268 2595 4638 1293 2596 4639 1288 2590 4640 1282 2591 4641 1292 2593 4642 1290 2562 4643 1283 2592 4644 1293 2596 4645 1258 2597 4646 1254 2567 4647 1261 2598 4648 1259 2558 4649 1262 2599 4650 1261 2600 4651 1269 1432 4652 1269 2563 4653 1256 2601 4654 1262 2602 4655 1271 2603 4656 1266 2579 4657 1273 2580 4658 1270 2582 4659 1267 2604 4660 1264 2574 4661 1263 2605 4662 1267 2606 4663 1266 2607 4664 1281 2608 4665 1283 2592 4666 1282 2609 4667 1281 2610 4668 1268 2611 4669 1278 1432 4670 1258 2612 4671 1265 2588 4672 1260 2594 4673 1293 2613 4674 1290 2614 4675 1292 2615 4676 1277 2568 4677 1290 2616 4678 1291 2559 4679 1277 2617 4680 1275 2618 4681 1274 2619 4682 1287 2620 4683 1293 2596 4684 1292 2621 4685 1285 2572 4686 1276 2622 4687 1284 2623 4688 1280 2585 4689 1284 2623 4690 1279 2624 4691 1297 2625 4692 1299 2626 4693 1298 2627 4694 1296 2628 4695 1299 2629 4696 1300 2630 4697 1300 2631 4698 1301 2632 4699 1295 2633 4700 1297 2634 4701 1296 2635 4702 1294 2636 4703 1300 2637 4704 1294 2638 4705 1296 2639 4706 1309 2640 4707 1306 2641 4708 1305 2642 4709 1304 2643 4710 1307 2644 4711 1308 2645 4712 1307 2646 4713 1303 2647 4714 1308 2648 4715 1302 2649 4716 1306 2650 4717 1304 2651 4718 1304 2652 4719 1303 2653 4720 1302 2654 4721 1313 2655 4722 1315 2656 4723 1314 2657 4724 1312 2658 4725 1315 2659 4726 1316 2660 4727 1316 2661 4728 1317 2662 4729 1311 2663 4730 1313 2664 4731 1312 2665 4732 1310 2666 4733 1316 2667 4734 1310 2668 4735 1312 2669 4736 1325 2670 4737 1322 2671 4738 1321 2672 4739 1320 2673 4740 1323 2674 4741 1324 2675 4742 1323 2676 4743 1319 2677 4744 1324 2678 4745 1318 2679 4746 1322 2680 4747 1320 2681 4748 1320 2682 4749 1319 2683 4750 1318 2684 4751 1329 2685 4752 1331 2686 4753 1330 2687 4754 1328 2688 4755 1331 2689 4756 1332 2690 4757 1332 2691 4758 1333 2692 4759 1327 2693 4760 1329 2694 4761 1328 2695 4762 1326 2696 4763 1332 2697 4764 1326 2698 4765 1328 2699 4766 1341 2700 4767 1338 2701 4768 1337 2702 4769 1336 2703 4770 1339 2704 4771 1340 2705 4772 1339 2706 4773 1335 2707 4774 1340 2708 4775 1334 2709 4776 1338 2710 4777 1336 2711 4778 1336 2712 4779 1335 2713 4780 1334 2714 4781 1345 2715 4782 1347 2716 4783 1346 2717 4784 1344 2718 4785 1347 2719 4786 1348 2720 4787 1348 2721 4788 1349 2722 4789 1343 2723 4790 1345 2724 4791 1344 2725 4792 1342 2726 4793 1348 2727 4794 1342 2728 4795 1344 2729 4796 1357 2730 4797 1354 2731 4798 1353 2732 4799 1352 2733 4800 1355 2734 4801 1356 2735 4802 1355 2736 4803 1351 2737 4804 1356 2738 4805 1350 2739 4806 1354 2740 4807 1352 2741 4808 1352 2742 4809 1351 2743 4810 1350 2744 4811 1361 2745 4812 1363 2746 4813 1362 2747 4814 1360 2748 4815 1363 2749 4816 1364 2750 4817 1364 2751 4818 1365 2752 4819 1359 2753 4820 1361 2754 4821 1360 2755 4822 1358 2756 4823 1364 2757 4824 1358 2758 4825 1360 2759 4826 1373 2760 4827 1370 2761 4828 1369 2762 4829 1368 2763 4830 1371 2764 4831 1372 2765 4832 1371 2766 4833 1367 2767 4834 1372 2768 4835 1366 2769 4836 1370 2770 4837 1368 2771 4838 1368 2772 4839 1367 2773 4840 1366 2774 4841 1379 2775 4842 1404 2776 4843 1411 2777 4844 1381 2778 4845 1389 2779 4846 1410 2780 4847 1375 2781 4848 1395 2782 4849 1394 2783 4850 1374 2784 4851 1376 2785 4852 1397 2786 4853 1376 2785 4854 1382 2787 4855 1411 2777 4856 1379 2775 4857 1374 2784 4858 1396 2788 4859 1381 2778 4860 1405 2789 4861 1395 2782 4862 1377 2790 4863 1394 2783 4864 1410 2780 4865 1384 2791 4866 1399 2792 4867 1409 2793 4868 1387 2794 4869 1386 2795 4870 1406 2796 4871 1393 2797 4872 1410 2780 4873 1406 2796 4874 1391 2798 4875 1383 2799 4876 1409 2793 4877 1390 2800 4878 1391 2798 4879 1411 2777 4880 1392 2801 4881 1405 2789 4882 1410 2780 4883 1384 2791 4884 1390 2800 4885 1404 2776 4886 1387 2794 4887 1400 2802 4888 1405 2789 4889 1401 2803 4890 1385 2804 4891 1407 2805 4892 1398 2806 4893 1409 2793 4894 1408 2807 4895 1401 2803 4896 1406 2796 4897 1410 2780 4898 1398 2806 4899 1403 2808 4900 1411 2777 4901 1380 2809 4902 1412 2810 4903 1407 2805 4904 1378 2811 4905 1388 2812 4906 1408 2807 4907 1402 2813 4908 1410 2780 4909 1412 2810 4910 1403 2808 4911 1378 2811 4912 1413 2814 4913 1374 2815 4914 1379 2816 4915 1381 2778 4916 1379 2817 4917 1382 2818 4918 1389 2819 4919 1389 2820 4920 1382 2787 4921 1376 2785 4922 1391 2798 4923 1393 2821 4924 1386 2822 4925 1390 2823 4926 1384 2824 4927 1387 2794 4928 1384 2825 4929 1383 2826 4930 1386 2827 4931 1401 2803 4932 1402 2813 4933 1403 2828 4934 1385 2829 4935 1401 2830 4936 1398 2831 4937 1378 2811 4938 1380 2832 4939 1385 2833 4940 1412 2834 4941 1410 2835 4942 1411 2836 4943 1397 2837 4944 1411 2838 4945 1410 2780 4946 1394 2839 4947 1395 2840 4948 1396 2841 4949 1407 2805 4950 1412 2810 4951 1413 2842 4952 1405 2843 4953 1404 2776 4954 1396 2788 4955 1400 2844 4956 1399 2792 4957 1404 2776 4958 1417 2845 4959 1419 2846 4960 1418 2847 4961 1416 2848 4962 1419 2849 4963 1420 2850 4964 1420 2851 4965 1421 2852 4966 1415 2853 4967 1417 2854 4968 1416 2855 4969 1414 2856 4970 1420 2857 4971 1414 2858 4972 1416 2859 4973 1429 2860 4974 1426 2861 4975 1425 2862 4976 1424 2863 4977 1427 2864 4978 1428 2865 4979 1427 2866 4980 1423 2867 4981 1428 2868 4982 1422 2869 4983 1426 2870 4984 1424 2871 4985 1424 2872 4986 1423 2873 4987 1422 2874 4988 1441 2875 4989 1434 2876 4990 1439 2877 4991 1458 2878 4992 1435 2879 4993 1457 2880 4994 1461 2881 4995 1437 2882 4996 1459 2883 4997 1439 2884 4998 1458 2885 4999 1460 2886 5000 1431 2887 5001 1443 2888 5002 1442 2889 5003 1432 2890 5004 1440 2891 5005 1438 2892 5006 1433 2893 5007 1460 2886 5008 1456 2894 5009 1457 2895 5010 1441 2875 5011 1461 2881 5012 1433 2896 5013 1448 2897 5014 1445 2898 5015 1446 2899 5016 1465 2900 5017 1449 2901 5018 1448 2902 5019 1444 2903 5020 1445 2904 5021 1431 2905 5022 1446 2906 5023 1440 2907 5024 1440 2908 5025 1449 2901 5026 1438 2909 5027 1430 2910 5028 1449 2911 5029 1443 2912 5030 1441 2875 5031 1448 2902 5032 1437 2882 5033 1439 2913 5034 1447 2914 5035 1441 1432 5036 1439 2884 5037 1445 2915 5038 1444 2915 5039 1436 2916 5040 1455 2917 5041 1440 2907 5042 1450 2918 5043 1438 2892 5044 1430 2910 5045 1454 2919 5046 1432 2890 5047 1438 2892 5048 1440 2907 5049 1453 2920 5050 1431 2905 5051 1432 2921 5052 1452 2922 5053 1436 1432 5054 1452 2923 5055 1461 2881 5056 1455 2917 5057 1460 2886 5058 1451 2924 5059 1454 2919 5060 1451 2925 5061 1457 2880 5062 1452 2922 5063 1465 2926 5064 1462 2927 5065 1463 2928 5066 1446 2906 5067 1462 2927 5068 1464 2929 5069 1442 2889 5070 1463 2930 5071 1462 2931 5072 1449 2911 5073 1463 2932 5074 1443 2912 5075 1471 2933 5076 1468 2934 5077 1467 2935 5078 1466 2936 5079 1469 2937 5080 1470 2938 5081 1467 2939 5082 1468 2939 5083 1466 2939 5084 1471 2940 5085 1470 2940 5086 1469 2940 5087 1477 2941 5088 1474 2942 5089 1473 2943 5090 1472 2944 5091 1475 2945 5092 1476 2946 5093 1473 2947 5094 1474 2947 5095 1472 2947 5096 1477 2948 5097 1476 2948 5098 1475 2948 5099 1483 2949 5100 1480 2950 5101 1479 2951 5102 1478 2952 5103 1481 2953 5104 1482 2954 5105 1479 2955 5106 1480 2955 5107 1478 2955 5108 1483 2956 5109 1482 2956 5110 1481 2956 5111 1489 2957 5112 1486 2958 5113 1485 2959 5114 1484 2960 5115 1487 2961 5116 1488 2962 5117 1485 2963 5118 1486 2963 5119 1484 2963 5120 1489 2964 5121 1488 2964 5122 1487 2964 5123 1490 2965 5124 1517 2966 5125 1533 2967 5126 1495 2968 5127 1523 2969 5128 1493 2970 5129 1525 2971 5130 1533 2967 5131 1526 2972 5132 1530 2973 5133 1494 2974 5134 1492 2975 5135 1518 2976 5136 1516 2977 5137 1517 2966 5138 1519 2978 5139 1520 2979 5140 1516 2977 5141 1521 2980 5142 1522 2981 5143 1520 2982 5144 1526 2972 5145 1524 2983 5146 1525 2971 5147 1527 2984 5148 1528 2985 5149 1524 2983 5150 1529 2986 5151 1530 2987 5152 1528 2988 5153 1506 2989 5154 1517 2990 5155 1516 2991 5156 1503 2992 5157 1518 2993 5158 1501 2994 5159 1507 2995 5160 1516 2991 5161 1520 2996 5162 1502 2997 5163 1519 2998 5164 1503 2992 5165 1505 2999 5166 1520 2996 5167 1522 3000 5168 1500 3001 5169 1521 3002 5170 1502 2997 5171 1498 3003 5172 1525 3004 5173 1524 3005 5174 1511 3006 5175 1526 3007 5176 1509 3008 5177 1499 3009 5178 1524 3005 5179 1528 3010 5180 1510 3011 5181 1527 3012 5182 1511 3006 5183 1497 3013 5184 1528 3010 5185 1530 2973 5186 1508 3014 5187 1529 3015 5188 1510 3011 5189 1497 3013 5190 1492 2975 5191 1513 3016 5192 1508 3014 5193 1494 3017 5194 1531 3018 5195 1496 3019 5196 1490 3020 5197 1525 3004 5198 1509 3008 5199 1533 3021 5200 1491 3022 5201 1491 3022 5202 1517 2990 5203 1504 3023 5204 1532 3024 5205 1518 2993 5206 1490 3020 5207 1500 3001 5208 1493 3025 5209 1523 3026 5210 1505 2999 5211 1495 2968 5212 1515 3027 5213 1512 3028 5214 1497 3029 5215 1513 3030 5216 1500 3001 5217 1515 3031 5218 1514 3032 5219 1497 3033 5220 1510 3034 5221 1499 3035 5222 1505 3036 5223 1502 3037 5224 1507 3038 5225 1599 3039 5226 1568 3040 5227 1563 3041 5228 1553 3042 5229 1576 3043 5230 1554 3044 5231 1600 3045 5232 1555 3046 5233 1538 3047 5234 1597 3048 5235 1558 3049 5236 1594 3050 5237 1558 3051 5238 1595 3052 5239 1594 3053 5240 1559 3054 5241 1596 3055 5242 1595 3056 5243 1597 3048 5244 1545 3057 5245 1598 3058 5246 1598 3058 5247 1543 3059 5248 1599 3039 5249 1600 3045 5250 1539 3060 5251 1601 3061 5252 1539 3060 5253 1602 3062 5254 1601 3061 5255 1556 3063 5256 1604 3064 5257 1603 3065 5258 1557 3066 5259 1605 3067 5260 1604 3068 5261 1602 3062 5262 1535 3069 5263 1596 3055 5264 1583 3070 5265 1558 3071 5266 1582 3072 5267 1583 3070 5268 1560 3073 5269 1559 3074 5270 1586 3075 5271 1561 3076 5272 1585 3077 5273 1587 3078 5274 1561 3076 5275 1563 3079 5276 1589 3080 5277 1564 3081 5278 1588 3082 5279 1590 3083 5280 1564 3081 5281 1566 3084 5282 1591 3085 5283 1568 3086 5284 1567 3087 5285 1591 3088 5286 1569 3089 5287 1593 3090 5288 1584 3091 5289 1566 3084 5290 1560 3073 5291 1582 3072 5292 1562 3092 5293 1586 3075 5294 1593 3090 5295 1565 3093 5296 1589 3080 5297 1592 3094 5298 1563 3079 5299 1568 3086 5300 1546 3095 5301 1573 3096 5302 1574 3097 5303 1541 3098 5304 1574 3097 5305 1570 3099 5306 1551 3100 5307 1580 3101 5308 1549 3102 5309 1548 3103 5310 1575 3104 5311 1573 3096 5312 1552 3105 5313 1581 3106 5314 1550 3107 5315 1542 3108 5316 1570 3109 5317 1571 3110 5318 1550 3111 5319 1579 3112 5320 1551 3113 5321 1554 3044 5322 1577 3114 5323 1552 3105 5324 1549 3102 5325 1575 3104 5326 1547 3115 5327 1540 3116 5328 1571 3117 5329 1572 3118 5330 1553 3042 5331 1572 3118 5332 1578 3119 5333 1549 3120 5334 1587 3121 5335 1592 3122 5336 1550 3123 5337 1589 3124 5338 1552 3125 5339 1541 3126 5340 1586 3127 5341 1546 3128 5342 1540 3129 5343 1590 3130 5344 1584 3131 5345 1551 3132 5346 1593 3090 5347 1550 3123 5348 1551 3133 5349 1592 3122 5350 1591 3134 5351 1553 3135 5352 1588 3136 5353 1590 3130 5354 1552 3125 5355 1588 3136 5356 1554 3137 5357 1547 3138 5358 1585 3139 5359 1587 3121 5360 1546 3128 5361 1585 3139 5362 1548 3140 5363 1542 3141 5364 1584 3131 5365 1583 3142 5366 1542 3143 5367 1582 3072 5368 1541 3126 5369 1566 3144 5370 1596 3055 5371 1560 3145 5372 1604 3068 5373 1569 3146 5374 1567 3147 5375 1603 3065 5376 1567 3148 5377 1568 3040 5378 1601 3061 5379 1566 3144 5380 1564 3149 5381 1565 3150 5382 1601 3061 5383 1564 3149 5384 1561 3151 5385 1599 3039 5386 1563 3041 5387 1562 3152 5388 1598 3058 5389 1561 3151 5390 1595 3056 5391 1535 3069 5392 1536 3153 5393 1594 3053 5394 1536 3154 5395 1534 3155 5396 1544 3156 5397 1594 3050 5398 1534 3157 5399 1565 3150 5400 1605 3158 5401 1600 3045 5402 1543 3059 5403 1603 3065 5404 1599 3039 5405 1671 3159 5406 1640 3160 5407 1635 3161 5408 1625 3162 5409 1648 3163 5410 1626 3164 5411 1681 3165 5412 1627 3166 5413 1610 3167 5414 1669 3168 5415 1630 3169 5416 1666 3170 5417 1630 3171 5418 1667 3172 5419 1666 3173 5420 1631 3174 5421 1668 3175 5422 1667 3176 5423 1680 3177 5424 1617 3178 5425 1684 3179 5426 1684 3179 5427 1615 3180 5428 1685 3181 5429 1681 3165 5430 1611 3182 5431 1686 3183 5432 1611 3182 5433 1687 3184 5434 1686 3183 5435 1628 3185 5436 1688 3186 5437 1682 3187 5438 1629 3188 5439 1689 3189 5440 1688 3190 5441 1687 3184 5442 1607 3191 5443 1679 3192 5444 1655 3193 5445 1630 3194 5446 1654 3195 5447 1655 3193 5448 1632 3196 5449 1631 3197 5450 1658 3198 5451 1633 3199 5452 1657 3200 5453 1659 3201 5454 1633 3199 5455 1635 3202 5456 1661 3203 5457 1636 3204 5458 1660 3205 5459 1662 3206 5460 1636 3204 5461 1638 3207 5462 1663 3208 5463 1640 3209 5464 1639 3210 5465 1663 3211 5466 1641 3212 5467 1665 3213 5468 1656 3214 5469 1638 3207 5470 1632 3196 5471 1654 3195 5472 1634 3215 5473 1658 3198 5474 1665 3213 5475 1637 3216 5476 1661 3203 5477 1664 3217 5478 1635 3202 5479 1640 3209 5480 1618 3218 5481 1645 3219 5482 1646 3220 5483 1613 3221 5484 1646 3220 5485 1642 3222 5486 1623 3223 5487 1652 3224 5488 1621 3225 5489 1619 3226 5490 1645 3219 5491 1620 3227 5492 1624 3228 5493 1653 3229 5494 1622 3230 5495 1614 3231 5496 1642 3232 5497 1643 3233 5498 1622 3234 5499 1651 3235 5500 1623 3236 5501 1626 3164 5502 1649 3237 5503 1624 3228 5504 1621 3225 5505 1647 3238 5506 1619 3226 5507 1612 3239 5508 1643 3240 5509 1644 3241 5510 1625 3162 5511 1644 3241 5512 1650 3242 5513 1621 3243 5514 1659 3244 5515 1664 3245 5516 1622 3246 5517 1661 3247 5518 1624 3248 5519 1613 3249 5520 1658 3250 5521 1618 3251 5522 1612 3252 5523 1662 3253 5524 1656 3254 5525 1623 3255 5526 1665 3213 5527 1622 3246 5528 1623 3256 5529 1664 3245 5530 1663 3257 5531 1625 3258 5532 1660 3259 5533 1662 3253 5534 1624 3248 5535 1660 3259 5536 1626 3260 5537 1619 3261 5538 1657 3262 5539 1659 3244 5540 1618 3251 5541 1657 3262 5542 1620 3263 5543 1614 3264 5544 1656 3254 5545 1655 3265 5546 1614 3266 5547 1654 3195 5548 1613 3249 5549 1638 3267 5550 1668 3175 5551 1632 3268 5552 1676 3269 5553 1641 3270 5554 1639 3271 5555 1675 3272 5556 1639 3273 5557 1640 3160 5558 1673 3274 5559 1638 3267 5560 1636 3275 5561 1637 3276 5562 1673 3274 5563 1636 3275 5564 1633 3277 5565 1671 3159 5566 1635 3161 5567 1634 3278 5568 1670 3279 5569 1633 3277 5570 1667 3176 5571 1679 3192 5572 1678 3280 5573 1683 3281 5574 1667 3172 5575 1678 3282 5576 1680 3177 5577 1666 3170 5578 1683 3283 5579 1637 3276 5580 1677 3284 5581 1672 3285 5582 1685 3181 5583 1675 3272 5584 1671 3159 5585 1615 3180 5586 1682 3187 5587 1685 3181 5588 1606 3286 5589 1693 3287 5590 1683 3288 5591 1606 3289 5592 1678 3282 5593 1608 3290 5594 1678 3280 5595 1607 3191 5596 1608 3291 5597 1674 3292 5598 1679 3192 5599 1668 3175 5600 1688 3190 5601 1677 3293 5602 1676 3269 5603 1682 3187 5604 1676 3294 5605 1675 3272 5606 1686 3183 5607 1674 3292 5608 1673 3274 5609 1672 3285 5610 1686 3183 5611 1673 3274 5612 1670 3279 5613 1685 3181 5614 1671 3159 5615 1669 3168 5616 1684 3179 5617 1670 3279 5618 1672 3285 5619 1689 3295 5620 1681 3165 5621 1691 3296 5622 1693 3287 5623 1692 3297 5624 1680 3298 5625 1691 3299 5626 1616 3300 5627 1691 3296 5628 3399 3301 5629 3400 3302 5630 1699 3303 5631 1696 3304 5632 1695 3305 5633 1694 3306 5634 1697 3307 5635 1698 3308 5636 1699 3309 5637 1694 3310 5638 1698 3311 5639 1695 3312 5640 1696 3312 5641 1694 3312 5642 1699 3313 5643 1698 3313 5644 1697 3313 5645 1711 3314 5646 1704 3315 5647 1710 3316 5648 1710 3317 5649 1702 3318 5650 1709 3319 5651 1705 3320 5652 1707 3321 5653 1703 3322 5654 1700 3323 5655 1708 3324 5656 1705 3325 5657 1708 3326 5658 1709 3319 5659 1707 3321 5660 1706 3327 5661 1710 3316 5662 1708 3324 5663 1717 3328 5664 1714 3329 5665 1713 3330 5666 1712 3331 5667 1715 3332 5668 1716 3333 5669 1717 3334 5670 1712 3335 5671 1716 3336 5672 1713 3337 5673 1714 3337 5674 1712 3337 5675 1717 3338 5676 1716 3338 5677 1715 3338 5678 1723 3339 5679 1720 3340 5680 1719 3341 5681 1718 3342 5682 1721 3343 5683 1722 3344 5684 1723 3345 5685 1718 3346 5686 1722 3347 5687 1719 3348 5688 1720 3348 5689 1718 3348 5690 1723 3349 5691 1722 3349 5692 1721 3349 5693 1729 3350 5694 1726 3351 5695 1725 3352 5696 1724 3353 5697 1727 3354 5698 1728 3355 5699 1729 3356 5700 1724 3357 5701 1728 3358 5702 1725 3359 5703 1726 3359 5704 1724 3359 5705 1729 3360 5706 1728 3360 5707 1727 3360 5708 1735 3361 5709 1732 3362 5710 1731 3363 5711 1730 3364 5712 1733 3365 5713 1734 3366 5714 1735 3367 5715 1730 3368 5716 1734 3369 5717 1731 3370 5718 1732 3370 5719 1730 3370 5720 1735 3371 5721 1734 3371 5722 1733 3371 5723 1741 3372 5724 1738 3373 5725 1737 3374 5726 1736 3375 5727 1739 3376 5728 1740 3377 5729 1741 3378 5730 1736 3379 5731 1740 3380 5732 1737 3381 5733 1738 3381 5734 1736 3381 5735 1741 3382 5736 1740 3382 5737 1739 3382 5738 1753 3383 5739 1746 3384 5740 1752 3385 5741 1752 3386 5742 1744 3387 5743 1751 3388 5744 1747 3389 5745 1749 3390 5746 1745 3391 5747 1742 3392 5748 1750 3393 5749 1747 3394 5750 1750 3395 5751 1751 3388 5752 1749 3390 5753 1748 3396 5754 1752 3385 5755 1750 3393 5756 1765 3397 5757 1758 3398 5758 1764 3399 5759 1764 3400 5760 1756 3401 5761 1763 3402 5762 1759 3403 5763 1761 3404 5764 1757 3405 5765 1754 3406 5766 1762 3407 5767 1759 3408 5768 1762 3409 5769 1763 3402 5770 1761 3404 5771 1760 3410 5772 1764 3399 5773 1762 3407 5774 1777 3411 5775 1770 3412 5776 1776 3413 5777 1776 3414 5778 1768 3415 5779 1775 3416 5780 1771 3417 5781 1773 3418 5782 1769 3419 5783 1766 3420 5784 1774 3421 5785 1771 3422 5786 1774 3423 5787 1775 3416 5788 1773 3418 5789 1772 3424 5790 1776 3413 5791 1774 3421 5792 1789 3425 5793 1782 3426 5794 1788 3427 5795 1788 3428 5796 1780 3429 5797 1787 3430 5798 1783 3431 5799 1785 3432 5800 1781 3433 5801 1778 3434 5802 1786 3435 5803 1783 3436 5804 1786 3437 5805 1787 3430 5806 1785 3432 5807 1784 3438 5808 1788 3427 5809 1786 3435 5810 1801 3439 5811 1794 3440 5812 1800 3441 5813 1800 3442 5814 1792 3443 5815 1799 3444 5816 1795 3445 5817 1797 3446 5818 1793 3447 5819 1790 3448 5820 1798 3449 5821 1795 3450 5822 1798 3451 5823 1799 3444 5824 1797 3446 5825 1796 3452 5826 1800 3441 5827 1798 3449 5828 1813 3453 5829 1806 3454 5830 1812 3455 5831 1812 3456 5832 1804 3457 5833 1811 3458 5834 1807 3459 5835 1809 3460 5836 1805 3461 5837 1802 3462 5838 1810 3463 5839 1807 3464 5840 1810 3465 5841 1811 3458 5842 1809 3460 5843 1808 3466 5844 1812 3455 5845 1810 3463 5846 1825 3467 5847 1818 3468 5848 1824 3469 5849 1824 3470 5850 1816 3471 5851 1823 3472 5852 1819 3473 5853 1821 3474 5854 1817 3475 5855 1814 3476 5856 1822 3477 5857 1819 3478 5858 1822 3479 5859 1823 3472 5860 1821 3474 5861 1820 3480 5862 1824 3469 5863 1822 3477 5864 1837 3481 5865 1830 3482 5866 1836 3483 5867 1836 3484 5868 1828 3485 5869 1835 3486 5870 1831 3487 5871 1833 3488 5872 1829 3489 5873 1826 3490 5874 1834 3491 5875 1831 3492 5876 1834 3493 5877 1835 3486 5878 1833 3488 5879 1832 3494 5880 1836 3483 5881 1834 3491 5882 1849 3495 5883 1842 3496 5884 1848 3497 5885 1848 3498 5886 1840 3499 5887 1847 3500 5888 1843 3501 5889 1845 3502 5890 1841 3503 5891 1838 3504 5892 1846 3505 5893 1843 3506 5894 1846 3507 5895 1847 3500 5896 1845 3502 5897 1844 3508 5898 1848 3497 5899 1846 3505 5900 1861 3509 5901 1854 3510 5902 1860 3511 5903 1860 3512 5904 1852 3513 5905 1859 3514 5906 1855 3515 5907 1857 3516 5908 1853 3517 5909 1850 3518 5910 1858 3519 5911 1855 3520 5912 1858 3521 5913 1859 3514 5914 1857 3516 5915 1856 3522 5916 1860 3511 5917 1858 3519 5918 1873 3523 5919 1866 3524 5920 1872 3525 5921 1872 3526 5922 1864 3527 5923 1871 3528 5924 1867 3529 5925 1869 3530 5926 1865 3531 5927 1862 3532 5928 1870 3533 5929 1867 3534 5930 1870 3535 5931 1871 3528 5932 1869 3530 5933 1868 3536 5934 1872 3525 5935 1870 3533 5936 1885 3537 5937 1878 3538 5938 1884 3539 5939 1884 3540 5940 1876 3541 5941 1883 3542 5942 1879 3543 5943 1881 3544 5944 1877 3545 5945 1874 3546 5946 1882 3547 5947 1879 3548 5948 1882 3549 5949 1883 3542 5950 1881 3544 5951 1880 3550 5952 1884 3539 5953 1882 3547 5954 1897 3551 5955 1890 3552 5956 1896 3553 5957 1896 3554 5958 1888 3555 5959 1895 3556 5960 1891 3557 5961 1893 3558 5962 1889 3559 5963 1886 3560 5964 1894 3561 5965 1891 3562 5966 1894 3563 5967 1895 3556 5968 1893 3558 5969 1892 3564 5970 1896 3553 5971 1894 3561 5972 1909 3565 5973 1902 3566 5974 1908 3567 5975 1908 3568 5976 1900 3569 5977 1907 3570 5978 1903 3571 5979 1905 3572 5980 1901 3573 5981 1898 3574 5982 1906 3575 5983 1903 3576 5984 1906 3577 5985 1907 3570 5986 1905 3572 5987 1904 3578 5988 1908 3567 5989 1906 3575 5990 1921 3579 5991 1914 3580 5992 1920 3581 5993 1920 3582 5994 1912 3583 5995 1919 3584 5996 1915 3585 5997 1917 3586 5998 1913 3587 5999 1910 3588 6000 1918 3589 6001 1915 3590 6002 1918 3591 6003 1919 3584 6004 1917 3586 6005 1916 3592 6006 1920 3581 6007 1918 3589 6008 1933 3593 6009 1926 3594 6010 1932 3595 6011 1932 3596 6012 1924 3597 6013 1931 3598 6014 1927 3599 6015 1929 3600 6016 1925 3601 6017 1922 3602 6018 1930 3603 6019 1927 3604 6020 1930 3605 6021 1931 3598 6022 1929 3600 6023 1928 3606 6024 1932 3595 6025 1930 3603 6026 1945 3607 6027 1938 3608 6028 1944 3609 6029 1944 3610 6030 1936 3611 6031 1943 3612 6032 1939 3613 6033 1941 3614 6034 1937 3615 6035 1934 3616 6036 1942 3617 6037 1939 3618 6038 1942 3619 6039 1943 3612 6040 1941 3614 6041 1940 3620 6042 1944 3609 6043 1942 3617 6044 1957 3621 6045 1950 3622 6046 1956 3623 6047 1956 3624 6048 1948 3625 6049 1955 3626 6050 1951 3627 6051 1953 3628 6052 1949 3629 6053 1946 3630 6054 1954 3631 6055 1951 3632 6056 1954 3633 6057 1955 3626 6058 1953 3628 6059 1952 3634 6060 1956 3623 6061 1954 3631 6062 1969 3635 6063 1962 3636 6064 1968 3637 6065 1968 3638 6066 1960 3639 6067 1967 3640 6068 1963 3641 6069 1965 3642 6070 1961 3643 6071 1958 3644 6072 1966 3645 6073 1963 3646 6074 1966 3647 6075 1967 3640 6076 1965 3642 6077 1964 3648 6078 1968 3637 6079 1966 3645 6080 1981 3649 6081 1974 3650 6082 1980 3651 6083 1980 3652 6084 1972 3653 6085 1979 3654 6086 1975 3655 6087 1977 3656 6088 1973 3657 6089 1970 3658 6090 1978 3659 6091 1975 3660 6092 1978 3661 6093 1979 3654 6094 1977 3656 6095 1976 3662 6096 1980 3651 6097 1978 3659 6098 1987 3663 6099 1984 3664 6100 1983 3665 6101 1986 3666 6102 1984 3667 6103 1985 3668 6104 1986 3669 6105 1983 3670 6106 1982 3671 6107 1983 3672 6108 1984 3672 6109 1982 3672 6110 1987 3673 6111 1986 3673 6112 1985 3673 6113 1993 3674 6114 1990 3675 6115 1989 3676 6116 1992 3677 6117 1990 3678 6118 1991 3679 6119 1992 3680 6120 1989 3681 6121 1988 3682 6122 1989 3683 6123 1990 3683 6124 1988 3683 6125 1993 3684 6126 1992 3684 6127 1991 3684 6128 1999 3685 6129 1996 3686 6130 1995 3687 6131 1994 3688 6132 1997 3689 6133 1998 3690 6134 1999 3691 6135 1994 3692 6136 1998 3693 6137 1995 3694 6138 1996 3694 6139 1994 3694 6140 1999 3695 6141 1998 3695 6142 1997 3695 6143 2005 3696 6144 2002 3697 6145 2001 3698 6146 2000 3699 6147 2003 3700 6148 2004 3701 6149 2005 3702 6150 2000 3703 6151 2004 3704 6152 2001 3705 6153 2002 3705 6154 2000 3705 6155 2005 3706 6156 2004 3706 6157 2003 3706 6158 2007 3707 6159 2009 3708 6160 2008 3709 6161 2010 3710 6162 2008 3711 6163 2009 3712 6164 2007 3713 6165 2008 3713 6166 2006 3713 6167 2011 3714 6168 2010 3714 6169 2009 3714 6170 2031 3715 6171 2085 3716 6172 2030 3717 6173 2013 3718 6174 2040 3719 6175 2014 3720 6176 2019 3721 6177 2059 3722 6178 2017 3723 6179 2061 3724 6180 2014 3720 6181 2045 3725 6182 2063 3726 6183 2018 3727 6184 2016 3728 6185 2029 3729 6186 2075 3730 6187 2088 3731 6188 2030 3717 6189 2086 3732 6190 2028 3733 6191 2016 3728 6192 2025 3734 6193 2055 3735 6194 2069 3736 6195 2080 3737 6196 2075 3730 6197 2048 3738 6198 2017 3723 6199 2067 3739 6200 2049 3740 6201 2068 3741 6202 2015 3742 6203 2024 3743 6204 2053 3744 6205 2026 3745 6206 2026 3745 6207 2054 3746 6208 2027 3747 6209 2027 3747 6210 2055 3735 6211 2025 3734 6212 2056 3748 6213 2042 3749 6214 2040 3719 6215 2057 3750 6216 2043 3751 6217 2042 3749 6218 2058 3752 6219 2041 3753 6220 2043 3751 6221 2045 3725 6222 2060 3754 6223 2061 3724 6224 2047 3755 6225 2062 3756 6226 2060 3754 6227 2046 3757 6228 2063 3726 6229 2062 3756 6230 2065 3758 6231 2051 3759 6232 2064 3760 6233 2064 3760 6234 2050 3761 6235 2066 3762 6236 2066 3762 6237 2048 3738 6238 2067 3739 6239 2015 3742 6240 2052 3763 6241 2024 3743 6242 2023 3764 6243 2052 3765 6244 2021 3766 6245 2022 3767 6246 2053 3768 6247 2023 3764 6248 2020 3769 6249 2054 3770 6250 2022 3767 6251 2039 3771 6252 2056 3772 6253 2037 3773 6254 2038 3774 6255 2057 3775 6256 2039 3771 6257 2036 3776 6258 2058 3777 6259 2038 3774 6260 2030 3778 6261 2061 3779 6262 2060 3780 6263 2031 3781 6264 2060 3780 6265 2062 3782 6266 2029 3783 6267 2062 3782 6268 2063 3726 6269 2034 3784 6270 2065 3785 6271 2064 3786 6272 2035 3787 6273 2064 3786 6274 2066 3788 6275 2033 3789 6276 2066 3788 6277 2067 3790 6278 2021 3766 6279 2068 3791 6280 2012 3792 6281 2020 3769 6282 2016 3728 6283 2055 3735 6284 2029 3783 6285 2016 3728 6286 2069 3793 6287 2028 3794 6288 2013 3795 6289 2061 3779 6290 2032 3796 6291 2068 3791 6292 2065 3785 6293 2033 3789 6294 2017 3797 6295 2071 3798 6296 2037 3773 6297 2013 3795 6298 2070 3799 6299 2036 3776 6300 2017 3797 6301 2059 3800 6302 2081 3801 6303 2084 3802 6304 2082 3803 6305 2077 3804 6306 2074 3805 6307 2072 3806 6308 2090 3807 6309 2092 3808 6310 2072 3806 6311 2088 3809 6312 2072 3806 6313 2086 3810 6314 2023 3811 6315 2077 3812 6316 2078 3813 6317 2028 3733 6318 2073 3814 6319 2070 3815 6320 2029 3729 6321 2087 3816 6322 2031 3817 6323 2022 3818 6324 2078 3813 6325 2079 3819 6326 2012 1432 6327 2090 3820 6328 2074 1432 6329 2032 3821 6330 2089 3822 6331 2090 3820 6332 2020 3823 6333 2079 3824 6334 2080 3737 6335 2071 3798 6336 2092 3808 6337 2033 3789 6338 2034 3825 6339 2091 3826 6340 2089 3822 6341 2037 3827 6342 2082 3828 6343 2039 3829 6344 2070 3815 6345 2081 3830 6346 2037 3827 6347 2035 3787 6348 2092 3808 6349 2091 3831 6350 2039 3829 6351 2083 3832 6352 2038 3833 6353 2036 3776 6354 2076 3834 6355 2071 3798 6356 2021 3835 6357 2074 1432 6358 2077 3812 6359 2038 3774 6360 2084 3802 6361 2036 3776 6362 2098 3836 6363 2095 3837 6364 2094 3838 6365 2093 3839 6366 2096 3840 6367 2097 3841 6368 2094 3842 6369 2095 3842 6370 2093 3842 6371 2098 3843 6372 2097 3843 6373 2096 3843 6374 2100 3844 6375 2102 3845 6376 2101 3846 6377 2099 3847 6378 2102 3848 6379 2103 3849 6380 2104 3850 6381 2099 3851 6382 2103 3852 6383 2100 3853 6384 2101 3853 6385 2099 3853 6386 2104 3854 6387 2103 3854 6388 2102 3854 6389 2106 3855 6390 2108 3856 6391 2107 3857 6392 2109 3858 6393 2107 3859 6394 2108 3860 6395 2109 3861 6396 2106 3862 6397 2105 3863 6398 2106 3864 6399 2107 3864 6400 2105 3864 6401 2110 3865 6402 2109 3865 6403 2108 3865 6404 2116 3866 6405 2113 3867 6406 2112 3868 6407 2115 3869 6408 2113 3870 6409 2114 3871 6410 2115 3872 6411 2112 3873 6412 2111 3874 6413 2112 3875 6414 2113 3875 6415 2111 3875 6416 2116 3876 6417 2115 3876 6418 2114 3876 6419 2118 3877 6420 2120 3878 6421 2119 3879 6422 2117 3880 6423 2120 3881 6424 2121 3882 6425 2122 3883 6426 2117 3884 6427 2121 3885 6428 2118 3886 6429 2119 3886 6430 2117 3886 6431 2122 3887 6432 2121 3887 6433 2120 3887 6434 2128 3888 6435 2125 3889 6436 2124 3890 6437 2127 3891 6438 2125 3892 6439 2126 3893 6440 2127 3894 6441 2124 3895 6442 2123 3896 6443 2124 3897 6444 2125 3897 6445 2123 3897 6446 2128 3898 6447 2127 3898 6448 2126 3898 6449 2130 3899 6450 2132 3900 6451 2131 3901 6452 2129 3902 6453 2132 3903 6454 2133 3904 6455 2134 3905 6456 2129 3906 6457 2133 3907 6458 2130 3908 6459 2131 3908 6460 2129 3908 6461 2134 3909 6462 2133 3909 6463 2132 3909 6464 2153 3910 6465 2210 3911 6466 2208 3912 6467 2137 3913 6468 2179 3914 6469 2163 3915 6470 2140 3916 6471 2164 3917 6472 2182 3918 6473 2168 3919 6474 2136 3920 6475 2137 3913 6476 2167 3921 6477 2139 3922 6478 2186 3923 6479 2192 3924 6480 2211 3925 6481 2152 3926 6482 2151 3927 6483 2208 3912 6484 2209 3928 6485 2141 3929 6486 2178 3930 6487 2139 3922 6488 2143 3931 6489 2198 3932 6490 2192 3924 6491 2190 3933 6492 2142 3934 6493 2140 3916 6494 2138 3935 6495 2188 3936 6496 2191 3937 6497 2175 3938 6498 2149 3939 6499 2147 3940 6500 2176 3941 6501 2150 3942 6502 2149 3939 6503 2177 3943 6504 2148 3944 6505 2150 3942 6506 2163 3915 6507 2180 3945 6508 2165 3946 6509 2165 3946 6510 2181 3947 6511 2166 3948 6512 2166 3948 6513 2182 3918 6514 2164 3917 6515 2184 3949 6516 2170 3950 6517 2183 3951 6518 2183 3951 6519 2169 3952 6520 2185 3953 6521 2185 3953 6522 2167 3921 6523 2186 3923 6524 2172 3954 6525 2187 3955 6526 2188 3936 6527 2174 3956 6528 2189 3957 6529 2187 3955 6530 2173 3958 6531 2190 3933 6532 2189 3957 6533 2147 3940 6534 2191 3937 6535 2175 3938 6536 2146 3959 6537 2175 3960 6538 2144 3961 6539 2145 3962 6540 2176 3963 6541 2146 3959 6542 2143 3931 6543 2177 3964 6544 2145 3962 6545 2162 3965 6546 2179 3966 6547 2160 3967 6548 2161 3968 6549 2180 3969 6550 2162 3965 6551 2159 3970 6552 2181 3971 6553 2161 3968 6554 2153 3972 6555 2184 3973 6556 2183 3974 6557 2154 3975 6558 2183 3974 6559 2185 3976 6560 2152 3926 6561 2185 3976 6562 2186 3977 6563 2157 3978 6564 2188 3979 6565 2187 3980 6566 2158 3981 6567 2187 3980 6568 2189 3982 6569 2156 3983 6570 2189 3982 6571 2190 3933 6572 2144 3961 6573 2191 3984 6574 2135 3985 6575 2143 3931 6576 2139 3986 6577 2178 3987 6578 2152 3926 6579 2139 3986 6580 2192 3924 6581 2151 3988 6582 2136 3989 6583 2184 3973 6584 2155 3990 6585 2191 3984 6586 2188 3979 6587 2156 3983 6588 2140 3916 6589 2194 3991 6590 2160 3967 6591 2136 3989 6592 2193 3992 6593 2159 3970 6594 2140 3916 6595 2182 3918 6596 2204 3993 6597 2207 3994 6598 2205 3995 6599 2200 3996 6600 2197 3997 6601 2195 3998 6602 2213 3999 6603 2215 3995 6604 2195 3998 6605 2211 3925 6606 2195 3998 6607 2209 4000 6608 2144 4001 6609 2201 4002 6610 2146 4003 6611 2193 4004 6612 2209 3928 6613 2196 4005 6614 2154 4006 6615 2211 3925 6616 2210 4007 6617 2146 4003 6618 2202 4008 6619 2145 4009 6620 2155 4010 6621 2197 4011 6622 2135 4012 6623 2157 4013 6624 2213 4014 6625 2155 4010 6626 2145 4015 6627 2203 4016 6628 2143 3931 6629 2156 4017 6630 2199 4018 6631 2215 4019 6632 2158 4020 6633 2212 4021 6634 2157 4013 6635 2162 4022 6636 2204 4023 6637 2205 4024 6638 2160 4025 6639 2196 4005 6640 2204 4023 6641 2156 4017 6642 2214 4026 6643 2158 4027 6644 2161 4028 6645 2205 4024 6646 2206 4029 6647 2194 4030 6648 2207 4031 6649 2199 4018 6650 2135 4012 6651 2200 4032 6652 2144 4001 6653 2159 4033 6654 2206 4034 6655 2207 4031 6656 2234 4035 6657 2291 4036 6658 2289 4037 6659 2218 4038 6660 2260 4039 6661 2244 4040 6662 2221 4041 6663 2245 4042 6664 2263 4043 6665 2249 4044 6666 2217 4045 6667 2218 4038 6668 2248 4046 6669 2220 4047 6670 2267 4048 6671 2273 4049 6672 2292 4050 6673 2233 4051 6674 2232 4052 6675 2289 4037 6676 2290 4053 6677 2222 4054 6678 2259 4055 6679 2220 4047 6680 2224 4056 6681 2279 4057 6682 2273 4049 6683 2271 4058 6684 2223 4059 6685 2221 4041 6686 2219 4060 6687 2269 4061 6688 2272 4062 6689 2256 4063 6690 2230 4064 6691 2228 4065 6692 2257 4066 6693 2231 4067 6694 2230 4064 6695 2258 4068 6696 2229 4069 6697 2231 4067 6698 2244 4040 6699 2261 4070 6700 2246 4071 6701 2246 4071 6702 2262 4072 6703 2247 4073 6704 2247 4073 6705 2263 4043 6706 2245 4042 6707 2265 4074 6708 2251 4075 6709 2264 4076 6710 2264 4076 6711 2250 4077 6712 2266 4078 6713 2266 4078 6714 2248 4046 6715 2267 4048 6716 2253 4079 6717 2268 4080 6718 2269 4061 6719 2255 4081 6720 2270 4082 6721 2268 4080 6722 2254 4083 6723 2271 4058 6724 2270 4082 6725 2228 4065 6726 2272 4062 6727 2256 4063 6728 2227 4084 6729 2256 4085 6730 2225 4086 6731 2226 3995 6732 2257 3995 6733 2227 4084 6734 2224 4056 6735 2258 4087 6736 2226 3995 6737 2243 4088 6738 2260 4089 6739 2241 4090 6740 2242 4091 6741 2261 4092 6742 2243 4088 6743 2240 4093 6744 2262 4094 6745 2242 4091 6746 2234 4095 6747 2265 4096 6748 2264 4097 6749 2235 4098 6750 2264 4097 6751 2266 4099 6752 2233 4051 6753 2266 4099 6754 2267 4100 6755 2238 4101 6756 2269 4102 6757 2268 4103 6758 2239 4104 6759 2268 4103 6760 2270 4105 6761 2237 4106 6762 2270 4105 6763 2271 4058 6764 2225 4086 6765 2272 4107 6766 2216 4108 6767 2224 4056 6768 2220 4109 6769 2259 4110 6770 2233 4051 6771 2220 4109 6772 2273 4049 6773 2232 4111 6774 2217 4112 6775 2265 4096 6776 2236 4113 6777 2272 4107 6778 2269 4102 6779 2237 4106 6780 2221 4041 6781 2275 4114 6782 2241 4090 6783 2217 4112 6784 2274 4115 6785 2240 4093 6786 2221 4041 6787 2263 4043 6788 2285 4116 6789 2288 4117 6790 2286 4118 6791 2281 4119 6792 2278 4120 6793 2276 4121 6794 2294 3995 6795 2296 4122 6796 2276 4121 6797 2292 4050 6798 2276 4121 6799 2290 4123 6800 2225 4124 6801 2282 4125 6802 2227 4126 6803 2274 4127 6804 2290 4053 6805 2277 4128 6806 2235 4129 6807 2292 4050 6808 2291 4130 6809 2227 4126 6810 2283 4131 6811 2226 4132 6812 2236 4133 6813 2278 4134 6814 2216 4135 6815 2238 4136 6816 2294 4137 6817 2236 4133 6818 2226 4138 6819 2284 4139 6820 2224 4056 6821 2237 4140 6822 2280 4141 6823 2296 4142 6824 2239 4143 6825 2293 4144 6826 2238 4136 6827 2243 4145 6828 2285 4146 6829 2286 4147 6830 2241 4148 6831 2277 4128 6832 2285 4146 6833 2237 4140 6834 2295 4149 6835 2239 4150 6836 2242 4151 6837 2286 4147 6838 2287 4152 6839 2275 4153 6840 2288 4154 6841 2280 4141 6842 2216 4135 6843 2281 4155 6844 2225 4124 6845 2240 4156 6846 2287 4157 6847 2288 4154 6848 2315 4158 6849 2372 4159 6850 2370 4160 6851 2299 4161 6852 2341 4162 6853 2325 4163 6854 2302 4164 6855 2326 4165 6856 2344 4166 6857 2330 4167 6858 2298 4168 6859 2299 4161 6860 2329 4169 6861 2301 4170 6862 2348 4171 6863 2354 4172 6864 2373 4173 6865 2314 4174 6866 2313 4175 6867 2370 4160 6868 2371 4176 6869 2303 4177 6870 2340 4178 6871 2301 4170 6872 2305 4179 6873 2360 4180 6874 2354 4172 6875 2352 4181 6876 2304 4182 6877 2302 4164 6878 2300 4183 6879 2350 4184 6880 2353 4185 6881 2337 4186 6882 2311 4187 6883 2309 4188 6884 2338 4189 6885 2312 4190 6886 2311 4187 6887 2339 4191 6888 2310 4192 6889 2312 4190 6890 2325 4163 6891 2342 4193 6892 2327 4194 6893 2327 4194 6894 2343 4195 6895 2328 4196 6896 2328 4196 6897 2344 4166 6898 2326 4165 6899 2346 4197 6900 2332 4198 6901 2345 4199 6902 2345 4199 6903 2331 4200 6904 2347 4201 6905 2347 4201 6906 2329 4169 6907 2348 4171 6908 2334 4202 6909 2349 4203 6910 2350 4184 6911 2336 4204 6912 2351 4205 6913 2349 4203 6914 2335 4206 6915 2352 4181 6916 2351 4205 6917 2309 4188 6918 2353 4185 6919 2337 4186 6920 2308 4207 6921 2337 3995 6922 2306 4208 6923 2307 4209 6924 2338 4210 6925 2308 4207 6926 2305 4179 6927 2339 4211 6928 2307 4209 6929 2324 4212 6930 2341 4213 6931 2322 4214 6932 2323 4215 6933 2342 4216 6934 2324 4212 6935 2321 4217 6936 2343 4218 6937 2323 4215 6938 2315 4219 6939 2346 4220 6940 2345 4221 6941 2316 4222 6942 2345 4221 6943 2347 4223 6944 2314 4174 6945 2347 4223 6946 2348 4224 6947 2319 4225 6948 2350 4226 6949 2349 3995 6950 2320 3995 6951 2349 3995 6952 2351 4227 6953 2318 4228 6954 2351 4227 6955 2352 4181 6956 2306 4208 6957 2353 4229 6958 2297 4230 6959 2305 4179 6960 2301 4231 6961 2340 4232 6962 2314 4174 6963 2301 4231 6964 2354 4172 6965 2313 4233 6966 2298 4234 6967 2346 4220 6968 2317 4235 6969 2353 4229 6970 2350 4226 6971 2318 4228 6972 2302 4164 6973 2356 4236 6974 2322 4214 6975 2298 4234 6976 2355 4237 6977 2321 4217 6978 2302 4164 6979 2344 4166 6980 2366 4238 6981 2369 4239 6982 2367 4240 6983 2362 4241 6984 2359 4242 6985 2357 4243 6986 2375 4244 6987 2377 4245 6988 2357 4243 6989 2373 4173 6990 2357 4243 6991 2371 4246 6992 2306 4247 6993 2363 4248 6994 2308 4249 6995 2355 4250 6996 2371 4176 6997 2358 4251 6998 2316 4252 6999 2373 4173 7000 2372 4253 7001 2308 4249 7002 2364 4254 7003 2307 4255 7004 2317 4256 7005 2359 4257 7006 2297 4258 7007 2319 4259 7008 2375 4260 7009 2317 4256 7010 2307 4261 7011 2365 4262 7012 2305 4179 7013 2318 4263 7014 2361 4264 7015 2377 4265 7016 2320 4266 7017 2374 4267 7018 2319 4259 7019 2324 4268 7020 2366 4269 7021 2367 4270 7022 2322 4271 7023 2358 4251 7024 2366 4269 7025 2318 4263 7026 2376 4272 7027 2320 4273 7028 2323 4274 7029 2367 4270 7030 2368 4275 7031 2356 4276 7032 2369 4277 7033 2361 4264 7034 2297 4258 7035 2362 4278 7036 2306 4247 7037 2321 4279 7038 2368 4280 7039 2369 4277 7040 2396 4281 7041 2452 4282 7042 2450 4283 7043 2380 4284 7044 2422 4285 7045 2406 4286 7046 2383 4287 7047 2407 4288 7048 2425 4289 7049 2411 4290 7050 2379 4291 7051 2380 4284 7052 2410 4292 7053 2382 4293 7054 2429 4294 7055 2435 4295 7056 2453 4296 7057 2395 4297 7058 2394 4298 7059 2450 4283 7060 2451 4299 7061 2384 4300 7062 2421 4301 7063 2382 4293 7064 2386 4302 7065 2440 4303 7066 2435 4295 7067 2433 4304 7068 2385 4305 7069 2383 4287 7070 2381 4306 7071 2431 4307 7072 2434 4308 7073 2418 4309 7074 2392 4310 7075 2390 4311 7076 2419 4312 7077 2393 4313 7078 2392 4310 7079 2420 4314 7080 2391 4315 7081 2393 4313 7082 2406 4286 7083 2423 4316 7084 2408 4317 7085 2408 4317 7086 2424 4318 7087 2409 4319 7088 2409 4319 7089 2425 4289 7090 2407 4288 7091 2427 4320 7092 2413 4321 7093 2426 4322 7094 2426 4322 7095 2412 4323 7096 2428 4324 7097 2428 4324 7098 2410 4292 7099 2429 4294 7100 2415 4325 7101 2430 4326 7102 2431 4307 7103 2417 4327 7104 2432 4328 7105 2430 4326 7106 2416 4329 7107 2433 4304 7108 2432 4328 7109 2390 4311 7110 2434 4308 7111 2418 4309 7112 2389 4330 7113 2418 4331 7114 2387 4332 7115 2388 4333 7116 2419 4334 7117 2389 4330 7118 2386 4302 7119 2420 4335 7120 2388 4333 7121 2405 4336 7122 2422 4337 7123 2403 4338 7124 2404 4339 7125 2423 4340 7126 2405 4336 7127 2402 4341 7128 2424 4342 7129 2404 4339 7130 2396 4343 7131 2427 4344 7132 2426 4345 7133 2397 4346 7134 2426 4345 7135 2428 4347 7136 2395 4297 7137 2428 4347 7138 2429 4348 7139 2400 4349 7140 2431 4350 7141 2430 4351 7142 2401 4352 7143 2430 4351 7144 2432 4353 7145 2399 4354 7146 2432 4353 7147 2433 4304 7148 2387 4332 7149 2434 4355 7150 2378 4356 7151 2386 4302 7152 2382 4357 7153 2421 4358 7154 2395 4297 7155 2382 4357 7156 2435 4295 7157 2394 4359 7158 2379 4360 7159 2427 4344 7160 2398 4361 7161 2434 4355 7162 2431 4350 7163 2399 4354 7164 2383 4287 7165 2437 3995 7166 2403 4338 7167 2379 4360 7168 2436 4362 7169 2402 4341 7170 2383 4287 7171 2425 4289 7172 2387 4363 7173 2443 4364 7174 2389 4365 7175 2436 4366 7176 2451 4299 7177 2438 4367 7178 2397 4368 7179 2453 4296 7180 2452 4369 7181 2389 4365 7182 2444 4370 7183 2388 4371 7184 2398 4372 7185 2439 4373 7186 2378 4374 7187 2400 4375 7188 2455 4376 7189 2398 4372 7190 2388 4377 7191 2445 4378 7192 2386 4302 7193 2399 4379 7194 2441 4380 7195 2457 4381 7196 2401 4382 7197 2454 4383 7198 2400 4375 7199 2405 4384 7200 2446 4385 7201 2447 4386 7202 2403 4387 7203 2438 4367 7204 2446 4385 7205 2399 4379 7206 2456 4388 7207 2401 4389 7208 2404 4390 7209 2447 4386 7210 2448 4391 7211 2437 4392 7212 2449 4393 7213 2441 4380 7214 2378 4374 7215 2442 4394 7216 2387 4363 7217 2402 4395 7218 2448 4396 7219 2449 4393 7220 2459 4397 7221 2461 4398 7222 2460 4399 7223 2458 4400 7224 2461 4401 7225 2462 4402 7226 2463 4403 7227 2458 4404 7228 2462 4405 7229 2459 4406 7230 2460 4406 7231 2458 4406 7232 2463 4407 7233 2462 4407 7234 2461 4407 7235 2469 4408 7236 2466 4409 7237 2465 4410 7238 2468 4411 7239 2466 4412 7240 2467 4413 7241 2468 4414 7242 2465 4415 7243 2464 4416 7244 2465 4417 7245 2466 4417 7246 2464 4417 7247 2469 4418 7248 2468 4418 7249 2467 4418 7250 2471 4419 7251 2473 4420 7252 2472 4421 7253 2474 4422 7254 2472 4423 7255 2473 4424 7256 2474 4425 7257 2471 4426 7258 2470 4427 7259 2471 4428 7260 2472 4428 7261 2470 4428 7262 2475 4429 7263 2474 4429 7264 2473 4429 7265 2481 4430 7266 2478 4431 7267 2477 4432 7268 2480 4433 7269 2478 4434 7270 2479 4435 7271 2480 4436 7272 2477 4437 7273 2476 4438 7274 2477 4439 7275 2478 4439 7276 2476 4439 7277 2481 4440 7278 2480 4440 7279 2479 4440 7280 2483 4441 7281 2485 4442 7282 2484 4443 7283 2482 4444 7284 2485 4445 7285 2486 4446 7286 2487 4447 7287 2482 4448 7288 2486 4449 7289 2483 4450 7290 2484 4450 7291 2482 4450 7292 2487 4451 7293 2486 4451 7294 2485 4451 7295 2493 4452 7296 2490 4453 7297 2489 4454 7298 2492 4455 7299 2490 4456 7300 2491 4457 7301 2492 4458 7302 2489 4459 7303 2488 4460 7304 2489 4461 7305 2490 4461 7306 2488 4461 7307 2493 4462 7308 2492 4462 7309 2491 4462 7310 2495 4463 7311 2497 4464 7312 2496 4465 7313 2494 4466 7314 2497 4467 7315 2498 4468 7316 2499 4469 7317 2494 4470 7318 2498 4471 7319 2495 4472 7320 2496 4472 7321 2494 4472 7322 2499 4473 7323 2498 4473 7324 2497 4473 7325 2501 4474 7326 2503 4475 7327 2502 4476 7328 2500 4477 7329 2503 4478 7330 2504 4479 7331 2505 4480 7332 2500 4481 7333 2504 4482 7334 2501 4483 7335 2502 4483 7336 2500 4483 7337 2505 4484 7338 2504 4484 7339 2503 4484 7340 2511 4485 7341 2508 4486 7342 2507 4487 7343 2510 4488 7344 2508 4489 7345 2509 4490 7346 2510 4491 7347 2507 4492 7348 2506 4493 7349 2507 4494 7350 2508 4494 7351 2506 4494 7352 2511 4495 7353 2510 4495 7354 2509 4495 7355 2513 4496 7356 2515 4497 7357 2514 4498 7358 2516 4499 7359 2514 4500 7360 2515 4501 7361 2516 4502 7362 2513 4503 7363 2512 4504 7364 2513 4505 7365 2514 4505 7366 2512 4505 7367 2517 4506 7368 2516 4506 7369 2515 4506 7370 2523 4507 7371 2520 4508 7372 2519 4509 7373 2522 4510 7374 2520 4511 7375 2521 4512 7376 2522 4513 7377 2519 4514 7378 2518 4515 7379 2519 4516 7380 2520 4516 7381 2518 4516 7382 2523 4517 7383 2522 4517 7384 2521 4517 7385 2525 4518 7386 2527 4519 7387 2526 4520 7388 2524 4521 7389 2527 4522 7390 2528 4523 7391 2529 4524 7392 2524 4525 7393 2528 4526 7394 2525 4527 7395 2526 4527 7396 2524 4527 7397 2529 4528 7398 2528 4528 7399 2527 4528 7400 2535 4529 7401 2532 4530 7402 2531 4531 7403 2534 4532 7404 2532 4533 7405 2533 4534 7406 2534 4535 7407 2531 4536 7408 2530 4537 7409 2531 4538 7410 2532 4538 7411 2530 4538 7412 2535 4539 7413 2534 4539 7414 2533 4539 7415 2537 4540 7416 2539 4541 7417 2538 4542 7418 2536 4543 7419 2539 4544 7420 2540 4545 7421 2541 4546 7422 2536 4547 7423 2540 4548 7424 2537 4549 7425 2538 4549 7426 2536 4549 7427 2541 4550 7428 2540 4550 7429 2539 4550 7430 2543 4551 7431 2545 4552 7432 2544 4553 7433 2542 4554 7434 2545 4555 7435 2546 4556 7436 2547 4557 7437 2542 4558 7438 2546 4559 7439 2543 4560 7440 2544 4560 7441 2542 4560 7442 2547 4561 7443 2546 4561 7444 2545 4561 7445 2553 4562 7446 2550 4563 7447 2549 4564 7448 2552 4565 7449 2550 4566 7450 2551 4567 7451 2552 4568 7452 2549 4569 7453 2548 4570 7454 2549 4571 7455 2550 4571 7456 2548 4571 7457 2553 4572 7458 2552 4572 7459 2551 4572 7460 2555 4573 7461 2557 4574 7462 2556 4575 7463 2558 4576 7464 2556 4577 7465 2557 4578 7466 2558 4579 7467 2555 4580 7468 2554 4581 7469 2555 4582 7470 2556 4582 7471 2554 4582 7472 2559 4583 7473 2558 4583 7474 2557 4583 7475 2565 4584 7476 2562 4585 7477 2561 4586 7478 2564 4587 7479 2562 4588 7480 2563 4589 7481 2564 4590 7482 2561 4591 7483 2560 4592 7484 2561 4593 7485 2562 4593 7486 2560 4593 7487 2565 4594 7488 2564 4594 7489 2563 4594 7490 2567 4595 7491 2569 4596 7492 2568 4597 7493 2566 4598 7494 2569 4599 7495 2570 4600 7496 2571 4601 7497 2566 4602 7498 2570 4603 7499 2567 4604 7500 2568 4604 7501 2566 4604 7502 2571 4605 7503 2570 4605 7504 2569 4605 7505 2577 4606 7506 2574 4607 7507 2573 4608 7508 2576 4609 7509 2574 4610 7510 2575 4611 7511 2576 4612 7512 2573 4613 7513 2572 4614 7514 2573 4615 7515 2574 4615 7516 2572 4615 7517 2577 4616 7518 2576 4616 7519 2575 4616 7520 2579 4617 7521 2581 4618 7522 2580 4619 7523 2578 4620 7524 2581 4621 7525 2582 4622 7526 2583 4623 7527 2578 4624 7528 2582 4625 7529 2579 4626 7530 2580 4626 7531 2578 4626 7532 2583 4627 7533 2582 4627 7534 2581 4627 7535 2589 4628 7536 2586 4629 7537 2585 4630 7538 2584 4631 7539 2587 4632 7540 2588 4633 7541 2585 4634 7542 2586 4634 7543 2584 4634 7544 2589 4635 7545 2588 4635 7546 2587 4635 7547 2591 4636 7548 2593 4637 7549 2592 4638 7550 2594 4639 7551 2592 4640 7552 2593 4641 7553 2591 4642 7554 2592 4642 7555 2590 4642 7556 2595 4643 7557 2594 4643 7558 2593 4643 7559 2597 4644 7560 2599 4645 7561 2598 4646 7562 2600 4647 7563 2598 4648 7564 2599 4649 7565 2597 4650 7566 2598 4650 7567 2596 4650 7568 2601 4651 7569 2600 4651 7570 2599 4651 7571 2603 4652 7572 2605 4653 7573 2604 4654 7574 2606 4655 7575 2604 4656 7576 2605 4657 7577 2603 4658 7578 2604 4658 7579 2602 4658 7580 2607 4659 7581 2606 4659 7582 2605 4659 7583 2609 4660 7584 2611 4661 7585 2610 4662 7586 2612 4663 7587 2610 4664 7588 2611 4665 7589 2609 4666 7590 2610 4666 7591 2608 4666 7592 2613 4667 7593 2612 4667 7594 2611 4667 7595 2615 4668 7596 2617 4669 7597 2616 4670 7598 2618 4671 7599 2616 4672 7600 2617 4673 7601 2615 4674 7602 2616 4674 7603 2614 4674 7604 2619 4675 7605 2618 4675 7606 2617 4675 7607 2621 4676 7608 2623 4677 7609 2622 4678 7610 2624 4679 7611 2622 4680 7612 2623 4681 7613 2621 4682 7614 2622 4682 7615 2620 4682 7616 2625 4683 7617 2624 4683 7618 2623 4683 7619 2627 4684 7620 2629 4685 7621 2628 4686 7622 2630 4687 7623 2628 4688 7624 2629 4689 7625 2627 4690 7626 2628 4690 7627 2626 4690 7628 2631 4691 7629 2630 4691 7630 2629 4691 7631 2633 4692 7632 2635 4693 7633 2634 4694 7634 2636 4695 7635 2634 4696 7636 2635 4697 7637 2633 4698 7638 2634 4698 7639 2632 4698 7640 2637 4699 7641 2636 4699 7642 2635 4699 7643 2639 4700 7644 2641 4701 7645 2640 4702 7646 2642 4703 7647 2640 4704 7648 2641 4705 7649 2639 4706 7650 2640 4706 7651 2638 4706 7652 2643 4707 7653 2642 4707 7654 2641 4707 7655 2645 4708 7656 2647 4709 7657 2646 4710 7658 2648 4711 7659 2646 4712 7660 2647 4713 7661 2645 4714 7662 2646 4714 7663 2644 4714 7664 2649 4715 7665 2648 4715 7666 2647 4715 7667 2651 4716 7668 2653 4717 7669 2652 4718 7670 2654 4719 7671 2652 4720 7672 2653 4721 7673 2651 4722 7674 2652 4722 7675 2650 4722 7676 2655 4723 7677 2654 4723 7678 2653 4723 7679 2661 4724 7680 2658 4725 7681 2657 4726 7682 2656 4727 7683 2659 4728 7684 2660 4729 7685 2657 4730 7686 2658 4730 7687 2656 4730 7688 2661 4731 7689 2660 4731 7690 2659 4731 7691 2667 4732 7692 2664 4733 7693 2663 4734 7694 2662 4735 7695 2665 4736 7696 2666 4737 7697 2663 4738 7698 2664 4738 7699 2662 4738 7700 2667 4739 7701 2666 4739 7702 2665 4739 7703 2673 4740 7704 2670 4741 7705 2669 4742 7706 2668 4743 7707 2671 4744 7708 2672 4745 7709 2669 4746 7710 2670 4746 7711 2668 4746 7712 2673 4747 7713 2672 4747 7714 2671 4747 7715 2679 4748 7716 2676 4749 7717 2675 4750 7718 2674 4751 7719 2677 4752 7720 2678 4753 7721 2675 4754 7722 2676 4754 7723 2674 4754 7724 2679 4755 7725 2678 4755 7726 2677 4755 7727 2685 4756 7728 2682 4757 7729 2681 4758 7730 2680 4759 7731 2683 4760 7732 2684 4761 7733 2681 4762 7734 2682 4762 7735 2680 4762 7736 2685 4763 7737 2684 4763 7738 2683 4763 7739 2691 4764 7740 2688 4765 7741 2687 4766 7742 2686 4767 7743 2689 4768 7744 2690 4769 7745 2687 4770 7746 2688 4770 7747 2686 4770 7748 2691 4771 7749 2690 4771 7750 2689 4771 7751 2697 4772 7752 2694 4773 7753 2693 4774 7754 2692 4775 7755 2695 4776 7756 2696 4777 7757 2693 4778 7758 2694 4778 7759 2692 4778 7760 2697 4779 7761 2696 4779 7762 2695 4779 7763 2703 4780 7764 2700 4781 7765 2699 4782 7766 2698 4783 7767 2701 4784 7768 2702 4785 7769 2699 4786 7770 2700 4786 7771 2698 4786 7772 2703 4787 7773 2702 4787 7774 2701 4787 7775 2709 4788 7776 2706 4789 7777 2705 4790 7778 2704 4791 7779 2707 4792 7780 2708 4793 7781 2705 4794 7782 2706 4794 7783 2704 4794 7784 2709 4795 7785 2708 4795 7786 2707 4795 7787 2715 4796 7788 2712 4797 7789 2711 4798 7790 2710 4799 7791 2713 4800 7792 2714 4801 7793 2711 4802 7794 2712 4802 7795 2710 4802 7796 2715 4803 7797 2714 4803 7798 2713 4803 7799 2721 4804 7800 2718 4805 7801 2717 4806 7802 2716 4807 7803 2719 4808 7804 2720 4809 7805 2717 4810 7806 2718 4810 7807 2716 4810 7808 2721 4811 7809 2720 4811 7810 2719 4811 7811 2723 4812 7812 2725 4813 7813 2724 4814 7814 2726 4815 7815 2724 4816 7816 2725 4817 7817 2723 4818 7818 2724 4818 7819 2722 4818 7820 2727 4819 7821 2726 4819 7822 2725 4819 7823 2729 4820 7824 2731 4821 7825 2730 4822 7826 2732 4823 7827 2730 4824 7828 2731 4825 7829 2729 4826 7830 2730 4826 7831 2728 4826 7832 2733 4827 7833 2732 4827 7834 2731 4827 7835 2735 4828 7836 2737 4829 7837 2736 4830 7838 2738 4831 7839 2736 4832 7840 2737 4833 7841 2735 4834 7842 2736 4834 7843 2734 4834 7844 2739 4835 7845 2738 4835 7846 2737 4835 7847 2741 4836 7848 2743 4837 7849 2742 4838 7850 2744 4839 7851 2742 4840 7852 2743 4841 7853 2741 4842 7854 2742 4842 7855 2740 4842 7856 2745 4843 7857 2744 4843 7858 2743 4843 7859 2747 4844 7860 2749 4845 7861 2748 4846 7862 2750 4847 7863 2748 4848 7864 2749 4849 7865 2747 4850 7866 2748 4850 7867 2746 4850 7868 2751 4851 7869 2750 4851 7870 2749 4851 7871 2753 4852 7872 2755 4853 7873 2754 4854 7874 2756 4855 7875 2754 4856 7876 2755 4857 7877 2753 4858 7878 2754 4858 7879 2752 4858 7880 2757 4859 7881 2756 4859 7882 2755 4859 7883 2759 4860 7884 2761 4861 7885 2760 4862 7886 2762 4863 7887 2760 4864 7888 2761 4865 7889 2759 4866 7890 2760 4866 7891 2758 4866 7892 2763 4867 7893 2762 4867 7894 2761 4867 7895 2765 4868 7896 2767 4869 7897 2766 4870 7898 2768 4871 7899 2766 4872 7900 2767 4873 7901 2765 4874 7902 2766 4874 7903 2764 4874 7904 2769 4875 7905 2768 4875 7906 2767 4875 7907 2771 4876 7908 2773 4877 7909 2772 4878 7910 2774 4879 7911 2772 4880 7912 2773 4881 7913 2771 4882 7914 2772 4882 7915 2770 4882 7916 2775 4883 7917 2774 4883 7918 2773 4883 7919 2777 4884 7920 2779 4885 7921 2778 4886 7922 2780 4887 7923 2778 4888 7924 2779 4889 7925 2777 4890 7926 2778 4890 7927 2776 4890 7928 2781 4891 7929 2780 4891 7930 2779 4891 7931 2783 4892 7932 2785 4893 7933 2784 4894 7934 2786 4895 7935 2784 4896 7936 2785 4897 7937 2783 4898 7938 2784 4898 7939 2782 4898 7940 2787 4899 7941 2786 4899 7942 2785 4899 7943 2789 4900 7944 2791 4901 7945 2790 4902 7946 2792 4903 7947 2790 4904 7948 2791 4905 7949 2789 4906 7950 2790 4906 7951 2788 4906 7952 2793 4907 7953 2792 4907 7954 2791 4907 7955 2795 4908 7956 2797 4909 7957 2796 4910 7958 2798 4911 7959 2796 4912 7960 2797 4913 7961 2795 4914 7962 2796 4914 7963 2794 4914 7964 2799 4915 7965 2798 4915 7966 2797 4915 7967 2801 4916 7968 2803 4917 7969 2802 4918 7970 2804 4919 7971 2802 4920 7972 2803 4921 7973 2801 4922 7974 2802 4922 7975 2800 4922 7976 2805 4923 7977 2804 4923 7978 2803 4923 7979 2807 4924 7980 2809 4925 7981 2808 4926 7982 2810 4927 7983 2808 4928 7984 2809 4929 7985 2807 4930 7986 2808 4930 7987 2806 4930 7988 2811 4931 7989 2810 4931 7990 2809 4931 7991 2830 4932 7992 2887 4933 7993 2885 4934 7994 2814 4935 7995 2856 4936 7996 2840 4937 7997 2819 4938 7998 2859 4939 7999 2817 4940 8000 2845 4941 8001 2813 4942 8002 2814 4935 8003 2863 4943 8004 2818 4944 8005 2816 4945 8006 2829 4946 8007 2875 4947 8008 2888 4948 8009 2828 4949 8010 2885 4934 8011 2886 4950 8012 2816 4945 8013 2825 4951 8014 2855 4952 8015 2869 4953 8016 2880 4954 8017 2875 4947 8018 2848 4955 8019 2817 4940 8020 2867 4956 8021 2815 2526 8022 2865 4957 8023 2868 4958 8024 2852 4959 8025 2826 4960 8026 2824 4961 8027 2853 4962 8028 2827 4963 8029 2826 4960 8030 2854 4964 8031 2825 4951 8032 2827 4963 8033 2840 4937 8034 2857 4965 8035 2842 4966 8036 2842 4966 8037 2858 4967 8038 2843 4968 8039 2843 4968 8040 2859 4939 8041 2841 4969 8042 2861 4970 8043 2847 4971 8044 2860 4972 8045 2860 4972 8046 2846 4973 8047 2862 4974 8048 2862 4974 8049 2844 4975 8050 2863 4943 8051 2849 4976 8052 2864 4977 8053 2865 4957 8054 2851 4978 8055 2866 4979 8056 2864 4977 8057 2850 4980 8058 2867 4956 8059 2866 4979 8060 2824 4961 8061 2868 4958 8062 2852 4959 8063 2823 4981 8064 2852 4982 8065 2821 4983 8066 2822 4984 8067 2853 4985 8068 2823 4981 8069 2820 4986 8070 2854 4987 8071 2822 4984 8072 2839 4988 8073 2856 4989 8074 2837 4990 8075 2838 4991 8076 2857 4992 8077 2839 4988 8078 2836 4993 8079 2858 4994 8080 2838 4991 8081 2830 4995 8082 2861 4996 8083 2860 4997 8084 2831 4998 8085 2860 4997 8086 2862 4999 8087 2829 4946 8088 2862 4999 8089 2863 5000 8090 2834 5001 8091 2865 5002 8092 2864 5003 8093 2835 5004 8094 2864 5003 8095 2866 5005 8096 2833 5006 8097 2866 5005 8098 2867 4956 8099 2821 4983 8100 2868 5007 8101 2812 5008 8102 2820 4986 8103 2816 5009 8104 2855 5010 8105 2829 4946 8106 2816 5009 8107 2869 4953 8108 2828 5011 8109 2813 5012 8110 2861 4996 8111 2832 5013 8112 2868 5007 8113 2865 5002 8114 2833 5006 8115 2817 4940 8116 2871 2416 8117 2837 4990 8118 2813 5012 8119 2870 5014 8120 2836 4993 8121 2817 4940 8122 2859 4939 8123 2881 5015 8124 2884 5016 8125 2882 5017 8126 2877 5018 8127 2874 5019 8128 2872 5020 8129 2890 5021 8130 2892 5022 8131 2872 5020 8132 2888 4948 8133 2872 5020 8134 2886 5023 8135 2821 5024 8136 2878 5025 8137 2823 5026 8138 2870 5027 8139 2886 4950 8140 2873 5028 8141 2831 5029 8142 2888 4948 8143 2887 5030 8144 2823 5026 8145 2879 5031 8146 2822 5032 8147 2832 5033 8148 2874 5034 8149 2812 5035 8150 2834 5036 8151 2890 5037 8152 2832 5033 8153 2822 5038 8154 2880 4954 8155 2820 4986 8156 2871 5039 8157 2892 5040 8158 2833 5041 8159 2835 5042 8160 2889 5043 8161 2834 5036 8162 2839 5044 8163 2881 5045 8164 2882 5046 8165 2837 5047 8166 2873 5028 8167 2881 5045 8168 2833 5041 8169 2891 5048 8170 2835 5049 8171 2838 5050 8172 2882 5046 8173 2883 5051 8174 2836 5052 8175 2876 5053 8176 2871 5039 8177 2812 5035 8178 2877 5054 8179 2821 5024 8180 2836 5052 8181 2883 5055 8182 2884 5056 8183 2911 5057 8184 2968 5058 8185 2966 5059 8186 2895 5060 8187 2937 5061 8188 2921 5062 8189 2900 5063 8190 2940 5064 8191 2898 5065 8192 2926 5066 8193 2894 5067 8194 2895 5060 8195 2944 5068 8196 2899 5069 8197 2897 5070 8198 2910 5071 8199 2956 5072 8200 2969 5073 8201 2909 5074 8202 2966 5059 8203 2967 5075 8204 2897 5070 8205 2906 5076 8206 2936 5077 8207 2950 5078 8208 2961 5079 8209 2956 5072 8210 2929 5080 8211 2898 5065 8212 2948 5081 8213 2896 5082 8214 2946 5083 8215 2949 5084 8216 2933 5085 8217 2907 5086 8218 2905 5087 8219 2934 5088 8220 2908 5089 8221 2907 5086 8222 2935 5090 8223 2906 5076 8224 2908 5089 8225 2921 5062 8226 2938 5091 8227 2923 5092 8228 2923 5092 8229 2939 5093 8230 2924 5094 8231 2924 5094 8232 2940 5064 8233 2922 5095 8234 2942 5096 8235 2928 5097 8236 2941 5098 8237 2941 5098 8238 2927 5099 8239 2943 5100 8240 2943 5100 8241 2925 5101 8242 2944 5068 8243 2930 5102 8244 2945 5103 8245 2946 5083 8246 2932 5104 8247 2947 5105 8248 2945 5103 8249 2931 5106 8250 2948 5081 8251 2947 5105 8252 2905 5087 8253 2949 5084 8254 2933 5085 8255 2904 2416 8256 2933 5107 8257 2902 5108 8258 2903 5109 8259 2934 2416 8260 2904 2416 8261 2901 5110 8262 2935 5111 8263 2903 5109 8264 2920 5112 8265 2937 5113 8266 2918 5114 8267 2919 5115 8268 2938 5116 8269 2920 5112 8270 2917 5117 8271 2939 5118 8272 2919 5115 8273 2911 2416 8274 2942 5119 8275 2941 2416 8276 2912 5120 8277 2941 2416 8278 2943 5121 8279 2910 5071 8280 2943 5121 8281 2944 5122 8282 2915 5123 8283 2946 2416 8284 2945 5124 8285 2916 5125 8286 2945 5124 8287 2947 5126 8288 2914 5127 8289 2947 5126 8290 2948 5081 8291 2902 5108 8292 2949 5128 8293 2893 5129 8294 2901 5110 8295 2897 5130 8296 2936 5131 8297 2910 5071 8298 2897 5130 8299 2950 5078 8300 2909 5132 8301 2894 5133 8302 2942 5119 8303 2913 5134 8304 2949 5128 8305 2946 2416 8306 2914 5127 8307 2898 5065 8308 2952 5135 8309 2918 5114 8310 2894 5133 8311 2951 5136 8312 2917 5117 8313 2898 5065 8314 2940 5064 8315 2962 5137 8316 2965 5138 8317 2963 5139 8318 2958 5140 8319 2955 5141 8320 2953 5142 8321 2971 5143 8322 2973 5144 8323 2953 5142 8324 2969 5073 8325 2953 5142 8326 2967 5145 8327 2902 5146 8328 2959 5147 8329 2904 5148 8330 2951 5149 8331 2967 5075 8332 2954 5150 8333 2912 5151 8334 2969 5073 8335 2968 5152 8336 2904 5148 8337 2960 5153 8338 2903 5154 8339 2913 5155 8340 2955 5156 8341 2893 5157 8342 2915 5158 8343 2971 5159 8344 2913 5155 8345 2903 5160 8346 2961 5079 8347 2901 5110 8348 2952 5161 8349 2973 5162 8350 2914 5163 8351 2916 5164 8352 2970 5165 8353 2915 5158 8354 2920 5166 8355 2962 5167 8356 2963 5168 8357 2918 5169 8358 2954 5150 8359 2962 5167 8360 2914 5163 8361 2972 5170 8362 2916 5171 8363 2919 5172 8364 2963 5168 8365 2964 5173 8366 2917 5174 8367 2957 5175 8368 2952 5161 8369 2893 5157 8370 2958 5176 8371 2902 5146 8372 2917 5174 8373 2964 5177 8374 2965 5178 8375 2992 5179 8376 3047 5180 8377 3049 5181 8378 2976 5182 8379 3002 5183 8380 3018 5184 8381 2979 5185 8382 3021 5186 8383 3003 5187 8384 3007 5188 8385 2976 5182 8386 2975 5189 8387 3006 5190 8388 3025 5191 8389 2978 5192 8390 3031 5193 8391 2991 5194 8392 3050 5195 8393 2990 5196 8394 3048 5197 8395 3047 5180 8396 2980 5198 8397 2978 5192 8398 3017 5199 8399 2982 5200 8400 3031 5193 8401 3037 5201 8402 3029 5202 8403 2979 5185 8404 2981 5203 8405 2977 5204 8406 3030 5205 8407 3027 5206 8408 3014 5207 8409 2986 5208 8410 2988 5209 8411 3015 5210 8412 2988 5209 8413 2989 5211 8414 3016 5212 8415 2989 5211 8416 2987 5213 8417 3002 5183 8418 3004 5214 8419 3019 5215 8420 3004 5214 8421 3005 5216 8422 3020 5217 8423 3005 5216 8424 3003 5187 8425 3021 5186 8426 3023 5218 8427 3022 5219 8428 3009 5220 8429 3022 5219 8430 3024 5221 8431 3008 5222 8432 3024 5221 8433 3025 5191 8434 3006 5190 8435 3011 5223 8436 3027 5206 8437 3026 5224 8438 3013 5225 8439 3026 5224 8440 3028 5226 8441 3012 5227 8442 3028 5226 8443 3029 5202 8444 2986 5208 8445 3014 5207 8446 3030 5205 8447 2985 5228 8448 2983 5229 8449 3014 5230 8450 2984 5231 8451 2985 5228 8452 3015 5232 8453 2982 5200 8454 2984 5231 8455 3016 5233 8456 3001 5234 8457 2999 5235 8458 3018 5236 8459 3000 5237 8460 3001 5234 8461 3019 5238 8462 2998 5239 8463 3000 5237 8464 3020 5240 8465 2992 5241 8466 3022 5242 8467 3023 5243 8468 2993 5244 8469 3024 5245 8470 3022 5242 8471 2991 5194 8472 3025 5246 8473 3024 5245 8474 2996 5247 8475 3026 5248 8476 3027 5249 8477 2997 5250 8478 3028 5251 8479 3026 5248 8480 2995 5252 8481 3029 5202 8482 3028 5251 8483 2983 5229 8484 2974 5253 8485 3030 5254 8486 2982 5200 8487 3017 5255 8488 2978 5256 8489 2991 5194 8490 3031 5193 8491 2978 5256 8492 2990 5257 8493 3023 5243 8494 2975 5258 8495 2994 5259 8496 3027 5249 8497 3030 5254 8498 2995 5252 8499 3033 5260 8500 2979 5185 8501 2999 5235 8502 3032 5261 8503 2975 5258 8504 2998 5239 8505 3021 5186 8506 2979 5185 8507 3044 5262 8508 3038 5263 8509 3043 5264 8510 3034 5265 8511 3039 5266 8512 3037 5201 8513 3038 5263 8514 3052 5267 8515 3034 5265 8516 3047 5268 8517 3050 5195 8518 3049 5269 8519 2983 5270 8520 2985 5271 8521 3040 5272 8522 3032 5273 8523 3035 5274 8524 3048 5197 8525 2993 5275 8526 3049 5276 8527 3050 5195 8528 2985 5271 8529 2984 5277 8530 3041 5278 8531 2994 5279 8532 2974 5280 8533 3036 5281 8534 2996 5282 8535 2994 5279 8536 3052 5283 8537 2984 5284 8538 2982 5200 8539 3042 5285 8540 2995 5286 8541 3054 5287 8542 3038 5288 8543 2997 5289 8544 2996 5282 8545 3051 5290 8546 3001 5291 8547 3044 5292 8548 3043 5293 8549 2999 5294 8550 3043 5293 8551 3035 5274 8552 2995 5286 8553 2997 5295 8554 3053 5296 8555 3000 5297 8556 3045 5298 8557 3044 5292 8558 3033 5299 8559 3038 5288 8560 3046 5300 8561 2974 5280 8562 2983 5270 8563 3039 5301 8564 2998 5302 8565 3046 5300 8566 3045 5303 8567 3074 5304 8568 3128 5305 8569 3073 5306 8570 3056 1432 8571 3083 5307 8572 3057 1432 8573 3062 5308 8574 3102 5309 8575 3060 5310 8576 3104 5311 8577 3057 1432 8578 3088 5312 8579 3106 5313 8580 3061 5314 8581 3059 5315 8582 3072 5316 8583 3118 5317 8584 3131 5318 8585 3073 5306 8586 3129 5319 8587 3071 5320 8588 3059 5315 8589 3068 5321 8590 3098 5322 8591 3112 5323 8592 3123 5324 8593 3118 5317 8594 3091 5325 8595 3060 5310 8596 3110 5326 8597 3092 5327 8598 3111 5328 8599 3058 5329 8600 3067 5330 8601 3096 5331 8602 3069 5332 8603 3069 5332 8604 3097 5333 8605 3070 5334 8606 3070 5334 8607 3098 5322 8608 3068 5321 8609 3099 5335 8610 3085 5336 8611 3083 5307 8612 3100 5337 8613 3086 5338 8614 3085 5336 8615 3101 5339 8616 3084 5340 8617 3086 5338 8618 3088 5312 8619 3103 5341 8620 3104 5311 8621 3090 5342 8622 3105 5343 8623 3103 5341 8624 3089 5344 8625 3106 5313 8626 3105 5343 8627 3108 5345 8628 3094 5346 8629 3107 5347 8630 3107 5347 8631 3093 5348 8632 3109 5349 8633 3109 5349 8634 3091 5325 8635 3110 5326 8636 3058 5329 8637 3095 5350 8638 3067 5330 8639 3066 5351 8640 3095 5352 8641 3064 5353 8642 3065 5354 8643 3096 5355 8644 3066 5351 8645 3063 5356 8646 3097 5357 8647 3065 5354 8648 3082 5358 8649 3099 5359 8650 3080 5360 8651 3081 5361 8652 3100 5362 8653 3082 5358 8654 3079 5363 8655 3101 5364 8656 3081 5361 8657 3073 5365 8658 3104 5366 8659 3103 5367 8660 3074 5368 8661 3103 5367 8662 3105 5369 8663 3072 5370 8664 3105 5369 8665 3106 5313 8666 3077 5371 8667 3108 5372 8668 3107 5373 8669 3078 5374 8670 3107 5373 8671 3109 5375 8672 3076 5376 8673 3109 5375 8674 3110 5377 8675 3064 5353 8676 3111 5378 8677 3055 5379 8678 3063 5356 8679 3059 5315 8680 3098 5322 8681 3072 5370 8682 3059 5315 8683 3112 5380 8684 3071 5381 8685 3056 5382 8686 3104 5366 8687 3075 5383 8688 3111 5378 8689 3108 5372 8690 3076 5376 8691 3060 5384 8692 3114 5385 8693 3080 5360 8694 3056 5382 8695 3113 5386 8696 3079 5363 8697 3060 5384 8698 3102 5387 8699 3119 5388 8700 3125 5389 8701 3124 5390 8702 3115 5391 8703 3118 5392 8704 3120 5393 8705 3119 5388 8706 3115 5391 8707 3133 5394 8708 3128 5395 8709 3130 5396 8710 3131 5397 8711 3066 5398 8712 3120 5399 8713 3121 5400 8714 3071 5320 8715 3116 5401 8716 3113 5402 8717 3072 5316 8718 3130 5403 8719 3074 5404 8720 3065 5405 8721 3121 5400 8722 3122 5406 8723 3055 5407 8724 3133 5408 8725 3117 5409 8726 3075 5410 8727 3132 5411 8728 3133 5408 8729 3063 5412 8730 3122 5413 8731 3123 5324 8732 3114 5385 8733 3135 5414 8734 3076 5376 8735 3077 5415 8736 3134 5416 8737 3132 5411 8738 3080 5417 8739 3125 5418 8740 3082 5419 8741 3113 5402 8742 3124 5420 8743 3080 5417 8744 3078 5374 8745 3135 5414 8746 3134 5421 8747 3082 5419 8748 3126 5422 8749 3081 5423 8750 3079 5363 8751 3119 5388 8752 3114 5385 8753 3064 5424 8754 3117 5409 8755 3120 5399 8756 3081 5361 8757 3127 5425 8758 3079 5363 8759 3141 5426 8760 3138 5427 8761 3137 5428 8762 3136 5429 8763 3139 5430 8764 3140 5431 8765 3141 5432 8766 3136 5433 8767 3140 5434 8768 3137 5435 8769 3138 5435 8770 3136 5435 8771 3141 5436 8772 3140 5436 8773 3139 5436 8774 3153 5437 8775 3146 5438 8776 3152 5439 8777 3151 5440 8778 3146 5441 8779 3144 5442 8780 3145 5443 8781 3150 5444 8782 3149 5445 8783 3142 5446 8784 3150 5447 8785 3147 5448 8786 3149 5445 8787 3152 5449 8788 3151 5440 8789 3148 5450 8790 3152 5439 8791 3150 5447 8792 3155 5451 8793 3157 5452 8794 3156 5453 8795 3154 5454 8796 3157 5455 8797 3158 5456 8798 3159 5457 8799 3154 5458 8800 3158 5459 8801 3155 5460 8802 3156 5460 8803 3154 5460 8804 3159 5461 8805 3158 5461 8806 3157 5461 8807 3161 5462 8808 3163 5463 8809 3162 5464 8810 3160 5465 8811 3163 5466 8812 3164 5467 8813 3165 5468 8814 3160 5469 8815 3164 5470 8816 3161 5471 8817 3162 5471 8818 3160 5471 8819 3165 5472 8820 3164 5472 8821 3163 5472 8822 3171 5473 8823 3168 5474 8824 3167 5475 8825 3166 5476 8826 3169 5477 8827 3170 5478 8828 3171 5479 8829 3166 5480 8830 3170 5481 8831 3167 5482 8832 3168 5482 8833 3166 5482 8834 3171 5483 8835 3170 5483 8836 3169 5483 8837 3173 5484 8838 3175 5485 8839 3174 5486 8840 3172 5487 8841 3175 5488 8842 3176 5489 8843 3177 5490 8844 3172 5491 8845 3176 5492 8846 3173 5493 8847 3174 5493 8848 3172 5493 8849 3177 5494 8850 3176 5494 8851 3175 5494 8852 3179 5495 8853 3181 5496 8854 3180 5497 8855 3178 5498 8856 3181 5499 8857 3182 5500 8858 3183 5501 8859 3178 5502 8860 3182 5503 8861 3179 5504 8862 3180 5504 8863 3178 5504 8864 3183 5505 8865 3182 5505 8866 3181 5505 8867 3195 5506 8868 3188 5507 8869 3194 5508 8870 3193 5509 8871 3188 5510 8872 3186 5511 8873 3187 5512 8874 3192 5513 8875 3191 5514 8876 3184 5515 8877 3192 5516 8878 3189 5517 8879 3191 5514 8880 3194 5518 8881 3193 5509 8882 3190 5519 8883 3194 5508 8884 3192 5516 8885 3207 5520 8886 3200 5521 8887 3206 5522 8888 3205 5523 8889 3200 5524 8890 3198 5525 8891 3199 5526 8892 3204 5527 8893 3203 5528 8894 3196 5529 8895 3204 5530 8896 3201 5531 8897 3203 5528 8898 3206 5532 8899 3205 5523 8900 3202 5533 8901 3206 5522 8902 3204 5530 8903 3219 5534 8904 3212 5535 8905 3218 5536 8906 3217 5537 8907 3212 5538 8908 3210 5539 8909 3211 5540 8910 3216 5541 8911 3215 5542 8912 3208 5543 8913 3216 5544 8914 3213 5545 8915 3215 5542 8916 3218 5546 8917 3217 5537 8918 3214 5547 8919 3218 5536 8920 3216 5544 8921 3231 5548 8922 3224 5549 8923 3230 5550 8924 3229 5551 8925 3224 5552 8926 3222 5553 8927 3223 5554 8928 3228 5555 8929 3227 5556 8930 3220 5557 8931 3228 5558 8932 3225 5559 8933 3227 5556 8934 3230 5560 8935 3229 5551 8936 3226 5561 8937 3230 5550 8938 3228 5558 8939 3243 5562 8940 3236 5563 8941 3242 5564 8942 3241 5565 8943 3236 5566 8944 3234 5567 8945 3235 5568 8946 3240 5569 8947 3239 5570 8948 3232 5571 8949 3240 5572 8950 3237 5573 8951 3239 5570 8952 3242 5574 8953 3241 5565 8954 3238 5575 8955 3242 5564 8956 3240 5572 8957 3262 5576 8958 3319 5577 8959 3317 5578 8960 3246 5579 8961 3288 5580 8962 3272 5581 8963 3249 5582 8964 3273 5583 8965 3291 5584 8966 3277 5585 8967 3245 5586 8968 3246 5579 8969 3276 5587 8970 3248 5588 8971 3295 5589 8972 3301 5590 8973 3320 5591 8974 3261 5592 8975 3260 5593 8976 3317 5578 8977 3318 5594 8978 3250 5595 8979 3287 5596 8980 3248 5588 8981 3252 5597 8982 3307 5598 8983 3301 5590 8984 3299 5599 8985 3251 5600 8986 3249 5582 8987 3247 5601 8988 3297 5602 8989 3300 5603 8990 3284 5604 8991 3258 5605 8992 3256 5606 8993 3285 5607 8994 3259 5608 8995 3258 5605 8996 3286 5609 8997 3257 5610 8998 3259 5608 8999 3272 5581 9000 3289 5611 9001 3274 5612 9002 3274 5612 9003 3290 5613 9004 3275 5614 9005 3275 5614 9006 3291 5584 9007 3273 5583 9008 3293 5615 9009 3279 5616 9010 3292 5617 9011 3292 5617 9012 3278 5618 9013 3294 5619 9014 3294 5619 9015 3276 5587 9016 3295 5589 9017 3281 5620 9018 3296 5621 9019 3297 5602 9020 3283 5622 9021 3298 5623 9022 3296 5621 9023 3282 5624 9024 3299 5599 9025 3298 5623 9026 3256 5606 9027 3300 5603 9028 3284 5604 9029 3255 5625 9030 3284 5626 9031 3253 5627 9032 3254 5628 9033 3285 5629 9034 3255 5625 9035 3252 5597 9036 3286 5630 9037 3254 5628 9038 3271 5631 9039 3288 5632 9040 3269 5633 9041 3270 5634 9042 3289 5635 9043 3271 5631 9044 3268 5636 9045 3290 5637 9046 3270 5634 9047 3262 5638 9048 3293 5639 9049 3292 5640 9050 3263 5641 9051 3292 5640 9052 3294 5642 9053 3261 5592 9054 3294 5642 9055 3295 5643 9056 3266 5644 9057 3297 5645 9058 3296 5646 9059 3267 5647 9060 3296 5646 9061 3298 5648 9062 3265 5649 9063 3298 5648 9064 3299 5599 9065 3253 5627 9066 3300 5650 9067 3244 5651 9068 3252 5597 9069 3248 5652 9070 3287 5653 9071 3261 5592 9072 3248 5652 9073 3301 5590 9074 3260 5654 9075 3245 5655 9076 3293 5639 9077 3264 5656 9078 3300 5650 9079 3297 5645 9080 3265 5649 9081 3249 5582 9082 3303 5657 9083 3269 5633 9084 3245 5655 9085 3302 5658 9086 3268 5636 9087 3249 5582 9088 3291 5584 9089 3313 5659 9090 3316 5660 9091 3314 5661 9092 3309 5662 9093 3306 5663 9094 3304 5664 9095 3322 5665 9096 3324 5666 9097 3304 5664 9098 3320 5591 9099 3304 5664 9100 3318 5667 9101 3253 5668 9102 3310 5669 9103 3255 5670 9104 3302 5671 9105 3318 5594 9106 3305 5672 9107 3263 5673 9108 3320 5591 9109 3319 5674 9110 3255 5670 9111 3311 5675 9112 3254 5676 9113 3264 5677 9114 3306 5678 9115 3244 5679 9116 3266 5680 9117 3322 5681 9118 3264 5677 9119 3254 5682 9120 3312 5683 9121 3252 5597 9122 3265 5684 9123 3308 5685 9124 3324 5686 9125 3267 5687 9126 3321 5688 9127 3266 5680 9128 3271 5689 9129 3313 5690 9130 3314 5691 9131 3269 5692 9132 3305 5672 9133 3313 5690 9134 3265 5684 9135 3323 5693 9136 3267 5694 9137 3270 5695 9138 3314 5691 9139 3315 5696 9140 3303 5697 9141 3316 5698 9142 3308 5685 9143 3244 5679 9144 3309 5699 9145 3253 5668 9146 3268 5700 9147 3315 5701 9148 3316 5698 9149 5 0 9150 3 5702 9151 2 1 9152 4 3 9153 0 5703 9154 2 4 9155 4 6 9156 5 5704 9157 1 7 9158 123 267 9159 116 5705 9160 150 268 9161 117 270 9162 118 277 9163 115 271 9164 150 273 9165 151 278 9166 117 274 9167 119 276 9168 126 292 9169 118 277 9170 151 278 9171 167 5706 9172 119 279 9173 123 280 9174 122 283 9175 120 281 9176 122 283 9177 124 289 9178 121 284 9179 166 269 9180 152 286 9181 122 285 9182 152 286 9183 153 5707 9184 124 287 9185 125 288 9186 149 335 9187 121 284 9188 153 360 9189 154 359 9190 125 5708 9191 119 276 9192 128 294 9193 127 291 9194 132 293 9195 129 301 9196 127 291 9197 155 295 9198 130 299 9199 125 296 9200 164 298 9201 137 323 9202 130 299 9203 134 300 9204 131 308 9205 129 301 9206 156 302 9207 132 306 9208 128 303 9209 157 305 9210 134 310 9211 132 306 9212 135 307 9213 141 334 9214 131 308 9215 158 309 9216 135 317 9217 134 310 9218 130 311 9219 137 314 9220 136 312 9221 137 314 9222 140 318 9223 138 315 9224 158 309 9225 163 5709 9226 148 316 9227 140 318 9228 142 325 9229 139 319 9230 159 320 9231 160 5710 9232 142 321 9233 164 298 9234 159 320 9235 140 322 9236 161 5711 9237 144 5711 9238 142 5711 9239 142 325 9240 144 5712 9241 145 326 9242 161 327 9243 146 5713 9244 147 328 9245 147 330 9246 146 5714 9247 143 331 9248 163 5715 9249 162 5716 9250 147 5717 9251 148 332 9252 143 331 9253 141 334 9254 125 288 9255 130 311 9256 133 313 9257 167 5718 9258 165 5718 9259 128 5718 9260 149 5719 9261 165 5719 9262 167 5719 9263 145 5720 9264 162 5716 9265 163 5715 9266 161 327 9267 162 329 9268 145 339 9269 143 5721 9270 146 5721 9271 161 5721 9272 141 342 9273 159 320 9274 164 298 9275 143 344 9276 160 5722 9277 159 320 9278 139 345 9279 163 5723 9280 158 346 9281 136 348 9282 138 347 9283 158 346 9284 133 350 9285 136 348 9286 157 349 9287 149 352 9288 133 350 9289 156 351 9290 129 354 9291 131 343 9292 164 298 9293 127 356 9294 129 354 9295 155 355 9296 126 5724 9297 127 5724 9298 154 5724 9299 126 361 9300 153 5725 9301 152 362 9302 118 363 9303 152 362 9304 166 269 9305 121 365 9306 167 5726 9307 151 278 9308 120 366 9309 151 278 9310 150 273 9311 166 269 9312 150 268 9313 114 368 9314 169 369 9315 171 5727 9316 170 370 9317 170 372 9318 171 5728 9319 175 373 9320 174 375 9321 175 5729 9322 173 376 9323 173 378 9324 169 383 9325 168 379 9326 174 374 9327 172 5730 9328 168 381 9329 175 382 9330 171 5731 9331 169 383 9332 228 384 9333 185 5732 9334 178 385 9335 179 387 9336 180 394 9337 177 388 9338 212 390 9339 213 395 9340 179 391 9341 181 393 9342 188 412 9343 180 394 9344 213 395 9345 229 458 9346 181 396 9347 185 397 9348 184 400 9349 182 398 9350 184 400 9351 186 407 9352 183 401 9353 214 402 9354 184 406 9355 185 403 9356 215 405 9357 186 410 9358 184 406 9359 186 407 9360 187 457 9361 211 408 9362 216 409 9363 187 416 9364 186 410 9365 190 411 9366 189 414 9367 188 412 9368 194 413 9369 191 420 9370 189 414 9371 217 415 9372 192 418 9373 187 416 9374 226 417 9375 199 442 9376 192 418 9377 196 419 9378 193 427 9379 191 420 9380 227 421 9381 218 424 9382 194 422 9383 218 424 9384 219 428 9385 196 425 9386 196 419 9387 197 456 9388 203 426 9389 219 428 9390 220 435 9391 197 429 9392 192 430 9393 199 434 9394 198 431 9395 202 433 9396 200 438 9397 198 431 9398 220 435 9399 225 454 9400 210 436 9401 202 433 9402 204 446 9403 201 437 9404 222 439 9405 204 5733 9406 202 440 9407 221 441 9408 202 440 9409 199 442 9410 223 443 9411 206 5734 9412 204 444 9413 204 446 9414 206 5735 9415 207 447 9416 208 448 9417 209 5736 9418 224 449 9419 209 451 9420 208 5737 9421 205 452 9422 225 454 9423 224 461 9424 209 455 9425 210 453 9426 205 452 9427 203 426 9428 187 457 9429 192 430 9430 195 432 9431 229 458 9432 227 421 9433 190 423 9434 183 459 9435 211 472 9436 227 421 9437 201 460 9438 207 5738 9439 224 461 9440 223 450 9441 224 449 9442 207 462 9443 208 464 9444 223 443 9445 222 445 9446 203 466 9447 221 441 9448 226 417 9449 205 465 9450 222 445 9451 221 441 9452 200 468 9453 201 460 9454 225 454 9455 198 469 9456 200 468 9457 220 435 9458 195 470 9459 198 469 9460 219 428 9461 211 472 9462 195 470 9463 218 471 9464 193 467 9465 226 417 9466 217 473 9467 191 474 9468 217 473 9469 216 409 9470 189 475 9471 216 409 9472 215 405 9473 188 476 9474 215 405 9475 214 402 9476 180 477 9477 214 402 9478 228 404 9479 182 479 9480 183 459 9481 229 458 9482 178 480 9483 182 479 9484 213 395 9485 177 481 9486 228 384 9487 212 386 9488 231 483 9489 233 5739 9490 232 484 9491 233 486 9492 237 5740 9493 236 487 9494 236 489 9495 237 5741 9496 235 490 9497 234 492 9498 235 5742 9499 231 493 9500 232 495 9501 236 5743 9502 234 496 9503 233 498 9504 231 5744 9505 235 499 9506 247 501 9507 240 5745 9508 274 502 9509 241 504 9510 242 509 9511 239 505 9512 274 5746 9513 275 5746 9514 241 5746 9515 241 504 9516 243 526 9517 250 508 9518 291 510 9519 243 572 9520 241 511 9521 247 513 9522 246 517 9523 244 514 9524 248 516 9525 245 523 9526 244 514 9527 290 5747 9528 276 5747 9529 246 5747 9530 277 519 9531 248 525 9532 246 520 9533 249 522 9534 273 571 9535 245 523 9536 278 524 9537 249 531 9538 248 525 9539 243 526 9540 252 528 9541 251 527 9542 252 528 9543 256 535 9544 253 529 9545 278 524 9546 279 5748 9547 254 530 9548 279 532 9549 288 5749 9550 261 533 9551 256 535 9552 258 540 9553 255 536 9554 289 537 9555 280 539 9556 256 535 9557 280 539 9558 281 5750 9559 258 540 9560 259 541 9561 265 570 9562 255 536 9563 282 5751 9564 259 5751 9565 258 5751 9566 261 543 9567 260 547 9568 257 544 9569 261 543 9570 264 552 9571 262 546 9572 287 548 9573 272 5752 9574 259 549 9575 266 551 9576 263 561 9577 262 546 9578 284 553 9579 266 5753 9580 264 554 9581 288 5754 9582 283 5754 9583 264 5754 9584 285 557 9585 268 580 9586 266 558 9587 268 560 9588 269 5755 9589 263 561 9590 285 557 9591 270 5756 9592 271 562 9593 272 564 9594 271 5757 9595 270 565 9596 286 567 9597 271 5758 9598 272 568 9599 259 541 9600 272 564 9601 267 566 9602 254 545 9603 257 544 9604 273 571 9605 291 510 9606 289 537 9607 252 538 9608 273 573 9609 289 594 9610 291 574 9611 263 576 9612 269 5759 9613 286 577 9614 285 557 9615 286 563 9616 269 579 9617 267 581 9618 270 5756 9619 285 557 9620 265 5760 9621 283 5760 9622 288 5760 9623 265 584 9624 267 5761 9625 284 585 9626 262 587 9627 263 5762 9628 287 588 9629 260 5763 9630 262 5763 9631 282 5763 9632 260 591 9633 281 5764 9634 280 592 9635 257 593 9636 280 592 9637 289 594 9638 255 595 9639 288 5765 9640 279 596 9641 253 598 9642 279 5766 9643 278 524 9644 250 600 9645 251 599 9646 278 524 9647 242 601 9648 250 600 9649 277 519 9650 242 5767 9651 276 5767 9652 290 5767 9653 244 604 9654 245 575 9655 291 574 9656 244 5768 9657 275 5768 9658 274 5768 9659 290 503 9660 274 502 9661 238 607 9662 292 609 9663 293 5769 9664 295 610 9665 295 612 9666 299 623 9667 298 613 9668 299 615 9669 297 5770 9670 296 616 9671 296 618 9672 297 5771 9673 293 619 9674 298 621 9675 296 618 9676 292 620 9677 299 623 9678 295 612 9679 293 624 9680 352 626 9681 309 646 9682 302 627 9683 303 629 9684 304 636 9685 301 630 9686 336 632 9687 337 5772 9688 303 633 9689 303 629 9690 305 653 9691 312 635 9692 353 637 9693 305 5773 9694 303 638 9695 309 640 9696 308 644 9697 306 641 9698 310 643 9699 307 651 9700 306 641 9701 352 626 9702 338 5774 9703 308 645 9704 339 647 9705 310 5775 9706 308 648 9707 311 650 9708 335 699 9709 307 651 9710 339 731 9711 340 730 9712 311 5776 9713 305 653 9714 314 655 9715 313 654 9716 314 655 9717 318 664 9718 315 656 9719 340 657 9720 341 5777 9721 316 658 9722 350 660 9723 323 686 9724 316 661 9725 320 663 9726 317 670 9727 315 656 9728 351 665 9729 342 5778 9730 318 664 9731 343 666 9732 320 5779 9733 318 667 9734 321 669 9735 327 698 9736 317 670 9737 344 677 9738 321 679 9739 320 5780 9740 316 672 9741 323 675 9742 322 673 9743 323 675 9744 326 680 9745 324 676 9746 344 677 9747 349 5781 9748 334 678 9749 326 680 9750 328 691 9751 325 681 9752 345 682 9753 346 5782 9754 328 683 9755 350 5783 9756 345 5783 9757 326 5783 9758 347 687 9759 330 704 9760 328 688 9761 330 690 9762 331 5784 9763 325 681 9764 347 687 9765 332 5785 9766 333 692 9767 334 694 9768 333 5786 9769 332 695 9770 348 5787 9771 333 5787 9772 334 5787 9773 334 694 9774 329 696 9775 327 698 9776 316 672 9777 319 674 9778 335 699 9779 353 5788 9780 351 5788 9781 314 5788 9782 335 5789 9783 351 5789 9784 353 5789 9785 325 5790 9786 331 5790 9787 348 5790 9788 347 687 9789 348 693 9790 331 703 9791 329 5791 9792 332 5785 9793 347 687 9794 327 5792 9795 345 5792 9796 350 5792 9797 329 709 9798 346 5793 9799 345 710 9800 325 712 9801 349 5794 9802 344 713 9803 322 715 9804 324 5795 9805 344 716 9806 319 718 9807 322 5796 9808 343 719 9809 319 721 9810 342 5797 9811 351 722 9812 315 724 9813 317 708 9814 350 707 9815 315 726 9816 341 5798 9817 340 727 9818 312 5799 9819 313 728 9820 340 727 9821 304 732 9822 312 5800 9823 339 733 9824 304 735 9825 338 5801 9826 352 626 9827 306 737 9828 307 5802 9829 353 738 9830 306 5803 9831 337 5803 9832 336 5803 9833 352 626 9834 336 628 9835 300 741 9836 355 742 9837 357 5804 9838 356 743 9839 356 745 9840 357 5805 9841 361 746 9842 360 748 9843 361 5806 9844 359 749 9845 359 751 9846 355 5807 9847 354 752 9848 356 754 9849 360 5808 9850 358 755 9851 357 757 9852 355 5809 9853 359 758 9854 970 2038 9855 963 5810 9856 997 2039 9857 961 2041 9858 964 2047 9859 965 2042 9860 998 2051 9861 964 2050 9862 961 5811 9863 964 2047 9864 966 2067 9865 973 2048 9866 1014 2049 9867 966 2115 9868 964 2050 9869 969 2052 9870 967 2056 9871 963 2053 9872 971 2055 9873 968 2064 9874 967 2056 9875 999 5812 9876 969 5812 9877 970 5812 9878 1000 2060 9879 971 2066 9880 969 2061 9881 972 2063 9882 996 2114 9883 968 2064 9884 1001 2065 9885 972 2072 9886 971 2066 9887 966 2067 9888 975 2069 9889 974 2068 9890 975 2069 9891 979 2075 9892 976 2070 9893 1001 2065 9894 1002 2073 9895 977 2071 9896 1002 2073 9897 1011 5813 9898 984 2074 9899 979 2075 9900 981 2082 9901 978 2076 9902 1012 2077 9903 1003 2080 9904 979 2078 9905 1003 2080 9906 1004 5814 9907 981 2081 9908 981 2082 9909 982 2113 9910 988 2083 9911 1004 2131 9912 1005 2130 9913 982 5815 9914 984 2085 9915 983 2089 9916 980 2086 9917 987 2088 9918 985 2094 9919 983 2089 9920 1010 2090 9921 995 2112 9922 982 2091 9923 989 2093 9924 986 2104 9925 985 2094 9926 1007 2095 9927 989 2102 9928 987 2096 9929 1006 5816 9930 987 5816 9931 984 5816 9932 1008 2101 9933 991 5817 9934 989 2102 9935 991 2103 9936 992 5818 9937 986 2104 9938 1008 2105 9939 993 5819 9940 994 2106 9941 995 2108 9942 994 5820 9943 993 2109 9944 1009 2111 9945 994 5821 9946 995 2112 9947 982 2113 9948 995 2108 9949 990 2110 9950 977 2087 9951 980 2086 9952 996 2114 9953 1014 2049 9954 1012 2077 9955 975 2079 9956 996 2116 9957 1012 2135 9958 1014 2117 9959 986 2119 9960 992 5822 9961 1009 2111 9962 1008 2105 9963 1009 2107 9964 992 2120 9965 990 2122 9966 993 5823 9967 1008 2123 9968 988 5824 9969 1006 2098 9970 1011 2100 9971 988 2126 9972 990 2122 9973 1007 2124 9974 985 2128 9975 986 2119 9976 1010 2090 9977 983 5825 9978 985 5825 9979 1005 5825 9980 983 2132 9981 1004 5826 9982 1003 2133 9983 980 2134 9984 1003 2133 9985 1012 2135 9986 978 2136 9987 1011 5827 9988 1002 2137 9989 976 2138 9990 1002 2137 9991 1001 2065 9992 973 2140 9993 974 2139 9994 1001 2065 9995 965 2141 9996 973 2140 9997 1000 2060 9998 962 5828 9999 965 5828 10000 999 5828 10001 967 2144 10002 968 2118 10003 1014 2117 10004 963 5829 10005 967 2144 10006 998 2145 10007 1013 2040 10008 997 2039 10009 961 2147 10010 1015 2149 10011 1016 5830 10012 1018 2150 10013 1018 2152 10014 1022 2163 10015 1021 2153 10016 1022 2155 10017 1020 5831 10018 1019 2156 10019 1019 2158 10020 1020 5832 10021 1016 2159 10022 1021 2161 10023 1019 2158 10024 1015 2160 10025 1022 2163 10026 1018 2152 10027 1016 2164 10028 1032 2166 10029 1025 5833 10030 1059 2167 10031 1026 2169 10032 1027 2176 10033 1024 2170 10034 1060 5834 10035 1026 5834 10036 1023 5834 10037 1026 2169 10038 1028 2193 10039 1035 2175 10040 1076 2177 10041 1028 2236 10042 1026 2178 10043 1032 2180 10044 1031 2184 10045 1029 2181 10046 1033 2183 10047 1030 2190 10048 1029 2181 10049 1075 5835 10050 1061 5835 10051 1031 5835 10052 1062 2186 10053 1033 2192 10054 1031 2187 10055 1034 2189 10056 1058 2235 10057 1030 2190 10058 1063 2191 10059 1034 2198 10060 1033 2192 10061 1028 2193 10062 1037 2195 10063 1036 2194 10064 1037 2195 10065 1041 2200 10066 1038 2196 10067 1063 2191 10068 1064 5836 10069 1039 2197 10070 1064 5837 10071 1073 5837 10072 1046 5837 10073 1041 2200 10074 1043 2205 10075 1040 2201 10076 1074 2202 10077 1065 2204 10078 1041 2200 10079 1065 2204 10080 1066 5838 10081 1043 2205 10082 1044 2206 10083 1050 2234 10084 1040 2201 10085 1067 5839 10086 1044 5839 10087 1043 5839 10088 1046 2210 10089 1045 2214 10090 1042 2211 10091 1046 2210 10092 1049 2217 10093 1047 2213 10094 1072 5840 10095 1057 5840 10096 1044 5840 10097 1051 2216 10098 1048 2225 10099 1047 2213 10100 1069 2218 10101 1051 2216 10102 1049 2217 10103 1073 2248 10104 1068 2247 10105 1049 5841 10106 1070 2221 10107 1053 2242 10108 1051 2222 10109 1053 2224 10110 1054 5842 10111 1048 2225 10112 1070 2221 10113 1055 5843 10114 1056 2226 10115 1057 2228 10116 1056 5844 10117 1055 2229 10118 1072 2231 10119 1071 2241 10120 1056 2232 10121 1044 2206 10122 1057 2228 10123 1052 2230 10124 1039 2212 10125 1042 2211 10126 1058 2235 10127 1076 2177 10128 1074 2202 10129 1037 2203 10130 1058 2237 10131 1074 2258 10132 1076 2238 10133 1048 2240 10134 1054 5845 10135 1071 2241 10136 1053 2242 10137 1070 2221 10138 1071 2227 10139 1052 2244 10140 1055 5843 10141 1070 2221 10142 1040 5846 10143 1050 5846 10144 1068 5846 10145 1050 2249 10146 1052 5847 10147 1069 2250 10148 1048 2252 10149 1072 5848 10150 1067 2253 10151 1047 5849 10152 1067 2207 10153 1066 2209 10154 1045 2214 10155 1066 5850 10156 1065 2256 10157 1042 2257 10158 1065 5851 10159 1074 2258 10160 1038 2259 10161 1040 5852 10162 1073 2260 10163 1038 2262 10164 1064 5853 10165 1063 2191 10166 1036 2263 10167 1063 2191 10168 1062 2186 10169 1027 2265 10170 1035 2264 10171 1062 2186 10172 1027 5854 10173 1061 5854 10174 1075 5854 10175 1029 2268 10176 1030 2239 10177 1076 2238 10178 1029 5855 10179 1060 2172 10180 1059 2174 10181 1075 2168 10182 1059 2167 10183 1023 2271 10184 1077 2273 10185 1078 5856 10186 1080 2274 10187 1080 2276 10188 1084 5857 10189 1083 2277 10190 1084 2279 10191 1082 5858 10192 1081 2280 10193 1081 2282 10194 1082 5859 10195 1078 2283 10196 1083 2285 10197 1081 5860 10198 1077 2286 10199 1084 2288 10200 1080 5861 10201 1078 2289 10202 1104 2291 10203 1158 2293 10204 1160 5862 10205 1086 2294 10206 1113 2296 10207 1129 2324 10208 1092 2297 10209 1132 2299 10210 1114 2329 10211 1134 2300 10212 1087 2295 10213 1086 2294 10214 1136 2302 10215 1091 2304 10216 1117 5863 10217 1102 2305 10218 1148 2307 10219 1142 2312 10220 1103 2292 10221 1159 2309 10222 1158 2293 10223 1089 2303 10224 1098 2311 10225 1091 2304 10226 1142 2312 10227 1153 2313 10228 1093 2401 10229 1121 2314 10230 1090 2298 10231 1092 2297 10232 1122 2316 10233 1141 2318 10234 1138 2334 10235 1097 2319 10236 1126 2321 10237 1125 2339 10238 1099 2320 10239 1127 2323 10240 1126 2321 10241 1100 2322 10242 1128 2310 10243 1127 2323 10244 1129 2324 10245 1115 2325 10246 1130 2326 10247 1130 2326 10248 1116 2327 10249 1131 2328 10250 1131 2328 10251 1114 2329 10252 1132 2299 10253 1118 2301 10254 1133 2330 10255 1120 2331 10256 1120 2331 10257 1135 2332 10258 1119 2333 10259 1119 2333 10260 1136 2302 10261 1117 5863 10262 1138 2334 10263 1124 2336 10264 1122 2316 10265 1137 2335 10266 1123 2338 10267 1124 2336 10268 1139 2337 10269 1121 2314 10270 1123 2338 10271 1088 2317 10272 1125 2339 10273 1141 2318 10274 1096 2340 10275 1125 2342 10276 1126 2344 10277 1095 2343 10278 1126 2344 10279 1127 2346 10280 1093 2345 10281 1127 2346 10282 1128 2310 10283 1112 2347 10284 1129 2349 10285 1130 2351 10286 1111 2350 10287 1130 2351 10288 1131 2353 10289 1109 2352 10290 1131 2353 10291 1132 2376 10292 1103 2354 10293 1134 2356 10294 1101 2370 10295 1104 2357 10296 1133 2355 10297 1103 2354 10298 1102 2359 10299 1135 2358 10300 1104 2357 10301 1107 2360 10302 1138 2362 10303 1105 2372 10304 1108 2363 10305 1137 2361 10306 1107 2360 10307 1106 2365 10308 1139 2364 10309 1108 2363 10310 1094 2341 10311 1141 2368 10312 1125 2342 10313 1093 2345 10314 1089 2303 10315 1142 2369 10316 1102 2359 10317 1089 2303 10318 1136 2302 10319 1101 2370 10320 1086 2371 10321 1143 2375 10322 1105 2372 10323 1141 2368 10324 1085 2367 10325 1106 2365 10326 1090 2374 10327 1140 2366 10328 1110 2348 10329 1086 2371 10330 1129 2349 10331 1109 2352 10332 1090 2374 10333 1144 2373 10334 1146 5864 10335 1154 2377 10336 1145 2381 10337 1145 2381 10338 1157 2379 10339 1149 2413 10340 1154 2377 10341 1157 2379 10342 1145 2381 10343 1157 2379 10344 1155 2378 10345 1156 5865 10346 1148 2416 10347 1145 2381 10348 1153 5866 10349 1153 5866 10350 1151 5867 10351 1152 2416 10352 1145 2381 10353 1150 2380 10354 1153 5866 10355 1151 5867 10356 1153 5866 10357 1150 2380 10358 1145 2381 10359 1163 2383 10360 1147 2382 10361 1163 2383 10362 1165 2384 10363 1162 5868 10364 1162 5868 10365 1165 2384 10366 1164 5869 10367 1165 2384 10368 1145 2381 10369 1149 2413 10370 1161 2385 10371 1145 2381 10372 1148 2416 10373 1145 2381 10374 1159 2386 10375 1146 5864 10376 1159 2386 10377 1161 2385 10378 1158 5870 10379 1158 5870 10380 1161 2385 10381 1160 5871 10382 1096 2387 10383 1150 2389 10384 1094 2414 10385 1101 2308 10386 1146 2391 10387 1159 2309 10388 1102 2305 10389 1160 2393 10390 1161 2306 10391 1095 2394 10392 1151 2388 10393 1096 2387 10394 1085 2396 10395 1163 2398 10396 1105 2399 10397 1105 2399 10398 1162 2400 10399 1107 2403 10400 1093 2401 10401 1152 2402 10402 1095 5872 10403 1144 2373 10404 1165 2384 10405 1149 2413 10406 1107 2403 10407 1164 2404 10408 1108 5873 10409 1110 2405 10410 1155 2407 10411 1154 2408 10412 1143 2390 10413 1154 2408 10414 1146 2391 10415 1108 2409 10416 1165 2384 10417 1106 2365 10418 1112 2406 10419 1156 2412 10420 1155 2407 10421 1144 2373 10422 1157 2379 10423 1109 2352 10424 1094 2414 10425 1147 2397 10426 1085 2396 10427 1111 2415 10428 1157 2379 10429 1156 5874 10430 1173 2416 10431 1170 2416 10432 1171 2416 10433 1223 2417 10434 1170 2419 10435 1224 2508 10436 1171 2420 10437 1225 2422 10438 1173 5875 10439 1222 2423 10440 1170 2425 10441 1169 5876 10442 1168 2426 10443 1237 2428 10444 1172 2438 10445 1182 2429 10446 1175 2431 10447 1174 2449 10448 1176 2432 10449 1185 2434 10450 1177 2452 10451 1184 2435 10452 1176 2437 10453 1175 2453 10454 1172 2438 10455 1178 2440 10456 1168 2426 10457 1172 2441 10458 1179 2443 10459 1181 2447 10460 1180 2444 10461 1168 2446 10462 1178 2448 10463 1178 2440 10464 1183 2436 10465 1184 2435 10466 1183 2433 10467 1179 2443 10468 1185 2434 10469 1180 2444 10470 1184 2430 10471 1182 2429 10472 1174 2449 10473 1188 2450 10474 1186 2517 10475 1187 2451 10476 1177 2452 10477 1189 2520 10478 1175 2453 10479 1187 2454 10480 1188 2521 10481 1193 2455 10482 1190 2457 10483 1191 5877 10484 1193 2458 10485 1194 2460 10486 1192 1432 10487 1193 2461 10488 1195 2463 10489 1197 5878 10490 1196 2464 10491 1192 2466 10492 1194 5879 10493 1201 2467 10494 1198 2469 10495 1199 5880 10496 1201 2470 10497 1202 2472 10498 1200 5881 10499 1201 2473 10500 1203 2475 10501 1205 5882 10502 1204 2476 10503 1200 2478 10504 1202 5883 10505 1209 2479 10506 1206 2481 10507 1207 5884 10508 1209 2482 10509 1210 2484 10510 1208 5885 10511 1209 2485 10512 1211 2487 10513 1213 5886 10514 1212 2488 10515 1208 2490 10516 1210 5887 10517 1217 2491 10518 1214 2493 10519 1215 5888 10520 1217 2494 10521 1218 2496 10522 1216 5889 10523 1217 2497 10524 1219 2499 10525 1221 5890 10526 1220 2500 10527 1216 2502 10528 1218 5891 10529 1228 2503 10530 1224 2424 10531 1222 2423 10532 1223 2421 10533 1227 2506 10534 1225 2422 10535 1229 2507 10536 1224 2508 10537 1226 5892 10538 1230 2509 10539 1229 2507 10540 1226 5892 10541 1229 2511 10542 1231 2513 10543 1227 5893 10544 1232 2514 10545 1226 2516 10546 1228 5894 10547 1186 2517 10548 1230 2518 10549 1232 5895 10550 1233 2519 10551 1189 2520 10552 1231 5896 10553 1188 2521 10554 1233 2510 10555 1230 2509 10556 1237 2522 10557 1234 2524 10558 1235 5897 10559 1166 2525 10560 1235 2527 10561 1234 5898 10562 1167 2442 10563 1237 2528 10564 1235 5899 10565 1166 2445 10566 1236 2530 10567 1168 2446 10568 1245 2531 10569 1251 2552 10570 1249 2532 10571 1246 2533 10572 1249 5900 10573 1251 2534 10574 1242 2536 10575 1243 5901 10576 1253 2537 10577 1247 2539 10578 1248 5902 10579 1253 2540 10580 1246 2542 10581 1250 5903 10582 1239 2543 10583 1247 2545 10584 1240 2548 10585 1246 2542 10586 1248 2538 10587 1247 2545 10588 1238 2544 10589 1242 2536 10590 1248 2538 10591 1241 2546 10592 1242 2536 10593 1249 2547 10594 1246 2542 10595 1252 2549 10596 1239 2554 10597 1250 2550 10598 1244 2551 10599 1250 2550 10600 1251 2552 10601 1252 2549 10602 1253 2555 10603 1245 2531 10604 1243 2553 10605 1251 2552 10606 1245 2531 10607 1252 2549 10608 1244 2551 10609 1240 2556 10610 1259 2558 10611 1262 2570 10612 1291 2559 10613 1261 2561 10614 1285 2572 10615 1290 2562 10616 1255 2564 10617 1257 2573 10618 1274 2565 10619 1254 2567 10620 1276 2571 10621 1277 2568 10622 1262 2570 10623 1256 2569 10624 1277 2568 10625 1254 2567 10626 1259 2558 10627 1284 2560 10628 1255 2564 10629 1275 2566 10630 1285 2572 10631 1269 2563 10632 1290 2562 10633 1274 2565 10634 1264 2574 10635 1263 2581 10636 1289 2575 10637 1267 2577 10638 1280 2585 10639 1286 2578 10640 1266 2579 10641 1286 2578 10642 1290 2562 10643 1263 2581 10644 1271 2583 10645 1291 2559 10646 1270 2582 10647 1284 2560 10648 1291 2559 10649 1272 2584 10650 1273 2580 10651 1290 2562 10652 1270 2582 10653 1264 2574 10654 1279 2576 10655 1272 2584 10656 1285 2572 10657 1280 2585 10658 1281 2586 10659 1286 2578 10660 1287 2587 10661 1278 2589 10662 1268 2595 10663 1288 2590 10664 1282 2591 10665 1290 2562 10666 1286 2578 10667 1283 2592 10668 1278 2589 10669 1289 2575 10670 1265 2588 10671 1287 2587 10672 1292 2593 10673 1268 2595 10674 1258 2597 10675 1293 2596 10676 1282 2591 10677 1260 2594 10678 1292 2593 10679 1283 2592 10680 1291 2559 10681 1293 2596 10682 1254 2567 10683 1255 5904 10684 1261 2598 10685 1262 2599 10686 1259 5905 10687 1261 2600 10688 1269 2563 10689 1257 2573 10690 1256 2601 10691 1271 2603 10692 1263 5906 10693 1266 2579 10694 1270 2582 10695 1272 5907 10696 1267 2604 10697 1263 2605 10698 1264 5908 10699 1267 2606 10700 1281 2608 10701 1278 2589 10702 1283 2592 10703 1281 2610 10704 1265 5909 10705 1268 2611 10706 1258 2612 10707 1268 5910 10708 1265 2588 10709 1293 2613 10710 1291 5911 10711 1290 2614 10712 1277 2568 10713 1274 5912 10714 1290 2616 10715 1277 2617 10716 1276 5913 10717 1275 2618 10718 1287 2620 10719 1288 2590 10720 1293 2596 10721 1285 2572 10722 1275 2566 10723 1276 2622 10724 1280 2585 10725 1285 2572 10726 1284 2623 10727 1297 2625 10728 1301 5914 10729 1299 2626 10730 1296 2628 10731 1298 5915 10732 1299 2629 10733 1300 2631 10734 1299 5916 10735 1301 2632 10736 1297 2634 10737 1298 5917 10738 1296 2635 10739 1300 2637 10740 1295 5918 10741 1294 2638 10742 1309 2640 10743 1307 5919 10744 1306 2641 10745 1304 2643 10746 1306 5920 10747 1307 2644 10748 1307 2646 10749 1309 5921 10750 1303 2647 10751 1302 2649 10752 1305 5922 10753 1306 2650 10754 1304 2652 10755 1308 5923 10756 1303 2653 10757 1313 2655 10758 1317 5924 10759 1315 2656 10760 1312 2658 10761 1314 5925 10762 1315 2659 10763 1316 2661 10764 1315 5926 10765 1317 2662 10766 1313 2664 10767 1314 5927 10768 1312 2665 10769 1316 2667 10770 1311 5928 10771 1310 2668 10772 1325 2670 10773 1323 5929 10774 1322 2671 10775 1320 2673 10776 1322 5930 10777 1323 2674 10778 1323 2676 10779 1325 5931 10780 1319 2677 10781 1318 2679 10782 1321 5932 10783 1322 2680 10784 1320 2682 10785 1324 5933 10786 1319 2683 10787 1329 2685 10788 1333 5934 10789 1331 2686 10790 1328 2688 10791 1330 5935 10792 1331 2689 10793 1332 2691 10794 1331 5936 10795 1333 2692 10796 1329 2694 10797 1330 5937 10798 1328 2695 10799 1332 2697 10800 1327 5938 10801 1326 2698 10802 1341 2700 10803 1339 5939 10804 1338 2701 10805 1336 2703 10806 1338 5940 10807 1339 2704 10808 1339 2706 10809 1341 5941 10810 1335 2707 10811 1334 2709 10812 1337 5942 10813 1338 2710 10814 1336 2712 10815 1340 5943 10816 1335 2713 10817 1345 2715 10818 1349 5944 10819 1347 2716 10820 1344 2718 10821 1346 5945 10822 1347 2719 10823 1348 2721 10824 1347 5946 10825 1349 2722 10826 1345 2724 10827 1346 5947 10828 1344 2725 10829 1348 2727 10830 1343 5948 10831 1342 2728 10832 1357 2730 10833 1355 5949 10834 1354 2731 10835 1352 2733 10836 1354 5950 10837 1355 2734 10838 1355 2736 10839 1357 5951 10840 1351 2737 10841 1350 2739 10842 1353 5952 10843 1354 2740 10844 1352 2742 10845 1356 5953 10846 1351 2743 10847 1361 2745 10848 1365 5954 10849 1363 2746 10850 1360 2748 10851 1362 5955 10852 1363 2749 10853 1364 2751 10854 1363 5956 10855 1365 2752 10856 1361 2754 10857 1362 5957 10858 1360 2755 10859 1364 2757 10860 1359 5958 10861 1358 2758 10862 1373 2760 10863 1371 5959 10864 1370 2761 10865 1368 2763 10866 1370 5960 10867 1371 2764 10868 1371 2766 10869 1373 5961 10870 1367 2767 10871 1366 2769 10872 1369 5952 10873 1370 2770 10874 1368 2772 10875 1372 5962 10876 1367 2773 10877 1379 2775 10878 1411 2777 10879 1382 2787 10880 1381 2778 10881 1410 2780 10882 1405 2789 10883 1375 2781 10884 1394 2783 10885 1377 2790 10886 1374 2784 10887 1397 2786 10888 1396 2788 10889 1376 2785 10890 1411 2777 10891 1397 2786 10892 1379 2775 10893 1396 2788 10894 1404 2776 10895 1381 2778 10896 1395 2782 10897 1375 2781 10898 1377 2790 10899 1410 2780 10900 1389 2779 10901 1384 2791 10902 1409 2793 10903 1383 2799 10904 1387 2794 10905 1406 2796 10906 1400 2802 10907 1393 2797 10908 1406 2796 10909 1386 2795 10910 1391 2798 10911 1409 2793 10912 1411 2777 10913 1390 2800 10914 1411 2777 10915 1404 2776 10916 1392 2801 10917 1410 2780 10918 1393 2797 10919 1384 2791 10920 1404 2776 10921 1399 2792 10922 1387 2794 10923 1405 2789 10924 1392 2801 10925 1401 2803 10926 1407 2805 10927 1406 2796 10928 1398 2806 10929 1408 2807 10930 1388 2812 10931 1401 2803 10932 1410 2780 10933 1402 2813 10934 1398 2806 10935 1411 2777 10936 1409 2793 10937 1380 2809 10938 1407 2805 10939 1385 2804 10940 1378 2811 10941 1408 2807 10942 1413 2814 10943 1402 2813 10944 1412 2810 10945 1380 2809 10946 1403 2808 10947 1413 2814 10948 1411 2777 10949 1374 2815 10950 1381 2778 10951 1375 2781 10952 1379 2817 10953 1389 2819 10954 1381 1432 10955 1389 2820 10956 1376 2785 10957 1377 5963 10958 1391 2798 10959 1386 2822 10960 1383 2799 10961 1390 2823 10962 1387 2794 10963 1392 2801 10964 1384 2825 10965 1386 2827 10966 1387 1432 10967 1401 2803 10968 1403 2828 10969 1398 5964 10970 1385 2829 10971 1398 2831 10972 1388 1432 10973 1378 2811 10974 1385 2833 10975 1388 2812 10976 1412 2834 10977 1411 2836 10978 1413 5965 10979 1397 2837 10980 1410 2780 10981 1394 2783 10982 1394 2839 10983 1396 2841 10984 1397 5966 10985 1407 2805 10986 1413 2842 10987 1408 5967 10988 1405 2843 10989 1396 2788 10990 1395 5968 10991 1400 2844 10992 1404 2776 10993 1405 2843 10994 1417 2845 10995 1421 5969 10996 1419 2846 10997 1416 2848 10998 1418 5970 10999 1419 2849 11000 1420 2851 11001 1419 5971 11002 1421 2852 11003 1417 2854 11004 1418 5972 11005 1416 2855 11006 1420 2857 11007 1415 5973 11008 1414 2858 11009 1429 2860 11010 1427 5974 11011 1426 2861 11012 1424 2863 11013 1426 5975 11014 1427 2864 11015 1427 2866 11016 1429 5976 11017 1423 2867 11018 1422 2869 11019 1425 5922 11020 1426 2870 11021 1424 2872 11022 1428 5977 11023 1423 2873 11024 1441 2875 11025 1435 5978 11026 1434 2876 11027 1458 2878 11028 1434 5979 11029 1435 2879 11030 1461 2881 11031 1441 2875 11032 1437 2882 11033 1439 2884 11034 1434 5980 11035 1458 2885 11036 1431 2887 11037 1430 5981 11038 1443 2888 11039 1432 2890 11040 1436 5982 11041 1440 2891 11042 1433 2893 11043 1439 2884 11044 1460 2886 11045 1457 2895 11046 1435 5978 11047 1441 2875 11048 1433 2896 11049 1437 5983 11050 1448 2897 11051 1446 2899 11052 1464 5984 11053 1465 2900 11054 1448 2902 11055 1447 5985 11056 1444 2903 11057 1431 2905 11058 1442 5986 11059 1446 2906 11060 1440 2908 11061 1446 2899 11062 1449 2901 11063 1430 2910 11064 1438 2892 11065 1449 2911 11066 1441 2875 11067 1447 5985 11068 1448 2902 11069 1439 2913 11070 1444 5987 11071 1447 2914 11072 1439 2884 11073 1433 2893 11074 1445 2915 11075 1436 2916 11076 1452 2923 11077 1455 2917 11078 1450 2918 11079 1454 2919 11080 1438 2892 11081 1454 2919 11082 1451 2924 11083 1432 2890 11084 1440 2907 11085 1455 2917 11086 1453 2920 11087 1432 2921 11088 1451 2925 11089 1452 2922 11090 1452 2923 11091 1457 2895 11092 1461 2881 11093 1460 2886 11094 1458 2885 11095 1451 2924 11096 1451 2925 11097 1458 2878 11098 1457 2880 11099 1465 2926 11100 1464 2929 11101 1462 2927 11102 1446 2906 11103 1442 5986 11104 1462 2927 11105 1442 2889 11106 1443 2888 11107 1463 2930 11108 1449 2911 11109 1465 5988 11110 1463 2932 11111 1471 2933 11112 1469 5989 11113 1468 2934 11114 1466 2936 11115 1468 5990 11116 1469 2937 11117 1477 2941 11118 1475 5991 11119 1474 2942 11120 1472 2944 11121 1474 2944 11122 1475 2945 11123 1483 2949 11124 1481 5992 11125 1480 2950 11126 1478 2952 11127 1480 5993 11128 1481 2953 11129 1489 2957 11130 1487 5994 11131 1486 2958 11132 1484 2960 11133 1486 5995 11134 1487 2961 11135 1490 2965 11136 1518 2976 11137 1517 2966 11138 1495 2968 11139 1522 3000 11140 1523 2969 11141 1525 2971 11142 1490 2965 11143 1533 2967 11144 1530 2973 11145 1531 5996 11146 1494 2974 11147 1518 2976 11148 1519 2978 11149 1516 2977 11150 1519 2978 11151 1521 5997 11152 1520 2979 11153 1521 2980 11154 1523 5998 11155 1522 2981 11156 1526 2972 11157 1527 2984 11158 1524 2983 11159 1527 2984 11160 1529 5999 11161 1528 2985 11162 1529 2986 11163 1531 6000 11164 1530 2987 11165 1506 2989 11166 1504 3023 11167 1517 2990 11168 1503 2992 11169 1519 2998 11170 1518 2993 11171 1507 2995 11172 1506 2989 11173 1516 2991 11174 1502 2997 11175 1521 3002 11176 1519 2998 11177 1505 2999 11178 1507 2995 11179 1520 2996 11180 1500 3001 11181 1523 3026 11182 1521 3002 11183 1498 3003 11184 1496 3019 11185 1525 3004 11186 1511 3006 11187 1527 3012 11188 1526 3007 11189 1499 3009 11190 1498 3003 11191 1524 3005 11192 1510 3011 11193 1529 3015 11194 1527 3012 11195 1497 3013 11196 1499 3009 11197 1528 3010 11198 1508 3014 11199 1531 3018 11200 1529 3015 11201 1497 3013 11202 1530 2973 11203 1492 2975 11204 1508 3014 11205 1512 3028 11206 1494 3017 11207 1496 3019 11208 1532 3024 11209 1490 3020 11210 1509 3008 11211 1526 3007 11212 1533 3021 11213 1491 3022 11214 1533 3021 11215 1517 2990 11216 1532 3024 11217 1501 2994 11218 1518 2993 11219 1500 3001 11220 1514 3032 11221 1493 3025 11222 1505 2999 11223 1522 3000 11224 1495 2968 11225 1512 3028 11226 1508 3014 11227 1497 3029 11228 1500 3001 11229 1505 6001 11230 1515 3031 11231 1497 3033 11232 1508 6002 11233 1510 3034 11234 1505 3036 11235 1500 6003 11236 1502 3037 11237 1599 3039 11238 1603 3065 11239 1568 3040 11240 1553 3042 11241 1578 3119 11242 1576 3043 11243 1600 3045 11244 1605 3158 11245 1555 3046 11246 1597 3048 11247 1562 3152 11248 1558 3049 11249 1558 3051 11250 1559 6004 11251 1595 3052 11252 1559 3054 11253 1560 3145 11254 1596 3055 11255 1597 3048 11256 1544 3156 11257 1545 3057 11258 1598 3058 11259 1545 3057 11260 1543 3059 11261 1600 3045 11262 1538 3047 11263 1539 3060 11264 1539 3060 11265 1537 6005 11266 1602 3062 11267 1556 3063 11268 1557 6006 11269 1604 3064 11270 1557 3066 11271 1555 6007 11272 1605 3067 11273 1602 3062 11274 1537 6005 11275 1535 3069 11276 1583 3070 11277 1559 3074 11278 1558 3071 11279 1583 3070 11280 1584 3091 11281 1560 3073 11282 1586 3075 11283 1562 3092 11284 1561 3076 11285 1587 3078 11286 1585 3077 11287 1561 3076 11288 1589 3080 11289 1565 3093 11290 1564 3081 11291 1590 3083 11292 1588 3082 11293 1564 3081 11294 1591 3085 11295 1592 3094 11296 1568 3086 11297 1591 3088 11298 1567 6008 11299 1569 3089 11300 1584 3091 11301 1590 3083 11302 1566 3084 11303 1582 3072 11304 1558 3071 11305 1562 3092 11306 1593 3090 11307 1569 3089 11308 1565 3093 11309 1592 3094 11310 1587 3078 11311 1563 3079 11312 1577 6009 11313 1576 6010 11314 1578 6011 11315 1575 6012 11316 1574 6013 11317 1573 6014 11318 1574 6013 11319 1575 6012 11320 1581 6015 11321 1572 6016 11322 1571 6017 11323 1570 6018 11324 1570 6018 11325 1574 6013 11326 1572 6016 11327 1575 6012 11328 1580 6019 11329 1581 6015 11330 1580 6019 11331 1579 6020 11332 1581 6015 11333 1546 3095 11334 1548 3103 11335 1573 3096 11336 1541 3098 11337 1546 3095 11338 1574 3097 11339 1551 3100 11340 1579 6021 11341 1580 3101 11342 1548 3103 11343 1547 3115 11344 1575 3104 11345 1552 3105 11346 1577 3114 11347 1581 3106 11348 1542 3108 11349 1541 6022 11350 1570 3109 11351 1550 3111 11352 1581 6023 11353 1579 3112 11354 1554 3044 11355 1576 3043 11356 1577 3114 11357 1549 3102 11358 1580 3101 11359 1575 3104 11360 1540 3116 11361 1542 6024 11362 1571 3117 11363 1553 3042 11364 1540 3116 11365 1572 3118 11366 1549 3120 11367 1547 3138 11368 1587 3121 11369 1550 3123 11370 1593 3090 11371 1589 3124 11372 1541 3126 11373 1582 3072 11374 1586 3127 11375 1540 3129 11376 1553 3135 11377 1590 3130 11378 1551 3132 11379 1591 3088 11380 1593 3090 11381 1551 3133 11382 1549 3120 11383 1592 3122 11384 1553 3135 11385 1554 3137 11386 1588 3136 11387 1552 3125 11388 1589 3124 11389 1588 3136 11390 1547 3138 11391 1548 3140 11392 1585 3139 11393 1546 3128 11394 1586 3127 11395 1585 3139 11396 1542 3141 11397 1540 3129 11398 1584 3131 11399 1542 3143 11400 1583 3070 11401 1582 3072 11402 1566 3144 11403 1602 3062 11404 1596 3055 11405 1604 3068 11406 1605 3067 11407 1569 3146 11408 1603 3065 11409 1604 3064 11410 1567 3148 11411 1601 3061 11412 1602 3062 11413 1566 3144 11414 1565 3150 11415 1600 3045 11416 1601 3061 11417 1561 3151 11418 1598 3058 11419 1599 3039 11420 1562 3152 11421 1597 3048 11422 1598 3058 11423 1595 3056 11424 1596 3055 11425 1535 3069 11426 1594 3053 11427 1595 3052 11428 1536 3154 11429 1544 3156 11430 1597 3048 11431 1594 3050 11432 1565 3150 11433 1569 6025 11434 1605 3158 11435 1543 3059 11436 1556 3063 11437 1603 3065 11438 1671 3159 11439 1675 3272 11440 1640 3160 11441 1625 3162 11442 1650 3242 11443 1648 3163 11444 1681 3165 11445 1689 3295 11446 1627 3166 11447 1669 3168 11448 1634 3278 11449 1630 3169 11450 1630 3171 11451 1631 6026 11452 1667 3172 11453 1631 3174 11454 1632 3268 11455 1668 3175 11456 1680 3177 11457 1616 6027 11458 1617 3178 11459 1684 3179 11460 1617 3178 11461 1615 3180 11462 1681 3165 11463 1610 3167 11464 1611 3182 11465 1611 3182 11466 1609 6028 11467 1687 3184 11468 1628 3185 11469 1629 6029 11470 1688 3186 11471 1629 3188 11472 1627 6030 11473 1689 3189 11474 1687 3184 11475 1609 6028 11476 1607 3191 11477 1655 3193 11478 1631 3197 11479 1630 3194 11480 1655 3193 11481 1656 3214 11482 1632 3196 11483 1658 3198 11484 1634 3215 11485 1633 3199 11486 1659 3201 11487 1657 3200 11488 1633 3199 11489 1661 3203 11490 1637 3216 11491 1636 3204 11492 1662 3206 11493 1660 3205 11494 1636 3204 11495 1663 3208 11496 1664 3217 11497 1640 3209 11498 1663 3211 11499 1639 6031 11500 1641 3212 11501 1656 3214 11502 1662 3206 11503 1638 3207 11504 1654 3195 11505 1630 3194 11506 1634 3215 11507 1665 3213 11508 1641 3212 11509 1637 3216 11510 1664 3217 11511 1659 3201 11512 1635 3202 11513 1653 6032 11514 1649 6033 11515 1652 6034 11516 1649 6033 11517 1648 6035 11518 1650 6036 11519 1647 6037 11520 1646 6038 11521 1645 6039 11522 1644 6040 11523 1643 6041 11524 1642 6042 11525 1642 6042 11526 1646 6038 11527 1644 6040 11528 1646 6038 11529 1647 6037 11530 1652 6034 11531 1652 6034 11532 1651 6043 11533 1653 6032 11534 1618 3218 11535 1620 3227 11536 1645 3219 11537 1613 3221 11538 1618 3218 11539 1646 3220 11540 1623 3223 11541 1651 6044 11542 1652 3224 11543 1619 3226 11544 1647 3238 11545 1645 3219 11546 1624 3228 11547 1649 3237 11548 1653 3229 11549 1614 3231 11550 1613 6045 11551 1642 3232 11552 1622 3234 11553 1653 6046 11554 1651 3235 11555 1626 3164 11556 1648 3163 11557 1649 3237 11558 1621 3225 11559 1652 3224 11560 1647 3238 11561 1612 3239 11562 1614 6047 11563 1643 3240 11564 1625 3162 11565 1612 3239 11566 1644 3241 11567 1621 3243 11568 1619 3261 11569 1659 3244 11570 1622 3246 11571 1665 3213 11572 1661 3247 11573 1613 3249 11574 1654 3195 11575 1658 3250 11576 1612 3252 11577 1625 3258 11578 1662 3253 11579 1623 3255 11580 1663 3211 11581 1665 3213 11582 1623 3256 11583 1621 3243 11584 1664 3245 11585 1625 3258 11586 1626 3260 11587 1660 3259 11588 1624 3248 11589 1661 3247 11590 1660 3259 11591 1619 3261 11592 1620 3263 11593 1657 3262 11594 1618 3251 11595 1658 3250 11596 1657 3262 11597 1614 3264 11598 1612 3252 11599 1656 3254 11600 1614 3266 11601 1655 3193 11602 1654 3195 11603 1638 3267 11604 1674 3292 11605 1668 3175 11606 1676 3269 11607 1677 3293 11608 1641 3270 11609 1675 3272 11610 1676 3294 11611 1639 3273 11612 1673 3274 11613 1674 3292 11614 1638 3267 11615 1637 3276 11616 1672 3285 11617 1673 3274 11618 1633 3277 11619 1670 3279 11620 1671 3159 11621 1634 3278 11622 1669 3168 11623 1670 3279 11624 1667 3176 11625 1668 3175 11626 1679 3192 11627 1683 3281 11628 1666 3173 11629 1667 3172 11630 1680 3177 11631 1669 3168 11632 1666 3170 11633 1637 3276 11634 1641 6048 11635 1677 3284 11636 1685 3181 11637 1682 3187 11638 1675 3272 11639 1615 3180 11640 1628 3185 11641 1682 3187 11642 1606 3286 11643 1692 3297 11644 1693 3287 11645 1606 3289 11646 1683 3281 11647 1678 3282 11648 1678 3280 11649 1679 3192 11650 1607 3191 11651 1674 3292 11652 1687 3184 11653 1679 3192 11654 1688 3190 11655 1689 3189 11656 1677 3293 11657 1682 3187 11658 1688 3186 11659 1676 3294 11660 1686 3183 11661 1687 3184 11662 1674 3292 11663 1672 3285 11664 1681 3165 11665 1686 3183 11666 1670 3279 11667 1684 3179 11668 1685 3181 11669 1669 3168 11670 1680 3177 11671 1684 3179 11672 1672 3285 11673 1677 3284 11674 1689 3295 11675 1691 3296 11676 1690 6049 11677 1693 3287 11678 1680 3298 11679 1690 6050 11680 1691 3299 11681 1691 3299 11682 3398 6051 11683 1616 3300 11684 1699 3303 11685 1697 6052 11686 1696 3304 11687 1694 3306 11688 1696 6053 11689 1697 3307 11690 1699 3309 11691 1695 6054 11692 1694 3310 11693 1711 3314 11694 1701 6055 11695 1704 3315 11696 1710 3317 11697 1704 6056 11698 1702 3318 11699 1705 3320 11700 1708 3326 11701 1707 3321 11702 1700 3323 11703 1706 3327 11704 1708 3324 11705 1708 3326 11706 1710 3317 11707 1709 3319 11708 1706 3327 11709 1711 3314 11710 1710 3316 11711 1717 3328 11712 1715 6057 11713 1714 3329 11714 1712 3331 11715 1714 6058 11716 1715 3332 11717 1717 3334 11718 1713 6059 11719 1712 3335 11720 1723 3339 11721 1721 6060 11722 1720 3340 11723 1718 3342 11724 1720 6061 11725 1721 3343 11726 1723 3345 11727 1719 6062 11728 1718 3346 11729 1729 3350 11730 1727 6063 11731 1726 3351 11732 1724 3353 11733 1726 6064 11734 1727 3354 11735 1729 3356 11736 1725 6065 11737 1724 3357 11738 1735 3361 11739 1733 6066 11740 1732 3362 11741 1730 3364 11742 1732 6067 11743 1733 3365 11744 1735 3367 11745 1731 6068 11746 1730 3368 11747 1741 3372 11748 1739 6069 11749 1738 3373 11750 1736 3375 11751 1738 6070 11752 1739 3376 11753 1741 3378 11754 1737 6071 11755 1736 3379 11756 1753 3383 11757 1743 6072 11758 1746 3384 11759 1752 3386 11760 1746 6073 11761 1744 3387 11762 1747 3389 11763 1750 3395 11764 1749 3390 11765 1742 3392 11766 1748 3396 11767 1750 3393 11768 1750 3395 11769 1752 3386 11770 1751 3388 11771 1748 3396 11772 1753 3383 11773 1752 3385 11774 1765 3397 11775 1755 6074 11776 1758 3398 11777 1764 3400 11778 1758 6075 11779 1756 3401 11780 1759 3403 11781 1762 3409 11782 1761 3404 11783 1754 3406 11784 1760 3410 11785 1762 3407 11786 1762 3409 11787 1764 3400 11788 1763 3402 11789 1760 3410 11790 1765 3397 11791 1764 3399 11792 1777 3411 11793 1767 6076 11794 1770 3412 11795 1776 3414 11796 1770 6077 11797 1768 3415 11798 1771 3417 11799 1774 3423 11800 1773 3418 11801 1766 3420 11802 1772 3424 11803 1774 3421 11804 1774 3423 11805 1776 3414 11806 1775 3416 11807 1772 3424 11808 1777 3411 11809 1776 3413 11810 1789 3425 11811 1779 6078 11812 1782 3426 11813 1788 3428 11814 1782 6079 11815 1780 3429 11816 1783 3431 11817 1786 3437 11818 1785 3432 11819 1778 3434 11820 1784 3438 11821 1786 3435 11822 1786 3437 11823 1788 3428 11824 1787 3430 11825 1784 3438 11826 1789 3425 11827 1788 3427 11828 1801 3439 11829 1791 6080 11830 1794 3440 11831 1800 3442 11832 1794 6081 11833 1792 3443 11834 1795 3445 11835 1798 3451 11836 1797 3446 11837 1790 3448 11838 1796 3452 11839 1798 3449 11840 1798 3451 11841 1800 3442 11842 1799 3444 11843 1796 3452 11844 1801 3439 11845 1800 3441 11846 1813 3453 11847 1803 6082 11848 1806 3454 11849 1812 3456 11850 1806 6083 11851 1804 3457 11852 1807 3459 11853 1810 3465 11854 1809 3460 11855 1802 3462 11856 1808 3466 11857 1810 3463 11858 1810 3465 11859 1812 3456 11860 1811 3458 11861 1808 3466 11862 1813 3453 11863 1812 3455 11864 1825 3467 11865 1815 6084 11866 1818 3468 11867 1824 3470 11868 1818 6085 11869 1816 3471 11870 1819 3473 11871 1822 3479 11872 1821 3474 11873 1814 3476 11874 1820 3480 11875 1822 3477 11876 1822 3479 11877 1824 3470 11878 1823 3472 11879 1820 3480 11880 1825 3467 11881 1824 3469 11882 1837 3481 11883 1827 6086 11884 1830 3482 11885 1836 3484 11886 1830 6087 11887 1828 3485 11888 1831 3487 11889 1834 3493 11890 1833 3488 11891 1826 3490 11892 1832 3494 11893 1834 3491 11894 1834 3493 11895 1836 3484 11896 1835 3486 11897 1832 3494 11898 1837 3481 11899 1836 3483 11900 1849 3495 11901 1839 6088 11902 1842 3496 11903 1848 3498 11904 1842 6089 11905 1840 3499 11906 1843 3501 11907 1846 3507 11908 1845 3502 11909 1838 3504 11910 1844 3508 11911 1846 3505 11912 1846 3507 11913 1848 3498 11914 1847 3500 11915 1844 3508 11916 1849 3495 11917 1848 3497 11918 1861 3509 11919 1851 6090 11920 1854 3510 11921 1860 3512 11922 1854 6091 11923 1852 3513 11924 1855 3515 11925 1858 3521 11926 1857 3516 11927 1850 3518 11928 1856 3522 11929 1858 3519 11930 1858 3521 11931 1860 3512 11932 1859 3514 11933 1856 3522 11934 1861 3509 11935 1860 3511 11936 1873 3523 11937 1863 6092 11938 1866 3524 11939 1872 3526 11940 1866 6093 11941 1864 3527 11942 1867 3529 11943 1870 3535 11944 1869 3530 11945 1862 3532 11946 1868 3536 11947 1870 3533 11948 1870 3535 11949 1872 3526 11950 1871 3528 11951 1868 3536 11952 1873 3523 11953 1872 3525 11954 1885 3537 11955 1875 6094 11956 1878 3538 11957 1884 3540 11958 1878 6095 11959 1876 3541 11960 1879 3543 11961 1882 3549 11962 1881 3544 11963 1874 3546 11964 1880 3550 11965 1882 3547 11966 1882 3549 11967 1884 3540 11968 1883 3542 11969 1880 3550 11970 1885 3537 11971 1884 3539 11972 1897 3551 11973 1887 6096 11974 1890 3552 11975 1896 3554 11976 1890 6097 11977 1888 3555 11978 1891 3557 11979 1894 3563 11980 1893 3558 11981 1886 3560 11982 1892 3564 11983 1894 3561 11984 1894 3563 11985 1896 3554 11986 1895 3556 11987 1892 3564 11988 1897 3551 11989 1896 3553 11990 1909 3565 11991 1899 6098 11992 1902 3566 11993 1908 3568 11994 1902 6099 11995 1900 3569 11996 1903 3571 11997 1906 3577 11998 1905 3572 11999 1898 3574 12000 1904 3578 12001 1906 3575 12002 1906 3577 12003 1908 3568 12004 1907 3570 12005 1904 3578 12006 1909 3565 12007 1908 3567 12008 1921 3579 12009 1911 6100 12010 1914 3580 12011 1920 3582 12012 1914 6101 12013 1912 3583 12014 1915 3585 12015 1918 3591 12016 1917 3586 12017 1910 3588 12018 1916 3592 12019 1918 3589 12020 1918 3591 12021 1920 3582 12022 1919 3584 12023 1916 3592 12024 1921 3579 12025 1920 3581 12026 1933 3593 12027 1923 6102 12028 1926 3594 12029 1932 3596 12030 1926 6103 12031 1924 3597 12032 1927 3599 12033 1930 3605 12034 1929 3600 12035 1922 3602 12036 1928 3606 12037 1930 3603 12038 1930 3605 12039 1932 3596 12040 1931 3598 12041 1928 3606 12042 1933 3593 12043 1932 3595 12044 1945 3607 12045 1935 6104 12046 1938 3608 12047 1944 3610 12048 1938 6105 12049 1936 3611 12050 1939 3613 12051 1942 3619 12052 1941 3614 12053 1934 3616 12054 1940 3620 12055 1942 3617 12056 1942 3619 12057 1944 3610 12058 1943 3612 12059 1940 3620 12060 1945 3607 12061 1944 3609 12062 1957 3621 12063 1947 6106 12064 1950 3622 12065 1956 3624 12066 1950 6107 12067 1948 3625 12068 1951 3627 12069 1954 3633 12070 1953 3628 12071 1946 3630 12072 1952 3634 12073 1954 3631 12074 1954 3633 12075 1956 3624 12076 1955 3626 12077 1952 3634 12078 1957 3621 12079 1956 3623 12080 1969 3635 12081 1959 6108 12082 1962 3636 12083 1968 3638 12084 1962 6109 12085 1960 3639 12086 1963 3641 12087 1966 3647 12088 1965 3642 12089 1958 3644 12090 1964 3648 12091 1966 3645 12092 1966 3647 12093 1968 3638 12094 1967 3640 12095 1964 3648 12096 1969 3635 12097 1968 3637 12098 1981 3649 12099 1971 6110 12100 1974 3650 12101 1980 3652 12102 1974 6111 12103 1972 3653 12104 1975 3655 12105 1978 3661 12106 1977 3656 12107 1970 3658 12108 1976 3662 12109 1978 3659 12110 1978 3661 12111 1980 3652 12112 1979 3654 12113 1976 3662 12114 1981 3649 12115 1980 3651 12116 1987 3663 12117 1985 6112 12118 1984 3664 12119 1986 3666 12120 1982 6113 12121 1984 3667 12122 1986 3669 12123 1987 6114 12124 1983 3670 12125 1993 3674 12126 1991 6115 12127 1990 3675 12128 1992 3677 12129 1988 6116 12130 1990 3678 12131 1992 3680 12132 1993 6117 12133 1989 3681 12134 1999 3685 12135 1997 6118 12136 1996 3686 12137 1994 3688 12138 1996 6119 12139 1997 3689 12140 1999 3691 12141 1995 6120 12142 1994 3692 12143 2005 3696 12144 2003 6121 12145 2002 3697 12146 2000 3699 12147 2002 6122 12148 2003 3700 12149 2005 3702 12150 2001 6123 12151 2000 3703 12152 2007 3707 12153 2011 6124 12154 2009 3708 12155 2010 3710 12156 2006 6125 12157 2008 3711 12158 2031 3715 12159 2087 6126 12160 2085 3716 12161 2013 3718 12162 2056 3748 12163 2040 3719 12164 2019 3721 12165 2041 3753 12166 2059 3722 12167 2061 3724 12168 2013 3718 12169 2014 3720 12170 2063 3726 12171 2044 6127 12172 2018 3727 12173 2029 3729 12174 2069 3736 12175 2075 3730 12176 2030 3717 12177 2085 3716 12178 2086 3732 12179 2016 3728 12180 2018 3727 12181 2025 3734 12182 2069 3736 12183 2020 3823 12184 2080 3737 12185 2048 3738 12186 2019 3721 12187 2017 3723 12188 2049 3740 12189 2065 3758 12190 2068 3741 12191 2024 3743 12192 2052 3763 12193 2053 3744 12194 2026 3745 12195 2053 3744 12196 2054 3746 12197 2027 3747 12198 2054 3746 12199 2055 3735 12200 2056 3748 12201 2057 3750 12202 2042 3749 12203 2057 3750 12204 2058 3752 12205 2043 3751 12206 2058 3752 12207 2059 3722 12208 2041 3753 12209 2045 3725 12210 2047 3755 12211 2060 3754 12212 2047 3755 12213 2046 3757 12214 2062 3756 12215 2046 3757 12216 2044 6127 12217 2063 3726 12218 2065 3758 12219 2049 3740 12220 2051 3759 12221 2064 3760 12222 2051 3759 12223 2050 3761 12224 2066 3762 12225 2050 3761 12226 2048 3738 12227 2015 3742 12228 2068 3741 12229 2052 3763 12230 2023 3764 12231 2053 3768 12232 2052 3765 12233 2022 3767 12234 2054 3770 12235 2053 3768 12236 2020 3769 12237 2055 3735 12238 2054 3770 12239 2039 3771 12240 2057 3775 12241 2056 3772 12242 2038 3774 12243 2058 3777 12244 2057 3775 12245 2036 3776 12246 2059 3800 12247 2058 3777 12248 2030 3778 12249 2028 3794 12250 2061 3779 12251 2031 3781 12252 2030 3778 12253 2060 3780 12254 2029 3783 12255 2031 3781 12256 2062 3782 12257 2034 3784 12258 2032 3796 12259 2065 3785 12260 2035 3787 12261 2034 3784 12262 2064 3786 12263 2033 3789 12264 2035 3787 12265 2066 3788 12266 2021 3766 12267 2052 3765 12268 2068 3791 12269 2020 3769 12270 2069 3793 12271 2016 3728 12272 2029 3783 12273 2063 3726 12274 2016 3728 12275 2028 3794 12276 2070 3799 12277 2013 3795 12278 2032 3796 12279 2012 3792 12280 2068 3791 12281 2033 3789 12282 2067 3790 12283 2017 3797 12284 2037 3773 12285 2056 3772 12286 2013 3795 12287 2036 3776 12288 2071 3798 12289 2017 3797 12290 2073 6128 12291 2072 3806 12292 2081 3801 12293 2072 3806 12294 2076 3834 12295 2084 3802 12296 2081 3801 12297 2072 3806 12298 2084 3802 12299 2084 3802 12300 2083 6129 12301 2082 3803 12302 2075 6130 12303 2080 6131 12304 2072 3806 12305 2080 6131 12306 2079 6132 12307 2078 6133 12308 2072 3806 12309 2080 6131 12310 2077 3804 12311 2078 6133 12312 2077 3804 12313 2080 6131 12314 2072 3806 12315 2074 3805 12316 2090 3807 12317 2090 3807 12318 2089 6134 12319 2092 3808 12320 2089 6134 12321 2091 3831 12322 2092 3808 12323 2092 3808 12324 2076 3834 12325 2072 3806 12326 2088 3809 12327 2075 6130 12328 2072 3806 12329 2072 3806 12330 2073 6128 12331 2086 3810 12332 2086 3810 12333 2085 6135 12334 2088 3809 12335 2085 6135 12336 2087 6136 12337 2088 3809 12338 2023 3811 12339 2021 3835 12340 2077 3812 12341 2028 3733 12342 2086 3732 12343 2073 3814 12344 2029 3729 12345 2088 3731 12346 2087 3816 12347 2022 3818 12348 2023 3811 12349 2078 3813 12350 2012 1432 12351 2032 3821 12352 2090 3820 12353 2032 3821 12354 2034 3825 12355 2089 3822 12356 2020 3823 12357 2022 6137 12358 2079 3824 12359 2071 3798 12360 2076 3834 12361 2092 3808 12362 2034 3825 12363 2035 6138 12364 2091 3826 12365 2037 3827 12366 2081 3830 12367 2082 3828 12368 2070 3815 12369 2073 3814 12370 2081 3830 12371 2035 3787 12372 2033 3789 12373 2092 3808 12374 2039 3829 12375 2082 3828 12376 2083 3832 12377 2036 3776 12378 2084 3802 12379 2076 3834 12380 2021 3835 12381 2012 1432 12382 2074 1432 12383 2038 3774 12384 2083 6129 12385 2084 3802 12386 2098 3836 12387 2096 6139 12388 2095 3837 12389 2093 3839 12390 2095 6140 12391 2096 3840 12392 2100 3844 12393 2104 6141 12394 2102 3845 12395 2099 3847 12396 2101 6142 12397 2102 3848 12398 2104 3850 12399 2100 6143 12400 2099 3851 12401 2106 3855 12402 2110 6144 12403 2108 3856 12404 2109 3858 12405 2105 6145 12406 2107 3859 12407 2109 3861 12408 2110 6146 12409 2106 3862 12410 2116 3866 12411 2114 6147 12412 2113 3867 12413 2115 3869 12414 2111 6148 12415 2113 3870 12416 2115 3872 12417 2116 6149 12418 2112 3873 12419 2118 3877 12420 2122 6150 12421 2120 3878 12422 2117 3880 12423 2119 6151 12424 2120 3881 12425 2122 3883 12426 2118 6152 12427 2117 3884 12428 2128 3888 12429 2126 6153 12430 2125 3889 12431 2127 3891 12432 2123 6154 12433 2125 3892 12434 2127 3894 12435 2128 6155 12436 2124 3895 12437 2130 3899 12438 2134 6156 12439 2132 3900 12440 2129 3902 12441 2131 6157 12442 2132 3903 12443 2134 3905 12444 2130 6158 12445 2129 3906 12446 2153 3910 12447 2154 6159 12448 2210 3911 12449 2137 3913 12450 2136 3920 12451 2179 3914 12452 2140 3916 12453 2142 3934 12454 2164 3917 12455 2168 3919 12456 2184 3949 12457 2136 3920 12458 2167 3921 12459 2141 3929 12460 2139 3922 12461 2192 3924 12462 2198 3932 12463 2211 3925 12464 2151 3927 12465 2153 3910 12466 2208 3912 12467 2141 3929 12468 2148 3944 12469 2178 3930 12470 2143 3931 12471 2203 4016 12472 2198 3932 12473 2190 3933 12474 2171 6160 12475 2142 3934 12476 2138 3935 12477 2172 3954 12478 2188 3936 12479 2175 3938 12480 2176 3941 12481 2149 3939 12482 2176 3941 12483 2177 3943 12484 2150 3942 12485 2177 3943 12486 2178 3930 12487 2148 3944 12488 2163 3915 12489 2179 3914 12490 2180 3945 12491 2165 3946 12492 2180 3945 12493 2181 3947 12494 2166 3948 12495 2181 3947 12496 2182 3918 12497 2184 3949 12498 2168 3919 12499 2170 3950 12500 2183 3951 12501 2170 3950 12502 2169 3952 12503 2185 3953 12504 2169 3952 12505 2167 3921 12506 2172 3954 12507 2174 3956 12508 2187 3955 12509 2174 3956 12510 2173 3958 12511 2189 3957 12512 2173 3958 12513 2171 6160 12514 2190 3933 12515 2147 3940 12516 2138 3935 12517 2191 3937 12518 2146 3959 12519 2176 3963 12520 2175 3960 12521 2145 3962 12522 2177 3964 12523 2176 3963 12524 2143 3931 12525 2178 3987 12526 2177 3964 12527 2162 3965 12528 2180 3969 12529 2179 3966 12530 2161 3968 12531 2181 3971 12532 2180 3969 12533 2159 3970 12534 2182 3918 12535 2181 3971 12536 2153 3972 12537 2151 3988 12538 2184 3973 12539 2154 3975 12540 2153 3972 12541 2183 3974 12542 2152 3926 12543 2154 3975 12544 2185 3976 12545 2157 3978 12546 2155 3990 12547 2188 3979 12548 2158 3981 12549 2157 3978 12550 2187 3980 12551 2156 3983 12552 2158 3981 12553 2189 3982 12554 2144 3961 12555 2175 3960 12556 2191 3984 12557 2143 3931 12558 2192 3924 12559 2139 3986 12560 2152 3926 12561 2186 3977 12562 2139 3986 12563 2151 3988 12564 2193 3992 12565 2136 3989 12566 2155 3990 12567 2135 3985 12568 2191 3984 12569 2156 3983 12570 2190 3933 12571 2140 3916 12572 2160 3967 12573 2179 3966 12574 2136 3989 12575 2159 3970 12576 2194 3991 12577 2140 3916 12578 2196 6161 12579 2195 3998 12580 2204 3993 12581 2195 3998 12582 2199 3995 12583 2207 3994 12584 2204 3993 12585 2195 3998 12586 2207 3994 12587 2207 3994 12588 2206 3995 12589 2205 3995 12590 2198 3932 12591 2203 4016 12592 2195 3998 12593 2203 4016 12594 2202 6162 12595 2201 6163 12596 2195 3998 12597 2203 4016 12598 2200 3996 12599 2201 6163 12600 2200 3996 12601 2203 4016 12602 2195 3998 12603 2197 3997 12604 2213 3999 12605 2213 3999 12606 2212 3995 12607 2215 3995 12608 2212 3995 12609 2214 3995 12610 2215 3995 12611 2215 3995 12612 2199 3995 12613 2195 3998 12614 2211 3925 12615 2198 3932 12616 2195 3998 12617 2195 3998 12618 2196 6161 12619 2209 4000 12620 2209 4000 12621 2208 6164 12622 2211 3925 12623 2208 6164 12624 2210 6165 12625 2211 3925 12626 2144 4001 12627 2200 4032 12628 2201 4002 12629 2193 4004 12630 2151 3927 12631 2209 3928 12632 2154 4006 12633 2152 3926 12634 2211 3925 12635 2146 4003 12636 2201 4002 12637 2202 4008 12638 2155 4010 12639 2213 4014 12640 2197 4011 12641 2157 4013 12642 2212 4021 12643 2213 4014 12644 2145 4015 12645 2202 6166 12646 2203 4016 12647 2156 4017 12648 2194 4030 12649 2199 4018 12650 2158 4020 12651 2214 6167 12652 2212 4021 12653 2162 4022 12654 2160 4025 12655 2204 4023 12656 2160 4025 12657 2193 4004 12658 2196 4005 12659 2156 4017 12660 2215 4019 12661 2214 4026 12662 2161 4028 12663 2162 4022 12664 2205 4024 12665 2194 4030 12666 2159 4033 12667 2207 4031 12668 2135 4012 12669 2197 4011 12670 2200 4032 12671 2159 4033 12672 2161 6168 12673 2206 4034 12674 2234 4035 12675 2235 6169 12676 2291 4036 12677 2218 4038 12678 2217 4045 12679 2260 4039 12680 2221 4041 12681 2223 4059 12682 2245 4042 12683 2249 4044 12684 2265 4074 12685 2217 4045 12686 2248 4046 12687 2222 4054 12688 2220 4047 12689 2273 4049 12690 2279 4057 12691 2292 4050 12692 2232 4052 12693 2234 4035 12694 2289 4037 12695 2222 4054 12696 2229 4069 12697 2259 4055 12698 2224 4056 12699 2284 4139 12700 2279 4057 12701 2271 4058 12702 2252 6170 12703 2223 4059 12704 2219 4060 12705 2253 4079 12706 2269 4061 12707 2256 4063 12708 2257 4066 12709 2230 4064 12710 2257 4066 12711 2258 4068 12712 2231 4067 12713 2258 4068 12714 2259 4055 12715 2229 4069 12716 2244 4040 12717 2260 4039 12718 2261 4070 12719 2246 4071 12720 2261 4070 12721 2262 4072 12722 2247 4073 12723 2262 4072 12724 2263 4043 12725 2265 4074 12726 2249 4044 12727 2251 4075 12728 2264 4076 12729 2251 4075 12730 2250 4077 12731 2266 4078 12732 2250 4077 12733 2248 4046 12734 2253 4079 12735 2255 4081 12736 2268 4080 12737 2255 4081 12738 2254 4083 12739 2270 4082 12740 2254 4083 12741 2252 6170 12742 2271 4058 12743 2228 4065 12744 2219 4060 12745 2272 4062 12746 2227 4084 12747 2257 3995 12748 2256 4085 12749 2226 3995 12750 2258 4087 12751 2257 3995 12752 2224 4056 12753 2259 4110 12754 2258 4087 12755 2243 4088 12756 2261 4092 12757 2260 4089 12758 2242 4091 12759 2262 4094 12760 2261 4092 12761 2240 4093 12762 2263 4043 12763 2262 4094 12764 2234 4095 12765 2232 4111 12766 2265 4096 12767 2235 4098 12768 2234 4095 12769 2264 4097 12770 2233 4051 12771 2235 4098 12772 2266 4099 12773 2238 4101 12774 2236 4113 12775 2269 4102 12776 2239 4104 12777 2238 4101 12778 2268 4103 12779 2237 4106 12780 2239 4104 12781 2270 4105 12782 2225 4086 12783 2256 4085 12784 2272 4107 12785 2224 4056 12786 2273 4049 12787 2220 4109 12788 2233 4051 12789 2267 4100 12790 2220 4109 12791 2232 4111 12792 2274 4115 12793 2217 4112 12794 2236 4113 12795 2216 4108 12796 2272 4107 12797 2237 4106 12798 2271 4058 12799 2221 4041 12800 2241 4090 12801 2260 4089 12802 2217 4112 12803 2240 4093 12804 2275 4114 12805 2221 4041 12806 2277 6171 12807 2276 4121 12808 2285 4116 12809 2276 4121 12810 2280 6172 12811 2288 4117 12812 2285 4116 12813 2276 4121 12814 2288 4117 12815 2288 4117 12816 2287 6173 12817 2286 4118 12818 2279 4057 12819 2284 4139 12820 2276 4121 12821 2284 4139 12822 2283 3995 12823 2282 3995 12824 2276 4121 12825 2284 4139 12826 2281 4119 12827 2282 3995 12828 2281 4119 12829 2284 4139 12830 2276 4121 12831 2278 4120 12832 2294 3995 12833 2294 3995 12834 2293 3995 12835 2296 4122 12836 2293 3995 12837 2295 3995 12838 2296 4122 12839 2296 4122 12840 2280 6172 12841 2276 4121 12842 2292 4050 12843 2279 4057 12844 2276 4121 12845 2276 4121 12846 2277 6171 12847 2290 4123 12848 2290 4123 12849 2289 6174 12850 2292 4050 12851 2289 6174 12852 2291 6175 12853 2292 4050 12854 2225 4124 12855 2281 4155 12856 2282 4125 12857 2274 4127 12858 2232 4052 12859 2290 4053 12860 2235 4129 12861 2233 4051 12862 2292 4050 12863 2227 4126 12864 2282 4125 12865 2283 4131 12866 2236 4133 12867 2294 4137 12868 2278 4134 12869 2238 4136 12870 2293 4144 12871 2294 4137 12872 2226 4138 12873 2283 6176 12874 2284 4139 12875 2237 4140 12876 2275 4153 12877 2280 4141 12878 2239 4143 12879 2295 6177 12880 2293 4144 12881 2243 4145 12882 2241 4148 12883 2285 4146 12884 2241 4148 12885 2274 4127 12886 2277 4128 12887 2237 4140 12888 2296 4142 12889 2295 4149 12890 2242 4151 12891 2243 4145 12892 2286 4147 12893 2275 4153 12894 2240 4156 12895 2288 4154 12896 2216 4135 12897 2278 4134 12898 2281 4155 12899 2240 4156 12900 2242 6178 12901 2287 4157 12902 2315 4158 12903 2316 6179 12904 2372 4159 12905 2299 4161 12906 2298 4168 12907 2341 4162 12908 2302 4164 12909 2304 4182 12910 2326 4165 12911 2330 4167 12912 2346 4197 12913 2298 4168 12914 2329 4169 12915 2303 4177 12916 2301 4170 12917 2354 4172 12918 2360 4180 12919 2373 4173 12920 2313 4175 12921 2315 4158 12922 2370 4160 12923 2303 4177 12924 2310 4192 12925 2340 4178 12926 2305 4179 12927 2365 4262 12928 2360 4180 12929 2352 4181 12930 2333 6180 12931 2304 4182 12932 2300 4183 12933 2334 4202 12934 2350 4184 12935 2337 4186 12936 2338 4189 12937 2311 4187 12938 2338 4189 12939 2339 4191 12940 2312 4190 12941 2339 4191 12942 2340 4178 12943 2310 4192 12944 2325 4163 12945 2341 4162 12946 2342 4193 12947 2327 4194 12948 2342 4193 12949 2343 4195 12950 2328 4196 12951 2343 4195 12952 2344 4166 12953 2346 4197 12954 2330 4167 12955 2332 4198 12956 2345 4199 12957 2332 4198 12958 2331 4200 12959 2347 4201 12960 2331 4200 12961 2329 4169 12962 2334 4202 12963 2336 4204 12964 2349 4203 12965 2336 4204 12966 2335 4206 12967 2351 4205 12968 2335 4206 12969 2333 6180 12970 2352 4181 12971 2309 4188 12972 2300 4183 12973 2353 4185 12974 2308 4207 12975 2338 4210 12976 2337 3995 12977 2307 4209 12978 2339 4211 12979 2338 4210 12980 2305 4179 12981 2340 4232 12982 2339 4211 12983 2324 4212 12984 2342 4216 12985 2341 4213 12986 2323 4215 12987 2343 4218 12988 2342 4216 12989 2321 4217 12990 2344 4166 12991 2343 4218 12992 2315 4219 12993 2313 4233 12994 2346 4220 12995 2316 4222 12996 2315 4219 12997 2345 4221 12998 2314 4174 12999 2316 4222 13000 2347 4223 13001 2319 4225 13002 2317 4235 13003 2350 4226 13004 2320 3995 13005 2319 4225 13006 2349 3995 13007 2318 4228 13008 2320 3995 13009 2351 4227 13010 2306 4208 13011 2337 3995 13012 2353 4229 13013 2305 4179 13014 2354 4172 13015 2301 4231 13016 2314 4174 13017 2348 4224 13018 2301 4231 13019 2313 4233 13020 2355 4237 13021 2298 4234 13022 2317 4235 13023 2297 4230 13024 2353 4229 13025 2318 4228 13026 2352 4181 13027 2302 4164 13028 2322 4214 13029 2341 4213 13030 2298 4234 13031 2321 4217 13032 2356 4236 13033 2302 4164 13034 2358 6181 13035 2357 4243 13036 2366 4238 13037 2357 4243 13038 2361 6182 13039 2369 4239 13040 2366 4238 13041 2357 4243 13042 2369 4239 13043 2369 4239 13044 2368 6183 13045 2367 4240 13046 2360 4180 13047 2365 4262 13048 2357 4243 13049 2365 4262 13050 2364 3995 13051 2363 6184 13052 2357 4243 13053 2365 4262 13054 2362 4241 13055 2363 6184 13056 2362 4241 13057 2365 4262 13058 2357 4243 13059 2359 4242 13060 2375 4244 13061 2375 4244 13062 2374 3995 13063 2377 4245 13064 2374 3995 13065 2376 3995 13066 2377 4245 13067 2377 4245 13068 2361 6182 13069 2357 4243 13070 2373 4173 13071 2360 4180 13072 2357 4243 13073 2357 4243 13074 2358 6181 13075 2371 4246 13076 2371 4246 13077 2370 6185 13078 2373 4173 13079 2370 6185 13080 2372 6186 13081 2373 4173 13082 2306 4247 13083 2362 4278 13084 2363 4248 13085 2355 4250 13086 2313 4175 13087 2371 4176 13088 2316 4252 13089 2314 4174 13090 2373 4173 13091 2308 4249 13092 2363 4248 13093 2364 4254 13094 2317 4256 13095 2375 4260 13096 2359 4257 13097 2319 4259 13098 2374 4267 13099 2375 4260 13100 2307 4261 13101 2364 6187 13102 2365 4262 13103 2318 4263 13104 2356 4276 13105 2361 4264 13106 2320 4266 13107 2376 6177 13108 2374 4267 13109 2324 4268 13110 2322 4271 13111 2366 4269 13112 2322 4271 13113 2355 4250 13114 2358 4251 13115 2318 4263 13116 2377 4265 13117 2376 4272 13118 2323 4274 13119 2324 4268 13120 2367 4270 13121 2356 4276 13122 2321 4279 13123 2369 4277 13124 2297 4258 13125 2359 4257 13126 2362 4278 13127 2321 4279 13128 2323 6188 13129 2368 4280 13130 2396 4281 13131 2397 6189 13132 2452 4282 13133 2380 4284 13134 2379 4291 13135 2422 4285 13136 2383 4287 13137 2385 4305 13138 2407 4288 13139 2411 4290 13140 2427 4320 13141 2379 4291 13142 2410 4292 13143 2384 4300 13144 2382 4293 13145 2435 4295 13146 2440 4303 13147 2453 4296 13148 2394 4298 13149 2396 4281 13150 2450 4283 13151 2384 4300 13152 2391 4315 13153 2421 4301 13154 2386 4302 13155 2445 4378 13156 2440 4303 13157 2433 4304 13158 2414 6190 13159 2385 4305 13160 2381 4306 13161 2415 4325 13162 2431 4307 13163 2418 4309 13164 2419 4312 13165 2392 4310 13166 2419 4312 13167 2420 4314 13168 2393 4313 13169 2420 4314 13170 2421 4301 13171 2391 4315 13172 2406 4286 13173 2422 4285 13174 2423 4316 13175 2408 4317 13176 2423 4316 13177 2424 4318 13178 2409 4319 13179 2424 4318 13180 2425 4289 13181 2427 4320 13182 2411 4290 13183 2413 4321 13184 2426 4322 13185 2413 4321 13186 2412 4323 13187 2428 4324 13188 2412 4323 13189 2410 4292 13190 2415 4325 13191 2417 4327 13192 2430 4326 13193 2417 4327 13194 2416 4329 13195 2432 4328 13196 2416 4329 13197 2414 6190 13198 2433 4304 13199 2390 4311 13200 2381 4306 13201 2434 4308 13202 2389 4330 13203 2419 4334 13204 2418 4331 13205 2388 4333 13206 2420 4335 13207 2419 4334 13208 2386 4302 13209 2421 4358 13210 2420 4335 13211 2405 4336 13212 2423 4340 13213 2422 4337 13214 2404 4339 13215 2424 4342 13216 2423 4340 13217 2402 4341 13218 2425 4289 13219 2424 4342 13220 2396 4343 13221 2394 4359 13222 2427 4344 13223 2397 4346 13224 2396 4343 13225 2426 4345 13226 2395 4297 13227 2397 4346 13228 2428 4347 13229 2400 4349 13230 2398 4361 13231 2431 4350 13232 2401 4352 13233 2400 4349 13234 2430 4351 13235 2399 4354 13236 2401 4352 13237 2432 4353 13238 2387 4332 13239 2418 4331 13240 2434 4355 13241 2386 4302 13242 2435 4295 13243 2382 4357 13244 2395 4297 13245 2429 4348 13246 2382 4357 13247 2394 4359 13248 2436 4362 13249 2379 4360 13250 2398 4361 13251 2378 4356 13252 2434 4355 13253 2399 4354 13254 2433 4304 13255 2383 4287 13256 2403 4338 13257 2422 4337 13258 2379 4360 13259 2402 4341 13260 2437 3995 13261 2383 4287 13262 2387 4363 13263 2442 4394 13264 2443 4364 13265 2436 4366 13266 2394 4298 13267 2451 4299 13268 2397 4368 13269 2395 4297 13270 2453 4296 13271 2389 4365 13272 2443 4364 13273 2444 4370 13274 2398 4372 13275 2455 4376 13276 2439 4373 13277 2400 4375 13278 2454 4383 13279 2455 4376 13280 2388 4377 13281 2444 6191 13282 2445 4378 13283 2399 4379 13284 2437 4392 13285 2441 4380 13286 2401 4382 13287 2456 6192 13288 2454 4383 13289 2405 4384 13290 2403 4387 13291 2446 4385 13292 2403 4387 13293 2436 4366 13294 2438 4367 13295 2399 4379 13296 2457 4381 13297 2456 4388 13298 2404 4390 13299 2405 4384 13300 2447 4386 13301 2437 4392 13302 2402 4395 13303 2449 4393 13304 2378 4374 13305 2439 4373 13306 2442 4394 13307 2402 4395 13308 2404 6193 13309 2448 4396 13310 2459 4397 13311 2463 6194 13312 2461 4398 13313 2458 4400 13314 2460 6195 13315 2461 4401 13316 2463 4403 13317 2459 6196 13318 2458 4404 13319 2469 4408 13320 2467 6197 13321 2466 4409 13322 2468 4411 13323 2464 6198 13324 2466 4412 13325 2468 4414 13326 2469 6199 13327 2465 4415 13328 2471 4419 13329 2475 6200 13330 2473 4420 13331 2474 4422 13332 2470 6201 13333 2472 4423 13334 2474 4425 13335 2475 6202 13336 2471 4426 13337 2481 4430 13338 2479 6203 13339 2478 4431 13340 2480 4433 13341 2476 6204 13342 2478 4434 13343 2480 4436 13344 2481 6205 13345 2477 4437 13346 2483 4441 13347 2487 6206 13348 2485 4442 13349 2482 4444 13350 2484 6207 13351 2485 4445 13352 2487 4447 13353 2483 6208 13354 2482 4448 13355 2493 4452 13356 2491 6209 13357 2490 4453 13358 2492 4455 13359 2488 6210 13360 2490 4456 13361 2492 4458 13362 2493 6211 13363 2489 4459 13364 2495 4463 13365 2499 6212 13366 2497 4464 13367 2494 4466 13368 2496 6213 13369 2497 4467 13370 2499 4469 13371 2495 6214 13372 2494 4470 13373 2501 4474 13374 2505 6215 13375 2503 4475 13376 2500 4477 13377 2502 6216 13378 2503 4478 13379 2505 4480 13380 2501 6217 13381 2500 4481 13382 2511 4485 13383 2509 6218 13384 2508 4486 13385 2510 4488 13386 2506 6219 13387 2508 4489 13388 2510 4491 13389 2511 6220 13390 2507 4492 13391 2513 4496 13392 2517 6221 13393 2515 4497 13394 2516 4499 13395 2512 6222 13396 2514 4500 13397 2516 4502 13398 2517 6223 13399 2513 4503 13400 2523 4507 13401 2521 6224 13402 2520 4508 13403 2522 4510 13404 2518 6225 13405 2520 4511 13406 2522 4513 13407 2523 6226 13408 2519 4514 13409 2525 4518 13410 2529 6227 13411 2527 4519 13412 2524 4521 13413 2526 6228 13414 2527 4522 13415 2529 4524 13416 2525 6229 13417 2524 4525 13418 2535 4529 13419 2533 6230 13420 2532 4530 13421 2534 4532 13422 2530 6231 13423 2532 4533 13424 2534 4535 13425 2535 6232 13426 2531 4536 13427 2537 4540 13428 2541 6233 13429 2539 4541 13430 2536 4543 13431 2538 6234 13432 2539 4544 13433 2541 4546 13434 2537 6235 13435 2536 4547 13436 2543 4551 13437 2547 6236 13438 2545 4552 13439 2542 4554 13440 2544 6237 13441 2545 4555 13442 2547 4557 13443 2543 6238 13444 2542 4558 13445 2553 4562 13446 2551 6239 13447 2550 4563 13448 2552 4565 13449 2548 6240 13450 2550 4566 13451 2552 4568 13452 2553 6241 13453 2549 4569 13454 2555 4573 13455 2559 6242 13456 2557 4574 13457 2558 4576 13458 2554 6243 13459 2556 4577 13460 2558 4579 13461 2559 6244 13462 2555 4580 13463 2565 4584 13464 2563 6245 13465 2562 4585 13466 2564 4587 13467 2560 6246 13468 2562 4588 13469 2564 4590 13470 2565 6247 13471 2561 4591 13472 2567 4595 13473 2571 6248 13474 2569 4596 13475 2566 4598 13476 2568 6249 13477 2569 4599 13478 2571 4601 13479 2567 6250 13480 2566 4602 13481 2577 4606 13482 2575 6251 13483 2574 4607 13484 2576 4609 13485 2572 6252 13486 2574 4610 13487 2576 4612 13488 2577 6253 13489 2573 4613 13490 2579 4617 13491 2583 6254 13492 2581 4618 13493 2578 4620 13494 2580 6255 13495 2581 4621 13496 2583 4623 13497 2579 6256 13498 2578 4624 13499 2589 4628 13500 2587 6257 13501 2586 4629 13502 2584 4631 13503 2586 6258 13504 2587 4632 13505 2591 4636 13506 2595 6259 13507 2593 4637 13508 2594 4639 13509 2590 6260 13510 2592 4640 13511 2597 4644 13512 2601 6261 13513 2599 4645 13514 2600 4647 13515 2596 6262 13516 2598 4648 13517 2603 4652 13518 2607 6263 13519 2605 4653 13520 2606 4655 13521 2602 6264 13522 2604 4656 13523 2609 4660 13524 2613 6265 13525 2611 4661 13526 2612 4663 13527 2608 6266 13528 2610 4664 13529 2615 4668 13530 2619 6267 13531 2617 4669 13532 2618 4671 13533 2614 6268 13534 2616 4672 13535 2621 4676 13536 2625 6269 13537 2623 4677 13538 2624 4679 13539 2620 6270 13540 2622 4680 13541 2627 4684 13542 2631 6271 13543 2629 4685 13544 2630 4687 13545 2626 6272 13546 2628 4688 13547 2633 4692 13548 2637 6273 13549 2635 4693 13550 2636 4695 13551 2632 6274 13552 2634 4696 13553 2639 4700 13554 2643 6275 13555 2641 4701 13556 2642 4703 13557 2638 6276 13558 2640 4704 13559 2645 4708 13560 2649 6277 13561 2647 4709 13562 2648 4711 13563 2644 6278 13564 2646 4712 13565 2651 4716 13566 2655 6279 13567 2653 4717 13568 2654 4719 13569 2650 6280 13570 2652 4720 13571 2661 4724 13572 2659 6281 13573 2658 4725 13574 2656 4727 13575 2658 6282 13576 2659 4728 13577 2667 4732 13578 2665 6283 13579 2664 4733 13580 2662 4735 13581 2664 6284 13582 2665 4736 13583 2673 4740 13584 2671 6285 13585 2670 4741 13586 2668 4743 13587 2670 6286 13588 2671 4744 13589 2679 4748 13590 2677 6287 13591 2676 4749 13592 2674 4751 13593 2676 6288 13594 2677 4752 13595 2685 4756 13596 2683 6289 13597 2682 4757 13598 2680 4759 13599 2682 6290 13600 2683 4760 13601 2691 4764 13602 2689 6291 13603 2688 4765 13604 2686 4767 13605 2688 6292 13606 2689 4768 13607 2697 4772 13608 2695 6293 13609 2694 4773 13610 2692 4775 13611 2694 6294 13612 2695 4776 13613 2703 4780 13614 2701 6295 13615 2700 4781 13616 2698 4783 13617 2700 6296 13618 2701 4784 13619 2709 4788 13620 2707 6297 13621 2706 4789 13622 2704 4791 13623 2706 6298 13624 2707 4792 13625 2715 4796 13626 2713 6299 13627 2712 4797 13628 2710 4799 13629 2712 6300 13630 2713 4800 13631 2721 4804 13632 2719 6301 13633 2718 4805 13634 2716 4807 13635 2718 6302 13636 2719 4808 13637 2723 4812 13638 2727 6303 13639 2725 4813 13640 2726 4815 13641 2722 6304 13642 2724 4816 13643 2729 4820 13644 2733 6305 13645 2731 4821 13646 2732 4823 13647 2728 6306 13648 2730 4824 13649 2735 4828 13650 2739 6307 13651 2737 4829 13652 2738 4831 13653 2734 6308 13654 2736 4832 13655 2741 4836 13656 2745 6309 13657 2743 4837 13658 2744 4839 13659 2740 6310 13660 2742 4840 13661 2747 4844 13662 2751 6311 13663 2749 4845 13664 2750 4847 13665 2746 6312 13666 2748 4848 13667 2753 4852 13668 2757 6313 13669 2755 4853 13670 2756 4855 13671 2752 6314 13672 2754 4856 13673 2759 4860 13674 2763 6315 13675 2761 4861 13676 2762 4863 13677 2758 6316 13678 2760 4864 13679 2765 4868 13680 2769 6317 13681 2767 4869 13682 2768 4871 13683 2764 6318 13684 2766 4872 13685 2771 4876 13686 2775 6319 13687 2773 4877 13688 2774 4879 13689 2770 6320 13690 2772 4880 13691 2777 4884 13692 2781 6321 13693 2779 4885 13694 2780 4887 13695 2776 6322 13696 2778 4888 13697 2783 4892 13698 2787 6323 13699 2785 4893 13700 2786 4895 13701 2782 6324 13702 2784 4896 13703 2789 4900 13704 2793 6325 13705 2791 4901 13706 2792 4903 13707 2788 6326 13708 2790 4904 13709 2795 4908 13710 2799 6327 13711 2797 4909 13712 2798 4911 13713 2794 6328 13714 2796 4912 13715 2801 4916 13716 2805 6329 13717 2803 4917 13718 2804 4919 13719 2800 6330 13720 2802 4920 13721 2807 4924 13722 2811 6331 13723 2809 4925 13724 2810 4927 13725 2806 6332 13726 2808 4928 13727 2830 4932 13728 2831 6333 13729 2887 4933 13730 2814 4935 13731 2813 4942 13732 2856 4936 13733 2819 4938 13734 2841 4969 13735 2859 4939 13736 2845 4941 13737 2861 4970 13738 2813 4942 13739 2863 4943 13740 2844 4975 13741 2818 4944 13742 2829 4946 13743 2869 4953 13744 2875 4947 13745 2828 4949 13746 2830 4932 13747 2885 4934 13748 2816 4945 13749 2818 4944 13750 2825 4951 13751 2869 4953 13752 2820 4986 13753 2880 4954 13754 2848 4955 13755 2819 4938 13756 2817 4940 13757 2815 2526 13758 2849 4976 13759 2865 4957 13760 2852 4959 13761 2853 4962 13762 2826 4960 13763 2853 4962 13764 2854 4964 13765 2827 4963 13766 2854 4964 13767 2855 4952 13768 2825 4951 13769 2840 4937 13770 2856 4936 13771 2857 4965 13772 2842 4966 13773 2857 4965 13774 2858 4967 13775 2843 4968 13776 2858 4967 13777 2859 4939 13778 2861 4970 13779 2845 4941 13780 2847 4971 13781 2860 4972 13782 2847 4971 13783 2846 4973 13784 2862 4974 13785 2846 4973 13786 2844 4975 13787 2849 4976 13788 2851 4978 13789 2864 4977 13790 2851 4978 13791 2850 4980 13792 2866 4979 13793 2850 4980 13794 2848 4955 13795 2867 4956 13796 2824 4961 13797 2815 2526 13798 2868 4958 13799 2823 4981 13800 2853 4985 13801 2852 4982 13802 2822 4984 13803 2854 4987 13804 2853 4985 13805 2820 4986 13806 2855 5010 13807 2854 4987 13808 2839 4988 13809 2857 4992 13810 2856 4989 13811 2838 4991 13812 2858 4994 13813 2857 4992 13814 2836 4993 13815 2859 4939 13816 2858 4994 13817 2830 4995 13818 2828 5011 13819 2861 4996 13820 2831 4998 13821 2830 4995 13822 2860 4997 13823 2829 4946 13824 2831 4998 13825 2862 4999 13826 2834 5001 13827 2832 5013 13828 2865 5002 13829 2835 5004 13830 2834 5001 13831 2864 5003 13832 2833 5006 13833 2835 5004 13834 2866 5005 13835 2821 4983 13836 2852 4982 13837 2868 5007 13838 2820 4986 13839 2869 4953 13840 2816 5009 13841 2829 4946 13842 2863 5000 13843 2816 5009 13844 2828 5011 13845 2870 5014 13846 2813 5012 13847 2832 5013 13848 2812 5008 13849 2868 5007 13850 2833 5006 13851 2867 4956 13852 2817 4940 13853 2837 4990 13854 2856 4989 13855 2813 5012 13856 2836 4993 13857 2871 2416 13858 2817 4940 13859 2873 6334 13860 2872 5020 13861 2881 5015 13862 2872 5020 13863 2876 6335 13864 2884 5016 13865 2881 5015 13866 2872 5020 13867 2884 5016 13868 2884 5016 13869 2883 6336 13870 2882 5017 13871 2875 4947 13872 2880 4954 13873 2872 5020 13874 2880 4954 13875 2879 6337 13876 2878 6338 13877 2872 5020 13878 2880 4954 13879 2877 5018 13880 2878 6338 13881 2877 5018 13882 2880 4954 13883 2872 5020 13884 2874 5019 13885 2890 5021 13886 2890 5021 13887 2889 6339 13888 2892 5022 13889 2889 6339 13890 2891 6340 13891 2892 5022 13892 2892 5022 13893 2876 6335 13894 2872 5020 13895 2888 4948 13896 2875 4947 13897 2872 5020 13898 2872 5020 13899 2873 6334 13900 2886 5023 13901 2886 5023 13902 2885 6341 13903 2888 4948 13904 2885 6341 13905 2887 6342 13906 2888 4948 13907 2821 5024 13908 2877 5054 13909 2878 5025 13910 2870 5027 13911 2828 4949 13912 2886 4950 13913 2831 5029 13914 2829 4946 13915 2888 4948 13916 2823 5026 13917 2878 5025 13918 2879 5031 13919 2832 5033 13920 2890 5037 13921 2874 5034 13922 2834 5036 13923 2889 5043 13924 2890 5037 13925 2822 5038 13926 2879 6343 13927 2880 4954 13928 2871 5039 13929 2876 5053 13930 2892 5040 13931 2835 5042 13932 2891 6344 13933 2889 5043 13934 2839 5044 13935 2837 5047 13936 2881 5045 13937 2837 5047 13938 2870 5027 13939 2873 5028 13940 2833 5041 13941 2892 5040 13942 2891 5048 13943 2838 5050 13944 2839 5044 13945 2882 5046 13946 2836 5052 13947 2884 5056 13948 2876 5053 13949 2812 5035 13950 2874 5034 13951 2877 5054 13952 2836 5052 13953 2838 6345 13954 2883 5055 13955 2911 5057 13956 2912 6346 13957 2968 5058 13958 2895 5060 13959 2894 5067 13960 2937 5061 13961 2900 5063 13962 2922 5095 13963 2940 5064 13964 2926 5066 13965 2942 5096 13966 2894 5067 13967 2944 5068 13968 2925 5101 13969 2899 5069 13970 2910 5071 13971 2950 5078 13972 2956 5072 13973 2909 5074 13974 2911 5057 13975 2966 5059 13976 2897 5070 13977 2899 5069 13978 2906 5076 13979 2950 5078 13980 2901 5110 13981 2961 5079 13982 2929 5080 13983 2900 5063 13984 2898 5065 13985 2896 5082 13986 2930 5102 13987 2946 5083 13988 2933 5085 13989 2934 5088 13990 2907 5086 13991 2934 5088 13992 2935 5090 13993 2908 5089 13994 2935 5090 13995 2936 5077 13996 2906 5076 13997 2921 5062 13998 2937 5061 13999 2938 5091 14000 2923 5092 14001 2938 5091 14002 2939 5093 14003 2924 5094 14004 2939 5093 14005 2940 5064 14006 2942 5096 14007 2926 5066 14008 2928 5097 14009 2941 5098 14010 2928 5097 14011 2927 5099 14012 2943 5100 14013 2927 5099 14014 2925 5101 14015 2930 5102 14016 2932 5104 14017 2945 5103 14018 2932 5104 14019 2931 5106 14020 2947 5105 14021 2931 5106 14022 2929 5080 14023 2948 5081 14024 2905 5087 14025 2896 5082 14026 2949 5084 14027 2904 2416 14028 2934 2416 14029 2933 5107 14030 2903 5109 14031 2935 5111 14032 2934 2416 14033 2901 5110 14034 2936 5131 14035 2935 5111 14036 2920 5112 14037 2938 5116 14038 2937 5113 14039 2919 5115 14040 2939 5118 14041 2938 5116 14042 2917 5117 14043 2940 5064 14044 2939 5118 14045 2911 2416 14046 2909 5132 14047 2942 5119 14048 2912 5120 14049 2911 2416 14050 2941 2416 14051 2910 5071 14052 2912 5120 14053 2943 5121 14054 2915 5123 14055 2913 5134 14056 2946 2416 14057 2916 5125 14058 2915 5123 14059 2945 5124 14060 2914 5127 14061 2916 5125 14062 2947 5126 14063 2902 5108 14064 2933 5107 14065 2949 5128 14066 2901 5110 14067 2950 5078 14068 2897 5130 14069 2910 5071 14070 2944 5122 14071 2897 5130 14072 2909 5132 14073 2951 5136 14074 2894 5133 14075 2913 5134 14076 2893 5129 14077 2949 5128 14078 2914 5127 14079 2948 5081 14080 2898 5065 14081 2918 5114 14082 2937 5113 14083 2894 5133 14084 2917 5117 14085 2952 5135 14086 2898 5065 14087 2954 6347 14088 2953 5142 14089 2962 5137 14090 2953 5142 14091 2957 6348 14092 2965 5138 14093 2962 5137 14094 2953 5142 14095 2965 5138 14096 2965 5138 14097 2964 6349 14098 2963 5139 14099 2956 5072 14100 2961 5079 14101 2953 5142 14102 2961 5079 14103 2960 6350 14104 2959 6351 14105 2953 5142 14106 2961 5079 14107 2958 5140 14108 2959 6351 14109 2958 5140 14110 2961 5079 14111 2953 5142 14112 2955 5141 14113 2971 5143 14114 2971 5143 14115 2970 6352 14116 2973 5144 14117 2970 6352 14118 2972 6353 14119 2973 5144 14120 2973 5144 14121 2957 6348 14122 2953 5142 14123 2969 5073 14124 2956 5072 14125 2953 5142 14126 2953 5142 14127 2954 6347 14128 2967 5145 14129 2967 5145 14130 2966 6354 14131 2969 5073 14132 2966 6354 14133 2968 6355 14134 2969 5073 14135 2902 5146 14136 2958 5176 14137 2959 5147 14138 2951 5149 14139 2909 5074 14140 2967 5075 14141 2912 5151 14142 2910 5071 14143 2969 5073 14144 2904 5148 14145 2959 5147 14146 2960 5153 14147 2913 5155 14148 2971 5159 14149 2955 5156 14150 2915 5158 14151 2970 5165 14152 2971 5159 14153 2903 5160 14154 2960 6356 14155 2961 5079 14156 2952 5161 14157 2957 5175 14158 2973 5162 14159 2916 5164 14160 2972 6357 14161 2970 5165 14162 2920 5166 14163 2918 5169 14164 2962 5167 14165 2918 5169 14166 2951 5149 14167 2954 5150 14168 2914 5163 14169 2973 5162 14170 2972 5170 14171 2919 5172 14172 2920 5166 14173 2963 5168 14174 2917 5174 14175 2965 5178 14176 2957 5175 14177 2893 5157 14178 2955 5156 14179 2958 5176 14180 2917 5174 14181 2919 6358 14182 2964 5177 14183 2992 5179 14184 3049 5181 14185 2993 6359 14186 2976 5182 14187 3018 5184 14188 2975 5189 14189 2979 5185 14190 3003 5187 14191 2981 5203 14192 3007 5188 14193 2975 5189 14194 3023 5218 14195 3006 5190 14196 2978 5192 14197 2980 5198 14198 3031 5193 14199 3050 5195 14200 3037 5201 14201 2990 5196 14202 3047 5180 14203 2992 5179 14204 2980 5198 14205 3017 5199 14206 2987 5213 14207 2982 5200 14208 3037 5201 14209 3042 5285 14210 3029 5202 14211 2981 5203 14212 3010 6360 14213 2977 5204 14214 3027 5206 14215 3011 5223 14216 3014 5207 14217 2988 5209 14218 3015 5210 14219 3015 5210 14220 2989 5211 14221 3016 5212 14222 3016 5212 14223 2987 5213 14224 3017 5199 14225 3002 5183 14226 3019 5215 14227 3018 5184 14228 3004 5214 14229 3020 5217 14230 3019 5215 14231 3005 5216 14232 3021 5186 14233 3020 5217 14234 3023 5218 14235 3009 5220 14236 3007 5188 14237 3022 5219 14238 3008 5222 14239 3009 5220 14240 3024 5221 14241 3006 5190 14242 3008 5222 14243 3011 5223 14244 3026 5224 14245 3013 5225 14246 3013 5225 14247 3028 5226 14248 3012 5227 14249 3012 5227 14250 3029 5202 14251 3010 6360 14252 2986 5208 14253 3030 5205 14254 2977 5204 14255 2985 5228 14256 3014 5230 14257 3015 5232 14258 2984 5231 14259 3015 5232 14260 3016 5233 14261 2982 5200 14262 3016 5233 14263 3017 5255 14264 3001 5234 14265 3018 5236 14266 3019 5238 14267 3000 5237 14268 3019 5238 14269 3020 5240 14270 2998 5239 14271 3020 5240 14272 3021 5186 14273 2992 5241 14274 3023 5243 14275 2990 5257 14276 2993 5244 14277 3022 5242 14278 2992 5241 14279 2991 5194 14280 3024 5245 14281 2993 5244 14282 2996 5247 14283 3027 5249 14284 2994 5259 14285 2997 5250 14286 3026 5248 14287 2996 5247 14288 2995 5252 14289 3028 5251 14290 2997 5250 14291 2983 5229 14292 3030 5254 14293 3014 5230 14294 2982 5200 14295 2978 5256 14296 3031 5193 14297 2991 5194 14298 2978 5256 14299 3025 5246 14300 2990 5257 14301 2975 5258 14302 3032 5261 14303 2994 5259 14304 3030 5254 14305 2974 5253 14306 2995 5252 14307 2979 5185 14308 3029 5202 14309 2999 5235 14310 2975 5258 14311 3018 5236 14312 2998 5239 14313 2979 5185 14314 3033 5260 14315 3035 6361 14316 3043 5264 14317 3034 5265 14318 3034 5265 14319 3043 5264 14320 3038 5263 14321 3038 5263 14322 3044 5262 14323 3046 6362 14324 3046 6362 14325 3044 5262 14326 3045 6363 14327 3037 5201 14328 3040 6364 14329 3042 5285 14330 3042 5285 14331 3040 6364 14332 3041 6365 14333 3040 6364 14334 3037 5201 14335 3039 5266 14336 3039 5266 14337 3034 5265 14338 3036 6366 14339 3034 5265 14340 3052 5267 14341 3036 6366 14342 3052 5267 14343 3038 5263 14344 3051 6367 14345 3051 6367 14346 3054 6368 14347 3053 6369 14348 3038 5263 14349 3054 6368 14350 3051 6367 14351 3050 5195 14352 3047 5268 14353 3037 5201 14354 3037 5201 14355 3048 6370 14356 3034 5265 14357 3034 5265 14358 3048 6370 14359 3035 6361 14360 3048 6370 14361 3037 5201 14362 3047 5268 14363 2983 5270 14364 3040 5272 14365 3039 5301 14366 3032 5273 14367 3048 5197 14368 2990 5196 14369 2993 5275 14370 3050 5195 14371 2991 5194 14372 2985 5271 14373 3041 5278 14374 3040 5272 14375 2994 5279 14376 3036 5281 14377 3052 5283 14378 2996 5282 14379 3052 5283 14380 3051 5290 14381 2984 5284 14382 3042 5285 14383 3041 6371 14384 2995 5286 14385 3038 5288 14386 3033 5299 14387 2997 5289 14388 3051 5290 14389 3053 6372 14390 3001 5291 14391 3043 5293 14392 2999 5294 14393 2999 5294 14394 3035 5274 14395 3032 5273 14396 2995 5286 14397 3053 5296 14398 3054 5287 14399 3000 5297 14400 3044 5292 14401 3001 5291 14402 3033 5299 14403 3046 5300 14404 2998 5302 14405 2974 5280 14406 3039 5301 14407 3036 5281 14408 2998 5302 14409 3045 5303 14410 3000 6373 14411 3074 5304 14412 3130 6374 14413 3128 5305 14414 3056 1432 14415 3099 5335 14416 3083 5307 14417 3062 5308 14418 3084 5340 14419 3102 5309 14420 3104 5311 14421 3056 1432 14422 3057 1432 14423 3106 5313 14424 3087 6375 14425 3061 5314 14426 3072 5316 14427 3112 5323 14428 3118 5317 14429 3073 5306 14430 3128 5305 14431 3129 5319 14432 3059 5315 14433 3061 5314 14434 3068 5321 14435 3112 5323 14436 3063 5412 14437 3123 5324 14438 3091 5325 14439 3062 5308 14440 3060 5310 14441 3092 5327 14442 3108 5345 14443 3111 5328 14444 3067 5330 14445 3095 5350 14446 3096 5331 14447 3069 5332 14448 3096 5331 14449 3097 5333 14450 3070 5334 14451 3097 5333 14452 3098 5322 14453 3099 5335 14454 3100 5337 14455 3085 5336 14456 3100 5337 14457 3101 5339 14458 3086 5338 14459 3101 5339 14460 3102 5309 14461 3084 5340 14462 3088 5312 14463 3090 5342 14464 3103 5341 14465 3090 5342 14466 3089 5344 14467 3105 5343 14468 3089 5344 14469 3087 6375 14470 3106 5313 14471 3108 5345 14472 3092 5327 14473 3094 5346 14474 3107 5347 14475 3094 5346 14476 3093 5348 14477 3109 5349 14478 3093 5348 14479 3091 5325 14480 3058 5329 14481 3111 5328 14482 3095 5350 14483 3066 5351 14484 3096 5355 14485 3095 5352 14486 3065 5354 14487 3097 5357 14488 3096 5355 14489 3063 5356 14490 3098 5322 14491 3097 5357 14492 3082 5358 14493 3100 5362 14494 3099 5359 14495 3081 5361 14496 3101 5364 14497 3100 5362 14498 3079 5363 14499 3102 5387 14500 3101 5364 14501 3073 5365 14502 3071 5381 14503 3104 5366 14504 3074 5368 14505 3073 5365 14506 3103 5367 14507 3072 5370 14508 3074 5368 14509 3105 5369 14510 3077 5371 14511 3075 5383 14512 3108 5372 14513 3078 5374 14514 3077 5371 14515 3107 5373 14516 3076 5376 14517 3078 5374 14518 3109 5375 14519 3064 5353 14520 3095 5352 14521 3111 5378 14522 3063 5356 14523 3112 5380 14524 3059 5315 14525 3072 5370 14526 3106 5313 14527 3059 5315 14528 3071 5381 14529 3113 5386 14530 3056 5382 14531 3075 5383 14532 3055 5379 14533 3111 5378 14534 3076 5376 14535 3110 5377 14536 3060 5384 14537 3080 5360 14538 3099 5359 14539 3056 5382 14540 3079 5363 14541 3114 5385 14542 3060 5384 14543 3116 6376 14544 3115 5391 14545 3124 5390 14546 3115 5391 14547 3119 5388 14548 3124 5390 14549 3119 5388 14550 3127 5425 14551 3125 5389 14552 3127 5425 14553 3126 6377 14554 3125 5389 14555 3118 5392 14556 3123 6378 14557 3121 6379 14558 3123 6378 14559 3122 6380 14560 3121 6379 14561 3118 5392 14562 3121 6379 14563 3120 5393 14564 3120 5393 14565 3117 6381 14566 3115 5391 14567 3115 5391 14568 3117 6381 14569 3133 5394 14570 3133 5394 14571 3132 6382 14572 3119 5388 14573 3132 6382 14574 3134 5421 14575 3135 5414 14576 3135 5414 14577 3119 5388 14578 3132 6382 14579 3131 5397 14580 3118 5392 14581 3128 5395 14582 3118 5392 14583 3115 5391 14584 3129 6383 14585 3115 5391 14586 3116 6376 14587 3129 6383 14588 3129 6383 14589 3128 5395 14590 3118 5392 14591 3066 5398 14592 3064 5424 14593 3120 5399 14594 3071 5320 14595 3129 5319 14596 3116 5401 14597 3072 5316 14598 3131 5318 14599 3130 5403 14600 3065 5405 14601 3066 5398 14602 3121 5400 14603 3055 5407 14604 3075 5410 14605 3133 5408 14606 3075 5410 14607 3077 5415 14608 3132 5411 14609 3063 5412 14610 3065 6384 14611 3122 5413 14612 3114 5385 14613 3119 5388 14614 3135 5414 14615 3077 5415 14616 3078 6385 14617 3134 5416 14618 3080 5417 14619 3124 5420 14620 3125 5418 14621 3113 5402 14622 3116 5401 14623 3124 5420 14624 3078 5374 14625 3076 5376 14626 3135 5414 14627 3082 5419 14628 3125 5418 14629 3126 5422 14630 3079 5363 14631 3127 5425 14632 3119 5388 14633 3064 5424 14634 3055 5407 14635 3117 5409 14636 3081 5361 14637 3126 6377 14638 3127 5425 14639 3141 5426 14640 3139 6386 14641 3138 5427 14642 3136 5429 14643 3138 6387 14644 3139 5430 14645 3141 5432 14646 3137 6388 14647 3136 5433 14648 3153 5437 14649 3143 6389 14650 3146 5438 14651 3151 5440 14652 3152 5449 14653 3146 5441 14654 3145 5443 14655 3147 6390 14656 3150 5444 14657 3142 5446 14658 3148 5450 14659 3150 5447 14660 3149 5445 14661 3150 5444 14662 3152 5449 14663 3148 5450 14664 3153 5437 14665 3152 5439 14666 3155 5451 14667 3159 6391 14668 3157 5452 14669 3154 5454 14670 3156 6392 14671 3157 5455 14672 3159 5457 14673 3155 6393 14674 3154 5458 14675 3161 5462 14676 3165 6394 14677 3163 5463 14678 3160 5465 14679 3162 6395 14680 3163 5466 14681 3165 5468 14682 3161 6396 14683 3160 5469 14684 3171 5473 14685 3169 6397 14686 3168 5474 14687 3166 5476 14688 3168 6398 14689 3169 5477 14690 3171 5479 14691 3167 6399 14692 3166 5480 14693 3173 5484 14694 3177 6400 14695 3175 5485 14696 3172 5487 14697 3174 6401 14698 3175 5488 14699 3177 5490 14700 3173 6402 14701 3172 5491 14702 3179 5495 14703 3183 6403 14704 3181 5496 14705 3178 5498 14706 3180 6404 14707 3181 5499 14708 3183 5501 14709 3179 6405 14710 3178 5502 14711 3195 5506 14712 3185 6406 14713 3188 5507 14714 3193 5509 14715 3194 5518 14716 3188 5510 14717 3187 5512 14718 3189 6407 14719 3192 5513 14720 3184 5515 14721 3190 5519 14722 3192 5516 14723 3191 5514 14724 3192 5513 14725 3194 5518 14726 3190 5519 14727 3195 5506 14728 3194 5508 14729 3207 5520 14730 3197 6408 14731 3200 5521 14732 3205 5523 14733 3206 5532 14734 3200 5524 14735 3199 5526 14736 3201 6409 14737 3204 5527 14738 3196 5529 14739 3202 5533 14740 3204 5530 14741 3203 5528 14742 3204 5527 14743 3206 5532 14744 3202 5533 14745 3207 5520 14746 3206 5522 14747 3219 5534 14748 3209 6410 14749 3212 5535 14750 3217 5537 14751 3218 5546 14752 3212 5538 14753 3211 5540 14754 3213 6411 14755 3216 5541 14756 3208 5543 14757 3214 5547 14758 3216 5544 14759 3215 5542 14760 3216 5541 14761 3218 5546 14762 3214 5547 14763 3219 5534 14764 3218 5536 14765 3231 5548 14766 3221 6412 14767 3224 5549 14768 3229 5551 14769 3230 5560 14770 3224 5552 14771 3223 5554 14772 3225 6413 14773 3228 5555 14774 3220 5557 14775 3226 5561 14776 3228 5558 14777 3227 5556 14778 3228 5555 14779 3230 5560 14780 3226 5561 14781 3231 5548 14782 3230 5550 14783 3243 5562 14784 3233 6414 14785 3236 5563 14786 3241 5565 14787 3242 5574 14788 3236 5566 14789 3235 5568 14790 3237 6415 14791 3240 5569 14792 3232 5571 14793 3238 5575 14794 3240 5572 14795 3239 5570 14796 3240 5569 14797 3242 5574 14798 3238 5575 14799 3243 5562 14800 3242 5564 14801 3262 5576 14802 3263 6416 14803 3319 5577 14804 3246 5579 14805 3245 5586 14806 3288 5580 14807 3249 5582 14808 3251 5600 14809 3273 5583 14810 3277 5585 14811 3293 5615 14812 3245 5586 14813 3276 5587 14814 3250 5595 14815 3248 5588 14816 3301 5590 14817 3307 5598 14818 3320 5591 14819 3260 5593 14820 3262 5576 14821 3317 5578 14822 3250 5595 14823 3257 5610 14824 3287 5596 14825 3252 5597 14826 3312 5683 14827 3307 5598 14828 3299 5599 14829 3280 6417 14830 3251 5600 14831 3247 5601 14832 3281 5620 14833 3297 5602 14834 3284 5604 14835 3285 5607 14836 3258 5605 14837 3285 5607 14838 3286 5609 14839 3259 5608 14840 3286 5609 14841 3287 5596 14842 3257 5610 14843 3272 5581 14844 3288 5580 14845 3289 5611 14846 3274 5612 14847 3289 5611 14848 3290 5613 14849 3275 5614 14850 3290 5613 14851 3291 5584 14852 3293 5615 14853 3277 5585 14854 3279 5616 14855 3292 5617 14856 3279 5616 14857 3278 5618 14858 3294 5619 14859 3278 5618 14860 3276 5587 14861 3281 5620 14862 3283 5622 14863 3296 5621 14864 3283 5622 14865 3282 5624 14866 3298 5623 14867 3282 5624 14868 3280 6417 14869 3299 5599 14870 3256 5606 14871 3247 5601 14872 3300 5603 14873 3255 5625 14874 3285 5629 14875 3284 5626 14876 3254 5628 14877 3286 5630 14878 3285 5629 14879 3252 5597 14880 3287 5653 14881 3286 5630 14882 3271 5631 14883 3289 5635 14884 3288 5632 14885 3270 5634 14886 3290 5637 14887 3289 5635 14888 3268 5636 14889 3291 5584 14890 3290 5637 14891 3262 5638 14892 3260 5654 14893 3293 5639 14894 3263 5641 14895 3262 5638 14896 3292 5640 14897 3261 5592 14898 3263 5641 14899 3294 5642 14900 3266 5644 14901 3264 5656 14902 3297 5645 14903 3267 5647 14904 3266 5644 14905 3296 5646 14906 3265 5649 14907 3267 5647 14908 3298 5648 14909 3253 5627 14910 3284 5626 14911 3300 5650 14912 3252 5597 14913 3301 5590 14914 3248 5652 14915 3261 5592 14916 3295 5643 14917 3248 5652 14918 3260 5654 14919 3302 5658 14920 3245 5655 14921 3264 5656 14922 3244 5651 14923 3300 5650 14924 3265 5649 14925 3299 5599 14926 3249 5582 14927 3269 5633 14928 3288 5632 14929 3245 5655 14930 3268 5636 14931 3303 5657 14932 3249 5582 14933 3305 6418 14934 3304 5664 14935 3313 5659 14936 3304 5664 14937 3308 6419 14938 3316 5660 14939 3313 5659 14940 3304 5664 14941 3316 5660 14942 3316 5660 14943 3315 3995 14944 3314 5661 14945 3307 5598 14946 3312 5683 14947 3304 5664 14948 3312 5683 14949 3311 6420 14950 3310 6421 14951 3304 5664 14952 3312 5683 14953 3309 5662 14954 3310 6421 14955 3309 5662 14956 3312 5683 14957 3304 5664 14958 3306 5663 14959 3322 5665 14960 3322 5665 14961 3321 6422 14962 3324 5666 14963 3321 6422 14964 3323 6423 14965 3324 5666 14966 3324 5666 14967 3308 6419 14968 3304 5664 14969 3320 5591 14970 3307 5598 14971 3304 5664 14972 3304 5664 14973 3305 6418 14974 3318 5667 14975 3318 5667 14976 3317 6424 14977 3320 5591 14978 3317 6424 14979 3319 6425 14980 3320 5591 14981 3253 5668 14982 3309 5699 14983 3310 5669 14984 3302 5671 14985 3260 5593 14986 3318 5594 14987 3263 5673 14988 3261 5592 14989 3320 5591 14990 3255 5670 14991 3310 5669 14992 3311 5675 14993 3264 5677 14994 3322 5681 14995 3306 5678 14996 3266 5680 14997 3321 5688 14998 3322 5681 14999 3254 5682 15000 3311 6426 15001 3312 5683 15002 3265 5684 15003 3303 5697 15004 3308 5685 15005 3267 5687 15006 3323 6427 15007 3321 5688 15008 3271 5689 15009 3269 5692 15010 3313 5690 15011 3269 5692 15012 3302 5671 15013 3305 5672 15014 3265 5684 15015 3324 5686 15016 3323 5693 15017 3270 5695 15018 3271 5689 15019 3314 5691 15020 3303 5697 15021 3268 5700 15022 3316 5698 15023 3244 5679 15024 3306 5678 15025 3309 5699 15026 3268 5700 15027 3270 6428 15028 3315 5701 15029 3390 6429 15030 3359 6430 15031 3354 6431 15032 3344 6432 15033 3367 6433 15034 3345 6434 15035 3391 6435 15036 3346 6436 15037 3329 6437 15038 3388 6438 15039 3349 6439 15040 3385 6440 15041 3349 6441 15042 3386 6442 15043 3385 6443 15044 3350 6444 15045 3387 6445 15046 3386 6446 15047 3388 6438 15048 3336 6447 15049 3389 6448 15050 3389 6448 15051 3334 6449 15052 3390 6429 15053 3391 6435 15054 3330 6450 15055 3392 6451 15056 3330 6450 15057 3393 6452 15058 3392 6451 15059 3347 6453 15060 3395 6454 15061 3394 6455 15062 3348 6456 15063 3396 6457 15064 3395 6458 15065 3393 6452 15066 3326 6459 15067 3387 6445 15068 3374 6460 15069 3349 6461 15070 3373 6462 15071 3374 6460 15072 3351 6463 15073 3350 6464 15074 3377 6465 15075 3352 6466 15076 3376 6467 15077 3378 6468 15078 3352 6466 15079 3354 6469 15080 3380 6470 15081 3355 6471 15082 3379 6472 15083 3381 6473 15084 3355 6471 15085 3357 6474 15086 3382 6475 15087 3359 6476 15088 3358 6477 15089 3382 6475 15090 3360 6478 15091 3384 6479 15092 3375 6480 15093 3357 6474 15094 3351 6463 15095 3373 6462 15096 3353 6481 15097 3377 6465 15098 3384 6479 15099 3356 6482 15100 3380 6470 15101 3383 6483 15102 3354 6469 15103 3359 6476 15104 3337 6484 15105 3364 6485 15106 3365 6486 15107 3332 6487 15108 3365 6486 15109 3361 6488 15110 3342 6489 15111 3371 6490 15112 3340 6491 15113 3339 6492 15114 3366 6493 15115 3364 6485 15116 3343 6494 15117 3372 6495 15118 3341 6496 15119 3333 6497 15120 3361 6498 15121 3362 6499 15122 3341 6500 15123 3370 6501 15124 3342 6502 15125 3345 6434 15126 3368 6503 15127 3343 6494 15128 3340 6491 15129 3366 6493 15130 3338 6504 15131 3331 6505 15132 3362 6506 15133 3363 6507 15134 3344 6432 15135 3363 6507 15136 3369 6508 15137 3340 6509 15138 3378 6510 15139 3383 6511 15140 3341 6512 15141 3380 6513 15142 3343 6514 15143 3332 6515 15144 3377 6516 15145 3337 6517 15146 3331 6518 15147 3381 6519 15148 3375 6520 15149 3342 6521 15150 3384 6479 15151 3341 6512 15152 3342 6521 15153 3383 6511 15154 3382 6475 15155 3344 6522 15156 3379 6523 15157 3381 6519 15158 3343 6514 15159 3379 6523 15160 3345 6524 15161 3338 6525 15162 3376 6526 15163 3378 6510 15164 3337 6517 15165 3376 6526 15166 3339 6527 15167 3333 6528 15168 3375 6520 15169 3374 6460 15170 3333 6528 15171 3373 6462 15172 3332 6515 15173 3357 6529 15174 3387 6445 15175 3351 6530 15176 3395 6458 15177 3360 6531 15178 3358 6532 15179 3394 6455 15180 3358 6533 15181 3359 6430 15182 3392 6451 15183 3357 6529 15184 3355 6534 15185 3356 6535 15186 3392 6451 15187 3355 6534 15188 3352 6536 15189 3390 6429 15190 3354 6431 15191 3353 6537 15192 3389 6448 15193 3352 6536 15194 3386 6446 15195 3326 6459 15196 3327 6538 15197 3385 6443 15198 3327 6539 15199 3325 6540 15200 3335 6541 15201 3385 6440 15202 3325 6542 15203 3356 6535 15204 3396 6543 15205 3391 6435 15206 3334 6449 15207 3394 6455 15208 3390 6429 15209 3390 6429 15210 3394 6455 15211 3359 6430 15212 3344 6432 15213 3369 6508 15214 3367 6433 15215 3391 6435 15216 3396 6543 15217 3346 6436 15218 3388 6438 15219 3353 6537 15220 3349 6439 15221 3349 6441 15222 3350 6544 15223 3386 6442 15224 3350 6444 15225 3351 6530 15226 3387 6445 15227 3388 6438 15228 3335 6541 15229 3336 6447 15230 3389 6448 15231 3336 6447 15232 3334 6449 15233 3391 6435 15234 3329 6437 15235 3330 6450 15236 3330 6450 15237 3328 6545 15238 3393 6452 15239 3347 6453 15240 3348 6546 15241 3395 6454 15242 3348 6456 15243 3346 6547 15244 3396 6457 15245 3393 6452 15246 3328 6545 15247 3326 6459 15248 3374 6460 15249 3350 6464 15250 3349 6461 15251 3374 6460 15252 3375 6480 15253 3351 6463 15254 3377 6465 15255 3353 6481 15256 3352 6466 15257 3378 6468 15258 3376 6467 15259 3352 6466 15260 3380 6470 15261 3356 6482 15262 3355 6471 15263 3381 6473 15264 3379 6472 15265 3355 6471 15266 3382 6475 15267 3383 6483 15268 3359 6476 15269 3382 6475 15270 3358 6477 15271 3360 6478 15272 3375 6480 15273 3381 6473 15274 3357 6474 15275 3373 6462 15276 3349 6461 15277 3353 6481 15278 3384 6479 15279 3360 6478 15280 3356 6482 15281 3383 6483 15282 3378 6468 15283 3354 6469 15284 3368 6548 15285 3367 6549 15286 3369 6550 15287 3366 6551 15288 3365 6552 15289 3364 6553 15290 3365 6552 15291 3366 6551 15292 3372 6554 15293 3363 6555 15294 3362 6556 15295 3361 6557 15296 3361 6557 15297 3365 6552 15298 3363 6555 15299 3366 6551 15300 3371 6558 15301 3372 6554 15302 3371 6558 15303 3370 6559 15304 3372 6554 15305 3337 6484 15306 3339 6492 15307 3364 6485 15308 3332 6487 15309 3337 6484 15310 3365 6486 15311 3342 6489 15312 3370 6560 15313 3371 6490 15314 3339 6492 15315 3338 6504 15316 3366 6493 15317 3343 6494 15318 3368 6503 15319 3372 6495 15320 3333 6497 15321 3332 6561 15322 3361 6498 15323 3341 6500 15324 3372 6562 15325 3370 6501 15326 3345 6434 15327 3367 6433 15328 3368 6503 15329 3340 6491 15330 3371 6490 15331 3366 6493 15332 3331 6505 15333 3333 6563 15334 3362 6506 15335 3344 6432 15336 3331 6505 15337 3363 6507 15338 3340 6509 15339 3338 6525 15340 3378 6510 15341 3341 6512 15342 3384 6479 15343 3380 6513 15344 3332 6515 15345 3373 6462 15346 3377 6516 15347 3331 6518 15348 3344 6522 15349 3381 6519 15350 3342 6521 15351 3382 6475 15352 3384 6479 15353 3342 6521 15354 3340 6509 15355 3383 6511 15356 3344 6522 15357 3345 6524 15358 3379 6523 15359 3343 6514 15360 3380 6513 15361 3379 6523 15362 3338 6525 15363 3339 6527 15364 3376 6526 15365 3337 6517 15366 3377 6516 15367 3376 6526 15368 3333 6528 15369 3331 6518 15370 3375 6520 15371 3333 6528 15372 3374 6460 15373 3373 6462 15374 3357 6529 15375 3393 6452 15376 3387 6445 15377 3395 6458 15378 3396 6457 15379 3360 6531 15380 3394 6455 15381 3395 6454 15382 3358 6533 15383 3392 6451 15384 3393 6452 15385 3357 6529 15386 3356 6535 15387 3391 6435 15388 3392 6451 15389 3352 6536 15390 3389 6448 15391 3390 6429 15392 3353 6537 15393 3388 6438 15394 3389 6448 15395 3386 6446 15396 3387 6445 15397 3326 6459 15398 3385 6443 15399 3386 6442 15400 3327 6539 15401 3335 6541 15402 3388 6438 15403 3385 6440 15404 3356 6535 15405 3360 6564 15406 3396 6543 15407 3334 6449 15408 3347 6453 15409 3394 6455 15410 3397 6565 15411 1616 6566 15412 1606 6567 15413 1606 3286 15414 3399 3301 15415 1692 3297 15416 3408 6568 15417 3401 6568 15418 3403 6568 15419 3404 6569 15420 3410 6569 15421 3405 6569 15422 3407 6570 15423 3404 6570 15424 3402 6570 15425 3410 6571 15426 3403 6571 15427 3405 6571 15428 3428 6572 15429 3417 6573 15430 3420 6574 15431 3420 6575 15432 3541 6576 15433 3546 6577 15434 3425 6578 15435 3544 6579 15436 3548 6580 15437 3427 6581 15438 3414 6582 15439 3421 6583 15440 3424 6584 15441 3543 6585 15442 3547 6586 15443 3545 6587 15444 3411 6588 15445 3542 6589 15446 3415 6590 15447 3545 6591 15448 3544 6592 15449 3427 6581 15450 3418 6593 15451 3423 6594 15452 3543 6595 15453 3420 6596 15454 3546 6597 15455 3428 6572 15456 3413 6598 15457 3424 6599 15458 3411 6600 15459 3428 6572 15460 3424 6599 15461 3416 6601 15462 3427 6581 15463 3423 6594 15464 3411 6602 15465 3547 6586 15466 3542 6603 15467 3412 6604 15468 3427 6581 15469 3419 6605 15470 3417 6606 15471 3548 6580 15472 3541 6607 15473 3415 6608 15474 3428 6572 15475 3422 6609 15476 3429 6610 15477 3515 6611 15478 3510 6612 15479 3432 6613 15480 3513 6614 15481 3512 6615 15482 3513 6616 15483 3429 6617 15484 3510 6618 15485 3436 6619 15486 3512 6620 15487 3516 6621 15488 3443 6622 15489 3496 6623 15490 3500 6624 15491 3497 6625 15492 3437 6626 15493 3494 6627 15494 3439 6628 15495 3497 6629 15496 3496 6630 15497 3437 6631 15498 3499 6632 15499 3494 6633 15500 3446 6634 15501 3531 6635 15502 3526 6636 15503 3448 6637 15504 3529 6638 15505 3528 6639 15506 3529 6640 15507 3446 6641 15508 3526 6642 15509 3452 6643 15510 3528 6644 15511 3532 6645 15512 3454 6646 15513 3538 6647 15514 3533 6648 15515 3456 6649 15516 3536 6650 15517 3535 6651 15518 3536 6652 15519 3454 6653 15520 3533 6654 15521 3460 6655 15522 3535 6656 15523 3539 6657 15524 3467 6658 15525 3519 6659 15526 3523 6660 15527 3520 6661 15528 3461 6662 15529 3517 6663 15530 3463 6664 15531 3520 6665 15532 3519 6666 15533 3517 6667 15534 3466 6668 15535 3522 6669 15536 3476 6670 15537 3503 6671 15538 3507 6672 15539 3504 6673 15540 3470 6674 15541 3501 6675 15542 3472 6676 15543 3504 6677 15544 3503 6678 15545 3470 6679 15546 3506 6680 15547 3501 6681 15548 3477 6682 15549 3490 6683 15550 3485 6684 15551 3479 6685 15552 3488 6686 15553 3487 6687 15554 3488 6688 15555 3477 6689 15556 3485 6690 15557 3483 6691 15558 3487 6692 15559 3491 6693 15560 3489 6694 15561 3418 6695 15562 3421 6696 15563 3423 6697 15564 3487 6692 15565 3416 6698 15566 3426 6699 15567 3486 6700 15568 3414 6701 15569 3419 6702 15570 3485 6690 15571 3412 6703 15572 3487 6687 15573 3419 6704 15574 3416 6705 15575 3414 6706 15576 3489 6707 15577 3421 6708 15578 3485 6684 15579 3426 6699 15580 3412 6709 15581 3492 6710 15582 3423 6697 15583 3418 6711 15584 3493 6712 15585 3483 6691 15586 3484 6713 15587 3494 6633 15588 3482 6714 15589 3477 6682 15590 3478 6715 15591 3498 6716 15592 3481 6717 15593 3496 6630 15594 3480 6718 15595 3479 6685 15596 3480 6719 15597 3494 6627 15598 3477 6689 15599 3499 6632 15600 3478 6720 15601 3482 6714 15602 3500 6624 15603 3479 6721 15604 3483 6691 15605 3498 6722 15606 3484 6723 15607 3481 6724 15608 3508 6725 15609 3443 6622 15610 3444 6726 15611 3501 6681 15612 3442 6727 15613 3437 6631 15614 3438 6728 15615 3505 6729 15616 3441 6730 15617 3503 6678 15618 3440 6731 15619 3439 6628 15620 3440 6732 15621 3501 6675 15622 3437 6626 15623 3506 6680 15624 3438 6733 15625 3442 6727 15626 3507 6672 15627 3439 6734 15628 3443 6622 15629 3505 6735 15630 3444 6736 15631 3441 6737 15632 3514 6738 15633 3469 6739 15634 3474 6740 15635 3516 6621 15636 3472 6741 15637 3476 6670 15638 3515 6611 15639 3471 6742 15640 3475 6743 15641 3473 6744 15642 3510 6618 15643 3470 6674 15644 3512 6615 15645 3473 6745 15646 3472 6676 15647 3471 6746 15648 3514 6747 15649 3474 6748 15650 3510 6612 15651 3475 6743 15652 3470 6679 15653 3509 6749 15654 3476 6670 15655 3469 6750 15656 3524 6751 15657 3436 6619 15658 3430 6752 15659 3517 6667 15660 3435 6753 15661 3429 6610 15662 3431 6754 15663 3521 6755 15664 3434 6756 15665 3519 6666 15666 3433 6757 15667 3432 6613 15668 3433 6758 15669 3517 6663 15670 3429 6617 15671 3522 6669 15672 3431 6759 15673 3435 6753 15674 3523 6660 15675 3432 6760 15676 3436 6619 15677 3521 6761 15678 3430 6762 15679 3434 6763 15680 3530 6764 15681 3468 6765 15682 3465 6766 15683 3532 6645 15684 3463 6767 15685 3467 6658 15686 3531 6635 15687 3462 6768 15688 3466 6668 15689 3464 6769 15690 3526 6642 15691 3461 6662 15692 3528 6639 15693 3464 6770 15694 3463 6664 15695 3462 6771 15696 3530 6772 15697 3465 6773 15698 3526 6636 15699 3466 6668 15700 3461 6774 15701 3525 6775 15702 3467 6658 15703 3468 6776 15704 3537 6777 15705 3445 6778 15706 3450 6779 15707 3539 6657 15708 3448 6780 15709 3452 6643 15710 3538 6647 15711 3447 6781 15712 3451 6782 15713 3449 6783 15714 3533 6654 15715 3446 6641 15716 3535 6651 15717 3449 6784 15718 3448 6637 15719 3447 6785 15720 3537 6786 15721 3450 6787 15722 3533 6648 15723 3451 6782 15724 3446 6634 15725 3540 6788 15726 3452 6643 15727 3445 6789 15728 3541 6607 15729 3460 6655 15730 3453 6790 15731 3542 6603 15732 3459 6791 15733 3454 6646 15734 3455 6792 15735 3546 6597 15736 3458 6793 15737 3544 6592 15738 3457 6794 15739 3456 6649 15740 3457 6795 15741 3542 6589 15742 3454 6653 15743 3547 6586 15744 3455 6796 15745 3459 6791 15746 3548 6580 15747 3456 6797 15748 3460 6655 15749 3546 6577 15750 3453 6798 15751 3458 6799 15752 3538 6647 15753 3459 6791 15754 3534 6800 15755 3531 6635 15756 3451 6782 15757 3527 6801 15758 3522 6669 15759 3466 6668 15760 3518 6802 15761 3515 6611 15762 3435 6753 15763 3511 6803 15764 3506 6680 15765 3475 6743 15766 3502 6804 15767 3499 6632 15768 3442 6727 15769 3495 6805 15770 3490 6683 15771 3482 6714 15772 3486 6700 15773 3491 6693 15774 3492 6710 15775 3483 6691 15776 3500 6624 15777 3493 6712 15778 3443 6622 15779 3507 6672 15780 3508 6725 15781 3476 6670 15782 3516 6621 15783 3509 6749 15784 3436 6619 15785 3523 6660 15786 3524 6751 15787 3467 6658 15788 3532 6645 15789 3525 6775 15790 3452 6643 15791 3539 6657 15792 3540 6788 15793 3460 6655 15794 3486 6806 15795 3483 6807 15796 3492 6808 15797 3442 6809 15798 3493 6810 15799 3495 6811 15800 3475 6812 15801 3508 6813 15802 3502 6814 15803 3435 6815 15804 3509 6816 15805 3511 6817 15806 3466 6818 15807 3524 6819 15808 3518 6820 15809 3451 6821 15810 3525 6822 15811 3527 6823 15812 3459 6824 15813 3540 6825 15814 3534 6826 15815 3482 6827 15816 3478 6828 15817 3481 6829 15818 3442 6830 15819 3438 6831 15820 3441 6832 15821 3475 6833 15822 3471 6834 15823 3474 6835 15824 3435 6836 15825 3431 6837 15826 3434 6838 15827 3466 6839 15828 3462 6840 15829 3465 6841 15830 3451 6842 15831 3447 6843 15832 3450 6844 15833 3459 6845 15834 3455 6846 15835 3458 6847 15836 3505 6848 15837 3502 6814 15838 3508 6813 15839 3498 6849 15840 3495 6811 15841 3493 6810 15842 3489 6850 15843 3486 6806 15844 3492 6808 15845 3514 6851 15846 3511 6817 15847 3509 6816 15848 3521 6852 15849 3518 6820 15850 3524 6819 15851 3530 6853 15852 3527 6823 15853 3525 6822 15854 3537 6854 15855 3534 6826 15856 3540 6825 15857 3566 6855 15858 3555 6856 15859 3558 6857 15860 3558 6858 15861 3679 6859 15862 3684 6860 15863 3686 6861 15864 3553 6862 15865 3682 6863 15866 3565 6864 15867 3552 6865 15868 3559 6866 15869 3562 6867 15870 3681 6868 15871 3685 6869 15872 3683 6870 15873 3549 6871 15874 3680 6872 15875 3682 6873 15876 3560 6874 15877 3683 6870 15878 3565 6864 15879 3556 6875 15880 3561 6876 15881 3551 6877 15882 3684 6860 15883 3681 6878 15884 3566 6855 15885 3551 6879 15886 3562 6867 15887 3549 6871 15888 3566 6855 15889 3562 6867 15890 3554 6880 15891 3565 6864 15892 3561 6876 15893 3549 6871 15894 3685 6869 15895 3680 6872 15896 3550 6881 15897 3565 6864 15898 3557 6882 15899 3679 6859 15900 3563 6883 15901 3686 6861 15902 3553 6884 15903 3566 6855 15904 3560 6874 15905 3567 6885 15906 3653 6886 15907 3648 6887 15908 3650 6888 15909 3571 6889 15910 3651 6890 15911 3651 6890 15912 3567 6885 15913 3648 6887 15914 3654 6891 15915 3570 6892 15916 3650 6893 15917 3638 6894 15918 3577 6895 15919 3634 6896 15920 3635 6897 15921 3575 6898 15922 3632 6899 15923 3634 6900 15924 3578 6901 15925 3635 6897 15926 3575 6898 15927 3637 6902 15928 3632 6899 15929 3584 6903 15930 3669 6904 15931 3664 6905 15932 3666 6906 15933 3587 6907 15934 3667 6908 15935 3667 6908 15936 3584 6903 15937 3664 6905 15938 3670 6909 15939 3586 6910 15940 3666 6911 15941 3592 6912 15942 3676 6913 15943 3671 6914 15944 3673 6915 15945 3595 6916 15946 3674 6917 15947 3674 6917 15948 3592 6912 15949 3671 6914 15950 3677 6918 15951 3594 6919 15952 3673 6920 15953 3661 6921 15954 3601 6922 15955 3657 6923 15956 3658 6924 15957 3599 6925 15958 3655 6926 15959 3657 6927 15960 3602 6928 15961 3658 6924 15962 3599 6925 15963 3660 6929 15964 3655 6926 15965 3645 6930 15966 3610 6931 15967 3641 6932 15968 3642 6933 15969 3608 6934 15970 3639 6935 15971 3641 6936 15972 3611 6937 15973 3642 6933 15974 3608 6934 15975 3644 6938 15976 3639 6935 15977 3615 6939 15978 3628 6940 15979 3623 6941 15980 3625 6942 15981 3618 6943 15982 3626 6944 15983 3626 6944 15984 3615 6939 15985 3623 6941 15986 3629 6945 15987 3617 6946 15988 3625 6947 15989 3627 6948 15990 3556 6875 15991 3559 6866 15992 3561 6876 15993 3625 6947 15994 3554 6880 15995 3628 6940 15996 3552 6949 15997 3564 6950 15998 3557 6951 15999 3623 6941 16000 3550 6952 16001 3554 6953 16002 3626 6944 16003 3557 6951 16004 3624 6954 16005 3559 6866 16006 3552 6955 16007 3623 6941 16008 3564 6950 16009 3550 6952 16010 3556 6875 16011 3629 6945 16012 3561 6876 16013 3622 6956 16014 3638 6894 16015 3621 6957 16016 3632 6899 16017 3620 6958 16018 3615 6939 16019 3633 6959 16020 3619 6960 16021 3616 6961 16022 3617 6962 16023 3635 6897 16024 3618 6943 16025 3618 6943 16026 3632 6899 16027 3615 6939 16028 3637 6902 16029 3616 6963 16030 3620 6958 16031 3621 6957 16032 3634 6896 16033 3617 6946 16034 3636 6964 16035 3622 6956 16036 3619 6960 16037 3582 6965 16038 3645 6930 16039 3581 6966 16040 3639 6935 16041 3580 6967 16042 3575 6898 16043 3640 6968 16044 3579 6969 16045 3576 6970 16046 3577 6971 16047 3642 6933 16048 3578 6901 16049 3578 6901 16050 3639 6935 16051 3575 6898 16052 3644 6938 16053 3576 6972 16054 3580 6967 16055 3581 6966 16056 3641 6932 16057 3577 6895 16058 3643 6973 16059 3582 6965 16060 3579 6969 16061 3652 6974 16062 3607 6975 16063 3612 6976 16064 3614 6977 16065 3650 6893 16066 3610 6931 16067 3653 6886 16068 3609 6978 16069 3613 6979 16070 3611 6937 16071 3648 6887 16072 3608 6934 16073 3610 6980 16074 3651 6890 16075 3611 6937 16076 3649 6981 16077 3612 6976 16078 3609 6982 16079 3648 6887 16080 3613 6979 16081 3608 6934 16082 3607 6975 16083 3654 6891 16084 3614 6977 16085 3568 6983 16086 3661 6921 16087 3574 6984 16088 3655 6926 16089 3573 6985 16090 3567 6885 16091 3656 6986 16092 3572 6987 16093 3569 6988 16094 3570 6989 16095 3658 6924 16096 3571 6889 16097 3571 6889 16098 3655 6926 16099 3567 6885 16100 3660 6929 16101 3569 6990 16102 3573 6985 16103 3574 6984 16104 3657 6923 16105 3570 6892 16106 3659 6991 16107 3568 6983 16108 3572 6987 16109 3668 6992 16110 3606 6993 16111 3603 6994 16112 3605 6995 16113 3666 6911 16114 3601 6922 16115 3669 6904 16116 3600 6996 16117 3604 6997 16118 3602 6928 16119 3664 6905 16120 3599 6925 16121 3601 6998 16122 3667 6908 16123 3602 6928 16124 3665 6999 16125 3603 6994 16126 3600 7000 16127 3664 6905 16128 3604 6997 16129 3599 6925 16130 3606 6993 16131 3670 6909 16132 3605 6995 16133 3675 7001 16134 3583 7002 16135 3588 7003 16136 3590 7004 16137 3673 6920 16138 3586 6910 16139 3676 6913 16140 3585 7005 16141 3589 7006 16142 3587 6907 16143 3671 6914 16144 3584 6903 16145 3586 7007 16146 3674 6917 16147 3587 6907 16148 3672 7008 16149 3588 7003 16150 3585 7009 16151 3671 6914 16152 3589 7006 16153 3584 6903 16154 3583 7002 16155 3677 6918 16156 3590 7004 16157 3591 7010 16158 3686 6861 16159 3598 7011 16160 3680 6872 16161 3597 7012 16162 3592 6912 16163 3681 6878 16164 3596 7013 16165 3593 7014 16166 3594 7015 16167 3683 6870 16168 3595 6916 16169 3595 6916 16170 3680 6872 16171 3592 6912 16172 3685 6869 16173 3593 7016 16174 3597 7012 16175 3598 7011 16176 3682 6863 16177 3594 6919 16178 3684 6860 16179 3591 7010 16180 3596 7013 16181 3676 6913 16182 3597 7012 16183 3672 7017 16184 3669 6904 16185 3589 7006 16186 3665 7018 16187 3660 6929 16188 3604 6997 16189 3656 7019 16190 3653 6886 16191 3573 6985 16192 3649 7020 16193 3644 6938 16194 3613 6979 16195 3640 7021 16196 3637 6902 16197 3580 6967 16198 3633 7022 16199 3628 6940 16200 3620 6958 16201 3624 7023 16202 3629 6945 16203 3630 7024 16204 3621 6957 16205 3638 6894 16206 3631 7025 16207 3581 6966 16208 3645 6930 16209 3646 7026 16210 3614 6977 16211 3654 6891 16212 3647 7027 16213 3574 6984 16214 3661 6921 16215 3662 7028 16216 3605 6995 16217 3670 6909 16218 3663 7029 16219 3590 7004 16220 3677 6918 16221 3678 7030 16222 3598 7011 16223 3620 6958 16224 3630 7031 16225 3624 7023 16226 3580 6967 16227 3631 7032 16228 3633 7022 16229 3613 6979 16230 3646 7033 16231 3640 7021 16232 3573 6985 16233 3647 7034 16234 3649 7020 16235 3604 6997 16236 3662 7035 16237 3656 7019 16238 3589 7006 16239 3663 7036 16240 3665 7018 16241 3597 7012 16242 3678 7037 16243 3672 7017 16244 3620 7038 16245 3616 7039 16246 3619 6960 16247 3580 7040 16248 3576 7041 16249 3579 6969 16250 3613 7042 16251 3609 7043 16252 3612 6976 16253 3573 7044 16254 3569 7045 16255 3572 6987 16256 3604 7046 16257 3600 7047 16258 3603 6994 16259 3589 7048 16260 3585 7049 16261 3588 7003 16262 3597 7050 16263 3593 7051 16264 3596 7013 16265 3643 7052 16266 3640 7021 16267 3646 7033 16268 3636 7053 16269 3633 7022 16270 3631 7032 16271 3627 7054 16272 3624 7023 16273 3630 7031 16274 3652 7055 16275 3649 7020 16276 3647 7034 16277 3659 7056 16278 3656 7019 16279 3662 7035 16280 3668 7057 16281 3665 7018 16282 3663 7036 16283 3675 7058 16284 3672 7017 16285 3678 7037 16286 3428 6572 16287 3425 7059 16288 3417 6573 16289 3420 6575 16290 3417 7060 16291 3541 6576 16292 3425 6578 16293 3415 7061 16294 3544 6579 16295 3427 6581 16296 3426 7062 16297 3414 6582 16298 3424 6584 16299 3413 7063 16300 3543 6585 16301 3545 6587 16302 3422 7064 16303 3411 6588 16304 3415 6590 16305 3422 7065 16306 3545 6591 16307 3427 6581 16308 3421 6583 16309 3418 6593 16310 3543 6595 16311 3413 7066 16312 3420 6596 16313 3428 6572 16314 3420 6574 16315 3413 6598 16316 3411 6600 16317 3422 6609 16318 3428 6572 16319 3416 6601 16320 3419 6605 16321 3427 6581 16322 3411 6602 16323 3424 6584 16324 3547 6586 16325 3412 6604 16326 3426 7062 16327 3427 6581 16328 3417 6606 16329 3425 6578 16330 3548 6580 16331 3415 6608 16332 3425 7059 16333 3428 6572 16334 3429 6610 16335 3435 6753 16336 3515 6611 16337 3432 6613 16338 3433 6757 16339 3513 6614 16340 3513 6616 16341 3433 6758 16342 3429 6617 16343 3436 6619 16344 3432 6760 16345 3512 6620 16346 3443 6622 16347 3439 6734 16348 3496 6623 16349 3497 6625 16350 3440 6732 16351 3437 6626 16352 3439 6628 16353 3440 6731 16354 3497 6629 16355 3437 6631 16356 3442 6727 16357 3499 6632 16358 3446 6634 16359 3451 6782 16360 3531 6635 16361 3448 6637 16362 3449 6784 16363 3529 6638 16364 3529 6640 16365 3449 6783 16366 3446 6641 16367 3452 6643 16368 3448 6780 16369 3528 6644 16370 3454 6646 16371 3459 6791 16372 3538 6647 16373 3456 6649 16374 3457 6794 16375 3536 6650 16376 3536 6652 16377 3457 6795 16378 3454 6653 16379 3460 6655 16380 3456 6797 16381 3535 6656 16382 3467 6658 16383 3463 6767 16384 3519 6659 16385 3520 6661 16386 3464 6769 16387 3461 6662 16388 3463 6664 16389 3464 6770 16390 3520 6665 16391 3517 6667 16392 3461 6774 16393 3466 6668 16394 3476 6670 16395 3472 6741 16396 3503 6671 16397 3504 6673 16398 3473 6744 16399 3470 6674 16400 3472 6676 16401 3473 6745 16402 3504 6677 16403 3470 6679 16404 3475 6743 16405 3506 6680 16406 3477 6682 16407 3482 6714 16408 3490 6683 16409 3479 6685 16410 3480 6718 16411 3488 6686 16412 3488 6688 16413 3480 6719 16414 3477 6689 16415 3483 6691 16416 3479 6721 16417 3487 6692 16418 3489 6694 16419 3492 7067 16420 3418 6695 16421 3423 6697 16422 3491 6693 16423 3487 6692 16424 3426 6699 16425 3490 6683 16426 3486 6700 16427 3419 6702 16428 3488 6688 16429 3485 6690 16430 3487 6687 16431 3488 6686 16432 3419 6704 16433 3414 6706 16434 3486 7068 16435 3489 6707 16436 3485 6684 16437 3490 6683 16438 3426 6699 16439 3492 6710 16440 3491 6693 16441 3423 6697 16442 3493 6712 16443 3500 6624 16444 3483 6691 16445 3494 6633 16446 3499 6632 16447 3482 6714 16448 3478 6715 16449 3495 7069 16450 3498 6716 16451 3496 6630 16452 3497 6629 16453 3480 6718 16454 3480 6719 16455 3497 6625 16456 3494 6627 16457 3499 6632 16458 3495 6805 16459 3478 6720 16460 3500 6624 16461 3496 6623 16462 3479 6721 16463 3498 6722 16464 3493 7070 16465 3484 6723 16466 3508 6725 16467 3507 6672 16468 3443 6622 16469 3501 6681 16470 3506 6680 16471 3442 6727 16472 3438 6728 16473 3502 7071 16474 3505 6729 16475 3503 6678 16476 3504 6677 16477 3440 6731 16478 3440 6732 16479 3504 6673 16480 3501 6675 16481 3506 6680 16482 3502 6804 16483 3438 6733 16484 3507 6672 16485 3503 6671 16486 3439 6734 16487 3505 6735 16488 3508 7072 16489 3444 6736 16490 3514 6738 16491 3509 7073 16492 3469 6739 16493 3516 6621 16494 3512 6620 16495 3472 6741 16496 3515 6611 16497 3511 6803 16498 3471 6742 16499 3473 6744 16500 3513 6616 16501 3510 6618 16502 3512 6615 16503 3513 6614 16504 3473 6745 16505 3471 6746 16506 3511 7074 16507 3514 6747 16508 3510 6612 16509 3515 6611 16510 3475 6743 16511 3509 6749 16512 3516 6621 16513 3476 6670 16514 3524 6751 16515 3523 6660 16516 3436 6619 16517 3517 6667 16518 3522 6669 16519 3435 6753 16520 3431 6754 16521 3518 7075 16522 3521 6755 16523 3519 6666 16524 3520 6665 16525 3433 6757 16526 3433 6758 16527 3520 6661 16528 3517 6663 16529 3522 6669 16530 3518 6802 16531 3431 6759 16532 3523 6660 16533 3519 6659 16534 3432 6760 16535 3521 6761 16536 3524 7076 16537 3430 6762 16538 3530 6764 16539 3525 7077 16540 3468 6765 16541 3532 6645 16542 3528 6644 16543 3463 6767 16544 3531 6635 16545 3527 6801 16546 3462 6768 16547 3464 6769 16548 3529 6640 16549 3526 6642 16550 3528 6639 16551 3529 6638 16552 3464 6770 16553 3462 6771 16554 3527 7078 16555 3530 6772 16556 3526 6636 16557 3531 6635 16558 3466 6668 16559 3525 6775 16560 3532 6645 16561 3467 6658 16562 3537 6777 16563 3540 7079 16564 3445 6778 16565 3539 6657 16566 3535 6656 16567 3448 6780 16568 3538 6647 16569 3534 6800 16570 3447 6781 16571 3449 6783 16572 3536 6652 16573 3533 6654 16574 3535 6651 16575 3536 6650 16576 3449 6784 16577 3447 6785 16578 3534 7080 16579 3537 6786 16580 3533 6648 16581 3538 6647 16582 3451 6782 16583 3540 6788 16584 3539 6657 16585 3452 6643 16586 3541 6607 16587 3548 6580 16588 3460 6655 16589 3542 6603 16590 3547 6586 16591 3459 6791 16592 3455 6792 16593 3543 6595 16594 3546 6597 16595 3544 6592 16596 3545 6591 16597 3457 6794 16598 3457 6795 16599 3545 6587 16600 3542 6589 16601 3547 6586 16602 3543 6585 16603 3455 6796 16604 3548 6580 16605 3544 6579 16606 3456 6797 16607 3546 6577 16608 3541 6576 16609 3453 6798 16610 3486 6806 16611 3482 7081 16612 3483 6807 16613 3442 6809 16614 3443 7082 16615 3493 6810 16616 3475 6812 16617 3476 7083 16618 3508 6813 16619 3435 6815 16620 3436 7084 16621 3509 6816 16622 3466 6818 16623 3467 7085 16624 3524 6819 16625 3451 6821 16626 3452 7086 16627 3525 6822 16628 3459 6824 16629 3460 7087 16630 3540 6825 16631 3481 6829 16632 3484 7088 16633 3483 7089 16634 3483 7089 16635 3482 6827 16636 3481 6829 16637 3441 6832 16638 3444 7090 16639 3443 7091 16640 3443 7091 16641 3442 6830 16642 3441 6832 16643 3474 6835 16644 3469 7092 16645 3476 7093 16646 3476 7093 16647 3475 6833 16648 3474 6835 16649 3434 6838 16650 3430 7094 16651 3436 7095 16652 3436 7095 16653 3435 6836 16654 3434 6838 16655 3465 6841 16656 3468 7096 16657 3467 7097 16658 3467 7097 16659 3466 6839 16660 3465 6841 16661 3450 6844 16662 3445 7098 16663 3452 7099 16664 3452 7099 16665 3451 6842 16666 3450 6844 16667 3458 6847 16668 3453 7100 16669 3460 7101 16670 3460 7101 16671 3459 6845 16672 3458 6847 16673 3566 6855 16674 3563 7102 16675 3555 6856 16676 3558 6858 16677 3555 7103 16678 3679 6859 16679 3686 6861 16680 3563 6883 16681 3553 6862 16682 3565 6864 16683 3564 7104 16684 3552 6865 16685 3562 6867 16686 3551 6879 16687 3681 6868 16688 3683 6870 16689 3560 6874 16690 3549 6871 16691 3682 6873 16692 3553 7105 16693 3560 6874 16694 3565 6864 16695 3559 6866 16696 3556 6875 16697 3551 6877 16698 3558 6858 16699 3684 6860 16700 3566 6855 16701 3558 6857 16702 3551 6879 16703 3549 6871 16704 3560 6874 16705 3566 6855 16706 3554 6880 16707 3557 6882 16708 3565 6864 16709 3549 6871 16710 3562 6867 16711 3685 6869 16712 3550 6881 16713 3564 7104 16714 3565 6864 16715 3679 6859 16716 3555 7103 16717 3563 6883 16718 3553 6884 16719 3563 7102 16720 3566 6855 16721 3567 6885 16722 3573 6985 16723 3653 6886 16724 3650 6888 16725 3570 6989 16726 3571 6889 16727 3651 6890 16728 3571 6889 16729 3567 6885 16730 3654 6891 16731 3574 6984 16732 3570 6892 16733 3638 6894 16734 3581 6966 16735 3577 6895 16736 3635 6897 16737 3578 6901 16738 3575 6898 16739 3634 6900 16740 3577 6971 16741 3578 6901 16742 3575 6898 16743 3580 6967 16744 3637 6902 16745 3584 6903 16746 3589 7006 16747 3669 6904 16748 3666 6906 16749 3586 7007 16750 3587 6907 16751 3667 6908 16752 3587 6907 16753 3584 6903 16754 3670 6909 16755 3590 7004 16756 3586 6910 16757 3592 6912 16758 3597 7012 16759 3676 6913 16760 3673 6915 16761 3594 7015 16762 3595 6916 16763 3674 6917 16764 3595 6916 16765 3592 6912 16766 3677 6918 16767 3598 7011 16768 3594 6919 16769 3661 6921 16770 3605 6995 16771 3601 6922 16772 3658 6924 16773 3602 6928 16774 3599 6925 16775 3657 6927 16776 3601 6998 16777 3602 6928 16778 3599 6925 16779 3604 6997 16780 3660 6929 16781 3645 6930 16782 3614 6977 16783 3610 6931 16784 3642 6933 16785 3611 6937 16786 3608 6934 16787 3641 6936 16788 3610 6980 16789 3611 6937 16790 3608 6934 16791 3613 6979 16792 3644 6938 16793 3615 6939 16794 3620 6958 16795 3628 6940 16796 3625 6942 16797 3617 6962 16798 3618 6943 16799 3626 6944 16800 3618 6943 16801 3615 6939 16802 3629 6945 16803 3621 6957 16804 3617 6946 16805 3627 6948 16806 3630 7024 16807 3556 6875 16808 3561 6876 16809 3629 6945 16810 3625 6947 16811 3628 6940 16812 3624 7023 16813 3552 6949 16814 3557 6951 16815 3626 6944 16816 3623 6941 16817 3554 6953 16818 3625 6942 16819 3626 6944 16820 3624 6954 16821 3627 6948 16822 3559 6866 16823 3623 6941 16824 3628 6940 16825 3564 6950 16826 3556 6875 16827 3630 7024 16828 3629 6945 16829 3622 6956 16830 3631 7025 16831 3638 6894 16832 3632 6899 16833 3637 6902 16834 3620 6958 16835 3633 6959 16836 3636 6964 16837 3619 6960 16838 3617 6962 16839 3634 6900 16840 3635 6897 16841 3618 6943 16842 3635 6897 16843 3632 6899 16844 3637 6902 16845 3633 7022 16846 3616 6963 16847 3621 6957 16848 3638 6894 16849 3634 6896 16850 3636 6964 16851 3631 7025 16852 3622 6956 16853 3582 6965 16854 3646 7026 16855 3645 6930 16856 3639 6935 16857 3644 6938 16858 3580 6967 16859 3640 6968 16860 3643 6973 16861 3579 6969 16862 3577 6971 16863 3641 6936 16864 3642 6933 16865 3578 6901 16866 3642 6933 16867 3639 6935 16868 3644 6938 16869 3640 7021 16870 3576 6972 16871 3581 6966 16872 3645 6930 16873 3641 6932 16874 3643 6973 16875 3646 7026 16876 3582 6965 16877 3652 6974 16878 3647 7027 16879 3607 6975 16880 3614 6977 16881 3654 6891 16882 3650 6893 16883 3653 6886 16884 3649 7020 16885 3609 6978 16886 3611 6937 16887 3651 6890 16888 3648 6887 16889 3610 6980 16890 3650 6888 16891 3651 6890 16892 3649 6981 16893 3652 6974 16894 3612 6976 16895 3648 6887 16896 3653 6886 16897 3613 6979 16898 3607 6975 16899 3647 7027 16900 3654 6891 16901 3568 6983 16902 3662 7028 16903 3661 6921 16904 3655 6926 16905 3660 6929 16906 3573 6985 16907 3656 6986 16908 3659 6991 16909 3572 6987 16910 3570 6989 16911 3657 6927 16912 3658 6924 16913 3571 6889 16914 3658 6924 16915 3655 6926 16916 3660 6929 16917 3656 7019 16918 3569 6990 16919 3574 6984 16920 3661 6921 16921 3657 6923 16922 3659 6991 16923 3662 7028 16924 3568 6983 16925 3668 6992 16926 3663 7029 16927 3606 6993 16928 3605 6995 16929 3670 6909 16930 3666 6911 16931 3669 6904 16932 3665 7018 16933 3600 6996 16934 3602 6928 16935 3667 6908 16936 3664 6905 16937 3601 6998 16938 3666 6906 16939 3667 6908 16940 3665 6999 16941 3668 6992 16942 3603 6994 16943 3664 6905 16944 3669 6904 16945 3604 6997 16946 3606 6993 16947 3663 7029 16948 3670 6909 16949 3675 7001 16950 3678 7030 16951 3583 7002 16952 3590 7004 16953 3677 6918 16954 3673 6920 16955 3676 6913 16956 3672 7017 16957 3585 7005 16958 3587 6907 16959 3674 6917 16960 3671 6914 16961 3586 7007 16962 3673 6915 16963 3674 6917 16964 3672 7008 16965 3675 7001 16966 3588 7003 16967 3671 6914 16968 3676 6913 16969 3589 7006 16970 3583 7002 16971 3678 7030 16972 3677 6918 16973 3591 7010 16974 3679 6859 16975 3686 6861 16976 3680 6872 16977 3685 6869 16978 3597 7012 16979 3681 6878 16980 3684 6860 16981 3596 7013 16982 3594 7015 16983 3682 6873 16984 3683 6870 16985 3595 6916 16986 3683 6870 16987 3680 6872 16988 3685 6869 16989 3681 6868 16990 3593 7016 16991 3598 7011 16992 3686 6861 16993 3682 6863 16994 3684 6860 16995 3679 6859 16996 3591 7010 16997 3620 6958 16998 3621 7106 16999 3630 7031 17000 3580 6967 17001 3581 7107 17002 3631 7032 17003 3613 6979 17004 3614 7108 17005 3646 7033 17006 3573 6985 17007 3574 7109 17008 3647 7034 17009 3604 6997 17010 3605 7110 17011 3662 7035 17012 3589 7006 17013 3590 7111 17014 3663 7036 17015 3597 7012 17016 3598 7112 17017 3678 7037 17018 3619 6960 17019 3622 6956 17020 3621 6957 17021 3621 6957 17022 3620 7038 17023 3619 6960 17024 3579 6969 17025 3582 6965 17026 3581 6966 17027 3581 6966 17028 3580 7040 17029 3579 6969 17030 3612 6976 17031 3607 6975 17032 3614 6977 17033 3614 6977 17034 3613 7042 17035 3612 6976 17036 3572 6987 17037 3568 6983 17038 3574 6984 17039 3574 6984 17040 3573 7044 17041 3572 6987 17042 3603 6994 17043 3606 6993 17044 3605 6995 17045 3605 6995 17046 3604 7046 17047 3603 6994 17048 3588 7003 17049 3583 7002 17050 3590 7004 17051 3590 7004 17052 3589 7048 17053 3588 7003 17054 3596 7013 17055 3591 7010 17056 3598 7011 17057 3598 7011 17058 3597 7050 17059 3596 7013 17060 1691 3296 17061 1692 3297 17062 3399 3301 17063 1581 6015 17064 1577 6009 17065 1572 6016 17066 1577 6009 17067 1578 6011 17068 1572 6016 17069 1572 6016 17070 1574 6013 17071 1581 6015 17072 1652 6034 17073 1649 6033 17074 1644 6040 17075 1649 6033 17076 1650 6036 17077 1644 6040 17078 1644 6040 17079 1646 6038 17080 1652 6034 17081 1691 3299 17082 3400 7113 17083 3398 6051 17084 3372 6554 17085 3368 6548 17086 3363 6555 17087 3368 6548 17088 3369 6550 17089 3363 6555 17090 3363 6555 17091 3365 6552 17092 3372 6554 17093 3397 6565 17094 3398 7114 17095 1616 6566 17096 1606 3286 17097 3397 7115 17098 3399 3301 17099 3408 7116 17100 3406 7116 17101 3401 7116 17102 3404 7117 17103 3409 7117 17104 3410 7117 17105 3407 7118 17106 3409 7118 17107 3404 7118 17108 3410 7119 17109 3408 7119 17110 3403 7119 17111</p>
        </triangles>
      </mesh>
    </geometry>
  </library_geometries>
  <library_visual_scenes>
    <visual_scene id="Scene" name="Scene">
      <node id="range" name="range" type="NODE">
        <matrix sid="transform">1 0 0 0 0 1 0 0 0 0 1 0 0 0 0 1</matrix>
        <instance_geometry url="#Esfera_7784-mesh" name="range">
          <bind_material>
            <technique_common>
              <instance_material symbol="A_A_A-Textura_garamante-material" target="#A_A_A-Textura_garamante-material">
                <bind_vertex_input semantic="MapaUV" input_semantic="TEXCOORD" input_set="0"/>
              </instance_material>
            </technique_common>
          </bind_material>
        </instance_geometry>
      </node>
    </visual_scene>
  </library_visual_scenes>
  <scene>
    <instance_visual_scene url="#Scene"/>
  </scene>
</COLLADA>