<?xml version="1.0" encoding="utf-8"?>
<COLLADA xmlns="http://www.collada.org/2005/11/COLLADASchema" version="1.4.1" xmlns:xsi="http://www.w3.org/2001/XMLSchema-instance">
  <asset>
    <contributor>
      <author>Blender User</author>
      <authoring_tool>Blender 4.3.1 commit date:2024-12-10, commit time:07:46, hash:33d812126174</authoring_tool>
    </contributor>
    <created>2026-08-29T11:34:36</created>
    <modified>2026-08-29T11:34:36</modified>
    <unit name="meter" meter="1"/>
    <up_axis>Z_UP</up_axis>
  </asset>
  <library_effects>
    <effect id="A_A_A-Textura_garamante-effect">
      <profile_COMMON>
        <newparam sid="gara_struct_png-surface">
          <surface type="2D">
            <init_from>gara_struct_png</init_from>
          </surface>
        </newparam>
        <newparam sid="gara_struct_png-sampler">
          <sampler2D>
            <source>gara_struct_png-surface</source>
          </sampler2D>
        </newparam>
        <technique sid="common">
          <lambert>
            <emission>
              <color sid="emission">0 0 0 1</color>
            </emission>
            <diffuse>
              <texture texture="gara_struct_png-sampler" texcoord="MapaUV"/>
            </diffuse>
            <index_of_refraction>
              <float sid="ior">1.45</float>
            </index_of_refraction>
          </lambert>
        </technique>
      </profile_COMMON>
    </effect>
  </library_effects>
  <library_images>
    <image id="gara_struct_png" name="gara_struct_png">
      <init_from>gara_struct.png</init_from>
    </image>
  </library_images>
  <library_materials>
    <material id="A_A_A-Textura_garamante-material" name="A A A-Textura garamante">
      <instance_effect url="#A_A_A-Textura_garamante-effect"/>
    </material>
  </library_materials>
  <library_geometries>
    <geometry id="Cube_030-mesh" name="Cube.030">
      <mesh>
        <source id="Cube_030-mesh-positions">
          <float_array id="Cube_030-mesh-positions-array" count="3141">8.871346 7.427719 2.051036 8.192196 8.025588 2.051036 8.768464 7.765743 2.051036 8.57618 7.935013 2.051036 8.192196 -8.470517 2.051036 8.871346 -7.872654 2.051036 8.57618 -8.37994 2.051036 8.768464 -8.210676 2.051036 -6.43895 8.025588 2.051036 -7.043472 7.427719 2.051036 -6.700218 7.935013 2.051036 -6.871742 7.765743 2.051036 -7.043472 -7.872654 2.051036 -6.43895 -8.470517 2.051036 -6.871742 -8.210676 2.051036 -6.700218 -8.37994 2.051036 9.403405 8.185679 2.051036 9.577435 7.534527 2.051036 9.577435 7.534527 -3.121814 9.403405 8.185679 -3.121814 8.935605 8.66236 2.051036 8.935605 8.66236 -3.121814 8.240067 8.836836 2.051036 8.240067 8.836836 -3.121814 -7.03014 -9.107289 -3.121814 -6.540676 -9.281765 -3.121814 -6.540676 -9.281765 2.051036 -7.03014 -9.107289 2.051036 -7.504944 -8.630608 -3.121814 -7.504944 -8.630608 2.051036 -7.77531 -7.979456 -3.121814 -7.77531 -7.979456 2.051036 8.935605 -9.107289 2.051036 8.240067 -9.281765 2.051036 8.240067 -9.281765 -3.121814 8.935605 -9.107289 -3.121814 9.403405 -8.630608 2.051036 9.403405 -8.630608 -3.121814 9.577435 -7.979456 2.051036 9.577435 -7.979456 -3.121814 -7.03014 8.66236 2.051036 -6.540676 8.836836 2.051036 -6.540676 8.836836 -3.121814 -7.03014 8.66236 -3.121814 -7.504944 8.185679 2.051036 -7.504944 8.185679 -3.121814 -7.77531 7.534527 2.051036 -7.77531 7.534527 -3.121814 8.768464 7.765743 0.1514666 8.871346 7.427719 0.1514666 8.57618 7.935013 0.1514666 8.192196 8.025588 0.1514666 -6.43895 -8.470517 0.1514668 -6.700218 -8.37994 0.1514668 -6.871742 -8.210676 0.1514668 -7.043472 -7.872654 0.1514668 8.57618 -8.37994 0.1514666 8.192196 -8.470517 0.1514666 8.768464 -8.210676 0.1514666 8.871346 -7.872654 0.1514666 -6.700218 7.935013 0.1514668 -6.43895 8.025588 0.1514668 -6.871742 7.765743 0.1514668 -7.043472 7.427719 0.1514668 -7.77531 -3.907777 2.051036 -7.77531 -3.907777 -3.121814 -7.043472 -3.857037 2.051036 -7.043472 -3.857037 0.1514668 -7.77531 -6.910272 2.051036 -7.043472 -6.818192 2.051036 -7.043472 -6.818192 0.1514668 -7.77531 -6.910272 -3.121814 9.577435 7.534527 -0.5353888 9.403405 8.185679 -0.5353888 8.935605 8.66236 -0.5353888 8.240067 8.836836 -0.5353888 -6.540676 -9.281765 -0.5353888 -7.03014 -9.107289 -0.5353888 -7.504944 -8.630608 -0.5353888 -7.77531 -7.979456 -0.5353888 8.240067 -9.281765 -0.5353888 8.935605 -9.107289 -0.5353888 9.403405 -8.630608 -0.5353888 9.577435 -7.979456 -0.5353888 -6.540676 8.836836 -0.5353888 -7.03014 8.66236 -0.5353888 -7.504944 8.185679 -0.5353888 -7.77531 7.534527 -0.5353888 -7.77531 -3.907777 -0.5353888 -7.77531 -6.910272 -0.5353888 7.050636 -1.893702 0.3183516 7.05051 -1.893903 0.1599667 7.733997 4.020435 0.3130642 4.626709 -1.75367 0.3200415 4.626583 -1.75387 0.1616567 5.310059 4.160471 0.3147542 5.309944 4.160265 0.1563693 7.733871 4.020229 0.1546793 0.615509 6.117743 2.528099 1.112057 5.982273 2.52628 0.4387093 6.591717 2.527757 0.4775734 5.967327 2.528669 1.116783 5.792925 2.526321 0.2438621 6.593834 2.528418 0.375721 5.867517 1.321282 0.4751358 5.967842 0.1130797 0.1045875 6.593359 1.320991 1.116291 5.665466 1.318561 1.114346 5.79344 0.1107318 1.85685 5.878252 1.315728 1.753567 5.977106 0.1082859 1.756016 5.976591 2.523875 2.117466 6.604094 1.315619 1.978203 6.603619 0.1081918 1.981293 6.603104 2.523781 1.846333 7.329935 1.315328 1.746929 7.229616 2.52353 1.74448 7.230125 0.1079409 1.105762 7.531986 1.318048 1.10527 7.404528 0.110289 1.107719 7.404013 2.525878 0.3652039 7.3192 1.320882 0.4660492 7.220861 0.1127346 0.4684868 7.220346 2.528324 0.6103363 7.070394 2.52783 1.112446 7.214664 2.525919 1.112572 6.598474 2.526099 1.609085 7.079166 2.5241 1.786388 6.605221 2.524443 1.614258 6.126572 2.524369 0.2407722 6.594349 0.1128287 2.778191 6.117743 2.528099 3.274715 5.982273 2.52628 2.601368 6.591717 2.527757 2.640244 5.967327 2.528669 3.279453 5.792925 2.526321 2.406532 6.593834 2.528418 2.538391 5.867517 1.321282 2.637794 5.967842 0.1130797 2.267246 6.593359 1.320991 3.278961 5.665466 1.318561 3.277004 5.79344 0.1107318 4.019508 5.878252 1.315728 3.916237 5.977106 0.1082859 3.918674 5.976591 2.523875 4.280136 6.604094 1.315619 4.140873 6.603619 0.1081918 4.143951 6.603104 2.523781 4.009003 7.329935 1.315328 3.909588 7.229616 2.52353 3.907139 7.230125 0.1079409 3.268433 7.531986 1.318048 3.267929 7.404528 0.110289 3.270378 7.404013 2.525878 2.527874 7.3192 1.320882 2.628708 7.220861 0.1127346 2.631157 7.220346 2.528324 2.773006 7.070394 2.52783 3.275116 7.214664 2.525919 3.275242 6.598474 2.526099 3.771755 7.079166 2.5241 3.949047 6.605221 2.524443 3.776928 6.126572 2.524369 2.403431 6.594349 0.1128287 9.057576 -5.468625 0.3183516 9.057667 -5.46884 0.1599667 4.492344 -1.647291 0.3130642 7.608387 -7.41667 0.3200415 7.608479 -7.416884 0.1616567 3.043133 -3.595339 0.3147542 3.043247 -3.595553 0.1563693 4.492435 -1.647503 0.1546793 -1.490238 -7.313584 2.528099 -0.9937134 -7.449057 2.52628 -1.667072 -6.839613 2.527757 -1.628185 -7.464003 2.528669 -0.9889755 -7.638405 2.526321 -1.861896 -6.837493 2.528418 -1.730038 -7.563809 1.321282 -1.630634 -7.463485 0.1130797 -2.001183 -6.837971 1.320991 -0.9894676 -7.765863 1.318561 -0.9914246 -7.63789 0.1107318 -0.2489204 -7.553075 1.315728 -0.3522034 -7.454224 0.1082859 -0.3497543 -7.454736 2.523875 0.0117073 -6.827236 1.315619 -0.1275558 -6.827714 0.1081918 -0.1244773 -6.828226 2.523781 -0.2594261 -6.101395 1.315328 -0.358841 -6.201716 2.52353 -0.36129 -6.201201 0.1079409 -1.000008 -5.899341 1.318048 -1.0005 -6.026802 0.110289 -0.9980507 -6.027314 2.525878 -1.740555 -6.112126 1.320882 -1.639721 -6.210468 0.1127346 -1.637272 -6.210983 2.528324 -1.495422 -6.360932 2.52783 -0.9933128 -6.216662 2.525919 -0.993187 -6.832858 2.526099 -0.4966736 -6.35216 2.5241 -0.3193817 -6.826106 2.524443 -0.4915009 -7.304758 2.524369 -1.864998 -6.836981 0.1128287 9.523213 8.030777 -1.859744 8.794247 8.672488 -1.859744 9.412789 8.393589 -1.859744 9.206395 8.57527 -1.859744 8.794247 -9.03336 -1.859744 9.523213 -8.391647 -1.859744 9.206395 -8.93614 -1.859744 9.412789 -8.754462 -1.859744 -6.909862 8.672488 -1.859744 -7.558731 8.030777 -1.859744 -7.1903 8.57527 -1.859744 -7.374401 8.393589 -1.859744 -7.558731 -8.391647 -1.859744 -6.909862 -9.03336 -1.859744 -7.374401 -8.754462 -1.859744 -7.1903 -8.93614 -1.859744 10.09428 8.844321 -1.859744 10.28107 8.145419 -1.859744 10.28107 8.145419 -7.411946 10.09428 8.844321 -7.411946 9.592186 9.355952 -1.859744 9.592186 9.355952 -7.411946 8.845643 9.543229 -1.859744 8.845643 9.543229 -7.411946 -7.544414 -9.716827 -7.411946 -7.019062 -9.904098 -7.411946 -7.019062 -9.904098 -1.859744 -7.544414 -9.716827 -1.859744 -8.054043 -9.20519 -7.411946 -8.054043 -9.20519 -1.859744 -8.344231 -8.506285 -7.411946 -8.344231 -8.506285 -1.859744 9.592186 -9.716827 -1.859744 8.845643 -9.904098 -1.859744 8.845643 -9.904098 -7.411946 9.592186 -9.716827 -7.411946 10.09428 -9.20519 -1.859744 10.09428 -9.20519 -7.411946 10.28107 -8.506285 -1.859744 10.28107 -8.506285 -7.411946 -7.544414 9.355952 -1.859744 -7.019062 9.543229 -1.859744 -7.019062 9.543229 -7.411946 -7.544414 9.355952 -7.411946 -8.054043 8.844321 -1.859744 -8.054043 8.844321 -7.411946 -8.344231 8.145419 -1.859744 -8.344231 8.145419 -7.411946 9.412789 8.393589 -3.898619 9.523213 8.030777 -3.898619 9.206395 8.57527 -3.898619 8.794247 8.672488 -3.898619 -6.909862 -9.03336 -3.898619 -7.1903 -8.93614 -3.898619 -7.374401 -8.754462 -3.898619 -7.558731 -8.391647 -3.898619 9.206395 -8.93614 -3.898619 8.794247 -9.03336 -3.898619 9.412789 -8.754462 -3.898619 9.523213 -8.391647 -3.898619 -7.1903 8.57527 -3.898619 -6.909862 8.672488 -3.898619 -7.374401 8.393589 -3.898619 -7.558731 8.030777 -3.898619 -8.344231 -4.136009 -1.859744 -8.344231 -4.136009 -7.411946 -7.558731 -4.08155 -1.859744 -7.558731 -4.08155 -3.898619 -8.344231 -7.358697 -1.859744 -7.558731 -7.259863 -1.859744 -7.558731 -7.259863 -3.898619 -8.344231 -7.358697 -7.411946 10.28107 8.145419 -4.635845 10.09428 8.844321 -4.635845 9.592186 9.355952 -4.635845 8.845643 9.543229 -4.635845 -7.019062 -9.904098 -4.635845 -7.544414 -9.716827 -4.635845 -8.054043 -9.20519 -4.635845 -8.344231 -8.506285 -4.635845 8.845643 -9.904098 -4.635845 9.592186 -9.716827 -4.635845 10.09428 -9.20519 -4.635845 10.28107 -8.506285 -4.635845 -7.019062 9.543229 -4.635845 -7.544414 9.355952 -4.635845 -8.054043 8.844321 -4.635845 -8.344231 8.145419 -4.635845 -8.344231 -4.136009 -4.635845 -8.344231 -7.358697 -4.635845 -0.08933258 -0.08507251 0.1322559 -0.01003646 0.1479263 0.1322559 -0.1216506 -0.3290663 0.1322559 0.26017 -0.1668634 0.8529811 0.3168068 -4.77791e-4 0.8529811 0.2370758 -0.3410997 0.8529811 0.7609291 -0.2840538 1.345379 0.7850762 -0.213109 1.345379 0.7510872 -0.3583431 1.345379 0.7559166 -0.4331303 1.345379 0.7752686 -0.505537 1.345379 0.2484397 -0.5164948 0.8529811 0.2937927 -0.6863051 0.8529811 -0.1057548 -0.5746737 0.1322559 -0.04225158 -0.8124647 0.1322559 0.06643295 -1.033298 0.1322559 0.2161102 -1.228686 0.1322559 0.3713951 -0.8440018 0.8529811 0.4782829 -0.9835281 0.8529811 0.8083534 -0.5727739 1.345379 0.8539353 -0.6322661 1.345379 0.9102402 -0.6817274 1.345379 0.9751053 -0.7192497 1.345379 0.6103249 -1.099523 0.8529811 0.7624741 -1.187525 0.8529811 0.4010239 -1.391118 0.1322559 0.6140671 -1.514351 0.1322559 0.8470688 -1.593656 0.1322559 1.091068 -1.625982 0.1322559 0.9288597 -1.244159 0.8529811 1.103096 -1.267239 0.8529811 1.046059 -0.7433968 1.345379 1.120354 -0.7532387 1.345379 1.195129 -0.7483978 1.345379 1.267525 -0.7290602 1.345379 1.2785 -1.255889 0.8529811 1.448296 -1.210536 0.8529811 1.336681 -1.610084 0.1322559 1.574467 -1.546575 0.1322559 1.795303 -1.437893 0.1322559 1.990688 -1.288221 0.1322559 1.605995 -1.132928 0.8529811 1.745522 -1.026043 0.8529811 1.33477 -0.6959696 1.345379 1.394257 -0.6503964 1.345379 1.443718 -0.5940914 1.345379 1.481243 -0.5292206 1.345379 1.861507 -0.8939924 0.8529811 1.949512 -0.7418518 0.8529811 2.153114 -1.103305 0.1322559 2.276356 -0.8902531 0.1322559 2.355652 -0.6572542 0.1322559 2.38797 -0.4132605 0.1322559 2.006149 -0.5754633 0.8529811 2.029243 -0.4012299 0.8529811 1.50539 -0.4582758 1.345379 1.515232 -0.3839836 1.345379 1.510403 -0.3091993 1.345379 1.491051 -0.2367954 1.345379 2.017879 -0.2258319 0.8529811 1.972527 -0.05602741 0.8529811 2.372074 -0.167653 0.1322559 2.308571 0.07013797 0.1322559 2.199898 0.2909718 0.1322559 2.050209 0.4863539 0.1322559 1.894924 0.1016721 0.8529811 1.788036 0.2411956 0.8529811 1.457966 -0.1695556 1.345379 1.412384 -0.1100635 1.345379 1.356079 -0.06060504 1.345379 1.291214 -0.02307987 1.345379 1.655994 0.357193 0.8529811 1.503845 0.4451952 0.8529811 1.865295 0.6487885 0.1322559 1.652252 0.7720242 0.1322559 1.419262 0.8513231 0.1322559 1.175251 0.8836498 0.1322559 1.33746 0.5018263 0.8529811 1.163223 0.5249119 0.8529811 1.220272 0.001067161 1.345379 1.145988 0.01090908 1.345379 1.07119 0.006068229 1.345379 0.9987946 -0.01326656 1.345379 0.9878311 0.5135565 0.8529811 0.8180237 0.4682036 0.8529811 0.9296608 0.8677511 0.1322559 0.6918526 0.804245 0.1322559 0.4710388 0.6955633 0.1322559 0.2756538 0.5458889 0.1322559 0.6603241 0.3905954 0.8529811 0.5207977 0.2837105 0.8529811 0.9315491 -0.04636001 1.345379 0.8720627 -0.09193611 1.345379 0.8226013 -0.148241 1.345379 0.4048119 0.1516656 0.8529811 0.1132049 0.3609724 0.1322559 5.23843 -4.845317 0.1322559 5.483368 -4.869441 0.1322559 5.71891 -4.940886 0.1322559 5.93597 -5.05691 0.1322559 6.126228 -5.21305 0.1322559 6.28236 -5.403308 0.1322559 6.39838 -5.620371 0.1322559 6.469837 -5.855899 0.1322559 6.493961 -6.100837 0.1322559 6.469837 -6.345777 0.1322559 6.39838 -6.581305 0.1322559 6.28236 -6.798368 0.1322559 6.126228 -6.988626 0.1322559 5.93597 -7.144764 0.1322559 5.71891 -7.26079 0.1322559 5.483368 -7.332232 0.1322559 5.23843 -7.356357 0.1322559 4.993504 -7.332232 0.1322559 4.757961 -7.26079 0.1322559 4.540901 -7.144764 0.1322559 4.350643 -6.988626 0.1322559 4.1945 -6.798368 0.1322559 4.078491 -6.581303 0.1322559 4.007034 -6.345777 0.1322559 3.98291 -6.100837 0.1322559 4.007034 -5.855893 0.1322559 4.078491 -5.620371 0.1322559 4.1945 -5.403308 0.1322559 4.350643 -5.21305 0.1322559 4.540913 -5.05691 0.1322559 4.757961 -4.940886 0.1322559 4.993504 -4.869441 0.1322559 5.23843 -5.718547 1.345379 5.313011 -5.725897 1.345379 5.384743 -5.747652 1.345379 5.450821 -5.782977 1.345379 5.508751 -5.830516 1.345379 5.55629 -5.888452 1.345379 5.591629 -5.954541 1.345379 5.613373 -6.026258 1.345379 5.620731 -6.100837 1.345379 5.613373 -6.175418 1.345379 5.591629 -6.247129 1.345379 5.55629 -6.313225 1.345379 5.508751 -6.371155 1.345379 5.450821 -6.418696 1.345379 5.38472 -6.454024 1.345379 5.313011 -6.47578 1.345379 5.23843 -6.483124 1.345379 5.16386 -6.47578 1.345379 5.092152 -6.454024 1.345379 5.026051 -6.418696 1.345379 4.968121 -6.371155 1.345379 4.92057 -6.313225 1.345379 4.885242 -6.247129 1.345379 4.863499 -6.175418 1.345379 4.85614 -6.100837 1.345379 4.863499 -6.026258 1.345379 4.885242 -5.954541 1.345379 4.92057 -5.888446 1.345379 4.968121 -5.830516 1.345379 5.026051 -5.782974 1.345379 5.092152 -5.747646 1.345379 5.16386 -5.725897 1.345379 5.23843 -5.204255 0.8529811 5.413353 -5.221487 0.8529811 5.581535 -5.272505 0.8529811 5.736546 -5.355357 0.8529811 5.872421 -5.466857 0.8529811 5.98391 -5.602724 0.8529811 6.066765 -5.757729 0.8529811 6.117794 -5.925925 0.8529811 6.135017 -6.100837 0.8529811 6.117794 -6.275751 0.8529811 6.066765 -6.443942 0.8529811 5.98391 -6.598952 0.8529811 5.872421 -6.734814 0.8529811 5.736546 -6.846313 0.8529811 5.581535 -6.929166 0.8529811 5.413353 -6.980189 0.8529811 5.23843 -6.997416 0.8529811 5.063519 -6.980189 0.8529811 4.895336 -6.929166 0.8529811 4.740326 -6.846313 0.8529811 4.60445 -6.734814 0.8529811 4.492962 -6.598947 0.8529811 4.410095 -6.443942 0.8529811 4.359077 -6.275751 0.8529811 4.341854 -6.100837 0.8529811 4.359077 -5.925925 0.8529811 4.410095 -5.757729 0.8529811 4.492962 -5.602724 0.8529811 4.60445 -5.466857 0.8529811 4.740326 -5.355357 0.8529811 4.895336 -5.272505 0.8529811 5.06353 -5.221487 0.8529811 5.23843 -2.272485 0.1322559 5.483368 -2.296612 0.1322559 4.993504 -2.296612 0.1322559 5.23843 -2.631426 0.8529811 5.413353 -2.648652 0.8529811 5.06353 -2.648652 0.8529811 5.23843 -3.145718 1.345379 5.313011 -3.153062 1.345379 5.16386 -3.153062 1.345379 5.092152 -3.174817 1.345379 5.026051 -3.210145 1.345379 4.895336 -2.699676 0.8529811 4.740326 -2.782528 0.8529811 4.757961 -2.368057 0.1322559 4.540913 -2.484077 0.1322559 4.350643 -2.640221 0.1322559 4.1945 -2.830479 0.1322559 4.60445 -2.894031 0.8529811 4.492962 -3.029889 0.8529811 4.968121 -3.257687 1.345379 4.92057 -3.315617 1.345379 4.885242 -3.381712 1.345379 4.863499 -3.453423 1.345379 4.410095 -3.184902 0.8529811 4.359077 -3.35309 0.8529811 4.078491 -3.047542 0.1322559 4.007034 -3.283067 0.1322559 3.98291 -3.528005 0.1322559 4.007034 -3.772948 0.1322559 4.341854 -3.528005 0.8529811 4.359077 -3.702919 0.8529811 4.85614 -3.528005 1.345379 4.863499 -3.602586 1.345379 4.885242 -3.6743 1.345379 4.92057 -3.740396 1.345379 4.410095 -3.871113 0.8529811 4.492962 -4.026117 0.8529811 4.078491 -4.008473 0.1322559 4.1945 -4.225536 0.1322559 4.350643 -4.415791 0.1322559 4.540901 -4.571938 0.1322559 4.60445 -4.161984 0.8529811 4.740326 -4.273484 0.8529811 4.968121 -3.798326 1.345379 5.026051 -3.84587 1.345379 5.092152 -3.881195 1.345379 5.16386 -3.90295 1.345379 4.895336 -4.356337 0.8529811 5.063519 -4.40736 0.8529811 4.757961 -4.687955 0.1322559 4.993504 -4.759406 0.1322559 5.23843 -4.78353 0.1322559 5.483368 -4.759406 0.1322559 5.23843 -4.424586 0.8529811 5.413353 -4.40736 0.8529811 5.23843 -3.910295 1.345379 5.313011 -3.90295 1.345379 5.38472 -3.881195 1.345379 5.450821 -3.84587 1.345379 5.581535 -4.356337 0.8529811 5.736546 -4.273484 0.8529811 5.71891 -4.687955 0.1322559 5.93597 -4.571938 0.1322559 6.126228 -4.415797 0.1322559 6.28236 -4.225539 0.1322559 5.872421 -4.161984 0.8529811 5.98391 -4.026117 0.8529811 5.508751 -3.798326 1.345379 5.55629 -3.740396 1.345379 5.591629 -3.6743 1.345379 5.613373 -3.602586 1.345379 6.066765 -3.871113 0.8529811 6.117794 -3.702922 0.8529811 6.39838 -4.008473 0.1322559 6.469837 -3.772948 0.1322559 6.493961 -3.52801 0.1322559 6.469837 -3.283067 0.1322559 6.135017 -3.528005 0.8529811 6.117794 -3.35309 0.8529811 5.620731 -3.528005 1.345379 5.613373 -3.453423 1.345379 5.591629 -3.381712 1.345379 5.55629 -3.315617 1.345379 6.066765 -3.184902 0.8529811 5.98391 -3.029895 0.8529811 6.39838 -3.047542 0.1322559 6.28236 -2.830479 0.1322559 6.126228 -2.640221 0.1322559 5.93597 -2.48408 0.1322559 5.872421 -2.894031 0.8529811 5.736546 -2.782528 0.8529811 5.508751 -3.257687 1.345379 5.450821 -3.210145 1.345379 5.384743 -3.174817 1.345379 5.581535 -2.699676 0.8529811 5.71891 -2.368057 0.1322559 6.870312 7.077759 0.1322559 7.11525 7.053635 0.1322559 6.625385 7.053635 0.1322559 6.870312 6.718821 0.8529811 7.045235 6.701591 0.8529811 6.695412 6.701591 0.8529811 6.870312 6.204529 1.345379 6.944893 6.197182 1.345379 6.795742 6.197182 1.345379 6.724033 6.175426 1.345379 6.657932 6.140104 1.345379 6.527218 6.650568 0.8529811 6.372208 6.567718 0.8529811 6.389843 6.982189 0.1322559 6.172794 6.866163 0.1322559 5.982525 6.710026 0.1322559 5.826382 6.519768 0.1322559 6.236332 6.456219 0.8529811 6.124844 6.320354 0.8529811 6.600002 6.09256 1.345379 6.552452 6.03463 1.345379 6.517124 5.968534 1.345379 6.495369 5.89682 1.345379 6.041977 6.165344 0.8529811 5.990959 5.99715 0.8529811 5.710373 6.302708 0.1322559 5.638916 6.067183 0.1322559 5.614792 5.822239 0.1322559 5.638916 5.577301 0.1322559 5.973736 5.822239 0.8529811 5.990959 5.647322 0.8529811 6.488022 5.822239 1.345379 6.495369 5.747658 1.345379 6.517124 5.675943 1.345379 6.552452 5.609854 1.345379 6.041977 5.479134 0.8529811 6.124844 5.324123 0.8529811 5.710373 5.341776 0.1322559 5.826382 5.124704 0.1322559 5.982525 4.934452 0.1322559 6.172783 4.778309 0.1322559 6.236332 5.188265 0.8529811 6.372208 5.076765 0.8529811 6.600002 5.551924 1.345379 6.657932 5.504379 1.345379 6.724033 5.469051 1.345379 6.795742 5.447296 1.345379 6.527218 4.99391 0.8529811 6.695412 4.942886 0.8529811 6.389843 4.662289 0.1322559 6.625385 4.590843 0.1322559 6.870312 4.566719 0.1322559 7.11525 4.590843 0.1322559 6.870312 4.925663 0.8529811 7.045235 4.942886 0.8529811 6.870312 5.439955 1.345379 6.944893 5.447296 1.345379 7.016613 5.469051 1.345379 7.082703 5.504379 1.345379 7.213417 4.99391 0.8529811 7.368427 5.076765 0.8529811 7.350792 4.662289 0.1322559 7.567852 4.778309 0.1322559 7.75811 4.934452 0.1322559 7.914242 5.124704 0.1322559 7.504292 5.188265 0.8529811 7.615791 5.324123 0.8529811 7.140633 5.551924 1.345379 7.188171 5.609854 1.345379 7.223511 5.675943 1.345379 7.245254 5.747658 1.345379 7.698647 5.479134 0.8529811 7.749664 5.647322 0.8529811 8.030262 5.34177 0.1322559 8.101719 5.577301 0.1322559 8.125844 5.822239 0.1322559 8.101719 6.067177 0.1322559 7.766899 5.822239 0.8529811 7.749664 5.99715 0.8529811 7.252602 5.822239 1.345379 7.245254 5.89682 1.345379 7.223511 5.968534 1.345379 7.188171 6.034624 1.345379 7.698647 6.165344 0.8529811 7.615791 6.320354 0.8529811 8.030262 6.302708 0.1322559 7.914242 6.519768 0.1322559 7.75811 6.710026 0.1322559 7.567852 6.866163 0.1322559 7.504292 6.456219 0.8529811 7.368427 6.567718 0.8529811 7.140633 6.09256 1.345379 7.082703 6.140104 1.345379 7.016613 6.175426 1.345379 7.213417 6.650568 0.8529811 7.350792 6.982189 0.1322559 -3.648617 7.077759 0.1322559 -3.40369 7.053635 0.1322559 -3.893566 7.053635 0.1322559 -3.648617 6.718821 0.8529811 -3.473717 6.701591 0.8529811 -3.82354 6.701591 0.8529811 -3.648617 6.204529 1.345379 -3.574047 6.197182 1.345379 -3.723198 6.197182 1.345379 -3.794918 6.175426 1.345379 -3.861008 6.140104 1.345379 -3.991734 6.650568 0.8529811 -4.146744 6.567718 0.8529811 -4.129097 6.982189 0.1322559 -4.346157 6.866163 0.1322559 -4.536415 6.710026 0.1322559 -4.692547 6.519768 0.1322559 -4.282597 6.456219 0.8529811 -4.394108 6.320354 0.8529811 -3.918938 6.09256 1.345379 -3.966476 6.03463 1.345379 -4.001816 5.968534 1.345379 -4.02356 5.89682 1.345379 -4.476952 6.165344 0.8529811 -4.527969 5.99715 0.8529811 -4.808578 6.302708 0.1322559 -4.880024 6.067183 0.1322559 -4.904148 5.822239 0.1322559 -4.880024 5.577301 0.1322559 -4.545204 5.822239 0.8529811 -4.527969 5.647322 0.8529811 -4.030907 5.822239 1.345379 -4.02356 5.747658 1.345379 -4.001816 5.675943 1.345379 -3.966476 5.609854 1.345379 -4.476952 5.479134 0.8529811 -4.394108 5.324123 0.8529811 -4.808578 5.341776 0.1322559 -4.692547 5.124704 0.1322559 -4.536415 4.934452 0.1322559 -4.346157 4.778309 0.1322559 -4.282597 5.188265 0.8529811 -4.146744 5.076765 0.8529811 -3.918938 5.551924 1.345379 -3.861008 5.504379 1.345379 -3.794918 5.469051 1.345379 -3.723209 5.447296 1.345379 -3.991734 4.99391 0.8529811 -3.82354 4.942886 0.8529811 -4.129097 4.662289 0.1322559 -3.893566 4.590843 0.1322559 -3.648617 4.566719 0.1322559 -3.40369 4.590843 0.1322559 -3.648617 4.925663 0.8529811 -3.473717 4.942886 0.8529811 -3.648617 5.439955 1.345379 -3.574047 5.447296 1.345379 -3.502338 5.469051 1.345379 -3.436237 5.504379 1.345379 -3.305523 4.99391 0.8529811 -3.150513 5.076765 0.8529811 -3.168159 4.662289 0.1322559 -2.951099 4.778309 0.1322559 -2.760841 4.934452 0.1322559 -2.604687 5.124704 0.1322559 -3.014648 5.188265 0.8529811 -2.903149 5.324123 0.8529811 -3.378307 5.551924 1.345379 -3.330757 5.609854 1.345379 -3.295441 5.675943 1.345379 -3.273674 5.747658 1.345379 -2.820305 5.479134 0.8529811 -2.769264 5.647322 0.8529811 -2.488678 5.34177 0.1322559 -2.417232 5.577301 0.1322559 -2.393108 5.822239 0.1322559 -2.417232 6.067177 0.1322559 -2.752041 5.822239 0.8529811 -2.769264 5.99715 0.8529811 -3.26635 5.822239 1.345379 -3.273674 5.89682 1.345379 -3.295441 5.968534 1.345379 -3.330757 6.034624 1.345379 -2.820305 6.165344 0.8529811 -2.903149 6.320354 0.8529811 -2.488678 6.302708 0.1322559 -2.604687 6.519768 0.1322559 -2.760841 6.710026 0.1322559 -2.951099 6.866163 0.1322559 -3.014648 6.456219 0.8529811 -3.150513 6.567718 0.8529811 -3.378307 6.09256 1.345379 -3.436237 6.140104 1.345379 -3.502338 6.175426 1.345379 -3.305523 6.650568 0.8529811 -3.168159 6.982189 0.1322559 -2.594479 0.5011883 0.1322559 -2.515171 0.7341871 0.1322559 -2.626797 0.2571945 0.1322559 -2.244987 0.4193974 0.8529811 -2.188351 0.5857859 0.8529811 -2.268059 0.2451639 0.8529811 -1.744217 0.3022099 1.345379 -1.72007 0.3731546 1.345379 -1.754059 0.2279176 1.345379 -1.749218 0.1531333 1.345379 -1.729889 0.08072948 1.345379 -2.256718 0.06976604 0.8529811 -2.211365 -0.1000413 0.8529811 -2.610912 0.01158714 0.1322559 -2.547398 -0.2262039 0.1322559 -2.438713 -0.4470377 0.1322559 -2.289047 -0.6424198 0.1322559 -2.133751 -0.2577381 0.8529811 -2.026863 -0.3972616 0.8529811 -1.696793 0.01348972 1.345379 -1.651211 -0.04600238 1.345379 -1.594906 -0.09546089 1.345379 -1.530041 -0.132986 1.345379 -1.894821 -0.5132589 0.8529811 -1.742683 -0.6012611 0.8529811 -2.104122 -0.8048544 0.1322559 -1.891067 -0.9280901 0.1322559 -1.658077 -1.007395 0.1322559 -1.414078 -1.039719 0.1322559 -1.576298 -0.6578922 0.8529811 -1.40205 -0.6809778 0.8529811 -1.459099 -0.1571331 1.345379 -1.384804 -0.166975 1.345379 -1.310017 -0.1621341 1.345379 -1.237621 -0.1427965 1.345379 -1.226658 -0.6696282 0.8529811 -1.056839 -0.6242695 0.8529811 -1.168476 -1.023817 0.1322559 -0.9306793 -0.9603109 0.1322559 -0.7098541 -0.8516293 0.1322559 -0.5144692 -0.7019606 0.1322559 -0.8991509 -0.5466642 0.8529811 -0.759613 -0.4397822 0.8529811 -1.170376 -0.1097059 1.345379 -1.110889 -0.06412982 1.345379 -1.061428 -0.007830619 1.345379 -1.023903 0.05704307 1.345379 -0.6436272 -0.3077316 0.8529811 -0.5556221 -0.1555881 0.8529811 -0.3520317 -0.5170441 0.1322559 -0.2287902 -0.3039923 0.1322559 -0.1494941 -0.07099342 0.1322559 -0.117176 0.1730003 0.1322559 -0.4989967 0.0107975 0.8529811 -0.475914 0.1850337 0.8529811 -0.9997673 0.1279878 1.345379 -0.989914 0.2022829 1.345379 -0.9947548 0.2770643 1.345379 -1.014095 0.3494682 1.345379 -0.4872666 0.3604288 0.8529811 -0.5326195 0.5302391 0.8529811 -0.1330718 0.4186077 0.1322559 -0.1965866 0.6563988 0.1322559 -0.3052597 0.8772326 0.1322559 -0.4549255 1.072618 0.1322559 -0.6102219 0.6879358 0.8529811 -0.7171097 0.8274622 0.8529811 -1.04718 0.416708 1.345379 -1.092751 0.4762001 1.345379 -1.149055 0.5256558 1.345379 -1.213932 0.5631838 1.345379 -0.8491631 0.9434567 0.8529811 -1.001301 1.031459 0.8529811 -0.6398392 1.235052 0.1322559 -0.8528938 1.358285 0.1322559 -1.085896 1.43759 0.1322559 -1.329884 1.469911 0.1322559 -1.167686 1.08809 0.8529811 -1.341934 1.111173 0.8529811 -1.284874 0.5873308 1.345379 -1.359169 0.5971727 1.345379 -1.433945 0.5923319 1.345379 -1.506351 0.5729942 1.345379 -1.517315 1.09982 0.8529811 -1.687122 1.054467 0.8529811 -1.575497 1.454015 0.1322559 -1.813282 1.390503 0.1322559 -2.034119 1.281827 0.1322559 -2.229504 1.132153 0.1322559 -1.844833 0.9768562 0.8529811 -1.984348 0.869977 0.8529811 -1.573597 0.5399037 1.345379 -1.633095 0.4943276 1.345379 -1.682545 0.4380255 1.345379 -2.100346 0.7379265 0.8529811 -2.391941 0.9472389 0.1322559 -7.178192 -3.91349 0.08332568 -6.870907 -3.913299 0.08332568 -7.178192 -3.91349 2.677684 -7.178192 -6.83864 0.08332568 -7.178192 -6.83864 2.677684 -6.870884 -6.838449 2.677684 -6.870907 -3.913299 2.677684 -6.870884 -6.838449 0.08332568 -6.173195 -7.588809 4.061761 -5.883282 -7.588723 4.061878 -6.023392 -7.588723 4.307714 -6.023403 -3.44749 4.307698 -6.173206 -3.447576 4.061745 -5.883282 -3.44749 4.061862 -6.398003 -4.58438 3.511969 -3.959232 -4.584357 5.332069 -3.959381 -3.459397 5.331978 -6.398163 -3.45942 3.511878 -4.233765 -4.021874 5.80961 -6.672535 -4.021897 3.98951 -5.727928 -4.584372 4.398971 -5.728088 -3.459412 4.398879 -6.00246 -4.021894 4.876512 -4.928375 -3.459403 5.001668 -5.202747 -4.021883 5.4793 -4.928204 -4.584366 5.001759 -6.173195 -3.609424 -0.04490464 -5.883282 -3.609541 -0.04479879 -6.023392 -3.855377 -0.04476732 -6.023403 -3.854691 4.356757 -6.173206 -3.608737 4.356618 -5.883282 -3.608854 4.356725 -6.173195 -7.190944 -0.04490464 -5.883282 -7.191058 -0.04479879 -6.023392 -7.436894 -0.04476732 -6.023403 -7.436202 4.356757 -6.173206 -7.190251 4.356618 -5.883282 -7.190369 4.356725 -4.362877 -7.588809 5.283278 -4.072952 -7.588723 5.283395 -4.213085 -7.588723 5.529231 -4.213085 -3.44749 5.529215 -4.362888 -3.447576 5.283262 -4.072975 -3.44749 5.283379 -4.362877 -3.609424 0.002686738 -4.072952 -3.609541 0.002792537 -4.213085 -3.855377 0.002824068 -4.213085 -3.854691 5.578273 -4.362888 -3.608737 5.578135 -4.072975 -3.608854 5.578241 -4.362877 -7.190944 0.002686738 -4.072952 -7.191058 0.002792537 -4.213085 -7.436894 0.002824068 -4.213085 -7.436202 5.578273 -4.362888 -7.190251 5.578135 -4.072975 -7.190369 5.578241 -6.398003 -5.575873 3.511969 -3.959232 -5.575848 5.332069 -3.959381 -4.450888 5.331978 -6.398163 -4.450911 3.511878 -4.233765 -5.01337 5.80961 -6.672535 -5.013391 3.98951 -5.727928 -5.575865 4.398971 -5.728088 -4.450902 4.398879 -6.00246 -5.013382 4.876512 -4.928375 -4.450896 5.001668 -5.202747 -5.013379 5.4793 -4.928204 -5.575856 5.001759 -6.398003 -6.554149 3.511969 -3.959232 -6.554126 5.332069 -3.959381 -5.429166 5.331978 -6.398163 -5.429189 3.511878 -4.233765 -5.991643 5.80961 -6.672535 -5.991672 3.98951 -5.727928 -6.55414 4.398971 -5.728088 -5.42918 4.398879 -6.00246 -5.991663 4.876512 -4.928375 -5.429172 5.001668 -5.202747 -5.991652 5.4793 -4.928204 -6.554134 5.001759 -6.398003 -7.545639 3.511969 -3.959232 -7.545616 5.332069 -3.959381 -6.420656 5.331978 -6.398163 -6.420679 3.511878 -4.233765 -6.983139 5.80961 -6.672535 -6.983159 3.98951 -5.727928 -7.545633 4.398971 -5.728088 -6.420673 4.398879 -6.00246 -6.98315 4.876512 -4.928375 -6.420665 5.001668 -5.202747 -6.983142 5.4793 -4.928204 -7.545625 5.001759 7.816875 -1.982466 4.061761 7.816784 -1.692541 4.061878 7.816784 -1.832663 4.307714 3.675556 -1.832657 4.307698 3.675636 -1.982457 4.061745 3.675556 -1.69253 4.061862 4.812435 -2.207259 3.511969 4.812412 0.2315139 5.332069 3.687447 0.2313623 5.331978 3.687469 -2.207411 3.511878 4.249935 -0.04301261 5.80961 4.249947 -2.481789 3.98951 4.812435 -1.537185 4.398971 3.687469 -1.537336 4.398879 4.249947 -1.811714 4.876512 3.687469 -0.7376146 5.001668 4.249935 -1.011987 5.4793 4.812412 -0.7374573 5.00176 3.837467 -1.982457 -0.04490464 3.837582 -1.69253 -0.04479879 4.083424 -1.832657 -0.04476732 4.082726 -1.832665 4.356757 3.836781 -1.982466 4.356618 3.836906 -1.692541 4.356725 7.41901 -1.982466 -0.04490464 7.419136 -1.692541 -0.04479879 7.664955 -1.832665 -0.04476732 7.66428 -1.832674 4.356757 7.418323 -1.982474 4.356618 7.418438 -1.69255 4.356725 7.816818 -0.172142 5.283277 7.816727 0.1177797 5.283395 7.816727 -0.02234172 5.52923 3.67551 -0.02233314 5.529214 3.67559 -0.1721363 5.283262 3.67551 0.1177883 5.283379 3.837467 -0.1721334 0.002686738 3.837582 0.1177883 0.002792537 4.083424 -0.02233314 0.002824068 4.082726 -0.02234172 5.578273 3.836781 -0.1721477 5.578135 3.836906 0.1177797 5.578241 7.418976 -0.1721477 0.002686738 7.41909 0.1177797 0.002792537 7.664932 -0.02234172 0.002824068 7.664234 -0.02235603 5.578273 7.418289 -0.1721563 5.578135 7.418404 0.1177711 5.578241 5.803905 -2.207259 3.511969 5.803883 0.2315139 5.332069 4.678917 0.2313623 5.331978 4.678928 -2.207411 3.511878 5.241405 -0.04301261 5.80961 5.241417 -2.481789 3.98951 5.803883 -1.537185 4.398971 4.678928 -1.537336 4.398879 5.241417 -1.811714 4.876512 4.678928 -0.7376146 5.001668 5.241405 -1.011987 5.4793 5.803883 -0.7374573 5.00176 6.782181 -2.207259 3.511969 6.782169 0.2315139 5.332069 5.657215 0.2313623 5.331978 5.657215 -2.207411 3.511878 6.219681 -0.04301261 5.80961 6.219704 -2.481789 3.98951 6.782181 -1.537185 4.398971 5.657215 -1.537336 4.398879 6.219704 -1.811714 4.876512 5.657215 -0.7376146 5.001668 6.219681 -1.011987 5.4793 6.782169 -0.7374573 5.00176 7.773663 -2.207268 3.511969 7.773651 0.2315053 5.332069 6.648685 0.2313508 5.331978 6.648697 -2.207425 3.511878 7.211174 -0.0430212 5.80961 7.211185 -2.481797 3.98951 7.773651 -1.537196 4.398971 6.648697 -1.537351 4.398879 7.211174 -1.811723 4.876512 6.648685 -0.7376232 5.001668 7.211174 -1.011995 5.4793 7.773651 -0.7374659 5.00176</float_array>
          <technique_common>
            <accessor source="#Cube_030-mesh-positions-array" count="1047" stride="3">
              <param name="X" type="float"/>
              <param name="Y" type="float"/>
              <param name="Z" type="float"/>
            </accessor>
          </technique_common>
        </source>
        <source id="Cube_030-mesh-normals">
          <float_array id="Cube_030-mesh-normals-array" count="4530">-1 0 0 -0.9807022 0.195508 0 0.1225818 -0.9924584 0 -0.1703754 -0.9853793 0 0.1225799 -0.9924587 0 -0.9891083 0.1471902 0 -0.8406983 0.5415039 0 -0.8407022 0.5414978 0 0.9914864 0.1302102 0 0.9914866 -0.130209 0 0.9914867 0.1302085 0 0.9914867 0.1302077 0 0.8685246 0.495646 0 0.8685272 0.4956415 0 0.713724 0.7004272 0 0.2433129 0.9699479 0 0.1225799 0.9924587 0 0.2433128 0.9699479 0 -0.170374 -0.9853795 0 -0.5353276 -0.8446446 0 -0.5353249 -0.8446463 0 -0.8317805 -0.5551047 0 -0.8317783 -0.555108 0 -0.980702 -0.1955088 0 0.122578 -0.9924589 0 0.2433128 -0.9699479 0 0.7137239 -0.7004272 0 0.8685246 -0.4956461 0 0.7137244 -0.7004267 0 0.8685219 -0.4956509 0 -0.170374 0.9853795 0 -0.5353276 0.8446445 0 -0.1703754 0.9853793 0 -0.5353249 0.8446462 0 -0.8317804 0.5551047 0 -0.8317784 0.555108 0 -0.1703768 0.985379 0 -3.79002e-7 0 1 0 0 1 -1.66549e-7 0 1 -2.06098e-7 0 1 0 0 1 0 0 1 0 0 1 3.34897e-7 0 1 0 0 1 0 0 1 4.46892e-7 0 1 0 0 1 0 0 1 0 0 1 0 0 1 0 0 1 0 0 1 1.31675e-7 0 1 1.38122e-7 0 1 0 0 1 0 0 1 2.56183e-7 0 1 2.28804e-7 0 1 5.44155e-7 0 1 0 0 1 0 0 1 0 0 1 -3.07382e-7 0 1 -3.21168e-7 0 1 0 0 1 0 0 1 0 0 1 0.5279974 0.849246 0 0.8074111 0.5899893 0 0.8074088 0.5899925 0 -0.660759 -0.7505982 0 -0.8407073 -0.5414898 0 -0.8407035 -0.5414959 0 0.1660797 -0.9861124 0 -0.115564 -0.9933 0 -0.1155627 -0.9933002 0 0.5280014 -0.8492435 0 0.1660796 -0.9861124 0 0.9725078 0.2328703 0 0.9725065 0.232876 0 -0.2295798 -0.9732899 0 -0.2295799 -0.9732899 0 -0.2295867 0.9732882 0 -0.1155662 0.9932998 0 -0.1155676 0.9932997 0 -0.9891079 -0.1471924 0 -0.9891077 0.1471935 0 0.807417 -0.5899811 0 0.5280004 -0.8492441 0 1 0 0 -0.6607465 0.7506093 0 -0.66075 0.7506061 0 0.1660845 0.9861115 0 0.1660845 0.9861115 0 0.5279985 0.8492453 0 0.9725083 -0.2328686 0 0.8074148 -0.5899843 0 -0.9891084 -0.147189 0 0.972507 -0.2328736 0 -0.1248348 0.9921776 0 -0.1248345 0.9921776 0 -0.1248345 0.9921776 0 -0.9807029 0.1955043 0 -0.8317826 0.5551015 0 0.1225818 0.9924584 0 -0.980701 -0.1955134 0 0 0 1 -0.9807029 -0.1955043 0 0.06916642 -0.9976052 0 0.06916654 -0.9976052 0 0.06916636 -0.9976052 0 -0.5353302 0.8446429 0 0.9914869 -0.1302068 0 0.8685274 -0.4956411 0 0.7137238 -0.7004272 0 0.243313 -0.9699479 0 -0.8317827 -0.5551015 0 -0.5353302 -0.8446429 0 -0.1703768 -0.985379 0 0.122578 0.9924589 0 0.2433126 0.969948 0 0.7137238 0.7004273 0 0.8685221 0.4956506 0 0.9914864 -0.1302103 0 -0.9807015 0.1955118 0 0.9933903 -0.1147841 -6.40398e-4 0.9933903 -0.1147839 -6.44272e-4 0.9933903 -0.1147839 -6.4434e-4 -0.05767393 -0.9983347 0.00130701 -0.05767387 -0.9983347 0.001309275 -0.05767387 -0.9983346 0.001309394 7.43894e-4 8.08065e-4 0.9999994 7.43889e-4 8.08065e-4 0.9999994 7.43896e-4 8.08065e-4 0.9999994 -0.9933903 0.114784 6.43092e-4 -0.9933906 0.1147817 5.69794e-4 -0.9933903 0.114784 6.44376e-4 0.05767476 0.9983345 -0.001339197 0.057675 0.9983345 -0.001340627 0.057675 0.9983346 -0.001340687 0.003184616 9.35542e-4 0.9999945 0.003738641 3.06417e-4 0.999993 0.00373274 3.01661e-4 0.999993 0.003113567 2.91944e-4 0.9999952 0.00303322 3.19372e-4 0.9999954 0.003204584 2.87294e-4 0.9999948 0.003193914 8.58057e-4 0.9999946 -0.2632141 -0.9647374 -9.28318e-5 -0.2615128 -0.9598584 0.101405 -0.2632106 -0.9647385 2.3979e-4 -0.9314622 -0.3475972 0.1074916 -0.9999791 -0.006364226 0.001081526 -0.9367767 -0.3499265 9.58535e-4 -0.2622095 -0.9596835 -0.101261 -0.2622122 -0.959683 -0.1012595 -0.9314431 -0.3482971 -0.1053711 -0.9936866 -0.006299674 -0.1120141 0.2743628 -0.9562274 -0.1017568 0.2761551 -0.9611132 -3.05813e-4 0.2743617 -0.9562276 -0.1017575 0.2751029 -0.9561172 0.1007884 0.2761554 -0.9611128 -6.7207e-4 0.9999793 0.006363928 -0.001084864 0.9357864 -0.335711 -0.1077128 0.9933931 0.006462633 -0.1145792 0.9358447 -0.3363151 0.1052945 0.9411703 -0.3379314 -0.001045823 0.9314592 0.3476071 -0.1074856 0.9314447 0.3482956 0.1053617 0.9367768 0.3499263 -9.63617e-4 0.2632129 0.9647379 8.99772e-5 0.2622044 0.9596854 0.1012566 0.2632106 0.9647385 -2.42562e-4 0.2615128 0.9598584 -0.1014046 0.2615155 0.959858 -0.1014028 -0.2751058 0.9561163 -0.1007892 -0.2761549 0.9611131 3.05335e-4 -0.2751049 0.9561166 -0.1007894 -0.2743598 0.956228 0.1017586 -0.2761552 0.9611128 6.70345e-4 -0.9358438 0.3363147 -0.1053032 -0.9357892 0.3357011 0.107719 -0.9411703 0.3379312 0.001041173 0.003183722 -3.43561e-4 0.9999949 0.00373876 3.07689e-4 0.999993 0.003192484 -2.70832e-4 0.9999949 0.003184199 9.38241e-4 0.9999945 0.00373274 3.03528e-4 0.999993 0.003202676 2.87358e-4 0.9999949 0.003193795 8.60373e-4 0.9999946 0.003182888 -3.4582e-4 0.9999949 0.003031432 3.19454e-4 0.9999954 0.003191709 -2.724e-4 0.9999949 0.003184616 9.35483e-4 0.9999945 0.003738641 3.06542e-4 0.999993 0.0037328 3.01766e-4 0.999993 0.003113567 2.91934e-4 0.9999952 0.003033339 3.19413e-4 0.9999954 0.003204703 2.87314e-4 0.9999948 0.003193795 8.57935e-4 0.9999946 -0.2632141 -0.9647375 -9.13585e-5 -0.2615126 -0.9598585 0.101405 -0.2632105 -0.9647385 2.40507e-4 -0.93146 -0.3476013 0.1074973 -0.9999791 -0.006364107 0.001086056 -0.9367719 -0.3499393 9.63175e-4 -0.2622094 -0.9596838 -0.1012583 -0.2622122 -0.9596833 -0.1012565 -0.9314417 -0.3483015 -0.1053681 -0.9936866 -0.006299436 -0.1120141 0.2743614 -0.9562276 -0.1017575 0.2761577 -0.9611123 -3.05292e-4 0.2743573 -0.9562286 -0.10176 0.2751071 -0.956116 0.1007884 0.2761594 -0.9611117 -6.70405e-4 0.9999793 0.00636053 -0.001081705 0.935785 -0.335716 -0.1077099 0.9933931 0.006471037 -0.1145792 0.9358425 -0.3363192 0.1053004 0.9411655 -0.3379448 -0.001041233 0.9314553 0.3476169 -0.1074883 0.9314438 0.3482951 0.1053705 0.9367766 0.3499265 -9.63395e-4 0.2632129 0.9647378 9.01393e-5 0.2622043 0.959685 0.1012597 0.2632107 0.9647384 -2.42583e-4 0.2615127 0.9598583 -0.1014069 0.2615154 0.9598577 -0.1014052 -0.275106 0.9561165 -0.1007865 -0.2761557 0.9611129 3.06447e-4 -0.2751051 0.9561168 -0.1007868 -0.2743629 0.9562273 0.1017573 -0.2761552 0.9611129 6.7155e-4 -0.9358425 0.3363195 -0.1053004 -0.935787 0.3357054 0.1077246 -0.9411656 0.3379443 0.001045763 0.003183722 -3.4355e-4 0.9999949 0.00373882 3.07894e-4 0.999993 0.003192484 -2.70806e-4 0.9999949 0.003184258 9.38326e-4 0.9999945 0.00373274 3.0366e-4 0.999993 0.003202736 2.87361e-4 0.9999949 0.003193914 8.60497e-4 0.9999946 0.003182947 -3.45881e-4 0.9999949 0.003031432 3.19455e-4 0.9999954 0.003191828 -2.72499e-4 0.9999949 0.6418659 0.7668167 -6.51637e-4 0.6418661 0.7668166 -6.69229e-4 0.6418661 0.7668165 -6.69537e-4 0.8023356 -0.596872 0.001274466 0.8023358 -0.5968717 0.001269936 0.8023358 -0.5968716 0.001269757 -2.66237e-4 0.001065552 0.9999994 -2.66237e-4 0.001065552 0.9999994 -2.66238e-4 0.001065552 0.9999995 -0.6418654 -0.7668171 6.65987e-4 -0.6418638 -0.7668185 5.78928e-4 -0.6418654 -0.766817 6.67512e-4 -0.8023316 0.5968769 -0.001383483 -0.8023362 0.5968711 -0.001266777 -0.8023363 0.5968709 -0.001261532 0.003184258 9.35498e-4 0.9999945 0.003738701 3.06542e-4 0.999993 0.003732979 3.01767e-4 0.999993 0.003113508 2.91933e-4 0.9999952 0.003033876 3.19437e-4 0.9999954 0.003205537 2.87306e-4 0.9999948 0.00319302 8.57921e-4 0.9999946 -0.2632171 -0.9647367 -9.19302e-5 -0.261514 -0.9598582 0.1014038 -0.2632141 -0.9647375 2.39898e-4 -0.9314599 -0.3476013 0.1074977 -0.9999792 -0.006365239 0.001085996 -0.9367713 -0.3499407 9.62874e-4 -0.2622134 -0.9596828 -0.1012583 -0.2622163 -0.9596821 -0.101257 -0.9314411 -0.3483033 -0.1053682 -0.9936867 -0.006300628 -0.112014 0.2743653 -0.9562265 -0.1017583 0.2761614 -0.9611113 -3.05814e-4 0.2743616 -0.9562273 -0.1017606 0.275111 -0.956115 0.1007879 0.2761627 -0.9611107 -6.70515e-4 0.9999793 0.006358861 -0.001082897 0.9357809 -0.3357267 -0.1077119 0.9933933 0.006459534 -0.114579 0.935842 -0.3363208 0.1053004 0.9411652 -0.3379454 -0.001045405 0.931456 0.3476147 -0.1074885 0.9314434 0.3482962 0.1053707 0.9367767 0.3499265 -9.6304e-4 0.2632133 0.9647377 9.09932e-5 0.2622095 0.9596838 0.1012583 0.2632102 0.9647385 -2.40578e-4 0.26151 0.9598591 -0.1014062 0.2615114 0.9598587 -0.1014053 -0.2751072 0.9561158 -0.1007906 -0.2761591 0.9611119 3.05926e-4 -0.2751048 0.9561163 -0.1007919 -0.2743666 0.9562259 0.1017592 -0.2761593 0.9611117 6.71575e-4 -0.9358427 0.3363189 -0.1053005 -0.9357868 0.3357062 0.1077246 -0.9411661 0.3379431 0.001045703 0.003183424 -3.43563e-4 0.9999949 0.00373876 3.07895e-4 0.999993 0.003192305 -2.70814e-4 0.9999949 0.003184497 9.38329e-4 0.9999945 0.003732919 3.03659e-4 0.999993 0.003202736 2.8735e-4 0.9999949 0.003193974 8.60519e-4 0.9999946 0.003182888 -3.45879e-4 0.9999949 0.003031492 3.19472e-4 0.9999954 0.003191828 -2.72504e-4 0.9999949 -0.9807028 0.1955048 0 0.1225813 -0.9924586 0 -0.1703768 -0.985379 0 0.1225796 -0.9924587 0 -0.989109 0.1471846 0 -0.8406969 0.5415061 0 0.9914867 0.1302088 0 0.9914869 -0.130207 0 0.9914869 0.1302075 0 0.991487 0.1302061 0 0.8685255 0.4956445 0 0.868528 0.4956402 0 0.7137247 0.7004263 0 0.243319 0.9699463 0 0.1225832 0.9924583 0 0.2433192 0.9699463 0 -0.1703752 -0.9853793 0 -0.5353262 -0.8446455 0 -0.5353232 -0.8446474 0 -0.831781 -0.555104 0 -0.8317786 -0.5551075 0 -0.9807027 -0.1955049 0 0.1225779 -0.992459 0 0.2433122 -0.969948 0 0.7137286 -0.7004224 0 0.8685271 -0.4956417 0 0.8685246 -0.495646 0 -0.1703799 0.9853785 0 -0.5353279 0.8446444 0 -0.1703816 0.9853782 0 -0.5353248 0.8446464 0 -0.831779 0.5551069 0 -0.8317767 0.5551106 0 -0.1703832 0.9853779 0 0 0 1 0 0 1 0 0 1 0 0 1 0 0 1 -1.21369e-7 0 1 0 0 1 0 0 1 0 0 1 1.20582e-7 0 1 0 0 1 1.56801e-7 0 1 0 0 1 0 0 1 0 0 1 -1.95417e-7 0 1 -2.76119e-7 0 1 -2.82541e-7 0 1 0 0 1 -5.61888e-7 0 1 0 0 1 -1.20226e-7 0 1 0 0 1 -1.97008e-7 0 1 0 0 1 -1.59802e-7 0 1 -2.53326e-7 0 1 -2.64687e-7 0 1 3.38665e-7 0 1 2.91257e-7 0 1 0 0 1 4.14868e-7 0 1 0.5279983 0.8492454 0 0.8074102 0.5899905 0 0.8074095 0.5899916 0 -0.660739 -0.7506158 0 -0.8406998 -0.5415015 0 -0.8406984 -0.5415036 0 0.1660765 -0.9861129 0 -0.1155642 -0.9933 0 -0.1155629 -0.9933003 0 0.5279978 -0.8492457 0 0.1660764 -0.986113 0 0.9725067 0.2328748 0 0.9725056 0.2328795 0 -0.2295802 -0.9732898 0 -0.2295802 -0.9732898 0 -0.2295866 0.9732882 0 -0.1155661 0.9932998 0 -0.1155675 0.9932997 0 -0.9891085 -0.1471887 0 -0.9891086 0.1471877 0 0.8074117 -0.5899885 0 0.5279978 -0.8492459 0 -0.6607331 0.7506211 0 -0.6607301 0.7506236 0 0.166081 0.9861122 0 0.1660809 0.9861121 0 0.5279982 0.8492456 0 0.9725064 -0.2328763 0 0.8074108 -0.5899898 0 -0.989109 -0.1471857 0 0.9725054 -0.2328804 0 -0.1248388 0.9921771 0 -0.1248387 0.9921771 0 -0.9807035 0.195501 0 -0.8317815 0.5551034 0 0.1225849 0.9924581 0 -0.9807019 -0.1955094 0 0 0 1 -0.9807037 -0.1955003 0 0.06916505 -0.9976053 0 0.06916511 -0.9976053 0 0.06916505 -0.9976053 0 -0.5353311 0.8446424 0 0.9914871 -0.1302056 0 0.8685296 -0.4956372 0 0.7137286 -0.7004224 0 0.2433121 -0.9699481 0 -0.8317833 -0.5551005 0 -0.5353293 -0.8446435 0 -0.1703785 -0.9853788 0 0.1225814 0.9924585 0 0.2433195 0.9699463 0 0.7137247 0.7004263 0 0.868523 0.4956489 0 0.9914867 -0.1302083 0 -0.980702 0.1955085 0 -0.8150354 0.3700929 0.4458123 -0.7877126 0.1843802 0.5878034 -0.7366157 0.3344933 0.5878023 -0.8715878 0.2039572 0.4457983 -0.8085534 0.0271297 0.5877972 -0.6733741 0.157589 0.722311 -0.629687 0.2859389 0.7223111 -0.6911714 0.02324831 0.7223169 -3.77412e-7 0 1 -4.01234e-7 0 1 1.36947e-7 0 1 -0.6824066 -0.1121073 0.7223249 -0.7573914 -0.2843511 0.5877949 -0.6474225 -0.2431184 0.7223141 -0.7983056 -0.1311596 0.5877969 -0.8380138 -0.3146302 0.4458035 -0.8832982 -0.1450901 0.4457952 -0.7605267 -0.4720829 0.4457993 -0.6873605 -0.4266505 0.5877967 -0.653822 -0.6113783 0.4457953 -0.5909162 -0.5525512 0.5877971 -0.5875648 -0.3647215 0.7223198 -0.5051134 -0.4723544 0.722317 -0.4032883 -0.5618 0.7223153 -0.3344773 -0.7366265 0.587798 -0.2859238 -0.629689 0.7223154 -0.5219893 -0.7271805 0.445798 -0.4717618 -0.6572167 0.5877986 -0.3700954 -0.8150403 0.4458014 -0.1843442 -0.7877256 0.5877974 -0.2039763 -0.8715819 0.4458012 -0.02713018 -0.8085528 0.5877981 -0.1575681 -0.6733743 0.7223154 -0.02318084 -0.6911779 0.7223128 0.1121107 -0.6824178 0.7223138 0.2843629 -0.7573843 0.5877984 0.2430745 -0.6474378 0.7223151 0.1311357 -0.7983064 0.5878015 0.3146329 -0.8380136 0.4458022 -0.03002047 -0.8946276 0.4458029 0.4266534 -0.6873554 0.5878006 0.4720699 -0.7605313 0.4458051 0.5525645 -0.5908992 0.5878015 0.3647164 -0.5875706 0.7223176 0.4723491 -0.5051259 0.7223117 0.6572215 -0.4717531 0.5878 0.5618042 -0.4032931 0.7223094 0.6296905 -0.2859341 0.7223099 0.72718 -0.5219792 0.4458107 0.7366155 -0.3344939 0.5878022 0.8150382 -0.3700877 0.4458116 0.787713 -0.1843793 0.5878032 0.871588 -0.2039567 0.4457982 0.8085532 -0.02713108 0.5877973 0.6911717 -0.02324646 0.7223166 0.6733744 -0.157588 0.7223109 0.6824057 0.1121113 0.7223251 0.7573911 0.2843483 0.5877966 0.6474232 0.2431165 0.7223141 0.8832972 0.1450884 0.4457978 0.7983063 0.1311643 0.5877951 0.8380215 0.3146053 0.4458066 0.6873559 0.4266526 0.5878006 0.6538102 0.6113889 0.445798 0.5909165 0.5525503 0.5877975 0.5875673 0.3647177 0.7223197 0.5051074 0.4723636 0.7223151 0.4032925 0.5618005 0.7223126 0.3344731 0.7366284 0.5877979 0.285951 0.6296801 0.7223123 0.5219951 0.7271759 0.4457986 0.4717653 0.6572133 0.5877996 0.2039712 0.8715831 0.4458013 0.1843528 0.7877236 0.5877975 0.02712666 0.8085519 0.5877994 0.02319687 0.6911783 0.7223119 0.157595 0.6733718 0.7223118 -0.1311444 0.7983087 0.5877963 -0.1120944 0.6824231 0.7223113 -0.2843581 0.7573885 0.5877953 -0.2430752 0.6474419 0.7223112 -0.1450884 0.8832954 0.4458013 -0.472091 0.7605222 0.4457984 -0.426655 0.6873592 0.587795 -0.6113655 0.6538325 0.4457976 -0.5525642 0.5909079 0.5877932 -0.3647344 0.5875622 0.7223154 -0.4723552 0.5051181 0.7223132 -0.6572192 0.4717614 0.587796 -0.5617981 0.4032976 0.7223116 -0.727158 0.5220103 0.4458101 -5.69823e-7 0 1 0 0 1 -2.67686e-7 0 1 0.1746238 0.8779345 0.4458 -4.65986e-6 0.8090065 0.5877999 0.1578386 0.7934626 0.5877961 0.3095886 0.7474264 0.5878 0.4494426 0.6726756 0.5878 0.3425427 0.8269962 0.4458048 0.5720586 0.5720476 0.5878015 0.4973064 0.7442767 0.4458011 0.744286 0.4972963 0.4457969 0.6726758 0.4494459 0.5877974 0.7474184 0.3096141 0.5877968 0.7934629 0.1578381 0.5877957 0.8269899 0.3425685 0.4457966 0.8951325 4.87359e-7 0.4458003 0.809007 6.30885e-7 0.5877991 0.7934625 -0.157841 0.5877956 0.8269901 -0.3425651 0.4457989 0.7474182 -0.3096143 0.5877968 0.6726735 -0.4494485 0.5877979 0.5720524 -0.5720522 0.5878031 0.7442873 -0.497291 0.4458005 0.4973064 -0.7442751 0.4458038 0.4494405 -0.6726741 0.5878034 0.3425409 -0.8269947 0.4458088 0.3095986 -0.7474229 0.5877992 0.1746193 -0.877934 0.4458029 0.1578384 -0.793462 0.5877968 -2.49316e-6 -0.8090086 0.5877968 -0.1746217 -0.8779331 0.4458035 -0.1578407 -0.793462 0.5877962 -0.3095983 -0.7474232 0.587799 -0.4494403 -0.6726744 0.5878033 -0.342541 -0.8269945 0.4458091 -0.5720558 -0.5720468 0.587805 -0.4973064 -0.7442752 0.4458037 -0.7442874 -0.4972836 0.4458085 -0.6726647 -0.4494588 0.5878002 -0.8269939 -0.3425518 0.4458019 -0.7474206 -0.3096188 0.5877913 -0.7934672 -0.1578194 0.587795 -0.8951326 -3.72254e-7 0.4458001 -0.8090069 6.35756e-7 0.5877991 -0.7934675 0.1578162 0.5877954 -0.8269993 0.3425522 0.4457916 -0.7474206 0.3096082 0.587797 -0.7442858 0.4972972 0.4457963 -0.6726594 0.4494621 0.5878037 -0.5720565 0.572049 0.5878022 -0.4973057 0.7442799 0.4457964 -0.4494425 0.6726761 0.5877997 -0.3425509 0.8269941 0.4458025 -0.3095815 0.7474296 0.5877996 -0.1746262 0.8779338 0.4458007 -0.1578356 0.7934625 0.5877971 -4.90603e-6 0.69156 0.722319 0.134918 0.6782769 0.722314 0.2646517 0.6389195 0.7223167 0.3842219 0.5750073 0.7223159 0.4890183 0.4889945 0.7223196 0.5749959 0.3842368 0.722317 0.6389053 0.2646552 0.722328 0.6782682 0.1349266 0.7223206 0.69155 1.39419e-6 0.7223287 0.6782638 -0.1349326 0.7223237 0.6389095 -0.2646524 0.7223254 0.574996 -0.3842417 0.7223143 0.4890159 -0.489002 0.722316 0.3841993 -0.5750216 0.7223164 0.2646459 -0.6389238 0.722315 0.1349223 -0.6782741 0.7223159 -5.1496e-6 -0.6915643 0.722315 -0.1349271 -0.6782735 0.7223156 -0.2646468 -0.6389245 0.722314 -0.3841997 -0.5750221 0.722316 -0.4889949 -0.4890316 0.7223102 -0.5750045 -0.3842357 0.7223107 -0.6389313 -0.2646097 0.7223217 -0.6782638 -0.1349328 0.7223237 -0.691549 1.37372e-6 0.7223296 -0.6782684 0.1349269 0.7223204 -0.6389364 0.2646037 0.7223193 -0.5750054 0.384236 0.7223099 -0.4889943 0.489031 0.7223111 -0.3841995 0.5750219 0.7223162 -0.2646225 0.6389338 0.7223147 -0.1349299 0.6782746 0.722314 0.1746281 0.8779337 0.4458 -5.39552e-6 0.8090083 0.5877973 0.1578383 0.7934629 0.5877957 -0.1746305 0.8779327 0.445801 -0.1578357 0.793464 0.587795 0.1348965 0.6782856 0.7223099 -6.13673e-6 0.6915651 0.7223142 -0.1349273 0.6782749 0.7223142 -1.19895e-7 0 1 -4.86414e-7 0 1 3.67647e-7 0 1 -0.3095932 0.7474266 0.5877972 -0.2646463 0.6389249 0.7223139 -0.3841992 0.5750214 0.7223168 -0.3425472 0.8269949 0.4458037 -0.4494462 0.6726735 0.5877998 -0.4973047 0.744279 0.4457991 -0.5720556 0.5720559 0.5877963 -0.6329438 0.6329633 0.4458022 -0.6726593 0.4494675 0.5877997 -0.5750035 0.3842262 0.7223166 -0.4889845 0.4890322 0.7223169 -0.6389337 0.2646097 0.7223196 -0.7934668 0.1578211 0.5877951 -0.6782657 0.1349333 0.7223217 -0.8269998 0.3425521 0.445791 -0.7474214 0.3096057 0.5877973 -0.7442809 0.4973008 0.4458003 -0.8951325 8.69409e-7 0.4458002 -0.809007 0 0.587799 -0.7934674 -0.1578174 0.5877952 -0.6915491 0 0.7223296 -0.6782665 -0.1349291 0.7223218 -0.6389346 -0.2646073 0.7223196 -0.6726648 -0.4494593 0.5877996 -0.5750062 -0.3842366 0.7223089 -0.8269935 -0.3425536 0.4458012 -0.7474213 -0.3096171 0.5877915 -0.7442857 -0.4972885 0.4458063 -0.5720564 -0.5720463 0.5878049 -0.4973036 -0.744277 0.4458038 -0.4494397 -0.6726756 0.5878023 -0.4890021 -0.4890259 0.7223092 -0.3841993 -0.5750209 0.722317 -0.3096002 -0.7474226 0.5877985 -0.2646349 -0.6389284 0.722315 -0.1349272 -0.6782736 0.7223154 -0.3425493 -0.8269941 0.4458035 -0.1578383 -0.7934596 0.5878001 -0.1746353 -0.8779317 0.4458009 -2.46637e-6 -0.8090075 0.5877983 0.1746332 -0.8779321 0.4458008 0.1578359 -0.7934603 0.5877998 0.1349224 -0.6782746 0.7223154 -5.17462e-6 -0.6915646 0.7223147 0.3096005 -0.7474225 0.5877986 0.264635 -0.6389289 0.7223145 0.3841997 -0.575021 0.7223168 0.3425495 -0.8269941 0.4458032 0.4494399 -0.6726751 0.5878027 0.4972976 -0.7442802 0.4458049 0.5720577 -0.5720463 0.5878036 0.7442882 -0.4972877 0.4458026 0.6726754 -0.4494456 0.5877981 0.4890239 -0.4889959 0.7223149 0.5749964 -0.3842425 0.7223137 0.6389118 -0.2646504 0.722324 0.7934623 -0.1578406 0.5877959 0.6782661 -0.1349288 0.7223222 0.8269895 -0.3425648 0.4458003 0.7474163 -0.3096203 0.587796 0.8951328 -1.15595e-6 0.4457997 0.8090069 8.58636e-7 0.5877992 0.793459 0.1578455 0.5877991 0.6915484 0 0.7223302 0.6782732 0.1349413 0.7223132 0.7474168 0.3096187 0.5877963 0.6389241 0.2646446 0.7223152 0.6726756 0.4494479 0.5877962 0.5749953 0.3842419 0.7223148 0.8269895 0.3425669 0.4457987 0.7442879 0.4972907 0.4458001 0.5720593 0.5720469 0.5878014 0.4973068 0.7442762 0.4458016 0.4494476 0.672673 0.5877992 0.4890162 0.489001 0.7223166 0.3842422 0.5749969 0.7223134 0.264661 0.6389221 0.722311 0.309599 0.7474238 0.5877977 0.3425428 0.8269963 0.4458044 0.174625 0.8779331 0.4458023 -4.61722e-6 0.809007 0.5877991 0.1578454 0.7934617 0.5877953 -0.1746271 0.8779329 0.4458018 -0.1578423 0.7934617 0.5877962 -5.39967e-6 0.6915633 0.7223159 0.1349228 0.678278 0.7223122 -0.1349415 0.6782698 0.7223164 -3.24653e-7 0 1 1.19795e-7 0 1 -6.49817e-7 0 1 -0.309587 0.7474284 0.5877982 -0.2646239 0.6389343 0.7223137 -0.3841882 0.5750316 0.7223145 -0.3425539 0.8269917 0.4458044 -0.4494391 0.6726788 0.587799 -0.4973073 0.7442802 0.4457942 -0.5720545 0.5720513 0.5878019 -0.7442854 0.4972969 0.445797 -0.6726605 0.4494612 0.5878032 -0.4890009 0.4890283 0.7223084 -0.5750042 0.3842393 0.7223091 -0.6389238 0.2646545 0.7223119 -0.7934651 0.1578151 0.5877989 -0.6782781 0.1349263 0.7223114 -0.7474177 0.3096079 0.5878009 -0.8779324 0.1746432 0.4457964 -0.8951326 -6.46546e-7 0.4458001 -0.8090081 1.2082e-6 0.5877976 -0.7934663 -0.1578208 0.5877959 -0.6782755 -0.1349254 0.7223141 -0.691569 2.11531e-7 0.7223105 -0.6389167 -0.2646642 0.7223147 -0.6726621 -0.449467 0.5877968 -0.5749951 -0.3842486 0.7223114 -0.8269965 -0.3425486 0.4457996 -0.7474226 -0.3096151 0.5877908 -0.6329477 -0.6329571 0.4458057 -0.5720522 -0.5720524 0.587803 -0.4973035 -0.7442751 0.445807 -0.449444 -0.6726716 0.5878036 -0.4890002 -0.4890293 0.7223082 -0.3842081 -0.5750216 0.7223117 -0.3095981 -0.7474239 0.5877981 -0.2646461 -0.6389245 0.7223143 -0.1349161 -0.6782736 0.7223175 -0.1746234 -0.8779333 0.4458025 -0.1578295 -0.7934625 0.5877986 -0.3425394 -0.8269951 0.4458095 2.21141e-6 -0.8951317 0.4458017 -4.14591e-6 -0.8090082 0.5877975 0.174623 -0.8779324 0.4458044 0.1578318 -0.7934639 0.5877961 0.1348972 -0.6782814 0.7223138 -5.81613e-6 -0.6915645 0.7223148 0.3096039 -0.7474217 0.5877978 0.2646563 -0.6389222 0.7223127 0.4494593 -0.6726633 0.5878013 0.3842281 -0.5750061 0.7223135 0.3425393 -0.826995 0.4458097 0.4973048 -0.7442724 0.44581 0.5720487 -0.5720564 0.5878025 0.6329545 -0.6329498 0.4458063 0.6726619 -0.4494659 0.587798 0.4890207 -0.488996 0.7223169 0.5749852 -0.3842494 0.722319 0.6389106 -0.2646539 0.7223238 0.7934603 -0.1578425 0.5877981 0.6782831 -0.1348752 0.7223162 0.8269905 -0.3425578 0.4458038 0.7474287 -0.3095936 0.5877943 0.8779263 -0.1746491 0.4458063 0.8090028 1.09128e-6 0.5878047 0.8779253 0.1746495 0.4458078 0.79346 0.15784 0.5877992 0.6915639 3.36627e-7 0.7223153 0.6782855 0.1348759 0.7223138 0.6389108 0.2646536 0.7223237 0.6726664 0.4494628 0.5877951 0.5749964 0.384236 0.722317 0.8269895 0.3425613 0.4458031 0.7474299 0.3095899 0.5877948 0.7442841 0.4972946 0.4458019 0.5720555 0.5720537 0.5877986 0.4973092 0.7442744 0.4458017 0.4494513 0.6726701 0.5877998 0.3842076 0.575019 0.7223141 0.4890314 0.4889835 0.7223181 0.3095926 0.7474266 0.5877975 0.2646359 0.6389323 0.7223112 0.3425456 0.8269942 0.4458061 0.1746319 0.8779325 0.4458007 4.28592e-6 0.8090077 0.5877983 0.1578425 0.7934615 0.5877966 6.40648e-6 0.8951334 0.4457985 -0.157837 0.7934632 0.5877957 5.09033e-6 0.6915646 0.7223147 0.1349408 0.6782728 0.7223137 -0.1349197 0.6782752 0.7223153 3.48186e-7 0 1 0 0 1 1.9669e-7 0 1 -0.2646335 0.6389285 0.7223153 -0.3095878 0.7474272 0.5877993 -0.3842081 0.5750151 0.722317 -0.3425511 0.8269948 0.4458009 -0.4494664 0.6726613 0.5877982 -0.1746243 0.8779338 0.4458012 -0.4973115 0.7442747 0.4457989 -0.5720505 0.5720582 0.5877991 -0.632955 0.6329537 0.4458 -0.6726697 0.4494574 0.5877956 -0.5749914 0.3842405 0.7223187 -0.4890258 0.4889929 0.7223156 -0.6389147 0.2646397 0.7223253 -0.7934588 0.1578384 0.5878012 -0.6782858 0.1348757 0.7223136 -0.7474348 0.3095716 0.5877982 -0.8779293 0.1746316 0.4458073 -0.7442756 0.4973102 0.4457986 -0.8090026 9.98716e-7 0.5878053 -0.8779287 -0.1746354 0.4458068 -0.7934591 -0.1578415 0.5878001 -0.6915643 3.9349e-7 0.7223149 -0.6782825 -0.134875 0.7223168 -0.6389078 -0.2646493 0.722328 -0.6726596 -0.4494645 0.5878016 -0.5749825 -0.3842514 0.7223199 -0.8269928 -0.3425539 0.4458026 -0.7474344 -0.3095695 0.5877998 -0.6329591 -0.6329491 0.4458007 -0.5720436 -0.5720608 0.5878032 -0.4494705 -0.6726544 0.5878029 -0.3842278 -0.5750044 0.722315 -0.4890268 -0.4889939 0.7223142 -0.3095989 -0.7474232 0.5877986 -0.2646707 -0.6389141 0.7223145 -0.134906 -0.6782765 0.7223167 -0.1746243 -0.8779337 0.4458015 -0.1578246 -0.7934635 0.5877986 -0.4973121 -0.744271 0.4458043 4.19276e-6 -0.8951326 0.4458003 5.40281e-6 -0.809008 0.5877977 0.1578297 -0.7934622 0.5877989 0.1349152 -0.6782757 0.7223157 1.05564e-5 -0.6915652 0.7223141 0.3095986 -0.7474238 0.5877979 0.2646462 -0.6389247 0.7223141 0.3842069 -0.5750172 0.722316 0.4973121 -0.744271 0.4458043 0.4494594 -0.6726644 0.5878002 0.1746283 -0.8779328 0.4458015 0.6329383 -0.6329665 0.4458054 0.5720502 -0.5720628 0.5877949 0.6726717 -0.4494489 0.5877997 0.5750195 -0.3842039 0.7223158 0.4889964 -0.489027 0.7223124 0.7474144 -0.3096161 0.5878007 0.6389219 -0.2646694 0.7223082 0.6782678 -0.1348807 0.7223295 0.8270027 -0.3425339 0.4457996 0.793457 -0.1578615 0.5877973 0.8951385 2.35108e-7 0.4457882 0.8090118 1.29468e-6 0.5877925 0.7934578 0.1578589 0.5877971 0.6782684 0.1348809 0.722329 0.6915526 0 0.722326 0.7474154 0.3096125 0.5878012 0.6389229 0.2646697 0.7223072 0.57503 0.3841943 0.7223124 0.8270009 0.3425371 0.4458004 0.6726764 0.4494429 0.5877991 0.6329379 0.6329702 0.4458009 0.5720569 0.5720558 0.5877951 0.4973101 0.7442752 0.4457993 0.4494517 0.6726746 0.5877943 0.3841874 0.5750267 0.7223187 0.4890114 0.489013 0.7223118 0.3095902 0.7474292 0.5877954 0.2646245 0.6389333 0.7223144 -0.8150454 0.37009 0.4457964 -0.7877265 0.1843329 0.5877997 -0.7366196 0.334495 0.5877965 -0.8946313 0.03002625 0.4457952 -0.8085517 0.02712905 0.5877995 -0.6733708 0.1575834 0.7223152 -0.629684 0.2859314 0.7223166 -0.691178 0.02318638 0.7223125 -7.52026e-7 0 1 -1.00952e-6 0 1 0 0 1 -0.6824232 -0.1120558 0.7223172 -0.7983126 -0.1311101 0.5877987 -0.6474341 -0.2430624 0.7223225 -0.8380105 -0.3146483 0.4457969 -0.7573825 -0.28437 0.5877973 -0.7605314 -0.472078 0.4457964 -0.6873452 -0.4266729 0.5877983 -0.6538217 -0.6113761 0.4457986 -0.5909141 -0.552549 0.5878012 -0.5875439 -0.3647583 0.7223182 -0.5051073 -0.4723635 0.7223153 -0.4032929 -0.5617986 0.7223139 -0.3344827 -0.7366243 0.5877977 -0.2859481 -0.6296787 0.7223147 -0.5219801 -0.7271891 0.4457945 -0.4717736 -0.6572053 0.5878017 -0.370094 -0.8150434 0.4457967 -0.1843501 -0.7877236 0.5877981 -0.2039788 -0.8715812 0.4458014 -0.02713614 -0.8085524 0.5877982 -0.1575869 -0.6733704 0.7223148 -0.02318507 -0.691176 0.7223145 0.1121075 -0.682416 0.7223159 0.2843685 -0.7573829 0.5877974 0.2430733 -0.6474372 0.722316 0.1311358 -0.7983068 0.5878008 0.3146358 -0.8380137 0.4457998 -0.03000968 -0.8946297 0.4457994 0.4720751 -0.7605329 0.445797 0.4266411 -0.6873646 0.5877988 0.5525485 -0.5909156 0.5878002 0.4723318 -0.505134 0.7223175 0.364729 -0.5875644 0.7223164 0.5617907 -0.4032904 0.7223214 0.6572242 -0.47175 0.5877997 0.6297008 -0.2858811 0.7223219 0.7271769 -0.5219932 0.4457994 0.7366265 -0.3344702 0.587802 0.8715872 -0.2039455 0.4458048 0.7877272 -0.184334 0.5877982 0.8946287 -0.03000831 0.4458015 0.8085534 -0.02712804 0.5877971 0.6911686 -0.02323061 0.7223201 0.6733655 -0.1575843 0.7223199 0.7983099 0.1311367 0.5877964 0.6824167 0.1121123 0.7223145 0.7573935 0.2843483 0.5877934 0.6474417 0.2430652 0.7223147 0.8380187 0.3146277 0.445796 0.6873596 0.426649 0.5877988 0.6538274 0.6113681 0.4458014 0.5909038 0.5525609 0.5878002 0.5875915 0.3646888 0.7223145 0.5051336 0.4723401 0.7223123 0.4717584 0.6572194 0.5877983 0.4032736 0.5618148 0.722312 0.2859351 0.6296865 0.722313 0.3700805 0.8150456 0.4458039 0.3344838 0.7366237 0.5877979 0.5219782 0.7271831 0.4458068 0.2039645 0.8715842 0.445802 0.1843438 0.7877258 0.5877972 0.03001248 0.8946294 0.4458 0.02712261 0.8085536 0.5877972 0.02318364 0.6911785 0.7223122 0.1575881 0.6733722 0.722313 -0.1120985 0.6824208 0.7223129 -0.1311382 0.7983093 0.5877969 -0.243063 0.6474434 0.722314 -0.3146308 0.8380165 0.4457983 -0.2843509 0.7573905 0.587796 -0.1451029 0.8832933 0.4458004 -0.4720707 0.7605355 0.445797 -0.4266537 0.687358 0.5877974 -0.6113729 0.6538252 0.445798 -0.5525571 0.5909115 0.5877962 -0.3647026 0.5875841 0.7223136 -0.472349 0.5051217 0.7223147 -0.6572144 0.4717686 0.5877956 -0.5618178 0.4032635 0.7223154 6.23766e-4 -0.9999998 0 6.23766e-4 -0.9999998 0 6.23766e-4 -0.9999999 0 0 0 1 -4.24656e-7 0 1 1 7.77222e-6 0 1 7.81052e-6 0 1 8.0427e-6 0 -6.23811e-4 0.9999999 0 -6.23813e-4 0.9999999 0 -6.23811e-4 0.9999998 0 0.868802 4.21098e-6 0.4951597 0.8687855 2.13338e-6 0.4951888 0.8688029 4.30976e-6 0.4951583 -0.8540561 -2.34704e-7 0.520181 -0.8540548 -2.01523e-7 0.5201831 -0.8540562 -2.36312e-7 0.5201809 4.03334e-4 -3.91485e-6 -1 3.99822e-4 -3.91373e-6 -1 3.99651e-4 -3.91368e-6 -1 2.95988e-4 -1 1.67224e-4 -2.95977e-4 1 -1.6889e-4 -0.3328833 -0.6994224 0.6324532 -0.2326299 -0.6929302 0.6824449 -0.3359598 -0.6994842 0.6307557 -0.3329095 0.6994261 0.6324353 -0.2326281 0.692957 0.6824184 -0.2326258 0.6929585 0.6824176 -0.5927732 0.6694 0.4477985 -0.5237852 0.6852294 0.5060728 -0.5927731 0.6694011 0.4477972 -0.5927302 -0.6694532 0.447776 -0.5237395 -0.6852707 0.5060644 -0.5048952 -0.6884699 0.5206631 -0.5049162 0.6884356 0.5206882 0.8688026 -0.4951587 7.93692e-5 0.8687854 -0.495189 7.73315e-5 0.8688033 -0.4951573 7.94599e-5 -0.8540561 -0.5201811 7.88896e-5 -0.8540561 -0.520181 7.89039e-5 -0.8540561 -0.5201811 7.88889e-5 4.04652e-4 1 -1.55997e-4 4.04666e-4 1 -1.55832e-4 4.04667e-4 1 -1.55824e-4 3.64833e-4 -3.36136e-4 -1 -3.67876e-4 3.38928e-4 0.9999999 0.8688026 -0.4951589 8.00833e-5 0.8687829 -0.4951932 7.76374e-5 0.8688033 -0.4951573 8.01922e-5 -0.8540534 -0.5201856 7.958e-5 -0.8540534 -0.5201854 7.95643e-5 -0.8540533 -0.5201855 7.95808e-5 4.04239e-4 1 -1.56597e-4 3.95212e-4 1 -1.57287e-4 3.94799e-4 1 -1.57319e-4 3.64836e-4 -3.36138e-4 -0.9999999 -3.67881e-4 3.38933e-4 0.9999999 0.8687688 2.03915e-6 0.495218 0.8688014 6.50206e-6 0.495161 0.8687673 1.82695e-6 0.4952207 -0.8540561 1.89706e-6 0.520181 -0.8540723 -2.93672e-7 0.5201542 -0.8540553 2.00322e-6 0.5201823 4.00449e-4 -3.91271e-6 -1 4.02606e-4 -3.91376e-6 -1 4.02711e-4 -3.91382e-6 -1 2.95978e-4 -1 1.63873e-4 -2.95989e-4 1 -1.68896e-4 0.8688013 -0.4951611 6.10958e-5 0.8687695 -0.4952167 6.44863e-5 0.8687684 -0.4952187 6.46033e-5 -0.8540566 -0.5201801 6.39451e-5 -0.8540731 -0.520153 6.24202e-5 -0.8540561 -0.520181 6.39986e-5 4.04655e-4 1 -1.23025e-4 4.04641e-4 1 -1.23153e-4 4.0464e-4 1 -1.23158e-4 3.64677e-4 -3.36255e-4 -0.9999999 -3.67891e-4 3.36979e-4 1 0.8687988 -0.4951653 6.16106e-5 0.8687694 -0.4952169 6.45765e-5 0.8687684 -0.4952187 6.46788e-5 -0.8540541 -0.5201844 6.45347e-5 -0.8540704 -0.5201574 6.2871e-5 -0.8540534 -0.5201854 6.45931e-5 4.04329e-4 1 -1.23536e-4 3.95099e-4 1 -1.24168e-4 3.94772e-4 1 -1.24191e-4 3.64681e-4 -3.36257e-4 -0.9999999 -3.64551e-4 3.36983e-4 1 -0.3328838 -0.6994244 0.6324507 -0.2326287 -0.6929337 0.6824418 -0.3359612 -0.6994879 0.6307509 -0.3329085 0.6994246 0.6324375 -0.2326301 0.6929542 0.6824205 -0.2326288 0.692955 0.6824201 -0.5927746 0.6693993 0.447798 -0.5237848 0.6852304 0.506072 -0.5927747 0.669399 0.4477981 -0.5927302 -0.6694523 0.4477773 -0.5237396 -0.6852681 0.5060678 -0.5048959 -0.688468 0.5206649 -0.5049148 0.6884365 0.5206883 -0.3328832 -0.6994221 0.6324536 -0.2326298 -0.6929299 0.6824454 -0.3359597 -0.699484 0.6307561 -0.3329095 0.6994263 0.6324352 -0.2326282 0.6929572 0.6824181 -0.2326259 0.6929588 0.6824173 -0.592776 0.6693974 0.4477989 -0.5237869 0.6852285 0.5060724 -0.5927758 0.6693971 0.4477996 -0.5927276 -0.6694561 0.4477753 -0.5237379 -0.6852716 0.5060647 -0.5048937 -0.68847 0.5206644 -0.5049176 0.6884354 0.520687 -0.3328848 -0.6994224 0.6324524 -0.2326307 -0.6929327 0.6824421 -0.3359628 -0.6994842 0.6307542 -0.3329074 0.6994271 0.6324353 -0.2326282 0.6929555 0.6824198 -0.2326289 0.6929553 0.6824198 -0.5927733 0.6694001 0.4477985 -0.5237843 0.6852318 0.5060706 -0.592773 0.6693993 0.4478 -0.5927302 -0.6694533 0.447776 -0.5237397 -0.6852686 0.506067 -0.5048956 -0.6884673 0.5206663 -0.5049148 0.6884387 0.5206853 -7.96785e-7 0.8687845 0.4951904 5.465e-7 0.8687762 0.4952051 -8.60658e-7 0.868785 0.4951897 -3.27672e-6 -0.8540597 0.520175 -3.77426e-6 -0.8540551 0.5201824 -3.25261e-6 -0.8540599 0.5201746 3.77909e-6 4.02947e-4 -1 4.15187e-6 4.02951e-4 -1 4.17007e-6 4.02951e-4 -1 1 3.17712e-4 1.79947e-4 -1 -2.75905e-4 -1.57459e-4 0.6994202 -0.3328849 0.6324548 0.692932 -0.2326352 0.6824414 0.699483 -0.3359606 0.6307567 -0.6994307 -0.3329054 0.6324324 -0.692956 -0.2326357 0.6824167 -0.6929507 -0.2326434 0.6824195 -0.6694057 -0.5927669 0.4477986 -0.6852362 -0.5237765 0.5060728 -0.6694059 -0.5927665 0.4477984 0.669446 -0.5927379 0.4477767 0.685263 -0.523742 0.5060721 0.6884629 -0.5048965 0.5206711 -0.6884431 -0.5049077 0.5206865 0.4951976 0.8687804 8.01376e-5 0.4952225 0.8687663 7.83301e-5 0.4951965 0.8687811 8.0218e-5 0.5201867 -0.8540526 8.07688e-5 0.5201691 -0.8540633 7.95699e-5 0.5201874 -0.8540521 8.08232e-5 -1 4.34675e-4 -1.53509e-4 -1 3.9603e-4 -1.55892e-4 -1 3.94265e-4 -1.56001e-4 3.36135e-4 3.6483e-4 -0.9999999 -3.4114e-4 -3.66619e-4 0.9999999 0.4952216 0.8687667 7.77771e-5 0.4951882 0.8687857 8.01025e-5 0.4952232 0.8687659 7.76736e-5 0.5201682 -0.8540639 7.82081e-5 0.5201864 -0.8540527 7.94166e-5 0.5201674 -0.8540644 7.81534e-5 -1 3.96039e-4 -1.58492e-4 -1 4.27771e-4 -1.5611e-4 -1 4.2922e-4 -1.56001e-4 3.36175e-4 3.64822e-4 -0.9999999 -3.41115e-4 -3.66632e-4 0.9999999 -1.74384e-7 0.8687845 0.4951906 0 0.8687847 0.4951899 -1.823e-7 0.8687844 0.4951906 -3.69182e-6 -0.8540551 0.5201827 -3.12611e-6 -0.8540596 0.5201753 -3.71924e-6 -0.8540549 0.520183 4.03048e-6 4.01453e-4 -1 3.59563e-6 4.04453e-4 -1 3.5744e-6 4.046e-4 -1 1 3.14371e-4 1.7995e-4 -1 -2.75907e-4 -1.57454e-4 0.4952131 0.8687716 6.32768e-5 0.4951824 0.8687891 6.13706e-5 0.4951813 0.8687897 6.13048e-5 0.5202002 -0.8540444 6.37534e-5 0.5201696 -0.854063 6.19347e-5 0.5202013 -0.8540438 6.38173e-5 -1 4.32955e-4 -1.2117e-4 -1 3.97266e-4 -1.23086e-4 -1 3.96003e-4 -1.23154e-4 3.36235e-4 3.64684e-4 -1 -3.41136e-4 -3.66618e-4 0.9999999 0.4952108 0.8687729 6.41712e-5 0.4951841 0.8687881 6.23833e-5 0.4951832 0.8687886 6.23216e-5 0.5201846 -0.854054 6.29337e-5 0.5201853 -0.8540535 6.27538e-5 0.5201846 -0.8540539 6.294e-5 -1 3.96415e-4 -1.23155e-4 -1 3.95111e-4 -1.23155e-4 -1 3.95065e-4 -1.23155e-4 3.36231e-4 3.64678e-4 -0.9999999 -3.39456e-4 -3.66629e-4 1 0.6994232 -0.3328858 0.6324511 0.6929318 -0.2326352 0.6824414 0.699483 -0.3359608 0.6307567 -0.6994249 -0.3329069 0.632438 -0.6929525 -0.2326326 0.6824213 -0.69295 -0.2326366 0.6824226 -0.6693984 -0.5927718 0.4478029 -0.685229 -0.5237811 0.5060778 -0.6693987 -0.5927715 0.4478027 0.6694536 -0.5927271 0.4477795 0.6852741 -0.5237378 0.5060615 0.6884734 -0.5048931 0.5206606 -0.6884359 -0.5049122 0.5206916 0.6994158 -0.3328859 0.6324591 0.6929246 -0.2326375 0.682448 0.6994756 -0.3359603 0.6307651 -0.6994323 -0.3329046 0.6324311 -0.6929637 -0.232625 0.6824127 -0.6929638 -0.2326251 0.6824125 -0.6693981 -0.5927724 0.4478026 -0.6852288 -0.5237814 0.5060777 -0.6693983 -0.5927723 0.4478024 0.6694537 -0.5927321 0.4477727 0.68527 -0.5237397 0.5060651 0.6884667 -0.5048941 0.5206685 -0.6884373 -0.504913 0.520689 0.6994216 -0.3328881 0.6324515 0.692932 -0.2326354 0.6824414 0.6994832 -0.3359639 0.6307548 -0.6994214 -0.3329063 0.6324422 -0.6929488 -0.2326298 0.6824261 -0.6929489 -0.2326294 0.6824262 -0.6693969 -0.5927749 0.4478012 -0.6852309 -0.5237837 0.5060725 -0.6693946 -0.5927749 0.4478045 0.6694543 -0.5927284 0.4477768 0.6852692 -0.5237399 0.5060659 0.6884672 -0.5048958 0.5206661 -0.6884372 -0.5049133 0.520689 0.7137249 0.7004263 0 0.2433125 -0.969948 0 0 0 1 -1.56585e-7 0 1 0 0 1 0 0 1 0 0 1 0 0 1 0 0 1 -0.6607626 -0.750595 0 -0.2295867 0.9732882 0 -0.1248348 0.9921776 0 0 0 1 0.0691666 -0.9976052 0 0.9933903 -0.1147841 -6.4033e-4 -0.05767393 -0.9983347 0.001306891 7.43886e-4 8.08065e-4 0.9999995 -0.9933907 0.1147817 5.6851e-4 0.05767476 0.9983346 -0.001339137 -0.2615154 -0.9598579 0.1014034 -0.993392 -0.006462454 0.1145887 0.2751001 -0.9561178 0.1007903 0.9936878 0.006298303 0.1120046 0.2622042 0.9596855 0.1012562 -0.2743573 0.9562285 0.1017603 -0.2615153 -0.9598578 0.1014034 -0.993391 -0.006462514 0.1145974 0.2751047 -0.9561166 0.1007896 0.9936867 0.006298243 0.1120139 0.262204 0.9596852 0.1012597 -0.274362 0.9562274 0.1017582 0.6418659 0.7668167 -6.51329e-4 0.8023354 -0.596872 0.001274645 -2.66236e-4 0.001065552 0.9999994 -0.6418637 -0.7668185 5.77403e-4 -0.8023315 0.5968772 -0.001388728 -0.2615154 -0.959858 0.1014028 -0.993391 -0.006460487 0.1145978 0.2751087 -0.9561156 0.1007888 0.9936867 0.006298184 0.1120139 0.2622123 0.9596833 0.1012566 -0.2743656 0.9562262 0.1017599 0.7137247 0.7004265 0 0.2433125 -0.969948 0 0 0 1 0 0 1 0 0 1 2.66926e-7 0 1 2.16379e-6 0 1 7.21376e-6 0 1 4.60147e-7 0 1 -1.25465e-6 0 1 0 0 1 3.26873e-7 0 1 -0.660736 -0.7506185 0 -0.2295866 0.9732882 0 -0.1248388 0.9921771 0 -1.34091e-7 0 1 0.06916505 -0.9976053 0 -0.8946355 0.03000742 0.4457879 -4.53254e-7 0 1 -4.53144e-7 0 1 -4.53174e-7 0 1 -1.35762e-5 0 1 6.80032e-6 0 1 -1.64768e-7 0 1 -5.46267e-7 0 1 -2.56608e-7 0 1 4.53182e-7 0 1 1.35991e-5 0 1 -8.73968e-6 0 1 -4.86027e-7 0 1 -1.35882e-5 0 1 -5.61552e-7 0 1 -2.31892e-7 0 1 0 0 1 3.40047e-6 0 1 0 0 1 -5.46329e-7 0 1 0 0 1 -1.36009e-5 0 1 0.1450994 -0.8832937 0.445801 0.6113789 -0.6538125 0.4458084 0.8946356 -0.03000688 0.4457879 0.7605217 0.4720838 0.445807 0.3700922 0.8150398 0.4458048 0.03001087 0.8946299 0.4457992 -0.314634 0.8380107 0.4458066 3.27741e-7 0 1 2.13034e-6 0 1 -6.12093e-7 0 1 -8.8726e-6 0 1 1.36518e-6 0 1 -8.73959e-6 0 1 -7.72475e-7 0 1 -7.68734e-7 0 1 4.94331e-7 0 1 -4.95566e-6 0 1 3.26704e-6 0 1 1.35762e-5 0 1 0 0 1 -1.35785e-5 0 1 -1.40662e-6 0 1 6.79532e-6 0 1 -2.06196e-6 0.8951338 0.4457976 0.6329637 0.6329471 0.4457969 0.8779295 0.1746487 0.4458 0.8779301 -0.1746483 0.4457989 0.6329593 -0.6329486 0.4458011 -2.03747e-6 -0.8951324 0.4458005 -0.6329481 -0.6329604 0.4458003 -0.8779296 -0.1746496 0.4457994 -0.8779286 0.1746509 0.445801 -0.6329433 0.6329677 0.4457969 -2.03748e-6 0.8951324 0.4458006 2.59682e-7 0 1 8.65165e-7 0 1 4.25253e-6 0 1 0 0 1 -8.73991e-6 0 1 0 0 1 -1.35914e-5 0 1 1.7293e-5 0 1 0 0 1 -1.35921e-5 0 1 -3.99146e-6 0 1 1.32792e-6 0 1 8.87459e-6 0 1 -9.59353e-7 0 1 1.35814e-5 0 1 -1.86001e-6 0 1 -6.79422e-6 0 1 -0.8779298 0.17465 0.4457988 -0.8779291 -0.1746492 0.4458006 -0.6329556 -0.6329555 0.4457966 -2.06196e-6 -0.8951312 0.4458029 0.6329621 -0.6329458 0.445801 0.8779298 -0.1746502 0.4457992 0.87793 0.1746491 0.4457989 0.6329629 0.6329466 0.445799 -1.86605e-6 0.8951338 0.4457976 -1.35899e-5 0 1 -1.55967e-6 0 1 8.42175e-6 0 1 -2.74464e-7 0 1 -1.3601e-5 0 1 0 0 1 2.26593e-7 0 1 0 0 1 6.80272e-6 0 1 -1.87953e-6 0 1 9.13676e-7 0 1 4.21142e-6 0 1 -6.79865e-6 0 1 -9.00482e-7 0 1 1.35951e-5 0 1 4.53189e-7 0 1 -0.6329401 0.6329711 0.4457966 -0.8270002 0.3425542 0.4457886 -0.8779298 -0.1746497 0.4457993 -0.7442808 -0.4972898 0.4458128 0.7442806 -0.4972984 0.4458034 0.895131 0 0.4458034 0.6329584 0.6329466 0.4458054 0 0 1 6.11152e-7 0 1 -1.35814e-5 0 1 -1.87149e-7 0 1 8.59243e-7 0 1 -3.30969e-7 0 1 -1.23603e-6 0 1 8.87874e-6 0 1 -9.59228e-7 0 1 1.35694e-5 0 1 1.35696e-5 0 1 -2.13011e-6 0 1 0 0 1 -2.26554e-7 0 1 6.79496e-6 0 1 -0.8269842 0.3425652 0.4458097 -0.8951308 -9.94244e-7 0.4458038 -0.7442771 -0.4973123 0.4457938 -0.3425472 -0.8269946 0.4458041 0.3425473 -0.8269948 0.4458039 0.74427 -0.4973062 0.4458126 0.8779399 -0.174629 0.4457874 0.8779393 0.1746292 0.4457883 0.7442722 0.4973053 0.4458097 0.3425554 0.826991 0.4458048 -0.8715875 0.2039687 0.4457938 8.73757e-7 0 1 4.53208e-7 0 1 1.35967e-5 0 1 9.93004e-7 0 1 0 0 1 -3.39961e-6 0 1 0 0 1 -2.26602e-7 0 1 -6.79582e-6 0 1 -3.85524e-7 0 1 1.35947e-5 0 1 -1.72935e-5 0 1 1.05848e-6 0 1 -1.35978e-5 0 1 8.42282e-6 0 1 6.1218e-7 0 1 -1.99748e-7 0 1 3.39963e-6 0 1 0 0 1 -2.7313e-7 0 1 6.79817e-6 0 1 2.2658e-7 0 1 -8.73997e-6 0 1 -0.8832967 -0.1450822 0.4458006 0.1450961 -0.883297 0.4457954 0.6113693 -0.6538321 0.445793 0.8150427 -0.3700841 0.4458065 0.8832935 0.145102 0.4458006 0.7605446 0.4720572 0.4457958 -0.7271817 0.5219841 0.4458021 6.23766e-4 -0.9999999 0 -4.54952e-7 0 1 1 7.54004e-6 0 -6.23814e-4 0.9999999 0 0.8687847 2.03459e-6 0.4951902 -0.8540547 -1.99915e-7 0.5201832 4.03505e-4 -3.91491e-6 -1 -0.2326315 -0.6929293 0.6824453 -0.3359584 0.6994856 0.630755 -0.5927302 -0.6694518 0.4477782 0.8687846 -0.4951903 7.72408e-5 -0.8540561 -0.520181 7.89046e-5 4.04651e-4 1 -1.56005e-4 0.8687821 -0.4951947 7.75286e-5 -0.8540534 -0.5201854 7.95636e-5 4.04652e-4 1 -1.56565e-4 0.8688029 6.71428e-6 0.4951583 -0.8540731 -3.99838e-7 0.520153 4.00344e-4 -3.91266e-6 -1 0.8688023 -0.4951592 6.09788e-5 -0.8540737 -0.520152 6.23666e-5 4.04655e-4 1 -1.2302e-4 0.8687998 -0.4951636 6.15083e-5 -0.854071 -0.5201565 6.28126e-5 4.04656e-4 1 -1.23514e-4 -0.2326303 -0.692933 0.6824421 -0.3359564 0.6994838 0.6307581 -0.5927305 -0.6694521 0.4477773 -0.2326313 -0.692929 0.6824456 -0.3359585 0.6994858 0.6307547 -0.5927277 -0.669456 0.4477754 -0.2326303 -0.6929332 0.6824419 -0.3359547 0.6994872 0.6307552 -0.5927305 -0.6694537 0.447775 6.10372e-7 0.8687759 0.4952058 -3.79838e-6 -0.8540551 0.5201829 3.76089e-6 4.02947e-4 -1 0.6929315 -0.2326353 0.6824418 -0.6994944 -0.33595 0.6307497 0.6694461 -0.5927378 0.4477767 0.4952236 0.8687656 7.82497e-5 0.5201684 -0.8540638 7.95155e-5 -1 4.3644e-4 -1.53401e-4 0.4951867 0.8687866 8.02059e-5 0.5201873 -0.8540523 7.94714e-5 -1 3.9459e-4 -1.58601e-4 0 0.8687848 0.4951899 -3.0987e-6 -0.8540598 0.520175 4.05172e-6 4.01306e-4 -1 0.4952142 0.868771 6.33426e-5 0.5201686 -0.8540636 6.18708e-5 -1 4.34219e-4 -1.21102e-4 0.4952117 0.8687723 6.42329e-5 0.5201853 -0.8540535 6.27475e-5 -1 3.96461e-4 -1.23155e-4 0.6929314 -0.2326359 0.6824417 -0.6994872 -0.3359529 0.6307561 0.6694492 -0.592727 0.4477863 0.6929241 -0.2326382 0.6824483 -0.6994947 -0.3359532 0.6307477 0.6694537 -0.5927321 0.4477728 0.6929314 -0.2326365 0.6824416 -0.6994797 -0.3359532 0.6307643 0.6694548 -0.5927284 0.447776</float_array>
          <technique_common>
            <accessor source="#Cube_030-mesh-normals-array" count="1510" stride="3">
              <param name="X" type="float"/>
              <param name="Y" type="float"/>
              <param name="Z" type="float"/>
            </accessor>
          </technique_common>
        </source>
        <source id="Cube_030-mesh-map-0">
          <float_array id="Cube_030-mesh-map-0-array" count="9924">0.58543 0.9785862 0.4440774 0.8782412 0.5838223 0.8780229 0.6341919 0.978913 0.443112 0.8786455 0.6325843 0.8783497 0.3916885 0.8725935 0.3972617 0.78272 0.3992963 0.8732512 0.6363977 0.9795163 0.4436382 0.8791685 0.6340656 0.8787404 0.6317335 0.7779647 0.6524299 0.8786992 0.6340656 0.8787404 0.6500981 0.7779234 0.6707943 0.8786579 0.6524299 0.8786992 0.42315 0.7781164 0.4430296 0.8786511 0.4247574 0.8786796 0.4447195 0.9792089 0.4248396 0.878674 0.443112 0.8786455 0.4264471 0.9792374 0.4065674 0.8787026 0.4248396 0.878674 0.6534298 0.9784801 0.6335499 0.8779452 0.6518224 0.8779167 0.6309767 0.7777863 0.6508566 0.8783211 0.6325843 0.8783497 0.649249 0.7777578 0.6691287 0.8782926 0.6508566 0.8783211 0.4229421 0.7784339 0.4436382 0.8791685 0.4252739 0.8792098 0.6308946 0.7777919 0.6507748 0.8783268 0.6325021 0.8783553 0.4059256 0.7777348 0.4258055 0.8782697 0.4075331 0.8782981 0.4241979 0.7777063 0.4440774 0.8782412 0.4258055 0.8782697 0.6341097 0.9789186 0.4430296 0.8786511 0.6325021 0.8783553 0.1354448 0.1512901 0.1221533 0.160914 0.1247248 0.1338115 0.1379396 0.1442447 0.1247248 0.1338115 0.1317505 0.1139711 0.1379396 0.1442447 0.1413475 0.1067091 0.1429215 0.140475 0.2392895 0.4623897 0.2504608 0.4888936 0.2408637 0.4961556 0.2442716 0.45862 0.2574864 0.4690533 0.2504608 0.4888936 0.2481011 0.4375055 0.2574864 0.4690533 0.2467663 0.4515747 0.1379396 0.45862 0.1413475 0.4961556 0.1317505 0.4888936 0.1379396 0.45862 0.1247248 0.4690533 0.1354448 0.4515747 0.1354448 0.4515747 0.1221533 0.4419507 0.1341099 0.4375052 0.2392895 0.140475 0.2504608 0.1139711 0.2442716 0.1442447 0.2442716 0.1442447 0.2574864 0.1338115 0.2467663 0.1512901 0.2481011 0.1653593 0.2574864 0.1338115 0.2600579 0.160914 0.2392895 0.140475 0.1413475 0.1067091 0.2408637 0.1067091 0.1341099 0.1653593 0.1221533 0.4419507 0.1221533 0.160914 0.2481011 0.1653593 0.2600579 0.368192 0.2481011 0.3660801 0.2392895 0.4623897 0.1413475 0.4961556 0.1429215 0.4623897 0.779709 0.1892445 0.8750975 0.1461102 0.7870827 0.2042724 0.5631994 0.7900935 0.5509896 0.8300697 0.5536705 0.7917373 0.5756076 0.7899283 0.5678908 0.8349652 0.5691491 0.7904036 0.6672435 0.790071 0.4243888 0.8381584 0.4206659 0.7961217 0.5701916 0.7895556 0.5628015 0.8321077 0.5665245 0.790071 0.5536705 0.7917373 0.5409962 0.8315954 0.5424682 0.7956311 0.5853246 0.7893901 0.5737323 0.8355483 0.5756076 0.7899283 0.4081105 0.8724586 0.4180965 0.7824827 0.4180965 0.872241 0.6433316 0.8034014 0.4431581 0.8277503 0.4398321 0.7969011 0.5753043 0.7895026 0.5686324 0.8326929 0.5701916 0.7895556 0.5424682 0.7956311 0.525499 0.8332542 0.5256413 0.7947244 0.3992963 0.8732512 0.4028511 0.7815424 0.4081105 0.8724586 0.4097032 0.8311567 0.6283401 0.8022391 0.6351465 0.8311567 0.5762746 0.790698 0.5657181 0.8295342 0.5631994 0.7900935 0.5798344 0.7900162 0.5734533 0.8320732 0.5753043 0.7895026 0.5691491 0.7904036 0.5620875 0.8327803 0.5625127 0.7910698 0.6455719 0.7903626 0.4589982 0.8313122 0.4611611 0.7900162 0.2023072 0.4384022 0.2138369 0.3708773 0.2015345 0.3731538 0.4258055 0.8782697 0.445685 0.9788045 0.4274129 0.978833 0.6325021 0.8783553 0.4414221 0.7780877 0.6308946 0.7777919 0.6351574 0.9785086 0.6204919 0.8779656 0.6335499 0.8779452 0.2481011 0.4375055 0.2600579 0.4225824 0.2600579 0.4419507 0.6335499 0.8779452 0.6188843 0.7774023 0.6319423 0.7773818 0.1931114 0.3706547 0.1846811 0.4384394 0.1839084 0.373191 0.4075331 0.8782981 0.4274129 0.978833 0.4091408 0.9788615 0.6325021 0.8783553 0.6523823 0.9788901 0.6341097 0.9789186 0.4252739 0.8792098 0.4459701 0.9799442 0.4276058 0.9799856 0.6508566 0.8783211 0.6707361 0.978856 0.6524639 0.9788845 0.6325843 0.8783497 0.6524639 0.9788845 0.6341919 0.978913 0.6518224 0.8779167 0.6319423 0.7773818 0.6502147 0.7773533 0.4248396 0.878674 0.4049599 0.7781393 0.4232321 0.7781108 0.443112 0.8786455 0.4232321 0.7781108 0.4415045 0.7780823 0.4247574 0.8786796 0.4446371 0.9792144 0.4263648 0.979243 0.6524299 0.8786992 0.6731262 0.9794338 0.6547619 0.979475 0.6340656 0.8787404 0.6547619 0.979475 0.6363977 0.9795163 0.6340656 0.8787404 0.4413062 0.7783927 0.6317335 0.7779647 0.6325843 0.8783497 0.4415045 0.7780823 0.6309767 0.7777863 0.5838223 0.8780229 0.4424698 0.7776778 0.5822148 0.7774596 0.2015345 0.3731538 0.1831357 0.3079426 0.2007617 0.3079054 0.7213544 0.05242753 0.7237591 0.08444339 0.7214165 0.08447629 0.7214165 0.08447629 0.7238211 0.116492 0.7214786 0.1165248 0.7243944 0.0150386 0.6788069 0.1890532 0.6786606 0.01532787 0.7214956 0.1165245 0.7238661 0.1485408 0.7238041 0.1164923 0.7212926 0.02037894 0.7236971 0.05239474 0.7213544 0.05242753 0.6947529 0.8659123 0.7049065 0.8501461 0.704831 0.8596342 0.6481857 0.1839839 0.6576313 0.2069765 0.6457228 0.2068251 0.6947529 0.8659123 0.6884091 0.8904872 0.691583 0.8579074 0.7463052 0.8698782 0.768132 0.9050917 0.7463546 0.9051864 0.7680633 0.8550907 0.7463341 0.8904939 0.7462848 0.8551855 0.7463052 0.8698782 0.7245771 0.9052817 0.7245278 0.8699733 0.7245064 0.8552804 0.7463341 0.8904939 0.7245557 0.8905885 0.7244786 0.834665 0.7463052 0.8698782 0.7245278 0.8699733 0.7680336 0.8344749 0.7463052 0.8698782 0.7462562 0.8345696 0.7463756 0.9201936 0.7246476 0.9555971 0.7245981 0.9202889 0.7463756 0.9201936 0.7682023 0.9554073 0.7464247 0.9555024 0.724549 0.8849809 0.7463756 0.9201936 0.7245981 0.9202889 0.7681037 0.884791 0.7463756 0.9201936 0.7463262 0.8848861 0.7464327 0.9611099 0.7247141 0.9965136 0.7464817 0.9964188 0.7464327 0.9611099 0.7682496 0.9963236 0.7682001 0.9610156 0.7681512 0.9257075 0.7464327 0.9611099 0.7682001 0.9610156 0.7246157 0.925897 0.7464327 0.9611099 0.7463834 0.9258019 0.7463341 0.8904939 0.724605 0.925897 0.7245557 0.8905885 0.7463341 0.8904939 0.768162 0.9257075 0.7463834 0.9258019 0.694777 0.9149571 0.6884091 0.8904872 0.6921049 0.8903252 0.694777 0.9149571 0.7049065 0.9308283 0.691583 0.923067 0.6576313 0.2069765 0.6482083 0.2298711 0.6457228 0.2068251 0.6576313 0.2069765 0.667075 0.229968 0.6576987 0.2358434 0.7150585 0.9150608 0.7049065 0.9308283 0.7049789 0.9213404 0.7150585 0.9150608 0.7214039 0.8904872 0.7182298 0.923067 0.6670526 0.1840835 0.6576313 0.2069765 0.657561 0.1781101 0.7150343 0.8660186 0.7214039 0.8904872 0.7177069 0.8906492 0.7150343 0.8660186 0.7049065 0.8501461 0.7182298 0.8579074 0.6947529 0.8659123 0.7049065 0.8501461 0.704831 0.8596342 0.6481857 0.1839839 0.6576313 0.2069765 0.6457228 0.2068251 0.6947529 0.8659123 0.6884091 0.8904872 0.691583 0.8579074 0.7463052 0.8698782 0.768132 0.9050917 0.7463546 0.9051864 0.7680633 0.8550907 0.7463341 0.8904939 0.7462848 0.8551855 0.7463052 0.8698782 0.7245771 0.9052817 0.7245278 0.8699733 0.7245064 0.8552804 0.7463341 0.8904939 0.7245557 0.8905885 0.7244786 0.834665 0.7463052 0.8698782 0.7245278 0.8699733 0.7680336 0.8344749 0.7463052 0.8698782 0.7462562 0.8345696 0.7463756 0.9201936 0.7246476 0.9555971 0.7245981 0.9202889 0.7463756 0.9201936 0.7682023 0.9554073 0.7464247 0.9555024 0.724549 0.8849809 0.7463756 0.9201936 0.7245981 0.9202889 0.7681037 0.884791 0.7463756 0.9201936 0.7463262 0.8848861 0.7464327 0.9611099 0.7247141 0.9965136 0.7464817 0.9964188 0.7464327 0.9611099 0.7682496 0.9963236 0.7682001 0.9610156 0.7681512 0.9257075 0.7464327 0.9611099 0.7682001 0.9610156 0.7246157 0.925897 0.7464327 0.9611099 0.7463834 0.9258019 0.7463341 0.8904939 0.724605 0.925897 0.7245557 0.8905885 0.7463341 0.8904939 0.768162 0.9257075 0.7463834 0.9258019 0.694777 0.9149571 0.6884091 0.8904872 0.6921049 0.8903252 0.694777 0.9149571 0.7049065 0.9308283 0.691583 0.923067 0.6576313 0.2069765 0.6482083 0.2298711 0.6457228 0.2068251 0.6576313 0.2069765 0.667075 0.229968 0.6576987 0.2358434 0.7150585 0.9150608 0.7049065 0.9308283 0.7049789 0.9213404 0.7150585 0.9150608 0.7214039 0.8904872 0.7182298 0.923067 0.6670526 0.1840835 0.6576313 0.2069765 0.657561 0.1781101 0.7150343 0.8660186 0.7214039 0.8904872 0.7177069 0.8906492 0.7150343 0.8660186 0.7049065 0.8501461 0.7182298 0.8579074 0.7707814 0.05242753 0.7731861 0.08444339 0.7708435 0.08447629 0.7708435 0.08447629 0.7732481 0.116492 0.7709056 0.1165248 0.7738214 0.0150386 0.7282338 0.1890532 0.7280876 0.01532787 0.7709226 0.1165245 0.7732931 0.1485408 0.773231 0.1164923 0.7707196 0.02037894 0.7731241 0.05239474 0.7707814 0.05242753 0.6947529 0.8659123 0.7049065 0.8501461 0.704831 0.8596342 0.6481857 0.1839839 0.6576313 0.2069765 0.6457228 0.2068251 0.6947529 0.8659123 0.6884091 0.8904872 0.691583 0.8579074 0.7463052 0.8698782 0.768132 0.9050917 0.7463546 0.9051864 0.7680633 0.8550907 0.7463341 0.8904939 0.7462848 0.8551855 0.7463052 0.8698782 0.7245771 0.9052817 0.7245278 0.8699733 0.7245064 0.8552804 0.7463341 0.8904939 0.7245557 0.8905885 0.7244786 0.834665 0.7463052 0.8698782 0.7245278 0.8699733 0.7680336 0.8344749 0.7463052 0.8698782 0.7462562 0.8345696 0.7463756 0.9201936 0.7246476 0.9555971 0.7245981 0.9202889 0.7463756 0.9201936 0.7682023 0.9554073 0.7464247 0.9555024 0.724549 0.8849809 0.7463756 0.9201936 0.7245981 0.9202889 0.7681037 0.884791 0.7463756 0.9201936 0.7463262 0.8848861 0.7464327 0.9611099 0.7247141 0.9965136 0.7464817 0.9964188 0.7464327 0.9611099 0.7682496 0.9963236 0.7682001 0.9610156 0.7681512 0.9257075 0.7464327 0.9611099 0.7682001 0.9610156 0.7246157 0.925897 0.7464327 0.9611099 0.7463834 0.9258019 0.7463341 0.8904939 0.724605 0.925897 0.7245557 0.8905885 0.7463341 0.8904939 0.768162 0.9257075 0.7463834 0.9258019 0.694777 0.9149571 0.6884091 0.8904872 0.6921049 0.8903252 0.694777 0.9149571 0.7049065 0.9308283 0.691583 0.923067 0.6576313 0.2069765 0.6482083 0.2298711 0.6457228 0.2068251 0.6576313 0.2069765 0.667075 0.229968 0.6576987 0.2358434 0.7150585 0.9150608 0.7049065 0.9308283 0.7049789 0.9213404 0.7150585 0.9150608 0.7214039 0.8904872 0.7182298 0.923067 0.6670526 0.1840835 0.6576313 0.2069765 0.657561 0.1781101 0.7150343 0.8660186 0.7214039 0.8904872 0.7177069 0.8906492 0.7150343 0.8660186 0.7049065 0.8501461 0.7182298 0.8579074 0.58543 0.9785862 0.4440774 0.8782412 0.5838223 0.8780229 0.6341919 0.978913 0.443112 0.8786455 0.6325843 0.8783497 0.3916885 0.8725935 0.3972617 0.78272 0.3992963 0.8732512 0.6363977 0.9795163 0.4436382 0.8791685 0.6340656 0.8787404 0.6317335 0.7779647 0.6524299 0.8786992 0.6340656 0.8787404 0.6500981 0.7779234 0.6707943 0.8786579 0.6524299 0.8786992 0.42315 0.7781164 0.4430296 0.8786511 0.4247574 0.8786796 0.4447195 0.9792089 0.4248396 0.878674 0.443112 0.8786455 0.4264471 0.9792374 0.4065674 0.8787026 0.4248396 0.878674 0.6534298 0.9784801 0.6335499 0.8779452 0.6518224 0.8779167 0.6309767 0.7777863 0.6508566 0.8783211 0.6325843 0.8783497 0.649249 0.7777578 0.6691287 0.8782926 0.6508566 0.8783211 0.4229421 0.7784339 0.4436382 0.8791685 0.4252739 0.8792098 0.6308946 0.7777919 0.6507748 0.8783268 0.6325021 0.8783553 0.4059256 0.7777348 0.4258055 0.8782697 0.4075331 0.8782981 0.4241979 0.7777063 0.4440774 0.8782412 0.4258055 0.8782697 0.6341097 0.9789186 0.4430296 0.8786511 0.6325021 0.8783553 0.1354448 0.1512901 0.1221533 0.160914 0.1247248 0.1338115 0.1379396 0.1442447 0.1247248 0.1338115 0.1317505 0.1139711 0.1379396 0.1442447 0.1413475 0.1067091 0.1429215 0.140475 0.2392895 0.4623897 0.2504608 0.4888936 0.2408637 0.4961556 0.2442716 0.45862 0.2574864 0.4690533 0.2504608 0.4888936 0.2481011 0.4375055 0.2574864 0.4690533 0.2467663 0.4515747 0.1379396 0.45862 0.1413475 0.4961556 0.1317505 0.4888936 0.1379396 0.45862 0.1247248 0.4690533 0.1354448 0.4515747 0.1354448 0.4515747 0.1221533 0.4419507 0.1341099 0.4375052 0.2392895 0.140475 0.2504608 0.1139711 0.2442716 0.1442447 0.2442716 0.1442447 0.2574864 0.1338115 0.2467663 0.1512901 0.2481011 0.1653593 0.2574864 0.1338115 0.2600579 0.160914 0.2392895 0.140475 0.1413475 0.1067091 0.2408637 0.1067091 0.1341099 0.1653593 0.1221533 0.4419507 0.1221533 0.160914 0.2481011 0.1653593 0.2600579 0.368192 0.2481011 0.3660801 0.2392895 0.4623897 0.1413475 0.4961556 0.1429215 0.4623897 0.779709 0.1892445 0.8750975 0.1461102 0.7870827 0.2042724 0.5631994 0.7900935 0.5509896 0.8300697 0.5536705 0.7917373 0.5756076 0.7899283 0.5678908 0.8349652 0.5691491 0.7904036 0.6672435 0.790071 0.4243888 0.8381584 0.4206659 0.7961217 0.5701916 0.7895556 0.5628015 0.8321077 0.5665245 0.790071 0.5536705 0.7917373 0.5409962 0.8315954 0.5424682 0.7956311 0.5853246 0.7893901 0.5737323 0.8355483 0.5756076 0.7899283 0.4081105 0.8724586 0.4180965 0.7824827 0.4180965 0.872241 0.6433316 0.8034014 0.4431581 0.8277503 0.4398321 0.7969011 0.5753043 0.7895026 0.5686324 0.8326929 0.5701916 0.7895556 0.5424682 0.7956311 0.525499 0.8332542 0.5256413 0.7947244 0.3992963 0.8732512 0.4028511 0.7815424 0.4081105 0.8724586 0.4097032 0.8311567 0.6283401 0.8022391 0.6351465 0.8311567 0.5762746 0.790698 0.5657181 0.8295342 0.5631994 0.7900935 0.5798344 0.7900162 0.5734533 0.8320732 0.5753043 0.7895026 0.5691491 0.7904036 0.5620875 0.8327803 0.5625127 0.7910698 0.6455719 0.7903626 0.4589982 0.8313122 0.4611611 0.7900162 0.2023072 0.4384022 0.2138369 0.3708773 0.2015345 0.3731538 0.4258055 0.8782697 0.445685 0.9788045 0.4274129 0.978833 0.6325021 0.8783553 0.4414221 0.7780877 0.6308946 0.7777919 0.6351574 0.9785086 0.6204919 0.8779656 0.6335499 0.8779452 0.2481011 0.4375055 0.2600579 0.4225824 0.2600579 0.4419507 0.6335499 0.8779452 0.6188843 0.7774023 0.6319423 0.7773818 0.1931114 0.3706547 0.1846811 0.4384394 0.1839084 0.373191 0.4075331 0.8782981 0.4274129 0.978833 0.4091408 0.9788615 0.6325021 0.8783553 0.6523823 0.9788901 0.6341097 0.9789186 0.4252739 0.8792098 0.4459701 0.9799442 0.4276058 0.9799856 0.6508566 0.8783211 0.6707361 0.978856 0.6524639 0.9788845 0.6325843 0.8783497 0.6524639 0.9788845 0.6341919 0.978913 0.6518224 0.8779167 0.6319423 0.7773818 0.6502147 0.7773533 0.4248396 0.878674 0.4049599 0.7781393 0.4232321 0.7781108 0.443112 0.8786455 0.4232321 0.7781108 0.4415045 0.7780823 0.4247574 0.8786796 0.4446371 0.9792144 0.4263648 0.979243 0.6524299 0.8786992 0.6731262 0.9794338 0.6547619 0.979475 0.6340656 0.8787404 0.6547619 0.979475 0.6363977 0.9795163 0.6340656 0.8787404 0.4413062 0.7783927 0.6317335 0.7779647 0.6325843 0.8783497 0.4415045 0.7780823 0.6309767 0.7777863 0.5838223 0.8780229 0.4424698 0.7776778 0.5822148 0.7774596 0.2015345 0.3731538 0.1831357 0.3079426 0.2007617 0.3079054 0.7356447 0.6740669 0.7261722 0.6284413 0.7317042 0.6271522 0.7261722 0.6762762 0.7206413 0.6271514 0.7261722 0.6284413 0.7317042 0.6271522 0.7261721 0.5899284 0.728531 0.5893787 0.7261722 0.6284413 0.723814 0.589379 0.7261721 0.5899284 0.7238132 0.5332236 0.7328889 0.5851038 0.7161206 0.5772063 0.7206413 0.6271514 0.7215461 0.5877498 0.723814 0.589379 0.7215461 0.5877498 0.7104194 0.6171263 0.7194556 0.5851044 0.7153218 0.623331 0.6991966 0.6568995 0.7104194 0.6171263 0.7206413 0.6271514 0.7075912 0.6675244 0.7153218 0.623331 0.7104194 0.6171263 0.6918389 0.642601 0.7061232 0.6087768 0.7061232 0.6087768 0.6858003 0.6251781 0.7025972 0.5986025 0.7176234 0.5815442 0.7025972 0.5986025 0.7161206 0.5772063 0.7104194 0.6171263 0.7176234 0.5815442 0.7194556 0.5851044 0.7025972 0.5986025 0.715003 0.5722568 0.7161206 0.5772063 0.715003 0.5722568 0.6983635 0.5744001 0.7143149 0.5668863 0.6813135 0.6053006 0.6983635 0.5744001 0.6999768 0.5869948 0.6858003 0.6251781 0.6999768 0.5869948 0.7025972 0.5986025 0.6785506 0.5837321 0.6978185 0.5613014 0.6983635 0.5744001 0.6776179 0.5613017 0.6983633 0.5482032 0.6978185 0.5613014 0.714083 0.5613014 0.6983633 0.5482032 0.7143151 0.5557162 0.7143149 0.5668863 0.6978185 0.5613014 0.714083 0.5613014 0.6983633 0.5482032 0.7150031 0.5503466 0.7143151 0.5557162 0.7150031 0.5503466 0.7025972 0.5240004 0.71612 0.5453967 0.6999772 0.5356084 0.6858003 0.497425 0.7025972 0.5240004 0.6785506 0.5388712 0.6999772 0.5356084 0.6983633 0.5482032 0.6858003 0.497425 0.7061234 0.5138266 0.7025972 0.5240004 0.6918389 0.4800021 0.7104198 0.5054764 0.7061234 0.5138266 0.7176237 0.5410587 0.7104198 0.5054764 0.719456 0.5374988 0.7025972 0.5240004 0.7176237 0.5410587 0.71612 0.5453967 0.719456 0.5374988 0.715322 0.4992726 0.7215461 0.5348533 0.715322 0.4992726 0.7238132 0.5332236 0.7215461 0.5348533 0.7075912 0.4550788 0.7206409 0.4954518 0.715322 0.4992726 0.7104198 0.5054764 0.7075912 0.4550788 0.715322 0.4992726 0.7166998 0.4485362 0.7261727 0.4941615 0.7206409 0.4954518 0.7261722 0.4463269 0.731704 0.4954518 0.7261727 0.4941615 0.7261727 0.4941615 0.7285315 0.5332245 0.7261722 0.5326742 0.7206409 0.4954518 0.7261722 0.5326742 0.7238132 0.5332236 0.731704 0.4954518 0.7307988 0.5348532 0.7285315 0.5332245 0.7307988 0.5348532 0.7419248 0.5054762 0.7328893 0.5374988 0.7447537 0.4550787 0.7419248 0.5054762 0.7370224 0.499272 0.731704 0.4954518 0.7447537 0.4550787 0.7370224 0.499272 0.7531482 0.4657036 0.7462217 0.5138263 0.7419248 0.5054762 0.7462217 0.5138263 0.7665446 0.497425 0.7497479 0.5240007 0.7347209 0.5410584 0.7497479 0.5240007 0.7362247 0.5453973 0.7419248 0.5054762 0.7347209 0.5410584 0.7328893 0.5374988 0.7497479 0.5240007 0.7373419 0.5503458 0.7362247 0.5453973 0.7373419 0.5503458 0.7539813 0.548203 0.7380297 0.555716 0.7710313 0.5173028 0.7539813 0.548203 0.7523677 0.5356079 0.7665446 0.497425 0.7523677 0.5356079 0.7497479 0.5240007 0.7539813 0.548203 0.7747272 0.5613015 0.7545266 0.5613012 0.7747272 0.5613015 0.7539813 0.5743994 0.7545266 0.5613012 0.7545266 0.5613012 0.7380293 0.5668859 0.7382619 0.5613012 0.7539813 0.548203 0.7382619 0.5613012 0.7380297 0.555716 0.7380293 0.5668859 0.7523679 0.5869948 0.7373421 0.5722566 0.7373421 0.5722566 0.7497479 0.5986024 0.7362244 0.5772052 0.7710313 0.6053004 0.7497479 0.5986024 0.7523679 0.5869948 0.7539813 0.5743994 0.7710313 0.6053004 0.7523679 0.5869948 0.7497479 0.5986024 0.760506 0.642601 0.7462217 0.6087768 0.7462217 0.6087768 0.7531482 0.6568995 0.7419257 0.6171263 0.7347209 0.5815435 0.7419257 0.6171263 0.7328889 0.5851038 0.7497479 0.5986024 0.7347209 0.5815435 0.7362244 0.5772052 0.7328889 0.5851038 0.7370235 0.6233311 0.7307994 0.5877499 0.7370235 0.6233311 0.728531 0.5893787 0.7307994 0.5877499 0.7447537 0.6675242 0.7317042 0.6271522 0.7370235 0.6233311 0.7531482 0.6568995 0.7370235 0.6233311 0.7419257 0.6171263 0.7362244 0.5772052 0.728531 0.5893787 0.7143149 0.5668863 0.7356447 0.6740669 0.7261722 0.6284413 0.7317042 0.6271522 0.7370235 0.6233311 0.7356447 0.6740669 0.7317042 0.6271522 0.7419257 0.6171263 0.7447537 0.6675242 0.7370235 0.6233311 0.7462217 0.6087768 0.7531482 0.6568995 0.7419257 0.6171263 0.7665446 0.625178 0.7462217 0.6087768 0.7497479 0.5986024 0.7523679 0.5869948 0.7665446 0.625178 0.7497479 0.5986024 0.7539813 0.5743994 0.7710313 0.6053004 0.7523679 0.5869948 0.7747272 0.5613015 0.7539813 0.5743994 0.7545266 0.5613012 0.7539813 0.548203 0.7747272 0.5613015 0.7545266 0.5613012 0.7710313 0.5173028 0.7539813 0.548203 0.7523677 0.5356079 0.7497479 0.5240007 0.7710313 0.5173028 0.7523677 0.5356079 0.7462217 0.5138263 0.7665446 0.497425 0.7497479 0.5240007 0.7531482 0.4657036 0.7462217 0.5138263 0.7419248 0.5054762 0.7447537 0.4550787 0.7419248 0.5054762 0.7370224 0.499272 0.7356447 0.4485362 0.7370224 0.499272 0.731704 0.4954518 0.7261727 0.4941615 0.7356447 0.4485362 0.731704 0.4954518 0.7166998 0.4485362 0.7261727 0.4941615 0.7206409 0.4954518 0.715322 0.4992726 0.7166998 0.4485362 0.7206409 0.4954518 0.7104198 0.5054764 0.7075912 0.4550788 0.715322 0.4992726 0.7061234 0.5138266 0.6991966 0.4657036 0.7104198 0.5054764 0.6858003 0.497425 0.7061234 0.5138266 0.7025972 0.5240004 0.6813135 0.5173028 0.7025972 0.5240004 0.6999772 0.5356084 0.6983633 0.5482032 0.6813135 0.5173028 0.6999772 0.5356084 0.6776179 0.5613017 0.6983633 0.5482032 0.6978185 0.5613014 0.6983635 0.5744001 0.6776179 0.5613017 0.6978185 0.5613014 0.6813135 0.6053006 0.6983635 0.5744001 0.6999768 0.5869948 0.6858003 0.6251781 0.6999768 0.5869948 0.7025972 0.5986025 0.7061232 0.6087768 0.6858003 0.6251781 0.7025972 0.5986025 0.6991966 0.6568995 0.7061232 0.6087768 0.7104194 0.6171263 0.7075912 0.6675244 0.7104194 0.6171263 0.7153218 0.623331 0.7166998 0.6740669 0.7153218 0.623331 0.7206413 0.6271514 0.7261722 0.6284413 0.7166998 0.6740669 0.7206413 0.6271514 0.7317042 0.6271522 0.7261721 0.5899284 0.728531 0.5893787 0.7307994 0.5877499 0.7317042 0.6271522 0.728531 0.5893787 0.7419257 0.6171263 0.7307994 0.5877499 0.7328889 0.5851038 0.7347209 0.5815435 0.7419257 0.6171263 0.7328889 0.5851038 0.7497479 0.5986024 0.7347209 0.5815435 0.7362244 0.5772052 0.7373421 0.5722566 0.7497479 0.5986024 0.7362244 0.5772052 0.7539813 0.5743994 0.7373421 0.5722566 0.7380293 0.5668859 0.7382619 0.5613012 0.7539813 0.5743994 0.7380293 0.5668859 0.7539813 0.548203 0.7382619 0.5613012 0.7380297 0.555716 0.7373419 0.5503458 0.7539813 0.548203 0.7380297 0.555716 0.7497479 0.5240007 0.7373419 0.5503458 0.7362247 0.5453973 0.7347209 0.5410584 0.7497479 0.5240007 0.7362247 0.5453973 0.7419248 0.5054762 0.7347209 0.5410584 0.7328893 0.5374988 0.7370224 0.499272 0.7328893 0.5374988 0.7307988 0.5348532 0.7285315 0.5332245 0.7370224 0.499272 0.7307988 0.5348532 0.7261727 0.4941615 0.7285315 0.5332245 0.7261722 0.5326742 0.7238132 0.5332236 0.7261727 0.4941615 0.7261722 0.5326742 0.715322 0.4992726 0.7238132 0.5332236 0.7215461 0.5348533 0.719456 0.5374988 0.715322 0.4992726 0.7215461 0.5348533 0.7176237 0.5410587 0.7104198 0.5054764 0.719456 0.5374988 0.7025972 0.5240004 0.7176237 0.5410587 0.71612 0.5453967 0.7150031 0.5503466 0.7025972 0.5240004 0.71612 0.5453967 0.6983633 0.5482032 0.7150031 0.5503466 0.7143151 0.5557162 0.714083 0.5613014 0.6983633 0.5482032 0.7143151 0.5557162 0.6983635 0.5744001 0.714083 0.5613014 0.7143149 0.5668863 0.715003 0.5722568 0.6983635 0.5744001 0.7143149 0.5668863 0.7025972 0.5986025 0.715003 0.5722568 0.7161206 0.5772063 0.7176234 0.5815442 0.7025972 0.5986025 0.7161206 0.5772063 0.7104194 0.6171263 0.7176234 0.5815442 0.7194556 0.5851044 0.7153218 0.623331 0.7194556 0.5851044 0.7215461 0.5877498 0.7206413 0.6271514 0.7215461 0.5877498 0.723814 0.589379 0.7261721 0.5899284 0.7206413 0.6271514 0.723814 0.589379 0.7356447 0.6740669 0.7261722 0.6284413 0.7317042 0.6271522 0.7261722 0.6284413 0.7166998 0.6740669 0.7206413 0.6271514 0.728531 0.5893787 0.7261722 0.6284413 0.7261721 0.5899284 0.7261721 0.5899284 0.7206413 0.6271514 0.723814 0.589379 0.7143149 0.5668863 0.7238132 0.5332236 0.7380297 0.555716 0.723814 0.589379 0.7153218 0.623331 0.7215461 0.5877498 0.7153218 0.623331 0.7194556 0.5851044 0.7215461 0.5877498 0.7075912 0.6675244 0.7104194 0.6171263 0.7153218 0.623331 0.7166998 0.6740669 0.7153218 0.623331 0.7206413 0.6271514 0.6991966 0.6568995 0.7061232 0.6087768 0.7104194 0.6171263 0.6918389 0.642601 0.7025972 0.5986025 0.7061232 0.6087768 0.7061232 0.6087768 0.7161206 0.5772063 0.7176234 0.5815442 0.7104194 0.6171263 0.7176234 0.5815442 0.7194556 0.5851044 0.7025972 0.5986025 0.715003 0.5722568 0.7161206 0.5772063 0.715003 0.5722568 0.6983635 0.5744001 0.7143149 0.5668863 0.6813135 0.6053006 0.6983635 0.5744001 0.6999768 0.5869948 0.6858003 0.6251781 0.6999768 0.5869948 0.7025972 0.5986025 0.6983635 0.5744001 0.6776179 0.5613017 0.6978185 0.5613014 0.6776179 0.5613017 0.6983633 0.5482032 0.6978185 0.5613014 0.714083 0.5613014 0.6983633 0.5482032 0.7143151 0.5557162 0.6983635 0.5744001 0.714083 0.5613014 0.7143149 0.5668863 0.6983633 0.5482032 0.7150031 0.5503466 0.7143151 0.5557162 0.7150031 0.5503466 0.7025972 0.5240004 0.71612 0.5453967 0.6813135 0.5173028 0.7025972 0.5240004 0.6999772 0.5356084 0.6983633 0.5482032 0.6813135 0.5173028 0.6999772 0.5356084 0.6858003 0.497425 0.7061234 0.5138266 0.7025972 0.5240004 0.7061234 0.5138266 0.6991966 0.4657036 0.7104198 0.5054764 0.7176237 0.5410587 0.7104198 0.5054764 0.719456 0.5374988 0.7025972 0.5240004 0.7176237 0.5410587 0.71612 0.5453967 0.719456 0.5374988 0.715322 0.4992726 0.7215461 0.5348533 0.715322 0.4992726 0.7238132 0.5332236 0.7215461 0.5348533 0.7075912 0.4550788 0.7206409 0.4954518 0.715322 0.4992726 0.7104198 0.5054764 0.7075912 0.4550788 0.715322 0.4992726 0.7166998 0.4485362 0.7261727 0.4941615 0.7206409 0.4954518 0.7261727 0.4941615 0.7356447 0.4485362 0.731704 0.4954518 0.7261727 0.4941615 0.7285315 0.5332245 0.7261722 0.5326742 0.7238132 0.5332236 0.7261727 0.4941615 0.7261722 0.5326742 0.7285315 0.5332245 0.7370224 0.499272 0.7307988 0.5348532 0.7370224 0.499272 0.7328893 0.5374988 0.7307988 0.5348532 0.7447537 0.4550787 0.7419248 0.5054762 0.7370224 0.499272 0.731704 0.4954518 0.7447537 0.4550787 0.7370224 0.499272 0.7531482 0.4657036 0.7462217 0.5138263 0.7419248 0.5054762 0.7462217 0.5138263 0.7665446 0.497425 0.7497479 0.5240007 0.7347209 0.5410584 0.7497479 0.5240007 0.7362247 0.5453973 0.7419248 0.5054762 0.7347209 0.5410584 0.7328893 0.5374988 0.7497479 0.5240007 0.7373419 0.5503458 0.7362247 0.5453973 0.7373419 0.5503458 0.7539813 0.548203 0.7380297 0.555716 0.7710313 0.5173028 0.7539813 0.548203 0.7523677 0.5356079 0.7497479 0.5240007 0.7710313 0.5173028 0.7523677 0.5356079 0.7539813 0.548203 0.7747272 0.5613015 0.7545266 0.5613012 0.7747272 0.5613015 0.7539813 0.5743994 0.7545266 0.5613012 0.7382619 0.5613012 0.7539813 0.5743994 0.7380293 0.5668859 0.7539813 0.548203 0.7382619 0.5613012 0.7380297 0.555716 0.7380293 0.5668859 0.7523679 0.5869948 0.7373421 0.5722566 0.7373421 0.5722566 0.7497479 0.5986024 0.7362244 0.5772052 0.7710313 0.6053004 0.7497479 0.5986024 0.7523679 0.5869948 0.7539813 0.5743994 0.7710313 0.6053004 0.7523679 0.5869948 0.7665446 0.625178 0.7462217 0.6087768 0.7497479 0.5986024 0.7462217 0.6087768 0.7531482 0.6568995 0.7419257 0.6171263 0.7347209 0.5815435 0.7419257 0.6171263 0.7328889 0.5851038 0.7497479 0.5986024 0.7347209 0.5815435 0.7362244 0.5772052 0.7419257 0.6171263 0.7307994 0.5877499 0.7328889 0.5851038 0.7370235 0.6233311 0.728531 0.5893787 0.7307994 0.5877499 0.7370235 0.6233311 0.7356447 0.6740669 0.7317042 0.6271522 0.7419257 0.6171263 0.7447537 0.6675242 0.7370235 0.6233311 0.7356447 0.6740669 0.7261722 0.6284413 0.7317042 0.6271522 0.7261722 0.6284413 0.7166998 0.6740669 0.7206413 0.6271514 0.7317042 0.6271522 0.7261721 0.5899284 0.728531 0.5893787 0.7261721 0.5899284 0.7206413 0.6271514 0.723814 0.589379 0.7380297 0.555716 0.7362244 0.5772052 0.7215461 0.5877498 0.723814 0.589379 0.7153218 0.623331 0.7215461 0.5877498 0.7153218 0.623331 0.7194556 0.5851044 0.7215461 0.5877498 0.7075912 0.6675244 0.7104194 0.6171263 0.7153218 0.623331 0.7166998 0.6740669 0.7153218 0.623331 0.7206413 0.6271514 0.6991966 0.6568995 0.7061232 0.6087768 0.7104194 0.6171263 0.7061232 0.6087768 0.6858003 0.6251781 0.7025972 0.5986025 0.7176234 0.5815442 0.7025972 0.5986025 0.7161206 0.5772063 0.7104194 0.6171263 0.7176234 0.5815442 0.7194556 0.5851044 0.7025972 0.5986025 0.715003 0.5722568 0.7161206 0.5772063 0.715003 0.5722568 0.6983635 0.5744001 0.7143149 0.5668863 0.6999768 0.5869948 0.6785506 0.5837321 0.6983635 0.5744001 0.6858003 0.6251781 0.6999768 0.5869948 0.7025972 0.5986025 0.6983635 0.5744001 0.6776179 0.5613017 0.6978185 0.5613014 0.6776179 0.5613017 0.6983633 0.5482032 0.6978185 0.5613014 0.6978185 0.5613014 0.7143151 0.5557162 0.714083 0.5613014 0.7143149 0.5668863 0.6978185 0.5613014 0.714083 0.5613014 0.6983633 0.5482032 0.7150031 0.5503466 0.7143151 0.5557162 0.7150031 0.5503466 0.7025972 0.5240004 0.71612 0.5453967 0.6813135 0.5173028 0.7025972 0.5240004 0.6999772 0.5356084 0.6983633 0.5482032 0.6813135 0.5173028 0.6999772 0.5356084 0.7025972 0.5240004 0.6918389 0.4800021 0.7061234 0.5138266 0.7061234 0.5138266 0.6991966 0.4657036 0.7104198 0.5054764 0.7176237 0.5410587 0.7104198 0.5054764 0.719456 0.5374988 0.7025972 0.5240004 0.7176237 0.5410587 0.71612 0.5453967 0.719456 0.5374988 0.715322 0.4992726 0.7215461 0.5348533 0.715322 0.4992726 0.7238132 0.5332236 0.7215461 0.5348533 0.715322 0.4992726 0.7166998 0.4485362 0.7206409 0.4954518 0.7104198 0.5054764 0.7075912 0.4550788 0.715322 0.4992726 0.7206409 0.4954518 0.7261722 0.4463269 0.7261727 0.4941615 0.7261727 0.4941615 0.7356447 0.4485362 0.731704 0.4954518 0.7261727 0.4941615 0.7285315 0.5332245 0.7261722 0.5326742 0.7238132 0.5332236 0.7261727 0.4941615 0.7261722 0.5326742 0.7285315 0.5332245 0.7370224 0.499272 0.7307988 0.5348532 0.7307988 0.5348532 0.7419248 0.5054762 0.7328893 0.5374988 0.7447537 0.4550787 0.7419248 0.5054762 0.7370224 0.499272 0.7356447 0.4485362 0.7370224 0.499272 0.731704 0.4954518 0.7531482 0.4657036 0.7462217 0.5138263 0.7419248 0.5054762 0.760506 0.4800021 0.7497479 0.5240007 0.7462217 0.5138263 0.7347209 0.5410584 0.7497479 0.5240007 0.7362247 0.5453973 0.7328893 0.5374988 0.7462217 0.5138263 0.7347209 0.5410584 0.7497479 0.5240007 0.7373419 0.5503458 0.7362247 0.5453973 0.7373419 0.5503458 0.7539813 0.548203 0.7380297 0.555716 0.7710313 0.5173028 0.7539813 0.548203 0.7523677 0.5356079 0.7497479 0.5240007 0.7710313 0.5173028 0.7523677 0.5356079 0.7737945 0.538871 0.7545266 0.5613012 0.7539813 0.548203 0.7545266 0.5613012 0.7737945 0.5837321 0.7539813 0.5743994 0.7382619 0.5613012 0.7539813 0.5743994 0.7380293 0.5668859 0.7539813 0.548203 0.7382619 0.5613012 0.7380297 0.555716 0.7539813 0.5743994 0.7373421 0.5722566 0.7380293 0.5668859 0.7373421 0.5722566 0.7497479 0.5986024 0.7362244 0.5772052 0.7710313 0.6053004 0.7497479 0.5986024 0.7523679 0.5869948 0.7539813 0.5743994 0.7710313 0.6053004 0.7523679 0.5869948 0.7665446 0.625178 0.7462217 0.6087768 0.7497479 0.5986024 0.7462217 0.6087768 0.7531482 0.6568995 0.7419257 0.6171263 0.7462217 0.6087768 0.7328889 0.5851038 0.7347209 0.5815435 0.7497479 0.5986024 0.7347209 0.5815435 0.7362244 0.5772052 0.7328889 0.5851038 0.7370235 0.6233311 0.7307994 0.5877499 0.7370235 0.6233311 0.728531 0.5893787 0.7307994 0.5877499 0.7370235 0.6233311 0.7356447 0.6740669 0.7317042 0.6271522 0.7419257 0.6171263 0.7447537 0.6675242 0.7370235 0.6233311 0.7356447 0.6740669 0.7261722 0.6284413 0.7317042 0.6271522 0.7261722 0.6762762 0.7206413 0.6271514 0.7261722 0.6284413 0.7317042 0.6271522 0.7261721 0.5899284 0.728531 0.5893787 0.7261721 0.5899284 0.7206413 0.6271514 0.723814 0.589379 0.7382619 0.5613012 0.71612 0.5453967 0.7261722 0.5326742 0.7206413 0.6271514 0.7215461 0.5877498 0.723814 0.589379 0.7153218 0.623331 0.7194556 0.5851044 0.7215461 0.5877498 0.7075912 0.6675244 0.7104194 0.6171263 0.7153218 0.623331 0.7166998 0.6740669 0.7153218 0.623331 0.7206413 0.6271514 0.6991966 0.6568995 0.7061232 0.6087768 0.7104194 0.6171263 0.6918389 0.642601 0.7025972 0.5986025 0.7061232 0.6087768 0.7061232 0.6087768 0.7161206 0.5772063 0.7176234 0.5815442 0.7194556 0.5851044 0.7061232 0.6087768 0.7176234 0.5815442 0.7025972 0.5986025 0.715003 0.5722568 0.7161206 0.5772063 0.715003 0.5722568 0.6983635 0.5744001 0.7143149 0.5668863 0.6999768 0.5869948 0.6785506 0.5837321 0.6983635 0.5744001 0.6858003 0.6251781 0.6999768 0.5869948 0.7025972 0.5986025 0.6785506 0.5837321 0.6978185 0.5613014 0.6983635 0.5744001 0.6978185 0.5613014 0.6785506 0.5388712 0.6983633 0.5482032 0.714083 0.5613014 0.6983633 0.5482032 0.7143151 0.5557162 0.6983635 0.5744001 0.714083 0.5613014 0.7143149 0.5668863 0.6983633 0.5482032 0.7150031 0.5503466 0.7143151 0.5557162 0.7150031 0.5503466 0.7025972 0.5240004 0.71612 0.5453967 0.6813135 0.5173028 0.7025972 0.5240004 0.6999772 0.5356084 0.6983633 0.5482032 0.6813135 0.5173028 0.6999772 0.5356084 0.7025972 0.5240004 0.6918389 0.4800021 0.7061234 0.5138266 0.6918389 0.4800021 0.7104198 0.5054764 0.7061234 0.5138266 0.7061234 0.5138266 0.719456 0.5374988 0.7176237 0.5410587 0.71612 0.5453967 0.7061234 0.5138266 0.7176237 0.5410587 0.719456 0.5374988 0.715322 0.4992726 0.7215461 0.5348533 0.715322 0.4992726 0.7238132 0.5332236 0.7215461 0.5348533 0.715322 0.4992726 0.7166998 0.4485362 0.7206409 0.4954518 0.6991966 0.4657036 0.715322 0.4992726 0.7104198 0.5054764 0.7206409 0.4954518 0.7261722 0.4463269 0.7261727 0.4941615 0.7261722 0.4463269 0.731704 0.4954518 0.7261727 0.4941615 0.7261727 0.4941615 0.7285315 0.5332245 0.7261722 0.5326742 0.7238132 0.5332236 0.7261727 0.4941615 0.7261722 0.5326742 0.7285315 0.5332245 0.7370224 0.499272 0.7307988 0.5348532 0.7370224 0.499272 0.7328893 0.5374988 0.7307988 0.5348532 0.7370224 0.499272 0.7531482 0.4657036 0.7419248 0.5054762 0.7356447 0.4485362 0.7370224 0.499272 0.731704 0.4954518 0.7419248 0.5054762 0.760506 0.4800021 0.7462217 0.5138263 0.760506 0.4800021 0.7497479 0.5240007 0.7462217 0.5138263 0.7462217 0.5138263 0.7362247 0.5453973 0.7347209 0.5410584 0.7328893 0.5374988 0.7462217 0.5138263 0.7347209 0.5410584 0.7362247 0.5453973 0.7523677 0.5356079 0.7373419 0.5503458 0.7523677 0.5356079 0.7380297 0.555716 0.7373419 0.5503458 0.7710313 0.5173028 0.7539813 0.548203 0.7523677 0.5356079 0.7497479 0.5240007 0.7710313 0.5173028 0.7523677 0.5356079 0.7539813 0.548203 0.7747272 0.5613015 0.7545266 0.5613012 0.7747272 0.5613015 0.7539813 0.5743994 0.7545266 0.5613012 0.7545266 0.5613012 0.7380293 0.5668859 0.7382619 0.5613012 0.7380297 0.555716 0.7545266 0.5613012 0.7382619 0.5613012 0.7380293 0.5668859 0.7523679 0.5869948 0.7373421 0.5722566 0.7523679 0.5869948 0.7362244 0.5772052 0.7373421 0.5722566 0.7710313 0.6053004 0.7497479 0.5986024 0.7523679 0.5869948 0.7539813 0.5743994 0.7710313 0.6053004 0.7523679 0.5869948 0.7497479 0.5986024 0.760506 0.642601 0.7462217 0.6087768 0.7462217 0.6087768 0.7531482 0.6568995 0.7419257 0.6171263 0.7462217 0.6087768 0.7328889 0.5851038 0.7347209 0.5815435 0.7497479 0.5986024 0.7347209 0.5815435 0.7362244 0.5772052 0.7328889 0.5851038 0.7370235 0.6233311 0.7307994 0.5877499 0.7370235 0.6233311 0.728531 0.5893787 0.7307994 0.5877499 0.7370235 0.6233311 0.7356447 0.6740669 0.7317042 0.6271522 0.7531482 0.6568995 0.7370235 0.6233311 0.7419257 0.6171263 0.7356447 0.6740669 0.7261722 0.6284413 0.7317042 0.6271522 0.7261722 0.6284413 0.7166998 0.6740669 0.7206413 0.6271514 0.7317042 0.6271522 0.7261721 0.5899284 0.728531 0.5893787 0.7261721 0.5899284 0.7206413 0.6271514 0.723814 0.589379 0.728531 0.5893787 0.7261722 0.5326742 0.7362244 0.5772052 0.7206413 0.6271514 0.7215461 0.5877498 0.723814 0.589379 0.7153218 0.623331 0.7194556 0.5851044 0.7215461 0.5877498 0.7153218 0.623331 0.6991966 0.6568995 0.7104194 0.6171263 0.7166998 0.6740669 0.7153218 0.623331 0.7206413 0.6271514 0.7104194 0.6171263 0.6918389 0.642601 0.7061232 0.6087768 0.7061232 0.6087768 0.6858003 0.6251781 0.7025972 0.5986025 0.7176234 0.5815442 0.7025972 0.5986025 0.7161206 0.5772063 0.7194556 0.5851044 0.7061232 0.6087768 0.7176234 0.5815442 0.7025972 0.5986025 0.715003 0.5722568 0.7161206 0.5772063 0.715003 0.5722568 0.6983635 0.5744001 0.7143149 0.5668863 0.6813135 0.6053006 0.6983635 0.5744001 0.6999768 0.5869948 0.6858003 0.6251781 0.6999768 0.5869948 0.7025972 0.5986025 0.6785506 0.5837321 0.6978185 0.5613014 0.6983635 0.5744001 0.6776179 0.5613017 0.6983633 0.5482032 0.6978185 0.5613014 0.714083 0.5613014 0.6983633 0.5482032 0.7143151 0.5557162 0.7143149 0.5668863 0.6978185 0.5613014 0.714083 0.5613014 0.6983633 0.5482032 0.7150031 0.5503466 0.7143151 0.5557162 0.7150031 0.5503466 0.7025972 0.5240004 0.71612 0.5453967 0.6999772 0.5356084 0.6858003 0.497425 0.7025972 0.5240004 0.6785506 0.5388712 0.6999772 0.5356084 0.6983633 0.5482032 0.7025972 0.5240004 0.6918389 0.4800021 0.7061234 0.5138266 0.6918389 0.4800021 0.7104198 0.5054764 0.7061234 0.5138266 0.7061234 0.5138266 0.719456 0.5374988 0.7176237 0.5410587 0.7025972 0.5240004 0.7176237 0.5410587 0.71612 0.5453967 0.7104198 0.5054764 0.7215461 0.5348533 0.719456 0.5374988 0.715322 0.4992726 0.7238132 0.5332236 0.7215461 0.5348533 0.7075912 0.4550788 0.7206409 0.4954518 0.715322 0.4992726 0.7104198 0.5054764 0.7075912 0.4550788 0.715322 0.4992726 0.7206409 0.4954518 0.7261722 0.4463269 0.7261727 0.4941615 0.7261727 0.4941615 0.7356447 0.4485362 0.731704 0.4954518 0.7261727 0.4941615 0.7285315 0.5332245 0.7261722 0.5326742 0.7238132 0.5332236 0.7261727 0.4941615 0.7261722 0.5326742 0.7285315 0.5332245 0.7370224 0.499272 0.7307988 0.5348532 0.7307988 0.5348532 0.7419248 0.5054762 0.7328893 0.5374988 0.7370224 0.499272 0.7531482 0.4657036 0.7419248 0.5054762 0.7356447 0.4485362 0.7370224 0.499272 0.731704 0.4954518 0.7531482 0.4657036 0.7462217 0.5138263 0.7419248 0.5054762 0.7462217 0.5138263 0.7665446 0.497425 0.7497479 0.5240007 0.7347209 0.5410584 0.7497479 0.5240007 0.7362247 0.5453973 0.7419248 0.5054762 0.7347209 0.5410584 0.7328893 0.5374988 0.7362247 0.5453973 0.7523677 0.5356079 0.7373419 0.5503458 0.7523677 0.5356079 0.7380297 0.555716 0.7373419 0.5503458 0.7523677 0.5356079 0.7737945 0.538871 0.7539813 0.548203 0.7497479 0.5240007 0.7710313 0.5173028 0.7523677 0.5356079 0.7539813 0.548203 0.7747272 0.5613015 0.7545266 0.5613012 0.7545266 0.5613012 0.7737945 0.5837321 0.7539813 0.5743994 0.7545266 0.5613012 0.7380293 0.5668859 0.7382619 0.5613012 0.7539813 0.548203 0.7382619 0.5613012 0.7380297 0.555716 0.7539813 0.5743994 0.7373421 0.5722566 0.7380293 0.5668859 0.7523679 0.5869948 0.7362244 0.5772052 0.7373421 0.5722566 0.7523679 0.5869948 0.7665446 0.625178 0.7497479 0.5986024 0.7539813 0.5743994 0.7710313 0.6053004 0.7523679 0.5869948 0.7497479 0.5986024 0.760506 0.642601 0.7462217 0.6087768 0.7462217 0.6087768 0.7531482 0.6568995 0.7419257 0.6171263 0.7347209 0.5815435 0.7419257 0.6171263 0.7328889 0.5851038 0.7497479 0.5986024 0.7347209 0.5815435 0.7362244 0.5772052 0.7328889 0.5851038 0.7370235 0.6233311 0.7307994 0.5877499 0.7370235 0.6233311 0.728531 0.5893787 0.7307994 0.5877499 0.7370235 0.6233311 0.7356447 0.6740669 0.7317042 0.6271522 0.7531482 0.6568995 0.7370235 0.6233311 0.7419257 0.6171263 0.7691792 0.9866689 0.7249212 0.9721063 0.7691451 0.9721807 0.743735 0.9869316 0.7389057 0.8700224 0.7389059 0.9869318 0.7249889 0.8700493 0.76923 0.9868397 0.7250061 0.9868173 0.7691726 0.9868409 0.7249315 0.8700503 0.7691554 0.8700729 0.7250005 0.9720805 0.7692584 0.986643 0.7250345 0.9865687 0.2562425 0.0846256 8.46098e-4 0.01429241 0.2561881 0.01424372 9.39868e-4 0.08654588 0.2568532 0.01440376 9.29676e-4 0.01444977 7.50087e-4 0.01466196 0.2566313 0.08673894 0.2566559 0.01465141 0.4414631 0.2359114 0.4411777 0.1842424 0.4610059 0.2100657 0.4609215 0.210415 0.4414336 0.2359002 0.4412392 0.1842687 0.8763415 0.5503389 0.9374836 0.3339988 0.9374879 0.5502309 0.9986341 0.5501226 0.9374836 0.3339988 0.9986261 0.3338332 0.9374964 0.9933993 0.9986421 0.7664121 0.9986504 0.993409 0.9374964 0.9933993 0.8763419 0.7665135 0.937492 0.7664628 0.937492 0.7664628 0.9986341 0.5501226 0.9986421 0.7664121 0.937492 0.7664628 0.8763415 0.5503389 0.9374879 0.5502309 0.2562425 0.0846256 8.46098e-4 0.01429241 0.2561881 0.01424372 9.39868e-4 0.08654588 0.2568532 0.01440376 9.29676e-4 0.01444977 7.50087e-4 0.01466196 0.2566313 0.08673894 0.2566559 0.01465141 0.4414631 0.2359114 0.4411777 0.1842424 0.4610059 0.2100657 0.4609215 0.210415 0.4414336 0.2359002 0.4412392 0.1842687 0.2562425 0.0846256 8.46098e-4 0.01429241 0.2561881 0.01424372 9.39868e-4 0.08654588 0.2568532 0.01440376 9.29676e-4 0.01444977 7.50087e-4 0.01466196 0.2566313 0.08673894 0.2566559 0.01465141 0.4414631 0.2359114 0.4411777 0.1842424 0.4610059 0.2100657 0.4609215 0.210415 0.4414336 0.2359002 0.4412392 0.1842687 0.2562425 0.0846256 8.46098e-4 0.01429241 0.2561881 0.01424372 9.39868e-4 0.08654588 0.2568532 0.01440376 9.29676e-4 0.01444977 7.50087e-4 0.01466196 0.2566313 0.08673894 0.2566559 0.01465141 0.4414631 0.2359114 0.4411777 0.1842424 0.4610059 0.2100657 0.4609215 0.210415 0.4414336 0.2359002 0.4412392 0.1842687 8.51164e-4 0.08464521 0.2561881 0.01424372 0.2562425 0.0846256 9.39868e-4 0.08654588 0.2568532 0.01440376 9.29676e-4 0.01444977 7.50087e-4 0.01466196 0.2566313 0.08673894 0.2566559 0.01465141 0.4414631 0.2359114 0.4411777 0.1842424 0.4610059 0.2100657 0.4609215 0.210415 0.4414336 0.2359002 0.4412392 0.1842687 8.51164e-4 0.08464521 0.2561881 0.01424372 0.2562425 0.0846256 9.39868e-4 0.08654588 0.2568532 0.01440376 9.29676e-4 0.01444977 7.50087e-4 0.01466196 0.2566313 0.08673894 0.2566559 0.01465141 0.4414631 0.2359114 0.4411777 0.1842424 0.4610059 0.2100657 0.4609215 0.210415 0.4414336 0.2359002 0.4412392 0.1842687 0.8763415 0.5503389 0.9374836 0.3339988 0.9374879 0.5502309 0.9986341 0.5501226 0.9374836 0.3339988 0.9986261 0.3338332 0.9374964 0.9933993 0.9986421 0.7664121 0.9986504 0.993409 0.9374964 0.9933993 0.8763419 0.7665135 0.937492 0.7664628 0.937492 0.7664628 0.9986341 0.5501226 0.9986421 0.7664121 0.937492 0.7664628 0.8763415 0.5503389 0.9374879 0.5502309 0.8763415 0.5503389 0.9374836 0.3339988 0.9374879 0.5502309 0.9986341 0.5501226 0.9374836 0.3339988 0.9986261 0.3338332 0.9374964 0.9933993 0.9986421 0.7664121 0.9986504 0.993409 0.9374964 0.9933993 0.8763419 0.7665135 0.937492 0.7664628 0.937492 0.7664628 0.9986341 0.5501226 0.9986421 0.7664121 0.937492 0.7664628 0.8763415 0.5503389 0.9374879 0.5502309 0.8763415 0.5503389 0.9374836 0.3339988 0.9374879 0.5502309 0.9986341 0.5501226 0.9374836 0.3339988 0.9986261 0.3338332 0.9374964 0.9933993 0.9986421 0.7664121 0.9986504 0.993409 0.9374964 0.9933993 0.8763419 0.7665135 0.937492 0.7664628 0.937492 0.7664628 0.9986341 0.5501226 0.9986421 0.7664121 0.937492 0.7664628 0.8763415 0.5503389 0.9374879 0.5502309 0.2562425 0.0846256 8.46098e-4 0.01429241 0.2561881 0.01424372 9.39868e-4 0.08654588 0.2568532 0.01440376 9.29676e-4 0.01444977 7.50087e-4 0.01466196 0.2566313 0.08673894 0.2566559 0.01465141 0.4414631 0.2359114 0.4411777 0.1842424 0.4610059 0.2100657 0.4609215 0.210415 0.4414336 0.2359002 0.4412392 0.1842687 0.8763415 0.5503389 0.9374836 0.3339988 0.9374879 0.5502309 0.9986341 0.5501226 0.9374836 0.3339988 0.9986261 0.3338332 0.9374964 0.9933993 0.9986421 0.7664121 0.9986504 0.993409 0.9374964 0.9933993 0.8763419 0.7665135 0.937492 0.7664628 0.937492 0.7664628 0.9986341 0.5501226 0.9986421 0.7664121 0.937492 0.7664628 0.8763415 0.5503389 0.9374879 0.5502309 0.2562425 0.0846256 8.46098e-4 0.01429241 0.2561881 0.01424372 9.39868e-4 0.08654588 0.2568532 0.01440376 9.29676e-4 0.01444977 7.50087e-4 0.01466196 0.2566313 0.08673894 0.2566559 0.01465141 0.4414631 0.2359114 0.4411777 0.1842424 0.4610059 0.2100657 0.4609215 0.210415 0.4414336 0.2359002 0.4412392 0.1842687 0.2562425 0.0846256 8.46098e-4 0.01429241 0.2561881 0.01424372 9.39868e-4 0.08654588 0.2568532 0.01440376 9.29676e-4 0.01444977 7.50087e-4 0.01466196 0.2566313 0.08673894 0.2566559 0.01465141 0.4414631 0.2359114 0.4411777 0.1842424 0.4610059 0.2100657 0.4609215 0.210415 0.4414336 0.2359002 0.4412392 0.1842687 0.2562425 0.0846256 8.46098e-4 0.01429241 0.2561881 0.01424372 9.39868e-4 0.08654588 0.2568532 0.01440376 9.29676e-4 0.01444977 7.50087e-4 0.01466196 0.2566313 0.08673894 0.2566559 0.01465141 0.4414631 0.2359114 0.4411777 0.1842424 0.4610059 0.2100657 0.4609215 0.210415 0.4414336 0.2359002 0.4412392 0.1842687 8.51164e-4 0.08464521 0.2561881 0.01424372 0.2562425 0.0846256 9.39868e-4 0.08654588 0.2568532 0.01440376 9.29676e-4 0.01444977 7.50087e-4 0.01466196 0.2566313 0.08673894 0.2566559 0.01465141 0.4414631 0.2359114 0.4411777 0.1842424 0.4610059 0.2100657 0.4609215 0.210415 0.4414336 0.2359002 0.4412392 0.1842687 8.51164e-4 0.08464521 0.2561881 0.01424372 0.2562425 0.0846256 9.39868e-4 0.08654588 0.2568532 0.01440376 9.29676e-4 0.01444977 7.50087e-4 0.01466196 0.2566313 0.08673894 0.2566559 0.01465141 0.4414631 0.2359114 0.4411777 0.1842424 0.4610059 0.2100657 0.4609215 0.210415 0.4414336 0.2359002 0.4412392 0.1842687 0.8763415 0.5503389 0.9374836 0.3339988 0.9374879 0.5502309 0.9986341 0.5501226 0.9374836 0.3339988 0.9986261 0.3338332 0.9374964 0.9933993 0.9986421 0.7664121 0.9986504 0.993409 0.9374964 0.9933993 0.8763419 0.7665135 0.937492 0.7664628 0.937492 0.7664628 0.9986341 0.5501226 0.9986421 0.7664121 0.937492 0.7664628 0.8763415 0.5503389 0.9374879 0.5502309 0.8763415 0.5503389 0.9374836 0.3339988 0.9374879 0.5502309 0.9986341 0.5501226 0.9374836 0.3339988 0.9986261 0.3338332 0.9374964 0.9933993 0.9986421 0.7664121 0.9986504 0.993409 0.9374964 0.9933993 0.8763419 0.7665135 0.937492 0.7664628 0.937492 0.7664628 0.9986341 0.5501226 0.9986421 0.7664121 0.937492 0.7664628 0.8763415 0.5503389 0.9374879 0.5502309 0.8763415 0.5503389 0.9374836 0.3339988 0.9374879 0.5502309 0.9986341 0.5501226 0.9374836 0.3339988 0.9986261 0.3338332 0.9374964 0.9933993 0.9986421 0.7664121 0.9986504 0.993409 0.9374964 0.9933993 0.8763419 0.7665135 0.937492 0.7664628 0.937492 0.7664628 0.9986341 0.5501226 0.9986421 0.7664121 0.937492 0.7664628 0.8763415 0.5503389 0.9374879 0.5502309 0.58543 0.9785862 0.445685 0.9788045 0.4440774 0.8782412 0.6341919 0.978913 0.4447195 0.9792089 0.443112 0.8786455 0.3916885 0.8725935 0.3906075 0.781597 0.3972617 0.78272 0.6363977 0.9795163 0.4459701 0.9799442 0.4436382 0.8791685 0.6317335 0.7779647 0.6500981 0.7779234 0.6524299 0.8786992 0.6500981 0.7779234 0.6684625 0.777882 0.6707943 0.8786579 0.42315 0.7781164 0.4414221 0.7780877 0.4430296 0.8786511 0.4447195 0.9792089 0.4264471 0.9792374 0.4248396 0.878674 0.4264471 0.9792374 0.4081748 0.9792659 0.4065674 0.8787026 0.6534298 0.9784801 0.6351574 0.9785086 0.6335499 0.8779452 0.6309767 0.7777863 0.649249 0.7777578 0.6508566 0.8783211 0.649249 0.7777578 0.6675213 0.7777292 0.6691287 0.8782926 0.4229421 0.7784339 0.4413062 0.7783927 0.4436382 0.8791685 0.6308946 0.7777919 0.6491672 0.7777634 0.6507748 0.8783268 0.4059256 0.7777348 0.4241979 0.7777063 0.4258055 0.8782697 0.4241979 0.7777063 0.4424698 0.7776778 0.4440774 0.8782412 0.6341097 0.9789186 0.4446371 0.9792144 0.4430296 0.8786511 0.1354448 0.1512901 0.1341099 0.1653593 0.1221533 0.160914 0.1379396 0.1442447 0.1354448 0.1512901 0.1247248 0.1338115 0.1379396 0.1442447 0.1317505 0.1139711 0.1413475 0.1067091 0.2392895 0.4623897 0.2442716 0.45862 0.2504608 0.4888936 0.2442716 0.45862 0.2467663 0.4515747 0.2574864 0.4690533 0.2481011 0.4375055 0.2600579 0.4419507 0.2574864 0.4690533 0.1379396 0.45862 0.1429215 0.4623897 0.1413475 0.4961556 0.1379396 0.45862 0.1317505 0.4888936 0.1247248 0.4690533 0.1354448 0.4515747 0.1247248 0.4690533 0.1221533 0.4419507 0.2392895 0.140475 0.2408637 0.1067091 0.2504608 0.1139711 0.2442716 0.1442447 0.2504608 0.1139711 0.2574864 0.1338115 0.2481011 0.1653593 0.2467663 0.1512901 0.2574864 0.1338115 0.2392895 0.140475 0.1429215 0.140475 0.1413475 0.1067091 0.1341099 0.1653593 0.1341099 0.4375052 0.1221533 0.4419507 0.2481011 0.1653593 0.2600579 0.160914 0.2600579 0.368192 0.2392895 0.4623897 0.2408637 0.4961556 0.1413475 0.4961556 0.779709 0.1892445 0.779709 0.02489322 0.8750975 0.1461102 0.779709 0.02489322 0.7808262 0.01639664 0.7829138 0.012142 0.8750975 0.1461102 0.779709 0.02489322 0.7870827 0.009865343 0.7829138 0.012142 0.7870827 0.009865343 0.779709 0.02489322 0.7870827 0.009865343 0.867724 0.009865343 0.8750975 0.1461102 0.867724 0.009865343 0.8718928 0.012142 0.8739805 0.01639664 0.8750975 0.1461102 0.867724 0.009865343 0.8750975 0.02489322 0.8739805 0.01639664 0.8750975 0.02489322 0.867724 0.009865343 0.7808262 0.197741 0.779709 0.1892445 0.7829138 0.2019958 0.7870827 0.2042724 0.7829138 0.2019958 0.779709 0.1892445 0.8718928 0.2019958 0.867724 0.2042724 0.8739805 0.197741 0.867724 0.2042724 0.7870827 0.2042724 0.8750975 0.1461102 0.8750975 0.1779179 0.867724 0.2042724 0.8750975 0.1461102 0.8750975 0.1892445 0.8739805 0.197741 0.867724 0.2042724 0.8750975 0.1779179 0.8750975 0.1892445 0.867724 0.2042724 0.5631994 0.7900935 0.5657181 0.8295342 0.5509896 0.8300697 0.5756076 0.7899283 0.5737323 0.8355483 0.5678908 0.8349652 0.6672435 0.790071 0.6635206 0.8321077 0.4243888 0.8381584 0.5701916 0.7895556 0.5686324 0.8326929 0.5628015 0.8321077 0.5536705 0.7917373 0.5509896 0.8300697 0.5409962 0.8315954 0.5853246 0.7893901 0.5827209 0.8348383 0.5737323 0.8355483 0.4081105 0.8724586 0.4028511 0.7815424 0.4180965 0.7824827 0.6433316 0.8034014 0.6467952 0.8331003 0.4431581 0.8277503 0.5753043 0.7895026 0.5734533 0.8320732 0.5686324 0.8326929 0.5424682 0.7956311 0.5409962 0.8315954 0.525499 0.8332542 0.3992963 0.8732512 0.3972617 0.78272 0.4028511 0.7815424 0.4097032 0.8311567 0.4097032 0.79846 0.6283401 0.8022391 0.5762746 0.790698 0.5777969 0.8304178 0.5657181 0.8295342 0.5798344 0.7900162 0.5776714 0.8313122 0.5734533 0.8320732 0.5691491 0.7904036 0.5678908 0.8349652 0.5620875 0.8327803 0.6455719 0.7903626 0.6464467 0.8315842 0.4589982 0.8313122 0.2023072 0.4384022 0.21594 0.4361314 0.2138369 0.3708773 0.4258055 0.8782697 0.4440774 0.8782412 0.445685 0.9788045 0.6325021 0.8783553 0.4430296 0.8786511 0.4414221 0.7780877 0.6351574 0.9785086 0.6220995 0.978529 0.6204919 0.8779656 0.2481011 0.4375055 0.2481011 0.4187499 0.2600579 0.4225824 0.6335499 0.8779452 0.6204919 0.8779656 0.6188843 0.7774023 0.1931114 0.3706547 0.192994 0.4368797 0.1846811 0.4384394 0.4075331 0.8782981 0.4258055 0.8782697 0.4274129 0.978833 0.6325021 0.8783553 0.6507748 0.8783268 0.6523823 0.9788901 0.4252739 0.8792098 0.4436382 0.8791685 0.4459701 0.9799442 0.6508566 0.8783211 0.6691287 0.8782926 0.6707361 0.978856 0.6325843 0.8783497 0.6508566 0.8783211 0.6524639 0.9788845 0.6518224 0.8779167 0.6335499 0.8779452 0.6319423 0.7773818 0.4248396 0.878674 0.4065674 0.8787026 0.4049599 0.7781393 0.443112 0.8786455 0.4248396 0.878674 0.4232321 0.7781108 0.4247574 0.8786796 0.4430296 0.8786511 0.4446371 0.9792144 0.6524299 0.8786992 0.6707943 0.8786579 0.6731262 0.9794338 0.6340656 0.8787404 0.6524299 0.8786992 0.6547619 0.979475 0.6340656 0.8787404 0.4436382 0.8791685 0.4413062 0.7783927 0.6325843 0.8783497 0.443112 0.8786455 0.4415045 0.7780823 0.5838223 0.8780229 0.4440774 0.8782412 0.4424698 0.7776778 0.2015345 0.3731538 0.1839084 0.373191 0.1831357 0.3079426 0.7213544 0.05242753 0.7236971 0.05239474 0.7237591 0.08444339 0.7214165 0.08447629 0.7237591 0.08444339 0.7238211 0.116492 0.7243944 0.0150386 0.7245407 0.188764 0.6788069 0.1890532 0.7214956 0.1165245 0.7215574 0.1485731 0.7238661 0.1485408 0.7212926 0.02037894 0.7236353 0.02034616 0.7236971 0.05239474 0.6947529 0.8659123 0.691583 0.8579074 0.7049065 0.8501461 0.6481857 0.1839839 0.657561 0.1781101 0.6576313 0.2069765 0.6947529 0.8659123 0.6921049 0.8903252 0.6884091 0.8904872 0.7463052 0.8698782 0.7680827 0.8697833 0.768132 0.9050917 0.7680633 0.8550907 0.7681125 0.8903991 0.7463341 0.8904939 0.7463052 0.8698782 0.7463546 0.9051864 0.7245771 0.9052817 0.7245064 0.8552804 0.7462848 0.8551855 0.7463341 0.8904939 0.7244786 0.834665 0.7462562 0.8345696 0.7463052 0.8698782 0.7680336 0.8344749 0.7680827 0.8697833 0.7463052 0.8698782 0.7463756 0.9201936 0.7464247 0.9555024 0.7246476 0.9555971 0.7463756 0.9201936 0.768153 0.9200989 0.7682023 0.9554073 0.724549 0.8849809 0.7463262 0.8848861 0.7463756 0.9201936 0.7681037 0.884791 0.768153 0.9200989 0.7463756 0.9201936 0.7464327 0.9611099 0.7246648 0.9612053 0.7247141 0.9965136 0.7464327 0.9611099 0.7464817 0.9964188 0.7682496 0.9963236 0.7681512 0.9257075 0.7463834 0.9258019 0.7464327 0.9611099 0.7246157 0.925897 0.7246648 0.9612053 0.7464327 0.9611099 0.7463341 0.8904939 0.7463834 0.9258019 0.724605 0.925897 0.7463341 0.8904939 0.7681125 0.8903991 0.768162 0.9257075 0.694777 0.9149571 0.691583 0.923067 0.6884091 0.8904872 0.694777 0.9149571 0.7049789 0.9213404 0.7049065 0.9308283 0.6576313 0.2069765 0.6576987 0.2358434 0.6482083 0.2298711 0.6576313 0.2069765 0.669539 0.2071281 0.667075 0.229968 0.7150585 0.9150608 0.7182298 0.923067 0.7049065 0.9308283 0.7150585 0.9150608 0.7177069 0.8906492 0.7214039 0.8904872 0.6670526 0.1840835 0.669539 0.2071281 0.6576313 0.2069765 0.7150343 0.8660186 0.7182298 0.8579074 0.7214039 0.8904872 0.7150343 0.8660186 0.704831 0.8596342 0.7049065 0.8501461 0.6947529 0.8659123 0.691583 0.8579074 0.7049065 0.8501461 0.6481857 0.1839839 0.657561 0.1781101 0.6576313 0.2069765 0.6947529 0.8659123 0.6921049 0.8903252 0.6884091 0.8904872 0.7463052 0.8698782 0.7680827 0.8697833 0.768132 0.9050917 0.7680633 0.8550907 0.7681125 0.8903991 0.7463341 0.8904939 0.7463052 0.8698782 0.7463546 0.9051864 0.7245771 0.9052817 0.7245064 0.8552804 0.7462848 0.8551855 0.7463341 0.8904939 0.7244786 0.834665 0.7462562 0.8345696 0.7463052 0.8698782 0.7680336 0.8344749 0.7680827 0.8697833 0.7463052 0.8698782 0.7463756 0.9201936 0.7464247 0.9555024 0.7246476 0.9555971 0.7463756 0.9201936 0.768153 0.9200989 0.7682023 0.9554073 0.724549 0.8849809 0.7463262 0.8848861 0.7463756 0.9201936 0.7681037 0.884791 0.768153 0.9200989 0.7463756 0.9201936 0.7464327 0.9611099 0.7246648 0.9612053 0.7247141 0.9965136 0.7464327 0.9611099 0.7464817 0.9964188 0.7682496 0.9963236 0.7681512 0.9257075 0.7463834 0.9258019 0.7464327 0.9611099 0.7246157 0.925897 0.7246648 0.9612053 0.7464327 0.9611099 0.7463341 0.8904939 0.7463834 0.9258019 0.724605 0.925897 0.7463341 0.8904939 0.7681125 0.8903991 0.768162 0.9257075 0.694777 0.9149571 0.691583 0.923067 0.6884091 0.8904872 0.694777 0.9149571 0.7049789 0.9213404 0.7049065 0.9308283 0.6576313 0.2069765 0.6576987 0.2358434 0.6482083 0.2298711 0.6576313 0.2069765 0.669539 0.2071281 0.667075 0.229968 0.7150585 0.9150608 0.7182298 0.923067 0.7049065 0.9308283 0.7150585 0.9150608 0.7177069 0.8906492 0.7214039 0.8904872 0.6670526 0.1840835 0.669539 0.2071281 0.6576313 0.2069765 0.7150343 0.8660186 0.7182298 0.8579074 0.7214039 0.8904872 0.7150343 0.8660186 0.704831 0.8596342 0.7049065 0.8501461 0.7707814 0.05242753 0.7731241 0.05239474 0.7731861 0.08444339 0.7708435 0.08447629 0.7731861 0.08444339 0.7732481 0.116492 0.7738214 0.0150386 0.7739677 0.188764 0.7282338 0.1890532 0.7709226 0.1165245 0.7709844 0.1485731 0.7732931 0.1485408 0.7707196 0.02037894 0.7730623 0.02034616 0.7731241 0.05239474 0.6947529 0.8659123 0.691583 0.8579074 0.7049065 0.8501461 0.6481857 0.1839839 0.657561 0.1781101 0.6576313 0.2069765 0.6947529 0.8659123 0.6921049 0.8903252 0.6884091 0.8904872 0.7463052 0.8698782 0.7680827 0.8697833 0.768132 0.9050917 0.7680633 0.8550907 0.7681125 0.8903991 0.7463341 0.8904939 0.7463052 0.8698782 0.7463546 0.9051864 0.7245771 0.9052817 0.7245064 0.8552804 0.7462848 0.8551855 0.7463341 0.8904939 0.7244786 0.834665 0.7462562 0.8345696 0.7463052 0.8698782 0.7680336 0.8344749 0.7680827 0.8697833 0.7463052 0.8698782 0.7463756 0.9201936 0.7464247 0.9555024 0.7246476 0.9555971 0.7463756 0.9201936 0.768153 0.9200989 0.7682023 0.9554073 0.724549 0.8849809 0.7463262 0.8848861 0.7463756 0.9201936 0.7681037 0.884791 0.768153 0.9200989 0.7463756 0.9201936 0.7464327 0.9611099 0.7246648 0.9612053 0.7247141 0.9965136 0.7464327 0.9611099 0.7464817 0.9964188 0.7682496 0.9963236 0.7681512 0.9257075 0.7463834 0.9258019 0.7464327 0.9611099 0.7246157 0.925897 0.7246648 0.9612053 0.7464327 0.9611099 0.7463341 0.8904939 0.7463834 0.9258019 0.724605 0.925897 0.7463341 0.8904939 0.7681125 0.8903991 0.768162 0.9257075 0.694777 0.9149571 0.691583 0.923067 0.6884091 0.8904872 0.694777 0.9149571 0.7049789 0.9213404 0.7049065 0.9308283 0.6576313 0.2069765 0.6576987 0.2358434 0.6482083 0.2298711 0.6576313 0.2069765 0.669539 0.2071281 0.667075 0.229968 0.7150585 0.9150608 0.7182298 0.923067 0.7049065 0.9308283 0.7150585 0.9150608 0.7177069 0.8906492 0.7214039 0.8904872 0.6670526 0.1840835 0.669539 0.2071281 0.6576313 0.2069765 0.7150343 0.8660186 0.7182298 0.8579074 0.7214039 0.8904872 0.7150343 0.8660186 0.704831 0.8596342 0.7049065 0.8501461 0.58543 0.9785862 0.445685 0.9788045 0.4440774 0.8782412 0.6341919 0.978913 0.4447195 0.9792089 0.443112 0.8786455 0.3916885 0.8725935 0.3906075 0.781597 0.3972617 0.78272 0.6363977 0.9795163 0.4459701 0.9799442 0.4436382 0.8791685 0.6317335 0.7779647 0.6500981 0.7779234 0.6524299 0.8786992 0.6500981 0.7779234 0.6684625 0.777882 0.6707943 0.8786579 0.42315 0.7781164 0.4414221 0.7780877 0.4430296 0.8786511 0.4447195 0.9792089 0.4264471 0.9792374 0.4248396 0.878674 0.4264471 0.9792374 0.4081748 0.9792659 0.4065674 0.8787026 0.6534298 0.9784801 0.6351574 0.9785086 0.6335499 0.8779452 0.6309767 0.7777863 0.649249 0.7777578 0.6508566 0.8783211 0.649249 0.7777578 0.6675213 0.7777292 0.6691287 0.8782926 0.4229421 0.7784339 0.4413062 0.7783927 0.4436382 0.8791685 0.6308946 0.7777919 0.6491672 0.7777634 0.6507748 0.8783268 0.4059256 0.7777348 0.4241979 0.7777063 0.4258055 0.8782697 0.4241979 0.7777063 0.4424698 0.7776778 0.4440774 0.8782412 0.6341097 0.9789186 0.4446371 0.9792144 0.4430296 0.8786511 0.1354448 0.1512901 0.1341099 0.1653593 0.1221533 0.160914 0.1379396 0.1442447 0.1354448 0.1512901 0.1247248 0.1338115 0.1379396 0.1442447 0.1317505 0.1139711 0.1413475 0.1067091 0.2392895 0.4623897 0.2442716 0.45862 0.2504608 0.4888936 0.2442716 0.45862 0.2467663 0.4515747 0.2574864 0.4690533 0.2481011 0.4375055 0.2600579 0.4419507 0.2574864 0.4690533 0.1379396 0.45862 0.1429215 0.4623897 0.1413475 0.4961556 0.1379396 0.45862 0.1317505 0.4888936 0.1247248 0.4690533 0.1354448 0.4515747 0.1247248 0.4690533 0.1221533 0.4419507 0.2392895 0.140475 0.2408637 0.1067091 0.2504608 0.1139711 0.2442716 0.1442447 0.2504608 0.1139711 0.2574864 0.1338115 0.2481011 0.1653593 0.2467663 0.1512901 0.2574864 0.1338115 0.2392895 0.140475 0.1429215 0.140475 0.1413475 0.1067091 0.1341099 0.1653593 0.1341099 0.4375052 0.1221533 0.4419507 0.2481011 0.1653593 0.2600579 0.160914 0.2600579 0.368192 0.2392895 0.4623897 0.2408637 0.4961556 0.1413475 0.4961556 0.779709 0.1892445 0.779709 0.02489322 0.8750975 0.1461102 0.779709 0.02489322 0.7808262 0.01639664 0.7829138 0.012142 0.8750975 0.1461102 0.779709 0.02489322 0.7870827 0.009865343 0.7829138 0.012142 0.7870827 0.009865343 0.779709 0.02489322 0.7870827 0.009865343 0.867724 0.009865343 0.8750975 0.1461102 0.867724 0.009865343 0.8718928 0.012142 0.8739805 0.01639664 0.8750975 0.1461102 0.867724 0.009865343 0.8750975 0.02489322 0.8739805 0.01639664 0.8750975 0.02489322 0.867724 0.009865343 0.7808262 0.197741 0.779709 0.1892445 0.7829138 0.2019958 0.7870827 0.2042724 0.7829138 0.2019958 0.779709 0.1892445 0.8718928 0.2019958 0.867724 0.2042724 0.8739805 0.197741 0.867724 0.2042724 0.7870827 0.2042724 0.8750975 0.1461102 0.8750975 0.1779179 0.867724 0.2042724 0.8750975 0.1461102 0.8750975 0.1892445 0.8739805 0.197741 0.867724 0.2042724 0.8750975 0.1779179 0.8750975 0.1892445 0.867724 0.2042724 0.5631994 0.7900935 0.5657181 0.8295342 0.5509896 0.8300697 0.5756076 0.7899283 0.5737323 0.8355483 0.5678908 0.8349652 0.6672435 0.790071 0.6635206 0.8321077 0.4243888 0.8381584 0.5701916 0.7895556 0.5686324 0.8326929 0.5628015 0.8321077 0.5536705 0.7917373 0.5509896 0.8300697 0.5409962 0.8315954 0.5853246 0.7893901 0.5827209 0.8348383 0.5737323 0.8355483 0.4081105 0.8724586 0.4028511 0.7815424 0.4180965 0.7824827 0.6433316 0.8034014 0.6467952 0.8331003 0.4431581 0.8277503 0.5753043 0.7895026 0.5734533 0.8320732 0.5686324 0.8326929 0.5424682 0.7956311 0.5409962 0.8315954 0.525499 0.8332542 0.3992963 0.8732512 0.3972617 0.78272 0.4028511 0.7815424 0.4097032 0.8311567 0.4097032 0.79846 0.6283401 0.8022391 0.5762746 0.790698 0.5777969 0.8304178 0.5657181 0.8295342 0.5798344 0.7900162 0.5776714 0.8313122 0.5734533 0.8320732 0.5691491 0.7904036 0.5678908 0.8349652 0.5620875 0.8327803 0.6455719 0.7903626 0.6464467 0.8315842 0.4589982 0.8313122 0.2023072 0.4384022 0.21594 0.4361314 0.2138369 0.3708773 0.4258055 0.8782697 0.4440774 0.8782412 0.445685 0.9788045 0.6325021 0.8783553 0.4430296 0.8786511 0.4414221 0.7780877 0.6351574 0.9785086 0.6220995 0.978529 0.6204919 0.8779656 0.2481011 0.4375055 0.2481011 0.4187499 0.2600579 0.4225824 0.6335499 0.8779452 0.6204919 0.8779656 0.6188843 0.7774023 0.1931114 0.3706547 0.192994 0.4368797 0.1846811 0.4384394 0.4075331 0.8782981 0.4258055 0.8782697 0.4274129 0.978833 0.6325021 0.8783553 0.6507748 0.8783268 0.6523823 0.9788901 0.4252739 0.8792098 0.4436382 0.8791685 0.4459701 0.9799442 0.6508566 0.8783211 0.6691287 0.8782926 0.6707361 0.978856 0.6325843 0.8783497 0.6508566 0.8783211 0.6524639 0.9788845 0.6518224 0.8779167 0.6335499 0.8779452 0.6319423 0.7773818 0.4248396 0.878674 0.4065674 0.8787026 0.4049599 0.7781393 0.443112 0.8786455 0.4248396 0.878674 0.4232321 0.7781108 0.4247574 0.8786796 0.4430296 0.8786511 0.4446371 0.9792144 0.6524299 0.8786992 0.6707943 0.8786579 0.6731262 0.9794338 0.6340656 0.8787404 0.6524299 0.8786992 0.6547619 0.979475 0.6340656 0.8787404 0.4436382 0.8791685 0.4413062 0.7783927 0.6325843 0.8783497 0.443112 0.8786455 0.4415045 0.7780823 0.5838223 0.8780229 0.4440774 0.8782412 0.4424698 0.7776778 0.2015345 0.3731538 0.1839084 0.373191 0.1831357 0.3079426 0.7356447 0.6740669 0.7261722 0.6762762 0.7261722 0.6284413 0.7261722 0.6762762 0.7166998 0.6740669 0.7206413 0.6271514 0.7317042 0.6271522 0.7261722 0.6284413 0.7261721 0.5899284 0.7261722 0.6284413 0.7206413 0.6271514 0.723814 0.589379 0.728531 0.5893787 0.7261721 0.5899284 0.7194556 0.5851044 0.7261721 0.5899284 0.723814 0.589379 0.7194556 0.5851044 0.723814 0.589379 0.7215461 0.5877498 0.7194556 0.5851044 0.7194556 0.5851044 0.7176234 0.5815442 0.7161206 0.5772063 0.7161206 0.5772063 0.715003 0.5722568 0.7143149 0.5668863 0.7143149 0.5668863 0.714083 0.5613014 0.71612 0.5453967 0.714083 0.5613014 0.7143151 0.5557162 0.71612 0.5453967 0.7143151 0.5557162 0.7150031 0.5503466 0.71612 0.5453967 0.71612 0.5453967 0.7176237 0.5410587 0.719456 0.5374988 0.719456 0.5374988 0.7215461 0.5348533 0.7238132 0.5332236 0.7238132 0.5332236 0.7261722 0.5326742 0.7328893 0.5374988 0.7261722 0.5326742 0.7285315 0.5332245 0.7328893 0.5374988 0.7285315 0.5332245 0.7307988 0.5348532 0.7328893 0.5374988 0.7328893 0.5374988 0.7347209 0.5410584 0.7362247 0.5453973 0.7362247 0.5453973 0.7373419 0.5503458 0.7328889 0.5851038 0.7373419 0.5503458 0.7380297 0.555716 0.7328889 0.5851038 0.7380297 0.555716 0.7382619 0.5613012 0.7380293 0.5668859 0.7380293 0.5668859 0.7373421 0.5722566 0.7380297 0.555716 0.7373421 0.5722566 0.7362244 0.5772052 0.7380297 0.555716 0.7362244 0.5772052 0.7347209 0.5815435 0.7328889 0.5851038 0.7328889 0.5851038 0.7307994 0.5877499 0.728531 0.5893787 0.7194556 0.5851044 0.7161206 0.5772063 0.728531 0.5893787 0.7161206 0.5772063 0.7143149 0.5668863 0.71612 0.5453967 0.728531 0.5893787 0.7161206 0.5772063 0.7328889 0.5851038 0.71612 0.5453967 0.719456 0.5374988 0.7238132 0.5332236 0.7328893 0.5374988 0.7362247 0.5453973 0.7328889 0.5851038 0.7362244 0.5772052 0.7328889 0.5851038 0.7380297 0.555716 0.7238132 0.5332236 0.7161206 0.5772063 0.71612 0.5453967 0.7238132 0.5332236 0.7328893 0.5374988 0.7328889 0.5851038 0.7206413 0.6271514 0.7153218 0.623331 0.7215461 0.5877498 0.7215461 0.5877498 0.7153218 0.623331 0.7104194 0.6171263 0.7153218 0.623331 0.7075912 0.6675244 0.6991966 0.6568995 0.7206413 0.6271514 0.7166998 0.6740669 0.7075912 0.6675244 0.7104194 0.6171263 0.6991966 0.6568995 0.6918389 0.642601 0.7061232 0.6087768 0.6918389 0.642601 0.6858003 0.6251781 0.7176234 0.5815442 0.7061232 0.6087768 0.7025972 0.5986025 0.7104194 0.6171263 0.7061232 0.6087768 0.7176234 0.5815442 0.7025972 0.5986025 0.6999768 0.5869948 0.715003 0.5722568 0.715003 0.5722568 0.6999768 0.5869948 0.6983635 0.5744001 0.6813135 0.6053006 0.6785506 0.5837321 0.6983635 0.5744001 0.6858003 0.6251781 0.6813135 0.6053006 0.6999768 0.5869948 0.6785506 0.5837321 0.6776179 0.5613017 0.6978185 0.5613014 0.6776179 0.5613017 0.6785506 0.5388712 0.6983633 0.5482032 0.714083 0.5613014 0.6978185 0.5613014 0.6983633 0.5482032 0.7143149 0.5668863 0.6983635 0.5744001 0.6978185 0.5613014 0.6983633 0.5482032 0.6999772 0.5356084 0.7150031 0.5503466 0.7150031 0.5503466 0.6999772 0.5356084 0.7025972 0.5240004 0.6999772 0.5356084 0.6813135 0.5173028 0.6858003 0.497425 0.6785506 0.5388712 0.6813135 0.5173028 0.6999772 0.5356084 0.6858003 0.497425 0.6918389 0.4800021 0.7061234 0.5138266 0.6918389 0.4800021 0.6991966 0.4657036 0.7104198 0.5054764 0.7176237 0.5410587 0.7061234 0.5138266 0.7104198 0.5054764 0.7025972 0.5240004 0.7061234 0.5138266 0.7176237 0.5410587 0.719456 0.5374988 0.7104198 0.5054764 0.715322 0.4992726 0.715322 0.4992726 0.7206409 0.4954518 0.7238132 0.5332236 0.7075912 0.4550788 0.7166998 0.4485362 0.7206409 0.4954518 0.7104198 0.5054764 0.6991966 0.4657036 0.7075912 0.4550788 0.7166998 0.4485362 0.7261722 0.4463269 0.7261727 0.4941615 0.7261722 0.4463269 0.7356447 0.4485362 0.731704 0.4954518 0.7261727 0.4941615 0.731704 0.4954518 0.7285315 0.5332245 0.7206409 0.4954518 0.7261727 0.4941615 0.7261722 0.5326742 0.731704 0.4954518 0.7370224 0.499272 0.7307988 0.5348532 0.7307988 0.5348532 0.7370224 0.499272 0.7419248 0.5054762 0.7447537 0.4550787 0.7531482 0.4657036 0.7419248 0.5054762 0.731704 0.4954518 0.7356447 0.4485362 0.7447537 0.4550787 0.7531482 0.4657036 0.760506 0.4800021 0.7462217 0.5138263 0.7462217 0.5138263 0.760506 0.4800021 0.7665446 0.497425 0.7347209 0.5410584 0.7462217 0.5138263 0.7497479 0.5240007 0.7419248 0.5054762 0.7462217 0.5138263 0.7347209 0.5410584 0.7497479 0.5240007 0.7523677 0.5356079 0.7373419 0.5503458 0.7373419 0.5503458 0.7523677 0.5356079 0.7539813 0.548203 0.7710313 0.5173028 0.7737945 0.538871 0.7539813 0.548203 0.7665446 0.497425 0.7710313 0.5173028 0.7523677 0.5356079 0.7539813 0.548203 0.7737945 0.538871 0.7747272 0.5613015 0.7747272 0.5613015 0.7737945 0.5837321 0.7539813 0.5743994 0.7545266 0.5613012 0.7539813 0.5743994 0.7380293 0.5668859 0.7539813 0.548203 0.7545266 0.5613012 0.7382619 0.5613012 0.7380293 0.5668859 0.7539813 0.5743994 0.7523679 0.5869948 0.7373421 0.5722566 0.7523679 0.5869948 0.7497479 0.5986024 0.7710313 0.6053004 0.7665446 0.625178 0.7497479 0.5986024 0.7539813 0.5743994 0.7737945 0.5837321 0.7710313 0.6053004 0.7497479 0.5986024 0.7665446 0.625178 0.760506 0.642601 0.7462217 0.6087768 0.760506 0.642601 0.7531482 0.6568995 0.7347209 0.5815435 0.7462217 0.6087768 0.7419257 0.6171263 0.7497479 0.5986024 0.7462217 0.6087768 0.7347209 0.5815435 0.7328889 0.5851038 0.7419257 0.6171263 0.7370235 0.6233311 0.7370235 0.6233311 0.7317042 0.6271522 0.728531 0.5893787 0.7447537 0.6675242 0.7356447 0.6740669 0.7317042 0.6271522 0.7531482 0.6568995 0.7447537 0.6675242 0.7370235 0.6233311 0.728531 0.5893787 0.7261721 0.5899284 0.723814 0.589379 0.723814 0.589379 0.7215461 0.5877498 0.7194556 0.5851044 0.7194556 0.5851044 0.7176234 0.5815442 0.7143149 0.5668863 0.7176234 0.5815442 0.7161206 0.5772063 0.7143149 0.5668863 0.7161206 0.5772063 0.715003 0.5722568 0.7143149 0.5668863 0.7143149 0.5668863 0.714083 0.5613014 0.7143151 0.5557162 0.7143151 0.5557162 0.7150031 0.5503466 0.71612 0.5453967 0.71612 0.5453967 0.7176237 0.5410587 0.7143151 0.5557162 0.7176237 0.5410587 0.719456 0.5374988 0.7143151 0.5557162 0.719456 0.5374988 0.7215461 0.5348533 0.7143149 0.5668863 0.7215461 0.5348533 0.7238132 0.5332236 0.7307988 0.5348532 0.7143149 0.5668863 0.7215461 0.5348533 0.7380297 0.555716 0.7238132 0.5332236 0.7261722 0.5326742 0.7285315 0.5332245 0.7285315 0.5332245 0.7307988 0.5348532 0.7238132 0.5332236 0.7307988 0.5348532 0.7328893 0.5374988 0.7380297 0.555716 0.7328893 0.5374988 0.7347209 0.5410584 0.7362247 0.5453973 0.7362247 0.5453973 0.7373419 0.5503458 0.7380297 0.555716 0.7380297 0.555716 0.7382619 0.5613012 0.7380293 0.5668859 0.7380293 0.5668859 0.7373421 0.5722566 0.7362244 0.5772052 0.7362244 0.5772052 0.7347209 0.5815435 0.7328889 0.5851038 0.7328889 0.5851038 0.7307994 0.5877499 0.728531 0.5893787 0.728531 0.5893787 0.723814 0.589379 0.7143149 0.5668863 0.723814 0.589379 0.7194556 0.5851044 0.7143149 0.5668863 0.7143149 0.5668863 0.7143151 0.5557162 0.719456 0.5374988 0.7328893 0.5374988 0.7362247 0.5453973 0.7380297 0.555716 0.7380297 0.555716 0.7380293 0.5668859 0.7362244 0.5772052 0.7362244 0.5772052 0.7328889 0.5851038 0.728531 0.5893787 0.7380297 0.555716 0.7215461 0.5348533 0.7307988 0.5348532 0.7380297 0.555716 0.7362244 0.5772052 0.7143149 0.5668863 0.7356447 0.6740669 0.7261722 0.6762762 0.7261722 0.6284413 0.7370235 0.6233311 0.7447537 0.6675242 0.7356447 0.6740669 0.7419257 0.6171263 0.7531482 0.6568995 0.7447537 0.6675242 0.7462217 0.6087768 0.760506 0.642601 0.7531482 0.6568995 0.7665446 0.625178 0.760506 0.642601 0.7462217 0.6087768 0.7523679 0.5869948 0.7710313 0.6053004 0.7665446 0.625178 0.7539813 0.5743994 0.7737945 0.5837321 0.7710313 0.6053004 0.7747272 0.5613015 0.7737945 0.5837321 0.7539813 0.5743994 0.7539813 0.548203 0.7737945 0.538871 0.7747272 0.5613015 0.7710313 0.5173028 0.7737945 0.538871 0.7539813 0.548203 0.7497479 0.5240007 0.7665446 0.497425 0.7710313 0.5173028 0.7462217 0.5138263 0.760506 0.4800021 0.7665446 0.497425 0.7531482 0.4657036 0.760506 0.4800021 0.7462217 0.5138263 0.7447537 0.4550787 0.7531482 0.4657036 0.7419248 0.5054762 0.7356447 0.4485362 0.7447537 0.4550787 0.7370224 0.499272 0.7261727 0.4941615 0.7261722 0.4463269 0.7356447 0.4485362 0.7166998 0.4485362 0.7261722 0.4463269 0.7261727 0.4941615 0.715322 0.4992726 0.7075912 0.4550788 0.7166998 0.4485362 0.7104198 0.5054764 0.6991966 0.4657036 0.7075912 0.4550788 0.7061234 0.5138266 0.6918389 0.4800021 0.6991966 0.4657036 0.6858003 0.497425 0.6918389 0.4800021 0.7061234 0.5138266 0.6813135 0.5173028 0.6858003 0.497425 0.7025972 0.5240004 0.6983633 0.5482032 0.6785506 0.5388712 0.6813135 0.5173028 0.6776179 0.5613017 0.6785506 0.5388712 0.6983633 0.5482032 0.6983635 0.5744001 0.6785506 0.5837321 0.6776179 0.5613017 0.6813135 0.6053006 0.6785506 0.5837321 0.6983635 0.5744001 0.6858003 0.6251781 0.6813135 0.6053006 0.6999768 0.5869948 0.7061232 0.6087768 0.6918389 0.642601 0.6858003 0.6251781 0.6991966 0.6568995 0.6918389 0.642601 0.7061232 0.6087768 0.7075912 0.6675244 0.6991966 0.6568995 0.7104194 0.6171263 0.7166998 0.6740669 0.7075912 0.6675244 0.7153218 0.623331 0.7261722 0.6284413 0.7261722 0.6762762 0.7166998 0.6740669 0.7317042 0.6271522 0.7261722 0.6284413 0.7261721 0.5899284 0.7307994 0.5877499 0.7370235 0.6233311 0.7317042 0.6271522 0.7419257 0.6171263 0.7370235 0.6233311 0.7307994 0.5877499 0.7347209 0.5815435 0.7462217 0.6087768 0.7419257 0.6171263 0.7497479 0.5986024 0.7462217 0.6087768 0.7347209 0.5815435 0.7373421 0.5722566 0.7523679 0.5869948 0.7497479 0.5986024 0.7539813 0.5743994 0.7523679 0.5869948 0.7373421 0.5722566 0.7382619 0.5613012 0.7545266 0.5613012 0.7539813 0.5743994 0.7539813 0.548203 0.7545266 0.5613012 0.7382619 0.5613012 0.7373419 0.5503458 0.7523677 0.5356079 0.7539813 0.548203 0.7497479 0.5240007 0.7523677 0.5356079 0.7373419 0.5503458 0.7347209 0.5410584 0.7462217 0.5138263 0.7497479 0.5240007 0.7419248 0.5054762 0.7462217 0.5138263 0.7347209 0.5410584 0.7370224 0.499272 0.7419248 0.5054762 0.7328893 0.5374988 0.7285315 0.5332245 0.731704 0.4954518 0.7370224 0.499272 0.7261727 0.4941615 0.731704 0.4954518 0.7285315 0.5332245 0.7238132 0.5332236 0.7206409 0.4954518 0.7261727 0.4941615 0.715322 0.4992726 0.7206409 0.4954518 0.7238132 0.5332236 0.719456 0.5374988 0.7104198 0.5054764 0.715322 0.4992726 0.7176237 0.5410587 0.7061234 0.5138266 0.7104198 0.5054764 0.7025972 0.5240004 0.7061234 0.5138266 0.7176237 0.5410587 0.7150031 0.5503466 0.6999772 0.5356084 0.7025972 0.5240004 0.6983633 0.5482032 0.6999772 0.5356084 0.7150031 0.5503466 0.714083 0.5613014 0.6978185 0.5613014 0.6983633 0.5482032 0.6983635 0.5744001 0.6978185 0.5613014 0.714083 0.5613014 0.715003 0.5722568 0.6999768 0.5869948 0.6983635 0.5744001 0.7025972 0.5986025 0.6999768 0.5869948 0.715003 0.5722568 0.7176234 0.5815442 0.7061232 0.6087768 0.7025972 0.5986025 0.7104194 0.6171263 0.7061232 0.6087768 0.7176234 0.5815442 0.7153218 0.623331 0.7104194 0.6171263 0.7194556 0.5851044 0.7206413 0.6271514 0.7153218 0.623331 0.7215461 0.5877498 0.7261721 0.5899284 0.7261722 0.6284413 0.7206413 0.6271514 0.7356447 0.6740669 0.7261722 0.6762762 0.7261722 0.6284413 0.7261722 0.6284413 0.7261722 0.6762762 0.7166998 0.6740669 0.728531 0.5893787 0.7317042 0.6271522 0.7261722 0.6284413 0.7261721 0.5899284 0.7261722 0.6284413 0.7206413 0.6271514 0.728531 0.5893787 0.7261721 0.5899284 0.723814 0.589379 0.723814 0.589379 0.7215461 0.5877498 0.728531 0.5893787 0.7215461 0.5877498 0.7194556 0.5851044 0.7143149 0.5668863 0.728531 0.5893787 0.7215461 0.5877498 0.7362244 0.5772052 0.7194556 0.5851044 0.7176234 0.5815442 0.7143149 0.5668863 0.7176234 0.5815442 0.7161206 0.5772063 0.7143149 0.5668863 0.7161206 0.5772063 0.715003 0.5722568 0.7143149 0.5668863 0.7143149 0.5668863 0.714083 0.5613014 0.7143151 0.5557162 0.7143151 0.5557162 0.7150031 0.5503466 0.71612 0.5453967 0.71612 0.5453967 0.7176237 0.5410587 0.7143151 0.5557162 0.7176237 0.5410587 0.719456 0.5374988 0.7215461 0.5348533 0.7143151 0.5557162 0.7176237 0.5410587 0.7215461 0.5348533 0.7215461 0.5348533 0.7238132 0.5332236 0.7143151 0.5557162 0.7238132 0.5332236 0.7261722 0.5326742 0.7285315 0.5332245 0.7285315 0.5332245 0.7307988 0.5348532 0.7238132 0.5332236 0.7307988 0.5348532 0.7328893 0.5374988 0.7362247 0.5453973 0.7238132 0.5332236 0.7307988 0.5348532 0.7380297 0.555716 0.7328893 0.5374988 0.7347209 0.5410584 0.7362247 0.5453973 0.7362247 0.5453973 0.7373419 0.5503458 0.7380297 0.555716 0.7380297 0.555716 0.7382619 0.5613012 0.7380293 0.5668859 0.7380293 0.5668859 0.7373421 0.5722566 0.7362244 0.5772052 0.7362244 0.5772052 0.7347209 0.5815435 0.7328889 0.5851038 0.7328889 0.5851038 0.7307994 0.5877499 0.728531 0.5893787 0.7143149 0.5668863 0.7143151 0.5557162 0.7238132 0.5332236 0.7380297 0.555716 0.7307988 0.5348532 0.7362247 0.5453973 0.7380297 0.555716 0.7380293 0.5668859 0.7362244 0.5772052 0.7362244 0.5772052 0.7328889 0.5851038 0.728531 0.5893787 0.7215461 0.5877498 0.7143149 0.5668863 0.7362244 0.5772052 0.7380297 0.555716 0.7362244 0.5772052 0.7143149 0.5668863 0.723814 0.589379 0.7206413 0.6271514 0.7153218 0.623331 0.7153218 0.623331 0.7104194 0.6171263 0.7194556 0.5851044 0.7075912 0.6675244 0.6991966 0.6568995 0.7104194 0.6171263 0.7166998 0.6740669 0.7075912 0.6675244 0.7153218 0.623331 0.6991966 0.6568995 0.6918389 0.642601 0.7061232 0.6087768 0.6918389 0.642601 0.6858003 0.6251781 0.7025972 0.5986025 0.7061232 0.6087768 0.7025972 0.5986025 0.7161206 0.5772063 0.7104194 0.6171263 0.7061232 0.6087768 0.7176234 0.5815442 0.7025972 0.5986025 0.6999768 0.5869948 0.715003 0.5722568 0.715003 0.5722568 0.6999768 0.5869948 0.6983635 0.5744001 0.6813135 0.6053006 0.6785506 0.5837321 0.6983635 0.5744001 0.6858003 0.6251781 0.6813135 0.6053006 0.6999768 0.5869948 0.6983635 0.5744001 0.6785506 0.5837321 0.6776179 0.5613017 0.6776179 0.5613017 0.6785506 0.5388712 0.6983633 0.5482032 0.714083 0.5613014 0.6978185 0.5613014 0.6983633 0.5482032 0.6983635 0.5744001 0.6978185 0.5613014 0.714083 0.5613014 0.6983633 0.5482032 0.6999772 0.5356084 0.7150031 0.5503466 0.7150031 0.5503466 0.6999772 0.5356084 0.7025972 0.5240004 0.6813135 0.5173028 0.6858003 0.497425 0.7025972 0.5240004 0.6983633 0.5482032 0.6785506 0.5388712 0.6813135 0.5173028 0.6858003 0.497425 0.6918389 0.4800021 0.7061234 0.5138266 0.7061234 0.5138266 0.6918389 0.4800021 0.6991966 0.4657036 0.7176237 0.5410587 0.7061234 0.5138266 0.7104198 0.5054764 0.7025972 0.5240004 0.7061234 0.5138266 0.7176237 0.5410587 0.719456 0.5374988 0.7104198 0.5054764 0.715322 0.4992726 0.715322 0.4992726 0.7206409 0.4954518 0.7238132 0.5332236 0.7075912 0.4550788 0.7166998 0.4485362 0.7206409 0.4954518 0.7104198 0.5054764 0.6991966 0.4657036 0.7075912 0.4550788 0.7166998 0.4485362 0.7261722 0.4463269 0.7261727 0.4941615 0.7261727 0.4941615 0.7261722 0.4463269 0.7356447 0.4485362 0.7261727 0.4941615 0.731704 0.4954518 0.7285315 0.5332245 0.7238132 0.5332236 0.7206409 0.4954518 0.7261727 0.4941615 0.7285315 0.5332245 0.731704 0.4954518 0.7370224 0.499272 0.7370224 0.499272 0.7419248 0.5054762 0.7328893 0.5374988 0.7447537 0.4550787 0.7531482 0.4657036 0.7419248 0.5054762 0.731704 0.4954518 0.7356447 0.4485362 0.7447537 0.4550787 0.7531482 0.4657036 0.760506 0.4800021 0.7462217 0.5138263 0.7462217 0.5138263 0.760506 0.4800021 0.7665446 0.497425 0.7347209 0.5410584 0.7462217 0.5138263 0.7497479 0.5240007 0.7419248 0.5054762 0.7462217 0.5138263 0.7347209 0.5410584 0.7497479 0.5240007 0.7523677 0.5356079 0.7373419 0.5503458 0.7373419 0.5503458 0.7523677 0.5356079 0.7539813 0.548203 0.7710313 0.5173028 0.7737945 0.538871 0.7539813 0.548203 0.7497479 0.5240007 0.7665446 0.497425 0.7710313 0.5173028 0.7539813 0.548203 0.7737945 0.538871 0.7747272 0.5613015 0.7747272 0.5613015 0.7737945 0.5837321 0.7539813 0.5743994 0.7382619 0.5613012 0.7545266 0.5613012 0.7539813 0.5743994 0.7539813 0.548203 0.7545266 0.5613012 0.7382619 0.5613012 0.7380293 0.5668859 0.7539813 0.5743994 0.7523679 0.5869948 0.7373421 0.5722566 0.7523679 0.5869948 0.7497479 0.5986024 0.7710313 0.6053004 0.7665446 0.625178 0.7497479 0.5986024 0.7539813 0.5743994 0.7737945 0.5837321 0.7710313 0.6053004 0.7665446 0.625178 0.760506 0.642601 0.7462217 0.6087768 0.7462217 0.6087768 0.760506 0.642601 0.7531482 0.6568995 0.7347209 0.5815435 0.7462217 0.6087768 0.7419257 0.6171263 0.7497479 0.5986024 0.7462217 0.6087768 0.7347209 0.5815435 0.7419257 0.6171263 0.7370235 0.6233311 0.7307994 0.5877499 0.7370235 0.6233311 0.7317042 0.6271522 0.728531 0.5893787 0.7370235 0.6233311 0.7447537 0.6675242 0.7356447 0.6740669 0.7419257 0.6171263 0.7531482 0.6568995 0.7447537 0.6675242 0.7356447 0.6740669 0.7261722 0.6762762 0.7261722 0.6284413 0.7261722 0.6284413 0.7261722 0.6762762 0.7166998 0.6740669 0.7317042 0.6271522 0.7261722 0.6284413 0.7261721 0.5899284 0.7261721 0.5899284 0.7261722 0.6284413 0.7206413 0.6271514 0.728531 0.5893787 0.7261721 0.5899284 0.723814 0.589379 0.723814 0.589379 0.7215461 0.5877498 0.728531 0.5893787 0.7215461 0.5877498 0.7194556 0.5851044 0.7176234 0.5815442 0.728531 0.5893787 0.7215461 0.5877498 0.7362244 0.5772052 0.7176234 0.5815442 0.7161206 0.5772063 0.7143149 0.5668863 0.7161206 0.5772063 0.715003 0.5722568 0.7143149 0.5668863 0.7143149 0.5668863 0.714083 0.5613014 0.7143151 0.5557162 0.7143151 0.5557162 0.7150031 0.5503466 0.71612 0.5453967 0.71612 0.5453967 0.7176237 0.5410587 0.7143149 0.5668863 0.7176237 0.5410587 0.719456 0.5374988 0.7238132 0.5332236 0.719456 0.5374988 0.7215461 0.5348533 0.7238132 0.5332236 0.7238132 0.5332236 0.7261722 0.5326742 0.7328893 0.5374988 0.7261722 0.5326742 0.7285315 0.5332245 0.7328893 0.5374988 0.7285315 0.5332245 0.7307988 0.5348532 0.7328893 0.5374988 0.7328893 0.5374988 0.7347209 0.5410584 0.7362247 0.5453973 0.7362247 0.5453973 0.7373419 0.5503458 0.7380297 0.555716 0.7380297 0.555716 0.7382619 0.5613012 0.7380293 0.5668859 0.7380293 0.5668859 0.7373421 0.5722566 0.7362244 0.5772052 0.7362244 0.5772052 0.7347209 0.5815435 0.7328889 0.5851038 0.7328889 0.5851038 0.7307994 0.5877499 0.7362244 0.5772052 0.7307994 0.5877499 0.728531 0.5893787 0.7362244 0.5772052 0.7143149 0.5668863 0.7215461 0.5877498 0.7176234 0.5815442 0.7143149 0.5668863 0.7143151 0.5557162 0.71612 0.5453967 0.7176237 0.5410587 0.7238132 0.5332236 0.7380297 0.555716 0.7143149 0.5668863 0.7176237 0.5410587 0.7215461 0.5877498 0.7328893 0.5374988 0.7362247 0.5453973 0.7238132 0.5332236 0.7362247 0.5453973 0.7380297 0.555716 0.7238132 0.5332236 0.7380297 0.555716 0.7380293 0.5668859 0.7362244 0.5772052 0.7215461 0.5877498 0.7176237 0.5410587 0.7380297 0.555716 0.723814 0.589379 0.7206413 0.6271514 0.7153218 0.623331 0.7153218 0.623331 0.7104194 0.6171263 0.7194556 0.5851044 0.7075912 0.6675244 0.6991966 0.6568995 0.7104194 0.6171263 0.7166998 0.6740669 0.7075912 0.6675244 0.7153218 0.623331 0.6991966 0.6568995 0.6918389 0.642601 0.7061232 0.6087768 0.7061232 0.6087768 0.6918389 0.642601 0.6858003 0.6251781 0.7176234 0.5815442 0.7061232 0.6087768 0.7025972 0.5986025 0.7104194 0.6171263 0.7061232 0.6087768 0.7176234 0.5815442 0.7025972 0.5986025 0.6999768 0.5869948 0.715003 0.5722568 0.715003 0.5722568 0.6999768 0.5869948 0.6983635 0.5744001 0.6999768 0.5869948 0.6813135 0.6053006 0.6785506 0.5837321 0.6858003 0.6251781 0.6813135 0.6053006 0.6999768 0.5869948 0.6983635 0.5744001 0.6785506 0.5837321 0.6776179 0.5613017 0.6776179 0.5613017 0.6785506 0.5388712 0.6983633 0.5482032 0.6978185 0.5613014 0.6983633 0.5482032 0.7143151 0.5557162 0.7143149 0.5668863 0.6983635 0.5744001 0.6978185 0.5613014 0.6983633 0.5482032 0.6999772 0.5356084 0.7150031 0.5503466 0.7150031 0.5503466 0.6999772 0.5356084 0.7025972 0.5240004 0.6813135 0.5173028 0.6858003 0.497425 0.7025972 0.5240004 0.6983633 0.5482032 0.6785506 0.5388712 0.6813135 0.5173028 0.7025972 0.5240004 0.6858003 0.497425 0.6918389 0.4800021 0.7061234 0.5138266 0.6918389 0.4800021 0.6991966 0.4657036 0.7176237 0.5410587 0.7061234 0.5138266 0.7104198 0.5054764 0.7025972 0.5240004 0.7061234 0.5138266 0.7176237 0.5410587 0.719456 0.5374988 0.7104198 0.5054764 0.715322 0.4992726 0.715322 0.4992726 0.7206409 0.4954518 0.7238132 0.5332236 0.715322 0.4992726 0.7075912 0.4550788 0.7166998 0.4485362 0.7104198 0.5054764 0.6991966 0.4657036 0.7075912 0.4550788 0.7206409 0.4954518 0.7166998 0.4485362 0.7261722 0.4463269 0.7261727 0.4941615 0.7261722 0.4463269 0.7356447 0.4485362 0.7261727 0.4941615 0.731704 0.4954518 0.7285315 0.5332245 0.7238132 0.5332236 0.7206409 0.4954518 0.7261727 0.4941615 0.7285315 0.5332245 0.731704 0.4954518 0.7370224 0.499272 0.7307988 0.5348532 0.7370224 0.499272 0.7419248 0.5054762 0.7447537 0.4550787 0.7531482 0.4657036 0.7419248 0.5054762 0.7356447 0.4485362 0.7447537 0.4550787 0.7370224 0.499272 0.7531482 0.4657036 0.760506 0.4800021 0.7462217 0.5138263 0.760506 0.4800021 0.7665446 0.497425 0.7497479 0.5240007 0.7347209 0.5410584 0.7462217 0.5138263 0.7497479 0.5240007 0.7328893 0.5374988 0.7419248 0.5054762 0.7462217 0.5138263 0.7497479 0.5240007 0.7523677 0.5356079 0.7373419 0.5503458 0.7373419 0.5503458 0.7523677 0.5356079 0.7539813 0.548203 0.7710313 0.5173028 0.7737945 0.538871 0.7539813 0.548203 0.7497479 0.5240007 0.7665446 0.497425 0.7710313 0.5173028 0.7737945 0.538871 0.7747272 0.5613015 0.7545266 0.5613012 0.7545266 0.5613012 0.7747272 0.5613015 0.7737945 0.5837321 0.7382619 0.5613012 0.7545266 0.5613012 0.7539813 0.5743994 0.7539813 0.548203 0.7545266 0.5613012 0.7382619 0.5613012 0.7539813 0.5743994 0.7523679 0.5869948 0.7373421 0.5722566 0.7373421 0.5722566 0.7523679 0.5869948 0.7497479 0.5986024 0.7710313 0.6053004 0.7665446 0.625178 0.7497479 0.5986024 0.7539813 0.5743994 0.7737945 0.5837321 0.7710313 0.6053004 0.7665446 0.625178 0.760506 0.642601 0.7462217 0.6087768 0.7462217 0.6087768 0.760506 0.642601 0.7531482 0.6568995 0.7462217 0.6087768 0.7419257 0.6171263 0.7328889 0.5851038 0.7497479 0.5986024 0.7462217 0.6087768 0.7347209 0.5815435 0.7328889 0.5851038 0.7419257 0.6171263 0.7370235 0.6233311 0.7370235 0.6233311 0.7317042 0.6271522 0.728531 0.5893787 0.7370235 0.6233311 0.7447537 0.6675242 0.7356447 0.6740669 0.7419257 0.6171263 0.7531482 0.6568995 0.7447537 0.6675242 0.7356447 0.6740669 0.7261722 0.6762762 0.7261722 0.6284413 0.7261722 0.6762762 0.7166998 0.6740669 0.7206413 0.6271514 0.7317042 0.6271522 0.7261722 0.6284413 0.7261721 0.5899284 0.7261721 0.5899284 0.7261722 0.6284413 0.7206413 0.6271514 0.728531 0.5893787 0.7261721 0.5899284 0.723814 0.589379 0.723814 0.589379 0.7215461 0.5877498 0.7194556 0.5851044 0.7194556 0.5851044 0.7176234 0.5815442 0.7161206 0.5772063 0.7161206 0.5772063 0.715003 0.5722568 0.7143149 0.5668863 0.7143149 0.5668863 0.714083 0.5613014 0.7143151 0.5557162 0.7143151 0.5557162 0.7150031 0.5503466 0.71612 0.5453967 0.71612 0.5453967 0.7176237 0.5410587 0.719456 0.5374988 0.719456 0.5374988 0.7215461 0.5348533 0.71612 0.5453967 0.7215461 0.5348533 0.7238132 0.5332236 0.7261722 0.5326742 0.71612 0.5453967 0.7215461 0.5348533 0.7261722 0.5326742 0.7261722 0.5326742 0.7285315 0.5332245 0.7307988 0.5348532 0.7382619 0.5613012 0.7307988 0.5348532 0.7328893 0.5374988 0.7261722 0.5326742 0.7307988 0.5348532 0.7382619 0.5613012 0.7328893 0.5374988 0.7347209 0.5410584 0.7373419 0.5503458 0.7347209 0.5410584 0.7362247 0.5453973 0.7373419 0.5503458 0.7373419 0.5503458 0.7380297 0.555716 0.7382619 0.5613012 0.7328893 0.5374988 0.7373419 0.5503458 0.7382619 0.5613012 0.7382619 0.5613012 0.7380293 0.5668859 0.7373421 0.5722566 0.7307994 0.5877499 0.7373421 0.5722566 0.7347209 0.5815435 0.7373421 0.5722566 0.7362244 0.5772052 0.7347209 0.5815435 0.7382619 0.5613012 0.7373421 0.5722566 0.7307994 0.5877499 0.7347209 0.5815435 0.7328889 0.5851038 0.7307994 0.5877499 0.7307994 0.5877499 0.728531 0.5893787 0.7143149 0.5668863 0.728531 0.5893787 0.723814 0.589379 0.7161206 0.5772063 0.723814 0.589379 0.7194556 0.5851044 0.7161206 0.5772063 0.7161206 0.5772063 0.7143149 0.5668863 0.728531 0.5893787 0.7143149 0.5668863 0.7143151 0.5557162 0.71612 0.5453967 0.7382619 0.5613012 0.7307994 0.5877499 0.7143149 0.5668863 0.7143149 0.5668863 0.71612 0.5453967 0.7382619 0.5613012 0.7206413 0.6271514 0.7153218 0.623331 0.7215461 0.5877498 0.7153218 0.623331 0.7104194 0.6171263 0.7194556 0.5851044 0.7075912 0.6675244 0.6991966 0.6568995 0.7104194 0.6171263 0.7166998 0.6740669 0.7075912 0.6675244 0.7153218 0.623331 0.6991966 0.6568995 0.6918389 0.642601 0.7061232 0.6087768 0.6918389 0.642601 0.6858003 0.6251781 0.7025972 0.5986025 0.7061232 0.6087768 0.7025972 0.5986025 0.7161206 0.5772063 0.7194556 0.5851044 0.7104194 0.6171263 0.7061232 0.6087768 0.7025972 0.5986025 0.6999768 0.5869948 0.715003 0.5722568 0.715003 0.5722568 0.6999768 0.5869948 0.6983635 0.5744001 0.6999768 0.5869948 0.6813135 0.6053006 0.6785506 0.5837321 0.6858003 0.6251781 0.6813135 0.6053006 0.6999768 0.5869948 0.6785506 0.5837321 0.6776179 0.5613017 0.6978185 0.5613014 0.6978185 0.5613014 0.6776179 0.5613017 0.6785506 0.5388712 0.714083 0.5613014 0.6978185 0.5613014 0.6983633 0.5482032 0.6983635 0.5744001 0.6978185 0.5613014 0.714083 0.5613014 0.6983633 0.5482032 0.6999772 0.5356084 0.7150031 0.5503466 0.7150031 0.5503466 0.6999772 0.5356084 0.7025972 0.5240004 0.6813135 0.5173028 0.6858003 0.497425 0.7025972 0.5240004 0.6983633 0.5482032 0.6785506 0.5388712 0.6813135 0.5173028 0.7025972 0.5240004 0.6858003 0.497425 0.6918389 0.4800021 0.6918389 0.4800021 0.6991966 0.4657036 0.7104198 0.5054764 0.7061234 0.5138266 0.7104198 0.5054764 0.719456 0.5374988 0.71612 0.5453967 0.7025972 0.5240004 0.7061234 0.5138266 0.719456 0.5374988 0.7104198 0.5054764 0.715322 0.4992726 0.715322 0.4992726 0.7206409 0.4954518 0.7238132 0.5332236 0.715322 0.4992726 0.7075912 0.4550788 0.7166998 0.4485362 0.6991966 0.4657036 0.7075912 0.4550788 0.715322 0.4992726 0.7206409 0.4954518 0.7166998 0.4485362 0.7261722 0.4463269 0.7261722 0.4463269 0.7356447 0.4485362 0.731704 0.4954518 0.7261727 0.4941615 0.731704 0.4954518 0.7285315 0.5332245 0.7238132 0.5332236 0.7206409 0.4954518 0.7261727 0.4941615 0.7285315 0.5332245 0.731704 0.4954518 0.7370224 0.499272 0.7370224 0.499272 0.7419248 0.5054762 0.7328893 0.5374988 0.7370224 0.499272 0.7447537 0.4550787 0.7531482 0.4657036 0.7356447 0.4485362 0.7447537 0.4550787 0.7370224 0.499272 0.7419248 0.5054762 0.7531482 0.4657036 0.760506 0.4800021 0.760506 0.4800021 0.7665446 0.497425 0.7497479 0.5240007 0.7462217 0.5138263 0.7497479 0.5240007 0.7362247 0.5453973 0.7328893 0.5374988 0.7419248 0.5054762 0.7462217 0.5138263 0.7362247 0.5453973 0.7497479 0.5240007 0.7523677 0.5356079 0.7523677 0.5356079 0.7539813 0.548203 0.7380297 0.555716 0.7710313 0.5173028 0.7737945 0.538871 0.7539813 0.548203 0.7497479 0.5240007 0.7665446 0.497425 0.7710313 0.5173028 0.7539813 0.548203 0.7737945 0.538871 0.7747272 0.5613015 0.7747272 0.5613015 0.7737945 0.5837321 0.7539813 0.5743994 0.7545266 0.5613012 0.7539813 0.5743994 0.7380293 0.5668859 0.7380297 0.555716 0.7539813 0.548203 0.7545266 0.5613012 0.7380293 0.5668859 0.7539813 0.5743994 0.7523679 0.5869948 0.7523679 0.5869948 0.7497479 0.5986024 0.7362244 0.5772052 0.7710313 0.6053004 0.7665446 0.625178 0.7497479 0.5986024 0.7539813 0.5743994 0.7737945 0.5837321 0.7710313 0.6053004 0.7497479 0.5986024 0.7665446 0.625178 0.760506 0.642601 0.7462217 0.6087768 0.760506 0.642601 0.7531482 0.6568995 0.7462217 0.6087768 0.7419257 0.6171263 0.7328889 0.5851038 0.7497479 0.5986024 0.7462217 0.6087768 0.7347209 0.5815435 0.7328889 0.5851038 0.7419257 0.6171263 0.7370235 0.6233311 0.7370235 0.6233311 0.7317042 0.6271522 0.728531 0.5893787 0.7370235 0.6233311 0.7447537 0.6675242 0.7356447 0.6740669 0.7531482 0.6568995 0.7447537 0.6675242 0.7370235 0.6233311 0.7356447 0.6740669 0.7261722 0.6762762 0.7261722 0.6284413 0.7261722 0.6284413 0.7261722 0.6762762 0.7166998 0.6740669 0.7317042 0.6271522 0.7261722 0.6284413 0.7261721 0.5899284 0.7261721 0.5899284 0.7261722 0.6284413 0.7206413 0.6271514 0.728531 0.5893787 0.7261721 0.5899284 0.723814 0.589379 0.723814 0.589379 0.7215461 0.5877498 0.7161206 0.5772063 0.7215461 0.5877498 0.7194556 0.5851044 0.7161206 0.5772063 0.7194556 0.5851044 0.7176234 0.5815442 0.7161206 0.5772063 0.7161206 0.5772063 0.715003 0.5722568 0.7261722 0.5326742 0.715003 0.5722568 0.7143149 0.5668863 0.7261722 0.5326742 0.7143149 0.5668863 0.714083 0.5613014 0.7143151 0.5557162 0.7143151 0.5557162 0.7150031 0.5503466 0.71612 0.5453967 0.71612 0.5453967 0.7176237 0.5410587 0.719456 0.5374988 0.719456 0.5374988 0.7215461 0.5348533 0.7238132 0.5332236 0.7238132 0.5332236 0.7261722 0.5326742 0.719456 0.5374988 0.7261722 0.5326742 0.7285315 0.5332245 0.7328893 0.5374988 0.7285315 0.5332245 0.7307988 0.5348532 0.7328893 0.5374988 0.7328893 0.5374988 0.7347209 0.5410584 0.7362247 0.5453973 0.7362247 0.5453973 0.7373419 0.5503458 0.7328893 0.5374988 0.7373419 0.5503458 0.7380297 0.555716 0.7328893 0.5374988 0.7380297 0.555716 0.7382619 0.5613012 0.7380293 0.5668859 0.7380293 0.5668859 0.7373421 0.5722566 0.7380297 0.555716 0.7373421 0.5722566 0.7362244 0.5772052 0.7380297 0.555716 0.7362244 0.5772052 0.7347209 0.5815435 0.7328889 0.5851038 0.7328889 0.5851038 0.7307994 0.5877499 0.7362244 0.5772052 0.7307994 0.5877499 0.728531 0.5893787 0.7362244 0.5772052 0.728531 0.5893787 0.723814 0.589379 0.7161206 0.5772063 0.728531 0.5893787 0.7161206 0.5772063 0.7261722 0.5326742 0.7143149 0.5668863 0.7143151 0.5557162 0.71612 0.5453967 0.71612 0.5453967 0.719456 0.5374988 0.7261722 0.5326742 0.7261722 0.5326742 0.7328893 0.5374988 0.7380297 0.555716 0.7143149 0.5668863 0.71612 0.5453967 0.7261722 0.5326742 0.7261722 0.5326742 0.7380297 0.555716 0.7362244 0.5772052 0.7206413 0.6271514 0.7153218 0.623331 0.7215461 0.5877498 0.7153218 0.623331 0.7104194 0.6171263 0.7194556 0.5851044 0.7153218 0.623331 0.7075912 0.6675244 0.6991966 0.6568995 0.7166998 0.6740669 0.7075912 0.6675244 0.7153218 0.623331 0.7104194 0.6171263 0.6991966 0.6568995 0.6918389 0.642601 0.7061232 0.6087768 0.6918389 0.642601 0.6858003 0.6251781 0.7176234 0.5815442 0.7061232 0.6087768 0.7025972 0.5986025 0.7194556 0.5851044 0.7104194 0.6171263 0.7061232 0.6087768 0.7025972 0.5986025 0.6999768 0.5869948 0.715003 0.5722568 0.715003 0.5722568 0.6999768 0.5869948 0.6983635 0.5744001 0.6813135 0.6053006 0.6785506 0.5837321 0.6983635 0.5744001 0.6858003 0.6251781 0.6813135 0.6053006 0.6999768 0.5869948 0.6785506 0.5837321 0.6776179 0.5613017 0.6978185 0.5613014 0.6776179 0.5613017 0.6785506 0.5388712 0.6983633 0.5482032 0.714083 0.5613014 0.6978185 0.5613014 0.6983633 0.5482032 0.7143149 0.5668863 0.6983635 0.5744001 0.6978185 0.5613014 0.6983633 0.5482032 0.6999772 0.5356084 0.7150031 0.5503466 0.7150031 0.5503466 0.6999772 0.5356084 0.7025972 0.5240004 0.6999772 0.5356084 0.6813135 0.5173028 0.6858003 0.497425 0.6785506 0.5388712 0.6813135 0.5173028 0.6999772 0.5356084 0.7025972 0.5240004 0.6858003 0.497425 0.6918389 0.4800021 0.6918389 0.4800021 0.6991966 0.4657036 0.7104198 0.5054764 0.7061234 0.5138266 0.7104198 0.5054764 0.719456 0.5374988 0.7025972 0.5240004 0.7061234 0.5138266 0.7176237 0.5410587 0.7104198 0.5054764 0.715322 0.4992726 0.7215461 0.5348533 0.715322 0.4992726 0.7206409 0.4954518 0.7238132 0.5332236 0.7075912 0.4550788 0.7166998 0.4485362 0.7206409 0.4954518 0.7104198 0.5054764 0.6991966 0.4657036 0.7075912 0.4550788 0.7206409 0.4954518 0.7166998 0.4485362 0.7261722 0.4463269 0.7261727 0.4941615 0.7261722 0.4463269 0.7356447 0.4485362 0.7261727 0.4941615 0.731704 0.4954518 0.7285315 0.5332245 0.7238132 0.5332236 0.7206409 0.4954518 0.7261727 0.4941615 0.7285315 0.5332245 0.731704 0.4954518 0.7370224 0.499272 0.7307988 0.5348532 0.7370224 0.499272 0.7419248 0.5054762 0.7370224 0.499272 0.7447537 0.4550787 0.7531482 0.4657036 0.7356447 0.4485362 0.7447537 0.4550787 0.7370224 0.499272 0.7531482 0.4657036 0.760506 0.4800021 0.7462217 0.5138263 0.7462217 0.5138263 0.760506 0.4800021 0.7665446 0.497425 0.7347209 0.5410584 0.7462217 0.5138263 0.7497479 0.5240007 0.7419248 0.5054762 0.7462217 0.5138263 0.7347209 0.5410584 0.7362247 0.5453973 0.7497479 0.5240007 0.7523677 0.5356079 0.7523677 0.5356079 0.7539813 0.548203 0.7380297 0.555716 0.7523677 0.5356079 0.7710313 0.5173028 0.7737945 0.538871 0.7497479 0.5240007 0.7665446 0.497425 0.7710313 0.5173028 0.7539813 0.548203 0.7737945 0.538871 0.7747272 0.5613015 0.7545266 0.5613012 0.7747272 0.5613015 0.7737945 0.5837321 0.7545266 0.5613012 0.7539813 0.5743994 0.7380293 0.5668859 0.7539813 0.548203 0.7545266 0.5613012 0.7382619 0.5613012 0.7539813 0.5743994 0.7523679 0.5869948 0.7373421 0.5722566 0.7523679 0.5869948 0.7497479 0.5986024 0.7362244 0.5772052 0.7523679 0.5869948 0.7710313 0.6053004 0.7665446 0.625178 0.7539813 0.5743994 0.7737945 0.5837321 0.7710313 0.6053004 0.7497479 0.5986024 0.7665446 0.625178 0.760506 0.642601 0.7462217 0.6087768 0.760506 0.642601 0.7531482 0.6568995 0.7347209 0.5815435 0.7462217 0.6087768 0.7419257 0.6171263 0.7497479 0.5986024 0.7462217 0.6087768 0.7347209 0.5815435 0.7328889 0.5851038 0.7419257 0.6171263 0.7370235 0.6233311 0.7370235 0.6233311 0.7317042 0.6271522 0.728531 0.5893787 0.7370235 0.6233311 0.7447537 0.6675242 0.7356447 0.6740669 0.7531482 0.6568995 0.7447537 0.6675242 0.7370235 0.6233311 0.7691792 0.9866689 0.7249555 0.9865945 0.7249212 0.9721063 0.743735 0.9869316 0.7437348 0.8700223 0.7389057 0.8700224 0.7249889 0.8700493 0.7692127 0.8700718 0.76923 0.9868397 0.7691726 0.9868409 0.7249488 0.9868182 0.7249315 0.8700503 0.7250005 0.9720805 0.7692242 0.9721549 0.7692584 0.986643 0.2562425 0.0846256 8.51164e-4 0.08464521 8.46098e-4 0.01429241 9.39868e-4 0.08654588 0.2568563 0.08654755 0.2568532 0.01440376 7.50087e-4 0.01466196 7.51536e-4 0.08678334 0.2566313 0.08673894 0.8763415 0.5503389 0.8763409 0.3341644 0.9374836 0.3339988 0.9986341 0.5501226 0.9374879 0.5502309 0.9374836 0.3339988 0.9374964 0.9933993 0.937492 0.7664628 0.9986421 0.7664121 0.9374964 0.9933993 0.8763425 0.9933897 0.8763419 0.7665135 0.937492 0.7664628 0.9374879 0.5502309 0.9986341 0.5501226 0.937492 0.7664628 0.8763419 0.7665135 0.8763415 0.5503389 0.2562425 0.0846256 8.51164e-4 0.08464521 8.46098e-4 0.01429241 9.39868e-4 0.08654588 0.2568563 0.08654755 0.2568532 0.01440376 7.50087e-4 0.01466196 7.51536e-4 0.08678334 0.2566313 0.08673894 0.2562425 0.0846256 8.51164e-4 0.08464521 8.46098e-4 0.01429241 9.39868e-4 0.08654588 0.2568563 0.08654755 0.2568532 0.01440376 7.50087e-4 0.01466196 7.51536e-4 0.08678334 0.2566313 0.08673894 0.2562425 0.0846256 8.51164e-4 0.08464521 8.46098e-4 0.01429241 9.39868e-4 0.08654588 0.2568563 0.08654755 0.2568532 0.01440376 7.50087e-4 0.01466196 7.51536e-4 0.08678334 0.2566313 0.08673894 8.51164e-4 0.08464521 8.46098e-4 0.01429241 0.2561881 0.01424372 9.39868e-4 0.08654588 0.2568563 0.08654755 0.2568532 0.01440376 7.50087e-4 0.01466196 7.51536e-4 0.08678334 0.2566313 0.08673894 8.51164e-4 0.08464521 8.46098e-4 0.01429241 0.2561881 0.01424372 9.39868e-4 0.08654588 0.2568563 0.08654755 0.2568532 0.01440376 7.50087e-4 0.01466196 7.51536e-4 0.08678334 0.2566313 0.08673894 0.8763415 0.5503389 0.8763409 0.3341644 0.9374836 0.3339988 0.9986341 0.5501226 0.9374879 0.5502309 0.9374836 0.3339988 0.9374964 0.9933993 0.937492 0.7664628 0.9986421 0.7664121 0.9374964 0.9933993 0.8763425 0.9933897 0.8763419 0.7665135 0.937492 0.7664628 0.9374879 0.5502309 0.9986341 0.5501226 0.937492 0.7664628 0.8763419 0.7665135 0.8763415 0.5503389 0.8763415 0.5503389 0.8763409 0.3341644 0.9374836 0.3339988 0.9986341 0.5501226 0.9374879 0.5502309 0.9374836 0.3339988 0.9374964 0.9933993 0.937492 0.7664628 0.9986421 0.7664121 0.9374964 0.9933993 0.8763425 0.9933897 0.8763419 0.7665135 0.937492 0.7664628 0.9374879 0.5502309 0.9986341 0.5501226 0.937492 0.7664628 0.8763419 0.7665135 0.8763415 0.5503389 0.8763415 0.5503389 0.8763409 0.3341644 0.9374836 0.3339988 0.9986341 0.5501226 0.9374879 0.5502309 0.9374836 0.3339988 0.9374964 0.9933993 0.937492 0.7664628 0.9986421 0.7664121 0.9374964 0.9933993 0.8763425 0.9933897 0.8763419 0.7665135 0.937492 0.7664628 0.9374879 0.5502309 0.9986341 0.5501226 0.937492 0.7664628 0.8763419 0.7665135 0.8763415 0.5503389 0.2562425 0.0846256 8.51164e-4 0.08464521 8.46098e-4 0.01429241 9.39868e-4 0.08654588 0.2568563 0.08654755 0.2568532 0.01440376 7.50087e-4 0.01466196 7.51536e-4 0.08678334 0.2566313 0.08673894 0.8763415 0.5503389 0.8763409 0.3341644 0.9374836 0.3339988 0.9986341 0.5501226 0.9374879 0.5502309 0.9374836 0.3339988 0.9374964 0.9933993 0.937492 0.7664628 0.9986421 0.7664121 0.9374964 0.9933993 0.8763425 0.9933897 0.8763419 0.7665135 0.937492 0.7664628 0.9374879 0.5502309 0.9986341 0.5501226 0.937492 0.7664628 0.8763419 0.7665135 0.8763415 0.5503389 0.2562425 0.0846256 8.51164e-4 0.08464521 8.46098e-4 0.01429241 9.39868e-4 0.08654588 0.2568563 0.08654755 0.2568532 0.01440376 7.50087e-4 0.01466196 7.51536e-4 0.08678334 0.2566313 0.08673894 0.2562425 0.0846256 8.51164e-4 0.08464521 8.46098e-4 0.01429241 9.39868e-4 0.08654588 0.2568563 0.08654755 0.2568532 0.01440376 7.50087e-4 0.01466196 7.51536e-4 0.08678334 0.2566313 0.08673894 0.2562425 0.0846256 8.51164e-4 0.08464521 8.46098e-4 0.01429241 9.39868e-4 0.08654588 0.2568563 0.08654755 0.2568532 0.01440376 7.50087e-4 0.01466196 7.51536e-4 0.08678334 0.2566313 0.08673894 8.51164e-4 0.08464521 8.46098e-4 0.01429241 0.2561881 0.01424372 9.39868e-4 0.08654588 0.2568563 0.08654755 0.2568532 0.01440376 7.50087e-4 0.01466196 7.51536e-4 0.08678334 0.2566313 0.08673894 8.51164e-4 0.08464521 8.46098e-4 0.01429241 0.2561881 0.01424372 9.39868e-4 0.08654588 0.2568563 0.08654755 0.2568532 0.01440376 7.50087e-4 0.01466196 7.51536e-4 0.08678334 0.2566313 0.08673894 0.8763415 0.5503389 0.8763409 0.3341644 0.9374836 0.3339988 0.9986341 0.5501226 0.9374879 0.5502309 0.9374836 0.3339988 0.9374964 0.9933993 0.937492 0.7664628 0.9986421 0.7664121 0.9374964 0.9933993 0.8763425 0.9933897 0.8763419 0.7665135 0.937492 0.7664628 0.9374879 0.5502309 0.9986341 0.5501226 0.937492 0.7664628 0.8763419 0.7665135 0.8763415 0.5503389 0.8763415 0.5503389 0.8763409 0.3341644 0.9374836 0.3339988 0.9986341 0.5501226 0.9374879 0.5502309 0.9374836 0.3339988 0.9374964 0.9933993 0.937492 0.7664628 0.9986421 0.7664121 0.9374964 0.9933993 0.8763425 0.9933897 0.8763419 0.7665135 0.937492 0.7664628 0.9374879 0.5502309 0.9986341 0.5501226 0.937492 0.7664628 0.8763419 0.7665135 0.8763415 0.5503389 0.8763415 0.5503389 0.8763409 0.3341644 0.9374836 0.3339988 0.9986341 0.5501226 0.9374879 0.5502309 0.9374836 0.3339988 0.9374964 0.9933993 0.937492 0.7664628 0.9986421 0.7664121 0.9374964 0.9933993 0.8763425 0.9933897 0.8763419 0.7665135 0.937492 0.7664628 0.9374879 0.5502309 0.9986341 0.5501226 0.937492 0.7664628 0.8763419 0.7665135 0.8763415 0.5503389</float_array>
          <technique_common>
            <accessor source="#Cube_030-mesh-map-0-array" count="4962" stride="2">
              <param name="S" type="float"/>
              <param name="T" type="float"/>
            </accessor>
          </technique_common>
        </source>
        <vertices id="Cube_030-mesh-vertices">
          <input semantic="POSITION" source="#Cube_030-mesh-positions"/>
        </vertices>
        <triangles material="A_A_A-Textura_garamante-material" count="1654">
          <input semantic="VERTEX" source="#Cube_030-mesh-vertices" offset="0"/>
          <input semantic="NORMAL" source="#Cube_030-mesh-normals" offset="1"/>
          <input semantic="TEXCOORD" source="#Cube_030-mesh-map-0" offset="2" set="0"/>
          <p>64 0 0 87 1 1 88 0 2 33 2 3 76 3 4 80 4 5 5 5 6 58 6 7 7 7 8 17 8 9 83 9 10 72 10 11 18 11 12 73 12 13 72 10 14 19 13 15 74 14 16 73 12 17 21 15 18 75 16 19 74 17 20 26 18 21 77 19 22 76 3 23 27 20 24 78 21 25 77 19 26 29 22 27 79 23 28 78 21 29 34 24 30 81 25 31 80 4 32 35 26 33 82 27 34 81 28 35 37 29 36 83 9 37 82 27 38 42 30 39 85 31 40 84 32 41 43 33 42 86 34 43 85 31 44 45 35 45 87 1 46 86 34 47 41 36 48 75 16 49 84 32 50 2 37 51 17 38 52 16 39 53 3 40 54 16 39 55 20 41 56 3 40 57 22 42 58 1 43 59 13 44 60 27 45 61 26 46 62 15 47 63 29 48 64 27 45 65 12 49 66 29 48 67 14 43 68 6 50 69 33 51 70 32 52 71 6 50 72 36 53 73 7 43 74 7 43 75 38 54 76 5 55 77 8 56 78 40 57 79 10 58 80 10 58 81 44 59 82 11 60 83 9 61 84 44 59 85 46 43 86 8 56 87 22 42 88 41 62 89 0 63 90 38 54 91 17 38 92 9 61 93 64 64 94 66 65 95 13 44 96 33 51 97 4 43 98 59 66 99 67 67 100 57 68 101 15 69 102 54 70 103 14 71 104 3 72 105 48 73 106 2 74 107 8 75 108 51 76 109 1 77 110 10 78 111 61 79 112 8 75 113 14 71 114 55 80 115 12 81 116 1 77 117 50 82 118 3 83 119 6 84 120 57 85 121 4 86 122 0 87 123 59 88 124 5 5 125 11 89 126 60 90 127 10 78 128 12 81 129 70 91 130 69 91 131 7 7 132 56 92 133 6 93 134 4 86 135 52 94 136 13 95 137 13 95 138 53 96 139 15 69 140 9 97 141 62 98 142 11 89 143 2 74 144 49 99 145 0 87 146 66 91 147 63 100 148 9 97 149 68 101 150 70 102 151 89 103 152 86 34 153 46 104 154 44 105 155 84 32 156 23 106 157 42 30 158 31 107 159 89 0 160 79 23 161 12 49 162 68 108 163 31 43 164 79 23 165 71 0 166 30 109 167 67 110 168 64 111 169 88 112 170 85 31 171 44 105 172 40 113 173 84 32 174 40 113 175 41 36 176 82 27 177 38 114 178 36 115 179 81 28 180 36 115 181 32 116 182 80 4 183 32 117 184 33 2 185 78 21 186 30 109 187 28 118 188 77 19 189 28 118 190 24 119 191 76 3 192 24 119 193 25 120 194 74 17 195 22 121 196 20 122 197 73 12 198 20 123 199 16 124 200 72 10 201 16 124 202 17 8 203 72 10 204 39 125 205 18 11 206 80 4 207 25 120 208 34 24 209 88 0 210 47 126 211 65 0 212 89 0 213 65 0 214 71 0 215 97 127 216 90 128 217 91 129 218 91 130 219 93 131 220 94 132 221 90 133 222 95 134 223 93 135 224 93 136 225 96 137 226 94 138 227 96 139 228 92 140 229 97 141 230 98 142 231 102 143 232 99 144 233 98 142 234 126 145 235 100 146 236 98 142 237 103 147 238 101 148 239 107 149 240 101 150 241 104 151 242 101 152 243 106 153 244 104 154 245 107 149 246 105 155 247 108 156 248 105 157 249 106 153 250 130 158 251 110 159 252 107 160 253 108 161 254 111 162 255 107 160 256 109 163 257 112 164 258 110 165 259 113 166 260 112 164 261 111 167 262 109 168 263 117 169 264 112 164 265 113 166 266 116 170 267 112 164 268 115 171 269 118 172 270 116 173 271 115 174 272 118 172 273 117 175 274 119 176 275 122 177 276 118 178 277 119 179 278 123 180 279 118 178 280 121 181 281 106 153 282 122 182 283 130 158 284 106 153 285 123 183 286 121 184 287 124 185 288 103 147 289 100 146 290 124 185 291 120 186 292 123 187 293 126 145 294 124 185 295 100 146 296 126 145 297 127 188 298 125 189 299 127 188 300 120 186 301 125 189 302 127 188 303 114 190 304 116 191 305 129 192 306 126 145 307 99 144 308 129 192 309 114 190 310 128 193 311 129 192 312 102 143 313 111 194 314 131 195 315 135 196 316 132 197 317 131 195 318 159 198 319 133 199 320 131 195 321 136 200 322 134 201 323 140 202 324 134 203 325 137 204 326 134 205 327 139 206 328 137 207 329 140 202 330 138 208 331 141 209 332 138 210 333 139 206 334 163 211 335 143 212 336 140 213 337 141 214 338 144 215 339 140 213 340 142 216 341 145 217 342 143 218 343 146 219 344 145 217 345 144 220 346 142 221 347 150 222 348 145 217 349 146 219 350 149 223 351 145 217 352 148 224 353 151 225 354 149 226 355 148 227 356 151 225 357 150 228 358 152 229 359 155 230 360 151 231 361 152 232 362 156 233 363 151 231 364 154 234 365 139 206 366 155 235 367 163 211 368 139 206 369 156 236 370 154 237 371 157 238 372 136 200 373 133 199 374 157 238 375 153 239 376 156 240 377 159 198 378 157 238 379 133 199 380 159 198 381 160 241 382 158 242 383 160 241 384 153 239 385 158 242 386 160 241 387 147 243 388 149 244 389 162 245 390 159 198 391 132 197 392 162 245 393 147 243 394 161 246 395 162 245 396 135 196 397 144 247 398 171 248 399 164 249 400 165 250 401 165 251 402 167 252 403 168 253 404 164 254 405 169 255 406 167 256 407 167 257 408 170 258 409 168 259 410 170 260 411 166 261 412 171 262 413 172 263 414 176 264 415 173 265 416 172 263 417 200 266 418 174 267 419 172 263 420 177 268 421 175 269 422 181 270 423 175 271 424 178 272 425 175 273 426 180 274 427 178 275 428 181 270 429 179 276 430 182 277 431 179 278 432 180 274 433 204 279 434 184 280 435 181 281 436 182 282 437 185 283 438 181 281 439 183 284 440 186 285 441 184 286 442 187 287 443 186 285 444 185 288 445 183 289 446 191 290 447 186 285 448 187 287 449 190 291 450 186 285 451 189 292 452 192 293 453 190 294 454 189 295 455 192 293 456 191 296 457 193 297 458 196 298 459 192 299 460 193 300 461 197 301 462 192 299 463 195 302 464 180 274 465 196 303 466 204 279 467 180 274 468 197 304 469 195 305 470 198 306 471 177 268 472 174 267 473 198 306 474 194 307 475 197 308 476 200 266 477 198 306 478 174 267 479 200 266 480 201 309 481 199 310 482 201 309 483 194 307 484 199 310 485 201 309 486 188 311 487 190 312 488 203 313 489 200 266 490 173 265 491 203 313 492 188 311 493 202 314 494 203 313 495 176 264 496 185 315 497 269 0 498 292 316 499 293 0 500 238 317 501 281 318 502 285 319 503 210 320 504 263 321 505 212 6 506 222 322 507 288 323 508 277 324 509 223 325 510 278 326 511 277 324 512 224 327 513 279 328 514 278 326 515 226 329 516 280 330 517 279 331 518 231 332 519 282 333 520 281 318 521 232 334 522 283 335 523 282 333 524 234 336 525 284 337 526 283 335 527 239 338 528 286 339 529 285 319 530 240 340 531 287 341 532 286 340 533 242 342 534 288 323 535 287 341 536 247 343 537 290 344 538 289 345 539 248 346 540 291 347 541 290 344 542 250 348 543 292 316 544 291 347 545 246 349 546 280 330 547 289 345 548 207 350 549 222 351 550 221 352 551 208 353 552 221 352 553 225 354 554 208 353 555 227 355 556 206 356 557 218 357 558 232 358 559 231 359 560 220 43 561 234 43 562 232 358 563 217 360 564 234 43 565 219 43 566 211 361 567 238 362 568 237 363 569 211 361 570 241 43 571 212 364 572 212 364 573 243 365 574 210 366 575 213 367 576 245 368 577 215 369 578 215 369 579 249 370 580 216 371 581 214 372 582 249 370 583 251 373 584 213 367 585 227 355 586 246 374 587 205 375 588 243 365 589 222 351 590 214 372 591 269 376 592 271 377 593 218 357 594 238 362 595 209 378 596 264 379 597 272 380 598 262 381 599 220 382 600 259 383 601 219 384 602 208 385 603 253 386 604 207 387 605 213 388 606 256 389 607 206 390 608 215 391 609 266 392 610 213 388 611 219 384 612 260 393 613 217 394 614 206 390 615 255 395 616 208 396 617 211 397 618 262 398 619 209 399 620 205 400 621 264 401 622 210 320 623 216 402 624 265 403 625 215 391 626 217 394 627 275 91 628 274 91 629 212 6 630 261 404 631 211 405 632 209 399 633 257 406 634 218 407 635 218 407 636 258 408 637 220 382 638 214 409 639 267 410 640 216 402 641 207 387 642 254 411 643 205 400 644 271 91 645 268 412 646 214 409 647 273 413 648 275 414 649 294 414 650 291 347 651 251 415 652 249 416 653 289 345 654 228 417 655 247 343 656 236 418 657 294 0 658 284 337 659 217 360 660 273 419 661 236 43 662 284 337 663 276 0 664 235 420 665 272 421 666 269 422 667 293 423 668 290 344 669 249 416 670 245 424 671 289 345 672 245 424 673 246 349 674 287 341 675 243 425 676 241 426 677 286 340 678 241 426 679 237 427 680 285 319 681 237 428 682 238 317 683 283 335 684 235 420 685 233 429 686 282 333 687 233 429 688 229 430 689 281 318 690 229 430 691 230 431 692 279 331 693 227 432 694 225 433 695 278 326 696 225 434 697 221 435 698 277 324 699 221 435 700 222 322 701 277 324 702 244 436 703 223 325 704 285 319 705 230 431 706 239 338 707 293 0 708 252 437 709 270 0 710 294 0 711 270 0 712 276 0 713 296 438 714 298 439 715 299 440 716 295 441 717 300 442 718 298 439 719 299 440 720 301 443 721 302 444 722 298 439 723 303 445 724 301 443 725 341 446 726 387 447 727 315 448 728 300 442 729 304 449 730 303 445 731 304 449 732 307 450 733 305 451 734 306 452 735 309 453 736 307 450 737 300 442 738 308 454 739 306 452 740 307 450 741 310 455 742 312 456 743 312 456 744 311 457 745 313 458 746 314 459 747 313 458 748 315 460 749 307 450 750 314 459 751 305 451 752 313 458 753 316 461 754 315 460 755 316 461 756 319 462 757 317 463 758 320 464 759 319 462 760 318 465 761 311 457 762 318 465 763 313 458 764 321 466 765 324 467 766 319 462 767 322 468 768 325 469 769 324 467 770 326 470 771 325 469 772 327 471 773 317 463 774 324 467 775 326 470 776 325 469 777 328 472 778 327 471 779 328 472 780 331 473 781 329 474 782 330 475 783 333 476 784 331 473 785 323 477 786 330 475 787 325 469 788 333 476 789 336 478 790 331 473 791 334 479 792 337 480 793 336 478 794 338 481 795 337 480 796 339 482 797 331 473 798 338 481 799 329 474 800 339 482 801 342 483 802 340 484 803 342 483 804 341 485 805 340 484 806 344 486 807 343 487 808 342 483 809 337 480 810 344 486 811 342 483 812 345 488 813 348 489 814 343 487 815 346 490 816 349 491 817 348 489 818 348 489 819 351 492 820 350 493 821 343 487 822 350 493 823 341 485 824 349 491 825 352 494 826 351 492 827 352 494 828 355 495 829 353 496 830 356 497 831 355 495 832 354 498 833 349 491 834 356 497 835 354 498 836 357 499 837 360 500 838 355 495 839 360 500 840 359 501 841 361 502 842 362 503 843 361 502 844 363 504 845 355 495 846 362 503 847 353 496 848 361 502 849 364 505 850 363 504 851 364 505 852 367 506 853 365 507 854 368 508 855 367 506 856 366 509 857 359 501 858 366 509 859 361 502 860 367 506 861 370 510 862 372 511 863 370 510 864 373 512 865 372 511 866 372 511 867 375 513 868 374 514 869 367 506 870 374 514 871 365 507 872 375 513 873 378 515 874 376 516 875 376 516 876 379 517 877 377 518 878 380 519 879 379 517 880 378 515 881 373 512 882 380 519 883 378 515 884 379 517 885 382 520 886 384 521 887 384 521 888 383 522 889 385 523 890 386 524 891 385 523 892 387 525 893 379 517 894 386 524 895 377 518 896 387 525 897 389 526 898 388 527 899 389 526 900 302 444 901 388 527 902 390 528 903 299 440 904 389 526 905 383 522 906 389 526 907 385 523 908 428 529 909 424 530 910 448 531 911 392 532 912 455 533 913 456 534 914 457 535 915 392 532 916 456 534 917 458 536 918 393 537 919 457 535 920 459 538 921 394 539 922 458 536 923 396 540 924 459 538 925 460 541 926 461 542 927 396 540 928 460 541 929 462 543 930 397 544 931 461 542 932 399 545 933 462 543 934 463 546 935 464 547 936 399 545 937 463 546 938 401 548 939 464 547 940 465 549 941 466 550 942 401 548 943 465 549 944 467 551 945 402 552 946 466 550 947 404 553 948 467 551 949 468 554 950 405 555 951 468 554 952 469 556 953 406 557 954 469 556 955 470 558 956 471 559 957 406 557 958 470 558 959 408 560 960 471 559 961 472 561 962 473 562 963 408 560 964 472 561 965 474 563 966 409 564 967 473 562 968 475 565 969 410 566 970 474 563 971 412 567 972 475 565 973 476 568 974 413 569 975 476 568 976 477 570 977 478 571 978 413 569 979 477 570 980 415 572 981 478 571 982 479 573 983 480 574 984 415 572 985 479 573 986 417 575 987 480 574 988 481 576 989 418 577 990 481 576 991 482 578 992 483 579 993 418 577 994 482 578 995 420 580 996 483 579 997 484 581 998 421 582 999 484 581 1000 485 583 1001 422 584 1002 485 583 1003 486 585 1004 455 533 1005 422 584 1006 486 585 1007 456 534 1008 423 586 1009 424 587 1010 425 588 1011 456 534 1012 424 587 1013 458 536 1014 425 588 1015 426 589 1016 427 590 1017 458 536 1018 426 589 1019 460 541 1020 427 590 1021 428 591 1022 429 592 1023 460 541 1024 428 591 1025 462 543 1026 429 592 1027 430 593 1028 431 594 1029 462 543 1030 430 593 1031 464 547 1032 431 594 1033 432 595 1034 433 596 1035 464 547 1036 432 595 1037 466 550 1038 433 596 1039 434 597 1040 435 598 1041 466 550 1042 434 597 1043 468 554 1044 435 598 1045 436 599 1046 469 556 1047 436 599 1048 437 600 1049 438 601 1050 469 556 1051 437 600 1052 471 559 1053 438 601 1054 439 602 1055 440 603 1056 471 559 1057 439 602 1058 473 562 1059 440 603 1060 441 604 1061 442 605 1062 473 562 1063 441 604 1064 443 606 1065 474 563 1066 442 605 1067 476 568 1068 443 606 1069 444 607 1070 445 608 1071 476 568 1072 444 607 1073 478 571 1074 445 608 1075 446 609 1076 447 610 1077 478 571 1078 446 609 1079 480 574 1080 447 610 1081 448 611 1082 449 612 1083 480 574 1084 448 611 1085 482 578 1086 449 612 1087 450 613 1088 451 614 1089 482 578 1090 450 613 1091 484 581 1092 451 614 1093 452 615 1094 485 583 1095 452 615 1096 453 616 1097 486 585 1098 453 616 1099 454 617 1100 423 586 1101 486 585 1102 454 617 1103 488 618 1104 490 619 1105 491 620 1106 490 619 1107 489 621 1108 492 622 1109 494 623 1110 490 619 1111 493 624 1112 493 624 1113 492 622 1114 495 625 1115 509 626 1116 533 627 1117 557 628 1118 495 625 1119 498 629 1120 496 630 1121 498 629 1122 497 631 1123 496 630 1124 500 632 1125 499 633 1126 498 629 1127 489 621 1128 498 629 1129 492 622 1130 501 634 1131 504 635 1132 499 633 1133 502 636 1134 505 637 1135 504 635 1136 504 635 1137 507 638 1138 506 639 1139 499 633 1140 506 639 1141 497 631 1142 505 637 1143 508 640 1144 507 638 1145 508 640 1146 511 641 1147 509 642 1148 512 643 1149 511 641 1150 510 644 1151 503 645 1152 510 644 1153 505 637 1154 511 641 1155 514 646 1156 516 647 1157 514 646 1158 517 648 1159 516 647 1160 518 649 1161 517 648 1162 519 650 1163 511 641 1164 518 649 1165 509 642 1166 517 648 1167 520 651 1168 519 650 1169 520 651 1170 523 652 1171 521 653 1172 524 654 1173 523 652 1174 522 655 1175 517 648 1176 524 654 1177 522 655 1178 525 656 1179 528 657 1180 523 652 1181 528 657 1182 527 658 1183 529 659 1184 530 660 1185 529 659 1186 531 661 1187 523 652 1188 530 660 1189 521 653 1190 531 661 1191 534 662 1192 532 663 1193 534 662 1194 533 664 1195 532 663 1196 536 665 1197 535 666 1198 534 662 1199 529 659 1200 536 665 1201 534 662 1202 537 667 1203 540 668 1204 535 666 1205 540 668 1206 539 669 1207 541 670 1208 540 668 1209 543 671 1210 542 672 1211 533 664 1212 540 668 1213 542 672 1214 543 671 1215 546 673 1216 544 674 1217 546 673 1218 545 675 1219 544 674 1220 548 676 1221 547 677 1222 546 673 1223 541 670 1224 548 676 1225 546 673 1226 549 678 1227 552 679 1228 547 677 1229 552 679 1230 551 680 1231 553 681 1232 554 682 1233 553 681 1234 555 683 1235 547 677 1236 554 682 1237 545 675 1238 553 681 1239 556 684 1240 555 683 1241 556 684 1242 559 685 1243 557 686 1244 560 687 1245 559 685 1246 558 688 1247 553 681 1248 560 687 1249 558 688 1250 559 685 1251 562 689 1252 564 690 1253 562 689 1254 565 691 1255 564 690 1256 566 692 1257 565 691 1258 567 693 1259 559 685 1260 566 692 1261 557 686 1262 567 693 1263 570 694 1264 568 695 1265 568 695 1266 571 696 1267 569 697 1268 572 698 1269 571 696 1270 570 694 1271 565 691 1272 572 698 1273 570 694 1274 573 699 1275 576 700 1276 571 696 1277 576 700 1278 575 701 1279 577 702 1280 578 703 1281 577 702 1282 579 704 1283 571 696 1284 578 703 1285 569 697 1286 577 702 1287 580 705 1288 579 704 1289 581 706 1290 494 623 1291 580 705 1292 581 706 1293 488 618 1294 491 620 1295 577 702 1296 582 707 1297 581 706 1298 584 708 1299 586 709 1300 587 710 1301 586 709 1302 585 711 1303 588 712 1304 587 710 1305 589 713 1306 590 714 1307 589 713 1308 588 712 1309 591 715 1310 653 716 1311 665 717 1312 592 718 1313 591 715 1314 594 719 1315 592 720 1316 594 719 1317 593 721 1318 592 720 1319 596 722 1320 595 723 1321 594 719 1322 585 711 1323 594 719 1324 588 712 1325 597 724 1326 600 725 1327 595 723 1328 600 725 1329 599 726 1330 601 727 1331 602 728 1332 601 727 1333 603 729 1334 595 723 1335 602 728 1336 593 721 1337 601 727 1338 604 730 1339 603 729 1340 604 730 1341 607 731 1342 605 732 1343 606 733 1344 609 734 1345 607 731 1346 599 726 1347 606 733 1348 601 727 1349 607 731 1350 610 735 1351 612 736 1352 610 735 1353 613 737 1354 612 736 1355 612 736 1356 615 738 1357 614 739 1358 605 732 1359 612 736 1360 614 739 1361 613 737 1362 616 740 1363 615 738 1364 616 740 1365 619 741 1366 617 742 1367 620 743 1368 619 741 1369 618 744 1370 613 737 1371 620 743 1372 618 744 1373 619 741 1374 622 745 1375 624 746 1376 624 746 1377 623 747 1378 625 748 1379 626 749 1380 625 748 1381 627 750 1382 619 741 1383 626 749 1384 617 742 1385 627 750 1386 630 751 1387 628 752 1388 630 751 1389 629 753 1390 628 752 1391 630 751 1392 633 754 1393 631 755 1394 625 748 1395 632 756 1396 630 751 1397 631 755 1398 634 757 1399 636 758 1400 636 758 1401 635 759 1402 637 760 1403 636 758 1404 639 761 1405 638 762 1406 629 753 1407 636 758 1408 638 762 1409 639 761 1410 642 763 1411 640 764 1412 640 764 1413 643 765 1414 641 766 1415 644 767 1416 643 765 1417 642 763 1418 635 759 1419 642 763 1420 637 760 1421 645 768 1422 648 769 1423 643 765 1424 646 770 1425 649 771 1426 648 769 1427 650 772 1428 649 771 1429 651 773 1430 641 766 1431 648 769 1432 650 772 1433 649 771 1434 652 774 1435 651 773 1436 652 774 1437 655 775 1438 653 776 1439 656 777 1440 655 775 1441 654 778 1442 649 771 1443 656 777 1444 654 778 1445 657 779 1446 660 780 1447 655 775 1448 660 780 1449 659 781 1450 661 782 1451 662 783 1452 661 782 1453 663 784 1454 655 775 1455 662 783 1456 653 776 1457 661 782 1458 664 785 1459 663 784 1460 664 785 1461 667 786 1462 665 787 1463 668 788 1464 667 786 1465 666 789 1466 661 782 1467 668 788 1468 666 789 1469 669 790 1470 672 791 1471 667 786 1472 672 791 1473 671 792 1474 673 793 1475 672 791 1476 675 794 1477 674 795 1478 667 786 1479 674 795 1480 665 787 1481 675 794 1482 677 796 1483 676 797 1484 677 796 1485 590 714 1486 676 797 1487 677 796 1488 584 708 1489 587 710 1490 673 793 1491 678 798 1492 677 796 1493 680 799 1494 682 800 1495 683 801 1496 679 802 1497 684 803 1498 682 800 1499 683 801 1500 685 804 1501 686 805 1502 685 804 1503 684 803 1504 687 806 1505 758 807 1506 713 808 1507 734 809 1508 684 803 1509 688 810 1510 687 806 1511 690 811 1512 689 812 1513 688 810 1514 692 813 1515 691 814 1516 690 811 1517 681 815 1518 690 811 1519 684 803 1520 693 816 1521 696 817 1522 691 814 1523 694 818 1524 697 819 1525 696 817 1526 696 817 1527 699 820 1528 698 821 1529 689 812 1530 696 817 1531 698 821 1532 697 819 1533 700 822 1534 699 820 1535 700 822 1536 703 823 1537 701 824 1538 702 825 1539 705 826 1540 703 823 1541 695 827 1542 702 825 1543 697 819 1544 705 826 1545 708 828 1546 703 823 1547 708 828 1548 707 829 1549 709 830 1550 710 831 1551 709 830 1552 711 832 1553 703 823 1554 710 831 1555 701 824 1556 709 830 1557 712 833 1558 711 832 1559 712 833 1560 715 834 1561 713 835 1562 716 836 1563 715 834 1564 714 837 1565 709 830 1566 716 836 1567 714 837 1568 715 834 1569 718 838 1570 720 839 1571 718 838 1572 721 840 1573 720 839 1574 720 839 1575 723 841 1576 722 842 1577 713 835 1578 720 839 1579 722 842 1580 723 841 1581 726 843 1582 724 844 1583 726 843 1584 725 845 1585 724 844 1586 726 843 1587 729 846 1588 727 847 1589 719 848 1590 726 843 1591 721 840 1592 727 847 1593 730 849 1594 732 850 1595 730 849 1596 733 851 1597 732 850 1598 732 850 1599 735 852 1600 734 853 1601 725 845 1602 732 850 1603 734 853 1604 735 852 1605 738 854 1606 736 855 1607 738 854 1608 737 856 1609 736 855 1610 738 854 1611 741 857 1612 739 858 1613 731 859 1614 738 854 1615 733 851 1616 739 858 1617 742 860 1618 744 861 1619 742 860 1620 745 862 1621 744 861 1622 744 861 1623 747 863 1624 746 864 1625 737 856 1626 744 861 1627 746 864 1628 747 863 1629 750 865 1630 748 866 1631 750 865 1632 749 867 1633 748 866 1634 752 868 1635 751 869 1636 750 865 1637 745 862 1638 752 868 1639 750 865 1640 751 869 1641 754 870 1642 756 871 1643 754 870 1644 757 872 1645 756 871 1646 756 871 1647 759 873 1648 758 874 1649 749 867 1650 756 871 1651 758 874 1652 759 873 1653 762 875 1654 760 876 1655 762 875 1656 761 877 1657 760 876 1658 764 878 1659 763 879 1660 762 875 1661 757 872 1662 764 878 1663 762 875 1664 763 879 1665 766 880 1666 768 881 1667 768 881 1668 767 882 1669 769 883 1670 768 881 1671 771 884 1672 770 885 1673 763 879 1674 770 885 1675 761 877 1676 771 884 1677 773 886 1678 772 887 1679 773 886 1680 686 805 1681 772 887 1682 773 886 1683 680 799 1684 683 801 1685 767 882 1686 773 886 1687 769 883 1688 776 888 1689 778 889 1690 779 890 1691 778 889 1692 777 891 1693 780 892 1694 779 890 1695 781 893 1696 782 894 1697 781 893 1698 780 892 1699 783 895 1700 782 896 1701 830 897 1702 857 898 1703 780 892 1704 784 899 1705 783 895 1706 786 900 1707 785 901 1708 784 899 1709 786 900 1710 789 902 1711 787 903 1712 777 891 1713 786 900 1714 780 892 1715 787 903 1716 790 904 1717 792 905 1718 792 905 1719 791 906 1720 793 907 1721 794 908 1722 793 907 1723 795 909 1724 785 901 1725 792 905 1726 794 908 1727 793 907 1728 796 910 1729 795 909 1730 796 910 1731 799 911 1732 797 912 1733 800 913 1734 799 911 1735 798 914 1736 791 906 1737 798 914 1738 793 907 1739 801 915 1740 804 916 1741 799 911 1742 802 917 1743 805 918 1744 804 916 1745 806 919 1746 805 918 1747 807 920 1748 797 912 1749 804 916 1750 806 919 1751 805 918 1752 808 921 1753 807 920 1754 808 921 1755 811 922 1756 809 923 1757 810 924 1758 813 925 1759 811 922 1760 803 926 1761 810 924 1762 805 918 1763 811 922 1764 814 927 1765 816 928 1766 814 927 1767 817 929 1768 816 928 1769 816 928 1770 819 930 1771 818 931 1772 811 922 1773 818 931 1774 809 923 1775 817 929 1776 820 932 1777 819 930 1778 822 933 1779 821 934 1780 820 932 1781 824 935 1782 823 936 1783 822 933 1784 817 929 1785 824 935 1786 822 933 1787 823 936 1788 826 937 1789 828 938 1790 828 938 1791 827 939 1792 829 940 1793 828 938 1794 831 941 1795 830 942 1796 821 934 1797 828 938 1798 830 942 1799 831 941 1800 834 943 1801 832 944 1802 832 944 1803 835 945 1804 833 946 1805 834 943 1806 837 947 1807 835 945 1808 827 939 1809 834 943 1810 829 940 1811 837 947 1812 840 948 1813 835 945 1814 840 948 1815 839 949 1816 841 950 1817 842 951 1818 841 950 1819 843 952 1820 835 945 1821 842 951 1822 833 946 1823 843 952 1824 846 953 1825 844 954 1826 846 953 1827 845 955 1828 844 954 1829 846 953 1830 849 956 1831 847 957 1832 841 950 1833 848 958 1834 846 953 1835 847 957 1836 850 959 1837 852 960 1838 852 960 1839 851 961 1840 853 962 1841 852 960 1842 855 963 1843 854 964 1844 847 957 1845 854 964 1846 845 955 1847 853 962 1848 856 965 1849 855 963 1850 858 966 1851 857 967 1852 856 965 1853 858 966 1854 861 968 1855 859 969 1856 853 962 1857 860 970 1858 858 966 1859 859 969 1860 862 971 1861 864 972 1862 864 972 1863 863 973 1864 865 974 1865 866 975 1866 865 974 1867 867 976 1868 859 969 1869 866 975 1870 857 967 1871 867 976 1872 869 977 1873 868 978 1874 869 977 1875 782 894 1876 868 978 1877 869 977 1878 776 888 1879 779 890 1880 863 973 1881 869 977 1882 865 974 1883 878 979 1884 875 980 1885 874 981 1886 873 982 1887 876 983 1888 877 43 1889 876 984 1890 872 985 1891 877 986 1892 874 0 1893 873 0 1894 871 0 1895 877 987 1896 871 988 1897 873 989 1898 880 990 1899 882 991 1900 881 992 1901 883 993 1902 881 994 1903 882 995 1904 883 996 1905 880 997 1906 879 998 1907 880 999 1908 881 999 1909 879 999 1910 884 1000 1911 883 1000 1912 882 1000 1913 896 1001 1914 889 1002 1915 895 1003 1916 894 1004 1917 889 1005 1918 887 1006 1919 890 1007 1920 892 1008 1921 888 1009 1922 890 1010 1923 891 1011 1924 893 1012 1925 893 1013 1926 894 1004 1927 892 1008 1928 893 1012 1929 896 1001 1930 895 1003 1931 898 1014 1932 900 1015 1933 899 1016 1934 901 1017 1935 899 1018 1936 900 1019 1937 901 1020 1938 898 1021 1939 897 1022 1940 898 1023 1941 899 1023 1942 897 1023 1943 902 1024 1944 901 1024 1945 900 1024 1946 904 1025 1947 906 1026 1948 905 1027 1949 907 1028 1950 905 1029 1951 906 1030 1952 907 1031 1953 904 1032 1954 903 1033 1955 904 1034 1956 905 1034 1957 903 1034 1958 908 1035 1959 907 1035 1960 906 1035 1961 910 1036 1962 912 1037 1963 911 1038 1964 913 1039 1965 911 1040 1966 912 1041 1967 913 1042 1968 910 1043 1969 909 1044 1970 910 1045 1971 911 1045 1972 909 1045 1973 914 1046 1974 913 1046 1975 912 1046 1976 920 1047 1977 917 1048 1978 916 1049 1979 919 1050 1980 917 1051 1981 918 1052 1982 919 1053 1983 916 1054 1984 915 1055 1985 916 1056 1986 917 1056 1987 915 1056 1988 920 1057 1989 919 1057 1990 918 1057 1991 926 1058 1992 923 1059 1993 922 1060 1994 925 1061 1995 923 1062 1996 924 1063 1997 925 1064 1998 922 1065 1999 921 1066 2000 922 1067 2001 923 1067 2002 921 1067 2003 926 1068 2004 925 1068 2005 924 1068 2006 938 1069 2007 931 1070 2008 937 1071 2009 936 1072 2010 931 1073 2011 929 1074 2012 932 1075 2013 934 1076 2014 930 1077 2015 932 1078 2016 933 1079 2017 935 1080 2018 935 1081 2019 936 1072 2020 934 1076 2021 935 1080 2022 938 1069 2023 937 1071 2024 950 1082 2025 943 1083 2026 949 1084 2027 948 1085 2028 943 1086 2029 941 1087 2030 944 1088 2031 946 1089 2032 942 1090 2033 944 1091 2034 945 1092 2035 947 1093 2036 947 1094 2037 948 1085 2038 946 1089 2039 947 1093 2040 950 1082 2041 949 1084 2042 962 1095 2043 955 1096 2044 961 1097 2045 960 1098 2046 955 1099 2047 953 1100 2048 956 1101 2049 958 1102 2050 954 1103 2051 956 1104 2052 957 1105 2053 959 1106 2054 959 1107 2055 960 1098 2056 958 1102 2057 959 1106 2058 962 1095 2059 961 1097 2060 964 1108 2061 966 1109 2062 965 1110 2063 967 1111 2064 965 1112 2065 966 1113 2066 967 1114 2067 964 1115 2068 963 1116 2069 964 1117 2070 965 1117 2071 963 1117 2072 968 1118 2073 967 1118 2074 966 1118 2075 980 1119 2076 973 1120 2077 979 1121 2078 978 1122 2079 973 1123 2080 971 1124 2081 974 1125 2082 976 1126 2083 972 1127 2084 974 1128 2085 975 1129 2086 977 1130 2087 977 1131 2088 978 1122 2089 976 1126 2090 977 1130 2091 980 1119 2092 979 1121 2093 982 1132 2094 984 1133 2095 983 1134 2096 985 1135 2097 983 1136 2098 984 1137 2099 985 1138 2100 982 1139 2101 981 1140 2102 982 1141 2103 983 1141 2104 981 1141 2105 986 1142 2106 985 1142 2107 984 1142 2108 988 1143 2109 990 1144 2110 989 1145 2111 991 1146 2112 989 1147 2113 990 1148 2114 991 1149 2115 988 1150 2116 987 1151 2117 988 1152 2118 989 1152 2119 987 1152 2120 992 1153 2121 991 1153 2122 990 1153 2123 994 1154 2124 996 1155 2125 995 1156 2126 997 1157 2127 995 1158 2128 996 1159 2129 997 1160 2130 994 1161 2131 993 1162 2132 994 1163 2133 995 1163 2134 993 1163 2135 998 1164 2136 997 1164 2137 996 1164 2138 1004 1165 2139 1001 1166 2140 1000 1167 2141 1003 1168 2142 1001 1169 2143 1002 1170 2144 1003 1171 2145 1000 1172 2146 999 1173 2147 1000 1174 2148 1001 1174 2149 999 1174 2150 1004 1175 2151 1003 1175 2152 1002 1175 2153 1010 1176 2154 1007 1177 2155 1006 1178 2156 1009 1179 2157 1007 1180 2158 1008 1181 2159 1009 1182 2160 1006 1183 2161 1005 1184 2162 1006 1185 2163 1007 1185 2164 1005 1185 2165 1010 1186 2166 1009 1186 2167 1008 1186 2168 1022 1187 2169 1015 1188 2170 1021 1189 2171 1020 1190 2172 1015 1191 2173 1013 1192 2174 1016 1193 2175 1018 1194 2176 1014 1195 2177 1016 1196 2178 1017 1197 2179 1019 1198 2180 1019 1199 2181 1020 1190 2182 1018 1194 2183 1019 1198 2184 1022 1187 2185 1021 1189 2186 1034 1200 2187 1027 1201 2188 1033 1202 2189 1032 1203 2190 1027 1204 2191 1025 1205 2192 1028 1206 2193 1030 1207 2194 1026 1208 2195 1028 1209 2196 1029 1210 2197 1031 1211 2198 1031 1212 2199 1032 1203 2200 1030 1207 2201 1031 1211 2202 1034 1200 2203 1033 1202 2204 1046 1213 2205 1039 1214 2206 1045 1215 2207 1044 1216 2208 1039 1217 2209 1037 1218 2210 1040 1219 2211 1042 1220 2212 1038 1221 2213 1040 1222 2214 1041 1223 2215 1043 1224 2216 1043 1225 2217 1044 1216 2218 1042 1220 2219 1043 1224 2220 1046 1213 2221 1045 1215 2222 64 0 2223 46 104 2224 87 1 2225 33 2 2226 26 18 2227 76 3 2228 5 5 2229 59 88 2230 58 6 2231 17 8 2232 38 114 2233 83 9 2234 18 11 2235 19 13 2236 73 12 2237 19 13 2238 21 1226 2239 74 14 2240 21 15 2241 23 106 2242 75 16 2243 26 18 2244 27 20 2245 77 19 2246 27 20 2247 29 22 2248 78 21 2249 29 22 2250 31 107 2251 79 23 2252 34 24 2253 35 1227 2254 81 25 2255 35 26 2256 37 29 2257 82 27 2258 37 29 2259 39 125 2260 83 9 2261 42 30 2262 43 33 2263 85 31 2264 43 33 2265 45 35 2266 86 34 2267 45 35 2268 47 126 2269 87 1 2270 41 36 2271 22 121 2272 75 16 2273 2 37 2274 0 63 2275 17 38 2276 3 40 2277 2 37 2278 16 39 2279 3 40 2280 20 41 2281 22 42 2282 13 44 2283 15 47 2284 27 45 2285 15 47 2286 14 43 2287 29 48 2288 12 49 2289 31 43 2290 29 48 2291 6 50 2292 4 43 2293 33 51 2294 6 50 2295 32 52 2296 36 53 2297 7 43 2298 36 53 2299 38 54 2300 8 56 2301 41 62 2302 40 57 2303 10 58 2304 40 57 2305 44 59 2306 9 61 2307 11 60 2308 44 59 2309 8 56 2310 1 43 2311 22 42 2312 0 63 2313 5 55 2314 38 54 2315 9 61 2316 46 43 2317 64 64 2318 13 44 2319 26 46 2320 33 51 2321 59 66 2322 49 1228 2323 67 67 2324 49 1228 2325 48 1229 2326 50 1230 2327 67 67 2328 49 1228 2329 51 1231 2330 50 1230 2331 51 1231 2332 49 1228 2333 51 1231 2334 61 1232 2335 67 67 2336 61 1232 2337 60 43 2338 62 43 2339 67 67 2340 61 1232 2341 63 1233 2342 62 43 2343 63 1233 2344 61 1232 2345 58 43 2346 59 66 2347 56 43 2348 57 68 2349 56 43 2350 59 66 2351 53 43 2352 52 1234 2353 54 43 2354 52 1234 2355 57 68 2356 67 67 2357 70 43 2358 52 1234 2359 67 67 2360 55 43 2361 54 43 2362 52 1234 2363 70 43 2364 55 43 2365 52 1234 2366 15 69 2367 53 96 2368 54 70 2369 3 72 2370 50 1235 2371 48 73 2372 8 75 2373 61 79 2374 51 76 2375 10 78 2376 60 90 2377 61 79 2378 14 71 2379 54 70 2380 55 80 2381 1 77 2382 51 76 2383 50 82 2384 6 84 2385 56 1236 2386 57 85 2387 0 87 2388 49 99 2389 59 88 2390 11 89 2391 62 98 2392 60 90 2393 12 81 2394 55 80 2395 70 91 2396 7 7 2397 58 6 2398 56 92 2399 4 86 2400 57 85 2401 52 94 2402 13 95 2403 52 94 2404 53 96 2405 9 97 2406 63 100 2407 62 98 2408 2 74 2409 48 73 2410 49 99 2411 66 91 2412 67 91 2413 63 100 2414 68 101 2415 69 1237 2416 70 102 2417 86 34 2418 87 1 2419 46 104 2420 84 32 2421 75 16 2422 23 106 2423 31 107 2424 68 0 2425 89 0 2426 12 49 2427 69 1238 2428 68 108 2429 79 23 2430 89 0 2431 71 0 2432 67 110 2433 66 1239 2434 64 111 2435 85 31 2436 86 34 2437 44 105 2438 84 32 2439 85 31 2440 40 113 2441 82 27 2442 83 9 2443 38 114 2444 81 28 2445 82 27 2446 36 115 2447 80 4 2448 81 25 2449 32 117 2450 78 21 2451 79 23 2452 30 109 2453 77 19 2454 78 21 2455 28 118 2456 76 3 2457 77 19 2458 24 119 2459 74 17 2460 75 16 2461 22 121 2462 73 12 2463 74 14 2464 20 123 2465 72 10 2466 73 12 2467 16 124 2468 72 10 2469 83 9 2470 39 125 2471 80 4 2472 76 3 2473 25 120 2474 88 0 2475 87 1 2476 47 126 2477 89 0 2478 88 0 2479 65 0 2480 97 127 2481 92 1240 2482 90 128 2483 91 130 2484 90 1241 2485 93 131 2486 90 133 2487 92 1242 2488 95 134 2489 93 136 2490 95 1243 2491 96 137 2492 96 139 2493 95 1244 2494 92 140 2495 98 142 2496 101 148 2497 102 143 2498 98 142 2499 99 144 2500 126 145 2501 98 142 2502 100 146 2503 103 147 2504 107 149 2505 102 1245 2506 101 150 2507 101 152 2508 103 1246 2509 106 153 2510 107 149 2511 104 151 2512 105 155 2513 105 157 2514 104 154 2515 106 153 2516 110 159 2517 109 163 2518 107 160 2519 111 162 2520 102 1247 2521 107 160 2522 112 164 2523 109 168 2524 110 165 2525 112 164 2526 114 1248 2527 111 167 2528 117 169 2529 115 171 2530 112 164 2531 116 170 2532 114 1248 2533 112 164 2534 118 172 2535 120 1249 2536 116 173 2537 118 172 2538 115 174 2539 117 175 2540 122 177 2541 121 181 2542 118 178 2543 123 180 2544 120 1250 2545 118 178 2546 106 153 2547 121 184 2548 122 182 2549 106 153 2550 103 1246 2551 123 183 2552 124 185 2553 123 187 2554 103 147 2555 124 185 2556 125 189 2557 120 186 2558 126 145 2559 125 189 2560 124 185 2561 126 145 2562 128 193 2563 127 188 2564 127 188 2565 116 191 2566 120 186 2567 127 188 2568 128 193 2569 114 190 2570 129 192 2571 128 193 2572 126 145 2573 129 192 2574 111 194 2575 114 190 2576 129 192 2577 99 144 2578 102 143 2579 131 195 2580 134 201 2581 135 196 2582 131 195 2583 132 197 2584 159 198 2585 131 195 2586 133 199 2587 136 200 2588 140 202 2589 135 1251 2590 134 203 2591 134 205 2592 136 1252 2593 139 206 2594 140 202 2595 137 204 2596 138 208 2597 138 210 2598 137 207 2599 139 206 2600 143 212 2601 142 216 2602 140 213 2603 144 215 2604 135 1253 2605 140 213 2606 145 217 2607 142 221 2608 143 218 2609 145 217 2610 147 1254 2611 144 220 2612 150 222 2613 148 224 2614 145 217 2615 149 223 2616 147 1254 2617 145 217 2618 151 225 2619 153 1255 2620 149 226 2621 151 225 2622 148 227 2623 150 228 2624 155 230 2625 154 234 2626 151 231 2627 156 233 2628 153 1256 2629 151 231 2630 139 206 2631 154 237 2632 155 235 2633 139 206 2634 136 1252 2635 156 236 2636 157 238 2637 156 240 2638 136 200 2639 157 238 2640 158 242 2641 153 239 2642 159 198 2643 158 242 2644 157 238 2645 159 198 2646 161 246 2647 160 241 2648 160 241 2649 149 244 2650 153 239 2651 160 241 2652 161 246 2653 147 243 2654 162 245 2655 161 246 2656 159 198 2657 162 245 2658 144 247 2659 147 243 2660 162 245 2661 132 197 2662 135 196 2663 171 248 2664 166 1257 2665 164 249 2666 165 251 2667 164 1258 2668 167 252 2669 164 254 2670 166 1259 2671 169 255 2672 167 257 2673 169 1260 2674 170 258 2675 170 260 2676 169 1261 2677 166 261 2678 172 263 2679 175 269 2680 176 264 2681 172 263 2682 173 265 2683 200 266 2684 172 263 2685 174 267 2686 177 268 2687 181 270 2688 176 1262 2689 175 271 2690 175 273 2691 177 1263 2692 180 274 2693 181 270 2694 178 272 2695 179 276 2696 179 278 2697 178 275 2698 180 274 2699 184 280 2700 183 284 2701 181 281 2702 185 283 2703 176 1264 2704 181 281 2705 186 285 2706 183 289 2707 184 286 2708 186 285 2709 188 1265 2710 185 288 2711 191 290 2712 189 292 2713 186 285 2714 190 291 2715 188 1265 2716 186 285 2717 192 293 2718 194 1266 2719 190 294 2720 192 293 2721 189 295 2722 191 296 2723 196 298 2724 195 302 2725 192 299 2726 197 301 2727 194 1267 2728 192 299 2729 180 274 2730 195 305 2731 196 303 2732 180 274 2733 177 1263 2734 197 304 2735 198 306 2736 197 308 2737 177 268 2738 198 306 2739 199 310 2740 194 307 2741 200 266 2742 199 310 2743 198 306 2744 200 266 2745 202 314 2746 201 309 2747 201 309 2748 190 312 2749 194 307 2750 201 309 2751 202 314 2752 188 311 2753 203 313 2754 202 314 2755 200 266 2756 203 313 2757 185 315 2758 188 311 2759 203 313 2760 173 265 2761 176 264 2762 269 0 2763 251 415 2764 292 316 2765 238 317 2766 231 332 2767 281 318 2768 210 320 2769 264 401 2770 263 321 2771 222 322 2772 243 425 2773 288 323 2774 223 325 2775 224 327 2776 278 326 2777 224 327 2778 226 1268 2779 279 328 2780 226 329 2781 228 417 2782 280 330 2783 231 332 2784 232 334 2785 282 333 2786 232 334 2787 234 336 2788 283 335 2789 234 336 2790 236 418 2791 284 337 2792 239 338 2793 240 1269 2794 286 339 2795 240 340 2796 242 342 2797 287 341 2798 242 342 2799 244 436 2800 288 323 2801 247 343 2802 248 346 2803 290 344 2804 248 346 2805 250 348 2806 291 347 2807 250 348 2808 252 437 2809 292 316 2810 246 349 2811 227 432 2812 280 330 2813 207 350 2814 205 375 2815 222 351 2816 208 353 2817 207 350 2818 221 352 2819 208 353 2820 225 354 2821 227 355 2822 218 357 2823 220 43 2824 232 358 2825 220 43 2826 219 43 2827 234 43 2828 217 360 2829 236 43 2830 234 43 2831 211 361 2832 209 378 2833 238 362 2834 211 361 2835 237 363 2836 241 43 2837 212 364 2838 241 43 2839 243 365 2840 213 367 2841 246 374 2842 245 368 2843 215 369 2844 245 368 2845 249 370 2846 214 372 2847 216 371 2848 249 370 2849 213 367 2850 206 356 2851 227 355 2852 205 375 2853 210 366 2854 243 365 2855 214 372 2856 251 373 2857 269 376 2858 218 357 2859 231 359 2860 238 362 2861 264 379 2862 254 1270 2863 272 380 2864 254 1270 2865 253 43 2866 255 43 2867 272 380 2868 254 1270 2869 256 1271 2870 255 43 2871 256 1271 2872 254 1270 2873 256 1271 2874 266 1272 2875 272 380 2876 266 1272 2877 265 43 2878 267 43 2879 272 380 2880 266 1272 2881 268 1273 2882 267 43 2883 268 1273 2884 266 1272 2885 263 43 2886 264 379 2887 261 1274 2888 262 381 2889 261 1274 2890 264 379 2891 258 1275 2892 257 1276 2893 259 1277 2894 257 1276 2895 262 381 2896 272 380 2897 275 1278 2898 257 1276 2899 272 380 2900 260 1279 2901 259 1277 2902 257 1276 2903 275 1278 2904 260 1279 2905 257 1276 2906 220 382 2907 258 408 2908 259 383 2909 208 385 2910 255 1280 2911 253 386 2912 213 388 2913 266 392 2914 256 389 2915 215 391 2916 265 403 2917 266 392 2918 219 384 2919 259 383 2920 260 393 2921 206 390 2922 256 389 2923 255 395 2924 211 397 2925 261 1281 2926 262 398 2927 205 400 2928 254 411 2929 264 401 2930 216 402 2931 267 410 2932 265 403 2933 217 394 2934 260 393 2935 275 91 2936 212 6 2937 263 321 2938 261 404 2939 209 399 2940 262 398 2941 257 406 2942 218 407 2943 257 406 2944 258 408 2945 214 409 2946 268 412 2947 267 410 2948 207 387 2949 253 386 2950 254 411 2951 271 91 2952 272 91 2953 268 412 2954 273 413 2955 274 1282 2956 275 414 2957 291 347 2958 292 316 2959 251 415 2960 289 345 2961 280 330 2962 228 417 2963 236 418 2964 273 0 2965 294 0 2966 217 360 2967 274 1283 2968 273 419 2969 284 337 2970 294 0 2971 276 0 2972 272 421 2973 271 1284 2974 269 422 2975 290 344 2976 291 347 2977 249 416 2978 289 345 2979 290 344 2980 245 424 2981 287 341 2982 288 323 2983 243 425 2984 286 340 2985 287 341 2986 241 426 2987 285 319 2988 286 339 2989 237 428 2990 283 335 2991 284 337 2992 235 420 2993 282 333 2994 283 335 2995 233 429 2996 281 318 2997 282 333 2998 229 430 2999 279 331 3000 280 330 3001 227 432 3002 278 326 3003 279 328 3004 225 434 3005 277 324 3006 278 326 3007 221 435 3008 277 324 3009 288 323 3010 244 436 3011 285 319 3012 281 318 3013 230 431 3014 293 0 3015 292 316 3016 252 437 3017 294 0 3018 293 0 3019 270 0 3020 296 438 3021 295 441 3022 298 439 3023 295 441 3024 297 1285 3025 300 442 3026 299 440 3027 298 439 3028 301 443 3029 298 439 3030 300 442 3031 303 445 3032 302 1286 3033 301 43 3034 305 1287 3035 301 43 3036 303 1288 3037 305 1287 3038 303 1288 3039 304 1289 3040 305 1287 3041 305 1287 3042 314 43 3043 315 448 3044 315 448 3045 316 1290 3046 317 1291 3047 317 1291 3048 326 1292 3049 329 1293 3050 326 1292 3051 327 43 3052 329 1293 3053 327 43 3054 328 43 3055 329 1293 3056 329 1293 3057 338 43 3058 339 1294 3059 339 1294 3060 340 1295 3061 341 446 3062 341 446 3063 350 1296 3064 353 1297 3065 350 1296 3066 351 43 3067 353 1297 3068 351 43 3069 352 43 3070 353 1297 3071 353 1297 3072 362 1298 3073 363 1299 3074 363 1299 3075 364 1300 3076 387 447 3077 364 1300 3078 365 1301 3079 387 447 3080 365 1301 3081 374 1302 3082 375 1303 3083 375 1303 3084 376 1304 3085 365 1301 3086 376 1304 3087 377 1305 3088 365 1301 3089 377 1305 3090 386 43 3091 387 447 3092 387 447 3093 388 1306 3094 302 1286 3095 305 1287 3096 315 448 3097 302 1286 3098 315 448 3099 317 1291 3100 329 1293 3101 302 1286 3102 315 448 3103 387 447 3104 329 1293 3105 339 1294 3106 341 446 3107 353 1297 3108 363 1299 3109 387 447 3110 377 1305 3111 387 447 3112 365 1301 3113 341 446 3114 315 448 3115 329 1293 3116 341 446 3117 353 1297 3118 387 447 3119 300 442 3120 306 452 3121 304 449 3122 304 449 3123 306 452 3124 307 450 3125 306 452 3126 308 454 3127 309 453 3128 300 442 3129 297 1285 3130 308 454 3131 307 450 3132 309 453 3133 310 455 3134 312 456 3135 310 455 3136 311 457 3137 314 459 3138 312 456 3139 313 458 3140 307 450 3141 312 456 3142 314 459 3143 313 458 3144 318 465 3145 316 461 3146 316 461 3147 318 465 3148 319 462 3149 320 464 3150 321 466 3151 319 462 3152 311 457 3153 320 464 3154 318 465 3155 321 466 3156 322 468 3157 324 467 3158 322 468 3159 323 477 3160 325 469 3161 326 470 3162 324 467 3163 325 469 3164 317 463 3165 319 462 3166 324 467 3167 325 469 3168 330 475 3169 328 472 3170 328 472 3171 330 475 3172 331 473 3173 330 475 3174 332 1307 3175 333 476 3176 323 477 3177 332 1307 3178 330 475 3179 333 476 3180 334 479 3181 336 478 3182 334 479 3183 335 1308 3184 337 480 3185 338 481 3186 336 478 3187 337 480 3188 331 473 3189 336 478 3190 338 481 3191 339 482 3192 337 480 3193 342 483 3194 342 483 3195 343 487 3196 341 485 3197 344 486 3198 345 488 3199 343 487 3200 337 480 3201 335 1308 3202 344 486 3203 345 488 3204 346 490 3205 348 489 3206 346 490 3207 347 1309 3208 349 491 3209 348 489 3210 349 491 3211 351 492 3212 343 487 3213 348 489 3214 350 493 3215 349 491 3216 354 498 3217 352 494 3218 352 494 3219 354 498 3220 355 495 3221 356 497 3222 357 499 3223 355 495 3224 349 491 3225 347 1309 3226 356 497 3227 357 499 3228 358 1310 3229 360 500 3230 360 500 3231 358 1310 3232 359 501 3233 362 503 3234 360 500 3235 361 502 3236 355 495 3237 360 500 3238 362 503 3239 361 502 3240 366 509 3241 364 505 3242 364 505 3243 366 509 3244 367 506 3245 368 508 3246 369 1311 3247 367 506 3248 359 501 3249 368 508 3250 366 509 3251 367 506 3252 369 1311 3253 370 510 3254 370 510 3255 371 1312 3256 373 512 3257 372 511 3258 373 512 3259 375 513 3260 367 506 3261 372 511 3262 374 514 3263 375 513 3264 373 512 3265 378 515 3266 376 516 3267 378 515 3268 379 517 3269 380 519 3270 381 1313 3271 379 517 3272 373 512 3273 371 1312 3274 380 519 3275 379 517 3276 381 1313 3277 382 520 3278 384 521 3279 382 520 3280 383 522 3281 386 524 3282 384 521 3283 385 523 3284 379 517 3285 384 521 3286 386 524 3287 387 525 3288 385 523 3289 389 526 3290 389 526 3291 299 440 3292 302 444 3293 390 528 3294 296 438 3295 299 440 3296 383 522 3297 390 528 3298 389 526 3299 424 530 3300 423 43 3301 454 1314 3302 454 1314 3303 453 43 3304 452 1315 3305 452 1315 3306 451 1316 3307 448 531 3308 451 1316 3309 450 1317 3310 448 531 3311 450 1317 3312 449 43 3313 448 531 3314 448 531 3315 447 1289 3316 446 1318 3317 446 1318 3318 445 43 3319 444 43 3320 444 43 3321 443 1319 3322 446 1318 3323 443 1319 3324 442 1320 3325 446 1318 3326 442 1320 3327 441 43 3328 448 531 3329 441 43 3330 440 43 3331 437 1321 3332 448 531 3333 441 43 3334 432 1322 3335 440 43 3336 439 43 3337 438 43 3338 438 43 3339 437 1321 3340 440 43 3341 437 1321 3342 436 1323 3343 432 1322 3344 436 1323 3345 435 43 3346 434 1324 3347 434 1324 3348 433 43 3349 432 1322 3350 432 1322 3351 431 1325 3352 430 1326 3353 430 1326 3354 429 1327 3355 428 529 3356 428 529 3357 427 43 3358 426 1328 3359 426 1328 3360 425 1329 3361 424 530 3362 424 530 3363 454 1314 3364 448 531 3365 454 1314 3366 452 1315 3367 448 531 3368 448 531 3369 446 1318 3370 442 1320 3371 436 1323 3372 434 1324 3373 432 1322 3374 432 1322 3375 430 1326 3376 428 529 3377 428 529 3378 426 1328 3379 424 530 3380 432 1322 3381 441 43 3382 437 1321 3383 432 1322 3384 428 529 3385 448 531 3386 392 532 3387 391 1330 3388 455 533 3389 457 535 3390 393 537 3391 392 532 3392 458 536 3393 394 539 3394 393 537 3395 459 538 3396 395 1331 3397 394 539 3398 396 540 3399 395 1331 3400 459 538 3401 461 542 3402 397 544 3403 396 540 3404 462 543 3405 398 1332 3406 397 544 3407 399 545 3408 398 1332 3409 462 543 3410 464 547 3411 400 1333 3412 399 545 3413 401 548 3414 400 1333 3415 464 547 3416 466 550 3417 402 552 3418 401 548 3419 467 551 3420 403 1334 3421 402 552 3422 404 553 3423 403 1334 3424 467 551 3425 405 555 3426 404 553 3427 468 554 3428 406 557 3429 405 555 3430 469 556 3431 471 559 3432 407 1335 3433 406 557 3434 408 560 3435 407 1335 3436 471 559 3437 473 562 3438 409 564 3439 408 560 3440 474 563 3441 410 566 3442 409 564 3443 475 565 3444 411 1336 3445 410 566 3446 412 567 3447 411 1336 3448 475 565 3449 413 569 3450 412 567 3451 476 568 3452 478 571 3453 414 1337 3454 413 569 3455 415 572 3456 414 1337 3457 478 571 3458 480 574 3459 416 1338 3460 415 572 3461 417 575 3462 416 1338 3463 480 574 3464 418 577 3465 417 575 3466 481 576 3467 483 579 3468 419 1339 3469 418 577 3470 420 580 3471 419 1339 3472 483 579 3473 421 582 3474 420 580 3475 484 581 3476 422 584 3477 421 582 3478 485 583 3479 455 533 3480 391 1330 3481 422 584 3482 456 534 3483 455 533 3484 423 586 3485 425 588 3486 457 535 3487 456 534 3488 458 536 3489 457 535 3490 425 588 3491 427 590 3492 459 538 3493 458 536 3494 460 541 3495 459 538 3496 427 590 3497 429 592 3498 461 542 3499 460 541 3500 462 543 3501 461 542 3502 429 592 3503 431 594 3504 463 546 3505 462 543 3506 464 547 3507 463 546 3508 431 594 3509 433 596 3510 465 549 3511 464 547 3512 466 550 3513 465 549 3514 433 596 3515 435 598 3516 467 551 3517 466 550 3518 468 554 3519 467 551 3520 435 598 3521 469 556 3522 468 554 3523 436 599 3524 438 601 3525 470 558 3526 469 556 3527 471 559 3528 470 558 3529 438 601 3530 440 603 3531 472 561 3532 471 559 3533 473 562 3534 472 561 3535 440 603 3536 442 605 3537 474 563 3538 473 562 3539 443 606 3540 475 565 3541 474 563 3542 476 568 3543 475 565 3544 443 606 3545 445 608 3546 477 570 3547 476 568 3548 478 571 3549 477 570 3550 445 608 3551 447 610 3552 479 573 3553 478 571 3554 480 574 3555 479 573 3556 447 610 3557 449 612 3558 481 576 3559 480 574 3560 482 578 3561 481 576 3562 449 612 3563 451 614 3564 483 579 3565 482 578 3566 484 581 3567 483 579 3568 451 614 3569 485 583 3570 484 581 3571 452 615 3572 486 585 3573 485 583 3574 453 616 3575 423 586 3576 455 533 3577 486 585 3578 488 618 3579 487 1340 3580 490 619 3581 490 619 3582 487 1340 3583 489 621 3584 494 623 3585 491 620 3586 490 619 3587 493 624 3588 490 619 3589 492 622 3590 494 1341 3591 493 43 3592 495 43 3593 495 43 3594 496 1342 3595 494 1341 3596 496 1342 3597 497 1343 3598 509 626 3599 494 1341 3600 496 1342 3601 569 1344 3602 497 1343 3603 506 1345 3604 509 626 3605 506 1345 3606 507 43 3607 509 626 3608 507 43 3609 508 43 3610 509 626 3611 509 626 3612 518 43 3613 519 1346 3614 519 1346 3615 520 1347 3616 521 1348 3617 521 1348 3618 530 1349 3619 519 1346 3620 530 1349 3621 531 1350 3622 532 1351 3623 519 1346 3624 530 1349 3625 532 1351 3626 532 1351 3627 533 627 3628 519 1346 3629 533 627 3630 542 43 3631 543 43 3632 543 43 3633 544 1352 3634 533 627 3635 544 1352 3636 545 1353 3637 555 1354 3638 533 627 3639 544 1352 3640 557 628 3641 545 1353 3642 554 43 3643 555 1354 3644 555 1354 3645 556 1355 3646 557 628 3647 557 628 3648 566 43 3649 567 43 3650 567 43 3651 568 43 3652 569 1344 3653 569 1344 3654 578 43 3655 579 1356 3656 579 1356 3657 580 1357 3658 494 1341 3659 509 626 3660 519 1346 3661 533 627 3662 557 628 3663 544 1352 3664 555 1354 3665 557 628 3666 567 43 3667 569 1344 3668 569 1344 3669 579 1356 3670 494 1341 3671 496 1342 3672 509 626 3673 569 1344 3674 557 628 3675 569 1344 3676 509 626 3677 495 625 3678 492 622 3679 498 629 3680 498 629 3681 499 633 3682 497 631 3683 500 632 3684 501 634 3685 499 633 3686 489 621 3687 500 632 3688 498 629 3689 501 634 3690 502 636 3691 504 635 3692 502 636 3693 503 645 3694 505 637 3695 504 635 3696 505 637 3697 507 638 3698 499 633 3699 504 635 3700 506 639 3701 505 637 3702 510 644 3703 508 640 3704 508 640 3705 510 644 3706 511 641 3707 512 643 3708 513 1358 3709 511 641 3710 503 645 3711 512 643 3712 510 644 3713 511 641 3714 513 1358 3715 514 646 3716 514 646 3717 515 1359 3718 517 648 3719 518 649 3720 516 647 3721 517 648 3722 511 641 3723 516 647 3724 518 649 3725 517 648 3726 522 655 3727 520 651 3728 520 651 3729 522 655 3730 523 652 3731 524 654 3732 525 656 3733 523 652 3734 517 648 3735 515 1359 3736 524 654 3737 525 656 3738 526 1360 3739 528 657 3740 528 657 3741 526 1360 3742 527 658 3743 530 660 3744 528 657 3745 529 659 3746 523 652 3747 528 657 3748 530 660 3749 531 661 3750 529 659 3751 534 662 3752 534 662 3753 535 666 3754 533 664 3755 536 665 3756 537 667 3757 535 666 3758 529 659 3759 527 658 3760 536 665 3761 537 667 3762 538 1361 3763 540 668 3764 540 668 3765 538 1361 3766 539 669 3767 540 668 3768 541 670 3769 543 671 3770 533 664 3771 535 666 3772 540 668 3773 543 671 3774 541 670 3775 546 673 3776 546 673 3777 547 677 3778 545 675 3779 548 676 3780 549 678 3781 547 677 3782 541 670 3783 539 669 3784 548 676 3785 549 678 3786 550 1362 3787 552 679 3788 552 679 3789 550 1362 3790 551 680 3791 554 682 3792 552 679 3793 553 681 3794 547 677 3795 552 679 3796 554 682 3797 553 681 3798 558 688 3799 556 684 3800 556 684 3801 558 688 3802 559 685 3803 560 687 3804 561 1363 3805 559 685 3806 553 681 3807 551 680 3808 560 687 3809 559 685 3810 561 1363 3811 562 689 3812 562 689 3813 563 1364 3814 565 691 3815 566 692 3816 564 690 3817 565 691 3818 559 685 3819 564 690 3820 566 692 3821 567 693 3822 565 691 3823 570 694 3824 568 695 3825 570 694 3826 571 696 3827 572 698 3828 573 699 3829 571 696 3830 565 691 3831 563 1364 3832 572 698 3833 573 699 3834 574 1365 3835 576 700 3836 576 700 3837 574 1365 3838 575 701 3839 578 703 3840 576 700 3841 577 702 3842 571 696 3843 576 700 3844 578 703 3845 577 702 3846 581 706 3847 580 705 3848 581 706 3849 491 620 3850 494 623 3851 581 706 3852 582 707 3853 488 618 3854 577 702 3855 575 701 3856 582 707 3857 584 708 3858 583 1366 3859 586 709 3860 586 709 3861 583 1366 3862 585 711 3863 587 710 3864 586 709 3865 589 713 3866 589 713 3867 586 709 3868 588 712 3869 590 43 3870 589 43 3871 591 43 3872 591 43 3873 592 718 3874 590 43 3875 592 718 3876 593 1367 3877 602 1368 3878 590 43 3879 592 718 3880 665 717 3881 602 1368 3882 603 1369 3883 605 1370 3884 603 1369 3885 604 1371 3886 605 1370 3887 605 1370 3888 614 43 3889 615 43 3890 615 43 3891 616 43 3892 617 43 3893 617 43 3894 626 1372 3895 605 1370 3896 626 1372 3897 627 1373 3898 629 1374 3899 627 1373 3900 628 1375 3901 629 1374 3902 629 1374 3903 638 1376 3904 641 1377 3905 638 1376 3906 639 1378 3907 641 1377 3908 639 1378 3909 640 1379 3910 641 1377 3911 641 1377 3912 650 43 3913 651 1380 3914 651 1380 3915 652 43 3916 653 716 3917 653 716 3918 662 43 3919 663 43 3920 663 43 3921 664 43 3922 665 717 3923 665 717 3924 674 1381 3925 675 1382 3926 675 1382 3927 676 43 3928 665 717 3929 676 43 3930 590 43 3931 665 717 3932 605 1370 3933 592 718 3934 602 1368 3935 605 1370 3936 615 43 3937 617 43 3938 626 1372 3939 629 1374 3940 653 716 3941 605 1370 3942 626 1372 3943 592 718 3944 641 1377 3945 651 1380 3946 629 1374 3947 651 1380 3948 653 716 3949 629 1374 3950 653 716 3951 663 43 3952 665 717 3953 592 718 3954 626 1372 3955 653 716 3956 591 715 3957 588 712 3958 594 719 3959 594 719 3960 595 723 3961 593 721 3962 596 722 3963 597 724 3964 595 723 3965 585 711 3966 596 722 3967 594 719 3968 597 724 3969 598 1383 3970 600 725 3971 600 725 3972 598 1383 3973 599 726 3974 602 728 3975 600 725 3976 601 727 3977 595 723 3978 600 725 3979 602 728 3980 601 727 3981 606 733 3982 604 730 3983 604 730 3984 606 733 3985 607 731 3986 606 733 3987 608 1384 3988 609 734 3989 599 726 3990 608 1384 3991 606 733 3992 607 731 3993 609 734 3994 610 735 3995 610 735 3996 611 1385 3997 613 737 3998 612 736 3999 613 737 4000 615 738 4001 605 732 4002 607 731 4003 612 736 4004 613 737 4005 618 744 4006 616 740 4007 616 740 4008 618 744 4009 619 741 4010 620 743 4011 621 1386 4012 619 741 4013 613 737 4014 611 1385 4015 620 743 4016 619 741 4017 621 1386 4018 622 745 4019 624 746 4020 622 745 4021 623 747 4022 626 749 4023 624 746 4024 625 748 4025 619 741 4026 624 746 4027 626 749 4028 627 750 4029 625 748 4030 630 751 4031 630 751 4032 631 755 4033 629 753 4034 630 751 4035 632 756 4036 633 754 4037 625 748 4038 623 747 4039 632 756 4040 631 755 4041 633 754 4042 634 757 4043 636 758 4044 634 757 4045 635 759 4046 636 758 4047 637 760 4048 639 761 4049 629 753 4050 631 755 4051 636 758 4052 639 761 4053 637 760 4054 642 763 4055 640 764 4056 642 763 4057 643 765 4058 644 767 4059 645 768 4060 643 765 4061 635 759 4062 644 767 4063 642 763 4064 645 768 4065 646 770 4066 648 769 4067 646 770 4068 647 1387 4069 649 771 4070 650 772 4071 648 769 4072 649 771 4073 641 766 4074 643 765 4075 648 769 4076 649 771 4077 654 778 4078 652 774 4079 652 774 4080 654 778 4081 655 775 4082 656 777 4083 657 779 4084 655 775 4085 649 771 4086 647 1387 4087 656 777 4088 657 779 4089 658 1388 4090 660 780 4091 660 780 4092 658 1388 4093 659 781 4094 662 783 4095 660 780 4096 661 782 4097 655 775 4098 660 780 4099 662 783 4100 661 782 4101 666 789 4102 664 785 4103 664 785 4104 666 789 4105 667 786 4106 668 788 4107 669 790 4108 667 786 4109 661 782 4110 659 781 4111 668 788 4112 669 790 4113 670 1389 4114 672 791 4115 672 791 4116 670 1389 4117 671 792 4118 672 791 4119 673 793 4120 675 794 4121 667 786 4122 672 791 4123 674 795 4124 675 794 4125 673 793 4126 677 796 4127 677 796 4128 587 710 4129 590 714 4130 677 796 4131 678 798 4132 584 708 4133 673 793 4134 671 792 4135 678 798 4136 680 799 4137 679 802 4138 682 800 4139 679 802 4140 681 815 4141 684 803 4142 683 801 4143 682 800 4144 685 804 4145 685 804 4146 682 800 4147 684 803 4148 686 1390 4149 685 43 4150 687 43 4151 687 43 4152 688 43 4153 689 43 4154 689 43 4155 698 43 4156 699 1391 4157 699 1391 4158 700 1392 4159 701 1393 4160 701 1393 4161 710 43 4162 711 43 4163 711 43 4164 712 43 4165 713 808 4166 713 808 4167 722 43 4168 723 43 4169 723 43 4170 724 1394 4171 713 808 4172 724 1394 4173 725 43 4174 734 809 4175 713 808 4176 724 1394 4177 734 809 4178 734 809 4179 735 43 4180 736 1395 4181 758 807 4182 736 1395 4183 737 1396 4184 734 809 4185 736 1395 4186 758 807 4187 737 1396 4188 746 1397 4189 748 1398 4190 746 1397 4191 747 43 4192 748 1398 4193 748 1398 4194 749 1399 4195 758 807 4196 737 1396 4197 748 1398 4198 758 807 4199 758 807 4200 759 1400 4201 760 1401 4202 772 1402 4203 760 1401 4204 770 1403 4205 760 1401 4206 761 1367 4207 770 1403 4208 758 807 4209 760 1401 4210 772 1402 4211 770 1403 4212 771 1404 4213 772 1402 4214 772 1402 4215 686 1390 4216 701 1393 4217 686 1390 4218 687 43 4219 699 1391 4220 687 43 4221 689 43 4222 699 1391 4223 699 1391 4224 701 1393 4225 686 1390 4226 701 1393 4227 711 43 4228 713 808 4229 758 807 4230 772 1402 4231 701 1393 4232 701 1393 4233 713 808 4234 758 807 4235 684 803 4236 690 811 4237 688 810 4238 690 811 4239 691 814 4240 689 812 4241 692 813 4242 693 816 4243 691 814 4244 681 815 4245 692 813 4246 690 811 4247 693 816 4248 694 818 4249 696 817 4250 694 818 4251 695 827 4252 697 819 4253 696 817 4254 697 819 4255 699 820 4256 689 812 4257 691 814 4258 696 817 4259 697 819 4260 702 825 4261 700 822 4262 700 822 4263 702 825 4264 703 823 4265 702 825 4266 704 1405 4267 705 826 4268 695 827 4269 704 1405 4270 702 825 4271 705 826 4272 706 1406 4273 708 828 4274 708 828 4275 706 1406 4276 707 829 4277 710 831 4278 708 828 4279 709 830 4280 703 823 4281 708 828 4282 710 831 4283 709 830 4284 714 837 4285 712 833 4286 712 833 4287 714 837 4288 715 834 4289 716 836 4290 717 1407 4291 715 834 4292 709 830 4293 707 829 4294 716 836 4295 715 834 4296 717 1407 4297 718 838 4298 718 838 4299 719 848 4300 721 840 4301 720 839 4302 721 840 4303 723 841 4304 713 835 4305 715 834 4306 720 839 4307 723 841 4308 721 840 4309 726 843 4310 726 843 4311 727 847 4312 725 845 4313 726 843 4314 728 1408 4315 729 846 4316 719 848 4317 728 1408 4318 726 843 4319 727 847 4320 729 846 4321 730 849 4322 730 849 4323 731 859 4324 733 851 4325 732 850 4326 733 851 4327 735 852 4328 725 845 4329 727 847 4330 732 850 4331 735 852 4332 733 851 4333 738 854 4334 738 854 4335 739 858 4336 737 856 4337 738 854 4338 740 1409 4339 741 857 4340 731 859 4341 740 1409 4342 738 854 4343 739 858 4344 741 857 4345 742 860 4346 742 860 4347 743 1410 4348 745 862 4349 744 861 4350 745 862 4351 747 863 4352 737 856 4353 739 858 4354 744 861 4355 747 863 4356 745 862 4357 750 865 4358 750 865 4359 751 869 4360 749 867 4361 752 868 4362 753 1411 4363 751 869 4364 745 862 4365 743 1410 4366 752 868 4367 751 869 4368 753 1411 4369 754 870 4370 754 870 4371 755 1412 4372 757 872 4373 756 871 4374 757 872 4375 759 873 4376 749 867 4377 751 869 4378 756 871 4379 759 873 4380 757 872 4381 762 875 4382 762 875 4383 763 879 4384 761 877 4385 764 878 4386 765 1413 4387 763 879 4388 757 872 4389 755 1412 4390 764 878 4391 763 879 4392 765 1413 4393 766 880 4394 768 881 4395 766 880 4396 767 882 4397 768 881 4398 769 883 4399 771 884 4400 763 879 4401 768 881 4402 770 885 4403 771 884 4404 769 883 4405 773 886 4406 773 886 4407 683 801 4408 686 805 4409 773 886 4410 774 1414 4411 680 799 4412 767 882 4413 774 1414 4414 773 886 4415 776 888 4416 775 1415 4417 778 889 4418 778 889 4419 775 1415 4420 777 891 4421 779 890 4422 778 889 4423 781 893 4424 781 893 4425 778 889 4426 780 892 4427 782 896 4428 781 43 4429 783 43 4430 783 43 4431 784 43 4432 795 1416 4433 784 43 4434 785 1417 4435 795 1416 4436 785 1417 4437 794 1418 4438 795 1416 4439 795 1416 4440 796 1419 4441 830 897 4442 796 1419 4443 797 1420 4444 830 897 4445 797 1420 4446 806 1421 4447 807 1422 4448 807 1422 4449 808 43 4450 809 1423 4451 809 1423 4452 818 1424 4453 819 1425 4454 819 1425 4455 820 1426 4456 821 1427 4457 821 1427 4458 830 897 4459 819 1425 4460 830 897 4461 831 43 4462 833 1428 4463 831 43 4464 832 43 4465 833 1428 4466 833 1428 4467 842 1429 4468 843 1430 4469 843 1430 4470 844 1431 4471 833 1428 4472 844 1431 4473 845 1432 4474 833 1428 4475 845 1432 4476 854 1433 4477 855 1434 4478 855 1434 4479 856 1435 4480 845 1432 4481 856 1435 4482 857 898 4483 845 1432 4484 857 898 4485 866 1436 4486 867 1437 4487 867 1437 4488 868 1438 4489 857 898 4490 868 1438 4491 782 896 4492 857 898 4493 782 896 4494 783 43 4495 795 1416 4496 782 896 4497 795 1416 4498 830 897 4499 797 1420 4500 807 1422 4501 809 1423 4502 809 1423 4503 819 1425 4504 830 897 4505 830 897 4506 833 1428 4507 845 1432 4508 797 1420 4509 809 1423 4510 830 897 4511 830 897 4512 845 1432 4513 857 898 4514 780 892 4515 786 900 4516 784 899 4517 786 900 4518 787 903 4519 785 901 4520 786 900 4521 788 1439 4522 789 902 4523 777 891 4524 788 1439 4525 786 900 4526 787 903 4527 789 902 4528 790 904 4529 792 905 4530 790 904 4531 791 906 4532 794 908 4533 792 905 4534 793 907 4535 785 901 4536 787 903 4537 792 905 4538 793 907 4539 798 914 4540 796 910 4541 796 910 4542 798 914 4543 799 911 4544 800 913 4545 801 915 4546 799 911 4547 791 906 4548 800 913 4549 798 914 4550 801 915 4551 802 917 4552 804 916 4553 802 917 4554 803 926 4555 805 918 4556 806 919 4557 804 916 4558 805 918 4559 797 912 4560 799 911 4561 804 916 4562 805 918 4563 810 924 4564 808 921 4565 808 921 4566 810 924 4567 811 922 4568 810 924 4569 812 1440 4570 813 925 4571 803 926 4572 812 1440 4573 810 924 4574 811 922 4575 813 925 4576 814 927 4577 814 927 4578 815 1441 4579 817 929 4580 816 928 4581 817 929 4582 819 930 4583 811 922 4584 816 928 4585 818 931 4586 817 929 4587 822 933 4588 820 932 4589 822 933 4590 823 936 4591 821 934 4592 824 935 4593 825 1442 4594 823 936 4595 817 929 4596 815 1441 4597 824 935 4598 823 936 4599 825 1442 4600 826 937 4601 828 938 4602 826 937 4603 827 939 4604 828 938 4605 829 940 4606 831 941 4607 821 934 4608 823 936 4609 828 938 4610 831 941 4611 829 940 4612 834 943 4613 832 944 4614 834 943 4615 835 945 4616 834 943 4617 836 1443 4618 837 947 4619 827 939 4620 836 1443 4621 834 943 4622 837 947 4623 838 1444 4624 840 948 4625 840 948 4626 838 1444 4627 839 949 4628 842 951 4629 840 948 4630 841 950 4631 835 945 4632 840 948 4633 842 951 4634 843 952 4635 841 950 4636 846 953 4637 846 953 4638 847 957 4639 845 955 4640 846 953 4641 848 958 4642 849 956 4643 841 950 4644 839 949 4645 848 958 4646 847 957 4647 849 956 4648 850 959 4649 852 960 4650 850 959 4651 851 961 4652 852 960 4653 853 962 4654 855 963 4655 847 957 4656 852 960 4657 854 964 4658 853 962 4659 858 966 4660 856 965 4661 858 966 4662 859 969 4663 857 967 4664 858 966 4665 860 970 4666 861 968 4667 853 962 4668 851 961 4669 860 970 4670 859 969 4671 861 968 4672 862 971 4673 864 972 4674 862 971 4675 863 973 4676 866 975 4677 864 972 4678 865 974 4679 859 969 4680 864 972 4681 866 975 4682 867 976 4683 865 974 4684 869 977 4685 869 977 4686 779 890 4687 782 894 4688 869 977 4689 870 1445 4690 776 888 4691 863 973 4692 870 1445 4693 869 977 4694 878 979 4695 876 1446 4696 875 980 4697 873 982 4698 875 1447 4699 876 983 4700 876 984 4701 878 1448 4702 872 985 4703 874 0 4704 875 0 4705 873 0 4706 877 987 4707 872 1449 4708 871 988 4709 880 990 4710 884 1450 4711 882 991 4712 883 993 4713 879 1451 4714 881 994 4715 883 996 4716 884 1452 4717 880 997 4718 896 1001 4719 886 1453 4720 889 1002 4721 894 1004 4722 895 1454 4723 889 1005 4724 890 1007 4725 893 1013 4726 892 1008 4727 890 1010 4728 885 1455 4729 891 1011 4730 893 1013 4731 895 1454 4732 894 1004 4733 893 1012 4734 891 1011 4735 896 1001 4736 898 1014 4737 902 1456 4738 900 1015 4739 901 1017 4740 897 1457 4741 899 1018 4742 901 1020 4743 902 1458 4744 898 1021 4745 904 1025 4746 908 1459 4747 906 1026 4748 907 1028 4749 903 1460 4750 905 1029 4751 907 1031 4752 908 1461 4753 904 1032 4754 910 1036 4755 914 1462 4756 912 1037 4757 913 1039 4758 909 1463 4759 911 1040 4760 913 1042 4761 914 1464 4762 910 1043 4763 920 1047 4764 918 1465 4765 917 1048 4766 919 1050 4767 915 1466 4768 917 1051 4769 919 1053 4770 920 1467 4771 916 1054 4772 926 1058 4773 924 1468 4774 923 1059 4775 925 1061 4776 921 1469 4777 923 1062 4778 925 1064 4779 926 1470 4780 922 1065 4781 938 1069 4782 928 1471 4783 931 1070 4784 936 1072 4785 937 1472 4786 931 1073 4787 932 1075 4788 935 1081 4789 934 1076 4790 932 1078 4791 927 1473 4792 933 1079 4793 935 1081 4794 937 1472 4795 936 1072 4796 935 1080 4797 933 1079 4798 938 1069 4799 950 1082 4800 940 1474 4801 943 1083 4802 948 1085 4803 949 1475 4804 943 1086 4805 944 1088 4806 947 1094 4807 946 1089 4808 944 1091 4809 939 1476 4810 945 1092 4811 947 1094 4812 949 1475 4813 948 1085 4814 947 1093 4815 945 1092 4816 950 1082 4817 962 1095 4818 952 1477 4819 955 1096 4820 960 1098 4821 961 1478 4822 955 1099 4823 956 1101 4824 959 1107 4825 958 1102 4826 956 1104 4827 951 1479 4828 957 1105 4829 959 1107 4830 961 1478 4831 960 1098 4832 959 1106 4833 957 1105 4834 962 1095 4835 964 1108 4836 968 1480 4837 966 1109 4838 967 1111 4839 963 1481 4840 965 1112 4841 967 1114 4842 968 1482 4843 964 1115 4844 980 1119 4845 970 1483 4846 973 1120 4847 978 1122 4848 979 1484 4849 973 1123 4850 974 1125 4851 977 1131 4852 976 1126 4853 974 1128 4854 969 1485 4855 975 1129 4856 977 1131 4857 979 1484 4858 978 1122 4859 977 1130 4860 975 1129 4861 980 1119 4862 982 1132 4863 986 1486 4864 984 1133 4865 985 1135 4866 981 1487 4867 983 1136 4868 985 1138 4869 986 1488 4870 982 1139 4871 988 1143 4872 992 1489 4873 990 1144 4874 991 1146 4875 987 1490 4876 989 1147 4877 991 1149 4878 992 1491 4879 988 1150 4880 994 1154 4881 998 1492 4882 996 1155 4883 997 1157 4884 993 1493 4885 995 1158 4886 997 1160 4887 998 1494 4888 994 1161 4889 1004 1165 4890 1002 1495 4891 1001 1166 4892 1003 1168 4893 999 1496 4894 1001 1169 4895 1003 1171 4896 1004 1497 4897 1000 1172 4898 1010 1176 4899 1008 1498 4900 1007 1177 4901 1009 1179 4902 1005 1499 4903 1007 1180 4904 1009 1182 4905 1010 1500 4906 1006 1183 4907 1022 1187 4908 1012 1501 4909 1015 1188 4910 1020 1190 4911 1021 1502 4912 1015 1191 4913 1016 1193 4914 1019 1199 4915 1018 1194 4916 1016 1196 4917 1011 1503 4918 1017 1197 4919 1019 1199 4920 1021 1502 4921 1020 1190 4922 1019 1198 4923 1017 1197 4924 1022 1187 4925 1034 1200 4926 1024 1504 4927 1027 1201 4928 1032 1203 4929 1033 1505 4930 1027 1204 4931 1028 1206 4932 1031 1212 4933 1030 1207 4934 1028 1209 4935 1023 1506 4936 1029 1210 4937 1031 1212 4938 1033 1505 4939 1032 1203 4940 1031 1211 4941 1029 1210 4942 1034 1200 4943 1046 1213 4944 1036 1507 4945 1039 1214 4946 1044 1216 4947 1045 1508 4948 1039 1217 4949 1040 1219 4950 1043 1225 4951 1042 1220 4952 1040 1222 4953 1035 1509 4954 1041 1223 4955 1043 1225 4956 1045 1508 4957 1044 1216 4958 1043 1224 4959 1041 1223 4960 1046 1213 4961</p>
        </triangles>
      </mesh>
    </geometry>
  </library_geometries>
  <library_visual_scenes>
    <visual_scene id="Scene" name="Scene">
      <node id="special" name="special" type="NODE">
        <matrix sid="transform">1 0 0 0 0 1 0 0 0 0 1 0 0 0 0 1</matrix>
        <instance_geometry url="#Cube_030-mesh" name="special">
          <bind_material>
            <technique_common>
              <instance_material symbol="A_A_A-Textura_garamante-material" target="#A_A_A-Textura_garamante-material">
                <bind_vertex_input semantic="MapaUV" input_semantic="TEXCOORD" input_set="0"/>
              </instance_material>
            </technique_common>
          </bind_material>
        </instance_geometry>
      </node>
    </visual_scene>
  </library_visual_scenes>
  <scene>
    <instance_visual_scene url="#Scene"/>
  </scene>
</COLLADA>