<?xml version="1.0" encoding="utf-8"?>
<COLLADA xmlns="http://www.collada.org/2005/11/COLLADASchema" version="1.4.1" xmlns:xsi="http://www.w3.org/2001/XMLSchema-instance">
  <asset>
    <contributor>
      <author>Blender User</author>
      <authoring_tool>Blender 4.3.1 commit date:2024-12-10, commit time:07:46, hash:33d812126174</authoring_tool>
    </contributor>
    <created>2026-08-29T11:34:36</created>
    <modified>2026-08-29T11:34:36</modified>
    <unit name="meter" meter="1"/>
    <up_axis>Z_UP</up_axis>
  </asset>
  <library_effects>
    <effect id="A_A_A-Textura_garamante-effect">
      <profile_COMMON>
        <newparam sid="gara_struct_png-surface">
          <surface type="2D">
            <init_from>gara_struct_png</init_from>
          </surface>
        </newparam>
        <newparam sid="gara_struct_png-sampler">
          <sampler2D>
            <source>gara_struct_png-surface</source>
          </sampler2D>
        </newparam>
        <technique sid="common">
          <lambert>
            <emission>
              <color sid="emission">0 0 0 1</color>
            </emission>
            <diffuse>
              <texture texture="gara_struct_png-sampler" texcoord="MapaUV"/>
            </diffuse>
            <index_of_refraction>
              <float sid="ior">1.45</float>
            </index_of_refraction>
          </lambert>
        </technique>
      </profile_COMMON>
    </effect>
  </library_effects>
  <library_images>
    <image id="gara_struct_png" name="gara_struct_png">
      <init_from>gara_struct.png</init_from>
    </image>
  </library_images>
  <library_materials>
    <material id="A_A_A-Textura_garamante-material" name="A A A-Textura garamante">
      <instance_effect url="#A_A_A-Textura_garamante-effect"/>
    </material>
  </library_materials>
  <library_geometries>
    <geometry id="palm_straightMesh_005-mesh" name="palm_straightMesh.005">
      <mesh>
        <source id="palm_straightMesh_005-mesh-positions">
          <float_array id="palm_straightMesh_005-mesh-positions-array" count="3789">-14.28209 -10.51315 1.488276 -14.29033 -10.51513 1.983707 -14.16993 -10.69596 1.488276 -14.27322 -10.29608 1.983707 -14.26538 -10.29933 1.488276 -14.13061 -10.12893 1.983707 -14.12618 -10.13616 1.488276 -13.917 -10.07753 1.983707 -13.91765 -10.08598 1.488276 -13.71396 -10.16149 1.983707 -13.71946 -10.16795 1.488276 -13.59905 -10.34877 1.983707 -13.6073 -10.35075 1.488276 -13.61617 -10.56782 1.983707 -13.62401 -10.56457 1.488276 -13.75878 -10.73497 1.983707 -13.76321 -10.72774 1.488276 -13.97239 -10.78638 1.983707 -13.97173 -10.77793 1.488276 -14.17543 -10.70241 1.983707 -14.16367 -10.68862 2.497633 -13.97098 -10.76831 2.497633 -14.13536 -10.65545 2.994012 -13.96758 -10.72484 2.994012 -13.76825 -10.71952 2.497633 -13.79105 -10.68236 2.994012 -13.63292 -10.56089 2.497633 -13.67321 -10.54423 2.994012 -13.61667 -10.35301 2.497633 -13.65906 -10.36321 2.994012 -13.72572 -10.17528 2.497633 -13.75402 -10.20845 2.994012 -13.9184 -10.09559 2.497633 -13.92181 -10.13906 2.994012 -14.12114 -10.14438 2.497633 -14.09833 -10.18154 2.994012 -14.25647 -10.30301 2.497633 -14.21617 -10.31967 2.994012 -14.27271 -10.51089 2.497633 -14.23033 -10.50069 2.994012 -14.17855 -10.48823 3.490867 -14.16697 -10.34003 3.490867 -14.07049 -10.22693 3.490867 -14.13609 -10.3528 4.004285 -14.14606 -10.48041 4.004285 -14.13486 -10.47772 4.499747 -14.07912 -10.58952 4.004285 -14.12544 -10.3572 4.499747 -14.04698 -10.26524 4.499747 -14.02984 -10.29319 5.252615 -14.09514 -10.36973 5.252615 -14.10298 -10.47004 5.252615 -14.01595 -10.31582 6.005483 -14.07059 -10.37989 6.005483 -14.07716 -10.46383 6.005483 -14.01396 -10.31905 6.758351 -14.06709 -10.38133 6.758351 -14.07347 -10.46294 6.758351 -14.01117 -10.32361 7.511219 -14.06216 -10.38337 7.511219 -14.06827 -10.46169 7.511219 -14.00305 -10.33684 8.264088 -14.04782 -10.3893 8.264088 -14.05318 -10.45806 8.264088 -13.99565 -10.34889 9.016957 -14.03474 -10.39471 9.016957 -14.03944 -10.45475 9.016957 -14.00045 -10.34108 9.769824 -14.04321 -10.3912 9.769824 -14.04835 -10.4569 9.769824 -13.99445 -10.35085 10.52269 -14.03262 -10.39559 10.52269 -14.03719 -10.45421 10.52269 -13.98443 -10.3672 11.27556 -14.0149 -10.40292 11.27556 -14.01856 -10.44973 11.27556 -13.97879 -10.37637 12.02843 -14.00495 -10.40703 12.02843 -14.00808 -10.44721 12.02843 -13.96804 -10.3939 12.7813 -13.98594 -10.41489 12.7813 -13.98809 -10.4424 12.7813 -13.98701 -10.48156 12.02843 -13.97366 -10.46591 12.7813 -13.94977 -10.49695 12.02843 -13.94817 -10.47646 12.7813 -13.9106 -10.48753 12.02843 -13.92135 -10.47 12.7813 -13.31776 -11.23966 12.19516 -13.70433 -11.48966 12.80277 -13.62541 -10.52306 12.15044 -14.16232 -11.44291 12.19516 -14.21439 -10.6648 12.15044 -13.19639 -10.84583 12.70308 -13.48089 -11.0344 13.22298 -13.51053 -10.60072 12.45339 -13.68928 -11.27133 12.68703 -13.87667 -10.91679 12.44148 -14.27097 -11.26768 11.79344 -13.68621 -11.56498 12.37145 -14.31366 -10.44021 12.05575 -13.30073 -11.03418 11.79344 -13.63919 -10.27789 12.05575 -14.85147 -10.94701 12.60635 -14.89704 -10.46601 13.11562 -14.23475 -10.87621 12.38061 -14.84997 -10.2441 12.50231 -14.24528 -10.35817 12.28646 -14.02505 -9.421847 12.39709 -13.41205 -9.611821 12.84896 -14.30817 -10.09818 12.33255 -13.14048 -9.980954 12.21817 -13.6504 -10.5077 12.18081 -13.56823 -11.18752 11.87616 -14.14116 -11.49469 12.417 -13.55424 -10.44473 12.15353 -14.68813 -11.00041 12.01431 -14.38893 -10.30245 12.23533 -13.0799 -10.60386 12.99591 -13.46596 -10.71197 13.46017 -13.44525 -10.51901 12.53673 -13.41728 -11.15901 13.04297 -13.69587 -10.93138 12.57169 -14.20384 -11.33648 12.88702 -14.33887 -10.97943 13.36718 -14.00826 -10.94816 12.48392 -14.71823 -10.93692 12.88702 -14.39036 -10.65136 12.48392 -14.24736 -11.02167 12.32215 -14.80455 -9.940399 12.51436 -13.794 -10.44566 12.02441 -14.41574 -10.60422 12.17909 -13.64518 -9.644741 12.22592 -13.67235 -10.87504 12.17909 -13.7653 -10.82786 12.11746 -14.8876 -10.90424 12.61862 -14.09318 -10.10781 12.11746 -14.2872 -10.68136 12.11746 -14.43497 -9.566205 12.61862 -13.58952 -10.30824 12.11746 -14.08437 -10.10446 12.11746 -12.96155 -10.17294 12.61862 -13.85174 -10.86068 12.11746 -13.02558 -10.74982 11.99552 -12.07057 -9.898839 12.14636 -12.27243 -10.66141 11.6286 -11.3616 -9.680735 11.4103 -11.66021 -10.61635 11.05167 -10.90335 -9.539761 10.48179 -11.24343 -10.63142 10.31972 -10.74025 -9.489584 9.450833 -11.05796 -10.71766 9.502505 -11.79823 -8.828004 10.31972 -11.6933 -8.652435 9.502505 -12.13447 -9.074736 11.05167 -12.66615 -9.381589 11.6286 -13.33876 -9.731799 11.99552 -13.85651 -9.518597 11.99551 -14.87458 -8.744185 12.14636 -14.08748 -8.796301 11.6286 -15.2244 -8.090083 11.4103 -14.24891 -8.204035 11.05167 -15.4505 -7.667301 10.48179 -14.31392 -7.792075 10.31972 -15.53098 -7.516824 9.450833 -14.26479 -7.593527 9.502505 -15.97775 -8.681897 10.31972 -16.17017 -8.612519 9.502505 -15.67121 -8.964678 11.05168 -15.26824 -9.427775 11.6286 -14.79573 -10.02089 11.99552 -14.89824 -10.32392 11.99552 -15.73598 -11.29056 12.14636 -15.63379 -10.50837 11.6286 -16.41105 -11.59796 11.4103 -16.23514 -10.63172 11.05168 -16.84739 -11.79665 10.48179 -16.65041 -10.67033 10.31972 -17.00268 -11.86737 9.450833 -16.84541 -10.60865 9.502505 -15.86847 -12.38751 10.31972 -15.94996 -12.57511 9.502505 -15.56672 -12.09961 11.05168 -15.07887 -11.72699 11.6286 -14.45684 -11.29325 11.99552 -13.30129 -10.25659 11.74372 -13.41534 -9.013816 11.42523 -12.98724 -9.794627 11.11314 -13.28093 -8.644852 10.45683 -12.74785 -9.537618 10.34742 -13.25497 -8.573605 9.414595 -12.59368 -9.51453 9.519537 -13.34 -8.806982 8.399554 -12.52715 -9.732022 8.708397 -14.36654 -8.868682 9.519539 -14.55737 -8.992421 8.708399 -14.26335 -8.985538 10.34742 -14.24536 -9.3363 11.11314 -14.30205 -9.892024 11.74372 -14.39663 -9.916149 11.76726 -15.6217 -9.576479 11.97414 -14.9705 -9.521229 11.29354 -16.32041 -9.41998 11.21301 -15.45342 -9.28903 10.64349 -16.83294 -9.486057 10.30475 -15.79189 -9.232178 9.874154 -17.10962 -9.768317 9.337395 -15.94619 -9.346602 9.053915 -16.87307 -10.60586 10.58421 -17.18433 -10.91969 9.867051 -16.37764 -10.46329 11.25047 -15.73777 -10.49607 11.79744 -15.00695 -10.69158 12.16808 -15.11763 -11.31458 13.0476 -14.83225 -11.6146 13.58877 -15.50829 -11.68098 12.92696 -15.30744 -12.22634 13.39179 -15.648 -12.66478 12.8245 -15.81202 -11.93546 12.55418 -15.7705 -12.82248 12.02589 -15.97157 -12.00434 12.01906 -14.90078 -12.64329 12.55418 -14.92805 -12.81492 12.01906 -14.72934 -12.28605 12.92696 -14.47097 -11.8169 13.0476 -13.01529 -11.48028 13.29422 -12.80499 -11.08425 13.8073 -12.59719 -11.835 13.26635 -12.12719 -11.50208 13.73761 -11.59865 -11.86308 13.26819 -12.27417 -12.15491 12.96753 -11.34887 -12.07882 12.51405 -12.13449 -12.38013 12.47123 -11.67648 -11.17146 12.88417 -11.45003 -11.25391 12.37577 -12.08627 -10.99432 13.19509 -12.59114 -10.78236 13.23506 -15.01096 -11.47232 11.58405 -14.33942 -12.15623 11.71693 -14.60721 -12.29744 10.88811 -15.36782 -11.60814 11.07458 -14.96342 -11.94218 10.12191 -15.75864 -11.40749 10.60251 -15.38084 -11.2515 9.50593 -16.16794 -10.96187 10.2299 -14.28023 -11.159 9.10986 -13.97314 -11.63039 9.816527 -13.75165 -11.83879 10.57982 -13.6233 -11.69059 11.311 -12.69937 -9.539649 11.99062 -13.01178 -8.869343 12.50025 -12.74942 -8.483755 11.82703 -12.35647 -9.327147 11.5588 -12.59586 -8.527379 10.99139 -12.10948 -9.395028 11.01784 -12.51223 -8.908994 10.13387 -11.93607 -9.69684 10.45764 -13.4903 -8.452813 9.987753 -13.56007 -8.311306 10.81115 -13.65406 -8.419857 11.56013 -13.80268 -8.81224 12.12373 -15.40554 -10.17678 12.40277 -15.74054 -10.55189 12.90399 -16.2198 -10.61835 12.24815 -15.75042 -10.11072 12.03535 -16.33213 -10.60988 11.38859 -15.85735 -10.01726 11.52786 -15.80392 -9.896143 11.02317 -16.25595 -10.53257 10.56022 -16.14034 -11.28912 11.2947 -16.22838 -11.32831 10.60153 -15.90471 -11.20308 11.96854 -15.46166 -11.075 12.4542 -12.91302 -11.58474 11.24002 -13.4882 -12.38773 11.53158 -13.39033 -12.79439 10.4151 -12.48127 -11.81772 10.51292 -13.41047 -12.71071 9.225945 -12.03053 -11.68143 9.762633 -13.54494 -12.15196 8.181342 -11.60389 -11.19386 9.142659 -15.1076 -12.42196 9.762633 -15.70937 -12.18189 9.14266 -14.64421 -12.33825 10.51292 -14.36574 -11.93436 11.24002 -13.46926 -11.65217 12.62809 -12.96177 -11.63096 13.09615 -12.64546 -11.9735 12.46302 -13.35336 -11.90196 12.29208 -12.6871 -11.89399 11.63415 -13.42808 -11.92657 11.84015 -13.06628 -11.43145 11.01611 -13.68794 -11.74052 11.48935 -12.68804 -10.87733 11.52191 -12.55493 -11.1728 11.86857 -12.60697 -11.25762 12.31639 -12.84962 -11.11725 12.64827 -14.20118 -12.188 11.95709 -13.47758 -12.43187 12.41893 -13.30331 -13.156 11.68971 -14.37792 -12.7951 11.48738 -13.20872 -13.54901 10.72894 -14.70958 -13.17785 10.87465 -13.2086 -13.54956 9.686581 -15.17832 -13.2818 10.22907 -12.04108 -12.53565 10.87464 -11.57637 -12.41495 10.22907 -12.51056 -12.34569 11.48738 -12.94416 -11.88548 11.95709 -13.88444 -10.45687 12.02843 -13.90344 -10.44901 12.7813 -13.88131 -10.41669 12.02843 -13.90129 -10.42151 12.7813 -13.90237 -10.38234 12.02843 -13.91572 -10.39799 12.7813 -13.93962 -10.36695 12.02843 -13.94121 -10.38744 12.7813 -13.93877 -10.35621 11.27556 -13.93728 -10.3371 10.52269 -13.89539 -10.37416 11.27556 -13.88294 -10.35957 10.52269 -13.87083 -10.41417 11.27556 -13.85219 -10.40969 10.52269 -13.87449 -10.46098 11.27556 -13.85677 -10.46831 10.52269 -13.90496 -10.4967 11.27556 -13.89494 -10.51305 10.52269 -13.95061 -10.50769 11.27556 -13.9521 -10.52681 10.52269 -13.994 -10.48975 11.27556 -14.00644 -10.50433 10.52269 -14.01389 -10.51306 9.769824 -13.953 -10.53825 9.769824 -13.95229 -10.5291 9.016957 -13.89373 -10.51501 9.016957 -13.88894 -10.52283 9.769824 -13.85464 -10.4692 9.016957 -13.84617 -10.4727 9.769824 -13.84995 -10.40915 9.016957 -13.84104 -10.40701 9.769824 -13.88145 -10.35781 9.016957 -13.8755 -10.35084 9.769824 -13.9371 -10.3348 9.016957 -13.93639 -10.32566 9.769824 -13.936 -10.3207 8.264088 -13.93479 -10.30523 7.511219 -13.87227 -10.34705 8.264088 -13.8622 -10.33525 7.511219 -13.8362 -10.40584 8.264088 -13.82111 -10.40221 7.511219 -13.84157 -10.4746 8.264088 -13.82723 -10.48053 7.511219 -13.88634 -10.52707 8.264088 -13.87822 -10.54029 7.511219 -13.95338 -10.5432 8.264088 -13.9546 -10.55867 7.511219 -14.01712 -10.51685 8.264088 -14.00794 -10.50609 9.016957 -14.02719 -10.52865 7.511219 -14.03066 -10.53272 6.758351 -13.95501 -10.56401 6.758351 -13.95531 -10.56778 6.005483 -13.87344 -10.54808 6.005483 -13.87542 -10.54485 6.758351 -13.81879 -10.48402 6.005483 -13.82229 -10.48257 6.758351 -13.81223 -10.40007 6.005483 -13.81592 -10.40096 6.758351 -13.85626 -10.3283 6.005483 -13.85873 -10.33119 6.758351 -13.93408 -10.29612 6.005483 -13.93437 -10.2999 6.758351 -13.93201 -10.26964 5.252615 -13.92945 -10.23695 4.499747 -13.83903 -10.30809 5.252615 -13.81775 -10.28315 4.499747 -13.78641 -10.39386 5.252615 -13.75453 -10.38619 4.499747 -13.79425 -10.49417 5.252615 -13.76394 -10.5067 4.499747 -13.85955 -10.57072 5.252615 -13.8424 -10.59867 4.499747 -13.95738 -10.59426 5.252615 -13.95993 -10.62695 4.499747 -14.05035 -10.55581 5.252615 -14.03312 -10.5356 6.005483 -14.07164 -10.58076 4.499747 -13.96082 -10.63844 4.004285 -13.83638 -10.60849 4.004285 -14.10081 -10.61494 3.490867 -13.96344 -10.67176 3.490867 -13.8189 -10.63697 3.490867 -13.72242 -10.52388 3.490867 -13.75329 -10.5111 4.004285 -13.74333 -10.38349 4.004285 -13.81026 -10.27439 4.004285 -13.71083 -10.37567 3.490867 -13.78858 -10.24896 3.490867 -13.92595 -10.19215 3.490867 -13.92856 -10.22546 4.004285 -14.053 -10.25541 4.004285 -13.25748 -10.75165 7.141497 -13.5774 -9.741214 7.141581 -14.37017 -11.10515 7.141489 -14.7116 -10.10672 7.141558 -13.25748 -10.75165 7.141497 -13.5774 -9.741214 7.141581 -14.37017 -11.10515 7.141489 -14.7116 -10.10672 7.141558 -13.72204 -11.17495 7.812262 -13.2049 -10.24981 7.812345 -14.74169 -10.60629 7.812255 -14.24802 -9.673699 7.812324 -14.28926 -11.15461 6.441051 -13.28584 -10.81335 6.441135 -14.66626 -10.04965 6.441044 -13.67528 -9.68715 6.441114 -14.67 -10.81284 5.637558 -13.6674 -11.15654 5.637642 -14.29248 -9.708061 5.63755 -13.28674 -10.02734 5.63762 15.05452 -15.56556 1.488276 15.04627 -15.56755 1.983707 15.16668 -15.74837 1.488276 15.06338 -15.3485 1.983707 15.07122 -15.35174 1.488276 15.20599 -15.18135 1.983707 15.21043 -15.18857 1.488276 15.41961 -15.12994 1.983707 15.41895 -15.13839 1.488276 15.62265 -15.2139 1.983707 15.61714 -15.22036 1.488276 15.73755 -15.40118 1.983707 15.72931 -15.40317 1.488276 15.72044 -15.62023 1.983707 15.7126 -15.61699 1.488276 15.57783 -15.78738 1.983707 15.5734 -15.78015 1.488276 15.36422 -15.8388 1.983707 15.36487 -15.83034 1.488276 15.16117 -15.75483 1.983707 15.17294 -15.74104 2.497633 15.36563 -15.82073 2.497633 15.20124 -15.70787 2.994012 15.36903 -15.77726 2.994012 15.56835 -15.77193 2.497633 15.54555 -15.73477 2.994012 15.70369 -15.61331 2.497633 15.66339 -15.59664 2.994012 15.71993 -15.40542 2.497633 15.67754 -15.41562 2.994012 15.61089 -15.22769 2.497633 15.58258 -15.26086 2.994012 15.4182 -15.14801 2.497633 15.4148 -15.19147 2.994012 15.21547 -15.1968 2.497633 15.23827 -15.23395 2.994012 15.08013 -15.35542 2.497633 15.12043 -15.37209 2.994012 15.06389 -15.56331 2.497633 15.10628 -15.55311 2.994012 15.15805 -15.54065 3.490867 15.16964 -15.39244 3.490867 15.26611 -15.27934 3.490867 15.20051 -15.40521 4.004285 15.19055 -15.53283 4.004285 15.20175 -15.53013 4.499747 15.25748 -15.64193 4.004285 15.21116 -15.40961 4.499747 15.28962 -15.31765 4.499747 15.30677 -15.3456 5.252615 15.24147 -15.42214 5.252615 15.23363 -15.52246 5.252615 15.32066 -15.36824 6.005483 15.26601 -15.4323 6.005483 15.25945 -15.51624 6.005483 15.32264 -15.37146 6.758351 15.26951 -15.43375 6.758351 15.26313 -15.51536 6.758351 15.32543 -15.37602 7.511219 15.27445 -15.43579 7.511219 15.26833 -15.51411 7.511219 15.33355 -15.38925 8.264088 15.28879 -15.44171 8.264088 15.28342 -15.51047 8.264088 15.34095 -15.40131 9.016955 15.30186 -15.44712 9.016955 15.29716 -15.50717 9.016955 15.33616 -15.39349 9.769824 15.29339 -15.44362 9.769824 15.28825 -15.50931 9.769824 15.34216 -15.40327 10.52269 15.30399 -15.448 10.52269 15.29941 -15.50663 10.52269 15.35218 -15.41961 11.27556 15.32171 -15.45533 11.27556 15.31805 -15.50214 11.27556 15.35782 -15.42879 12.02843 15.33166 -15.45944 12.02843 15.32852 -15.49962 12.02843 15.36857 -15.44632 12.78129 15.35066 -15.4673 12.78129 15.34851 -15.49481 12.78129 15.34959 -15.53397 12.02843 15.36294 -15.51833 12.78129 15.38684 -15.54937 12.02843 15.38843 -15.52887 12.78129 15.42601 -15.53994 12.02843 15.41526 -15.52241 12.78129 16.01884 -16.29207 12.19516 15.63227 -16.54207 12.80277 15.7112 -15.57547 12.15044 15.17428 -16.49532 12.19516 15.12221 -15.71722 12.15044 16.14021 -15.89825 12.70308 15.85571 -16.08682 13.22298 15.82607 -15.65314 12.45339 15.64733 -16.32374 12.68703 15.45994 -15.96921 12.44148 15.06563 -16.32009 11.79344 15.6504 -16.61739 12.37145 15.02295 -15.49262 12.05575 16.03588 -16.08659 11.79344 15.69741 -15.3303 12.05575 14.48514 -15.99943 12.60635 14.43957 -15.51842 13.11562 15.10185 -15.92862 12.38061 14.48664 -15.29652 12.50231 15.09132 -15.41059 12.28646 15.31156 -14.47426 12.39709 15.92455 -14.66423 12.84896 15.02844 -15.1506 12.33255 16.19612 -15.03337 12.21817 15.6862 -15.56011 12.18081 15.76837 -16.23994 11.87616 15.19544 -16.54711 12.417 15.78236 -15.49714 12.15353 14.64847 -16.05283 12.01431 14.94767 -15.35487 12.23533 16.25671 -15.65627 12.99591 15.87065 -15.76439 13.46017 15.89136 -15.57142 12.53673 15.91932 -16.21143 13.04297 15.64073 -15.9838 12.57168 15.13277 -16.3889 12.88702 14.99774 -16.03184 13.36718 15.32834 -16.00058 12.48392 14.61838 -15.98934 12.88702 14.94624 -15.70377 12.48392 15.08924 -16.07409 12.32215 14.53205 -14.99281 12.51436 15.5426 -15.49808 12.02441 14.92086 -15.65663 12.17909 15.69143 -14.69715 12.22592 15.66426 -15.92745 12.17909 15.57131 -15.88027 12.11746 14.449 -15.95665 12.61862 15.24342 -15.16022 12.11746 15.0494 -15.73377 12.11746 14.90163 -14.61862 12.61862 15.74709 -15.36065 12.11746 15.25223 -15.15688 12.11746 16.37505 -15.22535 12.61862 15.48487 -15.91309 12.11746 16.31102 -15.80223 11.99552 17.26603 -14.95125 12.14636 17.06418 -15.71382 11.6286 17.975 -14.73315 11.4103 17.6764 -15.66877 11.05168 18.43325 -14.59218 10.48179 18.09318 -15.68384 10.31972 18.59636 -14.542 9.450833 18.27865 -15.77007 9.502505 17.53838 -13.88042 10.31972 17.64331 -13.70485 9.502505 17.20214 -14.12715 11.05168 16.67046 -14.434 11.6286 15.99784 -14.78421 11.99552 15.4801 -14.57101 11.99551 14.46202 -13.7966 12.14636 15.24913 -13.84872 11.6286 14.11221 -13.14249 11.4103 15.08769 -13.25645 11.05168 13.8861 -12.71971 10.48179 15.02269 -12.84449 10.31972 13.80563 -12.56924 9.450833 15.07181 -12.64594 9.502505 13.35885 -13.73431 10.31972 13.16644 -13.66493 9.502505 13.6654 -14.01709 11.05168 14.06837 -14.48019 11.6286 14.54088 -15.0733 11.99552 14.43837 -15.37633 11.99552 13.60063 -16.34297 12.14636 13.70282 -15.56079 11.6286 12.92555 -16.65037 11.4103 13.10146 -15.68414 11.05168 12.48922 -16.84906 10.48179 12.6862 -15.72275 10.31972 12.33392 -16.91979 9.450833 12.49119 -15.66106 9.502505 13.46814 -17.43992 10.31972 13.38664 -17.62752 9.502505 13.76989 -17.15203 11.05168 14.25773 -16.7794 11.6286 14.87977 -16.34567 11.99552 16.03531 -15.30901 11.74372 15.92126 -14.06623 11.42523 16.34936 -14.84704 11.11314 16.05568 -13.69726 10.45683 16.58875 -14.59003 10.34742 16.08163 -13.62602 9.414595 16.74292 -14.56694 9.519537 15.99661 -13.8594 8.399554 16.80945 -14.78443 8.708397 14.97007 -13.9211 9.519537 14.77923 -14.04483 8.708397 15.07326 -14.03795 10.34742 15.09124 -14.38871 11.11314 15.03455 -14.94444 11.74372 14.93997 -14.96856 11.76726 13.7149 -14.62889 11.97414 14.36611 -14.57364 11.29354 13.0162 -14.47239 11.21301 13.88319 -14.34144 10.64349 12.50367 -14.53847 10.30475 13.54472 -14.28459 9.874152 12.22699 -14.82073 9.337395 13.39042 -14.39901 9.053915 12.46353 -15.65828 10.58421 12.15228 -15.9721 9.867049 12.95896 -15.5157 11.25047 13.59884 -15.54849 11.79744 14.32965 -15.74399 12.16808 14.21897 -16.367 13.0476 14.50436 -16.66701 13.58877 13.82831 -16.7334 12.92696 14.02917 -17.27876 13.39179 13.6886 -17.71719 12.8245 13.52459 -16.98787 12.55418 13.5661 -17.87489 12.02589 13.36504 -17.05676 12.01906 14.43582 -17.6957 12.55418 14.40856 -17.86733 12.01906 14.60726 -17.33846 12.92696 14.86563 -16.86931 13.0476 16.32131 -16.5327 13.29422 16.53162 -16.13667 13.8073 16.73941 -16.88742 13.26635 17.20941 -16.55449 13.73761 17.73795 -16.9155 13.26819 17.06244 -17.20733 12.96753 17.98774 -17.13123 12.51405 17.20211 -17.43254 12.47123 17.66013 -16.22387 12.88417 17.88657 -16.30633 12.37577 17.25034 -16.04673 13.19509 16.74547 -15.83477 13.23506 14.32565 -16.52474 11.58405 14.99718 -17.20865 11.71693 14.72939 -17.34985 10.88811 13.96878 -16.66055 11.07458 14.37319 -16.9946 10.12191 13.57797 -16.4599 10.60251 13.95576 -16.30391 9.50593 13.16866 -16.01429 10.2299 15.05637 -16.21142 9.10986 15.36346 -16.6828 9.816527 15.58495 -16.89121 10.57982 15.7133 -16.743 11.311 16.63723 -14.59206 11.99062 16.32482 -13.92176 12.50025 16.58719 -13.53617 11.82703 16.98014 -14.37956 11.5588 16.74075 -13.57979 10.99139 17.22712 -14.44744 11.01785 16.82437 -13.96141 10.13387 17.40054 -14.74925 10.45764 15.8463 -13.50522 9.987754 15.77653 -13.36372 10.81115 15.68254 -13.47227 11.56014 15.53392 -13.86465 12.12373 13.93107 -15.2292 12.40277 13.59606 -15.6043 12.90399 13.1168 -15.67077 12.24815 13.58619 -15.16313 12.03535 13.00448 -15.66229 11.38859 13.47925 -15.06968 11.52786 13.53268 -14.94855 11.02317 13.08065 -15.58499 10.56022 13.19627 -16.34154 11.2947 13.10823 -16.38072 10.60153 13.43189 -16.2555 11.96854 13.87495 -16.12741 12.4542 16.42359 -16.63715 11.24002 15.8484 -17.44014 11.53158 15.94627 -17.84681 10.4151 16.85533 -16.87013 10.51292 15.92613 -17.76313 9.225945 17.30607 -16.73384 9.762633 15.79166 -17.20438 8.181342 17.73271 -16.24627 9.142659 14.229 -17.47438 9.762633 13.62724 -17.23431 9.142659 14.69239 -17.39067 10.51292 14.97087 -16.98677 11.24002 15.86734 -16.70458 12.62809 16.37483 -16.68337 13.09615 16.69114 -17.02591 12.46302 15.98324 -16.95438 12.29208 16.6495 -16.94641 11.63415 15.90853 -16.97898 11.84015 16.27033 -16.48386 11.01611 15.64866 -16.79293 11.48935 16.64857 -15.92974 11.52191 16.78168 -16.22522 11.86857 16.72964 -16.31003 12.31639 16.48698 -16.16966 12.64827 15.13543 -17.24041 11.95709 15.85902 -17.48429 12.41893 16.0333 -18.20841 11.68971 14.95868 -17.84751 11.48738 16.12788 -18.60143 10.72894 14.62703 -18.23027 10.87464 16.12801 -18.60198 9.686581 14.15829 -18.33421 10.22907 17.29553 -17.58806 10.87464 17.76024 -17.46736 10.22907 16.82605 -17.39811 11.48738 16.39244 -16.93789 11.95709 15.45217 -15.50928 12.02843 15.43316 -15.50142 12.78129 15.4553 -15.46911 12.02843 15.43531 -15.47392 12.78129 15.43423 -15.43476 12.02843 15.42088 -15.45041 12.78129 15.39699 -15.41936 12.02843 15.39539 -15.43986 12.78129 15.39783 -15.40863 11.27556 15.39932 -15.38951 10.52269 15.44122 -15.42657 11.27556 15.45366 -15.41198 10.52269 15.46577 -15.46659 11.27556 15.48441 -15.4621 10.52269 15.46211 -15.5134 11.27556 15.47984 -15.52073 10.52269 15.43164 -15.54912 11.27556 15.44167 -15.56546 10.52269 15.38599 -15.5601 11.27556 15.3845 -15.57922 10.52269 15.3426 -15.54216 11.27556 15.33016 -15.55675 10.52269 15.32272 -15.56547 9.769824 15.38361 -15.59066 9.769824 15.38432 -15.58152 9.016955 15.44287 -15.56742 9.016955 15.44767 -15.57524 9.769824 15.48196 -15.52161 9.016955 15.49044 -15.52511 9.769824 15.48666 -15.46157 9.016955 15.49557 -15.45942 9.769824 15.45516 -15.41023 9.016955 15.46111 -15.40325 9.769824 15.3995 -15.38721 9.016955 15.40021 -15.37807 9.769824 15.4006 -15.37311 8.264088 15.40182 -15.35764 7.511219 15.46434 -15.39947 8.264088 15.47441 -15.38766 7.511219 15.5004 -15.45826 8.264088 15.51549 -15.45462 7.511219 15.49503 -15.52701 8.264088 15.50938 -15.53295 7.511219 15.45027 -15.57948 8.264088 15.45839 -15.5927 7.511219 15.38322 -15.59562 8.264088 15.38201 -15.61109 7.511219 15.31948 -15.56926 8.264088 15.32866 -15.5585 9.016955 15.30941 -15.58107 7.511219 15.30594 -15.58513 6.758351 15.38159 -15.61642 6.758351 15.38129 -15.62019 6.005483 15.46317 -15.60049 6.005483 15.46118 -15.59726 6.758351 15.51781 -15.53643 6.005483 15.51431 -15.53498 6.758351 15.52437 -15.45248 6.005483 15.52069 -15.45337 6.758351 15.48034 -15.38072 6.005483 15.47788 -15.3836 6.758351 15.40253 -15.34854 6.005483 15.40223 -15.35231 6.758351 15.4046 -15.32206 5.252615 15.40715 -15.28936 4.499747 15.49757 -15.36051 5.252615 15.51886 -15.33556 4.499747 15.55019 -15.44627 5.252615 15.58208 -15.4386 4.499747 15.54235 -15.54659 5.252615 15.57266 -15.55912 4.499747 15.47705 -15.62313 5.252615 15.4942 -15.65108 4.499747 15.37923 -15.64667 5.252615 15.37667 -15.67936 4.499747 15.28625 -15.60822 5.252615 15.30348 -15.58801 6.005483 15.26497 -15.63317 4.499747 15.37578 -15.69085 4.004285 15.50022 -15.6609 4.004285 15.2358 -15.66736 3.490867 15.37317 -15.72417 3.490867 15.51771 -15.68939 3.490867 15.61419 -15.57629 3.490867 15.58331 -15.56352 4.004285 15.59328 -15.43591 4.004285 15.52634 -15.3268 4.004285 15.62577 -15.42808 3.490867 15.54802 -15.30137 3.490867 15.41065 -15.24456 3.490867 15.40804 -15.27788 4.004285 15.2836 -15.30783 4.004285 16.07913 -15.80406 7.141497 15.7592 -14.79363 7.141581 14.96643 -16.15756 7.141489 14.62501 -15.15913 7.141558 16.07913 -15.80406 7.141497 15.7592 -14.79363 7.141581 14.96643 -16.15756 7.141489 14.62501 -15.15913 7.141558 15.61456 -16.22736 7.812262 16.13171 -15.30222 7.812345 14.59492 -15.6587 7.812253 15.08859 -14.72611 7.812324 15.04734 -16.20702 6.441051 16.05077 -15.86577 6.441135 14.67035 -15.10206 6.441044 15.66132 -14.73956 6.441114 14.6666 -15.86525 5.637558 15.6692 -16.20895 5.637642 15.04413 -14.76047 5.63755 16.04986 -15.07975 5.63762 -5.331271 9.478893 1.488276 -5.339519 9.476908 1.983707 -5.219108 9.296084 1.488276 -5.322402 9.69596 1.983707 -5.314561 9.692715 1.488276 -5.179794 9.863106 1.983707 -5.175363 9.855883 1.488276 -4.966181 9.914517 1.983707 -4.966837 9.906066 1.488276 -4.763141 9.830552 1.983707 -4.768646 9.824097 1.488276 -4.648234 9.643274 1.983707 -4.656481 9.64129 1.488276 -4.665351 9.424222 1.983707 -4.673192 9.427466 1.488276 -4.80796 9.257074 1.983707 -4.812388 9.2643 1.488276 -5.021569 9.205659 1.983707 -5.020916 9.214116 1.488276 -5.224614 9.28963 1.983707 -5.212851 9.30342 2.497633 -5.020163 9.223731 2.497633 -5.184548 9.336589 2.994011 -5.016763 9.267197 2.994011 -4.817433 9.272521 2.497633 -4.840236 9.30968 2.994011 -4.6821 9.431151 2.497633 -4.722396 9.447812 2.994011 -4.665857 9.639034 2.497633 -4.708244 9.628831 2.994011 -4.774903 9.816762 2.497633 -4.803204 9.783591 2.994011 -4.967588 9.896452 2.497633 -4.97099 9.852985 2.994011 -5.17032 9.847661 2.497633 -5.147516 9.810502 2.994011 -5.305653 9.689034 2.497633 -5.265359 9.672369 2.994011 -5.321896 9.481148 2.497633 -5.27951 9.49135 2.994011 -5.227735 9.503811 3.490867 -5.216153 9.652016 3.490867 -5.119674 9.765112 3.490867 -5.185273 9.639243 4.004285 -5.195241 9.511631 4.004285 -5.184041 9.514325 4.499747 -5.128304 9.402523 4.004285 -5.174626 9.634843 4.499747 -5.096167 9.726806 4.499747 -5.07902 9.698854 5.252615 -5.14432 9.622313 5.252615 -5.15216 9.521998 5.252615 -5.065129 9.676218 6.005483 -5.119779 9.612158 6.005483 -5.126339 9.528211 6.005483 -5.063148 9.67299 6.758351 -5.116277 9.610711 6.758351 -5.122654 9.5291 6.758351 -5.060353 9.668429 7.511219 -5.111339 9.608671 7.511219 -5.117456 9.53035 7.511219 -5.052233 9.655206 8.264088 -5.097 9.60274 8.264088 -5.102367 9.533982 8.264088 -5.04484 9.643151 9.016957 -5.083928 9.597336 9.016957 -5.088625 9.537289 9.016957 -5.049633 9.650967 9.769824 -5.092399 9.60084 9.769824 -5.097537 9.535145 9.769824 -5.043632 9.641189 10.52269 -5.081799 9.596453 10.52269 -5.08638 9.53783 10.52269 -5.033607 9.624843 11.27556 -5.064077 9.589121 11.27556 -5.067739 9.542316 11.27556 -5.027971 9.615667 12.02843 -5.054131 9.585011 12.02843 -5.057266 9.544835 12.02843 -5.017223 9.598139 12.7813 -5.035124 9.577151 12.7813 -5.037274 9.549646 12.7813 -5.036196 9.510484 12.02843 -5.022847 9.526133 12.7813 -4.998952 9.495088 12.02843 -4.997356 9.515585 12.7813 -4.959781 9.504515 12.02843 -4.970529 9.522043 12.7813 -4.366944 8.752387 12.19516 -4.753514 8.502381 12.80277 -4.674589 9.468984 12.15044 -5.211503 8.549132 12.19516 -5.263574 9.327239 12.15044 -4.245575 9.14621 12.70308 -4.530077 8.957637 13.22298 -4.559715 9.391318 12.45339 -4.73846 8.720717 12.68704 -4.925848 9.075249 12.44148 -5.320155 8.724364 11.79344 -4.735389 8.427062 12.37145 -5.362843 9.551835 12.05575 -4.349911 8.957864 11.79344 -4.688374 9.714154 12.05575 -5.900648 9.045025 12.60635 -5.946221 9.526038 13.11562 -5.283936 9.115835 12.38061 -5.89915 9.747942 12.50231 -5.294467 9.633872 12.28646 -5.074232 10.5702 12.39709 -4.461234 10.38022 12.84897 -5.357353 9.893857 12.33255 -4.189665 10.01109 12.21817 -4.699586 9.484341 12.18081 -4.617415 8.804518 11.87616 -5.190343 8.497346 12.417 -4.603427 9.547312 12.15353 -5.73732 8.991629 12.01431 -5.438113 9.689587 12.23533 -4.12908 9.388182 12.99591 -4.515139 9.28007 13.46017 -4.494428 9.473038 12.53673 -4.466468 8.833031 13.04297 -4.745054 9.060656 12.57169 -5.253023 8.655559 12.88702 -5.388048 9.012614 13.36718 -5.057444 9.043875 12.48392 -5.767409 9.055119 12.88702 -5.439543 9.340682 12.48392 -5.296548 8.970368 12.32215 -5.853737 10.05165 12.51436 -4.843184 9.546378 12.02441 -5.464924 9.387825 12.17909 -4.694362 10.3473 12.22592 -4.721529 9.117007 12.17909 -4.814479 9.164181 12.11747 -5.936788 9.087804 12.61862 -5.142364 9.884235 12.11747 -5.336386 9.310683 12.11747 -5.484155 10.42584 12.61862 -4.638701 9.683802 12.11747 -5.133555 9.88758 12.11747 -4.010738 9.819108 12.61862 -4.90092 9.131363 12.11747 -4.074768 9.242225 11.99552 -3.119757 10.0932 12.14636 -3.321615 9.330634 11.6286 -2.410782 10.31131 11.4103 -2.709392 9.375687 11.05168 -1.95253 10.45228 10.48179 -2.292611 9.360615 10.31972 -1.789431 10.50246 9.450832 -2.107144 9.274383 9.502505 -2.847407 11.16404 10.31972 -2.742481 11.33961 9.502505 -3.183652 10.91731 11.05168 -3.71533 10.61045 11.6286 -4.387942 10.26024 11.99552 -4.905689 10.47344 11.99551 -5.923765 11.24786 12.14636 -5.13666 11.19574 11.6286 -6.273581 11.90196 11.4103 -5.298098 11.78801 11.05168 -6.499684 12.32474 10.48179 -5.363098 12.19997 10.31972 -6.58016 12.47522 9.450833 -5.313975 12.39851 9.502505 -7.026937 11.31015 10.31972 -7.21935 11.37952 9.502505 -6.72039 11.02736 11.05168 -6.317419 10.56427 11.6286 -5.844909 9.97115 11.99552 -5.947422 9.668128 11.99552 -6.785158 8.701484 12.14636 -6.68297 9.48367 11.6286 -7.460233 8.394083 11.4103 -7.284325 9.360319 11.05168 -7.896567 8.195391 10.48179 -7.699591 9.321709 10.31972 -8.051869 8.124672 9.450833 -7.894599 9.383397 9.502505 -6.917649 7.604532 10.31972 -6.999144 7.416934 9.502505 -6.615899 7.892425 11.05168 -6.128056 8.265054 11.6286 -5.506023 8.698791 11.99552 -4.350475 9.735447 11.74372 -4.464527 10.97823 11.42523 -4.036427 10.19742 11.11314 -4.330111 11.34719 10.45683 -3.797037 10.45443 10.34742 -4.304159 11.41844 9.414595 -3.642863 10.47751 9.519537 -4.389179 11.18506 8.399554 -3.576337 10.26002 8.708397 -5.41572 11.12336 9.519539 -5.606556 10.99962 8.708399 -5.312528 11.0065 10.34742 -5.294547 10.65574 11.11314 -5.351234 10.10002 11.74372 -5.445818 10.0759 11.76726 -6.670884 10.41556 11.97414 -6.019682 10.47081 11.29354 -7.36959 10.57206 11.21301 -6.502599 10.70301 10.64349 -7.88212 10.50599 10.30475 -6.841068 10.75986 9.874154 -8.158802 10.22373 9.337395 -6.99537 10.64544 9.053915 -7.922255 9.386179 10.58421 -8.233511 9.07235 9.867051 -7.426825 9.528753 11.25047 -6.78695 9.495971 11.79744 -6.056138 9.300463 12.16808 -6.166816 8.677458 13.0476 -5.881432 8.377446 13.58877 -6.557478 8.311058 12.92696 -6.356622 7.765697 13.39179 -6.697185 7.327267 12.8245 -6.861198 8.056582 12.55418 -6.819687 7.169563 12.02589 -7.020751 7.9877 12.01906 -5.949966 7.348756 12.55418 -5.977231 7.177125 12.01906 -5.778522 7.705994 12.92696 -5.520153 8.17514 13.0476 -4.064474 8.511761 13.29422 -3.854168 8.907792 13.8073 -3.646374 8.157036 13.26635 -3.176376 8.489964 13.73761 -2.647837 8.128958 13.26819 -3.323349 7.837128 12.96753 -2.398049 7.913226 12.51405 -3.183671 7.611913 12.47123 -2.72566 8.820587 12.88417 -2.499214 8.738129 12.37577 -3.135454 8.997721 13.19509 -3.640319 9.209681 13.23506 -6.060141 8.519717 11.58405 -5.388607 7.835808 11.71693 -5.656393 7.694602 10.88811 -6.417007 8.383905 11.07458 -6.012601 8.049859 10.12191 -6.80782 8.584554 10.60251 -6.430029 8.740547 9.50593 -7.217124 9.03017 10.2299 -5.329417 8.833044 9.10986 -5.022328 8.361653 9.816527 -4.800833 8.153249 10.57982 -4.672482 8.301455 11.311 -3.748558 10.45239 11.99062 -4.060966 11.1227 12.50026 -3.798602 11.50829 11.82703 -3.405651 10.66489 11.5588 -3.645038 11.46466 10.99139 -3.158665 10.59702 11.01785 -3.561419 11.08305 10.13387 -2.985252 10.2952 10.45764 -4.539486 11.53923 9.987754 -4.609258 11.68074 10.81115 -4.703244 11.57218 11.56014 -4.851867 11.1798 12.12373 -6.454722 9.815262 12.40277 -6.789722 9.440155 12.90399 -7.268985 9.373691 12.24815 -6.799603 9.881325 12.03535 -7.381311 9.382162 11.38859 -6.906539 9.974777 11.52786 -6.853103 10.0959 11.02317 -7.305134 9.45947 10.56022 -7.189522 8.70292 11.2947 -7.277557 8.663735 10.60153 -6.953894 8.788956 11.96854 -6.51084 8.917044 12.45421 -3.962201 8.407301 11.24002 -4.537386 7.604317 11.53158 -4.439517 7.197647 10.4151 -3.530457 8.174325 10.51292 -4.459656 7.281328 9.225945 -3.079717 8.310613 9.762633 -4.594126 7.840078 8.181342 -2.653074 8.798181 9.142659 -6.156787 7.57008 9.762633 -6.758554 7.810148 9.14266 -5.693394 7.653787 10.51292 -5.414922 8.057686 11.24002 -4.518449 8.339873 12.62809 -4.010955 8.361084 13.09615 -3.694642 8.018542 12.46302 -4.402546 8.09008 12.29208 -3.736284 8.098048 11.63415 -4.47726 8.065473 11.84015 -4.115459 8.560593 11.01611 -4.737126 8.251522 11.48935 -3.737219 9.11471 11.52191 -3.604108 8.819235 11.86857 -3.656152 8.734425 12.31639 -3.898806 8.874794 12.64827 -5.25036 7.804045 11.95709 -4.526763 7.560172 12.41893 -4.352492 6.836042 11.68971 -5.427105 7.196945 11.48738 -4.257908 6.443029 10.72894 -5.75876 6.814185 10.87465 -4.257777 6.442479 9.686581 -6.227498 6.710244 10.22907 -3.090257 7.456392 10.87465 -2.625554 7.577096 10.22907 -3.559743 7.64635 11.48738 -3.993344 8.106562 11.95709 -4.933622 9.53517 12.02843 -4.952627 9.543031 12.7813 -4.930488 9.575346 12.02843 -4.950477 9.570536 12.7813 -4.951557 9.609697 12.02843 -4.964905 9.594049 12.7813 -4.9888 9.625096 12.02843 -4.990396 9.604596 12.7813 -4.987957 9.635829 11.27556 -4.986464 9.654946 10.52269 -4.944571 9.617884 11.27556 -4.932124 9.632475 10.52269 -4.920014 9.577866 11.27556 -4.901375 9.582353 10.52269 -4.923675 9.53106 11.27556 -4.905953 9.523729 10.52269 -4.954147 9.495339 11.27556 -4.944121 9.478995 10.52269 -4.999797 9.484354 11.27556 -5.001287 9.465235 10.52269 -5.043183 9.502299 11.27556 -5.055628 9.487707 10.52269 -5.063072 9.478979 9.769824 -5.002182 9.453799 9.769824 -5.00147 9.46294 9.016957 -4.942913 9.477031 9.016957 -4.938122 9.469214 9.769824 -4.903825 9.522848 9.016957 -4.895355 9.519343 9.769824 -4.899131 9.582894 9.016957 -4.890218 9.585037 9.769824 -4.93063 9.634228 9.016957 -4.924681 9.641203 9.769824 -4.986282 9.657242 9.016957 -4.985573 9.666382 9.769824 -4.985185 9.671342 8.264088 -4.983972 9.686813 7.511219 -4.921449 9.644988 8.264088 -4.911379 9.656794 7.511219 -4.885387 9.586199 8.264088 -4.870296 9.589832 7.511219 -4.890755 9.517442 8.264088 -4.876414 9.51151 7.511219 -4.93552 9.464976 8.264088 -4.927401 9.451753 7.511219 -5.002568 9.44884 8.264088 -5.003782 9.433371 7.511219 -5.066304 9.475194 8.264088 -5.057123 9.485954 9.016957 -5.076375 9.463387 7.511219 -5.079844 9.459324 6.758351 -5.004196 9.428037 6.758351 -5.004494 9.42426 6.005483 -4.922622 9.443964 6.005483 -4.924606 9.447192 6.758351 -4.867972 9.508025 6.005483 -4.871478 9.509471 6.758351 -4.861416 9.591971 6.005483 -4.865099 9.591082 6.758351 -4.905448 9.663739 6.005483 -4.90791 9.660856 6.758351 -4.98326 9.69592 6.005483 -4.983557 9.692145 6.758351 -4.98119 9.722397 5.252615 -4.978638 9.755091 4.499747 -4.888216 9.683947 5.252615 -4.86693 9.708895 4.499747 -4.835596 9.598183 5.252615 -4.80371 9.605858 4.499747 -4.843435 9.497868 5.252615 -4.813129 9.485337 4.499747 -4.908735 9.421327 5.252615 -4.891586 9.393376 4.499747 -5.006561 9.397784 5.252615 -5.009116 9.365092 4.499747 -5.099537 9.436235 5.252615 -5.082306 9.456442 6.005483 -5.120823 9.411287 4.499747 -5.01001 9.353602 4.004285 -4.885562 9.383551 4.004285 -5.149991 9.377101 3.490867 -5.012621 9.320283 3.490867 -4.868081 9.355069 3.490867 -4.771601 9.468165 3.490867 -4.80248 9.480938 4.004285 -4.792511 9.608551 4.004285 -4.859448 9.717657 4.004285 -4.760018 9.616371 3.490867 -4.837762 9.743081 3.490867 -4.975134 9.799899 3.490867 -4.977744 9.766579 4.004285 -5.10219 9.736631 4.004285 -4.306662 9.240392 7.141497 -4.626587 10.25083 7.14158 -5.419358 8.886895 7.141489 -5.760783 9.885326 7.141558 -4.306662 9.240392 7.141497 -4.626587 10.25083 7.14158 -5.419358 8.886895 7.141489 -5.760783 9.885326 7.141558 -4.771226 8.817091 7.812262 -4.254082 9.742238 7.812345 -5.790871 9.385754 7.812255 -5.2972 10.31834 7.812324 -5.338449 8.837433 6.441051 -4.335019 9.178694 6.441135 -5.715442 9.942391 6.441044 -4.724467 10.30489 6.441114 -5.719186 9.179205 5.637558 -4.716588 8.835505 5.637642 -5.341663 10.28398 5.63755 -4.335928 9.964707 5.63762</float_array>
          <technique_common>
            <accessor source="#palm_straightMesh_005-mesh-positions-array" count="1263" stride="3">
              <param name="X" type="float"/>
              <param name="Y" type="float"/>
              <param name="Z" type="float"/>
            </accessor>
          </technique_common>
        </source>
        <source id="palm_straightMesh_005-mesh-normals">
          <float_array id="palm_straightMesh_005-mesh-normals-array" count="6477">-0.9968286 0.07789593 -0.01628321 -0.9969237 0.07790786 0.008576512 -0.9969238 0.07790642 0.008576631 -0.8523236 -0.5229445 0.008578002 -0.8522416 -0.5228949 -0.01628547 -0.8522421 -0.5228943 -0.01628464 -0.9968287 0.07789433 -0.01628303 -0.7607204 0.649023 0.008577227 -0.7606686 0.6489366 -0.01626735 -0.7606623 0.6489439 -0.01627248 -0.7607152 0.6490293 0.008576273 -0.2339715 0.9722057 0.008580923 -0.2339497 0.9721126 -0.01626962 -0.2339493 0.9721127 -0.01626902 -0.2339702 0.9722059 0.008580625 0.3821387 0.9240652 0.008578121 0.3821347 0.9239631 -0.01629209 0.3821237 0.9239677 -0.01628434 0.3821291 0.9240692 0.008579909 0.852319 0.522952 0.008577346 0.8522406 0.522897 -0.01627659 0.8522387 0.5228999 -0.01627802 0.8523183 0.5229532 0.008576273 0.9969241 -0.07790279 0.008578896 0.9968272 -0.0779128 -0.01628285 0.9968277 -0.07790738 -0.0162816 0.9969243 -0.07789999 0.008579492 0.7607287 -0.6490134 0.008575916 0.7606787 -0.648925 -0.01626503 0.7606716 -0.648933 -0.01627016 0.7607245 -0.6490184 0.008574306 0.2339864 -0.9722021 0.00858134 0.2339411 -0.9721144 -0.01628726 0.2339495 -0.9721124 -0.01628208 0.2339956 -0.9721998 0.008582353 -0.382156 -0.924058 0.008579671 -0.3821275 -0.9239662 -0.01628303 -0.3821256 -0.9239671 -0.016281 -0.3821565 -0.9240578 0.008580207 -0.8523237 -0.5229444 0.008578896 -0.8509125 -0.5220848 0.0580995 -0.3815184 -0.9225333 0.05810582 -0.3815136 -0.922535 0.05810838 -0.3805591 -0.9201537 0.09215211 -0.3805655 -0.9201514 0.09214937 0.2329866 -0.9681037 0.09215462 0.2335698 -0.9706027 0.05810093 0.233577 -0.970601 0.05809968 0.2329894 -0.9681031 0.09215503 0.7575331 -0.6462592 0.09215682 0.7594752 -0.6479371 0.05809497 0.7594751 -0.6479371 0.05809623 0.7575341 -0.6462577 0.09215772 0.9927169 -0.07759457 0.0921542 0.9952766 -0.0777722 0.05810511 0.9952764 -0.077775 0.05810344 0.9927168 -0.0775972 0.09215283 0.8487117 0.5207638 0.09216082 0.8509143 0.5220818 0.05809903 0.8509121 0.5220855 0.0580998 0.8487101 0.5207662 0.09216153 0.380558 0.9201539 0.0921548 0.3815286 0.9225289 0.05810672 0.3815261 0.9225302 0.05810296 0.3805608 0.9201529 0.09215331 -0.2329913 0.9681028 0.09215366 -0.2335915 0.9705976 0.05809676 -0.2335903 0.9705981 0.05809521 -0.2329903 0.9681031 0.09215176 -0.7575295 0.6462637 0.0921548 -0.7594735 0.6479392 0.05809491 -0.7594722 0.6479405 0.05809712 -0.7575327 0.6462597 0.09215623 -0.9927156 0.07761323 0.09215217 -0.9952768 0.07776874 0.05810421 -0.9952764 0.07777577 0.05810201 -0.9927154 0.07761663 0.0921508 -0.8487034 -0.5207772 0.09216135 -0.8509161 -0.5220791 0.05809748 -0.8487012 -0.5207805 0.09216248 -0.8494849 -0.521211 0.08194208 -0.9936072 0.07764637 0.08194983 -0.9936072 0.07764571 0.08195209 -0.7582298 0.6468179 0.08194041 -0.7582248 0.6468237 0.08194088 -0.7600787 0.648464 0.04213112 -0.9960796 0.07778781 0.04212594 -0.9960802 0.07778078 0.04212492 -0.9964616 0.07784867 0.03168737 -0.9964618 0.07784509 0.03168845 -0.851929 -0.5226978 0.03168803 -0.8516111 -0.5224785 0.04212737 -0.8516097 -0.522481 0.04212749 -0.7603726 0.6487137 0.03168791 -0.7603727 0.6487136 0.03168845 -0.7602249 0.6485772 0.03749287 -0.9962584 0.07786989 0.0374903 -0.7602262 0.6485757 0.0374931 -0.7606422 0.6488869 0.01921921 -0.9962583 0.0778715 0.03749012 -0.9967747 0.07791584 0.01921766 -0.7606434 0.6488856 0.01921927 -0.7607837 0.64898 0.005772233 -0.9967747 0.07791596 0.01921749 -0.9969424 0.07792735 0.005765795 -0.7607797 0.6489846 0.005771756 -0.7606338 0.649048 0.01315265 -0.9969426 0.07792454 0.005766093 -0.9968789 0.07784229 0.01316094 -0.760631 0.6490513 0.01315236 -0.7606025 0.6489475 0.0187366 -0.9968792 0.07783931 0.01316124 -0.9967923 0.07780867 0.01873445 -0.7606033 0.6489465 0.01873683 -0.7607102 0.6490842 0.003150761 -0.9967918 0.07781416 0.01873409 -0.9969502 0.07797682 0.003147602 -0.7607101 0.6490843 0.003150582 -0.7607329 0.6490635 0.001452505 -0.9969497 0.07798504 0.003147065 -0.9969537 0.07798361 0.001451551 -0.7607328 0.6490637 0.001452684 -0.7605769 0.6489601 0.01933133 -0.9969537 0.07798343 0.001451909 -0.9967768 0.07786011 0.01933676 -0.760577 0.6489599 0.01933151 -0.7606537 0.6488819 0.01893353 -0.9967768 0.07786053 0.01933693 -0.9967771 0.07795691 0.01892346 -0.7606527 0.6488829 0.01893335 -0.760533 0.6489989 0.01975357 -0.9967772 0.07795643 0.0189234 -0.9967743 0.07778471 0.01976519 -0.7605328 0.648999 0.01975351 -0.7606266 0.64867 0.02597427 -0.9967746 0.07778102 0.01976543 -0.9966277 0.07784056 0.02596628 -0.7606338 0.6486616 0.02597457 -0.9966275 0.07784193 0.02596604 -0.8519966 -0.5229028 0.02597433 -0.8522508 -0.5227603 0.01975673 -0.8522504 -0.5227609 0.01975667 -0.8519914 -0.5229113 0.02597457 -0.3822221 -0.9237059 0.0259574 -0.381949 -0.923972 0.01976668 -0.381949 -0.9239721 0.01976674 -0.3822333 -0.9237012 0.02595669 0.2339225 -0.9719086 0.02596122 0.2339458 -0.9720488 0.01975858 0.2339461 -0.9720488 0.01975864 0.2339228 -0.9719086 0.02596116 0.7933409 0.2514959 0.5544008 0.8336204 0.3827351 0.398235 0.8176948 0.2964596 0.4934441 0.7724961 0.1220732 0.6231756 -0.8208976 -0.1369928 0.5544006 -0.7434523 -0.2427598 0.6231745 -0.8630452 -0.1080282 0.4934399 -0.9164807 -0.03844261 0.3982278 0.5060451 0.7137451 0.484238 0.4469279 0.8516579 0.2737417 0.4362776 0.8012408 0.4094816 0.5351222 0.6257876 0.5674806 -0.7972444 -0.4113515 0.4418047 -0.7176111 -0.4556662 0.5266902 -0.870827 -0.3271487 0.3669251 -0.9171595 -0.3259196 0.2293357 -0.8185914 -0.2871245 0.4974612 -0.881597 -0.1833543 0.4349346 -0.7713077 -0.3384779 0.5389966 -0.6868759 -0.4682071 0.555863 0.8595903 0.1167479 0.497468 0.8246852 -0.1044344 0.5558667 0.8408489 0.0495035 0.5390015 0.8684852 0.2378222 0.4349415 0.09083956 -0.7233895 0.6844383 0.2942609 -0.7735456 0.5612823 0.2627436 -0.7362304 0.6236431 0.06021428 -0.7229814 0.6882385 0.1103251 0.9462996 0.3038844 0.008020818 0.9183371 0.395718 0.1783838 0.9586359 0.2218028 0.2189688 0.9705398 0.1005257 -0.4987626 0.3742008 0.781799 -0.6676718 0.2113828 0.7138149 -0.5934255 0.2369769 0.7692127 -0.4431568 0.4026996 0.8009027 0.6976856 -0.484781 0.5274676 0.725566 -0.3516386 0.5915271 0.6760181 -0.5668234 0.4708617 0.6573024 -0.6618745 0.3603829 0.7490165 -0.4358783 0.4989833 0.8333615 -0.2070611 0.5124788 0.7858186 -0.2812516 0.5508056 0.7119285 -0.4894685 0.5035657 -0.6948583 -0.1124491 0.7103009 -0.6611601 -0.2588621 0.7041717 -0.7151061 -0.01314491 0.6988924 -0.7538139 0.1184809 0.6463181 0.1273332 0.9511275 0.2813234 0.1243717 0.9886946 0.08375424 0.09784793 0.9779187 0.1846645 0.1322863 0.919759 0.3695183 -0.759785 -0.5085771 0.4050631 -0.7231918 -0.4878793 0.488843 -0.8043444 -0.5065791 0.3104965 -0.8091225 -0.5473115 0.2139417 0.8755094 -0.2687791 0.4015484 0.9434311 -0.2543041 0.2127608 0.9201398 -0.2350322 0.3132134 0.8304602 -0.2769852 0.4833377 -0.4769963 0.7818159 0.4015452 -0.4738042 0.7361351 0.4833369 -0.4553444 0.8334005 0.3132174 -0.4797803 0.8511991 0.2127696 -0.4180919 -0.3634355 0.8325346 -0.4876505 -0.3901233 0.7810255 -0.5076689 -0.2771284 0.8157649 0.4087619 0.8872181 0.2139114 0.4949304 0.8582664 0.1357309 0.5187575 0.8268515 0.2172727 -0.6801877 0.5211024 0.5155552 -0.7119493 0.5504933 0.4359878 -0.6237754 0.623901 0.4707992 0.8789231 0.07647365 0.470793 0.8992113 -0.03645265 0.4359935 0.8559895 -0.03852593 0.5155558 0.3083363 -0.757826 0.575003 0.2823919 -0.8134883 0.508421 0.1879474 -0.793069 0.5794112 -0.4748361 0.6624324 0.5794083 -0.428233 0.7470775 0.5084209 -0.3692156 0.7301053 0.5750011 -0.7366321 -0.3560177 0.5749996 -0.7938317 -0.3336764 0.5084205 -0.7794791 -0.2381214 0.5794054 0.6308151 0.5160971 0.5794101 0.718257 0.4749854 0.5084249 0.7050812 0.4150077 0.5750036 -0.2083945 0.7911658 0.575003 -0.1755157 0.8430297 0.5084244 -0.08447784 0.810647 0.5794092 0.3857744 -0.7179561 0.5794111 0.3286842 -0.7959136 0.5084176 0.2723336 -0.7714967 0.575002 0.3357349 -0.683669 0.6479806 0.57992 -0.5792064 0.5728985 0.5466592 -0.5390905 0.640738 0.763229 -0.4505817 0.4630957 0.7451728 -0.4070123 0.52826 0.8990793 -0.345041 0.2694501 0.8951846 -0.2992081 0.3303315 0.9432339 -0.2813516 0.1764968 0.9425559 -0.233807 0.2385851 0.6219957 0.7628696 0.1764979 0.648158 0.7231646 0.2385883 0.5722175 0.7506303 0.330335 0.5496776 0.7907281 0.2694511 0.3875508 0.7554764 0.5282611 0.3779956 0.8016622 0.4630953 0.1491242 0.7531378 0.6407382 0.1540846 0.8050127 0.5728985 -0.10659 0.7541648 0.6479769 0.6067421 0.4604229 0.6479775 0.4574595 0.6800844 0.5729015 0.4244536 0.6397593 0.6407396 0.2961174 0.8353797 0.4630931 0.2568107 0.8093152 0.5282589 0.1665171 0.9485082 0.2694519 0.1222771 0.9359094 0.3303361 0.09555125 0.9796521 0.1764986 0.04901689 0.9698836 0.2385858 -0.8678441 0.4644293 0.1765003 -0.8338839 0.4977084 0.2385876 -0.8463007 0.4179155 0.3303361 -0.8813413 0.3881146 0.2694525 -0.8157026 0.2357342 0.5282599 -0.8592044 0.2175122 0.4630945 -0.767755 0.002167582 0.6407399 -0.81962 -0.002894759 0.5729005 -0.719807 -0.2490113 0.6479747 -0.4208082 0.634859 0.6479773 -0.6495389 0.4998828 0.5729019 -0.6114001 0.4643724 0.6407403 -0.8148012 0.3487712 0.463096 -0.7912964 0.3078827 0.5282596 -0.935964 0.2266454 0.2694503 -0.926212 0.1816945 0.330331 -0.9715685 0.1578111 0.1764945 -0.964787 0.1107526 0.2385789 -0.5188074 -0.8364728 0.1764996 -0.5498544 -0.8004604 0.2385861 -0.4710151 -0.8179389 0.3303345 -0.4435091 -0.8548071 0.2694527 -0.2872561 -0.7990152 0.5282599 -0.2718456 -0.8435899 0.4630943 -0.05110889 -0.7660568 0.6407378 -0.04936325 -0.8181381 0.5728992 0.2026189 -0.7342128 0.6479793 0.8316572 0.08544808 0.5486757 0.8783189 0.2954863 0.3758242 0.8359385 0.3197423 0.4460624 0.8657207 0.4626037 0.1911171 0.8289735 0.4989033 0.2527816 0.8330443 0.5509259 -0.05017888 0.8020704 0.5972263 0.001964151 0.7947154 0.5856231 -0.1596031 0.7643827 0.6356942 -0.1077593 -0.2318048 0.9595804 -0.1596002 -0.1763754 0.9784067 -0.1077591 -0.2299721 0.9731953 0.001969635 -0.2834709 0.9576674 -0.05017465 -0.313817 0.9152162 0.2527809 -0.3653043 0.9110586 0.1911153 -0.4343913 0.7825178 0.4460607 -0.4824415 0.7912042 0.3758273 -0.5818127 0.6003693 0.5486809 0.421292 0.8561791 0.2991166 0.1816129 0.9605522 0.2106096 0.1793305 0.9390285 0.2933703 -0.04493916 0.9927577 0.1114125 -0.05948162 0.9800757 0.189509 -0.2359718 0.9697804 -0.0619964 -0.2614229 0.9651747 0.009789943 -0.3251796 0.9357674 -0.1363733 -0.3537542 0.9331716 -0.06363135 -0.951209 0.1403768 0.2747654 -0.9274785 0.2042406 0.3131605 -0.89082 0.165507 0.4231398 -0.9168868 0.1046553 0.3851833 -0.7564198 0.09459662 0.6472098 -0.7956896 0.03890866 0.6044537 -0.5953877 -0.0452764 0.8021619 -0.6482563 -0.09382104 0.7556199 -0.4407202 -0.2390302 0.8652343 -0.5765132 0.5755016 0.5800263 -0.5990171 0.4932222 0.6308014 -0.7666156 0.22743 0.6004801 -0.79648 0.1946146 0.57249 -0.9306089 -0.04418885 0.3633381 -0.8996942 -0.07956343 0.4292085 -0.9559749 -0.1818884 0.2302792 -0.9254572 -0.2248935 0.30488 0.0602349 -0.9712591 0.230277 0.01101833 -0.9523268 0.304881 0.1454616 -0.8914149 0.429209 0.1873849 -0.9126185 0.363338 0.4099985 -0.6865304 0.600481 0.7002248 -0.4162399 0.5800256 0.6260707 -0.4583969 0.6307995 0.3855879 -0.7235857 0.5724909 -0.5625839 -0.5545012 0.613211 -0.4838174 -0.5588957 0.673466 -0.1992302 -0.6943094 0.6915504 -0.1606326 -0.7235316 0.6713414 0.111472 -0.8553249 0.5059579 0.1363704 -0.811015 0.5689093 0.2638052 -0.8821046 0.3902545 0.2954145 -0.8359602 0.4624943 0.9303473 0.2146465 0.2972891 0.9096537 0.17473 0.3768284 0.8218966 0.3169783 0.4732979 0.8447748 0.3512802 0.4036807 0.5725212 0.5755575 0.5839119 0.2748442 0.823428 0.4964142 0.3197312 0.7632887 0.5613932 0.614696 0.5522251 0.5632019 -0.6317754 -0.5321524 0.5636255 -0.6685618 -0.5617946 0.4872494 -0.6314551 -0.656724 0.412284 -0.4944294 -0.6889517 0.529986 -0.6464924 -0.7516682 -0.1305477 -0.6750172 -0.7372696 -0.0280227 -0.5907931 -0.8061923 0.03189706 -0.5860247 -0.7925262 -0.1687523 -0.620331 -0.7179358 -0.3158445 -0.561977 -0.7696202 -0.3030948 0.08058339 -0.8356109 -0.543379 -0.1833021 -0.7137016 -0.6760404 -0.0471152 -0.7743305 -0.6310249 0.1364126 -0.8796091 -0.4557186 0.2264788 -0.888686 -0.3986785 0.2604373 -0.8240265 -0.503143 0.5179624 -0.8551207 0.02199435 0.4951438 -0.8643148 0.08827549 0.6104339 -0.7581651 0.2292515 0.609677 -0.7685591 0.1939353 0.8053008 -0.05339944 0.5904567 0.849123 -0.005812346 0.5281633 0.8515894 0.1194424 0.5104205 0.7418492 0.1368656 0.6564508 0.8909475 0.4486758 0.07001823 0.9136417 0.3785694 0.1481356 0.8656514 0.4349721 0.2478852 0.8511441 0.5207061 0.06647545 0.8491457 0.5182257 -0.1019496 0.8168098 0.5741361 -0.05647391 0.2496298 0.9626084 -0.1052149 0.4390837 0.8359615 -0.3292019 0.3398454 0.9105921 -0.235217 0.2182447 0.9758912 0.002375662 0.1407805 0.9871723 0.07531154 0.08128374 0.9960018 -0.03705984 -0.1297569 0.8607071 0.4922872 -0.1036437 0.8288761 0.5497477 -0.2485778 0.7156419 0.6527372 -0.2445215 0.7405518 0.6259332 -0.3034148 0.8468685 0.436753 -0.3650262 0.8458234 0.3890229 -0.4943007 0.7707012 0.4021026 -0.4734974 0.675007 0.5658319 -0.7785122 0.6222374 0.08209413 -0.7094229 0.6977123 0.09958273 -0.7475836 0.6396768 0.1786963 -0.788176 0.5914479 0.1702001 -0.7980557 0.6021611 0.02256494 -0.8083994 0.5883134 -0.01943862 -0.9894469 -0.1447432 0.006653487 -0.9914522 -0.02774035 0.1274876 -0.9618954 -0.2198279 0.1625826 -0.9371069 -0.341742 0.07101476 -0.8801374 -0.4224485 0.2165535 -0.8531688 -0.5106562 0.1064581 -0.5358923 -0.6426253 0.5475876 -0.519819 -0.5800251 0.6271836 -0.5361146 -0.6436209 0.546199 -0.5457166 -0.6943271 0.4691517 -0.07247471 -0.6989982 0.7114415 -0.04623746 -0.6653299 0.7451163 0.7693182 -0.4092779 0.4905518 0.8101577 -0.4394508 0.3879788 0.7328098 -0.5563287 0.3917759 0.58762 -0.6011814 0.5415567 0.6185979 -0.7799941 0.09458297 0.7336617 -0.6768558 -0.06005674 0.671295 -0.7406144 0.02921169 0.5432009 -0.8206799 0.1772499 0.5635578 -0.7648375 -0.3121322 0.6416219 -0.6389399 -0.4243549 0.6129001 -0.6922442 -0.3809875 0.5299045 -0.804571 -0.2680798 -0.2308397 -0.8952993 -0.3809886 -0.2806698 -0.8608979 -0.4243576 -0.1538708 -0.9374954 -0.3121315 -0.1058239 -0.9575675 -0.268078 -0.2950196 -0.9240871 0.2429537 -0.1103378 -0.9779605 0.1772542 -0.2608358 -0.9649411 0.02921408 -0.4550806 -0.7584896 0.4664711 -0.5679703 -0.6054611 0.5575183 -0.3328076 -0.9372111 0.1042812 -0.4400851 -0.7354395 0.5152222 -0.4139751 -0.7710841 0.4837912 -0.2561446 -0.8715053 0.4181728 -0.2118312 -0.8178943 0.5349547 -0.02779257 -0.9988036 -0.04023957 -0.07828027 -0.9927428 -0.09129041 -0.01316249 -0.9995898 -0.02543461 0.0563566 -0.9973967 0.04498755 -0.05494046 -0.8450445 -0.531866 -0.1160851 -0.8280525 -0.548501 -0.03312122 -0.8502148 -0.5253931 0.05173534 -0.8658881 -0.4975554 0.9603603 -0.08889198 -0.2642092 0.830007 -0.06044971 -0.5544677 0.8752374 -0.05228173 -0.4808599 0.9767568 -0.1216441 -0.1764906 0.9911428 -0.1326016 0.007275104 0.9962897 -0.06509494 -0.05629771 0.8832686 0.1121115 0.4552665 0.8194718 0.07239216 0.5685291 0.7718433 0.310783 0.5546817 0.8044639 0.2807575 0.5234626 -0.5598297 -0.4717468 0.6812091 -0.5727442 -0.5523932 0.6056615 -0.4539495 -0.6024035 0.6565362 -0.3231792 -0.5184406 0.791691 -0.2769354 -0.8602188 0.4281713 -0.3554375 -0.8768604 0.3236975 -0.2220308 -0.8408781 0.4935852 -0.1424017 -0.8030126 0.5786991 -0.1910992 -0.9794164 0.06499683 -0.2400223 -0.9707673 4.82899e-4 -0.1202216 -0.9805868 0.1549077 -0.07439893 -0.9746625 0.2109451 0.6157825 -0.7852309 0.06499558 0.5096951 -0.8340938 0.2109469 0.5531967 -0.8185212 0.1549084 0.6554144 -0.7552694 4.8018e-4 0.6379887 -0.6400315 0.4281707 0.4921601 -0.6502965 0.5786994 0.6347858 -0.5061007 0.5838741 0.7222304 -0.02710205 0.6911213 0.6946352 -0.226663 0.6827194 0.6889804 -0.558794 0.4615792 0.7605818 -0.6487225 0.02597403 0.7605037 -0.6490332 0.01975268 0.760503 -0.6490341 0.01975262 0.7605884 -0.6487147 0.02597445 0.9966206 -0.07793205 0.02596378 0.9967796 -0.07771712 0.0197649 0.9967797 -0.07771605 0.01976519 0.9966198 -0.07794123 0.02596354 0.852063 0.5227946 0.02597051 0.8522378 0.5227815 0.01975554 0.8522385 0.5227804 0.01975548 0.8520606 0.5227985 0.02597063 0.3822236 0.9237053 0.02595722 0.3819889 0.9239556 0.0197615 0.3819893 0.9239556 0.0197615 0.3822333 0.9237012 0.02595669 -0.233922 0.9719087 0.02596122 -0.233932 0.9720522 0.01975834 -0.2339322 0.9720522 0.0197584 -0.2339228 0.9719086 0.02596116 -0.2339361 0.9720677 0.01892888 -0.2339349 0.9720681 0.0189287 0.3821227 0.9239178 0.01892691 -0.2339689 0.9720519 0.01933592 -0.2339678 0.9720521 0.01933592 0.3820905 0.9239227 0.01933425 0.3821247 0.923917 0.01892703 0.3820903 0.9239227 0.01933437 0.8522205 0.5228257 0.01933103 0.8521646 0.5229313 0.01893264 0.8521652 0.5229303 0.01893275 0.852221 0.5228248 0.01933097 0.9967751 -0.0778824 0.01933509 0.9967793 -0.07792943 0.01892513 0.996779 -0.07793247 0.01892507 0.996775 -0.07788294 0.01933497 0.7606189 -0.6489108 0.01933264 0.7606649 -0.6488686 0.01893562 0.7606662 -0.6488671 0.01893568 0.7606157 -0.6489145 0.01933223 0.2339578 -0.9720546 0.01933372 0.2339351 -0.972068 0.01893204 0.2339357 -0.9720677 0.0189321 0.2339596 -0.9720541 0.01933372 -0.3821041 -0.9239171 0.01933282 -0.3821322 -0.9239138 0.01892679 -0.3821349 -0.9239128 0.01892673 -0.3821035 -0.9239173 0.01933306 -0.8522253 -0.5228179 0.01933211 -0.8521696 -0.5229233 0.01893043 -0.8521702 -0.5229222 0.01893067 -0.3821668 -0.9240923 0.001452207 -0.3821672 -0.9240922 0.001452088 -0.8523136 -0.5230292 0.00145471 -0.8522245 -0.5228191 0.01933217 0.2340413 -0.9722257 0.001450955 0.2340056 -0.9722302 0.003150284 0.2340068 -0.9722299 0.003150224 -0.3821387 -0.9240997 0.003148853 0.2340408 -0.9722258 0.001451134 0.760705 -0.6490963 0.001450002 0.7607298 -0.6490611 0.00315088 0.7607297 -0.6490612 0.003150641 0.7607064 -0.6490947 0.00145024 0.9969578 -0.07793045 0.001452267 0.996955 -0.0779165 0.003147065 0.9969546 -0.07792139 0.003146588 0.9969578 -0.07793039 0.001452505 0.852337 0.522991 0.001455485 0.8523421 0.5229753 0.003153562 0.8523401 0.5229787 0.003153622 0.8523378 0.5229898 0.001455545 0.3821653 0.924093 0.001449942 0.3821049 0.9241136 0.003154814 0.3821068 0.9241129 0.003154397 0.3821662 0.9240925 0.001449823 -0.2340083 0.9722336 0.001450896 -0.2339531 0.9722429 0.003146529 -0.2339528 0.972243 0.00314635 -0.2340093 0.9722334 0.001451313 -0.2339634 0.972065 0.01873493 -0.2339617 0.9720653 0.01873487 0.3820282 0.9239609 0.01873499 -0.2339851 0.9721511 0.01315909 -0.2339852 0.9721511 0.01315933 0.382103 0.9240261 0.01315963 0.3820292 0.9239603 0.01873487 0.3821078 0.9240242 0.01315927 0.8522899 0.5229044 0.01315844 0.8522599 0.5227834 0.01872891 0.8522599 0.5227832 0.01872891 0.8522874 0.5229083 0.01315867 0.9968781 -0.07785236 0.01316058 0.9967936 -0.07779163 0.01873648 0.9967938 -0.07778942 0.01873666 0.9968779 -0.07785433 0.01316016 0.7606481 -0.6490313 0.01315397 0.7605865 -0.6489663 0.01873749 0.760586 -0.6489667 0.01873737 0.7606508 -0.6490281 0.01315414 0.2339622 -0.9721567 0.01316004 0.2339417 -0.9720702 0.01873326 0.2339414 -0.9720702 0.01873326 0.2339636 -0.9721564 0.01316028 -0.382098 -0.9240281 0.01316034 -0.3820288 -0.9239606 0.01873582 -0.3820289 -0.9239605 0.01873606 -0.3821372 -0.9241002 0.003149449 -0.8522357 -0.5228228 0.01872903 -0.8523124 -0.5230236 0.003154218 -0.8523136 -0.5230218 0.003154218 -0.8523111 -0.5230332 0.00145483 -0.3821021 -0.9240265 0.01315999 -0.8522931 -0.5228992 0.01315778 -0.8522363 -0.5228217 0.01872885 -0.3822199 -0.9240534 0.005765557 -0.3822188 -0.924054 0.005765676 -0.8523329 -0.5229681 0.005771517 -0.852292 -0.5229009 0.01315802 0.2340094 -0.9722173 0.005774796 0.2339081 -0.9720689 0.0192126 0.2339091 -0.9720686 0.01921254 -0.3821068 -0.9239183 0.01921904 0.2340106 -0.972217 0.005774915 0.7607691 -0.648997 0.005771398 0.7606495 -0.6488782 0.01922029 0.760651 -0.6488766 0.01922053 0.7607665 -0.6490001 0.00577104 0.9969438 -0.07790982 0.005765438 0.9967795 -0.07785594 0.01921778 0.9967795 -0.07785564 0.01921749 0.9969437 -0.07791125 0.005765557 0.852326 0.5229793 0.005770027 0.852198 0.5228666 0.01921552 0.8521974 0.5228675 0.01921558 0.8523266 0.5229781 0.005770027 0.3822311 0.9240488 0.005763828 0.3821183 0.9239137 0.01921916 0.382121 0.9239124 0.01921874 0.3822297 0.9240495 0.005763947 -0.2339858 0.9722229 0.00576967 -0.233945 0.97206 0.01921665 -0.2339456 0.9720598 0.01921647 -0.2339862 0.9722228 0.00576961 -0.2338141 0.9715583 0.03749036 -0.2338144 0.9715582 0.03749018 0.3819047 0.9234409 0.03749155 -0.2338569 0.9717544 0.03169149 -0.2338581 0.9717541 0.03169173 0.3819726 0.9236304 0.03168696 0.3819035 0.9234414 0.03749167 0.3819715 0.9236308 0.03168731 0.8519214 0.5227099 0.03169375 0.8517623 0.5225853 0.03749078 0.851762 0.5225858 0.0374909 0.8519228 0.5227077 0.0316931 0.9964596 -0.0778737 0.03168618 0.9962605 -0.07784336 0.03749221 0.9962601 -0.07784765 0.03749209 0.9964597 -0.07787179 0.0316872 0.7603638 -0.6487241 0.03168547 0.7602287 -0.6485729 0.03748905 0.760227 -0.648575 0.03748875 0.7603654 -0.6487221 0.0316866 0.2338624 -0.9717531 0.03169173 0.2338126 -0.9715588 0.03748989 0.2338137 -0.9715583 0.03749024 0.2338641 -0.9717527 0.03169262 -0.3819502 -0.9236394 0.03169298 -0.3819067 -0.9234402 0.03748852 -0.3819055 -0.9234408 0.03748863 -0.3821052 -0.923919 0.01921921 -0.8517443 -0.5226147 0.03749257 -0.8522065 -0.5228528 0.01921457 -0.8522062 -0.5228532 0.01921468 -0.8523331 -0.5229677 0.005771458 -0.3819537 -0.923638 0.0316925 -0.8519278 -0.5226996 0.03168857 -0.8517439 -0.5226153 0.03749257 -0.3818542 -0.923262 0.04212749 -0.3818526 -0.9232627 0.04212909 0.2337913 -0.9713734 0.04213386 0.2337896 -0.9713739 0.04213386 -0.380929 -0.9209663 0.08194053 0.2332074 -0.9689683 0.08194375 -0.3809344 -0.920964 0.08194035 0.233208 -0.9689682 0.08194369 0.7582157 -0.6468341 0.08194315 0.7582172 -0.6468324 0.08194255 0.7600861 -0.6484552 0.04213327 0.7600865 -0.6484544 0.04213482 0.9960795 -0.0777899 0.0421251 0.9960787 -0.07779908 0.04212576 0.9936071 -0.07765334 0.08194553 0.8516139 0.5224741 0.04212737 0.85161 0.5224804 0.04212754 0.8494836 0.5212134 0.08193999 0.9936066 -0.07765728 0.08194702 0.8494834 0.521214 0.08193802 0.3809052 0.9209758 0.0819447 0.380909 0.9209742 0.08194524 0.3818225 0.9232752 0.04212743 0.3818184 0.9232768 0.04212707 -0.233751 0.9713833 0.042131 -0.233754 0.9713826 0.04213064 -0.233191 0.9689724 0.08194142 -0.7600758 0.6484673 0.04213237 -0.2331917 0.9689725 0.08193922 -0.8494867 -0.5212084 0.08194029 1.01976e-5 -7.32386e-5 1 7.58566e-7 -6.84626e-5 1 8.96332e-6 -7.2614e-5 1 1.84969e-5 -7.74379e-5 1 -4.5736e-5 -5.75036e-5 1 -4.77896e-5 -4.85459e-5 1 -4.60045e-5 -5.63322e-5 1 -4.39303e-5 -6.53796e-5 1 -7.35135e-5 -1.25592e-5 1 -6.9029e-5 -4.7999e-6 1 -7.29271e-5 -1.15445e-5 1 -7.74565e-5 -1.93816e-5 1 -6.60228e-5 3.51314e-5 1 -5.78404e-5 3.87705e-5 1 -6.49529e-5 3.56073e-5 1 -7.32173e-5 3.19317e-5 1 -0.9968287 0.07789331 -0.01628434 -0.9969245 0.07789826 0.008576154 -0.9969243 0.07790017 0.008576452 -0.8523171 -0.5229551 0.008577167 -0.8522374 -0.5229017 -0.01628762 -0.852237 -0.5229025 -0.01628684 -0.9968286 0.07789433 -0.0162844 -0.7607285 0.6490136 0.008575856 -0.7606785 0.6489248 -0.01627403 -0.7606704 0.6489343 -0.0162779 -0.7607265 0.649016 0.008573949 -0.2339615 0.972208 0.008581638 -0.2339328 0.9721167 -0.01627415 -0.2339342 0.9721162 -0.01627457 -0.2339611 0.9722081 0.008581757 0.382143 0.9240635 0.008575677 0.3821339 0.9239635 -0.0162878 0.382126 0.9239668 -0.01628577 0.3821403 0.9240645 0.0085783 0.852322 0.5229474 0.008573114 0.8522377 0.5229014 -0.01628315 0.8522369 0.5229027 -0.01628339 0.8523195 0.5229513 0.008570969 0.9969234 -0.07791143 0.008580088 0.996828 -0.07790321 -0.01628273 0.9968281 -0.07790273 -0.01628249 0.9969233 -0.07791304 0.008580625 0.7607201 -0.6490235 0.008580565 0.7606617 -0.6489447 -0.01627004 0.7606565 -0.6489506 -0.01627266 0.7607169 -0.6490274 0.008580088 0.2340032 -0.972198 0.00857973 0.2339665 -0.9721084 -0.01628267 0.2339713 -0.9721072 -0.01628214 0.234006 -0.9721974 0.008580327 -0.382159 -0.9240568 0.008579373 -0.3821307 -0.9239649 -0.01628315 -0.3821279 -0.9239661 -0.01628112 -0.3821565 -0.9240579 0.008579373 -0.8523163 -0.5229564 0.008577287 -0.8509074 -0.5220927 0.05810338 -0.381532 -0.9225276 0.05810534 -0.3815326 -0.9225273 0.05810636 -0.3805523 -0.9201562 0.09215509 -0.3805559 -0.9201548 0.09215486 0.2329915 -0.9681027 0.09215289 0.2336137 -0.970592 0.05810225 0.2336116 -0.9705926 0.05810099 0.2329883 -0.9681038 0.09214949 0.7575295 -0.6462638 0.09215265 0.7594671 -0.6479464 0.05809807 0.7594681 -0.647945 0.05809909 0.7575343 -0.6462579 0.09215462 0.9927158 -0.07761001 0.09215295 0.9952763 -0.07777327 0.05810642 0.995276 -0.07777929 0.05810475 0.9927158 -0.07761204 0.09215074 0.8487171 0.5207546 0.09216243 0.8509299 0.5220564 0.05810093 0.8509245 0.5220652 0.05810064 0.8487133 0.5207604 0.09216433 0.380554 0.9201555 0.09215569 0.381499 0.9225416 0.05810207 0.3815047 0.9225392 0.05810135 0.380558 0.9201541 0.09215229 -0.2329883 0.9681036 0.09215247 -0.2335838 0.9705995 0.05809849 -0.2335832 0.9705996 0.05809766 -0.2329842 0.9681048 0.09214931 -0.7575346 0.6462578 0.09215295 -0.7594602 0.6479541 0.05810189 -0.7594655 0.6479479 0.05810195 -0.7575402 0.646251 0.09215438 -0.992716 0.07760471 0.09215509 -0.9952761 0.07777667 0.05810588 -0.995276 0.07777935 0.05810397 -0.992716 0.07760655 0.09215432 -0.848704 -0.5207758 0.09216344 -0.85091 -0.5220884 0.05810266 -0.8487042 -0.5207757 0.09216314 -0.8494912 -0.5212014 0.08193767 -0.9936076 0.07764178 0.08194965 -0.9936073 0.07764416 0.08195215 -0.7582411 0.6468046 0.08194214 -0.7582342 0.6468125 0.08194273 -0.7600732 0.6484701 0.04213464 -0.9960814 0.0777648 0.04212456 -0.9960824 0.07775318 0.04212337 -0.9964622 0.07783991 0.03168594 -0.9964627 0.07783418 0.03168725 -0.8519298 -0.5226962 0.03169119 -0.8516265 -0.5224534 0.0421319 -0.8516228 -0.5224592 0.04213166 -0.7603594 0.6487293 0.03168642 -0.7603591 0.6487296 0.0316863 -0.7602088 0.6485961 0.03749299 -0.9962604 0.0778445 0.03748935 -0.7602104 0.6485943 0.03749322 -0.7606277 0.648904 0.01921612 -0.9962604 0.07784658 0.03748911 -0.9967773 0.07788246 0.01921838 -0.7606299 0.6489014 0.01921629 -0.7607899 0.6489727 0.005770683 -0.9967771 0.0778858 0.01921826 -0.9969436 0.07791239 0.005767703 -0.760789 0.6489738 0.005770862 -0.7606971 0.6489738 0.01315653 -0.9969435 0.0779128 0.005767881 -0.996879 0.07784134 0.0131585 -0.7606936 0.6489779 0.01315611 -0.7605962 0.6489549 0.01873457 -0.9968793 0.07783806 0.01315885 -0.996794 0.0777865 0.01873838 -0.760595 0.6489563 0.01873427 -0.7607489 0.6490387 0.003154754 -0.9967937 0.07778972 0.01873809 -0.9969499 0.07798153 0.003145575 -0.7607489 0.6490388 0.003154337 -0.7607347 0.6490615 0.001452088 -0.9969495 0.07798647 0.00314486 -0.9969534 0.07798552 0.001451432 -0.7607337 0.6490628 0.001451969 -0.7605664 0.6489726 0.01933044 -0.9969538 0.07798111 0.00145179 -0.9967769 0.07785856 0.01933938 -0.760568 0.6489706 0.01933068 -0.7607055 0.6488211 0.01893299 -0.9967771 0.07785689 0.0193395 -0.996773 0.0780102 0.01892316 -0.7607049 0.6488217 0.01893311 -0.7605187 0.6490157 0.01975321 -0.996773 0.07800912 0.01892316 -0.9967767 0.07775473 0.01976543 -0.7605164 0.6490184 0.01975327 -0.7605815 0.6487227 0.02597844 -0.9967767 0.07775294 0.01976567 -0.9966136 0.07802277 0.02596181 -0.760587 0.648716 0.0259788 -0.9966128 0.07803273 0.02596127 -0.8520896 -0.5227511 0.02597391 -0.8522559 -0.522752 0.01975613 -0.852257 -0.5227501 0.01975607 -0.852088 -0.5227537 0.02597415 -0.3820811 -0.9237641 0.02596127 -0.3819276 -0.923981 0.01976162 -0.3819254 -0.9239819 0.0197618 -0.3820881 -0.9237612 0.02596098 0.2338447 -0.9719271 0.02596968 0.2338732 -0.9720665 0.01975649 0.2338717 -0.9720667 0.01975667 0.2338447 -0.9719272 0.0259698 0.7933416 0.2514953 0.5544001 0.8336191 0.3827332 0.3982393 0.8176932 0.2964624 0.4934451 0.7724974 0.1220752 0.6231738 -0.8208968 -0.1369947 0.5544013 -0.7434517 -0.24276 0.6231753 -0.8630442 -0.1080303 0.4934411 -0.9164814 -0.03844445 0.3982261 0.5060483 0.7137434 0.4842373 0.4469292 0.8516587 0.2737369 0.4362784 0.8012414 0.4094794 0.5351216 0.6257888 0.5674799 -0.7972449 -0.4113541 0.4418013 -0.7176116 -0.4556663 0.5266897 -0.8708273 -0.3271504 0.3669229 -0.9171582 -0.3259238 0.2293354 -0.8185917 -0.2871242 0.4974609 -0.8815978 -0.1833524 0.4349336 -0.7713079 -0.3384779 0.5389962 -0.6868757 -0.4682066 0.5558637 0.8595898 0.1167484 0.4974688 0.824686 -0.1044315 0.5558663 0.8408496 0.04950606 0.5390001 0.8684847 0.2378169 0.4349454 0.09084177 -0.7233873 0.6844404 0.2942681 -0.7735465 0.5612773 0.2627483 -0.7362284 0.6236435 0.06021672 -0.7229762 0.6882437 0.1103256 0.9463007 0.3038807 0.008020043 0.9183387 0.3957143 0.1783827 0.958637 0.2217988 0.2189686 0.9705401 0.1005231 -0.4987634 0.3742 0.7817988 -0.6676753 0.2113801 0.7138124 -0.5934284 0.2369754 0.769211 -0.4431571 0.4026991 0.800903 0.6976843 -0.4847851 0.5274656 0.7255653 -0.3516414 0.5915263 0.6760184 -0.5668222 0.4708631 0.6573045 -0.6618701 0.360387 0.749015 -0.435881 0.4989833 0.83336 -0.2070642 0.5124797 0.7858167 -0.2812528 0.5508076 0.7119271 -0.4894701 0.503566 -0.6948578 -0.1124523 0.7103007 -0.6611592 -0.2588638 0.704172 -0.715106 -0.01314318 0.6988925 -0.7538159 0.1184833 0.6463152 0.1273317 0.9511269 0.2813259 0.1243721 0.9886946 0.08375424 0.09784692 0.9779182 0.1846671 0.1322847 0.9197569 0.3695241 -0.759786 -0.5085762 0.4050623 -0.7231933 -0.4878778 0.4888423 -0.804347 -0.5065773 0.3104922 -0.8091247 -0.547311 0.2139345 0.8755111 -0.2687755 0.4015472 0.9434332 -0.2543017 0.2127546 0.9201421 -0.2350295 0.3132086 0.8304613 -0.2769827 0.4833369 -0.4769955 0.7818158 0.4015465 -0.4738054 0.7361347 0.4833366 -0.4553463 0.8333986 0.31322 -0.4797794 0.8511976 0.212778 -0.4180927 -0.3634374 0.8325333 -0.4876497 -0.3901249 0.7810252 -0.5076697 -0.2771316 0.8157632 0.4087608 0.8872181 0.2139126 0.494929 0.8582667 0.1357335 0.518757 0.8268513 0.2172741 -0.680188 0.5211015 0.5155557 -0.7119498 0.5504932 0.4359872 -0.6237752 0.6239023 0.4707977 0.8789228 0.07647365 0.4707936 0.8992103 -0.03645032 0.4359959 0.8559887 -0.03852456 0.5155572 0.3083372 -0.7578235 0.575006 0.2823936 -0.8134853 0.5084246 0.1879476 -0.7930672 0.5794137 -0.4748371 0.6624307 0.5794097 -0.428233 0.7470773 0.5084211 -0.3692163 0.730104 0.5750021 -0.7366342 -0.3560162 0.5749979 -0.7938326 -0.333675 0.5084199 -0.7794801 -0.2381206 0.5794044 0.6308177 0.5160974 0.5794072 0.7182576 0.4749845 0.5084247 0.7050822 0.4150077 0.5750024 -0.2083954 0.7911669 0.5750012 -0.1755152 0.8430303 0.5084235 -0.08447909 0.810647 0.5794091 0.3857746 -0.7179578 0.5794088 0.3286781 -0.7959132 0.5084221 0.2723334 -0.7714967 0.5750021 0.3357383 -0.6836695 0.6479783 0.5799202 -0.5792039 0.572901 0.5466593 -0.5390868 0.640741 0.7632308 -0.4505775 0.4630968 0.7451744 -0.4070089 0.5282602 0.8990799 -0.3450376 0.2694522 0.8951851 -0.2992062 0.3303322 0.9432341 -0.2813502 0.1764979 0.9425562 -0.2338077 0.238583 0.6219965 0.7628685 0.1765002 0.6481586 0.723165 0.2385852 0.5722196 0.7506291 0.3303343 0.5496795 0.7907258 0.2694537 0.3875522 0.7554761 0.5282605 0.3779968 0.8016612 0.4630959 0.1491233 0.7531375 0.6407389 0.1540837 0.8050117 0.5729001 -0.1065921 0.7541653 0.6479761 0.6067444 0.460423 0.6479753 0.4574639 0.6800832 0.5728994 0.4244565 0.6397568 0.6407402 0.2961217 0.8353787 0.4630923 0.2568141 0.8093133 0.5282599 0.1665182 0.948509 0.2694486 0.1222776 0.9359104 0.3303332 0.09555107 0.9796527 0.1764958 0.04901605 0.9698843 0.2385833 -0.8678438 0.4644291 0.1765016 -0.8338813 0.4977105 0.2385922 -0.8463008 0.4179141 0.3303374 -0.8813417 0.388113 0.2694533 -0.8157017 0.2357344 0.5282614 -0.8592038 0.217513 0.4630953 -0.7677558 0.002167701 0.640739 -0.8196217 -0.002894878 0.5728979 -0.7198087 -0.2490108 0.6479731 -0.4208089 0.6348579 0.6479778 -0.6495393 0.4998815 0.5729025 -0.6114006 0.4643728 0.6407397 -0.8148016 0.3487697 0.4630962 -0.7912966 0.3078813 0.5282602 -0.9359638 0.2266451 0.2694513 -0.9262117 0.1816931 0.3303328 -0.971568 0.1578118 0.1764972 -0.9647863 0.1107524 0.2385821 -0.5188052 -0.8364736 0.1765025 -0.5498541 -0.8004586 0.2385931 -0.4710142 -0.8179396 0.3303337 -0.4435075 -0.8548083 0.2694513 -0.2872565 -0.7990154 0.5282596 -0.2718459 -0.8435891 0.4630953 -0.05110853 -0.7660577 0.6407367 -0.04936277 -0.8181384 0.5728988 0.202619 -0.7342121 0.6479801 0.8316574 0.08544743 0.5486754 0.878319 0.2954863 0.3758237 0.8359382 0.3197424 0.446063 0.8657207 0.4626035 0.1911175 0.8289729 0.4989039 0.2527822 0.8330445 0.5509256 -0.05017942 0.8020703 0.5972265 0.0019629 0.7947152 0.5856237 -0.1596019 0.7643827 0.6356948 -0.1077569 -0.2318056 0.9595801 -0.1596001 -0.1763735 0.9784078 -0.1077532 -0.2299732 0.973195 0.001969695 -0.283473 0.9576668 -0.05017608 -0.3138181 0.9152154 0.2527824 -0.3653044 0.9110583 0.1911166 -0.4343913 0.782517 0.4460622 -0.4824412 0.7912049 0.3758261 -0.5818127 0.6003689 0.5486814 0.4212911 0.8561789 0.2991179 0.1816112 0.9605518 0.2106124 0.1793294 0.939028 0.2933726 -0.04493933 0.9927577 0.1114125 -0.05948191 0.9800759 0.1895078 -0.2359715 0.9697805 -0.0619952 -0.2614234 0.9651746 0.00979197 -0.3251798 0.9357677 -0.1363713 -0.3537554 0.9331712 -0.06362801 -0.9512082 0.1403802 0.2747661 -0.9274783 0.204239 0.3131622 -0.8908203 0.1655072 0.4231389 -0.9168863 0.1046589 0.3851831 -0.7564204 0.09459614 0.6472094 -0.7956894 0.03890937 0.6044538 -0.5953881 -0.04527556 0.8021617 -0.6482572 -0.09382146 0.7556191 -0.4407218 -0.239032 0.8652329 -0.5765147 0.5754997 0.5800268 -0.5990177 0.4932199 0.6308028 -0.7666156 0.2274299 0.6004801 -0.796478 0.1946147 0.572493 -0.9306095 -0.04418802 0.3633366 -0.8996946 -0.07956212 0.4292083 -0.9559745 -0.1818893 0.2302805 -0.9254547 -0.2248932 0.304888 0.06023687 -0.9712577 0.2302824 0.01101726 -0.9523244 0.3048886 0.1454635 -0.8914142 0.42921 0.1873887 -0.9126178 0.3633378 0.4100012 -0.6865311 0.6004782 0.7002245 -0.4162406 0.5800254 0.6260712 -0.4583972 0.6307987 0.3855919 -0.7235856 0.5724883 -0.562584 -0.5545018 0.6132104 -0.4838182 -0.5588971 0.6734642 -0.1992305 -0.6943088 0.6915508 -0.1606316 -0.7235335 0.6713396 0.1114743 -0.8553229 0.5059607 0.1363704 -0.8110159 0.5689082 0.263807 -0.8821066 0.3902486 0.2954108 -0.8359705 0.4624779 0.9303493 0.2146394 0.2972881 0.909655 0.1747291 0.3768256 0.8218997 0.3169754 0.4732944 0.8447769 0.3512741 0.4036814 0.5725204 0.5755561 0.583914 0.2748413 0.8234255 0.49642 0.3197285 0.7632853 0.5613995 0.6146945 0.5522227 0.563206 -0.6317755 -0.5321536 0.5636242 -0.6685624 -0.5617944 0.4872489 -0.6314553 -0.6567239 0.412284 -0.4944295 -0.6889525 0.5299848 -0.64649 -0.7516703 -0.1305472 -0.6750172 -0.7372696 -0.02802485 -0.5907894 -0.8061951 0.03189778 -0.5860212 -0.7925292 -0.1687503 -0.6203292 -0.717938 -0.3158431 -0.5619758 -0.7696219 -0.3030934 0.08058285 -0.8356111 -0.5433788 -0.1833029 -0.7137038 -0.6760377 -0.04711467 -0.7743314 -0.6310239 0.1364135 -0.8796082 -0.4557201 0.2264776 -0.8886853 -0.3986807 0.2604356 -0.8240267 -0.5031436 0.5179606 -0.8551217 0.02199673 0.4951431 -0.8643149 0.08828008 0.6104323 -0.7581663 0.2292518 0.6096754 -0.7685605 0.193935 0.8052998 -0.05340236 0.5904579 0.8491228 -0.005814492 0.5281637 0.8515887 0.1194385 0.5104226 0.7418451 0.136864 0.6564556 0.8909475 0.4486761 0.07001638 0.9136416 0.3785694 0.1481361 0.8656505 0.4349743 0.2478847 0.8511431 0.520708 0.0664739 0.8491454 0.5182257 -0.1019522 0.816808 0.5741386 -0.05647647 0.2496297 0.9626085 -0.1052138 0.4390833 0.8359609 -0.3292043 0.339846 0.9105919 -0.2352174 0.2182453 0.9758911 0.002378046 0.1407802 0.9871721 0.0753141 0.0812835 0.9960019 -0.03705835 -0.129756 0.8607078 0.4922862 -0.1036425 0.8288755 0.5497488 -0.2485772 0.7156417 0.6527376 -0.2445209 0.7405526 0.6259325 -0.3034135 0.8468694 0.4367522 -0.3650264 0.8458241 0.3890209 -0.4942998 0.7707015 0.4021034 -0.4734963 0.6750068 0.5658332 -0.7785136 0.6222354 0.08209562 -0.7094255 0.6977095 0.09958404 -0.7475846 0.6396756 0.1786966 -0.7881758 0.5914474 0.1702027 -0.798057 0.6021593 0.02256774 -0.8084017 0.5883103 -0.01943671 -0.9894471 -0.1447417 0.006655454 -0.9914525 -0.02774029 0.1274861 -0.9618957 -0.2198261 0.162583 -0.9371085 -0.3417377 0.07101607 -0.8801403 -0.4224435 0.2165515 -0.8531734 -0.5106489 0.1064567 -0.5358913 -0.6426267 0.547587 -0.5198171 -0.5800238 0.6271864 -0.5361136 -0.6436223 0.5461983 -0.545716 -0.6943305 0.4691475 -0.07247495 -0.6989963 0.7114433 -0.0462405 -0.6653314 0.7451148 0.7693189 -0.4092782 0.4905504 0.8101556 -0.439453 0.3879809 0.7328115 -0.5563278 0.391774 0.5876275 -0.6011791 0.5415511 0.6185981 -0.7799934 0.09458804 0.7336645 -0.6768526 -0.06005793 0.6712968 -0.7406127 0.02921378 0.543199 -0.8206794 0.177258 0.563557 -0.7648375 -0.3121335 0.6416208 -0.6389393 -0.4243577 0.6128993 -0.6922438 -0.3809897 0.5299038 -0.8045712 -0.2680807 -0.2308387 -0.8953001 -0.3809872 -0.2806695 -0.8608988 -0.4243561 -0.1538692 -0.937496 -0.3121308 -0.1058216 -0.9575679 -0.2680773 -0.2950198 -0.9240871 0.2429537 -0.1103362 -0.9779605 0.1772546 -0.2608354 -0.9649413 0.02921247 -0.4550817 -0.7584877 0.466473 -0.567972 -0.6054583 0.5575195 -0.3328077 -0.9372112 0.1042802 -0.4400839 -0.7354389 0.515224 -0.4139744 -0.7710829 0.483794 -0.2561448 -0.8715046 0.4181744 -0.21183 -0.8178912 0.5349597 -0.02779102 -0.9988033 -0.04024612 -0.07827687 -0.9927424 -0.09129774 -0.01316165 -0.9995897 -0.02544111 0.05635464 -0.997397 0.04498189 -0.05494135 -0.8450438 -0.5318669 -0.116084 -0.8280512 -0.5485031 -0.03312259 -0.8502144 -0.5253937 0.05173158 -0.8658888 -0.4975544 0.9603603 -0.08889561 -0.264208 0.8300083 -0.06045264 -0.5544654 0.8752363 -0.05228221 -0.4808617 0.9767565 -0.1216457 -0.1764912 0.991142 -0.1326071 0.007278561 0.9962895 -0.06510168 -0.0562945 0.8832713 0.1121029 0.4552635 0.819474 0.07238656 0.5685267 0.7718458 0.3107794 0.5546804 0.8044653 0.2807554 0.5234617 -0.5598314 -0.4717454 0.6812086 -0.5727477 -0.5523937 0.6056578 -0.4539489 -0.6024039 0.6565364 -0.3231756 -0.5184364 0.7916952 -0.2769328 -0.8602205 0.4281693 -0.355434 -0.8768627 0.3236954 -0.2220292 -0.8408798 0.493583 -0.1424012 -0.8030142 0.578697 -0.191097 -0.979417 0.06499534 -0.2400189 -0.9707682 4.80531e-4 -0.1202211 -0.980587 0.1549072 -0.07439965 -0.9746624 0.2109454 0.6157812 -0.785232 0.06499457 0.509696 -0.8340937 0.2109454 0.5531967 -0.8185214 0.1549069 0.6554124 -0.7552712 4.7939e-4 0.6379889 -0.6400316 0.4281703 0.4921569 -0.6502959 0.5787028 0.634786 -0.5060988 0.5838757 0.7222319 -0.0270996 0.69112 0.6946368 -0.2266618 0.6827182 0.6889818 -0.5587939 0.4615773 0.7606683 -0.6486206 0.02598047 0.7605451 -0.6489845 0.01975482 0.7605473 -0.6489819 0.019755 0.760677 -0.6486104 0.02598112 0.9966067 -0.07811111 0.02595841 0.9967764 -0.07775801 0.01976454 0.9967762 -0.0777595 0.01976466 0.9966058 -0.07812398 0.02595788 0.8519965 0.5229029 0.02597147 0.85227 0.5227293 0.01975357 0.8522695 0.5227298 0.01975351 0.8519907 0.5229126 0.02597177 0.382226 0.9237042 0.02596008 0.3820405 0.9239342 0.01976567 0.382041 0.9239341 0.01976585 0.3822345 0.9237006 0.02595955 -0.2339416 0.9719037 0.02597188 -0.2339185 0.9720556 0.01975619 -0.2339177 0.9720557 0.01975631 -0.2339437 0.9719033 0.02597206 -0.2339987 0.9720527 0.01892673 -0.2339974 0.9720531 0.01892644 0.3821751 0.9238962 0.01892441 -0.2339937 0.9720458 0.01933521 -0.2339944 0.9720457 0.01933526 0.3821057 0.9239165 0.01933413 0.3821753 0.9238962 0.01892435 0.3821027 0.9239176 0.01933425 0.8521984 0.5228617 0.01933407 0.8522012 0.5228719 0.0189318 0.8521992 0.5228748 0.01893204 0.8521972 0.5228635 0.01933401 0.9967783 -0.07784062 0.01933681 0.9967837 -0.07787227 0.01892757 0.9967834 -0.07787454 0.01892763 0.9967782 -0.07784253 0.0193367 0.7606272 -0.6489009 0.01933622 0.7606157 -0.6489264 0.01893079 0.7606169 -0.6489251 0.01893091 0.760626 -0.6489024 0.01933586 0.2339386 -0.9720591 0.01933479 0.2339278 -0.9720697 0.01893061 0.2339296 -0.9720693 0.01893067 0.2339397 -0.9720588 0.01933479 -0.3821046 -0.9239169 0.01933282 -0.3821401 -0.9239107 0.01892715 -0.3821433 -0.9239093 0.01892709 -0.3821055 -0.9239165 0.01933282 -0.8521941 -0.5228686 0.01933038 -0.8521891 -0.5228915 0.01893311 -0.8521879 -0.5228933 0.01893335 -0.382223 -0.924069 0.001448631 -0.3822241 -0.9240685 0.001448452 -0.8522814 -0.5230816 0.00145775 -0.8521922 -0.5228715 0.01933062 0.2340098 -0.9722332 0.001448333 0.2340002 -0.9722315 0.003152489 0.2340015 -0.9722312 0.003152191 -0.382133 -0.9241021 0.003154098 0.2340098 -0.9722332 0.001448273 0.7607147 -0.6490849 0.001448392 0.7607088 -0.6490857 0.00315082 0.7607088 -0.6490858 0.003150522 0.7607162 -0.6490832 0.00144875 0.996958 -0.07792812 0.001451313 0.996953 -0.07794106 0.003145098 0.9969528 -0.07794475 0.003144681 0.9969581 -0.07792592 0.00145173 0.852346 0.5229763 0.001452803 0.8523459 0.522969 0.003151595 0.8523444 0.5229716 0.003151774 0.8523472 0.5229746 0.001453042 0.382125 0.9241096 0.001452922 0.3821619 0.9240901 0.003149807 0.3821629 0.9240896 0.003149509 0.3821254 0.9241095 0.001453161 -0.2340155 0.9722318 0.00144869 -0.2340438 0.972221 0.003155827 -0.2340447 0.9722208 0.00315535 -0.2340153 0.9722319 0.00144875 -0.2339435 0.9720698 0.01873344 -0.2339468 0.9720689 0.01873356 0.382045 0.9239539 0.01873689 -0.2339186 0.9721671 0.01315951 -0.2339186 0.9721671 0.01315957 0.3820987 0.9240279 0.01315939 0.3820434 0.9239544 0.01873701 0.3821031 0.924026 0.01315879 0.8522828 0.5229158 0.01315969 0.8522756 0.5227578 0.01872819 0.8522749 0.5227588 0.01872837 0.8522809 0.5229189 0.01315999 0.9968789 -0.07784205 0.01315766 0.9967921 -0.07780998 0.01873928 0.9967923 -0.07780671 0.01873946 0.9968787 -0.07784521 0.0131573 0.7606557 -0.6490224 0.01315236 0.7605856 -0.6489673 0.01873755 0.7605859 -0.648967 0.01873737 0.7606583 -0.6490194 0.01315259 0.2339656 -0.9721558 0.0131604 0.2339416 -0.9720702 0.0187332 0.2339414 -0.9720702 0.0187332 0.2339661 -0.9721558 0.01316016 -0.3820919 -0.9240307 0.01316142 -0.3820284 -0.9239608 0.01873487 -0.3820284 -0.9239607 0.01873475 -0.3821293 -0.9241036 0.003154754 -0.8522436 -0.5228099 0.01872855 -0.8523381 -0.5229817 0.003151297 -0.8523414 -0.5229763 0.003150999 -0.8522812 -0.5230818 0.001457691 -0.3820957 -0.9240291 0.01316082 -0.8523003 -0.5228875 0.01315879 -0.8522442 -0.5228089 0.01872855 -0.3822026 -0.9240607 0.005763113 -0.3822006 -0.9240615 0.005763113 -0.8523426 -0.522952 0.005768537 -0.852299 -0.5228894 0.01315897 0.2339748 -0.9722257 0.005768179 0.2339149 -0.9720672 0.01921761 0.2339144 -0.9720673 0.01921766 -0.3821109 -0.9239166 0.01921802 0.2339754 -0.9722255 0.005768537 0.7607831 -0.6489806 0.005770325 0.7606425 -0.6488865 0.01922029 0.7606438 -0.6488849 0.01922011 0.7607811 -0.648983 0.005769848 0.9969435 -0.07791346 0.005763828 0.9967795 -0.07785499 0.01921987 0.9967795 -0.07785469 0.01921969 0.9969436 -0.07791191 0.005763888 0.8523461 0.5229463 0.005766987 0.8522077 0.5228506 0.01921844 0.8522087 0.522849 0.01921832 0.852346 0.5229465 0.005766987 0.3822498 0.9240412 0.005760729 0.3821321 0.9239079 0.01921999 0.382136 0.9239062 0.01921969 0.3822478 0.924042 0.005760967 -0.2339795 0.9722245 0.005768656 -0.2339519 0.9720582 0.01921588 -0.2339522 0.9720582 0.01921582 -0.2339776 0.9722249 0.005768358 -0.2338135 0.9715584 0.03749018 -0.2338143 0.9715583 0.03749036 0.3818889 0.9234474 0.03749245 -0.2338621 0.9717531 0.03169202 -0.233862 0.9717532 0.03169149 0.3819752 0.9236292 0.03168648 0.3818879 0.9234479 0.03749269 0.3819743 0.9236296 0.03168702 0.8519307 0.5226947 0.03169322 0.8517519 0.5226023 0.0374903 0.8517515 0.522603 0.03749042 0.8519322 0.5226922 0.03169268 0.9964588 -0.07788449 0.03168648 0.9962602 -0.07784658 0.03749179 0.99626 -0.07784879 0.03749161 0.9964591 -0.07788014 0.03168743 0.7603817 -0.648703 0.03168934 0.7602339 -0.6485668 0.03749322 0.7602325 -0.6485683 0.03749293 0.7603813 -0.6487035 0.03168916 0.2338587 -0.971754 0.03169006 0.2338185 -0.9715571 0.03749257 0.2338191 -0.971557 0.03749245 0.2338569 -0.9717546 0.03168988 -0.3819724 -0.9236304 0.03168654 -0.3819028 -0.9234417 0.03749257 -0.3819022 -0.923442 0.03749257 -0.3821099 -0.923917 0.01921868 -0.8517624 -0.5225854 0.03748852 -0.8521978 -0.522867 0.01921916 -0.8521979 -0.5228666 0.0192191 -0.852342 -0.522953 0.005768597 -0.38197 -0.9236313 0.03168708 -0.8519286 -0.5226982 0.03169208 -0.8517622 -0.5225859 0.03748846 -0.3817969 -0.9232857 0.0421276 -0.3818052 -0.9232822 0.04212909 0.2337492 -0.9713837 0.04213279 0.2337525 -0.9713828 0.04213291 -0.3809114 -0.9209734 0.08194166 0.2331906 -0.9689728 0.08193898 -0.3809202 -0.9209698 0.08194261 0.2331917 -0.9689727 0.08193659 0.7582298 -0.6468176 0.08194303 0.7582346 -0.6468119 0.08194345 0.7600923 -0.6484479 0.04213124 0.7600904 -0.6484503 0.04213231 0.9960789 -0.07779723 0.04212439 0.996078 -0.07780873 0.0421254 0.9936059 -0.07766807 0.08194565 0.8516199 0.5224641 0.04212975 0.8516158 0.5224707 0.04212951 0.8494804 0.5212188 0.08194041 0.9936056 -0.07767051 0.08194702 0.8494781 0.5212227 0.08193832 0.3808856 0.920984 0.08194267 0.3808853 0.9209843 0.08194178 0.3818133 0.923279 0.04212725 0.3818107 0.9232801 0.04212719 -0.2337771 0.9713772 0.04212677 -0.2337728 0.9713781 0.04212868 -0.23316 0.9689798 0.08194291 -0.7600682 0.6484758 0.04213601 -0.233151 0.968982 0.0819422 -0.8494929 -0.5211995 0.08193391 1.00872e-5 -7.32385e-5 1 2.27569e-6 -6.84622e-5 1 9.06576e-6 -7.2614e-5 1 1.69556e-5 -7.74381e-5 1 -4.61462e-5 -5.77408e-5 1 -4.77897e-5 -4.97324e-5 1 -4.63611e-5 -5.66936e-5 1 -4.47011e-5 -6.47823e-5 1 -7.32808e-5 -1.28425e-5 1 -6.94083e-5 -4.7999e-6 1 -7.27744e-5 -1.17907e-5 1 -7.66857e-5 -1.99139e-5 1 -6.58178e-5 3.48756e-5 1 -5.78405e-5 3.83892e-5 1 -6.47747e-5 3.5335e-5 1 -7.28319e-5 3.17863e-5 1 -0.9968281 0.07790106 -0.01628589 -0.9969242 0.07790148 0.008579075 -0.9969241 0.07790201 0.00857824 -0.8523221 -0.522947 0.008577585 -0.8522428 -0.5228932 -0.01628315 -0.8522415 -0.5228951 -0.01628351 -0.996828 0.07790285 -0.01628661 -0.7607196 0.649024 0.008576691 -0.7606748 0.6489294 -0.01626515 -0.7606659 0.6489396 -0.01627093 -0.7607136 0.6490311 0.008574724 -0.2339797 0.9722036 0.008582174 -0.2339456 0.9721135 -0.01627379 -0.2339492 0.9721127 -0.01627093 -0.233982 0.9722031 0.008584558 0.3821478 0.9240614 0.008579134 0.3821393 0.9239614 -0.01628333 0.3821299 0.9239652 -0.01627904 0.3821402 0.9240645 0.00857985 0.8523177 0.5229541 0.008577167 0.8522344 0.5229067 -0.01628094 0.8522345 0.5229067 -0.01628124 0.8523172 0.522955 0.008576512 0.9969238 -0.07790571 0.008579015 0.9968284 -0.07789766 -0.01628589 0.9968284 -0.07789838 -0.01628464 0.9969236 -0.07790786 0.008580267 0.7607193 -0.6490244 0.008577287 0.760676 -0.6489282 -0.01626086 0.7606659 -0.6489397 -0.01626825 0.7607118 -0.6490333 0.008575439 0.2339954 -0.9721999 0.008580386 0.2339486 -0.9721127 -0.01628267 0.2339571 -0.9721106 -0.01627981 0.2340027 -0.9721981 0.008580923 -0.3821555 -0.9240583 0.008579432 -0.382134 -0.9239637 -0.0162788 -0.382129 -0.9239657 -0.01627844 -0.3821526 -0.9240595 0.008579015 -0.8523209 -0.5229489 0.008577346 -0.8509138 -0.5220823 0.05810087 -0.3815268 -0.92253 0.05810254 -0.3815262 -0.9225301 0.05810344 -0.3805533 -0.9201556 0.09215712 -0.3805572 -0.9201542 0.09215575 0.2329861 -0.968104 0.09215331 0.2335892 -0.9705979 0.05810225 0.2335923 -0.9705973 0.05810058 0.2329859 -0.9681041 0.09215277 0.7575344 -0.6462578 0.09215575 0.7594761 -0.6479362 0.0580936 0.7594746 -0.6479377 0.05809628 0.7575367 -0.6462549 0.09215748 0.9927163 -0.07760316 0.09215295 0.9952772 -0.07776165 0.05810648 0.9952768 -0.07776921 0.05810463 0.9927163 -0.07760679 0.09215062 0.8487135 0.5207608 0.09216094 0.850915 0.5220806 0.05809992 0.8509125 0.5220845 0.05810022 0.8487128 0.5207621 0.09216088 0.3805606 0.9201527 0.09215688 0.3815334 0.9225271 0.05810481 0.381531 0.9225282 0.05810266 0.380563 0.9201517 0.09215581 -0.2329876 0.9681036 0.0921542 -0.233592 0.9705977 0.05809468 -0.233592 0.9705977 0.0580945 -0.2329874 0.9681037 0.09215283 -0.7575293 0.6462641 0.09215372 -0.75947 0.647943 0.05809628 -0.7594696 0.6479434 0.05809742 -0.7575325 0.6462601 0.09215527 -0.9927167 0.07759964 0.09215259 -0.9952769 0.07776731 0.05810493 -0.9952767 0.0777719 0.0581032 -0.9927165 0.07760268 0.09215086 -0.8487085 -0.5207687 0.09216231 -0.8509171 -0.5220773 0.05810004 -0.8487076 -0.5207704 0.09216237 -0.8494868 -0.5212085 0.08194011 -0.9936071 0.07764971 0.08194845 -0.9936069 0.07764995 0.08194988 -0.7582268 0.6468211 0.08194434 -0.7582232 0.6468251 0.08194404 -0.7600914 0.648449 0.04213172 -0.996078 0.07780891 0.04212611 -0.9960783 0.07780504 0.04212522 -0.9964618 0.07784593 0.03168869 -0.9964618 0.07784378 0.0316891 -0.8519346 -0.5226886 0.0316891 -0.8516195 -0.5224648 0.04212921 -0.8516162 -0.5224702 0.04212856 -0.7603684 0.6487188 0.03168451 -0.7603696 0.6487174 0.03168565 -0.7602195 0.6485839 0.03749078 -0.9962599 0.07785135 0.03749001 -0.7602207 0.6485824 0.0374909 -0.7606376 0.6488924 0.01921755 -0.9962598 0.07785272 0.03748977 -0.9967762 0.07789647 0.01921784 -0.7606388 0.6488909 0.01921766 -0.7607718 0.6489938 0.005770206 -0.9967762 0.07789647 0.01921772 -0.9969439 0.07790821 0.005767345 -0.7607703 0.6489956 0.005770206 -0.7606712 0.649004 0.0131576 -0.9969441 0.07790642 0.005767524 -0.9968771 0.07786405 0.01315867 -0.7606693 0.6490064 0.01315736 -0.7605856 0.6489675 0.01873272 -0.9968774 0.07786089 0.01315891 -0.9967915 0.07781809 0.01873683 -0.760586 0.648967 0.01873266 -0.7607463 0.6490418 0.003152072 -0.9967914 0.07782006 0.0187366 -0.9969493 0.07798963 0.003146886 -0.7607474 0.6490406 0.003151953 -0.7607502 0.6490434 0.001452565 -0.9969491 0.07799255 0.00314629 -0.9969554 0.07796084 0.001451849 -0.7607499 0.6490436 0.001452684 -0.7606039 0.6489284 0.01933366 -0.9969556 0.07795816 0.001452147 -0.9967741 0.07789438 0.01933777 -0.760605 0.648927 0.01933383 -0.7606802 0.6488506 0.01893252 -0.9967741 0.07789349 0.01933783 -0.9967768 0.07796055 0.01892489 -0.7606799 0.648851 0.01893246 -0.7605483 0.6489808 0.01975387 -0.996777 0.0779581 0.01892489 -0.9967741 0.07778656 0.01976418 -0.7605478 0.6489815 0.01975399 -0.7605942 0.6487078 0.02597576 -0.9967743 0.07778364 0.01976448 -0.9966241 0.07788676 0.02596789 -0.7605996 0.6487014 0.02597624 -0.9966237 0.07789027 0.02596777 -0.8520645 -0.5227921 0.02597397 -0.8522536 -0.5227559 0.01975607 -0.8522548 -0.522754 0.01975607 -0.8520622 -0.5227959 0.02597421 -0.3822015 -0.9237143 0.02595818 -0.3819583 -0.9239683 0.01976376 -0.3819584 -0.9239683 0.01976388 -0.3822121 -0.9237101 0.02595758 0.2339408 -0.971904 0.02596902 0.2339321 -0.9720522 0.01975733 0.2339326 -0.9720521 0.0197575 0.2339423 -0.9719036 0.0259692 0.7933405 0.2514941 0.5544021 0.8336179 0.382738 0.3982371 0.8176928 0.2964625 0.4934456 0.7724958 0.1220724 0.6231762 -0.8208973 -0.1369944 0.5544008 -0.7434522 -0.2427594 0.6231748 -0.8630444 -0.1080284 0.4934413 -0.91648 -0.03844434 0.3982293 0.5060454 0.7137438 0.4842395 0.4469249 0.8516597 0.2737405 0.4362763 0.8012421 0.4094806 0.5351225 0.625788 0.5674799 -0.797245 -0.4113525 0.4418027 -0.7176111 -0.4556667 0.52669 -0.870828 -0.327149 0.3669224 -0.9171595 -0.3259226 0.2293319 -0.8185908 -0.2871245 0.4974623 -0.8815966 -0.1833543 0.4349352 -0.7713075 -0.3384785 0.5389963 -0.6868754 -0.4682071 0.5558636 0.8595907 0.1167485 0.4974672 0.8246853 -0.1044338 0.5558667 0.8408493 0.04950416 0.5390009 0.8684862 0.2378208 0.4349403 0.09084039 -0.7233875 0.6844403 0.2942627 -0.7735468 0.5612798 0.2627452 -0.7362292 0.6236438 0.06021392 -0.7229789 0.6882411 0.110326 0.9462988 0.303886 0.00802052 0.9183357 0.3957212 0.1783859 0.9586359 0.2218012 0.2189715 0.9705396 0.1005207 -0.4987636 0.3741996 0.7817988 -0.6676695 0.211382 0.7138172 -0.5934261 0.236976 0.7692126 -0.4431587 0.4026986 0.8009023 0.6976853 -0.484782 0.5274671 0.7255657 -0.351639 0.5915272 0.676019 -0.5668223 0.4708617 0.657304 -0.6618735 0.3603819 0.7490164 -0.4358789 0.4989831 0.8333624 -0.2070601 0.5124776 0.7858191 -0.2812514 0.5508049 0.7119278 -0.4894698 0.5035654 -0.6948577 -0.1124507 0.7103012 -0.6611604 -0.258863 0.7041711 -0.7151065 -0.01314336 0.698892 -0.7538141 0.1184843 0.6463171 0.1273325 0.9511274 0.2813239 0.1243706 0.9886948 0.08375424 0.09784674 0.9779187 0.1846649 0.1322857 0.9197583 0.3695201 -0.7597846 -0.5085768 0.4050643 -0.7231914 -0.4878804 0.4888423 -0.8043448 -0.5065784 0.3104962 -0.8091235 -0.5473096 0.2139431 0.8755108 -0.2687772 0.4015467 0.9434316 -0.2543042 0.2127591 0.9201404 -0.2350326 0.3132114 0.8304607 -0.2769849 0.4833366 -0.4769942 0.7818155 0.4015483 -0.4738039 0.7361342 0.4833388 -0.4553421 0.833401 0.3132192 -0.4797772 0.8512002 0.2127724 -0.4180911 -0.3634349 0.8325353 -0.4876495 -0.3901224 0.7810266 -0.5076688 -0.2771283 0.8157648 0.4087617 0.887218 0.2139116 0.4949323 0.8582654 0.1357303 0.5187587 0.8268508 0.2172722 -0.6801881 0.5211009 0.5155561 -0.7119498 0.5504914 0.4359893 -0.6237761 0.6239002 0.4707991 0.8789225 0.07647544 0.4707937 0.8992118 -0.03645145 0.4359925 0.8559891 -0.03852522 0.5155565 0.3083335 -0.7578265 0.5750039 0.2823898 -0.8134868 0.5084242 0.1879475 -0.7930688 0.5794116 -0.4748355 0.6624317 0.5794096 -0.4282338 0.747076 0.5084224 -0.3692149 0.7301043 0.5750026 -0.7366329 -0.3560162 0.5749996 -0.7938335 -0.3336744 0.508419 -0.7794789 -0.2381216 0.5794056 0.6308166 0.5160972 0.5794084 0.7182582 0.4749845 0.5084241 0.7050823 0.4150075 0.5750023 -0.208396 0.7911654 0.575003 -0.1755164 0.8430283 0.5084264 -0.08447778 0.8106472 0.5794091 0.3857741 -0.717956 0.5794113 0.3286848 -0.7959122 0.5084195 0.2723351 -0.7714961 0.5750021 0.3357365 -0.6836693 0.6479794 0.5799192 -0.5792057 0.5729002 0.5466589 -0.5390905 0.6407384 0.7632289 -0.4505823 0.4630954 0.745172 -0.4070128 0.5282606 0.8990794 -0.3450404 0.2694506 0.895185 -0.2992074 0.3303316 0.943234 -0.2813515 0.1764967 0.9425565 -0.2338079 0.2385817 0.6219958 0.7628695 0.1764976 0.6481581 0.7231657 0.2385843 0.5722184 0.7506301 0.330334 0.5496776 0.7907277 0.2694522 0.3875506 0.7554761 0.5282617 0.3779954 0.801662 0.4630957 0.1491245 0.7531368 0.6407393 0.154086 0.805012 0.5728989 -0.1065906 0.7541655 0.6479761 0.6067437 0.4604224 0.6479763 0.4574607 0.6800842 0.5729007 0.4244549 0.6397587 0.6407393 0.2961175 0.8353801 0.4630925 0.2568112 0.8093155 0.5282581 0.1665171 0.9485083 0.2694514 0.1222779 0.9359097 0.3303351 0.09555196 0.9796522 0.1764982 0.0490185 0.9698836 0.2385855 -0.8678439 0.4644294 0.1764999 -0.8338829 0.4977096 0.2385886 -0.8463006 0.4179152 0.3303365 -0.8813415 0.3881141 0.2694525 -0.8157024 0.2357343 0.5282604 -0.8592041 0.2175127 0.4630948 -0.7677557 0.002167463 0.640739 -0.8196203 -0.002895355 0.5728998 -0.7198063 -0.2490118 0.6479754 -0.4208068 0.6348592 0.647978 -0.649539 0.4998825 0.572902 -0.6114004 0.4643733 0.6407395 -0.8148019 0.3487709 0.4630948 -0.7912967 0.3078828 0.5282593 -0.9359633 0.2266461 0.2694519 -0.9262114 0.1816936 0.3303331 -0.9715681 0.1578111 0.1764969 -0.9647868 0.1107502 0.2385809 -0.5188069 -0.8364736 0.1764972 -0.5498541 -0.800462 0.2385814 -0.4710146 -0.8179402 0.3303318 -0.4435086 -0.8548075 0.269452 -0.2872562 -0.7990149 0.5282605 -0.2718456 -0.8435894 0.4630951 -0.0511083 -0.7660565 0.6407383 -0.049362 -0.818138 0.5728994 0.2026185 -0.7342137 0.6479784 0.8316562 0.0854485 0.5486772 0.8783185 0.2954872 0.3758243 0.8359379 0.319743 0.4460631 0.8657204 0.4626044 0.1911165 0.8289723 0.498905 0.2527821 0.8330441 0.5509262 -0.05018007 0.80207 0.5972269 0.001964271 0.7947149 0.5856237 -0.1596029 0.7643828 0.6356946 -0.1077568 -0.2318048 0.9595801 -0.1596018 -0.176373 0.9784074 -0.1077576 -0.2299726 0.9731951 0.001970112 -0.283472 0.9576671 -0.05017602 -0.3138175 0.9152157 0.2527825 -0.3653044 0.9110588 0.1911146 -0.4343931 0.7825167 0.4460609 -0.4824434 0.7912041 0.3758254 -0.5818138 0.6003681 0.5486811 0.4212913 0.8561789 0.2991176 0.1816105 0.9605519 0.2106128 0.1793276 0.9390288 0.2933712 -0.04494047 0.9927574 0.1114141 -0.05948269 0.980076 0.1895076 -0.2359722 0.9697803 -0.06199592 -0.2614231 0.9651747 0.009790539 -0.3251799 0.9357672 -0.1363744 -0.3537544 0.9331715 -0.06363135 -0.9512081 0.1403808 0.2747663 -0.9274777 0.2042412 0.3131624 -0.8908199 0.1655085 0.4231395 -0.9168863 0.1046591 0.3851833 -0.7564202 0.09459769 0.6472092 -0.7956891 0.03891044 0.6044543 -0.5953885 -0.04527425 0.8021614 -0.648256 -0.09381967 0.7556204 -0.4407204 -0.2390297 0.8652343 -0.5765131 0.5754991 0.5800289 -0.5990182 0.4932194 0.6308025 -0.7666153 0.2274299 0.6004804 -0.7964791 0.1946133 0.5724918 -0.9306088 -0.04418921 0.3633381 -0.8996949 -0.07956337 0.4292072 -0.9559741 -0.1818903 0.2302814 -0.9254552 -0.2248948 0.3048856 0.06023526 -0.9712586 0.2302792 0.01101833 -0.9523265 0.3048818 0.1454617 -0.8914151 0.4292086 0.1873851 -0.9126186 0.3633373 0.4099988 -0.686531 0.60048 0.7002227 -0.4162399 0.5800282 0.6260701 -0.4583964 0.6308003 0.3855901 -0.7235869 0.5724877 -0.5625861 -0.5544997 0.6132104 -0.4838173 -0.5588967 0.6734653 -0.1992304 -0.6943081 0.6915515 -0.1606305 -0.7235304 0.6713432 0.1114729 -0.8553242 0.5059589 0.1363704 -0.8110163 0.5689075 0.2638055 -0.8821061 0.3902505 0.2954128 -0.8359651 0.4624864 0.9303477 0.214644 0.2972899 0.9096543 0.1747293 0.3768271 0.8218972 0.3169762 0.4732982 0.8447753 0.3512775 0.4036818 0.5725218 0.5755558 0.5839132 0.2748448 0.8234263 0.4964166 0.3197313 0.7632862 0.5613965 0.6146962 0.5522236 0.5632032 -0.6317751 -0.5321531 0.5636253 -0.6685625 -0.5617951 0.487248 -0.6314547 -0.6567243 0.412284 -0.4944292 -0.6889508 0.5299873 -0.6464912 -0.751669 -0.130549 -0.6750165 -0.7372702 -0.02802473 -0.5907924 -0.806193 0.03189611 -0.5860239 -0.7925269 -0.1687516 -0.6203301 -0.7179366 -0.3158442 -0.5619773 -0.7696214 -0.3030915 0.08058375 -0.8356107 -0.5433794 -0.183302 -0.7137019 -0.6760399 -0.04711532 -0.7743303 -0.6310251 0.1364129 -0.8796085 -0.4557198 0.2264794 -0.8886854 -0.3986797 0.2604381 -0.8240262 -0.503143 0.5179628 -0.8551203 0.02199637 0.495147 -0.864313 0.08827495 0.6104335 -0.7581652 0.2292519 0.6096751 -0.7685601 0.1939377 0.8053006 -0.05340099 0.5904569 0.8491234 -0.005813956 0.5281627 0.8515899 0.1194409 0.5104201 0.7418476 0.1368645 0.6564528 0.8909484 0.4486743 0.07001757 0.9136422 0.3785678 0.1481371 0.8656507 0.4349725 0.2478869 0.8511438 0.5207067 0.06647562 0.8491463 0.5182245 -0.1019517 0.8168085 0.5741382 -0.05647504 0.2496283 0.9626088 -0.1052148 0.4390828 0.8359612 -0.3292039 0.3398442 0.9105927 -0.2352166 0.2182434 0.9758915 0.002378284 0.1407786 0.9871725 0.07531249 0.08128094 0.996002 -0.03706192 -0.1297573 0.8607079 0.4922855 -0.103644 0.8288777 0.5497451 -0.2485786 0.7156419 0.6527369 -0.244522 0.7405516 0.6259332 -0.3034153 0.8468675 0.4367548 -0.3650277 0.845821 0.3890265 -0.4943011 0.7707008 0.4021028 -0.4734984 0.6750097 0.5658279 -0.7785126 0.6222369 0.08209437 -0.7094239 0.6977117 0.09957975 -0.7475848 0.6396758 0.1786953 -0.7881762 0.5914469 0.1702021 -0.7980555 0.6021612 0.02256643 -0.8083996 0.5883132 -0.01943743 -0.989447 -0.1447424 0.006654322 -0.9914523 -0.02774029 0.127487 -0.9618954 -0.2198283 0.1625819 -0.9371077 -0.3417398 0.07101565 -0.8801391 -0.4224451 0.2165536 -0.8531728 -0.510649 0.1064608 -0.5358942 -0.6426246 0.5475867 -0.5198214 -0.580026 0.6271806 -0.5361164 -0.6436201 0.5461982 -0.545718 -0.6943253 0.4691528 -0.07247567 -0.6989957 0.7114439 -0.04623782 -0.6653262 0.7451195 0.7693183 -0.4092789 0.4905511 0.8101564 -0.4394525 0.3879795 0.7328097 -0.5563294 0.3917751 0.5876226 -0.6011815 0.5415539 0.6185982 -0.7799934 0.0945869 0.7336634 -0.6768541 -0.06005543 0.671296 -0.7406135 0.02921462 0.5432 -0.8206792 0.1772552 0.5635576 -0.7648367 -0.3121345 0.6416209 -0.6389385 -0.4243586 0.6128995 -0.692243 -0.3809905 0.5299046 -0.8045704 -0.2680816 -0.2308396 -0.8952994 -0.3809882 -0.2806696 -0.8608979 -0.4243576 -0.1538708 -0.9374958 -0.3121306 -0.1058238 -0.9575679 -0.2680767 -0.2950191 -0.9240871 0.2429541 -0.1103378 -0.9779602 0.177255 -0.2608352 -0.9649413 0.02921521 -0.4550804 -0.7584894 0.4664717 -0.5679704 -0.6054607 0.5575186 -0.3328065 -0.9372114 0.1042816 -0.4400825 -0.735439 0.5152253 -0.4139729 -0.7710832 0.4837948 -0.2561419 -0.8715034 0.4181784 -0.2118283 -0.8178902 0.5349621 -0.02779167 -0.9988034 -0.04024249 -0.07827806 -0.9927427 -0.09129369 -0.01316243 -0.9995898 -0.02543777 0.05635452 -0.997397 0.04498463 -0.0549407 -0.8450435 -0.5318675 -0.1160858 -0.8280519 -0.5485017 -0.03312098 -0.8502137 -0.5253948 0.05173659 -0.8658865 -0.497558 0.9603602 -0.08889365 -0.2642087 0.8300072 -0.06044965 -0.5544672 0.8752369 -0.05228173 -0.4808607 0.9767567 -0.1216474 -0.1764889 0.9911423 -0.1326054 0.007277786 0.9962897 -0.06509709 -0.05629652 0.883269 0.1121102 0.4552661 0.8194695 0.07239329 0.5685323 0.7718439 0.3107823 0.5546813 0.8044653 0.2807585 0.52346 -0.55983 -0.4717463 0.6812091 -0.5727444 -0.5523924 0.6056621 -0.453949 -0.6024026 0.6565375 -0.3231792 -0.5184392 0.791692 -0.2769344 -0.8602188 0.4281718 -0.3554371 -0.876861 0.3236963 -0.2220296 -0.8408777 0.4935864 -0.1423999 -0.8030112 0.5787015 -0.191098 -0.9794167 0.06499695 -0.2400209 -0.9707677 4.82898e-4 -0.1202206 -0.9805869 0.1549078 -0.0743981 -0.9746625 0.2109454 0.615782 -0.7852313 0.06499534 0.5096977 -0.8340928 0.2109442 0.5531982 -0.8185206 0.1549065 0.6554129 -0.7552707 4.80937e-4 0.6379873 -0.6400316 0.4281728 0.4921558 -0.6502975 0.5787019 0.6347844 -0.5061008 0.5838757 0.7222304 -0.02710282 0.6911213 0.6946352 -0.2266634 0.6827194 0.6889802 -0.5587936 0.4615801 0.7605832 -0.6487208 0.02597403 0.7605456 -0.6489841 0.01975345 0.7605455 -0.6489841 0.01975351 0.9966191 -0.07795131 0.02596026 0.9967761 -0.07776266 0.01976376 0.9967762 -0.0777617 0.019764 0.9966186 -0.0779587 0.0259599 0.8520354 0.5228396 0.02597296 0.8522638 0.5227391 0.01975399 0.8522647 0.5227377 0.01975387 0.8520315 0.5228458 0.02597332 0.3821778 0.9237241 0.02596259 0.3820276 0.9239397 0.01976287 0.3820278 0.9239395 0.01976299 0.3821851 0.9237211 0.02596223 -0.233901 0.9719136 0.02596545 -0.2339813 0.9720402 0.01976132 -0.2339817 0.9720402 0.01976156 -0.2338994 0.9719141 0.02596539 -0.2339373 0.9720674 0.01892745 -0.2339387 0.9720672 0.01892751 0.3821403 0.9239105 0.01892614 -0.233917 0.9720643 0.01933413 -0.2339175 0.9720643 0.01933431 0.3820685 0.9239318 0.01933336 0.3821404 0.9239104 0.0189262 0.3820666 0.9239327 0.01933342 0.8522217 0.5228237 0.01933205 0.852174 0.522916 0.01893442 0.8521734 0.522917 0.0189346 0.8522216 0.5228238 0.01933193 0.9967776 -0.07785052 0.01933711 0.9967782 -0.07794368 0.01892554 0.9967781 -0.07794427 0.0189256 0.9967775 -0.07785105 0.01933693 0.760591 -0.6489434 0.019333 0.7606454 -0.6488917 0.01893121 0.7606457 -0.6488913 0.01893132 0.760591 -0.6489436 0.01933282 0.2339656 -0.9720526 0.0193383 0.2339249 -0.9720705 0.01892697 0.2339261 -0.9720702 0.01892727 0.2339652 -0.9720527 0.01933825 -0.382074 -0.9239295 0.01933556 -0.3821392 -0.923911 0.0189262 -0.3821406 -0.9239104 0.01892614 -0.3820727 -0.92393 0.0193355 -0.8522046 -0.5228517 0.01933193 -0.85218 -0.5229062 0.01893216 -0.8521792 -0.5229076 0.01893234 -0.3821433 -0.9241021 0.001451849 -0.3821433 -0.924102 0.001452207 -0.8523329 -0.5229977 0.001453697 -0.8522045 -0.5228517 0.01933199 0.2339578 -0.9722457 0.001449525 0.233965 -0.97224 0.003149211 0.2339641 -0.9722402 0.003149032 -0.3821389 -0.9240996 0.003150522 0.2339589 -0.9722454 0.001449882 0.7607577 -0.6490344 0.001452028 0.7607519 -0.6490353 0.003152608 0.7607527 -0.6490342 0.003152489 0.7607569 -0.6490354 0.001452147 0.9969562 -0.07795089 0.001449763 0.9969539 -0.07792925 0.003147959 0.9969537 -0.07793271 0.003147304 0.9969564 -0.07794916 0.001450061 0.8523404 0.5229856 0.001453638 0.8523333 0.5229895 0.003152847 0.8523315 0.5229926 0.003152966 0.8523416 0.5229836 0.001453757 0.3821196 0.9241119 0.00145179 0.3821434 0.9240977 0.003149747 0.3821438 0.9240976 0.003149449 0.3821195 0.9241119 0.001451969 -0.2339576 0.9722458 0.001449584 -0.2339649 0.97224 0.003150582 -0.2339641 0.9722402 0.003150284 -0.2339575 0.9722458 0.001449823 -0.233945 0.9720693 0.01873451 -0.2339439 0.9720696 0.01873451 0.382052 0.923951 0.0187357 -0.2339813 0.9721521 0.0131607 -0.2339813 0.972152 0.01316088 0.3821026 0.9240262 0.01316028 0.3820516 0.9239511 0.01873582 0.3821061 0.9240248 0.01315981 0.8522929 0.5228994 0.01315909 0.8522576 0.5227871 0.01872891 0.8522579 0.5227867 0.01872885 0.852291 0.5229026 0.01315939 0.9968765 -0.07787227 0.01315897 0.9967914 -0.07782006 0.01873749 0.9967914 -0.07781881 0.01873761 0.9968763 -0.0778746 0.01315861 0.7606624 -0.6490145 0.01315557 0.7605951 -0.6489564 0.01873409 0.7605942 -0.6489574 0.01873397 0.7606645 -0.649012 0.01315593 0.2339598 -0.9721572 0.01315987 0.2339449 -0.9720695 0.01873123 0.2339453 -0.9720694 0.01873123 0.2339597 -0.9721572 0.01315987 -0.382077 -0.9240368 0.01316148 -0.3820547 -0.9239498 0.01873481 -0.3820539 -0.9239502 0.01873487 -0.3821384 -0.9240998 0.003150701 -0.8522455 -0.5228069 0.01872956 -0.852315 -0.5230194 0.003153979 -0.852317 -0.5230162 0.003153979 -0.8523321 -0.5229991 0.001453757 -0.3820792 -0.9240359 0.01316112 -0.8523026 -0.5228835 0.01315915 -0.8522466 -0.5228052 0.01872938 -0.3821796 -0.9240702 0.005765557 -0.3821766 -0.9240713 0.005765736 -0.8523493 -0.5229414 0.005769431 -0.8523012 -0.5228858 0.01315927 0.2339803 -0.9722243 0.005770504 0.2339526 -0.9720581 0.01921784 0.2339526 -0.9720581 0.01921778 -0.3821254 -0.9239107 0.01921617 0.2339797 -0.9722244 0.005770385 0.7607806 -0.6489835 0.005772352 0.760631 -0.6489 0.01921826 0.760632 -0.6488988 0.0192182 0.7607794 -0.648985 0.005771934 0.9969428 -0.07792127 0.005765855 0.99678 -0.07784748 0.01921969 0.9967801 -0.0778473 0.01921951 0.9969428 -0.07792234 0.005765736 0.8523353 0.5229638 0.005769968 0.8521984 0.522866 0.01921623 0.8521982 0.5228664 0.01921617 0.8523359 0.5229629 0.005769908 0.3822095 0.9240578 0.005764722 0.3821153 0.9239148 0.01921761 0.3821172 0.9239141 0.01921731 0.3822076 0.9240585 0.005764961 -0.2339811 0.9722241 0.005770385 -0.233929 0.9720638 0.01921516 -0.2339293 0.9720637 0.01921504 -0.2339821 0.9722238 0.005770504 -0.233812 0.9715588 0.03749048 -0.2338114 0.971559 0.03749054 0.3819002 0.9234429 0.03749185 -0.2338654 0.9717523 0.03169417 -0.2338662 0.9717521 0.03169465 0.3819637 0.923634 0.03168809 0.3818988 0.9234434 0.03749209 0.3819645 0.9236336 0.03168827 0.8519213 0.52271 0.03169137 0.8517597 0.5225897 0.03749108 0.8517594 0.5225902 0.03749126 0.8519231 0.5227072 0.03169119 0.9964597 -0.07787215 0.03168779 0.9962597 -0.07785379 0.03748983 0.9962595 -0.0778554 0.03748959 0.9964599 -0.07786893 0.03168863 0.7603707 -0.648716 0.0316857 0.760226 -0.648576 0.03749114 0.7602255 -0.6485766 0.03749096 0.7603722 -0.6487143 0.03168648 0.2338575 -0.9717544 0.03169131 0.2338213 -0.9715566 0.03749066 0.2338203 -0.9715568 0.03749018 0.233857 -0.9717544 0.03169125 -0.3819601 -0.9236354 0.03168922 -0.3818987 -0.9234435 0.03748995 -0.381897 -0.9234442 0.03749018 -0.3821247 -0.923911 0.01921647 -0.8517439 -0.5226154 0.03749227 -0.8522032 -0.522858 0.01921641 -0.8522022 -0.5228596 0.01921665 -0.8523486 -0.5229424 0.00576955 -0.3819606 -0.9236351 0.03168958 -0.8519324 -0.5226922 0.03168958 -0.8517442 -0.5226149 0.03749215 -0.3818263 -0.9232736 0.04212814 -0.3818289 -0.9232724 0.04212903 0.2337685 -0.9713791 0.04213184 0.2337689 -0.9713789 0.04213207 -0.3809173 -0.9209711 0.08194166 0.2331949 -0.9689713 0.08194386 -0.3809237 -0.9209684 0.08194088 0.2331955 -0.9689712 0.08194386 0.7582218 -0.6468271 0.08194243 0.7582236 -0.646825 0.08194231 0.760095 -0.6484448 0.04213035 0.7600952 -0.6484445 0.04213118 0.9960774 -0.07781547 0.04212683 0.996077 -0.0778203 0.04212719 0.9936072 -0.07765096 0.08194565 0.8516139 0.5224741 0.04212731 0.8516108 0.5224791 0.04212719 0.849488 0.5212064 0.08194005 0.9936072 -0.07764923 0.08194673 0.8494889 0.5212053 0.08193773 0.3809156 0.9209716 0.08194357 0.3809203 0.9209697 0.08194345 0.3818331 0.9232707 0.04212707 0.3818311 0.9232716 0.04212623 -0.2337632 0.9713803 0.04213201 -0.2337659 0.9713797 0.04213219 -0.2331996 0.9689702 0.08194255 -0.7600911 0.6484493 0.04213309 -0.2332016 0.9689699 0.08194148 -0.8494875 -0.5212076 0.08193731 1.04973e-5 -7.26612e-5 1 2.2757e-6 -6.82035e-5 1 9.42224e-6 -7.20783e-5 1 1.77263e-5 -7.65806e-5 1 -4.5381e-5 -5.75034e-5 1 -4.7031e-5 -4.85458e-5 1 -4.55968e-5 -5.63321e-5 1 -4.39303e-5 -6.53795e-5 1 -7.33084e-5 -1.28423e-5 1 -6.90292e-5 -4.79982e-6 1 -7.27488e-5 -1.17906e-5 1 -7.70708e-5 -1.99137e-5 1 -6.53129e-5 3.49863e-5 1 -5.63232e-5 3.8626e-5 1 -6.41373e-5 3.54622e-5 1 -7.32171e-5 3.17861e-5 1</float_array>
          <technique_common>
            <accessor source="#palm_straightMesh_005-mesh-normals-array" count="2159" stride="3">
              <param name="X" type="float"/>
              <param name="Y" type="float"/>
              <param name="Z" type="float"/>
            </accessor>
          </technique_common>
        </source>
        <source id="palm_straightMesh_005-mesh-map-0">
          <float_array id="palm_straightMesh_005-mesh-map-0-array" count="10980">0.7980036 0.2518131 0.7980036 0.3492198 0.7953591 0.3492198 0.7980036 0.3492198 0.7980036 0.2518131 0.8006531 0.2518131 0.7953591 0.3492198 0.7953591 0.2518131 0.7980036 0.2518131 0.7927094 0.3492198 0.7927094 0.2518131 0.7953591 0.2518131 0.7953591 0.2518131 0.7953591 0.3492198 0.7927094 0.3492198 0.7900598 0.3492198 0.7900652 0.2518131 0.7927094 0.2518131 0.7927094 0.2518131 0.7927094 0.3492198 0.7900598 0.3492198 0.7874154 0.3492198 0.7874154 0.2518131 0.7900652 0.2518131 0.7900652 0.2518131 0.7900598 0.3492198 0.7874154 0.3492198 0.7847658 0.3492649 0.7847658 0.2518131 0.7874154 0.2518131 0.7874154 0.2518131 0.7874154 0.3492198 0.7847658 0.3492649 0.7821214 0.3493102 0.7821214 0.2518131 0.7847658 0.2518131 0.7847658 0.2518131 0.7847658 0.3492649 0.7821214 0.3493102 0.7794716 0.3494456 0.7794716 0.2518131 0.7821214 0.2518131 0.7821214 0.2518131 0.7821214 0.3493102 0.7794716 0.3494456 0.8032975 0.3493102 0.8032975 0.2518131 0.8059473 0.2518131 0.8059473 0.2518131 0.8059473 0.3494456 0.8032975 0.3493102 0.8006531 0.3492649 0.8006531 0.2518131 0.8032975 0.2518131 0.8032975 0.2518131 0.8032975 0.3493102 0.8006531 0.3492649 0.8006531 0.2518131 0.8006531 0.3492649 0.7980036 0.3492198 0.7980036 0.3492198 0.8006531 0.3492649 0.8006531 0.4504215 0.8006531 0.3492649 0.8032975 0.3493102 0.8032975 0.4505119 0.8032975 0.4505119 0.8006531 0.4504215 0.8006531 0.3492649 0.8006479 0.5483251 0.8006531 0.4504215 0.8032975 0.4505119 0.8032975 0.4505119 0.8032975 0.5484155 0.8006479 0.5483251 0.8032975 0.5484155 0.8032975 0.4505119 0.8059473 0.4507378 0.8059473 0.4507378 0.8032975 0.4505119 0.8032975 0.3493102 0.8059473 0.4507378 0.8059473 0.548551 0.8032975 0.5484155 0.7794716 0.548551 0.7794716 0.4507378 0.7821214 0.4505119 0.7821214 0.4505119 0.7794716 0.4507378 0.7794716 0.3494456 0.8032975 0.3493102 0.8059473 0.3494456 0.8059473 0.4507378 0.7821214 0.4505119 0.7821214 0.5484155 0.7794716 0.548551 0.7821214 0.5484155 0.7821214 0.4505119 0.7847658 0.4504215 0.7847658 0.4504215 0.7821214 0.4505119 0.7821214 0.3493102 0.7794716 0.3494456 0.7821214 0.3493102 0.7821214 0.4505119 0.7847658 0.4504215 0.7847709 0.5483251 0.7821214 0.5484155 0.7847709 0.5483251 0.7847658 0.4504215 0.7874154 0.4503763 0.7874154 0.4503763 0.7847658 0.4504215 0.7847658 0.3492649 0.7821214 0.3493102 0.7847658 0.3492649 0.7847658 0.4504215 0.7874154 0.4503763 0.7874154 0.54828 0.7847709 0.5483251 0.7874154 0.54828 0.7874154 0.4503763 0.7900598 0.4503311 0.7900598 0.4503311 0.7874154 0.4503763 0.7874154 0.3492198 0.7847658 0.3492649 0.7874154 0.3492198 0.7874154 0.4503763 0.7900598 0.4503311 0.7900652 0.54828 0.7874154 0.54828 0.7900652 0.54828 0.7900598 0.4503311 0.7927094 0.4503311 0.7927094 0.4503311 0.7900598 0.4503311 0.7900598 0.3492198 0.7874154 0.3492198 0.7900598 0.3492198 0.7900598 0.4503311 0.7927094 0.4503311 0.7927094 0.5482348 0.7900652 0.54828 0.7927094 0.5482348 0.7927094 0.4503311 0.7953591 0.4503311 0.7953591 0.4503311 0.7927094 0.4503311 0.7927094 0.3492198 0.7900598 0.3492198 0.7927094 0.3492198 0.7927094 0.4503311 0.7953591 0.4503311 0.7953591 0.54828 0.7927094 0.5482348 0.7953591 0.54828 0.7953591 0.4503311 0.7980036 0.4503763 0.7980036 0.4503763 0.7953591 0.4503311 0.7953591 0.3492198 0.7927094 0.3492198 0.7953591 0.3492198 0.7953591 0.4503311 0.7980036 0.4503763 0.7980036 0.54828 0.7953591 0.54828 0.7980036 0.54828 0.7980036 0.4503763 0.8006531 0.4504215 0.8006531 0.4504215 0.7980036 0.4503763 0.7980036 0.3492198 0.7953591 0.3492198 0.7980036 0.3492198 0.7980036 0.4503763 0.8006531 0.4504215 0.8006479 0.5483251 0.7980036 0.54828 0.7980036 0.6464547 0.7980036 0.54828 0.8006479 0.5483251 0.7953591 0.6464547 0.7953591 0.54828 0.7980036 0.54828 0.7980036 0.54828 0.7980036 0.6464547 0.7953591 0.6464547 0.7953591 0.54828 0.7953591 0.6464547 0.7927094 0.6464096 0.7927094 0.2255664 0.7953591 0.2256073 0.7953591 0.3170706 0.7953591 0.2256073 0.7980036 0.2256073 0.7980036 0.3170706 0.7980036 0.3170706 0.7953591 0.3170706 0.7953591 0.2256073 0.7980036 0.3170706 0.7980036 0.4051829 0.7953591 0.405142 0.7980036 0.4051829 0.7980036 0.3170706 0.8006531 0.3171116 0.8006531 0.3171116 0.7980036 0.3170706 0.7980036 0.2256073 0.7953591 0.405142 0.7953591 0.3170706 0.7980036 0.3170706 0.7953591 0.3170706 0.7953591 0.405142 0.7927094 0.405142 0.7927094 0.5395172 0.7927094 0.405142 0.7953591 0.405142 0.7953591 0.5395172 0.7953591 0.405142 0.7980036 0.4051829 0.7953591 0.405142 0.7953591 0.5395172 0.7927094 0.5395172 0.7927094 0.6738107 0.7927094 0.5395172 0.7953591 0.5395172 0.7980036 0.4051829 0.7980036 0.5395172 0.7953591 0.5395172 0.7953591 0.6738515 0.7953591 0.5395172 0.7980036 0.5395172 0.7953591 0.5395172 0.7953591 0.6738515 0.7927094 0.6738107 0.7927094 0.3742686 0.7927094 0.2258545 0.7953591 0.2258996 0.7980036 0.5395172 0.7980036 0.6738515 0.7953591 0.6738515 0.7953591 0.3742686 0.7953591 0.2258996 0.7980036 0.2258996 0.7953591 0.2258996 0.7953591 0.3742686 0.7927094 0.3742686 0.7927094 0.5226376 0.7927094 0.3742686 0.7953591 0.3742686 0.7980036 0.2258996 0.7980036 0.3742686 0.7953591 0.3742686 0.7953591 0.5226376 0.7953591 0.3742686 0.7980036 0.3742686 0.7953591 0.3742686 0.7953591 0.5226376 0.7927094 0.5226376 0.7927094 0.6710517 0.7927094 0.5226376 0.7953591 0.5226376 0.7980036 0.3742686 0.7980036 0.5226828 0.7953591 0.5226376 0.7953591 0.6710517 0.7953591 0.5226376 0.7980036 0.5226828 0.7953591 0.5226376 0.7953591 0.6710517 0.7927094 0.6710517 0.7927094 0.3764966 0.7927094 0.2280825 0.7953591 0.2280825 0.7980036 0.5226828 0.7980036 0.6710517 0.7953591 0.6710517 0.7953591 0.3764966 0.7953591 0.2280825 0.7980036 0.2280825 0.7953591 0.2280825 0.7953591 0.3764966 0.7927094 0.3764966 0.7927094 0.5248656 0.7927094 0.3764966 0.7953591 0.3764966 0.7980036 0.2280825 0.7980036 0.3764966 0.7953591 0.3764966 0.7953591 0.5248656 0.7953591 0.3764966 0.7980036 0.3764966 0.7953591 0.3764966 0.7953591 0.5248656 0.7927094 0.5248656 0.7927094 0.6732345 0.7927094 0.5248656 0.7953591 0.5248656 0.7980036 0.3764966 0.7980036 0.5248656 0.7953591 0.5248656 0.7953591 0.6732345 0.7953591 0.5248656 0.7980036 0.5248656 0.7953591 0.5248656 0.7953591 0.6732345 0.7927094 0.6732345 0.7927094 0.3760321 0.7927094 0.227618 0.7953591 0.227618 0.7980036 0.5248656 0.7980036 0.6732345 0.7953591 0.6732345 0.7953591 0.3760321 0.7953591 0.227618 0.7980036 0.227618 0.7953591 0.227618 0.7953591 0.3760321 0.7927094 0.3760321 0.7927094 0.5244011 0.7927094 0.3760321 0.7953591 0.3760321 0.7980036 0.227618 0.7980036 0.3760321 0.7953591 0.3760321 0.7953591 0.5244011 0.7953591 0.3760321 0.7980036 0.3760321 0.7953591 0.3760321 0.7953591 0.5244011 0.7927094 0.5244011 0.7927094 0.67277 0.7927094 0.5244011 0.7953591 0.5244011 0.7980036 0.3760321 0.7980036 0.5244011 0.7953591 0.5244011 0.7953591 0.67277 0.7953591 0.5244011 0.7980036 0.5244011 0.7953591 0.5244011 0.7953591 0.67277 0.7927094 0.67277 0.7980036 0.5244011 0.7980036 0.67277 0.7953591 0.67277 0.7980036 0.67277 0.7980036 0.5244011 0.8006531 0.5244011 0.8006531 0.5244011 0.8006531 0.67277 0.7980036 0.67277 0.8006531 0.67277 0.8006531 0.5244011 0.8032975 0.5244011 0.8032975 0.5244011 0.8032975 0.67277 0.8006531 0.67277 0.8032975 0.67277 0.8032975 0.5244011 0.8059473 0.5244011 0.8059473 0.5244011 0.8059473 0.67277 0.8032975 0.67277 0.8744512 0.4661921 0.8744512 0.3350428 0.9354147 0.3350428 0.9354147 0.3350428 0.9354147 0.4661921 0.8744512 0.4661921 0.9964064 0.4661921 0.9354147 0.4661921 0.9354147 0.3350428 0.9354147 0.3350428 0.9964064 0.3350428 0.9964064 0.4661921 0.8744512 0.4661921 0.8744512 0.3350428 0.9354147 0.3350428 0.9354147 0.3350428 0.9354147 0.4661921 0.8744512 0.4661921 0.9964064 0.4661921 0.9354147 0.4661921 0.9354147 0.3350428 0.9354147 0.3350428 0.9964064 0.3350428 0.9964064 0.4661921 0.9354147 0.3350428 0.8744512 0.3350428 0.8744512 0.4661921 0.8744512 0.4661921 0.9354147 0.4661921 0.9354147 0.3350428 0.9354147 0.3350428 0.9354147 0.4661921 0.9964064 0.4661921 0.9964064 0.4661921 0.9964064 0.3350428 0.9354147 0.3350428 0.8744512 0.4661921 0.8744512 0.3350428 0.9354147 0.3350428 0.9354147 0.3350428 0.9354147 0.4661921 0.8744512 0.4661921 0.9964064 0.4661921 0.9354147 0.4661921 0.9354147 0.3350428 0.9354147 0.3350428 0.9964064 0.3350428 0.9964064 0.4661921 0.8744512 0.4661921 0.8744512 0.3350428 0.9354147 0.3350428 0.9354147 0.3350428 0.9354147 0.4661921 0.8744512 0.4661921 0.9964064 0.4661921 0.9354147 0.4661921 0.9354147 0.3350428 0.9354147 0.3350428 0.9964064 0.3350428 0.9964064 0.4661921 0.8744512 0.4661921 0.8744512 0.3350428 0.9354147 0.3350428 0.9354147 0.3350428 0.9354147 0.4661921 0.8744512 0.4661921 0.9964064 0.4661921 0.9354147 0.4661921 0.9354147 0.3350428 0.9354147 0.3350428 0.9964064 0.3350428 0.9964064 0.4661921 0.8744512 0.4661921 0.8744512 0.3350428 0.9354147 0.3350428 0.9354147 0.3350428 0.9354147 0.4661921 0.8744512 0.4661921 0.9964064 0.4661921 0.9354147 0.4661921 0.9354147 0.3350428 0.9354147 0.3350428 0.9964064 0.3350428 0.9964064 0.4661921 0.8744512 0.4661921 0.8744512 0.3350428 0.9354147 0.3350428 0.9354147 0.3350428 0.9354147 0.4661921 0.8744512 0.4661921 0.9964064 0.4661921 0.9354147 0.4661921 0.9354147 0.3350428 0.9354147 0.3350428 0.9964064 0.3350428 0.9964064 0.4661921 0.8744512 0.3350428 0.9354147 0.3350428 0.9354147 0.4661921 0.9354147 0.4661921 0.9354147 0.3350428 0.9964064 0.3350428 0.8744512 0.3350428 0.9354147 0.3350428 0.9354147 0.4661921 0.9354147 0.4661921 0.9354147 0.3350428 0.9964064 0.3350428 0.8744512 0.3350428 0.9354147 0.3350428 0.9354147 0.4661921 0.9354147 0.4661921 0.9354147 0.3350428 0.9964064 0.3350428 0.8744512 0.3350428 0.9354147 0.3350428 0.9354147 0.4661921 0.9354147 0.4661921 0.9354147 0.3350428 0.9964064 0.3350428 0.8744512 0.3350428 0.9354147 0.3350428 0.9354147 0.4661921 0.9354147 0.4661921 0.9354147 0.3350428 0.9964064 0.3350428 0.9964064 0.3350428 0.9964064 0.4661921 0.9354147 0.4661921 0.9354147 0.5973412 0.9354147 0.4661921 0.9964064 0.4661921 0.9964064 0.4661921 0.9964064 0.5973412 0.9354147 0.5973412 0.9354147 0.7284905 0.9354147 0.5973412 0.9964064 0.5973412 0.9964064 0.5973412 0.9964064 0.7284905 0.9354147 0.7284905 0.9354147 0.8596396 0.9354147 0.7284905 0.9964064 0.7284905 0.9964064 0.7284905 0.9964064 0.8596396 0.9354147 0.8596396 0.9354147 0.9907885 0.9354147 0.8596396 0.9964064 0.8596396 0.9964064 0.8596396 0.9964064 0.9907885 0.9354147 0.9907885 0.9354147 0.9907885 0.8744512 0.9907885 0.8744512 0.8596396 0.8744512 0.8596396 0.9354147 0.8596396 0.9354147 0.9907885 0.9354147 0.8596396 0.8744512 0.8596396 0.8744512 0.7284905 0.8744512 0.7284905 0.9354147 0.7284905 0.9354147 0.8596396 0.9354147 0.7284905 0.8744512 0.7284905 0.8744512 0.5973412 0.8744512 0.5973412 0.9354147 0.5973412 0.9354147 0.7284905 0.9354147 0.5973412 0.8744512 0.5973412 0.8744512 0.4661921 0.8744512 0.4661921 0.9354147 0.4661921 0.9354147 0.5973412 0.9354147 0.4661921 0.8744512 0.4661921 0.8744512 0.3350428 0.9964064 0.3350428 0.9964064 0.4661921 0.9354147 0.4661921 0.9354147 0.5973412 0.9354147 0.4661921 0.9964064 0.4661921 0.9964064 0.4661921 0.9964064 0.5973412 0.9354147 0.5973412 0.9354147 0.7284905 0.9354147 0.5973412 0.9964064 0.5973412 0.9964064 0.5973412 0.9964064 0.7284905 0.9354147 0.7284905 0.9354147 0.8596396 0.9354147 0.7284905 0.9964064 0.7284905 0.9964064 0.7284905 0.9964064 0.8596396 0.9354147 0.8596396 0.9354147 0.9907885 0.9354147 0.8596396 0.9964064 0.8596396 0.9964064 0.8596396 0.9964064 0.9907885 0.9354147 0.9907885 0.9354147 0.9907885 0.8744512 0.9907885 0.8744512 0.8596396 0.8744512 0.8596396 0.9354147 0.8596396 0.9354147 0.9907885 0.9354147 0.8596396 0.8744512 0.8596396 0.8744512 0.7284905 0.8744512 0.7284905 0.9354147 0.7284905 0.9354147 0.8596396 0.9354147 0.7284905 0.8744512 0.7284905 0.8744512 0.5973412 0.8744512 0.5973412 0.9354147 0.5973412 0.9354147 0.7284905 0.9354147 0.5973412 0.8744512 0.5973412 0.8744512 0.4661921 0.8744512 0.4661921 0.9354147 0.4661921 0.9354147 0.5973412 0.9354147 0.4661921 0.8744512 0.4661921 0.8744512 0.3350428 0.9964064 0.3350428 0.9964064 0.4661921 0.9354147 0.4661921 0.9354147 0.5973412 0.9354147 0.4661921 0.9964064 0.4661921 0.9964064 0.4661921 0.9964064 0.5973412 0.9354147 0.5973412 0.9354147 0.7284905 0.9354147 0.5973412 0.9964064 0.5973412 0.9964064 0.5973412 0.9964064 0.7284905 0.9354147 0.7284905 0.9354147 0.8596396 0.9354147 0.7284905 0.9964064 0.7284905 0.9964064 0.7284905 0.9964064 0.8596396 0.9354147 0.8596396 0.9354147 0.9907885 0.9354147 0.8596396 0.9964064 0.8596396 0.9964064 0.8596396 0.9964064 0.9907885 0.9354147 0.9907885 0.9354147 0.9907885 0.8744512 0.9907885 0.8744512 0.8596396 0.8744512 0.8596396 0.9354147 0.8596396 0.9354147 0.9907885 0.9354147 0.8596396 0.8744512 0.8596396 0.8744512 0.7284905 0.8744512 0.7284905 0.9354147 0.7284905 0.9354147 0.8596396 0.9354147 0.7284905 0.8744512 0.7284905 0.8744512 0.5973412 0.8744512 0.5973412 0.9354147 0.5973412 0.9354147 0.7284905 0.9354147 0.5973412 0.8744512 0.5973412 0.8744512 0.4661921 0.8744512 0.4661921 0.9354147 0.4661921 0.9354147 0.5973412 0.9354147 0.4661921 0.8744512 0.4661921 0.8744512 0.3350428 0.9964064 0.3350428 0.9964064 0.4661921 0.9354147 0.4661921 0.9354147 0.5973412 0.9354147 0.4661921 0.9964064 0.4661921 0.9964064 0.4661921 0.9964064 0.5973412 0.9354147 0.5973412 0.9354147 0.7284905 0.9354147 0.5973412 0.9964064 0.5973412 0.9964064 0.5973412 0.9964064 0.7284905 0.9354147 0.7284905 0.9354147 0.8596396 0.9354147 0.7284905 0.9964064 0.7284905 0.9964064 0.7284905 0.9964064 0.8596396 0.9354147 0.8596396 0.9354147 0.9907885 0.9354147 0.8596396 0.9964064 0.8596396 0.9964064 0.8596396 0.9964064 0.9907885 0.9354147 0.9907885 0.9354147 0.9907885 0.8744512 0.9907885 0.8744512 0.8596396 0.8744512 0.8596396 0.9354147 0.8596396 0.9354147 0.9907885 0.9354147 0.8596396 0.8744512 0.8596396 0.8744512 0.7284905 0.8744512 0.7284905 0.9354147 0.7284905 0.9354147 0.8596396 0.9354147 0.7284905 0.8744512 0.7284905 0.8744512 0.5973412 0.8744512 0.5973412 0.9354147 0.5973412 0.9354147 0.7284905 0.9354147 0.5973412 0.8744512 0.5973412 0.8744512 0.4661921 0.8744512 0.4661921 0.9354147 0.4661921 0.9354147 0.5973412 0.9354147 0.4661921 0.8744512 0.4661921 0.8744512 0.3350428 0.9964064 0.3350428 0.9964064 0.4661921 0.9354147 0.4661921 0.9354147 0.5973412 0.9354147 0.4661921 0.9964064 0.4661921 0.9964064 0.4661921 0.9964064 0.5973412 0.9354147 0.5973412 0.9354147 0.7284905 0.9354147 0.5973412 0.9964064 0.5973412 0.9964064 0.5973412 0.9964064 0.7284905 0.9354147 0.7284905 0.9354147 0.8596396 0.9354147 0.7284905 0.9964064 0.7284905 0.9964064 0.7284905 0.9964064 0.8596396 0.9354147 0.8596396 0.9354147 0.9907885 0.9354147 0.8596396 0.9964064 0.8596396 0.9964064 0.8596396 0.9964064 0.9907885 0.9354147 0.9907885 0.9354147 0.9907885 0.8744512 0.9907885 0.8744512 0.8596396 0.8744512 0.8596396 0.9354147 0.8596396 0.9354147 0.9907885 0.9354147 0.8596396 0.8744512 0.8596396 0.8744512 0.7284905 0.8744512 0.7284905 0.9354147 0.7284905 0.9354147 0.8596396 0.9354147 0.7284905 0.8744512 0.7284905 0.8744512 0.5973412 0.8744512 0.5973412 0.9354147 0.5973412 0.9354147 0.7284905 0.9354147 0.5973412 0.8744512 0.5973412 0.8744512 0.4661921 0.8744512 0.4661921 0.9354147 0.4661921 0.9354147 0.5973412 0.9354147 0.4661921 0.8744512 0.4661921 0.8744512 0.3350428 0.9354147 0.4661921 0.9964064 0.4661921 0.9964064 0.5973412 0.9964064 0.5973412 0.9354147 0.5973412 0.9354147 0.4661921 0.9354147 0.5973412 0.9964064 0.5973412 0.9964064 0.7284905 0.9964064 0.7284905 0.9354147 0.7284905 0.9354147 0.5973412 0.9354147 0.8596396 0.9354147 0.7284905 0.9964064 0.7284905 0.9964064 0.7284905 0.9964064 0.8596396 0.9354147 0.8596396 0.9354147 0.9907885 0.9354147 0.8596396 0.9964064 0.8596396 0.9964064 0.8596396 0.9964064 0.9907885 0.9354147 0.9907885 0.9354147 0.9907885 0.8744512 0.9907885 0.8744512 0.8596396 0.8744512 0.8596396 0.9354147 0.8596396 0.9354147 0.9907885 0.9354147 0.8596396 0.8744512 0.8596396 0.8744512 0.7284905 0.8744512 0.7284905 0.8744512 0.5973412 0.9354147 0.5973412 0.9354147 0.5973412 0.9354147 0.7284905 0.8744512 0.7284905 0.8744512 0.7284905 0.9354147 0.7284905 0.9354147 0.8596396 0.8744512 0.5973412 0.8744512 0.4661921 0.9354147 0.4661921 0.9354147 0.4661921 0.9354147 0.5973412 0.8744512 0.5973412 0.9354147 0.4661921 0.9964064 0.4661921 0.9964064 0.5973412 0.9964064 0.5973412 0.9354147 0.5973412 0.9354147 0.4661921 0.9354147 0.5973412 0.9964064 0.5973412 0.9964064 0.7284905 0.9964064 0.7284905 0.9354147 0.7284905 0.9354147 0.5973412 0.9354147 0.8596396 0.9354147 0.7284905 0.9964064 0.7284905 0.9964064 0.7284905 0.9964064 0.8596396 0.9354147 0.8596396 0.9354147 0.9907885 0.9354147 0.8596396 0.9964064 0.8596396 0.9964064 0.8596396 0.9964064 0.9907885 0.9354147 0.9907885 0.9354147 0.9907885 0.8744512 0.9907885 0.8744512 0.8596396 0.8744512 0.8596396 0.9354147 0.8596396 0.9354147 0.9907885 0.9354147 0.8596396 0.8744512 0.8596396 0.8744512 0.7284905 0.8744512 0.7284905 0.8744512 0.5973412 0.9354147 0.5973412 0.9354147 0.5973412 0.9354147 0.7284905 0.8744512 0.7284905 0.8744512 0.7284905 0.9354147 0.7284905 0.9354147 0.8596396 0.8744512 0.5973412 0.8744512 0.4661921 0.9354147 0.4661921 0.9354147 0.4661921 0.9354147 0.5973412 0.8744512 0.5973412 0.9354147 0.4661921 0.9964064 0.4661921 0.9964064 0.5973412 0.9964064 0.5973412 0.9354147 0.5973412 0.9354147 0.4661921 0.9354147 0.7284905 0.9354147 0.5973412 0.9964064 0.5973412 0.9964064 0.5973412 0.9964064 0.7284905 0.9354147 0.7284905 0.9354147 0.8596396 0.9354147 0.7284905 0.9964064 0.7284905 0.9964064 0.7284905 0.9964064 0.8596396 0.9354147 0.8596396 0.9354147 0.9907885 0.9354147 0.8596396 0.9964064 0.8596396 0.9964064 0.8596396 0.9964064 0.9907885 0.9354147 0.9907885 0.9354147 0.8596396 0.9354147 0.9907885 0.8744512 0.9907885 0.8744512 0.9907885 0.8744512 0.8596396 0.9354147 0.8596396 0.9354147 0.8596396 0.8744512 0.8596396 0.8744512 0.7284905 0.8744512 0.7284905 0.9354147 0.7284905 0.9354147 0.8596396 0.9354147 0.7284905 0.8744512 0.7284905 0.8744512 0.5973412 0.8744512 0.5973412 0.8744512 0.4661921 0.9354147 0.4661921 0.9354147 0.4661921 0.9354147 0.5973412 0.8744512 0.5973412 0.8744512 0.5973412 0.9354147 0.5973412 0.9354147 0.7284905 0.9354147 0.4661921 0.9964064 0.4661921 0.9964064 0.5973412 0.9964064 0.5973412 0.9354147 0.5973412 0.9354147 0.4661921 0.9354147 0.7284905 0.9354147 0.5973412 0.9964064 0.5973412 0.9964064 0.5973412 0.9964064 0.7284905 0.9354147 0.7284905 0.9354147 0.8596396 0.9354147 0.7284905 0.9964064 0.7284905 0.9964064 0.7284905 0.9964064 0.8596396 0.9354147 0.8596396 0.9354147 0.9907885 0.9354147 0.8596396 0.9964064 0.8596396 0.9964064 0.8596396 0.9964064 0.9907885 0.9354147 0.9907885 0.9354147 0.8596396 0.9354147 0.9907885 0.8744512 0.9907885 0.8744512 0.9907885 0.8744512 0.8596396 0.9354147 0.8596396 0.9354147 0.8596396 0.8744512 0.8596396 0.8744512 0.7284905 0.8744512 0.7284905 0.9354147 0.7284905 0.9354147 0.8596396 0.9354147 0.7284905 0.8744512 0.7284905 0.8744512 0.5973412 0.8744512 0.5973412 0.8744512 0.4661921 0.9354147 0.4661921 0.9354147 0.4661921 0.9354147 0.5973412 0.8744512 0.5973412 0.8744512 0.5973412 0.9354147 0.5973412 0.9354147 0.7284905 0.9354147 0.4661921 0.9964064 0.4661921 0.9964064 0.5973412 0.9964064 0.5973412 0.9354147 0.5973412 0.9354147 0.4661921 0.9354147 0.7284905 0.9354147 0.5973412 0.9964064 0.5973412 0.9964064 0.5973412 0.9964064 0.7284905 0.9354147 0.7284905 0.9354147 0.8596396 0.9354147 0.7284905 0.9964064 0.7284905 0.9964064 0.7284905 0.9964064 0.8596396 0.9354147 0.8596396 0.9354147 0.8596396 0.9964064 0.8596396 0.9964064 0.9907885 0.9964064 0.9907885 0.9354147 0.9907885 0.9354147 0.8596396 0.9354147 0.9907885 0.8744512 0.9907885 0.8744512 0.8596396 0.8744512 0.8596396 0.9354147 0.8596396 0.9354147 0.9907885 0.9354147 0.8596396 0.8744512 0.8596396 0.8744512 0.7284905 0.8744512 0.7284905 0.9354147 0.7284905 0.9354147 0.8596396 0.9354147 0.7284905 0.8744512 0.7284905 0.8744512 0.5973412 0.8744512 0.5973412 0.9354147 0.5973412 0.9354147 0.7284905 0.9354147 0.5973412 0.8744512 0.5973412 0.8744512 0.4661921 0.8744512 0.4661921 0.9354147 0.4661921 0.9354147 0.5973412 0.9964064 0.5973412 0.9964064 0.4661921 0.9354147 0.4661921 0.9354147 0.4661921 0.9354147 0.5973412 0.9964064 0.5973412 0.9964064 0.5973412 0.9354147 0.5973412 0.9354147 0.7284905 0.9354147 0.7284905 0.9964064 0.7284905 0.9964064 0.5973412 0.9964064 0.7284905 0.9354147 0.7284905 0.9354147 0.8596396 0.9354147 0.8596396 0.9964064 0.8596396 0.9964064 0.7284905 0.9964064 0.8596396 0.9354147 0.8596396 0.9354147 0.9907885 0.9354147 0.9907885 0.9964064 0.9907885 0.9964064 0.8596396 0.9354147 0.9907885 0.9354147 0.8596396 0.8744512 0.8596396 0.8744512 0.8596396 0.8744512 0.9907885 0.9354147 0.9907885 0.8744512 0.7284905 0.8744512 0.8596396 0.9354147 0.8596396 0.9354147 0.5973412 0.8744512 0.5973412 0.8744512 0.7284905 0.8744512 0.7284905 0.9354147 0.7284905 0.9354147 0.5973412 0.9354147 0.8596396 0.9354147 0.7284905 0.8744512 0.7284905 0.9354147 0.4661921 0.8744512 0.4661921 0.8744512 0.5973412 0.8744512 0.5973412 0.9354147 0.5973412 0.9354147 0.4661921 0.9354147 0.4661921 0.9964064 0.4661921 0.9964064 0.5973412 0.9964064 0.5973412 0.9354147 0.5973412 0.9354147 0.4661921 0.9354147 0.7284905 0.9354147 0.5973412 0.9964064 0.5973412 0.9964064 0.5973412 0.9964064 0.7284905 0.9354147 0.7284905 0.9354147 0.8596396 0.9354147 0.7284905 0.9964064 0.7284905 0.9964064 0.7284905 0.9964064 0.8596396 0.9354147 0.8596396 0.9354147 0.9907885 0.9354147 0.8596396 0.9964064 0.8596396 0.9964064 0.8596396 0.9964064 0.9907885 0.9354147 0.9907885 0.9354147 0.8596396 0.9354147 0.9907885 0.8744512 0.9907885 0.8744512 0.9907885 0.8744512 0.8596396 0.9354147 0.8596396 0.9354147 0.8596396 0.8744512 0.8596396 0.8744512 0.7284905 0.8744512 0.7284905 0.9354147 0.7284905 0.9354147 0.8596396 0.9354147 0.7284905 0.8744512 0.7284905 0.8744512 0.5973412 0.8744512 0.5973412 0.8744512 0.4661921 0.9354147 0.4661921 0.9354147 0.4661921 0.9354147 0.5973412 0.8744512 0.5973412 0.8744512 0.5973412 0.9354147 0.5973412 0.9354147 0.7284905 0.9354147 0.4661921 0.9964064 0.4661921 0.9964064 0.5973412 0.9964064 0.5973412 0.9354147 0.5973412 0.9354147 0.4661921 0.9354147 0.7284905 0.9354147 0.5973412 0.9964064 0.5973412 0.9964064 0.5973412 0.9964064 0.7284905 0.9354147 0.7284905 0.9354147 0.8596396 0.9354147 0.7284905 0.9964064 0.7284905 0.9964064 0.7284905 0.9964064 0.8596396 0.9354147 0.8596396 0.9354147 0.9907885 0.9354147 0.8596396 0.9964064 0.8596396 0.9964064 0.8596396 0.9964064 0.9907885 0.9354147 0.9907885 0.9354147 0.9907885 0.8744512 0.9907885 0.8744512 0.8596396 0.8744512 0.8596396 0.9354147 0.8596396 0.9354147 0.9907885 0.9354147 0.8596396 0.8744512 0.8596396 0.8744512 0.7284905 0.8744512 0.7284905 0.8744512 0.5973412 0.9354147 0.5973412 0.9354147 0.5973412 0.9354147 0.7284905 0.8744512 0.7284905 0.8744512 0.7284905 0.9354147 0.7284905 0.9354147 0.8596396 0.8744512 0.5973412 0.8744512 0.4661921 0.9354147 0.4661921 0.9354147 0.4661921 0.9354147 0.5973412 0.8744512 0.5973412 0.7794716 0.67277 0.7794716 0.5244011 0.7821214 0.5244011 0.7821214 0.5244011 0.7821214 0.67277 0.7794716 0.67277 0.7821214 0.67277 0.7821214 0.5244011 0.7847658 0.5244011 0.7847658 0.5244011 0.7847658 0.67277 0.7821214 0.67277 0.7847658 0.67277 0.7847658 0.5244011 0.7874154 0.5244011 0.7874154 0.5244011 0.7874154 0.67277 0.7847658 0.67277 0.7874154 0.67277 0.7874154 0.5244011 0.7900652 0.5244011 0.7900652 0.5244011 0.7900652 0.67277 0.7874154 0.67277 0.7900652 0.67277 0.7900652 0.5244011 0.7927094 0.5244011 0.7927094 0.5244011 0.7927094 0.67277 0.7900652 0.67277 0.7900652 0.5244011 0.7900652 0.3760321 0.7927094 0.3760321 0.7900652 0.3760321 0.7900652 0.5244011 0.7874154 0.5244011 0.7927094 0.3760321 0.7927094 0.5244011 0.7900652 0.5244011 0.7900652 0.3760321 0.7900652 0.227618 0.7927094 0.227618 0.7900652 0.227618 0.7900652 0.3760321 0.7874154 0.3760321 0.7874154 0.5244011 0.7874154 0.3760321 0.7900652 0.3760321 0.7927094 0.227618 0.7927094 0.3760321 0.7900652 0.3760321 0.7874154 0.3760321 0.7874154 0.227618 0.7900652 0.227618 0.7874154 0.227618 0.7874154 0.3760321 0.7847658 0.3760321 0.7847658 0.5244011 0.7847658 0.3760321 0.7874154 0.3760321 0.7874154 0.3760321 0.7874154 0.5244011 0.7847658 0.5244011 0.7847658 0.3760321 0.7847658 0.227618 0.7874154 0.227618 0.7847658 0.227618 0.7847658 0.3760321 0.7821214 0.3760321 0.7821214 0.5244011 0.7821214 0.3760321 0.7847658 0.3760321 0.7847658 0.3760321 0.7847658 0.5244011 0.7821214 0.5244011 0.7821214 0.3760321 0.7821214 0.227618 0.7847658 0.227618 0.7821214 0.227618 0.7821214 0.3760321 0.7794716 0.3760321 0.7794716 0.5244011 0.7794716 0.3760321 0.7821214 0.3760321 0.7821214 0.3760321 0.7821214 0.5244011 0.7794716 0.5244011 0.7794716 0.3760321 0.7794716 0.2276632 0.7821214 0.227618 0.8059473 0.2276632 0.8059473 0.3760321 0.8032975 0.3760321 0.8032975 0.5244011 0.8032975 0.3760321 0.8059473 0.3760321 0.8059473 0.3760321 0.8059473 0.5244011 0.8032975 0.5244011 0.8032975 0.3760321 0.8032975 0.227618 0.8059473 0.2276632 0.8032975 0.227618 0.8032975 0.3760321 0.8006531 0.3760321 0.8006531 0.5244011 0.8006531 0.3760321 0.8032975 0.3760321 0.8032975 0.3760321 0.8032975 0.5244011 0.8006531 0.5244011 0.8006531 0.3760321 0.8006531 0.227618 0.8032975 0.227618 0.8006531 0.227618 0.8006531 0.3760321 0.7980036 0.3760321 0.7980036 0.5244011 0.7980036 0.3760321 0.8006531 0.3760321 0.8006531 0.3760321 0.8006531 0.5244011 0.7980036 0.5244011 0.8006531 0.6732345 0.8006531 0.5248656 0.8032975 0.5248656 0.8006531 0.5248656 0.8006531 0.6732345 0.7980036 0.6732345 0.7980036 0.3760321 0.7980036 0.227618 0.8006531 0.227618 0.8032975 0.5248656 0.8032975 0.6732345 0.8006531 0.6732345 0.8032975 0.5248656 0.8032975 0.3764966 0.8059473 0.3764966 0.8032975 0.3764966 0.8032975 0.5248656 0.8006531 0.5248656 0.8059473 0.3764966 0.8059473 0.5249109 0.8032975 0.5248656 0.8032975 0.6732345 0.8032975 0.5248656 0.8059473 0.5249109 0.7794716 0.5249109 0.7794716 0.3764966 0.7821214 0.3764966 0.7821214 0.3764966 0.7821214 0.5248656 0.7794716 0.5249109 0.7794716 0.6732796 0.7794716 0.5249109 0.7821214 0.5248656 0.8059473 0.5249109 0.8059473 0.6732796 0.8032975 0.6732345 0.7821214 0.5248656 0.7821214 0.3764966 0.7847658 0.3764966 0.7847658 0.3764966 0.7847658 0.5248656 0.7821214 0.5248656 0.7821214 0.6732345 0.7821214 0.5248656 0.7847658 0.5248656 0.7821214 0.5248656 0.7821214 0.6732345 0.7794716 0.6732796 0.7847658 0.5248656 0.7847658 0.3764966 0.7874154 0.3764966 0.7874154 0.3764966 0.7874154 0.5248656 0.7847658 0.5248656 0.7847658 0.6732345 0.7847658 0.5248656 0.7874154 0.5248656 0.7847658 0.5248656 0.7847658 0.6732345 0.7821214 0.6732345 0.7874154 0.5248656 0.7874154 0.3764966 0.7900652 0.3764966 0.7900652 0.3764966 0.7900652 0.5248656 0.7874154 0.5248656 0.7874154 0.6732345 0.7874154 0.5248656 0.7900652 0.5248656 0.7874154 0.5248656 0.7874154 0.6732345 0.7847658 0.6732345 0.7900652 0.5248656 0.7900652 0.3764966 0.7927094 0.3764966 0.7927094 0.3764966 0.7927094 0.5248656 0.7900652 0.5248656 0.7900652 0.6732345 0.7900652 0.5248656 0.7927094 0.5248656 0.7900652 0.5248656 0.7900652 0.6732345 0.7874154 0.6732345 0.7900652 0.3764966 0.7900652 0.2280825 0.7927094 0.2280825 0.7900652 0.2280825 0.7900652 0.3764966 0.7874154 0.3764966 0.7927094 0.2280825 0.7927094 0.3764966 0.7900652 0.3764966 0.7900652 0.6710517 0.7900652 0.5226376 0.7927094 0.5226376 0.7900652 0.5226376 0.7900652 0.6710517 0.7874154 0.6710517 0.7874154 0.3764966 0.7874154 0.2280825 0.7900652 0.2280825 0.7927094 0.5226376 0.7927094 0.6710517 0.7900652 0.6710517 0.7874154 0.6710517 0.7874154 0.5226828 0.7900652 0.5226376 0.7874154 0.5226828 0.7874154 0.6710517 0.7847658 0.6710969 0.7847658 0.3764966 0.7847658 0.2281277 0.7874154 0.2280825 0.7874154 0.2280825 0.7874154 0.3764966 0.7847658 0.3764966 0.7847658 0.6710969 0.7847709 0.5226828 0.7874154 0.5226828 0.7847709 0.5226828 0.7847658 0.6710969 0.7821214 0.6710969 0.7821214 0.3764966 0.7821214 0.2281277 0.7847658 0.2281277 0.7847658 0.2281277 0.7847658 0.3764966 0.7821214 0.3764966 0.7821214 0.6710969 0.7821214 0.5226828 0.7847709 0.5226828 0.7821214 0.5226828 0.7821214 0.6710969 0.7794716 0.6710969 0.7794716 0.3764966 0.7794716 0.2281277 0.7821214 0.2281277 0.7821214 0.2281277 0.7821214 0.3764966 0.7794716 0.3764966 0.7794716 0.6710969 0.7794716 0.5227279 0.7821214 0.5226828 0.8059473 0.5227279 0.8059473 0.6710969 0.8032975 0.6710969 0.8032975 0.3764966 0.8032975 0.2281277 0.8059473 0.2281277 0.8059473 0.2281277 0.8059473 0.3764966 0.8032975 0.3764966 0.8032975 0.6710969 0.8032975 0.5226828 0.8059473 0.5227279 0.8032975 0.5226828 0.8032975 0.6710969 0.8006531 0.6710969 0.8006531 0.3764966 0.8006531 0.2281277 0.8032975 0.2281277 0.8032975 0.2281277 0.8032975 0.3764966 0.8006531 0.3764966 0.8006531 0.2281277 0.8006531 0.3764966 0.7980036 0.3764966 0.7980036 0.5248656 0.7980036 0.3764966 0.8006531 0.3764966 0.8006531 0.5248656 0.8006531 0.3764966 0.8032975 0.3764966 0.8006531 0.3764966 0.8006531 0.5248656 0.7980036 0.5248656 0.8006531 0.6710969 0.8006531 0.5226828 0.8032975 0.5226828 0.8006531 0.5226828 0.8006531 0.6710969 0.7980036 0.6710517 0.7980036 0.3764966 0.7980036 0.2280825 0.8006531 0.2281277 0.8006531 0.5226828 0.8006531 0.3743138 0.8032975 0.3743138 0.8006531 0.3743138 0.8006531 0.5226828 0.7980036 0.5226828 0.7980036 0.6710517 0.7980036 0.5226828 0.8006531 0.5226828 0.8032975 0.3743138 0.8032975 0.5226828 0.8006531 0.5226828 0.8032975 0.3743138 0.8032975 0.2259448 0.8059473 0.2259899 0.8032975 0.2259448 0.8032975 0.3743138 0.8006531 0.3743138 0.8059473 0.2259899 0.8059473 0.3743591 0.8032975 0.3743138 0.8032975 0.5226828 0.8032975 0.3743138 0.8059473 0.3743591 0.7794716 0.3743591 0.7794716 0.2259899 0.7821214 0.2259448 0.7821214 0.2259448 0.7821214 0.3743138 0.7794716 0.3743591 0.7794716 0.5227279 0.7794716 0.3743591 0.7821214 0.3743138 0.8059473 0.3743591 0.8059473 0.5227279 0.8032975 0.5226828 0.7821214 0.3743138 0.7821214 0.2259448 0.7847709 0.2259448 0.7847709 0.2259448 0.7847709 0.3743138 0.7821214 0.3743138 0.7821214 0.5226828 0.7821214 0.3743138 0.7847709 0.3743138 0.7821214 0.3743138 0.7821214 0.5226828 0.7794716 0.5227279 0.7847709 0.3743138 0.7847709 0.2259448 0.7874154 0.2258996 0.7874154 0.2258996 0.7874154 0.3742686 0.7847709 0.3743138 0.7847709 0.5226828 0.7847709 0.3743138 0.7874154 0.3742686 0.7847709 0.3743138 0.7847709 0.5226828 0.7821214 0.5226828 0.7874154 0.3742686 0.7874154 0.2258996 0.7900652 0.2258996 0.7900652 0.2258996 0.7900652 0.3742686 0.7874154 0.3742686 0.7874154 0.5226828 0.7874154 0.3742686 0.7900652 0.3742686 0.7874154 0.3742686 0.7874154 0.5226828 0.7847709 0.5226828 0.7900652 0.3742686 0.7900652 0.2258996 0.7927094 0.2258545 0.7927094 0.2258545 0.7927094 0.3742686 0.7900652 0.3742686 0.7900652 0.5226376 0.7900652 0.3742686 0.7927094 0.3742686 0.7900652 0.3742686 0.7900652 0.5226376 0.7874154 0.5226828 0.7900652 0.6738515 0.7900652 0.5395172 0.7927094 0.5395172 0.7900652 0.5395172 0.7900652 0.6738515 0.7874154 0.6738515 0.7927094 0.5395172 0.7927094 0.6738107 0.7900652 0.6738515 0.7900652 0.5395172 0.7900652 0.405142 0.7927094 0.405142 0.7900652 0.405142 0.7900652 0.5395172 0.7874154 0.5395172 0.7874154 0.6738515 0.7874154 0.5395172 0.7900652 0.5395172 0.7927094 0.405142 0.7927094 0.5395172 0.7900652 0.5395172 0.7874154 0.5395172 0.7874154 0.4051829 0.7900652 0.405142 0.7874154 0.4051829 0.7874154 0.5395172 0.7847709 0.5395582 0.7847709 0.6738924 0.7847709 0.5395582 0.7874154 0.5395172 0.7874154 0.5395172 0.7874154 0.6738515 0.7847709 0.6738924 0.7847709 0.5395582 0.7847658 0.4051829 0.7874154 0.4051829 0.7847658 0.4051829 0.7847709 0.5395582 0.7821214 0.5396398 0.7821214 0.6738924 0.7821214 0.5396398 0.7847709 0.5395582 0.7847709 0.5395582 0.7847709 0.6738924 0.7821214 0.6738924 0.7821214 0.5396398 0.7821214 0.4052646 0.7847658 0.4051829 0.7821214 0.4052646 0.7821214 0.5396398 0.7794716 0.5397216 0.7794716 0.6739333 0.7794716 0.5397216 0.7821214 0.5396398 0.7821214 0.5396398 0.7821214 0.6738924 0.7794716 0.6739333 0.7794716 0.5397216 0.7794716 0.4054689 0.7821214 0.4052646 0.8059473 0.4054689 0.8059473 0.5397216 0.8032975 0.5396398 0.8032975 0.6738924 0.8032975 0.5396398 0.8059473 0.5397216 0.8059473 0.5397216 0.8059473 0.6739333 0.8032975 0.6738924 0.8032975 0.5396398 0.8032975 0.4052646 0.8059473 0.4054689 0.8032975 0.4052646 0.8032975 0.5396398 0.8006479 0.5395582 0.8006479 0.6738924 0.8006479 0.5395582 0.8032975 0.5396398 0.8032975 0.5396398 0.8032975 0.6738924 0.8006479 0.6738924 0.8006479 0.5395582 0.8006479 0.6738924 0.7980036 0.6738515 0.7980036 0.3742686 0.7980036 0.2258996 0.8006479 0.2259448 0.8006531 0.3743138 0.8006479 0.2259448 0.8032975 0.2259448 0.8006479 0.2259448 0.8006531 0.3743138 0.7980036 0.3742686 0.8006479 0.5395582 0.8006531 0.4051829 0.8032975 0.4052646 0.8006531 0.4051829 0.8006479 0.5395582 0.7980036 0.5395172 0.7980036 0.6738515 0.7980036 0.5395172 0.8006479 0.5395582 0.8006531 0.4051829 0.8006531 0.3171116 0.8032975 0.3171525 0.8006531 0.3171116 0.8006531 0.4051829 0.7980036 0.4051829 0.7980036 0.5395172 0.7980036 0.4051829 0.8006531 0.4051829 0.8032975 0.3171525 0.8032975 0.4052646 0.8006531 0.4051829 0.8032975 0.4052646 0.8032975 0.3171525 0.8059473 0.3171525 0.8032975 0.3171525 0.8006531 0.3171116 0.8006479 0.2256482 0.8059473 0.3171525 0.8032975 0.3171525 0.8032975 0.2256889 0.8006479 0.2256482 0.8032975 0.2256889 0.8032975 0.3171525 0.8032975 0.6465449 0.8032975 0.5484155 0.8059473 0.548551 0.8032975 0.5484155 0.8032975 0.6465449 0.8006479 0.6464998 0.8059473 0.548551 0.8059473 0.6464547 0.8032975 0.6465449 0.8032975 0.2256889 0.8059473 0.2256073 0.8059473 0.3171525 0.7794716 0.6464547 0.7794716 0.548551 0.7821214 0.5484155 0.7821214 0.5484155 0.7821214 0.6465449 0.7794716 0.6464547 0.7794716 0.2256073 0.7821214 0.2256889 0.7821214 0.3171525 0.7821214 0.3171525 0.7794716 0.3171525 0.7794716 0.2256073 0.7794716 0.4054689 0.7794716 0.3171525 0.7821214 0.3171525 0.7821214 0.3171525 0.7821214 0.4052646 0.7794716 0.4054689 0.7821214 0.4052646 0.7821214 0.3171525 0.7847658 0.3171116 0.7847658 0.3171116 0.7821214 0.3171525 0.7821214 0.2256889 0.7847658 0.3171116 0.7847658 0.4051829 0.7821214 0.4052646 0.7847658 0.4051829 0.7847658 0.3171116 0.7874154 0.3170706 0.7874154 0.3170706 0.7847658 0.3171116 0.7847709 0.2256482 0.7821214 0.2256889 0.7847709 0.2256482 0.7847658 0.3171116 0.7847709 0.6464998 0.7847709 0.5483251 0.7874154 0.54828 0.7847709 0.5483251 0.7847709 0.6464998 0.7821214 0.6465449 0.7874154 0.54828 0.7874154 0.6464547 0.7847709 0.6464998 0.7847709 0.2256482 0.7874154 0.2256073 0.7874154 0.3170706 0.7874154 0.6464547 0.7874154 0.54828 0.7900652 0.54828 0.7900652 0.54828 0.7900652 0.6464547 0.7874154 0.6464547 0.7874154 0.2256073 0.7900652 0.2256073 0.7900652 0.3170706 0.7900652 0.3170706 0.7874154 0.3170706 0.7874154 0.2256073 0.7874154 0.4051829 0.7874154 0.3170706 0.7900652 0.3170706 0.7900652 0.3170706 0.7900652 0.405142 0.7874154 0.4051829 0.7900652 0.405142 0.7900652 0.3170706 0.7927094 0.3170706 0.7927094 0.3170706 0.7900652 0.3170706 0.7900652 0.2256073 0.7927094 0.3170706 0.7927094 0.405142 0.7900652 0.405142 0.7927094 0.405142 0.7927094 0.3170706 0.7953591 0.3170706 0.7953591 0.3170706 0.7927094 0.3170706 0.7927094 0.2255664 0.7900652 0.2256073 0.7927094 0.2255664 0.7927094 0.3170706 0.7900652 0.6464547 0.7900652 0.54828 0.7927094 0.5482348 0.7927094 0.5482348 0.7927094 0.6464096 0.7900652 0.6464547 0.7874154 0.3170706 0.7874154 0.4051829 0.7847658 0.4051829 0.7821214 0.6465449 0.7821214 0.5484155 0.7847709 0.5483251 0.8006479 0.6464998 0.8006479 0.5483251 0.8032975 0.5484155 0.8006479 0.5483251 0.8006479 0.6464998 0.7980036 0.6464547 0.7980036 0.2256073 0.8006479 0.2256482 0.8006531 0.3171116 0.8059473 0.3171525 0.8059473 0.4054689 0.8032975 0.4052646 0.7980036 0.5226828 0.7980036 0.3742686 0.8006531 0.3743138 0.7927094 0.3742686 0.7927094 0.5226376 0.7900652 0.5226376 0.7980036 0.6732345 0.7980036 0.5248656 0.8006531 0.5248656 0.7927094 0.5248656 0.7927094 0.6732345 0.7900652 0.6732345 0.7927094 0.6464096 0.7927094 0.5482348 0.7953591 0.54828 0.849617 0.998601 0.7707037 0.998601 0.7707037 0.8481367 0.7707037 0.8481367 0.849617 0.8481367 0.849617 0.998601 0.849617 0.998601 0.7707037 0.998601 0.7707037 0.8481367 0.7707037 0.8481367 0.849617 0.8481367 0.849617 0.998601 0.849617 0.998601 0.7707037 0.998601 0.7707037 0.8481367 0.7707037 0.8481367 0.849617 0.8481367 0.849617 0.998601 0.849617 0.998601 0.7707037 0.998601 0.7707037 0.8481367 0.7707037 0.8481367 0.849617 0.8481367 0.849617 0.998601 0.849617 0.998601 0.7707037 0.998601 0.7707037 0.8481367 0.7707037 0.8481367 0.849617 0.8481367 0.849617 0.998601 0.7980036 0.2518131 0.7980036 0.3492198 0.7953591 0.3492198 0.7980036 0.3492198 0.7980036 0.2518131 0.8006531 0.2518131 0.7953591 0.3492198 0.7953591 0.2518131 0.7980036 0.2518131 0.7927094 0.3492198 0.7927094 0.2518131 0.7953591 0.2518131 0.7953591 0.2518131 0.7953591 0.3492198 0.7927094 0.3492198 0.7900598 0.3492198 0.7900652 0.2518131 0.7927094 0.2518131 0.7927094 0.2518131 0.7927094 0.3492198 0.7900598 0.3492198 0.7874154 0.3492198 0.7874154 0.2518131 0.7900652 0.2518131 0.7900652 0.2518131 0.7900598 0.3492198 0.7874154 0.3492198 0.7847658 0.3492649 0.7847658 0.2518131 0.7874154 0.2518131 0.7874154 0.2518131 0.7874154 0.3492198 0.7847658 0.3492649 0.7821214 0.3493102 0.7821214 0.2518131 0.7847658 0.2518131 0.7847658 0.2518131 0.7847658 0.3492649 0.7821214 0.3493102 0.7794716 0.3494456 0.7794716 0.2518131 0.7821214 0.2518131 0.7821214 0.2518131 0.7821214 0.3493102 0.7794716 0.3494456 0.8032975 0.3493102 0.8032975 0.2518131 0.8059473 0.2518131 0.8059473 0.2518131 0.8059473 0.3494456 0.8032975 0.3493102 0.8006531 0.3492649 0.8006531 0.2518131 0.8032975 0.2518131 0.8032975 0.2518131 0.8032975 0.3493102 0.8006531 0.3492649 0.8006531 0.2518131 0.8006531 0.3492649 0.7980036 0.3492198 0.7980036 0.3492198 0.8006531 0.3492649 0.8006531 0.4504215 0.8006531 0.3492649 0.8032975 0.3493102 0.8032975 0.4505119 0.8032975 0.4505119 0.8006531 0.4504215 0.8006531 0.3492649 0.8006479 0.5483251 0.8006531 0.4504215 0.8032975 0.4505119 0.8032975 0.4505119 0.8032975 0.5484155 0.8006479 0.5483251 0.8032975 0.5484155 0.8032975 0.4505119 0.8059473 0.4507378 0.8059473 0.4507378 0.8032975 0.4505119 0.8032975 0.3493102 0.8059473 0.4507378 0.8059473 0.548551 0.8032975 0.5484155 0.7794716 0.548551 0.7794716 0.4507378 0.7821214 0.4505119 0.7821214 0.4505119 0.7794716 0.4507378 0.7794716 0.3494456 0.8032975 0.3493102 0.8059473 0.3494456 0.8059473 0.4507378 0.7821214 0.4505119 0.7821214 0.5484155 0.7794716 0.548551 0.7821214 0.5484155 0.7821214 0.4505119 0.7847658 0.4504215 0.7847658 0.4504215 0.7821214 0.4505119 0.7821214 0.3493102 0.7794716 0.3494456 0.7821214 0.3493102 0.7821214 0.4505119 0.7847658 0.4504215 0.7847709 0.5483251 0.7821214 0.5484155 0.7847709 0.5483251 0.7847658 0.4504215 0.7874154 0.4503763 0.7874154 0.4503763 0.7847658 0.4504215 0.7847658 0.3492649 0.7821214 0.3493102 0.7847658 0.3492649 0.7847658 0.4504215 0.7874154 0.4503763 0.7874154 0.54828 0.7847709 0.5483251 0.7874154 0.54828 0.7874154 0.4503763 0.7900598 0.4503311 0.7900598 0.4503311 0.7874154 0.4503763 0.7874154 0.3492198 0.7847658 0.3492649 0.7874154 0.3492198 0.7874154 0.4503763 0.7900598 0.4503311 0.7900652 0.54828 0.7874154 0.54828 0.7900652 0.54828 0.7900598 0.4503311 0.7927094 0.4503311 0.7927094 0.4503311 0.7900598 0.4503311 0.7900598 0.3492198 0.7874154 0.3492198 0.7900598 0.3492198 0.7900598 0.4503311 0.7927094 0.4503311 0.7927094 0.5482348 0.7900652 0.54828 0.7927094 0.5482348 0.7927094 0.4503311 0.7953591 0.4503311 0.7953591 0.4503311 0.7927094 0.4503311 0.7927094 0.3492198 0.7900598 0.3492198 0.7927094 0.3492198 0.7927094 0.4503311 0.7953591 0.4503311 0.7953591 0.54828 0.7927094 0.5482348 0.7953591 0.54828 0.7953591 0.4503311 0.7980036 0.4503763 0.7980036 0.4503763 0.7953591 0.4503311 0.7953591 0.3492198 0.7927094 0.3492198 0.7953591 0.3492198 0.7953591 0.4503311 0.7980036 0.4503763 0.7980036 0.54828 0.7953591 0.54828 0.7980036 0.54828 0.7980036 0.4503763 0.8006531 0.4504215 0.8006531 0.4504215 0.7980036 0.4503763 0.7980036 0.3492198 0.7953591 0.3492198 0.7980036 0.3492198 0.7980036 0.4503763 0.8006531 0.4504215 0.8006479 0.5483251 0.7980036 0.54828 0.7980036 0.6464547 0.7980036 0.54828 0.8006479 0.5483251 0.7953591 0.6464547 0.7953591 0.54828 0.7980036 0.54828 0.7980036 0.54828 0.7980036 0.6464547 0.7953591 0.6464547 0.7953591 0.54828 0.7953591 0.6464547 0.7927094 0.6464096 0.7927094 0.2255664 0.7953591 0.2256073 0.7953591 0.3170706 0.7953591 0.2256073 0.7980036 0.2256073 0.7980036 0.3170706 0.7980036 0.3170706 0.7953591 0.3170706 0.7953591 0.2256073 0.7980036 0.3170706 0.7980036 0.4051829 0.7953591 0.405142 0.7980036 0.4051829 0.7980036 0.3170706 0.8006531 0.3171116 0.8006531 0.3171116 0.7980036 0.3170706 0.7980036 0.2256073 0.7953591 0.405142 0.7953591 0.3170706 0.7980036 0.3170706 0.7953591 0.3170706 0.7953591 0.405142 0.7927094 0.405142 0.7927094 0.5395172 0.7927094 0.405142 0.7953591 0.405142 0.7953591 0.5395172 0.7953591 0.405142 0.7980036 0.4051829 0.7953591 0.405142 0.7953591 0.5395172 0.7927094 0.5395172 0.7927094 0.6738107 0.7927094 0.5395172 0.7953591 0.5395172 0.7980036 0.4051829 0.7980036 0.5395172 0.7953591 0.5395172 0.7953591 0.6738515 0.7953591 0.5395172 0.7980036 0.5395172 0.7953591 0.5395172 0.7953591 0.6738515 0.7927094 0.6738107 0.7927094 0.3742686 0.7927094 0.2258545 0.7953591 0.2258996 0.7980036 0.5395172 0.7980036 0.6738515 0.7953591 0.6738515 0.7953591 0.3742686 0.7953591 0.2258996 0.7980036 0.2258996 0.7953591 0.2258996 0.7953591 0.3742686 0.7927094 0.3742686 0.7927094 0.5226376 0.7927094 0.3742686 0.7953591 0.3742686 0.7980036 0.2258996 0.7980036 0.3742686 0.7953591 0.3742686 0.7953591 0.5226376 0.7953591 0.3742686 0.7980036 0.3742686 0.7953591 0.3742686 0.7953591 0.5226376 0.7927094 0.5226376 0.7927094 0.6710517 0.7927094 0.5226376 0.7953591 0.5226376 0.7980036 0.3742686 0.7980036 0.5226828 0.7953591 0.5226376 0.7953591 0.6710517 0.7953591 0.5226376 0.7980036 0.5226828 0.7953591 0.5226376 0.7953591 0.6710517 0.7927094 0.6710517 0.7927094 0.3764966 0.7927094 0.2280825 0.7953591 0.2280825 0.7980036 0.5226828 0.7980036 0.6710517 0.7953591 0.6710517 0.7953591 0.3764966 0.7953591 0.2280825 0.7980036 0.2280825 0.7953591 0.2280825 0.7953591 0.3764966 0.7927094 0.3764966 0.7927094 0.5248656 0.7927094 0.3764966 0.7953591 0.3764966 0.7980036 0.2280825 0.7980036 0.3764966 0.7953591 0.3764966 0.7953591 0.5248656 0.7953591 0.3764966 0.7980036 0.3764966 0.7953591 0.3764966 0.7953591 0.5248656 0.7927094 0.5248656 0.7927094 0.6732345 0.7927094 0.5248656 0.7953591 0.5248656 0.7980036 0.3764966 0.7980036 0.5248656 0.7953591 0.5248656 0.7953591 0.6732345 0.7953591 0.5248656 0.7980036 0.5248656 0.7953591 0.5248656 0.7953591 0.6732345 0.7927094 0.6732345 0.7927094 0.3760321 0.7927094 0.227618 0.7953591 0.227618 0.7980036 0.5248656 0.7980036 0.6732345 0.7953591 0.6732345 0.7953591 0.3760321 0.7953591 0.227618 0.7980036 0.227618 0.7953591 0.227618 0.7953591 0.3760321 0.7927094 0.3760321 0.7927094 0.5244011 0.7927094 0.3760321 0.7953591 0.3760321 0.7980036 0.227618 0.7980036 0.3760321 0.7953591 0.3760321 0.7953591 0.5244011 0.7953591 0.3760321 0.7980036 0.3760321 0.7953591 0.3760321 0.7953591 0.5244011 0.7927094 0.5244011 0.7927094 0.67277 0.7927094 0.5244011 0.7953591 0.5244011 0.7980036 0.3760321 0.7980036 0.5244011 0.7953591 0.5244011 0.7953591 0.67277 0.7953591 0.5244011 0.7980036 0.5244011 0.7953591 0.5244011 0.7953591 0.67277 0.7927094 0.67277 0.7980036 0.5244011 0.7980036 0.67277 0.7953591 0.67277 0.7980036 0.67277 0.7980036 0.5244011 0.8006531 0.5244011 0.8006531 0.5244011 0.8006531 0.67277 0.7980036 0.67277 0.8006531 0.67277 0.8006531 0.5244011 0.8032975 0.5244011 0.8032975 0.5244011 0.8032975 0.67277 0.8006531 0.67277 0.8032975 0.67277 0.8032975 0.5244011 0.8059473 0.5244011 0.8059473 0.5244011 0.8059473 0.67277 0.8032975 0.67277 0.8744512 0.4661921 0.8744512 0.3350428 0.9354147 0.3350428 0.9354147 0.3350428 0.9354147 0.4661921 0.8744512 0.4661921 0.9964064 0.4661921 0.9354147 0.4661921 0.9354147 0.3350428 0.9354147 0.3350428 0.9964064 0.3350428 0.9964064 0.4661921 0.8744512 0.4661921 0.8744512 0.3350428 0.9354147 0.3350428 0.9354147 0.3350428 0.9354147 0.4661921 0.8744512 0.4661921 0.9964064 0.4661921 0.9354147 0.4661921 0.9354147 0.3350428 0.9354147 0.3350428 0.9964064 0.3350428 0.9964064 0.4661921 0.9354147 0.3350428 0.8744512 0.3350428 0.8744512 0.4661921 0.8744512 0.4661921 0.9354147 0.4661921 0.9354147 0.3350428 0.9354147 0.3350428 0.9354147 0.4661921 0.9964064 0.4661921 0.9964064 0.4661921 0.9964064 0.3350428 0.9354147 0.3350428 0.8744512 0.4661921 0.8744512 0.3350428 0.9354147 0.3350428 0.9354147 0.3350428 0.9354147 0.4661921 0.8744512 0.4661921 0.9964064 0.4661921 0.9354147 0.4661921 0.9354147 0.3350428 0.9354147 0.3350428 0.9964064 0.3350428 0.9964064 0.4661921 0.8744512 0.4661921 0.8744512 0.3350428 0.9354147 0.3350428 0.9354147 0.3350428 0.9354147 0.4661921 0.8744512 0.4661921 0.9964064 0.4661921 0.9354147 0.4661921 0.9354147 0.3350428 0.9354147 0.3350428 0.9964064 0.3350428 0.9964064 0.4661921 0.8744512 0.4661921 0.8744512 0.3350428 0.9354147 0.3350428 0.9354147 0.3350428 0.9354147 0.4661921 0.8744512 0.4661921 0.9964064 0.4661921 0.9354147 0.4661921 0.9354147 0.3350428 0.9354147 0.3350428 0.9964064 0.3350428 0.9964064 0.4661921 0.8744512 0.4661921 0.8744512 0.3350428 0.9354147 0.3350428 0.9354147 0.3350428 0.9354147 0.4661921 0.8744512 0.4661921 0.9964064 0.4661921 0.9354147 0.4661921 0.9354147 0.3350428 0.9354147 0.3350428 0.9964064 0.3350428 0.9964064 0.4661921 0.8744512 0.4661921 0.8744512 0.3350428 0.9354147 0.3350428 0.9354147 0.3350428 0.9354147 0.4661921 0.8744512 0.4661921 0.9964064 0.4661921 0.9354147 0.4661921 0.9354147 0.3350428 0.9354147 0.3350428 0.9964064 0.3350428 0.9964064 0.4661921 0.8744512 0.3350428 0.9354147 0.3350428 0.9354147 0.4661921 0.9354147 0.4661921 0.9354147 0.3350428 0.9964064 0.3350428 0.8744512 0.3350428 0.9354147 0.3350428 0.9354147 0.4661921 0.9354147 0.4661921 0.9354147 0.3350428 0.9964064 0.3350428 0.8744512 0.3350428 0.9354147 0.3350428 0.9354147 0.4661921 0.9354147 0.4661921 0.9354147 0.3350428 0.9964064 0.3350428 0.8744512 0.3350428 0.9354147 0.3350428 0.9354147 0.4661921 0.9354147 0.4661921 0.9354147 0.3350428 0.9964064 0.3350428 0.8744512 0.3350428 0.9354147 0.3350428 0.9354147 0.4661921 0.9354147 0.4661921 0.9354147 0.3350428 0.9964064 0.3350428 0.9964064 0.3350428 0.9964064 0.4661921 0.9354147 0.4661921 0.9354147 0.5973412 0.9354147 0.4661921 0.9964064 0.4661921 0.9964064 0.4661921 0.9964064 0.5973412 0.9354147 0.5973412 0.9354147 0.7284905 0.9354147 0.5973412 0.9964064 0.5973412 0.9964064 0.5973412 0.9964064 0.7284905 0.9354147 0.7284905 0.9354147 0.8596396 0.9354147 0.7284905 0.9964064 0.7284905 0.9964064 0.7284905 0.9964064 0.8596396 0.9354147 0.8596396 0.9354147 0.9907885 0.9354147 0.8596396 0.9964064 0.8596396 0.9964064 0.8596396 0.9964064 0.9907885 0.9354147 0.9907885 0.9354147 0.9907885 0.8744512 0.9907885 0.8744512 0.8596396 0.8744512 0.8596396 0.9354147 0.8596396 0.9354147 0.9907885 0.9354147 0.8596396 0.8744512 0.8596396 0.8744512 0.7284905 0.8744512 0.7284905 0.9354147 0.7284905 0.9354147 0.8596396 0.9354147 0.7284905 0.8744512 0.7284905 0.8744512 0.5973412 0.8744512 0.5973412 0.9354147 0.5973412 0.9354147 0.7284905 0.9354147 0.5973412 0.8744512 0.5973412 0.8744512 0.4661921 0.8744512 0.4661921 0.9354147 0.4661921 0.9354147 0.5973412 0.9354147 0.4661921 0.8744512 0.4661921 0.8744512 0.3350428 0.9964064 0.3350428 0.9964064 0.4661921 0.9354147 0.4661921 0.9354147 0.5973412 0.9354147 0.4661921 0.9964064 0.4661921 0.9964064 0.4661921 0.9964064 0.5973412 0.9354147 0.5973412 0.9354147 0.7284905 0.9354147 0.5973412 0.9964064 0.5973412 0.9964064 0.5973412 0.9964064 0.7284905 0.9354147 0.7284905 0.9354147 0.8596396 0.9354147 0.7284905 0.9964064 0.7284905 0.9964064 0.7284905 0.9964064 0.8596396 0.9354147 0.8596396 0.9354147 0.9907885 0.9354147 0.8596396 0.9964064 0.8596396 0.9964064 0.8596396 0.9964064 0.9907885 0.9354147 0.9907885 0.9354147 0.9907885 0.8744512 0.9907885 0.8744512 0.8596396 0.8744512 0.8596396 0.9354147 0.8596396 0.9354147 0.9907885 0.9354147 0.8596396 0.8744512 0.8596396 0.8744512 0.7284905 0.8744512 0.7284905 0.9354147 0.7284905 0.9354147 0.8596396 0.9354147 0.7284905 0.8744512 0.7284905 0.8744512 0.5973412 0.8744512 0.5973412 0.9354147 0.5973412 0.9354147 0.7284905 0.9354147 0.5973412 0.8744512 0.5973412 0.8744512 0.4661921 0.8744512 0.4661921 0.9354147 0.4661921 0.9354147 0.5973412 0.9354147 0.4661921 0.8744512 0.4661921 0.8744512 0.3350428 0.9964064 0.3350428 0.9964064 0.4661921 0.9354147 0.4661921 0.9354147 0.5973412 0.9354147 0.4661921 0.9964064 0.4661921 0.9964064 0.4661921 0.9964064 0.5973412 0.9354147 0.5973412 0.9354147 0.7284905 0.9354147 0.5973412 0.9964064 0.5973412 0.9964064 0.5973412 0.9964064 0.7284905 0.9354147 0.7284905 0.9354147 0.8596396 0.9354147 0.7284905 0.9964064 0.7284905 0.9964064 0.7284905 0.9964064 0.8596396 0.9354147 0.8596396 0.9354147 0.9907885 0.9354147 0.8596396 0.9964064 0.8596396 0.9964064 0.8596396 0.9964064 0.9907885 0.9354147 0.9907885 0.9354147 0.9907885 0.8744512 0.9907885 0.8744512 0.8596396 0.8744512 0.8596396 0.9354147 0.8596396 0.9354147 0.9907885 0.9354147 0.8596396 0.8744512 0.8596396 0.8744512 0.7284905 0.8744512 0.7284905 0.9354147 0.7284905 0.9354147 0.8596396 0.9354147 0.7284905 0.8744512 0.7284905 0.8744512 0.5973412 0.8744512 0.5973412 0.9354147 0.5973412 0.9354147 0.7284905 0.9354147 0.5973412 0.8744512 0.5973412 0.8744512 0.4661921 0.8744512 0.4661921 0.9354147 0.4661921 0.9354147 0.5973412 0.9354147 0.4661921 0.8744512 0.4661921 0.8744512 0.3350428 0.9964064 0.3350428 0.9964064 0.4661921 0.9354147 0.4661921 0.9354147 0.5973412 0.9354147 0.4661921 0.9964064 0.4661921 0.9964064 0.4661921 0.9964064 0.5973412 0.9354147 0.5973412 0.9354147 0.7284905 0.9354147 0.5973412 0.9964064 0.5973412 0.9964064 0.5973412 0.9964064 0.7284905 0.9354147 0.7284905 0.9354147 0.8596396 0.9354147 0.7284905 0.9964064 0.7284905 0.9964064 0.7284905 0.9964064 0.8596396 0.9354147 0.8596396 0.9354147 0.9907885 0.9354147 0.8596396 0.9964064 0.8596396 0.9964064 0.8596396 0.9964064 0.9907885 0.9354147 0.9907885 0.9354147 0.9907885 0.8744512 0.9907885 0.8744512 0.8596396 0.8744512 0.8596396 0.9354147 0.8596396 0.9354147 0.9907885 0.9354147 0.8596396 0.8744512 0.8596396 0.8744512 0.7284905 0.8744512 0.7284905 0.9354147 0.7284905 0.9354147 0.8596396 0.9354147 0.7284905 0.8744512 0.7284905 0.8744512 0.5973412 0.8744512 0.5973412 0.9354147 0.5973412 0.9354147 0.7284905 0.9354147 0.5973412 0.8744512 0.5973412 0.8744512 0.4661921 0.8744512 0.4661921 0.9354147 0.4661921 0.9354147 0.5973412 0.9354147 0.4661921 0.8744512 0.4661921 0.8744512 0.3350428 0.9964064 0.3350428 0.9964064 0.4661921 0.9354147 0.4661921 0.9354147 0.5973412 0.9354147 0.4661921 0.9964064 0.4661921 0.9964064 0.4661921 0.9964064 0.5973412 0.9354147 0.5973412 0.9354147 0.7284905 0.9354147 0.5973412 0.9964064 0.5973412 0.9964064 0.5973412 0.9964064 0.7284905 0.9354147 0.7284905 0.9354147 0.8596396 0.9354147 0.7284905 0.9964064 0.7284905 0.9964064 0.7284905 0.9964064 0.8596396 0.9354147 0.8596396 0.9354147 0.9907885 0.9354147 0.8596396 0.9964064 0.8596396 0.9964064 0.8596396 0.9964064 0.9907885 0.9354147 0.9907885 0.9354147 0.9907885 0.8744512 0.9907885 0.8744512 0.8596396 0.8744512 0.8596396 0.9354147 0.8596396 0.9354147 0.9907885 0.9354147 0.8596396 0.8744512 0.8596396 0.8744512 0.7284905 0.8744512 0.7284905 0.9354147 0.7284905 0.9354147 0.8596396 0.9354147 0.7284905 0.8744512 0.7284905 0.8744512 0.5973412 0.8744512 0.5973412 0.9354147 0.5973412 0.9354147 0.7284905 0.9354147 0.5973412 0.8744512 0.5973412 0.8744512 0.4661921 0.8744512 0.4661921 0.9354147 0.4661921 0.9354147 0.5973412 0.9354147 0.4661921 0.8744512 0.4661921 0.8744512 0.3350428 0.9354147 0.4661921 0.9964064 0.4661921 0.9964064 0.5973412 0.9964064 0.5973412 0.9354147 0.5973412 0.9354147 0.4661921 0.9354147 0.5973412 0.9964064 0.5973412 0.9964064 0.7284905 0.9964064 0.7284905 0.9354147 0.7284905 0.9354147 0.5973412 0.9354147 0.8596396 0.9354147 0.7284905 0.9964064 0.7284905 0.9964064 0.7284905 0.9964064 0.8596396 0.9354147 0.8596396 0.9354147 0.9907885 0.9354147 0.8596396 0.9964064 0.8596396 0.9964064 0.8596396 0.9964064 0.9907885 0.9354147 0.9907885 0.9354147 0.9907885 0.8744512 0.9907885 0.8744512 0.8596396 0.8744512 0.8596396 0.9354147 0.8596396 0.9354147 0.9907885 0.9354147 0.8596396 0.8744512 0.8596396 0.8744512 0.7284905 0.8744512 0.7284905 0.8744512 0.5973412 0.9354147 0.5973412 0.9354147 0.5973412 0.9354147 0.7284905 0.8744512 0.7284905 0.8744512 0.7284905 0.9354147 0.7284905 0.9354147 0.8596396 0.8744512 0.5973412 0.8744512 0.4661921 0.9354147 0.4661921 0.9354147 0.4661921 0.9354147 0.5973412 0.8744512 0.5973412 0.9354147 0.4661921 0.9964064 0.4661921 0.9964064 0.5973412 0.9964064 0.5973412 0.9354147 0.5973412 0.9354147 0.4661921 0.9354147 0.5973412 0.9964064 0.5973412 0.9964064 0.7284905 0.9964064 0.7284905 0.9354147 0.7284905 0.9354147 0.5973412 0.9354147 0.8596396 0.9354147 0.7284905 0.9964064 0.7284905 0.9964064 0.7284905 0.9964064 0.8596396 0.9354147 0.8596396 0.9354147 0.9907885 0.9354147 0.8596396 0.9964064 0.8596396 0.9964064 0.8596396 0.9964064 0.9907885 0.9354147 0.9907885 0.9354147 0.9907885 0.8744512 0.9907885 0.8744512 0.8596396 0.8744512 0.8596396 0.9354147 0.8596396 0.9354147 0.9907885 0.9354147 0.8596396 0.8744512 0.8596396 0.8744512 0.7284905 0.8744512 0.7284905 0.8744512 0.5973412 0.9354147 0.5973412 0.9354147 0.5973412 0.9354147 0.7284905 0.8744512 0.7284905 0.8744512 0.7284905 0.9354147 0.7284905 0.9354147 0.8596396 0.8744512 0.5973412 0.8744512 0.4661921 0.9354147 0.4661921 0.9354147 0.4661921 0.9354147 0.5973412 0.8744512 0.5973412 0.9354147 0.4661921 0.9964064 0.4661921 0.9964064 0.5973412 0.9964064 0.5973412 0.9354147 0.5973412 0.9354147 0.4661921 0.9354147 0.7284905 0.9354147 0.5973412 0.9964064 0.5973412 0.9964064 0.5973412 0.9964064 0.7284905 0.9354147 0.7284905 0.9354147 0.8596396 0.9354147 0.7284905 0.9964064 0.7284905 0.9964064 0.7284905 0.9964064 0.8596396 0.9354147 0.8596396 0.9354147 0.9907885 0.9354147 0.8596396 0.9964064 0.8596396 0.9964064 0.8596396 0.9964064 0.9907885 0.9354147 0.9907885 0.9354147 0.8596396 0.9354147 0.9907885 0.8744512 0.9907885 0.8744512 0.9907885 0.8744512 0.8596396 0.9354147 0.8596396 0.9354147 0.8596396 0.8744512 0.8596396 0.8744512 0.7284905 0.8744512 0.7284905 0.9354147 0.7284905 0.9354147 0.8596396 0.9354147 0.7284905 0.8744512 0.7284905 0.8744512 0.5973412 0.8744512 0.5973412 0.8744512 0.4661921 0.9354147 0.4661921 0.9354147 0.4661921 0.9354147 0.5973412 0.8744512 0.5973412 0.8744512 0.5973412 0.9354147 0.5973412 0.9354147 0.7284905 0.9354147 0.4661921 0.9964064 0.4661921 0.9964064 0.5973412 0.9964064 0.5973412 0.9354147 0.5973412 0.9354147 0.4661921 0.9354147 0.7284905 0.9354147 0.5973412 0.9964064 0.5973412 0.9964064 0.5973412 0.9964064 0.7284905 0.9354147 0.7284905 0.9354147 0.8596396 0.9354147 0.7284905 0.9964064 0.7284905 0.9964064 0.7284905 0.9964064 0.8596396 0.9354147 0.8596396 0.9354147 0.9907885 0.9354147 0.8596396 0.9964064 0.8596396 0.9964064 0.8596396 0.9964064 0.9907885 0.9354147 0.9907885 0.9354147 0.8596396 0.9354147 0.9907885 0.8744512 0.9907885 0.8744512 0.9907885 0.8744512 0.8596396 0.9354147 0.8596396 0.9354147 0.8596396 0.8744512 0.8596396 0.8744512 0.7284905 0.8744512 0.7284905 0.9354147 0.7284905 0.9354147 0.8596396 0.9354147 0.7284905 0.8744512 0.7284905 0.8744512 0.5973412 0.8744512 0.5973412 0.8744512 0.4661921 0.9354147 0.4661921 0.9354147 0.4661921 0.9354147 0.5973412 0.8744512 0.5973412 0.8744512 0.5973412 0.9354147 0.5973412 0.9354147 0.7284905 0.9354147 0.4661921 0.9964064 0.4661921 0.9964064 0.5973412 0.9964064 0.5973412 0.9354147 0.5973412 0.9354147 0.4661921 0.9354147 0.7284905 0.9354147 0.5973412 0.9964064 0.5973412 0.9964064 0.5973412 0.9964064 0.7284905 0.9354147 0.7284905 0.9354147 0.8596396 0.9354147 0.7284905 0.9964064 0.7284905 0.9964064 0.7284905 0.9964064 0.8596396 0.9354147 0.8596396 0.9354147 0.8596396 0.9964064 0.8596396 0.9964064 0.9907885 0.9964064 0.9907885 0.9354147 0.9907885 0.9354147 0.8596396 0.9354147 0.9907885 0.8744512 0.9907885 0.8744512 0.8596396 0.8744512 0.8596396 0.9354147 0.8596396 0.9354147 0.9907885 0.9354147 0.8596396 0.8744512 0.8596396 0.8744512 0.7284905 0.8744512 0.7284905 0.9354147 0.7284905 0.9354147 0.8596396 0.9354147 0.7284905 0.8744512 0.7284905 0.8744512 0.5973412 0.8744512 0.5973412 0.9354147 0.5973412 0.9354147 0.7284905 0.9354147 0.5973412 0.8744512 0.5973412 0.8744512 0.4661921 0.8744512 0.4661921 0.9354147 0.4661921 0.9354147 0.5973412 0.9964064 0.5973412 0.9964064 0.4661921 0.9354147 0.4661921 0.9354147 0.4661921 0.9354147 0.5973412 0.9964064 0.5973412 0.9964064 0.5973412 0.9354147 0.5973412 0.9354147 0.7284905 0.9354147 0.7284905 0.9964064 0.7284905 0.9964064 0.5973412 0.9964064 0.7284905 0.9354147 0.7284905 0.9354147 0.8596396 0.9354147 0.8596396 0.9964064 0.8596396 0.9964064 0.7284905 0.9964064 0.8596396 0.9354147 0.8596396 0.9354147 0.9907885 0.9354147 0.9907885 0.9964064 0.9907885 0.9964064 0.8596396 0.9354147 0.9907885 0.9354147 0.8596396 0.8744512 0.8596396 0.8744512 0.8596396 0.8744512 0.9907885 0.9354147 0.9907885 0.8744512 0.7284905 0.8744512 0.8596396 0.9354147 0.8596396 0.9354147 0.5973412 0.8744512 0.5973412 0.8744512 0.7284905 0.8744512 0.7284905 0.9354147 0.7284905 0.9354147 0.5973412 0.9354147 0.8596396 0.9354147 0.7284905 0.8744512 0.7284905 0.9354147 0.4661921 0.8744512 0.4661921 0.8744512 0.5973412 0.8744512 0.5973412 0.9354147 0.5973412 0.9354147 0.4661921 0.9354147 0.4661921 0.9964064 0.4661921 0.9964064 0.5973412 0.9964064 0.5973412 0.9354147 0.5973412 0.9354147 0.4661921 0.9354147 0.7284905 0.9354147 0.5973412 0.9964064 0.5973412 0.9964064 0.5973412 0.9964064 0.7284905 0.9354147 0.7284905 0.9354147 0.8596396 0.9354147 0.7284905 0.9964064 0.7284905 0.9964064 0.7284905 0.9964064 0.8596396 0.9354147 0.8596396 0.9354147 0.9907885 0.9354147 0.8596396 0.9964064 0.8596396 0.9964064 0.8596396 0.9964064 0.9907885 0.9354147 0.9907885 0.9354147 0.8596396 0.9354147 0.9907885 0.8744512 0.9907885 0.8744512 0.9907885 0.8744512 0.8596396 0.9354147 0.8596396 0.9354147 0.8596396 0.8744512 0.8596396 0.8744512 0.7284905 0.8744512 0.7284905 0.9354147 0.7284905 0.9354147 0.8596396 0.9354147 0.7284905 0.8744512 0.7284905 0.8744512 0.5973412 0.8744512 0.5973412 0.8744512 0.4661921 0.9354147 0.4661921 0.9354147 0.4661921 0.9354147 0.5973412 0.8744512 0.5973412 0.8744512 0.5973412 0.9354147 0.5973412 0.9354147 0.7284905 0.9354147 0.4661921 0.9964064 0.4661921 0.9964064 0.5973412 0.9964064 0.5973412 0.9354147 0.5973412 0.9354147 0.4661921 0.9354147 0.7284905 0.9354147 0.5973412 0.9964064 0.5973412 0.9964064 0.5973412 0.9964064 0.7284905 0.9354147 0.7284905 0.9354147 0.8596396 0.9354147 0.7284905 0.9964064 0.7284905 0.9964064 0.7284905 0.9964064 0.8596396 0.9354147 0.8596396 0.9354147 0.9907885 0.9354147 0.8596396 0.9964064 0.8596396 0.9964064 0.8596396 0.9964064 0.9907885 0.9354147 0.9907885 0.9354147 0.9907885 0.8744512 0.9907885 0.8744512 0.8596396 0.8744512 0.8596396 0.9354147 0.8596396 0.9354147 0.9907885 0.9354147 0.8596396 0.8744512 0.8596396 0.8744512 0.7284905 0.8744512 0.7284905 0.8744512 0.5973412 0.9354147 0.5973412 0.9354147 0.5973412 0.9354147 0.7284905 0.8744512 0.7284905 0.8744512 0.7284905 0.9354147 0.7284905 0.9354147 0.8596396 0.8744512 0.5973412 0.8744512 0.4661921 0.9354147 0.4661921 0.9354147 0.4661921 0.9354147 0.5973412 0.8744512 0.5973412 0.7794716 0.67277 0.7794716 0.5244011 0.7821214 0.5244011 0.7821214 0.5244011 0.7821214 0.67277 0.7794716 0.67277 0.7821214 0.67277 0.7821214 0.5244011 0.7847658 0.5244011 0.7847658 0.5244011 0.7847658 0.67277 0.7821214 0.67277 0.7847658 0.67277 0.7847658 0.5244011 0.7874154 0.5244011 0.7874154 0.5244011 0.7874154 0.67277 0.7847658 0.67277 0.7874154 0.67277 0.7874154 0.5244011 0.7900652 0.5244011 0.7900652 0.5244011 0.7900652 0.67277 0.7874154 0.67277 0.7900652 0.67277 0.7900652 0.5244011 0.7927094 0.5244011 0.7927094 0.5244011 0.7927094 0.67277 0.7900652 0.67277 0.7900652 0.5244011 0.7900652 0.3760321 0.7927094 0.3760321 0.7900652 0.3760321 0.7900652 0.5244011 0.7874154 0.5244011 0.7927094 0.3760321 0.7927094 0.5244011 0.7900652 0.5244011 0.7900652 0.3760321 0.7900652 0.227618 0.7927094 0.227618 0.7900652 0.227618 0.7900652 0.3760321 0.7874154 0.3760321 0.7874154 0.5244011 0.7874154 0.3760321 0.7900652 0.3760321 0.7927094 0.227618 0.7927094 0.3760321 0.7900652 0.3760321 0.7874154 0.3760321 0.7874154 0.227618 0.7900652 0.227618 0.7874154 0.227618 0.7874154 0.3760321 0.7847658 0.3760321 0.7847658 0.5244011 0.7847658 0.3760321 0.7874154 0.3760321 0.7874154 0.3760321 0.7874154 0.5244011 0.7847658 0.5244011 0.7847658 0.3760321 0.7847658 0.227618 0.7874154 0.227618 0.7847658 0.227618 0.7847658 0.3760321 0.7821214 0.3760321 0.7821214 0.5244011 0.7821214 0.3760321 0.7847658 0.3760321 0.7847658 0.3760321 0.7847658 0.5244011 0.7821214 0.5244011 0.7821214 0.3760321 0.7821214 0.227618 0.7847658 0.227618 0.7821214 0.227618 0.7821214 0.3760321 0.7794716 0.3760321 0.7794716 0.5244011 0.7794716 0.3760321 0.7821214 0.3760321 0.7821214 0.3760321 0.7821214 0.5244011 0.7794716 0.5244011 0.7794716 0.3760321 0.7794716 0.2276632 0.7821214 0.227618 0.8059473 0.2276632 0.8059473 0.3760321 0.8032975 0.3760321 0.8032975 0.5244011 0.8032975 0.3760321 0.8059473 0.3760321 0.8059473 0.3760321 0.8059473 0.5244011 0.8032975 0.5244011 0.8032975 0.3760321 0.8032975 0.227618 0.8059473 0.2276632 0.8032975 0.227618 0.8032975 0.3760321 0.8006531 0.3760321 0.8006531 0.5244011 0.8006531 0.3760321 0.8032975 0.3760321 0.8032975 0.3760321 0.8032975 0.5244011 0.8006531 0.5244011 0.8006531 0.3760321 0.8006531 0.227618 0.8032975 0.227618 0.8006531 0.227618 0.8006531 0.3760321 0.7980036 0.3760321 0.7980036 0.5244011 0.7980036 0.3760321 0.8006531 0.3760321 0.8006531 0.3760321 0.8006531 0.5244011 0.7980036 0.5244011 0.8006531 0.6732345 0.8006531 0.5248656 0.8032975 0.5248656 0.8006531 0.5248656 0.8006531 0.6732345 0.7980036 0.6732345 0.7980036 0.3760321 0.7980036 0.227618 0.8006531 0.227618 0.8032975 0.5248656 0.8032975 0.6732345 0.8006531 0.6732345 0.8032975 0.5248656 0.8032975 0.3764966 0.8059473 0.3764966 0.8032975 0.3764966 0.8032975 0.5248656 0.8006531 0.5248656 0.8059473 0.3764966 0.8059473 0.5249109 0.8032975 0.5248656 0.8032975 0.6732345 0.8032975 0.5248656 0.8059473 0.5249109 0.7794716 0.5249109 0.7794716 0.3764966 0.7821214 0.3764966 0.7821214 0.3764966 0.7821214 0.5248656 0.7794716 0.5249109 0.7794716 0.6732796 0.7794716 0.5249109 0.7821214 0.5248656 0.8059473 0.5249109 0.8059473 0.6732796 0.8032975 0.6732345 0.7821214 0.5248656 0.7821214 0.3764966 0.7847658 0.3764966 0.7847658 0.3764966 0.7847658 0.5248656 0.7821214 0.5248656 0.7821214 0.6732345 0.7821214 0.5248656 0.7847658 0.5248656 0.7821214 0.5248656 0.7821214 0.6732345 0.7794716 0.6732796 0.7847658 0.5248656 0.7847658 0.3764966 0.7874154 0.3764966 0.7874154 0.3764966 0.7874154 0.5248656 0.7847658 0.5248656 0.7847658 0.6732345 0.7847658 0.5248656 0.7874154 0.5248656 0.7847658 0.5248656 0.7847658 0.6732345 0.7821214 0.6732345 0.7874154 0.5248656 0.7874154 0.3764966 0.7900652 0.3764966 0.7900652 0.3764966 0.7900652 0.5248656 0.7874154 0.5248656 0.7874154 0.6732345 0.7874154 0.5248656 0.7900652 0.5248656 0.7874154 0.5248656 0.7874154 0.6732345 0.7847658 0.6732345 0.7900652 0.5248656 0.7900652 0.3764966 0.7927094 0.3764966 0.7927094 0.3764966 0.7927094 0.5248656 0.7900652 0.5248656 0.7900652 0.6732345 0.7900652 0.5248656 0.7927094 0.5248656 0.7900652 0.5248656 0.7900652 0.6732345 0.7874154 0.6732345 0.7900652 0.3764966 0.7900652 0.2280825 0.7927094 0.2280825 0.7900652 0.2280825 0.7900652 0.3764966 0.7874154 0.3764966 0.7927094 0.2280825 0.7927094 0.3764966 0.7900652 0.3764966 0.7900652 0.6710517 0.7900652 0.5226376 0.7927094 0.5226376 0.7900652 0.5226376 0.7900652 0.6710517 0.7874154 0.6710517 0.7874154 0.3764966 0.7874154 0.2280825 0.7900652 0.2280825 0.7927094 0.5226376 0.7927094 0.6710517 0.7900652 0.6710517 0.7874154 0.6710517 0.7874154 0.5226828 0.7900652 0.5226376 0.7874154 0.5226828 0.7874154 0.6710517 0.7847658 0.6710969 0.7847658 0.3764966 0.7847658 0.2281277 0.7874154 0.2280825 0.7874154 0.2280825 0.7874154 0.3764966 0.7847658 0.3764966 0.7847658 0.6710969 0.7847709 0.5226828 0.7874154 0.5226828 0.7847709 0.5226828 0.7847658 0.6710969 0.7821214 0.6710969 0.7821214 0.3764966 0.7821214 0.2281277 0.7847658 0.2281277 0.7847658 0.2281277 0.7847658 0.3764966 0.7821214 0.3764966 0.7821214 0.6710969 0.7821214 0.5226828 0.7847709 0.5226828 0.7821214 0.5226828 0.7821214 0.6710969 0.7794716 0.6710969 0.7794716 0.3764966 0.7794716 0.2281277 0.7821214 0.2281277 0.7821214 0.2281277 0.7821214 0.3764966 0.7794716 0.3764966 0.7794716 0.6710969 0.7794716 0.5227279 0.7821214 0.5226828 0.8059473 0.5227279 0.8059473 0.6710969 0.8032975 0.6710969 0.8032975 0.3764966 0.8032975 0.2281277 0.8059473 0.2281277 0.8059473 0.2281277 0.8059473 0.3764966 0.8032975 0.3764966 0.8032975 0.6710969 0.8032975 0.5226828 0.8059473 0.5227279 0.8032975 0.5226828 0.8032975 0.6710969 0.8006531 0.6710969 0.8006531 0.3764966 0.8006531 0.2281277 0.8032975 0.2281277 0.8032975 0.2281277 0.8032975 0.3764966 0.8006531 0.3764966 0.8006531 0.2281277 0.8006531 0.3764966 0.7980036 0.3764966 0.7980036 0.5248656 0.7980036 0.3764966 0.8006531 0.3764966 0.8006531 0.5248656 0.8006531 0.3764966 0.8032975 0.3764966 0.8006531 0.3764966 0.8006531 0.5248656 0.7980036 0.5248656 0.8006531 0.6710969 0.8006531 0.5226828 0.8032975 0.5226828 0.8006531 0.5226828 0.8006531 0.6710969 0.7980036 0.6710517 0.7980036 0.3764966 0.7980036 0.2280825 0.8006531 0.2281277 0.8006531 0.5226828 0.8006531 0.3743138 0.8032975 0.3743138 0.8006531 0.3743138 0.8006531 0.5226828 0.7980036 0.5226828 0.7980036 0.6710517 0.7980036 0.5226828 0.8006531 0.5226828 0.8032975 0.3743138 0.8032975 0.5226828 0.8006531 0.5226828 0.8032975 0.3743138 0.8032975 0.2259448 0.8059473 0.2259899 0.8032975 0.2259448 0.8032975 0.3743138 0.8006531 0.3743138 0.8059473 0.2259899 0.8059473 0.3743591 0.8032975 0.3743138 0.8032975 0.5226828 0.8032975 0.3743138 0.8059473 0.3743591 0.7794716 0.3743591 0.7794716 0.2259899 0.7821214 0.2259448 0.7821214 0.2259448 0.7821214 0.3743138 0.7794716 0.3743591 0.7794716 0.5227279 0.7794716 0.3743591 0.7821214 0.3743138 0.8059473 0.3743591 0.8059473 0.5227279 0.8032975 0.5226828 0.7821214 0.3743138 0.7821214 0.2259448 0.7847709 0.2259448 0.7847709 0.2259448 0.7847709 0.3743138 0.7821214 0.3743138 0.7821214 0.5226828 0.7821214 0.3743138 0.7847709 0.3743138 0.7821214 0.3743138 0.7821214 0.5226828 0.7794716 0.5227279 0.7847709 0.3743138 0.7847709 0.2259448 0.7874154 0.2258996 0.7874154 0.2258996 0.7874154 0.3742686 0.7847709 0.3743138 0.7847709 0.5226828 0.7847709 0.3743138 0.7874154 0.3742686 0.7847709 0.3743138 0.7847709 0.5226828 0.7821214 0.5226828 0.7874154 0.3742686 0.7874154 0.2258996 0.7900652 0.2258996 0.7900652 0.2258996 0.7900652 0.3742686 0.7874154 0.3742686 0.7874154 0.5226828 0.7874154 0.3742686 0.7900652 0.3742686 0.7874154 0.3742686 0.7874154 0.5226828 0.7847709 0.5226828 0.7900652 0.3742686 0.7900652 0.2258996 0.7927094 0.2258545 0.7927094 0.2258545 0.7927094 0.3742686 0.7900652 0.3742686 0.7900652 0.5226376 0.7900652 0.3742686 0.7927094 0.3742686 0.7900652 0.3742686 0.7900652 0.5226376 0.7874154 0.5226828 0.7900652 0.6738515 0.7900652 0.5395172 0.7927094 0.5395172 0.7900652 0.5395172 0.7900652 0.6738515 0.7874154 0.6738515 0.7927094 0.5395172 0.7927094 0.6738107 0.7900652 0.6738515 0.7900652 0.5395172 0.7900652 0.405142 0.7927094 0.405142 0.7900652 0.405142 0.7900652 0.5395172 0.7874154 0.5395172 0.7874154 0.6738515 0.7874154 0.5395172 0.7900652 0.5395172 0.7927094 0.405142 0.7927094 0.5395172 0.7900652 0.5395172 0.7874154 0.5395172 0.7874154 0.4051829 0.7900652 0.405142 0.7874154 0.4051829 0.7874154 0.5395172 0.7847709 0.5395582 0.7847709 0.6738924 0.7847709 0.5395582 0.7874154 0.5395172 0.7874154 0.5395172 0.7874154 0.6738515 0.7847709 0.6738924 0.7847709 0.5395582 0.7847658 0.4051829 0.7874154 0.4051829 0.7847658 0.4051829 0.7847709 0.5395582 0.7821214 0.5396398 0.7821214 0.6738924 0.7821214 0.5396398 0.7847709 0.5395582 0.7847709 0.5395582 0.7847709 0.6738924 0.7821214 0.6738924 0.7821214 0.5396398 0.7821214 0.4052646 0.7847658 0.4051829 0.7821214 0.4052646 0.7821214 0.5396398 0.7794716 0.5397216 0.7794716 0.6739333 0.7794716 0.5397216 0.7821214 0.5396398 0.7821214 0.5396398 0.7821214 0.6738924 0.7794716 0.6739333 0.7794716 0.5397216 0.7794716 0.4054689 0.7821214 0.4052646 0.8059473 0.4054689 0.8059473 0.5397216 0.8032975 0.5396398 0.8032975 0.6738924 0.8032975 0.5396398 0.8059473 0.5397216 0.8059473 0.5397216 0.8059473 0.6739333 0.8032975 0.6738924 0.8032975 0.5396398 0.8032975 0.4052646 0.8059473 0.4054689 0.8032975 0.4052646 0.8032975 0.5396398 0.8006479 0.5395582 0.8006479 0.6738924 0.8006479 0.5395582 0.8032975 0.5396398 0.8032975 0.5396398 0.8032975 0.6738924 0.8006479 0.6738924 0.8006479 0.5395582 0.8006479 0.6738924 0.7980036 0.6738515 0.7980036 0.3742686 0.7980036 0.2258996 0.8006479 0.2259448 0.8006531 0.3743138 0.8006479 0.2259448 0.8032975 0.2259448 0.8006479 0.2259448 0.8006531 0.3743138 0.7980036 0.3742686 0.8006479 0.5395582 0.8006531 0.4051829 0.8032975 0.4052646 0.8006531 0.4051829 0.8006479 0.5395582 0.7980036 0.5395172 0.7980036 0.6738515 0.7980036 0.5395172 0.8006479 0.5395582 0.8006531 0.4051829 0.8006531 0.3171116 0.8032975 0.3171525 0.8006531 0.3171116 0.8006531 0.4051829 0.7980036 0.4051829 0.7980036 0.5395172 0.7980036 0.4051829 0.8006531 0.4051829 0.8032975 0.3171525 0.8032975 0.4052646 0.8006531 0.4051829 0.8032975 0.4052646 0.8032975 0.3171525 0.8059473 0.3171525 0.8032975 0.3171525 0.8006531 0.3171116 0.8006479 0.2256482 0.8059473 0.3171525 0.8032975 0.3171525 0.8032975 0.2256889 0.8006479 0.2256482 0.8032975 0.2256889 0.8032975 0.3171525 0.8032975 0.6465449 0.8032975 0.5484155 0.8059473 0.548551 0.8032975 0.5484155 0.8032975 0.6465449 0.8006479 0.6464998 0.8059473 0.548551 0.8059473 0.6464547 0.8032975 0.6465449 0.8032975 0.2256889 0.8059473 0.2256073 0.8059473 0.3171525 0.7794716 0.6464547 0.7794716 0.548551 0.7821214 0.5484155 0.7821214 0.5484155 0.7821214 0.6465449 0.7794716 0.6464547 0.7794716 0.2256073 0.7821214 0.2256889 0.7821214 0.3171525 0.7821214 0.3171525 0.7794716 0.3171525 0.7794716 0.2256073 0.7794716 0.4054689 0.7794716 0.3171525 0.7821214 0.3171525 0.7821214 0.3171525 0.7821214 0.4052646 0.7794716 0.4054689 0.7821214 0.4052646 0.7821214 0.3171525 0.7847658 0.3171116 0.7847658 0.3171116 0.7821214 0.3171525 0.7821214 0.2256889 0.7847658 0.3171116 0.7847658 0.4051829 0.7821214 0.4052646 0.7847658 0.4051829 0.7847658 0.3171116 0.7874154 0.3170706 0.7874154 0.3170706 0.7847658 0.3171116 0.7847709 0.2256482 0.7821214 0.2256889 0.7847709 0.2256482 0.7847658 0.3171116 0.7847709 0.6464998 0.7847709 0.5483251 0.7874154 0.54828 0.7847709 0.5483251 0.7847709 0.6464998 0.7821214 0.6465449 0.7874154 0.54828 0.7874154 0.6464547 0.7847709 0.6464998 0.7847709 0.2256482 0.7874154 0.2256073 0.7874154 0.3170706 0.7874154 0.6464547 0.7874154 0.54828 0.7900652 0.54828 0.7900652 0.54828 0.7900652 0.6464547 0.7874154 0.6464547 0.7874154 0.2256073 0.7900652 0.2256073 0.7900652 0.3170706 0.7900652 0.3170706 0.7874154 0.3170706 0.7874154 0.2256073 0.7874154 0.4051829 0.7874154 0.3170706 0.7900652 0.3170706 0.7900652 0.3170706 0.7900652 0.405142 0.7874154 0.4051829 0.7900652 0.405142 0.7900652 0.3170706 0.7927094 0.3170706 0.7927094 0.3170706 0.7900652 0.3170706 0.7900652 0.2256073 0.7927094 0.3170706 0.7927094 0.405142 0.7900652 0.405142 0.7927094 0.405142 0.7927094 0.3170706 0.7953591 0.3170706 0.7953591 0.3170706 0.7927094 0.3170706 0.7927094 0.2255664 0.7900652 0.2256073 0.7927094 0.2255664 0.7927094 0.3170706 0.7900652 0.6464547 0.7900652 0.54828 0.7927094 0.5482348 0.7927094 0.5482348 0.7927094 0.6464096 0.7900652 0.6464547 0.7874154 0.3170706 0.7874154 0.4051829 0.7847658 0.4051829 0.7821214 0.6465449 0.7821214 0.5484155 0.7847709 0.5483251 0.8006479 0.6464998 0.8006479 0.5483251 0.8032975 0.5484155 0.8006479 0.5483251 0.8006479 0.6464998 0.7980036 0.6464547 0.7980036 0.2256073 0.8006479 0.2256482 0.8006531 0.3171116 0.8059473 0.3171525 0.8059473 0.4054689 0.8032975 0.4052646 0.7980036 0.5226828 0.7980036 0.3742686 0.8006531 0.3743138 0.7927094 0.3742686 0.7927094 0.5226376 0.7900652 0.5226376 0.7980036 0.6732345 0.7980036 0.5248656 0.8006531 0.5248656 0.7927094 0.5248656 0.7927094 0.6732345 0.7900652 0.6732345 0.7927094 0.6464096 0.7927094 0.5482348 0.7953591 0.54828 0.849617 0.998601 0.7707037 0.998601 0.7707037 0.8481367 0.7707037 0.8481367 0.849617 0.8481367 0.849617 0.998601 0.849617 0.998601 0.7707037 0.998601 0.7707037 0.8481367 0.7707037 0.8481367 0.849617 0.8481367 0.849617 0.998601 0.849617 0.998601 0.7707037 0.998601 0.7707037 0.8481367 0.7707037 0.8481367 0.849617 0.8481367 0.849617 0.998601 0.849617 0.998601 0.7707037 0.998601 0.7707037 0.8481367 0.7707037 0.8481367 0.849617 0.8481367 0.849617 0.998601 0.849617 0.998601 0.7707037 0.998601 0.7707037 0.8481367 0.7707037 0.8481367 0.849617 0.8481367 0.849617 0.998601 0.7980036 0.2518131 0.7980036 0.3492198 0.7953591 0.3492198 0.7980036 0.3492198 0.7980036 0.2518131 0.8006531 0.2518131 0.7953591 0.3492198 0.7953591 0.2518131 0.7980036 0.2518131 0.7927094 0.3492198 0.7927094 0.2518131 0.7953591 0.2518131 0.7953591 0.2518131 0.7953591 0.3492198 0.7927094 0.3492198 0.7900598 0.3492198 0.7900652 0.2518131 0.7927094 0.2518131 0.7927094 0.2518131 0.7927094 0.3492198 0.7900598 0.3492198 0.7874154 0.3492198 0.7874154 0.2518131 0.7900652 0.2518131 0.7900652 0.2518131 0.7900598 0.3492198 0.7874154 0.3492198 0.7847658 0.3492649 0.7847658 0.2518131 0.7874154 0.2518131 0.7874154 0.2518131 0.7874154 0.3492198 0.7847658 0.3492649 0.7821214 0.3493102 0.7821214 0.2518131 0.7847658 0.2518131 0.7847658 0.2518131 0.7847658 0.3492649 0.7821214 0.3493102 0.7794716 0.3494456 0.7794716 0.2518131 0.7821214 0.2518131 0.7821214 0.2518131 0.7821214 0.3493102 0.7794716 0.3494456 0.8032975 0.3493102 0.8032975 0.2518131 0.8059473 0.2518131 0.8059473 0.2518131 0.8059473 0.3494456 0.8032975 0.3493102 0.8006531 0.3492649 0.8006531 0.2518131 0.8032975 0.2518131 0.8032975 0.2518131 0.8032975 0.3493102 0.8006531 0.3492649 0.8006531 0.2518131 0.8006531 0.3492649 0.7980036 0.3492198 0.7980036 0.3492198 0.8006531 0.3492649 0.8006531 0.4504215 0.8006531 0.3492649 0.8032975 0.3493102 0.8032975 0.4505119 0.8032975 0.4505119 0.8006531 0.4504215 0.8006531 0.3492649 0.8006479 0.5483251 0.8006531 0.4504215 0.8032975 0.4505119 0.8032975 0.4505119 0.8032975 0.5484155 0.8006479 0.5483251 0.8032975 0.5484155 0.8032975 0.4505119 0.8059473 0.4507378 0.8059473 0.4507378 0.8032975 0.4505119 0.8032975 0.3493102 0.8059473 0.4507378 0.8059473 0.548551 0.8032975 0.5484155 0.7794716 0.548551 0.7794716 0.4507378 0.7821214 0.4505119 0.7821214 0.4505119 0.7794716 0.4507378 0.7794716 0.3494456 0.8032975 0.3493102 0.8059473 0.3494456 0.8059473 0.4507378 0.7821214 0.4505119 0.7821214 0.5484155 0.7794716 0.548551 0.7821214 0.5484155 0.7821214 0.4505119 0.7847658 0.4504215 0.7847658 0.4504215 0.7821214 0.4505119 0.7821214 0.3493102 0.7794716 0.3494456 0.7821214 0.3493102 0.7821214 0.4505119 0.7847658 0.4504215 0.7847709 0.5483251 0.7821214 0.5484155 0.7847709 0.5483251 0.7847658 0.4504215 0.7874154 0.4503763 0.7874154 0.4503763 0.7847658 0.4504215 0.7847658 0.3492649 0.7821214 0.3493102 0.7847658 0.3492649 0.7847658 0.4504215 0.7874154 0.4503763 0.7874154 0.54828 0.7847709 0.5483251 0.7874154 0.54828 0.7874154 0.4503763 0.7900598 0.4503311 0.7900598 0.4503311 0.7874154 0.4503763 0.7874154 0.3492198 0.7847658 0.3492649 0.7874154 0.3492198 0.7874154 0.4503763 0.7900598 0.4503311 0.7900652 0.54828 0.7874154 0.54828 0.7900652 0.54828 0.7900598 0.4503311 0.7927094 0.4503311 0.7927094 0.4503311 0.7900598 0.4503311 0.7900598 0.3492198 0.7874154 0.3492198 0.7900598 0.3492198 0.7900598 0.4503311 0.7927094 0.4503311 0.7927094 0.5482348 0.7900652 0.54828 0.7927094 0.5482348 0.7927094 0.4503311 0.7953591 0.4503311 0.7953591 0.4503311 0.7927094 0.4503311 0.7927094 0.3492198 0.7900598 0.3492198 0.7927094 0.3492198 0.7927094 0.4503311 0.7953591 0.4503311 0.7953591 0.54828 0.7927094 0.5482348 0.7953591 0.54828 0.7953591 0.4503311 0.7980036 0.4503763 0.7980036 0.4503763 0.7953591 0.4503311 0.7953591 0.3492198 0.7927094 0.3492198 0.7953591 0.3492198 0.7953591 0.4503311 0.7980036 0.4503763 0.7980036 0.54828 0.7953591 0.54828 0.7980036 0.54828 0.7980036 0.4503763 0.8006531 0.4504215 0.8006531 0.4504215 0.7980036 0.4503763 0.7980036 0.3492198 0.7953591 0.3492198 0.7980036 0.3492198 0.7980036 0.4503763 0.8006531 0.4504215 0.8006479 0.5483251 0.7980036 0.54828 0.7980036 0.6464547 0.7980036 0.54828 0.8006479 0.5483251 0.7953591 0.6464547 0.7953591 0.54828 0.7980036 0.54828 0.7980036 0.54828 0.7980036 0.6464547 0.7953591 0.6464547 0.7953591 0.54828 0.7953591 0.6464547 0.7927094 0.6464096 0.7927094 0.2255664 0.7953591 0.2256073 0.7953591 0.3170706 0.7953591 0.2256073 0.7980036 0.2256073 0.7980036 0.3170706 0.7980036 0.3170706 0.7953591 0.3170706 0.7953591 0.2256073 0.7980036 0.3170706 0.7980036 0.4051829 0.7953591 0.405142 0.7980036 0.4051829 0.7980036 0.3170706 0.8006531 0.3171116 0.8006531 0.3171116 0.7980036 0.3170706 0.7980036 0.2256073 0.7953591 0.405142 0.7953591 0.3170706 0.7980036 0.3170706 0.7953591 0.3170706 0.7953591 0.405142 0.7927094 0.405142 0.7927094 0.5395172 0.7927094 0.405142 0.7953591 0.405142 0.7953591 0.5395172 0.7953591 0.405142 0.7980036 0.4051829 0.7953591 0.405142 0.7953591 0.5395172 0.7927094 0.5395172 0.7927094 0.6738107 0.7927094 0.5395172 0.7953591 0.5395172 0.7980036 0.4051829 0.7980036 0.5395172 0.7953591 0.5395172 0.7953591 0.6738515 0.7953591 0.5395172 0.7980036 0.5395172 0.7953591 0.5395172 0.7953591 0.6738515 0.7927094 0.6738107 0.7927094 0.3742686 0.7927094 0.2258545 0.7953591 0.2258996 0.7980036 0.5395172 0.7980036 0.6738515 0.7953591 0.6738515 0.7953591 0.3742686 0.7953591 0.2258996 0.7980036 0.2258996 0.7953591 0.2258996 0.7953591 0.3742686 0.7927094 0.3742686 0.7927094 0.5226376 0.7927094 0.3742686 0.7953591 0.3742686 0.7980036 0.2258996 0.7980036 0.3742686 0.7953591 0.3742686 0.7953591 0.5226376 0.7953591 0.3742686 0.7980036 0.3742686 0.7953591 0.3742686 0.7953591 0.5226376 0.7927094 0.5226376 0.7927094 0.6710517 0.7927094 0.5226376 0.7953591 0.5226376 0.7980036 0.3742686 0.7980036 0.5226828 0.7953591 0.5226376 0.7953591 0.6710517 0.7953591 0.5226376 0.7980036 0.5226828 0.7953591 0.5226376 0.7953591 0.6710517 0.7927094 0.6710517 0.7927094 0.3764966 0.7927094 0.2280825 0.7953591 0.2280825 0.7980036 0.5226828 0.7980036 0.6710517 0.7953591 0.6710517 0.7953591 0.3764966 0.7953591 0.2280825 0.7980036 0.2280825 0.7953591 0.2280825 0.7953591 0.3764966 0.7927094 0.3764966 0.7927094 0.5248656 0.7927094 0.3764966 0.7953591 0.3764966 0.7980036 0.2280825 0.7980036 0.3764966 0.7953591 0.3764966 0.7953591 0.5248656 0.7953591 0.3764966 0.7980036 0.3764966 0.7953591 0.3764966 0.7953591 0.5248656 0.7927094 0.5248656 0.7927094 0.6732345 0.7927094 0.5248656 0.7953591 0.5248656 0.7980036 0.3764966 0.7980036 0.5248656 0.7953591 0.5248656 0.7953591 0.6732345 0.7953591 0.5248656 0.7980036 0.5248656 0.7953591 0.5248656 0.7953591 0.6732345 0.7927094 0.6732345 0.7927094 0.3760321 0.7927094 0.227618 0.7953591 0.227618 0.7980036 0.5248656 0.7980036 0.6732345 0.7953591 0.6732345 0.7953591 0.3760321 0.7953591 0.227618 0.7980036 0.227618 0.7953591 0.227618 0.7953591 0.3760321 0.7927094 0.3760321 0.7927094 0.5244011 0.7927094 0.3760321 0.7953591 0.3760321 0.7980036 0.227618 0.7980036 0.3760321 0.7953591 0.3760321 0.7953591 0.5244011 0.7953591 0.3760321 0.7980036 0.3760321 0.7953591 0.3760321 0.7953591 0.5244011 0.7927094 0.5244011 0.7927094 0.67277 0.7927094 0.5244011 0.7953591 0.5244011 0.7980036 0.3760321 0.7980036 0.5244011 0.7953591 0.5244011 0.7953591 0.67277 0.7953591 0.5244011 0.7980036 0.5244011 0.7953591 0.5244011 0.7953591 0.67277 0.7927094 0.67277 0.7980036 0.5244011 0.7980036 0.67277 0.7953591 0.67277 0.7980036 0.67277 0.7980036 0.5244011 0.8006531 0.5244011 0.8006531 0.5244011 0.8006531 0.67277 0.7980036 0.67277 0.8006531 0.67277 0.8006531 0.5244011 0.8032975 0.5244011 0.8032975 0.5244011 0.8032975 0.67277 0.8006531 0.67277 0.8032975 0.67277 0.8032975 0.5244011 0.8059473 0.5244011 0.8059473 0.5244011 0.8059473 0.67277 0.8032975 0.67277 0.8744512 0.4661921 0.8744512 0.3350428 0.9354147 0.3350428 0.9354147 0.3350428 0.9354147 0.4661921 0.8744512 0.4661921 0.9964064 0.4661921 0.9354147 0.4661921 0.9354147 0.3350428 0.9354147 0.3350428 0.9964064 0.3350428 0.9964064 0.4661921 0.8744512 0.4661921 0.8744512 0.3350428 0.9354147 0.3350428 0.9354147 0.3350428 0.9354147 0.4661921 0.8744512 0.4661921 0.9964064 0.4661921 0.9354147 0.4661921 0.9354147 0.3350428 0.9354147 0.3350428 0.9964064 0.3350428 0.9964064 0.4661921 0.9354147 0.3350428 0.8744512 0.3350428 0.8744512 0.4661921 0.8744512 0.4661921 0.9354147 0.4661921 0.9354147 0.3350428 0.9354147 0.3350428 0.9354147 0.4661921 0.9964064 0.4661921 0.9964064 0.4661921 0.9964064 0.3350428 0.9354147 0.3350428 0.8744512 0.4661921 0.8744512 0.3350428 0.9354147 0.3350428 0.9354147 0.3350428 0.9354147 0.4661921 0.8744512 0.4661921 0.9964064 0.4661921 0.9354147 0.4661921 0.9354147 0.3350428 0.9354147 0.3350428 0.9964064 0.3350428 0.9964064 0.4661921 0.8744512 0.4661921 0.8744512 0.3350428 0.9354147 0.3350428 0.9354147 0.3350428 0.9354147 0.4661921 0.8744512 0.4661921 0.9964064 0.4661921 0.9354147 0.4661921 0.9354147 0.3350428 0.9354147 0.3350428 0.9964064 0.3350428 0.9964064 0.4661921 0.8744512 0.4661921 0.8744512 0.3350428 0.9354147 0.3350428 0.9354147 0.3350428 0.9354147 0.4661921 0.8744512 0.4661921 0.9964064 0.4661921 0.9354147 0.4661921 0.9354147 0.3350428 0.9354147 0.3350428 0.9964064 0.3350428 0.9964064 0.4661921 0.8744512 0.4661921 0.8744512 0.3350428 0.9354147 0.3350428 0.9354147 0.3350428 0.9354147 0.4661921 0.8744512 0.4661921 0.9964064 0.4661921 0.9354147 0.4661921 0.9354147 0.3350428 0.9354147 0.3350428 0.9964064 0.3350428 0.9964064 0.4661921 0.8744512 0.4661921 0.8744512 0.3350428 0.9354147 0.3350428 0.9354147 0.3350428 0.9354147 0.4661921 0.8744512 0.4661921 0.9964064 0.4661921 0.9354147 0.4661921 0.9354147 0.3350428 0.9354147 0.3350428 0.9964064 0.3350428 0.9964064 0.4661921 0.8744512 0.3350428 0.9354147 0.3350428 0.9354147 0.4661921 0.9354147 0.4661921 0.9354147 0.3350428 0.9964064 0.3350428 0.8744512 0.3350428 0.9354147 0.3350428 0.9354147 0.4661921 0.9354147 0.4661921 0.9354147 0.3350428 0.9964064 0.3350428 0.8744512 0.3350428 0.9354147 0.3350428 0.9354147 0.4661921 0.9354147 0.4661921 0.9354147 0.3350428 0.9964064 0.3350428 0.8744512 0.3350428 0.9354147 0.3350428 0.9354147 0.4661921 0.9354147 0.4661921 0.9354147 0.3350428 0.9964064 0.3350428 0.8744512 0.3350428 0.9354147 0.3350428 0.9354147 0.4661921 0.9354147 0.4661921 0.9354147 0.3350428 0.9964064 0.3350428 0.9964064 0.3350428 0.9964064 0.4661921 0.9354147 0.4661921 0.9354147 0.5973412 0.9354147 0.4661921 0.9964064 0.4661921 0.9964064 0.4661921 0.9964064 0.5973412 0.9354147 0.5973412 0.9354147 0.7284905 0.9354147 0.5973412 0.9964064 0.5973412 0.9964064 0.5973412 0.9964064 0.7284905 0.9354147 0.7284905 0.9354147 0.8596396 0.9354147 0.7284905 0.9964064 0.7284905 0.9964064 0.7284905 0.9964064 0.8596396 0.9354147 0.8596396 0.9354147 0.9907885 0.9354147 0.8596396 0.9964064 0.8596396 0.9964064 0.8596396 0.9964064 0.9907885 0.9354147 0.9907885 0.9354147 0.9907885 0.8744512 0.9907885 0.8744512 0.8596396 0.8744512 0.8596396 0.9354147 0.8596396 0.9354147 0.9907885 0.9354147 0.8596396 0.8744512 0.8596396 0.8744512 0.7284905 0.8744512 0.7284905 0.9354147 0.7284905 0.9354147 0.8596396 0.9354147 0.7284905 0.8744512 0.7284905 0.8744512 0.5973412 0.8744512 0.5973412 0.9354147 0.5973412 0.9354147 0.7284905 0.9354147 0.5973412 0.8744512 0.5973412 0.8744512 0.4661921 0.8744512 0.4661921 0.9354147 0.4661921 0.9354147 0.5973412 0.9354147 0.4661921 0.8744512 0.4661921 0.8744512 0.3350428 0.9964064 0.3350428 0.9964064 0.4661921 0.9354147 0.4661921 0.9354147 0.5973412 0.9354147 0.4661921 0.9964064 0.4661921 0.9964064 0.4661921 0.9964064 0.5973412 0.9354147 0.5973412 0.9354147 0.7284905 0.9354147 0.5973412 0.9964064 0.5973412 0.9964064 0.5973412 0.9964064 0.7284905 0.9354147 0.7284905 0.9354147 0.8596396 0.9354147 0.7284905 0.9964064 0.7284905 0.9964064 0.7284905 0.9964064 0.8596396 0.9354147 0.8596396 0.9354147 0.9907885 0.9354147 0.8596396 0.9964064 0.8596396 0.9964064 0.8596396 0.9964064 0.9907885 0.9354147 0.9907885 0.9354147 0.9907885 0.8744512 0.9907885 0.8744512 0.8596396 0.8744512 0.8596396 0.9354147 0.8596396 0.9354147 0.9907885 0.9354147 0.8596396 0.8744512 0.8596396 0.8744512 0.7284905 0.8744512 0.7284905 0.9354147 0.7284905 0.9354147 0.8596396 0.9354147 0.7284905 0.8744512 0.7284905 0.8744512 0.5973412 0.8744512 0.5973412 0.9354147 0.5973412 0.9354147 0.7284905 0.9354147 0.5973412 0.8744512 0.5973412 0.8744512 0.4661921 0.8744512 0.4661921 0.9354147 0.4661921 0.9354147 0.5973412 0.9354147 0.4661921 0.8744512 0.4661921 0.8744512 0.3350428 0.9964064 0.3350428 0.9964064 0.4661921 0.9354147 0.4661921 0.9354147 0.5973412 0.9354147 0.4661921 0.9964064 0.4661921 0.9964064 0.4661921 0.9964064 0.5973412 0.9354147 0.5973412 0.9354147 0.7284905 0.9354147 0.5973412 0.9964064 0.5973412 0.9964064 0.5973412 0.9964064 0.7284905 0.9354147 0.7284905 0.9354147 0.8596396 0.9354147 0.7284905 0.9964064 0.7284905 0.9964064 0.7284905 0.9964064 0.8596396 0.9354147 0.8596396 0.9354147 0.9907885 0.9354147 0.8596396 0.9964064 0.8596396 0.9964064 0.8596396 0.9964064 0.9907885 0.9354147 0.9907885 0.9354147 0.9907885 0.8744512 0.9907885 0.8744512 0.8596396 0.8744512 0.8596396 0.9354147 0.8596396 0.9354147 0.9907885 0.9354147 0.8596396 0.8744512 0.8596396 0.8744512 0.7284905 0.8744512 0.7284905 0.9354147 0.7284905 0.9354147 0.8596396 0.9354147 0.7284905 0.8744512 0.7284905 0.8744512 0.5973412 0.8744512 0.5973412 0.9354147 0.5973412 0.9354147 0.7284905 0.9354147 0.5973412 0.8744512 0.5973412 0.8744512 0.4661921 0.8744512 0.4661921 0.9354147 0.4661921 0.9354147 0.5973412 0.9354147 0.4661921 0.8744512 0.4661921 0.8744512 0.3350428 0.9964064 0.3350428 0.9964064 0.4661921 0.9354147 0.4661921 0.9354147 0.5973412 0.9354147 0.4661921 0.9964064 0.4661921 0.9964064 0.4661921 0.9964064 0.5973412 0.9354147 0.5973412 0.9354147 0.7284905 0.9354147 0.5973412 0.9964064 0.5973412 0.9964064 0.5973412 0.9964064 0.7284905 0.9354147 0.7284905 0.9354147 0.8596396 0.9354147 0.7284905 0.9964064 0.7284905 0.9964064 0.7284905 0.9964064 0.8596396 0.9354147 0.8596396 0.9354147 0.9907885 0.9354147 0.8596396 0.9964064 0.8596396 0.9964064 0.8596396 0.9964064 0.9907885 0.9354147 0.9907885 0.9354147 0.9907885 0.8744512 0.9907885 0.8744512 0.8596396 0.8744512 0.8596396 0.9354147 0.8596396 0.9354147 0.9907885 0.9354147 0.8596396 0.8744512 0.8596396 0.8744512 0.7284905 0.8744512 0.7284905 0.9354147 0.7284905 0.9354147 0.8596396 0.9354147 0.7284905 0.8744512 0.7284905 0.8744512 0.5973412 0.8744512 0.5973412 0.9354147 0.5973412 0.9354147 0.7284905 0.9354147 0.5973412 0.8744512 0.5973412 0.8744512 0.4661921 0.8744512 0.4661921 0.9354147 0.4661921 0.9354147 0.5973412 0.9354147 0.4661921 0.8744512 0.4661921 0.8744512 0.3350428 0.9964064 0.3350428 0.9964064 0.4661921 0.9354147 0.4661921 0.9354147 0.5973412 0.9354147 0.4661921 0.9964064 0.4661921 0.9964064 0.4661921 0.9964064 0.5973412 0.9354147 0.5973412 0.9354147 0.7284905 0.9354147 0.5973412 0.9964064 0.5973412 0.9964064 0.5973412 0.9964064 0.7284905 0.9354147 0.7284905 0.9354147 0.8596396 0.9354147 0.7284905 0.9964064 0.7284905 0.9964064 0.7284905 0.9964064 0.8596396 0.9354147 0.8596396 0.9354147 0.9907885 0.9354147 0.8596396 0.9964064 0.8596396 0.9964064 0.8596396 0.9964064 0.9907885 0.9354147 0.9907885 0.9354147 0.9907885 0.8744512 0.9907885 0.8744512 0.8596396 0.8744512 0.8596396 0.9354147 0.8596396 0.9354147 0.9907885 0.9354147 0.8596396 0.8744512 0.8596396 0.8744512 0.7284905 0.8744512 0.7284905 0.9354147 0.7284905 0.9354147 0.8596396 0.9354147 0.7284905 0.8744512 0.7284905 0.8744512 0.5973412 0.8744512 0.5973412 0.9354147 0.5973412 0.9354147 0.7284905 0.9354147 0.5973412 0.8744512 0.5973412 0.8744512 0.4661921 0.8744512 0.4661921 0.9354147 0.4661921 0.9354147 0.5973412 0.9354147 0.4661921 0.8744512 0.4661921 0.8744512 0.3350428 0.9354147 0.4661921 0.9964064 0.4661921 0.9964064 0.5973412 0.9964064 0.5973412 0.9354147 0.5973412 0.9354147 0.4661921 0.9354147 0.5973412 0.9964064 0.5973412 0.9964064 0.7284905 0.9964064 0.7284905 0.9354147 0.7284905 0.9354147 0.5973412 0.9354147 0.8596396 0.9354147 0.7284905 0.9964064 0.7284905 0.9964064 0.7284905 0.9964064 0.8596396 0.9354147 0.8596396 0.9354147 0.9907885 0.9354147 0.8596396 0.9964064 0.8596396 0.9964064 0.8596396 0.9964064 0.9907885 0.9354147 0.9907885 0.9354147 0.9907885 0.8744512 0.9907885 0.8744512 0.8596396 0.8744512 0.8596396 0.9354147 0.8596396 0.9354147 0.9907885 0.9354147 0.8596396 0.8744512 0.8596396 0.8744512 0.7284905 0.8744512 0.7284905 0.8744512 0.5973412 0.9354147 0.5973412 0.9354147 0.5973412 0.9354147 0.7284905 0.8744512 0.7284905 0.8744512 0.7284905 0.9354147 0.7284905 0.9354147 0.8596396 0.8744512 0.5973412 0.8744512 0.4661921 0.9354147 0.4661921 0.9354147 0.4661921 0.9354147 0.5973412 0.8744512 0.5973412 0.9354147 0.4661921 0.9964064 0.4661921 0.9964064 0.5973412 0.9964064 0.5973412 0.9354147 0.5973412 0.9354147 0.4661921 0.9354147 0.5973412 0.9964064 0.5973412 0.9964064 0.7284905 0.9964064 0.7284905 0.9354147 0.7284905 0.9354147 0.5973412 0.9354147 0.8596396 0.9354147 0.7284905 0.9964064 0.7284905 0.9964064 0.7284905 0.9964064 0.8596396 0.9354147 0.8596396 0.9354147 0.9907885 0.9354147 0.8596396 0.9964064 0.8596396 0.9964064 0.8596396 0.9964064 0.9907885 0.9354147 0.9907885 0.9354147 0.9907885 0.8744512 0.9907885 0.8744512 0.8596396 0.8744512 0.8596396 0.9354147 0.8596396 0.9354147 0.9907885 0.9354147 0.8596396 0.8744512 0.8596396 0.8744512 0.7284905 0.8744512 0.7284905 0.8744512 0.5973412 0.9354147 0.5973412 0.9354147 0.5973412 0.9354147 0.7284905 0.8744512 0.7284905 0.8744512 0.7284905 0.9354147 0.7284905 0.9354147 0.8596396 0.8744512 0.5973412 0.8744512 0.4661921 0.9354147 0.4661921 0.9354147 0.4661921 0.9354147 0.5973412 0.8744512 0.5973412 0.9354147 0.4661921 0.9964064 0.4661921 0.9964064 0.5973412 0.9964064 0.5973412 0.9354147 0.5973412 0.9354147 0.4661921 0.9354147 0.7284905 0.9354147 0.5973412 0.9964064 0.5973412 0.9964064 0.5973412 0.9964064 0.7284905 0.9354147 0.7284905 0.9354147 0.8596396 0.9354147 0.7284905 0.9964064 0.7284905 0.9964064 0.7284905 0.9964064 0.8596396 0.9354147 0.8596396 0.9354147 0.9907885 0.9354147 0.8596396 0.9964064 0.8596396 0.9964064 0.8596396 0.9964064 0.9907885 0.9354147 0.9907885 0.9354147 0.8596396 0.9354147 0.9907885 0.8744512 0.9907885 0.8744512 0.9907885 0.8744512 0.8596396 0.9354147 0.8596396 0.9354147 0.8596396 0.8744512 0.8596396 0.8744512 0.7284905 0.8744512 0.7284905 0.9354147 0.7284905 0.9354147 0.8596396 0.9354147 0.7284905 0.8744512 0.7284905 0.8744512 0.5973412 0.8744512 0.5973412 0.8744512 0.4661921 0.9354147 0.4661921 0.9354147 0.4661921 0.9354147 0.5973412 0.8744512 0.5973412 0.8744512 0.5973412 0.9354147 0.5973412 0.9354147 0.7284905 0.9354147 0.4661921 0.9964064 0.4661921 0.9964064 0.5973412 0.9964064 0.5973412 0.9354147 0.5973412 0.9354147 0.4661921 0.9354147 0.7284905 0.9354147 0.5973412 0.9964064 0.5973412 0.9964064 0.5973412 0.9964064 0.7284905 0.9354147 0.7284905 0.9354147 0.8596396 0.9354147 0.7284905 0.9964064 0.7284905 0.9964064 0.7284905 0.9964064 0.8596396 0.9354147 0.8596396 0.9354147 0.9907885 0.9354147 0.8596396 0.9964064 0.8596396 0.9964064 0.8596396 0.9964064 0.9907885 0.9354147 0.9907885 0.9354147 0.8596396 0.9354147 0.9907885 0.8744512 0.9907885 0.8744512 0.9907885 0.8744512 0.8596396 0.9354147 0.8596396 0.9354147 0.8596396 0.8744512 0.8596396 0.8744512 0.7284905 0.8744512 0.7284905 0.9354147 0.7284905 0.9354147 0.8596396 0.9354147 0.7284905 0.8744512 0.7284905 0.8744512 0.5973412 0.8744512 0.5973412 0.8744512 0.4661921 0.9354147 0.4661921 0.9354147 0.4661921 0.9354147 0.5973412 0.8744512 0.5973412 0.8744512 0.5973412 0.9354147 0.5973412 0.9354147 0.7284905 0.9354147 0.4661921 0.9964064 0.4661921 0.9964064 0.5973412 0.9964064 0.5973412 0.9354147 0.5973412 0.9354147 0.4661921 0.9354147 0.7284905 0.9354147 0.5973412 0.9964064 0.5973412 0.9964064 0.5973412 0.9964064 0.7284905 0.9354147 0.7284905 0.9354147 0.8596396 0.9354147 0.7284905 0.9964064 0.7284905 0.9964064 0.7284905 0.9964064 0.8596396 0.9354147 0.8596396 0.9354147 0.8596396 0.9964064 0.8596396 0.9964064 0.9907885 0.9964064 0.9907885 0.9354147 0.9907885 0.9354147 0.8596396 0.9354147 0.9907885 0.8744512 0.9907885 0.8744512 0.8596396 0.8744512 0.8596396 0.9354147 0.8596396 0.9354147 0.9907885 0.9354147 0.8596396 0.8744512 0.8596396 0.8744512 0.7284905 0.8744512 0.7284905 0.9354147 0.7284905 0.9354147 0.8596396 0.9354147 0.7284905 0.8744512 0.7284905 0.8744512 0.5973412 0.8744512 0.5973412 0.9354147 0.5973412 0.9354147 0.7284905 0.9354147 0.5973412 0.8744512 0.5973412 0.8744512 0.4661921 0.8744512 0.4661921 0.9354147 0.4661921 0.9354147 0.5973412 0.9964064 0.5973412 0.9964064 0.4661921 0.9354147 0.4661921 0.9354147 0.4661921 0.9354147 0.5973412 0.9964064 0.5973412 0.9964064 0.5973412 0.9354147 0.5973412 0.9354147 0.7284905 0.9354147 0.7284905 0.9964064 0.7284905 0.9964064 0.5973412 0.9964064 0.7284905 0.9354147 0.7284905 0.9354147 0.8596396 0.9354147 0.8596396 0.9964064 0.8596396 0.9964064 0.7284905 0.9964064 0.8596396 0.9354147 0.8596396 0.9354147 0.9907885 0.9354147 0.9907885 0.9964064 0.9907885 0.9964064 0.8596396 0.9354147 0.9907885 0.9354147 0.8596396 0.8744512 0.8596396 0.8744512 0.8596396 0.8744512 0.9907885 0.9354147 0.9907885 0.8744512 0.7284905 0.8744512 0.8596396 0.9354147 0.8596396 0.9354147 0.5973412 0.8744512 0.5973412 0.8744512 0.7284905 0.8744512 0.7284905 0.9354147 0.7284905 0.9354147 0.5973412 0.9354147 0.8596396 0.9354147 0.7284905 0.8744512 0.7284905 0.9354147 0.4661921 0.8744512 0.4661921 0.8744512 0.5973412 0.8744512 0.5973412 0.9354147 0.5973412 0.9354147 0.4661921 0.9354147 0.4661921 0.9964064 0.4661921 0.9964064 0.5973412 0.9964064 0.5973412 0.9354147 0.5973412 0.9354147 0.4661921 0.9354147 0.7284905 0.9354147 0.5973412 0.9964064 0.5973412 0.9964064 0.5973412 0.9964064 0.7284905 0.9354147 0.7284905 0.9354147 0.8596396 0.9354147 0.7284905 0.9964064 0.7284905 0.9964064 0.7284905 0.9964064 0.8596396 0.9354147 0.8596396 0.9354147 0.9907885 0.9354147 0.8596396 0.9964064 0.8596396 0.9964064 0.8596396 0.9964064 0.9907885 0.9354147 0.9907885 0.9354147 0.8596396 0.9354147 0.9907885 0.8744512 0.9907885 0.8744512 0.9907885 0.8744512 0.8596396 0.9354147 0.8596396 0.9354147 0.8596396 0.8744512 0.8596396 0.8744512 0.7284905 0.8744512 0.7284905 0.9354147 0.7284905 0.9354147 0.8596396 0.9354147 0.7284905 0.8744512 0.7284905 0.8744512 0.5973412 0.8744512 0.5973412 0.8744512 0.4661921 0.9354147 0.4661921 0.9354147 0.4661921 0.9354147 0.5973412 0.8744512 0.5973412 0.8744512 0.5973412 0.9354147 0.5973412 0.9354147 0.7284905 0.9354147 0.4661921 0.9964064 0.4661921 0.9964064 0.5973412 0.9964064 0.5973412 0.9354147 0.5973412 0.9354147 0.4661921 0.9354147 0.7284905 0.9354147 0.5973412 0.9964064 0.5973412 0.9964064 0.5973412 0.9964064 0.7284905 0.9354147 0.7284905 0.9354147 0.8596396 0.9354147 0.7284905 0.9964064 0.7284905 0.9964064 0.7284905 0.9964064 0.8596396 0.9354147 0.8596396 0.9354147 0.9907885 0.9354147 0.8596396 0.9964064 0.8596396 0.9964064 0.8596396 0.9964064 0.9907885 0.9354147 0.9907885 0.9354147 0.9907885 0.8744512 0.9907885 0.8744512 0.8596396 0.8744512 0.8596396 0.9354147 0.8596396 0.9354147 0.9907885 0.9354147 0.8596396 0.8744512 0.8596396 0.8744512 0.7284905 0.8744512 0.7284905 0.8744512 0.5973412 0.9354147 0.5973412 0.9354147 0.5973412 0.9354147 0.7284905 0.8744512 0.7284905 0.8744512 0.7284905 0.9354147 0.7284905 0.9354147 0.8596396 0.8744512 0.5973412 0.8744512 0.4661921 0.9354147 0.4661921 0.9354147 0.4661921 0.9354147 0.5973412 0.8744512 0.5973412 0.7794716 0.67277 0.7794716 0.5244011 0.7821214 0.5244011 0.7821214 0.5244011 0.7821214 0.67277 0.7794716 0.67277 0.7821214 0.67277 0.7821214 0.5244011 0.7847658 0.5244011 0.7847658 0.5244011 0.7847658 0.67277 0.7821214 0.67277 0.7847658 0.67277 0.7847658 0.5244011 0.7874154 0.5244011 0.7874154 0.5244011 0.7874154 0.67277 0.7847658 0.67277 0.7874154 0.67277 0.7874154 0.5244011 0.7900652 0.5244011 0.7900652 0.5244011 0.7900652 0.67277 0.7874154 0.67277 0.7900652 0.67277 0.7900652 0.5244011 0.7927094 0.5244011 0.7927094 0.5244011 0.7927094 0.67277 0.7900652 0.67277 0.7900652 0.5244011 0.7900652 0.3760321 0.7927094 0.3760321 0.7900652 0.3760321 0.7900652 0.5244011 0.7874154 0.5244011 0.7927094 0.3760321 0.7927094 0.5244011 0.7900652 0.5244011 0.7900652 0.3760321 0.7900652 0.227618 0.7927094 0.227618 0.7900652 0.227618 0.7900652 0.3760321 0.7874154 0.3760321 0.7874154 0.5244011 0.7874154 0.3760321 0.7900652 0.3760321 0.7927094 0.227618 0.7927094 0.3760321 0.7900652 0.3760321 0.7874154 0.3760321 0.7874154 0.227618 0.7900652 0.227618 0.7874154 0.227618 0.7874154 0.3760321 0.7847658 0.3760321 0.7847658 0.5244011 0.7847658 0.3760321 0.7874154 0.3760321 0.7874154 0.3760321 0.7874154 0.5244011 0.7847658 0.5244011 0.7847658 0.3760321 0.7847658 0.227618 0.7874154 0.227618 0.7847658 0.227618 0.7847658 0.3760321 0.7821214 0.3760321 0.7821214 0.5244011 0.7821214 0.3760321 0.7847658 0.3760321 0.7847658 0.3760321 0.7847658 0.5244011 0.7821214 0.5244011 0.7821214 0.3760321 0.7821214 0.227618 0.7847658 0.227618 0.7821214 0.227618 0.7821214 0.3760321 0.7794716 0.3760321 0.7794716 0.5244011 0.7794716 0.3760321 0.7821214 0.3760321 0.7821214 0.3760321 0.7821214 0.5244011 0.7794716 0.5244011 0.7794716 0.3760321 0.7794716 0.2276632 0.7821214 0.227618 0.8059473 0.2276632 0.8059473 0.3760321 0.8032975 0.3760321 0.8032975 0.5244011 0.8032975 0.3760321 0.8059473 0.3760321 0.8059473 0.3760321 0.8059473 0.5244011 0.8032975 0.5244011 0.8032975 0.3760321 0.8032975 0.227618 0.8059473 0.2276632 0.8032975 0.227618 0.8032975 0.3760321 0.8006531 0.3760321 0.8006531 0.5244011 0.8006531 0.3760321 0.8032975 0.3760321 0.8032975 0.3760321 0.8032975 0.5244011 0.8006531 0.5244011 0.8006531 0.3760321 0.8006531 0.227618 0.8032975 0.227618 0.8006531 0.227618 0.8006531 0.3760321 0.7980036 0.3760321 0.7980036 0.5244011 0.7980036 0.3760321 0.8006531 0.3760321 0.8006531 0.3760321 0.8006531 0.5244011 0.7980036 0.5244011 0.8006531 0.6732345 0.8006531 0.5248656 0.8032975 0.5248656 0.8006531 0.5248656 0.8006531 0.6732345 0.7980036 0.6732345 0.7980036 0.3760321 0.7980036 0.227618 0.8006531 0.227618 0.8032975 0.5248656 0.8032975 0.6732345 0.8006531 0.6732345 0.8032975 0.5248656 0.8032975 0.3764966 0.8059473 0.3764966 0.8032975 0.3764966 0.8032975 0.5248656 0.8006531 0.5248656 0.8059473 0.3764966 0.8059473 0.5249109 0.8032975 0.5248656 0.8032975 0.6732345 0.8032975 0.5248656 0.8059473 0.5249109 0.7794716 0.5249109 0.7794716 0.3764966 0.7821214 0.3764966 0.7821214 0.3764966 0.7821214 0.5248656 0.7794716 0.5249109 0.7794716 0.6732796 0.7794716 0.5249109 0.7821214 0.5248656 0.8059473 0.5249109 0.8059473 0.6732796 0.8032975 0.6732345 0.7821214 0.5248656 0.7821214 0.3764966 0.7847658 0.3764966 0.7847658 0.3764966 0.7847658 0.5248656 0.7821214 0.5248656 0.7821214 0.6732345 0.7821214 0.5248656 0.7847658 0.5248656 0.7821214 0.5248656 0.7821214 0.6732345 0.7794716 0.6732796 0.7847658 0.5248656 0.7847658 0.3764966 0.7874154 0.3764966 0.7874154 0.3764966 0.7874154 0.5248656 0.7847658 0.5248656 0.7847658 0.6732345 0.7847658 0.5248656 0.7874154 0.5248656 0.7847658 0.5248656 0.7847658 0.6732345 0.7821214 0.6732345 0.7874154 0.5248656 0.7874154 0.3764966 0.7900652 0.3764966 0.7900652 0.3764966 0.7900652 0.5248656 0.7874154 0.5248656 0.7874154 0.6732345 0.7874154 0.5248656 0.7900652 0.5248656 0.7874154 0.5248656 0.7874154 0.6732345 0.7847658 0.6732345 0.7900652 0.5248656 0.7900652 0.3764966 0.7927094 0.3764966 0.7927094 0.3764966 0.7927094 0.5248656 0.7900652 0.5248656 0.7900652 0.6732345 0.7900652 0.5248656 0.7927094 0.5248656 0.7900652 0.5248656 0.7900652 0.6732345 0.7874154 0.6732345 0.7900652 0.3764966 0.7900652 0.2280825 0.7927094 0.2280825 0.7900652 0.2280825 0.7900652 0.3764966 0.7874154 0.3764966 0.7927094 0.2280825 0.7927094 0.3764966 0.7900652 0.3764966 0.7900652 0.6710517 0.7900652 0.5226376 0.7927094 0.5226376 0.7900652 0.5226376 0.7900652 0.6710517 0.7874154 0.6710517 0.7874154 0.3764966 0.7874154 0.2280825 0.7900652 0.2280825 0.7927094 0.5226376 0.7927094 0.6710517 0.7900652 0.6710517 0.7874154 0.6710517 0.7874154 0.5226828 0.7900652 0.5226376 0.7874154 0.5226828 0.7874154 0.6710517 0.7847658 0.6710969 0.7847658 0.3764966 0.7847658 0.2281277 0.7874154 0.2280825 0.7874154 0.2280825 0.7874154 0.3764966 0.7847658 0.3764966 0.7847658 0.6710969 0.7847709 0.5226828 0.7874154 0.5226828 0.7847709 0.5226828 0.7847658 0.6710969 0.7821214 0.6710969 0.7821214 0.3764966 0.7821214 0.2281277 0.7847658 0.2281277 0.7847658 0.2281277 0.7847658 0.3764966 0.7821214 0.3764966 0.7821214 0.6710969 0.7821214 0.5226828 0.7847709 0.5226828 0.7821214 0.5226828 0.7821214 0.6710969 0.7794716 0.6710969 0.7794716 0.3764966 0.7794716 0.2281277 0.7821214 0.2281277 0.7821214 0.2281277 0.7821214 0.3764966 0.7794716 0.3764966 0.7794716 0.6710969 0.7794716 0.5227279 0.7821214 0.5226828 0.8059473 0.5227279 0.8059473 0.6710969 0.8032975 0.6710969 0.8032975 0.3764966 0.8032975 0.2281277 0.8059473 0.2281277 0.8059473 0.2281277 0.8059473 0.3764966 0.8032975 0.3764966 0.8032975 0.6710969 0.8032975 0.5226828 0.8059473 0.5227279 0.8032975 0.5226828 0.8032975 0.6710969 0.8006531 0.6710969 0.8006531 0.3764966 0.8006531 0.2281277 0.8032975 0.2281277 0.8032975 0.2281277 0.8032975 0.3764966 0.8006531 0.3764966 0.8006531 0.2281277 0.8006531 0.3764966 0.7980036 0.3764966 0.7980036 0.5248656 0.7980036 0.3764966 0.8006531 0.3764966 0.8006531 0.5248656 0.8006531 0.3764966 0.8032975 0.3764966 0.8006531 0.3764966 0.8006531 0.5248656 0.7980036 0.5248656 0.8006531 0.6710969 0.8006531 0.5226828 0.8032975 0.5226828 0.8006531 0.5226828 0.8006531 0.6710969 0.7980036 0.6710517 0.7980036 0.3764966 0.7980036 0.2280825 0.8006531 0.2281277 0.8006531 0.5226828 0.8006531 0.3743138 0.8032975 0.3743138 0.8006531 0.3743138 0.8006531 0.5226828 0.7980036 0.5226828 0.7980036 0.6710517 0.7980036 0.5226828 0.8006531 0.5226828 0.8032975 0.3743138 0.8032975 0.5226828 0.8006531 0.5226828 0.8032975 0.3743138 0.8032975 0.2259448 0.8059473 0.2259899 0.8032975 0.2259448 0.8032975 0.3743138 0.8006531 0.3743138 0.8059473 0.2259899 0.8059473 0.3743591 0.8032975 0.3743138 0.8032975 0.5226828 0.8032975 0.3743138 0.8059473 0.3743591 0.7794716 0.3743591 0.7794716 0.2259899 0.7821214 0.2259448 0.7821214 0.2259448 0.7821214 0.3743138 0.7794716 0.3743591 0.7794716 0.5227279 0.7794716 0.3743591 0.7821214 0.3743138 0.8059473 0.3743591 0.8059473 0.5227279 0.8032975 0.5226828 0.7821214 0.3743138 0.7821214 0.2259448 0.7847709 0.2259448 0.7847709 0.2259448 0.7847709 0.3743138 0.7821214 0.3743138 0.7821214 0.5226828 0.7821214 0.3743138 0.7847709 0.3743138 0.7821214 0.3743138 0.7821214 0.5226828 0.7794716 0.5227279 0.7847709 0.3743138 0.7847709 0.2259448 0.7874154 0.2258996 0.7874154 0.2258996 0.7874154 0.3742686 0.7847709 0.3743138 0.7847709 0.5226828 0.7847709 0.3743138 0.7874154 0.3742686 0.7847709 0.3743138 0.7847709 0.5226828 0.7821214 0.5226828 0.7874154 0.3742686 0.7874154 0.2258996 0.7900652 0.2258996 0.7900652 0.2258996 0.7900652 0.3742686 0.7874154 0.3742686 0.7874154 0.5226828 0.7874154 0.3742686 0.7900652 0.3742686 0.7874154 0.3742686 0.7874154 0.5226828 0.7847709 0.5226828 0.7900652 0.3742686 0.7900652 0.2258996 0.7927094 0.2258545 0.7927094 0.2258545 0.7927094 0.3742686 0.7900652 0.3742686 0.7900652 0.5226376 0.7900652 0.3742686 0.7927094 0.3742686 0.7900652 0.3742686 0.7900652 0.5226376 0.7874154 0.5226828 0.7900652 0.6738515 0.7900652 0.5395172 0.7927094 0.5395172 0.7900652 0.5395172 0.7900652 0.6738515 0.7874154 0.6738515 0.7927094 0.5395172 0.7927094 0.6738107 0.7900652 0.6738515 0.7900652 0.5395172 0.7900652 0.405142 0.7927094 0.405142 0.7900652 0.405142 0.7900652 0.5395172 0.7874154 0.5395172 0.7874154 0.6738515 0.7874154 0.5395172 0.7900652 0.5395172 0.7927094 0.405142 0.7927094 0.5395172 0.7900652 0.5395172 0.7874154 0.5395172 0.7874154 0.4051829 0.7900652 0.405142 0.7874154 0.4051829 0.7874154 0.5395172 0.7847709 0.5395582 0.7847709 0.6738924 0.7847709 0.5395582 0.7874154 0.5395172 0.7874154 0.5395172 0.7874154 0.6738515 0.7847709 0.6738924 0.7847709 0.5395582 0.7847658 0.4051829 0.7874154 0.4051829 0.7847658 0.4051829 0.7847709 0.5395582 0.7821214 0.5396398 0.7821214 0.6738924 0.7821214 0.5396398 0.7847709 0.5395582 0.7847709 0.5395582 0.7847709 0.6738924 0.7821214 0.6738924 0.7821214 0.5396398 0.7821214 0.4052646 0.7847658 0.4051829 0.7821214 0.4052646 0.7821214 0.5396398 0.7794716 0.5397216 0.7794716 0.6739333 0.7794716 0.5397216 0.7821214 0.5396398 0.7821214 0.5396398 0.7821214 0.6738924 0.7794716 0.6739333 0.7794716 0.5397216 0.7794716 0.4054689 0.7821214 0.4052646 0.8059473 0.4054689 0.8059473 0.5397216 0.8032975 0.5396398 0.8032975 0.6738924 0.8032975 0.5396398 0.8059473 0.5397216 0.8059473 0.5397216 0.8059473 0.6739333 0.8032975 0.6738924 0.8032975 0.5396398 0.8032975 0.4052646 0.8059473 0.4054689 0.8032975 0.4052646 0.8032975 0.5396398 0.8006479 0.5395582 0.8006479 0.6738924 0.8006479 0.5395582 0.8032975 0.5396398 0.8032975 0.5396398 0.8032975 0.6738924 0.8006479 0.6738924 0.8006479 0.5395582 0.8006479 0.6738924 0.7980036 0.6738515 0.7980036 0.3742686 0.7980036 0.2258996 0.8006479 0.2259448 0.8006531 0.3743138 0.8006479 0.2259448 0.8032975 0.2259448 0.8006479 0.2259448 0.8006531 0.3743138 0.7980036 0.3742686 0.8006479 0.5395582 0.8006531 0.4051829 0.8032975 0.4052646 0.8006531 0.4051829 0.8006479 0.5395582 0.7980036 0.5395172 0.7980036 0.6738515 0.7980036 0.5395172 0.8006479 0.5395582 0.8006531 0.4051829 0.8006531 0.3171116 0.8032975 0.3171525 0.8006531 0.3171116 0.8006531 0.4051829 0.7980036 0.4051829 0.7980036 0.5395172 0.7980036 0.4051829 0.8006531 0.4051829 0.8032975 0.3171525 0.8032975 0.4052646 0.8006531 0.4051829 0.8032975 0.4052646 0.8032975 0.3171525 0.8059473 0.3171525 0.8032975 0.3171525 0.8006531 0.3171116 0.8006479 0.2256482 0.8059473 0.3171525 0.8032975 0.3171525 0.8032975 0.2256889 0.8006479 0.2256482 0.8032975 0.2256889 0.8032975 0.3171525 0.8032975 0.6465449 0.8032975 0.5484155 0.8059473 0.548551 0.8032975 0.5484155 0.8032975 0.6465449 0.8006479 0.6464998 0.8059473 0.548551 0.8059473 0.6464547 0.8032975 0.6465449 0.8032975 0.2256889 0.8059473 0.2256073 0.8059473 0.3171525 0.7794716 0.6464547 0.7794716 0.548551 0.7821214 0.5484155 0.7821214 0.5484155 0.7821214 0.6465449 0.7794716 0.6464547 0.7794716 0.2256073 0.7821214 0.2256889 0.7821214 0.3171525 0.7821214 0.3171525 0.7794716 0.3171525 0.7794716 0.2256073 0.7794716 0.4054689 0.7794716 0.3171525 0.7821214 0.3171525 0.7821214 0.3171525 0.7821214 0.4052646 0.7794716 0.4054689 0.7821214 0.4052646 0.7821214 0.3171525 0.7847658 0.3171116 0.7847658 0.3171116 0.7821214 0.3171525 0.7821214 0.2256889 0.7847658 0.3171116 0.7847658 0.4051829 0.7821214 0.4052646 0.7847658 0.4051829 0.7847658 0.3171116 0.7874154 0.3170706 0.7874154 0.3170706 0.7847658 0.3171116 0.7847709 0.2256482 0.7821214 0.2256889 0.7847709 0.2256482 0.7847658 0.3171116 0.7847709 0.6464998 0.7847709 0.5483251 0.7874154 0.54828 0.7847709 0.5483251 0.7847709 0.6464998 0.7821214 0.6465449 0.7874154 0.54828 0.7874154 0.6464547 0.7847709 0.6464998 0.7847709 0.2256482 0.7874154 0.2256073 0.7874154 0.3170706 0.7874154 0.6464547 0.7874154 0.54828 0.7900652 0.54828 0.7900652 0.54828 0.7900652 0.6464547 0.7874154 0.6464547 0.7874154 0.2256073 0.7900652 0.2256073 0.7900652 0.3170706 0.7900652 0.3170706 0.7874154 0.3170706 0.7874154 0.2256073 0.7874154 0.4051829 0.7874154 0.3170706 0.7900652 0.3170706 0.7900652 0.3170706 0.7900652 0.405142 0.7874154 0.4051829 0.7900652 0.405142 0.7900652 0.3170706 0.7927094 0.3170706 0.7927094 0.3170706 0.7900652 0.3170706 0.7900652 0.2256073 0.7927094 0.3170706 0.7927094 0.405142 0.7900652 0.405142 0.7927094 0.405142 0.7927094 0.3170706 0.7953591 0.3170706 0.7953591 0.3170706 0.7927094 0.3170706 0.7927094 0.2255664 0.7900652 0.2256073 0.7927094 0.2255664 0.7927094 0.3170706 0.7900652 0.6464547 0.7900652 0.54828 0.7927094 0.5482348 0.7927094 0.5482348 0.7927094 0.6464096 0.7900652 0.6464547 0.7874154 0.3170706 0.7874154 0.4051829 0.7847658 0.4051829 0.7821214 0.6465449 0.7821214 0.5484155 0.7847709 0.5483251 0.8006479 0.6464998 0.8006479 0.5483251 0.8032975 0.5484155 0.8006479 0.5483251 0.8006479 0.6464998 0.7980036 0.6464547 0.7980036 0.2256073 0.8006479 0.2256482 0.8006531 0.3171116 0.8059473 0.3171525 0.8059473 0.4054689 0.8032975 0.4052646 0.7980036 0.5226828 0.7980036 0.3742686 0.8006531 0.3743138 0.7927094 0.3742686 0.7927094 0.5226376 0.7900652 0.5226376 0.7980036 0.6732345 0.7980036 0.5248656 0.8006531 0.5248656 0.7927094 0.5248656 0.7927094 0.6732345 0.7900652 0.6732345 0.7927094 0.6464096 0.7927094 0.5482348 0.7953591 0.54828 0.849617 0.998601 0.7707037 0.998601 0.7707037 0.8481367 0.7707037 0.8481367 0.849617 0.8481367 0.849617 0.998601 0.849617 0.998601 0.7707037 0.998601 0.7707037 0.8481367 0.7707037 0.8481367 0.849617 0.8481367 0.849617 0.998601 0.849617 0.998601 0.7707037 0.998601 0.7707037 0.8481367 0.7707037 0.8481367 0.849617 0.8481367 0.849617 0.998601 0.849617 0.998601 0.7707037 0.998601 0.7707037 0.8481367 0.7707037 0.8481367 0.849617 0.8481367 0.849617 0.998601 0.849617 0.998601 0.7707037 0.998601 0.7707037 0.8481367 0.7707037 0.8481367 0.849617 0.8481367 0.849617 0.998601</float_array>
          <technique_common>
            <accessor source="#palm_straightMesh_005-mesh-map-0-array" count="5490" stride="2">
              <param name="S" type="float"/>
              <param name="T" type="float"/>
            </accessor>
          </technique_common>
        </source>
        <vertices id="palm_straightMesh_005-mesh-vertices">
          <input semantic="POSITION" source="#palm_straightMesh_005-mesh-positions"/>
        </vertices>
        <triangles material="A_A_A-Textura_garamante-material" count="1830">
          <input semantic="VERTEX" source="#palm_straightMesh_005-mesh-vertices" offset="0"/>
          <input semantic="NORMAL" source="#palm_straightMesh_005-mesh-normals" offset="1"/>
          <input semantic="TEXCOORD" source="#palm_straightMesh_005-mesh-map-0" offset="2" set="0"/>
          <p>0 0 0 1 1 1 3 2 2 1 3 3 0 4 4 2 5 5 3 2 6 4 6 7 0 0 8 5 7 9 6 8 10 4 9 11 4 9 12 3 10 13 5 7 14 7 11 15 8 12 16 6 13 17 6 13 18 5 14 19 7 11 20 9 15 21 10 16 22 8 17 23 8 17 24 7 18 25 9 15 26 11 19 27 12 20 28 10 21 29 10 21 30 9 22 31 11 19 32 13 23 33 14 24 34 12 25 35 12 25 36 11 26 37 13 23 38 15 27 39 16 28 40 14 29 41 14 29 42 13 30 43 15 27 44 17 31 45 18 32 46 16 33 47 16 33 48 15 34 49 17 31 50 19 35 51 2 36 52 18 37 53 18 37 54 17 38 55 19 35 56 2 5 57 19 39 58 1 3 59 1 3 60 19 39 61 20 40 62 19 35 63 17 38 64 21 41 65 21 41 66 20 42 67 19 35 68 22 43 69 20 42 70 21 41 71 21 41 72 23 44 73 22 43 74 23 45 75 21 46 76 24 47 77 24 47 78 21 46 79 17 31 80 24 47 81 25 48 82 23 45 83 25 49 84 24 50 85 26 51 86 26 51 87 24 50 88 15 27 89 17 31 90 15 34 91 24 47 92 26 51 93 27 52 94 25 49 95 27 53 96 26 54 97 28 55 98 28 55 99 26 54 100 13 23 101 15 27 102 13 30 103 26 51 104 28 55 105 29 56 106 27 53 107 29 57 108 28 58 109 30 59 110 30 59 111 28 58 112 11 19 113 13 23 114 11 26 115 28 55 116 30 59 117 31 60 118 29 57 119 31 61 120 30 62 121 32 63 122 32 63 123 30 62 124 9 15 125 11 19 126 9 22 127 30 59 128 32 63 129 33 64 130 31 61 131 33 65 132 32 66 133 34 67 134 34 67 135 32 66 136 7 11 137 9 15 138 7 18 139 32 63 140 34 67 141 35 68 142 33 65 143 35 69 144 34 70 145 36 71 146 36 71 147 34 70 148 5 7 149 7 11 150 5 14 151 34 67 152 36 71 153 37 72 154 35 69 155 37 73 156 36 74 157 38 75 158 38 75 159 36 74 160 3 2 161 5 7 162 3 10 163 36 71 164 38 75 165 39 76 166 37 73 167 39 77 168 38 78 169 20 40 170 20 40 171 38 78 172 1 3 173 3 2 174 1 1 175 38 75 176 20 40 177 22 79 178 39 77 179 40 80 180 39 77 181 22 79 182 41 81 183 37 73 184 39 76 185 39 76 186 40 82 187 41 81 188 37 72 189 41 83 190 42 84 191 42 84 192 41 83 193 43 85 194 41 81 195 40 82 196 44 86 197 44 86 198 43 87 199 41 81 200 44 86 201 45 88 202 47 89 203 45 90 204 44 91 205 46 92 206 46 92 207 44 91 208 40 80 209 47 89 210 43 87 211 44 86 212 43 85 213 47 93 214 48 94 215 49 95 216 48 94 217 47 93 218 50 96 219 47 89 220 45 88 221 47 93 222 50 97 223 49 95 224 52 98 225 49 95 226 50 97 227 45 88 228 51 99 229 50 96 230 53 100 231 50 96 232 51 99 233 50 97 234 53 101 235 52 98 236 55 102 237 52 98 238 53 101 239 51 99 240 54 103 241 53 100 242 56 104 243 53 100 244 54 103 245 53 101 246 56 105 247 55 102 248 58 106 249 55 102 250 56 105 251 54 103 252 57 107 253 56 104 254 59 108 255 56 104 256 57 107 257 56 105 258 59 109 259 58 106 260 61 110 261 58 106 262 59 109 263 57 107 264 60 111 265 59 108 266 62 112 267 59 108 268 60 111 269 59 109 270 62 113 271 61 110 272 64 114 273 61 110 274 62 113 275 60 111 276 63 115 277 62 112 278 65 116 279 62 112 280 63 115 281 62 113 282 65 117 283 64 114 284 67 118 285 64 114 286 65 117 287 63 115 288 66 119 289 65 116 290 68 120 291 65 116 292 66 119 293 65 117 294 68 121 295 67 118 296 70 122 297 67 118 298 68 121 299 66 119 300 69 123 301 68 120 302 71 124 303 68 120 304 69 123 305 68 121 306 71 125 307 70 122 308 73 126 309 70 122 310 71 125 311 69 123 312 72 127 313 71 124 314 74 128 315 71 124 316 72 127 317 71 125 318 74 129 319 73 126 320 76 130 321 73 126 322 74 129 323 72 127 324 75 131 325 74 128 326 77 132 327 74 128 328 75 131 329 74 129 330 77 133 331 76 130 332 79 134 333 76 130 334 77 133 335 75 131 336 78 135 337 77 132 338 80 136 339 77 132 340 78 135 341 77 133 342 80 137 343 79 134 344 78 135 345 81 138 346 80 136 347 81 139 348 78 140 349 82 141 350 82 141 351 83 142 352 81 139 353 83 143 354 82 144 355 84 145 356 84 145 357 85 146 358 83 143 359 85 147 360 84 148 361 86 149 362 86 149 363 87 150 364 85 147 365 88 151 366 90 152 367 85 153 368 85 153 369 89 154 370 88 151 371 91 155 372 89 156 373 85 157 374 85 157 375 92 158 376 91 155 377 93 159 378 95 160 379 85 161 380 85 161 381 94 162 382 93 159 383 96 163 384 94 164 385 85 165 386 85 165 387 97 166 388 96 163 389 85 167 390 100 168 391 98 169 392 98 169 393 99 170 394 85 167 395 85 171 396 99 172 397 101 173 398 101 173 399 102 174 400 85 171 401 103 175 402 105 176 403 85 177 404 85 177 405 104 178 406 103 175 407 106 179 408 104 180 409 85 181 410 85 181 411 107 182 412 106 179 413 108 183 414 110 184 415 85 185 416 85 185 417 109 186 418 108 183 419 111 187 420 109 188 421 85 189 422 85 189 423 112 190 424 111 187 425 113 191 426 115 192 427 85 193 428 85 193 429 114 194 430 113 191 431 116 195 432 114 196 433 85 197 434 85 197 435 117 198 436 116 195 437 118 199 438 120 200 439 85 201 440 85 201 441 119 202 442 118 199 443 121 203 444 119 204 445 85 205 446 85 205 447 122 206 448 121 203 449 123 207 450 125 208 451 85 209 452 85 209 453 124 210 454 123 207 455 126 211 456 124 212 457 85 213 458 85 213 459 127 214 460 126 211 461 128 215 462 85 216 463 129 217 464 129 218 465 85 219 466 130 220 467 131 221 468 85 222 469 132 223 470 132 224 471 85 225 472 133 226 473 134 227 474 85 228 475 135 229 476 135 230 477 85 231 478 136 232 479 137 233 480 85 234 481 138 235 482 138 236 483 85 237 484 139 238 485 140 239 486 85 240 487 141 241 488 141 242 489 85 243 490 142 244 491 142 244 492 143 245 493 141 242 494 144 246 495 141 242 496 143 245 497 143 245 498 145 247 499 144 246 500 146 248 501 144 246 502 145 247 503 145 247 504 147 249 505 146 248 506 148 250 507 146 248 508 147 249 509 147 249 510 149 251 511 148 250 512 150 252 513 148 250 514 149 251 515 149 251 516 151 253 517 150 252 518 150 254 519 153 255 520 152 256 521 152 256 522 148 257 523 150 254 524 148 257 525 152 256 526 154 258 527 154 258 528 146 259 529 148 257 530 146 259 531 154 258 532 155 260 533 155 260 534 144 261 535 146 259 536 144 261 537 155 260 538 156 262 539 156 262 540 141 241 541 144 261 542 141 241 543 156 262 544 140 239 545 139 238 546 157 263 547 138 236 548 158 264 549 138 236 550 157 263 551 157 263 552 159 265 553 158 264 554 160 266 555 158 264 556 159 265 557 159 265 558 161 267 559 160 266 560 162 268 561 160 266 562 161 267 563 161 267 564 163 269 565 162 268 566 164 270 567 162 268 568 163 269 569 163 269 570 165 271 571 164 270 572 164 272 573 167 273 574 166 274 575 166 274 576 162 275 577 164 272 578 162 275 579 166 274 580 168 276 581 168 276 582 160 277 583 162 275 584 160 277 585 168 276 586 169 278 587 169 278 588 158 279 589 160 277 590 158 279 591 169 278 592 170 280 593 170 280 594 138 235 595 158 279 596 138 235 597 170 280 598 137 233 599 136 232 600 171 281 601 135 230 602 172 282 603 135 230 604 171 281 605 171 281 606 173 283 607 172 282 608 174 284 609 172 282 610 173 283 611 173 283 612 175 285 613 174 284 614 176 286 615 174 284 616 175 285 617 175 285 618 177 287 619 176 286 620 178 288 621 176 286 622 177 287 623 177 287 624 179 289 625 178 288 626 178 290 627 181 291 628 180 292 629 180 292 630 176 293 631 178 290 632 176 293 633 180 292 634 182 294 635 182 294 636 174 295 637 176 293 638 174 295 639 182 294 640 183 296 641 183 296 642 172 297 643 174 295 644 172 297 645 183 296 646 184 298 647 184 298 648 135 229 649 172 297 650 135 229 651 184 298 652 134 227 653 133 226 654 185 299 655 132 224 656 186 300 657 132 224 658 185 299 659 185 299 660 187 301 661 186 300 662 188 302 663 186 300 664 187 301 665 187 301 666 189 303 667 188 302 668 190 304 669 188 302 670 189 303 671 189 303 672 191 305 673 190 304 674 192 306 675 190 304 676 191 305 677 191 305 678 193 307 679 192 306 680 192 308 681 195 309 682 194 310 683 194 310 684 190 311 685 192 308 686 190 311 687 194 310 688 196 312 689 196 312 690 188 313 691 190 311 692 188 313 693 196 312 694 197 314 695 197 314 696 186 315 697 188 313 698 186 315 699 197 314 700 198 316 701 198 316 702 132 223 703 186 315 704 132 223 705 198 316 706 131 221 707 130 220 708 199 317 709 129 218 710 200 318 711 129 218 712 199 317 713 199 317 714 201 319 715 200 318 716 202 320 717 200 318 718 201 319 719 201 319 720 203 321 721 202 320 722 204 322 723 202 320 724 203 321 725 203 321 726 205 323 727 204 322 728 206 324 729 204 322 730 205 323 731 205 323 732 207 325 733 206 324 734 206 326 735 209 327 736 208 328 737 208 328 738 204 329 739 206 326 740 204 329 741 208 328 742 210 330 743 210 330 744 202 331 745 204 329 746 202 331 747 210 330 748 211 332 749 211 332 750 200 333 751 202 331 752 200 333 753 211 332 754 212 334 755 212 334 756 129 217 757 200 333 758 129 217 759 212 334 760 128 215 761 124 212 762 126 211 763 213 335 764 213 335 765 214 336 766 124 212 767 214 336 768 213 335 769 215 337 770 215 337 771 216 338 772 214 336 773 217 339 774 216 338 775 215 337 776 215 337 777 218 340 778 217 339 779 219 341 780 217 339 781 218 340 782 218 340 783 220 342 784 219 341 785 219 343 786 222 344 787 221 345 788 221 345 789 217 346 790 219 343 791 217 346 792 221 345 793 223 347 794 223 347 795 224 348 796 214 349 797 214 349 798 216 350 799 223 347 800 223 347 801 216 350 802 217 346 803 224 348 804 123 207 805 124 210 806 124 210 807 214 349 808 224 348 809 119 204 810 121 203 811 225 351 812 225 351 813 226 352 814 119 204 815 226 352 816 225 351 817 227 353 818 227 353 819 228 354 820 226 352 821 229 355 822 228 354 823 227 353 824 227 353 825 230 356 826 229 355 827 231 357 828 229 355 829 230 356 830 230 356 831 232 358 832 231 357 833 231 359 834 234 360 835 233 361 836 233 361 837 229 362 838 231 359 839 229 362 840 233 361 841 235 363 842 235 363 843 236 364 844 226 365 845 226 365 846 228 366 847 235 363 848 235 363 849 228 366 850 229 362 851 236 364 852 118 199 853 119 202 854 119 202 855 226 365 856 236 364 857 114 196 858 116 195 859 237 367 860 237 367 861 238 368 862 114 196 863 239 369 864 238 368 865 237 367 866 237 367 867 240 370 868 239 369 869 241 371 870 239 372 871 240 373 872 240 373 873 242 374 874 241 371 875 243 375 876 241 371 877 242 374 878 242 374 879 244 376 880 243 375 881 241 377 882 243 378 883 245 379 884 245 379 885 246 380 886 241 377 887 241 377 888 246 380 889 247 381 890 247 381 891 239 382 892 241 377 893 239 383 894 247 384 895 248 385 896 248 385 897 113 191 898 114 194 899 114 194 900 238 386 901 248 385 902 248 385 903 238 386 904 239 383 905 109 188 906 111 187 907 249 387 908 249 387 909 250 388 910 109 188 911 251 389 912 250 388 913 249 387 914 249 387 915 252 390 916 251 389 917 253 391 918 251 392 919 252 393 920 252 393 921 254 394 922 253 391 923 255 395 924 253 391 925 254 394 926 254 394 927 256 396 928 255 395 929 253 397 930 255 398 931 257 399 932 257 399 933 258 400 934 253 397 935 253 397 936 258 400 937 259 401 938 259 401 939 251 402 940 253 397 941 251 403 942 259 404 943 260 405 944 260 405 945 108 183 946 109 186 947 109 186 948 250 406 949 260 405 950 260 405 951 250 406 952 251 403 953 104 180 954 106 179 955 261 407 956 261 407 957 262 408 958 104 180 959 263 409 960 262 408 961 261 407 962 261 407 963 264 410 964 263 409 965 265 411 966 263 412 967 264 413 968 264 413 969 266 414 970 265 411 971 265 411 972 266 414 973 267 415 974 267 415 975 268 416 976 265 411 977 268 417 978 270 418 979 269 419 980 269 419 981 265 420 982 268 417 983 265 420 984 269 419 985 271 421 986 271 421 987 263 422 988 265 420 989 263 423 990 271 424 991 272 425 992 272 425 993 262 426 994 263 423 995 262 427 996 272 428 997 103 175 998 103 175 999 104 178 1000 262 427 1001 273 429 1002 101 173 1003 99 172 1004 99 172 1005 274 430 1006 273 429 1007 273 429 1008 274 430 1009 275 431 1010 275 431 1011 276 432 1012 273 429 1013 276 433 1014 275 434 1015 277 435 1016 277 435 1017 278 436 1018 276 433 1019 278 437 1020 277 438 1021 279 439 1022 279 439 1023 280 440 1024 278 437 1025 279 441 1026 277 442 1027 281 443 1028 281 443 1029 282 444 1030 279 441 1031 283 445 1032 281 446 1033 277 447 1034 274 448 1035 284 449 1036 283 445 1037 283 445 1038 275 450 1039 274 448 1040 277 447 1041 275 450 1042 283 445 1043 99 170 1044 98 169 1045 284 449 1046 284 449 1047 274 448 1048 99 170 1049 94 164 1050 96 163 1051 285 451 1052 285 451 1053 286 452 1054 94 164 1055 287 453 1056 286 452 1057 285 451 1058 285 451 1059 288 454 1060 287 453 1061 289 455 1062 287 456 1063 288 457 1064 288 457 1065 290 458 1066 289 455 1067 291 459 1068 289 460 1069 290 461 1070 290 461 1071 292 462 1072 291 459 1073 289 463 1074 291 464 1075 293 465 1076 293 465 1077 294 466 1078 289 463 1079 289 463 1080 294 466 1081 295 467 1082 295 467 1083 287 468 1084 289 463 1085 287 469 1086 295 470 1087 296 471 1088 296 471 1089 93 159 1090 94 162 1091 94 162 1092 286 472 1093 296 471 1094 296 471 1095 286 472 1096 287 469 1097 89 156 1098 91 155 1099 297 473 1100 297 473 1101 298 474 1102 89 156 1103 299 475 1104 298 474 1105 297 473 1106 297 473 1107 300 476 1108 299 475 1109 301 477 1110 299 478 1111 300 479 1112 300 479 1113 302 480 1114 301 477 1115 303 481 1116 301 482 1117 302 483 1118 302 483 1119 304 484 1120 303 481 1121 303 485 1122 306 486 1123 305 487 1124 305 487 1125 301 488 1126 303 485 1127 301 489 1128 305 490 1129 307 491 1130 307 491 1131 308 492 1132 298 493 1133 298 493 1134 299 494 1135 307 491 1136 307 491 1137 299 494 1138 301 489 1139 308 492 1140 88 151 1141 89 154 1142 89 154 1143 298 493 1144 308 492 1145 87 495 1146 86 496 1147 309 497 1148 309 497 1149 310 498 1150 87 495 1151 310 499 1152 309 500 1153 311 501 1154 311 501 1155 312 502 1156 310 499 1157 312 503 1158 311 504 1159 313 505 1160 313 505 1161 314 506 1162 312 503 1163 314 507 1164 313 508 1165 315 509 1166 315 509 1167 316 510 1168 314 507 1169 316 511 1170 315 512 1171 76 513 1172 76 513 1173 79 514 1174 316 511 1175 315 512 1176 317 515 1177 73 516 1178 317 517 1179 315 509 1180 313 508 1181 73 516 1182 76 513 1183 315 512 1184 317 515 1185 318 518 1186 70 519 1187 318 520 1188 317 517 1189 319 521 1190 313 508 1191 319 521 1192 317 517 1193 70 519 1194 73 516 1195 317 515 1196 319 521 1197 320 522 1198 318 520 1199 320 523 1200 319 524 1201 321 525 1202 311 504 1203 321 525 1204 319 524 1205 319 524 1206 313 505 1207 311 504 1208 321 525 1209 322 526 1210 320 523 1211 322 527 1212 321 528 1213 323 529 1214 309 500 1215 323 529 1216 321 528 1217 321 528 1218 311 501 1219 309 500 1220 323 529 1221 324 530 1222 322 527 1223 324 531 1224 323 532 1225 325 533 1226 86 496 1227 325 533 1228 323 532 1229 323 532 1230 309 497 1231 86 496 1232 325 533 1233 326 534 1234 324 531 1235 326 535 1236 325 536 1237 327 537 1238 84 148 1239 327 537 1240 325 536 1241 325 536 1242 86 149 1243 84 148 1244 327 537 1245 328 538 1246 326 535 1247 328 539 1248 327 540 1249 329 541 1250 82 144 1251 329 541 1252 327 540 1253 327 540 1254 84 145 1255 82 144 1256 329 541 1257 330 542 1258 328 539 1259 330 543 1260 329 544 1261 75 545 1262 78 140 1263 75 545 1264 329 544 1265 329 544 1266 82 141 1267 78 140 1268 330 542 1269 331 546 1270 332 547 1271 331 548 1272 330 543 1273 72 549 1274 75 545 1275 72 549 1276 330 543 1277 332 547 1278 328 539 1279 330 542 1280 332 550 1281 333 551 1282 334 552 1283 333 553 1284 332 547 1285 331 546 1286 334 552 1287 335 554 1288 332 550 1289 328 538 1290 332 550 1291 335 554 1292 335 555 1293 334 556 1294 336 557 1295 336 557 1296 337 558 1297 335 555 1298 326 534 1299 335 555 1300 337 558 1301 335 554 1302 326 535 1303 328 538 1304 337 559 1305 336 560 1306 338 561 1307 338 561 1308 339 562 1309 337 559 1310 324 530 1311 337 559 1312 339 562 1313 337 558 1314 324 531 1315 326 534 1316 339 563 1317 338 564 1318 340 565 1319 340 565 1320 341 566 1321 339 563 1322 322 526 1323 339 563 1324 341 566 1325 339 562 1326 322 527 1327 324 530 1328 341 567 1329 340 568 1330 342 569 1331 342 569 1332 343 570 1333 341 567 1334 320 522 1335 341 567 1336 343 570 1337 341 566 1338 320 523 1339 322 526 1340 343 571 1341 342 572 1342 64 573 1343 64 573 1344 67 574 1345 343 571 1346 318 518 1347 343 571 1348 67 574 1349 343 570 1350 318 520 1351 320 522 1352 342 572 1353 344 575 1354 61 576 1355 344 577 1356 342 569 1357 340 568 1358 61 576 1359 64 573 1360 342 572 1361 344 575 1362 345 578 1363 58 579 1364 345 580 1365 344 577 1366 346 581 1367 340 568 1368 346 581 1369 344 577 1370 58 579 1371 61 576 1372 344 575 1373 346 581 1374 347 582 1375 345 580 1376 347 583 1377 346 584 1378 348 585 1379 338 564 1380 348 585 1381 346 584 1382 346 584 1383 340 565 1384 338 564 1385 348 585 1386 349 586 1387 347 583 1388 349 587 1389 348 588 1390 350 589 1391 336 560 1392 350 589 1393 348 588 1394 348 588 1395 338 561 1396 336 560 1397 350 589 1398 351 590 1399 349 587 1400 351 591 1401 350 592 1402 352 593 1403 334 556 1404 352 593 1405 350 592 1406 350 592 1407 336 557 1408 334 556 1409 352 593 1410 353 594 1411 351 591 1412 353 595 1413 352 596 1414 354 597 1415 333 551 1416 354 597 1417 352 596 1418 352 596 1419 334 552 1420 333 551 1421 354 597 1422 355 598 1423 353 595 1424 355 599 1425 354 600 1426 356 601 1427 357 602 1428 356 601 1429 354 600 1430 354 600 1431 333 553 1432 357 602 1433 356 603 1434 357 604 1435 66 605 1436 69 606 1437 66 605 1438 357 604 1439 331 546 1440 357 602 1441 333 553 1442 357 604 1443 331 548 1444 69 606 1445 356 601 1446 358 607 1447 355 599 1448 358 608 1449 356 603 1450 63 609 1451 66 605 1452 63 609 1453 356 603 1454 358 607 1455 359 610 1456 360 611 1457 359 612 1458 358 608 1459 60 613 1460 63 609 1461 60 613 1462 358 608 1463 360 611 1464 355 599 1465 358 607 1466 360 614 1467 361 615 1468 362 616 1469 361 617 1470 360 611 1471 359 610 1472 362 616 1473 363 618 1474 360 614 1475 355 598 1476 360 614 1477 363 618 1478 363 619 1479 362 620 1480 364 621 1481 364 621 1482 365 622 1483 363 619 1484 353 594 1485 363 619 1486 365 622 1487 363 618 1488 353 595 1489 355 598 1490 365 623 1491 364 624 1492 366 625 1493 366 625 1494 367 626 1495 365 623 1496 351 590 1497 365 623 1498 367 626 1499 365 622 1500 351 591 1501 353 594 1502 367 627 1503 366 628 1504 368 629 1505 368 629 1506 369 630 1507 367 627 1508 349 586 1509 367 627 1510 369 630 1511 367 626 1512 349 587 1513 351 590 1514 369 631 1515 368 632 1516 370 633 1517 370 633 1518 371 634 1519 369 631 1520 347 582 1521 369 631 1522 371 634 1523 369 630 1524 347 583 1525 349 586 1526 371 635 1527 370 636 1528 52 637 1529 52 637 1530 55 638 1531 371 635 1532 345 578 1533 371 635 1534 55 638 1535 371 634 1536 345 580 1537 347 582 1538 370 636 1539 372 639 1540 49 640 1541 372 641 1542 370 633 1543 368 632 1544 49 640 1545 52 637 1546 370 636 1547 372 639 1548 373 642 1549 48 643 1550 373 644 1551 372 641 1552 374 645 1553 368 632 1554 374 645 1555 372 641 1556 48 643 1557 49 640 1558 372 639 1559 374 645 1560 375 646 1561 373 644 1562 375 647 1563 374 648 1564 376 649 1565 366 628 1566 376 649 1567 374 648 1568 374 648 1569 368 629 1570 366 628 1571 376 649 1572 377 650 1573 375 647 1574 377 651 1575 376 652 1576 378 653 1577 364 624 1578 378 653 1579 376 652 1580 376 652 1581 366 625 1582 364 624 1583 378 653 1584 379 654 1585 377 651 1586 379 655 1587 378 656 1588 380 657 1589 362 620 1590 380 657 1591 378 656 1592 378 656 1593 364 621 1594 362 620 1595 380 657 1596 381 658 1597 379 655 1598 381 659 1599 380 660 1600 382 661 1601 361 615 1602 382 661 1603 380 660 1604 380 660 1605 362 616 1606 361 615 1607 382 661 1608 383 662 1609 381 659 1610 383 663 1611 382 664 1612 384 665 1613 385 666 1614 384 665 1615 382 664 1616 382 664 1617 361 617 1618 385 666 1619 384 667 1620 385 668 1621 54 669 1622 57 670 1623 54 669 1624 385 668 1625 359 610 1626 385 666 1627 361 617 1628 385 668 1629 359 612 1630 57 670 1631 384 665 1632 386 671 1633 383 663 1634 386 672 1635 384 667 1636 51 673 1637 54 669 1638 51 673 1639 384 667 1640 386 671 1641 46 674 1642 387 675 1643 46 92 1644 386 672 1645 45 90 1646 51 673 1647 45 90 1648 386 672 1649 387 675 1650 383 663 1651 386 671 1652 383 662 1653 387 676 1654 388 677 1655 387 675 1656 46 674 1657 389 678 1658 388 677 1659 387 676 1660 390 679 1661 389 678 1662 390 680 1663 387 675 1664 390 679 1665 23 45 1666 25 48 1667 23 44 1668 390 680 1669 389 678 1670 25 48 1671 391 681 1672 390 679 1673 390 679 1674 391 681 1675 388 677 1676 391 682 1677 25 49 1678 27 52 1679 27 52 1680 392 683 1681 391 682 1682 391 682 1683 392 683 1684 393 684 1685 393 684 1686 388 685 1687 391 682 1688 381 658 1689 388 685 1690 393 684 1691 393 684 1692 379 655 1693 381 658 1694 379 654 1695 393 686 1696 394 687 1697 394 687 1698 393 686 1699 392 688 1700 394 687 1701 377 651 1702 379 654 1703 377 650 1704 394 689 1705 395 690 1706 395 690 1707 394 689 1708 396 691 1709 392 688 1710 396 692 1711 394 687 1712 396 691 1713 29 57 1714 31 60 1715 29 56 1716 396 692 1717 392 688 1718 31 60 1719 397 693 1720 396 691 1721 396 691 1722 397 693 1723 395 690 1724 397 694 1725 31 61 1726 33 64 1727 33 64 1728 398 695 1729 397 694 1730 397 694 1731 398 695 1732 399 696 1733 399 696 1734 395 697 1735 397 694 1736 375 646 1737 395 697 1738 399 696 1739 399 696 1740 373 644 1741 375 646 1742 373 642 1743 399 698 1744 400 699 1745 400 699 1746 399 698 1747 398 700 1748 400 699 1749 48 643 1750 373 642 1751 48 94 1752 400 701 1753 43 85 1754 43 85 1755 400 701 1756 42 84 1757 398 700 1758 42 702 1759 400 699 1760 398 700 1761 33 65 1762 35 68 1763 35 68 1764 42 702 1765 398 700 1766 395 690 1767 375 647 1768 377 650 1769 392 688 1770 27 53 1771 29 56 1772 389 678 1773 22 43 1774 23 44 1775 22 79 1776 389 703 1777 40 80 1778 40 80 1779 389 703 1780 46 92 1781 388 677 1782 381 659 1783 383 662 1784 60 613 1785 57 670 1786 359 612 1787 55 638 1788 58 579 1789 345 578 1790 72 549 1791 69 606 1792 331 548 1793 67 574 1794 70 519 1795 318 518 1796 42 84 1797 35 69 1798 37 72 1799 402 704 1800 404 705 1801 403 706 1802 403 706 1803 401 707 1804 402 704 1805 406 704 1806 408 705 1807 407 706 1808 407 706 1809 405 707 1810 406 704 1811 410 708 1812 412 709 1813 411 710 1814 411 710 1815 409 711 1816 410 708 1817 414 712 1818 416 713 1819 415 714 1820 415 714 1821 413 715 1822 414 712 1823 418 716 1824 420 717 1825 419 718 1826 419 718 1827 417 719 1828 418 716 1829 421 720 1830 422 721 1831 424 722 1832 422 723 1833 421 724 1834 423 725 1835 424 722 1836 425 726 1837 421 720 1838 426 727 1839 427 728 1840 425 729 1841 425 729 1842 424 730 1843 426 727 1844 428 731 1845 429 732 1846 427 733 1847 427 733 1848 426 734 1849 428 731 1850 430 735 1851 431 736 1852 429 737 1853 429 737 1854 428 738 1855 430 735 1856 432 739 1857 433 740 1858 431 741 1859 431 741 1860 430 742 1861 432 739 1862 434 743 1863 435 744 1864 433 745 1865 433 745 1866 432 746 1867 434 743 1868 436 747 1869 437 748 1870 435 749 1871 435 749 1872 434 750 1873 436 747 1874 438 751 1875 439 752 1876 437 753 1877 437 753 1878 436 754 1879 438 751 1880 440 755 1881 423 756 1882 439 757 1883 439 757 1884 438 758 1885 440 755 1886 423 725 1887 440 759 1888 422 723 1889 422 723 1890 440 759 1891 441 760 1892 440 755 1893 438 758 1894 442 761 1895 442 761 1896 441 762 1897 440 755 1898 443 763 1899 441 762 1900 442 761 1901 442 761 1902 444 764 1903 443 763 1904 444 765 1905 442 766 1906 445 767 1907 445 767 1908 442 766 1909 438 751 1910 445 767 1911 446 768 1912 444 765 1913 446 769 1914 445 770 1915 447 771 1916 447 771 1917 445 770 1918 436 747 1919 438 751 1920 436 754 1921 445 767 1922 447 771 1923 448 772 1924 446 769 1925 448 773 1926 447 774 1927 449 775 1928 449 775 1929 447 774 1930 434 743 1931 436 747 1932 434 750 1933 447 771 1934 449 775 1935 450 776 1936 448 773 1937 450 777 1938 449 778 1939 451 779 1940 451 779 1941 449 778 1942 432 739 1943 434 743 1944 432 746 1945 449 775 1946 451 779 1947 452 780 1948 450 777 1949 452 781 1950 451 782 1951 453 783 1952 453 783 1953 451 782 1954 430 735 1955 432 739 1956 430 742 1957 451 779 1958 453 783 1959 454 784 1960 452 781 1961 454 785 1962 453 786 1963 455 787 1964 455 787 1965 453 786 1966 428 731 1967 430 735 1968 428 738 1969 453 783 1970 455 787 1971 456 788 1972 454 785 1973 456 789 1974 455 790 1975 457 791 1976 457 791 1977 455 790 1978 426 727 1979 428 731 1980 426 734 1981 455 787 1982 457 791 1983 458 792 1984 456 789 1985 458 793 1986 457 794 1987 459 795 1988 459 795 1989 457 794 1990 424 722 1991 426 727 1992 424 730 1993 457 791 1994 459 795 1995 460 796 1996 458 793 1997 460 797 1998 459 798 1999 441 760 2000 441 760 2001 459 798 2002 422 723 2003 424 722 2004 422 721 2005 459 795 2006 441 760 2007 443 799 2008 460 797 2009 461 800 2010 460 797 2011 443 799 2012 462 801 2013 458 793 2014 460 796 2015 460 796 2016 461 802 2017 462 801 2018 458 792 2019 462 803 2020 463 804 2021 463 804 2022 462 803 2023 464 805 2024 462 801 2025 461 802 2026 465 806 2027 465 806 2028 464 807 2029 462 801 2030 465 806 2031 466 808 2032 468 809 2033 466 810 2034 465 811 2035 467 812 2036 467 812 2037 465 811 2038 461 800 2039 468 809 2040 464 807 2041 465 806 2042 464 805 2043 468 813 2044 469 814 2045 470 815 2046 469 814 2047 468 813 2048 471 816 2049 468 809 2050 466 808 2051 468 813 2052 471 817 2053 470 815 2054 473 818 2055 470 815 2056 471 817 2057 466 808 2058 472 819 2059 471 816 2060 474 820 2061 471 816 2062 472 819 2063 471 817 2064 474 821 2065 473 818 2066 476 822 2067 473 818 2068 474 821 2069 472 819 2070 475 823 2071 474 820 2072 477 824 2073 474 820 2074 475 823 2075 474 821 2076 477 825 2077 476 822 2078 479 826 2079 476 822 2080 477 825 2081 475 823 2082 478 827 2083 477 824 2084 480 828 2085 477 824 2086 478 827 2087 477 825 2088 480 829 2089 479 826 2090 482 830 2091 479 826 2092 480 829 2093 478 827 2094 481 831 2095 480 828 2096 483 832 2097 480 828 2098 481 831 2099 480 829 2100 483 833 2101 482 830 2102 485 834 2103 482 830 2104 483 833 2105 481 831 2106 484 835 2107 483 832 2108 486 836 2109 483 832 2110 484 835 2111 483 833 2112 486 837 2113 485 834 2114 488 838 2115 485 834 2116 486 837 2117 484 835 2118 487 839 2119 486 836 2120 489 840 2121 486 836 2122 487 839 2123 486 837 2124 489 841 2125 488 838 2126 491 842 2127 488 838 2128 489 841 2129 487 839 2130 490 843 2131 489 840 2132 492 844 2133 489 840 2134 490 843 2135 489 841 2136 492 845 2137 491 842 2138 494 846 2139 491 842 2140 492 845 2141 490 843 2142 493 847 2143 492 844 2144 495 848 2145 492 844 2146 493 847 2147 492 845 2148 495 849 2149 494 846 2150 497 850 2151 494 846 2152 495 849 2153 493 847 2154 496 851 2155 495 848 2156 498 852 2157 495 848 2158 496 851 2159 495 849 2160 498 853 2161 497 850 2162 500 854 2163 497 850 2164 498 853 2165 496 851 2166 499 855 2167 498 852 2168 501 856 2169 498 852 2170 499 855 2171 498 853 2172 501 857 2173 500 854 2174 499 855 2175 502 858 2176 501 856 2177 502 859 2178 499 860 2179 503 861 2180 503 861 2181 504 862 2182 502 859 2183 504 863 2184 503 864 2185 505 865 2186 505 865 2187 506 866 2188 504 863 2189 506 867 2190 505 868 2191 507 869 2192 507 869 2193 508 870 2194 506 867 2195 509 871 2196 511 872 2197 506 873 2198 506 873 2199 510 874 2200 509 871 2201 512 875 2202 510 876 2203 506 877 2204 506 877 2205 513 878 2206 512 875 2207 514 879 2208 516 880 2209 506 881 2210 506 881 2211 515 882 2212 514 879 2213 517 883 2214 515 884 2215 506 885 2216 506 885 2217 518 886 2218 517 883 2219 506 887 2220 521 888 2221 519 889 2222 519 889 2223 520 890 2224 506 887 2225 506 891 2226 520 892 2227 522 893 2228 522 893 2229 523 894 2230 506 891 2231 524 895 2232 526 896 2233 506 897 2234 506 897 2235 525 898 2236 524 895 2237 527 899 2238 525 900 2239 506 901 2240 506 901 2241 528 902 2242 527 899 2243 529 903 2244 531 904 2245 506 905 2246 506 905 2247 530 906 2248 529 903 2249 532 907 2250 530 908 2251 506 909 2252 506 909 2253 533 910 2254 532 907 2255 534 911 2256 536 912 2257 506 913 2258 506 913 2259 535 914 2260 534 911 2261 537 915 2262 535 916 2263 506 917 2264 506 917 2265 538 918 2266 537 915 2267 539 919 2268 541 920 2269 506 921 2270 506 921 2271 540 922 2272 539 919 2273 542 923 2274 540 924 2275 506 925 2276 506 925 2277 543 926 2278 542 923 2279 544 927 2280 546 928 2281 506 929 2282 506 929 2283 545 930 2284 544 927 2285 547 931 2286 545 932 2287 506 933 2288 506 933 2289 548 934 2290 547 931 2291 549 935 2292 506 936 2293 550 937 2294 550 938 2295 506 939 2296 551 940 2297 552 941 2298 506 942 2299 553 943 2300 553 944 2301 506 945 2302 554 946 2303 555 947 2304 506 948 2305 556 949 2306 556 950 2307 506 951 2308 557 952 2309 558 953 2310 506 954 2311 559 955 2312 559 956 2313 506 957 2314 560 958 2315 561 959 2316 506 960 2317 562 961 2318 562 962 2319 506 963 2320 563 964 2321 563 964 2322 564 965 2323 562 962 2324 565 966 2325 562 962 2326 564 965 2327 564 965 2328 566 967 2329 565 966 2330 567 968 2331 565 966 2332 566 967 2333 566 967 2334 568 969 2335 567 968 2336 569 970 2337 567 968 2338 568 969 2339 568 969 2340 570 971 2341 569 970 2342 571 972 2343 569 970 2344 570 971 2345 570 971 2346 572 973 2347 571 972 2348 571 974 2349 574 975 2350 573 976 2351 573 976 2352 569 977 2353 571 974 2354 569 977 2355 573 976 2356 575 978 2357 575 978 2358 567 979 2359 569 977 2360 567 979 2361 575 978 2362 576 980 2363 576 980 2364 565 981 2365 567 979 2366 565 981 2367 576 980 2368 577 982 2369 577 982 2370 562 961 2371 565 981 2372 562 961 2373 577 982 2374 561 959 2375 560 958 2376 578 983 2377 559 956 2378 579 984 2379 559 956 2380 578 983 2381 578 983 2382 580 985 2383 579 984 2384 581 986 2385 579 984 2386 580 985 2387 580 985 2388 582 987 2389 581 986 2390 583 988 2391 581 986 2392 582 987 2393 582 987 2394 584 989 2395 583 988 2396 585 990 2397 583 988 2398 584 989 2399 584 989 2400 586 991 2401 585 990 2402 585 992 2403 588 993 2404 587 994 2405 587 994 2406 583 995 2407 585 992 2408 583 995 2409 587 994 2410 589 996 2411 589 996 2412 581 997 2413 583 995 2414 581 997 2415 589 996 2416 590 998 2417 590 998 2418 579 999 2419 581 997 2420 579 999 2421 590 998 2422 591 1000 2423 591 1000 2424 559 955 2425 579 999 2426 559 955 2427 591 1000 2428 558 953 2429 557 952 2430 592 1001 2431 556 950 2432 593 1002 2433 556 950 2434 592 1001 2435 592 1001 2436 594 1003 2437 593 1002 2438 595 1004 2439 593 1002 2440 594 1003 2441 594 1003 2442 596 1005 2443 595 1004 2444 597 1006 2445 595 1004 2446 596 1005 2447 596 1005 2448 598 1007 2449 597 1006 2450 599 1008 2451 597 1006 2452 598 1007 2453 598 1007 2454 600 1009 2455 599 1008 2456 599 1010 2457 602 1011 2458 601 1012 2459 601 1012 2460 597 1013 2461 599 1010 2462 597 1013 2463 601 1012 2464 603 1014 2465 603 1014 2466 595 1015 2467 597 1013 2468 595 1015 2469 603 1014 2470 604 1016 2471 604 1016 2472 593 1017 2473 595 1015 2474 593 1017 2475 604 1016 2476 605 1018 2477 605 1018 2478 556 949 2479 593 1017 2480 556 949 2481 605 1018 2482 555 947 2483 554 946 2484 606 1019 2485 553 944 2486 607 1020 2487 553 944 2488 606 1019 2489 606 1019 2490 608 1021 2491 607 1020 2492 609 1022 2493 607 1020 2494 608 1021 2495 608 1021 2496 610 1023 2497 609 1022 2498 611 1024 2499 609 1022 2500 610 1023 2501 610 1023 2502 612 1025 2503 611 1024 2504 613 1026 2505 611 1024 2506 612 1025 2507 612 1025 2508 614 1027 2509 613 1026 2510 613 1028 2511 616 1029 2512 615 1030 2513 615 1030 2514 611 1031 2515 613 1028 2516 611 1031 2517 615 1030 2518 617 1032 2519 617 1032 2520 609 1033 2521 611 1031 2522 609 1033 2523 617 1032 2524 618 1034 2525 618 1034 2526 607 1035 2527 609 1033 2528 607 1035 2529 618 1034 2530 619 1036 2531 619 1036 2532 553 943 2533 607 1035 2534 553 943 2535 619 1036 2536 552 941 2537 551 940 2538 620 1037 2539 550 938 2540 621 1038 2541 550 938 2542 620 1037 2543 620 1037 2544 622 1039 2545 621 1038 2546 623 1040 2547 621 1038 2548 622 1039 2549 622 1039 2550 624 1041 2551 623 1040 2552 625 1042 2553 623 1040 2554 624 1041 2555 624 1041 2556 626 1043 2557 625 1042 2558 627 1044 2559 625 1042 2560 626 1043 2561 626 1043 2562 628 1045 2563 627 1044 2564 627 1046 2565 630 1047 2566 629 1048 2567 629 1048 2568 625 1049 2569 627 1046 2570 625 1049 2571 629 1048 2572 631 1050 2573 631 1050 2574 623 1051 2575 625 1049 2576 623 1051 2577 631 1050 2578 632 1052 2579 632 1052 2580 621 1053 2581 623 1051 2582 621 1053 2583 632 1052 2584 633 1054 2585 633 1054 2586 550 937 2587 621 1053 2588 550 937 2589 633 1054 2590 549 935 2591 545 932 2592 547 931 2593 634 1055 2594 634 1055 2595 635 1056 2596 545 932 2597 635 1056 2598 634 1055 2599 636 1057 2600 636 1057 2601 637 1058 2602 635 1056 2603 638 1059 2604 637 1058 2605 636 1057 2606 636 1057 2607 639 1060 2608 638 1059 2609 640 1061 2610 638 1059 2611 639 1060 2612 639 1060 2613 641 1062 2614 640 1061 2615 640 1063 2616 643 1064 2617 642 1065 2618 642 1065 2619 638 1066 2620 640 1063 2621 638 1066 2622 642 1065 2623 644 1067 2624 644 1067 2625 645 1068 2626 635 1069 2627 635 1069 2628 637 1070 2629 644 1067 2630 644 1067 2631 637 1070 2632 638 1066 2633 645 1068 2634 544 927 2635 545 930 2636 545 930 2637 635 1069 2638 645 1068 2639 540 924 2640 542 923 2641 646 1071 2642 646 1071 2643 647 1072 2644 540 924 2645 647 1072 2646 646 1071 2647 648 1073 2648 648 1073 2649 649 1074 2650 647 1072 2651 650 1075 2652 649 1074 2653 648 1073 2654 648 1073 2655 651 1076 2656 650 1075 2657 652 1077 2658 650 1075 2659 651 1076 2660 651 1076 2661 653 1078 2662 652 1077 2663 652 1079 2664 655 1080 2665 654 1081 2666 654 1081 2667 650 1082 2668 652 1079 2669 650 1082 2670 654 1081 2671 656 1083 2672 656 1083 2673 657 1084 2674 647 1085 2675 647 1085 2676 649 1086 2677 656 1083 2678 656 1083 2679 649 1086 2680 650 1082 2681 657 1084 2682 539 919 2683 540 922 2684 540 922 2685 647 1085 2686 657 1084 2687 535 916 2688 537 915 2689 658 1087 2690 658 1087 2691 659 1088 2692 535 916 2693 660 1089 2694 659 1088 2695 658 1087 2696 658 1087 2697 661 1090 2698 660 1089 2699 662 1091 2700 660 1092 2701 661 1093 2702 661 1093 2703 663 1094 2704 662 1091 2705 664 1095 2706 662 1091 2707 663 1094 2708 663 1094 2709 665 1096 2710 664 1095 2711 662 1097 2712 664 1098 2713 666 1099 2714 666 1099 2715 667 1100 2716 662 1097 2717 662 1097 2718 667 1100 2719 668 1101 2720 668 1101 2721 660 1102 2722 662 1097 2723 660 1103 2724 668 1104 2725 669 1105 2726 669 1105 2727 534 911 2728 535 914 2729 535 914 2730 659 1106 2731 669 1105 2732 669 1105 2733 659 1106 2734 660 1103 2735 530 908 2736 532 907 2737 670 1107 2738 670 1107 2739 671 1108 2740 530 908 2741 672 1109 2742 671 1108 2743 670 1107 2744 670 1107 2745 673 1110 2746 672 1109 2747 674 1111 2748 672 1112 2749 673 1113 2750 673 1113 2751 675 1114 2752 674 1111 2753 676 1115 2754 674 1111 2755 675 1114 2756 675 1114 2757 677 1116 2758 676 1115 2759 674 1117 2760 676 1118 2761 678 1119 2762 678 1119 2763 679 1120 2764 674 1117 2765 674 1117 2766 679 1120 2767 680 1121 2768 680 1121 2769 672 1122 2770 674 1117 2771 672 1123 2772 680 1124 2773 681 1125 2774 681 1125 2775 529 903 2776 530 906 2777 530 906 2778 671 1126 2779 681 1125 2780 681 1125 2781 671 1126 2782 672 1123 2783 525 900 2784 527 899 2785 682 1127 2786 682 1127 2787 683 1128 2788 525 900 2789 684 1129 2790 683 1128 2791 682 1127 2792 682 1127 2793 685 1130 2794 684 1129 2795 686 1131 2796 684 1132 2797 685 1133 2798 685 1133 2799 687 1134 2800 686 1131 2801 686 1131 2802 687 1134 2803 688 1135 2804 688 1135 2805 689 1136 2806 686 1131 2807 689 1137 2808 691 1138 2809 690 1139 2810 690 1139 2811 686 1140 2812 689 1137 2813 686 1140 2814 690 1139 2815 692 1141 2816 692 1141 2817 684 1142 2818 686 1140 2819 684 1143 2820 692 1144 2821 693 1145 2822 693 1145 2823 683 1146 2824 684 1143 2825 683 1147 2826 693 1148 2827 524 895 2828 524 895 2829 525 898 2830 683 1147 2831 694 1149 2832 522 893 2833 520 892 2834 520 892 2835 695 1150 2836 694 1149 2837 694 1149 2838 695 1150 2839 696 1151 2840 696 1151 2841 697 1152 2842 694 1149 2843 697 1153 2844 696 1154 2845 698 1155 2846 698 1155 2847 699 1156 2848 697 1153 2849 699 1157 2850 698 1158 2851 700 1159 2852 700 1159 2853 701 1160 2854 699 1157 2855 700 1161 2856 698 1162 2857 702 1163 2858 702 1163 2859 703 1164 2860 700 1161 2861 704 1165 2862 702 1166 2863 698 1167 2864 695 1168 2865 705 1169 2866 704 1165 2867 704 1165 2868 696 1170 2869 695 1168 2870 698 1167 2871 696 1170 2872 704 1165 2873 520 890 2874 519 889 2875 705 1169 2876 705 1169 2877 695 1168 2878 520 890 2879 515 884 2880 517 883 2881 706 1171 2882 706 1171 2883 707 1172 2884 515 884 2885 708 1173 2886 707 1172 2887 706 1171 2888 706 1171 2889 709 1174 2890 708 1173 2891 710 1175 2892 708 1176 2893 709 1177 2894 709 1177 2895 711 1178 2896 710 1175 2897 712 1179 2898 710 1180 2899 711 1181 2900 711 1181 2901 713 1182 2902 712 1179 2903 710 1183 2904 712 1184 2905 714 1185 2906 714 1185 2907 715 1186 2908 710 1183 2909 710 1183 2910 715 1186 2911 716 1187 2912 716 1187 2913 708 1188 2914 710 1183 2915 708 1189 2916 716 1190 2917 717 1191 2918 717 1191 2919 514 879 2920 515 882 2921 515 882 2922 707 1192 2923 717 1191 2924 717 1191 2925 707 1192 2926 708 1189 2927 510 876 2928 512 875 2929 718 1193 2930 718 1193 2931 719 1194 2932 510 876 2933 720 1195 2934 719 1194 2935 718 1193 2936 718 1193 2937 721 1196 2938 720 1195 2939 722 1197 2940 720 1198 2941 721 1199 2942 721 1199 2943 723 1200 2944 722 1197 2945 724 1201 2946 722 1202 2947 723 1203 2948 723 1203 2949 725 1204 2950 724 1201 2951 724 1205 2952 727 1206 2953 726 1207 2954 726 1207 2955 722 1208 2956 724 1205 2957 722 1209 2958 726 1210 2959 728 1211 2960 728 1211 2961 729 1212 2962 719 1213 2963 719 1213 2964 720 1214 2965 728 1211 2966 728 1211 2967 720 1214 2968 722 1209 2969 729 1212 2970 509 871 2971 510 874 2972 510 874 2973 719 1213 2974 729 1212 2975 508 1215 2976 507 1216 2977 730 1217 2978 730 1217 2979 731 1218 2980 508 1215 2981 731 1219 2982 730 1220 2983 732 1221 2984 732 1221 2985 733 1222 2986 731 1219 2987 733 1223 2988 732 1224 2989 734 1225 2990 734 1225 2991 735 1226 2992 733 1223 2993 735 1227 2994 734 1228 2995 736 1229 2996 736 1229 2997 737 1230 2998 735 1227 2999 737 1231 3000 736 1232 3001 497 1233 3002 497 1233 3003 500 1234 3004 737 1231 3005 736 1232 3006 738 1235 3007 494 1236 3008 738 1237 3009 736 1229 3010 734 1228 3011 494 1236 3012 497 1233 3013 736 1232 3014 738 1235 3015 739 1238 3016 491 1239 3017 739 1240 3018 738 1237 3019 740 1241 3020 734 1228 3021 740 1241 3022 738 1237 3023 491 1239 3024 494 1236 3025 738 1235 3026 740 1241 3027 741 1242 3028 739 1240 3029 741 1243 3030 740 1244 3031 742 1245 3032 732 1224 3033 742 1245 3034 740 1244 3035 740 1244 3036 734 1225 3037 732 1224 3038 742 1245 3039 743 1246 3040 741 1243 3041 743 1247 3042 742 1248 3043 744 1249 3044 730 1220 3045 744 1249 3046 742 1248 3047 742 1248 3048 732 1221 3049 730 1220 3050 744 1249 3051 745 1250 3052 743 1247 3053 745 1251 3054 744 1252 3055 746 1253 3056 507 1216 3057 746 1253 3058 744 1252 3059 744 1252 3060 730 1217 3061 507 1216 3062 746 1253 3063 747 1254 3064 745 1251 3065 747 1255 3066 746 1256 3067 748 1257 3068 505 868 3069 748 1257 3070 746 1256 3071 746 1256 3072 507 869 3073 505 868 3074 748 1257 3075 749 1258 3076 747 1255 3077 749 1259 3078 748 1260 3079 750 1261 3080 503 864 3081 750 1261 3082 748 1260 3083 748 1260 3084 505 865 3085 503 864 3086 750 1261 3087 751 1262 3088 749 1259 3089 751 1263 3090 750 1264 3091 496 1265 3092 499 860 3093 496 1265 3094 750 1264 3095 750 1264 3096 503 861 3097 499 860 3098 751 1262 3099 752 1266 3100 753 1267 3101 752 1268 3102 751 1263 3103 493 1269 3104 496 1265 3105 493 1269 3106 751 1263 3107 753 1267 3108 749 1259 3109 751 1262 3110 753 1270 3111 754 1271 3112 755 1272 3113 754 1273 3114 753 1267 3115 752 1266 3116 755 1272 3117 756 1274 3118 753 1270 3119 749 1258 3120 753 1270 3121 756 1274 3122 756 1275 3123 755 1276 3124 757 1277 3125 757 1277 3126 758 1278 3127 756 1275 3128 747 1254 3129 756 1275 3130 758 1278 3131 756 1274 3132 747 1255 3133 749 1258 3134 758 1279 3135 757 1280 3136 759 1281 3137 759 1281 3138 760 1282 3139 758 1279 3140 745 1250 3141 758 1279 3142 760 1282 3143 758 1278 3144 745 1251 3145 747 1254 3146 760 1283 3147 759 1284 3148 761 1285 3149 761 1285 3150 762 1286 3151 760 1283 3152 743 1246 3153 760 1283 3154 762 1286 3155 760 1282 3156 743 1247 3157 745 1250 3158 762 1287 3159 761 1288 3160 763 1289 3161 763 1289 3162 764 1290 3163 762 1287 3164 741 1242 3165 762 1287 3166 764 1290 3167 762 1286 3168 741 1243 3169 743 1246 3170 764 1291 3171 763 1292 3172 485 1293 3173 485 1293 3174 488 1294 3175 764 1291 3176 739 1238 3177 764 1291 3178 488 1294 3179 764 1290 3180 739 1240 3181 741 1242 3182 763 1292 3183 765 1295 3184 482 1296 3185 765 1297 3186 763 1289 3187 761 1288 3188 482 1296 3189 485 1293 3190 763 1292 3191 765 1295 3192 766 1298 3193 479 1299 3194 766 1300 3195 765 1297 3196 767 1301 3197 761 1288 3198 767 1301 3199 765 1297 3200 479 1299 3201 482 1296 3202 765 1295 3203 767 1301 3204 768 1302 3205 766 1300 3206 768 1303 3207 767 1304 3208 769 1305 3209 759 1284 3210 769 1305 3211 767 1304 3212 767 1304 3213 761 1285 3214 759 1284 3215 769 1305 3216 770 1306 3217 768 1303 3218 770 1307 3219 769 1308 3220 771 1309 3221 757 1280 3222 771 1309 3223 769 1308 3224 769 1308 3225 759 1281 3226 757 1280 3227 771 1309 3228 772 1310 3229 770 1307 3230 772 1311 3231 771 1312 3232 773 1313 3233 755 1276 3234 773 1313 3235 771 1312 3236 771 1312 3237 757 1277 3238 755 1276 3239 773 1313 3240 774 1314 3241 772 1311 3242 774 1315 3243 773 1316 3244 775 1317 3245 754 1271 3246 775 1317 3247 773 1316 3248 773 1316 3249 755 1272 3250 754 1271 3251 775 1317 3252 776 1318 3253 774 1315 3254 776 1319 3255 775 1320 3256 777 1321 3257 778 1322 3258 777 1321 3259 775 1320 3260 775 1320 3261 754 1273 3262 778 1322 3263 777 1323 3264 778 1324 3265 487 1325 3266 490 1326 3267 487 1325 3268 778 1324 3269 752 1266 3270 778 1322 3271 754 1273 3272 778 1324 3273 752 1268 3274 490 1326 3275 777 1321 3276 779 1327 3277 776 1319 3278 779 1328 3279 777 1323 3280 484 1329 3281 487 1325 3282 484 1329 3283 777 1323 3284 779 1327 3285 780 1330 3286 781 1331 3287 780 1332 3288 779 1328 3289 481 1333 3290 484 1329 3291 481 1333 3292 779 1328 3293 781 1331 3294 776 1319 3295 779 1327 3296 781 1334 3297 782 1335 3298 783 1336 3299 782 1337 3300 781 1331 3301 780 1330 3302 783 1336 3303 784 1338 3304 781 1334 3305 776 1318 3306 781 1334 3307 784 1338 3308 784 1339 3309 783 1340 3310 785 1341 3311 785 1341 3312 786 1342 3313 784 1339 3314 774 1314 3315 784 1339 3316 786 1342 3317 784 1338 3318 774 1315 3319 776 1318 3320 786 1343 3321 785 1344 3322 787 1345 3323 787 1345 3324 788 1346 3325 786 1343 3326 772 1310 3327 786 1343 3328 788 1346 3329 786 1342 3330 772 1311 3331 774 1314 3332 788 1347 3333 787 1348 3334 789 1349 3335 789 1349 3336 790 1350 3337 788 1347 3338 770 1306 3339 788 1347 3340 790 1350 3341 788 1346 3342 770 1307 3343 772 1310 3344 790 1351 3345 789 1352 3346 791 1353 3347 791 1353 3348 792 1354 3349 790 1351 3350 768 1302 3351 790 1351 3352 792 1354 3353 790 1350 3354 768 1303 3355 770 1306 3356 792 1355 3357 791 1356 3358 473 1357 3359 473 1357 3360 476 1358 3361 792 1355 3362 766 1298 3363 792 1355 3364 476 1358 3365 792 1354 3366 766 1300 3367 768 1302 3368 791 1356 3369 793 1359 3370 470 1360 3371 793 1361 3372 791 1353 3373 789 1352 3374 470 1360 3375 473 1357 3376 791 1356 3377 793 1359 3378 794 1362 3379 469 1363 3380 794 1364 3381 793 1361 3382 795 1365 3383 789 1352 3384 795 1365 3385 793 1361 3386 469 1363 3387 470 1360 3388 793 1359 3389 795 1365 3390 796 1366 3391 794 1364 3392 796 1367 3393 795 1368 3394 797 1369 3395 787 1348 3396 797 1369 3397 795 1368 3398 795 1368 3399 789 1349 3400 787 1348 3401 797 1369 3402 798 1370 3403 796 1367 3404 798 1371 3405 797 1372 3406 799 1373 3407 785 1344 3408 799 1373 3409 797 1372 3410 797 1372 3411 787 1345 3412 785 1344 3413 799 1373 3414 800 1374 3415 798 1371 3416 800 1375 3417 799 1376 3418 801 1377 3419 783 1340 3420 801 1377 3421 799 1376 3422 799 1376 3423 785 1341 3424 783 1340 3425 801 1377 3426 802 1378 3427 800 1375 3428 802 1379 3429 801 1380 3430 803 1381 3431 782 1335 3432 803 1381 3433 801 1380 3434 801 1380 3435 783 1336 3436 782 1335 3437 803 1381 3438 804 1382 3439 802 1379 3440 804 1383 3441 803 1384 3442 805 1385 3443 806 1386 3444 805 1385 3445 803 1384 3446 803 1384 3447 782 1337 3448 806 1386 3449 805 1387 3450 806 1388 3451 475 1389 3452 478 1390 3453 475 1389 3454 806 1388 3455 780 1330 3456 806 1386 3457 782 1337 3458 806 1388 3459 780 1332 3460 478 1390 3461 805 1385 3462 807 1391 3463 804 1383 3464 807 1392 3465 805 1387 3466 472 1393 3467 475 1389 3468 472 1393 3469 805 1387 3470 807 1391 3471 467 1394 3472 808 1395 3473 467 812 3474 807 1392 3475 466 810 3476 472 1393 3477 466 810 3478 807 1392 3479 808 1395 3480 804 1383 3481 807 1391 3482 804 1382 3483 808 1396 3484 809 1397 3485 808 1395 3486 467 1394 3487 810 1398 3488 809 1397 3489 808 1396 3490 811 1399 3491 810 1398 3492 811 1400 3493 808 1395 3494 811 1399 3495 444 765 3496 446 768 3497 444 764 3498 811 1400 3499 810 1398 3500 446 768 3501 812 1401 3502 811 1399 3503 811 1399 3504 812 1401 3505 809 1397 3506 812 1402 3507 446 769 3508 448 772 3509 448 772 3510 813 1403 3511 812 1402 3512 812 1402 3513 813 1403 3514 814 1404 3515 814 1404 3516 809 1405 3517 812 1402 3518 802 1378 3519 809 1405 3520 814 1404 3521 814 1404 3522 800 1375 3523 802 1378 3524 800 1374 3525 814 1406 3526 815 1407 3527 815 1407 3528 814 1406 3529 813 1408 3530 815 1407 3531 798 1371 3532 800 1374 3533 798 1370 3534 815 1409 3535 816 1410 3536 816 1410 3537 815 1409 3538 817 1411 3539 813 1408 3540 817 1412 3541 815 1407 3542 817 1411 3543 450 777 3544 452 780 3545 450 776 3546 817 1412 3547 813 1408 3548 452 780 3549 818 1413 3550 817 1411 3551 817 1411 3552 818 1413 3553 816 1410 3554 818 1414 3555 452 781 3556 454 784 3557 454 784 3558 819 1415 3559 818 1414 3560 818 1414 3561 819 1415 3562 820 1416 3563 820 1416 3564 816 1417 3565 818 1414 3566 796 1366 3567 816 1417 3568 820 1416 3569 820 1416 3570 794 1364 3571 796 1366 3572 794 1362 3573 820 1418 3574 821 1419 3575 821 1419 3576 820 1418 3577 819 1420 3578 821 1419 3579 469 1363 3580 794 1362 3581 469 814 3582 821 1421 3583 464 805 3584 464 805 3585 821 1421 3586 463 804 3587 819 1420 3588 463 1422 3589 821 1419 3590 819 1420 3591 454 785 3592 456 788 3593 456 788 3594 463 1422 3595 819 1420 3596 816 1410 3597 796 1367 3598 798 1370 3599 813 1408 3600 448 773 3601 450 776 3602 810 1398 3603 443 763 3604 444 764 3605 443 799 3606 810 1423 3607 461 800 3608 461 800 3609 810 1423 3610 467 812 3611 809 1397 3612 802 1379 3613 804 1382 3614 481 1333 3615 478 1390 3616 780 1332 3617 476 1358 3618 479 1299 3619 766 1298 3620 493 1269 3621 490 1326 3622 752 1268 3623 488 1294 3624 491 1239 3625 739 1238 3626 463 804 3627 456 789 3628 458 792 3629 823 1424 3630 825 1425 3631 824 1426 3632 824 1426 3633 822 1427 3634 823 1424 3635 827 1424 3636 829 1425 3637 828 1426 3638 828 1426 3639 826 1427 3640 827 1424 3641 831 1428 3642 833 1429 3643 832 1430 3644 832 1430 3645 830 1431 3646 831 1428 3647 835 1432 3648 837 1433 3649 836 1434 3650 836 1434 3651 834 1435 3652 835 1432 3653 839 1436 3654 841 1437 3655 840 1438 3656 840 1438 3657 838 1439 3658 839 1436 3659 842 1440 3660 843 1441 3661 845 1442 3662 843 1443 3663 842 1444 3664 844 1445 3665 845 1442 3666 846 1446 3667 842 1440 3668 847 1447 3669 848 1448 3670 846 1449 3671 846 1449 3672 845 1450 3673 847 1447 3674 849 1451 3675 850 1452 3676 848 1453 3677 848 1453 3678 847 1454 3679 849 1451 3680 851 1455 3681 852 1456 3682 850 1457 3683 850 1457 3684 849 1458 3685 851 1455 3686 853 1459 3687 854 1460 3688 852 1461 3689 852 1461 3690 851 1462 3691 853 1459 3692 855 1463 3693 856 1464 3694 854 1465 3695 854 1465 3696 853 1466 3697 855 1463 3698 857 1467 3699 858 1468 3700 856 1469 3701 856 1469 3702 855 1470 3703 857 1467 3704 859 1471 3705 860 1472 3706 858 1473 3707 858 1473 3708 857 1474 3709 859 1471 3710 861 1475 3711 844 1476 3712 860 1477 3713 860 1477 3714 859 1478 3715 861 1475 3716 844 1445 3717 861 1479 3718 843 1443 3719 843 1443 3720 861 1479 3721 862 1480 3722 861 1475 3723 859 1478 3724 863 1481 3725 863 1481 3726 862 1482 3727 861 1475 3728 864 1483 3729 862 1482 3730 863 1481 3731 863 1481 3732 865 1484 3733 864 1483 3734 865 1485 3735 863 1486 3736 866 1487 3737 866 1487 3738 863 1486 3739 859 1471 3740 866 1487 3741 867 1488 3742 865 1485 3743 867 1489 3744 866 1490 3745 868 1491 3746 868 1491 3747 866 1490 3748 857 1467 3749 859 1471 3750 857 1474 3751 866 1487 3752 868 1491 3753 869 1492 3754 867 1489 3755 869 1493 3756 868 1494 3757 870 1495 3758 870 1495 3759 868 1494 3760 855 1463 3761 857 1467 3762 855 1470 3763 868 1491 3764 870 1495 3765 871 1496 3766 869 1493 3767 871 1497 3768 870 1498 3769 872 1499 3770 872 1499 3771 870 1498 3772 853 1459 3773 855 1463 3774 853 1466 3775 870 1495 3776 872 1499 3777 873 1500 3778 871 1497 3779 873 1501 3780 872 1502 3781 874 1503 3782 874 1503 3783 872 1502 3784 851 1455 3785 853 1459 3786 851 1462 3787 872 1499 3788 874 1503 3789 875 1504 3790 873 1501 3791 875 1505 3792 874 1506 3793 876 1507 3794 876 1507 3795 874 1506 3796 849 1451 3797 851 1455 3798 849 1458 3799 874 1503 3800 876 1507 3801 877 1508 3802 875 1505 3803 877 1509 3804 876 1510 3805 878 1511 3806 878 1511 3807 876 1510 3808 847 1447 3809 849 1451 3810 847 1454 3811 876 1507 3812 878 1511 3813 879 1512 3814 877 1509 3815 879 1513 3816 878 1514 3817 880 1515 3818 880 1515 3819 878 1514 3820 845 1442 3821 847 1447 3822 845 1450 3823 878 1511 3824 880 1515 3825 881 1516 3826 879 1513 3827 881 1517 3828 880 1518 3829 862 1480 3830 862 1480 3831 880 1518 3832 843 1443 3833 845 1442 3834 843 1441 3835 880 1515 3836 862 1480 3837 864 1519 3838 881 1517 3839 882 1520 3840 881 1517 3841 864 1519 3842 883 1521 3843 879 1513 3844 881 1516 3845 881 1516 3846 882 1522 3847 883 1521 3848 879 1512 3849 883 1523 3850 884 1524 3851 884 1524 3852 883 1523 3853 885 1525 3854 883 1521 3855 882 1522 3856 886 1526 3857 886 1526 3858 885 1527 3859 883 1521 3860 886 1526 3861 887 1528 3862 889 1529 3863 887 1530 3864 886 1531 3865 888 1532 3866 888 1532 3867 886 1531 3868 882 1520 3869 889 1529 3870 885 1527 3871 886 1526 3872 885 1525 3873 889 1533 3874 890 1534 3875 891 1535 3876 890 1534 3877 889 1533 3878 892 1536 3879 889 1529 3880 887 1528 3881 889 1533 3882 892 1537 3883 891 1535 3884 894 1538 3885 891 1535 3886 892 1537 3887 887 1528 3888 893 1539 3889 892 1536 3890 895 1540 3891 892 1536 3892 893 1539 3893 892 1537 3894 895 1541 3895 894 1538 3896 897 1542 3897 894 1538 3898 895 1541 3899 893 1539 3900 896 1543 3901 895 1540 3902 898 1544 3903 895 1540 3904 896 1543 3905 895 1541 3906 898 1545 3907 897 1542 3908 900 1546 3909 897 1542 3910 898 1545 3911 896 1543 3912 899 1547 3913 898 1544 3914 901 1548 3915 898 1544 3916 899 1547 3917 898 1545 3918 901 1549 3919 900 1546 3920 903 1550 3921 900 1546 3922 901 1549 3923 899 1547 3924 902 1551 3925 901 1548 3926 904 1552 3927 901 1548 3928 902 1551 3929 901 1549 3930 904 1553 3931 903 1550 3932 906 1554 3933 903 1550 3934 904 1553 3935 902 1551 3936 905 1555 3937 904 1552 3938 907 1556 3939 904 1552 3940 905 1555 3941 904 1553 3942 907 1557 3943 906 1554 3944 909 1558 3945 906 1554 3946 907 1557 3947 905 1555 3948 908 1559 3949 907 1556 3950 910 1560 3951 907 1556 3952 908 1559 3953 907 1557 3954 910 1561 3955 909 1558 3956 912 1562 3957 909 1558 3958 910 1561 3959 908 1559 3960 911 1563 3961 910 1560 3962 913 1564 3963 910 1560 3964 911 1563 3965 910 1561 3966 913 1565 3967 912 1562 3968 915 1566 3969 912 1562 3970 913 1565 3971 911 1563 3972 914 1567 3973 913 1564 3974 916 1568 3975 913 1564 3976 914 1567 3977 913 1565 3978 916 1569 3979 915 1566 3980 918 1570 3981 915 1566 3982 916 1569 3983 914 1567 3984 917 1571 3985 916 1568 3986 919 1572 3987 916 1568 3988 917 1571 3989 916 1569 3990 919 1573 3991 918 1570 3992 921 1574 3993 918 1570 3994 919 1573 3995 917 1571 3996 920 1575 3997 919 1572 3998 922 1576 3999 919 1572 4000 920 1575 4001 919 1573 4002 922 1577 4003 921 1574 4004 920 1575 4005 923 1578 4006 922 1576 4007 923 1579 4008 920 1580 4009 924 1581 4010 924 1581 4011 925 1582 4012 923 1579 4013 925 1583 4014 924 1584 4015 926 1585 4016 926 1585 4017 927 1586 4018 925 1583 4019 927 1587 4020 926 1588 4021 928 1589 4022 928 1589 4023 929 1590 4024 927 1587 4025 930 1591 4026 932 1592 4027 927 1593 4028 927 1593 4029 931 1594 4030 930 1591 4031 933 1595 4032 931 1596 4033 927 1597 4034 927 1597 4035 934 1598 4036 933 1595 4037 935 1599 4038 937 1600 4039 927 1601 4040 927 1601 4041 936 1602 4042 935 1599 4043 938 1603 4044 936 1604 4045 927 1605 4046 927 1605 4047 939 1606 4048 938 1603 4049 927 1607 4050 942 1608 4051 940 1609 4052 940 1609 4053 941 1610 4054 927 1607 4055 927 1611 4056 941 1612 4057 943 1613 4058 943 1613 4059 944 1614 4060 927 1611 4061 945 1615 4062 947 1616 4063 927 1617 4064 927 1617 4065 946 1618 4066 945 1615 4067 948 1619 4068 946 1620 4069 927 1621 4070 927 1621 4071 949 1622 4072 948 1619 4073 950 1623 4074 952 1624 4075 927 1625 4076 927 1625 4077 951 1626 4078 950 1623 4079 953 1627 4080 951 1628 4081 927 1629 4082 927 1629 4083 954 1630 4084 953 1627 4085 955 1631 4086 957 1632 4087 927 1633 4088 927 1633 4089 956 1634 4090 955 1631 4091 958 1635 4092 956 1636 4093 927 1637 4094 927 1637 4095 959 1638 4096 958 1635 4097 960 1639 4098 962 1640 4099 927 1641 4100 927 1641 4101 961 1642 4102 960 1639 4103 963 1643 4104 961 1644 4105 927 1645 4106 927 1645 4107 964 1646 4108 963 1643 4109 965 1647 4110 967 1648 4111 927 1649 4112 927 1649 4113 966 1650 4114 965 1647 4115 968 1651 4116 966 1652 4117 927 1653 4118 927 1653 4119 969 1654 4120 968 1651 4121 970 1655 4122 927 1656 4123 971 1657 4124 971 1658 4125 927 1659 4126 972 1660 4127 973 1661 4128 927 1662 4129 974 1663 4130 974 1664 4131 927 1665 4132 975 1666 4133 976 1667 4134 927 1668 4135 977 1669 4136 977 1670 4137 927 1671 4138 978 1672 4139 979 1673 4140 927 1674 4141 980 1675 4142 980 1676 4143 927 1677 4144 981 1678 4145 982 1679 4146 927 1680 4147 983 1681 4148 983 1682 4149 927 1683 4150 984 1684 4151 984 1684 4152 985 1685 4153 983 1682 4154 986 1686 4155 983 1682 4156 985 1685 4157 985 1685 4158 987 1687 4159 986 1686 4160 988 1688 4161 986 1686 4162 987 1687 4163 987 1687 4164 989 1689 4165 988 1688 4166 990 1690 4167 988 1688 4168 989 1689 4169 989 1689 4170 991 1691 4171 990 1690 4172 992 1692 4173 990 1690 4174 991 1691 4175 991 1691 4176 993 1693 4177 992 1692 4178 992 1694 4179 995 1695 4180 994 1696 4181 994 1696 4182 990 1697 4183 992 1694 4184 990 1697 4185 994 1696 4186 996 1698 4187 996 1698 4188 988 1699 4189 990 1697 4190 988 1699 4191 996 1698 4192 997 1700 4193 997 1700 4194 986 1701 4195 988 1699 4196 986 1701 4197 997 1700 4198 998 1702 4199 998 1702 4200 983 1681 4201 986 1701 4202 983 1681 4203 998 1702 4204 982 1679 4205 981 1678 4206 999 1703 4207 980 1676 4208 1000 1704 4209 980 1676 4210 999 1703 4211 999 1703 4212 1001 1705 4213 1000 1704 4214 1002 1706 4215 1000 1704 4216 1001 1705 4217 1001 1705 4218 1003 1707 4219 1002 1706 4220 1004 1708 4221 1002 1706 4222 1003 1707 4223 1003 1707 4224 1005 1709 4225 1004 1708 4226 1006 1710 4227 1004 1708 4228 1005 1709 4229 1005 1709 4230 1007 1711 4231 1006 1710 4232 1006 1712 4233 1009 1713 4234 1008 1714 4235 1008 1714 4236 1004 1715 4237 1006 1712 4238 1004 1715 4239 1008 1714 4240 1010 1716 4241 1010 1716 4242 1002 1717 4243 1004 1715 4244 1002 1717 4245 1010 1716 4246 1011 1718 4247 1011 1718 4248 1000 1719 4249 1002 1717 4250 1000 1719 4251 1011 1718 4252 1012 1720 4253 1012 1720 4254 980 1675 4255 1000 1719 4256 980 1675 4257 1012 1720 4258 979 1673 4259 978 1672 4260 1013 1721 4261 977 1670 4262 1014 1722 4263 977 1670 4264 1013 1721 4265 1013 1721 4266 1015 1723 4267 1014 1722 4268 1016 1724 4269 1014 1722 4270 1015 1723 4271 1015 1723 4272 1017 1725 4273 1016 1724 4274 1018 1726 4275 1016 1724 4276 1017 1725 4277 1017 1725 4278 1019 1727 4279 1018 1726 4280 1020 1728 4281 1018 1726 4282 1019 1727 4283 1019 1727 4284 1021 1729 4285 1020 1728 4286 1020 1730 4287 1023 1731 4288 1022 1732 4289 1022 1732 4290 1018 1733 4291 1020 1730 4292 1018 1733 4293 1022 1732 4294 1024 1734 4295 1024 1734 4296 1016 1735 4297 1018 1733 4298 1016 1735 4299 1024 1734 4300 1025 1736 4301 1025 1736 4302 1014 1737 4303 1016 1735 4304 1014 1737 4305 1025 1736 4306 1026 1738 4307 1026 1738 4308 977 1669 4309 1014 1737 4310 977 1669 4311 1026 1738 4312 976 1667 4313 975 1666 4314 1027 1739 4315 974 1664 4316 1028 1740 4317 974 1664 4318 1027 1739 4319 1027 1739 4320 1029 1741 4321 1028 1740 4322 1030 1742 4323 1028 1740 4324 1029 1741 4325 1029 1741 4326 1031 1743 4327 1030 1742 4328 1032 1744 4329 1030 1742 4330 1031 1743 4331 1031 1743 4332 1033 1745 4333 1032 1744 4334 1034 1746 4335 1032 1744 4336 1033 1745 4337 1033 1745 4338 1035 1747 4339 1034 1746 4340 1034 1748 4341 1037 1749 4342 1036 1750 4343 1036 1750 4344 1032 1751 4345 1034 1748 4346 1032 1751 4347 1036 1750 4348 1038 1752 4349 1038 1752 4350 1030 1753 4351 1032 1751 4352 1030 1753 4353 1038 1752 4354 1039 1754 4355 1039 1754 4356 1028 1755 4357 1030 1753 4358 1028 1755 4359 1039 1754 4360 1040 1756 4361 1040 1756 4362 974 1663 4363 1028 1755 4364 974 1663 4365 1040 1756 4366 973 1661 4367 972 1660 4368 1041 1757 4369 971 1658 4370 1042 1758 4371 971 1658 4372 1041 1757 4373 1041 1757 4374 1043 1759 4375 1042 1758 4376 1044 1760 4377 1042 1758 4378 1043 1759 4379 1043 1759 4380 1045 1761 4381 1044 1760 4382 1046 1762 4383 1044 1760 4384 1045 1761 4385 1045 1761 4386 1047 1763 4387 1046 1762 4388 1048 1764 4389 1046 1762 4390 1047 1763 4391 1047 1763 4392 1049 1765 4393 1048 1764 4394 1048 1766 4395 1051 1767 4396 1050 1768 4397 1050 1768 4398 1046 1769 4399 1048 1766 4400 1046 1769 4401 1050 1768 4402 1052 1770 4403 1052 1770 4404 1044 1771 4405 1046 1769 4406 1044 1771 4407 1052 1770 4408 1053 1772 4409 1053 1772 4410 1042 1773 4411 1044 1771 4412 1042 1773 4413 1053 1772 4414 1054 1774 4415 1054 1774 4416 971 1657 4417 1042 1773 4418 971 1657 4419 1054 1774 4420 970 1655 4421 966 1652 4422 968 1651 4423 1055 1775 4424 1055 1775 4425 1056 1776 4426 966 1652 4427 1056 1776 4428 1055 1775 4429 1057 1777 4430 1057 1777 4431 1058 1778 4432 1056 1776 4433 1059 1779 4434 1058 1778 4435 1057 1777 4436 1057 1777 4437 1060 1780 4438 1059 1779 4439 1061 1781 4440 1059 1779 4441 1060 1780 4442 1060 1780 4443 1062 1782 4444 1061 1781 4445 1061 1783 4446 1064 1784 4447 1063 1785 4448 1063 1785 4449 1059 1786 4450 1061 1783 4451 1059 1786 4452 1063 1785 4453 1065 1787 4454 1065 1787 4455 1066 1788 4456 1056 1789 4457 1056 1789 4458 1058 1790 4459 1065 1787 4460 1065 1787 4461 1058 1790 4462 1059 1786 4463 1066 1788 4464 965 1647 4465 966 1650 4466 966 1650 4467 1056 1789 4468 1066 1788 4469 961 1644 4470 963 1643 4471 1067 1791 4472 1067 1791 4473 1068 1792 4474 961 1644 4475 1068 1792 4476 1067 1791 4477 1069 1793 4478 1069 1793 4479 1070 1794 4480 1068 1792 4481 1071 1795 4482 1070 1794 4483 1069 1793 4484 1069 1793 4485 1072 1796 4486 1071 1795 4487 1073 1797 4488 1071 1795 4489 1072 1796 4490 1072 1796 4491 1074 1798 4492 1073 1797 4493 1073 1799 4494 1076 1800 4495 1075 1801 4496 1075 1801 4497 1071 1802 4498 1073 1799 4499 1071 1802 4500 1075 1801 4501 1077 1803 4502 1077 1803 4503 1078 1804 4504 1068 1805 4505 1068 1805 4506 1070 1806 4507 1077 1803 4508 1077 1803 4509 1070 1806 4510 1071 1802 4511 1078 1804 4512 960 1639 4513 961 1642 4514 961 1642 4515 1068 1805 4516 1078 1804 4517 956 1636 4518 958 1635 4519 1079 1807 4520 1079 1807 4521 1080 1808 4522 956 1636 4523 1081 1809 4524 1080 1808 4525 1079 1807 4526 1079 1807 4527 1082 1810 4528 1081 1809 4529 1083 1811 4530 1081 1812 4531 1082 1813 4532 1082 1813 4533 1084 1814 4534 1083 1811 4535 1085 1815 4536 1083 1811 4537 1084 1814 4538 1084 1814 4539 1086 1816 4540 1085 1815 4541 1083 1817 4542 1085 1818 4543 1087 1819 4544 1087 1819 4545 1088 1820 4546 1083 1817 4547 1083 1817 4548 1088 1820 4549 1089 1821 4550 1089 1821 4551 1081 1822 4552 1083 1817 4553 1081 1823 4554 1089 1824 4555 1090 1825 4556 1090 1825 4557 955 1631 4558 956 1634 4559 956 1634 4560 1080 1826 4561 1090 1825 4562 1090 1825 4563 1080 1826 4564 1081 1823 4565 951 1628 4566 953 1627 4567 1091 1827 4568 1091 1827 4569 1092 1828 4570 951 1628 4571 1093 1829 4572 1092 1828 4573 1091 1827 4574 1091 1827 4575 1094 1830 4576 1093 1829 4577 1095 1831 4578 1093 1832 4579 1094 1833 4580 1094 1833 4581 1096 1834 4582 1095 1831 4583 1097 1835 4584 1095 1831 4585 1096 1834 4586 1096 1834 4587 1098 1836 4588 1097 1835 4589 1095 1837 4590 1097 1838 4591 1099 1839 4592 1099 1839 4593 1100 1840 4594 1095 1837 4595 1095 1837 4596 1100 1840 4597 1101 1841 4598 1101 1841 4599 1093 1842 4600 1095 1837 4601 1093 1843 4602 1101 1844 4603 1102 1845 4604 1102 1845 4605 950 1623 4606 951 1626 4607 951 1626 4608 1092 1846 4609 1102 1845 4610 1102 1845 4611 1092 1846 4612 1093 1843 4613 946 1620 4614 948 1619 4615 1103 1847 4616 1103 1847 4617 1104 1848 4618 946 1620 4619 1105 1849 4620 1104 1848 4621 1103 1847 4622 1103 1847 4623 1106 1850 4624 1105 1849 4625 1107 1851 4626 1105 1852 4627 1106 1853 4628 1106 1853 4629 1108 1854 4630 1107 1851 4631 1107 1851 4632 1108 1854 4633 1109 1855 4634 1109 1855 4635 1110 1856 4636 1107 1851 4637 1110 1857 4638 1112 1858 4639 1111 1859 4640 1111 1859 4641 1107 1860 4642 1110 1857 4643 1107 1860 4644 1111 1859 4645 1113 1861 4646 1113 1861 4647 1105 1862 4648 1107 1860 4649 1105 1863 4650 1113 1864 4651 1114 1865 4652 1114 1865 4653 1104 1866 4654 1105 1863 4655 1104 1867 4656 1114 1868 4657 945 1615 4658 945 1615 4659 946 1618 4660 1104 1867 4661 1115 1869 4662 943 1613 4663 941 1612 4664 941 1612 4665 1116 1870 4666 1115 1869 4667 1115 1869 4668 1116 1870 4669 1117 1871 4670 1117 1871 4671 1118 1872 4672 1115 1869 4673 1118 1873 4674 1117 1874 4675 1119 1875 4676 1119 1875 4677 1120 1876 4678 1118 1873 4679 1120 1877 4680 1119 1878 4681 1121 1879 4682 1121 1879 4683 1122 1880 4684 1120 1877 4685 1121 1881 4686 1119 1882 4687 1123 1883 4688 1123 1883 4689 1124 1884 4690 1121 1881 4691 1125 1885 4692 1123 1886 4693 1119 1887 4694 1116 1888 4695 1126 1889 4696 1125 1885 4697 1125 1885 4698 1117 1890 4699 1116 1888 4700 1119 1887 4701 1117 1890 4702 1125 1885 4703 941 1610 4704 940 1609 4705 1126 1889 4706 1126 1889 4707 1116 1888 4708 941 1610 4709 936 1604 4710 938 1603 4711 1127 1891 4712 1127 1891 4713 1128 1892 4714 936 1604 4715 1129 1893 4716 1128 1892 4717 1127 1891 4718 1127 1891 4719 1130 1894 4720 1129 1893 4721 1131 1895 4722 1129 1896 4723 1130 1897 4724 1130 1897 4725 1132 1898 4726 1131 1895 4727 1133 1899 4728 1131 1900 4729 1132 1901 4730 1132 1901 4731 1134 1902 4732 1133 1899 4733 1131 1903 4734 1133 1904 4735 1135 1905 4736 1135 1905 4737 1136 1906 4738 1131 1903 4739 1131 1903 4740 1136 1906 4741 1137 1907 4742 1137 1907 4743 1129 1908 4744 1131 1903 4745 1129 1909 4746 1137 1910 4747 1138 1911 4748 1138 1911 4749 935 1599 4750 936 1602 4751 936 1602 4752 1128 1912 4753 1138 1911 4754 1138 1911 4755 1128 1912 4756 1129 1909 4757 931 1596 4758 933 1595 4759 1139 1913 4760 1139 1913 4761 1140 1914 4762 931 1596 4763 1141 1915 4764 1140 1914 4765 1139 1913 4766 1139 1913 4767 1142 1916 4768 1141 1915 4769 1143 1917 4770 1141 1918 4771 1142 1919 4772 1142 1919 4773 1144 1920 4774 1143 1917 4775 1145 1921 4776 1143 1922 4777 1144 1923 4778 1144 1923 4779 1146 1924 4780 1145 1921 4781 1145 1925 4782 1148 1926 4783 1147 1927 4784 1147 1927 4785 1143 1928 4786 1145 1925 4787 1143 1929 4788 1147 1930 4789 1149 1931 4790 1149 1931 4791 1150 1932 4792 1140 1933 4793 1140 1933 4794 1141 1934 4795 1149 1931 4796 1149 1931 4797 1141 1934 4798 1143 1929 4799 1150 1932 4800 930 1591 4801 931 1594 4802 931 1594 4803 1140 1933 4804 1150 1932 4805 929 1935 4806 928 1936 4807 1151 1937 4808 1151 1937 4809 1152 498 4810 929 1935 4811 1152 1938 4812 1151 1939 4813 1153 1940 4814 1153 1940 4815 1154 1941 4816 1152 1938 4817 1154 1942 4818 1153 1943 4819 1155 1944 4820 1155 1944 4821 1156 1945 4822 1154 1942 4823 1156 1946 4824 1155 1947 4825 1157 1948 4826 1157 1948 4827 1158 1949 4828 1156 1946 4829 1158 1950 4830 1157 1951 4831 918 1952 4832 918 1952 4833 921 1953 4834 1158 1950 4835 1157 1951 4836 1159 1954 4837 915 1955 4838 1159 1956 4839 1157 1948 4840 1155 1947 4841 915 1955 4842 918 1952 4843 1157 1951 4844 1159 1954 4845 1160 1957 4846 912 1958 4847 1160 1959 4848 1159 1956 4849 1161 1960 4850 1155 1947 4851 1161 1960 4852 1159 1956 4853 912 1958 4854 915 1955 4855 1159 1954 4856 1161 1960 4857 1162 1961 4858 1160 1959 4859 1162 1962 4860 1161 1963 4861 1163 1964 4862 1153 1943 4863 1163 1964 4864 1161 1963 4865 1161 1963 4866 1155 1944 4867 1153 1943 4868 1163 1964 4869 1164 1965 4870 1162 1962 4871 1164 1966 4872 1163 1967 4873 1165 1968 4874 1151 1939 4875 1165 1968 4876 1163 1967 4877 1163 1967 4878 1153 1940 4879 1151 1939 4880 1165 1968 4881 1166 1969 4882 1164 1966 4883 1166 1970 4884 1165 1971 4885 1167 1972 4886 928 1936 4887 1167 1972 4888 1165 1971 4889 1165 1971 4890 1151 1937 4891 928 1936 4892 1167 1972 4893 1168 1973 4894 1166 1970 4895 1168 1974 4896 1167 1975 4897 1169 1976 4898 926 1588 4899 1169 1976 4900 1167 1975 4901 1167 1975 4902 928 1589 4903 926 1588 4904 1169 1976 4905 1170 1977 4906 1168 1974 4907 1170 1978 4908 1169 1979 4909 1171 1980 4910 924 1584 4911 1171 1980 4912 1169 1979 4913 1169 1979 4914 926 1585 4915 924 1584 4916 1171 1980 4917 1172 1981 4918 1170 1978 4919 1172 1982 4920 1171 1983 4921 917 1984 4922 920 1580 4923 917 1984 4924 1171 1983 4925 1171 1983 4926 924 1581 4927 920 1580 4928 1172 1981 4929 1173 1985 4930 1174 1986 4931 1173 1987 4932 1172 1982 4933 914 1988 4934 917 1984 4935 914 1988 4936 1172 1982 4937 1174 1986 4938 1170 1978 4939 1172 1981 4940 1174 1989 4941 1175 1990 4942 1176 1991 4943 1175 1992 4944 1174 1986 4945 1173 1985 4946 1176 1991 4947 1177 1993 4948 1174 1989 4949 1170 1977 4950 1174 1989 4951 1177 1993 4952 1177 1994 4953 1176 1995 4954 1178 1996 4955 1178 1996 4956 1179 1997 4957 1177 1994 4958 1168 1973 4959 1177 1994 4960 1179 1997 4961 1177 1993 4962 1168 1974 4963 1170 1977 4964 1179 1998 4965 1178 1999 4966 1180 2000 4967 1180 2000 4968 1181 2001 4969 1179 1998 4970 1166 1969 4971 1179 1998 4972 1181 2001 4973 1179 1997 4974 1166 1970 4975 1168 1973 4976 1181 2002 4977 1180 2003 4978 1182 2004 4979 1182 2004 4980 1183 2005 4981 1181 2002 4982 1164 1965 4983 1181 2002 4984 1183 2005 4985 1181 2001 4986 1164 1966 4987 1166 1969 4988 1183 2006 4989 1182 2007 4990 1184 2008 4991 1184 2008 4992 1185 2009 4993 1183 2006 4994 1162 1961 4995 1183 2006 4996 1185 2009 4997 1183 2005 4998 1162 1962 4999 1164 1965 5000 1185 2010 5001 1184 2011 5002 906 2012 5003 906 2012 5004 909 2013 5005 1185 2010 5006 1160 1957 5007 1185 2010 5008 909 2013 5009 1185 2009 5010 1160 1959 5011 1162 1961 5012 1184 2011 5013 1186 2014 5014 903 2015 5015 1186 2016 5016 1184 2008 5017 1182 2007 5018 903 2015 5019 906 2012 5020 1184 2011 5021 1186 2014 5022 1187 2017 5023 900 2018 5024 1187 2019 5025 1186 2016 5026 1188 2020 5027 1182 2007 5028 1188 2020 5029 1186 2016 5030 900 2018 5031 903 2015 5032 1186 2014 5033 1188 2020 5034 1189 2021 5035 1187 2019 5036 1189 2022 5037 1188 2023 5038 1190 2024 5039 1180 2003 5040 1190 2024 5041 1188 2023 5042 1188 2023 5043 1182 2004 5044 1180 2003 5045 1190 2024 5046 1191 2025 5047 1189 2022 5048 1191 2026 5049 1190 2027 5050 1192 2028 5051 1178 1999 5052 1192 2028 5053 1190 2027 5054 1190 2027 5055 1180 2000 5056 1178 1999 5057 1192 2028 5058 1193 2029 5059 1191 2026 5060 1193 2030 5061 1192 2031 5062 1194 2032 5063 1176 1995 5064 1194 2032 5065 1192 2031 5066 1192 2031 5067 1178 1996 5068 1176 1995 5069 1194 2032 5070 1195 2033 5071 1193 2030 5072 1195 2034 5073 1194 2035 5074 1196 2036 5075 1175 1990 5076 1196 2036 5077 1194 2035 5078 1194 2035 5079 1176 1991 5080 1175 1990 5081 1196 2036 5082 1197 2037 5083 1195 2034 5084 1197 2038 5085 1196 2039 5086 1198 2040 5087 1199 2041 5088 1198 2040 5089 1196 2039 5090 1196 2039 5091 1175 1992 5092 1199 2041 5093 1198 2042 5094 1199 2043 5095 908 2044 5096 911 2045 5097 908 2044 5098 1199 2043 5099 1173 1985 5100 1199 2041 5101 1175 1992 5102 1199 2043 5103 1173 1987 5104 911 2045 5105 1198 2040 5106 1200 2046 5107 1197 2038 5108 1200 2047 5109 1198 2042 5110 905 2048 5111 908 2044 5112 905 2048 5113 1198 2042 5114 1200 2046 5115 1201 2049 5116 1202 2050 5117 1201 2051 5118 1200 2047 5119 902 2052 5120 905 2048 5121 902 2052 5122 1200 2047 5123 1202 2050 5124 1197 2038 5125 1200 2046 5126 1202 2053 5127 1203 2054 5128 1204 2055 5129 1203 2056 5130 1202 2050 5131 1201 2049 5132 1204 2055 5133 1205 2057 5134 1202 2053 5135 1197 2037 5136 1202 2053 5137 1205 2057 5138 1205 2058 5139 1204 2059 5140 1206 2060 5141 1206 2060 5142 1207 2061 5143 1205 2058 5144 1195 2033 5145 1205 2058 5146 1207 2061 5147 1205 2057 5148 1195 2034 5149 1197 2037 5150 1207 2062 5151 1206 2063 5152 1208 2064 5153 1208 2064 5154 1209 2065 5155 1207 2062 5156 1193 2029 5157 1207 2062 5158 1209 2065 5159 1207 2061 5160 1193 2030 5161 1195 2033 5162 1209 2066 5163 1208 2067 5164 1210 2068 5165 1210 2068 5166 1211 2069 5167 1209 2066 5168 1191 2025 5169 1209 2066 5170 1211 2069 5171 1209 2065 5172 1191 2026 5173 1193 2029 5174 1211 2070 5175 1210 2071 5176 1212 2072 5177 1212 2072 5178 1213 2073 5179 1211 2070 5180 1189 2021 5181 1211 2070 5182 1213 2073 5183 1211 2069 5184 1189 2022 5185 1191 2025 5186 1213 2074 5187 1212 2075 5188 894 2076 5189 894 2076 5190 897 2077 5191 1213 2074 5192 1187 2017 5193 1213 2074 5194 897 2077 5195 1213 2073 5196 1187 2019 5197 1189 2021 5198 1212 2075 5199 1214 2078 5200 891 2079 5201 1214 2080 5202 1212 2072 5203 1210 2071 5204 891 2079 5205 894 2076 5206 1212 2075 5207 1214 2078 5208 1215 2081 5209 890 2082 5210 1215 2083 5211 1214 2080 5212 1216 2084 5213 1210 2071 5214 1216 2084 5215 1214 2080 5216 890 2082 5217 891 2079 5218 1214 2078 5219 1216 2084 5220 1217 2085 5221 1215 2083 5222 1217 2086 5223 1216 2087 5224 1218 2088 5225 1208 2067 5226 1218 2088 5227 1216 2087 5228 1216 2087 5229 1210 2068 5230 1208 2067 5231 1218 2088 5232 1219 2089 5233 1217 2086 5234 1219 2090 5235 1218 2091 5236 1220 2092 5237 1206 2063 5238 1220 2092 5239 1218 2091 5240 1218 2091 5241 1208 2064 5242 1206 2063 5243 1220 2092 5244 1221 2093 5245 1219 2090 5246 1221 2094 5247 1220 2095 5248 1222 2096 5249 1204 2059 5250 1222 2096 5251 1220 2095 5252 1220 2095 5253 1206 2060 5254 1204 2059 5255 1222 2096 5256 1223 2097 5257 1221 2094 5258 1223 2098 5259 1222 2099 5260 1224 2100 5261 1203 2054 5262 1224 2100 5263 1222 2099 5264 1222 2099 5265 1204 2055 5266 1203 2054 5267 1224 2100 5268 1225 2101 5269 1223 2098 5270 1225 2102 5271 1224 2103 5272 1226 2104 5273 1227 2105 5274 1226 2104 5275 1224 2103 5276 1224 2103 5277 1203 2056 5278 1227 2105 5279 1226 2106 5280 1227 2107 5281 896 2108 5282 899 2109 5283 896 2108 5284 1227 2107 5285 1201 2049 5286 1227 2105 5287 1203 2056 5288 1227 2107 5289 1201 2051 5290 899 2109 5291 1226 2104 5292 1228 2110 5293 1225 2102 5294 1228 2111 5295 1226 2106 5296 893 2112 5297 896 2108 5298 893 2112 5299 1226 2106 5300 1228 2110 5301 888 2113 5302 1229 2114 5303 888 1532 5304 1228 2111 5305 887 1530 5306 893 2112 5307 887 1530 5308 1228 2111 5309 1229 2114 5310 1225 2102 5311 1228 2110 5312 1225 2101 5313 1229 2115 5314 1230 2116 5315 1229 2114 5316 888 2113 5317 1231 2117 5318 1230 2116 5319 1229 2115 5320 1232 2118 5321 1231 2117 5322 1232 2119 5323 1229 2114 5324 1232 2118 5325 865 1485 5326 867 1488 5327 865 1484 5328 1232 2119 5329 1231 2117 5330 867 1488 5331 1233 2120 5332 1232 2118 5333 1232 2118 5334 1233 2120 5335 1230 2116 5336 1233 2121 5337 867 1489 5338 869 1492 5339 869 1492 5340 1234 2122 5341 1233 2121 5342 1233 2121 5343 1234 2122 5344 1235 2123 5345 1235 2123 5346 1230 2124 5347 1233 2121 5348 1223 2097 5349 1230 2124 5350 1235 2123 5351 1235 2123 5352 1221 2094 5353 1223 2097 5354 1221 2093 5355 1235 2125 5356 1236 2126 5357 1236 2126 5358 1235 2125 5359 1234 2127 5360 1236 2126 5361 1219 2090 5362 1221 2093 5363 1219 2089 5364 1236 2128 5365 1237 2129 5366 1237 2129 5367 1236 2128 5368 1238 2130 5369 1234 2127 5370 1238 2131 5371 1236 2126 5372 1238 2130 5373 871 1497 5374 873 1500 5375 871 1496 5376 1238 2131 5377 1234 2127 5378 873 1500 5379 1239 2132 5380 1238 2130 5381 1238 2130 5382 1239 2132 5383 1237 2129 5384 1239 2133 5385 873 1501 5386 875 1504 5387 875 1504 5388 1240 2134 5389 1239 2133 5390 1239 2133 5391 1240 2134 5392 1241 2135 5393 1241 2135 5394 1237 2136 5395 1239 2133 5396 1217 2085 5397 1237 2136 5398 1241 2135 5399 1241 2135 5400 1215 2083 5401 1217 2085 5402 1215 2081 5403 1241 2137 5404 1242 2138 5405 1242 2138 5406 1241 2137 5407 1240 2139 5408 1242 2138 5409 890 2082 5410 1215 2081 5411 890 1534 5412 1242 2140 5413 885 1525 5414 885 1525 5415 1242 2140 5416 884 1524 5417 1240 2139 5418 884 2141 5419 1242 2138 5420 1240 2139 5421 875 1505 5422 877 1508 5423 877 1508 5424 884 2141 5425 1240 2139 5426 1237 2129 5427 1217 2086 5428 1219 2089 5429 1234 2127 5430 869 1493 5431 871 1496 5432 1231 2117 5433 864 1483 5434 865 1484 5435 864 1519 5436 1231 2142 5437 882 1520 5438 882 1520 5439 1231 2142 5440 888 1532 5441 1230 2116 5442 1223 2098 5443 1225 2101 5444 902 2052 5445 899 2109 5446 1201 2051 5447 897 2077 5448 900 2018 5449 1187 2017 5450 914 1988 5451 911 2045 5452 1173 1987 5453 909 2013 5454 912 1958 5455 1160 1957 5456 884 1524 5457 877 1509 5458 879 1512 5459 1244 2143 5460 1246 2144 5461 1245 2145 5462 1245 2145 5463 1243 2146 5464 1244 2143 5465 1248 2143 5466 1250 2144 5467 1249 2145 5468 1249 2145 5469 1247 2146 5470 1248 2143 5471 1252 2147 5472 1254 2148 5473 1253 2149 5474 1253 2149 5475 1251 2150 5476 1252 2147 5477 1256 2151 5478 1258 2152 5479 1257 2153 5480 1257 2153 5481 1255 2154 5482 1256 2151 5483 1260 2155 5484 1262 2156 5485 1261 2157 5486 1261 2157 5487 1259 2158 5488 1260 2155 5489</p>
        </triangles>
      </mesh>
    </geometry>
  </library_geometries>
  <library_visual_scenes>
    <visual_scene id="Scene" name="Scene">
      <node id="wonder_palm" name="wonder_palm" type="NODE">
        <matrix sid="transform">1 0 0 0 0 1 0 0 0 0 1 0 0 0 0 1</matrix>
        <instance_geometry url="#palm_straightMesh_005-mesh" name="wonder_palm">
          <bind_material>
            <technique_common>
              <instance_material symbol="A_A_A-Textura_garamante-material" target="#A_A_A-Textura_garamante-material">
                <bind_vertex_input semantic="MapaUV" input_semantic="TEXCOORD" input_set="0"/>
              </instance_material>
            </technique_common>
          </bind_material>
        </instance_geometry>
      </node>
    </visual_scene>
  </library_visual_scenes>
  <scene>
    <instance_visual_scene url="#Scene"/>
  </scene>
</COLLADA>