<?xml version="1.0" encoding="utf-8"?>
<COLLADA xmlns="http://www.collada.org/2005/11/COLLADASchema" version="1.4.1" xmlns:xsi="http://www.w3.org/2001/XMLSchema-instance">
  <asset>
    <contributor>
      <author>Blender User</author>
      <authoring_tool>Blender 4.3.1 commit date:2024-12-10, commit time:07:46, hash:33d812126174</authoring_tool>
    </contributor>
    <created>2026-09-12T15:10:32</created>
    <modified>2026-09-12T15:10:32</modified>
    <unit name="meter" meter="1"/>
    <up_axis>Z_UP</up_axis>
  </asset>
  <library_effects>
    <effect id="A-exturas_soninké_009-effect">
      <profile_COMMON>
        <technique sid="common">
          <lambert>
            <emission>
              <color sid="emission">0 0 0 1</color>
            </emission>
            <diffuse>
              <color sid="diffuse">0.8 0.8 0.8 1</color>
            </diffuse>
            <index_of_refraction>
              <float sid="ior">1.45</float>
            </index_of_refraction>
          </lambert>
        </technique>
      </profile_COMMON>
    </effect>
  </library_effects>
  <library_images/>
  <library_materials>
    <material id="A-exturas_soninké_009-material" name="A-exturas soninké.009">
      <instance_effect url="#A-exturas_soninké_009-effect"/>
    </material>
  </library_materials>
  <library_geometries>
    <geometry id="Cubo_143-mesh" name="Cubo.143">
      <mesh>
        <source id="Cubo_143-mesh-positions">
          <float_array id="Cubo_143-mesh-positions-array" count="1329">5.910248 -4.776613 -2.865782 6.836276 -3.385314 -2.865782 5.406881 -4.273246 0.197277 4.518953 -5.916442 -2.865782 4.141427 -5.054255 0.197277 2.875967 -4.77867 0.197277 3.12765 -5.409606 -2.865782 1.73635 -5.49953 -2.865782 0.3450507 -5.826888 -2.865782 1.610508 -4.867923 0.197277 0.3450507 -5.377819 0.197277 -0.9204075 -4.99614 0.197277 -1.04625 -5.552846 -2.865782 -2.43755 -5.516241 -2.865782 -2.185866 -5.020027 0.197277 -3.451325 -5.193391 0.197277 -5.559049 -3.00779 0.197277 -4.716782 -4.273246 0.197277 -5.220149 -4.776613 -2.865782 -6.146173 -3.385314 -2.865782 -6.119132 -1.994016 -2.865782 -5.534454 -1.742331 0.197277 -5.913706 -0.6027137 -2.865782 -6.187872 0.788585 -2.865782 -5.347606 -0.4768731 0.197277 -5.596974 0.788585 0.197277 6.287076 0.788585 0.197277 6.037708 -0.4768731 0.197277 6.224556 -1.742331 0.197277 6.603808 -0.6027137 -2.865782 6.877974 0.788585 -2.865782 6.603808 2.179884 -2.865782 6.037708 2.054043 0.197277 6.224556 3.319498 0.197277 1.610508 6.573309 0.197277 -5.347606 2.054043 0.197277 -5.534454 3.319498 0.197277 -5.913706 2.179884 -2.865782 -0.9204075 6.573309 0.197277 -2.185866 6.418404 0.197277 -1.046249 7.148565 -2.865782 0.3450507 6.899836 0.197277 0.3450507 7.510303 -2.865782 1.73635 7.148565 -2.865782 3.12765 6.971795 -2.865782 2.875967 6.418404 0.197277 4.141427 6.715411 0.197277 6.249151 4.584959 0.197277 5.406881 5.850417 0.197277 5.910248 6.353784 -2.865782 6.836276 4.962485 -2.865782 6.809234 3.571186 -2.865782 4.518953 7.30754 -2.865782 -2.43755 6.971795 -2.865782 -3.82885 7.30754 -2.865782 -3.451325 6.715411 0.197277 -4.716782 5.850417 0.197277 -5.220149 6.353784 -2.865782 -6.146173 4.962485 -2.865782 -6.119132 3.571186 -2.865782 -5.559049 4.584959 0.197277 6.809234 -1.994016 -2.865782 6.249151 -3.00779 0.197277 -3.82885 -5.974295 -2.865782 -0.8834083 2.226235 5.860296 0.3385002 3.369696 5.860296 -0.8834083 2.226235 5.946462 1.834672 -0.6783226 5.860296 1.834672 -0.6783226 5.946462 3.056583 0.4651392 5.860296 3.056583 0.4651392 5.946462 0.3385002 3.369696 5.946462 0.1232511 -2.043941 5.867265 -0.3108537 -2.208366 6.348771 -0.2797165 -2.080144 5.867265 0.1956966 -2.162856 6.348771 0.3169281 -1.696795 5.867265 0.3040299 -1.299485 5.867265 0.4391583 -1.726476 6.348771 0.1972694 -1.364528 6.732318 0.4229448 -1.227038 6.348771 0.20719 -1.670148 6.732318 0.1244049 -2.045835 6.973071 0.05820935 -1.937179 6.732318 0.3188745 -1.697268 6.973071 -0.03695863 -1.080463 6.973071 0.3059232 -1.298332 6.973071 -0.2802121 -2.082187 6.973071 -0.375384 -1.225468 6.732318 -0.4415775 -1.116814 6.973071 -0.06541079 -1.197619 6.732318 -0.006319165 -0.9542799 6.348771 -0.4404237 -1.118709 5.867265 -0.5128707 -0.9997902 6.348771 -0.03745502 -1.082502 5.867265 -0.5243656 -1.492501 6.732318 -0.6341001 -1.465854 5.867265 -0.756332 -1.43617 6.348771 -0.5144442 -1.798121 6.732318 -0.6212019 -1.863161 5.867265 -0.7401189 -1.935608 6.348771 -0.6360462 -1.465382 6.973071 -0.6230958 -1.864314 6.973071 -0.2517643 -1.965028 6.732318 -0.7064544 -0.8294448 5.864736 -0.4638426 -0.4658286 6.467922 -0.8634009 -1.262753 6.467922 -0.9436191 -1.000397 5.864736 -0.4508214 -0.9653577 6.467922 -0.7139391 -0.5422983 5.864736 -0.7324063 -0.04443156 6.467922 -0.8683176 -0.3000669 5.864736 -1.240753 -0.02862167 6.467922 -1.160533 -0.2909775 5.864736 -1.235833 -0.9913101 5.864736 -1.390213 -0.7490757 5.864736 -1.397697 -0.4619292 5.864736 -1.640311 -0.8255481 6.467922 -1.653332 -0.3260163 6.467922 -1.371748 -1.246942 6.467922 3.639519 -4.048314 0.1192363 2.563737 -2.872404 6.556413 3.639519 5.143623 0.1192363 2.577906 4.057611 6.556413 -3.369924 -4.048314 0.1192363 -2.257061 -2.919711 6.556413 -3.369924 5.143623 0.1192363 -2.317209 4.031379 6.556413 4.779111 0.6163758 0.1192363 3.478146 0.5512962 6.556413 -4.258746 1.364554 0.1192363 -2.954118 1.09411 6.556413 0.265924 6.254154 0.1192367 0.3689838 4.859823 6.556413 0.03523111 -3.833412 6.556413 4.051845 0.5731773 6.556413 3.026577 4.482837 6.556413 0.2560263 5.44917 6.556413 -2.760633 4.482837 6.556413 -3.545601 1.187711 6.556413 -2.760633 -3.336654 6.556413 0.1366401 -4.497963 6.556413 3.026577 -3.336654 6.556413 -2.954118 1.09411 5.862126 3.478146 0.5512962 5.862126 0.3689838 4.859823 5.862126 0.03523111 -3.833412 5.862126 2.577906 4.057611 5.862126 -2.317209 4.031379 5.862126 -2.257061 -2.919711 5.862126 2.563737 -2.872404 5.862126 3.593865 -3.995853 2.987099 3.593865 5.099559 2.987099 -3.325089 5.099559 2.987099 -3.325089 -3.995853 2.987099 -4.203315 1.337479 2.987099 4.722384 0.6025542 2.987099 0.2631509 6.197733 2.987099 0.1225875 -4.754196 4.153326 0.9962646 -4.189491 6.556413 1.14034 -5.042496 0.1192363 1.132405 -4.977225 2.987099 1.092851 -4.748358 4.153326 -1.275789 -4.902486 0.1192363 -1.034832 -4.069386 6.556413 -1.25564 -4.839021 2.987099 -1.191487 -4.615407 4.153326 1.14034 -4.475532 0.1192367 -1.191487 -4.447827 4.153326 1.092851 -4.456452 4.153326 -1.275789 -4.466448 0.1192367 2.311583 -4.444038 2.987099 2.20397 -4.23546 4.153326 2.360655 5.467869 2.987099 2.250418 5.275842 4.153326 1.627107 5.68695 2.987099 1.549339 5.487279 4.153326 1.548845 -4.710633 2.987099 1.475261 -4.491909 4.153326 1.452389 -4.432359 2.987099 2.172576 -4.176351 2.987099 1.461144 -4.458921 4.153326 2.187583 -4.214349 4.153326 2.216912 5.226039 4.153326 2.20497 5.183598 2.987099 1.524734 5.412069 2.987099 1.542442 5.456307 4.153326 -3.52818 4.420608 2.987099 -3.357918 4.272801 4.153326 -3.77358 3.663198 2.987099 -3.595047 3.545196 4.153326 -3.008517 -2.11829 6.556413 -2.477184 -1.862575 6.556413 -2.477184 -1.862575 5.862126 3.950241 -2.774597 2.987099 -3.602424 -2.522026 2.987099 3.775947 -2.646249 4.153326 -3.42987 -2.404727 4.153326 4.180398 -1.985867 2.987099 3.999987 -1.898323 4.153326 -3.136413 -1.470523 6.556413 -2.58715 -1.318929 6.556413 -2.58715 -1.318929 5.862126 -3.74934 -1.709273 2.987099 -3.57126 -1.639907 4.153326 3.711684 -2.603056 4.155948 3.744675 -2.622319 2.98972 3.978717 -1.887697 2.98972 3.952104 -1.880922 4.155948 -3.336273 4.264818 4.148583 -3.297939 4.229496 2.982356 -3.539118 3.528942 2.982356 -3.558504 3.543633 4.148583 -3.542259 -1.631965 2.987099 -3.382767 -2.376274 2.987099 -3.515649 -1.615236 4.153326 -3.34323 -2.349996 4.153326 0.40665 -5.322939 5.058606 0.40665 6.353121 5.058606 0.40665 -5.322939 5.580462 -0.1152069 -5.322939 5.058606 -0.1152069 -5.322939 5.580462 -0.1152069 6.353121 5.058606 -0.1152069 6.353121 5.580462 0.40665 6.353121 5.580462 2.488193 -4.722765 5.058606 2.488193 5.752947 5.058606 2.488193 -4.722765 5.580462 1.966336 -4.722765 5.058606 1.966336 -4.722765 5.580462 1.966336 5.752947 5.058606 1.966336 5.752947 5.580462 2.488193 5.752947 5.580462 -1.615887 -4.722765 5.058606 -1.615887 5.752947 5.058606 -1.615887 -4.722765 5.580462 -2.137744 -4.722765 5.058606 -2.137744 -4.722765 5.580462 -2.137744 5.752947 5.058606 -2.137744 5.752947 5.580462 -1.615887 5.752947 5.580462 -4.593948 0.2499475 5.058606 4.901589 0.2489117 5.058606 -4.593948 0.2499475 5.580462 -4.593894 0.771804 5.058606 -4.593894 0.771804 5.580462 4.901643 0.7707681 5.058606 4.901643 0.7707681 5.580462 4.901589 0.2489117 5.580462 -3.993543 -2.909077 5.058606 4.301643 -2.90999 5.058606 -3.993543 -2.909077 5.580462 -3.993492 -2.38722 5.058606 -3.993492 -2.38722 5.580462 4.301697 -2.388133 5.058606 4.301697 -2.388133 5.580462 4.301643 -2.90999 5.580462 -3.994002 3.37554 5.058606 4.301187 3.374628 5.058606 -3.994002 3.37554 5.580462 -3.993948 3.897396 5.058606 -3.993948 3.897396 5.580462 4.301238 3.896484 5.058606 4.301238 3.896484 5.580462 4.301187 3.374628 5.580462 1.14034 -4.475532 0.1428354 0.111124 -4.498857 0.1428354 1.132405 -4.471299 3.010698 0.1168332 -4.494324 3.010698 1.092851 -4.456452 4.176924 0.1225875 -4.478598 4.176924 -1.191487 -4.447827 4.176924 -1.25564 -4.462332 3.010698 -1.275789 -4.466448 0.1428354 -3.906738 0.7589463 0.1300016 -3.900312 0.7591812 2.880349 -4.759956 0.7650405 0.1319947 -3.900645 1.612172 0.1299144 -4.755537 0.7652892 2.452372 -4.749444 1.618515 2.452284 -3.894219 1.612407 2.880262 -4.753863 1.618263 0.1319078 -2.812522 -4.135254 0.1300016 -2.808197 -4.130493 2.880349 -3.413262 -4.741167 0.1319947 -3.418437 -3.534507 0.1299144 -3.410355 -4.737831 2.452372 -4.019178 -4.140417 0.1319078 -4.016268 -4.137084 2.452285 -3.414114 -3.529746 2.880262 3.707631 -3.539457 0.1300016 3.703479 -3.534546 2.880349 4.22952 -4.214472 0.1319947 3.032607 -4.061352 0.1299144 4.226595 -4.211151 2.452372 3.028455 -4.056438 2.880262 3.551574 -4.733046 2.452285 3.554499 -4.73637 0.1319078 4.429215 0.148859 0.1319947 4.435641 0.1490936 2.882342 5.282433 0.142765 0.1300016 4.435308 1.002085 0.1319078 5.288859 0.1430025 2.450374 5.288526 0.9959908 0.1299144 5.294952 0.9962252 2.450286 4.441734 1.00232 2.882255 3.029364 5.219334 0.1300016 3.024708 5.214894 2.880349 3.672135 5.78046 0.1319947 3.590496 4.576554 0.1299144 3.668994 5.777343 2.452372 4.233267 5.137683 0.1319078 4.230126 5.134566 2.452285 3.58584 4.572117 2.880262 -3.414837 4.574718 0.1300016 -3.410085 4.57038 2.880349 -4.019397 5.176818 0.1319947 -2.812731 5.179281 0.1299144 -4.016067 5.173902 2.452372 -2.80798 5.174946 2.880262 -3.413961 5.778465 2.452285 -3.417291 5.781381 0.1319078 -0.2025468 6.02148 0.1319078 -0.2028372 6.027905 2.882255 -0.2037305 6.874719 0.1299144 0.6506988 6.022665 0.1319947 -0.203933 6.881145 2.450287 0.6493134 6.882327 2.450374 0.6504084 6.029088 2.882342 0.6495156 6.875901 0.1300016 -0.7925505 -0.7871248 5.979999 -0.5724864 -0.4990482 6.517179 -0.8008233 -0.5688627 5.979021 -0.5582706 -0.9122745 6.52542 -0.8968362 -1.153404 6.51993 -0.9703695 -0.9129096 5.978856 -0.7917954 -0.14853 6.52542 -0.9160239 -0.3832998 5.979999 -1.207317 -0.1379699 6.51993 -1.133783 -0.3784644 5.978856 -1.188127 -0.9080772 5.979999 -1.303328 -0.722511 5.979021 -1.311602 -0.5042493 5.979999 -1.531667 -0.7923288 6.517179 -1.545882 -0.3790998 6.52542 -1.312358 -1.142844 6.52542 3.713775 0.5501574 6.359724 2.765879 4.228173 5.670066 2.77058 4.232439 6.359547 4.563129 0.6157779 0.1180436 3.420498 4.933794 2.957087 3.464955 4.978446 0.1119316 -1.401321 -4.268337 4.36161 0.1374211 -4.298703 6.362706 0.1344249 -4.515762 4.358115 3.858573 0.572193 6.359562 0.03323847 -4.081167 6.360725 2.751228 -3.041649 5.670225 2.755859 -3.045828 6.359772 0.3748554 5.098425 5.669574 0.3749547 5.102466 6.360597 1.299911 -4.450299 4.36065 -1.396993 -4.4352 4.358481 3.463008 -3.891615 0.1147765 1.32279 -4.697376 0.1081632 2.400163 -4.195764 2.790328 -2.507602 4.206129 5.669208 -2.512461 4.21059 6.358569 3.48438 -2.734466 4.351254 3.712281 -2.848449 2.80159 3.424671 -3.83406 2.956889 0.9224079 -4.01064 6.363546 2.295295 -3.934683 4.327422 1.189699 -4.349028 4.352331 -3.180417 1.101196 5.664819 -3.182013 1.101245 6.357714 -2.600312 -3.208059 6.359193 -0.9728652 -3.91248 6.34824 3.710943 0.5501718 5.667801 -2.796182 -1.355942 5.654334 1.304228 -4.341522 4.35021 -3.182151 -3.898758 0.1152307 -1.457954 -4.546185 2.962299 -1.485832 -4.59009 0.1137986 4.507488 0.5966319 2.964521 2.871602 4.336572 6.361704 -3.373005 -2.613742 2.802557 -3.142398 -3.844695 2.956777 -2.456959 -3.087537 6.359397 0.03327703 -4.076307 5.670279 2.347219 4.98249 4.336344 2.453919 5.224782 2.792182 2.354633 -4.055994 2.783117 2.351851 -4.08684 4.363326 0.252332 5.250945 6.361092 -3.1581 4.932264 2.957731 0.2567737 5.976828 2.962222 -1.485774 -4.455651 0.1221145 1.380996 5.556117 2.77649 1.338806 5.501655 4.363326 2.389099 5.110188 4.363326 1.267683 -4.541715 4.363326 1.254231 -4.510335 2.779407 1.313925 -4.596132 2.788865 1.31736 5.470914 2.782211 1.263361 5.321964 4.341387 2.388 5.070342 2.780567 1.332671 -4.607685 2.950661 1.350337 -4.470273 0.1207376 -4.045254 1.357204 0.1204794 -3.193077 4.980054 0.1178507 -3.630741 3.382344 2.744987 -2.610855 4.342188 6.359289 -3.389712 3.305799 4.300332 -3.063324 4.375899 4.318308 0.2619021 6.033513 0.1129433 -3.281178 4.524855 2.815806 -3.198087 4.429635 4.340577 -3.166809 4.392882 2.771026 -3.587178 -1.451423 2.759607 -3.268254 -2.553861 2.777825 -2.837212 -2.083975 6.347601 -3.157125 -2.507452 4.340217 -3.368865 -1.323486 4.3734 4.036077 -1.713841 2.762543 -2.683161 -1.904852 6.34668 -2.963289 -1.440124 6.348015 -2.796216 -1.355947 6.348585 3.621441 -2.794401 2.781937 3.818397 -1.572968 4.360683 3.602391 -2.782073 4.368735 4.058349 -1.688859 2.783424 4.033782 -1.687689 4.365378 -3.646935 3.348045 2.773092 -3.606507 3.306627 4.347489 -3.23118 -2.527368 4.363326 -3.623223 -1.436399 2.779323 -3.601137 -1.422535 4.363326 -3.357618 1.180993 6.357452 2.874688 -3.200004 6.361671 -2.68316 -1.904852 5.652396 -2.452052 -3.083415 5.669949 -3.990978 1.333571 2.965857</float_array>
          <technique_common>
            <accessor source="#Cubo_143-mesh-positions-array" count="443" stride="3">
              <param name="X" type="float"/>
              <param name="Y" type="float"/>
              <param name="Z" type="float"/>
            </accessor>
          </technique_common>
        </source>
        <source id="Cubo_143-mesh-normals">
          <float_array id="Cubo_143-mesh-normals-array" count="3015">0.676456 -0.7008413 0.226338 0.7493262 -0.6118122 0.2533697 0.9345414 -0.2841973 0.2141599 0.5511042 -0.7771152 0.3039346 0.5971992 -0.7634983 0.2458122 0.6076992 -0.7417685 0.283692 0.6586633 -0.7287127 0.1874579 0 0 1 -0.1354738 -0.9679923 0.2112767 -0.2427983 -0.9511474 0.1907031 -0.06317561 -0.978693 0.1953686 -0.3341287 -0.9172087 0.2169934 0.1645842 -0.9692558 0.1829079 0.03792679 -0.9815132 0.187599 0.01776617 -0.9892671 0.1450346 0.2194131 -0.9537074 0.2056702 0 0 1 -0.1145219 -0.9804004 0.1603116 -0.1357693 -0.9737755 0.1825601 0.06694519 -0.9845315 0.161914 0.05451726 -0.981016 0.1861063 0.2252023 -0.9429274 0.2452996 0 0 1 -0.9345416 -0.2841965 0.2141597 -0.7032524 -0.673954 0.226323 -0.9414117 -0.2617248 0.2127067 -0.7191804 -0.6520831 0.2399318 -0.5924008 -0.769891 0.2373379 -0.9804465 0.07779443 0.1807559 -0.979946 0.08539992 0.1800358 -0.9830129 -0.01964628 0.1824826 -0.9818964 0 0.1894187 -0.9827799 -0.02728986 0.1827539 0 0 1 -0.9818964 0 0.1894187 0.9827799 -0.0272901 0.1827538 0.9818965 0 0.1894186 0.9818964 0 0.1894187 0.9799459 0.08540064 0.1800356 0.9830128 -0.01964652 0.1824824 0 0 1 0.9830129 0.0196464 0.1824823 0.9827799 0.02728992 0.1827538 0.979946 -0.08540076 0.1800357 -0.98278 0.02728968 0.1827539 -0.979946 -0.08540004 0.1800357 -0.9830129 0.01964616 0.1824825 -0.1848723 0.9645501 0.1883226 0.04327446 0.9836235 0.1749636 -0.1829402 0.9648413 0.188717 0 0.980835 0.1948408 0.1848724 0.9645501 0.1883227 0.1829403 0.9648413 0.1887174 0 0.9807125 0.1954562 -0.04327434 0.9836235 0.1749637 0.02044594 0.9843236 0.1751835 -0.2291405 0.9603464 0.158838 0.9345414 0.2841973 0.21416 0.6931101 0.6843658 0.2263669 0.9414117 0.261725 0.2127069 0.6931649 0.6842359 0.2265915 0.5504529 0.8045654 0.2228816 0.9804466 -0.07779419 0.1807559 0.5511347 0.8039697 0.2233462 -0.2310984 0.9605348 0.1548112 -0.2316731 0.9600355 0.1570334 -0.1465824 0.9614346 0.2327174 0.06403666 0.9827749 0.1733581 0.2316734 0.9600355 0.157033 0.2272778 0.9613049 0.1556847 -0.5505844 0.8042685 0.2236274 -0.7448271 0.6239686 0.2364229 -0.6931103 0.6843655 0.2263672 -0.5511335 0.8039705 0.2233459 -0.6486317 0.7347604 0.1985046 -0.9345417 0.2841965 0.2141599 -0.9414118 0.2617246 0.2127068 -0.9804465 -0.07779449 0.1807559 0.9804465 0.07779419 0.1807559 0.9414117 -0.2617251 0.2127068 0 0 1 0 0 1 -0.6292721 -0.7310009 0.2639214 0.2855705 -0.9480797 0.1399804 0.3064275 -0.9307492 0.19952 0.1566998 -0.9802389 0.1207354 1.43256e-7 0 -1 -0.6832799 0.7301566 0 -0.7301561 -0.6832805 0 0 0 -1 -0.7301561 -0.6832804 0 0.7301558 0.6832808 0 0.7301558 0.6832808 0 0.6832793 -0.7301572 0 -1.43256e-7 0 1 -0.6832799 0.7301565 0 0.0866146 -0.9640721 -0.2511239 0.08661311 -0.9640718 -0.2511252 0.8468654 -0.4724764 -0.2441008 0.8468653 -0.4724764 -0.2441008 0.9692393 0.03146517 -0.244101 0.9692391 0.03146487 -0.2441017 0.8571502 0.02782344 0.5143145 0.8250204 -0.2003523 0.5283942 0.8250076 -0.200397 0.528397 0.8571498 0.02782607 0.514315 0.8250516 -0.2002362 0.5283895 0.7489277 -0.4178369 0.5143149 0.8769568 -0.2129601 -0.4308071 0.8769595 -0.2129517 -0.4308061 0.7933695 -0.4426306 -0.4179031 0.7933694 -0.4426306 -0.4179034 0.7489261 -0.417838 0.5143163 0.9080139 0.029477 -0.4179016 1.77969e-6 0 1 0.9080147 0.02947837 -0.4179001 0.4845964 0.762655 -0.4283967 -2.4054e-6 0 1 2.40539e-6 0 1 0.4845966 0.7626563 -0.4283941 -0.08085554 0.8999691 -0.4283902 -0.08085328 0.8999677 -0.4283933 -0.0761159 0.8472086 0.5257796 0.456188 0.7179468 0.5257802 0.4561895 0.7179462 0.5257797 -0.07611632 0.8472085 0.5257795 -0.08662188 0.9640711 -0.2511248 -0.08661586 0.96407 -0.2511308 0.5191177 0.8169783 -0.2511242 0.5191158 0.8169792 -0.251125 -0.8250218 0.2003498 0.5283932 -0.7489269 0.4178372 0.5143156 -0.7489284 0.4178364 0.5143142 -0.8250084 0.2003971 0.5283958 -0.8468644 0.4724754 -0.2441063 -0.8468645 0.4724751 -0.2441065 -0.8571512 -0.02782577 0.5143128 -0.8571515 -0.02782547 0.5143123 -0.8250527 0.2002367 0.5283875 -0.9692381 -0.03146409 -0.2441058 -0.9692384 -0.03146541 -0.2441045 -0.4561904 -0.7179493 0.5257748 -0.5191138 -0.81698 -0.2511269 -0.519117 -0.8169783 -0.2511256 -0.4561857 -0.7179505 0.5257773 -0.4845924 -0.7626581 -0.4283959 -0.484602 -0.7626574 -0.4283864 -0.9080187 -0.02947682 -0.4178915 -0.9080184 -0.02947682 -0.417892 -0.8769651 0.2129521 -0.4307945 -0.8769628 0.2129597 -0.4307951 0.07611584 -0.8472092 0.5257784 0.08085644 -0.8999645 -0.4283996 -3.5594e-6 0 1 -0.7933736 0.4426322 -0.4178937 -0.7933722 0.4426327 -0.4178958 0.08085548 -0.8999634 -0.4284022 0.07611507 -0.8472094 0.5257782 0.9223957 0.02404326 -0.3854973 0.8773782 0.268258 -0.3978006 0.8773753 0.2682771 -0.3977941 0.9223954 0.02404409 -0.3854981 0.5370669 -0.7450785 -0.3954961 0.4727626 -0.7277733 -0.4968316 0.5370655 -0.745079 -0.3954971 0.553007 -0.7799545 0.2930091 6.87278e-6 0 -1 0.8773573 0.2683217 -0.3978038 0.7781177 0.4959081 -0.385497 0.7781172 0.4959087 -0.3854974 3.77375e-6 0 -1 0.02855563 0.9180234 -0.3954967 0.0285511 0.9180226 -0.3954989 -4.64456e-6 0 -1 4.64457e-6 0 -1 -3.43641e-6 0 -1 -0.5530087 0.7799537 0.2930081 -0.5370652 0.7450787 -0.3954982 -0.9223949 -0.02404171 -0.3854995 -0.8773778 -0.2682557 -0.397803 -0.8773739 -0.2682772 -0.3977969 -0.9223944 -0.02404356 -0.3855006 -0.4727613 0.7277731 -0.4968331 -0.5370661 0.7450783 -0.3954978 -0.7781154 -0.495909 -0.3855005 -0.7781183 -0.4959061 -0.3854985 -0.8773573 -0.2683193 -0.3978053 -0.02855271 -0.9180241 -0.3954952 -0.0285483 -0.9180233 -0.3954975 -0.9999884 0.00483793 0 -0.968585 -0.2486827 0 -0.968585 -0.2486827 0 0.9998658 0.0117976 0.01136976 0.9695707 0.244059 0.01918464 0.9647523 0.2423579 0.1025462 -0.3135968 -0.929654 0.193392 -0.04932355 -0.9931227 0.1061816 -0.003769278 -0.9790322 0.2036714 -0.3552744 0.9347621 0 -0.3413546 -0.9399346 0 -1.94782e-7 0 -1 0.3582586 -0.9328826 0.03716379 0.3358676 -0.9371648 0.09441959 0.3820332 -0.9231148 0.04370123 0.2947108 -0.9555865 0 0.9359833 -0.2886691 0.2015078 0.9531542 -0.2852984 0.1005082 0.957446 -0.2793943 0.0723592 0.3602896 -0.9077353 0.2149604 0.4693697 -0.8614042 0.1941008 0.3426437 -0.9167321 0.2054205 0.9772887 -0.2119123 0 0.9995101 -0.0313003 0 0.9995101 -0.03130143 0 -0.3818202 -0.8958301 0.2273802 -0.3578744 -0.9052497 0.2290172 0.4026008 -0.8970758 0.1821199 -0.3774272 -0.9257535 0.02300977 -0.377577 -0.9256891 0.02313834 -0.3751682 -0.920582 0.1085256 0.9945592 0.02212077 0.1017972 0.9516289 0.2433397 0.1875855 -0.9811556 -0.1814724 0.06634348 -0.9852186 -0.1710879 0.008560419 -0.977398 -0.1894404 0.09383875 0.3702669 0.9289254 0 0.2906278 0.9340072 0.2077645 0.2903623 0.9511825 0.1046028 0.2853714 0.9555068 0.07463294 -0.8056491 -0.5923346 -0.008333921 -0.7899107 -0.6131435 -0.009812235 -0.8862355 -0.4632351 3.78544e-4 -0.2925703 0.9346678 0.2019873 -0.2908428 0.9508917 0.1059027 -0.293636 0.949837 0.1076467 0.9954637 -0.09274905 -0.02120441 0.9999284 -0.008753716 -0.008162498 0.9986321 -0.02096819 -0.04789996 0.3279035 0.9414953 0.07788521 0.285371 0.9555076 0.07462269 0.3020896 0.9527598 0.03147602 0.9232422 0.3842158 0.001508653 0.9448475 0.327506 -0.001807153 0.9443762 0.3288626 -0.001729011 0.9716516 -0.2363588 -0.005256891 0.97607 -0.2173575 -0.006575584 0.937961 -0.3467313 0.00257194 -0.837546 0.5462647 -0.01056778 -0.8770734 0.4803414 -0.00381416 -0.8756003 0.4830192 -0.004082679 -0.998997 -0.04295611 -0.01264876 -0.9995205 -0.01328188 -0.02796882 -0.9999768 -0.005687713 -0.003763258 -0.9995866 0.02842831 0.004318714 -0.9729741 0.2232165 0.05912464 -0.9681866 0.2501537 -0.006167292 -0.9399887 0.253433 0.2284584 -0.929375 0.3103776 0.1998196 -0.9554959 0.2175799 0.1992153 -0.2920668 0.9562184 0.01852959 -0.2923754 0.9561158 0.01895862 -0.6351674 -0.7723734 0.001347243 -0.6386641 -0.7694823 0.002312839 -0.3995804 -0.9149428 -0.05670487 5.96225e-7 0 1 -0.962888 -0.1916578 0.1900371 -0.9716252 -0.1565325 0.1773195 -0.9641746 -0.1902128 0.1848958 0.9716259 -0.229394 0.05763465 0.9670565 -0.2545609 6.82904e-4 -0.966135 0.2580373 0 -0.9999884 0.004832446 0 0.9846826 0.1743565 0 0.9846828 0.1743554 0 0.5625144 0.8267855 0.001882553 0.5952482 0.8035418 5.28028e-4 0.5937072 0.8046811 5.92598e-4 -0.04789984 0.01587951 -0.998726 -0.03395187 0.01016765 -0.9993718 -0.03449189 0.01038879 -0.9993511 -0.3520622 -0.9359742 -0.002111792 -0.3416692 -0.9398174 -0.002336859 -0.4351162 -0.9003744 -2.68651e-4 0.01125037 -0.003584086 0.9999304 0.01053798 -0.003097236 0.9999397 -0.1284973 0.03967964 -0.9909158 -0.1916378 0.06244462 -0.9794773 -0.1897916 0.06177854 -0.979879 0.01689481 -0.0058164 0.9998404 0.01645499 -0.005445718 0.9998498 0.4882715 0.8726916 -5.36643e-4 0.05449998 0.9942428 0.09225618 0.1141918 0.9901686 0.08078634 -0.536498 0.8439009 -0.001079618 -0.5340691 0.8454403 -9.43964e-4 -0.551877 0.8339234 -0.001944303 0.3994991 -0.9167262 0.003694713 0.349745 -0.9368421 0.002317488 0.351585 -0.936153 0.002367436 -2.07167e-6 0 1 3.49701e-6 0 1 -1.31323e-6 0 1 2.12286e-6 0 1 3.24361e-7 0 1 8.761e-7 0 1 -1.54321e-6 0 1 -3.01785e-7 0 1 5.22875e-7 0 1 -2.02344e-6 0 1 -0.3552749 0.9347619 0 -0.3413552 -0.9399344 0 5.41334e-7 0 -1 0.5365224 -0.8380951 0.09869325 0.3820493 -0.9231075 0.0437138 0.4645596 -0.8807843 0.09166985 0.4645144 -0.8808088 0.0916652 0.3336372 -0.9358028 0.1138389 0.2947108 -0.9555865 0 0.9377884 -0.2669103 0.2220628 0.9377923 -0.2668864 0.222075 0.9529798 -0.2294118 0.1979891 0.97988 0.01373291 0.1991148 0.9529677 -0.2294533 0.1979993 0.4026581 -0.8970496 0.1821224 0.3603104 -0.9077294 0.2149506 0.3426454 -0.9167305 0.2054249 0.3685092 -0.9050437 0.2123602 0.9772887 -0.2119123 0 -0.3136336 -0.9296381 0.1934092 -0.3799764 -0.9175375 0.1172309 -0.3819224 -0.8958066 0.2273014 2.57829e-7 0 1 0 0 1 -3.88598e-7 0 1 3.47296e-7 0 1 0 0 1 -0.003675043 -0.9790258 0.2037032 -0.9950396 0.01813513 0.09781324 -0.9857841 -0.1576501 0.05810421 -0.9857836 -0.1576703 0.05805993 -0.9852212 -0.1710738 0.008550822 0.3702669 0.9289255 0 0.3119755 0.9291252 0.1984891 0.3119617 0.9291275 0.1984995 0.322965 0.9260665 0.1951783 0.326664 0.9257457 0.1904876 0.3229386 0.9260739 0.1951864 0.3460976 0.932674 0.1016653 -0.8874741 -0.4608575 5.32393e-4 -0.2925868 0.9346585 0.2020062 -0.2936406 0.9498298 0.1076964 -0.2983819 0.9314771 0.2081313 0.9999753 -3.81309e-7 -0.007025599 0.9984905 0 -0.05492568 0.3239369 0.9454944 0.03324818 0.3020772 0.952764 0.03146737 0.9232441 0.3842111 0.001511514 0.9443779 0.3288579 -0.001728475 0.9193534 0.3934277 0.002058923 5.20698e-7 0 1 0.937116 -0.3490074 0.002736568 -0.8375155 0.5463114 -0.01057124 -0.8755967 0.4830257 -0.004089057 -0.8296442 0.5581676 -0.01181638 -0.9994254 0 -0.03389662 -0.9989987 -0.04292011 -0.01263749 -0.9999769 -0.005666613 -0.003757596 -0.9999962 0 -0.002766788 -0.9514781 0.2916827 0.09803313 -0.9681786 0.2501848 -0.006144464 -0.9528567 0.2940362 0.07487994 -0.9528549 0.294053 0.07483643 -0.9399909 0.253422 0.228461 -0.9555069 0.2175346 0.1992116 -0.9796141 0.02427703 0.1994162 -0.3579261 -0.9314286 -0.06579917 -0.9676331 -0.1694196 0.1870381 -0.9628901 -0.1916506 0.1900331 -0.9641709 -0.1902474 0.1848793 -0.9614577 -0.1976965 0.1910893 0.9670506 -0.2545837 6.98661e-4 0.9574485 -0.2793882 0.07235139 -0.966135 0.2580373 0 0.9790014 0.2038534 0 0.9790014 0.2038535 0 0.9799133 0.1994113 -0.002271294 0.9792915 0.2024406 0.002446174 0.5624976 0.8267968 0.001885533 0.5937293 0.8046647 5.94591e-4 0.5578936 0.8299099 0.002073705 -0.04878604 0.01624244 -0.9986772 -0.4376669 -0.8991373 -2.10734e-4 0.01103752 -0.003438293 0.9999332 0.01048392 -0.003058969 0.9999404 -0.1269601 0.0391258 -0.991136 0.01667249 -0.005629658 0.9998452 0.01623278 -0.005258917 0.9998545 0.4883019 0.8726746 -5.85342e-4 0.1142295 0.9901675 0.08074671 0.4968708 0.8678205 -0.002672433 -0.5528954 0.8332483 -0.002001941 0.3995535 -0.9167025 0.003692388 0.3515954 -0.936149 0.002372145 0.4055194 -0.9140784 0.003859221 -5.23538e-6 0 -1 1 0 0 0 -1 0 0 1 0 -1 0 0 0 0 -1 -1.09073e-4 -1 0 -1 1.03305e-4 0 -1 1.03305e-4 0 1 -1.03305e-4 0 1.0909e-4 1 0 0 0 1 -1.09073e-4 -1 0 1.0909e-4 1 0 0 0 1 0 0 -1 -1.10052e-4 -1 0 -1 9.80519e-5 0 0 0 -1 1 -1.03305e-4 0 1.10081e-4 1 0 0 0 1 1.10081e-4 1 0 0 0 -1 -1.09938e-4 -1 0 -1 1.05056e-4 0 1 -9.6301e-5 0 1 -9.80523e-5 0 1.09966e-4 1 0 0 0 1 -1.09937e-4 -1 0 1.09966e-4 1 0 -3.72458e-4 -0.9999987 0.001572787 0.02265697 -0.9997422 0.001538515 0.02266448 -0.9997155 0.007445991 -3.37932e-4 -0.9999713 0.007564365 0.02274733 -0.9996512 0.01342564 -2.23212e-4 -0.9999091 0.01348453 -0.02334922 -0.999634 0.01366066 -0.02331149 -0.9996998 0.007546186 -0.02336144 -0.9997259 0.001599013 0.9999718 -0.007141709 -0.002335786 -0.007192909 -0.9999741 1.02188e-4 -0.007142126 -0.9999746 1.208e-4 -0.9999728 0.007140934 0.001903533 -0.4474968 0.003287255 0.8942795 -0.4474977 0.003287255 0.8942791 -0.9999727 0.007140517 0.001903533 0.007138371 0.9999746 -1.22229e-4 0.9999719 -0.007140159 -0.002335786 0.007192969 0.9999741 -1.0218e-4 0.7040704 0.7101263 -0.002336263 0.7100927 -0.7041082 1.02086e-4 0.7101322 -0.7040684 1.22597e-4 -0.7101291 0.7040716 -1.20423e-4 -0.704072 -0.7101261 0.001902997 -0.7040715 -0.7101266 0.001902878 -0.3151425 -0.317723 0.8942803 -0.7100954 0.7041055 -1.028e-4 -0.3151426 -0.3177251 0.8942796 0.7040684 0.7101284 -0.002335727 -0.6116527 0.7911229 -0.002336025 0.7911554 0.6116154 1.02086e-4 0.7911223 0.6116581 1.22054e-4 -0.611655 0.7911212 -0.002336859 0.2736493 -0.3540914 0.8942793 0.2736507 -0.3540896 0.8942796 -0.7911548 -0.611616 -1.0175e-4 0.6116571 -0.7911208 0.001903176 -0.7911217 -0.611659 -1.20663e-4 0.6116607 -0.791118 0.001904308 -0.9999718 0.007141113 0.002335667 -0.00708723 -0.9999749 1.01851e-4 -0.007141888 -0.9999746 1.22123e-4 0.007142066 0.9999745 -1.20904e-4 0.9999707 -0.007142484 -0.002768516 0.9999707 -0.007140219 -0.002768456 0.4516714 -0.003133475 0.892179 0.007091343 0.9999749 -1.01956e-4 0.4516714 -0.003134429 0.892179 -0.9999718 0.007141768 0.002335667 -0.7533304 -0.6576382 -0.002336859 -0.6576039 0.753364 1.02898e-4 -0.6576424 0.7533303 1.21569e-4 0.6576445 -0.7533285 -1.21868e-4 0.7533292 0.6576409 0.001903057 0.7533288 0.6576415 0.001903116 0.3371807 0.2942315 0.8942803 0.6576043 -0.7533635 -1.02327e-4 0.3371806 0.2942309 0.8942805 -0.7533276 -0.6576414 -0.002336442 0.7085454 -0.7056614 -0.002337574 -0.705703 -0.7085079 1.01883e-4 -0.7056642 -0.7085464 1.22367e-4 0.7085434 -0.7056634 -0.002336084 -0.3170155 0.3158539 0.8942804 -0.3170161 0.3158564 0.8942794 0.7057025 0.7085084 -1.0259e-4 -0.7085435 0.7056646 0.001903355 0.7056635 0.7085471 -1.22109e-4 -0.7085446 0.7056635 0.001903593 0.00138849 -0.9999963 0.002335846 -0.9999991 -0.001336097 -1.02463e-4 -0.9999991 -0.001387476 -8.34243e-5 -0.001384496 0.9999952 -0.002769172 -7.16983e-4 0.4516813 0.8921791 -7.16418e-4 0.4516814 0.892179 -0.001385092 0.9999953 -0.00276947 0.9999991 0.001386702 8.33169e-5 0.001386225 -0.9999963 0.002335786 0.9999991 0.001335322 1.02466e-4 -0.9192771 -0.02964323 0.3924934 -0.8743649 -0.2683622 0.4043117 -0.8743591 -0.269342 0.4036722 -0.9205368 -0.02389222 0.389925 -0.5322696 0.7447963 0.4024518 -0.5345402 0.7437791 0.4013222 -0.5358131 0.7432057 0.4006865 -0.5322368 0.7448111 0.4024679 -0.5301218 0.7457528 0.4035143 -0.5345075 0.7437939 0.4013382 -0.009344398 0.00412631 0.9999479 0.005038261 0.005462944 0.9999725 0.001554727 -0.005572497 0.9999833 -0.8743039 -0.2695378 0.403661 -0.1047226 -0.06814754 0.9921638 -0.7821083 -0.4875945 0.3880183 -0.834788 -0.437819 0.3338319 -3.98964e-4 0.002469897 0.9999969 -0.02466636 -0.9150938 0.4024859 -0.01768046 -0.2250734 0.9741814 -0.02242994 -0.9146986 0.4035137 -0.02473902 -0.9151062 0.4024533 -0.02856642 -0.915769 0.4006884 -0.08713483 -0.9402518 0.3291416 -0.001555979 0.005572438 0.9999833 3.98464e-4 -0.002469658 0.999997 -0.005028963 -0.005467772 0.9999725 0.009341359 -0.00412625 0.9999479 0.5345069 -0.7437939 0.4013391 0.5322362 -0.7448113 0.4024685 0.5301212 -0.7457527 0.4035152 0.9192761 0.02964514 0.3924958 0.8743622 0.2683649 0.4043154 0.8743591 0.269346 0.4036695 0.9205365 0.02389043 0.3899254 0.5345821 -0.74376 0.4013018 0.5358153 -0.7432042 0.4006863 0.5322718 -0.7447953 0.4024511 0.8347832 0.4378233 0.3338381 0.104725 0.06814736 0.9921637 0.7821136 0.4875874 0.3880165 0.8743044 0.2695294 0.4036657 0.02473819 0.9151086 0.4024481 0.02856624 0.9157708 0.4006844 0.08713477 0.9402533 0.3291375 0.02469742 0.9151005 0.4024688 0.01767122 0.2250728 0.9741817 0.02241712 0.9146985 0.4035148 0.3930503 0.1201779 0.9116297 0.4672282 0.01502656 0.8840091 0.4765341 0.01242172 0.8790683 -0.3591338 0.3791636 0.8527942 -0.273922 0.3831954 0.8821157 -0.2392038 0.3564251 0.9031848 0.3453469 0.169425 0.9230551 0.3804091 0.1163115 0.9174751 -0.002217411 -0.4391168 0.8984273 -0.01277947 -0.4708406 0.8821259 -0.01483404 -0.476939 0.8788112 -0.3930489 -0.1201779 0.9116303 -0.34534 -0.1694254 0.9230576 -0.3804087 -0.1163119 0.9174752 -0.4672242 -0.01502609 0.8840112 -0.4765287 -0.01242136 0.8790712 0.3591366 -0.3791633 0.8527931 0.2739226 -0.3831971 0.8821148 0.2392076 -0.3564242 0.9031842 0.002215504 0.4391163 0.8984276 0.01279115 0.4708805 0.8821043 0.01483207 0.4769386 0.8788115 0.9999806 -0.004464983 -0.004339993 0.9686759 0.2482101 -0.0076617 0.9686938 0.2481251 -0.008139729 -0.9998648 -0.01277035 -0.01036781 -0.9646476 -0.2422969 -0.1036689 -0.9695677 -0.2440868 -0.01898074 0.3400113 0.9183824 -0.2024009 -0.011891 0.9821335 -0.1878095 0.00507009 0.9941752 -0.1076578 -0.001117765 1.37349e-5 -0.9999994 0.01080232 0.0100255 -0.9998915 -6.98865e-4 -4.33545e-5 -0.9999998 0.3551853 -0.9347724 -0.006636917 0.3559638 -0.9344649 -0.00807321 0.3554266 -0.9346696 -0.008050918 0.3427361 0.9394053 -0.007052123 0.3405083 0.9402175 -0.006734311 0.3413508 0.9399196 -0.005546927 -9.28018e-4 -0.02218508 0.9997535 -0.3465161 0.9375292 -0.03107553 -0.3503654 0.9359845 -0.03431051 -0.329594 0.9410698 -0.07586556 -0.2946038 0.9556034 -0.005533814 -0.2963434 0.955045 -0.008354604 -0.2951104 0.9554275 -0.008262038 -0.9346138 0.2892556 -0.2069499 -0.9611442 0.2691372 -0.06137728 -0.9557771 0.2761694 -0.1010965 -0.365642 0.9061174 -0.2127372 -0.3501481 0.91218 -0.2128946 -0.3477759 0.9159268 -0.2003246 -0.9773265 0.2116072 -0.007437884 -0.999605 0.02799195 -0.002522706 -0.9995936 0.0284146 -0.002304375 0.391456 0.8891566 -0.2369867 0.3506704 0.9057838 -0.2378779 0.003573179 5.71253e-4 -0.9999935 0.003974437 -0.002428114 -0.9999892 -2.2722e-4 0.001919925 -0.9999982 -0.197003 0.9710805 -0.1348799 0.3799057 0.9248141 -0.01976859 0.3811977 0.9182041 -0.1076549 0.3773349 0.9259027 -0.01796436 -0.9944048 -0.02267575 -0.1031747 -0.9511338 -0.2431177 -0.1903637 0.982635 0.1761047 -0.05844521 0.9787663 0.1824275 -0.09347152 0.985198 0.1712604 -0.007416248 -0.3714034 -0.9284418 -0.007443726 -0.3700405 -0.928987 -0.007312774 -0.3705915 -0.9287728 -0.006557941 -0.2988797 -0.9308294 -0.2103039 -0.281461 -0.9572997 -0.06600928 -0.2818682 -0.9534789 -0.1069033 -0.9366553 -0.3501499 -0.008484005 0.2913331 -0.9345225 -0.2044324 0.2930229 -0.9498682 -0.1090325 0.2906661 -0.9507285 -0.107836 -0.9578621 0.2866308 0.0185191 -0.9565728 0.2908968 0.0186426 -0.9999276 0.006678104 0.01000952 -0.3381145 -0.938642 -0.06804329 -0.3027577 -0.9525552 -0.03124684 -0.2814628 -0.9573003 -0.06599253 0.06454241 0.1764113 -0.9821982 0.03247123 0.1146491 -0.9928753 0.06880134 0.1845921 -0.9804041 0.07426136 -0.1836864 -0.9801758 0.006582915 -0.07014393 -0.9975152 -9.92962e-4 -0.05736881 -0.9983527 -0.8218865 -0.5691179 0.02464532 0.02232956 -0.04666966 -0.9986609 0.03221583 -0.08278328 -0.9960467 0.02172338 -0.04445284 -0.9987754 0.02125418 0.05771487 -0.9981068 -0.001823127 -0.04888045 -0.998803 -0.004955053 -0.06330984 -0.9979817 0.9222343 -0.3865993 -0.004992544 0.9196708 -0.3926858 0.001932561 0.994964 0.09962224 0.01104831 0.9935897 -0.1130442 7.21629e-4 0.9943569 0.1054806 0.01132911 0.9996098 -0.0278598 -0.002049565 0.9681081 -0.2503843 0.008637666 0.9742004 -0.2198275 -0.05108374 0.9393677 -0.2521966 -0.2323473 0.9558637 -0.2123698 -0.203036 0.924233 -0.3210225 -0.2067314 0.2920913 -0.9561981 -0.01918095 0.2915802 -0.9563675 -0.01850146 0.755663 0.6549607 -2.78146e-4 -0.1904342 -0.07126957 -0.9791096 0.9625316 0.1920458 -0.191446 0.9636915 0.1920596 -0.1855045 0.9719752 0.155819 -0.1760243 -0.9671309 0.2542787 5.67752e-4 -0.9721131 0.2295581 -0.04795163 -0.001613497 -0.002647876 -0.9999952 -2.2499e-6 0.004137098 -0.9999915 0.001461029 0.003874897 -0.9999914 0.9661018 -0.2580502 -0.007572174 0.9999807 -0.004450917 -0.004339516 -0.9840066 -0.178132 -2.28754e-4 -0.9839956 -0.1781932 -4.95717e-5 -0.5094255 -0.8604362 -0.01163095 0.02567905 -0.01124423 -0.9996071 0.119509 -0.02795964 -0.9924394 0.1343682 -0.03060114 -0.990459 -0.4699834 -0.8826503 -0.006645739 -0.8139777 0.321027 0.4841302 -0.9214065 0.3131433 0.2301116 -0.9059675 0.3577519 0.2263548 -0.2067925 0.07020604 -0.9758627 -0.1483824 0.0606479 -0.9870687 -0.1397207 0.05921936 -0.9884186 0.9085774 -0.4174808 0.01403498 0.9159401 -0.3457458 0.2037491 0.9073517 -0.4170476 -0.0527659 0.01403391 0.9987973 0.04698044 -0.2625989 0.9648535 -0.009981811 -0.3261199 -0.9378756 0.1184701 0.02187645 0.01086586 -0.9997017 -0.2510437 -0.02059125 -0.9677568 0.03791946 0.01269781 -0.9992002 0.004141271 0.001218318 -0.9999907 4.61158e-4 0.002113163 -0.9999977 -0.004080414 0.00538522 -0.9999772 -0.001844108 0.002289533 -0.9999958 0.006539881 -0.007277846 -0.9999522 0.003982722 -0.01117593 -0.9999296 0.007665395 -0.006290614 -0.9999508 0.004067778 -0.01130563 -0.9999278 0.006349384 -0.006066143 -0.9999614 0.009267807 -0.002233624 -0.9999547 0.01967757 0.046808 -0.9987101 0.002229034 -9.55397e-4 -0.9999971 0.002970695 2.49045e-4 -0.9999957 0.002369344 -0.006983399 -0.9999729 -0.001240253 0.0013507 -0.9999983 -0.004032075 0.00540775 -0.9999774 0.001245975 0.003043174 -0.9999946 -5.47704e-5 0.004889845 -0.9999881 0.01045161 0.01032584 -0.9998921 0.007553517 -0.006458997 -0.9999507 0.3550454 -0.9348261 -0.006551444 0.3557624 -0.9345535 -0.006558775 0.3560736 -0.9344224 -0.008153319 0.3427187 0.9394117 -0.007035672 0.3420073 0.939662 -0.008146107 0.3405083 0.9402166 -0.006844401 7.48225e-4 0.01876789 -0.9998236 0.007547497 -0.09583574 -0.9953686 -0.8768329 -0.4760192 0.06760096 -0.6953922 -0.718033 0.02929687 -0.6752914 -0.7371065 0.02560591 -0.3455638 0.9376831 -0.03655689 -0.3260143 0.9381968 -0.1161959 -0.2946121 0.9556011 -0.005518019 -0.295711 0.9552615 -0.005545139 -0.2963845 0.9550324 -0.008332073 -0.9355173 0.2687485 -0.2293069 -0.9789227 -0.01620101 -0.2035881 -0.9528787 0.2263237 -0.2019893 -0.9528789 0.2263218 -0.2019907 -0.8848397 -0.4606639 0.06962519 0.06755971 -0.9836105 0.1671706 0.06761091 -0.9823739 0.1742712 0.06756657 -0.9834522 0.1680974 -0.3692191 0.9027171 -0.22086 -0.3260236 0.9381894 -0.1162297 -0.3501042 0.9122036 -0.2128658 0.06751233 -0.9846449 0.1609861 -0.9772824 0.2117808 -0.00825864 0.3812012 0.9181991 -0.107686 0.3892477 0.9137418 -0.1164563 0.004013061 -0.002432644 -0.999989 0.001076459 -0.00688821 -0.9999758 0.001543581 -0.001671493 -0.9999974 -0.006310343 -0.01612865 -0.9998501 0.001546263 -0.001664638 -0.9999975 -2.45595e-4 0.00193417 -0.9999982 0.004003226 -0.002457201 -0.999989 -2.32106e-4 0.001956462 -0.999998 2.16361e-4 0.004294514 -0.9999908 0.003587126 6.19715e-4 -0.9999935 1.45022e-4 0.004273474 -0.9999909 -3.32721e-4 0.001485764 -0.9999989 4.34288e-4 0.001483142 -0.9999989 4.82436e-4 7.60373e-4 -0.9999997 1.45779e-4 0.004291772 -0.9999908 4.01451e-4 0.001619398 -0.9999986 4.92036e-4 7.42259e-4 -0.9999997 0.003605127 6.08013e-4 -0.9999933 1.47558e-4 0.004272878 -0.9999909 -0.3362827 0.9170125 -0.2144812 0.3892413 0.9137472 -0.1164353 0.9948179 -0.01826494 -0.1000187 0.9858796 0.1597811 -0.05011677 -0.3713451 -0.9284635 -0.007648944 -0.3709782 -0.9286055 -0.008192718 -0.3700838 -0.928969 -0.007404446 -0.3139851 -0.9269047 -0.2055747 -0.3252447 -0.9252329 -0.1953459 -0.3276035 -0.9242335 -0.1961336 -0.3550598 -0.9290009 -0.1043553 -0.3550688 -0.9289996 -0.1043363 -0.3381429 -0.9386295 -0.068075 -0.3276174 -0.9242308 -0.1961236 0.9505696 0.3102738 0.01215136 0.2959415 -0.9319967 -0.2092865 -0.999928 0.006629228 0.01000589 -0.9999521 -1.74482e-4 0.009789049 -0.957876 0.2865837 0.01852673 0.9985955 0.02675855 -0.04572832 -0.3236508 -0.9455835 -0.03349763 -0.3027476 -0.9525588 -0.03123974 -0.2818659 -0.9534795 -0.1069045 0.06451416 0.1763539 -0.9822104 0.02949428 0.1089307 -0.9936117 0.03245538 0.114638 -0.992877 0.08362191 -0.1993067 -0.9763628 0.9269699 0.3751356 -4.40592e-4 0.02234429 -0.04672753 -0.9986578 0.03326565 -0.08661657 -0.9956862 0.03222072 -0.08279418 -0.9960457 0.02288371 0.06525987 -0.997606 -0.7998977 0.599408 0.02955991 -0.9497264 0.312998 -0.007220387 -0.9989405 0.03701925 -0.02734172 0.994971 0.09955424 0.01103079 0.9927211 -0.1204356 3.49197e-4 0.993582 -0.1131124 7.10405e-4 0.9586016 -0.2644751 -0.105527 0.9602352 -0.2731942 -0.05756139 0.9790247 -0.02481466 -0.2022249 0.9558588 -0.2123789 -0.2030498 -0.3754497 -0.9260891 -0.03737282 0.5255536 0.1658234 0.8344436 0.9673755 0.1690367 -0.1887093 0.959723 0.2029786 -0.1942461 0.9787636 0.1824396 -0.09347492 0.9636992 0.1920449 -0.1854799 0.9660753 -0.2581355 -0.008052289 -0.9821482 -0.1879341 -0.008114039 -0.9805375 -0.1963272 -0.001348078 -0.9818797 -0.1894277 -0.00542134 -0.9839944 -0.1781997 -2.28972e-4 -0.9803963 -0.1970362 -1.44509e-5 -0.9803898 -0.1970679 -1.48835e-5 0.3744598 0.9272392 -0.002707958 0.01666259 -0.009634792 -0.9998148 0.6693953 -0.7265101 0.1552191 0.1645997 -0.08080512 -0.9830451 -0.2117523 0.07101154 -0.9747402 -0.2282177 0.1296381 -0.9649408 -0.8924346 0.4498366 0.03475034 0.4945954 -0.869073 -0.009364902 0.3921627 -0.9198922 0.002583265 0.02179324 0.01085823 -0.9997036 -0.2915744 -0.02534508 -0.9562124 -0.2510751 -0.02062004 -0.967748 0.9105075 -0.4083368 -0.06509369 0.9159284 -0.3457369 0.2038168 0.8965554 -0.3086556 0.3176795 -0.007980406 -0.01771807 -0.9998112 -0.00969541 -0.02368372 -0.9996725 -0.009779453 -0.0239759 -0.9996648 -0.3456485 -0.9331094 0.09916657 -0.3214224 -0.9274574 0.191077 -0.3097624 -0.9222683 0.2312324 0.9221081 -0.3320643 -0.1986203 0.8934277 -0.2888962 -0.3439857 0.9242835 -0.3372477 -0.1787846 -0.3429804 -0.9278519 -0.1464765 -0.3225845 -0.9211676 -0.217692 -0.3460509 -0.9284423 -0.1350699 0.8869975 -0.4607164 -0.03124278 0.9712049 -0.2380691 0.009172916 0.875829 -0.4813399 -0.03515273 -0.203535 -0.978798 0.02297949 -0.2885723 -0.9567361 0.03717714 -0.3098031 -0.9499276 0.04073882 0.005222618 -5.58263e-5 -0.9999864 -0.004133045 0.004204571 -0.9999827 0.005820691 -5.59206e-5 -0.9999831 -0.8569011 0.5152487 -0.01547348 -0.8073204 0.5893976 -0.02905607 -0.8608827 0.508603 -0.01428645 -0.01839768 -0.003002226 -0.9998263 -0.01886147 -0.003097116 -0.9998174 -0.37739 0.925276 0.03796541 -0.3416647 0.9208602 0.1878344 -0.3816298 0.9241563 0.0171464 -0.9319523 0.3618188 0.02349931 -0.9214233 0.3131189 0.2300777 -0.9091292 0.2896385 0.2993223 -0.3807108 0.9244031 -0.02320069 -0.3282474 0.9159829 -0.2307143 -0.303375 0.9010962 -0.3098215 -0.9321183 0.3621498 0.001773059 -0.9328881 0.3257488 -0.1536477 -0.9300276 0.3666793 0.02439093 0.01030892 -0.01974028 -0.9997521 0.01591491 -0.03976154 -0.9990825 0.009692072 -0.01753777 -0.9997993 0.9546571 0.2941536 -0.04586511 0.9455496 0.2283963 0.2318866 0.9495066 0.3017321 -0.08599376 -0.6179176 0.78609 0.01550942 -0.5435293 0.8388295 0.03067803 -0.5239886 0.8510276 0.03446978 -0.9167355 0.3992094 -0.01509892 -0.9324566 0.360629 -0.02171522 -0.9362108 0.350659 -0.02340114 0.9494557 0.3089312 0.05563658 0.9463804 0.2472901 -0.2078745 0.9254741 0.2171722 -0.3103772 -0.3744257 0.927003 0.02169919 -0.3849672 0.9226324 0.02345031 -0.3734979 0.9273808 0.02154535 0.005558669 0.9993344 -0.03605473 0.003965377 0.9984616 -0.0553072 0.005623459 0.999362 -0.0352714 0.8574193 0.5137773 -0.02941513 0.8258227 0.5626227 -0.03837382 0.8172246 0.5748835 -0.04065865 0.006267905 -2.44172e-4 -0.9999803 0.03315114 0.008313775 -0.9994158 0.03377532 0.008501827 -0.9993934 0.02042788 -0.004974782 -0.999779 0.005522966 -3.17013e-4 -0.9999848 -0.02499932 0.9996749 -0.005022108 0.9090693 0.4162985 -0.01698899 0.9286234 0.3702127 -0.02451801 0.9072483 0.4202784 -0.01632845 0.05537819 0.9984476 -0.00598061 0.05141562 0.9986612 -0.00569123 -0.009799599 0.02769196 -0.9995685 -0.004203379 0.003926277 -0.9999834 0.009021341 0.02834618 -0.9995575 0.01074278 0.03266328 -0.9994087 0.01278442 0.02225065 -0.9996707 0.01105636 0.02518254 -0.9996218 -0.01050323 0.0617392 -0.9980371 0.7944059 -0.6065964 0.03098624 0.7505717 -0.6594535 0.04199182 0.7393183 -0.6718741 0.04465085 -0.02287226 0.03106766 -0.9992556 -0.04127788 0.01591879 -0.9990209 -0.06058102 7.00966e-7 -0.9981634 -0.513269 -0.857922 0.02291589 -0.5723605 -0.819343 0.03287309 -0.5872743 -0.8086118 0.03544098 -0.2790216 0.3870928 0.8788095 0.401992 0.2562001 0.8790699 -0.002217173 -0.4391061 0.8984326 -0.05185794 -0.355442 0.9332587 -0.01277625 -0.4708309 0.882131 -0.4019853 -0.2562008 0.8790728 0.2790219 -0.387095 0.8788085 0.002215921 0.4391086 0.8984313 0.05183047 0.3554826 0.9332448 0.012775 0.4708334 0.8821297 0.9105155 -0.4083129 -0.06513315 0.90735 -0.417047 -0.05280053 0.9159376 -0.3457602 0.2037363 -0.00777775 -0.01701319 -0.999825 -0.3456615 -0.9331101 0.09911394 -0.3490282 -0.9332282 0.08523136 -0.3214316 -0.9274551 0.1910729 0.8763263 -0.2700363 -0.3989143 -0.3129126 -0.9165435 -0.2490659 0.9828583 -0.1834179 0.01864832 -0.2035228 -0.9788004 0.02298259 -0.1959254 -0.9803783 0.02171838 -0.2885602 -0.9567397 0.03718018 -0.793612 0.6075565 -0.0324853 -0.3243995 0.9125801 0.2489226 -0.9319418 0.3618497 0.02344006 -0.9059919 0.3577447 0.2262684 -0.9214341 0.3131073 0.2300503 -0.3807072 0.9244065 -0.02312046 -0.3868782 0.9221032 0.007137775 -0.3282594 0.9159977 -0.2306388 -0.9263311 0.3084028 -0.2163297 0.01614689 -0.04059016 -0.9990454 0.9208082 0.1973128 0.3364225 -0.6179532 0.786062 0.01550716 -0.6243385 0.7810258 0.01414662 -0.5435656 0.8388065 0.03066253 -0.9167338 0.3992134 -0.01509869 -0.9152611 0.4025999 -0.01451134 -0.9324383 0.360677 -0.02170526 0.9494553 0.3089262 0.05567151 0.9440312 0.316111 0.09422904 0.9463887 0.2473217 -0.2077995 -0.3876577 0.9214936 0.02389812 0.003769397 0.9983285 -0.05767261 0.8574272 0.5137643 -0.02940946 0.860041 0.5094215 -0.02862268 0.8258585 0.5625713 -0.03836131 0.02075845 -0.005071282 -0.9997717 -0.02469748 0.9996824 -0.005003392 0.9332416 0.358276 -0.02643316 0.05528223 0.9984529 -0.005973756 0.05127185 0.9986687 -0.005681037 0.05160611 0.9986512 -0.005704462 -0.0101692 0.02869528 -0.9995365 0.009107172 0.02856206 -0.9995507 0.01079368 0.03278988 -0.9994041 0.0127995 0.0222271 -0.9996711 0.02588105 9.25045e-7 -0.9996651 0.01106959 0.02515786 -0.9996223 0.7944325 -0.6065622 0.03097468 0.7981177 -0.6017546 0.02999597 0.7506009 -0.6594208 0.04198384 0.005769431 0.05458521 -0.9984925 -0.5132244 -0.857949 0.02290064 -0.5079706 -0.8610927 0.02203053 -0.572317 -0.8193737 0.03286641</float_array>
          <technique_common>
            <accessor source="#Cubo_143-mesh-normals-array" count="1005" stride="3">
              <param name="X" type="float"/>
              <param name="Y" type="float"/>
              <param name="Z" type="float"/>
            </accessor>
          </technique_common>
        </source>
        <source id="Cubo_143-mesh-map-0">
          <float_array id="Cubo_143-mesh-map-0-array" count="4644">0.9727027 0.4653092 0.9726962 0.2193819 0.9629281 0.2193859 0.9043182 0.4652801 0.8945488 0.2193405 0.8945494 0.4652799 0.9043182 0.4652801 0.9043167 0.2193394 0.8945488 0.2193405 0.9529325 0.4698807 0.9420024 0.4698807 0.9474673 0.4698807 0.9140846 0.2193384 0.9043182 0.4652801 0.9140868 0.4652802 0.9140846 0.2193384 0.9043167 0.2193394 0.9043182 0.4652801 0.9238524 0.2193374 0.9140846 0.2193384 0.9140868 0.4652802 0.9336243 0.4652805 0.9336203 0.2193363 0.9238524 0.2193374 0.9238524 0.2193374 0.9140868 0.4652802 0.9238556 0.4652804 0.9336243 0.4652805 0.9238524 0.2193374 0.9238556 0.4652804 0.9365373 0.4698807 0.9256072 0.4698807 0.9310723 0.4698807 0.9433882 0.2193353 0.9336243 0.4652805 0.9433931 0.4652807 0.9433882 0.2193353 0.9336203 0.2193363 0.9336243 0.4652805 0.9531616 0.4652807 0.9531561 0.2193343 0.9433882 0.2193353 0.9531616 0.4652807 0.9433882 0.2193353 0.9433931 0.4652807 0.920142 0.4698807 0.9092119 0.4698807 0.914677 0.4698807 0.9629303 0.4652809 0.9531561 0.2193343 0.9531616 0.4652807 0.9256072 0.4698807 0.9092119 0.4574226 0.920142 0.4698807 0.9092119 0.4698807 0.920142 0.4698807 0.9092119 0.4574226 0.9043183 0.219567 0.894546 0.4652703 0.9043217 0.4652715 0.9726919 0.2193322 0.9629303 0.4652809 0.9726991 0.465281 0.9043183 0.219567 0.8945446 0.2195767 0.894546 0.4652703 0.9140921 0.2195573 0.9043183 0.219567 0.9043217 0.4652715 0.9140921 0.2195573 0.9043217 0.4652715 0.9140973 0.4652727 0.923866 0.2195476 0.9140921 0.2195573 0.9140973 0.4652727 0.93364 0.2195379 0.923866 0.2195476 0.9238729 0.465274 0.923866 0.2195476 0.9140973 0.4652727 0.9238729 0.465274 0.9092119 0.4325065 0.9092119 0.4449646 0.9365373 0.4698807 0.9529325 0.4200485 0.9092119 0.4200485 0.9092119 0.4325065 0.93364 0.2195379 0.9238729 0.465274 0.9336485 0.4652752 0.9529325 0.4200485 0.9092119 0.4325065 0.9529325 0.4325065 0.9529325 0.4325065 0.9092119 0.4325065 0.9365373 0.4698807 0.9433957 0.4653075 0.9336232 0.2193981 0.9336266 0.4653071 0.9531648 0.465308 0.9433915 0.219394 0.9433957 0.4653075 0.9529325 0.4325065 0.9365373 0.4698807 0.9529325 0.4449646 0.9433957 0.4653075 0.9433915 0.219394 0.9336232 0.2193981 0.9336232 0.2193981 0.9238548 0.2194022 0.9238577 0.4653065 0.9336232 0.2193981 0.9238577 0.4653065 0.9336266 0.4653071 0.9529325 0.3951323 0.9365373 0.3702162 0.9529325 0.4075904 0.9238548 0.2194022 0.9140887 0.4653061 0.9238577 0.4653065 0.9529325 0.4075904 0.9092119 0.4200485 0.9529325 0.4200485 0.9092119 0.4200485 0.9529325 0.4075904 0.9092119 0.4075904 0.9529325 0.4075904 0.9365373 0.3702162 0.9092119 0.4075904 0.9434241 0.4652764 0.93364 0.2195379 0.9336485 0.4652752 0.9092119 0.4075904 0.9256072 0.3702162 0.9092119 0.3951323 0.9531997 0.4652777 0.9434139 0.2195283 0.9434241 0.4652764 0.9434241 0.4652764 0.9434139 0.2195283 0.93364 0.2195379 0.9365373 0.3702162 0.9256072 0.3702162 0.9092119 0.4075904 0.9092119 0.3951323 0.9256072 0.3702162 0.920142 0.3702162 0.9238657 0.2194166 0.9140918 0.4652674 0.9238674 0.465266 0.9336431 0.4652647 0.9238657 0.2194166 0.9238674 0.465266 0.9256072 0.3702162 0.9365373 0.3702162 0.9310723 0.3702162 0.9434208 0.219438 0.9336431 0.4652647 0.9434186 0.4652633 0.9336431 0.4652647 0.9336403 0.2194527 0.9238657 0.2194166 0.9434208 0.219438 0.9336403 0.2194527 0.9336431 0.4652647 0.9531944 0.4652619 0.9532017 0.2194231 0.9434208 0.219438 0.9531944 0.4652619 0.9434208 0.219438 0.9434186 0.4652633 0.9474673 0.3702162 0.9420024 0.3702162 0.9529325 0.3702162 0.9629699 0.4652606 0.9532017 0.2194231 0.9531944 0.4652619 0.9420024 0.3702162 0.9365373 0.3702162 0.9529325 0.3951323 0.9529325 0.3702162 0.9420024 0.3702162 0.9529325 0.3826743 0.9529325 0.3826743 0.9420024 0.3702162 0.9529325 0.3951323 0.9043183 0.2194103 0.8945507 0.465305 0.9043197 0.4653055 0.9727629 0.2193933 0.9629699 0.4652606 0.9727455 0.4652592 0.9043183 0.2194103 0.8945501 0.2194143 0.8945507 0.465305 0.9140866 0.2194062 0.9043183 0.2194103 0.9043197 0.4653055 0.9140866 0.2194062 0.9043197 0.4653055 0.9140887 0.4653061 0.9238548 0.2194022 0.9140866 0.2194062 0.9140887 0.4653061 0.9727629 0.2193933 0.9629822 0.2194081 0.9629699 0.4652606 0.9629699 0.4652606 0.9629822 0.2194081 0.9532017 0.2194231 0.9238657 0.2194166 0.9140912 0.2193803 0.9140918 0.4652674 0.9140912 0.2193803 0.9043165 0.219344 0.9043161 0.4652688 0.9140912 0.2193803 0.9043161 0.4652688 0.9140918 0.4652674 0.9092119 0.3702162 0.920142 0.3702162 0.914677 0.3702162 0.9043161 0.4652688 0.894542 0.2193078 0.8945405 0.4652701 0.9043161 0.4652688 0.9043165 0.219344 0.894542 0.2193078 0.9727509 0.4652801 0.9727354 0.2194992 0.9629614 0.2195089 0.9629753 0.4652789 0.9629614 0.2195089 0.9531875 0.2195186 0.9727509 0.4652801 0.9629614 0.2195089 0.9629753 0.4652789 0.9092119 0.3951323 0.920142 0.3702162 0.9092119 0.3826743 0.9629753 0.4652789 0.9531875 0.2195186 0.9531997 0.4652777 0.9092119 0.3826743 0.920142 0.3702162 0.9092119 0.3702162 0.9531997 0.4652777 0.9531875 0.2195186 0.9434139 0.2195283 0.9531648 0.465308 0.9531598 0.21939 0.9433915 0.219394 0.9629338 0.4653086 0.9531598 0.21939 0.9531648 0.465308 0.9629338 0.4653086 0.9629281 0.2193859 0.9531598 0.21939 0.9529325 0.4449646 0.9420024 0.4698807 0.9529325 0.4574226 0.9727027 0.4653092 0.9629281 0.2193859 0.9629338 0.4653086 0.9529325 0.4574226 0.9420024 0.4698807 0.9529325 0.4698807 0.9529325 0.4449646 0.9365373 0.4698807 0.9420024 0.4698807 0.9092119 0.4449646 0.9092119 0.4574226 0.9256072 0.4698807 0.9365373 0.4698807 0.9092119 0.4449646 0.9256072 0.4698807 0.9726919 0.2193322 0.962924 0.2193332 0.9629303 0.4652809 0.9629303 0.4652809 0.962924 0.2193332 0.9531561 0.2193343 0.3865113 0.5501856 0.6696919 0.2511492 0.6697748 0.5488951 0.3864331 0.2524222 0.6697723 0.5490361 0.3865196 0.5503596 0.386435 0.2524507 0.6696893 0.2511609 0.6697728 0.5491106 0.3865113 0.5501856 0.3864282 0.2524397 0.6696919 0.2511492 0.386435 0.2524507 0.6697728 0.5491106 0.3865221 0.5504092 0.3864097 0.2524726 0.6697766 0.5491436 0.3864836 0.5503486 0.3864097 0.2524726 0.6696944 0.2511704 0.6697766 0.5491436 0.386407 0.2524514 0.6697753 0.5488731 0.3864986 0.5502419 0.6695047 0.5527221 0.3863656 0.554012 0.3862833 0.2597042 0.3864331 0.2524222 0.6696888 0.2511353 0.6697723 0.5490361 0.386407 0.2524514 0.6696913 0.2511704 0.6697753 0.5488731 0.6695047 0.5527221 0.3862833 0.2597042 0.6694226 0.2584145 0.7077476 0.6891012 0.7079767 0.7348328 0.7209562 0.7339422 0.7077476 0.6891012 0.7209562 0.7339422 0.7207275 0.6880277 0.6985909 0.6880636 0.6919062 0.7360268 0.6917211 0.6882798 0.6985909 0.6880636 0.698776 0.7358106 0.6919062 0.7360268 0.698776 0.7358106 0.6985909 0.6880636 0.7032927 0.6879089 0.698776 0.7358106 0.7032927 0.6879089 0.7034783 0.7356553 0.7035707 0.7595295 0.6988689 0.7596833 0.698776 0.7358106 0.7035707 0.7595295 0.698776 0.7358106 0.7034783 0.7356553 0.6988689 0.7596833 0.6919062 0.7360268 0.698776 0.7358106 0.6993603 0.7596698 0.6993995 0.7686181 0.6925298 0.7688341 0.6993603 0.7596698 0.6925298 0.7688341 0.6924908 0.7598864 0.6988689 0.7596833 0.6919994 0.7599002 0.6919062 0.7360268 0.6993995 0.7686181 0.6993603 0.7596698 0.7062297 0.7594541 0.6879094 0.8506971 0.6794713 0.8436698 0.6765401 0.82344 0.6963476 0.8436698 0.6879094 0.8506971 0.6765401 0.82344 0.6993995 0.7686181 0.7062297 0.7594541 0.7062689 0.7684025 0.6957894 0.7587012 0.7031493 0.768679 0.6959071 0.7693358 0.6992786 0.82344 0.6963476 0.8436698 0.6765401 0.82344 0.6765401 0.82344 0.6794713 0.8032101 0.6992786 0.82344 0.6957894 0.7587012 0.7030316 0.7580445 0.7031493 0.768679 0.6961211 0.7688985 0.6960033 0.7582635 0.688946 0.7589035 0.6961211 0.7688985 0.688946 0.7589035 0.6890637 0.7695381 0.688946 0.7589035 0.6960033 0.7582635 0.6958885 0.7351042 0.702917 0.7348852 0.7030316 0.7580445 0.6957894 0.7587012 0.702917 0.7348852 0.6957894 0.7587012 0.6956748 0.7355419 0.688946 0.7589035 0.6958885 0.7351042 0.6888313 0.735744 0.6958885 0.7351042 0.6956596 0.6900395 0.6886022 0.6906791 0.6958885 0.7351042 0.6886022 0.6906791 0.6888313 0.735744 0.6954454 0.6904769 0.7026878 0.6898203 0.702917 0.7348852 0.6954454 0.6904769 0.702917 0.7348852 0.6956748 0.7355419 0.681747 0.7580822 0.6775011 0.7575901 0.6774608 0.7352606 0.681747 0.7580822 0.6774608 0.7352606 0.6817066 0.7357532 0.6816263 0.6895433 0.6817066 0.7357532 0.6774608 0.7352606 0.6816263 0.6895433 0.6774608 0.7352606 0.6773803 0.689051 0.6917508 0.7592411 0.681747 0.7580822 0.6817066 0.7357532 0.6917508 0.7592411 0.6817066 0.7357532 0.6917104 0.7369127 0.6916304 0.6907026 0.6917104 0.7369127 0.6817066 0.7357532 0.6916304 0.6907026 0.6817066 0.7357532 0.6816263 0.6895433 0.7209562 0.7339422 0.7140071 0.7587111 0.713893 0.7344266 0.7136636 0.6886118 0.7209562 0.7339422 0.713893 0.7344266 0.7136636 0.6886118 0.7207275 0.6880277 0.7209562 0.7339422 0.7209562 0.7339422 0.7210707 0.7582253 0.7140071 0.7587111 0.7140071 0.7587111 0.7210707 0.7582253 0.7211887 0.7683081 0.7140071 0.7587111 0.7211887 0.7683081 0.7141249 0.7687928 0.6917508 0.7592411 0.6918832 0.7689991 0.6818792 0.7678402 0.6917508 0.7592411 0.6818792 0.7678402 0.681747 0.7580822 0.708091 0.7591164 0.7210707 0.7582253 0.7209562 0.7339422 0.7211887 0.7683081 0.7210707 0.7582253 0.708091 0.7591164 0.6879094 0.7961829 0.6963476 0.8032101 0.6992786 0.82344 0.6794713 0.8032101 0.6879094 0.7961829 0.6992786 0.82344 0.681747 0.7580822 0.6818792 0.7678402 0.6776334 0.7673476 0.681747 0.7580822 0.6776334 0.7673476 0.6775011 0.7575901 0.7211887 0.7683081 0.708091 0.7591164 0.708209 0.7691991 0.708091 0.7591164 0.7209562 0.7339422 0.7079767 0.7348328 0.9166526 0.05110126 0.9168058 0.06722557 0.8881575 0.06781297 0.9166526 0.05110126 0.8881575 0.06781297 0.8880041 0.05168902 0.9162147 0.08872127 0.8887759 0.08940577 0.889355 0.119868 0.9162147 0.08872127 0.889355 0.119868 0.9169036 0.1191837 0.9912987 0.05371803 0.9822301 0.06668829 0.9937925 0.03637117 0.9168058 0.06722557 0.9169148 0.07826095 0.888267 0.07884997 0.9168058 0.06722557 0.888267 0.07884997 0.8881575 0.06781297 0.9904939 0.02042084 0.9937925 0.03637117 0.9822301 0.06668829 0.915347 0.05985033 0.915766 0.07684737 0.8887271 0.07752978 0.915347 0.05985033 0.8887271 0.07752978 0.8883082 0.06053334 0.9904939 0.02042084 0.9822301 0.06668829 0.9834957 0.009289205 0.9822301 0.06668829 0.9756053 0.05552834 0.9834957 0.009289205 0.9756053 0.05552834 0.9719373 0.03632915 0.9834957 0.009289205 0.9719373 0.03632915 0.9755394 0.01881003 0.9834957 0.009289205 0.8885715 0.06103354 0.9156101 0.06035161 0.9152021 0.04378861 0.9161404 0.01744347 0.9158598 0.02741134 0.8881333 0.02774786 0.9161404 0.01744347 0.8881333 0.02774786 0.8884142 0.01778066 0.8885715 0.06103354 0.9152021 0.04378861 0.8881632 0.0444709 0.887472 0.05123198 0.8881333 0.02774786 0.9158598 0.02741134 0.887472 0.05123198 0.9158598 0.02741134 0.9151984 0.05089622 0.9165288 0.1026059 0.889355 0.119868 0.8890399 0.1032907 0.9165288 0.1026059 0.9169036 0.1191837 0.889355 0.119868 0.2402139 0.7612393 0.2359237 0.666661 0.2048876 0.7081833 0.1908763 0.6039621 0.09495592 0.6039853 0.09495663 0.7794072 0.2262752 0.8303115 0.1908755 0.8303121 0.1908789 0.9547941 0.6229414 0.7695483 0.6460613 0.7732715 0.6186175 0.6454245 0.160594 0.8666028 0.2403596 0.8633382 0.2074283 0.8208321 0.2359237 0.666661 0.1659163 0.6610935 0.1647902 0.7049944 0.1908755 0.8303121 0.2262752 0.8303115 0.1653963 0.8303126 0.0949527 0.6038799 0.1271237 0.7793357 0.1653914 0.6038756 0.1659163 0.6610935 0.08723419 0.6721865 0.1197242 0.7113481 0.2565148 0.8303636 0.2868046 0.7793869 0.2565128 0.7793901 0.1653988 0.9547938 0.1462603 0.830313 0.1271243 0.8303132 0.08723419 0.6721865 0.08620154 0.7561239 0.1191328 0.759424 0.2868036 0.9547948 0.2262752 0.8303115 0.2262796 0.9547944 0.6684142 0.7938811 0.4494897 0.8843548 0.6686258 0.9867731 0.1908789 0.9547941 0.1908755 0.8303121 0.1653963 0.8303126 0.2867858 0.603868 0.226267 0.6038718 0.2262732 0.7793331 0.1908805 0.779397 0.09495663 0.7794072 0.09495735 0.954829 0.1252546 0.7794905 0.09494227 0.6042169 0.094944 0.7794982 0.0927034 0.8664879 0.160594 0.8666028 0.1617418 0.822702 0.2547324 0.8303331 0.2869388 0.7793595 0.2547362 0.779375 0.4126085 0.6921734 0.4126085 0.6921734 0.4126079 0.6319798 0.190925 0.9547715 0.1909217 0.7794058 0.09493428 0.7793062 0.4692803 0.8033875 0.4588879 0.5962051 0.4588953 0.8635823 0.2355812 0.7793843 0.2547362 0.779375 0.28696 0.6039551 0.2547324 0.8303331 0.2547324 0.8303331 0.2355788 0.8303402 0.1271243 0.8303132 0.1462603 0.830313 0.1462603 0.830313 0.4299611 0.692173 0.4299604 0.6319791 0.4299604 0.6319791 0.4126079 0.6319798 0.4126079 0.6319798 0.4299604 0.6319791 0.4303041 0.6314527 0.4129343 0.6314637 0.4129343 0.6314637 0.4129321 0.6916318 0.4129321 0.6916318 0.4129343 0.6314637 0.4303006 0.6916235 0.4303041 0.6314527 0.4303041 0.6314527 0.393303 0.8033894 0.40369 0.8635836 0.4036856 0.5962095 0.1909173 0.6041616 0.2436284 0.7794607 0.2868923 0.6041063 0.2869308 0.9547935 0.2647202 0.8303977 0.2436328 0.830401 0.1909217 0.7794058 0.1909184 0.6040402 0.09493619 0.6038333 0.430052 0.632978 0.430052 0.632978 0.4300565 0.6931299 0.4296471 0.6310645 0.4118958 0.6310704 0.4118958 0.6310704 0.1252592 0.9547817 0.1448321 0.8304166 0.125256 0.8304196 0.1908763 0.6039621 0.2369493 0.7793922 0.2867967 0.6039389 0.4721998 0.8619367 0.4708632 0.8323968 0.4456081 0.8563165 0.2403596 0.8633382 0.2402139 0.7612393 0.2073449 0.7623539 0.08932417 0.8091277 0.1209213 0.7897825 0.1191328 0.759424 0.4301009 0.6929424 0.4300991 0.6327536 0.4300991 0.6327536 0.2369511 0.8303648 0.2565148 0.8303636 0.2565148 0.8303636 0.4123604 0.6929439 0.4123604 0.6929439 0.4123588 0.632756 0.4123588 0.632756 0.4123588 0.632756 0.4300991 0.6327536 0.2436328 0.830401 0.2647202 0.8303977 0.2647202 0.8303977 0.4109303 0.6329843 0.4109303 0.6329843 0.430052 0.632978 0.4109303 0.6329843 0.4109343 0.6931338 0.4109343 0.6931338 0.4118969 0.6912068 0.4118969 0.6912068 0.4118958 0.6310704 0.4296488 0.6912032 0.4296471 0.6310645 0.4296471 0.6310645 0.1448321 0.8304166 0.1448321 0.8304166 0.125256 0.8304196 0.2402139 0.7612393 0.2048876 0.7081833 0.2073449 0.7623539 0.1908763 0.6039621 0.09495663 0.7794072 0.1908805 0.779397 0.2262752 0.8303115 0.1908789 0.9547941 0.2262796 0.9547944 0.4677161 0.762835 0.4456081 0.8563165 0.4708632 0.8323968 0.4456081 0.8563165 0.4677161 0.762835 0.4456081 0.7732715 0.4456081 0.7732715 0.4687569 0.652676 0.4456081 0.600356 0.4677161 0.762835 0.4687569 0.652676 0.4456081 0.7732715 0.6460613 0.946187 0.6230883 0.9035424 0.5724573 0.946187 0.5724573 0.946187 0.5426946 0.907827 0.5458347 0.946187 0.5458347 0.946187 0.5426946 0.907827 0.5088464 0.946187 0.5088464 0.946187 0.4742692 0.907676 0.4456081 0.946187 0.4456081 0.946187 0.4742692 0.907676 0.4456081 0.8915821 0.4456081 0.8915821 0.4742692 0.907676 0.4721998 0.8619367 0.4687569 0.652676 0.5480588 0.6381176 0.4456081 0.600356 0.4456081 0.600356 0.5480588 0.6381176 0.5458347 0.600356 0.5088464 0.946187 0.5426946 0.907827 0.4742692 0.907676 0.5480588 0.6381176 0.6460613 0.600356 0.5458347 0.600356 0.6186175 0.6454245 0.6460613 0.600356 0.5480588 0.6381176 0.5724573 0.946187 0.6230883 0.9035424 0.5426946 0.907827 0.6186175 0.6454245 0.6460613 0.7732715 0.6460613 0.600356 0.6460613 0.946187 0.6460613 0.7732715 0.6230883 0.9035424 0.6230883 0.9035424 0.6460613 0.7732715 0.6229414 0.7695483 0.160594 0.8666028 0.2074283 0.8208321 0.1617418 0.822702 0.2359237 0.666661 0.1647902 0.7049944 0.2048876 0.7081833 0.2262752 0.8303115 0.1908755 0.8303121 0.2262752 0.8303115 0.1908755 0.8303121 0.1653963 0.8303126 0.1653963 0.8303126 0.1653952 0.7793347 0.1653914 0.6038756 0.1462594 0.7793352 0.1462594 0.7793352 0.1653914 0.6038756 0.1271237 0.7793357 0.1271237 0.7793357 0.0949527 0.6038799 0.09495353 0.7793367 0.1659163 0.6610935 0.1197242 0.7113481 0.1647902 0.7049944 0.2868046 0.7793869 0.2565148 0.8303636 0.2868126 0.9548348 0.2868126 0.9548348 0.2369511 0.8303648 0.1908849 0.954832 0.2565148 0.8303636 0.2369511 0.8303648 0.2868126 0.9548348 0.1908849 0.954832 0.2369511 0.8303648 0.1908805 0.779397 0.1908805 0.779397 0.2369511 0.8303648 0.2369493 0.7793922 0.1653952 0.7793347 0.1462594 0.7793352 0.1653963 0.8303126 0.1653963 0.8303126 0.1462603 0.830313 0.1653988 0.9547938 0.1653988 0.9547938 0.1271243 0.8303132 0.09495431 0.9547933 0.09495431 0.9547933 0.1271243 0.8303132 0.09495353 0.7793367 0.09495353 0.7793367 0.1271243 0.8303132 0.1271237 0.7793357 0.1462603 0.830313 0.1653963 0.8303126 0.1462594 0.7793352 0.08723419 0.6721865 0.1191328 0.759424 0.1197242 0.7113481 0.2262732 0.7793331 0.2262752 0.8303115 0.2867946 0.7793314 0.2867946 0.7793314 0.2262752 0.8303115 0.2868036 0.9547948 0.6686258 0.9867731 0.4514136 0.9268793 0.5528945 0.9929407 0.5528945 0.9929407 0.4514136 0.9268793 0.4543926 0.9927234 0.4514136 0.9268793 0.6686258 0.9867731 0.4494897 0.8843548 0.4494897 0.8843548 0.6684142 0.7938811 0.4449591 0.7842169 0.4449591 0.7842169 0.5606166 0.604679 0.4464572 0.6256368 0.6621898 0.6151977 0.5606166 0.604679 0.4449591 0.7842169 0.6621898 0.6151977 0.4449591 0.7842169 0.6684142 0.7938811 0.1908789 0.9547941 0.1653963 0.8303126 0.1653988 0.9547938 0.2867858 0.603868 0.2262732 0.7793331 0.2867946 0.7793314 0.1908805 0.779397 0.09495735 0.954829 0.1908849 0.954832 0.1909278 0.779474 0.1909173 0.6041616 0.1448303 0.7794855 0.1448303 0.7794855 0.09494227 0.6042169 0.1252546 0.7794905 0.1909173 0.6041616 0.09494227 0.6042169 0.1448303 0.7794855 0.0927034 0.8664879 0.1617418 0.822702 0.1228567 0.8226361 0.2869388 0.7793595 0.2547324 0.8303331 0.2869176 0.9547637 0.2869176 0.9547637 0.2355788 0.8303402 0.190925 0.9547715 0.2547324 0.8303331 0.2355788 0.8303402 0.2869176 0.9547637 0.190925 0.9547715 0.2355788 0.8303402 0.1909217 0.7794058 0.1909217 0.7794058 0.2355788 0.8303402 0.2355812 0.7793843 0.4126085 0.6921734 0.4126079 0.6319798 0.4126079 0.6319798 0.190925 0.9547715 0.09493428 0.7793062 0.09493237 0.9547792 0.4588879 0.5962051 0.4692803 0.8033875 0.4692725 0.5962051 0.4692803 0.8033875 0.4588953 0.8635823 0.4692826 0.8635823 0.2355812 0.7793843 0.1909184 0.6040402 0.1909217 0.7794058 0.1909184 0.6040402 0.2355812 0.7793843 0.28696 0.6039551 0.28696 0.6039551 0.2547362 0.779375 0.2869388 0.7793595 0.2547324 0.8303331 0.2355788 0.8303402 0.2355788 0.8303402 0.1271243 0.8303132 0.1462603 0.830313 0.1271243 0.8303132 0.4299611 0.692173 0.4299604 0.6319791 0.4299611 0.692173 0.4126079 0.6319798 0.4299604 0.6319791 0.4299604 0.6319791 0.4303041 0.6314527 0.4129343 0.6314637 0.4303041 0.6314527 0.4129321 0.6916318 0.4129343 0.6314637 0.4129343 0.6314637 0.4303006 0.6916235 0.4303041 0.6314527 0.4303006 0.6916235 0.40369 0.8635836 0.393303 0.8033894 0.3933044 0.8635836 0.393303 0.8033894 0.4036856 0.5962095 0.3932983 0.5962095 0.2869116 0.7794499 0.2868923 0.6041063 0.2647152 0.7794554 0.2647152 0.7794554 0.2868923 0.6041063 0.2436284 0.7794607 0.2436284 0.7794607 0.1909173 0.6041616 0.1909278 0.779474 0.2869308 0.9547935 0.2436328 0.830401 0.1909382 0.9547865 0.1909382 0.9547865 0.2436328 0.830401 0.1909278 0.779474 0.1909278 0.779474 0.2436328 0.830401 0.2436284 0.7794607 0.2647202 0.8303977 0.2869116 0.7794499 0.2647152 0.7794554 0.2647202 0.8303977 0.2869308 0.9547935 0.2869116 0.7794499 0.1909217 0.7794058 0.09493619 0.6038333 0.09493428 0.7793062 0.430052 0.632978 0.4300565 0.6931299 0.4300565 0.6931299 0.4296471 0.6310645 0.4118958 0.6310704 0.4296471 0.6310645 0.1909382 0.9547865 0.1448321 0.8304166 0.1448366 0.9547832 0.1448366 0.9547832 0.1448321 0.8304166 0.1252592 0.9547817 0.1252592 0.9547817 0.125256 0.8304196 0.09494578 0.9547795 0.09494578 0.9547795 0.125256 0.8304196 0.094944 0.7794982 0.094944 0.7794982 0.125256 0.8304196 0.1252546 0.7794905 0.1448321 0.8304166 0.1909278 0.779474 0.1448303 0.7794855 0.1448321 0.8304166 0.1909382 0.9547865 0.1909278 0.779474 0.2868046 0.7793869 0.2867967 0.6039389 0.2565128 0.7793901 0.2565128 0.7793901 0.2867967 0.6039389 0.2369493 0.7793922 0.2369493 0.7793922 0.1908763 0.6039621 0.1908805 0.779397 0.4721998 0.8619367 0.4456081 0.8563165 0.4456081 0.8915821 0.2403596 0.8633382 0.2073449 0.7623539 0.2074283 0.8208321 0.0927034 0.8664879 0.1228567 0.8226361 0.0906502 0.8316361 0.0906502 0.8316361 0.1216807 0.8026744 0.08932417 0.8091277 0.1228567 0.8226361 0.1216807 0.8026744 0.0906502 0.8316361 0.08932417 0.8091277 0.1191328 0.759424 0.08620154 0.7561239 0.1209213 0.7897825 0.08932417 0.8091277 0.1216807 0.8026744 0.4301009 0.6929424 0.4300991 0.6327536 0.4301009 0.6929424 0.2369511 0.8303648 0.2565148 0.8303636 0.2369511 0.8303648 0.4123604 0.6929439 0.4123588 0.632756 0.4123588 0.632756 0.4123588 0.632756 0.4300991 0.6327536 0.4300991 0.6327536 0.2436328 0.830401 0.2647202 0.8303977 0.2436328 0.830401 0.4109303 0.6329843 0.430052 0.632978 0.430052 0.632978 0.4109303 0.6329843 0.4109343 0.6931338 0.4109303 0.6329843 0.4118969 0.6912068 0.4118958 0.6310704 0.4118958 0.6310704 0.4296488 0.6912032 0.4296471 0.6310645 0.4296488 0.6912032 0.1448321 0.8304166 0.125256 0.8304196 0.125256 0.8304196 0.02119594 0.08524477 0.1532728 0.08526051 0.1532732 0.01827615 0.02119636 0.0182563 0.02119594 0.08524566 0.1532728 0.08526122 0.4563809 0.2314967 0.4379349 0.1886191 0.4379351 0.2314965 0.02119594 0.08524477 0.1532732 0.01827615 0.02119636 0.01825642 0.4563809 0.2314967 0.4563809 0.1886177 0.4379349 0.1886191 0.4563811 0.2314929 0.4563811 0.1886283 0.4379334 0.1886135 0.4563811 0.2314929 0.4379334 0.1886135 0.437933 0.2314949 0.02119636 0.01825648 0.02119594 0.08524507 0.1532728 0.08526039 0.1532561 0.08532905 0.02117449 0.01815927 0.02114719 0.08531653 0.02119636 0.0182563 0.1532728 0.08526122 0.1532732 0.01827609 0.1532561 0.08532905 0.153252 0.01817554 0.02117449 0.01815927 0.02119636 0.01825648 0.1532728 0.08526039 0.1532732 0.01827633 0.02119594 0.08524477 0.1532728 0.08526051 0.1532732 0.01827615 0.02119636 0.0182563 0.02119594 0.08524566 0.1532728 0.08526122 0.4563809 0.2314967 0.4379349 0.1886191 0.4379351 0.2314965 0.02119594 0.08524477 0.1532732 0.01827615 0.02119636 0.01825642 0.4563809 0.2314967 0.4563809 0.1886177 0.4379349 0.1886191 0.4563811 0.2314929 0.4563811 0.1886283 0.4379334 0.1886135 0.4563811 0.2314929 0.4379334 0.1886135 0.437933 0.2314949 0.02119636 0.01825648 0.02119594 0.08524507 0.1532728 0.08526039 0.1532561 0.08532905 0.02117449 0.01815927 0.02114719 0.08531653 0.02119636 0.0182563 0.1532728 0.08526122 0.1532732 0.01827609 0.1532561 0.08532905 0.153252 0.01817554 0.02117449 0.01815927 0.02119636 0.01825648 0.1532728 0.08526039 0.1532732 0.01827633 0.02119594 0.08524477 0.1532728 0.08526051 0.1532732 0.01827615 0.02119636 0.0182563 0.02119594 0.08524566 0.1532728 0.08526122 0.4563809 0.2314967 0.4379349 0.1886191 0.4379351 0.2314965 0.02119594 0.08524477 0.1532732 0.01827615 0.02119636 0.01825642 0.4563809 0.2314967 0.4563809 0.1886177 0.4379349 0.1886191 0.4563811 0.2314929 0.4563811 0.1886283 0.4379334 0.1886135 0.4563811 0.2314929 0.4379334 0.1886135 0.437933 0.2314949 0.02119636 0.01825648 0.02119594 0.08524507 0.1532728 0.08526039 0.1532561 0.08532905 0.02117449 0.01815927 0.02114719 0.08531653 0.02119636 0.0182563 0.1532728 0.08526122 0.1532732 0.01827609 0.1532561 0.08532905 0.153252 0.01817554 0.02117449 0.01815927 0.02119636 0.01825648 0.1532728 0.08526039 0.1532732 0.01827633 0.02119594 0.08524477 0.1532728 0.08526051 0.1532732 0.01827615 0.02119636 0.0182563 0.02119594 0.08524566 0.1532728 0.08526122 0.4563809 0.2314967 0.4379349 0.1886191 0.4379351 0.2314965 0.02119594 0.08524477 0.1532732 0.01827615 0.02119636 0.01825642 0.4563809 0.2314967 0.4563809 0.1886177 0.4379349 0.1886191 0.4563811 0.2314929 0.4563811 0.1886283 0.4379334 0.1886135 0.4563811 0.2314929 0.4379334 0.1886135 0.437933 0.2314949 0.02119636 0.01825648 0.02119594 0.08524507 0.1532728 0.08526039 0.153252 0.01817554 0.02114719 0.08531653 0.1532561 0.08532905 0.02119636 0.0182563 0.1532728 0.08526122 0.1532732 0.01827609 0.02119636 0.01825648 0.1532728 0.08526039 0.1532732 0.01827633 0.153252 0.01817554 0.02117449 0.01815927 0.02114719 0.08531653 0.02119594 0.08524477 0.1532728 0.08526051 0.1532732 0.01827615 0.02119636 0.0182563 0.02119594 0.08524566 0.1532728 0.08526122 0.4563809 0.2314967 0.4379349 0.1886191 0.4379351 0.2314965 0.02119594 0.08524477 0.1532732 0.01827615 0.02119636 0.01825642 0.4563809 0.2314967 0.4563809 0.1886177 0.4379349 0.1886191 0.4563811 0.2314929 0.4563811 0.1886283 0.4379334 0.1886135 0.4563811 0.2314929 0.4379334 0.1886135 0.437933 0.2314949 0.02119636 0.01825648 0.02119594 0.08524507 0.1532728 0.08526039 0.153252 0.01817554 0.02114719 0.08531653 0.1532561 0.08532905 0.02119636 0.0182563 0.1532728 0.08526122 0.1532732 0.01827609 0.02119636 0.01825648 0.1532728 0.08526039 0.1532732 0.01827633 0.153252 0.01817554 0.02117449 0.01815927 0.02114719 0.08531653 0.02119594 0.08524477 0.1532728 0.08526051 0.1532732 0.01827615 0.02119636 0.0182563 0.02119594 0.08524566 0.1532728 0.08526122 0.4563809 0.2314967 0.4379349 0.1886191 0.4379351 0.2314965 0.02119594 0.08524477 0.1532732 0.01827615 0.02119636 0.01825642 0.4563809 0.2314967 0.4563809 0.1886177 0.4379349 0.1886191 0.4563811 0.2314929 0.4563811 0.1886283 0.4379334 0.1886135 0.4563811 0.2314929 0.4379334 0.1886135 0.437933 0.2314949 0.02119636 0.01825648 0.02119594 0.08524507 0.1532728 0.08526039 0.153252 0.01817554 0.02114719 0.08531653 0.1532561 0.08532905 0.02119636 0.0182563 0.1532728 0.08526122 0.1532732 0.01827609 0.02119636 0.01825648 0.1532728 0.08526039 0.1532732 0.01827633 0.153252 0.01817554 0.02117449 0.01815927 0.02114719 0.08531653 0.9279858 0.6783241 0.879885 0.6794727 0.8812938 0.9195833 0.9279858 0.6783241 0.8812938 0.9195833 0.9293966 0.9184356 0.9293966 0.9184356 0.8812938 0.9195833 0.881703 0.9893445 0.9293966 0.9184356 0.881703 0.9893445 0.9298063 0.9881979 0.9966391 0.986604 0.9293966 0.9184356 0.9298063 0.9881979 0.9966391 0.986604 0.9962284 0.9168415 0.9293966 0.9184356 0.9962284 0.9168415 0.9279858 0.6783241 0.9293966 0.9184356 0.9962284 0.9168415 0.9948149 0.6767287 0.9279858 0.6783241 0.2391371 0.8784435 0.2600929 0.87862 0.2608255 0.7589681 0.2398549 0.7587918 0.2391251 0.8784365 0.260094 0.8786121 0.2398549 0.7587918 0.260094 0.8786121 0.2608271 0.7589682 0.2379977 0.877018 0.2621131 0.7603576 0.2386757 0.7618624 0.5254333 0.8547416 0.5254333 0.8065221 0.5006176 0.8065053 0.5254333 0.8547416 0.5006176 0.8065053 0.5006171 0.8547438 0.2379977 0.877018 0.2614275 0.8768221 0.2621131 0.7603576 0.2608247 0.7589672 0.2391389 0.8784446 0.2600911 0.878619 0.2391371 0.8784435 0.2608255 0.7589681 0.2398697 0.7587916 0.2608247 0.7589672 0.239865 0.758791 0.2391389 0.8784446 0.2391371 0.8784435 0.2600929 0.87862 0.2608255 0.7589681 0.2398549 0.7587918 0.2391251 0.8784365 0.260094 0.8786121 0.2398549 0.7587918 0.260094 0.8786121 0.2608271 0.7589682 0.2608247 0.7589672 0.2391389 0.8784446 0.2600911 0.878619 0.2379977 0.877018 0.2614275 0.8768221 0.2621131 0.7603576 0.2379977 0.877018 0.2621131 0.7603576 0.2386757 0.7618624 0.5254333 0.8065221 0.5006171 0.8547438 0.5254333 0.8547416 0.2608247 0.7589672 0.239865 0.758791 0.2391389 0.8784446 0.5254333 0.8065221 0.5006176 0.8065053 0.5006171 0.8547438 0.2391371 0.8784435 0.2608255 0.7589681 0.2398697 0.7587916 0.2398697 0.7587916 0.2391371 0.8784435 0.2600929 0.87862 0.2398549 0.7587918 0.2391251 0.8784365 0.260094 0.8786121 0.2398549 0.7587918 0.260094 0.8786121 0.2608271 0.7589682 0.2398697 0.7587916 0.2600929 0.87862 0.2608255 0.7589681 0.5254333 0.8547416 0.5254333 0.8065221 0.5006176 0.8065053 0.5254333 0.8547416 0.5006176 0.8065053 0.5006171 0.8547438 0.2608247 0.7589672 0.239865 0.758791 0.2391389 0.8784446 0.2614275 0.8768221 0.2386757 0.7618624 0.2379977 0.877018 0.2608247 0.7589672 0.2391389 0.8784446 0.2600911 0.878619 0.2614275 0.8768221 0.2621131 0.7603576 0.2386757 0.7618624 0.2391371 0.8784435 0.2608255 0.7589681 0.2600929 0.87862 0.2398549 0.7587918 0.260094 0.8786121 0.2391251 0.8784365 0.2398549 0.7587918 0.2608271 0.7589682 0.260094 0.8786121 0.2608247 0.7589672 0.2600911 0.878619 0.2391389 0.8784446 0.2379977 0.877018 0.2621131 0.7603576 0.2614275 0.8768221 0.2379977 0.877018 0.2386757 0.7618624 0.2621131 0.7603576 0.5254333 0.8065221 0.5254333 0.8547416 0.5006171 0.8547438 0.2608247 0.7589672 0.2391389 0.8784446 0.239865 0.758791 0.5254333 0.8065221 0.5006171 0.8547438 0.5006176 0.8065053 0.2391371 0.8784435 0.2398697 0.7587916 0.2608255 0.7589681 0.2391371 0.8784435 0.2600929 0.87862 0.2608255 0.7589681 0.2398549 0.7587918 0.2391251 0.8784365 0.260094 0.8786121 0.2398549 0.7587918 0.260094 0.8786121 0.2608271 0.7589682 0.2608247 0.7589672 0.2391389 0.8784446 0.2600911 0.878619 0.2379977 0.877018 0.2614275 0.8768221 0.2621131 0.7603576 0.2379977 0.877018 0.2621131 0.7603576 0.2386757 0.7618624 0.5254333 0.8065221 0.5006171 0.8547438 0.5254333 0.8547416 0.2608247 0.7589672 0.239865 0.758791 0.2391389 0.8784446 0.5254333 0.8065221 0.5006176 0.8065053 0.5006171 0.8547438 0.2391371 0.8784435 0.2608255 0.7589681 0.2398697 0.7587916 0.2398697 0.7587916 0.2391371 0.8784435 0.2600929 0.87862 0.2398549 0.7587918 0.2391251 0.8784365 0.260094 0.8786121 0.2398549 0.7587918 0.260094 0.8786121 0.2608271 0.7589682 0.2398697 0.7587916 0.2600929 0.87862 0.2608255 0.7589681 0.5254333 0.8547416 0.5254333 0.8065221 0.5006176 0.8065053 0.5254333 0.8547416 0.5006176 0.8065053 0.5006171 0.8547438 0.2608247 0.7589672 0.239865 0.758791 0.2391389 0.8784446 0.2614275 0.8768221 0.2386757 0.7618624 0.2379977 0.877018 0.2608247 0.7589672 0.2391389 0.8784446 0.2600911 0.878619 0.2614275 0.8768221 0.2621131 0.7603576 0.2386757 0.7618624 0.2391371 0.8784435 0.2600929 0.87862 0.2608255 0.7589681 0.2398549 0.7587918 0.2391251 0.8784365 0.260094 0.8786121 0.2398549 0.7587918 0.260094 0.8786121 0.2608271 0.7589682 0.2379977 0.877018 0.2621131 0.7603576 0.2386757 0.7618624 0.5254333 0.8547416 0.5254333 0.8065221 0.5006176 0.8065053 0.5254333 0.8547416 0.5006176 0.8065053 0.5006171 0.8547438 0.2379977 0.877018 0.2614275 0.8768221 0.2621131 0.7603576 0.2608247 0.7589672 0.2391389 0.8784446 0.2600911 0.878619 0.2391371 0.8784435 0.2608255 0.7589681 0.2398697 0.7587916 0.2608247 0.7589672 0.239865 0.758791 0.2391389 0.8784446 0.9166526 0.05110126 0.8881575 0.06781297 0.9168058 0.06722557 0.9166526 0.05110126 0.8880041 0.05168902 0.8881575 0.06781297 0.9162147 0.08872127 0.889355 0.119868 0.8887759 0.08940577 0.9162147 0.08872127 0.9169036 0.1191837 0.889355 0.119868 0.9912987 0.05371803 0.9937925 0.03637117 0.9822301 0.06668829 0.9168058 0.06722557 0.888267 0.07884997 0.9169148 0.07826095 0.9168058 0.06722557 0.8881575 0.06781297 0.888267 0.07884997 0.9904939 0.02042084 0.9822301 0.06668829 0.9937925 0.03637117 0.915347 0.05985033 0.8887271 0.07752978 0.915766 0.07684737 0.915347 0.05985033 0.8883082 0.06053334 0.8887271 0.07752978 0.9904939 0.02042084 0.9834957 0.009289205 0.9822301 0.06668829 0.9822301 0.06668829 0.9834957 0.009289205 0.9756053 0.05552834 0.9756053 0.05552834 0.9834957 0.009289205 0.9719373 0.03632915 0.9719373 0.03632915 0.9834957 0.009289205 0.9755394 0.01881003 0.8885715 0.06103354 0.9152021 0.04378861 0.9156101 0.06035161 0.9161404 0.01744347 0.8881333 0.02774786 0.9158598 0.02741134 0.9161404 0.01744347 0.8884142 0.01778066 0.8881333 0.02774786 0.8885715 0.06103354 0.8881632 0.0444709 0.9152021 0.04378861 0.887472 0.05123198 0.9158598 0.02741134 0.8881333 0.02774786 0.887472 0.05123198 0.9151984 0.05089622 0.9158598 0.02741134 0.9165288 0.1026059 0.8890399 0.1032907 0.889355 0.119868 0.9165288 0.1026059 0.889355 0.119868 0.9169036 0.1191837 0.8881575 0.06781297 0.8880041 0.05168902 0.8880041 0.05168902 0.8885715 0.06103354 0.8881632 0.0444709 0.8885715 0.06103354 0.8881575 0.06781297 0.888267 0.07884997 0.8881575 0.06781297 0.889355 0.119868 0.8890399 0.1032907 0.8890399 0.1032907 0.8881333 0.02774786 0.887472 0.05123198 0.8881333 0.02774786 0.8881333 0.02774786 0.8884142 0.01778066 0.8884142 0.01778066 0.889355 0.119868 0.8887759 0.08940577 0.889355 0.119868 0.8887271 0.07752978 0.8883082 0.06053334 0.8883082 0.06053334 0.2402139 0.7612393 0.2048876 0.7081833 0.2359237 0.666661 0.1908763 0.6039621 0.09495663 0.7794072 0.09495592 0.6039853 0.2262752 0.8303115 0.1908789 0.9547941 0.1908755 0.8303121 0.6229414 0.7695483 0.6186175 0.6454245 0.6460613 0.7732715 0.160594 0.8666028 0.2074283 0.8208321 0.2403596 0.8633382 0.2359237 0.666661 0.1647902 0.7049944 0.1659163 0.6610935 0.1908755 0.8303121 0.1653963 0.8303126 0.2262752 0.8303115 0.0949527 0.6038799 0.1653914 0.6038756 0.1271237 0.7793357 0.1659163 0.6610935 0.1197242 0.7113481 0.08723419 0.6721865 0.2565148 0.8303636 0.2565128 0.7793901 0.2868046 0.7793869 0.1653988 0.9547938 0.1271243 0.8303132 0.1462603 0.830313 0.08723419 0.6721865 0.1191328 0.759424 0.08620154 0.7561239 0.2868036 0.9547948 0.2262796 0.9547944 0.2262752 0.8303115 0.6684142 0.7938811 0.6686258 0.9867731 0.4494897 0.8843548 0.1908789 0.9547941 0.1653963 0.8303126 0.1908755 0.8303121 0.2867858 0.603868 0.2262732 0.7793331 0.226267 0.6038718 0.1908805 0.779397 0.09495735 0.954829 0.09495663 0.7794072 0.1252546 0.7794905 0.094944 0.7794982 0.09494227 0.6042169 0.0927034 0.8664879 0.1617418 0.822702 0.160594 0.8666028 0.2547324 0.8303331 0.2547362 0.779375 0.2869388 0.7793595 0.4126085 0.6921734 0.4126079 0.6319798 0.4126085 0.6921734 0.190925 0.9547715 0.09493428 0.7793062 0.1909217 0.7794058 0.4692803 0.8033875 0.4588953 0.8635823 0.4588879 0.5962051 0.2355812 0.7793843 0.28696 0.6039551 0.2547362 0.779375 0.2547324 0.8303331 0.2355788 0.8303402 0.2547324 0.8303331 0.1271243 0.8303132 0.1462603 0.830313 0.1462603 0.830313 0.4299611 0.692173 0.4299604 0.6319791 0.4299604 0.6319791 0.4126079 0.6319798 0.4299604 0.6319791 0.4126079 0.6319798 0.4303041 0.6314527 0.4129343 0.6314637 0.4129343 0.6314637 0.4129321 0.6916318 0.4129343 0.6314637 0.4129321 0.6916318 0.4303006 0.6916235 0.4303041 0.6314527 0.4303041 0.6314527 0.393303 0.8033894 0.4036856 0.5962095 0.40369 0.8635836 0.1909173 0.6041616 0.2868923 0.6041063 0.2436284 0.7794607 0.2869308 0.9547935 0.2436328 0.830401 0.2647202 0.8303977 0.1909217 0.7794058 0.09493619 0.6038333 0.1909184 0.6040402 0.430052 0.632978 0.4300565 0.6931299 0.430052 0.632978 0.4296471 0.6310645 0.4118958 0.6310704 0.4118958 0.6310704 0.1252592 0.9547817 0.125256 0.8304196 0.1448321 0.8304166 0.1908763 0.6039621 0.2867967 0.6039389 0.2369493 0.7793922 0.4721998 0.8619367 0.4456081 0.8563165 0.4708632 0.8323968 0.2403596 0.8633382 0.2073449 0.7623539 0.2402139 0.7612393 0.08932417 0.8091277 0.1191328 0.759424 0.1209213 0.7897825 0.4301009 0.6929424 0.4300991 0.6327536 0.4300991 0.6327536 0.2369511 0.8303648 0.2565148 0.8303636 0.2565148 0.8303636 0.4123604 0.6929439 0.4123588 0.632756 0.4123604 0.6929439 0.4123588 0.632756 0.4300991 0.6327536 0.4123588 0.632756 0.2436328 0.830401 0.2647202 0.8303977 0.2647202 0.8303977 0.4109303 0.6329843 0.430052 0.632978 0.4109303 0.6329843 0.4109303 0.6329843 0.4109343 0.6931338 0.4109343 0.6931338 0.4118969 0.6912068 0.4118958 0.6310704 0.4118969 0.6912068 0.4296488 0.6912032 0.4296471 0.6310645 0.4296471 0.6310645 0.1448321 0.8304166 0.125256 0.8304196 0.1448321 0.8304166 0.2402139 0.7612393 0.2073449 0.7623539 0.2048876 0.7081833 0.1908763 0.6039621 0.1908805 0.779397 0.09495663 0.7794072 0.2262752 0.8303115 0.2262796 0.9547944 0.1908789 0.9547941 0.4677161 0.762835 0.4708632 0.8323968 0.4456081 0.8563165 0.4456081 0.8563165 0.4456081 0.7732715 0.4677161 0.762835 0.4456081 0.7732715 0.4456081 0.600356 0.4687569 0.652676 0.4677161 0.762835 0.4456081 0.7732715 0.4687569 0.652676 0.6460613 0.946187 0.5724573 0.946187 0.6230883 0.9035424 0.5724573 0.946187 0.5458347 0.946187 0.5426946 0.907827 0.5458347 0.946187 0.5088464 0.946187 0.5426946 0.907827 0.5088464 0.946187 0.4456081 0.946187 0.4742692 0.907676 0.4456081 0.946187 0.4456081 0.8915821 0.4742692 0.907676 0.4456081 0.8915821 0.4721998 0.8619367 0.4742692 0.907676 0.4687569 0.652676 0.4456081 0.600356 0.5480588 0.6381176 0.4456081 0.600356 0.5458347 0.600356 0.5480588 0.6381176 0.5088464 0.946187 0.4742692 0.907676 0.5426946 0.907827 0.5480588 0.6381176 0.5458347 0.600356 0.6460613 0.600356 0.6186175 0.6454245 0.5480588 0.6381176 0.6460613 0.600356 0.5724573 0.946187 0.5426946 0.907827 0.6230883 0.9035424 0.6186175 0.6454245 0.6460613 0.600356 0.6460613 0.7732715 0.6460613 0.946187 0.6230883 0.9035424 0.6460613 0.7732715 0.6230883 0.9035424 0.6229414 0.7695483 0.6460613 0.7732715 0.160594 0.8666028 0.1617418 0.822702 0.2074283 0.8208321 0.2359237 0.666661 0.2048876 0.7081833 0.1647902 0.7049944 0.2262752 0.8303115 0.2262752 0.8303115 0.1908755 0.8303121 0.1908755 0.8303121 0.1653963 0.8303126 0.1653963 0.8303126 0.1653952 0.7793347 0.1462594 0.7793352 0.1653914 0.6038756 0.1462594 0.7793352 0.1271237 0.7793357 0.1653914 0.6038756 0.1271237 0.7793357 0.09495353 0.7793367 0.0949527 0.6038799 0.1659163 0.6610935 0.1647902 0.7049944 0.1197242 0.7113481 0.2868046 0.7793869 0.2868126 0.9548348 0.2565148 0.8303636 0.2868126 0.9548348 0.1908849 0.954832 0.2369511 0.8303648 0.2565148 0.8303636 0.2868126 0.9548348 0.2369511 0.8303648 0.1908849 0.954832 0.1908805 0.779397 0.2369511 0.8303648 0.1908805 0.779397 0.2369493 0.7793922 0.2369511 0.8303648 0.1653952 0.7793347 0.1653963 0.8303126 0.1462594 0.7793352 0.1653963 0.8303126 0.1653988 0.9547938 0.1462603 0.830313 0.1653988 0.9547938 0.09495431 0.9547933 0.1271243 0.8303132 0.09495431 0.9547933 0.09495353 0.7793367 0.1271243 0.8303132 0.09495353 0.7793367 0.1271237 0.7793357 0.1271243 0.8303132 0.1462603 0.830313 0.1462594 0.7793352 0.1653963 0.8303126 0.08723419 0.6721865 0.1197242 0.7113481 0.1191328 0.759424 0.2262732 0.7793331 0.2867946 0.7793314 0.2262752 0.8303115 0.2867946 0.7793314 0.2868036 0.9547948 0.2262752 0.8303115 0.6686258 0.9867731 0.5528945 0.9929407 0.4514136 0.9268793 0.5528945 0.9929407 0.4543926 0.9927234 0.4514136 0.9268793 0.4514136 0.9268793 0.4494897 0.8843548 0.6686258 0.9867731 0.4494897 0.8843548 0.4449591 0.7842169 0.6684142 0.7938811 0.4449591 0.7842169 0.4464572 0.6256368 0.5606166 0.604679 0.6621898 0.6151977 0.4449591 0.7842169 0.5606166 0.604679 0.6621898 0.6151977 0.6684142 0.7938811 0.4449591 0.7842169 0.1908789 0.9547941 0.1653988 0.9547938 0.1653963 0.8303126 0.2867858 0.603868 0.2867946 0.7793314 0.2262732 0.7793331 0.1908805 0.779397 0.1908849 0.954832 0.09495735 0.954829 0.1909278 0.779474 0.1448303 0.7794855 0.1909173 0.6041616 0.1448303 0.7794855 0.1252546 0.7794905 0.09494227 0.6042169 0.1909173 0.6041616 0.1448303 0.7794855 0.09494227 0.6042169 0.0927034 0.8664879 0.1228567 0.8226361 0.1617418 0.822702 0.2869388 0.7793595 0.2869176 0.9547637 0.2547324 0.8303331 0.2869176 0.9547637 0.190925 0.9547715 0.2355788 0.8303402 0.2547324 0.8303331 0.2869176 0.9547637 0.2355788 0.8303402 0.190925 0.9547715 0.1909217 0.7794058 0.2355788 0.8303402 0.1909217 0.7794058 0.2355812 0.7793843 0.2355788 0.8303402 0.4126085 0.6921734 0.4126079 0.6319798 0.4126079 0.6319798 0.190925 0.9547715 0.09493237 0.9547792 0.09493428 0.7793062 0.4588879 0.5962051 0.4692725 0.5962051 0.4692803 0.8033875 0.4692803 0.8033875 0.4692826 0.8635823 0.4588953 0.8635823 0.2355812 0.7793843 0.1909217 0.7794058 0.1909184 0.6040402 0.1909184 0.6040402 0.28696 0.6039551 0.2355812 0.7793843 0.28696 0.6039551 0.2869388 0.7793595 0.2547362 0.779375 0.2547324 0.8303331 0.2355788 0.8303402 0.2355788 0.8303402 0.1271243 0.8303132 0.1271243 0.8303132 0.1462603 0.830313 0.4299611 0.692173 0.4299611 0.692173 0.4299604 0.6319791 0.4126079 0.6319798 0.4299604 0.6319791 0.4299604 0.6319791 0.4303041 0.6314527 0.4303041 0.6314527 0.4129343 0.6314637 0.4129321 0.6916318 0.4129343 0.6314637 0.4129343 0.6314637 0.4303006 0.6916235 0.4303006 0.6916235 0.4303041 0.6314527 0.40369 0.8635836 0.3933044 0.8635836 0.393303 0.8033894 0.393303 0.8033894 0.3932983 0.5962095 0.4036856 0.5962095 0.2869116 0.7794499 0.2647152 0.7794554 0.2868923 0.6041063 0.2647152 0.7794554 0.2436284 0.7794607 0.2868923 0.6041063 0.2436284 0.7794607 0.1909278 0.779474 0.1909173 0.6041616 0.2869308 0.9547935 0.1909382 0.9547865 0.2436328 0.830401 0.1909382 0.9547865 0.1909278 0.779474 0.2436328 0.830401 0.1909278 0.779474 0.2436284 0.7794607 0.2436328 0.830401 0.2647202 0.8303977 0.2647152 0.7794554 0.2869116 0.7794499 0.2647202 0.8303977 0.2869116 0.7794499 0.2869308 0.9547935 0.1909217 0.7794058 0.09493428 0.7793062 0.09493619 0.6038333 0.430052 0.632978 0.4300565 0.6931299 0.4300565 0.6931299 0.4296471 0.6310645 0.4296471 0.6310645 0.4118958 0.6310704 0.1909382 0.9547865 0.1448366 0.9547832 0.1448321 0.8304166 0.1448366 0.9547832 0.1252592 0.9547817 0.1448321 0.8304166 0.1252592 0.9547817 0.09494578 0.9547795 0.125256 0.8304196 0.09494578 0.9547795 0.094944 0.7794982 0.125256 0.8304196 0.094944 0.7794982 0.1252546 0.7794905 0.125256 0.8304196 0.1448321 0.8304166 0.1448303 0.7794855 0.1909278 0.779474 0.1448321 0.8304166 0.1909278 0.779474 0.1909382 0.9547865 0.2868046 0.7793869 0.2565128 0.7793901 0.2867967 0.6039389 0.2565128 0.7793901 0.2369493 0.7793922 0.2867967 0.6039389 0.2369493 0.7793922 0.1908805 0.779397 0.1908763 0.6039621 0.4721998 0.8619367 0.4456081 0.8915821 0.4456081 0.8563165 0.2403596 0.8633382 0.2074283 0.8208321 0.2073449 0.7623539 0.0927034 0.8664879 0.0906502 0.8316361 0.1228567 0.8226361 0.0906502 0.8316361 0.08932417 0.8091277 0.1216807 0.8026744 0.1228567 0.8226361 0.0906502 0.8316361 0.1216807 0.8026744 0.08932417 0.8091277 0.08620154 0.7561239 0.1191328 0.759424 0.1209213 0.7897825 0.1216807 0.8026744 0.08932417 0.8091277 0.4301009 0.6929424 0.4301009 0.6929424 0.4300991 0.6327536 0.2369511 0.8303648 0.2369511 0.8303648 0.2565148 0.8303636 0.4123604 0.6929439 0.4123588 0.632756 0.4123588 0.632756 0.4123588 0.632756 0.4300991 0.6327536 0.4300991 0.6327536 0.2436328 0.830401 0.2436328 0.830401 0.2647202 0.8303977 0.4109303 0.6329843 0.430052 0.632978 0.430052 0.632978 0.4109303 0.6329843 0.4109303 0.6329843 0.4109343 0.6931338 0.4118969 0.6912068 0.4118958 0.6310704 0.4118958 0.6310704 0.4296488 0.6912032 0.4296488 0.6912032 0.4296471 0.6310645 0.1448321 0.8304166 0.125256 0.8304196 0.125256 0.8304196 0.4109303 0.6329843 0.430052 0.632978 0.430052 0.632978 0.2867858 0.603868 0.226267 0.6038718 0.226267 0.6038718 0.4129343 0.6314637 0.4303041 0.6314527 0.4303041 0.6314527 0.2436328 0.830401 0.2647202 0.8303977 0.2436328 0.830401 0.2355788 0.8303402 0.2547324 0.8303331 0.2355788 0.8303402 0.4109303 0.6329843 0.4109343 0.6931338 0.4109303 0.6329843 0.4129321 0.6916318 0.4129343 0.6314637 0.4129343 0.6314637 0.1909173 0.6041616 0.2868923 0.6041063 0.1909173 0.6041616 0.4301009 0.6929424 0.4300991 0.6327536 0.4301009 0.6929424 0.1909173 0.6041616 0.09494227 0.6042169 0.09494227 0.6042169 0.4299604 0.6319791 0.4126079 0.6319798 0.4299604 0.6319791 0.4123588 0.632756 0.4300991 0.6327536 0.4300991 0.6327536 0.1462603 0.830313 0.1271243 0.8303132 0.1271243 0.8303132 0.2369511 0.8303648 0.2565148 0.8303636 0.2369511 0.8303648 0.0949527 0.6038799 0.1653914 0.6038756 0.0949527 0.6038799 0.4296471 0.6310645 0.4118958 0.6310704 0.4296471 0.6310645 0.4126085 0.6921734 0.4126079 0.6319798 0.4126079 0.6319798 0.4123604 0.6929439 0.4123588 0.632756 0.4123588 0.632756 0.1448321 0.8304166 0.125256 0.8304196 0.125256 0.8304196 0.4299611 0.692173 0.4299604 0.6319791 0.4299611 0.692173 0.1653963 0.8303126 0.2262752 0.8303115 0.1653963 0.8303126 0.4118969 0.6912068 0.4118958 0.6310704 0.4118958 0.6310704 0.1908763 0.6039621 0.09495592 0.6039853 0.09495592 0.6039853 0.1908763 0.6039621 0.2867967 0.6039389 0.1908763 0.6039621 0.40369 0.8635836 0.4036856 0.5962095 0.4036856 0.5962095 0.4296488 0.6912032 0.4296471 0.6310645 0.4296488 0.6912032 0.4588953 0.8635823 0.4588879 0.5962051 0.4588953 0.8635823 0.1909184 0.6040402 0.09493619 0.6038333 0.09493619 0.6038333 0.1909184 0.6040402 0.28696 0.6039551 0.1909184 0.6040402 0.4588879 0.5962051 0.4692725 0.5962051 0.4588879 0.5962051 0.430052 0.632978 0.4300565 0.6931299 0.4300565 0.6931299 0.4036856 0.5962095 0.3932983 0.5962095 0.3932983 0.5962095 0.4303041 0.6314527 0.4303006 0.6916235 0.4303006 0.6916235 0.8881575 0.06781297 0.8881575 0.06781297 0.8880041 0.05168902 0.8885715 0.06103354 0.8881632 0.0444709 0.8881632 0.0444709 0.8881575 0.06781297 0.888267 0.07884997 0.888267 0.07884997 0.889355 0.119868 0.889355 0.119868 0.8890399 0.1032907 0.8881333 0.02774786 0.887472 0.05123198 0.887472 0.05123198 0.8881333 0.02774786 0.8881333 0.02774786 0.8884142 0.01778066 0.889355 0.119868 0.8887759 0.08940577 0.8887759 0.08940577 0.8887271 0.07752978 0.8887271 0.07752978 0.8883082 0.06053334 0.4109303 0.6329843 0.4109303 0.6329843 0.430052 0.632978 0.2867858 0.603868 0.2867858 0.603868 0.226267 0.6038718 0.4129343 0.6314637 0.4129343 0.6314637 0.4303041 0.6314527 0.2436328 0.830401 0.2647202 0.8303977 0.2647202 0.8303977 0.2355788 0.8303402 0.2547324 0.8303331 0.2547324 0.8303331 0.4109303 0.6329843 0.4109343 0.6931338 0.4109343 0.6931338 0.4129321 0.6916318 0.4129321 0.6916318 0.4129343 0.6314637 0.1909173 0.6041616 0.2868923 0.6041063 0.2868923 0.6041063 0.4301009 0.6929424 0.4300991 0.6327536 0.4300991 0.6327536 0.1909173 0.6041616 0.1909173 0.6041616 0.09494227 0.6042169 0.4299604 0.6319791 0.4126079 0.6319798 0.4126079 0.6319798 0.4123588 0.632756 0.4123588 0.632756 0.4300991 0.6327536 0.1462603 0.830313 0.1462603 0.830313 0.1271243 0.8303132 0.2369511 0.8303648 0.2565148 0.8303636 0.2565148 0.8303636 0.0949527 0.6038799 0.1653914 0.6038756 0.1653914 0.6038756 0.4296471 0.6310645 0.4118958 0.6310704 0.4118958 0.6310704 0.4126085 0.6921734 0.4126085 0.6921734 0.4126079 0.6319798 0.4123604 0.6929439 0.4123604 0.6929439 0.4123588 0.632756 0.1448321 0.8304166 0.1448321 0.8304166 0.125256 0.8304196 0.4299611 0.692173 0.4299604 0.6319791 0.4299604 0.6319791 0.1653963 0.8303126 0.2262752 0.8303115 0.2262752 0.8303115 0.4118969 0.6912068 0.4118969 0.6912068 0.4118958 0.6310704 0.1908763 0.6039621 0.1908763 0.6039621 0.09495592 0.6039853 0.1908763 0.6039621 0.2867967 0.6039389 0.2867967 0.6039389 0.40369 0.8635836 0.40369 0.8635836 0.4036856 0.5962095 0.4296488 0.6912032 0.4296471 0.6310645 0.4296471 0.6310645 0.4588953 0.8635823 0.4588879 0.5962051 0.4588879 0.5962051 0.1909184 0.6040402 0.1909184 0.6040402 0.09493619 0.6038333 0.1909184 0.6040402 0.28696 0.6039551 0.28696 0.6039551 0.4588879 0.5962051 0.4692725 0.5962051 0.4692725 0.5962051 0.430052 0.632978 0.430052 0.632978 0.4300565 0.6931299 0.4036856 0.5962095 0.4036856 0.5962095 0.3932983 0.5962095 0.4303041 0.6314527 0.4303041 0.6314527 0.4303006 0.6916235</float_array>
          <technique_common>
            <accessor source="#Cubo_143-mesh-map-0-array" count="2322" stride="2">
              <param name="S" type="float"/>
              <param name="T" type="float"/>
            </accessor>
          </technique_common>
        </source>
        <source id="Cubo_143-mesh-map-1">
          <float_array id="Cubo_143-mesh-map-1-array" count="4644">0.3031217 0.04260975 0.3162327 0.02948075 0.3407684 0.06560522 0.2697963 0.022466 0.3162327 0.02948075 0.3031217 0.04260975 0.2697963 0.022466 0.2795423 0 0.3162327 0.02948075 0.3031217 0.04260975 0.2366627 0.02988338 0.2697963 0.022466 0.2431508 0.01347219 0.2697963 0.022466 0.2366627 0.02988338 0.2431508 0.01347219 0.2795423 0 0.2697963 0.022466 0.206651 0.01137799 0.2431508 0.01347219 0.2366627 0.02988338 0.1013004 0.9019547 0.1186259 0.9019547 0.1037971 0.9314377 0.206651 0.01137799 0.2366627 0.02988338 0.2034628 0.02778393 0.1701866 0.01471215 0.206651 0.01137799 0.2034628 0.02778393 0.2034628 0.02778393 0.1370725 0.02489691 0.1701866 0.01471215 0.1336743 0.01049029 0.1701866 0.01471215 0.1370725 0.02489691 0.06051576 0.962736 0.04264986 0.9408763 0.06051576 0.9381955 0.1038846 0.02450269 0.09719753 0.01169669 0.1336743 0.01049029 0.1038846 0.02450269 0.1336743 0.01049029 0.1370725 0.02489691 0.1038846 0.02450269 0.03765302 0.04443991 0.07066947 0.02020925 0.2536001 0.971271 0.238108 0.9568895 0.2536001 0.9434178 0.1370725 0.02489691 0.0157966 0.07760143 0.1038846 0.02450269 0.03765302 0.04443991 0.1038846 0.02450269 0.0157966 0.07760143 3.35053e-4 0.06795215 0.03765302 0.04443991 0.0157966 0.07760143 0.02436488 0.03149282 0.07066947 0.02020925 0.03765302 0.04443991 3.35053e-4 0.06795215 0.02436488 0.03149282 0.03765302 0.04443991 0.001296818 0.1042391 3.35053e-4 0.06795215 0.0157966 0.07760143 0.001296818 0.1042391 0.0157966 0.07760143 0.01667141 0.1106063 0.00693649 0.1404939 0.001296818 0.1042391 0.01667141 0.1106063 0 0.1768354 0.00693649 0.1404939 0.02180105 0.1435819 0.00693649 0.1404939 0.01667141 0.1106063 0.02180105 0.1435819 0.02180105 0.1435819 0.01667141 0.1106063 0.2034628 0.02778393 0.3271224 0.1744879 0.01549196 0.1766363 0.02180105 0.1435819 0 0.1768354 0.02180105 0.1435819 0.01549196 0.1766363 0.3271224 0.1744879 0.02180105 0.1435819 0.3203534 0.1415237 0.3203534 0.1415237 0.02180105 0.1435819 0.2034628 0.02778393 0.3203534 0.1415237 0.3426202 0.1744734 0.3271224 0.1744879 0.3250231 0.1084806 0.3351781 0.138231 0.3203534 0.1415237 0.3203534 0.1415237 0.2034628 0.02778393 0.3250231 0.1084806 0.3203534 0.1415237 0.3351781 0.138231 0.3426202 0.1744734 0.3426202 0.1744734 0.3356837 0.2108148 0.3208132 0.2075423 0.3426202 0.1744734 0.3208132 0.2075423 0.3271224 0.1744879 0.3259429 0.2405178 0.2055418 0.3262273 0.3208132 0.2075423 0.3356837 0.2108148 0.3259429 0.2405178 0.3208132 0.2075423 0.3208132 0.2075423 0.01549196 0.1766363 0.3271224 0.1744879 0.01549196 0.1766363 0.3208132 0.2075423 0.02226096 0.2096005 0.3208132 0.2075423 0.2055418 0.3262273 0.02226096 0.2096005 0.02226096 0.2096005 0 0.1768354 0.01549196 0.1766363 0.02226096 0.2096005 0.1391746 0.3266848 0.01759117 0.2426435 0.01759117 0.2426435 0.007442057 0.2130777 0.02226096 0.2096005 0.02226096 0.2096005 0.007442057 0.2130777 0 0.1768354 0.2055418 0.3262273 0.1391746 0.3266848 0.02226096 0.2096005 0.01759117 0.2426435 0.1391746 0.3266848 0.1059629 0.3228728 0.1359822 0.3418052 0.1059629 0.3228728 0.1391746 0.3266848 0.1724176 0.3349734 0.1359822 0.3418052 0.1391746 0.3266848 0.1391746 0.3266848 0.2055418 0.3262273 0.1724176 0.3349734 0.2089492 0.3413022 0.1724176 0.3349734 0.2055418 0.3262273 0.1724176 0.3349734 0.1725314 0.3509896 0.1359822 0.3418052 0.2089492 0.3413022 0.1725314 0.3509896 0.1724176 0.3349734 0.2386972 0.3219577 0.2454005 0.3364397 0.2089492 0.3413022 0.2386972 0.3219577 0.2089492 0.3413022 0.2055418 0.3262273 0.2719349 0.3294764 0.2386972 0.3219577 0.3049612 0.3066843 0.3152466 0.9134083 0.3001627 0.8990891 0.3152466 0.8841318 0.2386972 0.3219577 0.2055418 0.3262273 0.3259429 0.2405178 0.3049612 0.3066843 0.2386972 0.3219577 0.3268177 0.2735228 0.3268177 0.2735228 0.2386972 0.3219577 0.3259429 0.2405178 0.3422852 0.2833566 0.3049612 0.3066843 0.3268177 0.2735228 0.3182551 0.3198159 0.2719349 0.3294764 0.3049612 0.3066843 0.3422852 0.2833566 0.3182551 0.3198159 0.3049612 0.3066843 0.3413233 0.2470695 0.3422852 0.2833566 0.3268177 0.2735228 0.3413233 0.2470695 0.3268177 0.2735228 0.3259429 0.2405178 0.3356837 0.2108148 0.3413233 0.2470695 0.3259429 0.2405178 0.3182551 0.3198159 0.2819451 0.344946 0.2719349 0.3294764 0.3152466 0.9134083 0.3001706 0.9314422 0.3001627 0.8990891 0.1359822 0.3418052 0.09946662 0.3374457 0.1059629 0.3228728 0.9503331 0.2057323 0.9503294 0.2383026 0.9350147 0.2204622 0.9503331 0.2057323 0.9350147 0.2204622 0.9350147 0.1909862 0.03949254 0.3085145 0.1059629 0.3228728 0.07283329 0.330849 0.07283329 0.330849 0.02638739 0.321828 0.03949254 0.3085145 0.07283329 0.330849 0.06304413 0.3464551 0.02638739 0.321828 0.03949254 0.3085145 0.02638739 0.321828 0.001851797 0.2857035 0.01717621 0.2756574 0.001851797 0.2857035 0.00230813 0.2494068 0.03949254 0.3085145 0.001851797 0.2857035 0.01717621 0.2756574 0.01759117 0.2426435 0.1059629 0.3228728 0.01717621 0.2756574 0.01717621 0.2756574 0.00230813 0.2494068 0.01759117 0.2426435 0.01717621 0.2756574 0.1059629 0.3228728 0.03949254 0.3085145 0.01759117 0.2426435 0.00230813 0.2494068 0.007442057 0.2130777 0.3250231 0.1084806 0.3403121 0.101902 0.3351781 0.138231 0.3254381 0.07546681 0.3403121 0.101902 0.3250231 0.1084806 0.3254381 0.07546681 0.3407684 0.06560522 0.3403121 0.101902 0.3250231 0.1084806 0.2366627 0.02988338 0.3254381 0.07546681 0.3031217 0.04260975 0.3407684 0.06560522 0.3254381 0.07546681 0.3254381 0.07546681 0.2366627 0.02988338 0.3031217 0.04260975 0.3250231 0.1084806 0.2034628 0.02778393 0.2366627 0.02988338 0.01667141 0.1106063 0.0157966 0.07760143 0.1370725 0.02489691 0.2034628 0.02778393 0.01667141 0.1106063 0.1370725 0.02489691 0.02436488 0.03149282 0.06063073 0 0.07066947 0.02020925 0.07066947 0.02020925 0.06063073 0 0.09719753 0.01169669 0.2528225 0.5897033 0.2049109 0.4764127 0.2528225 0.4764115 0.2363921 0.8913531 0.2339262 0.9390136 0.2339262 0.8913537 0.2598173 0.7216998 0.2598173 0.8346229 0.2573503 0.8346235 0.2528225 0.5897033 0.2049109 0.5897045 0.2049109 0.4764127 0.2598173 0.7216998 0.2573503 0.8346235 0.2573503 0.7217004 0.5546169 0.6843611 0.5521501 0.7973722 0.5521501 0.6843634 0.5546169 0.6843611 0.5546169 0.7973699 0.5521501 0.7973722 0.9732564 0.9723162 0.9757233 0.9246845 0.9757233 0.9723163 0.3113829 0.4691945 0.3113829 0.5824873 0.2634713 0.5824881 0.2363921 0.8913531 0.2363921 0.939013 0.2339262 0.9390136 0.9732564 0.9723162 0.9732564 0.9246844 0.9757233 0.9246845 0.3113829 0.4691945 0.2634713 0.5824881 0.2634713 0.4691954 0.8620328 0.5533187 0.8627036 0.5395988 0.8744909 0.5396099 0.8620328 0.5533187 0.8744909 0.5396099 0.8714097 0.5533275 0.8513218 0.5533275 0.8627036 0.5395988 0.8620328 0.5533187 0.8513218 0.5533275 0.8492393 0.5396099 0.8627036 0.5395988 0.9274348 0.5396429 0.9243482 0.5533914 0.9163434 0.5533163 0.9274348 0.5396429 0.9163434 0.5533163 0.9173724 0.5395485 0.9152653 0.528732 0.9214227 0.5287898 0.9274348 0.5396429 0.9152653 0.528732 0.9274348 0.5396429 0.9173724 0.5395485 0.8531826 0.5286945 0.8627036 0.5395988 0.8492393 0.5396099 0.8531826 0.5286945 0.8512811 0.5218338 0.862036 0.5218251 0.8531826 0.5286945 0.862036 0.5218251 0.8614217 0.5286877 0.8531826 0.5286945 0.8614217 0.5286877 0.8627036 0.5395988 0.9242666 0.5219004 0.9214227 0.5287898 0.9152653 0.528732 0.9333563 0.2088724 0.9274678 0.2186145 0.915856 0.2192751 0.9333563 0.1975048 0.9333563 0.2088724 0.915856 0.2192751 0.9242666 0.5219004 0.9152653 0.528732 0.9162291 0.521825 0.9152653 0.528732 0.9047897 0.5219004 0.9162291 0.521825 0.9237472 0.1909862 0.9333563 0.1975048 0.915856 0.2192751 0.915856 0.2192751 0.9062469 0.2127565 0.9237472 0.1909862 0.9152653 0.528732 0.9065015 0.5287898 0.9047897 0.5219004 0.9013667 0.191144 0.8985047 0.1980675 0.8915197 0.1979466 0.9013667 0.191144 0.8915197 0.1979466 0.8922489 0.1909862 0.8915197 0.1979466 0.8985047 0.1980675 0.9045887 0.2088413 0.903051 0.5396429 0.9065015 0.5287898 0.9152653 0.528732 0.903051 0.5396429 0.9152653 0.528732 0.9173724 0.5395485 0.8915197 0.1979466 0.9045887 0.2088413 0.893174 0.2086437 0.9045887 0.2088413 0.9014909 0.2226251 0.8924102 0.2224678 0.9045887 0.2088413 0.8924102 0.2224678 0.893174 0.2086437 0.9163434 0.5533163 0.9049506 0.5533913 0.903051 0.5396429 0.9163434 0.5533163 0.903051 0.5396429 0.9173724 0.5395485 0.8831627 0.1980675 0.8915197 0.1979466 0.893174 0.2086437 0.8831627 0.1980675 0.893174 0.2086437 0.8795173 0.2088413 0.8815461 0.2226251 0.8795173 0.2088413 0.893174 0.2086437 0.8815461 0.2226251 0.893174 0.2086437 0.8924102 0.2224678 0.8889763 0.5286871 0.8960041 0.5286741 0.9013928 0.5396131 0.8889763 0.5286871 0.9013928 0.5396131 0.889908 0.5396342 0.889408 0.553335 0.889908 0.5396342 0.9013928 0.5396131 0.889408 0.553335 0.9013928 0.5396131 0.8985442 0.5533182 0.8761489 0.5396131 0.8889763 0.5286871 0.889908 0.5396342 0.889408 0.553335 0.8761489 0.5396131 0.889908 0.5396342 0.889408 0.553335 0.8784625 0.5533182 0.8761489 0.5396131 0.8761489 0.5396131 0.8805568 0.5286741 0.8889763 0.5286871 0.8889763 0.5286871 0.8805568 0.5286741 0.8784402 0.521825 0.8889763 0.5286871 0.8784402 0.521825 0.8894305 0.5218418 0.8889763 0.5286871 0.8894305 0.5218418 0.8986042 0.521825 0.8889763 0.5286871 0.8986042 0.521825 0.8960041 0.5286741 0.8614217 0.5286877 0.8686347 0.5286945 0.8744909 0.5396099 0.8714513 0.5218338 0.8686347 0.5286945 0.8614217 0.5286877 0.9062469 0.2013888 0.9121353 0.1916469 0.9237472 0.1909862 0.9062469 0.2127565 0.9062469 0.2013888 0.9237472 0.1909862 0.8831627 0.1980675 0.8813405 0.191144 0.8922489 0.1909862 0.8831627 0.1980675 0.8922489 0.1909862 0.8915197 0.1979466 0.8714513 0.5218338 0.8614217 0.5286877 0.862036 0.5218251 0.8614217 0.5286877 0.8744909 0.5396099 0.8627036 0.5395988 0.04264986 0.9286038 0.04271942 0.9228873 0.06008023 0.9266014 0.04264986 0.9286038 0.06008023 0.9266014 0.05995929 0.9365459 0.2611238 0.9514777 0.2784034 0.9485216 0.2784117 0.9629445 0.2611238 0.9514777 0.2784117 0.9629445 0.2611286 0.9597684 0.8687481 0.570644 0.8618331 0.5753353 0.8687481 0.5624633 0.04271942 0.9228873 0.0427342 0.9149727 0.06010597 0.9128327 0.04271942 0.9228873 0.06010597 0.9128327 0.06008023 0.9266014 0.8645106 0.5554524 0.8687481 0.5624633 0.8618331 0.5753353 0.0427342 0.9149727 0.04264986 0.9086939 0.05995929 0.9019099 0.0427342 0.9149727 0.05995929 0.9019099 0.06010597 0.9128327 0.8645106 0.5554524 0.8618331 0.5753353 0.8561543 0.5549768 0.8618331 0.5753353 0.8534769 0.5748597 0.8561543 0.5549768 0.8534769 0.5748597 0.8492392 0.5678488 0.8561543 0.5549768 0.8492392 0.5678488 0.8492392 0.5596681 0.8561543 0.5549768 0.9206755 0.2209246 0.9172372 0.2383121 0.9089432 0.2383121 0.1185498 0.9406677 0.1185572 0.9472036 0.1013131 0.9444574 0.1185498 0.9406677 0.1013131 0.9444574 0.1013002 0.9330872 0.9206755 0.2209246 0.9089432 0.2383121 0.9062469 0.2209246 0.1013002 0.9586122 0.1013131 0.9444574 0.1185572 0.9472036 0.1013002 0.9586122 0.1185572 0.9472036 0.1185498 0.9553404 0.2611238 0.9658711 0.2784117 0.9629445 0.2784034 0.9735609 0.2611238 0.9658711 0.2611286 0.9597684 0.2784117 0.9629445 0.4774513 0.9579706 0.4773334 0.8638319 0.4972107 0.8638347 0.3442784 0.8051613 0.3450333 0.6936978 0.4271079 0.6934336 0.6283148 0.7666686 0.6281848 0.7930426 0.5593792 0.7874587 0.5415009 0.4451029 0.5577211 0.442456 0.5362586 0.5480685 0.3662717 0.9639067 0.3674398 0.8928456 0.3873087 0.8929294 0.4773334 0.8638319 0.4774513 0.806811 0.4973286 0.8068138 0.333696 0.5900052 0.3423252 0.5525485 0.3423252 0.6176056 0.1842525 0.7085086 0.1021894 0.6725576 0.1843281 0.6362526 0.9278348 0.9588924 0.9279034 0.8857239 0.9477808 0.8857281 0.06878781 0.7376252 0.1021489 0.708472 0.1021664 0.7389801 6.02505e-5 0.649039 0.06883311 0.6536933 0.06881016 0.6741358 0.9279034 0.8857239 0.9278348 0.8170757 0.9477121 0.8170799 0.5596517 0.710236 0.6283148 0.7666686 0.5594901 0.7571486 0.7788029 0.1022634 0.5978848 0.0853331 0.7331913 0.0121141 8.71457e-5 0.6248126 0.06888127 0.6197472 0.06884193 0.6406844 0.7440199 0.7156305 0.7438232 0.7717764 0.6617138 0.7705763 0.4263571 0.8040803 0.4271079 0.6934336 0.5289655 0.693324 0.6619118 0.6773337 0.7440199 0.7156305 0.6619082 0.7151131 0.4303445 0.8990918 0.4309392 0.9646571 0.4110637 0.9647329 0.4601286 0.6618961 0.4271079 0.6934336 0.4268229 0.6605467 0.5538352 0.8069113 0.5546002 0.8069117 0.555699 0.8401255 0.7817541 0.01564955 0.8834829 0.001011133 0.8819159 0.09664922 0.3418124 0.3859993 0.333696 0.4675527 0.333696 0.3526392 0.4266533 0.6409846 0.4268229 0.6605467 0.3450333 0.6936978 0.3149099 0.6868326 0.3132678 0.6863285 0.3140039 0.6660447 0.5565766 0.7064413 0.5562751 0.6844424 0.5572991 0.6843611 0.7344639 0.876192 0.7405056 0.9094033 0.7330637 0.9094033 0.9702605 0.3114741 0.9617127 0.3102523 0.9618286 0.2884842 0.5563568 0.841775 0.555616 0.8635659 0.5472226 0.8638373 0.2303513 0.8913532 0.2310829 0.891353 0.232268 0.9245673 0.7361354 0.7946967 0.7419006 0.8278995 0.7330638 0.8278995 0.5165414 0.8401848 0.528551 0.8068109 0.528551 0.9217066 0.9655251 0.1893367 0.8824524 0.134082 0.9639361 0.09686362 0.780461 0.09689837 0.848987 0.1134801 0.8492528 0.1326473 0.8834829 0.001011133 0.9655251 0 0.9639361 0.09686362 0.1807089 0.8557411 0.1724475 0.8543114 0.1801292 0.8219556 0.2547067 0.8606709 0.2547067 0.8371489 0.2616375 0.8401208 0.5596566 0.6786751 0.6285052 0.6581568 0.6285036 0.6777171 0.184328 0.8202793 0.1021776 0.7586831 0.1842525 0.7085086 0.3606446 0.4115528 0.3606627 0.4273492 0.3443877 0.4262374 0.3674398 0.8928456 0.3662718 0.8068109 0.3861407 0.8068947 0.4305638 0.8612008 0.4106884 0.8612766 0.4110637 0.8068868 0.7352503 0.9111925 0.7403379 0.9445734 0.7330638 0.9442781 0.3130411 0.5698897 0.3130411 0.5476535 0.3151589 0.5483067 0.3122908 0.933187 0.313532 0.9330915 0.313532 0.9663101 0.9750534 0.562166 0.9687232 0.5632404 0.9681825 0.5412891 0.3142774 0.6884821 0.3142774 0.7102771 0.3136163 0.7102521 0.9660379 0.9003601 0.9736083 0.8987817 0.973995 0.919879 0.3344634 0.8692119 0.3400101 0.8359013 0.3408096 0.8360155 0.3390166 0.8709598 0.3418926 0.8708615 0.3418926 0.9040818 0.3018263 0.9331365 0.3060837 0.9664784 0.3001627 0.966318 0.7330637 0.9466259 0.7347577 0.9462229 0.7357876 0.9676928 0.4774513 0.9579706 0.4972107 0.8638347 0.4973286 0.9579735 0.3442784 0.8051613 0.4271079 0.6934336 0.4263571 0.8040803 0.6283148 0.7666686 0.5593792 0.7874587 0.5594901 0.7571486 0.3641409 0.4967757 0.3443877 0.4262374 0.3606627 0.4273492 0.3443877 0.4262374 0.3641409 0.4967757 0.3480811 0.5027465 0.3480811 0.5027465 0.3987755 0.5751321 0.3889121 0.5902493 0.3641409 0.4967757 0.3987755 0.5751321 0.3480811 0.5027465 0.5066397 0.3391626 0.4963045 0.3547469 0.4448109 0.3268904 0.4448109 0.3268904 0.4198814 0.3422847 0.4189332 0.3231627 0.4189332 0.3231627 0.4198814 0.3422847 0.3885136 0.3417753 0.3885136 0.3417753 0.3607861 0.3808004 0.3442784 0.3720238 0.3442784 0.3720238 0.3607861 0.3808004 0.3442784 0.4074333 0.3442784 0.4074333 0.3607861 0.3808004 0.3606446 0.4115528 0.3987755 0.5751321 0.4788659 0.5829993 0.3889121 0.5902493 0.3889121 0.5902493 0.4788659 0.5829993 0.4790608 0.6000881 0.3885136 0.3417753 0.4198814 0.3422847 0.3607861 0.3808004 0.4788659 0.5829993 0.5512733 0.557388 0.4790608 0.6000881 0.5362586 0.5480685 0.5512733 0.557388 0.4788659 0.5829993 0.4448109 0.3268904 0.4963045 0.3547469 0.4198814 0.3422847 0.5362586 0.5480685 0.5577211 0.442456 0.5512733 0.557388 0.5066397 0.3391626 0.5577211 0.442456 0.4963045 0.3547469 0.4963045 0.3547469 0.5577211 0.442456 0.5415009 0.4451029 0.3662717 0.9639067 0.3873087 0.8929294 0.3861407 0.9639905 0.4773334 0.8638319 0.4973286 0.8068138 0.4972107 0.8638347 0.3423252 0.5525485 0.333696 0.5900052 0.3375274 0.5525665 0.333696 0.5900052 0.3423252 0.6176056 0.333968 0.6176369 0.1022233 0.6372655 0.1843281 0.6362526 0.1022134 0.6511946 0.1022134 0.6511946 0.1843281 0.6362526 0.1021894 0.6725576 0.1021894 0.6725576 0.1842525 0.7085086 0.1021489 0.708472 0.9278348 0.9588924 0.9477808 0.8857281 0.9477121 0.9588965 0.1021489 0.708472 0.06878781 0.7376252 0 0.7085847 0 0.7085847 0.06879824 0.7564333 6.05346e-5 0.8037728 0.06878781 0.7376252 0.06879824 0.7564333 0 0.7085847 6.05346e-5 0.8037728 0.06879824 0.7564333 0.1022233 0.8187644 0.1022233 0.8187644 0.06879824 0.7564333 0.1021776 0.7586831 0.1022233 0.6372655 0.1022134 0.6511946 0.06884193 0.6406844 0.06884193 0.6406844 0.06883311 0.6536933 6.02505e-5 0.649039 6.02505e-5 0.649039 0.06881016 0.6741358 0 0.7085847 0 0.7085847 0.06881016 0.6741358 0.1021489 0.708472 0.1021489 0.708472 0.06881016 0.6741358 0.1021894 0.6725576 0.06883311 0.6536933 0.06884193 0.6406844 0.1022134 0.6511946 0.9279034 0.8857239 0.9477121 0.8170799 0.9477808 0.8857281 0.6617138 0.7705763 0.6283148 0.7666686 0.6619082 0.7151131 0.6619082 0.7151131 0.6283148 0.7666686 0.5596517 0.710236 0.7331913 0.0121141 0.5977941 0.06953692 0.6567116 0 0.6567116 0 0.5977941 0.06953692 0.5977941 0.0387842 0.5977941 0.06953692 0.7331913 0.0121141 0.5978848 0.0853331 0.5978848 0.0853331 0.7788029 0.1022634 0.6016825 0.154743 0.6016825 0.154743 0.7168028 0.2404435 0.6366771 0.2329409 0.7740342 0.2052518 0.7168028 0.2404435 0.6016825 0.154743 0.7740342 0.2052518 0.6016825 0.154743 0.7788029 0.1022634 8.71457e-5 0.6248126 0.06884193 0.6406844 6.02505e-5 0.649039 0.7440199 0.7156305 0.6617138 0.7705763 0.6619082 0.7151131 0.4263571 0.8040803 0.5289655 0.693324 0.5283262 0.7904413 0.6619085 0.5806217 0.7440199 0.5791777 0.6619131 0.6566066 0.6619131 0.6566066 0.7440199 0.7156305 0.6619118 0.6773337 0.7440199 0.5791777 0.7440199 0.7156305 0.6619131 0.6566066 0.4303445 0.8990918 0.4110637 0.9647329 0.4104689 0.8991677 0.4271079 0.6934336 0.4601286 0.6618961 0.5289655 0.693324 0.5289655 0.693324 0.459967 0.6431602 0.5283588 0.6167504 0.4601286 0.6618961 0.459967 0.6431602 0.5289655 0.693324 0.5283588 0.6167504 0.459967 0.6431602 0.4263631 0.6026083 0.4263631 0.6026083 0.459967 0.6431602 0.4266533 0.6409846 0.5538352 0.8069113 0.555699 0.8401255 0.5472227 0.8401255 0.7817541 0.01564955 0.8819159 0.09664922 0.780461 0.09689837 0.333696 0.5506931 0.3421818 0.4692022 0.3421818 0.550899 0.1992812 0.975043 0.1992812 0.9411271 0.2024788 0.9417699 0.4266533 0.6409846 0.3442784 0.6017376 0.4263631 0.6026083 0.3442784 0.6017376 0.4266533 0.6409846 0.3450333 0.6936978 0.3450333 0.6936978 0.4268229 0.6605467 0.4271079 0.6934336 0.3149099 0.6868326 0.3140039 0.6660447 0.3149099 0.665978 0.5565766 0.7064413 0.5572991 0.6843611 0.5572991 0.7061908 0.7344639 0.876192 0.7330637 0.9094033 0.7335253 0.8761931 0.9702605 0.3114741 0.9618286 0.2884842 0.9702605 0.2884626 0.5563568 0.841775 0.5472226 0.8638373 0.5472226 0.8434006 0.2303513 0.8913532 0.232268 0.9245673 0.2248869 0.9245673 0.7361354 0.7946967 0.7330638 0.8278995 0.734458 0.794692 0.528551 0.8068109 0.5165414 0.8401848 0.5220078 0.8068987 0.5165414 0.8401848 0.528551 0.9217066 0.5158423 0.9218772 0.8819159 0.09664922 0.9639361 0.09686362 0.8821749 0.1141594 0.8821749 0.1141594 0.9639361 0.09686362 0.8824524 0.134082 0.8824524 0.134082 0.9655251 0.1893367 0.8835018 0.1885703 0.780461 0.09689837 0.8492528 0.1326473 0.7818405 0.1777353 0.7818405 0.1777353 0.8492528 0.1326473 0.8835018 0.1885703 0.8835018 0.1885703 0.8492528 0.1326473 0.8824524 0.134082 0.848987 0.1134801 0.8819159 0.09664922 0.8821749 0.1141594 0.848987 0.1134801 0.780461 0.09689837 0.8819159 0.09664922 0.8834829 0.001011133 0.9639361 0.09686362 0.8819159 0.09664922 0.1807089 0.8557411 0.1801292 0.8219556 0.1807089 0.8219288 0.2547067 0.8606709 0.2616375 0.8401208 0.2609345 0.8617884 0.559656 0.5954366 0.6285052 0.6581568 0.5596587 0.6619642 0.5596587 0.6619642 0.6285052 0.6581568 0.5596566 0.6786751 0.5596566 0.6786751 0.6285036 0.6777171 0.5596517 0.710236 0.5596517 0.710236 0.6285036 0.6777171 0.6619082 0.7151131 0.6619082 0.7151131 0.6285036 0.6777171 0.6619118 0.6773337 0.6285052 0.6581568 0.6619085 0.5806217 0.6619131 0.6566066 0.6285052 0.6581568 0.559656 0.5954366 0.6619085 0.5806217 0.1021489 0.708472 0.1842525 0.7085086 0.1021664 0.7389801 0.1021664 0.7389801 0.1842525 0.7085086 0.1021776 0.7586831 0.1021776 0.7586831 0.184328 0.8202793 0.1022233 0.8187644 0.3606446 0.4115528 0.3443877 0.4262374 0.3442784 0.4074333 0.3674398 0.8928456 0.3861407 0.8068947 0.3873087 0.8929294 0.4303445 0.8990918 0.4104689 0.8991677 0.4304886 0.8740244 0.4304886 0.8740244 0.4106131 0.8741002 0.4305638 0.8612008 0.4104689 0.8991677 0.4106131 0.8741002 0.4304886 0.8740244 0.4305638 0.8612008 0.4110637 0.8068868 0.4309392 0.8068109 0.4106884 0.8612766 0.4305638 0.8612008 0.4106131 0.8741002 0.7352503 0.9111925 0.7330638 0.9442781 0.7330638 0.9110529 0.3130411 0.5698897 0.3151589 0.5483067 0.3144978 0.5699731 0.3122908 0.933187 0.313532 0.9663101 0.3077419 0.966484 0.9750534 0.562166 0.9681825 0.5412891 0.9750534 0.5387663 0.3142774 0.6884821 0.3136163 0.7102521 0.3132678 0.6887624 0.9660379 0.9003601 0.973995 0.919879 0.9660379 0.9230349 0.3344634 0.8692119 0.3408096 0.8360155 0.3420001 0.8692119 0.3390166 0.8709598 0.3418926 0.9040818 0.3344634 0.9043408 0.3018263 0.9331365 0.3001627 0.966318 0.3001627 0.9330917 0.7330637 0.9466259 0.7357876 0.9676928 0.7330637 0.9687771 0.2634714 0.5841379 0.2784118 0.5841377 0.2784118 0.9166732 0.332035 0.9238228 0.3170969 0.9240198 0.3173788 0.6979123 0.3412777 0.9517637 0.3300163 0.9666104 0.3300163 0.9517478 0.2634714 0.5841379 0.2784118 0.9166732 0.2634714 0.9166734 0.3412777 0.9517637 0.3412777 0.9666262 0.3300163 0.9666104 0.3323168 0.6977152 0.3173788 0.6979123 0.3170969 0.687016 0.3323168 0.6977152 0.3170969 0.687016 0.332035 0.6868189 0.1859862 0.6197473 0.2009268 0.619784 0.2009268 0.8801606 0.3320376 0.6851692 0.3170971 0.3526391 0.3320378 0.3526391 0.332035 0.9238228 0.3173788 0.6979123 0.3323168 0.6977152 0.3320376 0.6851692 0.3170969 0.6851692 0.3170971 0.3526391 0.1859862 0.6197473 0.2009268 0.8801606 0.1859862 0.8801238 0.2215093 0.5913541 0.2364498 0.5913539 0.2364498 0.8897034 0.9831207 0.5369218 0.9681826 0.5371169 0.968463 0.3342542 0.07993733 0.9540994 0.06867605 0.968946 0.06867605 0.9540835 0.2215093 0.5913541 0.2364498 0.8897034 0.2215095 0.8897036 0.07993733 0.9540994 0.07993733 0.9689619 0.06867605 0.968946 0.9834011 0.3340591 0.968463 0.3342542 0.9681826 0.3233578 0.9834011 0.3340591 0.9681826 0.3233578 0.9831207 0.3231627 0.9610323 0.5791777 0.9759729 0.5792145 0.9759729 0.8128232 0.3116096 0.8824823 0.2966689 0.5841377 0.3116096 0.5841377 0.9831207 0.5369218 0.968463 0.3342542 0.9834011 0.3340591 0.3116096 0.8824823 0.2966689 0.8824824 0.2966689 0.5841377 0.9610323 0.5791777 0.9759729 0.8128232 0.9610323 0.8127865 0.2049109 0.591354 0.2198513 0.5913538 0.2198513 0.8897033 0.9925692 0.7929368 0.9776312 0.7931319 0.9779115 0.5902692 0.3283582 0.9517637 0.3170969 0.9666104 0.3170969 0.9517478 0.2049109 0.591354 0.2198513 0.8897033 0.2049109 0.8897036 0.3283582 0.9517637 0.3283582 0.9666262 0.3170969 0.9666104 0.9928496 0.5900741 0.9779115 0.5902692 0.9776312 0.5793728 0.9928496 0.5900741 0.9776312 0.5793728 0.9925692 0.5791777 0.9671834 0 0.982124 3.67831e-5 0.982124 0.2336454 0.2950107 0.8824824 0.2800699 0.5841378 0.2950107 0.5841377 0.9925692 0.7929368 0.9779115 0.5902692 0.9928496 0.5900741 0.2950107 0.8824824 0.2800699 0.8824824 0.2800699 0.5841378 0.9671834 0 0.982124 0.2336454 0.9671834 0.2336088 0.5455645 0.8721652 0.5306239 0.8721651 0.5306239 0.6017377 1 0.5269778 0.9850593 0.5269988 0.9850593 0.3231838 0.9466826 0.5610606 0.934985 0.5759519 0.934985 0.5610894 0.5455645 0.8721652 0.5306239 0.6017377 0.5455645 0.6017378 0.9466826 0.5610606 0.9466826 0.5759231 0.934985 0.5759519 0.9840427 0 0.9989811 1.65776e-4 0.9987205 0.01026701 0.9840427 0 0.9987205 0.01026701 0.9837821 0.01010125 0.9837821 0.01010125 0.9987205 0.01026701 0.9989811 0.2086187 0.238108 0.8617883 0.2530485 0.591354 0.2530485 0.8617885 1 0.5269778 0.9850593 0.3231838 1 0.3231627 0.9837821 0.01010125 0.9989811 0.2086187 0.9840427 0.2084529 0.238108 0.8617883 0.238108 0.591354 0.2530485 0.591354 0.9665245 0.5594049 0.9515838 0.5594049 0.9515838 0.3231627 0.01494067 0.999979 0 1 0 0.8219498 0.9224609 0.5556499 0.9107632 0.5705412 0.9107632 0.5556787 0.9665245 0.5594049 0.9515838 0.3231627 0.9665245 0.3231627 0.9224609 0.5556499 0.9224609 0.5705124 0.9107632 0.5705412 0.9778898 0.7947813 0.9928284 0.7949444 0.9925696 0.8050457 0.9778898 0.7947813 0.9925696 0.8050457 0.9776311 0.8048827 0.9776311 0.8048827 0.9925696 0.8050457 0.9928284 0.9783235 0.9278347 0.815426 0.9427751 0.5791779 0.9427751 0.8154261 0.01494067 0.999979 0 0.8219498 0.01494067 0.8219289 0.9776311 0.8048827 0.9928284 0.9783235 0.9778898 0.9781605 0.9278347 0.815426 0.9278347 0.5791777 0.9427751 0.5791779 0.9593741 0.8154199 0.9444333 0.81542 0.9444333 0.5791778 0.9643797 0.9951258 0.9494389 0.9951468 0.9494389 0.8170966 0.9600385 0.5610606 0.9483408 0.5759518 0.9483408 0.5610893 0.9593741 0.8154199 0.9444333 0.5791778 0.9593741 0.5791779 0.9600385 0.5610606 0.9600385 0.575923 0.9483408 0.5759518 0.4992455 0.8068109 0.5141841 0.806974 0.5139253 0.8170754 0.4992455 0.8068109 0.5139253 0.8170754 0.4989868 0.8169123 0.4989868 0.8169123 0.5139253 0.8170754 0.5141841 0.9903531 0.934985 0.5594109 0.9499255 0.3231629 0.9499255 0.5594111 0.9643797 0.9951258 0.9494389 0.8170966 0.9643797 0.8170756 0.4989868 0.8169123 0.5141841 0.9903531 0.4992455 0.99019 0.934985 0.5594109 0.934985 0.3231627 0.9499255 0.3231629 0.2861199 0.4675344 0.2634714 0.4675291 0.2634714 0.3858523 0.2861199 0.4675344 0.2634714 0.3858523 0.2858199 0.3858576 0.2858199 0.3858576 0.2634714 0.3858523 0.2640084 0.3526392 0.2858199 0.3858576 0.2640084 0.3526392 0.2853626 0.3526442 0.3131404 0.3526543 0.2858199 0.3858576 0.2853626 0.3526442 0.3131404 0.3526543 0.3148349 0.3858681 0.2858199 0.3858576 0.3148349 0.3858681 0.2861199 0.4675344 0.2858199 0.3858576 0.3148349 0.3858681 0.3154388 0.467545 0.2861199 0.4675344 0.6323283 0.2423046 0.6323283 0.3206297 0.6158479 0.3204181 0.2049109 0.9696837 0.2049109 0.8913531 0.2232287 0.9036013 0.2049109 0.9696837 0.2232287 0.9036013 0.2232081 0.9696861 0.01659888 0.901933 0.03561735 0.9679936 0.01659888 0.9680178 0.3415248 0.925742 0.3415248 0.9500984 0.3170969 0.9500256 0.3415248 0.925742 0.3170969 0.9500256 0.3170969 0.9256692 0.01659888 0.901933 0.03561741 0.9019088 0.03561735 0.9679936 0.5977941 0.2545315 0.6158479 0.3204181 0.5978162 0.3206115 0.6323283 0.2423046 0.6158479 0.3204181 0.6158479 0.242093 0.5977941 0.2545315 0.6158479 0.242093 0.6158479 0.3204181 0.8613224 0.242102 0.8613224 0.3204278 0.8369076 0.3204187 0.01659888 0.9002593 0.01659888 0.8219289 0.04099166 0.8341712 0.01659888 0.9002593 0.04099166 0.8341712 0.04096287 0.9002559 0.7586102 0.2543547 0.7830561 0.3203911 0.7586389 0.3204122 0.5306239 0.8738146 0.5548814 0.8738177 0.5548814 0.9399024 0.5306239 0.8738146 0.5548814 0.9399024 0.5306239 0.9398994 0.1976231 0.9654819 0.1731948 0.9411271 0.197623 0.9411774 0.7586102 0.2543547 0.7830561 0.242093 0.7830561 0.3203911 0.1976231 0.9654819 0.1731948 0.9654314 0.1731948 0.9411271 0.8613224 0.242102 0.8369076 0.3204187 0.8369076 0.242093 0.06867605 0.8219289 0.09297895 0.8219943 0.09297901 0.9002971 0.120588 0.9002526 0.120588 0.8219288 0.1447122 0.8342261 0.120588 0.9002526 0.1447122 0.8342261 0.1446841 0.9003051 0.06867605 0.8219289 0.09297901 0.9002971 0.06867605 0.9002317 0.5550524 0.9658987 0.5306239 0.9658524 0.5306238 0.941552 0.5550524 0.9658987 0.5306238 0.941552 0.5550524 0.9415984 0.732497 0.2543397 0.7569521 0.242093 0.7569521 0.3204232 0.9134269 0.2420976 0.8890408 0.3081774 0.8890408 0.242093 0.732497 0.2543397 0.7569521 0.3204232 0.7325258 0.3204242 0.9134269 0.2420976 0.9134269 0.308182 0.8890408 0.3081774 0.9410359 0.2421118 0.9600545 0.3204235 0.9410359 0.3204423 0.16469 0.9679836 0.1463704 0.9018964 0.16469 0.8896531 0.16469 0.9679836 0.1463928 0.9679812 0.1463704 0.9018964 0.6882431 0.2541388 0.688243 0.3202193 0.6702114 0.3204181 0.7047235 0.2543454 0.688243 0.3202193 0.6882431 0.2541388 0.7047235 0.2543454 0.7047235 0.3204258 0.688243 0.3202193 0.144712 0.9280642 0.1447119 0.9523659 0.1202841 0.9524394 0.6882431 0.2541388 0.6702114 0.3204181 0.6701873 0.242093 0.144712 0.9280642 0.1202841 0.9524394 0.1202841 0.9281377 0.9410359 0.2421118 0.9600545 0.242093 0.9600545 0.3204235 0.8873827 0.2420991 0.8873828 0.3204286 0.8629805 0.3204224 0.8108138 0.3203908 0.8108138 0.242093 0.8352493 0.2543632 0.8108138 0.3203908 0.8352493 0.2543632 0.8352206 0.3204203 0.7063817 0.2543388 0.7308388 0.3204235 0.7064105 0.3204235 0.9150851 0.242093 0.9393778 0.2421318 0.9393778 0.3082089 0.9150851 0.242093 0.9393778 0.3082089 0.9150852 0.3081701 0.1202841 0.9020078 0.1447122 0.9263616 0.1202841 0.9264146 0.7063817 0.2543388 0.7308388 0.242093 0.7308388 0.3204235 0.1202841 0.9020078 0.1447122 0.9019548 0.1447122 0.9263616 0.8873827 0.2420991 0.8629805 0.3204224 0.8629805 0.242093 0.04264986 0.8219287 0.06701785 0.8219299 0.06701785 0.9002605 0.09463721 0.900259 0.09463721 0.8219288 0.1189298 0.8341822 0.09463721 0.900259 0.1189298 0.8341822 0.118901 0.9002668 0.04264986 0.8219287 0.06701785 0.9002605 0.04264992 0.9002593 0.06867611 0.9263544 0.06867605 0.9019467 0.09310424 0.901999 0.06867611 0.9263544 0.09310424 0.901999 0.09310424 0.9264066 0.7847144 0.2543259 0.8091558 0.242093 0.8091558 0.3204165 0.1707893 0.8219289 0.1463704 0.8880036 0.1463704 0.8219502 0.7847144 0.2543259 0.8091558 0.3204165 0.7847431 0.3204048 0.1707893 0.8219289 0.1707893 0.8879823 0.1463704 0.8880036 0.2985045 0.8841868 0.2985045 0.9625169 0.2800699 0.9624618 0.238108 0.9417683 0.238108 0.8634378 0.2572782 0.8756572 0.238108 0.9417683 0.2572782 0.8756572 0.2572564 0.941742 0.6339865 0.2543229 0.6518965 0.320208 0.6340052 0.3204033 0.06867605 0.9524296 0.06867605 0.9280561 0.09310448 0.9280604 0.06867605 0.9524296 0.09310448 0.9280604 0.09310454 0.9524339 0.6339865 0.2543229 0.6518778 0.2541276 0.6518965 0.320208 0.6518778 0.2541276 0.6685292 0.3204181 0.6518965 0.320208 0.2985045 0.8841868 0.2800699 0.9624618 0.28007 0.8841317 0.6518778 0.2541276 0.6685292 0.242093 0.6685292 0.3204181 0.8917822 0.5692309 0.8763746 0.5666865 0.8918048 0.564217 0.8917822 0.5692309 0.8761489 0.576153 0.8763746 0.5666865 0.1816921 0.8726874 0.1724475 0.8573906 0.1842307 0.8573906 0.1816921 0.8726874 0.1755208 0.8726375 0.1724475 0.8573906 0.8940603 0.2276623 0.8940603 0.233883 0.8888367 0.2242746 0.8918048 0.564217 0.8761489 0.5549845 0.8917822 0.5580382 0.8918048 0.564217 0.8763746 0.5666865 0.8761489 0.5549845 0.8909657 0.2392881 0.8888367 0.2242746 0.8940603 0.233883 0.8934993 0.5627221 0.9089412 0.5643722 0.8934631 0.5673061 0.8934993 0.5627221 0.9091051 0.55565 0.9089412 0.5643722 0.8909657 0.2392881 0.884741 0.2396607 0.8888367 0.2242746 0.8888367 0.2242746 0.884741 0.2396607 0.8826119 0.2246469 0.8826119 0.2246469 0.884741 0.2396607 0.8795174 0.2300524 0.8795174 0.2300524 0.884741 0.2396607 0.8795173 0.2362726 0.9089412 0.5643722 0.8934993 0.5734775 0.8934631 0.5673061 0.2628769 0.9257503 0.2781227 0.9266235 0.2628211 0.9301498 0.2628769 0.9257503 0.2784117 0.9183229 0.2781227 0.9266235 0.9089412 0.5643722 0.9091051 0.576153 0.8934993 0.5734775 0.2783991 0.9379891 0.2628211 0.9301498 0.2781227 0.9266235 0.2783991 0.9379891 0.2628702 0.9361487 0.2628211 0.9301498 0.2628702 0.9361487 0.2783991 0.9379891 0.2784117 0.9468721 0.2628702 0.9361487 0.2784117 0.9468721 0.2629266 0.9407899 0.877859 0.2040097 0.8687042 0.1947247 0.8704871 0.1918134 0.8658291 0.226402 0.8530639 0.2226471 0.8649488 0.2232567 0.877859 0.2040097 0.8748179 0.216642 0.8747202 0.2048678 0.85595 0.1909862 0.8469502 0.20073 0.8439201 0.1991471 0.8439201 0.2133784 0.8469502 0.20073 0.8470495 0.2125063 0.8439201 0.2133784 0.8530639 0.2226471 0.851292 0.2255749 0.85595 0.1909862 0.8687042 0.1947247 0.8568204 0.1941168 0.8658291 0.226402 0.8748179 0.216642 0.877859 0.218241 0.4524062 0.96469 0.433187 0.8737307 0.4529275 0.8736891 0.7544 0.3231627 0.8359272 0.4396367 0.7544766 0.4399045 0.8681155 0.7419116 0.9261765 0.7739635 0.8687808 0.7787716 0.1990662 0.5039637 0.1943761 0.3958072 0.2032527 0.5041996 0.3890433 0.8068109 0.4087091 0.8846267 0.388967 0.8846337 0.4529275 0.8736891 0.4325974 0.8069444 0.4523805 0.8068109 0.3151018 0.5128217 0.3130412 0.546004 0.3130412 0.4691945 0.619692 0.9742994 0.5593792 0.9733725 0.5921216 0.8975335 0.4558976 0.806811 0.4743192 0.8839814 0.4545857 0.8839288 0.643725 0.853165 0.6459254 0.8974934 0.6205493 0.8933371 0.5657504 0.794692 0.5953732 0.8535794 0.5642593 0.8522934 0.4545857 0.8839288 0.4756753 0.9587743 0.4558451 0.9587405 0.9247471 0.6956785 0.9252204 0.7433055 0.8681155 0.7419116 0.7527418 0.4687582 0.7057103 0.5637456 0.5593793 0.4858081 0.1758991 0.8821827 0.2009268 0.9394775 0.1731948 0.9394775 0.7456781 0.6989834 0.8280157 0.7465755 0.7464596 0.7477919 0.8358896 0.3236618 0.9333269 0.4359712 0.8359272 0.4396367 0.8225775 0.6692191 0.8270418 0.6978205 0.7456781 0.6989834 0.3644658 0.8730834 0.3448465 0.8069213 0.3646136 0.8068109 0.8753578 0.4597072 0.8311722 0.4632524 0.8359272 0.4396367 0.9650959 0.1920666 0.9606928 0.2359932 0.9606928 0.1909862 0.7456781 0.945417 0.8432698 0.866317 0.8430024 0.9591723 0.3396132 0.6591217 0.3423252 0.6192864 0.3423252 0.7398707 0.8306859 0.4896486 0.7544766 0.4399045 0.8311722 0.4632524 0.9664249 0.9570295 0.9715983 0.9251349 0.9702719 0.9570295 0.2308349 0.9598469 0.2248869 0.9263693 0.2308349 0.926217 0.9720368 0.8162546 0.9750255 0.8612077 0.9720368 0.8614498 0.9779863 0.2756757 0.9821815 0.242093 0.9821815 0.2759976 0.1711505 0.9691147 0.1663482 0.9363444 0.1692715 0.9371926 0.1713415 0.8903883 0.1663482 0.9346948 0.1663482 0.8896531 0.9695267 0.8170756 0.9703786 0.8614496 0.9660378 0.8614496 0.5504919 0.6419681 0.5472226 0.7224812 0.5472227 0.6017377 0.9244679 0.7804211 0.924578 0.8665223 0.8493508 0.8271662 0.7458454 0.8669461 0.8048084 0.8308738 0.8043006 0.8579086 0.8430024 0.9591723 0.924578 0.8665223 0.924578 0.9604052 0.9617127 0.2853802 0.9666411 0.242093 0.9666411 0.286813 0.2331277 0.9406632 0.2363921 0.9731844 0.2331277 0.9743198 0.9243566 0.6689678 0.866709 0.6711567 0.8676162 0.6437969 0.7314055 0.9728453 0.619692 0.9742994 0.6750116 0.8982951 0.005373001 0.5348276 2.67989e-4 0.5202318 0.005445063 0.5188667 0.388967 0.8846337 0.4088109 0.9724555 0.389001 0.9725018 0.3642346 0.9177078 0.3447762 0.9793109 0.3443583 0.91771 0.2618032 0.8634378 0.2618032 0.9082841 0.2589364 0.9079593 0.522675 0.9583216 0.5190551 0.9235268 0.522675 0.9239014 0.3420001 0.7892004 0.3361387 0.8342519 0.3355911 0.7892004 0.8103691 0.2366257 0.780461 0.2361769 0.8113302 0.2360389 0.9660379 0.8651887 0.9718887 0.8971322 0.9677324 0.8970065 0.8168807 0.5674658 0.7878575 0.5666857 0.8178771 0.5666667 0.06239855 0.9475731 0.06239855 0.90191 0.06701791 0.9029992 0.3152167 0.5847707 0.3132678 0.6292872 0.3132678 0.5841377 0.2544807 0.4764115 0.2554715 0.5218675 0.2544807 0.5224058 0.9590345 0.1909862 0.9568425 0.2254281 0.951991 0.1925982 0.4524062 0.96469 0.4325974 0.9646879 0.433187 0.8737307 0.7544 0.3231627 0.8358896 0.3236618 0.8359272 0.4396367 0.8681155 0.7419116 0.9252204 0.7433055 0.9261765 0.7739635 0.009137928 0.448123 0.005445063 0.5188667 2.67989e-4 0.5202318 2.67989e-4 0.5202318 0.004689157 0.4448696 0.009137928 0.448123 0.004689157 0.4448696 0.0442664 0.3611561 0.04624623 0.3654012 0.009137928 0.448123 0.004689157 0.4448696 0.04624623 0.3654012 0.1534258 0.6035484 0.09394913 0.6146782 0.1510072 0.5985543 0.09394913 0.6146782 0.0702582 0.6180977 0.0686239 0.6114239 0.0702582 0.6180977 0.04143649 0.6008175 0.0686239 0.6114239 0.04143649 0.6008175 0 0.5716312 0.004727244 0.569114 0 0.5716312 0 0.538915 0.004727244 0.569114 0 0.538915 0.005373001 0.5348276 0.004727244 0.569114 0.04624623 0.3654012 0.0442664 0.3611561 0.1323989 0.3574969 0.0442664 0.3611561 0.1298398 0.3526391 0.1323989 0.3574969 0.04143649 0.6008175 0.004727244 0.569114 0.0686239 0.6114239 0.1323989 0.3574969 0.1298398 0.3526391 0.1978204 0.3934981 0.1943761 0.3958072 0.1323989 0.3574969 0.1978204 0.3934981 0.09394913 0.6146782 0.0686239 0.6114239 0.1510072 0.5985543 0.1943761 0.3958072 0.1978204 0.3934981 0.2032527 0.5041996 0.1534258 0.6035484 0.1510072 0.5985543 0.2032527 0.5041996 0.1510072 0.5985543 0.1990662 0.5039637 0.2032527 0.5041996 0.3890433 0.8068109 0.4088109 0.806917 0.4087091 0.8846267 0.4529275 0.8736891 0.433187 0.8737307 0.4325974 0.8069444 0.09494537 0.9028329 0.09964215 0.9019548 0.09964215 0.9462566 0.9810475 0.2776471 0.9810475 0.3113316 0.9779863 0.3107516 0.2573503 0.6391544 0.2582579 0.6437121 0.2610734 0.7200503 0.5616803 0.8970052 0.5921216 0.8975335 0.5593792 0.9733725 0.5921216 0.8975335 0.6205493 0.8933371 0.619692 0.9742994 0.4558976 0.806811 0.4756753 0.8069579 0.4743192 0.8839814 0.6205493 0.8933371 0.6222568 0.795727 0.643725 0.853165 0.6222568 0.795727 0.7170599 0.794692 0.6735625 0.8525811 0.643725 0.853165 0.6222568 0.795727 0.6735625 0.8525811 0.7170599 0.794692 0.730392 0.8917829 0.6735625 0.8525811 0.730392 0.8917829 0.6750116 0.8982951 0.6735625 0.8525811 0.2573503 0.6391544 0.2610734 0.5989362 0.2582579 0.6437121 0.3344963 0.6765351 0.3379549 0.6192864 0.3371096 0.6765431 0.5657504 0.794692 0.6222568 0.795727 0.5953732 0.8535794 0.6222568 0.795727 0.6205493 0.8933371 0.5953732 0.8535794 0.6205493 0.8933371 0.5921216 0.8975335 0.5953732 0.8535794 0.3371096 0.6765431 0.3379549 0.7210935 0.3344963 0.6765351 0.4545857 0.8839288 0.4743192 0.8839814 0.4756753 0.9587743 0.8280157 0.7465755 0.8270418 0.6978205 0.8681155 0.7419116 0.8270418 0.6978205 0.9247471 0.6956785 0.8681155 0.7419116 0.7057103 0.5637456 0.6236103 0.5775282 0.5594838 0.5017688 0.6236103 0.5775282 0.5593793 0.5359719 0.5594838 0.5017688 0.5594838 0.5017688 0.5593793 0.4858081 0.7057103 0.5637456 0.5593793 0.4858081 0.5623282 0.4150382 0.7527418 0.4687582 0.5623282 0.4150382 0.5985804 0.3320541 0.6845033 0.3231627 0.7467721 0.360769 0.5623282 0.4150382 0.6845033 0.3231627 0.7467721 0.360769 0.7527418 0.4687582 0.5623282 0.4150382 0.1758991 0.8821827 0.1978732 0.8818101 0.2009268 0.9394775 0.7456781 0.6989834 0.8270418 0.6978205 0.8280157 0.7465755 0.8358896 0.3236618 0.9330506 0.3345413 0.9333269 0.4359712 0.8271545 0.5798214 0.821303 0.6422531 0.7456781 0.5791778 0.821303 0.6422531 0.8225775 0.6692191 0.7456781 0.6989834 0.7456781 0.5791778 0.821303 0.6422531 0.7456781 0.6989834 0.3644658 0.8730834 0.3447276 0.873091 0.3448465 0.8069213 0.8359272 0.4396367 0.9333269 0.4359712 0.8753578 0.4597072 0.9333269 0.4359712 0.9332266 0.5027629 0.8754652 0.4864782 0.8753578 0.4597072 0.9333269 0.4359712 0.8754652 0.4864782 0.9332266 0.5027629 0.83597 0.5189425 0.8754652 0.4864782 0.83597 0.5189425 0.8306859 0.4896486 0.8754652 0.4864782 0.7437735 0.829549 0.7437735 0.8739627 0.7401171 0.8735417 0.7456781 0.945417 0.7458454 0.8669461 0.8432698 0.866317 0.5502339 0.8049997 0.5472227 0.8052618 0.5472227 0.7241307 0.8280157 0.7465755 0.8681155 0.7419116 0.868019 0.7452343 0.8306859 0.4896486 0.83597 0.5189425 0.7544 0.5201755 0.7544 0.5201755 0.7544766 0.4399045 0.8306859 0.4896486 0.7544766 0.4399045 0.8359272 0.4396367 0.8311722 0.4632524 0.9664249 0.9570295 0.9660379 0.9246845 0.9715983 0.9251349 0.2308349 0.9598469 0.2261916 0.9598284 0.2248869 0.9263693 0.7330637 0.829549 0.7384589 0.829549 0.7352074 0.8745425 0.9779863 0.2756757 0.97926 0.2427302 0.9821815 0.242093 0.1711505 0.9691147 0.1663482 0.9689002 0.1663482 0.9363444 0.9763282 0.242093 0.9763282 0.2871205 0.9733872 0.2865088 0.5243332 0.9244075 0.527705 0.9235269 0.527705 0.9686155 0.2586973 0.5988061 0.2610734 0.5989362 0.2573503 0.6391544 0.5570079 0.6017376 0.5570079 0.6827116 0.5521501 0.6822475 0.8432698 0.866317 0.8473304 0.8560526 0.924578 0.8665223 0.8473304 0.8560526 0.8493508 0.8271662 0.924578 0.8665223 0.8493508 0.8271662 0.8430019 0.7810821 0.9244679 0.7804211 0.7458454 0.8669461 0.7458679 0.7917486 0.8048084 0.8308738 0.7458679 0.7917486 0.8430019 0.7810821 0.8048084 0.8308738 0.8430019 0.7810821 0.8493508 0.8271662 0.8048084 0.8308738 0.8043006 0.8579086 0.8473304 0.8560526 0.8432698 0.866317 0.8043006 0.8579086 0.8432698 0.866317 0.7458454 0.8669461 0.8430024 0.9591723 0.8432698 0.866317 0.924578 0.8665223 0.9327372 0.5653997 0.929093 0.5221549 0.9327372 0.521825 0.3141222 0.6636132 0.3132678 0.6643285 0.3132678 0.6309368 0.9245533 0.5948719 0.9243398 0.6538668 0.8676162 0.6437969 0.9243398 0.6538668 0.9243566 0.6689678 0.8676162 0.6437969 0.9243566 0.6689678 0.9247471 0.6956785 0.866709 0.6711567 0.9247471 0.6956785 0.8270418 0.6978205 0.866709 0.6711567 0.8270418 0.6978205 0.8225775 0.6692191 0.866709 0.6711567 0.8676162 0.6437969 0.821303 0.6422531 0.8271545 0.5798214 0.8676162 0.6437969 0.8271545 0.5798214 0.9245533 0.5948719 0.6205493 0.8933371 0.6459254 0.8974934 0.619692 0.9742994 0.6459254 0.8974934 0.6750116 0.8982951 0.619692 0.9742994 0.6750116 0.8982951 0.730392 0.8917829 0.7314055 0.9728453 0.005373001 0.5348276 0 0.538915 2.67989e-4 0.5202318 0.388967 0.8846337 0.4087091 0.8846267 0.4088109 0.9724555 0.3644658 0.8730834 0.3641556 0.9034644 0.3447276 0.873091 0.3641556 0.9034644 0.3642346 0.9177078 0.3442784 0.9034671 0.3447276 0.873091 0.3641556 0.9034644 0.3442784 0.9034671 0.3642346 0.9177078 0.3646136 0.9793376 0.3447762 0.9793109 0.3443583 0.91771 0.3442784 0.9034671 0.3642346 0.9177078 0.03727561 0.902376 0.0406869 0.9019086 0.0406869 0.9470998 0.522675 0.9583216 0.5158423 0.9568764 0.5190551 0.9235268 0.2556831 0.5913538 0.2556831 0.6369031 0.2547067 0.6363514 0.2552583 0.9770222 0.2552583 0.9434179 0.2581799 0.9441875 0.9660379 0.8651887 0.9718887 0.8630992 0.9718887 0.8971322 0.9809563 0.5387663 0.9809563 0.5727931 0.9767116 0.5701508 0.2554757 0.5696274 0.2544807 0.568817 0.2554757 0.5240554 0.9682992 0.242093 0.9717289 0.2862551 0.9682992 0.2867107 0.3355911 0.7415204 0.3423252 0.7429323 0.3355911 0.787551 0.9590345 0.1909862 0.9590345 0.2252433 0.9568425 0.2254281 0.8121593 0.5606981 0.7878575 0.5666857 0.7937738 0.5606774 0.3442783 0.2727615 0.3949936 0.2966816 0.3994773 0.3064298 0.8425292 0.561047 0.8195356 0.5670434 0.8252937 0.5611287 0.8123703 0.5274853 0.7879337 0.521987 0.8178771 0.5218249 0.8429789 0.5278254 0.8201017 0.5219592 0.8475811 0.521825 0.8121593 0.5606981 0.8178771 0.5218249 0.8178771 0.5666667 0.8429789 0.5278254 0.8475811 0.5668594 0.8425292 0.561047 0.3442783 0.1165383 0.391157 0.01984643 0.3502754 0.1177299 0.7865132 0.1970582 0.780461 0.2361769 0.7807776 0.1909862 0.3442783 0.1165383 0.3502777 0.2694252 0.3442783 0.2727615 0.760095 0.5610867 0.7861993 0.5673755 0.7544 0.5668912 0.8058174 0.2301827 0.780461 0.2361769 0.7864734 0.2302902 0.760003 0.5279055 0.7858722 0.5224029 0.7799034 0.5283199 0.8057433 0.1969606 0.7807776 0.1909862 0.8113108 0.1909862 0.542302 0.3051048 0.4738433 0.3126568 0.5380432 0.2998869 0.8185291 0.23019 0.8422618 0.2362008 0.8130569 0.2361048 0.7799034 0.5283199 0.7861993 0.5673755 0.7800911 0.5614914 0.8057433 0.1969606 0.8113302 0.2360389 0.8058174 0.2301827 0.8185689 0.1969663 0.8422618 0.1910316 0.8364915 0.1970246 0.760003 0.5279055 0.7544 0.5668912 0.7544 0.521825 0.2576584 0.3586493 0.2049109 0.3540829 0.2618132 0.3526391 0.8364915 0.1970246 0.8422618 0.2362008 0.8363662 0.2302549 0.5961359 0.1792678 0.5792466 0.05061388 0.5849431 0.04677671 0.5961359 0.1792678 0.5380432 0.2998869 0.5900316 0.1782881 0.257362 0.482176 0.2618132 0.5971565 0.2573503 0.5970594 0.8185689 0.1969663 0.8130569 0.2361048 0.8129883 0.1909862 0.2095413 0.35982 0.2049109 0.474762 0.2049109 0.3540829 0.4947874 0 0.391157 0.01984643 0.3869194 0.01443344 0.4947874 0 0.5792466 0.05061388 0.4936515 0.00618273 0.4015 0.2941755 0.3949936 0.2966816 0.3956173 0.292903 0.7937738 0.5606774 0.7879337 0.521987 0.7940053 0.5274659 0.4697159 0.3055794 0.4738433 0.3126568 0.4670857 0.3215132 0.8252937 0.5611287 0.8201017 0.5219592 0.8258058 0.5279071 0.877859 0.2040097 0.8747202 0.2048678 0.8687042 0.1947247 0.8658291 0.226402 0.851292 0.2255749 0.8530639 0.2226471 0.877859 0.2040097 0.877859 0.218241 0.8748179 0.216642 0.85595 0.1909862 0.8568204 0.1941168 0.8469502 0.20073 0.8439201 0.2133784 0.8439201 0.1991471 0.8469502 0.20073 0.8439201 0.2133784 0.8470495 0.2125063 0.8530639 0.2226471 0.85595 0.1909862 0.8704871 0.1918134 0.8687042 0.1947247 0.8658291 0.226402 0.8649488 0.2232567 0.8748179 0.216642 0.8121593 0.5606981 0.8178771 0.5666667 0.7878575 0.5666857 0.3442783 0.2727615 0.3502777 0.2694252 0.3949936 0.2966816 0.8425292 0.561047 0.8475811 0.5668594 0.8195356 0.5670434 0.8123703 0.5274853 0.7940053 0.5274659 0.7879337 0.521987 0.8429789 0.5278254 0.8258058 0.5279071 0.8201017 0.5219592 0.8121593 0.5606981 0.8123703 0.5274853 0.8178771 0.5218249 0.8429789 0.5278254 0.8475811 0.521825 0.8475811 0.5668594 0.3442783 0.1165383 0.3869194 0.01443344 0.391157 0.01984643 0.7865132 0.1970582 0.7864734 0.2302902 0.780461 0.2361769 0.3442783 0.1165383 0.3502754 0.1177299 0.3502777 0.2694252 0.760095 0.5610867 0.7800911 0.5614914 0.7861993 0.5673755 0.8058174 0.2301827 0.8113302 0.2360389 0.780461 0.2361769 0.760003 0.5279055 0.7544 0.521825 0.7858722 0.5224029 0.8057433 0.1969606 0.7865132 0.1970582 0.7807776 0.1909862 0.542302 0.3051048 0.4670857 0.3215132 0.4738433 0.3126568 0.8185291 0.23019 0.8363662 0.2302549 0.8422618 0.2362008 0.7799034 0.5283199 0.7858722 0.5224029 0.7861993 0.5673755 0.8057433 0.1969606 0.8113108 0.1909862 0.8113302 0.2360389 0.8185689 0.1969663 0.8129883 0.1909862 0.8422618 0.1910316 0.760003 0.5279055 0.760095 0.5610867 0.7544 0.5668912 0.2576584 0.3586493 0.2095413 0.35982 0.2049109 0.3540829 0.8364915 0.1970246 0.8422618 0.1910316 0.8422618 0.2362008 0.5961359 0.1792678 0.5900316 0.1782881 0.5792466 0.05061388 0.5961359 0.1792678 0.542302 0.3051048 0.5380432 0.2998869 0.257362 0.482176 0.2618132 0.4764114 0.2618132 0.5971565 0.8185689 0.1969663 0.8185291 0.23019 0.8130569 0.2361048 0.2095413 0.35982 0.2095296 0.4747368 0.2049109 0.474762 0.4947874 0 0.4936515 0.00618273 0.391157 0.01984643 0.4947874 0 0.5849431 0.04677671 0.5792466 0.05061388 0.4015 0.2941755 0.3994773 0.3064298 0.3949936 0.2966816 0.7937738 0.5606774 0.7878575 0.5666857 0.7879337 0.521987 0.4697159 0.3055794 0.4756726 0.3064005 0.4738433 0.3126568 0.8252937 0.5611287 0.8195356 0.5670434 0.8201017 0.5219592</float_array>
          <technique_common>
            <accessor source="#Cubo_143-mesh-map-1-array" count="2322" stride="2">
              <param name="S" type="float"/>
              <param name="T" type="float"/>
            </accessor>
          </technique_common>
        </source>
        <source id="Cubo_143-mesh-map-2">
          <float_array id="Cubo_143-mesh-map-2-array" count="4644">0 0 0 0 0 0 0 0 0 0 0 0 0 0 0 0 0 0 0 0 0 0 0 0 0 0 0 0 0 0 0 0 0 0 0 0 0 0 0 0 0 0 0 0 0 0 0 0 0 0 0 0 0 0 0 0 0 0 0 0 0 0 0 0 0 0 0 0 0 0 0 0 0 0 0 0 0 0 0 0 0 0 0 0 0 0 0 0 0 0 0 0 0 0 0 0 0 0 0 0 0 0 0 0 0 0 0 0 0 0 0 0 0 0 0 0 0 0 0 0 0 0 0 0 0 0 0 0 0 0 0 0 0 0 0 0 0 0 0 0 0 0 0 0 0 0 0 0 0 0 0 0 0 0 0 0 0 0 0 0 0 0 0 0 0 0 0 0 0 0 0 0 0 0 0 0 0 0 0 0 0 0 0 0 0 0 0 0 0 0 0 0 0 0 0 0 0 0 0 0 0 0 0 0 0 0 0 0 0 0 0 0 0 0 0 0 0 0 0 0 0 0 0 0 0 0 0 0 0 0 0 0 0 0 0 0 0 0 0 0 0 0 0 0 0 0 0 0 0 0 0 0 0 0 0 0 0 0 0 0 0 0 0 0 0 0 0 0 0 0 0 0 0 0 0 0 0 0 0 0 0 0 0 0 0 0 0 0 0 0 0 0 0 0 0 0 0 0 0 0 0 0 0 0 0 0 0 0 0 0 0 0 0 0 0 0 0 0 0 0 0 0 0 0 0 0 0 0 0 0 0 0 0 0 0 0 0 0 0 0 0 0 0 0 0 0 0 0 0 0 0 0 0 0 0 0 0 0 0 0 0 0 0 0 0 0 0 0 0 0 0 0 0 0 0 0 0 0 0 0 0 0 0 0 0 0 0 0 0 0 0 0 0 0 0 0 0 0 0 0 0 0 0 0 0 0 0 0 0 0 0 0 0 0 0 0 0 0 0 0 0 0 0 0 0 0 0 0 0 0 0 0 0 0 0 0 0 0 0 0 0 0 0 0 0 0 0 0 0 0 0 0 0 0 0 0 0 0 0 0 0 0 0 0 0 0 0 0 0 0 0 0 0 0 0 0 0 0 0 0 0 0 0 0 0 0 0 0 0 0 0 0 0 0 0 0 0 0 0 0 0 0 0 0 0 0 0 0 0 0 0 0 0 0 0 0 0 0 0 0 0 0 0 0 0 0 0 0 0 0 0 0 0 0 0 0 0 0 0 0 0 0 0 0 0 0 0 0 0 0 0 0 0 0 0 0 0 0 0 0 0 0 0 0 0 0 0 0 0 0 0 0 0 0 0 0 0 0 0 0 0 0 0 0 0 0 0 0 0 0 0 0 0 0 0 0 0 0 0 0 0 0 0 0 0 0 0 0 0 0 0 0 0 0 0 0 0 0 0 0 0 0 0 0 0 0 0 0 0 0 0 0 0 0 0 0 0 0 0 0 0 0 0 0 0 0 0 0 0 0 0 0 0 0 0 0 0 0 0 0 0 0 0 0 0 0 0 0 0 0 0 0 0 0 0 0 0 0 0 0 0 0 0 0 0 0 0 0 0 0 0 0 0 0 0 0 0 0 0 0 0 0 0 0 0 0 0 0 0 0 0 0 0 0 0 0 0 0 0 0 0 0 0 0 0 0 0 0 0 0 0 0 0 0 0 0 0 0 0 0 0 0 0 0 0 0 0 0 0 0 0 0 0 0 0 0 0 0 0 0 0 0 0 0 0 0 0 0 0 0 0 0 0 0 0 0 0 0 0 0 0 0 0 0 0 0 0 0 0 0 0 0 0 0 0 0 0 0 0 0 0 0 0 0 0 0 0 0 0 0 0 0 0 0 0 0 0 0 0 0 0 0 0 0 0 0 0 0 0 0 0 0 0 0 0 0 0 0 0 0 0 0 0 0 0 0 0 0 0 0 0 0 0 0 0 0 0 0 0 0 0 0 0 0 0 0 0 0 0 0 0 0 0 0 0 0 0 0 0 0 0 0 0 0 0 0 0 0 0 0 0 0 0 0 0 0 0 0 0 0 0 0 0 0 0 0 0 0 0 0 0 0 0 0 0 0 0 0 0 0 0 0 0 0 0 0 0 0 0 0 0 0 0 0 0 0 0 0 0 0 0 0 0 0 0 0 0 0 0 0 0 0 0 0 0 0 0 0 0 0 0 0 0 0 0 0 0 0 0 0 0 0 0 0 0 0 0 0 0 0 0 0 0 0 0 0 0 0 0 0 0 0 0 0 0 0 0 0 0 0 0 0 0 0 0 0 0 0 0 0 0 0 0 0 0 0 0 0 0 0 0 0 0 0 0 0 0 0 0 0 0 0 0 0 0 0 0 0 0 0 0 0 0 0 0 0 0 0 0 0 0 0 0 0 0 0 0 0 0 0 0 0 0 0 0 0 0 0 0 0 0 0 0 0 0 0 0 0 0 0 0 0 0 0 0 0 0 0 0 0 0 0 0 0 0 0 0 0 0 0 0 0 0 0 0 0 0 0 0 0 0 0 0 0 0 0 0 0 0 0 0 0 0 0 0 0 0 0 0 0 0 0 0 0 0 0 0 0 0 0 0 0 0 0 0 0 0 0 0 0 0 0 0 0 0 0 0 0 0 0 0 0 0 0 0 0 0 0 0 0 0 0 0 0 0 0 0 0 0 0 0 0 0 0 0 0 0 0 0 0 0 0 0 0 0 0 0 0 0 0 0 0 0 0 0 0 0 0 0 0 0 0 0 0 0 0 0 0 0 0 0 0 0 0 0 0 0 0 0 0 0 0 0 0 0 0 0 0 0 0 0 0 0 0 0 0 0 0 0 0 0 0 0 0 0 0 0 0 0 0 0 0 0 0 0 0 0 0 0 0 0 0 0 0 0 0 0 0 0 0 0 0 0 0 0 0 0 0 0 0 0 0 0 0 0 0 0 0 0 0 0 0 0 0 0 0 0 0 0 0 0 0 0 0 0 0 0 0 0 0 0 0 0 0 0 0 0 0 0 0 0 0 0 0 0 0 0 0 0 0 0 0 0 0 0 0 0 0 0 0 0 0 0 0 0 0 0 0 0 0 0 0 0 0 0 0 0 0 0 0 0 0 0 0 0 0 0 0 0 0 0 0 0 0 0 0 0 0 0 0 0 0 0 0 0 0 0 0 0 0 0 0 0 0 0 0 0 0 0 0 0 0 0 0 0 0 0 0 0 0 0 0 0 0 0 0 0 0 0 0 0 0 0 0 0 0 0 0 0 0 0 0 0 0 0 0 0 0 0 0 0 0 0 0 0 0 0 0 0 0 0 0 0 0 0 0 0 0 0 0 0 0 0 0 0 0 0 0 0 0 0 0 0 0 0 0 0 0 0 0 0 0 0 0 0 0 0 0 0 0 0 0 0 0 0 0 0 0 0 0 0 0 0 0 0 0 0 0 0 0 0 0 0 0 0 0 0 0 0 0 0 0 0 0 0 0 0 0 0 0 0 0 0 0 0 0 0 0 0 0 0 0 0 0 0 0 0 0 0 0 0 0 0 0 0 0 0 0 0 0 0 0 0 0 0 0 0 0 0 0 0 0 0 0 0 0 0 0 0 0 0 0 0 0 0 0 0 0 0 0 0 0 0 0 0 0 0 0 0 0 0 0 0 0 0 0 0 0 0 0 0 0 0 0 0 0 0 0 0 0 0 0 0 0 0 0 0 0 0 0 0 0 0 0 0 0 0 0 0 0 0 0 0 0 0 0 0 0 0 0 0 0 0 0 0 0 0 0 0 0 0 0 0 0 0 0 0 0 0 0 0 0 0 0 0 0 0 0 0 0 0 0 0 0 0 0 0 0 0 0 0 0 0 0 0 0 0 0 0 0 0 0 0 0 0 0 0 0 0 0 0 0 0 0 0 0 0 0 0 0 0 0 0 0 0 0 0 0 0 0 0 0 0 0 0 0 0 0 0 0 0 0 0 0 0 0 0 0 0 0 0 0 0 0 0 0 0 0 0 0 0 0 0 0 0 0 0 0 0 0 0 0 0 0 0 0 0 0 0 0 0 0 0 0 0 0 0 0 0 0 0 0 0 0 0 0 0 0 0 0 0 0 0 0 0 0 0 0 0 0 0 0 0 0 0 0 0 0 0 0 0 0 0 0 0 0 0 0 0 0 0 0 0 0 0 0 0 0 0 0 0 0 0 0 0 0 0 0 0 0 0 0 0 0 0 0 0 0 0 0 0 0 0 0 0 0 0 0 0 0 0 0 0 0 0 0 0 0 0 0 0 0 0 0 0 0 0 0 0 0 0 0 0 0 0 0 0 0 0 0 0 0 0 0 0 0 0 0 0 0 0 0 0 0 0 0 0 0 0 0 0 0 0 0 0 0 0 0 0 0 0 0 0 0 0 0 0 0 0 0 0 0 0 0 0 0 0 0 0 0 0 0 0 0 0 0 0 0 0 0 0 0 0 0 0 0 0 0 0 0 0 0 0 0 0 0 0 0 0 0 0 0 0 0 0 0 0 0 0 0 0 0 0 0 0 0 0 0 0 0 0 0 0 0 0 0 0 0 0 0 0 0 0 0 0 0 0 0 0 0 0 0 0 0 0 0 0 0 0 0 0 0 0 0 0 0 0 0 0 0 0 0 0 0 0 0 0 0 0 0 0 0 0 0 0 0 0 0 0 0 0 0 0 0 0 0 0 0 0 0 0 0 0 0 0 0 0 0 0 0 0 0 0 0 0 0 0 0 0 0 0 0 0 0 0 0 0 0 0 0 0 0 0 0 0 0 0 0 0 0 0 0 0 0 0 0 0 0 0 0 0 0 0 0 0 0 0 0 0 0 0 0 0 0 0 0 0 0 0 0 0 0 0 0 0 0 0 0 0 0 0 0 0 0 0 0 0 0 0 0 0 0 0 0 0 0 0 0 0 0 0 0 0 0 0 0 0 0 0 0 0 0 0 0 0 0 0 0 0 0 0 0 0 0 0 0 0 0 0 0 0 0 0 0 0 0 0 0 0 0 0 0 0 0 0 0 0 0 0 0 0 0 0 0 0 0 0 0 0 0 0 0 0 0 0 0 0 0 0 0 0 0 0 0 0 0 0 0 0 0 0 0 0 0 0 0 0 0 0 0 0 0 0 0 0 0 0 0 0 0 0 0 0 0 0 0 0 0 0 0 0 0 0 0 0 0 0 0 0 0 0 0 0 0 0 0 0 0 0 0 0 0 0 0 0 0 0 0 0 0 0 0 0 0 0 0 0 0 0 0 0 0 0 0 0 0 0 0 0 0 0 0 0 0 0 0 0 0 0 0 0 0 0 0 0 0 0 0 0 0 0 0 0 0 0 0 0 0 0 0 0 0 0 0 0 0 0 0 0 0 0 0 0 0 0 0 0 0 0 0 0 0 0 0 0 0 0 0 0 0 0 0 0 0 0 0 0 0 0 0 0 0 0 0 0 0 0 0 0 0 0 0 0 0 0 0 0 0 0 0 0 0 0 0 0 0 0 0 0 0 0 0 0 0 0 0 0 0 0 0 0 0 0 0 0 0 0 0 0 0 0 0 0 0 0 0 0 0 0 0 0 0 0 0 0 0 0 0 0 0 0 0 0 0 0 0 0 0 0 0 0 0 0 0 0 0 0 0 0 0 0 0 0 0 0 0 0 0 0 0 0 0 0 0 0 0 0 0 0 0 0 0 0 0 0 0 0 0 0 0 0 0 0 0 0 0 0 0 0 0 0 0 0 0 0 0 0 0 0 0 0 0 0 0 0 0 0 0 0 0 0 0 0 0 0 0 0 0 0 0 0 0 0 0 0 0 0 0 0 0 0 0 0 0 0 0 0 0 0 0 0 0 0 0 0 0 0 0 0 0 0 0 0 0 0 0 0 0 0 0 0 0 0 0 0 0 0 0 0 0 0 0 0 0 0 0 0 0 0 0 0 0 0 0 0 0 0 0 0 0 0 0 0 0 0 0 0 0 0 0 0 0 0 0 0 0 0 0 0 0 0 0 0 0 0 0 0 0 0 0 0 0 0 0 0 0 0 0 0 0 0 0 0 0 0 0 0 0 0 0 0 0 0 0 0 0 0 0 0 0 0 0 0 0 0 0 0 0 0 0 0 0 0 0 0 0 0 0 0 0 0 0 0 0 0 0 0 0 0 0 0 0 0 0 0 0 0 0 0 0 0 0 0 0 0 0 0 0 0 0 0 0 0 0 0 0 0 0 0 0 0 0 0 0 0 0 0 0 0 0 0 0 0 0 0 0 0 0 0 0 0 0 0 0 0 0 0 0 0 0 0 0 0 0 0 0 0 0 0 0 0 0 0 0 0 0 0 0 0 0 0 0 0 0 0 0 0 0 0 0 0 0 0 0 0 0 0 0 0 0 0 0 0 0 0 0 0 0 0 0 0 0 0 0 0 0 0 0 0 0 0 0 0 0 0 0 0 0 0 0 0 0 0 0 0 0 0 0 0 0 0 0 0 0 0 0 0 0 0 0 0 0 0 0 0 0 0 0 0 0 0 0 0 0 0 0 0 0 0 0 0 0 0 0 0 0 0 0 0 0 0 0 0 0 0 0 0 0 0 0 0 0 0 0 0 0 0 0 0 0 0 0 0 0 0 0 0 0 0 0 0 0 0 0 0 0 0 0 0 0 0 0 0 0 0 0 0 0 0 0 0 0 0 0 0 0 0 0 0 0 0 0 0 0 0 0 0 0 0 0 0 0 0 0 0 0 0 0 0 0 0 0 0 0 0 0 0 0 0 0 0 0 0 0 0 0 0 0 0 0 0 0 0 0 0 0 0 0 0 0 0 0 0 0 0 0 0 0 0 0 0 0 0 0 0 0 0 0 0 0 0 0 0 0 0 0 0 0 0 0 0 0 0 0 0 0 0 0 0 0 0 0 0 0 0 0 0 0 0 0 0 0 0 0 0 0 0 0 0 0 0 0 0 0 0 0 0 0 0 0 0 0 0 0 0 0 0 0 0 0 0 0 0 0 0 0 0 0 0 0 0 0 0 0 0 0 0 0 0 0 0 0 0 0 0 0 0 0 0 0 0 0 0 0 0 0 0 0 0 0 0 0 0 0 0 0 0 0 0 0 0 0 0 0 0 0 0 0 0 0 0 0 0 0 0 0 0 0 0 0 0 0 0 0 0 0 0 0 0 0 0 0 0 0 0 0 0 0 0 0 0 0 0 0 0 0 0 0 0 0 0 0 0 0 0 0 0 0 0 0 0 0 0 0 0 0 0 0 0 0 0 0 0 0 0 0 0 0 0 0 0 0 0 0 0 0 0 0 0 0 0 0 0 0 0 0 0 0 0 0 0 0 0 0 0 0 0 0 0 0 0 0 0 0 0 0 0 0 0 0 0 0 0 0 0 0 0 0 0 0 0 0 0 0 0 0 0 0 0 0 0 0 0 0 0 0 0 0 0 0 0 0 0 0 0 0 0 0 0 0 0 0 0 0 0 0 0 0 0 0 0 0 0 0 0 0 0 0 0 0 0 0 0 0 0 0 0 0 0 0 0 0 0 0 0 0 0 0 0 0 0 0 0 0 0 0 0 0 0 0 0 0 0 0 0 0 0 0 0 0 0 0 0 0 0 0 0 0 0 0 0 0 0 0 0 0 0 0 0 0 0 0 0 0 0 0 0 0 0 0 0 0 0 0 0 0 0 0 0 0 0 0 0 0 0 0 0 0 0 0 0 0 0 0 0 0 0 0 0 0 0 0 0 0 0 0 0 0 0 0 0 0 0 0 0 0 0 0 0 0 0 0 0 0 0 0 0 0 0 0 0 0 0 0 0 0 0 0 0 0 0 0 0 0 0 0 0 0 0 0 0 0 0 0 0 0 0 0 0 0 0 0 0 0 0 0 0 0 0 0 0 0 0 0 0 0 0 0 0 0 0 0 0 0 0 0 0 0 0 0 0 0 0 0 0 0 0 0 0 0 0 0 0 0 0 0 0 0 0 0 0 0 0 0 0 0 0 0 0 0 0 0 0 0 0 0 0 0 0 0 0 0 0 0 0 0 0 0 0 0 0 0 0 0 0 0 0 0 0 0 0 0 0 0 0 0 0 0 0 0 0 0 0 0 0 0 0 0 0 0 0 0 0 0 0 0 0 0 0 0 0 0 0 0 0 0 0 0 0 0 0 0 0 0 0 0 0 0 0 0 0 0 0 0 0 0 0 0 0 0 0 0 0 0 0 0 0 0 0 0 0 0 0 0 0 0 0 0 0 0 0 0 0 0 0 0 0 0 0 0 0 0 0 0 0 0 0 0 0 0 0 0 0 0 0 0 0 0 0 0 0 0 0 0 0 0 0 0 0 0 0 0 0 0 0 0 0 0 0 0 0 0 0 0 0 0 0 0 0 0 0 0 0 0 0 0 0 0 0 0 0 0 0 0 0 0 0 0 0 0 0 0 0 0 0 0 0 0 0 0 0 0 0 0 0 0 0 0 0 0 0 0 0 0 0 0 0 0 0 0 0 0 0 0 0 0 0 0 0 0 0 0 0 0 0 0 0 0 0 0 0 0 0 0 0 0 0 0 0 0 0 0 0 0 0 0 0 0 0 0 0 0 0 0 0 0 0 0 0 0 0 0 0 0 0 0 0 0 0 0 0 0 0 0 0 0 0 0 0 0 0 0 0 0 0 0 0 0 0 0 0 0 0 0 0 0 0 0 0 0 0 0 0 0 0 0 0 0 0 0 0 0 0 0 0 0 0 0 0 0 0 0 0 0 0 0 0 0 0 0 0 0 0 0 0 0 0 0 0 0 0 0 0 0 0 0 0 0 0 0 0 0 0 0 0 0 0 0 0 0 0 0 0 0 0 0 0 0 0 0 0 0 0 0 0 0 0 0 0 0 0 0 0 0 0 0 0 0 0 0 0 0 0 0 0 0 0 0 0 0 0 0 0 0 0 0 0 0 0 0 0 0 0 0 0 0 0 0 0 0 0 0 0 0 0 0 0 0 0 0 0 0 0 0 0 0 0 0 0 0 0 0 0 0 0 0 0 0 0 0 0 0 0 0 0 0 0 0 0 0 0 0 0 0 0 0 0 0 0 0 0 0 0 0 0 0 0 0 0 0 0 0 0 0 0 0 0 0 0 0 0 0 0 0 0 0 0 0 0 0 0 0 0 0 0 0 0 0 0 0 0 0 0 0 0 0 0 0 0 0 0 0 0 0 0 0 0 0 0 0 0 0 0 0 0 0 0 0 0 0 0 0 0 0 0 0 0 0 0 0 0 0 0 0 0 0 0 0 0 0 0 0 0 0 0 0 0 0 0 0 0 0 0 0 0 0 0 0 0 0 0 0 0 0 0 0 0 0 0 0 0 0 0 0 0 0 0 0 0 0 0 0 0 0 0 0 0 0 0 0 0 0 0 0 0 0 0 0 0 0 0 0 0 0 0 0 0 0 0 0 0 0 0 0 0 0 0 0 0 0 0 0 0 0 0 0 0 0 0 0 0 0 0 0 0 0 0 0 0 0 0 0 0 0 0 0 0 0 0 0 0 0 0 0 0 0 0 0 0 0 0 0 0 0 0 0 0 0 0 0 0 0 0 0 0 0 0 0 0 0 0 0 0 0 0 0 0 0 0 0 0 0 0 0 0 0 0 0 0 0 0 0 0 0 0 0 0 0 0 0 0 0 0 0 0 0 0 0 0 0 0 0 0 0 0 0 0 0 0 0 0 0 0 0 0 0 0 0 0 0 0 0 0 0 0 0 0 0 0 0 0 0 0 0 0 0 0 0 0 0 0 0 0 0 0 0 0 0 0 0 0 0 0 0 0 0 0 0 0 0 0 0 0 0 0 0 0 0 0 0 0 0 0 0 0 0 0 0 0 0 0 0 0 0 0 0 0 0 0 0 0 0 0 0 0 0 0 0 0 0 0 0 0 0 0 0 0 0 0 0 0 0 0 0 0 0 0 0 0 0 0 0 0 0 0 0 0 0 0 0 0 0 0 0 0 0 0 0 0 0 0 0 0 0 0 0 0 0 0 0 0 0 0 0 0 0 0 0 0 0 0 0 0 0 0 0 0 0 0 0 0 0 0 0 0 0 0 0 0 0 0 0 0 0 0 0 0 0 0 0 0 0 0 0 0 0 0 0 0 0 0 0 0 0 0 0 0 0 0 0 0 0 0 0 0 0 0 0 0 0 0 0 0 0 0 0 0 0 0 0 0 0 0 0 0 0 0 0 0 0 0 0 0 0 0 0 0 0 0 0 0 0 0 0 0 0 0 0 0 0 0 0 0 0 0 0 0 0 0 0 0 0 0 0 0 0 0 0 0 0 0 0 0 0 0 0 0 0 0 0 0 0 0 0 0 0 0 0 0 0 0 0 0 0 0 0 0 0 0 0 0 0 0 0 0 0 0 0 0 0 0 0 0 0 0 0 0 0 0 0 0 0 0 0 0 0 0 0 0 0 0 0 0 0</float_array>
          <technique_common>
            <accessor source="#Cubo_143-mesh-map-2-array" count="2322" stride="2">
              <param name="S" type="float"/>
              <param name="T" type="float"/>
            </accessor>
          </technique_common>
        </source>
        <source id="Cubo_143-mesh-colors-Col" name="Col">
          <float_array id="Cubo_143-mesh-colors-Col-array" count="9288">1 1 1 1 1 1 1 1 1 1 1 1 1 1 1 1 1 1 1 1 1 1 1 1 1 1 1 1 1 1 1 1 1 1 1 1 1 1 1 1 1 1 1 1 1 1 1 1 1 1 1 1 1 1 1 1 1 1 1 1 1 1 1 1 1 1 1 1 1 1 1 1 1 1 1 1 1 1 1 1 1 1 1 1 1 1 1 1 1 1 1 1 1 1 1 1 1 1 1 1 1 1 1 1 1 1 1 1 1 1 1 1 1 1 1 1 1 1 1 1 1 1 1 1 1 1 1 1 1 1 1 1 1 1 1 1 1 1 1 1 1 1 1 1 1 1 1 1 1 1 1 1 1 1 1 1 1 1 1 1 1 1 1 1 1 1 1 1 1 1 1 1 1 1 1 1 1 1 1 1 1 1 1 1 1 1 1 1 1 1 1 1 1 1 1 1 1 1 1 1 1 1 1 1 1 1 1 1 1 1 1 1 1 1 1 1 1 1 1 1 1 1 1 1 1 1 1 1 1 1 1 1 1 1 1 1 1 1 1 1 1 1 1 1 1 1 1 1 1 1 1 1 1 1 1 1 1 1 1 1 1 1 1 1 1 1 1 1 1 1 1 1 1 1 1 1 1 1 1 1 1 1 1 1 1 1 1 1 1 1 1 1 1 1 1 1 1 1 1 1 1 1 1 1 1 1 1 1 1 1 1 1 1 1 1 1 1 1 1 1 1 1 1 1 1 1 1 1 1 1 1 1 1 1 1 1 1 1 1 1 1 1 1 1 1 1 1 1 1 1 1 1 1 1 1 1 1 1 1 1 1 1 1 1 1 1 1 1 1 1 1 1 1 1 1 1 1 1 1 1 1 1 1 1 1 1 1 1 1 1 1 1 1 1 1 1 1 1 1 1 1 1 1 1 1 1 1 1 1 1 1 1 1 1 1 1 1 1 1 1 1 1 1 1 1 1 1 1 1 1 1 1 1 1 1 1 1 1 1 1 1 1 1 1 1 1 1 1 1 1 1 1 1 1 1 1 1 1 1 1 1 1 1 1 1 1 1 1 1 1 1 1 1 1 1 1 1 1 1 1 1 1 1 1 1 1 1 1 1 1 1 1 1 1 1 1 1 1 1 1 1 1 1 1 1 1 1 1 1 1 1 1 1 1 1 1 1 1 1 1 1 1 1 1 1 1 1 1 1 1 1 1 1 1 1 1 1 1 1 1 1 1 1 1 1 1 1 1 1 1 1 1 1 1 1 1 1 1 1 1 1 1 1 1 1 1 1 1 1 1 1 1 1 1 1 1 1 1 1 1 1 1 1 1 1 1 1 1 1 1 1 1 1 1 1 1 1 1 1 1 1 1 1 1 1 1 1 1 1 1 1 1 1 1 1 1 1 1 1 1 1 1 1 1 1 1 1 1 1 1 1 1 1 1 1 1 1 1 1 1 1 1 1 1 1 1 1 1 1 1 1 1 1 1 1 1 1 1 1 1 1 1 1 1 1 1 1 1 1 1 1 1 1 1 1 1 1 1 1 1 1 1 1 1 1 1 1 1 1 1 1 1 1 1 1 1 1 1 1 1 1 1 1 1 1 1 1 1 1 1 1 1 1 1 1 1 1 1 1 1 1 1 1 1 1 1 1 1 1 1 1 1 1 1 1 1 1 1 1 1 1 1 1 1 1 1 1 1 1 1 1 1 1 1 1 1 1 1 1 1 1 1 1 1 1 1 1 1 1 1 1 1 1 1 1 1 1 1 1 1 1 1 1 1 1 1 1 1 1 1 1 1 1 1 1 1 1 1 1 1 1 1 1 1 1 1 1 1 1 1 1 1 1 1 1 1 1 1 1 1 1 1 1 1 1 1 1 1 1 1 1 1 1 1 1 1 1 1 1 1 1 1 1 1 1 1 1 1 1 1 1 1 1 1 1 1 1 1 1 1 1 1 1 1 1 1 1 1 1 1 1 1 1 1 1 1 1 1 1 1 1 1 1 1 1 1 1 1 1 1 1 1 1 1 1 1 1 1 1 1 1 1 1 1 1 1 1 1 1 1 1 1 1 1 1 1 1 1 1 1 1 1 1 1 1 1 1 1 1 1 1 1 1 1 1 1 1 1 1 1 1 1 1 1 1 1 1 1 1 1 1 1 1 1 1 1 1 1 1 1 1 1 1 1 1 1 1 1 1 1 1 1 1 1 1 1 1 1 1 1 1 1 1 1 1 1 1 1 1 1 1 1 1 1 1 1 1 1 1 1 1 1 1 1 1 1 1 1 1 1 1 1 1 1 1 1 1 1 1 1 1 1 1 1 1 1 1 1 1 1 1 1 1 1 1 1 1 1 1 1 1 1 1 1 1 1 1 1 1 1 1 1 1 1 1 1 1 1 1 1 1 1 1 1 1 1 1 1 1 1 1 1 1 1 1 1 1 1 1 1 1 1 1 1 1 1 1 1 1 1 1 1 1 1 1 1 1 1 1 1 1 1 1 1 1 1 1 1 1 1 1 1 1 1 1 1 1 1 1 1 1 1 1 1 1 1 1 1 1 1 1 1 1 1 1 1 1 1 1 1 1 1 1 1 1 1 1 1 1 1 1 1 1 1 1 1 1 1 1 1 1 1 1 1 1 1 1 1 1 1 1 1 1 1 1 1 1 1 1 1 1 1 1 1 1 1 1 1 1 1 1 1 1 1 1 1 1 1 1 1 1 1 1 1 1 1 1 1 1 1 1 1 1 1 1 1 1 1 1 1 1 1 1 1 1 1 1 1 1 1 1 1 1 1 1 1 1 1 1 1 1 1 1 1 1 1 1 1 1 1 1 1 1 1 1 1 1 1 1 1 1 1 1 1 1 1 1 1 1 1 1 1 1 1 1 1 1 1 1 1 1 1 1 1 1 1 1 1 1 1 1 1 1 1 1 1 1 1 1 1 1 1 1 1 1 1 1 1 1 1 1 1 1 1 1 1 1 1 1 1 1 1 1 1 1 1 1 1 1 1 1 1 1 1 1 1 1 1 1 1 1 1 1 1 1 1 1 1 1 1 1 1 1 1 1 1 1 1 1 1 1 1 1 1 1 1 1 1 1 1 1 1 1 1 1 1 1 1 1 1 1 1 1 1 1 1 1 1 1 1 1 1 1 1 1 1 1 1 1 1 1 1 1 1 1 1 1 1 1 1 1 1 1 1 1 1 1 1 1 1 1 1 1 1 1 1 1 1 1 1 1 1 1 1 1 1 1 1 1 1 1 1 1 1 1 1 1 1 1 1 1 1 1 1 1 1 1 1 1 1 1 1 1 1 1 1 1 1 1 1 1 1 1 1 1 1 1 1 1 1 1 1 1 1 1 1 1 1 1 1 1 1 1 1 1 1 1 1 1 1 1 1 1 1 1 1 1 1 1 1 1 1 1 1 1 1 1 1 1 1 1 1 1 1 1 1 1 1 1 1 1 1 1 1 1 1 1 1 1 1 1 1 1 1 1 1 1 1 1 1 1 1 1 1 1 1 1 1 1 1 1 1 1 1 1 1 1 1 1 1 1 1 1 1 1 1 1 1 1 1 1 1 1 1 1 1 1 1 1 1 1 1 1 1 1 1 1 1 1 1 1 1 1 1 1 1 1 1 1 1 1 1 1 1 1 1 1 1 1 1 1 1 1 1 1 1 1 1 1 1 1 1 1 1 1 1 1 1 1 1 1 1 1 1 1 1 1 1 1 1 1 1 1 1 1 1 1 1 1 1 1 1 1 1 1 1 1 1 1 1 1 1 1 1 1 1 1 1 1 1 1 1 1 1 1 1 1 1 1 1 1 1 1 1 1 1 1 1 1 1 1 1 1 1 1 1 1 1 1 1 1 1 1 1 1 1 1 1 1 1 1 1 1 1 1 1 1 1 1 1 1 1 1 1 1 1 1 1 1 1 1 1 1 1 1 1 1 1 1 1 1 1 1 1 1 1 1 1 1 1 1 1 1 1 1 1 1 1 1 1 1 1 1 1 1 1 1 1 1 1 1 1 1 1 1 1 1 1 1 1 1 1 1 1 1 1 1 1 1 1 1 1 1 1 1 1 1 1 1 1 1 1 1 1 1 1 1 1 1 1 1 1 1 1 1 1 1 1 1 1 1 1 1 1 1 1 1 1 1 1 1 1 1 1 1 1 1 1 1 1 1 1 1 1 1 1 1 1 1 1 1 1 1 1 1 1 1 1 1 1 1 1 1 1 1 1 1 1 1 1 1 1 1 1 1 1 1 1 1 1 1 1 1 1 1 1 1 1 1 1 1 1 1 1 1 1 1 1 1 1 1 1 1 1 1 1 1 1 1 1 1 1 1 1 1 1 1 1 1 1 1 1 1 1 1 1 1 1 1 1 1 1 1 1 1 1 1 1 1 1 1 1 1 1 1 1 1 1 1 1 1 1 1 1 1 1 1 1 1 1 1 1 1 1 1 1 1 1 1 1 1 1 1 1 1 1 1 1 1 1 1 1 1 1 1 1 1 1 1 1 1 1 1 1 1 1 1 1 1 1 1 1 1 1 1 1 1 1 1 1 1 1 1 1 1 1 1 1 1 1 1 1 1 1 1 1 1 1 1 1 1 1 1 1 1 1 1 1 1 1 1 1 1 1 1 1 1 1 1 1 1 1 1 1 1 1 1 1 1 1 1 1 1 1 1 1 1 1 1 1 1 1 1 1 1 1 1 1 1 1 1 1 1 1 1 1 1 1 1 1 1 1 1 1 1 1 1 1 1 1 1 1 1 1 1 1 1 1 1 1 1 1 1 1 1 1 1 1 1 1 1 1 1 1 1 1 1 1 1 1 1 1 1 1 1 1 1 1 1 1 1 1 1 1 1 1 1 1 1 1 1 1 1 1 1 1 1 1 1 1 1 1 1 1 1 1 1 1 1 1 1 1 1 1 1 1 1 1 1 1 1 1 1 1 1 1 1 1 1 1 1 1 1 1 1 1 1 1 1 1 1 1 1 1 1 1 1 1 1 1 1 1 1 1 1 1 1 1 1 1 1 1 1 1 1 1 1 1 1 1 1 1 1 1 1 1 1 1 1 1 1 1 1 1 1 1 1 1 1 1 1 1 1 1 1 1 1 1 1 1 1 1 1 1 1 1 1 1 1 1 1 1 1 1 1 1 1 1 1 1 1 1 1 1 1 1 1 1 1 1 1 1 1 1 1 1 1 1 1 1 1 1 1 1 1 1 1 1 1 1 1 1 1 1 1 1 1 1 1 1 1 1 1 1 1 1 1 1 1 1 1 1 1 1 1 1 1 1 1 1 1 1 1 1 1 1 1 1 1 1 1 1 1 1 1 1 1 1 1 1 1 1 1 1 1 1 1 1 1 1 1 1 1 1 1 1 1 1 1 1 1 1 1 1 1 1 1 1 1 1 1 1 1 1 1 1 1 1 1 1 1 1 1 1 1 1 1 1 1 1 1 1 1 1 1 1 1 1 1 1 1 1 1 1 1 1 1 1 1 1 1 1 1 1 1 1 1 1 1 1 1 1 1 1 1 1 1 1 1 1 1 1 1 1 1 1 1 1 1 1 1 1 1 1 1 1 1 1 1 1 1 1 1 1 1 1 1 1 1 1 1 1 1 1 1 1 1 1 1 1 1 1 1 1 1 1 1 1 1 1 1 1 1 1 1 1 1 1 1 1 1 1 1 1 1 1 1 1 1 1 1 1 1 1 1 1 1 1 1 1 1 1 1 1 1 1 1 1 1 1 1 1 1 1 1 1 1 1 1 1 1 1 1 1 1 1 1 1 1 1 1 1 1 1 1 1 1 1 1 1 1 1 1 1 1 1 1 1 1 1 1 1 1 1 1 1 1 1 1 1 1 1 1 1 1 1 1 1 1 1 1 1 1 1 1 1 1 1 1 1 1 1 1 1 1 1 1 1 1 1 1 1 1 1 1 1 1 1 1 1 1 1 1 1 1 1 1 1 1 1 1 1 1 1 1 1 1 1 1 1 1 1 1 1 1 1 1 1 1 1 1 1 1 1 1 1 1 1 1 1 1 1 1 1 1 1 1 1 1 1 1 1 1 1 1 1 1 1 1 1 1 1 1 1 1 1 1 1 1 1 1 1 1 1 1 1 1 1 1 1 1 1 1 1 1 1 1 1 1 1 1 1 1 1 1 1 1 1 1 1 1 1 1 1 1 1 1 1 1 1 1 1 1 1 1 1 1 1 1 1 1 1 1 1 1 1 1 1 1 1 1 1 1 1 1 1 1 1 1 1 1 1 1 1 1 1 1 1 1 1 1 1 1 1 1 1 1 1 1 1 1 1 1 1 1 1 1 1 1 1 1 1 1 1 1 1 1 1 1 1 1 1 1 1 1 1 1 1 1 1 1 1 1 1 1 1 1 1 1 1 1 1 1 1 1 1 1 1 1 1 1 1 1 1 1 1 1 1 1 1 1 1 1 1 1 1 1 1 1 1 1 1 1 1 1 1 1 1 1 1 1 1 1 1 1 1 1 1 1 1 1 1 1 1 1 1 1 1 1 1 1 1 1 1 1 1 1 1 1 1 1 1 1 1 1 1 1 1 1 1 1 1 1 1 1 1 1 1 1 1 1 1 1 1 1 1 1 1 1 1 1 1 1 1 1 1 1 1 1 1 1 1 1 1 1 1 1 1 1 1 1 1 1 1 1 1 1 1 1 1 1 1 1 1 1 1 1 1 1 1 1 1 1 1 1 1 1 1 1 1 1 1 1 1 1 1 1 1 1 1 1 1 1 1 1 1 1 1 1 1 1 1 1 1 1 1 1 1 1 1 1 1 1 1 1 1 1 1 1 1 1 1 1 1 1 1 1 1 1 1 1 1 1 1 1 1 1 1 1 1 1 1 1 1 1 1 1 1 1 1 1 1 1 1 1 1 1 1 1 1 1 1 1 1 1 1 1 1 1 1 1 1 1 1 1 1 1 1 1 1 1 1 1 1 1 1 1 1 1 1 1 1 1 1 1 1 1 1 1 1 1 1 1 1 1 1 1 1 1 1 1 1 1 1 1 1 1 1 1 1 1 1 1 1 1 1 1 1 1 1 1 1 1 1 1 1 1 1 1 1 1 1 1 1 1 1 1 1 1 1 1 1 1 1 1 1 1 1 1 1 1 1 1 1 1 1 1 1 1 1 1 1 1 1 1 1 1 1 1 1 1 1 1 1 1 1 1 1 1 1 1 1 1 1 1 1 1 1 1 1 1 1 1 1 1 1 1 1 1 1 1 1 1 1 1 1 1 1 1 1 1 1 1 1 1 1 1 1 1 1 1 1 1 1 1 1 1 1 1 1 1 1 1 1 1 1 1 1 1 1 1 1 1 1 1 1 1 1 1 1 1 1 1 1 1 1 1 1 1 1 1 1 1 1 1 1 1 1 1 1 1 1 1 1 1 1 1 1 1 1 1 1 1 1 1 1 1 1 1 1 1 1 1 1 1 1 1 1 1 1 1 1 1 1 1 1 1 1 1 1 1 1 1 1 1 1 1 1 1 1 1 1 1 1 1 1 1 1 1 1 1 1 1 1 1 1 1 1 1 1 1 1 1 1 1 1 1 1 1 1 1 1 1 1 1 1 1 1 1 1 1 1 1 1 1 1 1 1 1 1 1 1 1 1 1 1 1 1 1 1 1 1 1 1 1 1 1 1 1 1 1 1 1 1 1 1 1 1 1 1 1 1 1 1 1 1 1 1 1 1 1 1 1 1 1 1 1 1 1 1 1 1 1 1 1 1 1 1 1 1 1 1 1 1 1 1 1 1 1 1 1 1 1 1 1 1 1 1 1 1 1 1 1 1 1 1 1 1 1 1 1 1 1 1 1 1 1 1 1 1 1 1 1 1 1 1 1 1 1 1 1 1 1 1 1 1 1 1 1 1 1 1 1 1 1 1 1 1 1 1 1 1 1 1 1 1 1 1 1 1 1 1 1 1 1 1 1 1 1 1 1 1 1 1 1 1 1 1 1 1 1 1 1 1 1 1 1 1 1 1 1 1 1 1 1 1 1 1 1 1 1 1 1 1 1 1 1 1 1 1 1 1 1 1 1 1 1 1 1 1 1 1 1 1 1 1 1 1 1 1 1 1 1 1 1 1 1 1 1 1 1 1 1 1 1 1 1 1 1 1 1 1 1 1 1 1 1 1 1 1 1 1 1 1 1 1 1 1 1 1 1 1 1 1 1 1 1 1 1 1 1 1 1 1 1 1 1 1 1 1 1 1 1 1 1 1 1 1 1 1 1 1 1 1 1 1 1 1 1 1 1 1 1 1 1 1 1 1 1 1 1 1 1 1 1 1 1 1 1 1 1 1 1 1 1 1 1 1 1 1 1 1 1 1 1 1 1 1 1 1 1 1 1 1 1 1 1 1 1 1 1 1 1 1 1 1 1 1 1 1 1 1 1 1 1 1 1 1 1 1 1 1 1 1 1 1 1 1 1 1 1 1 1 1 1 1 1 1 1 1 1 1 1 1 1 1 1 1 1 1 1 1 1 1 1 1 1 1 1 1 1 1 1 1 1 1 1 1 1 1 1 1 1 1 1 1 1 1 1 1 1 1 1 1 1 1 1 1 1 1 1 1 1 1 1 1 1 1 1 1 1 1 1 1 1 1 1 1 1 1 1 1 1 1 1 1 1 1 1 1 1 1 1 1 1 1 1 1 1 1 1 1 1 1 1 1 1 1 1 1 1 1 1 1 1 1 1 1 1 1 1 1 1 1 1 1 1 1 1 1 1 1 1 1 1 1 1 1 1 1 1 1 1 1 1 1 1 1 1 1 1 1 1 1 1 1 1 1 1 1 1 1 1 1 1 1 1 1 1 1 1 1 1 1 1 1 1 1 1 1 1 1 1 1 1 1 1 1 1 1 1 1 1 1 1 1 1 1 1 1 1 1 1 1 1 1 1 1 1 1 1 1 1 1 1 1 1 1 1 1 1 1 1 1 1 1 1 1 1 1 1 1 1 1 1 1 1 1 1 1 1 1 1 1 1 1 1 1 1 1 1 1 1 1 1 1 1 1 1 1 1 1 1 1 1 1 1 1 1 1 1 1 1 1 1 1 1 1 1 1 1 1 1 1 1 1 1 1 1 1 1 1 1 1 1 1 1 1 1 1 1 1 1 1 1 1 1 1 1 1 1 1 1 1 1 1 1 1 1 1 1 1 1 1 1 1 1 1 1 1 1 1 1 1 1 1 1 1 1 1 1 1 1 1 1 1 1 1 1 1 1 1 1 1 1 1 1 1 1 1 1 1 1 1 1 1 1 1 1 1 1 1 1 1 1 1 1 1 1 1 1 1 1 1 1 1 1 1 1 1 1 1 1 1 1 1 1 1 1 1 1 1 1 1 1 1 1 1 1 1 1 1 1 1 1 1 1 1 1 1 1 1 1 1 1 1 1 1 1 1 1 1 1 1 1 1 1 1 1 1 1 1 1 1 1 1 1 1 1 1 1 1 1 1 1 1 1 1 1 1 1 1 1 1 1 1 1 1 1 1 1 1 1 1 1 1 1 1 1 1 1 1 1 1 1 1 1 1 1 1 1 1 1 1 1 1 1 1 1 1 1 1 1 1 1 1 1 1 1 1 1 1 1 1 1 1 1 1 1 1 1 1 1 1 1 1 1 1 1 1 1 1 1 1 1 1 1 1 1 1 1 1 1 1 1 1 1 1 1 1 1 1 1 1 1 1 1 1 1 1 1 1 1 1 1 1 1 1 1 1 1 1 1 1 1 1 1 1 1 1 1 1 1 1 1 1 1 1 1 1 1 1 1 1 1 1 1 1 1 1 1 1 1 1 1 1 1 1 1 1 1 1 1 1 1 1 1 1 1 1 1 1 1 1 1 1 1 1 1 1 1 1 1 1 1 1 1 1 1 1 1 1 1 1 1 1 1 1 1 1 1 1 1 1 1 1 1 1 1 1 1 1 1 1 1 1 1 1 1 1 1 1 1 1 1 1 1 1 1 1 1 1 1 1 1 1 1 1 1 1 1 1 1 1 1 1 1 1 1 1 1 1 1 1 1 1 1 1 1 1 1 1 1 1 1 1 1 1 1 1 1 1 1 1 1 1 1 1 1 1 1 1 1 1 1 1 1 1 1 1 1 1 1 1 1 1 1 1 1 1 1 1 1 1 1 1 1 1 1 1 1 1 1 1 1 1 1 1 1 1 1 1 1 1 1 1 1 1 1 1 1 1 1 1 1 1 1 1 1 1 1 1 1 1 1 1 1 1 1 1 1 1 1 1 1 1 1 1 1 1 1 1 1 1 1 1 1 1 1 1 1 1 1 1 1 1 1 1 1 1 1 1 1 1 1 1 1 1 1 1 1 1 1 1 1 1 1 1 1 1 1 1 1 1 1 1 1 1 1 1 1 1 1 1 1 1 1 1 1 1 1 1 1 1 1 1 1 1 1 1 1 1 1 1 1 1 1 1 1 1 1 1 1 1 1 1 1 1 1 1 1 1 1 1 1 1 1 1 1 1 1 1 1 1 1 1 1 1 1 1 1 1 1 1 1 1 1 1 1 1 1 1 1 1 1 1 1 1 1 1 1 1 1 1 1 1 1 1 1 1 1 1 1 1 1 1 1 1 1 1 1 1 1 1 1 1 1 1 1 1 1 1 1 1 1 1 1 1 1 1 1 1 1 1 1 1 1 1 1 1 1 1 1 1 1 1 1 1 1 1 1 1 1 1 1 1 1 1 1 1 1 1 1 1 1 1 1 1 1 1 1 1 1 1 1 1 1 1 1 1 1 1 1 1 1 1 1 1 1 1 1 1 1 1 1 1 1 1 1 1 1 1 1 1 1 1 1 1 1 1 1 1 1 1 1 1 1 1 1 1 1 1 1 1 1 1 1 1 1 1 1 1 1 1 1 1 1 1 1 1 1 1 1 1 1 1 1 1 1 1 1 1 1 1 1 1 1 1 1 1 1 1 1 1 1 1 1 1 1 1 1 1 1 1 1 1 1 1 1 1 1 1 1 1 1 1 1 1 1 1 1 1 1 1 1 1 1 1 1 1 1 1 1 1 1 1 1 1 1 1 1 1 1 1 1 1 1 1 1 1 1 1 1 1 1 1 1 1 1 1 1 1 1 1 1 1 1 1 1 1 1 1 1 1 1 1 1 1 1 1 1 1 1 1 1 1 1 1 1 1 1 1 1 1 1 1 1 1 1 1 1 1 1 1 1 1 1 1 1 1 1 1 1 1 1 1 1 1 1 1 1 1 1 1 1 1 1 1 1 1 1 1 1 1 1 1 1 1 1 1 1 1 1 1 1 1 1 1 1 1 1 1 1 1 1 1 1 1 1 1 1 1 1 1 1 1 1 1 1 1 1 1 1 1 1 1 1 1 1 1 1 1 1 1 1 1 1 1 1 1 1 1 1 1 1 1 1 1 1 1 1 1 1 1 1 1 1 1 1 1 1 1 1 1 1 1 1 1 1 1 1 1 1 1 1 1 1 1 1 1 1 1 1 1 1 1 1 1 1 1 1 1 1 1 1 1 1 1 1 1 1 1 1 1 1 1 1 1 1 1 1 1 1 1 1 1 1 1 1 1 1 1 1 1 1 1 1 1 1 1 1 1 1 1 1 1 1 1 1 1 1 1 1 1 1 1 1 1 1 1 1 1 1 1 1 1 1 1 1 1 1 1 1 1 1 1 1 1 1 1 1 1 1 1 1 1 1 1 1 1 1 1 1 1 1 1 1 1 1 1 1 1 1 1 1 1 1 1 1 1 1 1 1 1 1 1 1 1 1 1 1 1 1 1 1 1 1 1 1 1 1 1 1 1 1 1 1 1 1 1 1 1 1 1 1 1 1 1 1 1 1 1 1 1 1 1 1 1 1 1 1 1 1 1 1 1 1 1 1 1 1 1 1 1 1 1 1 1 1 1 1 1 1 1 1 1 1 1 1 1 1 1 1 1 1 1 1 1 1 1 1 1 1 1 1 1 1 1 1 1 1 1 1 1 1 1 1 1 1 1 1 1 1 1 1 1 1 1 1 1 1 1 1 1 1 1 1 1 1 1 1 1 1 1 1 1 1 1 1 1 1 1 1 1 1 1 1 1 1 1 1 1 1 1 1 1 1 1 1 1 1 1 1 1 1 1 1 1 1 1 1 1 1 1 1 1 1 1 1 1 1 1 1 1 1 1 1 1 1 1 1 1 1 1 1 1 1 1 1 1 1 1 1 1 1 1 1 1 1 1 1 1 1 1 1 1 1 1 1 1 1 1 1 1 1 1 1 1 1 1 1 1 1 1 1 1 1 1 1 1 1 1 1 1 1 1 1 1 1 1 1 1 1 1 1 1 1 1 1 1 1 1 1 1 1 1 1 1 1 1 1 1 1 1 1 1 1 1 1 1 1 1 1 1 1 1 1 1 1 1 1 1 1 1 1 1 1 1 1 1 1 1 1 1 1 1 1 1 1 1 1 1 1 1 1 1 1 1 1 1 1 1 1 1 1 1 1 1 1 1 1 1 1 1 1 1 1 1 1 1 1 1 1 1 1 1 1 1 1 1 1 1 1 1 1 1 1 1 1 1 1 1 1 1 1 1 1 1 1 1 1 1 1 1 1 1 1 1 1 1 1 1 1 1 1 1 1 1 1 1 1 1 1 1 1 1 1 1 1 1 1 1 1 1 1 1 1 1 1 1 1 1 1 1 1 1 1 1 1 1 1 1 1 1 1 1 1 1 1 1 1 1 1 1 1 1 1 1 1 1 1 1 1 1 1 1 1 1 1 1 1 1 1 1 1 1 1 1 1 1 1 1 1 1 1 1 1 1 1 1 1 1 1 1 1 1 1 1 1 1 1 1 1 1 1 1 1 1 1 1 1 1 1 1 1 1 1 1 1 1 1 1 1 1 1 1 1 1 1 1 1 1 1 1 1 1 1 1 1 1 1 1 1 1 1 1 1 1 1 1 1 1 1 1 1 1 1 1 1 1 1 1 1 1 1 1 1 1 1 1 1 1 1 1 1 1 1 1 1 1 1 1 1 1 1 1 1 1 1 1 1 1 1 1 1 1 1 1 1 1 1 1 1 1 1 1 1 1 1 1 1 1 1 1 1 1 1 1 1 1 1 1 1 1 1 1 1 1 1 1 1 1 1 1 1 1 1 1 1 1 1 1 1 1 1 1 1 1 1 1 1 1 1 1 1 1 1 1 1 1 1 1 1 1 1 1 1 1 1 1 1 1 1 1 1 1 1 1 1 1 1 1 1 1 1 1 1 1 1 1 1 1 1 1 1 1 1 1 1 1 1 1 1 1 1 1 1 1 1 1 1 1 1 1 1 1 1 1 1 1 1 1 1 1 1 1 1 1 1 1 1 1 1 1 1 1 1 1 1 1 1 1 1 1 1 1 1 1 1 1 1 1 1 1 1 1 1 1 1 1 1 1 1 1 1 1 1 1 1 1 1 1 1 1 1 1 1 1 1 1 1 1 1 1 1 1 1 1 1 1 1 1 1 1 1 1 1 1 1 1 1 1 1 1 1 1 1 1 1 1 1 1 1 1 1 1 1 1 1 1 1 1 1 1 1 1 1 1 1 1 1 1 1 1 1 1 1 1 1 1 1 1 1 1 1 1 1 1 1 1 1 1 1 1 1 1 1 1 1 1 1 1 1 1 1 1 1 1 1 1 1 1 1 1 1 1 1 1 1 1 1 1 1 1 1 1 1 1 1 1 1 1 1 1 1 1 1 1 1 1 1 1 1 1 1 1 1 1 1 1 1 1 1 1 1 1 1 1 1 1 1 1 1 1 1 1 1 1 1 1 1 1 1 1 1 1 1 1 1 1 1 1 1 1 1 1 1 1 1 1 1 1 1 1 1 1 1 1 1 1 1 1 1 1 1 1 1 1 1 1 1 1 1 1 1 1 1 1 1 1 1 1 1 1 1 1 1 1 1 1 1 1 1 1 1 1 1 1 1 1 1 1 1 1 1 1 1 1 1 1 1 1 1 1 1 1 1 1 1 1 1 1 1 1 1 1 1 1 1 1 1 1 1 1 1 1 1 1 1 1 1 1 1 1 1 1 1 1 1 1 1 1 1 1 1 1 1 1 1 1 1 1 1 1 1 1 1 1 1 1 1 1 1 1 1 1 1 1 1 1 1 1 1 1 1 1 1 1 1 1 1 1 1 1 1 1 1 1 1 1 1 1 1 1 1 1 1 1 1 1 1 1 1 1 1 1 1 1 1 1 1 1 1 1 1 1 1 1 1 1 1 1 1 1 1 1 1 1 1 1 1 1 1 1 1 1 1 1 1 1 1 1 1 1 1 1 1 1 1 1 1 1 1 1 1 1 1 1 1 1 1 1 1 1 1 1 1 1 1 1 1 1 1 1 1 1 1 1 1 1 1 1 1 1 1 1 1 1 1 1 1 1 1 1 1 1 1 1 1 1 1 1 1 1 1 1 1 1 1 1 1 1 1 1 1 1 1 1 1 1 1 1 1 1 1 1 1 1 1 1 1 1 1 1 1 1 1 1 1 1 1 1 1 1 1 1 1 1 1 1 1 1 1 1 1 1 1 1 1 1 1 1 1 1 1 1 1 1 1 1 1 1 1 1 1 1 1 1 1 1 1 1 1 1 1 1 1 1 1 1 1 1 1 1 1 1 1 1 1 1 1 1 1 1 1 1 1 1 1 1 1 1 1 1 1 1 1 1 1 1 1 1 1 1 1 1 1 1 1 1 1 1 1 1 1 1 1 1 1 1 1 1 1 1 1 1 1 1 1 1 1 1 1 1 1 1 1 1 1 1 1 1 1 1 1 1 1 1 1 1 1 1 1 1 1 1 1 1 1 1 1 1 1 1 1 1 1 1 1 1 1 1 1 1 1 1 1 1 1 1 1 1 1 1 1 1 1 1 1 1 1 1 1 1 1 1 1 1 1 1 1 1 1 1 1 1 1 1 1 1 1 1 1 1 1 1 1 1 1 1 1 1 1 1 1 1 1 1 1 1 1 1 1 1 1 1 1 1 1 1 1 1 1 1 1 1 1 1 1 1 1 1 1 1 1 1 1 1 1 1 1 1 1 1 1 1 1 1 1 1 1 1 1 1 1 1 1 1 1 1 1 1 1 1 1 1 1 1 1 1 1 1 1 1 1 1 1 1 1 1 1 1 1 1 1 1 1 1 1 1 1 1 1 1 1 1 1 1 1 1 1 1 1 1 1 1 1 1 1 1 1 1 1 1 1 1 1 1 1 1 1 1 1 1 1 1 1 1 1 1 1 1 1 1 1 1 1 1 1 1 1 1 1 1 1 1 1 1 1 1 1 1 1 1 1 1 1 1 1 1 1 1 1 1 1 1 1 1 1 1 1 1 1 1 1 1 1 1 1 1 1 1 1 1 1 1 1 1 1 1 1 1 1 1 1 1 1 1 1 1 1 1 1 1 1 1 1 1 1 1 1 1 1 1 1 1 1 1 1 1 1 1 1 1 1 1 1 1 1 1 1 1 1 1 1 1 1 1 1 1 1 1 1 1 1 1 1 1 1 1 1 1 1 1 1 1 1 1 1 1 1 1 1 1 1 1 1 1 1 1 1 1 1 1 1 1 1 1 1 1 1 1 1 1 1 1 1 1 1 1 1 1 1 1 1 1 1 1 1 1 1 1 1 1 1 1 1 1 1 1 1 1 1 1 1 1 1 1 1 1 1 1 1 1 1 1 1 1 1 1 1 1 1 1 1 1 1 1 1 1 1 1 1 1 1 1 1 1 1 1 1 1 1 1 1 1 1 1 1 1 1 1 1 1 1 1 1 1 1 1 1 1 1 1 1 1 1 1 1 1 1 1 1 1 1 1 1 1 1 1 1 1 1 1 1 1 1 1 1 1 1 1 1 1 1 1 1 1 1 1 1 1 1 1 1 1 1 1 1 1 1 1 1 1 1 1 1 1 1 1 1 1 1 1 1 1 1 1 1 1 1 1 1 1 1 1 1 1 1 1 1 1 1 1 1 1 1 1 1 1 1 1 1 1 1 1 1 1 1 1 1 1 1 1 1 1 1 1 1 1 1 1 1 1 1 1 1 1 1 1 1 1 1 1 1 1 1 1 1 1 1 1 1 1 1 1 1 1 1 1 1 1 1 1 1 1 1 1 1 1 1 1 1 1 1 1 1 1 1 1 1 1 1 1 1 1 1 1 1 1 1 1 1 1 1 1 1 1 1 1 1 1 1 1 1 1 1 1 1 1 1 1 1 1 1 1 1 1 1 1 1 1 1 1 1 1 1 1 1 1 1 1 1 1 1 1 1 1 1 1 1 1 1 1 1 1 1 1 1 1 1 1 1 1 1 1 1 1 1 1 1 1 1 1 1 1 1 1 1 1 1 1 1 1 1 1 1 1 1 1 1 1 1 1 1 1 1 1 1 1 1 1 1 1 1 1 1 1 1 1 1 1 1 1 1 1 1 1 1 1 1 1 1 1 1 1 1 1 1 1 1 1 1 1 1 1 1 1 1 1 1 1 1 1 1 1 1 1 1 1 1 1 1 1 1 1 1 1 1 1 1 1 1 1 1 1 1 1 1 1 1 1 1 1 1 1 1 1 1 1 1 1 1 1 1 1 1 1 1 1 1 1 1 1 1 1 1 1 1 1 1 1 1 1 1 1 1 1 1 1 1 1 1 1 1 1 1 1 1 1 1 1 1 1 1 1 1 1 1 1 1 1 1 1 1 1 1 1 1 1 1 1 1 1 1 1 1 1 1 1 1 1 1 1 1 1 1 1 1 1 1 1 1 1 1 1 1 1 1 1 1 1 1 1 1 1 1 1 1 1 1 1 1 1 1 1 1 1 1 1 1 1 1 1 1 1 1 1 1 1 1 1 1 1 1 1 1 1 1 1 1 1 1 1 1 1 1 1 1 1 1 1 1 1 1 1 1 1 1 1 1 1 1 1 1 1 1 1 1 1 1 1 1 1 1 1 1 1 1 1 1 1 1 1 1 1 1 1 1 1 1 1 1 1 1 1 1 1 1 1 1 1 1 1 1 1 1 1 1 1 1 1 1 1 1 1 1 1 1 1 1 1 1 1 1 1 1 1 1 1 1 1 1 1 1 1 1 1 1 1 1 1 1 1 1 1 1 1 1 1 1 1 1 1 1 1 1 1 1 1 1 1 1 1 1 1 1 1 1 1 1 1 1 1 1 1 1 1 1 1 1 1 1 1 1 1 1 1 1 1 1 1 1 1 1 1 1 1 1 1 1 1 1 1 1 1 1 1 1 1 1 1 1 1 1 1 1 1 1 1 1 1 1 1 1 1 1 1 1 1 1 1 1 1 1 1 1 1 1 1 1 1 1 1 1 1 1 1 1 1 1 1 1 1 1 1 1 1 1 1 1 1 1 1 1 1 1 1 1 1 1 1 1 1 1 1 1 1 1 1 1 1 1 1 1 1 1 1 1 1 1 1 1 1 1 1 1 1 1 1 1 1 1 1 1 1 1 1 1 1 1 1 1 1 1 1 1 1 1 1 1 1 1 1 1 1 1 1 1 1 1 1 1 1 1 1 1 1 1 1 1 1 1 1 1 1 1 1 1 1 1 1 1 1 1 1 1 1 1 1 1 1 1 1 1 1 1 1 1 1 1 1 1 1 1 1 1 1 1 1 1 1 1 1 1 1 1 1 1 1 1 1 1 1 1 1 1 1 1 1 1 1 1 1 1 1 1 1 1 1 1 1 1 1 1 1 1 1 1 1 1 1 1 1 1 1 1 1 1 1 1 1 1 1 1 1 1 1 1 1 1 1 1 1 1 1 1 1 1 1 1 1 1 1 1 1 1 1 1 1 1 1 1 1 1 1 1 1 1 1 1 1 1 1 1 1 1 1 1 1 1 1 1 1 1 1 1 1 1 1 1 1 1 1 1 1 1 1 1 1 1 1 1 1 1 1 1 1 1 1 1 1 1 1 1 1 1 1 1 1 1 1 1 1 1 1 1 1 1 1 1 1 1 1 1 1 1 1 1 1 1 1 1 1 1 1 1 1 1 1 1 1 1 1 1 1 1 1 1 1 1 1 1 1 1 1 1 1 1 1 1 1 1 1 1 1 1 1 1 1 1 1 1 1 1 1 1 1 1 1 1 1 1 1 1 1 1 1 1 1 1 1 1 1 1 1 1 1 1 1 1 1 1 1 1 1 1 1 1 1 1 1 1 1 1 1 1 1 1 1 1 1 1 1 1 1 1 1 1 1 1 1 1 1 1 1 1 1 1 1 1 1 1 1 1 1 1 1 1 1 1 1 1 1 1 1 1 1 1 1 1 1 1 1 1 1 1 1 1 1 1 1 1 1 1 1 1 1 1 1 1 1 1 1 1 1 1 1 1 1 1 1 1 1 1 1 1 1 1 1 1 1 1 1 1 1 1 1 1 1 1 1 1 1 1 1 1 1 1 1 1 1 1 1 1 1 1 1 1 1 1 1 1 1 1 1 1 1 1 1 1 1 1 1 1 1 1 1 1 1 1 1 1 1 1 1 1 1 1 1 1 1 1 1 1 1 1 1 1 1 1 1 1 1 1 1 1 1 1 1 1 1 1 1 1 1 1 1 1 1 1 1 1 1 1 1 1 1 1 1 1 1 1 1 1 1 1 1 1 1 1 1 1 1 1 1 1 1 1 1 1 1 1 1 1 1 1 1 1 1 1 1 1 1 1 1 1 1 1 1 1 1 1 1 1 1 1 1 1 1 1 1 1 1 1 1 1 1 1 1 1 1 1 1 1 1 1 1 1 1 1 1 1 1 1 1 1 1 1 1 1 1 1 1 1 1 1 1 1 1 1 1 1 1 1 1 1 1 1 1 1 1 1 1 1 1 1 1 1 1 1 1 1 1 1 1 1 1 1 1 1 1 1 1 1 1 1 1 1 1 1 1 1 1 1 1 1 1 1 1 1 1 1 1 1 1 1 1 1 1 1 1 1 1 1 1 1 1 1 1 1 1 1 1 1 1 1 1 1 1 1 1 1 1 1 1 1 1 1 1 1 1 1 1 1 1 1 1 1 1 1 1 1 1 1 1 1 1 1 1 1 1 1 1 1 1 1 1 1 1 1 1 1 1 1 1 1 1 1 1 1 1 1 1 1 1 1 1 1 1 1 1 1 1 1 1 1 1 1 1 1 1 1 1 1 1 1 1 1 1 1 1 1 1 1 1 1 1 1 1 1 1 1 1 1 1 1 1 1 1 1 1 1 1 1 1 1 1 1 1 1 1 1 1 1 1 1 1 1 1 1 1 1 1 1 1 1 1 1 1 1 1 1 1 1 1 1 1 1 1 1 1 1 1 1 1 1 1 1 1 1 1 1 1 1 1 1 1 1 1 1 1 1 1 1 1 1 1 1 1 1 1 1 1 1 1 1 1 1 1 1 1 1 1 1 1 1 1 1 1 1 1 1 1 1 1 1 1 1 1 1 1 1 1 1 1 1 1 1 1 1 1 1 1 1 1 1 1 1 1 1 1 1 1 1 1 1 1 1 1 1 1 1 1 1 1 1 1 1 1 1 1 1 1 1 1 1 1 1 1 1 1 1 1 1 1 1 1 1 1 1 1 1 1 1 1 1 1 1 1 1 1 1 1 1 1 1 1 1 1 1 1 1 1 1 1 1 1 1 1 1 1 1 1 1 1 1 1 1 1 1 1 1 1 1 1 1 1 1 1 1 1 1 1 1 1 1 1 1 1 1 1 1 1 1 1 1 1 1 1 1 1 1 1 1 1 1 1 1 1 1 1 1 1 1 1 1 1 1 1 1 1 1 1 1 1 1 1 1 1 1 1 1 1 1 1 1 1 1 1 1 1 1 1 1 1 1 1 1 1 1 1 1 1 1 1 1 1 1 1 1 1 1 1 1 1 1 1 1 1 1 1 1 1 1 1 1 1 1 1 1 1 1 1 1 1 1 1 1 1 1 1 1 1 1 1 1 1 1 1 1 1 1 1 1 1 1 1 1 1 1 1 1 1 1 1 1 1 1 1 1 1 1 1 1 1 1 1 1 1 1 1 1 1 1 1 1 1 1 1 1 1 1 1 1 1 1 1 1 1 1 1 1 1 1 1 1 1 1 1 1 1 1 1 1 1 1 1 1 1 1 1 1 1 1 1 1 1 1 1 1 1 1 1 1 1 1 1 1 1 1 1 1 1 1 1 1 1 1 1 1 1 1 1 1 1 1 1 1 1 1 1 1 1 1 1 1 1 1 1 1 1 1 1 1 1 1 1 1 1 1 1 1 1 1 1 1 1 1 1 1 1 1 1 1 1 1 1 1 1 1 1 1 1 1 1 1 1 1 1 1 1 1 1 1 1 1 1 1 1 1 1 1 1 1 1 1 1 1 1 1 1 1 1 1 1 1 1 1 1 1 1 1 1 1 1 1 1 1 1 1 1 1 1 1 1 1 1 1 1 1 1 1 1 1 1 1 1 1 1 1 1 1 1 1 1 1 1 1 1 1 1 1 1 1 1 1 1 1 1 1 1 1 1 1 1 1 1 1 1 1 1 1 1 1 1 1 1 1 1 1 1 1 1 1 1 1 1 1 1 1 1 1 1 1 1 1 1 1 1 1 1 1 1 1 1 1 1 1 1 1 1 1 1 1 1 1 1 1 1 1 1 1 1 1 1 1 1 1 1 1 1 1 1 1 1 1 1 1 1 1 1 1 1 1 1 1 1 1 1 1 1 1 1 1 1 1 1 1 1 1 1 1 1 1 1 1 1 1 1 1 1 1 1 1 1 1 1 1 1 1 1 1 1 1 1 1 1 1 1 1 1 1 1 1 1 1 1 1 1 1 1 1 1 1 1 1 1 1 1 1 1 1 1 1 1 1 1 1 1 1 1 1 1 1 1 1 1</float_array>
          <technique_common>
            <accessor source="#Cubo_143-mesh-colors-Col-array" count="2322" stride="4">
              <param name="R" type="float"/>
              <param name="G" type="float"/>
              <param name="B" type="float"/>
              <param name="A" type="float"/>
            </accessor>
          </technique_common>
        </source>
        <vertices id="Cubo_143-mesh-vertices">
          <input semantic="POSITION" source="#Cubo_143-mesh-positions"/>
        </vertices>
        <triangles material="A-exturas_soninké_009-material" count="774">
          <input semantic="VERTEX" source="#Cubo_143-mesh-vertices" offset="0"/>
          <input semantic="NORMAL" source="#Cubo_143-mesh-normals" offset="1"/>
          <input semantic="TEXCOORD" source="#Cubo_143-mesh-map-0" offset="2" set="0"/>
          <input semantic="TEXCOORD" source="#Cubo_143-mesh-map-1" offset="2" set="1"/>
          <input semantic="TEXCOORD" source="#Cubo_143-mesh-map-2" offset="2" set="2"/>
          <input semantic="COLOR" source="#Cubo_143-mesh-colors-Col" offset="3" set="0"/>
          <p>2 0 0 0 0 1 1 1 1 2 2 2 4 3 3 3 0 1 4 4 2 0 5 5 4 4 6 6 3 5 7 7 0 6 8 8 2 7 9 9 5 7 10 10 4 7 11 11 6 8 12 12 4 9 13 13 5 10 14 14 6 8 15 15 3 11 16 16 4 9 17 17 7 12 18 18 6 8 19 19 5 10 20 20 10 13 21 21 8 14 22 22 7 12 23 23 7 12 24 24 5 10 25 25 9 15 26 26 10 13 27 27 7 12 28 28 9 15 29 29 9 16 30 30 11 16 31 31 10 16 32 32 12 17 33 33 10 13 34 34 11 18 35 35 12 17 36 36 8 14 37 37 10 13 38 38 14 19 39 39 13 20 40 40 12 17 41 41 14 19 42 42 12 17 43 43 11 18 44 44 14 16 45 45 17 16 46 46 15 16 47 47 15 21 48 48 13 20 49 49 14 19 50 50 11 22 51 51 16 22 52 52 14 22 53 53 17 16 54 54 14 16 55 55 16 16 56 56 19 23 57 57 17 24 58 58 16 25 59 59 18 26 60 60 15 27 61 61 17 24 62 62 19 23 63 63 18 26 64 64 17 24 65 65 20 28 66 66 19 23 67 67 16 25 68 68 20 28 69 69 16 25 70 70 21 29 71 71 22 30 72 72 20 28 73 73 21 29 74 74 23 31 75 75 22 30 76 76 24 32 77 77 22 30 78 78 21 29 79 79 24 32 80 80 24 33 81 81 21 33 82 82 9 33 83 83 26 16 84 84 25 16 85 85 24 16 86 86 23 31 87 87 24 32 88 88 25 34 89 89 26 16 90 90 24 16 91 91 27 16 92 92 27 16 93 93 24 16 94 94 9 16 95 95 27 35 96 96 30 36 97 97 26 37 98 98 28 38 99 99 29 39 100 100 27 35 101 101 27 40 102 102 9 40 103 103 28 40 104 104 27 35 105 105 29 39 106 106 30 36 107 107 30 36 108 108 31 41 109 109 32 42 110 110 30 36 111 111 32 42 112 112 26 37 113 113 33 16 114 114 34 16 115 115 32 16 116 116 31 41 117 117 33 43 118 118 32 42 119 119 32 16 120 120 25 16 121 121 26 16 122 122 25 16 123 123 32 16 124 124 35 16 125 125 32 16 126 126 34 16 127 127 35 16 128 128 35 44 129 129 23 31 130 130 25 34 131 131 35 16 132 132 38 16 133 133 36 16 134 134 36 45 135 135 37 46 136 136 35 44 137 137 35 44 138 138 37 46 139 139 23 31 140 140 34 16 141 141 38 16 142 142 35 16 143 143 36 16 144 144 38 16 145 145 39 16 146 146 40 47 147 147 39 48 148 148 38 49 149 149 41 50 150 150 40 47 151 151 38 49 152 152 38 16 153 153 34 16 154 154 41 16 155 155 43 51 156 156 41 50 157 157 34 52 158 158 41 50 159 159 42 53 160 160 40 47 161 161 43 51 162 162 42 53 163 163 41 50 164 164 45 54 165 165 44 55 166 166 43 51 167 167 45 54 168 168 43 51 169 169 34 52 170 170 46 16 171 171 45 16 172 172 48 16 173 173 46 56 174 174 44 55 175 175 45 54 176 176 45 16 177 177 34 16 178 178 33 16 179 179 48 16 180 180 45 16 181 181 47 16 182 182 47 16 183 183 45 16 184 184 33 16 185 185 50 57 186 186 48 58 187 187 47 59 188 188 49 60 189 189 46 61 190 190 48 58 191 191 50 57 192 192 49 60 193 193 48 58 194 194 51 62 195 195 50 57 196 196 47 59 197 197 51 62 198 198 47 59 199 199 33 43 200 200 31 41 201 201 51 62 202 202 33 43 203 203 49 60 204 204 52 63 205 205 46 61 206 206 46 64 207 207 52 65 208 208 44 66 209 209 40 47 210 210 53 67 211 211 39 48 212 212 53 67 213 213 54 68 214 214 55 69 215 215 53 67 216 216 55 69 217 217 39 48 218 218 56 16 219 219 39 16 220 220 55 16 221 221 55 70 222 222 57 71 223 223 56 72 224 224 55 73 225 225 54 73 226 226 57 74 227 227 56 72 228 228 57 71 229 229 58 75 230 230 60 76 231 231 58 75 232 232 59 77 233 233 56 72 234 234 58 75 235 235 60 76 236 236 36 16 237 237 39 16 238 238 60 16 239 239 60 76 240 240 59 77 241 241 36 45 242 242 60 16 243 243 39 16 244 244 56 16 245 245 36 45 246 246 59 77 247 247 37 46 248 248 28 38 249 249 61 78 250 250 29 39 251 251 62 79 252 252 61 78 253 253 28 38 254 254 62 79 255 255 1 2 256 256 61 78 257 257 28 16 258 258 5 16 259 259 62 16 260 260 2 0 261 261 1 2 262 262 62 79 263 263 62 16 264 264 5 16 265 265 2 16 266 266 28 80 267 267 9 80 268 268 5 80 269 269 21 81 270 270 16 81 271 271 11 81 272 272 9 16 273 273 21 16 274 274 11 16 275 275 18 26 276 276 63 82 277 277 15 27 278 278 15 83 279 279 63 84 280 280 13 85 281 281 69 86 282 282 64 86 283 283 65 86 284 284 66 87 285 285 65 87 286 286 64 87 287 287 68 88 288 288 66 88 289 289 64 88 290 290 69 89 291 291 67 89 292 292 64 89 293 293 68 90 294 294 64 90 295 295 67 90 296 296 71 91 297 297 69 91 298 298 65 91 299 299 71 92 300 300 70 92 301 301 69 92 302 302 70 93 303 303 67 93 304 304 69 93 305 305 70 94 306 306 71 94 307 307 66 94 308 308 66 95 309 309 71 95 310 310 65 95 311 311 70 93 312 312 68 93 313 313 67 93 314 314 70 16 315 315 66 16 316 316 68 16 317 317 72 96 318 318 75 96 319 319 73 96 320 320 72 97 321 321 73 97 322 322 74 97 323 323 76 98 324 324 75 98 325 325 72 98 326 326 76 99 327 327 78 99 328 328 75 99 329 329 78 100 330 330 76 100 331 331 77 100 332 332 78 101 333 333 77 101 334 334 80 101 335 335 79 102 336 336 81 103 337 337 78 104 338 338 79 105 339 339 78 106 340 340 80 105 341 341 81 103 342 342 75 107 343 343 78 104 344 344 81 108 345 345 84 109 346 346 82 110 347 347 81 108 348 348 82 110 349 349 83 111 350 350 81 103 351 351 83 112 352 352 75 107 353 353 84 109 354 354 81 108 355 355 79 113 356 356 84 114 357 357 86 114 358 358 85 114 359 359 82 16 360 360 84 16 361 361 85 16 362 362 84 109 363 363 79 113 364 364 86 115 365 365 79 116 366 366 85 116 367 367 86 116 368 368 87 117 369 369 82 117 370 370 85 117 371 371 85 118 372 372 89 118 373 373 87 118 374 374 79 119 375 375 90 119 376 376 85 119 377 377 85 120 378 378 90 120 379 379 88 120 380 380 85 121 381 381 88 121 382 382 89 121 383 383 88 122 384 384 90 122 385 385 91 122 386 386 91 123 387 387 90 123 388 388 79 123 389 389 91 124 390 390 79 124 391 391 80 124 392 392 88 125 393 393 91 125 394 394 93 125 395 395 91 126 396 396 94 126 397 397 92 126 398 398 91 127 399 399 92 127 400 400 93 127 401 401 77 128 402 402 94 128 403 403 91 128 404 404 77 129 405 405 91 129 406 406 80 129 407 407 95 130 408 408 88 131 409 409 93 132 410 410 95 130 411 411 93 132 412 412 97 133 413 413 96 134 414 414 97 134 415 415 93 134 416 416 96 135 417 417 93 135 418 418 92 135 419 419 98 136 420 420 95 130 421 421 97 133 422 422 98 137 423 423 97 138 424 424 100 137 425 425 99 139 426 426 100 139 427 427 97 139 428 428 99 140 429 429 97 140 430 430 96 140 431 431 73 141 432 432 98 141 433 433 100 141 434 434 99 142 435 435 73 142 436 436 100 142 437 437 99 143 438 438 74 143 439 439 73 143 440 440 73 144 441 441 103 144 442 442 98 144 443 443 98 145 444 444 103 145 445 445 87 145 446 446 98 146 447 447 87 146 448 448 102 146 449 449 98 147 450 450 102 148 451 451 101 149 452 452 98 147 453 453 101 149 454 454 95 150 455 455 83 151 456 456 103 151 457 457 73 151 458 458 87 152 459 459 103 152 460 460 83 152 461 461 101 153 462 462 102 153 463 463 87 153 464 464 89 16 465 465 101 16 466 466 87 16 467 467 95 150 468 468 101 149 469 469 89 154 470 470 95 150 471 471 89 154 472 472 88 155 473 473 87 156 474 474 83 156 475 475 82 156 476 476 83 157 477 477 73 157 478 478 75 157 479 479 104 158 480 480 109 159 481 481 105 160 482 482 104 158 483 483 105 160 484 484 108 161 485 485 104 162 486 486 108 162 487 487 106 163 488 488 104 164 489 489 106 165 490 490 107 164 491 491 104 166 492 492 107 166 493 493 109 166 494 494 109 167 495 495 111 168 496 496 110 168 497 497 109 159 498 498 110 169 499 499 105 160 500 500 111 170 501 501 109 170 502 502 107 170 503 503 111 171 504 504 113 171 505 505 112 171 506 506 111 172 507 507 112 172 508 508 110 172 509 509 111 173 510 510 107 173 511 511 113 173 512 512 107 174 513 513 114 174 514 514 113 174 515 515 114 89 516 516 115 89 517 517 113 89 518 518 115 175 519 519 116 175 520 520 113 175 521 521 112 176 522 522 113 177 523 523 116 177 524 524 116 178 525 525 115 179 526 526 117 180 527 527 116 178 528 528 117 180 529 529 118 181 530 530 112 182 531 531 116 183 532 532 118 183 533 533 119 184 534 534 117 180 535 535 115 179 536 536 119 185 537 537 115 186 538 538 114 185 539 539 114 187 540 540 106 187 541 541 119 187 542 542 114 188 543 543 107 188 544 544 106 188 545 545 129 189 546 546 123 190 547 547 147 191 548 548 128 192 549 549 122 193 550 550 152 194 551 551 166 195 552 552 158 196 553 553 141 197 554 554 129 16 555 555 135 16 556 556 123 16 557 557 134 198 558 558 121 198 559 559 150 198 560 560 123 199 561 561 133 199 562 562 145 199 563 563 158 200 564 564 168 200 565 565 169 200 566 566 120 201 567 567 171 202 568 568 160 203 569 569 133 204 570 570 127 204 571 571 148 204 572 572 196 205 573 573 151 206 574 574 194 207 575 575 159 208 576 576 178 209 577 577 172 210 578 578 127 211 579 579 131 212 580 580 143 213 581 581 140 214 582 582 166 195 583 583 164 215 584 584 144 16 585 585 202 16 586 586 150 16 587 587 141 197 588 588 158 196 589 589 162 216 590 590 124 217 591 591 163 218 592 592 165 219 593 593 156 220 594 594 152 194 595 595 136 221 596 596 195 222 597 597 124 223 598 598 154 224 599 599 125 225 600 600 134 225 601 601 146 225 602 602 174 226 603 603 152 227 604 604 173 228 605 605 172 229 606 606 182 230 607 607 180 231 608 608 137 232 609 609 157 233 610 610 153 234 611 611 165 235 612 612 170 236 613 613 168 237 614 614 175 238 615 615 173 239 616 616 122 240 617 617 174 89 618 618 183 89 619 619 186 89 620 620 172 89 621 621 178 89 622 622 181 89 623 623 178 241 624 624 177 242 625 625 179 243 626 626 171 16 627 627 180 16 628 628 179 16 629 629 173 16 630 630 175 16 631 631 185 16 632 632 176 244 633 633 186 245 634 634 185 246 635 635 174 247 636 636 173 248 637 637 184 249 638 638 161 250 639 639 169 251 640 640 167 252 641 641 130 253 642 642 189 254 643 643 126 255 644 644 138 256 645 645 188 257 646 646 190 258 647 647 157 233 648 648 132 259 649 649 126 260 650 650 187 261 651 651 210 262 652 652 209 263 653 653 203 264 654 654 195 264 655 655 214 264 656 656 191 265 657 657 204 266 658 658 197 267 659 659 128 192 660 660 198 268 661 661 120 269 662 662 192 16 663 663 201 16 664 664 200 16 665 665 121 270 666 666 129 189 667 667 144 271 668 668 201 272 669 669 202 273 670 670 143 213 671 671 196 274 672 672 194 275 673 673 206 276 674 674 199 277 675 675 196 278 676 676 205 279 677 677 199 280 678 678 208 281 679 679 207 282 680 680 198 283 681 681 207 283 682 682 206 284 683 683 190 285 684 684 188 286 685 685 209 287 686 686 189 288 687 687 211 288 688 688 210 289 689 689 189 290 690 690 190 291 691 691 212 292 692 692 197 293 693 693 216 294 694 694 214 295 695 695 204 296 696 696 203 297 697 697 213 298 698 698 204 89 699 699 215 89 700 700 216 89 701 701 129 189 702 702 147 191 703 703 144 271 704 704 128 192 705 705 152 194 706 706 156 220 707 707 166 195 708 708 141 197 709 709 164 215 710 710 131 299 711 711 200 299 712 712 201 299 713 713 200 300 714 714 131 300 715 715 139 300 716 716 139 301 717 717 127 301 718 718 138 301 719 719 131 302 720 720 127 302 721 721 139 302 722 722 142 16 723 723 121 16 724 724 159 16 725 725 159 16 726 726 134 16 727 727 141 16 728 728 141 303 729 729 134 303 730 730 164 303 731 731 164 304 732 732 125 304 733 733 140 304 734 734 140 16 735 735 125 16 736 736 191 16 737 737 191 305 738 738 125 305 739 739 192 305 740 740 127 306 741 741 133 306 742 742 138 306 743 743 138 16 744 744 133 16 745 745 137 16 746 746 164 16 747 747 134 16 748 748 125 16 749 749 133 16 750 750 136 16 751 751 137 16 752 752 123 16 753 753 136 16 754 754 133 16 755 755 159 307 756 756 121 307 757 757 134 307 758 758 123 16 759 759 135 16 760 760 136 16 761 761 142 16 762 762 135 16 763 763 121 16 764 764 121 308 765 765 135 308 766 766 129 308 767 767 134 309 768 768 150 309 769 769 146 309 770 770 123 310 771 771 145 310 772 772 147 310 773 773 168 311 774 774 158 311 775 775 166 311 776 776 158 89 777 777 169 89 778 778 162 89 779 779 161 312 780 780 160 313 781 781 177 314 782 782 177 315 783 783 160 203 784 784 171 202 785 785 171 202 786 786 120 201 787 787 151 316 788 788 133 317 789 789 148 317 790 790 145 317 791 791 151 206 792 792 196 205 793 793 142 318 794 794 142 319 795 795 199 320 796 796 135 321 797 797 196 205 798 798 199 322 799 799 142 318 800 800 135 321 801 801 199 320 802 802 156 220 803 803 156 220 804 804 199 320 805 805 198 268 806 806 161 312 807 807 177 314 808 808 162 323 809 809 162 323 810 810 178 209 811 811 159 208 812 812 159 324 813 813 172 325 814 814 142 326 815 815 142 326 816 816 172 325 817 817 151 316 818 818 151 316 819 819 172 325 820 820 171 202 821 821 178 209 822 822 162 323 823 823 177 314 824 824 127 211 825 825 143 213 826 826 148 327 827 827 165 219 828 828 166 328 829 829 154 329 830 830 154 329 831 831 166 328 832 832 140 330 833 833 150 331 834 834 193 331 835 835 146 331 836 836 146 16 837 837 193 16 838 838 149 16 839 839 193 16 840 840 150 16 841 841 202 16 842 842 202 332 843 843 144 332 844 844 143 332 845 845 143 333 846 846 145 333 847 847 148 333 848 848 147 334 849 849 145 334 850 850 143 334 851 851 147 335 852 852 143 335 853 853 144 335 854 854 141 336 855 855 162 323 856 856 159 208 857 857 124 217 858 858 165 219 859 859 154 329 860 860 156 220 861 861 136 221 862 862 135 321 863 863 155 337 864 864 130 253 865 865 203 338 866 866 203 339 867 867 124 223 868 868 195 222 869 869 130 253 870 870 124 340 871 871 203 338 872 872 125 341 873 873 146 341 874 874 149 341 875 875 152 227 876 876 174 226 877 877 136 342 878 878 136 343 879 879 176 344 880 880 137 345 881 881 174 226 882 882 176 346 883 883 136 342 884 884 137 345 885 885 176 344 886 886 157 347 887 887 157 347 888 888 176 344 889 889 175 238 890 890 172 229 891 891 180 231 892 892 171 348 893 893 137 349 894 894 153 350 895 895 138 351 896 896 170 236 897 897 165 235 898 898 163 352 899 899 165 235 900 900 168 237 901 901 166 353 902 902 175 238 903 903 132 354 904 904 157 347 905 905 132 354 906 906 175 238 907 907 122 240 908 908 122 355 909 909 173 228 910 910 152 227 911 911 174 89 912 912 186 89 913 913 176 89 914 914 172 89 915 915 181 89 916 916 182 89 917 917 178 356 918 918 179 357 919 919 181 358 920 920 171 16 921 921 179 16 922 922 177 16 923 923 173 359 924 924 185 359 925 925 184 359 926 926 176 244 927 927 185 246 928 928 175 360 929 929 174 361 930 930 184 362 931 931 183 363 932 932 169 251 933 933 161 250 934 934 162 364 935 935 161 365 936 936 167 366 937 937 160 367 938 938 153 368 939 939 126 369 940 940 187 370 941 941 187 371 942 942 126 255 943 943 189 254 944 944 189 254 945 945 130 253 946 946 155 337 947 947 138 372 948 948 190 373 949 949 139 374 950 950 139 374 951 951 190 373 952 952 155 337 953 953 155 337 954 954 190 373 955 955 189 254 956 956 188 257 957 957 153 368 958 958 187 370 959 959 188 257 960 960 138 256 961 961 153 368 962 962 157 233 963 963 126 260 964 964 153 234 965 965 187 261 966 966 209 263 967 967 188 375 968 968 203 16 969 969 214 16 970 970 213 16 971 971 139 374 972 972 204 266 973 973 200 376 974 974 200 376 975 975 204 266 976 976 191 265 977 977 191 377 978 978 197 378 979 979 140 379 980 980 140 379 981 981 197 378 982 982 154 224 983 983 154 224 984 984 197 378 985 985 195 222 986 986 204 266 987 987 155 337 988 988 203 338 989 989 204 266 990 990 139 374 991 991 155 337 992 992 151 206 993 993 120 380 994 994 194 207 995 995 194 381 996 996 120 269 997 997 198 268 998 998 198 268 999 999 128 192 1000 1000 156 220 1001 1001 192 16 1002 1002 200 16 1003 1003 191 16 1004 1004 121 270 1005 1005 144 271 1006 1006 150 382 1007 1007 125 383 1008 1008 149 384 1009 1009 192 385 1010 1010 192 385 1011 1011 193 386 1012 1012 201 272 1013 1013 149 384 1014 1014 193 386 1015 1015 192 385 1016 1016 201 272 1017 1017 143 213 1018 1018 131 212 1019 1019 202 273 1020 1020 201 272 1021 1021 193 386 1022 1022 196 387 1023 1023 206 388 1024 1024 205 389 1025 1025 199 277 1026 1026 205 279 1027 1027 208 390 1028 1028 199 280 1029 1029 207 282 1030 1030 198 391 1031 1031 198 392 1032 1032 206 393 1033 1033 194 393 1034 1034 190 285 1035 1035 209 287 1036 1036 212 394 1037 1037 189 395 1038 1038 210 396 1039 1039 187 396 1040 1040 189 397 1041 1041 212 398 1042 1042 211 399 1043 1043 197 293 1044 1044 214 295 1045 1045 195 400 1046 1046 204 401 1047 1047 213 402 1048 1048 215 403 1049 1049 204 404 1050 1050 216 404 1051 1051 197 404 1052 1052 222 89 1053 1053 218 89 1054 1054 217 89 1055 1055 219 405 1056 1056 217 405 1057 1057 218 405 1058 1058 221 406 1059 1059 217 406 1060 1060 219 406 1061 1061 222 89 1062 1062 217 89 1063 1063 220 89 1064 1064 221 406 1065 1065 220 406 1066 1066 217 406 1067 1067 224 407 1068 1068 218 407 1069 1069 222 407 1070 1070 224 407 1071 1071 222 407 1072 1072 223 407 1073 1073 223 408 1074 1074 222 408 1075 1075 220 408 1076 1076 224 16 1077 1077 221 16 1078 1078 219 16 1079 1079 219 405 1080 1080 218 405 1081 1081 224 405 1082 1082 224 16 1083 1083 223 16 1084 1084 221 16 1085 1085 223 408 1086 1086 220 408 1087 1087 221 408 1088 1088 230 89 1089 1089 226 89 1090 1090 225 89 1091 1091 227 405 1092 1092 225 405 1093 1093 226 405 1094 1094 229 406 1095 1095 225 406 1096 1096 227 406 1097 1097 230 89 1098 1098 225 89 1099 1099 228 89 1100 1100 229 406 1101 1101 228 406 1102 1102 225 406 1103 1103 232 407 1104 1104 226 407 1105 1105 230 407 1106 1106 232 407 1107 1107 230 407 1108 1108 231 407 1109 1109 231 408 1110 1110 230 408 1111 1111 228 408 1112 1112 232 16 1113 1113 229 16 1114 1114 227 16 1115 1115 227 405 1116 1116 226 405 1117 1117 232 405 1118 1118 232 16 1119 1119 231 16 1120 1120 229 16 1121 1121 231 408 1122 1122 228 408 1123 1123 229 408 1124 1124 238 89 1125 1125 234 89 1126 1126 233 89 1127 1127 235 405 1128 1128 233 405 1129 1129 234 405 1130 1130 237 406 1131 1131 233 406 1132 1132 235 406 1133 1133 238 89 1134 1134 233 89 1135 1135 236 89 1136 1136 237 406 1137 1137 236 406 1138 1138 233 406 1139 1139 240 407 1140 1140 234 407 1141 1141 238 407 1142 1142 240 407 1143 1143 238 407 1144 1144 239 407 1145 1145 239 408 1146 1146 238 408 1147 1147 236 408 1148 1148 240 16 1149 1149 237 16 1150 1150 235 16 1151 1151 235 405 1152 1152 234 405 1153 1153 240 405 1154 1154 240 16 1155 1155 239 16 1156 1156 237 16 1157 1157 239 408 1158 1158 236 408 1159 1159 237 408 1160 1160 246 409 1161 1161 242 409 1162 1162 241 409 1163 1163 243 410 1164 1164 241 410 1165 1165 242 410 1166 1166 245 411 1167 1167 241 411 1168 1168 243 411 1169 1169 246 89 1170 1170 241 89 1171 1171 244 89 1172 1172 245 412 1173 1173 244 412 1174 1174 241 412 1175 1175 248 413 1176 1176 242 413 1177 1177 246 413 1178 1178 248 413 1179 1179 246 413 1180 1180 247 413 1181 1181 247 414 1182 1182 246 414 1183 1183 244 414 1184 1184 247 415 1185 1185 243 415 1186 1186 248 415 1187 1187 243 416 1188 1188 242 416 1189 1189 248 416 1190 1190 247 417 1191 1191 244 417 1192 1192 245 417 1193 1193 247 418 1194 1194 245 418 1195 1195 243 418 1196 1196 254 419 1197 1197 250 419 1198 1198 249 419 1199 1199 251 420 1200 1200 249 420 1201 1201 250 420 1202 1202 253 421 1203 1203 249 421 1204 1204 251 421 1205 1205 254 422 1206 1206 249 422 1207 1207 252 422 1208 1208 253 421 1209 1209 252 421 1210 1210 249 421 1211 1211 256 423 1212 1212 250 423 1213 1213 254 423 1214 1214 256 413 1215 1215 254 413 1216 1216 255 413 1217 1217 255 424 1218 1218 254 424 1219 1219 252 424 1220 1220 255 425 1221 1221 251 425 1222 1222 256 425 1223 1223 251 420 1224 1224 250 420 1225 1225 256 420 1226 1226 255 426 1227 1227 252 426 1228 1228 253 426 1229 1229 255 16 1230 1230 253 16 1231 1231 251 16 1232 1232 262 427 1233 1233 258 427 1234 1234 257 427 1235 1235 259 428 1236 1236 257 428 1237 1237 258 428 1238 1238 261 411 1239 1239 257 411 1240 1240 259 411 1241 1241 262 89 1242 1242 257 89 1243 1243 260 89 1244 1244 261 429 1245 1245 260 429 1246 1246 257 429 1247 1247 264 430 1248 1248 258 430 1249 1249 262 430 1250 1250 264 431 1251 1251 262 431 1252 1252 263 431 1253 1253 263 432 1254 1254 262 432 1255 1255 260 432 1256 1256 263 433 1257 1257 259 433 1258 1258 264 433 1259 1259 259 434 1260 1260 258 434 1261 1261 264 434 1262 1262 263 435 1263 1263 260 435 1264 1264 261 435 1265 1265 263 16 1266 1266 261 16 1267 1267 259 16 1268 1268 266 436 1269 1269 265 437 1270 1270 267 438 1271 1271 266 436 1272 1272 267 438 1273 1273 268 439 1274 1274 268 439 1275 1275 267 438 1276 1276 269 440 1277 1277 268 439 1278 1278 269 440 1279 1279 270 441 1280 1280 271 442 1281 1281 268 439 1282 1282 270 441 1283 1283 271 442 1284 1284 272 443 1285 1285 268 439 1286 1286 272 443 1287 1287 266 436 1288 1288 268 439 1289 1289 272 443 1290 1290 273 444 1291 1291 266 436 1292 1292 275 445 1293 1293 274 445 1294 1294 277 445 1295 1295 274 446 1296 1296 275 446 1297 1297 278 446 1298 1298 274 447 1299 1299 278 447 1300 1300 276 447 1301 1301 278 448 1302 1302 281 448 1303 1303 276 448 1304 1304 278 449 1305 1305 275 449 1306 1306 280 449 1307 1307 278 450 1308 1308 280 450 1309 1309 279 450 1310 1310 278 451 1311 1311 279 451 1312 1312 281 451 1313 1313 279 452 1314 1314 277 452 1315 1315 281 452 1316 1316 275 453 1317 1317 277 453 1318 1318 280 453 1319 1319 279 454 1320 1320 280 454 1321 1321 277 454 1322 1322 283 455 1323 1323 282 455 1324 1324 285 455 1325 1325 282 456 1326 1326 283 456 1327 1327 286 456 1328 1328 282 457 1329 1329 286 457 1330 1330 284 457 1331 1331 288 458 1332 1332 285 458 1333 1333 287 458 1334 1334 286 459 1335 1335 288 459 1336 1336 287 459 1337 1337 286 460 1338 1338 287 460 1339 1339 284 460 1340 1340 283 461 1341 1341 288 461 1342 1342 286 461 1343 1343 288 462 1344 1344 289 462 1345 1345 285 462 1346 1346 283 463 1347 1347 289 463 1348 1348 288 463 1349 1349 283 464 1350 1350 285 464 1351 1351 289 464 1352 1352 295 465 1353 1353 291 465 1354 1354 290 465 1355 1355 290 466 1356 1356 291 466 1357 1357 294 466 1358 1358 290 467 1359 1359 294 467 1360 1360 292 467 1361 1361 295 468 1362 1362 290 468 1363 1363 293 468 1364 1364 294 469 1365 1365 291 469 1366 1366 295 469 1367 1367 294 470 1368 1368 295 470 1369 1369 296 470 1370 1370 296 471 1371 1371 295 471 1372 1372 293 471 1373 1373 296 472 1374 1374 292 472 1375 1375 294 472 1376 1376 296 473 1377 1377 293 473 1378 1378 297 473 1379 1379 296 474 1380 1380 297 474 1381 1381 292 474 1382 1382 299 475 1383 1383 301 475 1384 1384 298 475 1385 1385 298 476 1386 1386 302 476 1387 1387 299 476 1388 1388 298 477 1389 1389 300 477 1390 1390 302 477 1391 1391 304 478 1392 1392 303 478 1393 1393 301 478 1394 1394 302 479 1395 1395 303 479 1396 1396 304 479 1397 1397 302 480 1398 1398 300 480 1399 1399 303 480 1400 1400 299 481 1401 1401 302 481 1402 1402 304 481 1403 1403 304 482 1404 1404 301 482 1405 1405 305 482 1406 1406 299 483 1407 1407 304 483 1408 1408 305 483 1409 1409 299 484 1410 1410 305 484 1411 1411 301 484 1412 1412 307 485 1413 1413 306 485 1414 1414 309 485 1415 1415 306 486 1416 1416 307 486 1417 1417 310 486 1418 1418 306 487 1419 1419 310 487 1420 1420 308 487 1421 1421 312 488 1422 1422 309 488 1423 1423 311 488 1424 1424 310 489 1425 1425 312 489 1426 1426 311 489 1427 1427 310 490 1428 1428 311 490 1429 1429 308 490 1430 1430 307 491 1431 1431 312 491 1432 1432 310 491 1433 1433 312 492 1434 1434 313 492 1435 1435 309 492 1436 1436 307 493 1437 1437 313 493 1438 1438 312 493 1439 1439 307 494 1440 1440 309 494 1441 1441 313 494 1442 1442 319 495 1443 1443 315 495 1444 1444 314 495 1445 1445 314 496 1446 1446 315 496 1447 1447 318 496 1448 1448 314 497 1449 1449 318 497 1450 1450 316 497 1451 1451 319 498 1452 1452 314 498 1453 1453 317 498 1454 1454 318 499 1455 1455 315 499 1456 1456 319 499 1457 1457 318 500 1458 1458 319 500 1459 1459 320 500 1460 1460 320 501 1461 1461 319 501 1462 1462 317 501 1463 1463 320 502 1464 1464 316 502 1465 1465 318 502 1466 1466 320 503 1467 1467 317 503 1468 1468 321 503 1469 1469 320 504 1470 1470 321 504 1471 1471 316 504 1472 1472 323 505 1473 1473 322 505 1474 1474 325 505 1475 1475 322 506 1476 1476 323 506 1477 1477 326 506 1478 1478 322 507 1479 1479 326 507 1480 1480 324 507 1481 1481 326 508 1482 1482 329 508 1483 1483 324 508 1484 1484 326 509 1485 1485 323 509 1486 1486 328 509 1487 1487 326 510 1488 1488 328 510 1489 1489 327 510 1490 1490 326 511 1491 1491 327 511 1492 1492 329 511 1493 1493 327 512 1494 1494 325 512 1495 1495 329 512 1496 1496 323 513 1497 1497 325 513 1498 1498 328 513 1499 1499 327 514 1500 1500 328 514 1501 1501 325 514 1502 1502 330 515 1503 1503 331 516 1504 1504 332 517 1505 1505 330 515 1506 1506 333 518 1507 1507 331 516 1508 1508 330 519 1509 1509 334 520 1510 1510 333 521 1511 1511 330 522 1512 1512 335 523 1513 1513 334 524 1514 1514 330 525 1515 1515 332 526 1516 1516 335 527 1517 1517 332 528 1518 1518 336 529 1519 1519 337 530 1520 1520 332 517 1521 1521 331 516 1522 1522 336 531 1523 1523 337 532 1524 1524 335 527 1525 1525 332 526 1526 1526 337 533 1527 1527 338 534 1528 1528 339 535 1529 1529 337 536 1530 1530 336 537 1531 1531 338 538 1532 1532 337 532 1533 1533 339 539 1534 1534 335 527 1535 1535 335 527 1536 1536 339 539 1537 1537 340 540 1538 1538 340 540 1539 1539 339 539 1540 1540 341 541 1541 1541 341 541 1542 1542 339 539 1543 1543 342 542 1544 1544 338 543 1545 1545 342 544 1546 1546 339 545 1547 1547 342 546 1548 1548 343 547 1549 1549 341 548 1550 1550 342 546 1551 1551 344 549 1552 1552 343 547 1553 1553 338 550 1554 1554 344 551 1555 1555 342 552 1556 1556 345 553 1557 1557 341 548 1558 1558 343 547 1559 1559 345 554 1560 1560 340 555 1561 1561 341 556 1562 1562 340 557 1563 1563 345 558 1564 1564 334 559 1565 1565 340 560 1566 1566 334 561 1567 1567 335 562 1568 1568 105 563 1569 1569 333 564 1570 1570 108 565 1571 1571 112 566 1572 1572 344 567 1573 1573 338 568 1574 1574 105 563 1575 1575 336 569 1576 1576 331 570 1577 1577 106 571 1578 1578 345 572 1579 1579 119 573 1580 1580 117 574 1581 1581 345 575 1582 1582 343 576 1583 1583 117 574 1584 1584 344 577 1585 1585 118 578 1586 1586 106 579 1587 1587 333 580 1588 1588 334 581 1589 1589 112 582 1590 1590 336 583 1591 1591 110 584 1592 1592 346 585 1593 1593 347 586 1594 1594 348 587 1595 1595 349 588 1596 1596 350 589 1597 1597 351 590 1598 1598 352 591 1599 1599 353 592 1600 1600 354 593 1601 1601 346 594 1602 1602 348 595 1603 1603 355 596 1604 1604 356 597 1605 1605 357 598 1606 1606 358 599 1607 1607 348 600 1608 1608 359 601 1609 1609 360 602 1610 1610 354 603 1611 1611 361 603 1612 1612 362 603 1613 1613 363 604 1614 1614 364 605 1615 1615 365 606 1616 1616 360 607 1617 1617 366 608 1618 1618 367 609 1619 1619 368 610 1620 1620 369 611 1621 1621 370 612 1622 1622 371 613 1623 1623 372 614 1624 1624 373 615 1625 1625 367 616 1626 1626 374 617 1627 1627 375 618 1628 1628 376 619 1629 1629 377 620 1630 1630 352 591 1631 1631 378 621 1632 1632 357 622 1633 1633 379 623 1634 1634 353 592 1635 1635 380 624 1636 1636 354 593 1637 1637 381 625 1638 1638 382 626 1639 1639 383 627 1640 1640 384 628 1641 1641 385 629 1642 1642 350 589 1643 1643 386 630 1644 1644 387 631 1645 1645 381 632 1646 1646 388 633 1647 1647 389 634 1648 1648 356 635 1649 1649 390 636 1650 1650 391 637 1651 1651 350 638 1652 1652 372 639 1653 1653 392 639 1654 1654 393 639 1655 1655 394 640 1656 1656 395 641 1657 1657 396 642 1658 1658 382 643 1659 1659 362 644 1660 1660 397 645 1661 1661 398 646 1662 1662 351 647 1663 1663 391 648 1664 1664 390 649 1665 1665 399 650 1666 1666 400 651 1667 1667 372 652 1668 1668 401 653 1669 1669 373 654 1670 1670 373 655 1671 1671 402 655 1672 1672 403 655 1673 1673 365 656 1674 1674 402 657 1675 1675 392 658 1676 1676 391 659 1677 1677 404 660 1678 1678 398 661 1679 1679 405 662 1680 1680 404 662 1681 1681 399 662 1682 1682 390 663 1683 1683 406 663 1684 1684 391 663 1685 1685 407 664 1686 1686 408 665 1687 1687 361 666 1688 1688 409 667 1689 1689 410 668 1690 1690 411 669 1691 1691 412 670 1692 1692 413 671 1693 1693 414 672 1694 1694 396 642 1695 1695 410 673 1696 1696 415 674 1697 1697 416 675 1698 1698 417 675 1699 1699 418 675 1700 1700 419 676 1701 1701 420 676 1702 1702 386 676 1703 1703 421 677 1704 1704 422 678 1705 1705 423 679 1706 1706 349 588 1707 1707 363 680 1708 1708 424 681 1709 1709 425 682 1710 1710 426 683 1711 1711 427 684 1712 1712 358 685 1713 1713 378 686 1714 1714 346 585 1715 1715 427 687 1716 1716 374 617 1717 1717 379 688 1718 1718 368 689 1719 1719 428 689 1720 1720 369 689 1721 1721 429 690 1722 1722 430 691 1723 1723 368 692 1724 1724 429 693 1725 1725 431 693 1726 1726 432 693 1727 1727 424 694 1728 1728 428 695 1729 1729 431 696 1730 1730 413 697 1731 1731 417 698 1732 1732 414 699 1733 1733 411 700 1734 1734 418 701 1735 1735 433 702 1736 1736 411 703 1737 1737 434 703 1738 1738 413 703 1739 1739 422 704 1740 1740 420 704 1741 1741 435 704 1742 1742 423 705 1743 1743 436 705 1744 1744 419 705 1745 1745 423 706 1746 1746 435 707 1747 1747 437 708 1748 1748 346 585 1749 1749 378 686 1750 1750 347 586 1751 1751 349 588 1752 1752 384 628 1753 1753 350 589 1754 1754 352 591 1755 1755 377 620 1756 1756 353 592 1757 1757 375 709 1758 1758 427 684 1759 1759 426 683 1760 1760 426 683 1761 1761 438 710 1762 1762 375 709 1763 1763 438 710 1764 1764 412 711 1765 1765 367 712 1766 1766 375 709 1767 1767 438 710 1768 1768 367 712 1769 1769 439 713 1770 1770 371 714 1771 1771 358 715 1772 1772 371 716 1773 1773 353 717 1774 1774 356 718 1775 1775 353 717 1776 1776 377 719 1777 1777 356 718 1778 1778 377 719 1779 1779 376 720 1780 1780 388 721 1781 1781 376 720 1782 1782 421 722 1783 1783 388 721 1784 1784 421 722 1785 1785 425 682 1786 1786 388 721 1787 1787 367 723 1788 1788 412 724 1789 1789 360 725 1790 1790 412 724 1791 1791 394 726 1792 1792 360 725 1793 1793 377 719 1794 1794 388 721 1795 1795 356 718 1796 1796 360 725 1797 1797 394 726 1798 1798 385 727 1799 1799 348 595 1800 1800 360 725 1801 1801 385 727 1802 1802 371 716 1803 1803 356 718 1804 1804 358 728 1805 1805 348 595 1806 1806 385 727 1807 1807 355 596 1808 1808 439 713 1809 1809 358 715 1810 1810 355 596 1811 1811 358 715 1812 1812 346 594 1813 1813 355 596 1814 1814 356 729 1815 1815 389 730 1816 1816 357 731 1817 1817 348 732 1818 1818 347 733 1819 1819 359 734 1820 1820 362 735 1821 1821 352 735 1822 1822 354 735 1823 1823 354 736 1824 1824 380 736 1825 1825 361 736 1826 1826 407 737 1827 1827 403 738 1828 1828 364 739 1829 1829 403 740 1830 1830 365 606 1831 1831 364 605 1832 1832 365 606 1833 1833 370 741 1834 1834 363 604 1835 1835 360 742 1836 1836 359 743 1837 1837 366 744 1838 1838 370 612 1839 1839 439 745 1840 1840 368 610 1841 1841 439 745 1842 1842 355 746 1843 1843 429 747 1844 1844 368 610 1845 1845 439 745 1846 1846 429 747 1847 1847 355 746 1848 1848 384 628 1849 1849 429 747 1850 1850 384 628 1851 1851 424 681 1852 1852 429 748 1853 1853 407 737 1854 1854 380 749 1855 1855 403 738 1856 1856 380 750 1857 1857 371 751 1858 1858 373 752 1859 1859 371 613 1860 1860 439 753 1861 1861 372 614 1862 1862 439 753 1863 1863 370 754 1864 1864 372 614 1865 1865 370 741 1866 1866 365 606 1867 1867 372 755 1868 1868 373 752 1869 1869 403 756 1870 1870 380 750 1871 1871 367 616 1872 1872 366 757 1873 1873 374 617 1874 1874 382 758 1875 1875 387 759 1876 1876 352 591 1877 1877 387 759 1878 1878 376 619 1879 1879 352 591 1880 1880 357 760 1881 1881 389 761 1882 1882 440 762 1883 1883 389 761 1884 1884 441 763 1885 1885 440 762 1886 1886 440 764 1887 1887 379 765 1888 1888 357 766 1889 1889 379 767 1890 1890 374 768 1891 1891 378 769 1892 1892 374 770 1893 1893 366 771 1894 1894 359 772 1895 1895 347 773 1896 1896 374 774 1897 1897 359 775 1898 1898 347 776 1899 1899 378 777 1900 1900 374 778 1901 1901 353 592 1902 1902 371 779 1903 1903 380 624 1904 1904 381 625 1905 1905 387 780 1906 1906 382 626 1907 1907 384 628 1908 1908 355 746 1909 1909 385 629 1910 1910 442 781 1911 1911 419 782 1912 1912 409 667 1913 1913 419 782 1914 1914 386 630 1915 1915 381 632 1916 1916 409 667 1917 1917 419 782 1918 1918 381 632 1919 1919 388 783 1920 1920 441 784 1921 1921 389 785 1922 1922 350 638 1923 1923 385 786 1924 1924 390 636 1925 1925 385 786 1926 1926 394 787 1927 1927 405 788 1928 1928 390 636 1929 1929 385 786 1930 1930 405 788 1931 1931 394 787 1932 1932 396 789 1933 1933 405 788 1934 1934 396 790 1935 1935 398 791 1936 1936 405 792 1937 1937 372 793 1938 1938 365 793 1939 1939 392 793 1940 1940 394 640 1941 1941 412 794 1942 1942 395 641 1943 1943 397 795 1944 1944 383 796 1945 1945 382 797 1946 1946 382 798 1947 1947 352 798 1948 1948 362 798 1949 1949 398 791 1950 1950 396 790 1951 1951 415 799 1952 1952 415 799 1953 1953 351 800 1954 1954 398 791 1955 1955 351 647 1956 1956 350 801 1957 1957 391 648 1958 1958 390 802 1959 1959 405 803 1960 1960 399 804 1961 1961 372 652 1962 1962 393 805 1963 1963 401 653 1964 1964 373 806 1965 1965 401 806 1966 1966 402 806 1967 1967 365 807 1968 1968 403 808 1969 1969 402 809 1970 1970 391 659 1971 1971 406 810 1972 1972 404 660 1973 1973 405 811 1974 1974 398 811 1975 1975 404 811 1976 1976 390 812 1977 1977 400 812 1978 1978 406 812 1979 1979 361 813 1980 1980 380 813 1981 1981 407 813 1982 1982 407 814 1983 1983 364 815 1984 1984 408 816 1985 1985 395 817 1986 1986 416 818 1987 1987 410 668 1988 1988 416 818 1989 1989 411 669 1990 1990 410 668 1991 1991 411 669 1992 1992 442 781 1993 1993 409 667 1994 1994 412 670 1995 1995 438 819 1996 1996 413 671 1997 1997 438 819 1998 1998 442 781 1999 1999 413 671 2000 2000 442 781 2001 2001 411 669 2002 2002 413 820 2003 2003 414 672 2004 2004 416 818 2005 2005 395 817 2006 2006 414 672 2007 2007 395 817 2008 2008 412 670 2009 2009 396 642 2010 2010 395 641 2011 2011 410 673 2012 2012 416 821 2013 2013 414 821 2014 2014 417 821 2015 2015 419 822 2016 2016 436 822 2017 2017 420 822 2018 2018 438 819 2019 2019 426 823 2020 2020 423 679 2021 2021 426 823 2022 2022 421 677 2023 2023 423 679 2024 2024 421 677 2025 2025 376 824 2026 2026 422 678 2027 2027 376 824 2028 2028 387 825 2029 2029 422 678 2030 2030 387 631 2031 2031 386 630 2032 2032 422 826 2033 2033 423 679 2034 2034 419 782 2035 2035 442 781 2036 2036 423 679 2037 2037 442 781 2038 2038 438 819 2039 2039 370 612 2040 2040 369 611 2041 2041 363 680 2042 2042 369 611 2043 2043 424 681 2044 2044 363 680 2045 2045 424 681 2046 2046 384 628 2047 2047 349 588 2048 2048 425 682 2049 2049 421 722 2050 2050 426 683 2051 2051 358 685 2052 2052 357 827 2053 2053 378 686 2054 2054 388 828 2055 2055 425 829 2056 2056 441 830 2057 2057 425 829 2058 2058 427 831 2059 2059 440 832 2060 2060 441 830 2061 2061 425 829 2062 2062 440 832 2063 2063 427 687 2064 2064 375 618 2065 2065 374 617 2066 2066 379 688 2067 2067 440 833 2068 2068 427 687 2069 2069 368 834 2070 2070 430 834 2071 2071 428 834 2072 2072 429 690 2073 2073 432 835 2074 2074 430 691 2075 2075 429 836 2076 2076 424 836 2077 2077 431 836 2078 2078 424 837 2079 2079 369 837 2080 2080 428 837 2081 2081 413 697 2082 2082 434 838 2083 2083 417 698 2084 2084 411 839 2085 2085 416 839 2086 2086 418 839 2087 2087 411 840 2088 2088 433 840 2089 2089 434 840 2090 2090 422 841 2091 2091 386 841 2092 2092 420 841 2093 2093 423 842 2094 2094 437 842 2095 2095 436 842 2096 2096 423 843 2097 2097 422 844 2098 2098 435 845 2099 2099 211 846 2100 2100 418 847 2101 2101 210 848 2102 2102 124 849 2103 2103 383 850 2104 2104 163 851 2105 2105 185 852 2106 2106 406 853 2107 2107 184 854 2108 2108 212 855 2109 2109 417 856 2110 2110 434 857 2111 2111 186 858 2112 2112 400 859 2113 2113 399 860 2114 2114 211 861 2115 2115 434 862 2116 2116 433 863 2117 2117 186 864 2118 2118 404 865 2119 2119 185 866 2120 2120 130 867 2121 2121 410 868 2122 2122 409 869 2123 2123 205 870 2124 2124 428 871 2125 2125 430 872 2126 2126 130 867 2127 2127 381 873 2128 2128 124 874 2129 2129 179 875 2130 2130 392 876 2131 2131 402 877 2132 2132 207 878 2133 2133 428 879 2134 2134 206 880 2135 2135 181 881 2136 2136 393 882 2137 2137 182 883 2138 2138 208 884 2139 2139 430 885 2140 2140 432 886 2141 2141 120 887 2142 2142 364 888 2143 2143 363 889 2144 2144 213 890 2145 2145 420 891 2146 2146 436 892 2147 2147 182 893 2148 2148 392 894 2149 2149 180 895 2150 2150 208 896 2151 2151 431 897 2152 2152 207 898 2153 2153 215 899 2154 2154 435 900 2155 2155 216 901 2156 2156 181 902 2157 2157 402 903 2158 2158 401 904 2159 2159 169 905 2160 2160 362 906 2161 2161 361 907 2162 2162 216 908 2163 2163 420 909 2164 2164 214 910 2165 2165 128 911 2166 2166 351 912 2167 2167 122 913 2168 2168 128 911 2169 2169 363 914 2170 2170 349 915 2171 2171 169 916 2172 2172 408 916 2173 2173 167 916 2174 2174 215 917 2175 2175 436 918 2176 2176 437 919 2177 2177 168 920 2178 2178 397 921 2179 2179 362 920 2180 2180 132 922 2181 2181 410 868 2182 2182 126 923 2183 2183 132 924 2184 2184 351 925 2185 2185 415 924 2186 2186 170 926 2187 2187 383 927 2188 2188 397 928 2189 2189 210 929 2190 2190 417 930 2191 2191 209 931 2192 2192 167 932 2193 2193 364 933 2194 2194 160 934 2195 2195 184 935 2196 2196 400 936 2197 2197 183 937 2198 2198 105 563 2199 2199 331 570 2200 2200 333 564 2201 2201 112 566 2202 2202 118 938 2203 2203 344 567 2204 2204 105 563 2205 2205 110 939 2206 2206 336 569 2207 2207 106 940 2208 2208 334 941 2209 2209 345 942 2210 2210 117 574 2211 2211 119 943 2212 2212 345 575 2213 2213 117 574 2214 2214 343 576 2215 2215 344 577 2216 2216 106 579 2217 2217 108 944 2218 2218 333 580 2219 2219 112 945 2220 2220 338 946 2221 2221 336 947 2222 2222 211 948 2223 2223 433 949 2224 2224 418 950 2225 2225 124 849 2226 2226 381 951 2227 2227 383 850 2228 2228 185 952 2229 2229 404 953 2230 2230 406 954 2231 2231 212 855 2232 2232 209 955 2233 2233 417 856 2234 2234 186 858 2235 2235 183 956 2236 2236 400 859 2237 2237 211 861 2238 2238 212 957 2239 2239 434 862 2240 2240 186 958 2241 2241 399 959 2242 2242 404 960 2243 2243 130 867 2244 2244 126 923 2245 2245 410 868 2246 2246 205 870 2247 2247 206 961 2248 2248 428 871 2249 2249 130 867 2250 2250 409 869 2251 2251 381 873 2252 2252 179 875 2253 2253 180 962 2254 2254 392 876 2255 2255 207 963 2256 2256 431 964 2257 2257 428 965 2258 2258 181 966 2259 2259 401 967 2260 2260 393 968 2261 2261 208 884 2262 2262 205 969 2263 2263 430 885 2264 2264 120 887 2265 2265 160 970 2266 2266 364 888 2267 2267 213 890 2268 2268 214 971 2269 2269 420 891 2270 2270 182 972 2271 2271 393 973 2272 2272 392 974 2273 2273 208 975 2274 2274 432 976 2275 2275 431 977 2276 2276 215 978 2277 2277 437 979 2278 2278 435 980 2279 2279 181 902 2280 2280 179 981 2281 2281 402 903 2282 2282 169 905 2283 2283 168 982 2284 2284 362 906 2285 2285 216 983 2286 2286 435 984 2287 2287 420 985 2288 2288 128 911 2289 2289 349 915 2290 2290 351 912 2291 2291 128 911 2292 2292 120 986 2293 2293 363 914 2294 2294 169 987 2295 2295 361 987 2296 2296 408 987 2297 2297 215 917 2298 2298 213 988 2299 2299 436 918 2300 2300 168 989 2301 2301 170 990 2302 2302 397 991 2303 2303 132 922 2304 2304 415 992 2305 2305 410 868 2306 2306 132 993 2307 2307 122 994 2308 2308 351 994 2309 2309 170 995 2310 2310 163 996 2311 2311 383 997 2312 2312 210 998 2313 2313 418 999 2314 2314 417 1000 2315 2315 167 932 2316 2316 408 1001 2317 2317 364 933 2318 2318 184 1002 2319 2319 406 1003 2320 2320 400 1004 2321 2321</p>
        </triangles>
      </mesh>
    </geometry>
  </library_geometries>
  <library_visual_scenes>
    <visual_scene id="Scene" name="Scene">
      <node id="house_03" name="house_03" type="NODE">
        <matrix sid="transform">1 0 0 0 0 1 0 0 0 0 1 0 0 0 0 1</matrix>
        <instance_geometry url="#Cubo_143-mesh" name="house_03">
          <bind_material>
            <technique_common>
              <instance_material symbol="A-exturas_soninké_009-material" target="#A-exturas_soninké_009-material">
                <bind_vertex_input semantic="Cubo_143-mesh-map-0" input_semantic="TEXCOORD" input_set="0"/>
                <bind_vertex_input semantic="Cubo_143-mesh-map-1" input_semantic="TEXCOORD" input_set="1"/>
                <bind_vertex_input semantic="Cubo_143-mesh-map-2" input_semantic="TEXCOORD" input_set="2"/>
              </instance_material>
            </technique_common>
          </bind_material>
        </instance_geometry>
        <node id="prop_projectile" name="prop_projectile" type="NODE">
          <matrix sid="transform">1 0 0 0.3450511 0 1 0 0.7692301 0 0 1 5.801285 0 0 0 1</matrix>
        </node>
        <node id="prop_garrisoned" name="prop_garrisoned" type="NODE">
          <matrix sid="transform">1 0 0 -3.133782 0 1 0 0.7692301 0 0 1 5.810439 0 0 0 1</matrix>
        </node>
      </node>
    </visual_scene>
  </library_visual_scenes>
  <scene>
    <instance_visual_scene url="#Scene"/>
  </scene>
</COLLADA>