<?xml version="1.0" encoding="utf-8"?>
<COLLADA xmlns="http://www.collada.org/2005/11/COLLADASchema" version="1.4.1" xmlns:xsi="http://www.w3.org/2001/XMLSchema-instance">
  <asset>
    <contributor>
      <author>Blender User</author>
      <authoring_tool>Blender 4.3.1 commit date:2024-12-10, commit time:07:46, hash:33d812126174</authoring_tool>
    </contributor>
    <created>2026-09-13T12:09:04</created>
    <modified>2026-09-13T12:09:04</modified>
    <unit name="meter" meter="1"/>
    <up_axis>Z_UP</up_axis>
  </asset>
  <library_effects>
    <effect id="coronas_viejas_zapo-effect">
      <profile_COMMON>
        <newparam sid="_526619962_X-texturacoronaviejazapo_png_0e27c27199050212e2815a1-surface">
          <surface type="2D">
            <init_from>_526619962_X-texturacoronaviejazapo_png_0e27c27199050212e2815a1</init_from>
          </surface>
        </newparam>
        <newparam sid="_526619962_X-texturacoronaviejazapo_png_0e27c27199050212e2815a1-sampler">
          <sampler2D>
            <source>_526619962_X-texturacoronaviejazapo_png_0e27c27199050212e2815a1-surface</source>
          </sampler2D>
        </newparam>
        <technique sid="common">
          <lambert>
            <emission>
              <color sid="emission">0 0 0 1</color>
            </emission>
            <diffuse>
              <texture texture="_526619962_X-texturacoronaviejazapo_png_0e27c27199050212e2815a1-sampler" texcoord="rome_helmet_b-Geometry_008-mesh-map-0"/>
            </diffuse>
            <index_of_refraction>
              <float sid="ior">1.45</float>
            </index_of_refraction>
          </lambert>
        </technique>
      </profile_COMMON>
    </effect>
  </library_effects>
  <library_images>
    <image id="_526619962_X-texturacoronaviejazapo_png_0e27c27199050212e2815a1" name="_526619962_X-texturacoronaviejazapo_png_0e27c27199050212e2815a1">
      <init_from>/home/welton/Downloads/1526619962_X-texturacoronaviejazapo.png.0e27c27199050212e2815a19543a44f0.png</init_from>
    </image>
  </library_images>
  <library_materials>
    <material id="coronas_viejas_zapo-material" name="coronas viejas zapo">
      <instance_effect url="#coronas_viejas_zapo-effect"/>
    </material>
  </library_materials>
  <library_geometries>
    <geometry id="rome_helmet_b-Geometry_002-mesh" name="rome_helmet_b-Geometry.002">
      <mesh>
        <source id="rome_helmet_b-Geometry_002-mesh-positions">
          <float_array id="rome_helmet_b-Geometry_002-mesh-positions-array" count="1941">0.004564285 0.4756755 -0.5273792 -0.2009637 0.4456475 -0.5239053 0.2225956 0.4197714 -0.5128355 -0.00903517 0.3829475 0.6479364 -0.1655709 0.3368417 0.6572952 0.1496894 0.3319215 0.6584951 0.004190862 0.4687991 -0.5331745 -0.2013372 0.438771 -0.5297006 0.2222219 0.412895 -0.5186308 -0.009720087 0.3697679 0.6373045 -0.1662559 0.3236622 0.6466635 0.1490045 0.318742 0.6478633 -0.1336228 0.3290629 0.4655135 0.1483747 0.3230313 0.4703647 0.2186679 0.1367694 0.482824 -0.1954208 0.1449435 0.4762484 -0.1528916 -0.002984166 0.4861138 0.005045056 -0.09111166 0.4941004 0.1821473 -0.009599208 0.4914378 -0.003389716 0.3062987 0.6602572 -0.1429165 0.322418 0.6614491 0.1390812 0.3163862 0.6663004 0.2086035 0.1301244 0.6787599 -0.2054852 0.1382983 0.6721843 -0.1629559 -0.009629428 0.6820496 -0.005019009 -0.0977568 0.6900364 0.1720829 -0.01624423 0.6873737 -0.00919944 0.2381982 0.6479364 -0.1265571 0.2371163 0.6572952 0.1108401 0.2321962 0.6584951 0.0488761 -0.2778695 -0.1170933 0.0488761 -0.263038 -0.126219 0.03376919 -0.2819501 -0.123315 0.03376919 -0.2671188 -0.1324406 0.03376919 -0.2901117 -0.1357589 0.03376919 -0.2698231 -0.1845566 0.0488761 -0.2941922 -0.1419807 0.0488761 -0.2722296 -0.1915975 0.06398338 -0.2864571 -0.179403 0.06398338 -0.2698231 -0.1845566 0.06398338 -0.2819501 -0.123315 0.06398338 -0.2671188 -0.1324406 0.06062597 -0.299606 -0.114392 0.0488761 -0.2964324 -0.1095529 0.06062597 -0.3059538 -0.1240702 0.0488761 -0.3091276 -0.1289095 0.03712654 -0.3059538 -0.1240702 0.03712654 -0.299606 -0.114392 0.0488761 -0.3190509 -0.1031918 0.04366219 -0.3204593 -0.1053395 0.04366219 -0.323276 -0.1096341 0.0488761 -0.3246844 -0.1117815 0.0540902 -0.323276 -0.1096341 0.0540902 -0.3204593 -0.1053395 0.1086149 -0.346627 -0.07775634 0.1086149 -0.3516198 -0.08536881 0.09937304 -0.3541162 -0.0891751 0.09013116 -0.3516198 -0.08536881 0.09013116 -0.346627 -0.07775634 0.09937304 -0.3441307 -0.07394993 0.0785467 -0.309665 -0.09380239 0.0785467 -0.3209163 -0.1109572 0.09937292 -0.3265418 -0.1195345 0.1201995 -0.3209163 -0.1109572 0.09937292 -0.3040396 -0.0852251 0.1201995 -0.309665 -0.09380239 0.1261504 -0.252081 -0.1257938 0.1261504 -0.2783696 -0.1096184 0.1261504 -0.2665471 -0.1478502 0.1261504 -0.2928357 -0.131675 0.09937292 -0.2737801 -0.1588786 0.09937292 -0.3000689 -0.1427032 0.07259571 -0.2665471 -0.1478502 0.07259571 -0.2928357 -0.131675 0.07259571 -0.252081 -0.1257938 0.07259571 -0.2783696 -0.1096184 0.09937292 -0.2448481 -0.1147656 0.09937292 -0.2711368 -0.09859031 0.01418691 -0.2778989 -0.1170753 0.01418691 -0.2630674 -0.126201 -9.19806e-4 -0.2819795 -0.123297 -9.19806e-4 -0.2671481 -0.1324226 -9.19806e-4 -0.2901409 -0.1357409 -9.19806e-4 -0.269856 -0.1845467 0.01418691 -0.2942215 -0.1419625 0.01418691 -0.2722625 -0.1915871 0.02929401 -0.2901409 -0.1357409 0.02929401 -0.269856 -0.1845467 0.02929401 -0.2819795 -0.123297 0.02929401 -0.2671481 -0.1324226 0.02593678 -0.2996355 -0.1143739 0.01418691 -0.296462 -0.1095349 0.02593678 -0.3059833 -0.1240522 0.01418691 -0.3091571 -0.1288914 0.002437353 -0.3059833 -0.1240522 0.002437353 -0.2996355 -0.1143739 0.01418691 -0.3190801 -0.103174 0.008973121 -0.3204886 -0.1053214 0.008973121 -0.3233053 -0.109616 0.01418691 -0.3247138 -0.1117637 0.01940107 -0.3233053 -0.109616 0.01940107 -0.3204886 -0.1053214 -0.04884934 -0.2778695 -0.1170933 -0.04884934 -0.263038 -0.126219 -0.03374212 -0.2819501 -0.123315 -0.03374212 -0.2671188 -0.1324406 -0.03374212 -0.2901117 -0.1357589 -0.03374212 -0.2698231 -0.1845566 -0.04884934 -0.2941922 -0.1419807 -0.04884934 -0.2722296 -0.1915975 -0.06395655 -0.2901117 -0.1357589 -0.06395655 -0.2698231 -0.1845566 -0.06395655 -0.2819501 -0.123315 -0.06395655 -0.2671188 -0.1324406 -0.0605989 -0.299606 -0.114392 -0.04884934 -0.2964324 -0.1095529 -0.0605989 -0.3059538 -0.1240702 -0.04884934 -0.3091276 -0.1289095 -0.03709959 -0.3059538 -0.1240702 -0.03709959 -0.299606 -0.114392 -0.04884934 -0.3190509 -0.1031918 -0.04363524 -0.3204593 -0.1053395 -0.04363524 -0.323276 -0.1096341 -0.04884934 -0.3246844 -0.1117815 -0.05406332 -0.323276 -0.1096341 -0.05406332 -0.3204593 -0.1053395 -0.1085879 -0.346627 -0.07775634 -0.1085879 -0.3516198 -0.08536881 -0.0993461 -0.3541162 -0.0891751 -0.09010434 -0.3516198 -0.08536881 -0.09010434 -0.346627 -0.07775634 -0.0993461 -0.3441307 -0.07394993 -0.07851976 -0.309665 -0.09380239 -0.07851976 -0.3209163 -0.1109572 -0.0993461 -0.3265418 -0.1195345 -0.1201725 -0.3209163 -0.1109572 -0.0993461 -0.3040396 -0.0852251 -0.1201725 -0.309665 -0.09380239 -0.1261234 -0.252081 -0.1257938 -0.1261234 -0.2783696 -0.1096184 -0.1261234 -0.2665471 -0.1478502 -0.1261234 -0.2928357 -0.131675 -0.0993461 -0.2737801 -0.1588786 -0.0993461 -0.3000689 -0.1427032 -0.07256889 -0.2665471 -0.1478502 -0.07256889 -0.2928357 -0.131675 -0.07256889 -0.252081 -0.1257938 -0.07256889 -0.2783696 -0.1096184 -0.0993461 -0.2448481 -0.1147656 -0.0993461 -0.2711368 -0.09859031 -0.01415997 -0.2778989 -0.1170753 -0.01415997 -0.2630674 -0.126201 9.46724e-4 -0.2819795 -0.123297 9.46724e-4 -0.2671481 -0.1324226 9.46724e-4 -0.2901409 -0.1357409 9.46725e-4 -0.269856 -0.1845467 -0.01415997 -0.2942215 -0.1419625 -0.01415997 -0.2722625 -0.1915871 -0.02926719 -0.2901409 -0.1357409 -0.02926719 -0.269856 -0.1845467 -0.02926719 -0.2819795 -0.123297 -0.02926719 -0.2671481 -0.1324226 -0.02590984 -0.2996355 -0.1143739 -0.01415997 -0.296462 -0.1095349 -0.02590984 -0.3059833 -0.1240522 -0.01415997 -0.3091571 -0.1288914 -0.002410531 -0.3059833 -0.1240522 -0.002410531 -0.2996355 -0.1143739 -0.01415997 -0.3190801 -0.103174 -0.00894618 -0.3204886 -0.1053214 -0.00894618 -0.3233053 -0.109616 -0.01415997 -0.3247138 -0.1117637 -0.01937419 -0.3233053 -0.109616 -0.01937419 -0.3204886 -0.1053214 -0.1539133 -0.2474147 -0.1088165 -0.1787301 -0.10102 -0.03598511 -0.0718494 0.01677459 -0.1845908 -0.1486189 -0.02392923 -0.1061785 -0.1539134 -0.2173572 -0.1669512 -0.09824633 -0.2071595 -0.2097558 -0.1025118 -0.2966614 -0.1104952 -0.113604 -0.2724815 -0.1774421 0.153944 -0.2474147 -0.1088165 0.1787604 -0.10102 -0.03598511 0.0718798 0.01677459 -0.1845908 0.1486493 -0.02392923 -0.1061785 0.153944 -0.2173572 -0.1669512 0.09827697 -0.2071595 -0.2097558 0.1025423 -0.2966614 -0.1104952 0.1136347 -0.2724815 -0.1774421 1.53011e-5 0.03325533 -0.2251237 1.53088e-5 -0.1343064 -0.2946484 -1.26328e-4 -0.3015488 -0.1716651 1.53138e-5 -0.194702 -0.2690038 -0.04884815 -0.4021164 0.2351728 -0.04884815 -0.3958849 0.250735 -0.03374093 -0.4093828 0.2378104 -0.03374093 -0.4031514 0.2533727 -0.03374093 -0.4239158 0.2430858 -0.03374093 -0.4176843 0.258648 -0.04884815 -0.4311823 0.2457234 -0.04884815 -0.4249508 0.2612857 -0.06395536 -0.4239158 0.2430858 -0.06395536 -0.4176843 0.258648 -0.06395536 -0.4093828 0.2378104 -0.06395536 -0.4031514 0.2533727 -0.06059765 -0.4180349 0.2208223 -0.04884815 -0.4123834 0.2187709 -0.06059765 -0.429338 0.2249253 -0.04884815 -0.4349898 0.2269768 -0.0370984 -0.429338 0.2249253 -0.0370984 -0.4180349 0.2208223 -0.04884815 -0.4266904 0.2010251 -0.04363399 -0.4291984 0.2019355 -0.04363399 -0.4342143 0.2037562 -0.04884815 -0.4367221 0.2046664 -0.05406206 -0.4342143 0.2037562 -0.05406206 -0.4291984 0.2019355 -0.1085867 -0.4328929 0.1653807 -0.1085867 -0.4417835 0.1686078 -0.0993449 -0.4462288 0.1702215 -0.09010314 -0.4417835 0.1686078 -0.09010314 -0.4328929 0.1653807 -0.0993449 -0.4284476 0.163767 -0.07851856 -0.4131058 0.1988577 -0.07851856 -0.4331406 0.20613 -0.0993449 -0.4431583 0.2097663 -0.1201713 -0.4331406 0.20613 -0.0993449 -0.4030885 0.1952216 -0.1201713 -0.4131058 0.1988577 -0.1261222 -0.3867247 0.2565532 -0.1261222 -0.3977699 0.2289693 -0.1261222 -0.4124844 0.2659035 -0.1261222 -0.4235296 0.2383198 -0.0993449 -0.4253643 0.2705788 -0.0993449 -0.4364095 0.242995 -0.07256776 -0.4124844 0.2659035 -0.07256776 -0.4235296 0.2383198 -0.07256776 -0.3867247 0.2565532 -0.07256776 -0.3977699 0.2289693 -0.0993449 -0.3738448 0.2518779 -0.0993449 -0.38489 0.2242941 -0.01415896 -0.4021286 0.2351421 -0.01415896 -0.3958972 0.2507042 9.47912e-4 -0.4093951 0.2377798 9.47912e-4 -0.4031637 0.253342 9.47912e-4 -0.4239282 0.2430551 9.47912e-4 -0.4176967 0.2586171 -0.01415896 -0.4311946 0.2456926 -0.01415896 -0.4249632 0.2612547 -0.02926594 -0.4239282 0.2430551 -0.02926594 -0.4176967 0.2586171 -0.02926594 -0.4093951 0.2377798 -0.02926594 -0.4031637 0.253342 -0.02590858 -0.4180472 0.2207916 -0.01415896 -0.4123958 0.2187402 -0.02590858 -0.4293503 0.2248944 -0.01415896 -0.4350022 0.2269459 -0.00240916 -0.4293503 0.2248944 -0.00240916 -0.4180472 0.2207916 -0.01415896 -0.4267027 0.2009946 -0.008944988 -0.4292106 0.201905 -0.008944988 -0.4342265 0.2037255 -0.01415896 -0.4367343 0.2046358 -0.01937294 -0.4342265 0.2037255 -0.01937294 -0.4292106 0.201905 0.04887729 -0.4021164 0.2351728 0.04887729 -0.3958849 0.250735 0.03377044 -0.4093828 0.2378104 0.03377044 -0.4031514 0.2533727 0.03377044 -0.4239158 0.2430858 0.03377044 -0.4176843 0.258648 0.04887729 -0.4311823 0.2457234 0.04887729 -0.4249508 0.2612857 0.06398457 -0.4239158 0.2430858 0.06398457 -0.4176843 0.258648 0.06398457 -0.4093828 0.2378104 0.06398457 -0.4031514 0.2533727 0.06062716 -0.4180349 0.2208223 0.04887729 -0.4123834 0.2187709 0.06062716 -0.429338 0.2249253 0.04887729 -0.4349898 0.2269768 0.03712773 -0.429338 0.2249253 0.03712773 -0.4180349 0.2208223 0.04887729 -0.4266904 0.2010251 0.04366344 -0.4291984 0.2019355 0.04366344 -0.4342143 0.2037562 0.04887729 -0.4367221 0.2046664 0.05409139 -0.4342143 0.2037562 0.05409139 -0.4291984 0.2019355 0.1086161 -0.4328929 0.1653807 0.1086161 -0.4417835 0.1686078 0.09937423 -0.4462288 0.1702215 0.09013241 -0.4417835 0.1686078 0.09013241 -0.4328929 0.1653807 0.09937423 -0.4284476 0.163767 0.07854795 -0.4131058 0.1988577 0.07854795 -0.4331406 0.20613 0.09937423 -0.4431583 0.2097663 0.1202006 -0.4331406 0.20613 0.09937423 -0.4030885 0.1952216 0.1202006 -0.4131058 0.1988577 0.1261516 -0.3867247 0.2565532 0.1261516 -0.3977699 0.2289693 0.1261516 -0.4124844 0.2659035 0.1261516 -0.4235296 0.2383198 0.09937423 -0.4253643 0.2705788 0.09937423 -0.4364095 0.242995 0.0725969 -0.4124844 0.2659035 0.0725969 -0.4235296 0.2383198 0.0725969 -0.3867247 0.2565532 0.0725969 -0.3977699 0.2289693 0.09937423 -0.3738448 0.2518779 0.09937423 -0.38489 0.2242941 0.01418823 -0.4021286 0.2351421 0.01418823 -0.3958972 0.2507042 -9.18619e-4 -0.4093951 0.2377798 -9.18619e-4 -0.4031637 0.253342 -9.18619e-4 -0.4239282 0.2430551 -9.18619e-4 -0.4176967 0.2586171 0.01418823 -0.4311946 0.2456926 0.01418823 -0.4249632 0.2612547 0.02929532 -0.4239282 0.2430551 0.02929532 -0.4176967 0.2586171 0.02929532 -0.4093951 0.2377798 0.02929532 -0.4031637 0.253342 0.02593797 -0.4180472 0.2207916 0.01418823 -0.4123958 0.2187402 0.02593797 -0.4293503 0.2248944 0.01418823 -0.4350022 0.2269459 0.002438545 -0.4293503 0.2248944 0.002438545 -0.4180472 0.2207916 0.01418823 -0.4267027 0.2009946 0.008974373 -0.4292106 0.201905 0.008974373 -0.4342265 0.2037255 0.01418823 -0.4367343 0.2046358 0.01940226 -0.4342265 0.2037255 0.01940226 -0.4292106 0.201905 0.1539414 -0.3721449 0.2457224 0.1903494 -0.2070649 0.2702499 0.3062737 0.1277093 0.2772759 0.2521523 0.2530757 0.1554299 0.1105226 0.3720619 0.3669739 0.1551349 0.294634 0.5415221 0.1848466 -0.01020485 -0.006296694 0.2160019 -0.1188735 0.1134589 0.07653766 -0.2059722 0.4541672 0.1582854 -0.1891451 0.3691723 0.177612 -0.08292895 0.566758 0.1886423 0.1917976 0.620938 0.2393782 -0.08354967 0.4479655 0.305719 0.1099258 0.3192403 0.3096792 0.03809589 0.2877213 0.1539414 -0.3847185 0.3086702 0.0982744 -0.4036586 0.3483144 0.3597008 0.2341989 0.595449 0.2569164 0.188899 0.5734212 0.3699004 0.1730552 0.4129003 0.2632826 -0.1372303 0.2324424 0.1025398 -0.4131681 0.219389 0.1136322 -0.4361126 0.2860172 0.3911604 0.2296298 0.5265575 1.27588e-5 0.2266823 0.6528908 -0.1539159 -0.3721449 0.2457224 -0.1903237 -0.2070649 0.2702499 -0.1104968 0.2813428 -0.03326267 -0.306248 0.1277093 0.2772759 -0.2521267 0.2530757 0.1554299 -0.1104968 0.3720619 0.3669739 -0.1551094 0.294634 0.5415221 -0.1848211 -0.01020485 -0.006296694 -0.2159764 -0.1188735 0.1134589 -0.07651209 -0.2059722 0.4541672 -0.15826 -0.1891451 0.3691723 -0.1966634 0.1792165 -0.02902221 -0.1775867 -0.08292895 0.566758 -0.1886167 0.1917976 0.620938 -0.2393528 -0.08354967 0.4479655 -0.3053053 0.1099258 0.3192403 -0.3096539 0.03809589 0.2877213 -0.1539159 -0.3847185 0.3086702 -0.09824883 -0.4036586 0.3483144 -0.3596755 0.2341989 0.595449 -0.2568909 0.188899 0.5734212 -0.369875 0.1730552 0.4129003 -0.263257 -0.1372303 0.2324424 -0.1025143 -0.4131681 0.219389 -0.1136066 -0.4361126 0.2860172 -0.3911349 0.2296298 0.5265575 1.26753e-5 -0.09969311 0.545973 1.27588e-5 -0.2183703 0.4955411 1.27588e-5 -0.3985219 0.4565031 0.1105226 0.2813428 -0.03326267 1.54411e-4 -0.4560235 0.2651117 1.27588e-5 -0.4312192 0.4022573 0.1966892 0.1792165 -0.02902221 1.27588e-5 0.1504633 0.6600068 0.2225744 0.1836194 0.5927568 0.3085241 0.1224448 0.3489533 0.253399 0.1815425 0.5577795 0.3576391 0.1706908 0.4202152 0.3773254 0.2235785 0.5258233 0.3536189 0.2255771 0.5792907 -0.2279462 0.1823188 0.5833174 -0.3090066 0.1244361 0.3536795 -0.2528144 0.1803724 0.5552918 -0.3556634 0.1703149 0.4213789 -0.3750994 0.222616 0.5257067 -0.352626 0.2242055 0.5767205 -0.1888566 0.1917976 0.6521039 -0.3056936 0.1099258 0.3192403 -0.2568909 0.188899 0.5734212 -0.369875 0.1730552 0.4129003 -0.3911349 0.2296298 0.5265575 -0.3596755 0.2341989 0.595449 -0.2279462 0.1897886 0.580606 -0.3090066 0.1319061 0.3509679 -0.2528144 0.1878423 0.5525802 -0.3556634 0.1777849 0.4186674 -0.3750994 0.230086 0.5229952 -0.352626 0.2316755 0.574009 0.1888822 0.1917976 0.6521039 0.3053307 0.1099258 0.3192403 0.2569164 0.188899 0.5734212 0.3699004 0.1730552 0.4129003 0.3911604 0.2296298 0.5265575 0.3597008 0.2341989 0.595449 0.2225744 0.1869304 0.5915551 0.3085241 0.125756 0.3477514 0.253399 0.1848535 0.5565777 0.3576391 0.1740019 0.4190133 0.3773254 0.2268894 0.5246214 0.3536189 0.2288881 0.5780889 0.07464146 -0.3716889 0.4360657 0.08630543 -0.4041432 0.3737687 -0.07461506 -0.3716889 0.4360657 -0.08627897 -0.4041432 0.3737687 1.30207e-5 -0.4007641 0.4588158 1.30207e-5 -0.4268315 0.4211273 0.07464033 -0.3401528 0.4254905 1.21503e-5 -0.362598 0.4647978 0.08630436 -0.3726069 0.3631933 -0.07461613 -0.3401528 0.4254905 -0.0862801 -0.3726069 0.3631933 0.167643 -0.1419073 0.4930165 0.1580566 -0.1476579 0.4965575 0.1751089 -0.1395544 0.4864378 0.1784535 -0.1412296 0.4785831 0.1767807 -0.1464841 0.4715579 0.1705389 -0.15391 0.4672444 0.1614004 -0.1615172 0.4667985 0.1518139 -0.1672677 0.4703391 0.1443483 -0.1696206 0.4769182 0.1410035 -0.1679455 0.4847726 0.1426763 -0.1626909 0.4917977 0.148918 -0.1552652 0.4961113 -0.1676137 -0.1419073 0.4930165 -0.1580273 -0.1476579 0.4965575 -0.1750794 -0.1395544 0.4864378 -0.1784242 -0.1412296 0.4785831 -0.1767514 -0.1464841 0.4715579 -0.1705096 -0.15391 0.4672444 -0.1613711 -0.1615172 0.4667985 -0.1517847 -0.1672677 0.4703391 -0.1443189 -0.1696206 0.4769182 -0.1409742 -0.1679455 0.4847726 -0.142647 -0.1626909 0.4917977 -0.1488887 -0.1552652 0.4961113 0.1520275 -0.1327371 0.5108204 0.1724691 -0.120475 0.5032701 0.1883887 -0.1154577 0.4892416 0.1955205 -0.1190299 0.4724933 0.1919537 -0.1302341 0.4575134 0.1786441 -0.1460683 0.4483155 0.1591579 -0.16229 0.4473643 0.1387163 -0.1745519 0.4549144 0.1227968 -0.1795691 0.468943 0.1156648 -0.1759971 0.4856912 0.1192316 -0.1647928 0.500671 0.1325411 -0.1489585 0.5098691 0.167643 -0.1419073 0.4930165 0.1580566 -0.1476579 0.4965575 0.1751089 -0.1395544 0.4864378 0.1784535 -0.1412296 0.4785831 0.1767807 -0.1464841 0.4715579 0.1705389 -0.15391 0.4672444 0.1614004 -0.1615172 0.4667985 0.1518139 -0.1672677 0.4703391 0.1443483 -0.1696206 0.4769182 0.1410035 -0.1679455 0.4847726 0.1426763 -0.1626909 0.4917977 0.148918 -0.1552652 0.4961113 -0.1519982 -0.1327371 0.5108204 -0.1724398 -0.120475 0.5032701 -0.1883593 -0.1154577 0.4892416 -0.1954911 -0.1190299 0.4724933 -0.1919242 -0.1302341 0.4575134 -0.1786147 -0.1460683 0.4483155 -0.1591285 -0.16229 0.4473643 -0.138687 -0.1745519 0.4549144 -0.1227675 -0.1795691 0.468943 -0.1156356 -0.1759971 0.4856912 -0.1192024 -0.1647928 0.500671 -0.1325119 -0.1489585 0.5098691 -0.1676137 -0.1419073 0.4930165 -0.1580273 -0.1476579 0.4965575 -0.1750794 -0.1395544 0.4864378 -0.1784242 -0.1412296 0.4785831 -0.1767514 -0.1464841 0.4715579 -0.1705096 -0.15391 0.4672444 -0.1613711 -0.1615172 0.4667985 -0.1517847 -0.1672677 0.4703391 -0.1443189 -0.1696206 0.4769182 -0.1409742 -0.1679455 0.4847726 -0.142647 -0.1626909 0.4917977 -0.1488887 -0.1552652 0.4961113 -0.02736467 -0.1090717 0.622 -0.03969526 -0.1023735 0.631059 0.02739083 -0.0956754 0.6401182 -0.02736467 -0.09567552 0.6401182 0.02739083 -0.1090716 0.622 0.03972142 -0.1023735 0.631059 0.02361541 -0.08782887 0.5920135 0.01593828 -0.0992636 0.5765481 -0.01591205 -0.07639408 0.6074791 0.01593834 -0.07639408 0.6074791 -0.02358925 -0.08782887 0.5920135 -0.01591205 -0.0992636 0.5765481 0.01449382 -0.09905093 0.5929089 0.009997129 -0.105749 0.5838499 -0.04365628 -0.1025862 0.6146982 -0.06470853 -0.09115141 0.6301637 0.04368269 -0.07971662 0.6456292 -0.04365628 -0.07971662 0.6456292 -0.009970843 -0.09235298 0.6019681 0.009997129 -0.0923528 0.6019681 -0.01446741 -0.09905093 0.5929089 -0.009970843 -0.1057491 0.5838499 0.04368263 -0.1025862 0.6146982 0.06473481 -0.09115141 0.6301637 -0.02736467 -0.1090717 0.6562962 -0.03969526 -0.1023735 0.6653553 0.02739083 -0.0956754 0.6744146 -0.02736467 -0.09567552 0.6744146 0.02739083 -0.1090716 0.6562962 0.03972142 -0.1023735 0.6653553 -0.04365628 -0.1025862 0.6489944 -0.06470853 -0.09115141 0.66446 0.04368269 -0.07971662 0.6799254 -0.04365628 -0.07971662 0.6799254 0.04368263 -0.1025862 0.6489944 0.06473481 -0.09115141 0.66446 0.04364192 0.3216438 0.6330292 0.05383074 0.3367155 0.6006789 0.02888661 0.08650994 0.606569 0.0185815 0.07124251 0.6392257 0.04273194 0.5420485 0.8296509 0.08910053 0.610555 0.6820734 0.226779 1.378951 0.7261653 0.02888661 0.08650994 0.606569 0.05383074 0.3367155 0.6006789 0.03036487 0.07780039 0.6247541 0.05529958 0.3281173 0.6186926 0.05383074 0.3367155 0.6006789 0.08910053 0.610555 0.6820734 0.09583419 0.5714445 0.7642846 0.007235944 0.4172604 0.7695732 0.04190522 0.4260584 0.7499404 -0.01840883 0.1892758 0.6332043 -0.05341076 0.1803382 0.6530258 -0.001514077 0.6377005 0.8702214 0.1566086 0.6775515 0.7806512 0.09275853 1.423629 0.9012613 -0.01840883 0.1892758 0.6332043 0.04190522 0.4260584 0.7499404 -0.03144145 0.1822973 0.6472275 0.02899676 0.4191725 0.7638249 0.1566086 0.6775515 0.7806512 0.09768009 0.6462756 0.8440088 -0.032646 0.3216438 0.6330292 -0.02245754 0.3367155 0.6006789 -0.04740262 0.08650994 0.606569 -0.05770576 0.07124251 0.6392257 -0.03355664 0.5420485 0.8296509 0.01281148 0.610555 0.6820734 -0.07880115 1.378951 0.7261653 -0.04740262 0.08650994 0.606569 -0.02245754 0.3367155 0.6006789 -0.0459246 0.07780039 0.6247541 -0.02098733 0.3281173 0.6186926 -0.02245754 0.3367155 0.6006789 0.01281148 0.610555 0.6820734 0.01954501 0.5714445 0.7642846 -0.04046791 0.4053875 0.7679422 -0.009848237 0.4253841 0.7498478 0.0131542 0.1822015 0.6322325 -0.01774275 0.1619601 0.6505014 -0.1244485 0.6099217 0.8664057 0.01529383 0.7008634 0.7838535 -0.06601369 1.461373 0.9064462 0.0131542 0.1822015 0.6322325 -0.009848237 0.4253841 0.7498478 0.002562463 0.171171 0.6456989 -0.02034771 0.414483 0.7631807 0.01529383 0.7008634 0.7838535 -0.0326839 0.651251 0.8446922 0.02388495 0.3265053 0.6286328 0.0405718 0.3394899 0.5981701 -0.02255809 0.09612715 0.5978721 -0.03942996 0.08297312 0.6286177 0.04946541 0.5449915 0.8269895 0.1254439 0.6039931 0.6880072 0.421137 1.338717 0.7625496 -0.02255809 0.09612715 0.5978721 0.0405718 0.3394899 0.5981701 -0.02492243 0.08748686 0.6159944 0.03823935 0.3309568 0.6161249 0.0405718 0.3394899 0.5981701 0.1254439 0.6039931 0.6880072 0.1148418 0.5651837 0.7699465 -0.04600393 0.3225651 0.6321957 -0.05205899 0.3383935 0.5991616 0.01281309 0.09549659 0.5984424 0.01892584 0.07946431 0.6317907 -0.1062896 0.5317637 0.8389515 -0.1339313 0.6037001 0.6882724 -0.3734958 1.353443 0.7492323 0.01281309 0.09549659 0.5984424 -0.05205899 0.3383935 0.5991616 0.02268648 0.08886802 0.6147455 -0.04228365 0.3318538 0.6153136 -0.05205899 0.3383935 0.5991616 -0.1339313 0.6037001 0.6882724 -0.08933579 0.5739873 0.7619854 -0.02801632 0.4034454 0.7676754 -9.2858e-5 0.4274756 0.750135 0.05644226 0.1897732 0.6332726 0.02827399 0.1654624 0.6509824 -0.1401506 0.5944676 0.8642827 -0.01266962 0.7038208 0.7842597 -0.1928439 1.446314 0.9043777 0.05644226 0.1897732 0.6332726 -9.2858e-5 0.4274756 0.750135 0.04721122 0.1773769 0.6465515 -0.009247362 0.4152205 0.763282 -0.01266962 0.7038208 0.7842597 -0.05452811 0.6480187 0.8442481</float_array>
          <technique_common>
            <accessor source="#rome_helmet_b-Geometry_002-mesh-positions-array" count="647" stride="3">
              <param name="X" type="float"/>
              <param name="Y" type="float"/>
              <param name="Z" type="float"/>
            </accessor>
          </technique_common>
        </source>
        <source id="rome_helmet_b-Geometry_002-mesh-normals">
          <float_array id="rome_helmet_b-Geometry_002-mesh-normals-array" count="1929">-0.1546488 0.9848837 0.07802563 -0.1432474 0.6634455 0.7343843 0.009352087 0.7437838 0.6683549 0.2477108 0.9655205 0.08006024 0.1553452 0.662949 0.7323705 0.1545034 -0.9844509 -0.08357775 -0.04852324 -0.9952176 -0.08477944 -0.01467335 -0.9947874 -0.1009094 0.04867821 0.995676 0.07911831 0.2754679 -0.95591 -0.1017521 -0.7876113 -0.6131206 -0.06124997 -0.7788363 0.0447117 0.6256316 -0.9980596 0.03852272 -0.04892015 0.7872472 -0.6163281 0.01953524 0.7343411 0.07180207 0.6749723 0.5871158 -0.4805552 0.6514307 -0.2472627 -0.965158 -0.08562332 0.575629 0.267809 0.7726122 -0.01436167 0.06157582 0.9979991 -0.648303 0.2606487 0.7153779 -0.9480696 0.3162143 -0.03424525 -0.02807062 -0.9989818 -0.03532177 0.9955711 0.07780522 0.05277109 -0.0481621 -0.772459 0.6332358 -0.6297321 -0.4654782 0.6219063 -0.004172682 0.01164865 0.9999235 -0.08591198 0.033468 0.9957405 -0.2988955 -0.9495055 -0.09539955 0.9328576 0.3558169 0.05631417 0.07917207 0.03097277 0.9963797 0.5959723 -0.07923245 -0.7990866 1.54419e-7 0.03783625 -0.999284 0.7150888 0.1934648 -0.6717287 0.8539307 0.1876479 0.4853767 0.8274957 -0.501089 -0.2533 0.509373 -0.708247 -0.4887999 9.67381e-7 -0.9806614 -0.1957123 0.5858052 -0.8071976 0.07255631 0.5837155 -0.4058248 0.7032656 -0.8446146 0.2805595 0.4559746 -0.8477382 -0.3516826 -0.3970636 -0.8462111 0.1986444 0.4944362 -2.17392e-6 0.4539832 0.8910102 -3.23651e-6 0.3276438 0.9448014 0.5837192 -0.4058319 0.7032585 0.821808 0.06496131 0.5660493 -0.8258358 -0.4740583 -0.3053914 -0.8218069 0.06496804 0.56605 -3.47364e-6 -0.6983729 -0.7157341 -2.99121e-6 -0.6983702 -0.7157368 0.5858055 -0.807198 0.07254987 -2.10547e-6 -0.9806615 -0.1957116 0.8218055 0.0649687 0.566052 0.8258344 -0.4740599 -0.3053929 -3.5826e-6 0.3276478 0.9448 -0.8812832 -0.4042347 -0.2448149 -0.8218146 0.06495982 0.5660399 -0.8462133 0.1986424 0.4944333 0.8462102 0.1986463 0.4944373 0.8477371 -0.3516824 -0.3970659 -3.18769e-6 0.4539846 0.8910096 -0.8897843 0.2391635 0.3886963 0.8446134 0.2805605 0.455976 -0.5858061 -0.8071971 0.07255536 -0.5837166 -0.4058244 0.7032649 -2.07661e-6 -0.5240411 -0.8516931 -2.18213e-6 -0.5923867 -0.8056539 1.16033e-6 -0.2378238 0.9713084 0.8897757 0.2391719 0.3887108 -0.8258283 -0.4740633 -0.305404 -0.5837215 -0.4058309 0.7032572 -0.1721556 -0.7918067 -0.5860074 -0.3422495 -0.8093915 -0.4772323 -2.26545e-6 -0.2378221 0.9713088 -0.5858084 -0.8071957 0.07255178 0.8462132 0.1986459 0.4944323 0.8258296 -0.4740612 -0.3054037 0.8812913 -0.4042335 -0.2447879 -3.48504e-6 0.3276429 0.9448017 0.5837008 -0.4058306 0.7032745 0.8218081 0.06496572 0.5660486 -3.63447e-6 -0.69837 -0.7157369 0.585808 -0.8071953 0.07255941 -7.42623e-6 -0.9806594 -0.1957228 -0.8812911 -0.4042327 -0.2447897 -0.8218146 0.06496196 0.5660396 -0.846217 0.1986434 0.4944266 -3.2636e-6 0.453985 0.8910093 -0.8897805 0.2391665 0.3887032 0.8897793 0.2391679 0.3887051 -0.8258274 -0.4740632 -0.3054066 -0.5837032 -0.4058352 0.7032698 -1.8935e-6 -0.9215306 -0.3883059 -3.42146e-6 -0.8190611 -0.5737065 -7.03092e-6 -0.2378143 0.9713107 -0.5858096 -0.8071939 0.07256108 -0.8258309 -0.4740633 -0.3053972 -0.8462097 0.198642 0.4944396 -0.8812832 -0.4042376 -0.2448102 7.5399e-7 -0.9806612 -0.1957132 0.5858057 -0.8071973 0.0725556 0.5837165 -0.4058254 0.7032644 0.8477381 -0.3516814 -0.3970648 0.8446145 0.2805595 0.4559746 0.846211 0.1986457 0.4944358 5.5839e-7 0.4539835 0.8910102 5.54332e-7 0.5240411 0.851693 -0.5837212 -0.4058314 0.703257 -1.01559e-6 0.3276442 0.9448013 -0.8218082 0.06495982 0.5660493 0.8258357 -0.4740585 -0.3053916 4.71729e-7 -0.6983733 -0.7157337 -0.5858055 -0.8071973 0.07255607 -0.8258352 -0.474059 -0.3053919 -9.0728e-7 -0.6983699 -0.7157371 -0.5858088 -0.8071951 0.07255446 -0.8218064 0.06496822 0.5660508 -0.5837159 -0.4058248 0.7032653 6.73492e-7 0.3276476 0.9448001 0.8218129 0.06495893 0.5660423 0.881282 -0.4042378 -0.2448141 0.846212 0.1986411 0.4944362 -0.8462108 0.1986456 0.4944363 -0.8477377 -0.3516819 -0.3970651 3.36117e-7 0.4539838 0.89101 0.8897833 0.2391642 0.3886982 7.67542e-7 0.5240423 0.8516923 -0.8446142 0.2805597 0.4559749 0.8218068 0.06496846 0.5660501 -0.8533329 -0.2732174 -0.4440442 -2.03434e-6 -0.9806616 -0.1957112 0.585807 -0.8071968 0.07255089 0.5837206 -0.4058309 0.7032579 6.29276e-7 -0.5240413 -0.851693 5.75388e-7 -0.5923868 -0.8056538 0.8533332 -0.2732169 -0.4440439 -0.889783 0.2391646 0.3886984 0.825827 -0.4740658 -0.3054038 -0.4963424 -0.8016031 -0.3332816 3.68533e-7 -0.9214834 -0.388418 4.27685e-7 -0.8190251 -0.5737577 0.4963431 -0.8016027 -0.3332816 -0.8258289 -0.4740626 -0.305404 -0.8462125 0.1986446 0.4944339 -0.8812905 -0.4042359 -0.2447869 -0.583701 -0.4058303 0.7032745 5.61241e-6 0.3276435 0.9448015 -0.8218073 0.06496524 0.5660497 5.43295e-6 -0.6983696 -0.7157374 -0.5858079 -0.8071956 0.07255643 0.821815 0.06496173 0.5660389 0.8812911 -0.4042339 -0.2447881 0.846217 0.1986412 0.4944275 5.29657e-6 0.4539844 0.8910096 0.8897807 0.2391667 0.3887025 6.2256e-6 0.5240441 0.8516911 8.90577e-6 -0.9806593 -0.1957229 0.5858107 -0.8071931 0.07256197 0.5837043 -0.4058343 0.7032694 -0.8897787 0.2391685 0.3887062 0.8258278 -0.4740625 -0.3054069 -0.4962795 -0.8016772 -0.3331973 2.96097e-6 -0.9215308 -0.3883056 5.51459e-6 -0.8190613 -0.5737061 0.496285 -0.8016743 -0.3331959 9.50372e-6 -0.46709 -0.8842099 -2.18683e-4 -0.916475 -0.4000922 -0.5061665 -0.6655696 -0.5484639 -0.9622806 0.0455811 -0.2682136 -0.8468964 -0.1340481 -0.5145851 -0.8939774 -0.4213567 -0.1525223 -0.5959721 -0.07923293 -0.7990866 -0.3959919 -0.9011136 -0.1765918 0.5060266 -0.6656804 -0.5484584 0.8468965 -0.1340469 -0.514585 0.9622853 0.04560279 -0.2681927 0.8939779 -0.4213556 -0.1525224 -0.7150851 0.1934606 -0.6717339 6.20493e-7 0.3832401 -0.9236488 0.3958632 -0.9011291 -0.1768012 0.8223603 0.3554019 -0.4443121 -0.8533333 -0.273217 -0.4440436 -1.96148e-6 0.5240408 0.8516932 -3.28338e-6 0.5240428 0.8516921 -0.4963456 -0.8016014 -0.3332812 0.8533323 -0.2732178 -0.4440451 0.8210379 -0.1689465 -0.5453018 -2.72903e-6 0.5240437 0.8516915 -0.4962847 -0.8016744 -0.3331965 0.4962812 -0.8016761 -0.3331974 4.65308e-7 -0.2378222 0.9713087 -1.39519e-6 -0.2378228 0.9713087 9.03382e-6 -0.2378151 0.9713104 -0.8223599 0.3553808 -0.4443296 0.9349578 -0.08363157 -0.3447605 0.9923322 -0.1073567 -0.06124913 0.9331618 -0.3564037 -0.04674893 -0.5990519 -0.5308476 0.5994478 -2.06954e-7 -0.5558395 0.8312896 -0.533645 -0.4716458 0.7019781 -0.8494246 0.4471138 -0.2802986 -0.8276271 -0.5589916 -0.05061441 -0.851213 -0.5146319 0.1029103 8.3805e-7 -0.900031 -0.4358261 -0.5843044 -0.5969927 -0.5497163 -0.5818145 0.08426797 -0.8089444 0.8481399 0.4918095 -0.1969318 0.8512146 -0.5146279 0.1029179 0.8494282 0.4471119 -0.2802905 1.06817e-6 0.8929 -0.4502552 -2.37205e-6 0.8171272 -0.5764575 -0.5818172 0.08426564 -0.8089426 -0.8229376 0.3790927 -0.4231581 0.8276337 -0.5589815 -0.05061775 0.8229358 0.3791016 -0.4231533 5.08348e-7 -0.9898573 0.1420655 -2.37951e-6 -0.9898568 0.1420688 -0.5843214 -0.596996 -0.5496948 -4.98566e-6 -0.9000248 -0.4358388 -0.8229348 0.3791016 -0.423155 -0.8276329 -0.5589826 -0.05061864 6.14227e-7 0.8171271 -0.5764577 0.8512119 -0.5146328 0.1029157 0.8229425 0.3790881 -0.4231525 0.8494259 0.4471138 -0.2802945 -0.8494276 0.4471123 -0.2802915 -0.851214 -0.514629 0.1029173 2.79364e-7 0.8928988 -0.4502575 0.8481389 0.4918105 -0.1969342 -0.8481394 0.4918104 -0.1969323 0.5843053 -0.5969929 -0.5497153 0.5818156 0.08426773 -0.8089435 1.34042e-6 -0.9283407 0.3717308 1.19613e-6 -0.9576495 0.2879364 8.52194e-7 0.382807 -0.9238285 -0.8481385 0.4918112 -0.1969338 0.8276221 -0.5589994 -0.05060917 0.5818141 0.08426845 -0.8089445 8.23245e-7 -0.9283413 0.3717293 0 -0.9576498 0.2879354 -5.08564e-6 0.382812 -0.9238263 0.5843184 -0.5970003 -0.5496933 -0.8494282 0.4471124 -0.2802898 -0.827631 -0.558986 -0.05061316 -0.8512125 -0.5146314 0.102917 -1.90463e-6 0.8171244 -0.5764614 -0.5818129 0.08427619 -0.8089446 -0.8229381 0.3790948 -0.4231548 -1.80627e-6 -0.9898571 0.1420668 -0.5843074 -0.5969921 -0.5497139 2.27267e-7 -0.900024 -0.4358406 0.8512118 -0.5146316 0.1029224 0.8229437 0.3790892 -0.4231492 0.8494298 0.4471125 -0.2802848 8.27144e-7 0.8929005 -0.4502542 0.84814 0.4918103 -0.1969299 -0.8481392 0.4918113 -0.1969308 0.8276262 -0.5589934 -0.05060911 0.5818113 0.08427613 -0.8089458 1.63594e-6 -0.9283411 0.3717294 1.07541e-6 -0.9576499 0.2879354 0 0.3828085 -0.9238278 0.5843071 -0.596991 -0.5497153 0.8276268 -0.5589923 -0.05061256 0.8494243 0.4471164 -0.2802952 0.8512129 -0.5146313 0.1029145 -9.51682e-7 -0.900031 -0.435826 -0.5843058 -0.5969927 -0.5497151 -0.5818159 0.08426803 -0.8089433 -0.8512139 -0.5146294 0.102916 -0.8481391 0.4918106 -0.1969327 -0.8494275 0.4471114 -0.2802933 -5.1491e-7 0.8928997 -0.4502558 -1.93623e-7 0.9283412 -0.3717293 0.5818121 0.08426827 -0.808946 -3.16811e-6 0.8171262 -0.5764589 0.8229374 0.379094 -0.423157 -0.827633 -0.5589824 -0.05061888 -1.06672e-6 -0.9898574 0.1420651 0.5843053 -0.5969932 -0.5497151 0.8276327 -0.558983 -0.05061876 -3.10282e-6 -0.9898569 0.1420686 0.5843164 -0.5969985 -0.5496973 0.8229346 0.3791022 -0.423155 0.581815 0.08426809 -0.808944 -8.72849e-7 0.8171274 -0.5764573 -0.8229445 0.3790861 -0.4231501 -0.8512134 -0.5146297 0.1029179 -0.8494275 0.4471132 -0.2802907 0.8494274 0.4471117 -0.2802934 0.8512136 -0.5146297 0.1029165 -3.89468e-6 0.8928995 -0.450256 -0.8481407 0.4918082 -0.1969316 -4.00154e-6 0.9283394 -0.3717337 0.848139 0.4918109 -0.1969326 -0.8229351 0.3791015 -0.423155 0.8578001 -0.4771521 0.1910626 -4.85784e-6 -0.9000252 -0.4358381 -0.5843203 -0.5969942 -0.5496979 -0.5818158 0.08426564 -0.8089435 -3.27188e-7 -0.9283407 0.3717306 -3.51156e-7 -0.9576498 0.2879357 -0.8578004 -0.4771516 0.1910629 0.8481385 0.4918112 -0.1969338 -0.827624 -0.5589968 -0.05060857 0.8577979 -0.4771567 0.1910611 -4.169e-6 -0.9283412 0.3717294 -3.84626e-6 -0.9576493 0.2879372 -0.8578001 -0.4771533 0.19106 0.82763 -0.5589874 -0.05061382 0.8494274 0.447113 -0.2802909 0.8512119 -0.5146325 0.1029162 0.5818123 0.08427768 -0.8089449 -9.59051e-7 0.8171245 -0.5764614 0.8229371 0.3790953 -0.4231563 -1.40338e-6 -0.989857 0.142068 0.5843082 -0.5969905 -0.5497149 -0.8229438 0.3790877 -0.4231504 -0.851212 -0.5146316 0.1029204 -0.84943 0.4471113 -0.280286 -2.61838e-6 0.8929004 -0.4502543 -0.84814 0.4918097 -0.1969308 -2.68921e-6 0.9283422 -0.3717269 -5.0993e-6 -0.9000238 -0.4358411 -0.5843074 -0.5969898 -0.5497164 -0.5818126 0.08427363 -0.8089451 0.8481384 0.4918125 -0.1969308 -0.8276264 -0.5589931 -0.05061078 0.8578017 -0.477149 0.1910634 -3.18745e-6 -0.9283409 0.3717302 -2.68305e-6 -0.9576501 0.2879345 -0.8578035 -0.4771465 0.1910617 0.7328639 0.6790319 0.04273545 0.9656128 0.2455754 -0.08534997 0.8282735 0.5259441 -0.193251 0.928304 -0.009335219 -0.3717051 -1.09498e-5 -0.901127 0.4335551 3.2519e-4 -0.9999004 0.01411503 0.5144786 -0.8569572 0.03059762 0.2175171 0.1682197 0.9614512 0 0.09295773 0.9956701 0 -0.1188863 0.9929079 0 -0.5127248 0.8585531 0.5336452 -0.4716457 0.701978 0.4863715 -0.4908766 0.7228298 0.7172096 -0.5280861 0.4546818 0.8737703 -0.4305509 0.2261666 0.8311188 -0.4279648 0.3550885 0.07184112 0.4032218 0.9122779 0.2061377 -0.4766424 0.8545873 0.1767846 0.6863227 0.7054846 0.94657 0.1819109 0.2662963 0.5265665 0.8283132 0.1913767 -0.9925643 -0.1060978 -0.05966013 -0.9349548 -0.0836386 -0.3447667 -0.9331614 -0.3564049 -0.04674899 0.8410944 -0.4271473 0.3318215 0.7987618 -0.273744 -0.5357648 -0.8737708 -0.4305507 0.226165 -0.8313153 -0.4276319 0.3550294 -0.9282969 -0.009352624 -0.3717222 -0.8282734 0.5259442 -0.1932509 -0.9009219 0.1439732 -0.4094039 0.9009242 0.1439731 -0.409399 0.2307173 -0.592687 0.7716811 0.007415235 0.1416044 0.9898957 0.1350327 0.8140671 0.5648549 0.5990521 -0.5308476 0.5994477 0.508224 -0.7120732 -0.4844174 -0.7328636 0.6790322 0.04273492 -0.9661149 0.2444699 -0.08280384 -0.5266078 0.8282962 0.1913365 0.5685103 0.3056151 0.7638033 0.2122158 -0.4916195 0.8445559 0.4045518 -0.7542333 0.517175 -0.514335 -0.857046 0.03052508 -0.6072415 0.7138357 -0.3488501 -0.2176407 0.1681133 0.9614419 -0.4863719 -0.4908765 0.7228296 -0.7172098 -0.5280863 0.4546812 -0.1767848 0.6863231 0.7054841 -0.1691545 -0.3736304 0.9120236 -0.07183587 0.4031921 0.9122915 -0.988014 0.1096476 0.1086553 -0.8410944 -0.4271475 0.3318212 -0.7987621 -0.2737436 -0.5357646 0 -0.3032665 0.9529058 0.6072418 0.7138356 -0.3488498 -0.009176015 0.1835387 0.9829697 -0.1348552 0.8141174 0.5648248 -0.5079212 -0.7123017 -0.4843993 0.08300381 -0.8551018 -0.5117727 -0.4568321 -0.6949671 -0.5552704 -0.418793 -0.8722697 0.2525035 -0.332534 0.08647495 0.9391185 -0.2072898 -0.4766243 0.8543186 -0.2122771 -0.4914625 0.844632 0.1691538 -0.3736323 0.9120231 -0.4504709 -0.3893214 -0.8034332 -0.2203972 -0.6205279 0.7525757 0.3326362 0.08643209 0.9390861 0.2470566 -0.9557169 -0.1599014 0.2179264 -0.9481973 -0.2311498 -0.2268856 -0.8096375 -0.5413042 -0.4041928 -0.752529 0.5199311 -0.2471336 -0.9556841 -0.1599778 0.4710393 -0.8696247 0.147902 0.5470648 -0.6204082 0.5619732 -0.1089495 -0.1944872 0.9748358 -0.2080368 -0.9499021 -0.2332525 0.4300681 -0.6805574 0.5931974 0.2277165 -0.8078822 -0.5435729 0.5937971 -0.7904049 0.1505499 -0.5948612 -0.7893822 0.1517104 -0.4700896 -0.8696283 0.1508724 -0.5470819 -0.6205834 0.5617631 -0.4301937 -0.6807134 0.5929272 -0.08249413 -0.8542321 -0.5133053 0.4568998 -0.6932491 -0.5573585 0.1090824 -0.1947324 0.974772 0.4189515 -0.8725426 0.2512949 -0.7263752 -0.1902524 0.6604417 -1.15649e-6 -0.8313052 0.5558163 1.09582e-6 -0.5591921 0.8290383 0.986163 0.05273813 0.1571664 0.7263875 -0.1902291 0.6604349 0.8729171 -0.3461686 0.3437776 -0.9861615 0.05267924 0.1571959 -0.8729012 -0.3461982 0.3437885 -7.43358e-6 -0.05399698 0.9985411 0.575545 -0.7146661 0.3974927 -0.5755236 -0.7146763 0.3975055 0.5768481 -0.8161388 -0.03411316 0.6885918 -0.7251281 -0.005542278 0.575261 -0.8172681 -0.03388088 0.7308979 -0.4613264 0.5029574 0.7907853 -0.5188834 0.3246825 0.7892996 -0.5151631 0.3340858 0.293159 -0.746078 0.5978507 0.2876669 -0.8563727 0.4288048 0.2992445 -0.7265252 0.6185579 0.456837 -0.8889783 0.03189831 0.4356532 -0.8984712 0.05436831 0.7863083 -0.5971365 0.1585794 0.7757389 -0.6192281 0.1215972 0.3592268 -0.6092856 0.7069139 0.3700401 -0.5951812 0.7133231 0.4792785 -0.4975013 0.7230385 0.5941752 -0.4520702 0.6652733 0.6181899 -0.4481433 0.6457623 0.3487333 -0.9156675 0.1998459 0.3341904 -0.9126434 0.2353694 0.7104939 -0.7035878 0.01275378 0.4725232 -0.5016995 0.7245823 0.7164499 -0.456255 0.5277603 0.2875828 -0.8560247 0.4295554 -0.5768488 -0.8161382 -0.0341165 -0.6885921 -0.7251278 -0.005545198 -0.710496 -0.7035858 0.01275008 -0.7907855 -0.5188813 0.3246853 -0.7308986 -0.4613254 0.5029575 -0.7893018 -0.5151617 0.3340827 -0.29316 -0.7460779 0.5978504 -0.2876685 -0.8563719 0.4288052 -0.2875841 -0.8560246 0.4295548 -0.4568365 -0.8889787 0.03189796 -0.4356528 -0.8984714 0.05436778 -0.7863109 -0.5971344 0.158574 -0.3592283 -0.6092857 0.706913 -0.2992454 -0.7265251 0.6185575 -0.5941801 -0.452069 0.6652696 -0.4792789 -0.497501 0.7230384 -0.6181925 -0.4481434 0.6457597 -0.3487325 -0.9156675 0.1998473 -0.3341919 -0.912643 0.2353687 -0.7757421 -0.6192249 0.1215939 -0.3700408 -0.5951819 0.7133221 -0.7164493 -0.4562531 0.5277628 0.857801 -0.4771509 0.1910614 1.22628e-6 0.928341 -0.3717299 5.59354e-7 0.9283379 -0.3717375 0.8577982 -0.4771558 0.1910616 -0.8578004 -0.4771516 0.1910631 -0.8577979 -0.4771561 0.1910629 1.54898e-6 0.9283425 -0.3717262 0.8578032 -0.4771469 0.1910615 -0.8578026 -0.4771482 0.1910607 -5.06161e-7 0.382805 -0.9238293 -4.21973e-6 0.3828149 -0.9238251 -5.20934e-6 0.3828095 -0.9238274 0.8113297 0.1858878 0.5542471 -0.8113389 0.1858335 0.5542519 0.5755087 -0.7146835 0.3975138 0.5755362 -0.7146676 0.3975027 0.5755174 -0.71468 0.3975076 0.5755296 -0.7146727 0.3975031 0.5755171 -0.7146814 0.3975056 0.5755321 -0.7146666 0.3975104 0.5755407 -0.7146626 0.3975051 0.5755259 -0.7146728 0.3975082 0.5755503 -0.7146633 0.3974901 -0.5755371 -0.7146643 0.3975071 -0.5755171 -0.7146831 0.3975026 -0.5755258 -0.714677 0.3975009 -0.5755359 -0.7146648 0.3975083 -0.5755248 -0.7146759 0.3975042 -0.5755183 -0.7146805 0.3975054 -0.5755282 -0.7146724 0.3975056 -0.5755175 -0.7146793 0.3975088 -0.5755408 -0.7146638 0.3975027 -0.5752624 -0.817267 -0.03388339 -0.472523 -0.5017 0.7245821 -0.2857821 -0.8189116 0.4977073 -0.08363032 -0.9956879 -0.04014521 0.2857884 -0.8189119 0.4977031 0.06785219 -0.5892774 0.8050765 0.3521646 -0.7391238 0.5741743 0.1903859 -0.4884322 0.8515793 0.2792798 -0.9597448 -0.02987718 -0.5571578 -0.7918787 -0.2500067 0.5571606 -0.7918783 -0.2500016 -0.3521668 -0.7391228 0.5741744 -0.3513459 -0.935084 -0.04662603 -0.06785255 -0.5892808 0.8050742 0.08363157 -0.9956882 -0.04013514 -0.2792764 -0.9597455 -0.02989035 0.4879062 -0.7378032 0.4664697 0.2450379 -0.5706607 0.7837747 0.7041931 -0.5351495 0.4666125 -0.704192 -0.5351507 0.4666127 0.2837288 -0.4056746 0.868865 -0.1903914 -0.4884332 0.8515774 0.3513359 -0.9350874 -0.04663556 -0.4879128 -0.7377992 0.4664692 -0.2450345 -0.5706627 0.7837743 -0.2837165 -0.405669 0.8688715 -0.2857823 -0.8189134 0.4977043 -0.08363097 -0.9956879 -0.0401467 0.2857905 -0.8189131 0.4976998 0.06785225 -0.589276 0.8050776 0.3521661 -0.7391229 0.5741747 0.1903872 -0.4884254 0.8515829 -0.3521685 -0.739122 0.5741742 -0.351346 -0.9350839 -0.04662668 -0.06785202 -0.5892794 0.8050751 0.08363163 -0.9956882 -0.04013669 -0.1903941 -0.4884263 0.8515809 0.3513358 -0.9350873 -0.04663628 -0.5318965 -0.2419171 0.8115185 -0.9609265 0.149759 -0.2327929 -0.9610789 0.08971518 -0.2613018 -0.3365792 0.05705094 0.9399254 -0.3997003 -0.2635619 0.8779378 -0.9588087 0.1854301 -0.215178 0.1829426 0.9824321 -0.03686869 0.9864823 -0.101378 -0.1287448 0.9864714 -0.1013839 -0.1288235 0.924075 -0.08301281 0.3730875 0.9708712 -0.178438 0.1599031 0.9881772 -0.09048652 -0.1237666 0.9805219 -0.1336768 -0.1439012 0.9391199 -0.2023515 0.2776831 -0.8915377 -0.107515 0.4400013 -0.52648 0.3950338 -0.7528394 -0.5218067 0.4803661 -0.7049584 -0.898396 0.01390051 0.4389665 -0.8801615 -0.06298691 0.4704768 -0.5197988 0.1909248 -0.8326807 0.008604645 0.9959535 0.08945739 0.7574304 -0.4335982 0.4881514 0.759248 -0.4187776 0.4981645 0.5087166 -0.4812217 0.713886 0.5298385 -0.4481827 0.7200024 0.7634862 -0.1850116 0.6187564 0.5508605 -0.2528305 0.7953802 -0.5319094 -0.2418869 0.8115192 -0.9609284 0.1497569 -0.2327865 -0.9610922 0.08971565 -0.2612528 -0.3365387 0.05702197 0.9399417 -0.3566691 -0.2968812 0.885804 -0.9571437 0.02658087 -0.2883911 -0.09865373 0.9943991 -0.03792107 0.9864833 -0.1013816 -0.1287341 0.9864608 -0.1013942 -0.1288969 0.9240967 -0.08302348 0.3730314 0.9708744 -0.1784414 0.1598806 0.9881712 -0.09046405 -0.1238305 0.9972762 0.03149253 -0.06669783 0.9443296 -0.07683503 0.3199035 -0.8256369 -0.3916228 0.4061469 -0.5948627 0.2085954 -0.7762901 -0.6213878 0.2926418 -0.7267998 -0.8741887 -0.2748618 0.4003064 -0.8643775 -0.2635039 0.4282725 -0.5549129 0.1033776 -0.8254604 -0.02659881 0.9953095 0.09301346 0.8377408 -0.1715009 0.5184379 0.8336153 -0.15416 0.5303964 0.6067897 -0.2985787 0.7366527 0.6175314 -0.2580133 0.7430236 0.8067103 -0.05906337 0.5879883 0.5745084 -0.1339076 0.8074707 -0.6781038 -0.1173352 0.7255396 -0.880585 0.3271152 -0.3428788 -0.8912276 0.2317261 -0.3898927 -0.4496414 0.1169465 0.8855203 -0.5407767 -0.1744045 0.8228875 -0.8692638 0.382929 -0.3126432 0.388083 0.9216173 0.0036152 0.9679391 -0.2510995 0.00656563 0.967938 -0.2511074 0.006410717 0.8405669 -0.2183246 0.4957638 0.8940358 -0.3519001 0.2772481 0.9538343 -0.2997599 -0.01855099 0.9398665 -0.3392973 -0.03909432 0.8398397 -0.3920369 0.3754686 -0.07607638 -0.3787738 0.9223572 -0.9574978 -0.2858358 0.03867965 -0.9647549 -0.2577692 0.05294483 -0.03044033 -0.00969237 0.9994896 -0.008606851 -0.3563103 0.934328 -0.9518237 -0.305285 0.02886217 -0.3196299 0.9474413 -0.01385182 0.8708632 0.2338685 -0.4323226 0.8708509 0.233859 -0.4323526 0.9641094 0.2576386 0.0641523 0.9616155 0.245588 -0.1224028 0.8507131 0.383324 -0.3596524 0.8591297 0.3395522 -0.3828845 0.9592089 0.2814562 0.02646958 -0.7726758 -0.4980058 0.3936526 -0.6042919 0.1283433 -0.7863583 -0.6433357 0.2089812 -0.7365094 -0.837796 -0.3870947 0.3850399 -0.8291543 -0.3764332 0.4132811 -0.5501139 0.03061336 -0.8345283 -0.1562932 0.9834854 0.09126466 0.8450675 -0.06019562 0.5312602 0.8380308 -0.04242044 0.5439715 0.6287147 -0.2172423 0.746675 0.6343002 -0.1744643 0.7531437 0.7983267 0.04664093 0.6004158 0.5732681 -0.05774676 0.8173304</float_array>
          <technique_common>
            <accessor source="#rome_helmet_b-Geometry_002-mesh-normals-array" count="643" stride="3">
              <param name="X" type="float"/>
              <param name="Y" type="float"/>
              <param name="Z" type="float"/>
            </accessor>
          </technique_common>
        </source>
        <source id="rome_helmet_b-Geometry_002-mesh-map-0">
          <float_array id="rome_helmet_b-Geometry_002-mesh-map-0-array" count="5664">0.7290309 0.01216506 0.7290309 0.22399 0.6859262 0.221951 0.6116085 0.01117777 0.6859262 0.221951 0.6417214 0.2221788 0.7236168 0.7168214 0.6673054 0.718723 0.6811466 0.5062208 0.6722698 0.01066619 0.7290309 0.01216506 0.6859262 0.221951 0.7236167 0.5033574 0.7236168 0.7168214 0.6811466 0.5062208 0.6336572 0.09673053 0.6754716 0.1545708 0.6774384 0.09366387 0.6316995 0.09838551 0.6730524 0.1566148 0.6297328 0.1592923 0.6060094 0.7166822 0.6811466 0.5062208 0.6673054 0.718723 0.7250165 0.1431832 0.7101674 0.1983098 0.679737 0.1953243 0.6774384 0.09366387 0.7299641 0.1512337 0.7319308 0.09032684 0.7012211 0.1592923 0.667959 0.09921318 0.7033707 0.09838551 0.6750191 0.09570789 0.7281789 0.1527417 0.6730524 0.1566148 0.6318098 0.09673053 0.6658094 0.1601201 0.6296602 0.1576374 0.7290309 0.22399 0.6859262 0.221951 0.6859262 0.221951 0.6417214 0.2221788 0.6859262 0.221951 0.6417214 0.2221788 0.6116085 0.01117777 0.6722698 0.01066619 0.6859262 0.221951 0.6336572 0.09673053 0.6316905 0.1576374 0.6754716 0.1545708 0.6316995 0.09838551 0.6750191 0.09570789 0.6730524 0.1566148 0.6060094 0.7166822 0.6363463 0.5046501 0.6811466 0.5062208 0.6499356 0.2000949 0.6365715 0.1456025 0.679737 0.1953243 0.6365715 0.1456025 0.6456553 0.1018213 0.679737 0.1953243 0.6456553 0.1018213 0.6818045 0.07573896 0.679737 0.1953243 0.6818045 0.07573896 0.7172161 0.09986358 0.679737 0.1953243 0.7172161 0.09986358 0.7250165 0.1431832 0.679737 0.1953243 0.6774384 0.09366387 0.6754716 0.1545708 0.7299641 0.1512337 0.7012211 0.1592923 0.6658094 0.1601201 0.667959 0.09921318 0.6750191 0.09570789 0.7301457 0.0918349 0.7281789 0.1527417 0.6318098 0.09673053 0.667959 0.09921318 0.6658094 0.1601201 0.7290309 0.22399 0.7290309 0.22399 0.6859262 0.221951 0.6417214 0.2221788 0.6859262 0.221951 0.6859262 0.221951 0.2549294 0.9118316 0.2850675 0.9195074 0.2722558 0.9755764 0.1724891 0.9373227 0.1684607 0.943189 0.1679764 0.9373182 0.6098591 0.2731413 0.6123806 0.2708436 0.6149022 0.2719815 0.8567282 0.4536696 0.8647109 0.4624952 0.8567282 0.4626008 0.7932017 0.4758362 0.7841719 0.4847788 0.7841719 0.475671 0.7043797 0.4667717 0.7060892 0.4600413 0.7082931 0.4666945 0.8567282 0.4626008 0.8639538 0.4729968 0.8577451 0.4730791 0.8129922 0.4653977 0.8096475 0.453549 0.8128126 0.4535804 0.7378362 0.466785 0.7359492 0.4601002 0.7377349 0.4601179 0.3991361 0.9605597 0.4036859 0.9485992 0.4053572 0.9605659 0.793177 0.4654749 0.796207 0.4535452 0.8001135 0.4653382 0.8950061 0.6601175 0.8989361 0.6541463 0.8995098 0.6600579 0.398217 0.970964 0.4053572 0.9605659 0.4062157 0.9709721 0.1684607 0.943189 0.1709612 0.949942 0.1694037 0.9499404 0.7043937 0.4726173 0.6992993 0.4776625 0.6992993 0.4725241 0.8021203 0.4847682 0.7932017 0.4758362 0.8021203 0.4756604 0.8577451 0.4730791 0.8624799 0.4853001 0.8597247 0.4853366 0.8995098 0.6650966 0.8950061 0.6601175 0.8995098 0.6600579 0.4062157 0.9709721 0.398217 0.9800602 0.398217 0.970964 0.7932017 0.4758362 0.786154 0.4653464 0.793177 0.4654749 0.2140076 0.5370778 0.212585 0.5383741 0.2111624 0.5377321 0.8130844 0.4848479 0.803914 0.4756438 0.8130844 0.475735 0.8130844 0.475735 0.8198018 0.4653081 0.8218398 0.4756197 0.793177 0.4654749 0.7900124 0.4535489 0.7931289 0.4536059 0.8218398 0.4756197 0.8130844 0.4848479 0.8130844 0.475735 0.7094253 0.4776565 0.7043937 0.4726173 0.7094253 0.4725181 0.7932017 0.4758362 0.8001135 0.4653382 0.8021203 0.4756604 0.8129922 0.4653977 0.8158344 0.4535406 0.8198018 0.4653081 0.8130844 0.475735 0.8058598 0.4653269 0.8129922 0.4653977 0.8954333 0.6541926 0.8978192 0.6472309 0.8989361 0.6541463 0.1679764 0.9373182 0.1724891 0.9321909 0.1724891 0.9373227 0.7043937 0.4726173 0.7004176 0.4666993 0.7043797 0.4667717 0.7378882 0.4777582 0.7327145 0.4725655 0.7378882 0.4726169 0.7378882 0.4726169 0.741678 0.4667344 0.7428278 0.472552 0.7043797 0.4667717 0.7025943 0.4600433 0.7043526 0.4600755 0.7428278 0.472552 0.7378882 0.4777582 0.7378882 0.4726169 0.7043937 0.4726173 0.7082931 0.4666945 0.7094253 0.4725181 0.7378362 0.466785 0.7394397 0.4600955 0.741678 0.4667344 0.7378882 0.4726169 0.7338122 0.466745 0.7378362 0.466785 0.8999606 0.6598416 0.903989 0.6539753 0.9044734 0.6598462 0.7266569 0.4667717 0.7283664 0.4600413 0.7305703 0.4666945 0.8515589 0.6534984 0.8496719 0.6468136 0.8514575 0.6468313 0.8900521 0.6601175 0.8939821 0.6541463 0.8945558 0.6600578 0.903989 0.6539753 0.9014886 0.6472224 0.9030461 0.647224 0.7266709 0.4726173 0.7215765 0.4776625 0.7215765 0.4725241 0.8945558 0.6650966 0.8900521 0.6601175 0.8945558 0.6600578 0.6022154 0.279855 0.6014364 0.2816256 0.599879 0.2816256 0.7317025 0.4776565 0.7266709 0.4726173 0.7317025 0.4725181 0.8904793 0.6541926 0.8928652 0.6472309 0.8939821 0.6541463 0.9044734 0.6598462 0.8999606 0.6649734 0.8999606 0.6598416 0.7266709 0.4726173 0.7226948 0.4666993 0.7266569 0.4667717 0.8516109 0.6644716 0.8464372 0.6592789 0.8516109 0.6593303 0.8516109 0.6593303 0.8554006 0.6534478 0.8565505 0.6592653 0.7266569 0.4667717 0.7248716 0.4600434 0.7266298 0.4600755 0.8565505 0.6592653 0.8516109 0.6644716 0.8516109 0.6593303 0.7266709 0.4726173 0.7305703 0.4666945 0.7317025 0.4725181 0.8515589 0.6534984 0.8531624 0.6468089 0.8554006 0.6534478 0.8516109 0.6593303 0.8475349 0.6534584 0.8515589 0.6534984 0.8805712 0.6541926 0.8846477 0.6600579 0.880144 0.6601175 0.6154065 0.2754184 0.6154065 0.2719823 0.6179277 0.2708437 0.3974171 0.970972 0.3894183 0.9800601 0.3894183 0.970964 0.7733474 0.4626531 0.7644289 0.4537209 0.7733474 0.4535452 0.6914558 0.4600434 0.6932412 0.4667717 0.689279 0.4666993 0.3894183 0.970964 0.3965585 0.9605659 0.3974171 0.970972 0.8327106 0.4653977 0.8355528 0.4535406 0.8395202 0.4653081 0.4039396 0.8565223 0.4055431 0.8498328 0.4077814 0.8564717 0.7268275 0.9751823 0.7220928 0.9629613 0.7283014 0.9628791 0.7765367 0.4849403 0.7733721 0.4730144 0.7803951 0.4731428 0.1684949 0.9194046 0.1724891 0.925279 0.1679763 0.9252744 0.7283014 0.9628791 0.7210758 0.952483 0.7290586 0.9523773 0.8805712 0.6541926 0.8829571 0.6472309 0.8840739 0.6541463 0.6932551 0.4726173 0.6982867 0.4776565 0.6932551 0.4777557 0.7733474 0.4626531 0.7823771 0.4537103 0.7823771 0.4628182 0.3903374 0.9605597 0.3948872 0.9485992 0.3965585 0.9605659 0.1724891 0.925279 0.1679764 0.9304063 0.1679763 0.9252744 0.7290586 0.9523773 0.7210758 0.9435518 0.7290586 0.9434461 0.7733474 0.4626531 0.7664356 0.473151 0.7644289 0.4628288 0.6208432 0.2752844 0.6222658 0.273988 0.6236884 0.27463 0.8415582 0.4756197 0.8328028 0.4848479 0.8328028 0.4757349 0.8255782 0.4653269 0.8328028 0.4757349 0.8236324 0.4756438 0.7733721 0.4730144 0.7703421 0.484944 0.7664356 0.473151 0.8236324 0.4756438 0.8328028 0.4848479 0.8236324 0.4847567 0.6932551 0.4726173 0.6881608 0.4776625 0.6881607 0.4725241 0.7803951 0.4731428 0.7733474 0.4626531 0.7823771 0.4628182 0.829366 0.453549 0.8327106 0.4653977 0.8255782 0.4653269 0.8328028 0.4757349 0.8395202 0.4653081 0.8415582 0.4756197 0.1695043 0.9126552 0.1720046 0.9194082 0.1684949 0.9194046 0.880144 0.6601175 0.8846477 0.6650966 0.880144 0.6651563 0.6932551 0.4726173 0.6971546 0.4666945 0.6982867 0.4725181 0.4089312 0.8622892 0.4039916 0.8674955 0.4039916 0.8623542 0.3999156 0.8564823 0.4039916 0.8623542 0.3988179 0.8623028 0.6932412 0.4667717 0.6949506 0.4600413 0.6971546 0.4666945 0.3988179 0.8623028 0.4039916 0.8674955 0.3988179 0.8674441 0.689279 0.4666993 0.6932551 0.4726173 0.6881607 0.4725241 0.4020527 0.8498375 0.4039396 0.8565223 0.3999156 0.8564823 0.4039916 0.8623542 0.4077814 0.8564717 0.4089312 0.8622892 0.8855252 0.6541927 0.8896017 0.6600579 0.885098 0.6601175 0.713733 0.4600434 0.7155184 0.4667717 0.7115561 0.4666992 0.7489609 0.466785 0.7505643 0.4600955 0.7528026 0.4667344 0.911045 0.9445021 0.9070507 0.9386278 0.9115635 0.9386323 0.8855252 0.6541927 0.8879112 0.6472309 0.889028 0.6541463 0.7155323 0.4726173 0.7205639 0.4776565 0.7155323 0.4777557 0.9070507 0.9386278 0.9115635 0.9335005 0.9115635 0.9386323 0.6208567 0.2718465 0.6216357 0.2700759 0.623193 0.2700759 0.7155323 0.4726173 0.710438 0.4776625 0.710438 0.4725241 0.9100356 0.9512515 0.9075351 0.9444986 0.911045 0.9445021 0.885098 0.6601175 0.8896017 0.6650966 0.885098 0.6651563 0.7155323 0.4726173 0.7194318 0.4666945 0.7205639 0.4725181 0.7539525 0.472552 0.7490129 0.4777582 0.7490129 0.4726169 0.7449369 0.466745 0.7490129 0.4726169 0.7438392 0.4725655 0.7155184 0.4667717 0.7172278 0.4600413 0.7194318 0.4666945 0.7438392 0.4725655 0.7490129 0.4777582 0.7438392 0.4777068 0.7115561 0.4666992 0.7155323 0.4726173 0.710438 0.4725241 0.7470739 0.4601002 0.7489609 0.466785 0.7449369 0.466745 0.7490129 0.4726169 0.7528026 0.4667344 0.7539525 0.472552 0.9207916 0.7426058 0.910191 0.7078109 0.9250531 0.6962335 0.910191 0.7078109 0.877484 0.7342101 0.860392 0.6991062 0.4847386 0.8933011 0.5103182 0.9412412 0.4910854 0.9433451 0.8614667 0.6816662 0.8802007 0.6901586 0.860392 0.6991062 0.5068371 0.9598706 0.4910854 0.9433451 0.5103182 0.9412412 0.860392 0.6991062 0.877484 0.7342101 0.8497692 0.7131967 0.910191 0.7078109 0.8802007 0.6901586 0.9250531 0.6962335 0.910191 0.7078109 0.907327 0.7597505 0.877484 0.7342101 0.2427484 0.915293 0.2196825 0.9638083 0.2232668 0.9143018 0.9108061 0.443347 0.91311 0.4717888 0.8709076 0.4834351 0.9250531 0.7638255 0.907327 0.7597505 0.9207916 0.7426058 0.2232668 0.9143018 0.2389819 0.8982981 0.2427484 0.915293 0.907327 0.7597505 0.8921222 0.7679204 0.877484 0.7342101 0.2841784 0.9737553 0.2722558 0.9755764 0.2850675 0.9195074 0.2722558 0.9755764 0.2472085 0.9755764 0.2549294 0.9118316 0.2472085 0.9755764 0.2427484 0.915293 0.2549294 0.9118316 0.1724891 0.9373227 0.1719706 0.9431926 0.1684607 0.943189 0.6149022 0.2719815 0.6149022 0.2754171 0.6098591 0.2731413 0.6149022 0.2754171 0.6123806 0.2777149 0.6098591 0.2731413 0.6123806 0.2777149 0.6098591 0.2765769 0.6098591 0.2731413 0.8567282 0.4536696 0.8647109 0.4535639 0.8647109 0.4624952 0.7932017 0.4758362 0.7932017 0.4849439 0.7841719 0.4847788 0.7043797 0.4667717 0.7043526 0.4600755 0.7060892 0.4600413 0.8567282 0.4626008 0.8647109 0.4624952 0.8639538 0.4729968 0.8129922 0.4653977 0.8058598 0.4653269 0.8096475 0.453549 0.7378362 0.466785 0.7338122 0.466745 0.7359492 0.4601002 0.3991361 0.9605597 0.4009252 0.9485964 0.4036859 0.9485992 0.793177 0.4654749 0.7931289 0.4536059 0.796207 0.4535452 0.8950061 0.6601175 0.8954333 0.6541926 0.8989361 0.6541463 0.398217 0.970964 0.3991361 0.9605597 0.4053572 0.9605659 0.1684607 0.943189 0.1719706 0.9431926 0.1709612 0.949942 0.7043937 0.4726173 0.7043937 0.4777557 0.6992993 0.4776625 0.8021203 0.4847682 0.7932017 0.4849439 0.7932017 0.4758362 0.8577451 0.4730791 0.8639538 0.4729968 0.8624799 0.4853001 0.8995098 0.6650966 0.8950061 0.6651563 0.8950061 0.6601175 0.4062157 0.9709721 0.4062157 0.9800682 0.398217 0.9800602 0.7932017 0.4758362 0.7841719 0.475671 0.786154 0.4653464 0.2111624 0.5377321 0.2111624 0.5357939 0.2140076 0.5370778 0.2111624 0.5357939 0.212585 0.5344975 0.2140076 0.5370778 0.212585 0.5344975 0.2140076 0.5351395 0.2140076 0.5370778 0.8130844 0.4848479 0.803914 0.4847567 0.803914 0.4756438 0.8130844 0.475735 0.8129922 0.4653977 0.8198018 0.4653081 0.793177 0.4654749 0.786154 0.4653464 0.7900124 0.4535489 0.8218398 0.4756197 0.8218398 0.4847327 0.8130844 0.4848479 0.7094253 0.4776565 0.7043937 0.4777557 0.7043937 0.4726173 0.7932017 0.4758362 0.793177 0.4654749 0.8001135 0.4653382 0.8129922 0.4653977 0.8128126 0.4535804 0.8158344 0.4535406 0.8130844 0.475735 0.803914 0.4756438 0.8058598 0.4653269 0.8954333 0.6541926 0.8962649 0.6472515 0.8978192 0.6472309 0.1679764 0.9373182 0.1679763 0.9321864 0.1724891 0.9321909 0.7043937 0.4726173 0.6992993 0.4725241 0.7004176 0.4666993 0.7378882 0.4777582 0.7327145 0.4777068 0.7327145 0.4725655 0.7378882 0.4726169 0.7378362 0.466785 0.741678 0.4667344 0.7043797 0.4667717 0.7004176 0.4666993 0.7025943 0.4600433 0.7428278 0.472552 0.7428278 0.4776932 0.7378882 0.4777582 0.7043937 0.4726173 0.7043797 0.4667717 0.7082931 0.4666945 0.7378362 0.466785 0.7377349 0.4601179 0.7394397 0.4600955 0.7378882 0.4726169 0.7327145 0.4725655 0.7338122 0.466745 0.8999606 0.6598416 0.9004792 0.6539718 0.903989 0.6539753 0.7266569 0.4667717 0.7266298 0.4600755 0.7283664 0.4600413 0.8515589 0.6534984 0.8475349 0.6534584 0.8496719 0.6468136 0.8900521 0.6601175 0.8904793 0.6541926 0.8939821 0.6541463 0.903989 0.6539753 0.9004792 0.6539718 0.9014886 0.6472224 0.7266709 0.4726173 0.7266709 0.4777557 0.7215765 0.4776625 0.8945558 0.6650966 0.8900521 0.6651562 0.8900521 0.6601175 0.599879 0.2816256 0.5991007 0.279855 0.6022154 0.279855 0.5991007 0.279855 0.5998797 0.2780844 0.6022154 0.279855 0.5998797 0.2780844 0.601437 0.2780844 0.6022154 0.279855 0.7317025 0.4776565 0.7266709 0.4777557 0.7266709 0.4726173 0.8904793 0.6541926 0.8913108 0.6472514 0.8928652 0.6472309 0.9044734 0.6598462 0.9044734 0.664978 0.8999606 0.6649734 0.7266709 0.4726173 0.7215765 0.4725241 0.7226948 0.4666993 0.8516109 0.6644716 0.8464372 0.6644202 0.8464372 0.6592789 0.8516109 0.6593303 0.8515589 0.6534984 0.8554006 0.6534478 0.7266569 0.4667717 0.7226948 0.4666993 0.7248716 0.4600434 0.8565505 0.6592653 0.8565505 0.6644067 0.8516109 0.6644716 0.7266709 0.4726173 0.7266569 0.4667717 0.7305703 0.4666945 0.8515589 0.6534984 0.8514575 0.6468313 0.8531624 0.6468089 0.8516109 0.6593303 0.8464372 0.6592789 0.8475349 0.6534584 0.8805712 0.6541926 0.8840739 0.6541463 0.8846477 0.6600579 0.6179277 0.2708437 0.6204488 0.273141 0.6154065 0.2754184 0.6204488 0.273141 0.6204488 0.2765771 0.6154065 0.2754184 0.6204488 0.2765771 0.6179277 0.2777158 0.6154065 0.2754184 0.3974171 0.970972 0.3974171 0.9800682 0.3894183 0.9800601 0.7733474 0.4626531 0.7644289 0.4628288 0.7644289 0.4537209 0.6914558 0.4600434 0.693214 0.4600755 0.6932412 0.4667717 0.3894183 0.970964 0.3903374 0.9605597 0.3965585 0.9605659 0.8327106 0.4653977 0.832531 0.4535804 0.8355528 0.4535406 0.4039396 0.8565223 0.4038383 0.8498552 0.4055431 0.8498328 0.7268275 0.9751823 0.7240723 0.9752188 0.7220928 0.9629613 0.7765367 0.4849403 0.7734202 0.4848833 0.7733721 0.4730144 0.1684949 0.9194046 0.1720046 0.9194082 0.1724891 0.925279 0.7283014 0.9628791 0.7220928 0.9629613 0.7210758 0.952483 0.8805712 0.6541926 0.8814027 0.6472515 0.8829571 0.6472309 0.6932551 0.4726173 0.6982867 0.4725181 0.6982867 0.4776565 0.7733474 0.4626531 0.7733474 0.4535452 0.7823771 0.4537103 0.3903374 0.9605597 0.3921265 0.9485964 0.3948872 0.9485992 0.1724891 0.925279 0.1724891 0.9304108 0.1679764 0.9304063 0.7290586 0.9523773 0.7210758 0.952483 0.7210758 0.9435518 0.7733474 0.4626531 0.7733721 0.4730144 0.7664356 0.473151 0.6236884 0.27463 0.6236884 0.2765683 0.6208432 0.2752844 0.6236884 0.2765683 0.6222658 0.2778646 0.6208432 0.2752844 0.6222658 0.2778646 0.6208432 0.2772226 0.6208432 0.2752844 0.8415582 0.4756197 0.8415582 0.4847326 0.8328028 0.4848479 0.8255782 0.4653269 0.8327106 0.4653977 0.8328028 0.4757349 0.7733721 0.4730144 0.7734202 0.4848833 0.7703421 0.484944 0.8236324 0.4756438 0.8328028 0.4757349 0.8328028 0.4848479 0.6932551 0.4726173 0.6932551 0.4777557 0.6881608 0.4776625 0.7803951 0.4731428 0.7733721 0.4730144 0.7733474 0.4626531 0.829366 0.453549 0.832531 0.4535804 0.8327106 0.4653977 0.8328028 0.4757349 0.8327106 0.4653977 0.8395202 0.4653081 0.1695043 0.9126552 0.1710618 0.9126568 0.1720046 0.9194082 0.880144 0.6601175 0.8846477 0.6600579 0.8846477 0.6650966 0.6932551 0.4726173 0.6932412 0.4667717 0.6971546 0.4666945 0.4089312 0.8622892 0.4089312 0.8674305 0.4039916 0.8674955 0.3999156 0.8564823 0.4039396 0.8565223 0.4039916 0.8623542 0.6932412 0.4667717 0.693214 0.4600755 0.6949506 0.4600413 0.3988179 0.8623028 0.4039916 0.8623542 0.4039916 0.8674955 0.689279 0.4666993 0.6932412 0.4667717 0.6932551 0.4726173 0.4020527 0.8498375 0.4038383 0.8498552 0.4039396 0.8565223 0.4039916 0.8623542 0.4039396 0.8565223 0.4077814 0.8564717 0.8855252 0.6541927 0.889028 0.6541463 0.8896017 0.6600579 0.713733 0.4600434 0.7154912 0.4600755 0.7155184 0.4667717 0.7489609 0.466785 0.7488595 0.4601179 0.7505643 0.4600955 0.911045 0.9445021 0.9075351 0.9444986 0.9070507 0.9386278 0.8855252 0.6541927 0.8863568 0.6472515 0.8879112 0.6472309 0.7155323 0.4726173 0.7205639 0.4725181 0.7205639 0.4776565 0.9070507 0.9386278 0.9070507 0.9334959 0.9115635 0.9335005 0.623193 0.2700759 0.6239713 0.2718465 0.6208567 0.2718465 0.6239713 0.2718465 0.6231923 0.2736172 0.6208567 0.2718465 0.6231923 0.2736172 0.621635 0.2736172 0.6208567 0.2718465 0.7155323 0.4726173 0.7155323 0.4777557 0.710438 0.4776625 0.9100356 0.9512515 0.9084781 0.95125 0.9075351 0.9444986 0.885098 0.6601175 0.8896017 0.6600579 0.8896017 0.6650966 0.7155323 0.4726173 0.7155184 0.4667717 0.7194318 0.4666945 0.7539525 0.472552 0.7539525 0.4776932 0.7490129 0.4777582 0.7449369 0.466745 0.7489609 0.466785 0.7490129 0.4726169 0.7155184 0.4667717 0.7154912 0.4600755 0.7172278 0.4600413 0.7438392 0.4725655 0.7490129 0.4726169 0.7490129 0.4777582 0.7115561 0.4666992 0.7155184 0.4667717 0.7155323 0.4726173 0.7470739 0.4601002 0.7488595 0.4601179 0.7489609 0.466785 0.7490129 0.4726169 0.7489609 0.466785 0.7528026 0.4667344 0.9207916 0.7426058 0.907327 0.7597505 0.910191 0.7078109 0.4847386 0.8933011 0.5103181 0.8814615 0.5103182 0.9412412 0.5068371 0.9598706 0.4851785 0.9600865 0.4910854 0.9433451 0.910191 0.7078109 0.860392 0.6991062 0.8802007 0.6901586 0.2427484 0.915293 0.2472085 0.9755764 0.2196825 0.9638083 0.8709076 0.4834351 0.8677853 0.4439263 0.9108061 0.443347 0.8677853 0.4439263 0.8695381 0.4215879 0.91311 0.4091519 0.9108061 0.443347 0.8677853 0.4439263 0.91311 0.4091519 0.2232668 0.9143018 0.2175269 0.8998112 0.2389819 0.8982981 0.2667067 0.6287968 0.2813449 0.6625071 0.2389919 0.6077834 0.1198075 0.7324924 0.1002705 0.6601591 0.1396546 0.6997852 0.2549294 0.9118316 0.2850675 0.9195074 0.2722558 0.9755764 0.1724891 0.9373227 0.1684607 0.943189 0.1679764 0.9373182 0.6098591 0.2731413 0.6123806 0.2708436 0.6149022 0.2719815 0.8567282 0.4536696 0.8647109 0.4624952 0.8567282 0.4626008 0.7932017 0.4758362 0.7841719 0.4847788 0.7841719 0.475671 0.7043797 0.4667717 0.7060892 0.4600413 0.7082931 0.4666945 0.8567282 0.4626008 0.8639538 0.4729968 0.8577451 0.4730791 0.8129922 0.4653977 0.8096475 0.453549 0.8128126 0.4535804 0.7378362 0.466785 0.7359492 0.4601002 0.7377349 0.4601179 0.3991361 0.9605597 0.4036859 0.9485992 0.4053572 0.9605659 0.793177 0.4654749 0.796207 0.4535452 0.8001135 0.4653382 0.8950061 0.6601175 0.8989361 0.6541463 0.8995098 0.6600579 0.398217 0.970964 0.4053572 0.9605659 0.4062157 0.9709721 0.1684607 0.943189 0.1709612 0.949942 0.1694037 0.9499404 0.7043937 0.4726173 0.6992993 0.4776625 0.6992993 0.4725241 0.8021203 0.4847682 0.7932017 0.4758362 0.8021203 0.4756604 0.8577451 0.4730791 0.8624799 0.4853001 0.8597247 0.4853366 0.8995098 0.6650966 0.8950061 0.6601175 0.8995098 0.6600579 0.4062157 0.9709721 0.398217 0.9800602 0.398217 0.970964 0.7932017 0.4758362 0.786154 0.4653464 0.793177 0.4654749 0.2140076 0.5370778 0.212585 0.5383741 0.2111624 0.5377321 0.8130844 0.4848479 0.803914 0.4756438 0.8130844 0.475735 0.8130844 0.475735 0.8198018 0.4653081 0.8218398 0.4756197 0.793177 0.4654749 0.7900124 0.4535489 0.7931289 0.4536059 0.8218398 0.4756197 0.8130844 0.4848479 0.8130844 0.475735 0.7094253 0.4776565 0.7043937 0.4726173 0.7094253 0.4725181 0.7932017 0.4758362 0.8001135 0.4653382 0.8021203 0.4756604 0.8129922 0.4653977 0.8158344 0.4535406 0.8198018 0.4653081 0.8130844 0.475735 0.8058598 0.4653269 0.8129922 0.4653977 0.8954333 0.6541926 0.8978192 0.6472309 0.8989361 0.6541463 0.1679764 0.9373182 0.1724891 0.9321909 0.1724891 0.9373227 0.7043937 0.4726173 0.7004176 0.4666993 0.7043797 0.4667717 0.7378882 0.4777582 0.7327145 0.4725655 0.7378882 0.4726169 0.7378882 0.4726169 0.741678 0.4667344 0.7428278 0.472552 0.7043797 0.4667717 0.7025943 0.4600433 0.7043526 0.4600755 0.7428278 0.472552 0.7378882 0.4777582 0.7378882 0.4726169 0.7043937 0.4726173 0.7082931 0.4666945 0.7094253 0.4725181 0.7378362 0.466785 0.7394397 0.4600955 0.741678 0.4667344 0.7378882 0.4726169 0.7338122 0.466745 0.7378362 0.466785 0.8999606 0.6598416 0.903989 0.6539753 0.9044734 0.6598462 0.7266569 0.4667717 0.7283664 0.4600413 0.7305703 0.4666945 0.8515589 0.6534984 0.8496719 0.6468136 0.8514575 0.6468313 0.8900521 0.6601175 0.8939821 0.6541463 0.8945558 0.6600578 0.903989 0.6539753 0.9014886 0.6472224 0.9030461 0.647224 0.7266709 0.4726173 0.7215765 0.4776625 0.7215765 0.4725241 0.8945558 0.6650966 0.8900521 0.6601175 0.8945558 0.6600578 0.6022154 0.279855 0.6014364 0.2816256 0.599879 0.2816256 0.7317025 0.4776565 0.7266709 0.4726173 0.7317025 0.4725181 0.8904793 0.6541926 0.8928652 0.6472309 0.8939821 0.6541463 0.9044734 0.6598462 0.8999606 0.6649734 0.8999606 0.6598416 0.7266709 0.4726173 0.7226948 0.4666993 0.7266569 0.4667717 0.8516109 0.6644716 0.8464372 0.6592789 0.8516109 0.6593303 0.8516109 0.6593303 0.8554006 0.6534478 0.8565505 0.6592653 0.7266569 0.4667717 0.7248716 0.4600434 0.7266298 0.4600755 0.8565505 0.6592653 0.8516109 0.6644716 0.8516109 0.6593303 0.7266709 0.4726173 0.7305703 0.4666945 0.7317025 0.4725181 0.8515589 0.6534984 0.8531624 0.6468089 0.8554006 0.6534478 0.8516109 0.6593303 0.8475349 0.6534584 0.8515589 0.6534984 0.8805712 0.6541926 0.8846477 0.6600579 0.880144 0.6601175 0.6154065 0.2754184 0.6154065 0.2719823 0.6179277 0.2708437 0.3974171 0.970972 0.3894183 0.9800601 0.3894183 0.970964 0.7733474 0.4626531 0.7644289 0.4537209 0.7733474 0.4535452 0.6914558 0.4600434 0.6932412 0.4667717 0.689279 0.4666993 0.3894183 0.970964 0.3965585 0.9605659 0.3974171 0.970972 0.8327106 0.4653977 0.8355528 0.4535406 0.8395202 0.4653081 0.4039396 0.8565223 0.4055431 0.8498328 0.4077814 0.8564717 0.7268275 0.9751823 0.7220928 0.9629613 0.7283014 0.9628791 0.7765367 0.4849403 0.7733721 0.4730144 0.7803951 0.4731428 0.1684949 0.9194046 0.1724891 0.925279 0.1679763 0.9252744 0.7283014 0.9628791 0.7210758 0.952483 0.7290586 0.9523773 0.8805712 0.6541926 0.8829571 0.6472309 0.8840739 0.6541463 0.6932551 0.4726173 0.6982867 0.4776565 0.6932551 0.4777557 0.7733474 0.4626531 0.7823771 0.4537103 0.7823771 0.4628182 0.3903374 0.9605597 0.3948872 0.9485992 0.3965585 0.9605659 0.1724891 0.925279 0.1679764 0.9304063 0.1679763 0.9252744 0.7290586 0.9523773 0.7210758 0.9435518 0.7290586 0.9434461 0.7733474 0.4626531 0.7664356 0.473151 0.7644289 0.4628288 0.6208432 0.2752844 0.6222658 0.273988 0.6236884 0.27463 0.8415582 0.4756197 0.8328028 0.4848479 0.8328028 0.4757349 0.8255782 0.4653269 0.8328028 0.4757349 0.8236324 0.4756438 0.7733721 0.4730144 0.7703421 0.484944 0.7664356 0.473151 0.8236324 0.4756438 0.8328028 0.4848479 0.8236324 0.4847567 0.6932551 0.4726173 0.6881608 0.4776625 0.6881607 0.4725241 0.7803951 0.4731428 0.7733474 0.4626531 0.7823771 0.4628182 0.829366 0.453549 0.8327106 0.4653977 0.8255782 0.4653269 0.8328028 0.4757349 0.8395202 0.4653081 0.8415582 0.4756197 0.1695043 0.9126552 0.1720046 0.9194082 0.1684949 0.9194046 0.880144 0.6601175 0.8846477 0.6650966 0.880144 0.6651563 0.6932551 0.4726173 0.6971546 0.4666945 0.6982867 0.4725181 0.4089312 0.8622892 0.4039916 0.8674955 0.4039916 0.8623542 0.3999156 0.8564823 0.4039916 0.8623542 0.3988179 0.8623028 0.6932412 0.4667717 0.6949506 0.4600413 0.6971546 0.4666945 0.3988179 0.8623028 0.4039916 0.8674955 0.3988179 0.8674441 0.689279 0.4666993 0.6932551 0.4726173 0.6881607 0.4725241 0.4020527 0.8498375 0.4039396 0.8565223 0.3999156 0.8564823 0.4039916 0.8623542 0.4077814 0.8564717 0.4089312 0.8622892 0.8855252 0.6541927 0.8896017 0.6600579 0.885098 0.6601175 0.713733 0.4600434 0.7155184 0.4667717 0.7115561 0.4666992 0.7489609 0.466785 0.7505643 0.4600955 0.7528026 0.4667344 0.911045 0.9445021 0.9070507 0.9386278 0.9115635 0.9386323 0.8855252 0.6541927 0.8879112 0.6472309 0.889028 0.6541463 0.7155323 0.4726173 0.7205639 0.4776565 0.7155323 0.4777557 0.9070507 0.9386278 0.9115635 0.9335005 0.9115635 0.9386323 0.6208567 0.2718465 0.6216357 0.2700759 0.623193 0.2700759 0.7155323 0.4726173 0.710438 0.4776625 0.710438 0.4725241 0.9100356 0.9512515 0.9075351 0.9444986 0.911045 0.9445021 0.885098 0.6601175 0.8896017 0.6650966 0.885098 0.6651563 0.7155323 0.4726173 0.7194318 0.4666945 0.7205639 0.4725181 0.7539525 0.472552 0.7490129 0.4777582 0.7490129 0.4726169 0.7449369 0.466745 0.7490129 0.4726169 0.7438392 0.4725655 0.7155184 0.4667717 0.7172278 0.4600413 0.7194318 0.4666945 0.7438392 0.4725655 0.7490129 0.4777582 0.7438392 0.4777068 0.7115561 0.4666992 0.7155323 0.4726173 0.710438 0.4725241 0.7470739 0.4601002 0.7489609 0.466785 0.7449369 0.466745 0.7490129 0.4726169 0.7528026 0.4667344 0.7539525 0.472552 0.008125305 0.6025391 0.07518905 0.6510194 0.02736562 0.6732341 0.07582199 0.7527199 0.07518905 0.6510194 0.1198075 0.7324924 0.9207916 0.7426058 0.910191 0.7078109 0.9250531 0.6962335 0.910191 0.7078109 0.877484 0.7342101 0.860392 0.6991062 0.5453619 0.3429644 0.5004427 0.3901492 0.4872765 0.3732755 0.756567 0.3757153 0.6985458 0.3416507 0.7464781 0.3143426 0.6792123 0.3119689 0.6505755 0.297663 0.7150155 0.2898858 0.1542295 0.6358512 0.1097543 0.5500373 0.1706315 0.6074971 0.1002705 0.6601591 0.1542295 0.6358512 0.1396546 0.6997852 0 0 0 0 0 0 0.08567678 0.6431143 0.07518905 0.6510194 0.06890875 0.5702186 0.5116232 0.1269215 0.5013601 0.1987169 0.4775382 0.1698116 0.4847386 0.8933011 0.5103182 0.9412412 0.4910854 0.9433451 0.6275367 0.4509954 0.6348079 0.4257727 0.6951864 0.4509953 0.5474931 0.2131242 0.5858697 0.1287271 0.5976776 0.1897093 0.07582199 0.7527199 0.02348858 0.7368572 0.02736562 0.6732341 0 0 0 0 0 0 0.5660431 0.3793416 0.5453619 0.3429644 0.5706893 0.3321151 0.8764706 0.7948169 0.9122686 0.7771769 0.9122686 0.8760518 0.5075422 0.2914102 0.4872765 0.3732755 0.4531304 0.3228952 0.6012034 0.3178437 0.5660431 0.3793416 0.5706893 0.3321151 0.8505146 0.8242568 0.8764706 0.7948169 0.9122686 0.8760518 0.8614667 0.6816662 0.8802007 0.6901586 0.860392 0.6991062 0.5068371 0.9598706 0.4910854 0.9433451 0.5103182 0.9412412 0.1267439 0.8933699 0.1186513 0.8760576 0.1683635 0.9053039 0.8491604 0.846907 0.8505146 0.8242568 0.9122686 0.8760518 0.860392 0.6991062 0.877484 0.7342101 0.8497692 0.7131967 0.5976776 0.04744786 0.5353295 0.1152532 0.5332525 0.02418392 0.910191 0.7078109 0.8802007 0.6901586 0.9250531 0.6962335 0.5353295 0.1152532 0.5474931 0.2131242 0.5013601 0.1987169 0.9577032 0.2681605 0.926328 0.2442893 0.9533272 0.259271 0.910191 0.7078109 0.907327 0.7597505 0.877484 0.7342101 0.3107645 0.7311122 0.3603495 0.6819044 0.3708745 0.7110931 0.4513297 0.4262228 0.4872765 0.3732755 0.5004427 0.3901492 0.6922065 0.3931573 0.756567 0.3757153 0.7317658 0.4338793 0.6951864 0.4509953 0.6348079 0.4257727 0.6661009 0.4184975 0.4900583 0.01067543 0.4556744 0.1057856 0.4364816 0.07613801 0.4556744 0.1057856 0.5116232 0.1269215 0.4775382 0.1698116 0 0 0 0 0 0 0.5353295 0.1152532 0.5241308 0.1075721 0.5332525 0.02418392 0.1640635 0.7029487 0.1396546 0.6997852 0.1542295 0.6358512 0.2427484 0.915293 0.2196825 0.9638083 0.2232668 0.9143018 0.9108061 0.443347 0.91311 0.4717888 0.8709076 0.4834351 0.3107645 0.5487721 0.3603495 0.5988312 0.2299187 0.598754 0 0 0 0 0 0 0.4887143 0.4478104 0.4426223 0.4455086 0.4513297 0.4262228 0.8773264 0.08571755 0.9131606 0.004927337 0.9131606 0.1034758 0.4190086 0.3698 0.4872765 0.3732755 0.4513297 0.4262228 0.4218982 0.4766049 0.4426223 0.4455086 0.4887143 0.4478104 0.8514969 0.05615401 0.9131606 0.004927337 0.8773264 0.08571755 0.9250531 0.7638255 0.907327 0.7597505 0.9207916 0.7426058 0.2232668 0.9143018 0.2389819 0.8982981 0.2427484 0.915293 0.1262091 0.788827 0.1677023 0.7760342 0.1182951 0.8064249 0.850434 0.03339385 0.9131606 0.004927337 0.8514969 0.05615401 0.907327 0.7597505 0.8921222 0.7679204 0.877484 0.7342101 0.6265082 0.2698996 0.6287711 0.2794473 0.6265082 0.2799427 0 0 0 0 0 0 0 0 0 0 0 0 0 0 0 0 0 0 0 0 0 0 0 0 0 0 0 0 0 0 0 0 0 0 0 0 0 0 0 0 0 0 0 0 0 0 0 0 0.172736 0.7716272 0.1717458 0.80659 0.1717458 0.7713469 0.9158784 0.3753938 0.9157705 0.2976827 0.92099 0.2874488 0.8755491 0.3620782 0.8681606 0.3441365 0.8735914 0.3452435 0.9744654 0.5132788 0.9978878 0.4964747 0.9929641 0.56332 0.5977828 0.789756 0.6000173 0.8244009 0.5977828 0.8250305 0.5922482 0.9090269 0.5934417 0.9297103 0.5899333 0.9089941 0.6000141 0.7127205 0.5977169 0.783437 0.5977169 0.7123948 0.5907199 0.8754697 0.5934417 0.8593919 0.5957566 0.8594247 0.5907199 0.8754697 0.5899333 0.9089941 0.5884051 0.8754369 0.9128993 0.1921728 0.9065753 0.2105144 0.9091194 0.1876764 0.9309317 0.7140942 0.9326879 0.6965999 0.967283 0.6947971 0.9167409 0.4694457 0.9172146 0.4339125 0.9182421 0.4338758 0.2099825 0.5180826 0.2109712 0.5069552 0.2109712 0.5183681 0.9167409 0.4694457 0.9214298 0.4854202 0.9157134 0.4694825 0.9182421 0.4338758 0.9214298 0.4092831 0.9224573 0.4092464 0.728419 0.7332148 0.7294281 0.8035334 0.728419 0.8037222 0.2124559 0.9449413 0.1990085 0.9690054 0.2124559 0.9706149 0.6630043 0.4615018 0.6726323 0.4819908 0.6726323 0.4603002 0.6524311 0.4820296 0.6620424 0.4613584 0.6524311 0.4602003 0.9643623 0.4405324 0.9652172 0.4152669 0.9547898 0.4405823 0.9652172 0.4659525 0.9643623 0.4405324 0.9547898 0.4405823 0.4403718 0.2531716 0.4426506 0.2519468 0.4452818 0.252332 0.5835843 0.9628786 0.5849008 0.9655227 0.5786709 0.9620894 0.4338577 0.2612208 0.4390563 0.2556784 0.4390563 0.2587953 0.7569818 0.4600055 0.7612093 0.4676323 0.7548277 0.4642118 0.4519913 0.2696318 0.4452818 0.2639647 0.4475604 0.2627398 0.4338577 0.2612208 0.4403719 0.2616873 0.436663 0.2673875 0.7548277 0.4700183 0.7612093 0.4676323 0.7612093 0.4703555 0.4547966 0.2642866 0.4475604 0.2627398 0.448876 0.2602331 0.4547966 0.2576402 0.4475604 0.2542242 0.4519913 0.2514736 0.436663 0.2673875 0.4426506 0.2635794 0.441522 0.271422 0.7569818 0.4758695 0.7612093 0.4703555 0.7622194 0.4730994 0.4547966 0.2576402 0.448876 0.2602331 0.448876 0.2571161 0.4519913 0.2514736 0.4452818 0.252332 0.4471324 0.2474389 0.441522 0.271422 0.4452818 0.2639647 0.4471324 0.2722436 0.5697852 0.9651155 0.575074 0.9705904 0.5697852 0.9722013 0.858411 0.6539974 0.8626148 0.6467109 0.864725 0.6513592 0.5879318 0.9557572 0.581304 0.9616219 0.5830695 0.9530776 0.5763906 0.9641557 0.5697852 0.9651155 0.5725926 0.9584806 0.864725 0.6571068 0.858411 0.6539974 0.864725 0.6513592 0.5907392 0.9613953 0.5835843 0.9628786 0.5879318 0.9557572 0.5835843 0.9719573 0.5907391 0.9684811 0.5879318 0.975116 0.5786709 0.9620894 0.5725926 0.9584806 0.577455 0.9540745 0.8626149 0.6624136 0.858411 0.6566928 0.864725 0.6571068 0.5907391 0.9684811 0.5849008 0.9655227 0.5907392 0.9613953 0.581304 0.9740236 0.5879318 0.975116 0.5830695 0.9795222 0.581304 0.9616219 0.577455 0.9540745 0.5830695 0.9530776 0.1990085 0.9690054 0.2064652 0.9952589 0.2124559 0.9706149 0.1198075 0.7324924 0.07518905 0.6510194 0.1002705 0.6601591 0.2841784 0.9737553 0.2722558 0.9755764 0.2850675 0.9195074 0.2722558 0.9755764 0.2472085 0.9755764 0.2549294 0.9118316 0.2472085 0.9755764 0.2427484 0.915293 0.2549294 0.9118316 0.1724891 0.9373227 0.1719706 0.9431926 0.1684607 0.943189 0.6149022 0.2719815 0.6149022 0.2754171 0.6098591 0.2731413 0.6149022 0.2754171 0.6123806 0.2777149 0.6098591 0.2731413 0.6123806 0.2777149 0.6098591 0.2765769 0.6098591 0.2731413 0.8567282 0.4536696 0.8647109 0.4535639 0.8647109 0.4624952 0.7932017 0.4758362 0.7932017 0.4849439 0.7841719 0.4847788 0.7043797 0.4667717 0.7043526 0.4600755 0.7060892 0.4600413 0.8567282 0.4626008 0.8647109 0.4624952 0.8639538 0.4729968 0.8129922 0.4653977 0.8058598 0.4653269 0.8096475 0.453549 0.7378362 0.466785 0.7338122 0.466745 0.7359492 0.4601002 0.3991361 0.9605597 0.4009252 0.9485964 0.4036859 0.9485992 0.793177 0.4654749 0.7931289 0.4536059 0.796207 0.4535452 0.8950061 0.6601175 0.8954333 0.6541926 0.8989361 0.6541463 0.398217 0.970964 0.3991361 0.9605597 0.4053572 0.9605659 0.1684607 0.943189 0.1719706 0.9431926 0.1709612 0.949942 0.7043937 0.4726173 0.7043937 0.4777557 0.6992993 0.4776625 0.8021203 0.4847682 0.7932017 0.4849439 0.7932017 0.4758362 0.8577451 0.4730791 0.8639538 0.4729968 0.8624799 0.4853001 0.8995098 0.6650966 0.8950061 0.6651563 0.8950061 0.6601175 0.4062157 0.9709721 0.4062157 0.9800682 0.398217 0.9800602 0.7932017 0.4758362 0.7841719 0.475671 0.786154 0.4653464 0.2111624 0.5377321 0.2111624 0.5357939 0.2140076 0.5370778 0.2111624 0.5357939 0.212585 0.5344975 0.2140076 0.5370778 0.212585 0.5344975 0.2140076 0.5351395 0.2140076 0.5370778 0.8130844 0.4848479 0.803914 0.4847567 0.803914 0.4756438 0.8130844 0.475735 0.8129922 0.4653977 0.8198018 0.4653081 0.793177 0.4654749 0.786154 0.4653464 0.7900124 0.4535489 0.8218398 0.4756197 0.8218398 0.4847327 0.8130844 0.4848479 0.7094253 0.4776565 0.7043937 0.4777557 0.7043937 0.4726173 0.7932017 0.4758362 0.793177 0.4654749 0.8001135 0.4653382 0.8129922 0.4653977 0.8128126 0.4535804 0.8158344 0.4535406 0.8130844 0.475735 0.803914 0.4756438 0.8058598 0.4653269 0.8954333 0.6541926 0.8962649 0.6472515 0.8978192 0.6472309 0.1679764 0.9373182 0.1679763 0.9321864 0.1724891 0.9321909 0.7043937 0.4726173 0.6992993 0.4725241 0.7004176 0.4666993 0.7378882 0.4777582 0.7327145 0.4777068 0.7327145 0.4725655 0.7378882 0.4726169 0.7378362 0.466785 0.741678 0.4667344 0.7043797 0.4667717 0.7004176 0.4666993 0.7025943 0.4600433 0.7428278 0.472552 0.7428278 0.4776932 0.7378882 0.4777582 0.7043937 0.4726173 0.7043797 0.4667717 0.7082931 0.4666945 0.7378362 0.466785 0.7377349 0.4601179 0.7394397 0.4600955 0.7378882 0.4726169 0.7327145 0.4725655 0.7338122 0.466745 0.8999606 0.6598416 0.9004792 0.6539718 0.903989 0.6539753 0.7266569 0.4667717 0.7266298 0.4600755 0.7283664 0.4600413 0.8515589 0.6534984 0.8475349 0.6534584 0.8496719 0.6468136 0.8900521 0.6601175 0.8904793 0.6541926 0.8939821 0.6541463 0.903989 0.6539753 0.9004792 0.6539718 0.9014886 0.6472224 0.7266709 0.4726173 0.7266709 0.4777557 0.7215765 0.4776625 0.8945558 0.6650966 0.8900521 0.6651562 0.8900521 0.6601175 0.599879 0.2816256 0.5991007 0.279855 0.6022154 0.279855 0.5991007 0.279855 0.5998797 0.2780844 0.6022154 0.279855 0.5998797 0.2780844 0.601437 0.2780844 0.6022154 0.279855 0.7317025 0.4776565 0.7266709 0.4777557 0.7266709 0.4726173 0.8904793 0.6541926 0.8913108 0.6472514 0.8928652 0.6472309 0.9044734 0.6598462 0.9044734 0.664978 0.8999606 0.6649734 0.7266709 0.4726173 0.7215765 0.4725241 0.7226948 0.4666993 0.8516109 0.6644716 0.8464372 0.6644202 0.8464372 0.6592789 0.8516109 0.6593303 0.8515589 0.6534984 0.8554006 0.6534478 0.7266569 0.4667717 0.7226948 0.4666993 0.7248716 0.4600434 0.8565505 0.6592653 0.8565505 0.6644067 0.8516109 0.6644716 0.7266709 0.4726173 0.7266569 0.4667717 0.7305703 0.4666945 0.8515589 0.6534984 0.8514575 0.6468313 0.8531624 0.6468089 0.8516109 0.6593303 0.8464372 0.6592789 0.8475349 0.6534584 0.8805712 0.6541926 0.8840739 0.6541463 0.8846477 0.6600579 0.6179277 0.2708437 0.6204488 0.273141 0.6154065 0.2754184 0.6204488 0.273141 0.6204488 0.2765771 0.6154065 0.2754184 0.6204488 0.2765771 0.6179277 0.2777158 0.6154065 0.2754184 0.3974171 0.970972 0.3974171 0.9800682 0.3894183 0.9800601 0.7733474 0.4626531 0.7644289 0.4628288 0.7644289 0.4537209 0.6914558 0.4600434 0.693214 0.4600755 0.6932412 0.4667717 0.3894183 0.970964 0.3903374 0.9605597 0.3965585 0.9605659 0.8327106 0.4653977 0.832531 0.4535804 0.8355528 0.4535406 0.4039396 0.8565223 0.4038383 0.8498552 0.4055431 0.8498328 0.7268275 0.9751823 0.7240723 0.9752188 0.7220928 0.9629613 0.7765367 0.4849403 0.7734202 0.4848833 0.7733721 0.4730144 0.1684949 0.9194046 0.1720046 0.9194082 0.1724891 0.925279 0.7283014 0.9628791 0.7220928 0.9629613 0.7210758 0.952483 0.8805712 0.6541926 0.8814027 0.6472515 0.8829571 0.6472309 0.6932551 0.4726173 0.6982867 0.4725181 0.6982867 0.4776565 0.7733474 0.4626531 0.7733474 0.4535452 0.7823771 0.4537103 0.3903374 0.9605597 0.3921265 0.9485964 0.3948872 0.9485992 0.1724891 0.925279 0.1724891 0.9304108 0.1679764 0.9304063 0.7290586 0.9523773 0.7210758 0.952483 0.7210758 0.9435518 0.7733474 0.4626531 0.7733721 0.4730144 0.7664356 0.473151 0.6236884 0.27463 0.6236884 0.2765683 0.6208432 0.2752844 0.6236884 0.2765683 0.6222658 0.2778646 0.6208432 0.2752844 0.6222658 0.2778646 0.6208432 0.2772226 0.6208432 0.2752844 0.8415582 0.4756197 0.8415582 0.4847326 0.8328028 0.4848479 0.8255782 0.4653269 0.8327106 0.4653977 0.8328028 0.4757349 0.7733721 0.4730144 0.7734202 0.4848833 0.7703421 0.484944 0.8236324 0.4756438 0.8328028 0.4757349 0.8328028 0.4848479 0.6932551 0.4726173 0.6932551 0.4777557 0.6881608 0.4776625 0.7803951 0.4731428 0.7733721 0.4730144 0.7733474 0.4626531 0.829366 0.453549 0.832531 0.4535804 0.8327106 0.4653977 0.8328028 0.4757349 0.8327106 0.4653977 0.8395202 0.4653081 0.1695043 0.9126552 0.1710618 0.9126568 0.1720046 0.9194082 0.880144 0.6601175 0.8846477 0.6600579 0.8846477 0.6650966 0.6932551 0.4726173 0.6932412 0.4667717 0.6971546 0.4666945 0.4089312 0.8622892 0.4089312 0.8674305 0.4039916 0.8674955 0.3999156 0.8564823 0.4039396 0.8565223 0.4039916 0.8623542 0.6932412 0.4667717 0.693214 0.4600755 0.6949506 0.4600413 0.3988179 0.8623028 0.4039916 0.8623542 0.4039916 0.8674955 0.689279 0.4666993 0.6932412 0.4667717 0.6932551 0.4726173 0.4020527 0.8498375 0.4038383 0.8498552 0.4039396 0.8565223 0.4039916 0.8623542 0.4039396 0.8565223 0.4077814 0.8564717 0.8855252 0.6541927 0.889028 0.6541463 0.8896017 0.6600579 0.713733 0.4600434 0.7154912 0.4600755 0.7155184 0.4667717 0.7489609 0.466785 0.7488595 0.4601179 0.7505643 0.4600955 0.911045 0.9445021 0.9075351 0.9444986 0.9070507 0.9386278 0.8855252 0.6541927 0.8863568 0.6472515 0.8879112 0.6472309 0.7155323 0.4726173 0.7205639 0.4725181 0.7205639 0.4776565 0.9070507 0.9386278 0.9070507 0.9334959 0.9115635 0.9335005 0.623193 0.2700759 0.6239713 0.2718465 0.6208567 0.2718465 0.6239713 0.2718465 0.6231923 0.2736172 0.6208567 0.2718465 0.6231923 0.2736172 0.621635 0.2736172 0.6208567 0.2718465 0.7155323 0.4726173 0.7155323 0.4777557 0.710438 0.4776625 0.9100356 0.9512515 0.9084781 0.95125 0.9075351 0.9444986 0.885098 0.6601175 0.8896017 0.6600579 0.8896017 0.6650966 0.7155323 0.4726173 0.7155184 0.4667717 0.7194318 0.4666945 0.7539525 0.472552 0.7539525 0.4776932 0.7490129 0.4777582 0.7449369 0.466745 0.7489609 0.466785 0.7490129 0.4726169 0.7155184 0.4667717 0.7154912 0.4600755 0.7172278 0.4600413 0.7438392 0.4725655 0.7490129 0.4726169 0.7490129 0.4777582 0.7115561 0.4666992 0.7155184 0.4667717 0.7155323 0.4726173 0.7470739 0.4601002 0.7488595 0.4601179 0.7489609 0.466785 0.7490129 0.4726169 0.7489609 0.466785 0.7528026 0.4667344 0.008125305 0.6025391 0.06890875 0.5702186 0.07518905 0.6510194 0.07582199 0.7527199 0.02736562 0.6732341 0.07518905 0.6510194 0.9207916 0.7426058 0.907327 0.7597505 0.910191 0.7078109 0.756567 0.3757153 0.7060406 0.3683498 0.6985458 0.3416507 0.7464781 0.3143426 0.6985458 0.3416507 0.7150155 0.2898858 0.6985458 0.3416507 0.6792123 0.3119689 0.7150155 0.2898858 0.1542295 0.6358512 0.08567678 0.6431143 0.1097543 0.5500373 0.1002705 0.6601591 0.08567678 0.6431143 0.1542295 0.6358512 0 0 0 0 0 0 0.08567678 0.6431143 0.1002705 0.6601591 0.07518905 0.6510194 0.5116232 0.1269215 0.5353295 0.1152532 0.5013601 0.1987169 0.4847386 0.8933011 0.5103181 0.8814615 0.5103182 0.9412412 0.3298404 0.6072632 0.2666412 0.6197403 0.3244339 0.6785751 0 0 0 0 0 0 0.2609019 0.6072632 0.3241033 0.6197403 0.2885553 0.5975612 0.5075422 0.2914102 0.5453619 0.3429644 0.4872765 0.3732755 0.5068371 0.9598706 0.4851785 0.9600865 0.4910854 0.9433451 0.5976776 0.04744786 0.5858697 0.1287271 0.5353295 0.1152532 0.910191 0.7078109 0.860392 0.6991062 0.8802007 0.6901586 0.5353295 0.1152532 0.5858697 0.1287271 0.5474931 0.2131242 0.9474971 0.1904247 0.9128993 0.1921728 0.9446018 0.1858879 0.9128993 0.1921728 0.9091194 0.1876764 0.9446018 0.1858879 0.953454 0.1770992 0.9474971 0.1904247 0.9446018 0.1858879 0.926328 0.2442893 0.9065753 0.2105144 0.9111161 0.2096643 0.926328 0.2442893 0.9111161 0.2096643 0.9294551 0.2410862 0.953454 0.1770992 0.9446018 0.1858879 0.9577032 0.1562092 0.926328 0.2442893 0.9294551 0.2410862 0.9533272 0.259271 0.9533272 0.259271 0.953454 0.1770992 0.9577032 0.2681605 0.953454 0.1770992 0.9577032 0.1562092 0.9577032 0.2681605 0.3107645 0.7311122 0.2299187 0.6818272 0.3603495 0.6819044 0.6922065 0.3931573 0.7060406 0.3683498 0.756567 0.3757153 0.6661009 0.4184975 0.6922065 0.3931573 0.6951864 0.4509953 0.6922065 0.3931573 0.7317658 0.4338793 0.6951864 0.4509953 0.4900583 0.01067543 0.5241308 0.1075721 0.4556744 0.1057856 0.4556744 0.1057856 0.5241308 0.1075721 0.5116232 0.1269215 0 0 0 0 0 0 0.5353295 0.1152532 0.5116232 0.1269215 0.5241308 0.1075721 0.2693527 0.5947189 0.3369728 0.6124749 0.3221907 0.5652982 0.2427484 0.915293 0.2472085 0.9755764 0.2196825 0.9638083 0.8709076 0.4834351 0.8677853 0.4439263 0.9108061 0.443347 0.8677853 0.4439263 0.8695381 0.4215879 0.91311 0.4091519 0.9108061 0.443347 0.8677853 0.4439263 0.91311 0.4091519 0.3107645 0.5487721 0.3708745 0.5688624 0.3603495 0.5988312 0 0 0 0 0 0 0.2693527 0.5947189 0.3369728 0.6124749 0.27464 0.6846228 0.4190086 0.3698 0.4531304 0.3228952 0.4872765 0.3732755 0.2232668 0.9143018 0.2175269 0.8998112 0.2389819 0.8982981 0.6265082 0.2698996 0.6287711 0.2694041 0.6287711 0.2794473 0 0 0 0 0 0 0 0 0 0 0 0 0 0 0 0 0 0 0 0 0 0 0 0 0 0 0 0 0 0 0 0 0 0 0 0 0 0 0 0 0 0 0 0 0 0 0 0 0.172736 0.7716272 0.172736 0.8068703 0.1717458 0.80659 0.8710359 0.367214 0.8755491 0.3620782 0.9074843 0.3697407 0.8755491 0.3620782 0.9109396 0.3645349 0.9074843 0.3697407 0.8735914 0.3452435 0.8681606 0.3441365 0.8886278 0.3107109 0.8923715 0.3145201 0.8735914 0.3452435 0.8886278 0.3107109 0.9209899 0.3998191 0.9074843 0.3697407 0.9158784 0.3753938 0.9074843 0.3697407 0.9109396 0.3645349 0.9158784 0.3753938 0.8923715 0.3145201 0.8886278 0.3107109 0.9157705 0.2976827 0.8886278 0.3107109 0.92099 0.2874488 0.9157705 0.2976827 0.9209899 0.3998191 0.9158784 0.3753938 0.92099 0.2874488 0.8755491 0.3620782 0.8710359 0.367214 0.8681606 0.3441365 0.9978878 0.4964747 0.9978878 0.5741859 0.9929641 0.56332 0.9929641 0.56332 0.9575771 0.5608129 0.9556427 0.5439754 0.9556427 0.5439754 0.9744654 0.5132788 0.9929641 0.56332 0.5977828 0.789756 0.6000173 0.7891263 0.6000173 0.8244009 0.5922482 0.9090269 0.5957566 0.9297431 0.5934417 0.9297103 0.6000141 0.7127205 0.6000141 0.7837628 0.5977169 0.783437 0.5907199 0.8754697 0.5884051 0.8754369 0.5934417 0.8593919 0.5907199 0.8754697 0.5922482 0.9090269 0.5899333 0.9089941 0.9128993 0.1921728 0.9111161 0.2096643 0.9065753 0.2105144 0.967283 0.6947971 0.9732193 0.6814621 0.9732193 0.7636339 0.9732193 0.7636339 0.9493191 0.745487 0.967283 0.6947971 0.9493191 0.745487 0.9309317 0.7140942 0.967283 0.6947971 0.9167409 0.4694457 0.9157134 0.4694825 0.9172146 0.4339125 0.2099825 0.5180826 0.2099825 0.5066697 0.2109712 0.5069552 0.9167409 0.4694457 0.9224573 0.4853835 0.9214298 0.4854202 0.9182421 0.4338758 0.9172146 0.4339125 0.9214298 0.4092831 0.728419 0.7332148 0.7294281 0.7330261 0.7294281 0.8035334 0.2124559 0.9449413 0.1919116 0.9384571 0.1990085 0.9690054 0.6630043 0.4615018 0.6630043 0.4831925 0.6726323 0.4819908 0.6524311 0.4820296 0.6620424 0.4831877 0.6620424 0.4613584 0.9643623 0.4405324 0.9749083 0.4152627 0.9652172 0.4152669 0.9652172 0.4659525 0.9749084 0.4659482 0.9643623 0.4405324 0.4452818 0.252332 0.4475604 0.2542242 0.4390563 0.2556784 0.4475604 0.2542242 0.448876 0.2571161 0.4390563 0.2587953 0.448876 0.2571161 0.448876 0.2602331 0.4390563 0.2587953 0.448876 0.2602331 0.4475604 0.2627398 0.4403719 0.2616873 0.4390563 0.2587953 0.448876 0.2602331 0.4403719 0.2616873 0.4475604 0.2627398 0.4452818 0.2639647 0.4426506 0.2635794 0.4426506 0.2635794 0.4403719 0.2616873 0.4475604 0.2627398 0.4390563 0.2587953 0.4390563 0.2556784 0.4475604 0.2542242 0.4390563 0.2556784 0.4403718 0.2531716 0.4452818 0.252332 0.5849008 0.9688457 0.5835843 0.9719573 0.575074 0.9705904 0.5835843 0.9719573 0.581304 0.9740236 0.5763906 0.9732344 0.581304 0.9740236 0.5786709 0.9744911 0.5763906 0.9732344 0.5763906 0.9732344 0.575074 0.9705904 0.5835843 0.9719573 0.575074 0.9705904 0.5750741 0.9672673 0.5849008 0.9688457 0.5750741 0.9672673 0.5763906 0.9641557 0.5849008 0.9688457 0.5763906 0.9641557 0.5786709 0.9620894 0.5849008 0.9655227 0.5849008 0.9688457 0.5763906 0.9641557 0.5849008 0.9655227 0.5786709 0.9620894 0.581304 0.9616219 0.5835843 0.9628786 0.4338577 0.2612208 0.4338577 0.2545744 0.4390563 0.2556784 0.7569818 0.4600055 0.7622194 0.4656597 0.7612093 0.4676323 0.4519913 0.2696318 0.4471324 0.2722436 0.4452818 0.2639647 0.4338577 0.2612208 0.4390563 0.2587953 0.4403719 0.2616873 0.7548277 0.4700183 0.7548277 0.4642118 0.7612093 0.4676323 0.4547966 0.2642866 0.4519913 0.2696318 0.4475604 0.2627398 0.4547966 0.2576402 0.448876 0.2571161 0.4475604 0.2542242 0.436663 0.2673875 0.4403719 0.2616873 0.4426506 0.2635794 0.7569818 0.4758695 0.7548277 0.4700183 0.7612093 0.4703555 0.4547966 0.2576402 0.4547966 0.2642866 0.448876 0.2602331 0.4519913 0.2514736 0.4475604 0.2542242 0.4452818 0.252332 0.441522 0.271422 0.4426506 0.2635794 0.4452818 0.2639647 0.5697852 0.9651155 0.5750741 0.9672673 0.575074 0.9705904 0.858411 0.6539974 0.8574213 0.6518174 0.8626148 0.6467109 0.5879318 0.9557572 0.5835843 0.9628786 0.581304 0.9616219 0.5763906 0.9641557 0.5750741 0.9672673 0.5697852 0.9651155 0.864725 0.6571068 0.858411 0.6566928 0.858411 0.6539974 0.5907392 0.9613953 0.5849008 0.9655227 0.5835843 0.9628786 0.5835843 0.9719573 0.5849008 0.9688457 0.5907391 0.9684811 0.5786709 0.9620894 0.5763906 0.9641557 0.5725926 0.9584806 0.8626149 0.6624136 0.8574213 0.6591815 0.858411 0.6566928 0.5907391 0.9684811 0.5849008 0.9688457 0.5849008 0.9655227 0.581304 0.9740236 0.5835843 0.9719573 0.5879318 0.975116 0.581304 0.9616219 0.5786709 0.9620894 0.577455 0.9540745 0.1990085 0.9690054 0.1849846 0.9966392 0.2064652 0.9952589 0.9383165 0.1357572 0.9295867 0.1324753 0.9383165 0.1145454 0.9470465 0.1178273 0.9383166 0.1078648 0.95322 0.1134676 0.9295866 0.1178508 0.9234131 0.136835 0.9234131 0.1135076 0.9295867 0.1324753 0.9383166 0.1424378 0.9234131 0.136835 0.9470465 0.1324518 0.9383166 0.1424378 0.9383165 0.1357572 0.9295867 0.1324753 0.9295866 0.1178508 0.9383165 0.1145454 0.9295866 0.1178508 0.9295867 0.1324753 0.9234131 0.136835 0.9295867 0.1324753 0.9295866 0.1178508 0.9383165 0.1145454 0.9295866 0.1178508 0.9383166 0.1078648 0.9383165 0.1145454 0.9470465 0.1178273 0.9383165 0.1145454 0.9383166 0.1078648 0.9295866 0.1178508 0.9383166 0.1078648 0.9383165 0.1145454 0.9295867 0.1324753 0.9383166 0.1424378 0.9234131 0.136835 0.9470465 0.1178273 0.9383166 0.1078648 0.95322 0.1134676 0.9470465 0.1178273 0.9532201 0.1367951 0.9470465 0.1324518 0.9295866 0.1178508 0.9234131 0.136835 0.9234131 0.1135076 0.9470465 0.1324518 0.9383165 0.1357572 0.9383165 0.1145454 0.9295867 0.1324753 0.9383165 0.1357572 0.9383166 0.1424378 0.9383165 0.1145454 0.9470465 0.1178273 0.9470465 0.1324518 0.9470465 0.1324518 0.9383166 0.1424378 0.9383165 0.1357572 0.9383165 0.1145454 0.9470465 0.1178273 0.9470465 0.1324518 0.9295866 0.1178508 0.9234131 0.1135076 0.9383166 0.1078648 0.9470465 0.1178273 0.9532201 0.1367951 0.9470465 0.1324518 0.9470465 0.1324518 0.9383165 0.1357572 0.9383165 0.1145454 0.9383165 0.1357572 0.9295867 0.1324753 0.9383165 0.1145454 0.9470465 0.1324518 0.9532201 0.1367951 0.9383166 0.1424378 0.9470465 0.1178273 0.95322 0.1134676 0.9532201 0.1367951 0.9295866 0.1178508 0.9234131 0.1135076 0.9383166 0.1078648 0.9470465 0.1178273 0.95322 0.1134676 0.9532201 0.1367951 0.9470465 0.1178273 0.9383165 0.1145454 0.9383166 0.1078648 0.9470465 0.1324518 0.9532201 0.1367951 0.9383166 0.1424378 0.9295866 0.1178508 0.9295867 0.1324753 0.9234131 0.136835 0.9295867 0.1324753 0.9383165 0.1357572 0.9383166 0.1424378 0.9383165 0.1357572 0.9295867 0.1324753 0.9383165 0.1145454 0.9470465 0.1178273 0.9383166 0.1078648 0.95322 0.1134676 0.9295867 0.1324753 0.9383166 0.1424378 0.9234131 0.136835 0.9470465 0.1324518 0.9383166 0.1424378 0.9383165 0.1357572 0.9295867 0.1324753 0.9295866 0.1178508 0.9383165 0.1145454 0.9295866 0.1178508 0.9383166 0.1078648 0.9383165 0.1145454 0.9470465 0.1178273 0.9532201 0.1367951 0.9470465 0.1324518 0.9295866 0.1178508 0.9234131 0.136835 0.9234131 0.1135076 0.9470465 0.1324518 0.9383165 0.1357572 0.9383165 0.1145454 0.9383165 0.1145454 0.9470465 0.1178273 0.9470465 0.1324518 0.9295866 0.1178508 0.9234131 0.1135076 0.9383166 0.1078648 0.9470465 0.1178273 0.95322 0.1134676 0.9532201 0.1367951 0.9470465 0.1178273 0.9383165 0.1145454 0.9383166 0.1078648 0.9470465 0.1324518 0.9532201 0.1367951 0.9383166 0.1424378 0.9295866 0.1178508 0.9295867 0.1324753 0.9234131 0.136835 0.9295867 0.1324753 0.9383165 0.1357572 0.9383166 0.1424378 0.3298404 0.6072632 0.3021892 0.5975612 0.2666412 0.6197403 0.2609019 0.6072632 0.2663084 0.6785751 0.3241033 0.6197403 0.2693527 0.5947189 0.27464 0.6846228 0.3369728 0.6124749 0.2693527 0.5947189 0.3221907 0.5652982 0.3369728 0.6124749 0.2559073 0.1207759 0.2583888 0.1223399 0.2605003 0.1018787 0.2605003 0.1018787 0.2579959 0.1002956 0.2559073 0.1207759 0.2495051 0.1382231 0.2608281 0.1453374 0.2583888 0.1223399 0.2583888 0.1223399 0.2559073 0.1207759 0.2495051 0.1382231 0.2495051 0.1382231 0.2793677 0.2113543 0.2608281 0.1453374 0.2605003 0.1018787 0.2583888 0.1223399 0.2591078 0.1009802 0.2591078 0.1009802 0.2583888 0.1223399 0.2570092 0.1214523 0.2591078 0.1009802 0.2570092 0.1214523 0.2579959 0.1002956 0.2579959 0.1002956 0.2570092 0.1214523 0.2559073 0.1207759 0.2583888 0.1223399 0.2608281 0.1453374 0.2570092 0.1214523 0.2570092 0.1214523 0.2608281 0.1453374 0.2545302 0.141297 0.2570092 0.1214523 0.2545302 0.141297 0.2559073 0.1207759 0.2559073 0.1207759 0.2545302 0.141297 0.2495051 0.1382231 0.2495051 0.1382231 0.2545302 0.141297 0.2793677 0.2113543 0.2793677 0.2113543 0.2545302 0.141297 0.2608281 0.1453374 0.2591412 0.1199352 0.2620292 0.1197768 0.2528007 0.1018863 0.2528007 0.1018863 0.2498839 0.102042 0.2591412 0.1199352 0.2626152 0.1381366 0.2757823 0.1373917 0.2620292 0.1197768 0.2620292 0.1197768 0.2591412 0.1199352 0.2626152 0.1381366 0.2626152 0.1381366 0.2837399 0.195052 0.2757823 0.1373917 0.2608139 0.1060774 0.2570508 0.1252461 0.2597292 0.105384 0.2597292 0.105384 0.2570508 0.1252461 0.2559766 0.1245615 0.2516644 0.1017271 0.2609042 0.119621 0.2498839 0.102042 0.2498839 0.102042 0.2609042 0.119621 0.2591412 0.1199352 0.2570508 0.1252461 0.2564181 0.1459671 0.2559766 0.1245615 0.2559766 0.1245615 0.2564181 0.1459671 0.2515151 0.1428551 0.2609042 0.119621 0.2706493 0.1366931 0.2591412 0.1199352 0.2591412 0.1199352 0.2706493 0.1366931 0.2626152 0.1381366 0.2626152 0.1381366 0.2706493 0.1366931 0.2837399 0.195052 0.2837399 0.195052 0.2706493 0.1366931 0.2757823 0.1373917 0.2559073 0.1207759 0.2583888 0.1223399 0.2605003 0.1018787 0.2605003 0.1018787 0.2579959 0.1002956 0.2559073 0.1207759 0.2495051 0.1382231 0.2608281 0.1453374 0.2583888 0.1223399 0.2583888 0.1223399 0.2559073 0.1207759 0.2495051 0.1382231 0.2495051 0.1382231 0.2793677 0.2113543 0.2608281 0.1453374 0.2605003 0.1018787 0.2583888 0.1223399 0.2591078 0.1009802 0.2591078 0.1009802 0.2583888 0.1223399 0.2570092 0.1214523 0.2591078 0.1009802 0.2570092 0.1214523 0.2579959 0.1002956 0.2579959 0.1002956 0.2570092 0.1214523 0.2559073 0.1207759 0.2583888 0.1223399 0.2608281 0.1453374 0.2570092 0.1214523 0.2570092 0.1214523 0.2608281 0.1453374 0.2545302 0.141297 0.2570092 0.1214523 0.2545302 0.141297 0.2559073 0.1207759 0.2559073 0.1207759 0.2545302 0.141297 0.2495051 0.1382231 0.2581911 0.1307004 0.262818 0.131336 0.2687408 0.192779 0.2793677 0.2113543 0.2545302 0.141297 0.2608281 0.1453374 0.2550992 0.1198596 0.2578726 0.1206814 0.2551957 0.1007297 0.2551957 0.1007297 0.2523962 0.09989559 0.2550992 0.1198596 0.2522519 0.1381695 0.2649028 0.1418946 0.2578726 0.1206814 0.2578726 0.1206814 0.2550992 0.1198596 0.2522519 0.1381695 0.2522519 0.1381695 0.2717325 0.2010449 0.2649028 0.1418946 0.2609554 0.1055078 0.2570642 0.1251918 0.2599517 0.1044882 0.2599517 0.1044882 0.2570642 0.1251918 0.2560704 0.124184 0.2541791 0.1001976 0.2568653 0.1201564 0.2523962 0.09989559 0.2523962 0.09989559 0.2568653 0.1201564 0.2550992 0.1198596 0.2570642 0.1251918 0.2559518 0.147844 0.2560704 0.124184 0.2560704 0.124184 0.2559518 0.147844 0.2514156 0.1432557 0.2568653 0.1201564 0.2603037 0.1395109 0.2550992 0.1198596 0.2550992 0.1198596 0.2603037 0.1395109 0.2522519 0.1381695 0.2522519 0.1381695 0.2603037 0.1395109 0.2717325 0.2010449 0.2717325 0.2010449 0.2603037 0.1395109 0.2649028 0.1418946 0.2562154 0.1212179 0.2585647 0.1225921 0.2611098 0.1027529 0.2611098 0.1027529 0.2587392 0.1013619 0.2562154 0.1212179 0.2496916 0.1384906 0.2604123 0.1447409 0.2585647 0.1225921 0.2585647 0.1225921 0.2562154 0.1212179 0.2496916 0.1384906 0.2496916 0.1384906 0.2768179 0.207697 0.2604123 0.1447409 0.2611098 0.1027529 0.2585647 0.1225921 0.2597218 0.1018607 0.2597218 0.1018607 0.2585647 0.1225921 0.2571891 0.1217104 0.2536572 0.0975877 0.2567524 0.1178469 0.2524949 0.0972383 0.2524949 0.0972383 0.2567524 0.1178469 0.2556023 0.1175025 0.2585647 0.1225921 0.2604123 0.1447409 0.2571891 0.1217104 0.2571891 0.1217104 0.2604123 0.1447409 0.2541335 0.1407279 0.2567524 0.1178469 0.2610159 0.1375572 0.2556023 0.1175025 0.2556023 0.1175025 0.2610159 0.1375572 0.2557769 0.1359962 0.2557769 0.1359962 0.2610159 0.1375572 0.2799232 0.1986358 0.2768179 0.207697 0.2541335 0.1407279 0.2604123 0.1447409 0.2559658 0.1208598 0.2584951 0.1224924 0.2610698 0.1026956 0.2610698 0.1026956 0.2585169 0.101043 0.2559658 0.1208598 0.2488533 0.1372882 0.2603937 0.1447142 0.2584951 0.1224924 0.2584951 0.1224924 0.2559658 0.1208598 0.2488533 0.1372882 0.2488533 0.1372882 0.2777512 0.2090356 0.2603937 0.1447142 0.2610698 0.1026956 0.2584951 0.1224924 0.2598092 0.1019862 0.2598092 0.1019862 0.2584951 0.1224924 0.257246 0.121792 0.2598092 0.1019862 0.257246 0.121792 0.2585169 0.101043 0.2585169 0.101043 0.257246 0.121792 0.2559658 0.1208598 0.2584951 0.1224924 0.2603937 0.1447142 0.257246 0.121792 0.257246 0.121792 0.2603937 0.1447142 0.2546914 0.1415281 0.257246 0.121792 0.2546914 0.1415281 0.2559658 0.1208598 0.2559658 0.1208598 0.2546914 0.1415281 0.2488533 0.1372882 0.2488533 0.1372882 0.2546914 0.1415281 0.2777512 0.2090356 0.2777512 0.2090356 0.2546914 0.1415281 0.2603937 0.1447142 0.25606 0.1194719 0.2586928 0.1206696 0.2588036 0.1005395 0.2588036 0.1005395 0.2561464 0.09932589 0.25606 0.1194719 0.2507055 0.1372114 0.262719 0.1426517 0.2586928 0.1206696 0.2586928 0.1206696 0.25606 0.1194719 0.2507055 0.1372114 0.2507055 0.1372114 0.2612951 0.202178 0.262719 0.1426517 0.2608039 0.1061174 0.2570224 0.1253602 0.2598276 0.1049878 0.2598276 0.1049878 0.2570224 0.1253602 0.2560556 0.1242433 0.2578703 0.09987187 0.2577679 0.1200103 0.2561464 0.09932589 0.2561464 0.09932589 0.2577679 0.1200103 0.25606 0.1194719 0.2570224 0.1253602 0.2558926 0.1480821 0.2560556 0.1242433 0.2560556 0.1242433 0.2558926 0.1480821 0.2514802 0.1429954 0.2577679 0.1200103 0.2584941 0.1396545 0.25606 0.1194719 0.25606 0.1194719 0.2584941 0.1396545 0.2507055 0.1372114 0.2507055 0.1372114 0.2584941 0.1396545 0.2612951 0.202178 0.2612951 0.202178 0.2584941 0.1396545 0.262719 0.1426517</float_array>
          <technique_common>
            <accessor source="#rome_helmet_b-Geometry_002-mesh-map-0-array" count="2832" stride="2">
              <param name="S" type="float"/>
              <param name="T" type="float"/>
            </accessor>
          </technique_common>
        </source>
        <vertices id="rome_helmet_b-Geometry_002-mesh-vertices">
          <input semantic="POSITION" source="#rome_helmet_b-Geometry_002-mesh-positions"/>
        </vertices>
        <triangles material="coronas_viejas_zapo-material" count="944">
          <input semantic="VERTEX" source="#rome_helmet_b-Geometry_002-mesh-vertices" offset="0"/>
          <input semantic="NORMAL" source="#rome_helmet_b-Geometry_002-mesh-normals" offset="1"/>
          <input semantic="TEXCOORD" source="#rome_helmet_b-Geometry_002-mesh-map-0" offset="2" set="0"/>
          <p>1 0 0 4 1 1 3 2 2 2 3 3 3 2 4 5 4 5 7 5 6 6 6 7 9 7 8 0 8 9 1 0 10 3 2 11 10 9 12 7 5 13 9 7 14 16 10 15 23 11 16 15 12 17 18 13 18 22 14 19 26 15 20 8 16 21 9 7 22 6 6 23 22 14 24 21 17 25 19 18 26 15 12 27 20 19 28 12 20 29 26 15 30 17 21 31 18 13 32 14 22 33 21 17 34 22 14 35 16 10 36 25 23 37 24 24 38 4 1 39 27 25 40 3 2 41 5 4 42 27 25 43 29 26 44 2 3 45 0 8 46 3 2 47 16 10 48 24 24 49 23 11 50 18 13 51 14 22 52 22 14 53 8 16 54 11 27 55 9 7 56 20 19 57 23 11 58 19 18 59 23 11 60 24 24 61 19 18 62 24 24 63 25 23 64 19 18 65 25 23 66 26 15 67 19 18 68 26 15 69 22 14 70 19 18 71 15 12 72 23 11 73 20 19 74 26 15 75 25 23 76 17 21 77 14 22 78 13 28 79 21 17 80 16 10 81 17 21 82 25 23 83 4 1 84 28 29 85 27 25 86 5 4 87 3 2 88 27 25 89 187 30 90 191 31 91 184 32 92 40 33 93 44 34 94 38 35 95 56 36 96 55 37 97 54 38 98 74 39 99 73 40 100 75 41 101 77 42 102 74 39 103 75 41 104 43 43 105 53 44 106 42 45 107 75 41 108 61 46 109 60 47 110 62 48 111 55 37 112 56 36 113 45 49 114 52 50 115 51 51 116 65 52 117 55 37 118 63 53 119 64 54 120 54 38 121 65 52 122 34 55 123 47 56 124 32 57 125 67 58 126 63 53 127 69 59 128 44 34 129 53 44 130 52 50 131 30 60 132 33 61 133 32 57 134 66 62 135 77 42 136 67 58 137 60 47 138 57 63 139 58 64 140 33 61 141 34 55 142 32 57 143 69 59 144 66 62 145 67 58 146 77 42 147 60 47 148 64 54 149 51 51 150 52 50 151 53 44 152 70 65 153 69 59 154 71 66 155 71 66 156 61 46 157 73 40 158 64 54 159 58 64 160 59 67 161 73 40 162 70 65 163 71 66 164 41 68 165 30 60 166 40 33 167 77 42 168 65 52 169 67 58 170 62 48 171 57 63 172 61 46 173 71 66 174 63 53 175 62 48 176 46 69 177 49 70 178 47 56 179 38 35 180 41 68 181 40 33 182 30 60 183 47 56 184 43 43 185 37 71 186 38 35 187 36 72 188 36 72 189 46 69 190 34 55 191 43 43 192 49 70 193 48 73 194 34 55 195 37 71 196 36 72 197 30 60 198 42 45 199 40 33 200 45 49 201 50 74 202 46 69 203 36 72 204 44 34 205 45 49 206 88 75 207 92 76 208 86 77 209 91 78 210 101 79 211 90 80 212 93 81 213 100 82 214 99 83 215 82 84 216 95 85 217 80 86 218 92 76 219 101 79 220 100 82 221 78 87 222 81 88 223 80 86 224 81 88 225 82 84 226 80 86 227 99 83 228 100 82 229 101 79 230 89 89 231 78 87 232 88 75 233 94 90 234 97 91 235 95 85 236 86 77 237 89 89 238 88 75 239 78 87 240 95 85 241 91 78 242 85 92 243 86 77 244 84 93 245 84 93 246 94 90 247 82 84 248 91 78 249 97 91 250 96 94 251 82 84 252 85 92 253 84 93 254 78 87 255 90 80 256 88 75 257 93 81 258 98 95 259 94 90 260 84 93 261 92 76 262 93 81 263 116 96 264 112 97 265 110 98 266 128 99 267 129 100 268 130 101 269 145 102 270 146 103 271 147 104 272 149 105 273 146 103 274 148 106 275 125 107 276 115 108 277 114 109 278 147 104 279 133 110 280 145 102 281 134 111 282 127 112 283 135 113 284 117 114 285 124 115 286 116 96 287 127 112 288 137 116 289 135 113 290 126 117 291 136 118 292 137 116 293 119 119 294 106 120 295 104 121 296 135 113 297 139 122 298 141 123 299 116 96 300 125 107 301 114 109 302 102 124 303 105 125 304 103 126 305 149 105 306 138 127 307 139 122 308 132 128 309 129 100 310 133 110 311 106 120 312 105 125 313 104 121 314 141 123 315 138 127 316 140 129 317 149 105 318 132 128 319 147 104 320 123 130 321 122 131 322 121 132 323 141 123 324 142 133 325 143 134 326 133 110 327 143 134 328 145 102 329 136 118 330 130 101 331 132 128 332 145 102 333 142 133 334 144 135 335 102 124 336 113 136 337 112 97 338 137 116 339 149 105 340 139 122 341 129 100 342 134 111 343 133 110 344 143 134 345 135 113 346 141 123 347 121 132 348 118 137 349 119 119 350 110 98 351 113 136 352 111 138 353 102 124 354 119 119 355 104 121 356 110 98 357 109 139 358 108 140 359 118 137 360 108 140 361 106 120 362 115 108 363 121 132 364 119 119 365 106 120 366 109 139 367 107 141 368 114 109 369 102 124 370 112 97 371 122 131 372 117 114 373 118 137 374 108 140 375 116 96 376 110 98 377 164 142 378 160 143 379 158 144 380 173 145 381 163 146 382 162 147 383 165 148 384 172 149 385 164 142 386 167 150 387 154 151 388 152 152 389 164 142 390 173 145 391 162 147 392 150 153 393 153 154 394 151 155 395 154 151 396 153 154 397 152 152 398 171 156 399 170 157 400 169 158 401 150 153 402 161 159 403 160 143 404 169 158 405 166 160 406 167 150 407 158 144 408 161 159 409 159 161 410 150 153 411 167 150 412 152 152 413 158 144 414 157 162 415 156 163 416 166 160 417 156 163 418 154 151 419 163 146 420 169 158 421 167 150 422 154 151 423 157 162 424 155 164 425 162 147 426 150 153 427 160 143 428 170 157 429 165 148 430 166 160 431 156 163 432 164 142 433 158 144 434 187 30 435 193 165 436 191 31 437 193 165 438 192 166 439 181 167 440 175 168 441 178 169 442 174 170 443 178 169 444 179 171 445 181 167 446 181 167 447 174 170 448 178 169 449 181 167 450 192 166 451 180 172 452 193 165 453 179 171 454 191 31 455 193 165 456 189 173 457 192 166 458 186 174 459 183 175 460 182 176 461 176 177 462 190 178 463 191 31 464 186 174 465 189 173 466 187 30 467 182 176 468 189 173 469 186 174 470 189 173 471 188 179 472 192 166 473 190 178 474 184 32 475 191 31 476 184 32 477 185 180 478 187 30 479 185 180 480 186 174 481 187 30 482 40 33 483 42 45 484 44 34 485 54 38 486 59 67 487 56 36 488 59 67 489 58 64 490 56 36 491 58 64 492 57 63 493 56 36 494 74 39 495 72 181 496 73 40 497 77 42 498 76 182 499 74 39 500 43 43 501 48 73 502 53 44 503 75 41 504 73 40 505 61 46 506 62 48 507 63 53 508 55 37 509 45 49 510 44 34 511 52 50 512 65 52 513 54 38 514 55 37 515 64 54 516 59 67 517 54 38 518 34 55 519 46 69 520 47 56 521 67 58 522 65 52 523 63 53 524 44 34 525 42 45 526 53 44 527 30 60 528 31 183 529 33 61 530 66 62 531 76 182 532 77 42 533 60 47 534 61 46 535 57 63 536 33 61 537 35 184 538 34 55 539 69 59 540 68 185 541 66 62 542 77 42 543 75 41 544 60 47 545 53 44 546 48 73 547 51 51 548 48 73 549 49 70 550 51 51 551 49 70 552 50 74 553 51 51 554 70 65 555 68 185 556 69 59 557 71 66 558 62 48 559 61 46 560 64 54 561 60 47 562 58 64 563 73 40 564 72 181 565 70 65 566 41 68 567 31 183 568 30 60 569 77 42 570 64 54 571 65 52 572 62 48 573 56 36 574 57 63 575 71 66 576 69 59 577 63 53 578 46 69 579 50 74 580 49 70 581 38 35 582 39 186 583 41 68 584 30 60 585 32 57 586 47 56 587 37 71 588 39 186 589 38 35 590 36 72 591 45 49 592 46 69 593 43 43 594 47 56 595 49 70 596 34 55 597 35 184 598 37 71 599 30 60 600 43 43 601 42 45 602 45 49 603 51 51 604 50 74 605 36 72 606 38 35 607 44 34 608 88 75 609 90 80 610 92 76 611 91 78 612 96 94 613 101 79 614 93 81 615 92 76 616 100 82 617 82 84 618 94 90 619 95 85 620 92 76 621 90 80 622 101 79 623 78 87 624 79 187 625 81 88 626 81 88 627 83 188 628 82 84 629 101 79 630 96 94 631 99 83 632 96 94 633 97 91 634 99 83 635 97 91 636 98 95 637 99 83 638 89 89 639 79 187 640 78 87 641 94 90 642 98 95 643 97 91 644 86 77 645 87 189 646 89 89 647 78 87 648 80 86 649 95 85 650 85 92 651 87 189 652 86 77 653 84 93 654 93 81 655 94 90 656 91 78 657 95 85 658 97 91 659 82 84 660 83 188 661 85 92 662 78 87 663 91 78 664 90 80 665 93 81 666 99 83 667 98 95 668 84 93 669 86 77 670 92 76 671 116 96 672 114 109 673 112 97 674 130 101 675 131 190 676 128 99 677 131 190 678 126 117 679 128 99 680 126 117 681 127 112 682 128 99 683 145 102 684 144 135 685 146 103 686 149 105 687 147 104 688 146 103 689 125 107 690 120 191 691 115 108 692 147 104 693 132 128 694 133 110 695 134 111 696 128 99 697 127 112 698 117 114 699 123 130 700 124 115 701 127 112 702 126 117 703 137 116 704 126 117 705 131 190 706 136 118 707 119 119 708 118 137 709 106 120 710 135 113 711 137 116 712 139 122 713 116 96 714 124 115 715 125 107 716 102 124 717 104 121 718 105 125 719 149 105 720 148 106 721 138 127 722 132 128 723 130 101 724 129 100 725 106 120 726 107 141 727 105 125 728 141 123 729 139 122 730 138 127 731 149 105 732 136 118 733 132 128 734 121 132 735 120 191 736 123 130 737 120 191 738 125 107 739 123 130 740 125 107 741 124 115 742 123 130 743 141 123 744 140 129 745 142 133 746 133 110 747 134 111 748 143 134 749 136 118 750 131 190 751 130 101 752 145 102 753 143 134 754 142 133 755 102 124 756 103 126 757 113 136 758 137 116 759 136 118 760 149 105 761 129 100 762 128 99 763 134 111 764 143 134 765 134 111 766 135 113 767 121 132 768 122 131 769 118 137 770 110 98 771 112 97 772 113 136 773 102 124 774 115 108 775 119 119 776 110 98 777 111 138 778 109 139 779 118 137 780 117 114 781 108 140 782 115 108 783 120 191 784 121 132 785 106 120 786 108 140 787 109 139 788 114 109 789 115 108 790 102 124 791 122 131 792 123 130 793 117 114 794 108 140 795 117 114 796 116 96 797 164 142 798 162 147 799 160 143 800 173 145 801 168 192 802 163 146 803 165 148 804 171 156 805 172 149 806 167 150 807 166 160 808 154 151 809 164 142 810 172 149 811 173 145 812 150 153 813 152 152 814 153 154 815 154 151 816 155 164 817 153 154 818 169 158 819 168 192 820 171 156 821 168 192 822 173 145 823 171 156 824 173 145 825 172 149 826 171 156 827 150 153 828 151 155 829 161 159 830 169 158 831 170 157 832 166 160 833 158 144 834 160 143 835 161 159 836 150 153 837 163 146 838 167 150 839 158 144 840 159 161 841 157 162 842 166 160 843 165 148 844 156 163 845 163 146 846 168 192 847 169 158 848 154 151 849 156 163 850 157 162 851 162 147 852 163 146 853 150 153 854 170 157 855 171 156 856 165 148 857 156 163 858 165 148 859 164 142 860 187 30 861 189 173 862 193 165 863 175 168 864 177 193 865 178 169 866 181 167 867 180 172 868 174 170 869 193 165 870 181 167 871 179 171 872 186 174 873 185 180 874 183 175 875 191 31 876 179 171 877 176 177 878 179 171 879 178 169 880 177 193 881 176 177 882 179 171 883 177 193 884 182 176 885 188 179 886 189 173 887 192 166 888 188 179 889 180 172 890 345 194 891 352 195 892 358 196 893 381 197 894 391 198 895 372 199 896 204 200 897 208 201 898 202 202 899 220 203 900 219 204 901 218 205 902 238 206 903 237 207 904 239 208 905 241 209 906 238 206 907 239 208 908 207 210 909 217 211 910 206 212 911 239 208 912 225 213 913 224 214 914 226 215 915 219 204 916 220 203 917 209 216 918 216 217 919 215 218 920 229 219 921 219 204 922 227 220 923 228 221 924 218 205 925 229 219 926 198 222 927 211 223 928 196 224 929 231 225 930 227 220 931 233 226 932 208 201 933 217 211 934 216 217 935 194 227 936 197 228 937 196 224 938 230 229 939 241 209 940 231 225 941 224 214 942 221 230 943 222 231 944 197 228 945 198 222 946 196 224 947 233 226 948 230 229 949 231 225 950 241 209 951 224 214 952 228 221 953 215 218 954 216 217 955 217 211 956 234 232 957 233 226 958 235 233 959 235 233 960 225 213 961 237 207 962 228 221 963 222 231 964 223 234 965 237 207 966 234 232 967 235 233 968 205 235 969 194 227 970 204 200 971 241 209 972 229 219 973 231 225 974 226 215 975 221 230 976 225 213 977 235 233 978 227 220 979 226 215 980 210 236 981 213 237 982 211 223 983 202 202 984 205 235 985 204 200 986 194 227 987 211 223 988 207 210 989 201 238 990 202 202 991 200 239 992 200 239 993 210 236 994 198 222 995 207 210 996 213 237 997 212 240 998 198 222 999 201 238 1000 200 239 1001 194 227 1002 206 212 1003 204 200 1004 209 216 1005 214 241 1006 210 236 1007 200 239 1008 208 201 1009 209 216 1010 252 242 1011 256 243 1012 250 244 1013 255 245 1014 265 246 1015 254 247 1016 257 248 1017 264 249 1018 263 250 1019 246 251 1020 259 252 1021 244 253 1022 256 243 1023 265 246 1024 264 249 1025 242 254 1026 245 255 1027 244 253 1028 245 255 1029 246 251 1030 244 253 1031 263 250 1032 264 249 1033 265 246 1034 253 256 1035 242 254 1036 252 242 1037 258 257 1038 261 258 1039 259 252 1040 250 244 1041 253 256 1042 252 242 1043 242 254 1044 259 252 1045 255 245 1046 249 259 1047 250 244 1048 248 260 1049 248 260 1050 258 257 1051 246 251 1052 255 245 1053 261 258 1054 260 261 1055 246 251 1056 249 259 1057 248 260 1058 242 254 1059 254 247 1060 252 242 1061 257 248 1062 262 262 1063 258 257 1064 248 260 1065 256 243 1066 257 248 1067 280 263 1068 276 264 1069 274 265 1070 292 266 1071 293 267 1072 294 268 1073 309 269 1074 310 270 1075 311 271 1076 313 272 1077 310 270 1078 312 273 1079 289 274 1080 279 275 1081 278 276 1082 311 271 1083 297 277 1084 309 269 1085 298 278 1086 291 279 1087 299 280 1088 281 281 1089 288 282 1090 280 263 1091 291 279 1092 301 283 1093 299 280 1094 290 284 1095 300 285 1096 301 283 1097 283 286 1098 270 287 1099 268 288 1100 299 280 1101 303 289 1102 305 290 1103 280 263 1104 289 274 1105 278 276 1106 266 291 1107 269 292 1108 267 293 1109 313 272 1110 302 294 1111 303 289 1112 296 295 1113 293 267 1114 297 277 1115 270 287 1116 269 292 1117 268 288 1118 305 290 1119 302 294 1120 304 296 1121 313 272 1122 296 295 1123 311 271 1124 287 297 1125 286 298 1126 285 299 1127 305 290 1128 306 300 1129 307 301 1130 297 277 1131 307 301 1132 309 269 1133 300 285 1134 294 268 1135 296 295 1136 309 269 1137 306 300 1138 308 302 1139 266 291 1140 277 303 1141 276 264 1142 301 283 1143 313 272 1144 303 289 1145 293 267 1146 298 278 1147 297 277 1148 307 301 1149 299 280 1150 305 290 1151 285 299 1152 282 304 1153 283 286 1154 274 265 1155 277 303 1156 275 305 1157 266 291 1158 283 286 1159 268 288 1160 274 265 1161 273 306 1162 272 307 1163 282 304 1164 272 307 1165 270 287 1166 279 275 1167 285 299 1168 283 286 1169 270 287 1170 273 306 1171 271 308 1172 278 276 1173 266 291 1174 276 264 1175 286 298 1176 281 281 1177 282 304 1178 272 307 1179 280 263 1180 274 265 1181 328 309 1182 324 310 1183 322 311 1184 337 312 1185 327 313 1186 326 314 1187 329 315 1188 336 316 1189 328 309 1190 331 317 1191 318 318 1192 316 319 1193 328 309 1194 337 312 1195 326 314 1196 314 320 1197 317 321 1198 315 322 1199 318 318 1200 317 321 1201 316 319 1202 335 323 1203 334 324 1204 333 325 1205 314 320 1206 325 326 1207 324 310 1208 333 325 1209 330 327 1210 331 317 1211 322 311 1212 325 326 1213 323 328 1214 314 320 1215 331 317 1216 316 319 1217 322 311 1218 321 329 1219 320 330 1220 330 327 1221 320 330 1222 318 318 1223 327 313 1224 333 325 1225 331 317 1226 318 318 1227 321 329 1228 319 331 1229 326 314 1230 314 320 1231 324 310 1232 334 324 1233 329 315 1234 330 327 1235 320 330 1236 328 309 1237 322 311 1238 342 332 1239 340 333 1240 341 334 1241 344 335 1242 340 333 1243 345 194 1244 381 197 1245 394 336 1246 391 198 1247 394 336 1248 393 337 1249 360 338 1250 349 339 1251 362 340 1252 396 341 1253 389 342 1254 346 343 1255 348 344 1256 347 345 1257 339 346 1258 350 347 1259 350 347 1260 349 339 1261 348 344 1262 352 195 1263 350 347 1264 358 196 1265 355 348 1266 425 349 1267 361 350 1268 351 351 1269 340 333 1270 343 352 1271 379 353 1272 371 354 1273 385 355 1274 339 346 1275 353 356 1276 338 357 1277 385 355 1278 364 358 1279 377 359 1280 370 360 1281 367 361 1282 374 362 1283 344 335 1284 395 363 1285 341 334 1286 349 339 1287 423 364 1288 356 365 1289 343 352 1290 349 339 1291 356 365 1292 357 366 1293 351 351 1294 343 352 1295 348 344 1296 396 341 1297 389 342 1298 355 348 1299 343 352 1300 356 365 1301 361 350 1302 357 366 1303 343 352 1304 353 356 1305 354 367 1306 360 338 1307 360 338 1308 338 357 1309 353 356 1310 338 357 1311 359 368 1312 339 346 1313 355 348 1314 361 350 1315 343 352 1316 360 338 1317 393 337 1318 359 368 1319 368 369 1320 366 370 1321 369 371 1322 394 336 1323 354 367 1324 391 198 1325 366 370 1326 370 360 1327 371 354 1328 422 372 1329 424 373 1330 398 374 1331 394 336 1332 387 375 1333 393 337 1334 367 361 1335 365 376 1336 374 362 1337 376 377 1338 396 341 1339 362 340 1340 372 199 1341 389 342 1342 375 378 1343 377 359 1344 364 358 1345 373 379 1346 376 377 1347 377 359 1348 375 378 1349 377 359 1350 379 353 1351 385 355 1352 388 380 1353 414 381 1354 382 382 1355 366 370 1356 378 383 1357 369 371 1358 339 346 1359 358 196 1360 350 347 1361 380 384 1362 364 358 1363 363 385 1364 346 343 1365 390 386 1366 391 198 1367 341 334 1368 392 387 1369 342 332 1370 361 350 1371 424 373 1372 357 366 1373 369 371 1374 383 388 1375 376 377 1376 384 389 1377 369 371 1378 378 383 1379 375 378 1380 396 341 1381 376 377 1382 382 382 1383 383 388 1384 369 371 1385 388 380 1386 369 371 1387 384 389 1388 380 384 1389 387 375 1390 381 197 1391 363 385 1392 387 375 1393 380 384 1394 363 385 1395 364 358 1396 386 390 1397 382 382 1398 369 371 1399 388 380 1400 387 375 1401 386 390 1402 393 337 1403 405 391 1404 415 392 1405 403 393 1406 351 351 1407 421 394 1408 349 339 1409 384 389 1410 413 395 1411 388 380 1412 378 383 1413 412 396 1414 384 389 1415 357 366 1416 422 372 1417 351 351 1418 356 365 1419 426 397 1420 355 348 1421 376 377 1422 410 398 1423 378 383 1424 382 382 1425 411 399 1426 383 388 1427 383 388 1428 409 400 1429 376 377 1430 402 401 1431 429 402 1432 432 403 1433 403 393 1434 404 404 1435 410 398 1436 408 405 1437 413 395 1438 407 406 1439 418 407 1440 416 408 1441 417 409 1442 408 405 1443 417 409 1444 405 391 1445 406 410 1446 416 408 1447 418 407 1448 404 404 1449 415 392 1450 416 408 1451 407 406 1452 420 411 1453 408 405 1454 407 406 1455 418 407 1456 419 412 1457 402 401 1458 425 349 1459 426 397 1460 431 413 1461 432 403 1462 429 402 1463 401 414 1464 430 415 1465 400 416 1466 399 417 1467 427 418 1468 429 402 1469 401 414 1470 432 403 1471 431 413 1472 400 416 1473 428 419 1474 398 374 1475 398 374 1476 427 418 1477 397 420 1478 435 421 1479 438 422 1480 437 423 1481 441 424 1482 433 425 1483 434 426 1484 435 421 1485 443 427 1486 436 428 1487 440 429 1488 435 421 1489 437 423 1490 433 425 1491 440 429 1492 437 423 1493 448 430 1494 447 430 1495 446 430 1496 466 431 1497 467 431 1498 464 431 1499 474 432 1500 485 433 1501 486 434 1502 470 435 1503 483 436 1504 471 437 1505 478 438 1506 489 439 1507 490 440 1508 474 432 1509 487 441 1510 475 442 1511 472 443 1512 483 436 1513 484 444 1514 479 445 1515 490 440 1516 491 446 1517 468 447 1518 480 448 1519 469 449 1520 475 442 1521 488 450 1522 476 451 1523 473 452 1524 484 444 1525 485 433 1526 468 447 1527 491 446 1528 481 453 1529 469 449 1530 482 454 1531 470 435 1532 476 451 1533 489 439 1534 477 455 1535 498 456 1536 509 457 1537 497 458 1538 507 459 1539 494 460 1540 495 461 1541 502 462 1542 513 463 1543 501 464 1544 511 465 1545 498 456 1546 499 466 1547 496 467 1548 507 459 1549 495 461 1550 503 468 1551 514 469 1552 502 462 1553 504 470 1554 492 471 1555 493 472 1556 512 473 1557 499 466 1558 500 474 1559 497 458 1560 508 475 1561 496 467 1562 492 471 1563 515 476 1564 503 468 1565 506 477 1566 493 472 1567 494 460 1568 513 463 1569 500 474 1570 501 464 1571 438 422 1572 433 425 1573 437 423 1574 345 194 1575 340 333 1576 352 195 1577 390 386 1578 372 199 1579 391 198 1580 372 199 1581 373 379 1582 381 197 1583 373 379 1584 380 384 1585 381 197 1586 204 200 1587 206 212 1588 208 201 1589 218 205 1590 223 234 1591 220 203 1592 223 234 1593 222 231 1594 220 203 1595 222 231 1596 221 230 1597 220 203 1598 238 206 1599 236 478 1600 237 207 1601 241 209 1602 240 479 1603 238 206 1604 207 210 1605 212 240 1606 217 211 1607 239 208 1608 237 207 1609 225 213 1610 226 215 1611 227 220 1612 219 204 1613 209 216 1614 208 201 1615 216 217 1616 229 219 1617 218 205 1618 219 204 1619 228 221 1620 223 234 1621 218 205 1622 198 222 1623 210 236 1624 211 223 1625 231 225 1626 229 219 1627 227 220 1628 208 201 1629 206 212 1630 217 211 1631 194 227 1632 195 480 1633 197 228 1634 230 229 1635 240 479 1636 241 209 1637 224 214 1638 225 213 1639 221 230 1640 197 228 1641 199 481 1642 198 222 1643 233 226 1644 232 482 1645 230 229 1646 241 209 1647 239 208 1648 224 214 1649 217 211 1650 212 240 1651 215 218 1652 212 240 1653 213 237 1654 215 218 1655 213 237 1656 214 241 1657 215 218 1658 234 232 1659 232 482 1660 233 226 1661 235 233 1662 226 215 1663 225 213 1664 228 221 1665 224 214 1666 222 231 1667 237 207 1668 236 478 1669 234 232 1670 205 235 1671 195 480 1672 194 227 1673 241 209 1674 228 221 1675 229 219 1676 226 215 1677 220 203 1678 221 230 1679 235 233 1680 233 226 1681 227 220 1682 210 236 1683 214 241 1684 213 237 1685 202 202 1686 203 483 1687 205 235 1688 194 227 1689 196 224 1690 211 223 1691 201 238 1692 203 483 1693 202 202 1694 200 239 1695 209 216 1696 210 236 1697 207 210 1698 211 223 1699 213 237 1700 198 222 1701 199 481 1702 201 238 1703 194 227 1704 207 210 1705 206 212 1706 209 216 1707 215 218 1708 214 241 1709 200 239 1710 202 202 1711 208 201 1712 252 242 1713 254 247 1714 256 243 1715 255 245 1716 260 261 1717 265 246 1718 257 248 1719 256 243 1720 264 249 1721 246 251 1722 258 257 1723 259 252 1724 256 243 1725 254 247 1726 265 246 1727 242 254 1728 243 484 1729 245 255 1730 245 255 1731 247 485 1732 246 251 1733 265 246 1734 260 261 1735 263 250 1736 260 261 1737 261 258 1738 263 250 1739 261 258 1740 262 262 1741 263 250 1742 253 256 1743 243 484 1744 242 254 1745 258 257 1746 262 262 1747 261 258 1748 250 244 1749 251 486 1750 253 256 1751 242 254 1752 244 253 1753 259 252 1754 249 259 1755 251 486 1756 250 244 1757 248 260 1758 257 248 1759 258 257 1760 255 245 1761 259 252 1762 261 258 1763 246 251 1764 247 485 1765 249 259 1766 242 254 1767 255 245 1768 254 247 1769 257 248 1770 263 250 1771 262 262 1772 248 260 1773 250 244 1774 256 243 1775 280 263 1776 278 276 1777 276 264 1778 294 268 1779 295 487 1780 292 266 1781 295 487 1782 290 284 1783 292 266 1784 290 284 1785 291 279 1786 292 266 1787 309 269 1788 308 302 1789 310 270 1790 313 272 1791 311 271 1792 310 270 1793 289 274 1794 284 488 1795 279 275 1796 311 271 1797 296 295 1798 297 277 1799 298 278 1800 292 266 1801 291 279 1802 281 281 1803 287 297 1804 288 282 1805 291 279 1806 290 284 1807 301 283 1808 290 284 1809 295 487 1810 300 285 1811 283 286 1812 282 304 1813 270 287 1814 299 280 1815 301 283 1816 303 289 1817 280 263 1818 288 282 1819 289 274 1820 266 291 1821 268 288 1822 269 292 1823 313 272 1824 312 273 1825 302 294 1826 296 295 1827 294 268 1828 293 267 1829 270 287 1830 271 308 1831 269 292 1832 305 290 1833 303 289 1834 302 294 1835 313 272 1836 300 285 1837 296 295 1838 285 299 1839 284 488 1840 287 297 1841 284 488 1842 289 274 1843 287 297 1844 289 274 1845 288 282 1846 287 297 1847 305 290 1848 304 296 1849 306 300 1850 297 277 1851 298 278 1852 307 301 1853 300 285 1854 295 487 1855 294 268 1856 309 269 1857 307 301 1858 306 300 1859 266 291 1860 267 293 1861 277 303 1862 301 283 1863 300 285 1864 313 272 1865 293 267 1866 292 266 1867 298 278 1868 307 301 1869 298 278 1870 299 280 1871 285 299 1872 286 298 1873 282 304 1874 274 265 1875 276 264 1876 277 303 1877 266 291 1878 279 275 1879 283 286 1880 274 265 1881 275 305 1882 273 306 1883 282 304 1884 281 281 1885 272 307 1886 279 275 1887 284 488 1888 285 299 1889 270 287 1890 272 307 1891 273 306 1892 278 276 1893 279 275 1894 266 291 1895 286 298 1896 287 297 1897 281 281 1898 272 307 1899 281 281 1900 280 263 1901 328 309 1902 326 314 1903 324 310 1904 337 312 1905 332 489 1906 327 313 1907 329 315 1908 335 323 1909 336 316 1910 331 317 1911 330 327 1912 318 318 1913 328 309 1914 336 316 1915 337 312 1916 314 320 1917 316 319 1918 317 321 1919 318 318 1920 319 331 1921 317 321 1922 333 325 1923 332 489 1924 335 323 1925 332 489 1926 337 312 1927 335 323 1928 337 312 1929 336 316 1930 335 323 1931 314 320 1932 315 322 1933 325 326 1934 333 325 1935 334 324 1936 330 327 1937 322 311 1938 324 310 1939 325 326 1940 314 320 1941 327 313 1942 331 317 1943 322 311 1944 323 328 1945 321 329 1946 330 327 1947 329 315 1948 320 330 1949 327 313 1950 332 489 1951 333 325 1952 318 318 1953 320 330 1954 321 329 1955 326 314 1956 327 313 1957 314 320 1958 334 324 1959 335 323 1960 329 315 1961 320 330 1962 329 315 1963 328 309 1964 342 332 1965 343 352 1966 340 333 1967 344 335 1968 341 334 1969 340 333 1970 381 197 1971 387 375 1972 394 336 1973 389 342 1974 390 386 1975 346 343 1976 348 344 1977 346 343 1978 350 347 1979 346 343 1980 347 345 1981 350 347 1982 350 347 1983 351 351 1984 349 339 1985 352 195 1986 351 351 1987 350 347 1988 355 348 1989 426 397 1990 425 349 1991 351 351 1992 352 195 1993 340 333 1994 379 353 1995 366 370 1996 371 354 1997 339 346 1998 347 345 1999 353 356 2000 344 335 2001 184 32 2002 395 363 2003 349 339 2004 421 394 2005 423 364 2006 370 360 2007 176 177 2008 177 193 2009 348 344 2010 349 339 2011 396 341 2012 360 338 2013 359 368 2014 338 357 2015 368 369 2016 367 361 2017 366 370 2018 394 336 2019 360 338 2020 354 367 2021 366 370 2022 367 361 2023 370 360 2024 399 417 2025 402 401 2026 423 364 2027 402 401 2028 426 397 2029 423 364 2030 397 420 2031 399 417 2032 423 364 2033 424 373 2034 425 349 2035 401 414 2036 424 373 2037 401 414 2038 400 416 2039 397 420 2040 423 364 2041 421 394 2042 424 373 2043 400 416 2044 398 374 2045 398 374 2046 397 420 2047 422 372 2048 397 420 2049 421 394 2050 422 372 2051 367 361 2052 368 369 2053 365 376 2054 372 199 2055 390 386 2056 389 342 2057 373 379 2058 372 199 2059 377 359 2060 372 199 2061 375 378 2062 377 359 2063 376 377 2064 378 383 2065 377 359 2066 377 359 2067 378 383 2068 379 353 2069 388 380 2070 413 395 2071 414 381 2072 366 370 2073 379 353 2074 378 383 2075 175 168 2076 370 360 2077 177 193 2078 380 384 2079 373 379 2080 364 358 2081 391 198 2082 354 367 2083 346 343 2084 354 367 2085 353 356 2086 347 345 2087 346 343 2088 354 367 2089 347 345 2090 341 334 2091 395 363 2092 392 387 2093 361 350 2094 425 349 2095 424 373 2096 183 175 2097 344 335 2098 345 194 2099 375 378 2100 389 342 2101 396 341 2102 363 385 2103 386 390 2104 387 375 2105 405 391 2106 417 409 2107 415 392 2108 351 351 2109 422 372 2110 421 394 2111 384 389 2112 412 396 2113 413 395 2114 378 383 2115 410 398 2116 412 396 2117 357 366 2118 424 373 2119 422 372 2120 356 365 2121 423 364 2122 426 397 2123 376 377 2124 409 400 2125 410 398 2126 382 382 2127 414 381 2128 411 399 2129 383 388 2130 411 399 2131 409 400 2132 402 401 2133 399 417 2134 429 402 2135 414 381 2136 408 405 2137 411 399 2138 408 405 2139 405 391 2140 411 399 2141 407 406 2142 413 395 2143 412 396 2144 406 410 2145 407 406 2146 412 396 2147 409 400 2148 411 399 2149 403 393 2150 411 399 2151 405 391 2152 403 393 2153 406 410 2154 412 396 2155 404 404 2156 412 396 2157 410 398 2158 404 404 2159 409 400 2160 403 393 2161 410 398 2162 408 405 2163 414 381 2164 413 395 2165 416 408 2166 415 392 2167 417 409 2168 417 409 2169 420 411 2170 419 412 2171 419 412 2172 418 407 2173 417 409 2174 408 405 2175 420 411 2176 417 409 2177 406 410 2178 404 404 2179 416 408 2180 404 404 2181 403 393 2182 415 392 2183 407 406 2184 419 412 2185 420 411 2186 407 406 2187 406 410 2188 418 407 2189 402 401 2190 401 414 2191 425 349 2192 429 402 2193 427 418 2194 428 419 2195 428 419 2196 430 415 2197 429 402 2198 430 415 2199 431 413 2200 429 402 2201 401 414 2202 431 413 2203 430 415 2204 399 417 2205 397 420 2206 427 418 2207 401 414 2208 402 401 2209 432 403 2210 400 416 2211 430 415 2212 428 419 2213 398 374 2214 428 419 2215 427 418 2216 435 421 2217 436 428 2218 438 422 2219 441 424 2220 439 490 2221 433 425 2222 435 421 2223 442 491 2224 443 427 2225 440 429 2226 442 491 2227 435 421 2228 433 425 2229 439 490 2230 440 429 2231 446 492 2232 444 492 2233 449 492 2234 444 493 2235 445 493 2236 450 493 2237 445 494 2238 455 494 2239 450 494 2240 455 495 2241 454 495 2242 451 495 2243 450 496 2244 455 496 2245 451 496 2246 454 497 2247 453 497 2248 452 497 2249 452 498 2250 451 498 2251 454 498 2252 450 499 2253 449 499 2254 444 499 2255 449 500 2256 448 500 2257 446 500 2258 457 501 2259 456 501 2260 461 501 2261 456 502 2262 458 502 2263 460 502 2264 458 503 2265 459 503 2266 460 503 2267 460 504 2268 461 504 2269 456 504 2270 461 505 2271 462 505 2272 457 505 2273 462 506 2274 463 506 2275 457 506 2276 463 507 2277 464 507 2278 467 507 2279 457 508 2280 463 508 2281 467 508 2282 464 509 2283 465 509 2284 466 509 2285 474 432 2286 473 452 2287 485 433 2288 470 435 2289 482 454 2290 483 436 2291 478 438 2292 477 455 2293 489 439 2294 474 432 2295 486 434 2296 487 441 2297 472 443 2298 471 437 2299 483 436 2300 479 445 2301 478 438 2302 490 440 2303 468 447 2304 481 453 2305 480 448 2306 475 442 2307 487 441 2308 488 450 2309 473 452 2310 472 443 2311 484 444 2312 468 447 2313 479 445 2314 491 446 2315 469 449 2316 480 448 2317 482 454 2318 476 451 2319 488 450 2320 489 439 2321 498 456 2322 510 510 2323 509 457 2324 507 459 2325 506 477 2326 494 460 2327 502 462 2328 514 469 2329 513 463 2330 511 465 2331 510 510 2332 498 456 2333 496 467 2334 508 475 2335 507 459 2336 503 468 2337 515 476 2338 514 469 2339 504 470 2340 505 511 2341 492 471 2342 512 473 2343 511 465 2344 499 466 2345 497 458 2346 509 457 2347 508 475 2348 492 471 2349 505 511 2350 515 476 2351 506 477 2352 504 470 2353 493 472 2354 513 463 2355 512 473 2356 500 474 2357 438 422 2358 434 426 2359 433 425 2360 517 512 2361 516 513 2362 521 514 2363 518 515 2364 539 516 2365 532 517 2366 529 518 2367 527 519 2368 523 520 2369 516 513 2370 531 521 2371 530 522 2372 519 523 2373 531 521 2374 517 512 2375 516 513 2376 520 524 2377 521 514 2378 529 518 2379 537 525 2380 527 519 2381 537 525 2382 529 518 2383 528 526 2384 520 524 2385 539 516 2386 521 514 2387 535 527 2388 528 526 2389 522 528 2390 529 518 2391 522 528 2392 528 526 2393 537 525 2394 526 529 2395 527 519 2396 535 527 2397 522 528 2398 525 530 2399 518 515 2400 533 531 2401 519 523 2402 520 524 2403 530 522 2404 538 532 2405 519 523 2406 517 512 2407 521 514 2408 537 525 2409 536 533 2410 526 529 2411 528 526 2412 535 527 2413 534 534 2414 534 534 2415 526 529 2416 536 533 2417 521 514 2418 518 515 2419 519 523 2420 529 518 2421 523 520 2422 522 528 2423 535 527 2424 524 535 2425 534 534 2426 534 534 2427 536 533 2428 528 526 2429 536 533 2430 537 525 2431 528 526 2432 534 534 2433 524 535 2434 526 529 2435 535 527 2436 525 530 2437 524 535 2438 520 524 2439 538 532 2440 539 516 2441 518 515 2442 532 517 2443 533 531 2444 518 515 2445 521 514 2446 539 516 2447 519 523 2448 533 531 2449 531 521 2450 520 524 2451 516 513 2452 530 522 2453 516 513 2454 517 512 2455 531 521 2456 541 536 2457 540 537 2458 545 538 2459 542 539 2460 551 540 2461 548 541 2462 540 537 2463 547 542 2464 546 543 2465 543 544 2466 547 542 2467 541 536 2468 540 537 2469 544 545 2470 545 538 2471 544 545 2472 551 540 2473 545 538 2474 542 539 2475 549 546 2476 543 544 2477 544 545 2478 546 543 2479 550 547 2480 543 544 2481 541 536 2482 545 538 2483 545 538 2484 542 539 2485 543 544 2486 544 545 2487 550 547 2488 551 540 2489 542 539 2490 548 541 2491 549 546 2492 542 539 2493 545 538 2494 551 540 2495 543 544 2496 549 546 2497 547 542 2498 544 545 2499 540 537 2500 546 543 2501 540 537 2502 541 536 2503 547 542 2504 344 335 2505 185 180 2506 184 32 2507 370 360 2508 374 362 2509 176 177 2510 175 168 2511 371 354 2512 370 360 2513 183 175 2514 185 180 2515 344 335 2516 552 548 2517 553 549 2518 554 550 2519 554 550 2520 555 551 2521 552 548 2522 556 552 2523 557 553 2524 553 549 2525 553 549 2526 552 548 2527 556 552 2528 556 552 2529 558 554 2530 557 553 2531 559 555 2532 560 556 2533 561 557 2534 561 557 2535 560 556 2536 562 558 2537 561 557 2538 562 558 2539 555 551 2540 555 551 2541 562 558 2542 552 548 2543 563 559 2544 564 560 2545 562 558 2546 562 558 2547 564 560 2548 565 561 2549 562 558 2550 565 561 2551 552 548 2552 552 548 2553 565 561 2554 556 552 2555 556 552 2556 565 561 2557 558 554 2558 558 554 2559 565 561 2560 564 560 2561 566 562 2562 567 563 2563 568 564 2564 568 564 2565 569 565 2566 566 562 2567 570 566 2568 571 567 2569 567 563 2570 567 563 2571 566 562 2572 570 566 2573 570 566 2574 572 568 2575 571 567 2576 573 569 2577 574 570 2578 575 571 2579 575 571 2580 574 570 2581 576 572 2582 575 571 2583 576 572 2584 569 565 2585 569 565 2586 576 572 2587 566 562 2588 574 570 2589 577 573 2590 576 572 2591 576 572 2592 577 573 2593 578 574 2594 576 572 2595 578 574 2596 566 562 2597 566 562 2598 578 574 2599 570 566 2600 570 566 2601 578 574 2602 572 568 2603 572 568 2604 578 574 2605 577 573 2606 579 575 2607 580 576 2608 581 577 2609 581 577 2610 582 578 2611 579 575 2612 583 579 2613 584 580 2614 580 576 2615 580 576 2616 579 575 2617 583 579 2618 583 579 2619 585 581 2620 584 580 2621 586 582 2622 587 583 2623 588 584 2624 588 584 2625 587 583 2626 589 585 2627 588 584 2628 589 585 2629 582 578 2630 582 578 2631 589 585 2632 579 575 2633 590 586 2634 591 587 2635 589 585 2636 589 585 2637 591 587 2638 592 588 2639 589 585 2640 592 588 2641 579 575 2642 579 575 2643 592 588 2644 583 579 2645 583 579 2646 592 588 2647 585 581 2648 585 581 2649 592 588 2650 591 587 2651 593 589 2652 594 590 2653 595 591 2654 595 591 2655 596 592 2656 593 589 2657 597 593 2658 598 594 2659 594 590 2660 594 590 2661 593 589 2662 597 593 2663 597 593 2664 599 595 2665 598 594 2666 600 596 2667 601 597 2668 602 598 2669 602 598 2670 601 597 2671 603 599 2672 602 598 2673 603 599 2674 596 592 2675 596 592 2676 603 599 2677 593 589 2678 601 597 2679 604 600 2680 603 599 2681 603 599 2682 604 600 2683 605 601 2684 603 599 2685 605 601 2686 593 589 2687 593 589 2688 605 601 2689 597 593 2690 597 593 2691 605 601 2692 599 595 2693 599 595 2694 605 601 2695 604 600 2696 606 602 2697 607 603 2698 608 604 2699 608 604 2700 609 605 2701 606 602 2702 610 606 2703 611 607 2704 607 603 2705 607 603 2706 606 602 2707 610 606 2708 610 606 2709 612 608 2710 611 607 2711 613 609 2712 614 610 2713 615 611 2714 615 611 2715 614 610 2716 616 612 2717 615 611 2718 616 612 2719 609 605 2720 609 605 2721 616 612 2722 606 602 2723 617 613 2724 618 614 2725 616 612 2726 616 612 2727 618 614 2728 619 615 2729 616 612 2730 619 615 2731 606 602 2732 606 602 2733 619 615 2734 610 606 2735 610 606 2736 619 615 2737 612 608 2738 612 608 2739 619 615 2740 618 614 2741 620 616 2742 621 617 2743 622 618 2744 622 618 2745 623 619 2746 620 616 2747 624 620 2748 625 621 2749 621 617 2750 621 617 2751 620 616 2752 624 620 2753 624 620 2754 626 622 2755 625 621 2756 627 623 2757 628 624 2758 629 625 2759 629 625 2760 628 624 2761 630 626 2762 629 625 2763 630 626 2764 623 619 2765 623 619 2766 630 626 2767 620 616 2768 631 627 2769 632 628 2770 630 626 2771 630 626 2772 632 628 2773 633 629 2774 630 626 2775 633 629 2776 620 616 2777 620 616 2778 633 629 2779 624 620 2780 624 620 2781 633 629 2782 626 622 2783 626 622 2784 633 629 2785 632 628 2786 634 630 2787 635 631 2788 636 632 2789 636 632 2790 637 633 2791 634 630 2792 638 634 2793 639 635 2794 635 631 2795 635 631 2796 634 630 2797 638 634 2798 638 634 2799 640 636 2800 639 635 2801 641 637 2802 642 638 2803 643 639 2804 643 639 2805 642 638 2806 644 640 2807 643 639 2808 644 640 2809 637 633 2810 637 633 2811 644 640 2812 634 630 2813 642 638 2814 645 641 2815 644 640 2816 644 640 2817 645 641 2818 646 642 2819 644 640 2820 646 642 2821 634 630 2822 634 630 2823 646 642 2824 638 634 2825 638 634 2826 646 642 2827 640 636 2828 640 636 2829 646 642 2830 645 641 2831</p>
        </triangles>
      </mesh>
    </geometry>
  </library_geometries>
  <library_visual_scenes>
    <visual_scene id="Scene" name="Scene">
      <node id="a_helmet_zapo_hero_03" name="a_helmet_zapo_hero_03" type="NODE">
        <matrix sid="transform">1 0 0 0 0 1 0 0 0 0 1 0.07562811 0 0 0 1</matrix>
        <instance_geometry url="#rome_helmet_b-Geometry_002-mesh" name="a_helmet_zapo_hero_03">
          <bind_material>
            <technique_common>
              <instance_material symbol="coronas_viejas_zapo-material" target="#coronas_viejas_zapo-material">
                <bind_vertex_input semantic="rome_helmet_b-Geometry_008-mesh-map-0" input_semantic="TEXCOORD" input_set="0"/>
              </instance_material>
            </technique_common>
          </bind_material>
        </instance_geometry>
      </node>
    </visual_scene>
  </library_visual_scenes>
  <scene>
    <instance_visual_scene url="#Scene"/>
  </scene>
</COLLADA>