<?xml version="1.0" encoding="utf-8"?>
<COLLADA xmlns="http://www.collada.org/2005/11/COLLADASchema" version="1.4.1" xmlns:xsi="http://www.w3.org/2001/XMLSchema-instance">
  <asset>
    <contributor>
      <author>Blender User</author>
      <authoring_tool>Blender 4.3.1 commit date:2024-12-10, commit time:07:46, hash:33d812126174</authoring_tool>
    </contributor>
    <created>2026-08-22T19:15:08</created>
    <modified>2026-08-22T19:15:08</modified>
    <unit name="meter" meter="1"/>
    <up_axis>Z_UP</up_axis>
  </asset>
  <library_effects>
    <effect id="textura_gaetuli-effect">
      <profile_COMMON>
        <technique sid="common">
          <lambert>
            <emission>
              <color sid="emission">0 0 0 1</color>
            </emission>
            <diffuse>
              <color sid="diffuse">0.8 0.8 0.8 1</color>
            </diffuse>
            <index_of_refraction>
              <float sid="ior">1.45</float>
            </index_of_refraction>
          </lambert>
        </technique>
      </profile_COMMON>
    </effect>
  </library_effects>
  <library_images/>
  <library_materials>
    <material id="textura_gaetuli-material" name="textura gaetuli">
      <instance_effect url="#textura_gaetuli-effect"/>
    </material>
  </library_materials>
  <library_geometries>
    <geometry id="Cubo_006-mesh" name="Cubo.006">
      <mesh>
        <source id="Cubo_006-mesh-positions">
          <float_array id="Cubo_006-mesh-positions-array" count="4689">6.8177 -6.786791 -9.762373 6.377736 -6.406377 0.5286336 -7.233028 6.811113 -9.762373 -6.78404 6.451893 0.5286336 -6.399343 -7.679266 -9.762373 -6.019311 -7.278931 0.5286336 0.1479801 -8.341031 -9.762373 0.108564 -7.791399 0.5286336 0.6215384 7.884488 -9.762373 0.6532115 7.411121 0.5286336 -3.770535 7.590719 -9.762373 -3.513072 7.009349 0.5286336 5.130575 -8.290462 -9.762373 4.289318 6.548505 0.5286336 4.901901 -7.832722 0.5286336 4.470757 7.096297 -9.762373 7.690414 5.958943 0.5286336 5.618232 -7.061681 0.5286336 7.990482 6.370206 -9.762373 2.906809 -8.412304 0.5286336 3.265235 7.972192 -9.762373 3.051976 -8.91314 -9.762373 3.191962 7.438447 0.5286336 -2.731852 -8.811841 -9.762373 -0.6459911 7.657838 0.5286336 -2.658675 -8.31187 0.5286336 -0.7920678 8.206923 -9.762373 -4.917051 -7.276842 0.5286336 -5.716357 8.012478 -9.762373 -5.208571 -7.775952 -9.762373 -5.351936 7.462531 0.5286336 7.810248 -0.9697297 -9.762373 7.35342 -0.9052039 0.5286336 -7.684589 3.308212 -9.762373 -7.250668 3.328692 0.5286336 6.837513 -6.041258 0.5286336 -7.415279 -5.64552 -9.762373 7.290764 -6.263747 -9.762373 -6.97514 -5.435244 0.5286336 -6.462653 4.17754 0.5286336 -6.929181 4.347009 -9.762373 -7.027408 0.3254295 0.5286336 -7.44168 0.2348113 -9.762373 7.499249 -4.578498 0.5286336 -7.772288 -3.999235 -9.762373 7.954424 -4.751159 -9.762373 -7.333026 -3.848835 0.5286336 2.249922 -4.582033 5.387931 6.259579 -4.577291 5.925426 2.249922 -4.582033 4.921951 6.259579 -4.577291 5.459445 2.251092 1.42763 5.840617 6.260545 1.434167 5.465461 2.251092 1.42763 5.374637 6.260545 1.434167 4.999481 2.250507 -1.577202 6.273189 6.260062 -1.571563 5.4578 6.260062 -1.571563 5.92378 2.250507 -1.577201 5.807209 6.261027 4.439897 5.920489 2.251677 4.432461 4.91597 2.251677 4.432461 5.38195 6.261027 4.439897 5.454509 2.251385 2.930045 5.84745 6.260786 2.937032 5.46316 6.260786 2.937032 5.929141 2.251385 2.930045 5.38147 6.260303 -0.06869751 5.500208 2.250799 -0.07478594 4.952885 2.2508 -0.07478612 5.418865 6.260303 -0.06869751 5.034229 2.250214 -3.079618 5.420859 6.25982 -3.074427 4.5792 6.25982 -3.074427 5.04518 2.250214 -3.079618 4.954878 4.25475 -4.579662 5.885015 4.25475 -4.579662 5.419035 4.255818 1.430899 5.845974 4.255818 1.430899 6.311954 4.255284 -1.574382 5.883196 4.255284 -1.574382 5.417216 4.256352 4.436179 5.844154 4.256353 4.436179 6.310135 4.256085 2.933539 5.001044 4.256085 2.933539 4.535064 4.255551 -0.0717417 5.459537 4.255551 -0.0717417 4.993557 4.255018 -3.077022 5.425954 4.255018 -3.077022 5.891934 5.257164 -4.578477 6.204232 5.257164 -4.578477 5.738253 5.258182 1.432533 5.734788 5.258182 1.432533 6.200767 5.257673 -1.572972 5.745827 5.257673 -1.572972 5.279847 5.258689 4.438038 5.733056 5.25869 4.438038 6.199035 5.258436 2.935286 5.777153 5.258436 2.935286 5.311173 5.257927 -0.07021969 6.209463 5.257927 -0.07021969 5.743483 5.257419 -3.075725 5.314638 5.257419 -3.075725 5.780618 3.252336 -4.580848 6.5944 3.252336 -4.580848 6.128419 3.253455 1.429264 5.694029 3.253455 1.429264 6.160009 3.252896 -1.575792 6.161916 3.252895 -1.575792 5.695936 3.254015 4.43432 5.692122 3.254015 4.43432 6.158102 3.253735 2.931792 5.736307 3.253735 2.931792 5.270327 3.253175 -0.07326388 5.28154 3.253175 -0.07326376 4.815559 3.252616 -3.07832 5.27414 3.252616 -3.07832 5.74012 5.993637 -3.674241 -1.467425 6.040494 -3.841243 -1.467642 5.993608 -3.677529 6.586898 5.845411 -3.626968 -1.467365 6.040465 -3.844529 6.58668 5.990686 -4.010685 6.586463 5.843518 -3.842803 6.58668 5.841654 -4.05535 6.586403 5.845383 -3.630255 6.586958 5.646573 -3.841076 6.58668 5.696351 -3.674921 6.586898 5.693429 -4.008079 6.586463 5.693458 -4.00479 -1.46786 5.646602 -3.837788 -1.467642 5.69638 -3.671633 -1.467425 5.841683 -4.052063 -1.46792 5.990715 -4.007397 -1.46786 2.909176 -3.674241 -1.467425 2.956033 -3.841243 -1.467642 2.909147 -3.677528 6.586898 2.760951 -3.626967 -1.467365 2.956005 -3.844529 6.58668 2.906226 -4.010684 6.586463 2.759058 -3.842802 6.58668 2.757194 -4.05535 6.586403 2.760922 -3.630255 6.586958 2.562112 -3.841075 6.58668 2.61189 -3.674921 6.586898 2.608969 -4.008078 6.586463 2.608998 -4.00479 -1.46786 2.562141 -3.837788 -1.467642 2.61192 -3.671633 -1.467425 2.757223 -4.052063 -1.46792 2.906255 -4.007397 -1.46786 5.993635 -0.05294448 -1.467425 6.040493 -0.2199469 -1.467642 5.993607 -0.05623173 6.586898 5.84541 -0.005671501 -1.467365 6.040464 -0.2232329 6.58668 5.990685 -0.3893885 6.586463 5.843518 -0.2215058 6.58668 5.841653 -0.4340535 6.586403 5.845382 -0.008958935 6.586958 5.646571 -0.2197787 6.58668 5.696349 -0.05362445 6.586898 5.693428 -0.3867818 6.586463 5.693458 -0.3834939 -1.46786 5.6466 -0.2164915 -1.467642 5.696379 -0.05033648 -1.467425 5.841683 -0.4307668 -1.46792 5.990714 -0.3861005 -1.46786 2.909175 -0.05294471 -1.467425 2.956032 -0.2199472 -1.467642 2.909147 -0.05623209 6.586898 2.76095 -0.005671799 -1.467365 2.956004 -0.2232331 6.58668 2.906225 -0.3893887 6.586463 2.759057 -0.2215059 6.58668 2.757193 -0.4340537 6.586403 2.760921 -0.008959233 6.586958 2.562111 -0.219779 6.58668 2.611889 -0.05362457 6.586898 2.608968 -0.3867821 6.586463 2.608997 -0.3834942 -1.46786 2.56214 -0.2164916 -1.467642 2.611918 -0.05033659 -1.467425 2.757222 -0.4307669 -1.46792 2.906254 -0.3861007 -1.46786 5.993636 3.206592 -1.467425 6.040494 3.03959 -1.467642 5.993607 3.203305 6.586898 5.845411 3.253865 -1.467365 6.040465 3.036304 6.58668 5.990686 2.870148 6.586463 5.843518 3.038031 6.58668 5.841654 2.825483 6.586403 5.845382 3.250578 6.586958 5.646572 3.039758 6.58668 5.69635 3.205912 6.586898 5.693428 2.872755 6.586463 5.693458 2.876043 -1.46786 5.646601 3.043045 -1.467642 5.696379 3.2092 -1.467425 5.841683 2.82877 -1.46792 5.990715 2.873436 -1.46786 2.909176 3.206593 -1.467425 2.956033 3.03959 -1.467642 2.909147 3.203306 6.586898 2.760951 3.253866 -1.467365 2.956004 3.036304 6.58668 2.906226 2.870149 6.586463 2.759058 3.038032 6.58668 2.757194 2.825484 6.586403 2.760922 3.250578 6.586958 2.562112 3.039758 6.58668 2.61189 3.205913 6.586898 2.608968 2.872755 6.586463 2.608998 2.876044 -1.46786 2.562141 3.043046 -1.467642 2.611919 3.209201 -1.467425 2.757223 2.828771 -1.46792 2.906255 2.873436 -1.46786 6.097741 -6.473514 3.068766 2.444931 -6.566786 3.059151 6.092424 -6.490639 -1.02942 2.443262 -6.566133 -1.033517 2.307954 -6.594652 -1.016296 2.400522 -6.563323 -1.016418 2.309804 -6.594571 3.521693 2.285762 -6.679454 -1.016262 2.402372 -6.563241 3.521571 2.497337 -6.58631 3.521448 2.407255 -6.674103 3.521571 2.526898 -6.668834 3.521414 2.287613 -6.679372 3.521727 2.412138 -6.784964 3.521571 2.317173 -6.761896 3.521693 2.504707 -6.753636 3.521448 2.502856 -6.753717 -1.016541 2.410288 -6.785045 -1.016418 2.315323 -6.761978 -1.016296 2.525048 -6.668915 -1.016575 2.495486 -6.586391 -1.016541 6.112898 -6.393618 -1.016296 6.205468 -6.36229 -1.016418 6.114749 -6.393536 3.521693 6.090707 -6.47842 -1.016262 6.207317 -6.362208 3.521571 6.302282 -6.385276 3.521448 6.212201 -6.473069 3.521571 6.331843 -6.4678 3.521414 6.092558 -6.478339 3.521727 6.217083 -6.58393 3.521571 6.122118 -6.560862 3.521693 6.309653 -6.552602 3.521448 6.307802 -6.552683 -1.016541 6.215233 -6.584011 -1.016418 6.120268 -6.560943 -1.016296 6.329994 -6.46788 -1.016575 6.300432 -6.385358 -1.016541 -6.150498 -2.954923 3.068766 -6.174249 -6.608847 3.059151 -6.133553 -2.960786 -1.02942 -6.174956 -6.610494 -1.033517 -6.150785 -6.746646 -1.016296 -6.179133 -6.653121 -1.016418 -6.150807 -6.744793 3.521693 -6.066737 -6.771542 -1.016262 -6.179155 -6.651269 3.521571 -6.153057 -6.557092 3.521448 -6.068194 -6.649939 3.521571 -6.06963 -6.530189 3.521414 -6.066759 -6.76969 3.521727 -5.957234 -6.648609 3.521571 -5.983332 -6.742786 3.521693 -5.985581 -6.555084 3.521448 -5.98556 -6.556936 -1.016541 -5.957212 -6.650461 -1.016418 -5.983309 -6.744638 -1.016296 -6.069608 -6.532042 -1.016575 -6.153036 -6.558945 -1.016541 -6.229868 -2.937214 -1.016296 -6.258215 -2.84369 -1.016418 -6.22989 -2.935362 3.521693 -6.14582 -2.96211 -1.016262 -6.258238 -2.841838 3.521571 -6.232141 -2.74766 3.521448 -6.147277 -2.840508 3.521571 -6.148713 -2.720758 3.521414 -6.145842 -2.960258 3.521727 -6.036317 -2.839178 3.521571 -6.062414 -2.933355 3.521693 -6.064664 -2.745652 3.521448 -6.064643 -2.747505 -1.016541 -6.036294 -2.84103 -1.016418 -6.062392 -2.935207 -1.016296 -6.148691 -2.722609 -1.016575 -6.232118 -2.749513 -1.016541 6.097742 5.570168 3.068766 2.444931 5.476896 3.059151 6.092424 5.553043 -1.02942 2.443262 5.47755 -1.033517 2.307954 5.44903 -1.016296 2.400522 5.480358 -1.016418 2.309804 5.449111 3.521693 2.285763 5.364227 -1.016262 2.402373 5.48044 3.521571 2.497338 5.457371 3.521448 2.407255 5.369579 3.521571 2.526898 5.374848 3.521414 2.287613 5.364309 3.521727 2.412138 5.258718 3.521571 2.317174 5.281785 3.521693 2.504708 5.290045 3.521448 2.502857 5.289964 -1.016541 2.410288 5.258636 -1.016418 2.315323 5.281704 -1.016296 2.525048 5.374766 -1.016575 2.495487 5.457289 -1.016541 6.112899 5.650063 -1.016296 6.205468 5.681391 -1.016418 6.114749 5.650145 3.521693 6.090707 5.565262 -1.016262 6.207317 5.681474 3.521571 6.302282 5.658405 3.521448 6.212201 5.570612 3.521571 6.331843 5.575882 3.521414 6.092558 5.565343 3.521727 6.217083 5.459752 3.521571 6.122118 5.482819 3.521693 6.309653 5.49108 3.521448 6.307802 5.490999 -1.016541 6.215233 5.459671 -1.016418 6.120267 5.482738 -1.016296 6.329994 5.5758 -1.016575 6.300432 5.658324 -1.016541 6.207372 5.406121 3.068766 6.18362 1.752197 3.059151 6.224318 5.400258 -1.02942 6.182914 1.75055 -1.033517 6.207085 1.614398 -1.016296 6.178737 1.707923 -1.016418 6.207063 1.61625 3.521693 6.291134 1.589502 -1.016262 6.178716 1.709774 3.521571 6.204813 1.803952 3.521448 6.289677 1.711104 3.521571 6.28824 1.830855 3.521414 6.291112 1.591355 3.521727 6.400636 1.712435 3.521571 6.374539 1.618258 3.521693 6.372289 1.80596 3.521448 6.372311 1.804107 -1.016541 6.400659 1.710582 -1.016418 6.374561 1.616405 -1.016296 6.288262 1.829003 -1.016575 6.204835 1.802099 -1.016541 6.128002 5.42383 -1.016296 6.099655 5.517354 -1.016418 6.12798 5.425682 3.521693 6.21205 5.398934 -1.016262 6.099632 5.519207 3.521571 6.12573 5.613384 3.521448 6.210593 5.520536 3.521571 6.209158 5.640286 3.521414 6.212028 5.400786 3.521727 6.321553 5.521866 3.521571 6.295456 5.427689 3.521693 6.293206 5.615391 3.521448 6.293228 5.61354 -1.016541 6.321575 5.520014 -1.016418 6.295478 5.425836 -1.016296 6.209179 5.638434 -1.016575 6.125752 5.611531 -1.016541 1.060827 4.384135 4.021183 -4.095006 4.376618 4.558678 -4.091572 -4.834469 4.982673 1.063471 -4.822919 4.469882 1.060827 4.384135 3.555203 -4.095006 4.376618 4.092698 -4.091572 -4.834469 4.516694 1.063471 -4.822919 4.003903 1.062087 -0.004835247 4.47387 -4.093351 -0.01437044 4.098713 1.062087 -0.004835665 4.00789 -4.093351 -0.01437044 3.632734 1.061382 2.450185 4.906441 -4.094254 2.441658 4.091053 -4.094254 2.441658 4.557033 1.061382 2.450185 4.440461 -4.092378 -2.715602 4.553741 1.062863 -2.705059 3.549222 1.062862 -2.705059 4.015203 -4.092378 -2.715602 4.087761 1.062572 -1.692106 4.480702 -4.092768 -1.702145 4.096413 -4.092768 -1.702145 4.562393 1.062572 -1.692106 4.014722 -4.093935 1.673404 4.133461 1.061602 1.682435 3.586138 1.061602 1.682435 4.052117 -4.093935 1.673404 3.667481 1.0611 3.432486 4.054111 -4.094635 3.424465 3.212453 -4.094635 3.424465 3.678433 1.0611 3.432486 3.588131 -4.092041 -3.545153 3.673497 1.0631 -3.534107 3.582151 1.0631 -3.534107 4.048131 -4.092041 -3.545153 3.207517 -1.256558 4.380453 4.518267 -1.25352 -4.828619 4.484894 -1.256558 4.380453 4.052287 -1.25352 -4.828619 4.018914 -1.255101 -0.009527564 4.479226 -1.255101 -0.009527564 4.945206 -1.255905 2.445997 4.516448 -1.255905 2.445997 4.050468 -1.254227 -2.710255 4.477406 -1.254227 -2.710256 4.943387 -1.254567 -1.69705 3.634296 -1.254566 -1.69705 3.168316 -1.255635 1.677995 4.092789 -1.255635 1.677995 3.626809 -1.256237 3.42855 4.059206 -1.256237 3.42855 4.525187 -1.253939 -3.539556 3.62317 -1.25394 -3.539556 4.08915 -2.412015 -4.83147 4.364575 -2.415251 4.378609 4.837485 -2.412015 -4.83147 4.830555 -2.415251 4.378609 4.371505 -2.413695 -0.01187402 4.36804 -2.413695 -0.01187396 4.83402 -2.414547 2.443902 4.379079 -2.414547 2.443902 3.913099 -2.412771 -2.712854 4.366308 -2.412771 -2.712854 4.832288 -2.413136 -1.699523 4.410405 -2.413136 -1.699523 3.944425 -2.414254 1.675775 4.842715 -2.414254 1.675775 4.376736 -2.414904 3.426583 3.94789 -2.414904 3.426583 4.41387 -2.412459 -3.54228 3.942693 -2.412459 -3.54228 4.408673 -0.1285161 4.382286 5.227652 -0.1256749 -4.825777 4.789449 -0.1285161 4.382286 4.761672 -0.1271574 -0.007190287 4.327281 -0.1271576 -0.007190287 4.793262 -0.1279119 2.448082 4.795168 -0.1279116 2.448082 4.329188 -0.1263319 -2.707666 4.325375 -0.1263327 -2.707666 4.791355 -0.126648 -1.694587 4.36956 -0.126648 -1.694587 3.903579 -0.1276674 1.680206 3.914793 -0.1276669 1.680206 3.448812 -0.1282192 3.430509 3.907392 -0.1282192 3.430509 4.373373 -0.12607 -3.536841 4.332251 -0.1260703 -3.53684 4.798231 -0.1256749 -4.825777 4.323468 -4.63073 -5.214143 0.2237181 -3.773345 -4.305157 4.015706 1.633254 4.92816 0.2237181 0.707986 3.957453 4.015706 -1.463089 4.931547 0.2237181 -1.51681 3.957032 4.015706 -4.623959 4.928152 0.2237181 -3.767725 3.95735 4.015709 1.635846 -5.220535 0.2237181 0.7100994 -4.305765 4.015709 -2.648679 3.956212 4.015707 -3.049935 4.929847 0.2237181 -4.627471 0.2914408 0.2237181 -0.6309575 -4.307095 4.015707 -3.77067 0.2895236 4.015707 -0.328652 -5.223183 0.2237181 -2.81785 -5.221221 0.2237181 -2.522781 -4.306784 4.015706 0.05443161 4.929844 0.2237181 -0.4350627 3.956256 4.015706 1.634007 2.029255 0.2237181 1.634852 -1.487145 0.2237181 0.7092644 -1.178295 4.015708 0.7085635 1.723303 4.015707 -2.817682 -4.786549 0.1185725 -0.6307885 -3.872423 3.910562 -0.3284832 -4.788511 0.1185725 -2.522613 -3.872112 3.91056 -4.137794 -4.663519 2.538616 -4.139513 4.331443 2.538565 -4.254451 -4.662932 2.778272 -4.40837 -4.663393 2.53583 -4.410086 4.331573 2.537233 -4.257123 4.33203 2.778347 -4.425757 -4.988794 1.138032 -4.427661 4.641769 1.137981 -4.542415 -4.988206 1.377688 -4.696335 -4.988667 1.135246 -4.698235 4.641899 1.136648 -4.545271 4.642356 1.377763 1.31531 -4.661943 2.538616 1.315273 4.334185 2.538565 1.198652 -4.661356 2.778272 1.044733 -4.661817 2.53583 1.0447 4.334315 2.537233 1.197664 4.334773 2.778347 1.646086 -4.987039 1.138032 1.645956 4.644653 1.137981 1.529428 -4.986452 1.377688 1.375509 -4.986912 1.135246 1.375383 4.644783 1.136648 1.528346 4.64524 1.377763 1.040125 4.581104 2.538616 -4.164486 4.579617 2.538565 1.039561 4.464446 2.778272 1.040049 4.310527 2.53583 -4.164565 4.309044 2.537233 -4.165051 4.462007 2.778347 1.408995 4.911855 1.138032 -4.404946 4.910192 1.137981 1.40843 4.795197 1.377688 1.408919 4.641278 1.135246 -4.405025 4.639618 1.136648 -4.405512 4.792582 1.377763 -1.633074 -4.805473 3.467546 -1.848405 -4.810052 3.446835 -1.417745 -4.809378 3.446698 -1.633116 -4.662758 4.160709 -1.634511 -4.450752 3.399711 -1.984834 -4.670291 4.12689 -1.849843 -4.455332 3.379 -1.419182 -4.454658 3.378863 -1.2814 -4.669081 4.126644 -0.9431979 -4.689019 4.026006 -1.282755 -4.31686 4.058802 -0.944553 -4.336798 3.958162 -0.6328642 -4.369583 3.794818 -0.3596665 -4.413955 3.575043 -0.6315088 -4.721804 3.862661 -0.3583113 -4.766176 3.642886 -1.019864 -4.841722 3.285094 -1.210688 -4.821618 3.385091 -1.212126 -4.466898 3.317256 -1.021302 -4.487002 3.217259 -0.8540431 -4.514198 3.082713 -0.7167773 -4.54744 2.91879 -0.852605 -4.868917 3.150548 -0.7153391 -4.902159 2.986625 -0.1341034 -4.820431 3.375128 0.032498 -4.882483 3.069677 -0.1354585 -4.46821 3.307285 0.03114289 -4.530262 3.001833 0.1337358 -4.597728 2.670426 0.1683773 -4.668014 2.3258 0.1350908 -4.94995 2.73827 0.1697323 -5.020235 2.393642 -0.5505313 -4.98149 2.59673 -0.6133414 -4.940172 2.799623 -0.6147795 -4.585451 2.731788 -0.5519693 -4.626771 2.528896 -0.5307607 -4.66981 2.317908 -0.5293227 -5.02453 2.385742 -0.5308738 -5.411689 -1.347054 -0.5294357 -5.766409 -1.279219 0.1696192 -5.762114 -1.271319 0.1682643 -5.409893 -1.339162 -1.63447 -4.310537 4.092865 -1.986189 -4.31807 4.059047 -2.324391 -4.339171 3.958645 -2.323036 -4.691392 4.026489 -2.636079 -4.373029 3.795519 -2.634724 -4.725249 3.863362 -2.909276 -4.41834 3.575936 -2.907921 -4.770561 3.643779 -3.133483 -4.473367 3.308336 -3.132129 -4.825587 3.376178 -3.300084 -4.535992 3.003 -3.298729 -4.888213 3.070843 -3.402677 -4.603811 2.671665 -3.401321 -4.956032 2.739508 -3.437318 -4.674216 2.327063 -3.435963 -5.026437 2.394906 -3.437431 -5.416094 -1.337898 -3.436076 -5.768315 -1.270056 -2.736938 -5.76986 -1.278516 -2.736824 -5.027982 2.386446 -2.715616 -4.984876 2.59742 -2.738262 -4.673262 2.318611 -2.738376 -5.415141 -1.346351 -2.717054 -4.630156 2.529585 -2.654244 -4.588641 2.732438 -2.652806 -4.943361 2.800273 -2.550809 -4.90503 2.987209 -2.413544 -4.871359 3.151044 -2.552247 -4.55031 2.919374 -2.414981 -4.516639 3.08321 -2.247723 -4.48892 3.217649 -2.246285 -4.84364 3.285484 -2.055461 -4.822939 3.38536 -2.056899 -4.468219 3.317525 0.1759385 -4.912242 2.538616 1.069321 -4.913124 2.538565 0.1765592 -4.795585 2.778272 0.1761434 -4.641666 2.53583 1.069529 -4.642551 2.537233 1.069943 -4.795514 2.778347 0.1759385 -5.242927 1.138032 1.37973 -5.243808 1.137981 0.1765592 -5.126269 1.377688 0.1761434 -4.97235 1.135246 1.379939 -4.973235 1.136648 1.380352 -5.126199 1.377763 -4.117751 -4.912242 2.538616 -3.389582 -4.913124 2.538565 -4.117131 -4.795585 2.778272 -4.117546 -4.641666 2.53583 -3.389374 -4.64255 2.537233 -3.388961 -4.795515 2.778347 -4.442942 -5.242927 1.138032 -3.389582 -5.243808 1.137981 -4.442322 -5.126269 1.377688 -4.442737 -4.97235 1.135246 -3.389374 -4.973235 1.136648 -3.388961 -5.126199 1.377763 -0.4704635 -4.454106 3.529857 -2.791405 -4.471739 3.525589 -0.4735636 -5.175714 0.2469936 -2.792476 -5.178246 0.2441014 -4.88911 -0.4676601 1.280497 -4.743303 -0.9042328 1.28008 -5.288094 -0.3615484 1.280613 -4.915515 -0.4994627 0.9870532 -5.265528 -0.9251433 1.28008 -5.286524 -0.4007916 0.9871602 -5.281874 -0.5169075 0.6936357 -5.648456 -0.5288103 0.9870532 -5.67732 -0.4992208 1.280497 -5.787754 -0.9460533 1.28008 -5.751146 -0.9443101 0.9866654 -5.641948 -1.382625 1.279663 -5.615564 -1.35027 0.9862779 -5.537837 -1.255515 0.6929492 -5.244555 -1.44894 0.986171 -5.249227 -1.332272 0.6928662 -4.967676 -1.232685 0.6929492 -4.882623 -1.320922 0.9862779 -4.853738 -1.351065 1.279663 -4.779934 -0.9054223 0.9866654 -4.887792 -0.9094642 0.6932511 -4.993263 -0.5936648 0.6935526 -5.242961 -1.488737 1.279548 -5.643308 -0.9397155 0.6932511 -5.563425 -0.6164947 0.6935526 5.796367 -3.54285 0.5360773 1.502766 -3.542993 0.5360773 5.796367 -3.54285 0.688223 5.796294 -1.364701 0.5360773 5.796294 -1.364701 0.688223 1.502693 -1.364845 0.5360773 1.502693 -1.364845 0.688223 1.502766 -3.542993 0.688223 -5.133814 3.872608 0.5148042 -5.25645 3.472922 0.5148046 -4.991761 3.895512 1.01236 -5.390369 4.193405 0.5148046 -5.314263 4.298769 1.01236 -5.145921 3.393086 1.01236 -5.574434 3.088826 1.01236 -5.355681 3.544595 1.408691 -5.597337 3.230878 0.5148042 -5.617902 3.358409 1.408691 -5.261347 3.852045 1.408691 -5.131553 3.872973 1.657469 -5.458696 4.09881 1.408691 -5.389156 4.195083 1.657469 -5.254689 3.471651 1.657469 -5.596972 3.228616 1.657469 -5.68644 3.783505 1.657469 -5.983724 3.371927 1.657469 -6.11819 4.095359 1.657469 -5.775907 4.338393 1.657469 -6.241329 3.694037 1.657469 -6.111536 3.714964 1.408691 -6.38112 3.671497 1.01236 -5.914187 3.468198 1.408691 -6.017201 4.022412 1.408691 -6.058618 3.26824 1.01236 -6.22696 4.173923 1.01236 -5.798449 4.478183 1.01236 -6.11643 4.094088 0.5148046 -5.775543 4.336132 0.5148042 -5.754982 4.208599 1.408691 -6.239068 3.694402 0.5148042 -5.982512 3.373605 0.5148046 5.796367 0.5312449 0.5360773 1.502766 0.5311015 0.5360773 5.796367 0.5312449 0.688223 5.796294 2.709393 0.5360773 5.796294 2.709393 0.688223 1.502694 2.709249 0.5360773 1.502694 2.709249 0.688223 1.502766 0.5311015 0.688223 -3.926517 2.29507 0.5360773 -3.925712 -1.998531 0.5360773 -3.926517 2.29507 0.688223 -6.104666 2.294661 0.5360773 -6.104666 2.294661 0.688223 -6.103861 -1.998939 0.5360773 -6.103861 -1.998939 0.688223 -3.925712 -1.998531 0.688223 -5.352493 -1.503836 1.280497 -5.206686 -1.940409 1.28008 -5.751478 -1.397724 1.280613 -5.378899 -1.535639 0.9870532 -5.728911 -1.961319 1.28008 -5.749907 -1.436967 0.9871602 -5.745258 -1.553083 0.6936357 -6.111839 -1.564986 0.9870532 -6.140702 -1.535397 1.280497 -6.251137 -1.982229 1.28008 -6.214529 -1.980486 0.9866654 -6.105331 -2.418801 1.279663 -6.078947 -2.386445 0.9862779 -6.001222 -2.291691 0.6929492 -5.707938 -2.485116 0.986171 -5.71261 -2.368448 0.6928662 -5.431059 -2.268861 0.6929492 -5.346007 -2.357098 0.9862779 -5.317121 -2.38724 1.279663 -5.243317 -1.941598 0.9866654 -5.351176 -1.94564 0.6932511 -5.456646 -1.629841 0.6935526 -5.706345 -2.524913 1.279548 -6.106691 -1.975891 0.6932511 -6.026807 -1.65267 0.6935526 -4.730346 -6.275673 0.5148042 -4.852982 -6.67536 0.5148046 -4.588293 -6.25277 1.01236 -4.9869 -5.954877 0.5148046 -4.910795 -5.849513 1.01236 -4.742453 -6.755197 1.01236 -5.170965 -7.059457 1.01236 -4.952213 -6.603686 1.408691 -5.193869 -6.917404 0.5148042 -5.214432 -6.789873 1.408691 -4.857878 -6.296238 1.408691 -4.728085 -6.275309 1.657469 -5.055227 -6.049472 1.408691 -4.985688 -5.9532 1.657469 -4.851221 -6.676631 1.657469 -5.193504 -6.919665 1.657469 -5.282972 -6.364776 1.657469 -5.580256 -6.776354 1.657469 -5.714722 -6.052922 1.657469 -5.37244 -5.809889 1.657469 -5.837861 -6.454246 1.657469 -5.708067 -6.433319 1.408691 -5.977652 -6.476785 1.01236 -5.510718 -6.680084 1.408691 -5.613732 -6.12587 1.408691 -5.655149 -6.880043 1.01236 -5.823492 -5.974359 1.01236 -5.39498 -5.670099 1.01236 -5.712962 -6.054194 0.5148046 -5.372075 -5.81215 0.5148042 -5.351513 -5.939684 1.408691 -5.835599 -6.45388 0.5148042 -5.579044 -6.774678 0.5148046 3.829311 -5.02854 2.692685 4.042564 -5.054142 2.692685 3.818256 -5.035692 3.210251 3.784662 -4.918 2.692685 4.043243 -5.062705 3.210251 4.034044 -4.946687 3.706094 3.968045 -4.938764 3.706094 4.097969 -4.928461 3.706094 4.261159 -5.000572 3.210251 4.249115 -4.99525 2.692685 4.275786 -4.879055 2.692685 4.289298 -4.877984 3.210251 4.24219 -4.761361 3.210251 4.106223 -4.892501 3.706094 4.092404 -4.858291 3.706094 4.026406 -4.850366 3.706094 4.017205 -4.73435 3.210251 4.017884 -4.742913 2.692685 3.811332 -4.801804 2.692685 3.799288 -4.796482 3.210251 3.962481 -4.868593 3.706094 4.231137 -4.768515 2.692685 3.954227 -4.904554 3.706094 3.771151 -4.91907 3.210251 3.596516 -4.913495 3.77366 3.595878 -4.864649 3.779058 3.595728 -4.918185 3.816017 4.079083 -4.888208 3.601863 4.078444 -4.839362 3.60726 4.078295 -4.892899 3.644219 4.621305 -4.880072 3.592322 4.077657 -4.844053 3.649617 4.620668 -4.831227 3.59772 4.621456 -4.826536 3.555363 5.220764 -4.830169 3.659062 5.221402 -4.879014 3.653664 5.221551 -4.825478 3.616705 5.895523 -4.839649 3.824591 5.222189 -4.874324 3.611307 5.896161 -4.888494 3.819194 5.895373 -4.893186 3.861551 5.894735 -4.844341 3.866948 4.622093 -4.875381 3.549965 3.595089 -4.86934 3.821415 3.518283 -5.035762 4.278786 3.522892 -5.04713 -0.1691613 3.592508 -4.779808 4.27403 3.315796 -4.856497 4.26969 3.321383 -4.86679 -0.1782628 3.596496 -4.790445 -0.1739501 3.540237 -5.11169 3.952224 3.547353 -5.129237 3.630212 3.654807 -4.716616 3.951879 3.227693 -4.834988 3.951565 3.236316 -4.850875 3.629553 3.660962 -4.733035 3.629865 4.055703 -4.918174 3.759806 4.026694 -4.91473 3.759806 4.220251 -4.926772 4.090699 4.059051 -4.890179 3.759806 4.019891 -4.972672 3.948789 4.220939 -4.921412 4.090699 4.036366 -4.832875 3.948789 4.030043 -4.886734 3.759806 3.836279 -4.876459 4.090699 4.003232 -4.883549 3.759806 3.835681 -4.881058 4.090699 3.999884 -4.911543 3.759806 3.935447 -4.943134 3.702489 3.943936 -4.853857 3.702489 3.935447 -4.943134 3.792167 4.124133 -4.961072 3.702489 4.124133 -4.961072 3.792167 4.132621 -4.871797 3.792167 3.943936 -4.853857 3.792167 4.132621 -4.871797 3.702489 4.468407 -4.998737 2.549121 4.68166 -5.02434 2.549121 4.457352 -5.00589 3.066686 4.423758 -4.888198 2.549121 4.682339 -5.032902 3.066686 4.67314 -4.916885 3.56253 4.607141 -4.908962 3.56253 4.737065 -4.898659 3.56253 4.900255 -4.97077 3.066686 4.888211 -4.965448 2.549121 4.914882 -4.849252 2.549121 4.928393 -4.848182 3.066686 4.881287 -4.731559 3.066686 4.745319 -4.862699 3.56253 4.7315 -4.828488 3.56253 4.665502 -4.820564 3.56253 4.656301 -4.704547 3.066686 4.65698 -4.71311 2.549121 4.450427 -4.772001 2.549121 4.438384 -4.766679 3.066686 4.601577 -4.83879 3.56253 4.870233 -4.738713 2.549121 4.593323 -4.874751 3.56253 4.410246 -4.889268 3.066686 4.694799 -4.888372 3.616241 4.66579 -4.884927 3.616241 4.859347 -4.89697 3.947134 4.698147 -4.860376 3.616241 4.658987 -4.94287 3.805224 4.860034 -4.89161 3.947134 4.675463 -4.803073 3.805224 4.669139 -4.856931 3.616241 4.475374 -4.846657 3.947134 4.642328 -4.853747 3.616241 4.474777 -4.851256 3.947134 4.63898 -4.881741 3.616241 4.574543 -4.913331 3.558925 4.583032 -4.824056 3.558925 4.574543 -4.913331 3.648602 4.763228 -4.93127 3.558925 4.763228 -4.93127 3.648602 4.771717 -4.841994 3.648602 4.583032 -4.824056 3.648602 4.771717 -4.841994 3.558925 5.208188 -4.996958 2.692685 5.421441 -5.022561 2.692685 5.197134 -5.004111 3.210251 5.163539 -4.886419 2.692685 5.42212 -5.031123 3.210251 5.412921 -4.915106 3.706094 5.346923 -4.907183 3.706094 5.476847 -4.89688 3.706094 5.640037 -4.968991 3.210251 5.627992 -4.96367 2.692685 5.654664 -4.847474 2.692685 5.668175 -4.846403 3.210251 5.621068 -4.729779 3.210251 5.4851 -4.860919 3.706094 5.471282 -4.826709 3.706094 5.405284 -4.818785 3.706094 5.396082 -4.702768 3.210251 5.396761 -4.711331 2.692685 5.190209 -4.770222 2.692685 5.178165 -4.7649 3.210251 5.341358 -4.837011 3.706094 5.610014 -4.736934 2.692685 5.333105 -4.872972 3.706094 5.150027 -4.887488 3.210251 5.434581 -4.886593 3.759806 5.405571 -4.883148 3.759806 5.599129 -4.895191 4.090699 5.437928 -4.858597 3.759806 5.398768 -4.941091 3.948789 5.599816 -4.889831 4.090699 5.415244 -4.801293 3.948789 5.40892 -4.855152 3.759806 5.215156 -4.844878 4.090699 5.38211 -4.851968 3.759806 5.214559 -4.849477 4.090699 5.378762 -4.879962 3.759806 5.314325 -4.911552 3.702489 5.322813 -4.822276 3.702489 5.314325 -4.911552 3.792167 5.503009 -4.929491 3.702489 5.503009 -4.929491 3.792167 5.511498 -4.840216 3.792167 5.322813 -4.822276 3.792167 5.511498 -4.840216 3.702489 5.939272 -5.01628 4.278786 5.934446 -5.027557 -0.1691613 6.173284 -4.888761 4.27403 5.923988 -4.746273 4.26969 5.920613 -4.757488 -0.1782628 6.168538 -4.899082 -0.1739501 5.900817 -5.085331 3.952224 5.893368 -5.10274 3.630212 6.262021 -4.888502 3.951879 5.877225 -4.668568 3.951565 5.872016 -4.685878 3.629553 6.254696 -4.904433 3.629865 -0.5882784 5.17917 2.692685 -0.3750256 5.153568 2.692685 -0.599333 5.172018 3.210251 -0.6329275 5.289709 2.692685 -0.3743467 5.145005 3.210251 -0.3835448 5.261021 3.706094 -0.4495437 5.268945 3.706094 -0.3196204 5.279248 3.706094 -0.1564304 5.207137 3.210251 -0.1684743 5.212459 2.692685 -0.1418035 5.328654 2.692685 -0.1282918 5.329725 3.210251 -0.1753987 5.446348 3.210251 -0.3113664 5.315209 3.706094 -0.325185 5.34942 3.706094 -0.391183 5.357343 3.706094 -0.4003841 5.47336 3.210251 -0.3997052 5.464797 2.692685 -0.6062579 5.405906 2.692685 -0.6183015 5.411228 3.210251 -0.4551081 5.339117 3.706094 -0.1864526 5.439195 2.692685 -0.4633617 5.303155 3.706094 -0.6464388 5.288639 3.210251 -0.8210731 5.294215 3.77366 -0.8217107 5.34306 3.779058 -0.8218615 5.289525 3.816017 -0.3385066 5.319501 3.601863 -0.3391448 5.368349 3.60726 -0.3392943 5.31481 3.644219 0.2037163 5.327637 3.592322 -0.3399325 5.363656 3.649617 0.203079 5.376483 3.59772 0.2038666 5.381174 3.555363 0.8031746 5.377541 3.659062 0.8038123 5.328696 3.653664 0.8039618 5.382232 3.616705 1.477934 5.36806 3.824591 0.8046004 5.333385 3.611307 1.478572 5.319215 3.819194 1.477784 5.314524 3.861551 1.477146 5.363368 3.866948 0.2045038 5.332328 3.549965 -0.8224997 5.338369 3.821415 -0.8993065 5.171947 4.278786 -0.894697 5.160579 -0.1691613 -0.8250812 5.427901 4.27403 -1.101793 5.351212 4.26969 -1.096207 5.34092 -0.1782628 -0.8210937 5.417264 -0.1739501 -0.8773521 5.096019 3.952224 -0.8702368 5.078472 3.630212 -0.7627826 5.491094 3.951879 -1.189897 5.372722 3.951565 -1.181274 5.356835 3.629553 -0.7566276 5.474674 3.629865 -0.3618862 5.289535 3.759806 -0.390895 5.29298 3.759806 -0.1973378 5.280937 4.090699 -0.3585386 5.31753 3.759806 -0.3976984 5.235037 3.948789 -0.1966508 5.286297 4.090699 -0.3812224 5.374834 3.948789 -0.3875464 5.320975 3.759806 -0.5813108 5.33125 4.090699 -0.4143568 5.32416 3.759806 -0.5819083 5.326651 4.090699 -0.4177052 5.296166 3.759806 -0.4821419 5.264575 3.702489 -0.4736531 5.353852 3.702489 -0.4821419 5.264575 3.792167 -0.293457 5.246637 3.702489 -0.293457 5.246637 3.792167 -0.2849686 5.335912 3.792167 -0.4736531 5.353852 3.792167 -0.2849686 5.335912 3.702489 0.05081743 5.208971 2.549121 0.2640703 5.18337 2.549121 0.03976285 5.201819 3.066686 0.006168365 5.319511 2.549121 0.2647492 5.174807 3.066686 0.255551 5.290824 3.56253 0.1895523 5.298748 3.56253 0.3194756 5.309051 3.56253 0.4826655 5.236939 3.066686 0.4706216 5.24226 2.549121 0.4972923 5.358457 2.549121 0.5108042 5.359528 3.066686 0.4636973 5.47615 3.066686 0.3277295 5.345011 3.56253 0.313911 5.379221 3.56253 0.2479128 5.387145 3.56253 0.2387119 5.503161 3.066686 0.2393906 5.4946 2.549121 0.03283792 5.435708 2.549121 0.02079439 5.44103 3.066686 0.1839877 5.368918 3.56253 0.4526433 5.468997 2.549121 0.1757341 5.332957 3.56253 -0.007342875 5.318441 3.066686 0.2772098 5.319336 3.616241 0.248201 5.322782 3.616241 0.4417583 5.310739 3.947134 0.2805574 5.347333 3.616241 0.2413977 5.264839 3.805224 0.4424452 5.316099 3.947134 0.2578735 5.404637 3.805224 0.2515495 5.350778 3.616241 0.05778521 5.361053 3.947134 0.2247391 5.353962 3.616241 0.05718761 5.356453 3.947134 0.2213907 5.325968 3.616241 0.1569539 5.294378 3.558925 0.1654428 5.383654 3.558925 0.1569539 5.294378 3.648602 0.3456389 5.276439 3.558925 0.3456389 5.276439 3.648602 0.3541274 5.365714 3.648602 0.1654428 5.383654 3.648602 0.3541274 5.365714 3.558925 0.7905988 5.210752 2.692685 1.003852 5.185148 2.692685 0.7795443 5.203598 3.210251 0.7459499 5.321291 2.692685 1.004531 5.176587 3.210251 0.9953324 5.292603 3.706094 0.9293336 5.300528 3.706094 1.059257 5.31083 3.706094 1.222447 5.238718 3.210251 1.210403 5.24404 2.692685 1.237074 5.360236 2.692685 1.250586 5.361307 3.210251 1.203479 5.477929 3.210251 1.067511 5.34679 3.706094 1.053692 5.381 3.706094 0.9876942 5.388924 3.706094 0.9784933 5.504941 3.210251 0.9791722 5.496378 2.692685 0.7726194 5.437487 2.692685 0.7605758 5.44281 3.210251 0.9237691 5.370698 3.706094 1.192425 5.470775 2.692685 0.9155156 5.334736 3.706094 0.7324385 5.32022 3.210251 1.016991 5.321116 3.759806 0.9879825 5.324561 3.759806 1.18154 5.312519 4.090699 1.020339 5.349112 3.759806 0.9811791 5.266618 3.948789 1.182227 5.317878 4.090699 0.997655 5.406415 3.948789 0.991331 5.352557 3.759806 0.7975667 5.362832 4.090699 0.9645206 5.355741 3.759806 0.7969691 5.358232 4.090699 0.9611723 5.327747 3.759806 0.8967354 5.296156 3.702489 0.9052243 5.385433 3.702489 0.8967354 5.296156 3.792167 1.08542 5.278219 3.702489 1.08542 5.278219 3.792167 1.093909 5.367494 3.792167 0.9052243 5.385433 3.792167 1.093909 5.367494 3.702489 1.521683 5.19143 4.278786 1.516857 5.180152 -0.1691613 1.755694 5.318949 4.27403 1.506399 5.461435 4.26969 1.503024 5.450222 -0.1782628 1.750948 5.308627 -0.1739501 1.483228 5.122377 3.952224 1.475779 5.10497 3.630212 1.844431 5.319207 3.951879 1.459636 5.539141 3.951565 1.454426 5.521831 3.629553 1.837107 5.303275 3.629865 -5.019821 2.232221 2.692685 -5.049483 2.019495 2.692685 -5.026762 2.24341 3.210251 -4.908451 2.274755 2.692685 -5.058057 2.018979 3.210251 -4.941886 2.025965 3.706094 -4.932705 2.0918 3.706094 -4.924881 1.961704 3.706094 -5.000089 1.799918 3.210251 -4.994539 1.811859 2.692685 -4.878872 1.782978 2.692685 -4.878059 1.769449 3.210251 -4.76056 1.814324 3.210251 -4.889085 1.952766 3.706094 -4.854617 1.965931 3.706094 -4.845437 2.031766 3.706094 -4.729266 2.038754 3.210251 -4.737839 2.038238 2.692685 -4.792784 2.245876 2.692685 -4.787232 2.257816 3.210251 -4.862441 2.096027 3.706094 -4.767502 1.825513 2.692685 -4.898239 2.104964 3.706094 -4.909264 2.288285 3.210251 -4.900361 2.462781 3.77366 -4.851512 2.462487 3.779058 -4.905035 2.463659 3.816017 -4.884276 1.97982 3.601863 -4.835425 1.979527 3.60726 -4.888951 1.980697 3.644219 -4.886474 1.437541 3.592322 -4.840101 1.980404 3.649617 -4.837625 1.437247 3.59772 -4.83295 1.43637 3.555363 -4.848004 0.8372402 3.659062 -4.896852 0.8375334 3.653664 -4.84333 0.8363636 3.616705 -4.870343 0.1627839 3.824591 -4.892179 0.8366559 3.611307 -4.91919 0.1630769 3.819194 -4.923867 0.163954 3.861551 -4.875019 0.163661 3.866948 -4.881799 1.436664 3.549965 -4.856188 2.463366 3.821415 -5.021116 2.54333 4.278786 -5.032568 2.538938 -0.1691613 -4.766622 2.464241 4.27403 -4.838023 2.742364 4.26969 -4.848421 2.736974 -0.1782628 -4.777333 2.460456 -0.1739501 -5.097447 2.522827 3.952224 -5.115127 2.516047 3.630212 -4.704628 2.400749 3.951879 -4.814839 2.830041 3.951565 -4.830887 2.821722 3.629553 -4.721162 2.394908 3.629865 -4.91379 2.003766 3.759806 -4.909793 2.032704 3.759806 -4.925523 1.839411 4.090699 -4.885864 1.999886 3.759806 -4.967597 2.040611 3.948789 -4.920176 1.838623 4.090699 -4.828138 2.021474 3.948789 -4.881866 2.028823 3.759806 -4.867901 2.222356 4.090699 -4.878171 2.055568 3.759806 -4.872488 2.223041 4.090699 -4.906097 2.059449 3.759806 -4.936453 2.124476 3.702489 -4.847355 2.114287 3.702489 -4.936453 2.124476 3.792167 -4.957984 1.936167 3.702489 -4.957984 1.936167 3.792167 -4.868887 1.925979 3.792167 -4.847355 2.114287 3.792167 -4.868887 1.925979 3.702489 -5.002204 1.592673 2.549121 -5.031866 1.379947 2.549121 -5.009145 1.603862 3.066686 -4.890834 1.635207 2.549121 -5.04044 1.379431 3.066686 -4.924269 1.386417 3.56253 -4.915089 1.452253 3.56253 -4.907264 1.322157 3.56253 -4.982471 1.16037 3.066686 -4.976922 1.172311 2.549121 -4.861255 1.14343 2.549121 -4.860442 1.129901 3.066686 -4.742942 1.174776 3.066686 -4.871467 1.313219 3.56253 -4.837 1.326383 3.56253 -4.82782 1.392218 3.56253 -4.711649 1.399206 3.066686 -4.720223 1.398691 2.549121 -4.775166 1.606328 2.549121 -4.769615 1.618268 3.066686 -4.844824 1.456479 3.56253 -4.749885 1.185965 2.549121 -4.880621 1.465416 3.56253 -4.891646 1.648737 3.066686 -4.896173 1.364219 3.616241 -4.892176 1.393157 3.616241 -4.907906 1.199864 3.947134 -4.868246 1.360338 3.616241 -4.949979 1.401063 3.805224 -4.90256 1.199075 3.947134 -4.810521 1.381926 3.805224 -4.86425 1.389275 3.616241 -4.850284 1.582808 3.947134 -4.860555 1.41602 3.616241 -4.854871 1.583493 3.947134 -4.88848 1.419901 3.616241 -4.918837 1.484928 3.558925 -4.829739 1.474739 3.558925 -4.918837 1.484928 3.648602 -4.940368 1.296619 3.558925 -4.940368 1.296619 3.648602 -4.851271 1.286431 3.648602 -4.829739 1.474739 3.648602 -4.851271 1.286431 3.558925 -5.014524 0.8529922 2.692685 -5.044186 0.6402661 2.692685 -5.021465 0.8641811 3.210251 -4.903154 0.8955265 2.692685 -5.052759 0.6397505 3.210251 -4.936589 0.6467359 3.706094 -4.927409 0.7125716 3.706094 -4.919584 0.5824757 3.706094 -4.994792 0.4206895 3.210251 -4.989241 0.4326299 2.692685 -4.873575 0.4037494 2.692685 -4.872762 0.3902197 3.210251 -4.755262 0.4350957 3.210251 -4.883787 0.5735377 3.706094 -4.84932 0.5867018 3.706094 -4.840139 0.6525369 3.706094 -4.723968 0.6595251 3.210251 -4.732542 0.6590098 2.692685 -4.787486 0.8666473 2.692685 -4.781935 0.8785871 3.210251 -4.857143 0.7167978 3.706094 -4.762205 0.4462838 2.692685 -4.892941 0.7257355 3.706094 -4.903965 0.9090557 3.210251 -4.908493 0.6245375 3.759806 -4.904496 0.6534756 3.759806 -4.920226 0.4601829 4.090699 -4.880567 0.6206572 3.759806 -4.962298 0.6613817 3.948789 -4.914879 0.459394 4.090699 -4.822841 0.6422446 3.948789 -4.876569 0.649594 3.759806 -4.862604 0.8431273 4.090699 -4.872875 0.676339 3.759806 -4.867191 0.8438124 4.090699 -4.900799 0.6802202 3.759806 -4.931157 0.7452473 3.702489 -4.842058 0.7350585 3.702489 -4.931157 0.7452473 3.792167 -4.952687 0.5569384 3.702489 -4.952687 0.5569384 3.792167 -4.86359 0.5467504 3.792167 -4.842058 0.7350585 3.792167 -4.86359 0.5467504 3.702489 -5.047775 0.1224087 4.278786 -5.058958 0.1274489 -0.1691613 -4.924739 -0.1139894 4.27403 -4.777527 0.1325448 4.26969 -4.788674 0.1361325 -0.1782628 -4.934967 -0.1090483 -0.1739501 -5.116081 0.1621732 3.952224 -5.133343 0.1699527 3.630212 -4.926171 -0.2027158 3.951879 -4.698945 0.1778187 3.951565 -4.716151 0.1833565 3.629553 -4.94196 -0.1950889 3.629865 3.789707 4.092057 0.5148042 3.914152 3.69293 0.5148046 3.89402 4.191164 1.01236 3.396834 4.211979 0.5148046 3.400159 4.341911 1.01236 4.050455 3.689441 1.01236 3.868563 3.196377 1.01236 3.791783 3.69606 1.408691 3.769456 3.300691 0.5148042 3.680479 3.394339 1.408691 3.696057 4.003079 1.408691 3.791368 4.093635 1.657469 3.393848 4.095326 1.408691 3.396887 4.214047 1.657469 3.916323 3.692875 1.657469 3.771034 3.29903 1.657469 3.383898 3.7065 1.657469 3.37091 3.198951 1.657469 2.851474 3.720125 1.657469 2.996763 4.113969 1.657469 2.976428 3.319364 1.657469 3.07174 3.409917 1.408691 2.873776 3.221834 1.01236 3.373948 3.31767 1.408691 2.976013 3.716936 1.408691 3.367638 3.071086 1.01236 2.717342 3.723556 1.01236 2.899233 4.21662 1.01236 2.853644 3.720069 0.5148046 2.998341 4.112308 0.5148042 3.087317 4.018657 1.408691 2.978089 3.320941 0.5148042 3.370963 3.20102 0.5148046 4.994504 4.092057 0.5148042 5.118949 3.69293 0.5148046 5.098817 4.191164 1.01236 4.60163 4.211979 0.5148046 4.604955 4.341911 1.01236 5.255252 3.689441 1.01236 5.07336 3.196377 1.01236 4.99658 3.69606 1.408691 4.974253 3.300691 0.5148042 4.885276 3.394339 1.408691 4.900854 4.003079 1.408691 4.996165 4.093635 1.657469 4.598645 4.095326 1.408691 4.601684 4.214048 1.657469 5.12112 3.692875 1.657469 4.975831 3.29903 1.657469 4.588695 3.7065 1.657469 4.575706 3.198951 1.657469 4.056271 3.720124 1.657469 4.20156 4.11397 1.657469 4.181225 3.319364 1.657469 4.276536 3.409917 1.408691 4.078573 3.221834 1.01236 4.578744 3.31767 1.408691 4.180809 3.716936 1.408691 4.572434 3.071086 1.01236 3.922139 3.723556 1.01236 4.10403 4.21662 1.01236 4.058441 3.720069 0.5148046 4.203138 4.112309 0.5148042 4.292114 4.018657 1.408691 4.182886 3.320942 0.5148042 4.57576 3.20102 0.5148046 3.278306 -1.533442 1.280497 3.424113 -1.970015 1.28008 2.879321 -1.42733 1.280613 3.2519 -1.565245 0.9870532 2.901888 -1.990925 1.28008 2.880892 -1.466574 0.9871602 2.885541 -1.582689 0.6936357 2.51896 -1.594592 0.9870532 2.490096 -1.565003 1.280497 2.379662 -2.011835 1.28008 2.41627 -2.010092 0.9866654 2.525468 -2.448407 1.279663 2.551851 -2.416052 0.9862779 2.629577 -2.321297 0.6929492 2.922861 -2.514722 0.986171 2.91819 -2.398054 0.6928662 3.19974 -2.298467 0.6929492 3.284792 -2.386704 0.9862779 3.313678 -2.416846 1.279663 3.387482 -1.971204 0.9866654 3.279623 -1.975246 0.6932511 3.174153 -1.659447 0.6935526 2.924454 -2.554519 1.279548 2.524107 -2.005497 0.6932511 2.603991 -1.682277 0.6935526 2.814922 -2.569618 1.280497 2.960729 -3.006191 1.28008 2.415936 -2.463506 1.280613 2.788516 -2.601421 0.9870532 2.438503 -3.027101 1.28008 2.417508 -2.50275 0.9871602 2.422157 -2.618865 0.6936357 2.055575 -2.630768 0.9870532 2.026712 -2.601179 1.280497 1.916278 -3.048011 1.28008 1.952885 -3.046268 0.9866654 2.062084 -3.484583 1.279663 2.088467 -3.452227 0.9862779 2.166193 -3.357473 0.6929492 2.459476 -3.550899 0.986171 2.454805 -3.43423 0.6928662 2.736355 -3.334643 0.6929492 2.821408 -3.42288 0.9862779 2.850294 -3.453022 1.279663 2.924098 -3.00738 0.9866654 2.816239 -3.011422 0.6932511 2.710769 -2.695623 0.6935526 2.46107 -3.590695 1.279548 2.060723 -3.041673 0.6932511 2.140607 -2.718453 0.6935526 5.502546 -1.533442 1.280497 5.648353 -1.970015 1.28008 5.103561 -1.427331 1.280613 5.47614 -1.565245 0.9870532 5.126128 -1.990925 1.28008 5.105132 -1.466574 0.9871602 5.109781 -1.58269 0.6936357 4.743199 -1.594592 0.9870532 4.714337 -1.565003 1.280497 4.603902 -2.011836 1.28008 4.64051 -2.010092 0.9866654 4.749708 -2.448407 1.279663 4.776092 -2.416052 0.9862779 4.853818 -2.321297 0.6929492 5.1471 -2.514722 0.986171 5.142429 -2.398054 0.6928662 5.42398 -2.298468 0.6929492 5.509032 -2.386704 0.9862779 5.537918 -2.416847 1.279663 5.611722 -1.971204 0.9866654 5.503863 -1.975246 0.6932511 5.398393 -1.659447 0.6935526 5.148694 -2.554519 1.279548 4.748347 -2.005498 0.6932511 4.828231 -1.682277 0.6935526 5.039162 -2.569618 1.280497 5.184968 -3.006191 1.28008 4.640176 -2.463507 1.280613 5.012755 -2.601421 0.9870532 4.662744 -3.027101 1.28008 4.641748 -2.50275 0.9871602 4.646397 -2.618866 0.6936357 4.279815 -2.630769 0.9870532 4.250952 -2.601179 1.280497 4.140517 -3.048011 1.28008 4.177125 -3.046268 0.9866654 4.286324 -3.484583 1.279663 4.312707 -3.452228 0.9862779 4.390433 -3.357473 0.6929492 4.683716 -3.550899 0.986171 4.679045 -3.43423 0.6928662 4.960595 -3.334644 0.6929492 5.045648 -3.42288 0.9862779 5.074533 -3.453023 1.279663 5.148337 -3.00738 0.9866654 5.040479 -3.011422 0.6932511 4.935009 -2.695623 0.6935526 4.68531 -3.590695 1.279548 4.284963 -3.041673 0.6932511 4.364847 -2.718453 0.6935526 3.278306 2.648131 1.280497 3.424112 2.211558 1.28008 2.87932 2.754242 1.280613 3.251899 2.616328 0.9870532 2.901887 2.190647 1.28008 2.880891 2.714999 0.9871602 2.885541 2.598883 0.6936357 2.518959 2.586981 0.9870532 2.490096 2.61657 1.280497 2.379661 2.169738 1.28008 2.416269 2.171481 0.9866654 2.525468 1.733166 1.279663 2.551851 1.765521 0.9862779 2.629577 1.860276 0.6929492 2.92286 1.666851 0.986171 2.918189 1.783519 0.6928662 3.199739 1.883106 0.6929492 3.284791 1.794869 0.9862779 3.313678 1.764726 1.279663 3.387481 2.210368 0.9866654 3.279623 2.206327 0.6932511 3.174152 2.522126 0.6935526 2.924454 1.627054 1.279548 2.524107 2.176075 0.6932511 2.603991 2.499296 0.6935526 2.814921 1.611955 1.280497 2.960727 1.175382 1.28008 2.415936 1.718066 1.280613 2.788515 1.580152 0.9870532 2.438503 1.154472 1.28008 2.417507 1.678823 0.9871602 2.422156 1.562707 0.6936357 2.055574 1.550805 0.9870532 2.026711 1.580394 1.280497 1.916277 1.133562 1.28008 1.952884 1.135305 0.9866654 2.062083 0.69699 1.279663 2.088466 0.7293455 0.9862779 2.166193 0.8241001 0.6929492 2.459475 0.6306748 0.986171 2.454804 0.7473432 0.6928662 2.736355 0.8469296 0.6929492 2.821407 0.758693 0.9862779 2.850293 0.7285505 1.279663 2.924097 1.174193 0.9866654 2.816238 1.170151 0.6932511 2.710768 1.48595 0.6935526 2.461069 0.5908781 1.279548 2.060722 1.1399 0.6932511 2.140606 1.46312 0.6935526 5.502545 2.648131 1.280497 5.648352 2.211559 1.28008 5.10356 2.754243 1.280613 5.47614 2.616329 0.9870532 5.126127 2.190648 1.28008 5.105131 2.715 0.9871602 5.109781 2.598884 0.6936357 4.743198 2.586981 0.9870532 4.714336 2.616571 1.280497 4.603901 2.169738 1.28008 4.640509 2.171481 0.9866654 4.749707 1.733166 1.279663 4.776091 1.765522 0.9862779 4.853817 1.860277 0.6929492 5.1471 1.666851 0.986171 5.142429 1.78352 0.6928662 5.423979 1.883106 0.6929492 5.509031 1.794869 0.9862779 5.537917 1.764727 1.279663 5.611721 2.210369 0.9866654 5.503862 2.206327 0.6932511 5.398392 2.522127 0.6935526 5.148694 1.627055 1.279548 4.748347 2.176076 0.6932511 4.82823 2.499297 0.6935526 5.039161 1.611955 1.280497 5.184968 1.175382 1.28008 4.640176 1.718066 1.280613 5.012755 1.580152 0.9870532 4.662743 1.154472 1.28008 4.641747 1.678823 0.9871602 4.646396 1.562707 0.6936357 4.279814 1.550804 0.9870532 4.250951 1.580394 1.280497 4.140517 1.133562 1.28008 4.177124 1.135305 0.9866654 4.286323 0.6969898 1.279663 4.312706 0.7293453 0.9862779 4.390433 0.8241 0.6929492 4.683716 0.6306746 0.986171 4.679044 0.747343 0.6928662 4.960595 0.8469294 0.6929492 5.045647 0.7586928 0.9862779 5.074533 0.7285503 1.279663 5.148337 1.174192 0.9866654 5.040478 1.17015 0.6932511 4.935008 1.48595 0.6935526 4.685309 0.5908779 1.279548 4.284962 1.139899 0.6932511 4.364846 1.46312 0.6935526</float_array>
          <technique_common>
            <accessor source="#Cubo_006-mesh-positions-array" count="1563" stride="3">
              <param name="X" type="float"/>
              <param name="Y" type="float"/>
              <param name="Z" type="float"/>
            </accessor>
          </technique_common>
        </source>
        <source id="Cubo_006-mesh-normals">
          <float_array id="Cubo_006-mesh-normals-array" count="10473">0.03229588 -0.9981267 0.05196219 -0.01678431 -0.9987192 0.04773026 0.0494399 -0.9975996 0.04848635 -0.2342149 -0.9710937 0.04604947 -0.004064798 -0.9988429 0.04792046 -0.08085918 -0.9958518 0.04172599 0.7012046 -0.711026 0.05248016 0.6909401 -0.7210606 0.05170488 0.6688388 -0.7412335 0.05681169 0.7318289 -0.6798999 0.04650342 0.6253221 0.7786448 0.05181664 0.4033153 0.9138005 0.04801464 0.5871747 0.8081468 0.04609543 -0.01398915 0.9985976 0.05106037 0.09612548 0.9941147 0.04995948 0.006534934 0.9984421 0.05541521 0.007573604 0.9985178 0.05389803 0.009723365 0.9985054 0.05378121 0.1771883 0.9827395 0.0531761 0.4122075 0.9093874 0.05567437 -0.5807249 0.8116713 0.06283652 -0.6152967 0.7863459 0.05540937 -0.6199966 0.7827184 0.05437165 0.1805013 -0.9821987 0.05201131 0.1611672 -0.9858194 0.04674816 -0.8877177 -0.4579066 0.04773831 -0.94173 -0.3328677 0.04841405 -0.8934571 -0.4463171 0.05035632 0.7887615 -0.6123649 0.05352383 0.83859 -0.5426572 0.0478543 -0.0143184 0.9987986 0.04686719 -0.03311234 0.9981223 0.05153203 0.999235 0.002498626 0.03902637 0.9807009 -0.1896243 0.04762738 0.9811586 -0.1875142 0.04654306 -0.9964419 -0.07259124 0.04282855 -0.9991599 -6.34218e-4 0.04097652 -0.996627 -0.0691744 0.04415398 -0.4110889 -0.9099664 0.05447161 -0.3854244 -0.9215155 0.04751092 0.2357602 0.9706093 0.04831898 0.2116206 0.9763301 0.04468089 -0.7384531 0.6728993 0.04351586 -0.8033184 0.5945932 0.03374087 -0.8083277 0.587812 0.03291338 -0.938602 -0.3418525 0.04651039 0.2796683 -0.9587737 0.05038475 0.2866228 -0.9567934 0.04892677 -0.9914066 -0.1247131 0.03949081 -0.9896509 -0.1372059 0.04202133 -0.991728 -0.1222893 0.03899955 -0.2142738 -0.9753144 0.05337226 0.9984951 -0.03939712 0.03815203 0.9993023 -0.02453798 0.02815729 -0.9991661 -0.001397907 0.04080885 -0.9961177 -0.07788109 0.04103839 -0.7321578 0.6796875 0.04438418 0 0 1 0 0 1 0 0 1 0.001182079 -0.9999994 0 0.001182734 -0.9999994 0 0.001182913 -0.9999994 0 -1 1.94538e-4 0 -1 1.94435e-4 0 -1 1.94629e-4 0 1 -1.60731e-4 0 1 -1.607e-4 0 1 -1.6061e-4 0 -1 1.9474e-4 0 -1 1.94676e-4 0 -1 1.94836e-4 0 -0.2935381 -0.06246572 -0.9539043 -0.5791435 0.08950352 -0.8102974 -0.5056902 0.09555113 -0.8574074 0.5791437 -0.08950334 0.8102974 0.2935389 0.0624656 0.9539042 0.5056903 -0.09555071 0.8574074 0.003127336 0.05102491 0.9986925 -0.1723923 0.1731464 0.9696914 -0.01992583 0.1221849 0.9923073 -0.5354546 0.4263144 -0.729071 1 -1.60692e-4 0 1 -1.6025e-4 0 1 -1.59937e-4 0 -1 1.95239e-4 1.7515e-6 -1 1.95158e-4 1.29778e-7 -1 1.95136e-4 0 1 -1.60511e-4 0 1 -1.60599e-4 0 1 -1.60422e-4 0 0.02223032 -0.0632286 -0.9977515 -0.1129209 0.1685278 -0.9792075 0.1491918 -0.1102007 -0.9826484 -0.02222996 0.06322872 0.9977515 0.1129202 -0.1685272 0.9792077 0.1808847 -0.2658599 0.9468893 -0.1491925 0.1102009 0.9826483 -0.5742462 0.241446 -0.7822692 -0.5883085 0.1053638 -0.801743 -1 1.94169e-4 0 -1 1.94644e-4 1.81854e-7 0.5603554 -0.2442653 0.7914141 0.01992666 -0.1221848 -0.9923073 0.1687962 -0.267406 -0.9486843 0.1723926 -0.1731458 -0.9696914 1 -1.60523e-4 0 1 -1.60692e-4 0 -0.4467061 -0.3764096 -0.8116462 -0.3777064 -0.3353179 -0.8630757 -0.2583115 -0.2620701 -0.9298357 0.3777054 0.3353177 0.8630763 0.4467056 0.3764095 0.8116464 0.2583096 0.2620697 0.9298363 0.5236396 0.4210053 0.7406458 -0.52364 -0.4210048 -0.7406457 -0.04902601 -0.4339936 -0.899581 -0.1209349 -0.1428927 -0.982322 -0.1637827 -0.4947311 -0.8534732 0.1209352 0.1428927 0.982322 0.04902607 0.4339932 0.8995813 0.1637826 0.4947308 0.8534733 0.01751178 0.06289714 -0.9978664 0.144796 -0.2685728 -0.9523144 0.2169476 -0.2649813 -0.9395312 -0.1447964 0.2685727 0.9523145 -0.01751285 -0.0628972 0.9978664 -0.216948 0.2649812 0.939531 -0.1440156 -0.2674335 0.9527534 -0.07805794 -0.2694377 0.9598491 -0.4847334 0.5745946 -0.6594502 0.1327795 0.1732024 -0.9758948 0.01984661 -6.08409e-4 -0.9998028 -0.132779 -0.1732024 0.9758948 0.1808979 -0.2658485 0.9468899 -0.3966826 -0.41547 0.8185523 -0.1962785 -0.4908668 0.8488371 -0.08396518 -0.4307394 0.8985619 0.1962781 0.4908671 -0.8488371 0.3966828 0.4154701 -0.8185521 0.0839653 0.4307398 -0.8985618 -0.1509331 0.1213032 0.9810733 -0.01984691 6.08414e-4 0.9998028 0.1509341 -0.1213034 -0.9810732 -0.003127813 -0.05102503 -0.9986925 0.2933244 -0.2594307 -0.9201394 0.09001398 -0.2702769 -0.9585656 -0.09001398 0.2702769 0.9585656 -0.1089602 -0.138565 -0.9843411 -0.5046666 0.5675906 0.6505019 -0.5034672 -0.5675007 0.6515088 0.5034666 0.5675006 -0.6515095 -0.5672889 -0.3197584 0.7589058 -0.2710551 -0.4749079 0.8372525 0.271054 0.4749079 -0.8372527 0.5672891 0.3197585 -0.7589057 0.1370615 0.4248334 -0.8948356 -0.1311684 0.2679574 -0.95446 -0.1370623 -0.4248331 0.8948356 0.1311672 -0.2679575 0.9544602 -0.03391474 -0.3544776 0.9344493 -0.2941031 -0.24288 0.9243986 0.03391581 0.3544777 -0.9344492 0.2941031 0.2428798 -0.9243987 -0.109736 0.109242 -0.9879395 0.07805716 0.2694379 -0.9598491 -0.5949311 0.2379863 0.7677366 -0.1509855 0.1681962 0.9741219 0.1097345 -0.109242 0.9879395 0.1509846 -0.1681963 -0.974122 0.1096113 0.4987912 0.8597632 0.09536659 0.4920392 0.8653338 -0.109611 -0.4987917 -0.859763 -0.09536683 -0.4920394 -0.8653337 0.7230724 -0.3415217 -0.600441 -0.3033854 -0.02081966 0.9526405 -0.001854598 0.9999983 -1.30583e-7 -0.001854538 0.9999983 0 -0.001854598 0.9999983 0 -0.001854836 0.9999983 0 0.001182854 -0.9999994 0 0.001182675 -0.9999994 0 0.001182496 -0.9999994 0 0.001183032 -0.9999994 0 0.001182556 -0.9999994 0 -0.001854836 0.9999983 0 -0.001854836 0.9999983 0 -0.001854836 0.9999983 0 -0.001854836 0.9999983 0 0.9628164 0.2701565 1.13689e-4 0.9628216 0.2701386 1.13767e-4 0.9628164 0.2701568 1.13688e-4 0.3038471 0.9527207 3.90018e-4 0.3038539 0.9527186 3.89849e-4 0.3038471 0.9527207 3.9002e-4 0.9628216 0.2701383 1.13769e-4 -1.52623e-5 -0.001302838 0.9999992 -1.07298e-5 -0.001305162 0.9999992 -1.16295e-5 -0.001305341 0.9999992 0.9579353 -0.2869847 -1.13668e-4 0.9579319 -0.2869959 -1.13638e-4 0.9579319 -0.2869957 -1.13638e-4 -1.68321e-5 -0.001307904 0.9999992 -1.13199e-5 -0.001303315 0.9999992 -6.21029e-6 -0.001302838 0.9999992 -1.03765e-5 -0.001307785 0.9999992 -7.82421e-6 -0.001307904 0.9999992 -1.38807e-5 -0.001305162 0.9999992 -0.9628239 -0.2701299 -1.13755e-4 -0.9628208 -0.2701414 -1.13809e-4 -0.9628207 -0.2701415 -1.1381e-4 -0.3038334 -0.9527252 -3.90118e-4 -0.3038332 -0.9527252 -3.9012e-4 -0.3038515 -0.9527193 -3.89949e-4 -0.9628239 -0.2701297 -1.13754e-4 -0.9579341 0.2869883 1.13759e-4 -0.9579364 0.286981 1.13661e-4 -0.9579364 0.2869809 1.1366e-4 -0.9579342 0.2869884 1.1376e-4 -0.2870904 0.9579035 3.89913e-4 -0.2870886 0.9579039 3.90041e-4 -0.2870886 0.9579039 3.90043e-4 -0.3038517 -0.9527193 -3.89947e-4 0.2870889 -0.9579039 -3.89921e-4 0.287082 -0.9579059 -3.89847e-4 0.287089 -0.9579039 -3.89922e-4 0.287082 -0.957906 -3.89846e-4 0.9579353 -0.2869845 -1.13668e-4 -0.2870904 0.9579035 3.89911e-4 0.303854 0.9527186 3.89847e-4 0.9628193 0.2701467 1.13553e-4 0.9628188 0.2701482 1.13701e-4 0.9628192 0.2701467 1.13551e-4 0.3038552 0.9527182 3.89835e-4 0.3038473 0.9527208 3.90036e-4 0.3038552 0.9527181 3.89833e-4 0.9628188 0.2701482 1.13703e-4 -1.42228e-5 -0.001302838 0.9999992 -5.98937e-6 -0.001305162 0.9999992 -1.02594e-5 -0.001305341 0.9999992 0.9579353 -0.2869846 -1.13649e-4 0.957933 -0.286992 -1.13788e-4 0.957933 -0.2869919 -1.13786e-4 -1.34205e-5 -0.001307904 0.9999992 -1.5093e-5 -0.001303315 0.9999992 -1.02138e-5 -0.001302838 0.9999992 -1.03766e-5 -0.001307785 0.9999992 -4.41256e-6 -0.001307904 0.9999992 -1.02472e-5 -0.001305162 0.9999992 -0.9628211 -0.2701399 -1.137e-4 -0.9628196 -0.2701455 -1.13766e-4 -0.9628195 -0.2701455 -1.13767e-4 -0.3038406 -0.9527228 -3.90025e-4 -0.3038405 -0.9527229 -3.90026e-4 -0.3038499 -0.9527199 -3.89946e-4 -0.9628211 -0.2701398 -1.13699e-4 -0.9579351 0.2869849 1.13604e-4 -0.957934 0.2869887 1.13659e-4 -0.957934 0.2869887 1.1366e-4 -0.9579352 0.2869849 1.13604e-4 -0.2870913 0.9579032 3.89922e-4 -0.2870933 0.9579026 3.9004e-4 -0.2870934 0.9579026 3.90041e-4 -0.30385 -0.9527198 -3.89945e-4 0.287089 -0.9579039 -3.89942e-4 0.28709 -0.9579036 -3.89849e-4 0.287089 -0.9579039 -3.89943e-4 0.28709 -0.9579036 -3.89848e-4 0.9579353 -0.2869845 -1.13647e-4 -0.2870913 0.9579032 3.8992e-4 0.3038471 0.9527207 3.90038e-4 0.9628166 0.2701559 1.13691e-4 0.9628192 0.2701466 1.13621e-4 0.9628165 0.2701561 1.13692e-4 0.3038495 0.9527201 3.89909e-4 0.3038467 0.9527209 3.89902e-4 0.3038495 0.95272 3.89909e-4 0.9628193 0.2701465 1.1362e-4 -1.82208e-5 -0.001302838 0.9999992 -1.02472e-5 -0.001305162 0.9999992 -1.16197e-5 -0.001305341 0.9999992 0.9579349 -0.2869856 -1.137e-4 0.9579316 -0.2869966 -1.13626e-4 0.9579318 -0.2869964 -1.13627e-4 -1.54223e-5 -0.001307904 0.9999992 -1.13198e-5 -0.001303315 0.9999992 -6.21023e-6 -0.001302838 0.9999992 -1.50931e-5 -0.001307785 0.9999992 -7.41516e-6 -0.001307904 0.9999992 -1.02472e-5 -0.001305162 0.9999992 -0.9628224 -0.2701351 -1.13676e-4 -0.9628168 -0.2701554 -1.13869e-4 -0.9628167 -0.2701557 -1.13872e-4 -0.3038421 -0.9527223 -3.90054e-4 -0.3038421 -0.9527224 -3.90055e-4 -0.3038466 -0.952721 -3.89909e-4 -0.9628225 -0.2701348 -1.13673e-4 -0.9579339 0.2869894 1.13584e-4 -0.9579334 0.286991 1.13725e-4 -0.9579333 0.286991 1.13727e-4 -0.9579339 0.2869893 1.13582e-4 -0.2870872 0.9579043 3.89992e-4 -0.2870879 0.9579042 3.8997e-4 -0.2870879 0.9579042 3.8997e-4 -0.3038467 -0.9527209 -3.89907e-4 0.287095 -0.9579021 -3.89824e-4 0.287083 -0.9579057 -3.90004e-4 0.2870951 -0.957902 -3.89822e-4 0.2870829 -0.9579057 -3.90006e-4 0.957935 -0.2869854 -1.13701e-4 -0.2870873 0.9579045 3.89992e-4 0.3038467 0.9527209 3.89902e-4 0.9628194 0.2701459 1.13575e-4 0.9628202 0.2701432 1.13593e-4 0.9628195 0.270146 1.13574e-4 0.3038477 0.9527205 3.89899e-4 0.3038451 0.9527214 3.89947e-4 0.3038477 0.9527205 3.89898e-4 0.9628202 0.2701431 1.13593e-4 -1.34177e-5 -0.001302838 0.9999992 -9.39564e-6 -0.001305162 0.9999992 -1.03167e-5 -0.001305341 0.9999992 0.957935 -0.2869856 -1.13696e-4 0.9579333 -0.2869912 -1.13737e-4 0.9579333 -0.2869911 -1.13736e-4 -1.14187e-5 -0.001307904 0.9999992 -1.13198e-5 -0.001303315 0.9999992 -8.40134e-6 -0.001302838 0.9999992 -8.48985e-6 -0.001307785 0.9999992 -7.82424e-6 -0.001307904 0.9999992 -1.19504e-5 -0.001305162 0.9999992 -0.9628204 -0.2701424 -1.13737e-4 -0.9628199 -0.2701442 -1.13756e-4 -0.9628199 -0.2701442 -1.13756e-4 -0.3038399 -0.9527231 -3.90014e-4 -0.3038398 -0.9527231 -3.90015e-4 -0.3038473 -0.9527207 -3.89882e-4 -0.9628204 -0.2701424 -1.13737e-4 -0.9579347 0.2869867 1.13695e-4 -0.9579354 0.286984 1.13674e-4 -0.9579355 0.286984 1.13673e-4 -0.9579346 0.2869867 1.13696e-4 -0.2870881 0.9579042 3.8995e-4 -0.2870846 0.9579052 3.90003e-4 -0.2870846 0.9579052 3.90003e-4 -0.3038474 -0.9527207 -3.8988e-4 0.2870912 -0.9579032 -3.89875e-4 0.2870853 -0.9579049 -3.90014e-4 0.2870913 -0.9579032 -3.89873e-4 0.2870852 -0.957905 -3.90015e-4 0.9579349 -0.2869855 -1.13696e-4 -0.2870882 0.9579042 3.89949e-4 0.303845 0.9527214 3.89947e-4 0.9628165 0.2701563 1.1368e-4 0.9628192 0.2701468 1.13745e-4 0.9628165 0.2701564 1.13679e-4 0.3038474 0.9527207 3.89894e-4 0.303847 0.9527208 3.89849e-4 0.3038474 0.9527207 3.89895e-4 0.9628192 0.2701467 1.13746e-4 -1.42172e-5 -0.001302838 0.9999992 -1.02472e-5 -0.001305162 0.9999992 -9.48349e-6 -0.001305341 0.9999992 0.957935 -0.286985 -1.13717e-4 0.9579319 -0.2869959 -1.13595e-4 0.9579319 -0.2869957 -1.13597e-4 -1.34205e-5 -0.001307904 0.9999992 -7.5465e-6 -0.001303315 0.9999992 -5.62385e-6 -0.001302838 0.9999992 -1.03765e-5 -0.001307785 0.9999992 -4.41258e-6 -0.001307904 0.9999992 -9.62276e-6 -0.001305162 0.9999992 -0.9628238 -0.2701303 -1.13743e-4 -0.962818 -0.270151 -1.13872e-4 -0.9628179 -0.2701513 -1.13873e-4 -0.3038403 -0.9527229 -3.90054e-4 -0.3038402 -0.952723 -3.90056e-4 -0.3038516 -0.9527194 -3.89902e-4 -0.9628239 -0.27013 -1.13741e-4 -0.9579337 0.2869898 1.13623e-4 -0.9579362 0.2869814 1.13681e-4 -0.9579362 0.2869812 1.13682e-4 -0.9579336 0.2869899 1.13622e-4 -0.2870904 0.9579035 3.89936e-4 -0.2870869 0.9579045 3.89992e-4 -0.2870869 0.9579045 3.89993e-4 -0.3038517 -0.9527193 -3.899e-4 0.2870903 -0.9579035 -3.89815e-4 0.287082 -0.9579059 -3.90033e-4 0.2870904 -0.9579035 -3.89812e-4 0.287082 -0.957906 -3.90036e-4 0.9579352 -0.2869849 -1.13719e-4 -0.2870904 0.9579035 3.89936e-4 0.303847 0.9527208 3.89848e-4 0.9628198 0.2701448 1.13701e-4 0.9628206 0.2701417 1.13724e-4 0.9628198 0.2701449 1.13701e-4 0.3038483 0.9527204 3.89897e-4 0.3038417 0.9527225 3.8999e-4 0.3038483 0.9527204 3.89896e-4 0.9628207 0.2701417 1.13724e-4 -1.31778e-5 -0.001302838 0.9999992 -9.14022e-6 -0.001305162 0.9999992 -9.92102e-6 -0.001305341 0.9999992 0.9579351 -0.2869849 -1.13676e-4 0.9579345 -0.286987 -1.13617e-4 0.9579345 -0.286987 -1.13618e-4 -1.14188e-5 -0.001307904 0.9999992 -7.5465e-6 -0.001303315 0.9999992 -6.66336e-6 -0.001302838 0.9999992 -1.22632e-5 -0.001307785 0.9999992 -8.41607e-6 -0.001307904 0.9999992 -1.07298e-5 -0.001305162 0.9999992 -0.9628224 -0.2701352 -1.13751e-4 -0.9628196 -0.2701451 -1.13914e-4 -0.9628196 -0.2701452 -1.13916e-4 -0.3038348 -0.9527248 -3.90102e-4 -0.3038346 -0.9527248 -3.90104e-4 -0.3038498 -0.9527199 -3.899e-4 -0.9628224 -0.2701351 -1.13749e-4 -0.9579358 0.286983 1.13679e-4 -0.9579355 0.2869837 1.13723e-4 -0.9579355 0.2869837 1.13724e-4 -0.9579358 0.286983 1.13678e-4 -0.2870842 0.9579053 3.89984e-4 -0.2870846 0.9579052 3.90039e-4 -0.2870846 0.9579051 3.9004e-4 -0.30385 -0.9527198 -3.89897e-4 0.2870848 -0.9579051 -3.89832e-4 0.2870844 -0.9579053 -3.89896e-4 0.2870848 -0.9579052 -3.89831e-4 0.2870844 -0.9579052 -3.89897e-4 0.9579352 -0.2869849 -1.13677e-4 -0.2870842 0.9579054 3.89983e-4 0.3038416 0.9527225 3.89992e-4 0.02103418 -0.9997689 0.004449605 0.02516591 -0.9996833 -4.72255e-4 0.02551478 -0.9996659 0.004143953 -0.3205847 0.94722 1.13701e-4 -0.3205899 0.9472181 1.13704e-4 -0.3205845 0.9472199 1.13701e-4 -0.9674218 0.2531697 3.89854e-4 -0.9674243 0.25316 3.90037e-4 -0.9674218 0.2531698 3.89851e-4 -0.32059 0.9472182 1.13704e-4 0.001307308 5.81227e-5 0.9999992 0.001304805 5.74576e-5 0.9999992 0.001303076 5.74795e-5 0.9999992 0.2360479 0.9717415 -1.13361e-4 0.236054 0.97174 -1.13703e-4 0.236054 0.97174 -1.13698e-4 0.001297235 5.93314e-5 0.9999992 0.001307487 5.76409e-5 0.9999992 0.001307785 5.71966e-5 0.9999992 0.001295626 5.73728e-5 0.9999992 0.001299202 5.5281e-5 0.9999992 0.00130403 5.74541e-5 0.9999992 0.3205693 -0.9472252 -1.13815e-4 0.320573 -0.9472239 -1.13971e-4 0.320573 -0.9472239 -1.13974e-4 0.9674253 -0.2531566 -3.90083e-4 0.9674254 -0.2531564 -3.90087e-4 0.9674228 -0.2531659 -3.89811e-4 0.3205692 -0.9472251 -1.13813e-4 -0.2360457 -0.971742 1.13563e-4 -0.2360378 -0.9717439 1.13702e-4 -0.2360377 -0.9717439 1.13704e-4 -0.2360458 -0.9717419 1.13561e-4 -0.9414262 -0.3372188 3.90064e-4 -0.9414232 -0.3372274 3.89953e-4 -0.9414231 -0.3372274 3.89951e-4 0.9674229 -0.253166 -3.89807e-4 0.9414196 0.3372374 -3.89791e-4 0.9414229 0.3372281 -3.90023e-4 0.9414196 0.3372375 -3.89788e-4 0.941423 0.337228 -3.90026e-4 0.2360478 0.9717416 -1.13356e-4 -0.9414263 -0.3372188 3.90065e-4 -0.9674244 0.2531599 3.90039e-4 -0.3205719 0.9472243 1.13303e-4 -0.3205736 0.9472236 1.13699e-4 -0.3205718 0.9472242 1.13297e-4 -0.9674264 0.2531521 3.90056e-4 -0.9674227 0.2531666 3.90176e-4 -0.9674265 0.2531519 3.90054e-4 -0.3205737 0.9472237 1.13705e-4 0.001308798 5.81445e-5 0.9999992 0.001303315 5.74685e-5 0.9999992 0.00130397 5.74804e-5 0.9999992 0.2360458 0.9717419 -1.14006e-4 0.236045 0.9717422 -1.13434e-4 0.236045 0.9717422 -1.13442e-4 0.001301705 5.93388e-5 0.9999992 0.001310467 5.76558e-5 0.9999992 0.001306772 5.71803e-5 0.9999992 0.001301527 5.73713e-5 0.9999992 0.001299679 5.52744e-5 0.9999992 0.001301169 5.74349e-5 0.9999992 0.3205692 -0.9472251 -1.13562e-4 0.3205689 -0.9472253 -1.13966e-4 0.3205689 -0.9472252 -1.13972e-4 0.9674245 -0.2531596 -3.89936e-4 0.9674245 -0.2531595 -3.89939e-4 0.9674241 -0.2531608 -3.89657e-4 0.3205692 -0.9472251 -1.13556e-4 -0.2360439 -0.9717424 1.13326e-4 -0.2360484 -0.9717414 1.137e-4 -0.2360484 -0.9717413 1.13705e-4 -0.2360438 -0.9717425 1.13321e-4 -0.9414215 -0.3372323 3.89943e-4 -0.9414242 -0.3372244 3.89882e-4 -0.9414243 -0.3372243 3.89881e-4 0.9674242 -0.2531609 -3.89654e-4 0.9414141 0.3372526 -3.89517e-4 0.9414221 0.3372304 -3.89726e-4 0.9414141 0.3372529 -3.89514e-4 0.9414222 0.3372301 -3.89729e-4 0.2360458 0.9717419 -1.14014e-4 -0.9414214 -0.3372324 3.89943e-4 -0.9674226 0.2531668 3.90177e-4 0.9999298 -0.01099252 0.004449486 0.9999763 -0.006860136 -4.72445e-4 0.9999703 -0.006510853 0.004143893 -0.9570066 -0.2900665 1.13708e-4 -0.9570022 -0.2900811 1.13837e-4 -0.9570066 -0.2900663 1.13706e-4 -0.2840208 -0.9588181 3.90311e-4 -0.2840224 -0.9588176 3.89882e-4 -0.2840207 -0.9588181 3.90317e-4 -0.9570021 -0.2900813 1.13839e-4 -1.63857e-5 0.001310229 0.9999992 -1.30999e-5 0.00130558 0.9999992 -1.53716e-5 0.001306176 0.9999992 -0.9636842 0.2670446 -1.13526e-4 -0.9636799 0.2670602 -1.13637e-4 -0.96368 0.26706 -1.13635e-4 -1.56207e-5 0.001302242 0.9999992 -1.4858e-5 0.001309812 0.9999992 -1.59196e-5 0.001310229 0.9999992 -1.78295e-5 0.001303851 0.9999992 -1.40441e-5 0.001302301 0.9999992 -1.59614e-5 0.00130552 0.9999992 0.9570069 0.2900651 -1.13764e-4 0.9570051 0.2900715 -1.13903e-4 0.957005 0.2900716 -1.13904e-4 0.2839952 0.9588256 -3.89965e-4 0.2839953 0.9588256 -3.89962e-4 0.283989 0.9588276 -3.9018e-4 0.9570071 0.2900649 -1.13762e-4 0.9636806 -0.2670577 1.13912e-4 0.9636833 -0.2670478 1.13707e-4 0.9636834 -0.2670477 1.13704e-4 0.9636806 -0.2670578 1.13915e-4 0.3069255 -0.9517335 3.9006e-4 0.3069137 -0.9517374 3.89874e-4 0.3069136 -0.9517374 3.89871e-4 0.2839888 0.9588275 -3.90183e-4 -0.3069076 0.9517393 -3.90114e-4 -0.306917 0.9517362 -3.89892e-4 -0.3069074 0.9517394 -3.90117e-4 -0.3069171 0.9517362 -3.8989e-4 -0.9636843 0.2670444 -1.13525e-4 0.3069257 -0.9517334 3.90062e-4 -0.2840225 -0.9588176 3.89877e-4 -0.9570081 -0.2900614 1.13539e-4 -0.9570022 -0.2900808 1.13768e-4 -0.9570081 -0.2900611 1.13536e-4 -0.2840155 -0.9588197 3.89825e-4 -0.2840141 -0.9588201 3.89883e-4 -0.2840155 -0.9588197 3.89824e-4 -0.9570021 -0.2900811 1.13771e-4 -1.63856e-5 0.001310229 0.9999992 -1.59613e-5 0.00130558 0.9999992 -1.46824e-5 0.001306176 0.9999992 -0.9636852 0.2670413 -1.13883e-4 -0.9636854 0.2670402 -1.13838e-4 -0.9636854 0.2670403 -1.13838e-4 -1.51545e-5 0.001302242 0.9999992 -1.48579e-5 0.001309812 0.9999992 -1.32326e-5 0.001310169 0.9999992 -1.4858e-5 0.001303851 0.9999992 -1.40442e-5 0.001302301 0.9999992 -1.30998e-5 0.00130552 0.9999992 0.9570076 0.2900632 -1.13514e-4 0.9570025 0.2900798 -1.13999e-4 0.9570025 0.29008 -1.14006e-4 0.2839855 0.9588286 -3.90155e-4 0.2839851 0.9588286 -3.9016e-4 0.2840121 0.9588207 -3.89737e-4 0.9570077 0.2900629 -1.13507e-4 0.9636851 -0.2670416 1.13716e-4 0.9636791 -0.2670632 1.13803e-4 0.963679 -0.2670634 1.13804e-4 0.9636852 -0.2670413 1.13715e-4 0.306905 -0.9517402 3.89998e-4 0.3069081 -0.9517391 3.8988e-4 0.3069081 -0.9517391 3.89878e-4 0.2840124 0.9588205 -3.89732e-4 -0.3069229 0.9517343 -3.89719e-4 -0.3068979 0.9517424 -3.90176e-4 -0.3069232 0.9517342 -3.89713e-4 -0.3068975 0.9517425 -3.90182e-4 -0.9636852 0.2670413 -1.13884e-4 0.3069049 -0.9517402 3.89999e-4 -0.2840141 -0.9588201 3.89884e-4 0.02106791 -0.9997684 0.004415512 0.02516579 -0.9996833 -4.7234e-4 0.0255149 -0.9996659 0.004144072 -0.3205745 0.9472233 1.13783e-4 -0.3205742 0.9472234 1.1397e-4 -0.3205745 0.9472233 1.13781e-4 -0.9674264 0.2531525 3.89906e-4 -0.9674243 0.2531603 3.89809e-4 -0.9674264 0.2531524 3.89907e-4 -0.3205742 0.9472235 1.13972e-4 0.001306593 5.81091e-5 0.9999992 0.001301169 5.74405e-5 0.9999992 0.001303791 5.74773e-5 0.9999992 0.236055 0.9717398 -1.13753e-4 0.236055 0.9717397 -1.13972e-4 0.236055 0.9717397 -1.13969e-4 0.001299679 5.93233e-5 0.9999992 0.001310408 5.76438e-5 0.9999992 0.001308977 5.72051e-5 0.9999992 0.001301527 5.73796e-5 0.9999992 0.00130105 5.52888e-5 0.9999992 0.001302599 5.74544e-5 0.9999992 0.3205525 -0.9472308 -1.13493e-4 0.3205702 -0.9472248 -1.13833e-4 0.3205704 -0.9472248 -1.13838e-4 0.9674286 -0.2531436 -3.9017e-4 0.9674288 -0.2531434 -3.90175e-4 0.967426 -0.2531538 -3.89778e-4 0.3205522 -0.9472309 -1.13488e-4 -0.2360387 -0.9717437 1.13406e-4 -0.2360468 -0.9717417 1.13965e-4 -0.2360469 -0.9717417 1.13973e-4 -0.2360386 -0.9717437 1.13398e-4 -0.9414226 -0.3372289 3.8993e-4 -0.9414244 -0.3372242 3.89958e-4 -0.9414243 -0.3372241 3.89959e-4 0.967426 -0.2531539 -3.89773e-4 0.941422 0.3372306 -3.89881e-4 0.9414241 0.3372247 -3.89958e-4 0.9414219 0.3372308 -3.8988e-4 0.9414241 0.3372247 -3.89959e-4 0.236055 0.9717398 -1.1375e-4 -0.9414226 -0.337229 3.8993e-4 -0.9674243 0.2531604 3.89808e-4 -0.3205677 0.9472256 1.13253e-4 -0.3205848 0.9472199 1.13434e-4 -0.3205675 0.9472257 1.13251e-4 -0.9674238 0.2531623 3.89811e-4 -0.9674219 0.2531694 3.90066e-4 -0.9674238 0.2531622 3.89807e-4 -0.3205851 0.9472197 1.13437e-4 0.001307129 5.81444e-5 0.9999992 0.00130546 5.7468e-5 0.9999992 0.001305043 5.74806e-5 0.9999992 0.2360369 0.9717442 -1.13612e-4 0.2360587 0.9717388 -1.13972e-4 0.2360585 0.9717389 -1.13967e-4 0.00130105 5.93391e-5 0.9999992 0.001304507 5.76565e-5 0.9999992 0.001307547 5.71809e-5 0.9999992 0.001304507 5.73711e-5 0.9999992 0.001304209 5.52745e-5 0.9999992 0.00130552 5.74357e-5 0.9999992 0.320565 -0.9472267 -1.13587e-4 0.3205689 -0.9472253 -1.13967e-4 0.3205689 -0.9472252 -1.13972e-4 0.9674245 -0.2531597 -3.90018e-4 0.9674245 -0.2531595 -3.90023e-4 0.9674224 -0.2531674 -3.89557e-4 0.3205649 -0.9472266 -1.13582e-4 -0.2360366 -0.9717442 1.13746e-4 -0.2360353 -0.9717445 1.13439e-4 -0.2360353 -0.9717445 1.13434e-4 -0.2360366 -0.9717442 1.1375e-4 -0.9414227 -0.3372288 3.90111e-4 -0.9414278 -0.3372143 3.89958e-4 -0.941428 -0.3372141 3.89956e-4 0.9674224 -0.2531675 -3.89551e-4 0.9414166 0.3372458 -3.89643e-4 0.9414209 0.3372337 -3.89731e-4 0.9414165 0.337246 -3.89642e-4 0.941421 0.3372336 -3.89732e-4 0.2360365 0.9717442 -1.13607e-4 -0.9414226 -0.337229 3.90113e-4 -0.967422 0.2531695 3.90069e-4 0.9999297 -0.010993 0.004449605 0.9999763 -0.006860613 -4.72274e-4 0.9999703 -0.00651139 0.004144132 -0.957002 -0.2900815 1.13899e-4 -0.9570066 -0.2900661 1.13757e-4 -0.9570019 -0.2900817 1.13901e-4 -0.284009 -0.9588215 3.8997e-4 -0.2840049 -0.9588228 3.9011e-4 -0.2840091 -0.9588216 3.89969e-4 -0.9570067 -0.290066 1.13755e-4 -1.66374e-5 0.001310169 0.9999992 -1.62295e-5 0.00130552 0.9999992 -1.53537e-5 0.001306176 0.9999992 -0.9636822 0.2670519 -1.13704e-4 -0.9636851 0.2670417 -1.13367e-4 -0.963685 0.2670418 -1.13372e-4 -1.75192e-5 0.001302242 0.9999992 -1.48579e-5 0.001309812 0.9999992 -1.2645e-5 0.001310229 0.9999992 -1.48581e-5 0.001303851 0.9999992 -1.43665e-5 0.001302301 0.9999992 -1.53355e-5 0.00130552 0.9999992 0.9570065 0.2900664 -1.13614e-4 0.9570044 0.2900735 -1.13818e-4 0.9570044 0.2900736 -1.13821e-4 0.2840043 0.958823 -3.90107e-4 0.2840043 0.958823 -3.90109e-4 0.2840096 0.9588214 -3.89953e-4 0.9570066 0.2900663 -1.13611e-4 0.9636851 -0.2670413 1.1371e-4 0.9636839 -0.2670459 1.13903e-4 0.9636839 -0.267046 1.13906e-4 0.9636852 -0.2670412 1.13707e-4 0.3069117 -0.9517379 3.90101e-4 0.3069084 -0.951739 3.90105e-4 0.3069084 -0.951739 3.90105e-4 0.2840097 0.9588214 -3.89951e-4 -0.3069187 0.9517357 -3.89857e-4 -0.3069095 0.9517387 -3.90103e-4 -0.3069188 0.9517356 -3.89854e-4 -0.3069093 0.9517387 -3.90106e-4 -0.9636821 0.2670521 -1.13709e-4 0.3069118 -0.9517379 3.90101e-4 -0.2840049 -0.9588228 3.90111e-4 -0.9570034 -0.2900767 1.13527e-4 -0.9570072 -0.2900642 1.13635e-4 -0.9570034 -0.2900769 1.13525e-4 -0.284013 -0.9588204 3.89819e-4 -0.2840188 -0.9588186 3.90034e-4 -0.2840129 -0.9588205 3.89817e-4 -0.9570073 -0.290064 1.13637e-4 -1.40724e-5 0.001310229 0.9999992 -1.3994e-5 0.00130552 0.9999992 -1.4155e-5 0.001306176 0.9999992 -0.963685 0.2670421 -1.13679e-4 -0.9636822 0.267052 -1.1404e-4 -0.9636822 0.2670519 -1.14035e-4 -1.48324e-5 0.001302242 0.9999992 -1.18864e-5 0.001309871 0.9999992 -1.32328e-5 0.001310229 0.9999992 -1.78295e-5 0.001303851 0.9999992 -1.48324e-5 0.001302301 0.9999992 -1.30999e-5 0.00130552 0.9999992 0.957009 0.2900585 -1.1367e-4 0.9570079 0.2900622 -1.13702e-4 0.9570079 0.2900623 -1.13703e-4 0.284008 0.9588219 -3.89482e-4 0.2840082 0.9588218 -3.89475e-4 0.2839922 0.9588266 -3.90023e-4 0.957009 0.2900584 -1.1367e-4 0.9636829 -0.2670496 1.13691e-4 0.9636886 -0.2670288 1.13704e-4 0.9636886 -0.2670286 1.13704e-4 0.9636828 -0.2670499 1.13691e-4 0.3069073 -0.9517393 3.89983e-4 0.3068987 -0.9517421 3.90029e-4 0.3068987 -0.9517422 3.9003e-4 0.283992 0.9588266 -3.9003e-4 -0.3069128 0.9517375 -3.89754e-4 -0.3068964 0.9517428 -3.90023e-4 -0.306913 0.9517375 -3.89751e-4 -0.3068962 0.951743 -3.90027e-4 -0.9636849 0.2670419 -1.13673e-4 0.3069074 -0.9517394 3.89983e-4 -0.2840189 -0.9588186 3.90037e-4 0.2019791 0.2987105 0.9327254 0.08521193 0.3099113 0.9469393 0.1758118 0.3062262 0.9355832 0.2946851 -0.6807991 -0.6705769 -0.001554369 0.9999988 0 -0.001587808 0.9999988 0 -0.001594185 0.9999988 0 1 2.86913e-4 0 1 2.86819e-4 0 1 2.86979e-4 0 0.002461671 -0.999997 0 0.002403497 -0.9999971 0 0.002461612 -0.999997 0 -1 -3.86172e-4 0 -1 -3.63287e-4 0 -1 -3.63108e-4 0 -1 -3.73645e-4 0 -1 -3.45805e-4 0 -1 -3.85515e-4 0 1 2.86794e-4 2.46744e-7 1 2.875e-4 0 1 2.86925e-4 0 0.1896122 0.06573462 -0.9796562 0.3917925 -0.1084194 -0.9136433 0.332576 -0.191916 -0.9233427 -0.3917925 0.1084191 0.9136433 -0.1896122 -0.06573426 0.9796562 -0.3325756 0.1919159 0.9233428 -0.03807556 -0.0209071 0.9990562 0.09821909 -0.3735998 0.9223754 -0.009952187 -0.1594485 0.9871562 0.3110464 -0.6333497 -0.7086032 -1 -3.89059e-4 0 -1 -4.00484e-4 0 -1 -4.02892e-4 0 1 2.87073e-4 0 1 2.86739e-4 0 1 2.86721e-4 0 1 2.87222e-4 3.7221e-7 1 2.86325e-4 1.50699e-6 1 2.87522e-4 0 -1 -3.63451e-4 0 -1 -3.91395e-4 0 -1 -3.6665e-4 0 0.02286738 -0.04179 -0.9988647 -0.001940011 -0.1365391 -0.9906329 -0.08990168 0.0887438 -0.9919891 -0.02286738 0.04178994 0.9988647 0.001941025 0.1365389 0.9906329 -0.1195771 0.3815581 0.9165778 0.08990311 -0.08874368 0.9919889 0.3892211 -0.2438979 -0.8882684 0.3987641 -0.1092376 -0.9105243 1 2.87501e-4 0 -0.3406016 0.4857624 0.8050003 0.009952187 0.1594484 -0.9871562 -0.09301859 0.4806989 -0.8719382 -0.09821891 0.3735997 -0.9223753 -1 -3.89205e-4 0 -1 -3.89049e-4 0 0.05754929 0.480051 -0.875351 0.2573456 0.5736366 -0.7776338 -0.0458756 0.4060911 -0.9126804 -0.2573455 -0.5736367 0.7776338 -0.05754935 -0.480051 0.875351 0.04587537 -0.406091 0.9126804 1 2.87839e-4 0 1 2.87821e-4 0 -1 -3.97205e-4 0 0.0757997 0.5758829 -0.8140106 0.2474684 0.6317936 -0.7345722 0.1135979 0.4519336 -0.884789 -0.2474683 -0.6317934 0.7345723 -0.07580006 -0.575883 0.8140106 -0.1135987 -0.4519333 0.884789 0.130012 0.2138375 0.9681789 0.3962731 0.0597788 0.9161847 0.2615534 0.1190855 0.9578145 -0.3962725 -0.05977863 -0.9161849 -0.1300117 -0.2138379 -0.9681789 -0.2615531 -0.1190857 -0.9578146 -0.4230338 -0.6053222 0.6742607 0.4230335 0.6053228 -0.6742603 0.05535936 0.7028909 -0.7091401 0.04202306 0.3411755 -0.9390599 0.1097166 0.7465062 -0.6562704 -0.04202336 -0.3411756 0.9390599 -0.05535846 -0.7028906 0.7091405 -0.1097163 -0.7465061 0.6562705 -0.02530133 -0.1409255 -0.9896969 -0.1300459 0.2414327 -0.9616644 -0.1898295 0.2390557 -0.9522695 0.1300452 -0.2414329 0.9616644 0.02530193 0.1409251 0.9896969 0.1898295 -0.2390558 0.9522695 0.371999 -0.7340064 -0.5682002 -0.1333836 8.42891e-4 -0.9910641 -0.01899015 8.05331e-4 -0.9998194 -0.0344178 0.4897752 0.8711692 -0.2220983 0.3846039 0.8959645 -0.1517469 0.3899068 0.9082652 0.3357799 0.4388332 0.833473 0.1750613 0.4509161 0.8752304 0.07990187 0.3943119 0.9154965 -0.1750611 -0.4509162 -0.8752304 -0.3357804 -0.4388334 -0.8334729 -0.07990145 -0.3943117 -0.9154967 0.002161622 -0.9999977 0 0.002490162 -0.9999969 0 0.002079546 -0.9999979 0 0.4066891 -0.1358193 -0.9034142 0.3975864 -0.1265699 -0.9087932 0.5155966 -0.2513121 -0.8191474 -0.4066898 0.1358191 0.9034138 -0.3975874 0.1265698 0.9087929 -0.2606751 -0.006657481 0.9654037 0.001785457 -0.9999985 0 0.001785457 -0.9999985 0 0.07512974 -0.6110293 0.7880347 0.190268 -0.7043627 0.683865 -0.07513034 0.611029 -0.7880349 0.0183826 0.00727427 0.9998046 0.01898992 -8.05314e-4 0.9998194 -0.24469 0.3941008 -0.8858959 -0.04939496 0.4824166 -0.8745482 0.0493949 -0.4824163 0.8745483 0.09453558 0.1244255 -0.9877152 0.4685586 -0.5418686 0.6977331 0.3779912 0.7321838 0.5665948 -0.3779909 -0.7321838 -0.566595 0.03807526 0.02090692 -0.9990562 0.4915277 0.4240351 0.7606542 0.2449797 0.4371953 0.8653584 -0.2449805 -0.4371954 -0.8653582 -0.491528 -0.4240354 -0.7606538 -0.2639442 -0.2922689 -0.9191912 -0.2019791 -0.2987105 -0.9327254 -0.2543152 -0.2839089 -0.9245105 0.2639441 0.2922689 0.9191913 0.2543154 0.2839086 0.9245105 0.4009787 0.1397299 0.9053683 0.532756 0.1391031 0.8347583 -0.400978 -0.1397297 -0.9053687 -0.532756 -0.1391031 -0.8347583 -0.1117004 -0.3830953 -0.9169302 0.111775 -0.2409501 -0.9640796 0.1117019 0.3830955 0.9169301 -0.1117733 0.2409508 0.9640797 0.06854802 0.5395043 0.839188 0.1976786 0.6424707 0.7403747 -0.06854766 -0.5395045 -0.8391879 0.03441792 -0.4897756 -0.8711689 -0.1976779 -0.6424707 -0.7403749 0.09253787 -0.1294762 -0.9872552 0.5107001 -0.3588849 0.7812728 0.540458 -0.1518102 0.827562 0.1231824 -0.147241 0.9814002 -0.09253686 0.129476 0.9872553 -0.1231815 0.1472409 -0.9814003 -0.06759482 -0.746941 0.6614455 -0.06110811 -0.7424063 0.6671572 0.06759572 0.7469409 -0.6614456 0.06110799 0.7424057 -0.6671578 -0.6030933 0.5327099 -0.593716 0.2590647 0.0334739 0.9652798 -0.5404586 0.1518099 -0.8275617 -0.001609325 0.9999988 0 -0.001605987 0.9999988 0 -0.001394331 0.9999991 0 -0.001185417 0.9999993 0 -0.001380562 0.9999991 0 -0.003310382 -0.9722228 0.2340342 -0.00191152 -0.9721462 0.2343681 -0.003796041 -0.9722489 0.2339181 4.46969e-5 0.9685695 0.2487432 3.01966e-5 0.968549 0.2488232 -8.57556e-4 0.9686237 0.2485308 8.69254e-4 0.9686242 0.248529 -5.62991e-4 0.9686351 0.2484869 0.001033306 0.9687009 0.2482287 -0.9970108 -0.01779943 -0.07518368 -0.9970108 -0.01779896 -0.07518386 -0.9970109 -0.01779949 -0.07518368 0.971483 2.46873e-4 0.2371092 0.9714832 2.59072e-4 0.2371081 0.9714834 2.58697e-4 0.2371079 -0.9754077 6.66153e-4 0.2204076 -0.9754055 7.58742e-4 0.2204172 -0.9754013 7.38887e-4 0.2204354 5.34972e-4 0.9686276 0.2485162 -0.001042902 0.9686991 0.248236 -0.9754092 5.73608e-4 0.2204013 -0.9754082 5.77281e-4 0.2204056 0.001058399 -0.9720245 0.2348775 0.001239359 -0.9720355 0.2348306 0.001310408 -0.9720399 0.2348122 0.9714822 2.51707e-4 0.2371125 0.9714824 2.43438e-4 0.2371116 0.9714823 2.5234e-4 0.2371122 -4.45294e-5 0.9685706 0.2487391 0.9714829 2.46138e-4 0.2371097 0.997151 -0.01809871 -0.07322776 0.997151 -0.01809889 -0.07322752 0.9971511 -0.01809889 -0.07322752 0.8991108 2.6182e-4 0.4377212 0.8978176 1.74077e-4 0.4403676 0.8978425 1.75766e-4 0.4403167 0.005025923 -1.61739e-6 -0.9999874 0.004923045 -4.73157e-6 -0.999988 0.01019191 1.54803e-4 -0.9999481 -4.88016e-4 -0.9999975 0.002213299 0.8991356 2.63512e-4 0.4376701 0.01029473 1.57917e-4 -0.999947 -0.8444067 -2.44889e-4 0.5357027 -0.8442351 -2.55083e-4 0.5359731 -0.8442314 -2.55298e-4 0.5359788 -0.8444104 -2.44672e-4 0.5356969 4.91971e-4 0.9999975 -0.002208709 0.8991107 2.61743e-4 0.4377213 0.8978176 1.7983e-4 0.4403674 0.8978409 1.813e-4 0.44032 0.005022108 -1.60688e-6 -0.9999874 0.004926085 -4.32362e-6 -0.999988 0.01020044 1.44875e-4 -0.999948 -4.91561e-4 -0.9999975 0.002215087 0.8991339 2.63216e-4 0.4376736 0.01029646 1.47592e-4 -0.9999471 -0.8444072 -2.44773e-4 0.5357018 -0.8442345 -2.54296e-4 0.5359741 -0.8442311 -2.54483e-4 0.5359793 -0.8444107 -2.44585e-4 0.5356965 4.91984e-4 0.9999975 -0.002205073 0.8991091 9.34083e-5 0.4377247 0.8978189 6.20207e-6 0.4403649 0.8978438 7.88e-6 0.4403142 0.005026817 -2.55716e-6 -0.9999874 0.004923999 -5.65108e-6 -0.999988 0.01019215 1.52875e-4 -0.9999482 -4.88015e-4 -0.9999975 0.002207815 0.8991339 9.50895e-5 0.4376737 0.01029497 1.55969e-4 -0.999947 -0.8444057 -8.68815e-5 0.5357043 -0.844236 -9.69653e-5 0.5359719 -0.8442324 -9.71778e-5 0.5359776 -0.8444094 -8.66678e-5 0.5356986 4.90232e-4 0.9999975 -0.002212405 0.8991112 9.61516e-5 0.4377207 0.8978172 1.44125e-5 0.4403684 0.8978404 1.58797e-5 0.4403209 0.005022227 -2.5324e-6 -0.9999874 0.004926204 -5.23061e-6 -0.999988 0.01020032 1.42979e-4 -0.999948 -4.93275e-4 -0.9999974 0.002211451 0.8991343 9.76216e-5 0.437673 0.01029634 1.45677e-4 -0.9999471 -0.8444091 -8.91782e-5 0.5356988 -0.844236 -9.88504e-5 0.5359718 -0.8442325 -9.90402e-5 0.5359771 -0.8444125 -8.89873e-5 0.5356935 4.91985e-4 0.9999975 -0.002203226 -4.09967e-4 0.8990901 0.4377635 -2.60844e-4 0.8978183 0.440366 -2.65872e-4 0.8978613 0.4402783 -9.5671e-7 0.005100667 -0.999987 8.32956e-6 0.004922986 -0.9999879 -2.63191e-4 0.01011806 -0.9999489 0.9999975 -3.0456e-4 0.002205371 -4.15004e-4 0.899133 0.4376755 -2.72476e-4 0.01029574 -0.999947 3.85604e-4 -0.8444053 0.5357047 4.02735e-4 -0.8442387 0.5359672 4.03378e-4 -0.8442324 0.535977 3.84958e-4 -0.8444116 0.5356948 -0.9999976 3.07943e-4 -0.002207696 -3.94715e-4 0.8990957 0.4377521 -2.60703e-4 0.897817 0.4403687 -2.64734e-4 0.8978556 0.4402902 0 0.005085468 -0.9999871 7.39362e-6 0.004926443 -0.9999879 -2.36624e-4 0.01013666 -0.9999486 0.9999976 -3.0273e-4 0.002209842 -3.98754e-4 0.899134 0.437673 -2.44069e-4 0.01029562 -0.9999471 3.70763e-4 -0.8444041 0.5357069 3.86097e-4 -0.8442367 0.5359705 3.86608e-4 -0.8442311 0.5359793 3.70249e-4 -0.8444096 0.535698 -0.9999976 3.07941e-4 -0.00221163 0.00164783 -0.9794541 0.2016609 0.001417994 -0.9794672 0.2015987 0.001313745 -0.9794806 0.2015343 -1.67077e-4 -0.1878318 -0.9822012 0.1950617 -0.1834604 -0.9634798 0.1950506 -0.1834605 -0.963482 -0.1948057 -0.1849941 -0.9632382 -0.1953855 -0.184975 -0.9631245 0.001967787 -0.9794399 0.2017267 0.002076268 -0.9794535 0.2016598 0.001754879 -0.9794542 0.2016591 1.27865e-4 -0.1878305 -0.9822015 0.3823278 0.176188 0.907074 0.1953555 0.1862175 0.9628911 0.3830366 0.1761361 0.9067851 0.002418398 -0.9794628 0.2016109 0.1948431 0.1862344 0.9629917 1.44123e-4 0.1891388 0.9819504 0.5551577 0.1593747 0.8163332 0.7066931 0.1364399 0.6942399 0.5559762 0.1592738 0.8157955 0.7075148 0.1362875 0.6934325 0.002688705 -0.9794673 0.2015856 0.003067016 -0.9795241 0.2013037 0.002755105 -0.9794863 0.2014921 0.002328753 -0.9794458 0.2016944 -0.3830801 -0.1750008 -0.9069865 -0.5550999 -0.1584057 -0.8165609 -0.5560242 -0.1582939 -0.8159536 -0.3822765 -0.1750599 -0.907314 -0.7066389 -0.135668 -0.6944463 -0.7075629 -0.1354982 -0.693538 -0.831064 -0.1077167 -0.5456463 -0.8318718 -0.1074926 -0.5444582 0.003025174 -0.9795053 0.2013958 0.003317892 -0.979558 0.2011345 0.003337264 -0.9795751 0.2010509 0.9236162 0.07592415 0.3757243 0.8318286 0.1080625 0.5444115 0.9241436 0.07568562 0.3744736 0.003551244 -0.9796375 0.200743 0.8311093 0.1082631 0.5454691 0.9806464 0.0406624 0.1915183 0.998775 0.01303708 0.04773658 0.9809214 0.04040169 0.1901603 0.9988067 0.01291459 0.04710102 0.003700673 -0.9797018 0.2004264 0.003762781 -0.9799357 0.1992784 0.003692805 -0.9797101 0.2003859 0.003549218 -0.9796248 0.2008053 -0.9241758 -0.07535654 -0.3744605 -0.9806298 -0.04061841 -0.1916126 -0.9809378 -0.04032826 -0.1900913 -0.9235839 -0.07562315 -0.3758643 -0.9987724 -0.01318031 -0.04774957 -0.9988082 -0.01304322 -0.04703211 -0.9999921 -0.003897666 8.19783e-4 -0.9999921 -0.003897666 8.19785e-4 0.003767728 -0.979923 0.1993413 0.00377953 -0.9801141 0.198399 0.00377953 -0.9801141 0.198399 0.999993 0.00369668 -7.7915e-4 0.9999929 0.00369668 -7.79152e-4 -1.08371e-4 0.1891401 0.9819502 -0.1950461 0.1847817 0.9632304 -0.1950739 0.1847801 0.9632251 -0.3825036 0.1733371 0.907549 -0.3827818 0.1733146 0.9074361 -0.5552899 0.1552386 0.8170399 -0.5557585 0.1551772 0.8167328 -0.7067772 0.1311805 0.6951674 -0.7073461 0.1310714 0.6946091 -0.8311492 0.1020867 0.546598 -0.8317129 0.1019245 0.5457702 -0.9236243 0.06906825 0.377025 -0.9240782 0.06885695 0.3759498 -0.9806402 0.03339022 0.1929507 -0.980896 0.0331453 0.1916882 -0.9987699 0.005645871 0.04926341 -0.9988011 0.005526542 0.04864114 -0.9999929 -0.003697276 7.79274e-4 -0.9999929 -0.003697395 7.79274e-4 2.46201e-4 -0.9799386 0.1992999 2.34905e-4 -0.9801211 0.1984003 2.34905e-4 -0.9801211 0.1984003 2.46629e-4 -0.9799481 0.1992534 2.86393e-4 -0.9797384 0.2002812 0.980908 -0.03268551 -0.1917057 0.998802 -0.005255639 -0.04865252 0.9987668 -0.005390107 -0.04935514 0.9999921 0.003895759 -8.19906e-4 0.9999921 0.003895699 -8.19906e-4 0.9806227 -0.03295594 -0.1931142 0.9240986 -0.06816387 -0.3760262 0.9235936 -0.06839483 -0.3772231 4.73906e-4 -0.9796378 0.2007727 3.64632e-4 -0.9796802 0.2005661 3.62204e-4 -0.979687 0.2005324 0.8317363 -0.1010243 -0.5459019 2.86824e-4 -0.9797369 0.2002884 6.23095e-4 -0.9795913 0.2009993 4.87527e-4 -0.9796267 0.2008265 0.7073682 -0.1300007 -0.6947878 0.8311109 -0.1012023 -0.5468206 0.7067392 -0.1301203 -0.6954053 0.5557739 -0.1539766 -0.8169496 0.5552598 -0.1540425 -0.8172867 0.001042246 -0.9795114 0.2013862 8.69758e-4 -0.979533 0.2012817 8.13055e-4 -0.9795486 0.2012063 0.3827847 -0.1720288 -0.9076794 6.55994e-4 -0.9795774 0.2010667 0.001125037 -0.9794956 0.2014626 0.3824884 -0.1720524 -0.9077998 -1.31285e-4 -0.8988909 0.4381725 -8.61103e-4 -0.8978179 0.4403663 -6.95681e-4 -0.8980615 0.4398693 2.4182e-4 -0.005928933 -0.9999824 -6.17118e-5 -0.004922926 -0.999988 0.001256227 -0.009290933 -0.9999561 -0.9999973 7.80152e-4 0.002210199 3.44149e-5 -0.8991338 0.4376741 0.001559734 -0.01029688 -0.9999458 -2.58977e-5 0.8443755 0.5357518 -9.08182e-5 0.8442674 0.5359223 -1.11981e-4 0.844232 0.5359779 -4.63475e-6 0.844411 0.535696 0.9999973 -7.79938e-4 -0.002211213 -6.71761e-5 -0.8989523 0.4380469 -6.38134e-4 -0.8978189 0.4403644 -5.46057e-4 -0.8980021 0.4399908 1.23313e-4 -0.005682229 -0.9999839 -4.5999e-5 -0.004926443 -0.999988 9.8771e-4 -0.009540796 -0.999954 -0.9999973 7.80147e-4 0.002210199 2.50617e-5 -0.8991347 0.4376721 0.001156985 -0.01029652 -0.9999464 -1.46301e-5 0.8443838 0.5357387 -7.0663e-5 0.8442591 0.5359353 -8.2502e-5 0.8442327 0.5359769 -2.73246e-6 0.8444104 0.5356969 0.9999973 -7.83604e-4 -0.002209961 -2.04706e-4 -0.8988417 0.4382733 -0.001056432 -0.8978173 0.4403668 -8.11146e-4 -0.898113 0.4397642 3.75264e-4 -0.006139934 -0.9999812 -7.51082e-5 -0.004922866 -0.999988 0.001463294 -0.009080111 -0.9999578 -0.9999973 7.84725e-4 0.00220859 4.10239e-5 -0.8991363 0.4376689 0.001913607 -0.01029711 -0.9999452 -3.80441e-5 0.8443653 0.5357681 -1.05702e-4 0.8442732 0.5359131 -1.36533e-4 0.8442313 0.5359791 -7.0726e-6 0.8444073 0.5357016 0.9999973 -7.79019e-4 -0.002206981 -9.12423e-5 -0.8989275 0.4380975 -7.29265e-4 -0.8978182 0.4403657 -6.09588e-4 -0.8980267 0.4399405 1.6747e-4 -0.005785942 -0.9999833 -5.25682e-5 -0.004926443 -0.9999879 0.001102209 -0.009437263 -0.9999549 -0.9999973 7.75574e-4 0.00220859 2.86409e-5 -0.8991352 0.437671 0.001322209 -0.0102967 -0.9999462 -1.85759e-5 0.8443817 0.5357421 -7.89057e-5 0.8442616 0.5359313 -9.42841e-5 0.844231 0.5359796 -3.12269e-6 0.8444125 0.5356935 0.9999973 -7.79021e-4 -0.002206981 0.002104222 -0.9764446 0.2157586 0.005727648 -0.9778147 0.2093935 0.007025241 -0.9766606 0.2146738 3.77993e-5 -9.42863e-4 0.9999997 3.75773e-5 -9.42551e-4 0.9999997 3.85776e-5 -9.43372e-4 0.9999996 0.9257961 0.3094019 -0.2171912 0.9417428 0.3146389 -0.11884 0.9417437 0.3146347 -0.1188443 3.78437e-5 -9.44173e-4 0.9999997 0.2496691 0.9390239 -0.2364309 0.2549112 0.9586106 -0.1268308 0.2549098 0.9586111 -0.1268296 0.2498366 0.9396547 -0.2337322 0.2403019 0.9039323 -0.3537817 -0.3307372 0.9351617 -0.1268288 -0.3307353 0.9351625 -0.1268278 -0.323947 0.9160563 -0.2364302 -0.3241662 0.9166708 -0.2337328 -0.3118048 0.8818255 -0.3537821 -0.9638844 0.2383341 -0.1188436 -0.9638845 0.2383341 -0.1188428 -0.9475695 0.2343925 -0.2171922 3.69429e-5 -9.4345e-4 0.9999996 3.77708e-5 -9.42552e-4 0.9999997 -0.925811 -0.308995 -0.2177069 -0.9417517 -0.3144127 -0.1193667 -0.9246407 -0.3085988 -0.2231737 -0.9463714 0.234101 -0.2226607 3.7681e-5 -9.42411e-4 0.9999996 -0.9417518 -0.3144127 -0.1193665 -0.8943379 -0.2983729 -0.3333667 -0.2496846 -0.9385777 -0.2381798 -0.2549176 -0.9583708 -0.1286174 -0.249853 -0.939213 -0.2354831 -0.2403276 -0.9032648 -0.3554648 -0.2403296 -0.9032636 -0.3554669 0.3241465 -0.9162294 -0.2354841 0.3239288 -0.9156088 -0.2381819 0.3117779 -0.8811578 -0.3554655 0.3117784 -0.8811578 -0.3554651 0.3307268 -0.934921 -0.1286184 0.9638757 -0.238108 -0.1193667 0.9638757 -0.2381098 -0.1193628 0.9475531 -0.2339827 -0.2177043 0.9463547 -0.2336805 -0.2231731 0.9153323 -0.2259114 -0.3333631 0.9246254 0.309015 -0.2226607 0.894315 0.2989979 -0.332868 0.9153327 -0.2259117 -0.3333616 0.8943145 0.2990012 -0.3328663 0.2403016 0.9039326 -0.3537813 3.8068e-5 -9.42398e-4 0.9999996 3.80447e-5 -9.42273e-4 0.9999997 0.3307285 -0.9349201 -0.1286201 -0.2549189 -0.9583703 -0.1286186 -0.8943384 -0.2983726 -0.3333657 -0.9153569 0.2265371 -0.3328706 -0.9153569 0.2265362 -0.3328711 -0.3118046 0.8818256 -0.3537819 3.33173e-5 -1 0 3.33173e-5 -1 0 0 0 -1 0 0 -1 0 0 -1 1 3.34698e-5 0 1 3.38136e-5 0 1 3.37976e-5 0 1 3.34538e-5 0 0 0 -1 -1 -3.36257e-5 0 -1 -3.34618e-5 0 -1 -3.36337e-5 0 -3.35394e-5 1 0 -3.35394e-5 1 0 -1 -3.34539e-5 0 0 0 1 0 0 1 0 0 1 0 0 1 0.9253746 -0.2839332 -0.2511253 0.9253746 -0.2839329 -0.2511253 0.9253741 -0.2839347 -0.2511254 0.9253751 -0.2839317 -0.2511252 0.7573425 0.6056783 -0.2441033 0.7573432 0.6056771 -0.2441036 0.7573422 0.6056785 -0.2441032 0.7573413 0.6056799 -0.2441028 0.5603913 -0.7892391 -0.2511245 0.5603896 -0.7892407 -0.2511229 0.5603915 -0.7892388 -0.2511247 0.4924615 -0.6935713 0.5257762 0.4924615 -0.6935714 0.525776 0.4924619 -0.6935709 0.5257763 0.8132038 -0.2495151 0.5257773 0.8132037 -0.2495151 0.5257775 0.8132033 -0.2495149 0.5257783 0.8132044 -0.2495154 0.5257763 0.492461 -0.6935719 0.5257758 0.5603933 -0.789237 -0.2511265 0.8638445 -0.2650511 -0.4283933 0.863845 -0.2650498 -0.4283929 0.8638442 -0.2650517 -0.4283934 0.5284125 0.7315641 -0.4308066 0.709506 0.5674175 -0.4178982 0.7095037 0.5674173 -0.4179021 0.4971172 0.6882392 0.5283951 0.6697571 0.5356339 0.5143169 0.6697583 0.5356332 0.514316 0.4971162 0.6882395 0.5283956 0.5284101 0.731564 -0.4308097 0.8638436 -0.2650533 -0.4283938 -2.8761e-7 0 1 0 0 1 0 0 1 0.5231294 -0.7367607 -0.4283916 0.5231298 -0.7367591 -0.428394 0.5231295 -0.7367602 -0.4283924 0.523129 -0.7367622 -0.4283894 0 0 1 0 0 1 2.8761e-7 0 1 0 0 1 -1.40794e-7 0 1 -0.5284143 -0.7315679 -0.4307979 -0.7095052 -0.5674194 -0.4178969 -0.7095047 -0.5674207 -0.4178959 -0.8638445 0.2650555 -0.4283903 -0.8638442 0.2650554 -0.428391 -0.8638446 0.2650557 -0.42839 -0.8132042 0.2495172 0.5257756 -0.8132043 0.2495172 0.5257756 -0.8132047 0.2495174 0.5257751 -0.4971182 -0.6882407 0.5283921 -0.6697586 -0.5356352 0.5143136 -0.6697593 -0.5356336 0.5143144 -0.497118 -0.688241 0.5283921 -0.5284141 -0.731569 -0.4307963 -0.8132039 0.2495169 0.5257763 -0.863845 0.2650559 -0.4283893 -0.5603914 0.7892388 -0.2511247 -0.5603911 0.7892397 -0.2511228 -0.5603915 0.7892387 -0.2511249 -0.4924634 0.69357 0.5257763 -0.4924633 0.6935696 0.5257767 -0.4924634 0.6935715 0.5257743 -0.9253741 0.2839352 -0.2511249 -0.9253755 0.283932 -0.2511233 -0.9253743 0.2839348 -0.2511246 -0.4924632 0.6935675 0.5257796 -0.9253726 0.2839385 -0.2511265 -0.5603919 0.7892377 -0.2511271 -0.7573418 -0.6056789 -0.2441037 -0.7573428 -0.605678 -0.2441028 -0.7573415 -0.605679 -0.2441039 -0.7573404 -0.6056801 -0.2441051 -0.3369517 -0.9093281 -0.2441027 -0.3369516 -0.9093281 -0.2441025 -0.3369525 -0.9093275 -0.2441038 0.2979842 0.804168 0.5143146 0.2979828 0.8041686 0.5143143 0.3156667 0.8518878 -0.4179016 0.3156664 0.8518885 -0.4179005 -0.5231302 0.7367597 -0.4283924 -0.5231299 0.7367618 -0.4283891 -0.5231301 0.7367604 -0.4283913 -0.5231305 0.7367579 -0.4283952 0.3369516 0.9093286 -0.2441007 0.3369497 0.9093301 -0.2440981 0.3369513 0.9093288 -0.2441003 0.3369535 0.9093273 -0.2441033 -0.3369509 -0.9093287 -0.2441014 -0.2979854 -0.8041692 0.5143118 -0.2979844 -0.8041704 0.5143107 -0.315669 -0.8518904 -0.4178946 -0.3156682 -0.85189 -0.4178959 3.34006e-5 -1 0 3.34006e-5 -1 0 3.34006e-5 -1 0 0 0 -1 0 0 -1 0 0 -1 1 3.34698e-5 0 1 3.38136e-5 0 1 3.37976e-5 0 0 0 -1 -1 -3.30901e-5 0 -1 -3.30082e-5 0 -1 -3.30941e-5 0 -3.35394e-5 1 0 -1 -3.30042e-5 0 0 0 1 0 0 1 0 0 1 1 1.87591e-4 0 1 1.87417e-4 0 1 1.87595e-4 0 0 0 -1 0 0 -1 0 0 -1 -1.87723e-4 1 0 -1.87723e-4 1 0 -1.87723e-4 1 0 0 0 -1 1.8734e-4 -1 0 1.8734e-4 -1 0 1.8734e-4 -1 0 -1 -1.87591e-4 0 -1 -1.87417e-4 0 -1 -1.87595e-4 0 1.8734e-4 -1 0 1 1.87413e-4 0 0 0 1 0 0 1 0 0 1 -1 -1.87413e-4 0 3.76734e-5 -9.42863e-4 0.9999997 3.77709e-5 -9.42551e-4 0.9999997 3.84354e-5 -9.43371e-4 0.9999996 0.925795 0.3094048 -0.2171918 0.9417423 0.3146386 -0.1188455 0.9417428 0.314637 -0.1188457 3.79107e-5 -9.44174e-4 0.9999997 0.2496709 0.9390234 -0.2364308 0.2549104 0.9586111 -0.1268289 0.2549117 0.9586105 -0.1268309 0.2498397 0.9396535 -0.2337339 0.2403043 0.9039319 -0.3537811 -0.3307389 0.9351614 -0.1268275 -0.330739 0.9351612 -0.1268274 -0.3239488 0.9160559 -0.2364292 -0.3241672 0.9166706 -0.2337319 -0.3118067 0.8818247 -0.3537822 -0.9638846 0.2383342 -0.1188415 -0.9638844 0.238336 -0.1188394 -0.947569 0.2343945 -0.2171918 3.71562e-5 -9.43451e-4 0.9999996 3.75128e-5 -9.42549e-4 0.9999997 -0.9258123 -0.3089938 -0.2177032 -0.9417522 -0.3144115 -0.1193657 -0.9246417 -0.3085968 -0.2231721 -0.946371 0.234103 -0.2226607 3.71545e-5 -9.42411e-4 0.9999996 -0.9417524 -0.3144112 -0.1193657 -0.8943399 -0.2983705 -0.3333637 -0.2496863 -0.9385769 -0.2381812 -0.2549191 -0.9583701 -0.1286195 -0.2498537 -0.9392126 -0.2354839 -0.2403276 -0.9032655 -0.3554633 -0.240327 -0.9032658 -0.3554627 0.324147 -0.9162297 -0.2354822 0.3239296 -0.915609 -0.2381806 0.3117775 -0.8811582 -0.3554644 0.3117772 -0.8811585 -0.3554641 0.3307281 -0.9349207 -0.1286168 0.9638752 -0.2381096 -0.1193672 0.963875 -0.2381121 -0.1193634 0.9475532 -0.2339829 -0.2177039 0.9463548 -0.2336803 -0.2231732 0.9153329 -0.2259097 -0.3333625 0.9246246 0.3090178 -0.2226598 0.8943145 0.2990002 -0.3328672 0.9153327 -0.2259102 -0.3333627 0.8943145 0.2989993 -0.3328679 0.2403036 0.9039323 -0.3537803 3.79654e-5 -9.42399e-4 0.9999996 3.75089e-5 -9.42275e-4 0.9999997 0.3307299 -0.9349197 -0.1286199 -0.2549201 -0.9583698 -0.1286202 -0.8943392 -0.2983677 -0.3333683 -0.9153552 0.2265416 -0.3328722 -0.915355 0.2265428 -0.3328721 -0.311807 0.8818241 -0.3537834 0.9253745 -0.2839323 -0.2511264 0.9253745 -0.2839324 -0.2511264 0.9253748 -0.2839319 -0.2511264 0.9253744 -0.2839328 -0.2511263 0.7573425 0.6056788 -0.2441014 0.7573419 0.6056795 -0.2441018 0.7573426 0.6056787 -0.2441014 0.7573434 0.6056779 -0.2441011 0.5603918 -0.7892384 -0.2511254 0.5603911 -0.7892396 -0.2511233 0.5603918 -0.7892382 -0.2511256 0.4924631 -0.6935702 0.5257761 0.4924632 -0.6935696 0.5257767 0.4924623 -0.6935729 0.5257732 0.8132035 -0.2495164 0.5257773 0.8132034 -0.2495166 0.5257772 0.8132033 -0.2495174 0.5257769 0.8132036 -0.2495152 0.5257777 0.4924644 -0.6935659 0.5257807 0.5603926 -0.7892369 -0.2511281 0.8638446 -0.2650517 -0.4283925 0.863846 -0.2650498 -0.4283909 0.8638439 -0.2650526 -0.4283933 0.5284129 0.7315649 -0.4308049 0.709504 0.5674192 -0.417899 0.7095044 0.5674177 -0.4179003 0.4971168 0.6882395 0.5283951 0.6697579 0.5356348 0.5143149 0.6697574 0.5356343 0.514316 0.4971162 0.6882411 0.5283935 0.5284119 0.731565 -0.4308058 0.8638422 -0.265055 -0.4283953 -2.89006e-7 0 1 -2.81589e-7 0 1 0 0 1 0.5231304 -0.7367599 -0.4283918 0.5231283 -0.7367627 -0.4283894 0.5231297 -0.7367608 -0.428391 0.5231321 -0.7367575 -0.4283939 0 0 1 2.17105e-7 0 1 -2.89004e-7 0 1 0 0 1 -0.5284142 -0.7315685 -0.4307969 -0.7095013 -0.5674227 -0.417899 -0.7095023 -0.5674224 -0.4178976 -0.8638431 0.2650541 -0.4283941 -0.8638428 0.2650555 -0.4283939 -0.8638433 0.2650535 -0.4283941 -0.8132038 0.2495169 0.5257765 -0.8132039 0.2495165 0.5257767 -0.8132039 0.2495149 0.5257774 -0.4971172 -0.6882405 0.5283935 -0.6697573 -0.535636 0.5143145 -0.6697582 -0.5356338 0.5143156 -0.4971171 -0.6882405 0.5283935 -0.5284136 -0.7315695 -0.430796 -0.8132038 0.2495191 0.5257756 -0.8638437 0.2650517 -0.4283944 -0.5603915 0.7892385 -0.2511255 -0.5603907 0.7892397 -0.2511239 -0.5603916 0.7892384 -0.2511256 -0.4924613 0.6935698 0.5257782 -0.4924615 0.6935696 0.5257785 -0.4924608 0.6935707 0.5257776 -0.9253736 0.2839358 -0.2511258 -0.925374 0.283935 -0.2511249 -0.9253737 0.2839357 -0.2511256 -0.4924622 0.6935683 0.5257794 -0.9253732 0.2839366 -0.2511265 -0.5603926 0.7892371 -0.2511275 -0.7573414 -0.605679 -0.2441049 -0.75734 -0.6056803 -0.2441056 -0.7573415 -0.6056789 -0.2441048 -0.757343 -0.6056773 -0.244104 -0.336951 -0.9093281 -0.2441037 -0.336951 -0.9093282 -0.2441035 -0.3369516 -0.9093275 -0.244105 0.2979831 0.8041675 0.5143159 0.297984 0.8041662 0.5143173 0.3156661 0.8518882 -0.4179011 0.3156675 0.8518878 -0.4179012 -0.5231271 0.7367591 -0.4283972 -0.523128 0.7367607 -0.4283933 -0.5231274 0.7367596 -0.4283959 -0.5231263 0.7367577 -0.4284005 0.3369518 0.9093284 -0.2441012 0.3369507 0.9093286 -0.2441018 0.3369517 0.9093284 -0.2441013 0.336953 0.9093281 -0.2441006 -0.3369504 -0.9093286 -0.2441023 -0.2979851 -0.804168 0.5143138 -0.2979838 -0.8041696 0.5143122 -0.3156696 -0.8518922 -0.4178906 -0.3156691 -0.8518923 -0.4178907 0.07861024 -0.991343 0.1051646 -0.1191863 -0.9927387 -0.01626837 0.07904011 -0.9967333 -0.01659476 -0.9162805 -0.3700955 0.1531649 -0.9269301 -0.3744021 -0.02497267 -0.9269298 -0.3744029 -0.02497303 -0.1186751 -0.9884337 0.09441936 0.2741581 -0.9615471 -0.01626777 0.2672066 -0.9371863 0.2242375 0.07695966 -0.9704966 0.2285029 -0.1161613 -0.967586 0.2242411 0.2729707 -0.9573779 0.09441727 0.9634959 -0.2211643 0.1508716 0.9743496 -0.2236498 -0.0249747 0.9743499 -0.2236486 -0.02497494 0.9631525 -0.2210864 0.1531605 0.9162737 0.3701131 0.153163 0.9166005 0.3702452 0.1508709 0.9269282 0.3744069 -0.02497029 0.8742383 0.3531709 0.3331333 0.9189829 -0.2109358 0.3331316 0.9189826 -0.2109374 0.3331313 0.8742358 0.3531767 0.3331337 -0.07861065 0.991343 0.1051647 0.1161822 0.9675839 0.2242393 0.1186702 0.9884345 0.09441745 -0.07695227 0.9704972 0.2285029 0.119185 0.9927388 -0.01626813 -0.2672173 0.937183 0.2242384 -0.2741536 0.9615483 -0.01626795 -0.07903748 0.9967336 -0.01659417 -0.2729679 0.9573786 0.0944187 0.9269291 0.374405 -0.02496951 -0.9634991 0.2211486 0.1508728 -0.9189807 0.2109325 0.3331394 -0.9189812 0.2109327 0.3331382 -0.9631563 0.2210695 0.153161 -0.8742595 -0.3531202 0.3331314 -0.9166073 -0.3702272 0.1508741 -0.9743516 0.2236413 -0.02497285 -0.9743514 0.2236422 -0.02497273 -0.8742597 -0.3531199 0.3331312 -0.9997446 -0.01087659 -0.01981317 -0.9997445 -0.01087772 -0.01981538 -0.9997448 -0.01087087 -0.01980203 -0.2194129 0.1043129 -0.9700397 -0.3383411 0.09899485 -0.9358021 -0.3383408 0.09899616 -0.935802 0.01297914 -0.993865 -0.1098359 0.01298803 -0.9938694 -0.1097952 0.01298761 -0.9938693 -0.1097972 0.0129792 -0.9938651 -0.1098355 -0.2194087 0.1043132 -0.9700406 0.01297873 -0.9938643 -0.1098423 0.2194073 -0.1043346 0.9700386 0.3383435 -0.0989927 0.9358013 0.2194063 -0.104335 0.9700387 -0.001891672 -0.1098682 0.9939445 -0.001889526 -0.1098684 0.9939444 -0.01297998 0.993868 0.1098082 -0.01298028 0.9938676 0.1098124 -0.01297879 0.9938654 0.1098335 -0.1989589 -0.1102154 0.9737905 -0.01297879 0.9938653 0.1098346 -0.01297909 0.9938648 0.1098378 -0.1989601 -0.1102148 0.9737904 -0.01297932 0.9938645 0.1098398 -0.01298272 0.993866 0.1098266 0.001891016 0.1098685 -0.9939444 0.1989613 0.1102119 -0.9737905 0.19896 0.1102122 -0.9737907 0.2950848 0.108739 -0.9492633 0.295085 0.1087397 -0.9492632 0.01298522 -0.993862 -0.1098622 0.01297616 -0.9938682 -0.1098073 0.01297622 -0.9938681 -0.1098086 0.9997447 0.01086807 0.01980787 0.9997447 0.01087063 0.01980787 0.9997446 0.01088368 0.01980811 0.01298558 -0.9938619 -0.1098642 -0.295085 -0.108735 0.9492638 -0.2950848 -0.1087337 0.9492639 0.9997449 0.01085501 0.01980769 -0.01298284 0.9938662 0.1098259 0.001888871 0.1098693 -0.9939444 0.01297873 -0.9938642 -0.1098434 0.3383439 -0.09899228 0.9358012 -0.0129801 0.9938672 0.1098163 -0.01298004 0.9938673 0.1098157 -0.9997442 -0.01088345 -0.01982647 0.9604692 -0.2783823 0.001533687 0.9612683 -0.2756094 0.00170052 0.9612364 -0.2757203 0.001693844 -0.666754 -0.7452769 0.001200914 -0.6669119 -0.7451356 0.001213252 -0.6630491 -0.7485754 9.12299e-4 -0.02264165 0.02513831 0.9994276 0.960437 -0.2784932 0.001527011 -0.6628904 -0.7487159 8.99967e-4 -0.2673474 0.9635968 -0.002564609 -0.2670509 0.9636791 -0.00254482 -0.2670379 0.9636828 -0.002543926 -0.2673605 0.9635932 -0.002565503 0.02264279 -0.02513879 -0.9994276 0.9603424 -0.2766583 0.03467947 0.9606388 -0.2754268 0.03623783 0.9602314 -0.2771151 0.034101 -0.6644123 -0.7470433 0.02197003 -0.6666904 -0.7448861 0.02585852 -0.6650606 -0.7464329 0.02307379 -0.00106275 0.001181364 0.9999988 0.9599293 -0.2783471 0.0325399 -0.6627706 -0.7485768 0.0191847 -0.2667726 0.9622262 -0.05434376 -0.266834 0.9622042 -0.05443304 -0.2666476 0.9622711 -0.05416202 -0.2669596 0.9621589 -0.05461573 0.001062273 -0.001180648 -0.9999988 5.78115e-6 0 -1 1.13073e-5 0 -1 -7.03023e-6 0 -1 0.03888791 -0.9620539 -0.270074 -0.1168783 -0.966156 -0.2299611 -0.1127184 -0.9488356 -0.2949672 0.3498463 -0.9156933 -0.1977713 0.8891546 -0.1064204 -0.4450604 0.8884593 -0.11357 -0.4446821 0.8884229 -0.1139314 -0.4446623 0.8891614 -0.1063485 -0.4450641 0.111421 0.9706357 -0.2131944 0.5370726 0.8229815 -0.1850801 0.2564055 0.9330979 -0.2521601 -0.5870101 0.06927949 0.8066099 -0.5875298 0.07349234 0.8058583 -0.5869977 0.06917947 0.8066276 -0.5877665 0.07544082 0.8055056 -0.03101128 0.9667607 -0.2537953 0.1133704 0.9544993 -0.275823 -0.3349794 0.9231175 -0.1887933 0.5875673 -0.0741977 0.8057664 0.5870096 -0.06927901 0.8066105 0.5878175 -0.07644659 0.8053736 0.5869981 -0.06917953 0.8066272 -0.5563639 -0.806054 -0.2018325 -0.262444 -0.9259059 -0.271701 -0.8859075 0.1146255 -0.4494764 -0.8867873 0.1061419 -0.4498248 -0.8867946 0.1060689 -0.4498276 -0.8858613 0.1150534 -0.449458 -4.10826e-6 0 -1 -1.615e-6 0 -1 1.22348e-5 0 -1 -0.9955099 0.09465837 0 -0.9955099 0.09465867 0 -0.0946415 -0.9955115 0 -0.09464275 -0.9955113 0 -0.09464228 -0.9955114 0 -0.09464102 -0.9955115 0 0.9955107 -0.09464943 0 0.9955105 -0.09465277 0 1.26008e-6 0 1 4.93297e-7 0 1 1.75338e-6 0 1 0.09465277 0.9955105 0 0.09465301 0.9955104 0 0.09465289 0.9955104 0 0.995511 -0.09464609 0 0.09465265 0.9955104 0 -0.9955099 0.09465795 0 0.07861012 -0.9913432 0.1051636 -0.1191871 -0.9927386 -0.0162667 0.07903736 -0.9967336 -0.01659297 -0.9162773 -0.3701034 0.1531646 -0.9269274 -0.3744089 -0.02497327 -0.9269274 -0.374409 -0.02497321 -0.1186712 -0.9884344 0.09441763 0.2741553 -0.961548 -0.01626628 0.2672111 -0.9371845 0.22424 0.07696324 -0.9704961 0.2285044 -0.1161605 -0.9675865 0.2242389 0.272967 -0.957379 0.09441709 0.9634979 -0.2211561 0.1508704 0.9743489 -0.2236532 -0.02497261 0.9743485 -0.2236549 -0.02497237 0.9631551 -0.2210767 0.1531587 0.91628 0.370097 0.1531638 0.9166072 0.3702278 0.1508732 0.9269285 0.3744063 -0.02497237 0.8742548 0.3531401 0.3331227 0.9189814 -0.2109378 0.3331343 0.9189817 -0.2109382 0.3331332 0.8742542 0.353143 0.3331213 -0.0786091 0.9913432 0.1051641 0.1161736 0.9675852 0.2242376 0.1186712 0.9884345 0.09441655 -0.07695013 0.9704977 0.2285014 0.1191871 0.9927386 -0.01626634 -0.2672056 0.9371866 0.2242377 -0.2741502 0.9615493 -0.01626861 -0.0790342 0.9967338 -0.01659387 -0.2729664 0.9573789 0.09441888 0.9269279 0.3744076 -0.02497261 -0.9634975 0.2211549 0.1508746 -0.9189834 0.2109298 0.3331339 -0.9189831 0.2109309 0.3331339 -0.963154 0.2210776 0.1531636 -0.8742502 -0.3531431 0.3331315 -0.9166042 -0.370235 0.1508733 -0.9743535 0.2236329 -0.02497488 -0.974354 0.2236301 -0.02497553 -0.8742492 -0.353146 0.333131 -8.09366e-6 0 -1 -1.58302e-5 0 -1 -3.86651e-6 0 -1 0.03886038 -0.962056 -0.270071 -0.1168764 -0.9661566 -0.2299597 -0.112714 -0.9488351 -0.2949708 0.3498478 -0.9156929 -0.1977703 0.8890945 -0.1064252 -0.4451796 0.888409 -0.1135947 -0.4447761 0.8883281 -0.1141341 -0.4447997 0.8891668 -0.1063435 -0.4450547 0.1114262 0.9706359 -0.2131904 0.5370756 0.8229805 -0.1850755 0.2563953 0.9330988 -0.2521669 -0.5870134 0.06928205 0.8066074 -0.5875129 0.07342827 0.8058766 -0.5870014 0.06918364 0.8066245 -0.5877403 0.07534569 0.8055337 -0.03102278 0.966764 -0.2537814 0.1133557 0.9545021 -0.2758197 -0.3349753 0.9231196 -0.1887906 0.5875477 -0.07411897 0.8057879 0.5870093 -0.06927788 0.8066107 0.587789 -0.07633203 0.8054051 0.5869983 -0.06917995 0.806627 -0.5563629 -0.8060553 -0.2018303 -0.2624111 -0.9259124 -0.2717109 -0.8858947 0.1144915 -0.4495359 -0.8867879 0.1061392 -0.4498241 -0.8867954 0.1060672 -0.4498265 -0.8858479 0.1149129 -0.4495205 -4.759e-6 0 -1 -2.51307e-6 0 -1 -9.7878e-6 0 -1 -0.9955095 0.09466183 0 -0.9955089 0.0946688 0 -0.0946449 -0.9955111 0 -0.09464561 -0.9955111 0 -0.09464532 -0.9955111 0 -0.0946446 -0.9955112 0 0.9955096 -0.0946604 0 0.9955103 -0.09465342 0 2.73475e-7 0 1 -2.02685e-6 0 1 1.75336e-6 0 1 0.09463983 0.9955116 0 0.09464007 0.9955117 0 0.09464001 0.9955117 0 -3.50675e-6 0 1 0.995509 -0.09466743 0 0.09463971 0.9955116 0 -0.9955102 0.09465485 0 0.07860869 -0.9913432 0.105165 -0.1191893 -0.9927384 -0.01626563 0.07903635 -0.9967337 -0.01659274 -0.9162748 -0.3701091 0.1531659 -0.9269276 -0.3744086 -0.02497142 -0.9269279 -0.374408 -0.02497118 -0.1186741 -0.9884341 0.09441769 0.274155 -0.961548 -0.01626747 0.2672017 -0.937187 0.2242404 0.07696008 -0.970496 0.2285053 -0.1161561 -0.9675864 0.224242 0.2729673 -0.9573788 0.09441912 0.9634973 -0.2211579 0.1508718 0.9743488 -0.2236537 -0.02497303 0.9743486 -0.2236543 -0.02497279 0.963154 -0.2210801 0.1531602 0.9162766 0.3701056 0.1531636 0.9166033 0.3702378 0.1508719 0.9269265 0.3744113 -0.02497279 0.8742626 0.3531126 0.3331313 0.9189953 -0.2108867 0.3331282 0.9189935 -0.2108945 0.3331286 0.874264 0.3531094 0.3331313 -0.07861077 0.991343 0.1051638 0.116167 0.9675851 0.2242418 0.1186675 0.988435 0.09441602 -0.07695019 0.9704966 0.2285063 0.1191877 0.9927386 -0.01626837 -0.2672002 0.9371873 0.2242416 -0.2741525 0.9615486 -0.01626777 -0.07903462 0.9967339 -0.01659399 -0.2729663 0.9573791 0.09441775 0.9269263 0.3744119 -0.02497285 -0.9634966 0.2211596 0.150874 -0.9189859 0.2109063 0.3331418 -0.918985 0.2109122 0.3331407 -0.963153 0.2210827 0.1531627 -0.8742587 -0.3531243 0.3331292 -0.9166014 -0.3702418 0.1508743 -0.974352 0.2236395 -0.02497482 -0.9743524 0.2236377 -0.02497506 -0.8742598 -0.3531224 0.333128 3.0609e-6 0 -1 -1.13065e-5 0 -1 -7.93154e-6 0 -1 0.03887772 -0.9620583 -0.27006 -0.1168807 -0.9661565 -0.2299582 -0.1127154 -0.9488349 -0.2949707 0.3498449 -0.9156946 -0.197768 0.8891641 -0.1063694 -0.4450536 0.8884485 -0.1134524 -0.4447334 0.8884112 -0.1138105 -0.4447166 0.8891711 -0.1062983 -0.4450568 0.1114218 0.9706354 -0.2131952 0.537078 0.8229776 -0.1850815 0.2563939 0.9331009 -0.2521608 -0.58701 0.06927961 0.8066101 -0.5875052 0.07336348 0.805888 -0.5869982 0.06918269 0.8066269 -0.5877308 0.07525199 0.8055493 -0.03102344 0.9667617 -0.2537907 0.1133542 0.9545022 -0.2758196 -0.334984 0.923116 -0.188793 0.5875598 -0.07412505 0.8057785 0.5870139 -0.0692777 0.8066074 0.5878047 -0.07634103 0.8053929 0.5870027 -0.06917965 0.8066239 -0.5563653 -0.8060536 -0.2018298 -0.2624299 -0.9259047 -0.2717192 -0.885889 0.1146332 -0.449511 -0.8867896 0.106118 -0.4498258 -0.8867971 0.1060446 -0.4498284 -0.8858417 0.1150627 -0.4494942 -1.00579e-5 0 -1 4.29391e-6 0 -1 -0.9955108 0.09464871 0 -0.9955105 0.09465277 0 -0.09464794 -0.9955108 0 -0.09464842 -0.9955108 0 -0.09464824 -0.9955108 0 -0.09464776 -0.9955108 0 0.9955093 -0.09466409 0 -6.30037e-7 0 1 -2.46648e-7 0 1 -8.76688e-7 0 1 0.09465277 0.9955104 0 0.09465229 0.9955105 0 0.09465253 0.9955105 0 0.9955097 -0.09466081 0 -0.9955112 0.09464466 0 0.4786185 -0.8780218 0.001533567 0.4811511 -0.876636 0.001700699 0.4810499 -0.8766916 0.001694023 -0.9986813 -0.05132746 0.001200854 -0.998692 -0.0511161 0.001213133 -0.9984151 -0.05627369 9.12318e-4 0.001905977 0.03377735 0.9994277 0.4785168 -0.878077 0.001526892 -0.998403 -0.05648493 8.9999e-4 0.4959791 0.8683307 -0.002565026 0.4962457 0.8681784 -0.00254482 0.4962574 0.8681717 -0.002543926 0.4959673 0.8683375 -0.00256592 -0.001906991 -0.03377908 -0.9994276 0.4797567 -0.8767161 0.03467923 0.4808412 -0.8760585 0.03623956 0.4793536 -0.8769592 0.03409999 -0.9982867 -0.05423194 0.0219689 -0.998359 -0.0510962 0.02585756 -0.9983098 -0.05334204 0.02307271 8.9111e-5 0.001586318 0.9999988 0.4782645 -0.877613 0.03253692 -0.9982196 -0.05647689 0.01918351 0.4954097 0.866958 -0.05434441 0.4953499 0.8669865 -0.05443489 0.4955314 0.8669 -0.05416029 0.4952276 0.8670446 -0.0546199 -9.00661e-5 -0.001585423 -0.9999988 0.07860767 -0.9913432 0.1051646 -0.1191856 -0.9927387 -0.0162658 0.07903909 -0.9967334 -0.01659369 -0.9162767 -0.3701051 0.1531648 -0.9269286 -0.374406 -0.02497166 -0.9269287 -0.3744058 -0.0249716 -0.1186777 -0.9884335 0.0944184 0.2741547 -0.9615481 -0.0162689 0.2672156 -0.9371838 0.2242373 0.07695972 -0.9704969 0.2285017 -0.116172 -0.9675853 0.2242384 0.2729679 -0.9573786 0.09441804 0.963497 -0.2211591 0.1508716 0.9743499 -0.2236483 -0.02497386 0.97435 -0.2236479 -0.02497398 0.9631538 -0.2210809 0.1531603 0.9162771 0.3701048 0.1531625 0.9166036 0.3702375 0.1508708 0.9269306 0.3744012 -0.02497124 0.8742555 0.3531301 0.3331316 0.9189864 -0.2109302 0.3331255 0.9189859 -0.2109319 0.3331261 0.8742555 0.3531298 0.3331318 -0.07860881 0.9913432 0.1051642 0.1161618 0.9675861 0.2242401 0.1186718 0.9884343 0.09441816 -0.07696002 0.9704962 0.2285047 0.1191842 0.9927389 -0.01626986 -0.2672076 0.9371854 0.2242403 -0.2741511 0.9615491 -0.01626819 -0.07903718 0.9967336 -0.01659649 -0.2729647 0.9573795 0.09441828 0.926931 0.3744 -0.02497076 -0.963499 0.2211476 0.1508757 -0.9189863 0.2109134 0.3331363 -0.9189857 0.210916 0.3331363 -0.9631558 0.2210696 0.1531643 -0.874257 -0.3531277 0.3331301 -0.9166033 -0.3702374 0.1508733 -0.974353 0.223635 -0.02497375 -0.9743532 0.2236343 -0.02497404 -0.8742574 -0.353127 0.3331297 -0.9997446 -0.01086586 -0.01981818 -0.9997446 -0.01086652 -0.01981955 -0.9997447 -0.01086288 -0.01981133 -0.219408 0.1043102 -0.9700411 -0.338347 0.09900206 -0.9357991 -0.3383475 0.09900385 -0.9357988 0.01297765 -0.9938637 -0.109848 0.01298147 -0.9938675 -0.1098127 0.01298117 -0.9938675 -0.1098139 0.01297837 -0.9938634 -0.1098503 -0.2194061 0.1043101 -0.9700415 0.01297873 -0.9938676 -0.1098122 0.2194079 -0.1043325 0.9700386 0.3383461 -0.0990011 0.9357996 0.2194049 -0.1043325 0.9700393 -0.001889824 -0.1098647 0.9939448 -0.001888036 -0.1098645 0.9939448 -0.01297199 0.993861 0.1098726 -0.01297086 0.9938616 0.1098674 -0.01297789 0.993864 0.1098453 -0.1989588 -0.1102145 0.9737906 -0.01297795 0.993864 0.1098449 -0.01297873 0.9938666 0.1098221 -0.1989609 -0.1102142 0.9737902 -0.01297867 0.9938665 0.1098233 -0.01298075 0.9938666 0.1098213 0.001889348 0.1098639 -0.993945 0.198959 0.1102124 -0.9737908 0.1989591 0.1102128 -0.9737908 0.2950856 0.1087369 -0.9492633 0.2950855 0.1087379 -0.9492632 0.01297563 -0.9938657 -0.1098299 0.01297169 -0.9938724 -0.1097699 0.01297241 -0.9938723 -0.1097711 0.9997449 0.01087182 0.01980245 0.9997449 0.0108726 0.01980245 0.9997448 0.01087665 0.01980239 0.01297587 -0.9938655 -0.1098321 -0.2950817 -0.1087394 0.9492642 -0.2950814 -0.1087385 0.9492644 0.9997449 0.01086777 0.01980245 -0.01298081 0.9938667 0.109821 0.001887321 0.1098646 -0.9939448 0.01297873 -0.9938677 -0.1098119 0.3383468 -0.09900152 0.9357993 -0.01297944 0.9938622 0.1098613 -0.01297998 0.9938621 0.1098619 -0.9997444 -0.0108695 -0.01982635 0.9604691 -0.2783825 0.001533687 0.9612687 -0.2756077 0.00170052 0.9612369 -0.2757186 0.001693844 -0.6667539 -0.7452771 0.001200914 -0.6669117 -0.7451358 0.001213252 -0.6630502 -0.7485744 9.123e-4 -0.02264171 0.02513843 0.9994276 0.9604369 -0.2784936 0.001527011 -0.6628916 -0.7487149 8.99969e-4 -0.2673447 0.9635976 -0.002564489 -0.2670509 0.9636791 -0.00254482 -0.2670379 0.9636827 -0.002543926 -0.2673577 0.963594 -0.002565383 0.02264261 -0.02513867 -0.9994276 0.9603427 -0.2766577 0.0346781 0.9606388 -0.2754273 0.03623425 0.9602317 -0.2771141 0.03410041 -0.6644132 -0.7470425 0.02196961 -0.6666902 -0.7448862 0.02586013 -0.6650612 -0.7464323 0.02307391 -0.00106275 0.001181364 0.9999988 0.9599298 -0.2783451 0.03254145 -0.6627722 -0.7485754 0.01918286 -0.266772 0.9622262 -0.05434679 -0.2668331 0.9622042 -0.0544359 -0.2666476 0.9622709 -0.0541653 -0.2669581 0.9621591 -0.05461829 0.001061141 -0.001180648 -0.9999988 3.46886e-6 0 -1 6.78463e-6 0 -1 1.65709e-6 0 -1 0.03887146 -0.9620565 -0.2700673 -0.116877 -0.9661561 -0.2299612 -0.1127175 -0.948834 -0.2949728 0.3498486 -0.9156923 -0.1977715 0.8891609 -0.1063994 -0.4450528 0.8884419 -0.1135199 -0.4447295 0.8884043 -0.1138798 -0.4447125 0.8891679 -0.1063278 -0.445056 0.1114263 0.9706349 -0.213195 0.5370774 0.8229779 -0.1850817 0.2564058 0.9330977 -0.2521605 -0.5870127 0.06927984 0.806608 -0.5875041 0.07341843 0.8058838 -0.587001 0.06918162 0.806625 -0.5877279 0.07533234 0.805544 -0.03099501 0.966763 -0.2537883 0.113382 0.9544996 -0.2758173 -0.3349783 0.9231179 -0.1887934 0.5875109 -0.07414025 0.8058128 0.5870099 -0.06927978 0.80661 0.5877352 -0.07636231 0.8054417 0.5869997 -0.0691815 0.8066259 -0.5563633 -0.8060547 -0.2018317 -0.2624259 -0.9259064 -0.2717171 -0.8859117 0.1146705 -0.4494567 -0.8867852 0.106146 -0.4498279 -0.8867924 0.1060726 -0.449831 -0.8858658 0.1151006 -0.449437 2.37949e-6 0 -1 1.25656e-6 0 -1 4.8939e-6 0 -1 -0.9955101 0.09465694 0 -0.99551 0.09465682 0 -0.09464204 -0.9955114 0 -0.09464329 -0.9955114 0 -0.09464275 -0.9955114 0 -0.09464156 -0.9955115 0 0.9955103 -0.0946545 0 0.9955102 -0.09465408 0 0.9955103 -0.09465444 0 1.26006e-6 0 1 4.93294e-7 0 1 0.09465301 0.9955104 0 0.09465306 0.9955104 0 0.09465301 0.9955103 0 0.9955102 -0.09465479 0 0.09465301 0.9955104 0 -0.99551 0.09465706 0 0.07860946 -0.991343 0.1051654 -0.1191822 -0.9927392 -0.01626777 0.07903802 -0.9967334 -0.01659625 -0.9162777 -0.3701019 0.1531659 -0.9269294 -0.374404 -0.02497237 -0.9269294 -0.374404 -0.02497255 -0.1186714 -0.9884341 0.09441989 0.274151 -0.9615491 -0.01626884 0.2672193 -0.9371826 0.224238 0.07696163 -0.9704965 0.228503 -0.1161719 -0.967585 0.2242394 0.2729663 -0.9573789 0.09441995 0.9634975 -0.221157 0.1508718 0.9743509 -0.2236438 -0.02497422 0.9743512 -0.223643 -0.02497452 0.9631542 -0.2210788 0.1531608 0.9162755 0.3701083 0.1531639 0.9166021 0.3702409 0.1508724 0.926929 0.3744049 -0.0249719 0.8742529 0.3531355 0.3331326 0.9189873 -0.2109345 0.3331203 0.9189865 -0.2109353 0.3331217 0.8742529 0.3531356 0.3331325 -0.07860887 0.9913431 0.105165 0.1161718 0.9675859 0.2242355 0.1186677 0.9884349 0.09441763 -0.07695943 0.9704973 0.2285004 0.1191861 0.9927387 -0.01626735 -0.2672166 0.9371834 0.2242377 -0.2741528 0.9615486 -0.01626569 -0.07903712 0.9967336 -0.01659333 -0.2729609 0.9573804 0.09442031 0.9269295 0.3744038 -0.0249716 -0.9634992 0.221147 0.1508753 -0.9189875 0.2109209 0.333128 -0.9189869 0.2109223 0.3331292 -0.963156 0.2210689 0.1531639 -0.8742496 -0.3531389 0.3331377 -0.9166045 -0.3702335 0.1508747 -0.974353 0.2236347 -0.02497339 -0.9743533 0.2236341 -0.02497363 -0.8742487 -0.3531407 0.3331381 1.90477e-6 0 -1 -1.35683e-5 0 -1 -8.48327e-6 0 -1 0.03883415 -0.9620573 -0.27007 -0.1168786 -0.9661574 -0.2299551 -0.1127325 -0.9488313 -0.2949756 0.3498443 -0.915696 -0.1977622 0.8891592 -0.1063884 -0.445059 0.8884481 -0.1134966 -0.4447231 0.8884108 -0.1138559 -0.4447055 0.8891661 -0.1063169 -0.4450622 0.1114248 0.9706351 -0.2131952 0.5370779 0.8229787 -0.1850767 0.2564098 0.9330963 -0.2521613 -0.587014 0.06927865 0.8066071 -0.5875102 0.07340717 0.8058804 -0.5870021 0.06918066 0.8066242 -0.5877361 0.07531636 0.8055394 -0.03103446 0.9667618 -0.2537884 0.113357 0.9545021 -0.2758191 -0.3349786 0.9231168 -0.1887984 0.587525 -0.07412958 0.8058034 0.587009 -0.06927859 0.8066108 0.5877562 -0.07634735 0.8054278 0.5869985 -0.06918048 0.8066269 -0.5563607 -0.806057 -0.2018295 -0.262411 -0.9259107 -0.2717165 -0.8858876 0.114642 -0.4495112 -0.886789 0.1061441 -0.4498209 -0.8867965 0.1060709 -0.4498234 -0.8858404 0.1150707 -0.4494947 -1.00571e-5 0 -1 4.29407e-6 0 -1 -0.9955099 0.09465837 0 -0.9955099 0.09465801 0 -0.09464508 -0.9955111 0 -0.09464508 -0.9955111 0 -0.09464508 -0.9955111 0 0.9955101 -0.0946561 0 0.9955101 -0.09465622 0 1.26008e-6 0 1 4.93301e-7 0 1 1.75339e-6 0 1 0.09465247 0.9955105 0 0.09465312 0.9955103 0 0.09465289 0.9955104 0 0.9955101 -0.09465599 0 0.09465223 0.9955105 0 -0.9955098 0.09465867 0 0.07860922 -0.9913432 0.1051644 -0.1191907 -0.9927382 -0.01626574 0.07903605 -0.9967338 -0.01658928 -0.9162779 -0.3701021 0.1531642 -0.9269289 -0.3744052 -0.02497309 -0.9269288 -0.3744055 -0.02497315 -0.1186671 -0.9884348 0.09441822 0.2741565 -0.9615476 -0.01626306 0.2672139 -0.9371843 0.2242373 0.07695144 -0.9704977 0.2285013 -0.116181 -0.9675844 0.2242371 0.2729628 -0.9573802 0.09441632 0.9634966 -0.2211604 0.1508726 0.9743499 -0.2236483 -0.02497476 0.9743501 -0.2236477 -0.02497512 0.9631534 -0.2210822 0.1531612 0.9162753 0.3701098 0.1531615 0.916602 0.3702421 0.1508697 0.9269282 0.3744071 -0.02497291 0.8742509 0.3531414 0.3331314 0.9189804 -0.2109352 0.3331387 0.9189806 -0.2109365 0.3331376 0.8742505 0.353142 0.333132 -0.07860666 0.9913434 0.1051641 0.1161732 0.9675852 0.2242383 0.1186717 0.9884344 0.09441709 -0.07695269 0.9704971 0.2285031 0.1191872 0.9927386 -0.01626664 -0.2672072 0.9371856 0.2242402 -0.27415 0.9615495 -0.01626843 -0.07903498 0.9967339 -0.01659303 -0.2729609 0.9573808 0.09441721 0.9269285 0.3744063 -0.02497267 -0.9634995 0.2211458 0.1508755 -0.918987 0.2109104 0.3331362 -0.9189864 0.2109133 0.3331361 -0.9631564 0.2210677 0.1531639 -0.8742474 -0.3531435 0.3331384 -0.9166049 -0.3702335 0.1508726 -0.9743529 0.2236351 -0.02497392 -0.974353 0.2236348 -0.02497422 -0.8742461 -0.353146 0.3331393 -2.31235e-6 0 -1 -4.52276e-6 0 -1 -1.08964e-5 0 -1 0.03885757 -0.9620569 -0.2700678 -0.1168757 -0.9661568 -0.2299589 -0.1127178 -0.9488337 -0.2949734 0.3498521 -0.9156922 -0.1977663 0.8891603 -0.1064039 -0.4450531 0.8883882 -0.1135323 -0.4448338 0.8883479 -0.1138927 -0.4448221 0.8891678 -0.1063322 -0.4450552 0.1114251 0.9706362 -0.2131896 0.5370744 0.8229821 -0.1850719 0.2564046 0.9330999 -0.2521534 -0.5870127 0.06927961 0.806608 -0.5875755 0.07341742 0.8058318 -0.5869992 0.06918144 0.8066262 -0.5878323 0.07533097 0.8054679 -0.03102886 0.9667624 -0.2537866 0.1133568 0.9545034 -0.2758143 -0.3349735 0.9231196 -0.188794 0.5875941 -0.07415246 0.805751 0.5870088 -0.06927883 0.8066109 0.5878569 -0.07638061 0.8053511 0.5869968 -0.06918025 0.8066281 -0.5563638 -0.8060541 -0.2018319 -0.2624118 -0.9259103 -0.2717172 -0.8859121 0.1146692 -0.4494561 -0.8867847 0.1061403 -0.4498302 -0.8867919 0.1060668 -0.4498332 -0.8858664 0.1150996 -0.4494364 -6.48783e-6 0 -1 -2.87142e-6 0 -1 7.34114e-6 0 -1 -0.9955099 0.09465795 0 -0.094635 -0.9955121 0 -0.0946356 -0.995512 0 -0.09463536 -0.995512 0 -0.09463471 -0.9955121 0 0.9955096 -0.09466135 0 0.9955097 -0.0946601 0 0.9955096 -0.09466135 0 2.73475e-7 0 1 -2.02679e-6 0 1 0.09464776 0.9955108 0 0.0946477 0.9955109 0 0.0946477 0.9955108 0 -3.50666e-6 0 1 0.9955095 -0.0946626 0 0.09464776 0.9955108 0 0.4786209 -0.8780204 0.001533806 0.4811542 -0.8766344 0.001700699 0.4810529 -0.8766899 0.001694023 -0.9986814 -0.05132424 0.001200795 -0.9986922 -0.05111277 0.001213133 -0.9984151 -0.0562731 9.12288e-4 0.001904189 0.03377765 0.9994277 0.4785194 -0.8780758 0.00152713 -0.9984031 -0.05648452 8.9996e-4 0.4959817 0.8683293 -0.00256443 0.4962421 0.8681805 -0.002544999 0.4962536 0.868174 -0.002544105 0.4959702 0.8683359 -0.002565324 -0.00190705 -0.03377884 -0.9994276 0.4797556 -0.8767167 0.03467774 0.4808372 -0.876061 0.03623247 0.4793536 -0.8769592 0.03410065 -0.9982867 -0.05423235 0.02197039 -0.9983589 -0.05109763 0.02585703 -0.9983097 -0.05334275 0.02307361 8.9879e-5 0.001586318 0.9999988 0.4782676 -0.8776111 0.03254324 -0.9982196 -0.05647659 0.01918643 0.49541 0.8669576 -0.0543456 0.4953504 0.8669859 -0.05443739 0.4955314 0.8668999 -0.05415862 0.4952282 0.8670439 -0.05462527 -9.00664e-5 -0.001585423 -0.9999988 -0.9926612 -0.05970096 0.1051647 -0.9902868 0.1380855 -0.01626688 -0.9980588 -0.06002837 -0.01659363 -0.3525761 0.9231636 0.1531638 -0.3566707 0.9338964 -0.02497172 -0.3566699 0.9338967 -0.02497112 -0.9859927 0.1374896 0.094419 -0.9665977 -0.2557817 -0.01626753 -0.942109 -0.2492949 0.224238 -0.9717876 -0.05844366 0.2285025 -0.9651956 0.1345886 0.2242395 -0.9624075 -0.2546707 0.09441763 -0.2394745 -0.959109 0.1508713 -0.2421787 -0.9699102 -0.02497297 -0.24218 -0.96991 -0.02497279 -0.2393885 -0.9587677 0.1531599 0.3525744 -0.9231645 0.1531628 0.3526989 -0.9234941 0.1508716 0.356676 -0.9338943 -0.02497273 0.336429 -0.8808158 0.3331356 -0.2284175 -0.9147988 0.3331195 -0.2284163 -0.9147986 0.333121 0.3364329 -0.8808138 0.3331367 0.9926614 0.05969989 0.1051638 0.9651961 -0.1345868 0.2242383 0.9859937 -0.1374841 0.09441775 0.9717881 0.05843633 0.2285025 0.9902873 -0.138082 -0.0162661 0.9421116 0.2492836 0.2242394 0.9665991 0.2557767 -0.01626688 0.9980587 0.06002885 -0.0165919 0.9624101 0.2546618 0.09441602 0.356677 -0.9338939 -0.02497297 0.2394686 0.9591097 0.1508749 0.2283903 0.9147965 0.3331447 0.2283925 0.9147964 0.3331434 0.2393841 0.9587682 0.1531632 -0.3364254 0.8808157 0.3331391 -0.3527017 0.9234929 0.1508719 0.2421631 0.9699141 -0.02497464 0.2421625 0.9699142 -0.02497482 -0.3364288 0.8808141 0.3331401 0.008199214 0.9997699 -0.01982474 0.008197724 0.9997699 -0.01982754 0.008206605 0.9997701 -0.01981079 0.1084808 0.2173804 -0.97004 0.1054329 0.3363941 -0.9358008 0.1054341 0.3363944 -0.9358005 -0.9939333 0.005961775 -0.109824 -0.9939357 0.005951821 -0.1098026 -0.9939356 0.005952298 -0.1098034 -0.9939332 0.005961537 -0.1098245 0.1084808 0.2173789 -0.9700404 -0.9939333 0.005963325 -0.1098228 -0.1084993 -0.2173789 0.9700383 -0.1054363 -0.3363934 0.9358006 -0.1084988 -0.2173768 0.9700388 -0.1098045 0.003986597 0.9939453 -0.109804 0.003984391 0.9939454 0.993931 -0.005962014 0.1098444 0.9939309 -0.005961239 0.1098451 0.9939334 -0.005965232 0.109822 -0.1063998 0.2010182 0.973792 0.9939335 -0.005965232 0.1098219 0.9939356 -0.005966782 0.1098026 -0.1063998 0.2010201 0.9737917 0.9939356 -0.005966842 0.1098027 0.9939308 -0.005968034 0.1098455 0.1098036 -0.003982484 -0.9939454 0.1064016 -0.2010241 -0.9737905 0.1064019 -0.2010244 -0.9737905 0.1031014 -0.2971051 -0.9492622 0.1031023 -0.2971051 -0.9492622 -0.9939277 0.005959272 -0.1098746 -0.9939378 0.005972743 -0.1097813 -0.9939379 0.005971729 -0.1097806 -0.008184254 -0.9997705 0.01979905 -0.008184313 -0.9997705 0.01979899 -0.008184492 -0.9997706 0.01979857 -0.9939272 0.005958676 -0.1098777 -0.1030981 0.2971108 0.9492608 -0.1030976 0.2971114 0.9492607 -0.008184075 -0.9997705 0.01979953 0.9939306 -0.005968093 0.109847 0.109804 -0.003980219 -0.9939453 -0.9939333 0.005963385 -0.1098237 -0.1054368 -0.3363938 0.9358003 0.9939307 -0.005974352 0.1098455 0.9939307 -0.005975067 0.1098455 0.008190333 0.9997697 -0.01984149 -0.2966326 -0.9549906 0.001533746 -0.2938793 -0.9558411 0.00170052 -0.2939895 -0.9558072 0.001693844 -0.7324366 0.6808342 0.001200675 -0.7322924 0.6809892 0.001213014 -0.7358008 0.6771976 9.12239e-4 0.02556461 0.02215766 0.9994277 -0.2967428 -0.9549562 0.00152707 -0.735944 0.6770418 8.99914e-4 0.9685171 0.2489344 -0.002564847 0.9685934 0.2486369 -0.00254476 0.9685969 0.2486238 -0.002543926 0.9685137 0.2489476 -0.002565741 -0.0255658 -0.02215975 -0.9994276 -0.2949096 -0.9548957 0.03467929 -0.2936846 -0.9552154 0.036237 -0.295364 -0.9547761 0.03410112 -0.7342444 0.6785297 0.02196896 -0.7320436 0.6807669 0.02585977 -0.7336215 0.6791665 0.02307337 0.001199901 0.001039862 0.9999988 -0.2965895 -0.9544506 0.03254067 -0.7358093 0.6769171 0.01918202 0.9671353 0.2483867 -0.05434501 0.9671146 0.2484475 -0.05443429 0.9671773 0.2482629 -0.05416321 0.9670724 0.248572 -0.05461704 -0.001199305 -0.001039326 -0.9999988 -4.08204e-7 0 -1 -1.80923e-5 0 -1 2.03834e-7 0 -1 -0.962621 -0.02053523 -0.2700725 -0.9637532 0.1352661 -0.2299631 -0.9465122 0.1307722 -0.2949804 -0.9221908 -0.3323404 -0.1977728 -0.1233093 -0.8869717 -0.4450574 -0.130277 -0.8861318 -0.4447452 -0.1306292 -0.8860883 -0.4447289 -0.1232393 -0.8869799 -0.4450605 0.9683355 -0.1299033 -0.2131938 0.8125965 -0.5526592 -0.1850807 0.9280383 -0.274156 -0.2521578 0.0804497 0.5855863 0.8066082 0.08451539 0.5860268 0.8058721 0.0803532 0.5855756 0.8066254 0.08639532 0.5862271 0.805527 0.9671785 0.0125631 -0.2537873 0.9521641 -0.1315649 -0.2758155 0.9293349 0.3173233 -0.1887929 -0.08552688 -0.5860688 0.8057348 -0.08024859 -0.5856922 0.8065513 -0.08780908 -0.5859878 0.8055483 -0.08035439 -0.5855709 0.8066287 -0.7953045 0.5716246 -0.2018321 -0.9207375 0.2800161 -0.2717233 0.1314723 0.8835908 -0.4494245 0.1230089 0.884605 -0.4498254 0.122936 0.8846135 -0.4498287 0.1318992 0.883538 -0.4494034 9.05026e-6 0 -1 0.1136172 0.9935246 0 0.1136163 0.9935247 0 -0.9935266 0.1135995 0 -0.993527 0.113597 0 -0.9935269 0.113598 0 -0.9935266 0.1136005 0 -0.1136066 -0.9935259 0 -0.113607 -0.9935259 0 -3.69973e-7 0 1 -9.45051e-7 0 1 0.9935261 -0.1136051 0 0.9935262 -0.113604 0 0.9935261 -0.1136044 0 -1.31502e-6 0 1 -0.1136061 -0.9935259 0 0.9935261 -0.1136055 0 0.1136181 0.9935246 0 -0.992661 -0.05970543 0.1051645 -0.9902874 0.1380805 -0.016267 -0.9980589 -0.06002646 -0.01659369 -0.3525712 0.9231655 0.1531642 -0.356671 0.9338963 -0.02497285 -0.356671 0.9338963 -0.02497279 -0.9859926 0.1374916 0.09441775 -0.9665992 -0.2557763 -0.01626682 -0.9421051 -0.2493098 0.2242379 -0.9717869 -0.05845338 0.2285028 -0.9651961 0.1345869 0.2242386 -0.9624042 -0.2546826 0.09441888 -0.2394779 -0.9591078 0.150873 -0.2421761 -0.9699109 -0.02497273 -0.2421764 -0.9699108 -0.02497261 -0.2393925 -0.9587663 0.1531614 0.3525713 -0.9231656 0.1531627 0.3526958 -0.9234952 0.1508718 0.3566767 -0.9338941 -0.0249738 0.3364179 -0.8808202 0.3331351 -0.2284151 -0.9147973 0.3331255 -0.228415 -0.914797 0.3331264 0.3364208 -0.8808187 0.333136 0.9926614 0.05970144 0.1051635 0.9651962 -0.1345865 0.2242387 0.9859943 -0.1374797 0.09441643 0.9717875 0.058443 0.2285027 0.9902867 -0.138086 -0.01626825 0.9421093 0.2492933 0.224239 0.9666 0.2557732 -0.01626729 0.9980592 0.06002181 -0.01659363 0.9624093 0.254664 0.09441721 0.3566781 -0.9338936 -0.02497416 0.2394713 0.9591091 0.1508748 0.2283841 0.9148006 0.3331374 0.228388 0.9147999 0.3331372 0.2393873 0.9587672 0.1531637 -0.3363832 0.8808349 0.333131 -0.3526974 0.9234944 0.1508729 0.2421612 0.9699146 -0.0249747 0.24216 0.9699149 -0.02497512 -0.3363803 0.8808363 0.3331305 9.79268e-6 0 -1 -0.9626222 -0.02054572 -0.2700675 -0.9637539 0.135268 -0.2299587 -0.9465156 0.1307643 -0.2949726 -0.9221949 -0.332331 -0.1977693 -0.123327 -0.8869716 -0.4450526 -0.1304112 -0.8861061 -0.4447571 -0.1307693 -0.8860612 -0.4447416 -0.1232559 -0.8869801 -0.4450555 0.9683366 -0.1298949 -0.2131942 0.812598 -0.5526585 -0.1850765 0.9280465 -0.2741271 -0.2521588 0.08045244 0.5855838 0.8066096 0.08459085 0.5860559 0.8058429 0.08035421 0.5855724 0.8066276 0.08650463 0.5862709 0.8054834 0.9671763 0.01259738 -0.2537942 0.9521684 -0.1315218 -0.2758212 0.9293307 0.3173331 -0.1887963 -0.08529186 -0.5861023 0.8057354 -0.08045196 -0.5855858 0.8066083 -0.08750444 -0.5863336 0.8053297 -0.08035409 -0.5855752 0.8066257 -0.7953065 0.5716227 -0.2018296 -0.9207391 0.2800194 -0.2717146 0.1315057 0.8835507 -0.4494937 0.1230079 0.8846081 -0.4498195 0.1229347 0.884617 -0.4498221 0.1319344 0.8834955 -0.4494764 5.39332e-7 0 -1 -2.6973e-7 0 -1 -1.95766e-5 0 -1 0.1136171 0.9935247 0 0.1136171 0.9935247 0 -0.9935268 0.1135984 0 -0.9935268 0.1135978 0 -0.9935268 0.113598 0 -0.9935268 0.1135986 0 -0.1136065 -0.9935259 0 -0.1136069 -0.9935258 0 -0.1136065 -0.9935259 0 7.39945e-7 0 1 1.8901e-6 0 1 0.9935261 -0.1136047 0 0.9935263 -0.1136028 0 0.9935262 -0.1136036 0 2.63004e-6 0 1 -0.113606 -0.9935259 0 -0.9926612 -0.05970215 0.1051638 -0.9902877 0.1380792 -0.01626563 -0.9980585 -0.06003266 -0.01659178 -0.3525691 0.9231659 0.1531657 -0.3566709 0.9338963 -0.02497208 -0.3566715 0.933896 -0.02497231 -0.9859932 0.1374878 0.09441751 -0.9665983 -0.2557797 -0.01626622 -0.9421083 -0.2492979 0.2242379 -0.971787 -0.05845314 0.2285024 -0.9651976 0.1345762 0.2242388 -0.9624081 -0.2546685 0.09441679 -0.2394796 -0.9591073 0.1508728 -0.2421768 -0.9699107 -0.02497392 -0.2421768 -0.9699107 -0.02497404 -0.2393943 -0.9587659 0.1531614 0.3525774 -0.9231632 0.153163 0.3527033 -0.9234923 0.1508717 0.3566728 -0.9338955 -0.02497267 0.3364096 -0.8808272 0.333125 -0.2284177 -0.9147937 0.3331333 -0.2284175 -0.914794 0.3331331 0.3364099 -0.8808274 0.3331239 0.9926612 0.05970257 0.1051638 0.9651945 -0.1345973 0.2242389 0.9859937 -0.1374845 0.09441691 0.9717877 0.05843603 0.2285036 0.9902864 -0.1380878 -0.01626813 0.9421087 0.2492948 0.2242397 0.9665995 0.2557753 -0.01626729 0.9980592 0.06002146 -0.01659357 0.9624072 0.2546718 0.09441703 0.3566722 -0.9338958 -0.02497255 0.2394708 0.9591094 0.1508743 0.2284039 0.9147937 0.3331428 0.2284041 0.9147942 0.3331415 0.2393862 0.9587677 0.1531628 -0.336399 0.8808276 0.3331343 -0.3526945 0.9234953 0.1508745 0.2421628 0.9699141 -0.02497351 0.2421614 0.9699146 -0.02497369 -0.3363989 0.8808277 0.3331344 8.84187e-6 0 -1 4.62271e-6 0 -1 -0.9626233 -0.02054411 -0.2700638 -0.9637544 0.1352689 -0.2299563 -0.9465126 0.1307958 -0.2949685 -0.9221972 -0.3323267 -0.197766 -0.1233212 -0.8869695 -0.4450585 -0.1303538 -0.8861066 -0.444773 -0.1307092 -0.8860618 -0.4447579 -0.1232505 -0.886978 -0.4450613 0.9683353 -0.1299008 -0.2131962 0.8125955 -0.5526603 -0.1850817 0.9280346 -0.2741699 -0.2521564 0.08045333 0.5855836 0.8066097 0.08459579 0.5860896 0.805818 0.08035504 0.5855715 0.8066284 0.08651137 0.5863201 0.8054469 0.9671776 0.01264113 -0.2537871 0.9521702 -0.1315202 -0.2758157 0.9293336 0.3173246 -0.1887965 -0.08529621 -0.5860534 0.8057704 -0.08045339 -0.5855808 0.8066117 -0.08751022 -0.5862648 0.8053792 -0.0803554 -0.5855711 0.8066286 -0.7953106 0.5716168 -0.20183 -0.9207283 0.2800599 -0.2717094 0.1314913 0.8835785 -0.4494431 0.1230317 0.8845979 -0.4498333 0.1229588 0.8846063 -0.4498365 0.1319181 0.8835254 -0.4494226 9.05033e-6 0 -1 0.1136136 0.9935251 0 0.1136136 0.9935251 0 0.1136136 0.993525 0 -0.9935276 0.1135911 0 -0.9935274 0.1135935 0 -0.9935275 0.1135926 0 -0.9935278 0.1135901 0 -0.1136069 -0.9935258 0 0.9935262 -0.1136038 0 0.9935265 -0.1136013 0 0.9935263 -0.1136022 0 -0.1136069 -0.9935259 0 0.9935261 -0.1136047 0 0.1136136 0.993525 0 -0.8869813 -0.461803 0.001533508 -0.8856441 -0.4643617 0.00170052 -0.8856977 -0.4642595 0.001693844 -0.03228199 0.9994781 0.001200854 -0.03207021 0.9994849 0.001213133 -0.03723824 0.9993061 9.12218e-4 0.03373754 -0.002551138 0.9994276 -0.8870347 -0.4617004 0.001526832 -0.03744995 0.9992981 8.99886e-4 0.8587194 -0.5124397 -0.002564489 0.858564 -0.5127 -0.002544641 0.8585573 -0.5127115 -0.002543807 0.8587263 -0.5124282 -0.002565324 -0.0337364 0.002550363 -0.9994276 -0.8857008 -0.4629597 0.03467851 -0.8850653 -0.4640545 0.03623551 -0.8859358 -0.4625528 0.03410053 -0.03519737 0.9991389 0.02196842 -0.03206038 0.9991514 0.02585721 -0.03430706 0.9991451 0.02307224 0.001582443 -1.20893e-4 0.9999988 -0.8865674 -0.4614536 0.03254079 -0.03744357 0.9991146 0.01918292 0.8573608 -0.5118395 -0.05434262 0.8573895 -0.5117816 -0.05443185 0.857302 -0.511957 -0.05416095 0.8574485 -0.5116633 -0.05461442 -0.001582682 1.20778e-4 -0.9999988 0.9240786 0.2881227 -0.2511257 0.9240786 0.288123 -0.2511255 0.9240788 0.2881202 -0.2511276 0.9240784 0.2881251 -0.2511239 0.2831132 0.9275025 -0.2441029 0.2831123 0.9275025 -0.2441039 0.2831133 0.9275025 -0.2441027 0.2831143 0.9275025 -0.2441015 0.908132 -0.3350102 -0.2511262 0.9081319 -0.3350117 -0.2511246 0.9081321 -0.33501 -0.2511264 0.7980518 -0.2944021 0.5257763 0.7980518 -0.2944018 0.5257765 0.7980517 -0.2944033 0.5257759 0.8120648 0.2531976 0.5257773 0.812065 0.2531979 0.5257769 0.8120656 0.2531992 0.5257754 0.8120641 0.2531957 0.5257795 0.7980519 -0.2944003 0.5257772 0.9081323 -0.3350082 -0.2511282 0.8626335 0.2689642 -0.4283944 0.8626337 0.2689654 -0.4283933 0.8626334 0.2689636 -0.428395 0.02308708 0.9021502 -0.4308041 0.2652289 0.8689147 -0.4179006 0.2652291 0.8689145 -0.4179012 0.02171891 0.8487212 0.5283945 0.2503715 0.8202397 0.5143159 0.250371 0.8202394 0.514317 0.02171921 0.8487215 0.5283941 0.02308613 0.9021502 -0.430804 0.8626331 0.2689621 -0.4283964 -1.52139e-7 0 1 4.13584e-7 0 1 0 0 1 0.8477493 -0.3127327 -0.4283918 0.8477498 -0.3127324 -0.428391 0.8477495 -0.3127326 -0.4283916 2.17104e-7 0 1 0.8477489 -0.312733 -0.4283925 -2.21543e-7 0 1 -1.43805e-7 0 1 0 0 1 -2.95391e-7 0 1 0 0 1 -0.02308642 -0.9021537 -0.4307966 -0.2652316 -0.8689184 -0.4178913 -0.2652314 -0.8689178 -0.4178927 -0.8626349 -0.2689639 -0.4283917 -0.8626345 -0.2689629 -0.4283931 -0.8626351 -0.2689645 -0.428391 -0.8120652 -0.2531977 0.5257766 -0.8120651 -0.2531977 0.5257768 -0.02171909 -0.8487223 0.5283926 -0.2503733 -0.8202411 0.5143132 -0.2503733 -0.8202415 0.5143126 -0.02171927 -0.8487222 0.528393 -0.02308619 -0.902153 -0.430798 -0.8120654 -0.2531977 0.5257763 -0.8626356 -0.2689657 -0.4283891 -0.9081324 0.3350104 -0.2511248 -0.9081321 0.3350109 -0.2511252 -0.9081324 0.3350104 -0.2511248 -0.7980521 0.2944008 0.5257767 -0.798052 0.2944006 0.5257769 -0.7980526 0.2944017 0.5257754 -0.9240791 -0.2881214 -0.2511254 -0.9240789 -0.2881223 -0.2511249 -0.9240791 -0.2881215 -0.2511253 -0.7980512 0.2943996 0.5257787 -0.9240792 -0.2881205 -0.2511258 -0.9081327 0.3350098 -0.2511245 -0.2831125 -0.9275026 -0.2441032 -0.2831137 -0.9275027 -0.2441014 -0.2831123 -0.9275025 -0.2441034 -0.2831109 -0.9275025 -0.2441055 0.2353043 -0.9407683 -0.2441047 0.2353043 -0.9407682 -0.2441047 0.2353044 -0.9407683 -0.2441047 -0.2080914 0.831973 0.5143141 -0.208092 0.8319731 0.5143136 -0.2204393 0.8813434 -0.4179 -0.2204394 0.881343 -0.4179007 -0.8477487 0.3127329 -0.4283927 -0.8477491 0.312734 -0.4283913 -0.8477489 0.3127333 -0.4283923 -0.8477484 0.3127321 -0.4283939 -0.2353044 0.9407694 -0.2441002 -0.2353041 0.9407693 -0.2441005 -0.2353044 0.9407694 -0.2441002 -0.2353047 0.9407694 -0.2440997 0.2353043 -0.9407682 -0.2441047 0.2080925 -0.8319734 0.5143132 0.2080928 -0.8319732 0.5143132 0.2204416 -0.8813464 -0.4178923 0.2204415 -0.8813469 -0.4178915 0.9240788 0.2881224 -0.2511255 0.9240788 0.2881225 -0.2511253 0.9240787 0.2881213 -0.251127 0.9240788 0.2881235 -0.251124 0.2831125 0.9275027 -0.2441027 0.2831113 0.927503 -0.244103 0.2831127 0.9275026 -0.2441027 0.283114 0.9275023 -0.2441024 0.9081324 -0.3350095 -0.2511258 0.9081317 -0.3350126 -0.2511242 0.9081326 -0.3350091 -0.2511261 0.7980518 -0.2944015 0.5257767 0.798052 -0.2944012 0.5257768 0.7980515 -0.2944032 0.5257762 0.812065 0.2531964 0.5257777 0.8120651 0.2531967 0.5257773 0.8120658 0.2531983 0.5257755 0.8120641 0.2531942 0.5257803 0.7980523 -0.2943989 0.5257775 0.9081333 -0.3350055 -0.251128 0.8626334 0.2689643 -0.4283946 0.8626337 0.2689664 -0.4283927 0.8626332 0.2689633 -0.4283955 0.02308726 0.9021494 -0.4308056 0.2652311 0.8689127 -0.4179033 0.2652302 0.8689134 -0.4179024 0.02171844 0.8487213 0.5283942 0.2503713 0.8202404 0.5143153 0.2503706 0.8202393 0.5143173 0.02171939 0.8487222 0.528393 0.02308577 0.9021499 -0.430805 0.8626329 0.2689607 -0.4283977 -1.52139e-7 0 1 4.13584e-7 0 1 0 0 1 0.8477485 -0.3127332 -0.428393 0.847749 -0.3127321 -0.4283927 0.8477487 -0.3127328 -0.428393 0 0 1 0.8477479 -0.312734 -0.4283933 0 0 1 1.43805e-7 0 1 -1.8966e-7 0 1 -2.9539e-7 0 1 -1.84793e-7 0 1 -0.0230866 -0.9021542 -0.4307957 -0.2652321 -0.8689181 -0.4178916 -0.2652319 -0.8689177 -0.4178924 -0.8626356 -0.2689644 -0.42839 -0.8626354 -0.2689628 -0.4283915 -0.8626359 -0.2689652 -0.4283893 -0.8120661 -0.253198 0.525775 -0.8120661 -0.253198 0.5257751 -0.8120659 -0.253198 0.5257754 -0.02171915 -0.8487225 0.5283923 -0.2503735 -0.8202414 0.5143123 -0.2503736 -0.8202415 0.5143122 -0.02171963 -0.8487225 0.5283923 -0.0230866 -0.9021539 -0.4307963 -0.8120664 -0.253198 0.5257746 -0.8626362 -0.2689672 -0.4283873 -0.908133 0.3350088 -0.2511245 -0.9081328 0.3350094 -0.2511245 -0.9081331 0.3350087 -0.2511245 -0.7980525 0.294401 0.5257759 -0.7980526 0.2944009 0.525776 -0.9240788 -0.2881222 -0.2511256 -0.924079 -0.2881222 -0.2511249 -0.9240788 -0.2881222 -0.2511255 -0.7980523 0.2944 0.5257767 -0.9240787 -0.2881222 -0.2511264 -0.9081334 0.335008 -0.2511246 -0.2831141 -0.9275016 -0.2441048 -0.2831148 -0.9275017 -0.2441041 -0.283114 -0.9275017 -0.2441049 -0.2831133 -0.9275017 -0.2441056 0.2353038 -0.9407685 -0.2441041 0.2353038 -0.9407685 -0.244104 0.2353033 -0.9407685 -0.2441045 -0.2080915 0.8319729 0.5143141 -0.2080922 0.8319728 0.514314 -0.220439 0.8813425 -0.4179023 -0.2204387 0.8813424 -0.4179025 -0.8477495 0.3127338 -0.4283906 -0.8477489 0.3127334 -0.4283922 -0.8477493 0.3127337 -0.4283912 -0.8477501 0.3127341 -0.4283894 -0.2353035 0.9407694 -0.2441008 -0.2353039 0.9407695 -0.2441003 -0.2353035 0.9407694 -0.2441008 -0.2353031 0.9407694 -0.2441014 0.2353041 -0.9407685 -0.2441036 0.2080923 -0.8319733 0.5143131 0.2204413 -0.8813471 -0.4178913 0.2204412 -0.8813471 -0.417891 3.77355e-5 -9.42863e-4 0.9999997 3.76257e-5 -9.4255e-4 0.9999997 3.84354e-5 -9.43372e-4 0.9999996 0.9257951 0.3094047 -0.2171916 0.9417425 0.314638 -0.1188447 0.9417427 0.3146372 -0.1188453 3.79107e-5 -9.44174e-4 0.9999997 0.2496692 0.939024 -0.2364307 0.2549104 0.9586107 -0.1268318 0.2549102 0.9586108 -0.1268315 0.2498378 0.9396542 -0.2337331 0.240303 0.9039325 -0.3537805 -0.3307374 0.9351617 -0.1268287 -0.3307383 0.935161 -0.1268313 -0.3239471 0.9160566 -0.2364293 -0.3241658 0.9166713 -0.2337313 -0.3118059 0.8818252 -0.3537817 -0.9638845 0.2383341 -0.118843 -0.9638845 0.2383341 -0.1188426 -0.9475693 0.2343932 -0.2171923 3.71562e-5 -9.4345e-4 0.9999996 3.76579e-5 -9.4255e-4 0.9999997 -0.9258123 -0.3089931 -0.2177038 -0.9417527 -0.3144107 -0.1193643 -0.9246421 -0.3085953 -0.2231724 -0.9463714 0.2341024 -0.2226595 3.7575e-5 -9.4241e-4 0.9999996 -0.9417521 -0.3144131 -0.1193622 -0.8943396 -0.2983697 -0.3333649 -0.2496845 -0.9385774 -0.2381812 -0.2549175 -0.9583709 -0.1286168 -0.2498518 -0.9392135 -0.2354829 -0.2403259 -0.9032649 -0.3554658 -0.2403264 -0.9032647 -0.3554664 0.3241481 -0.9162293 -0.2354825 0.32393 -0.9156088 -0.2381808 0.3117784 -0.8811577 -0.355465 0.311779 -0.8811581 -0.3554636 0.3307287 -0.9349206 -0.1286163 0.9638752 -0.2381099 -0.1193673 0.9638747 -0.2381129 -0.1193642 0.9475528 -0.2339844 -0.2177041 0.9463546 -0.2336807 -0.2231732 0.9153324 -0.2259109 -0.3333629 0.9246245 0.3090179 -0.22266 0.8943145 0.2989996 -0.3328676 0.9153327 -0.2259092 -0.3333635 0.8943146 0.2989982 -0.3328686 0.2403036 0.9039319 -0.3537814 3.78291e-5 -9.42398e-4 0.9999996 3.77768e-5 -9.42274e-4 0.9999997 0.3307299 -0.9349198 -0.1286184 -0.2549196 -0.95837 -0.12862 -0.8943398 -0.2983692 -0.333365 -0.9153565 0.2265396 -0.3328697 -0.9153572 0.2265401 -0.3328679 -0.311808 0.8818233 -0.3537847 3.77736e-5 -9.42863e-4 0.9999997 3.80288e-5 -9.4255e-4 0.9999997 3.86776e-5 -9.43372e-4 0.9999996 0.9257954 0.309404 -0.2171918 0.9417431 0.3146364 -0.1188443 0.9417431 0.3146361 -0.1188451 3.77767e-5 -9.44174e-4 0.9999997 0.2496687 0.9390242 -0.2364304 0.2549096 0.958611 -0.1268314 0.2549094 0.958611 -0.1268315 0.2498373 0.9396542 -0.2337335 0.240303 0.9039323 -0.3537809 -0.3307373 0.9351615 -0.1268304 -0.330739 0.9351607 -0.1268315 -0.3239469 0.9160566 -0.2364292 -0.3241653 0.9166712 -0.2337327 -0.3118057 0.8818253 -0.3537814 -0.9638851 0.2383329 -0.1188403 -0.9638851 0.2383335 -0.1188394 -0.9475696 0.2343924 -0.2171916 3.70141e-5 -9.43449e-4 0.9999996 3.75129e-5 -9.4255e-4 0.9999997 -0.9258121 -0.308994 -0.2177034 -0.9417526 -0.3144118 -0.1193624 -0.9246417 -0.3085975 -0.2231711 -0.9463715 0.2341017 -0.2226598 3.77231e-5 -9.42411e-4 0.9999996 -0.9417526 -0.3144116 -0.1193627 -0.8943388 -0.2983713 -0.3333657 -0.2496882 -0.9385764 -0.2381811 -0.2549207 -0.9583702 -0.128616 -0.2498563 -0.9392119 -0.2354844 -0.2403294 -0.9032639 -0.3554661 -0.2403275 -0.9032655 -0.3554632 0.3241488 -0.9162289 -0.2354831 0.3239308 -0.9156085 -0.2381804 0.3117789 -0.8811569 -0.3554669 0.3117783 -0.8811566 -0.3554678 0.3307293 -0.9349206 -0.1286155 0.9638752 -0.2381093 -0.119367 0.9638749 -0.2381121 -0.1193642 0.9475528 -0.2339836 -0.2177048 0.9463544 -0.233681 -0.2231737 0.9153317 -0.2259115 -0.3333645 0.9246246 0.3090177 -0.22266 0.8943144 0.299 -0.3328679 0.9153313 -0.2259122 -0.3333653 0.8943144 0.2989994 -0.3328682 0.2403042 0.9039314 -0.3537825 3.76811e-5 -9.42398e-4 0.9999996 3.77768e-5 -9.42274e-4 0.9999997 0.3307299 -0.93492 -0.1286174 -0.2549197 -0.9583707 -0.1286141 -0.8943387 -0.29837 -0.3333674 -0.9153556 0.2265394 -0.3328725 -0.9153555 0.2265411 -0.3328719 -0.311808 0.8818226 -0.3537862 3.77749e-5 -9.42863e-4 0.9999997 3.78837e-5 -9.4255e-4 0.9999997 3.85776e-5 -9.43373e-4 0.9999996 0.9257951 0.309405 -0.2171913 0.9417424 0.3146386 -0.1188438 0.9417428 0.3146369 -0.118845 3.79108e-5 -9.44175e-4 0.9999997 0.2496685 0.939024 -0.236431 0.2549084 0.9586116 -0.1268289 0.2549092 0.9586113 -0.1268301 0.2498369 0.9396544 -0.2337335 0.2403015 0.9039323 -0.3537817 -0.3307364 0.9351623 -0.1268264 -0.3307375 0.9351616 -0.1268292 -0.3239461 0.9160567 -0.2364299 -0.3241645 0.9166718 -0.2337311 -0.3118042 0.8818248 -0.353784 -0.963885 0.2383329 -0.1188408 -0.9638853 0.2383339 -0.1188364 -0.9475697 0.234392 -0.2171911 3.77788e-5 -9.42551e-4 0.9999997 -0.9258112 -0.3089953 -0.2177053 -0.9417519 -0.3144124 -0.1193665 -0.9246414 -0.3085973 -0.2231727 -0.9463716 0.2341009 -0.2226604 3.76886e-5 -9.42412e-4 0.9999996 -0.9417511 -0.3144149 -0.1193653 -0.894339 -0.2983724 -0.3333644 -0.2496854 -0.9385772 -0.2381811 -0.2549185 -0.9583708 -0.1286163 -0.2498531 -0.9392132 -0.2354828 -0.2403272 -0.9032645 -0.3554662 -0.2403279 -0.9032642 -0.3554663 0.3241469 -0.9162293 -0.2354841 0.3239288 -0.9156089 -0.2381817 0.3117762 -0.881159 -0.3554638 0.3117747 -0.8811604 -0.3554615 0.3307277 -0.9349206 -0.1286189 0.9638752 -0.2381094 -0.1193679 0.9638745 -0.2381133 -0.1193656 0.9475529 -0.2339839 -0.2177041 0.9463546 -0.2336807 -0.2231733 0.9153324 -0.2259117 -0.3333626 0.9246243 0.3090184 -0.22266 0.8943139 0.2990013 -0.3328677 0.9153315 -0.2259123 -0.3333647 0.8943136 0.2990013 -0.3328688 0.2403004 0.903933 -0.3537807 3.77871e-5 -9.42398e-4 0.9999996 3.75089e-5 -9.42275e-4 0.9999997 0.3307273 -0.9349207 -0.1286189 -0.25492 -0.9583699 -0.1286192 -0.8943396 -0.2983713 -0.3333636 -0.9153564 0.2265384 -0.3328712 -0.9153571 0.2265396 -0.3328683 -0.311806 0.8818236 -0.3537854 3.78357e-5 -9.42863e-4 0.9999997 3.80289e-5 -9.42549e-4 0.9999997 3.88198e-5 -9.43374e-4 0.9999996 0.9257954 0.3094036 -0.2171915 0.941743 0.3146353 -0.1188477 0.941743 0.3146356 -0.1188468 3.77768e-5 -9.44175e-4 0.9999997 0.2496683 0.9390241 -0.2364307 0.2549074 0.958612 -0.1268274 0.2549089 0.9586113 -0.1268306 0.2498372 0.939654 -0.2337342 0.2403019 0.9039324 -0.3537812 -0.3307377 0.9351612 -0.1268311 -0.330738 0.9351614 -0.1268291 -0.323948 0.9160557 -0.2364309 -0.3241662 0.9166703 -0.2337346 -0.3118061 0.8818249 -0.3537825 -0.9638845 0.2383336 -0.1188437 -0.9638842 0.2383358 -0.1188418 -0.9475688 0.2343944 -0.2171928 3.68719e-5 -9.4345e-4 0.9999996 3.75127e-5 -9.42551e-4 0.9999997 -0.9258118 -0.3089944 -0.2177038 -0.9417521 -0.3144124 -0.1193647 -0.9246412 -0.3085972 -0.2231737 -0.9463708 0.2341024 -0.2226617 3.7723e-5 -9.42411e-4 0.9999996 -0.9417518 -0.3144147 -0.1193609 -0.8943387 -0.2983716 -0.3333659 -0.2496865 -0.9385769 -0.2381802 -0.2549194 -0.9583707 -0.1286148 -0.2498545 -0.9392125 -0.235484 -0.2403277 -0.9032639 -0.3554672 -0.2403266 -0.9032644 -0.3554669 0.3241484 -0.9162287 -0.2354844 0.3239302 -0.9156087 -0.2381806 0.3117778 -0.881158 -0.3554648 0.3117766 -0.8811589 -0.3554637 0.330729 -0.9349203 -0.1286175 0.9638755 -0.2381089 -0.1193665 0.9638757 -0.2381101 -0.1193616 0.9475532 -0.2339831 -0.2177035 0.9463546 -0.2336812 -0.2231727 0.9153327 -0.2259114 -0.3333618 0.9246247 0.3090183 -0.2226586 0.8943151 0.2990012 -0.3328645 0.9153333 -0.2259116 -0.3333601 0.894315 0.2990018 -0.3328644 0.2403013 0.9039331 -0.3537801 3.79655e-5 -9.42398e-4 0.9999996 3.80448e-5 -9.42275e-4 0.9999997 0.3307287 -0.9349206 -0.128616 -0.2549191 -0.9583709 -0.1286138 -0.894338 -0.2983721 -0.3333672 -0.9153552 0.2265418 -0.332872 -0.915355 0.2265423 -0.3328723 -0.3118062 0.8818243 -0.3537838 3.76423e-5 -9.42863e-4 0.9999997 3.7666e-5 -9.4255e-4 0.9999997 3.85775e-5 -9.43371e-4 0.9999996 0.9257954 0.3094034 -0.2171926 0.9417428 0.3146363 -0.1188469 0.941743 0.3146356 -0.1188473 3.77767e-5 -9.44173e-4 0.9999997 0.2496682 0.9390241 -0.2364312 0.2549077 0.9586117 -0.1268296 0.2549089 0.9586113 -0.1268303 0.2498371 0.9396544 -0.2337331 0.2403019 0.9039323 -0.3537816 -0.3307365 0.9351621 -0.1268274 -0.3307371 0.9351618 -0.1268284 -0.3239461 0.9160567 -0.2364298 -0.3241647 0.9166715 -0.2337324 -0.3118042 0.8818249 -0.353784 -0.9638845 0.2383342 -0.1188423 -0.9638844 0.238336 -0.1188397 -0.947569 0.2343936 -0.2171926 3.68719e-5 -9.4345e-4 0.9999996 3.76176e-5 -9.4255e-4 0.9999997 -0.9258117 -0.3089948 -0.2177038 -0.9417521 -0.3144124 -0.1193642 -0.9246414 -0.3085972 -0.2231725 -0.9463711 0.2341019 -0.2226614 3.7253e-5 -9.42411e-4 0.9999996 -0.9417517 -0.3144146 -0.1193621 -0.8943388 -0.2983716 -0.3333655 -0.249685 -0.9385775 -0.2381804 -0.2549178 -0.9583709 -0.1286166 -0.2498524 -0.9392133 -0.2354827 -0.2403267 -0.9032649 -0.3554652 -0.240327 -0.9032646 -0.3554658 0.3241474 -0.916229 -0.2354845 0.323929 -0.915609 -0.2381815 0.3117783 -0.8811579 -0.3554645 0.3117789 -0.8811575 -0.3554652 0.3307275 -0.9349205 -0.1286198 0.9638752 -0.2381089 -0.1193682 0.963875 -0.2381098 -0.1193678 0.9475528 -0.2339836 -0.2177051 0.9463546 -0.2336819 -0.2231721 0.9153324 -0.2259126 -0.3333618 0.9246246 0.3090177 -0.2226601 0.8943148 0.2990005 -0.3328661 0.9153327 -0.2259126 -0.3333612 0.8943148 0.2990018 -0.3328651 0.2403016 0.9039329 -0.3537802 3.7867e-5 -9.42398e-4 0.9999996 3.75089e-5 -9.42276e-4 0.9999997 0.3307281 -0.9349201 -0.1286211 -0.2549196 -0.95837 -0.128619 -0.8943387 -0.298371 -0.3333665 -0.9153556 0.2265395 -0.3328726 -0.9153559 0.2265402 -0.332871 -0.3118053 0.8818235 -0.3537866 3.78809e-5 -9.42863e-4 0.9999997 3.80289e-5 -9.4255e-4 0.9999997 3.86778e-5 -9.43373e-4 0.9999996 0.9257957 0.3094034 -0.2171908 0.9417434 0.3146358 -0.1188433 0.9417435 0.3146359 -0.1188428 3.76428e-5 -9.44175e-4 0.9999997 0.2496681 0.9390243 -0.2364307 0.2549082 0.9586117 -0.126828 0.2549089 0.9586113 -0.1268301 0.2498368 0.9396542 -0.2337339 0.2403016 0.9039324 -0.3537818 -0.330736 0.9351624 -0.1268274 -0.3307365 0.935162 -0.1268287 -0.3239457 0.9160568 -0.2364301 -0.3241644 0.9166716 -0.2337319 -0.3118041 0.881825 -0.3537836 -0.9638851 0.2383329 -0.1188397 -0.9638851 0.2383335 -0.1188393 -0.9475694 0.2343927 -0.2171918 3.71141e-5 -9.4345e-4 0.9999996 3.80288e-5 -9.4255e-4 0.9999997 -0.9258119 -0.3089938 -0.2177049 -0.9417525 -0.3144119 -0.1193624 -0.9246413 -0.308598 -0.2231721 -0.9463717 0.2341017 -0.2226595 3.7681e-5 -9.42411e-4 0.9999996 -0.9417527 -0.3144115 -0.1193624 -0.8943379 -0.2983717 -0.333368 -0.2496858 -0.938577 -0.238181 -0.2549186 -0.9583706 -0.128617 -0.2498538 -0.9392127 -0.2354838 -0.2403278 -0.9032642 -0.3554662 -0.2403279 -0.9032642 -0.3554665 0.3241467 -0.9162295 -0.2354834 0.3239291 -0.9156091 -0.2381809 0.3117769 -0.8811585 -0.3554644 0.3117761 -0.8811592 -0.3554635 0.3307276 -0.9349207 -0.1286177 0.9638757 -0.2381086 -0.1193648 0.9638754 -0.2381103 -0.1193639 0.9475533 -0.233983 -0.217703 0.9463551 -0.2336805 -0.2231713 0.9153326 -0.2259107 -0.3333629 0.9246249 0.3090179 -0.2226586 0.8943142 0.299 -0.332868 0.9153321 -0.2259098 -0.3333643 0.894314 0.2990003 -0.3328683 0.2403015 0.9039325 -0.3537815 3.79654e-5 -9.42398e-4 0.9999996 3.77768e-5 -9.42275e-4 0.9999997 0.3307287 -0.9349203 -0.1286187 -0.2549192 -0.9583703 -0.128618 -0.8943378 -0.2983722 -0.3333677 -0.9153554 0.2265395 -0.3328728 -0.9153558 0.22654 -0.3328714 -0.3118055 0.8818241 -0.3537849 3.77701e-5 -9.42863e-4 0.9999997 3.76418e-5 -9.42551e-4 0.9999997 3.84355e-5 -9.43373e-4 0.9999996 0.9257963 0.3094021 -0.2171904 0.9417428 0.3146393 -0.1188388 0.9417437 0.3146348 -0.1188439 3.76428e-5 -9.44174e-4 0.9999997 0.2496691 0.939024 -0.2364302 0.2549106 0.9586111 -0.1268278 0.2549098 0.9586114 -0.1268271 0.2498369 0.9396549 -0.2337315 0.2403019 0.903932 -0.3537824 -0.3307373 0.9351616 -0.1268295 -0.3307374 0.9351617 -0.1268285 -0.3239471 0.9160563 -0.2364299 -0.3241657 0.9166708 -0.2337337 -0.3118053 0.881825 -0.3537828 -0.9638849 0.2383328 -0.1188418 -0.9638853 0.2383339 -0.1188369 -0.9475696 0.2343928 -0.2171911 3.71141e-5 -9.43449e-4 0.9999996 3.77708e-5 -9.42548e-4 0.9999997 -0.9258111 -0.3089953 -0.2177054 -0.9417514 -0.3144137 -0.119366 -0.9246411 -0.308598 -0.223173 -0.9463716 0.2341001 -0.2226613 3.77231e-5 -9.42411e-4 0.9999996 -0.9417513 -0.3144142 -0.119366 -0.8943389 -0.2983709 -0.3333659 -0.2496857 -0.938577 -0.2381815 -0.2549183 -0.9583706 -0.1286178 -0.2498544 -0.9392122 -0.2354851 -0.2403277 -0.9032642 -0.3554664 -0.2403267 -0.9032648 -0.3554658 0.324147 -0.9162296 -0.2354827 0.3239293 -0.915609 -0.2381809 0.3117768 -0.8811582 -0.3554654 0.3117758 -0.8811591 -0.3554639 0.3307279 -0.9349209 -0.1286159 0.9638752 -0.2381097 -0.1193675 0.963875 -0.2381115 -0.1193646 0.947553 -0.2339836 -0.2177044 0.9463546 -0.2336812 -0.223173 0.9153325 -0.225911 -0.3333628 0.9246252 0.3090147 -0.2226616 0.8943147 0.2989975 -0.3328689 0.9153324 -0.225911 -0.3333632 0.8943133 0.2990004 -0.3328702 0.2403013 0.9039326 -0.3537812 3.78443e-5 -9.42399e-4 0.9999996 3.80448e-5 -9.42277e-4 0.9999997 0.3307287 -0.9349204 -0.1286175 -0.2549167 -0.9583712 -0.1286169 -0.8943393 -0.2983687 -0.3333671 -0.9153565 0.2265375 -0.3328713 -0.9153575 0.2265351 -0.3328702 -0.3118059 0.8818239 -0.3537852 3.78187e-5 -9.42863e-4 0.9999997 3.80288e-5 -9.42549e-4 0.9999997 3.86777e-5 -9.43372e-4 0.9999996 0.9257952 0.3094043 -0.2171918 0.9417423 0.3146387 -0.1188449 0.9417428 0.3146365 -0.1188465 3.76428e-5 -9.44174e-4 0.9999997 0.2496683 0.939024 -0.2364308 0.2549086 0.9586115 -0.1268291 0.2549091 0.9586111 -0.1268308 0.2498367 0.9396543 -0.2337337 0.2403014 0.9039327 -0.353781 -0.3307368 0.9351618 -0.1268289 -0.3307368 0.9351619 -0.1268286 -0.3239473 0.916056 -0.2364307 -0.3241652 0.9166712 -0.2337328 -0.3118049 0.8818252 -0.3537825 -0.9638848 0.2383341 -0.1188408 -0.9638849 0.2383342 -0.1188399 -0.9475693 0.2343935 -0.2171919 3.71141e-5 -9.43451e-4 0.9999996 3.80287e-5 -9.4255e-4 0.9999997 -0.9258118 -0.3089942 -0.2177047 -0.9417521 -0.3144128 -0.1193631 -0.924641 -0.308599 -0.2231721 -0.9463713 0.2341024 -0.2226603 3.73967e-5 -9.4241e-4 0.9999996 -0.9417522 -0.3144128 -0.1193623 -0.8943379 -0.2983727 -0.3333669 -0.2496858 -0.9385769 -0.2381812 -0.2549186 -0.9583706 -0.1286174 -0.2498531 -0.939213 -0.2354831 -0.2403274 -0.9032648 -0.3554654 -0.2403274 -0.903265 -0.3554648 0.3241473 -0.9162293 -0.2354833 0.3239292 -0.915609 -0.2381813 0.3117771 -0.8811581 -0.3554651 0.3117761 -0.8811594 -0.3554631 0.3307277 -0.9349208 -0.1286169 0.9638752 -0.2381099 -0.1193667 0.9638751 -0.2381117 -0.119364 0.947553 -0.233984 -0.2177037 0.9463549 -0.2336801 -0.2231727 0.9153329 -0.2259094 -0.3333629 0.9246249 0.3090158 -0.2226613 0.8943151 0.2989976 -0.3328679 0.9153332 -0.2259058 -0.3333644 0.8943156 0.2989941 -0.3328698 0.2403006 0.9039331 -0.3537804 3.79654e-5 -9.42398e-4 0.9999996 3.75089e-5 -9.42274e-4 0.9999997 0.3307275 -0.9349207 -0.128618 -0.2549203 -0.9583699 -0.1286194 -0.8943373 -0.298375 -0.3333666 -0.9153555 0.2265396 -0.3328725 -0.9153557 0.2265394 -0.3328721 -0.3118041 0.8818257 -0.3537819 -0.01560539 -0.9984584 0.05326682 0.6368088 -0.7690106 0.05565202 0.08779931 0.9950984 0.04550242 0.2018332 0.9783864 0.04498469 -0.5754046 0.8153652 0.06394869 0.9990031 -0.004853844 0.04437714 -0.9892665 -0.1397921 0.0425449 -0.9963616 -0.0740689 0.04215902 0 0 1 0 0 1 0 0 1 0 0 1 0 0 1 0 0 1 0 0 1 0 0 1 0 0 1 0 0 1 0 0 1 0.001182079 -0.9999994 0 -1 1.94455e-4 0 1 -1.60693e-4 0 0.5883083 -0.1053643 0.8017429 0.5354549 -0.4263142 0.7290708 1 -1.60693e-4 0 -1 1.95253e-4 2.04663e-6 1 -1.60692e-4 0 -0.1808835 0.2658606 -0.9468894 0.5742455 -0.2414469 0.7822696 -1 1.94114e-4 0 -0.1687956 0.2674069 0.9486842 -0.5603556 0.2442655 -0.7914139 -0.5345225 -0.4270792 -0.7293074 0.5345227 0.427079 0.7293072 -0.483024 -0.5755721 -0.659852 0.4830247 0.5755719 0.6598517 0.4847341 -0.5745948 0.6594495 0.1440151 0.2674336 -0.9527534 -0.1808968 0.2658488 -0.9468901 -0.2933234 0.2594302 0.9201399 0.5813408 0.2397877 -0.7775247 -0.5813405 -0.2397875 0.7775251 0.5046653 -0.5675909 -0.6505026 0.1089618 0.1385651 0.9843409 0.1066041 -0.2687667 0.9572879 -0.1066015 0.2687675 -0.9572879 0.5949314 -0.2379863 -0.7677365 0.3033856 0.02081906 -0.9526405 -0.7230722 0.341522 0.6004409 -0.001854598 0.9999983 -1.28494e-7 -0.001854836 0.9999983 0 0.001183032 -0.9999994 0 0.0206837 -0.9997861 -1.67777e-4 0.9999357 -0.01134335 -1.68092e-4 0.02068346 -0.9997861 -1.68033e-4 0.9999357 -0.01134377 -1.67975e-4 -0.2946852 0.6807989 0.6705771 -0.1758119 -0.3062261 -0.9355832 -0.08521175 -0.3099111 -0.9469393 -0.001554369 0.9999988 0 1 2.86834e-4 0 0.002403497 -0.9999971 0 -1 -3.86085e-4 0 -1 -3.45922e-4 0 -0.3987646 0.1092376 0.9105241 -0.3110468 0.6333495 0.7086031 -1 -3.89237e-4 0 1 2.87219e-4 0 1 2.86109e-4 2.04654e-6 0.1195762 -0.3815584 -0.9165778 -0.3892216 0.2438985 0.8882681 0.09301859 -0.4806989 0.8719382 0.3406016 -0.4857636 -0.8049997 0.3053036 0.646489 -0.6991722 -0.3053032 -0.6464892 0.6991723 0.2864077 0.6973195 -0.6570512 -0.2864075 -0.6973195 0.6570512 -0.3997744 -0.6577394 0.6384038 0.3997754 0.6577383 -0.6384043 0.1333841 -8.4289e-4 0.9910641 -0.01838302 -0.007273256 -0.9998046 0.4567292 0.5458384 -0.7024663 -0.4567295 -0.5458381 0.7024663 -0.3719989 0.7340061 0.5682005 0.1517466 -0.3899075 -0.9082649 0.2220982 -0.3846046 -0.8959642 0.002490639 -0.999997 0 0.2606725 0.006658196 -0.9654044 -0.5155961 0.2513114 0.819148 -0.1902679 0.704362 -0.6838657 0.24469 -0.3941008 0.8858959 -0.4839926 -0.4523348 -0.7490957 0.4839925 0.4523341 0.7490962 -0.468558 0.5418686 -0.6977335 -0.0945357 -0.1244251 0.9877153 -0.08903706 0.3827984 0.9195313 0.08903563 -0.3827989 -0.9195314 0.2595381 -0.006500005 0.965711 -0.2595365 0.00650084 -0.9657115 -0.5107007 0.3588848 -0.7812725 -0.2590643 -0.0334739 -0.9652799 0.6030935 -0.5327095 0.5937162 -0.001185417 0.9999994 0 -0.001264691 -0.97211 0.2345224 -9.42504e-6 0.968528 0.248905 -0.9970109 -0.0177989 -0.07518386 -0.9754106 6.75474e-4 0.2203946 9.63579e-4 -0.9720186 0.2349022 0.9714823 2.42604e-4 0.237112 0.997151 -0.01809871 -0.07322776 8.04941e-4 -0.9775984 0.2104777</float_array>
          <technique_common>
            <accessor source="#Cubo_006-mesh-normals-array" count="3491" stride="3">
              <param name="X" type="float"/>
              <param name="Y" type="float"/>
              <param name="Z" type="float"/>
            </accessor>
          </technique_common>
        </source>
        <source id="Cubo_006-mesh-map-0">
          <float_array id="Cubo_006-mesh-map-0-array" count="14178">0.5955225 0.6440326 0.5033574 0.6593242 0.5033574 0.6440326 0.5033574 0.7051987 0.5955225 0.7204899 0.5033574 0.7204899 0.5033574 0.5981582 0.5955225 0.6134497 0.5033574 0.6287412 0.5955225 0.6134497 0.5955225 0.6287412 0.5033574 0.6287412 0.5955225 0.9192795 0.5033574 0.934571 0.5033574 0.9192795 0.5955225 0.8886964 0.5033574 0.903988 0.5033574 0.8886964 0.5955225 0.873405 0.5033574 0.8886964 0.5033574 0.873405 0.5955225 0.9498624 0.5033574 0.934571 0.5955225 0.934571 0.5955225 0.8428221 0.5033574 0.8581135 0.5033574 0.8428221 0.5033574 0.6593242 0.5955225 0.6746156 0.5033574 0.6746156 0.5955225 0.7204899 0.5033574 0.751073 0.5033574 0.7204899 0.5955225 0.5675751 0.5033574 0.5981582 0.5033574 0.5675751 0.5033574 0.903988 0.5955225 0.9192795 0.5033574 0.9192795 0.5033574 0.5369922 0.5955225 0.5579276 0.5033574 0.5579276 0.5955225 0.7607206 0.5033574 0.7703683 0.5033574 0.7607207 0.5955225 0.6746156 0.5033574 0.7051987 0.5033574 0.6746156 0.5955225 0.8581135 0.5033574 0.873405 0.5033574 0.8581135 0.5955225 0.781656 0.5033574 0.812239 0.5033574 0.781656 0.5955225 0.751073 0.5033574 0.7607207 0.5033574 0.751073 0.5955225 0.6287412 0.5033574 0.6440326 0.5033574 0.6287412 0.5033574 0.812239 0.5955225 0.8428221 0.5033574 0.8428221 0.5955225 0.5579276 0.5033574 0.5675751 0.5033574 0.5579276 0.5033574 0.7051987 0.5955225 0.7051987 0.5955225 0.7204899 0.5955225 0.9498624 0.5033574 0.5369922 0.5033574 0.9498624 0.5955225 0.7703682 0.5033574 0.781656 0.5033574 0.7703683 0.5955225 0.781656 0.5955225 0.812239 0.5033574 0.812239 0.5419018 0.4893913 0.6819335 0.7291743 0.40187 0.684924 0.3518501 0.2595746 0.3562248 0.2173755 0.3516494 0.2173755 0.3288505 0.2819098 0.3518501 0.2595746 0.3288505 0.2595705 0.2829725 0.07574838 0.2599599 0.09060579 0.2829725 0.090649 0.2368515 0.2818938 0.2598513 0.2595586 0.2368515 0.2595546 0.2599327 0.132844 0.2829725 0.09064906 0.2829421 0.1328774 0.2829725 0.090649 0.2599326 0.132844 0.2829421 0.1328774 0.328961 0.1329442 0.3059852 0.09069222 0.3059516 0.1329107 0.328961 0.1329442 0.3059852 0.09069222 0.3289979 0.09073543 0.3289979 0.09073543 0.3059852 0.07579159 0.3059852 0.09069222 0.2828509 0.2595626 0.3058506 0.2819058 0.3058506 0.2595666 0.2369471 0.07566195 0.2139345 0.09051936 0.2369471 0.09056264 0.2369232 0.1328105 0.2139345 0.09051936 0.2369472 0.09056264 0.2369232 0.1328105 0.2139345 0.09051936 0.2139137 0.132777 0.2599326 0.132844 0.2369471 0.09056264 0.2369232 0.1328105 0.2599327 0.132844 0.2369472 0.09056264 0.2599599 0.09060579 0.2599599 0.09060579 0.2369471 0.07566195 0.2369471 0.09056264 0.2138517 0.2595505 0.2368515 0.2818938 0.2368515 0.2595546 0.2598513 0.2818979 0.2828509 0.2595626 0.2598513 0.2595586 0.3059516 0.1329107 0.2829725 0.090649 0.2829421 0.1328774 0.3059516 0.1329107 0.2829725 0.09064906 0.3059852 0.09069222 0.3059852 0.07579159 0.2829725 0.090649 0.3059852 0.09069222 0.3520105 0.07587802 0.3289979 0.09073543 0.3520105 0.09077864 0.328961 0.1329442 0.3520105 0.09077864 0.3519705 0.1329776 0.3520105 0.09077864 0.328961 0.1329442 0.3519705 0.1329776 0.3058506 0.2819058 0.3288505 0.2595705 0.3058506 0.2595666 0.3519303 0.1751766 0.3288872 0.2173618 0.3518902 0.2173755 0.3288872 0.2173618 0.3519303 0.1751766 0.3518902 0.2173755 0.2828813 0.2173341 0.305918 0.1751294 0.3058843 0.2173479 0.3059179 0.1751293 0.2828813 0.2173341 0.3058843 0.2173479 0.2368754 0.2173065 0.2599056 0.1750822 0.2598783 0.2173203 0.2599055 0.1750822 0.2368754 0.2173065 0.2598783 0.2173203 0.2368754 0.2173065 0.2138931 0.1750349 0.2138724 0.2172927 0.2368754 0.2173065 0.2138931 0.1750349 0.2368994 0.1750586 0.3288872 0.2173618 0.305918 0.1751294 0.3289241 0.175153 0.3288872 0.2173618 0.3059179 0.1751293 0.3058843 0.2173479 0.2829117 0.1751057 0.2598783 0.2173203 0.2828813 0.2173341 0.2598783 0.2173203 0.2829117 0.1751057 0.2828813 0.2173341 0.3519303 0.1751766 0.328961 0.1329442 0.3289241 0.175153 0.3519303 0.1751766 0.328961 0.1329442 0.3519705 0.1329776 0.2829117 0.1751057 0.3059516 0.1329107 0.305918 0.1751294 0.3059516 0.1329107 0.2829117 0.1751057 0.3059179 0.1751293 0.2599056 0.1750822 0.2369232 0.1328105 0.2599327 0.132844 0.2599055 0.1750822 0.2369232 0.1328105 0.2368994 0.1750586 0.2369232 0.1328105 0.2138931 0.1750349 0.2368994 0.1750586 0.2138931 0.1750349 0.2369232 0.1328105 0.2368994 0.1750586 0.305918 0.1751294 0.328961 0.1329442 0.3289241 0.175153 0.328961 0.1329442 0.3059179 0.1751293 0.3289241 0.175153 0.2829421 0.1328774 0.2599055 0.1750822 0.2829117 0.1751057 0.2599056 0.1750822 0.2829421 0.1328774 0.2829117 0.1751057 0.2598513 0.2595586 0.2828813 0.2173341 0.2828509 0.2595626 0.2828813 0.2173341 0.2598513 0.2595586 0.2828509 0.2595626 0.3288872 0.2173618 0.3058506 0.2595666 0.3288505 0.2595705 0.3058506 0.2595666 0.3288872 0.2173618 0.3288505 0.2595705 0.2368515 0.2595546 0.2138724 0.2172927 0.2368754 0.2173065 0.2368515 0.2595546 0.2138724 0.2172927 0.2138517 0.2595505 0.2598513 0.2595586 0.2368754 0.2173065 0.2368515 0.2595546 0.2598513 0.2595586 0.2368754 0.2173065 0.2598783 0.2173203 0.3058843 0.2173479 0.2828509 0.2595626 0.3058506 0.2595666 0.2828509 0.2595626 0.3058843 0.2173479 0.3058506 0.2595666 0.3518501 0.2595746 0.3288872 0.2173618 0.3518902 0.2173755 0.3518501 0.2595746 0.3288872 0.2173618 0.3288505 0.2595705 0.2138931 0.1750349 0.2139137 0.132777 0.2139137 0.132777 0.2139345 0.09051936 0.2139137 0.132777 0.2139137 0.132777 0.3519303 0.1751475 0.3562248 0.2173755 0.3562648 0.1752056 0.3563051 0.1329776 0.3519303 0.1751475 0.3562648 0.1752056 0.3563051 0.1329776 0.3520105 0.09077864 0.3517297 0.1329776 0.2138724 0.2172927 0.2138931 0.1750349 0.2138724 0.2172927 0.2138517 0.2595505 0.2138724 0.2172927 0.2138517 0.2595505 0.3955126 0.1655761 0.6081774 0.1727092 0.3955126 0.1727092 0.3955126 0.1814715 0.6081774 0.1886046 0.3955126 0.1886046 0.3955126 0.1655761 0.6081774 0.1655761 0.6081774 0.1727092 0.7356958 0.6351386 0.7372928 0.6469383 0.7265309 0.6469383 0.3955126 0.1727092 0.6081774 0.1727092 0.6081774 0.1798424 0.7265309 0.6469383 0.7372928 0.6469383 0.7356958 0.658738 0.7356958 0.6351386 0.7265309 0.6469383 0.7265309 0.6265375 0.7173658 0.6351386 0.7265309 0.6265375 0.7265309 0.6469383 0.7265309 0.6469383 0.7356958 0.658738 0.7265309 0.6673392 0.7265309 0.6469383 0.7265309 0.6673392 0.7173658 0.658738 0.7265309 0.6469383 0.7173658 0.658738 0.7157688 0.6469383 0.7173658 0.6351386 0.7265309 0.6469383 0.7157688 0.6469383 0.6081774 0.1645675 0.3955126 0.1717005 0.3955126 0.1645675 0.6081774 0.1574344 0.6081774 0.1645675 0.3955126 0.1645675 0.6081774 0.1645675 0.6081774 0.1717005 0.3955126 0.1717005 0.6081774 0.1672052 0.3955126 0.1743384 0.3955126 0.1672052 0.6081774 0.1672052 0.6081774 0.1743384 0.3955126 0.1743384 0.6081774 0.1743384 0.3955126 0.1814715 0.3955126 0.1743384 0.6081774 0.1574344 0.3955126 0.1645675 0.3955126 0.1574344 0.3955126 0.1798424 0.6081774 0.1869755 0.3955126 0.1869755 0.3955126 0.1798424 0.6081774 0.1798424 0.6081774 0.1869755 0.3955126 0.1727092 0.6081774 0.1798424 0.3955126 0.1798424 0.6081774 0.1743384 0.6081774 0.1814715 0.3955126 0.1814715 0.3955126 0.1814715 0.6081774 0.1814715 0.6081774 0.1886046 0.3955126 0.1655761 0.6081774 0.1727092 0.3955126 0.1727092 0.3955126 0.1814715 0.6081774 0.1886046 0.3955126 0.1886046 0.3955126 0.1655761 0.6081774 0.1655761 0.6081774 0.1727092 0.7356958 0.6351386 0.7372928 0.6469383 0.7265309 0.6469383 0.3955126 0.1727092 0.6081774 0.1727092 0.6081774 0.1798424 0.7265309 0.6469383 0.7372928 0.6469383 0.7356958 0.658738 0.7356958 0.6351386 0.7265309 0.6469383 0.7265309 0.6265375 0.7173658 0.6351386 0.7265309 0.6265375 0.7265309 0.6469383 0.7265309 0.6469383 0.7356958 0.658738 0.7265309 0.6673392 0.7265309 0.6469383 0.7265309 0.6673392 0.7173658 0.658738 0.7265309 0.6469383 0.7173658 0.658738 0.7157688 0.6469383 0.7173658 0.6351386 0.7265309 0.6469383 0.7157688 0.6469383 0.6081774 0.1645675 0.3955126 0.1717005 0.3955126 0.1645675 0.6081774 0.1574344 0.6081774 0.1645675 0.3955126 0.1645675 0.6081774 0.1645675 0.6081774 0.1717005 0.3955126 0.1717005 0.6081774 0.1672052 0.3955126 0.1743384 0.3955126 0.1672052 0.6081774 0.1672052 0.6081774 0.1743384 0.3955126 0.1743384 0.6081774 0.1743384 0.3955126 0.1814715 0.3955126 0.1743384 0.6081774 0.1574344 0.3955126 0.1645675 0.3955126 0.1574344 0.3955126 0.1798424 0.6081774 0.1869755 0.3955126 0.1869755 0.3955126 0.1798424 0.6081774 0.1798424 0.6081774 0.1869755 0.3955126 0.1727092 0.6081774 0.1798424 0.3955126 0.1798424 0.6081774 0.1743384 0.6081774 0.1814715 0.3955126 0.1814715 0.3955126 0.1814715 0.6081774 0.1814715 0.6081774 0.1886046 0.3955126 0.1655761 0.6081774 0.1727092 0.3955126 0.1727092 0.3955126 0.1814715 0.6081774 0.1886046 0.3955126 0.1886046 0.3955126 0.1655761 0.6081774 0.1655761 0.6081774 0.1727092 0.7356958 0.6351386 0.7372928 0.6469383 0.7265309 0.6469383 0.3955126 0.1727092 0.6081774 0.1727092 0.6081774 0.1798424 0.7265309 0.6469383 0.7372928 0.6469383 0.7356958 0.658738 0.7356958 0.6351386 0.7265309 0.6469383 0.7265309 0.6265375 0.7173658 0.6351386 0.7265309 0.6265375 0.7265309 0.6469383 0.7265309 0.6469383 0.7356958 0.658738 0.7265309 0.6673392 0.7265309 0.6469383 0.7265309 0.6673392 0.7173658 0.658738 0.7265309 0.6469383 0.7173658 0.658738 0.7157688 0.6469383 0.7173658 0.6351386 0.7265309 0.6469383 0.7157688 0.6469383 0.6081774 0.1645675 0.3955126 0.1717005 0.3955126 0.1645675 0.6081774 0.1574344 0.6081774 0.1645675 0.3955126 0.1645675 0.6081774 0.1645675 0.6081774 0.1717005 0.3955126 0.1717005 0.6081774 0.1672052 0.3955126 0.1743384 0.3955126 0.1672052 0.6081774 0.1672052 0.6081774 0.1743384 0.3955126 0.1743384 0.6081774 0.1743384 0.3955126 0.1814715 0.3955126 0.1743384 0.6081774 0.1574344 0.3955126 0.1645675 0.3955126 0.1574344 0.3955126 0.1798424 0.6081774 0.1869755 0.3955126 0.1869755 0.3955126 0.1798424 0.6081774 0.1798424 0.6081774 0.1869755 0.3955126 0.1727092 0.6081774 0.1798424 0.3955126 0.1798424 0.6081774 0.1743384 0.6081774 0.1814715 0.3955126 0.1814715 0.3955126 0.1814715 0.6081774 0.1814715 0.6081774 0.1886046 0.3955126 0.1655761 0.6081774 0.1727092 0.3955126 0.1727092 0.3955126 0.1814715 0.6081774 0.1886046 0.3955126 0.1886046 0.3955126 0.1655761 0.6081774 0.1655761 0.6081774 0.1727092 0.7356958 0.6351386 0.7372928 0.6469383 0.7265309 0.6469383 0.3955126 0.1727092 0.6081774 0.1727092 0.6081774 0.1798424 0.7265309 0.6469383 0.7372928 0.6469383 0.7356958 0.658738 0.7356958 0.6351386 0.7265309 0.6469383 0.7265309 0.6265375 0.7173658 0.6351386 0.7265309 0.6265375 0.7265309 0.6469383 0.7265309 0.6469383 0.7356958 0.658738 0.7265309 0.6673392 0.7265309 0.6469383 0.7265309 0.6673392 0.7173658 0.658738 0.7265309 0.6469383 0.7173658 0.658738 0.7157688 0.6469383 0.7173658 0.6351386 0.7265309 0.6469383 0.7157688 0.6469383 0.6081774 0.1645675 0.3955126 0.1717005 0.3955126 0.1645675 0.6081774 0.1574344 0.6081774 0.1645675 0.3955126 0.1645675 0.6081774 0.1645675 0.6081774 0.1717005 0.3955126 0.1717005 0.6081774 0.1672052 0.3955126 0.1743384 0.3955126 0.1672052 0.6081774 0.1672052 0.6081774 0.1743384 0.3955126 0.1743384 0.6081774 0.1743384 0.3955126 0.1814715 0.3955126 0.1743384 0.6081774 0.1574344 0.3955126 0.1645675 0.3955126 0.1574344 0.3955126 0.1798424 0.6081774 0.1869755 0.3955126 0.1869755 0.3955126 0.1798424 0.6081774 0.1798424 0.6081774 0.1869755 0.3955126 0.1727092 0.6081774 0.1798424 0.3955126 0.1798424 0.6081774 0.1743384 0.6081774 0.1814715 0.3955126 0.1814715 0.3955126 0.1814715 0.6081774 0.1814715 0.6081774 0.1886046 0.3955126 0.1655761 0.6081774 0.1727092 0.3955126 0.1727092 0.3955126 0.1814715 0.6081774 0.1886046 0.3955126 0.1886046 0.3955126 0.1655761 0.6081774 0.1655761 0.6081774 0.1727092 0.7356958 0.6351386 0.7372928 0.6469383 0.7265309 0.6469383 0.3955126 0.1727092 0.6081774 0.1727092 0.6081774 0.1798424 0.7265309 0.6469383 0.7372928 0.6469383 0.7356958 0.658738 0.7356958 0.6351386 0.7265309 0.6469383 0.7265309 0.6265375 0.7173658 0.6351386 0.7265309 0.6265375 0.7265309 0.6469383 0.7265309 0.6469383 0.7356958 0.658738 0.7265309 0.6673392 0.7265309 0.6469383 0.7265309 0.6673392 0.7173658 0.658738 0.7265309 0.6469383 0.7173658 0.658738 0.7157688 0.6469383 0.7173658 0.6351386 0.7265309 0.6469383 0.7157688 0.6469383 0.6081774 0.1645675 0.3955126 0.1717005 0.3955126 0.1645675 0.6081774 0.1574344 0.6081774 0.1645675 0.3955126 0.1645675 0.6081774 0.1645675 0.6081774 0.1717005 0.3955126 0.1717005 0.6081774 0.1672052 0.3955126 0.1743384 0.3955126 0.1672052 0.6081774 0.1672052 0.6081774 0.1743384 0.3955126 0.1743384 0.6081774 0.1743384 0.3955126 0.1814715 0.3955126 0.1743384 0.6081774 0.1574344 0.3955126 0.1645675 0.3955126 0.1574344 0.3955126 0.1798424 0.6081774 0.1869755 0.3955126 0.1869755 0.3955126 0.1798424 0.6081774 0.1798424 0.6081774 0.1869755 0.3955126 0.1727092 0.6081774 0.1798424 0.3955126 0.1798424 0.6081774 0.1743384 0.6081774 0.1814715 0.3955126 0.1814715 0.3955126 0.1814715 0.6081774 0.1814715 0.6081774 0.1886046 0.3955126 0.1655761 0.6081774 0.1727092 0.3955126 0.1727092 0.3955126 0.1814715 0.6081774 0.1886046 0.3955126 0.1886046 0.3955126 0.1655761 0.6081774 0.1655761 0.6081774 0.1727092 0.7356958 0.6351386 0.7372928 0.6469383 0.7265309 0.6469383 0.3955126 0.1727092 0.6081774 0.1727092 0.6081774 0.1798424 0.7265309 0.6469383 0.7372928 0.6469383 0.7356958 0.658738 0.7356958 0.6351386 0.7265309 0.6469383 0.7265309 0.6265375 0.7173658 0.6351386 0.7265309 0.6265375 0.7265309 0.6469383 0.7265309 0.6469383 0.7356958 0.658738 0.7265309 0.6673392 0.7265309 0.6469383 0.7265309 0.6673392 0.7173658 0.658738 0.7265309 0.6469383 0.7173658 0.658738 0.7157688 0.6469383 0.7173658 0.6351386 0.7265309 0.6469383 0.7157688 0.6469383 0.6081774 0.1645675 0.3955126 0.1717005 0.3955126 0.1645675 0.6081774 0.1574344 0.6081774 0.1645675 0.3955126 0.1645675 0.6081774 0.1645675 0.6081774 0.1717005 0.3955126 0.1717005 0.6081774 0.1672052 0.3955126 0.1743384 0.3955126 0.1672052 0.6081774 0.1672052 0.6081774 0.1743384 0.3955126 0.1743384 0.6081774 0.1743384 0.3955126 0.1814715 0.3955126 0.1743384 0.6081774 0.1574344 0.3955126 0.1645675 0.3955126 0.1574344 0.3955126 0.1798424 0.6081774 0.1869755 0.3955126 0.1869755 0.3955126 0.1798424 0.6081774 0.1798424 0.6081774 0.1869755 0.3955126 0.1727092 0.6081774 0.1798424 0.3955126 0.1798424 0.6081774 0.1743384 0.6081774 0.1814715 0.3955126 0.1814715 0.3955126 0.1814715 0.6081774 0.1814715 0.6081774 0.1886046 0.1598247 0.9708495 0.09252631 0.6785666 0.09252631 0.9708429 0.3955126 0.1655761 0.6081774 0.1727092 0.3955126 0.1727092 0.3955126 0.1814715 0.6081774 0.1886046 0.3955126 0.1886046 0.3955126 0.1655761 0.6081774 0.1655761 0.6081774 0.1727092 0.7356958 0.6351386 0.7372928 0.6469383 0.7265309 0.6469383 0.3955126 0.1727092 0.6081774 0.1727092 0.6081774 0.1798424 0.7265309 0.6469383 0.7372928 0.6469383 0.7356958 0.658738 0.7356958 0.6351386 0.7265309 0.6469383 0.7265309 0.6265375 0.7173658 0.6351386 0.7265309 0.6265375 0.7265309 0.6469383 0.7265309 0.6469383 0.7356958 0.658738 0.7265309 0.6673392 0.7265309 0.6469383 0.7265309 0.6673392 0.7173658 0.658738 0.7265309 0.6469383 0.7173658 0.658738 0.7157688 0.6469383 0.7173658 0.6351386 0.7265309 0.6469383 0.7157688 0.6469383 0.6081774 0.1645675 0.3955126 0.1717005 0.3955126 0.1645675 0.6081774 0.1574344 0.6081774 0.1645675 0.3955126 0.1645675 0.6081774 0.1645675 0.6081774 0.1717005 0.3955126 0.1717005 0.6081774 0.1672052 0.3955126 0.1743384 0.3955126 0.1672052 0.6081774 0.1672052 0.6081774 0.1743384 0.3955126 0.1743384 0.6081774 0.1743384 0.3955126 0.1814715 0.3955126 0.1743384 0.6081774 0.1574344 0.3955126 0.1645675 0.3955126 0.1574344 0.3955126 0.1798424 0.6081774 0.1869755 0.3955126 0.1869755 0.3955126 0.1798424 0.6081774 0.1798424 0.6081774 0.1869755 0.3955126 0.1727092 0.6081774 0.1798424 0.3955126 0.1798424 0.6081774 0.1743384 0.6081774 0.1814715 0.3955126 0.1814715 0.3955126 0.1814715 0.6081774 0.1814715 0.6081774 0.1886046 0.3955126 0.1655761 0.6081774 0.1727092 0.3955126 0.1727092 0.3955126 0.1814715 0.6081774 0.1886046 0.3955126 0.1886046 0.3955126 0.1655761 0.6081774 0.1655761 0.6081774 0.1727092 0.7356958 0.6351386 0.7372928 0.6469383 0.7265309 0.6469383 0.3955126 0.1727092 0.6081774 0.1727092 0.6081774 0.1798424 0.7265309 0.6469383 0.7372928 0.6469383 0.7356958 0.658738 0.7356958 0.6351386 0.7265309 0.6469383 0.7265309 0.6265375 0.7173658 0.6351386 0.7265309 0.6265375 0.7265309 0.6469383 0.7265309 0.6469383 0.7356958 0.658738 0.7265309 0.6673392 0.7265309 0.6469383 0.7265309 0.6673392 0.7173658 0.658738 0.7265309 0.6469383 0.7173658 0.658738 0.7157688 0.6469383 0.7173658 0.6351386 0.7265309 0.6469383 0.7157688 0.6469383 0.6081774 0.1645675 0.3955126 0.1717005 0.3955126 0.1645675 0.6081774 0.1574344 0.6081774 0.1645675 0.3955126 0.1645675 0.6081774 0.1645675 0.6081774 0.1717005 0.3955126 0.1717005 0.6081774 0.1672052 0.3955126 0.1743384 0.3955126 0.1672052 0.6081774 0.1672052 0.6081774 0.1743384 0.3955126 0.1743384 0.6081774 0.1743384 0.3955126 0.1814715 0.3955126 0.1743384 0.6081774 0.1574344 0.3955126 0.1645675 0.3955126 0.1574344 0.3955126 0.1798424 0.6081774 0.1869755 0.3955126 0.1869755 0.3955126 0.1798424 0.6081774 0.1798424 0.6081774 0.1869755 0.3955126 0.1727092 0.6081774 0.1798424 0.3955126 0.1798424 0.6081774 0.1743384 0.6081774 0.1814715 0.3955126 0.1814715 0.3955126 0.1814715 0.6081774 0.1814715 0.6081774 0.1886046 0.1598247 0.9708495 0.09252631 0.6785666 0.09252631 0.9708429 0.3955126 0.1655761 0.6081774 0.1727092 0.3955126 0.1727092 0.3955126 0.1814715 0.6081774 0.1886046 0.3955126 0.1886046 0.3955126 0.1655761 0.6081774 0.1655761 0.6081774 0.1727092 0.7356958 0.6351386 0.7372928 0.6469383 0.7265309 0.6469383 0.3955126 0.1727092 0.6081774 0.1727092 0.6081774 0.1798424 0.7265309 0.6469383 0.7372928 0.6469383 0.7356958 0.658738 0.7356958 0.6351386 0.7265309 0.6469383 0.7265309 0.6265375 0.7173658 0.6351386 0.7265309 0.6265375 0.7265309 0.6469383 0.7265309 0.6469383 0.7356958 0.658738 0.7265309 0.6673392 0.7265309 0.6469383 0.7265309 0.6673392 0.7173658 0.658738 0.7265309 0.6469383 0.7173658 0.658738 0.7157688 0.6469383 0.7173658 0.6351386 0.7265309 0.6469383 0.7157688 0.6469383 0.6081774 0.1645675 0.3955126 0.1717005 0.3955126 0.1645675 0.6081774 0.1574344 0.6081774 0.1645675 0.3955126 0.1645675 0.6081774 0.1645675 0.6081774 0.1717005 0.3955126 0.1717005 0.6081774 0.1672052 0.3955126 0.1743384 0.3955126 0.1672052 0.6081774 0.1672052 0.6081774 0.1743384 0.3955126 0.1743384 0.6081774 0.1743384 0.3955126 0.1814715 0.3955126 0.1743384 0.6081774 0.1574344 0.3955126 0.1645675 0.3955126 0.1574344 0.3955126 0.1798424 0.6081774 0.1869755 0.3955126 0.1869755 0.3955126 0.1798424 0.6081774 0.1798424 0.6081774 0.1869755 0.3955126 0.1727092 0.6081774 0.1798424 0.3955126 0.1798424 0.6081774 0.1743384 0.6081774 0.1814715 0.3955126 0.1814715 0.3955126 0.1814715 0.6081774 0.1814715 0.6081774 0.1886046 0.3955126 0.1655761 0.6081774 0.1727092 0.3955126 0.1727092 0.3955126 0.1814715 0.6081774 0.1886046 0.3955126 0.1886046 0.3955126 0.1655761 0.6081774 0.1655761 0.6081774 0.1727092 0.7356958 0.6351386 0.7372928 0.6469383 0.7265309 0.6469383 0.3955126 0.1727092 0.6081774 0.1727092 0.6081774 0.1798424 0.7265309 0.6469383 0.7372928 0.6469383 0.7356958 0.658738 0.7356958 0.6351386 0.7265309 0.6469383 0.7265309 0.6265375 0.7173658 0.6351386 0.7265309 0.6265375 0.7265309 0.6469383 0.7265309 0.6469383 0.7356958 0.658738 0.7265309 0.6673392 0.7265309 0.6469383 0.7265309 0.6673392 0.7173658 0.658738 0.7265309 0.6469383 0.7173658 0.658738 0.7157688 0.6469383 0.7173658 0.6351386 0.7265309 0.6469383 0.7157688 0.6469383 0.6081774 0.1645675 0.3955126 0.1717005 0.3955126 0.1645675 0.6081774 0.1574344 0.6081774 0.1645675 0.3955126 0.1645675 0.6081774 0.1645675 0.6081774 0.1717005 0.3955126 0.1717005 0.6081774 0.1672052 0.3955126 0.1743384 0.3955126 0.1672052 0.6081774 0.1672052 0.6081774 0.1743384 0.3955126 0.1743384 0.6081774 0.1743384 0.3955126 0.1814715 0.3955126 0.1743384 0.6081774 0.1574344 0.3955126 0.1645675 0.3955126 0.1574344 0.3955126 0.1798424 0.6081774 0.1869755 0.3955126 0.1869755 0.3955126 0.1798424 0.6081774 0.1798424 0.6081774 0.1869755 0.3955126 0.1727092 0.6081774 0.1798424 0.3955126 0.1798424 0.6081774 0.1743384 0.6081774 0.1814715 0.3955126 0.1814715 0.3955126 0.1814715 0.6081774 0.1814715 0.6081774 0.1886046 0.1598247 0.9708495 0.09252631 0.6785666 0.09252631 0.9708429 0.3955126 0.1655761 0.6081774 0.1727092 0.3955126 0.1727092 0.3955126 0.1814715 0.6081774 0.1886046 0.3955126 0.1886046 0.3955126 0.1655761 0.6081774 0.1655761 0.6081774 0.1727092 0.7356958 0.6351386 0.7372928 0.6469383 0.7265309 0.6469383 0.3955126 0.1727092 0.6081774 0.1727092 0.6081774 0.1798424 0.7265309 0.6469383 0.7372928 0.6469383 0.7356958 0.658738 0.7356958 0.6351386 0.7265309 0.6469383 0.7265309 0.6265375 0.7173658 0.6351386 0.7265309 0.6265375 0.7265309 0.6469383 0.7265309 0.6469383 0.7356958 0.658738 0.7265309 0.6673392 0.7265309 0.6469383 0.7265309 0.6673392 0.7173658 0.658738 0.7265309 0.6469383 0.7173658 0.658738 0.7157688 0.6469383 0.7173658 0.6351386 0.7265309 0.6469383 0.7157688 0.6469383 0.6081774 0.1645675 0.3955126 0.1717005 0.3955126 0.1645675 0.6081774 0.1574344 0.6081774 0.1645675 0.3955126 0.1645675 0.6081774 0.1645675 0.6081774 0.1717005 0.3955126 0.1717005 0.6081774 0.1672052 0.3955126 0.1743384 0.3955126 0.1672052 0.6081774 0.1672052 0.6081774 0.1743384 0.3955126 0.1743384 0.6081774 0.1743384 0.3955126 0.1814715 0.3955126 0.1743384 0.6081774 0.1574344 0.3955126 0.1645675 0.3955126 0.1574344 0.3955126 0.1798424 0.6081774 0.1869755 0.3955126 0.1869755 0.3955126 0.1798424 0.6081774 0.1798424 0.6081774 0.1869755 0.3955126 0.1727092 0.6081774 0.1798424 0.3955126 0.1798424 0.6081774 0.1743384 0.6081774 0.1814715 0.3955126 0.1814715 0.3955126 0.1814715 0.6081774 0.1814715 0.6081774 0.1886046 0.3955126 0.1655761 0.6081774 0.1727092 0.3955126 0.1727092 0.3955126 0.1814715 0.6081774 0.1886046 0.3955126 0.1886046 0.3955126 0.1655761 0.6081774 0.1655761 0.6081774 0.1727092 0.7356958 0.6351386 0.7372928 0.6469383 0.7265309 0.6469383 0.3955126 0.1727092 0.6081774 0.1727092 0.6081774 0.1798424 0.7265309 0.6469383 0.7372928 0.6469383 0.7356958 0.658738 0.7356958 0.6351386 0.7265309 0.6469383 0.7265309 0.6265375 0.7173658 0.6351386 0.7265309 0.6265375 0.7265309 0.6469383 0.7265309 0.6469383 0.7356958 0.658738 0.7265309 0.6673392 0.7265309 0.6469383 0.7265309 0.6673392 0.7173658 0.658738 0.7265309 0.6469383 0.7173658 0.658738 0.7157688 0.6469383 0.7173658 0.6351386 0.7265309 0.6469383 0.7157688 0.6469383 0.6081774 0.1645675 0.3955126 0.1717005 0.3955126 0.1645675 0.6081774 0.1574344 0.6081774 0.1645675 0.3955126 0.1645675 0.6081774 0.1645675 0.6081774 0.1717005 0.3955126 0.1717005 0.6081774 0.1672052 0.3955126 0.1743384 0.3955126 0.1672052 0.6081774 0.1672052 0.6081774 0.1743384 0.3955126 0.1743384 0.6081774 0.1743384 0.3955126 0.1814715 0.3955126 0.1743384 0.6081774 0.1574344 0.3955126 0.1645675 0.3955126 0.1574344 0.3955126 0.1798424 0.6081774 0.1869755 0.3955126 0.1869755 0.3955126 0.1798424 0.6081774 0.1798424 0.6081774 0.1869755 0.3955126 0.1727092 0.6081774 0.1798424 0.3955126 0.1798424 0.6081774 0.1743384 0.6081774 0.1814715 0.3955126 0.1814715 0.3955126 0.1814715 0.6081774 0.1814715 0.6081774 0.1886046 0.1598247 0.9708495 0.09252631 0.6785666 0.09252631 0.9708429 0.3955126 0.1655761 0.6081774 0.1727092 0.3955126 0.1727092 0.3955126 0.1814715 0.6081774 0.1886046 0.3955126 0.1886046 0.3955126 0.1655761 0.6081774 0.1655761 0.6081774 0.1727092 0.7356958 0.6351386 0.7372928 0.6469383 0.7265309 0.6469383 0.3955126 0.1727092 0.6081774 0.1727092 0.6081774 0.1798424 0.7265309 0.6469383 0.7372928 0.6469383 0.7356958 0.658738 0.7356958 0.6351386 0.7265309 0.6469383 0.7265309 0.6265375 0.7173658 0.6351386 0.7265309 0.6265375 0.7265309 0.6469383 0.7265309 0.6469383 0.7356958 0.658738 0.7265309 0.6673392 0.7265309 0.6469383 0.7265309 0.6673392 0.7173658 0.658738 0.7265309 0.6469383 0.7173658 0.658738 0.7157688 0.6469383 0.7173658 0.6351386 0.7265309 0.6469383 0.7157688 0.6469383 0.6081774 0.1645675 0.3955126 0.1717005 0.3955126 0.1645675 0.6081774 0.1574344 0.6081774 0.1645675 0.3955126 0.1645675 0.6081774 0.1645675 0.6081774 0.1717005 0.3955126 0.1717005 0.6081774 0.1672052 0.3955126 0.1743384 0.3955126 0.1672052 0.6081774 0.1672052 0.6081774 0.1743384 0.3955126 0.1743384 0.6081774 0.1743384 0.3955126 0.1814715 0.3955126 0.1743384 0.6081774 0.1574344 0.3955126 0.1645675 0.3955126 0.1574344 0.3955126 0.1798424 0.6081774 0.1869755 0.3955126 0.1869755 0.3955126 0.1798424 0.6081774 0.1798424 0.6081774 0.1869755 0.3955126 0.1727092 0.6081774 0.1798424 0.3955126 0.1798424 0.6081774 0.1743384 0.6081774 0.1814715 0.3955126 0.1814715 0.3955126 0.1814715 0.6081774 0.1814715 0.6081774 0.1886046 0.3955126 0.1655761 0.6081774 0.1727092 0.3955126 0.1727092 0.3955126 0.1814715 0.6081774 0.1886046 0.3955126 0.1886046 0.3955126 0.1655761 0.6081774 0.1655761 0.6081774 0.1727092 0.7356958 0.6351386 0.7372928 0.6469383 0.7265309 0.6469383 0.3955126 0.1727092 0.6081774 0.1727092 0.6081774 0.1798424 0.7265309 0.6469383 0.7372928 0.6469383 0.7356958 0.658738 0.7356958 0.6351386 0.7265309 0.6469383 0.7265309 0.6265375 0.7173658 0.6351386 0.7265309 0.6265375 0.7265309 0.6469383 0.7265309 0.6469383 0.7356958 0.658738 0.7265309 0.6673392 0.7265309 0.6469383 0.7265309 0.6673392 0.7173658 0.658738 0.7265309 0.6469383 0.7173658 0.658738 0.7157688 0.6469383 0.7173658 0.6351386 0.7265309 0.6469383 0.7157688 0.6469383 0.6081774 0.1645675 0.3955126 0.1717005 0.3955126 0.1645675 0.6081774 0.1574344 0.6081774 0.1645675 0.3955126 0.1645675 0.6081774 0.1645675 0.6081774 0.1717005 0.3955126 0.1717005 0.6081774 0.1672052 0.3955126 0.1743384 0.3955126 0.1672052 0.6081774 0.1672052 0.6081774 0.1743384 0.3955126 0.1743384 0.6081774 0.1743384 0.3955126 0.1814715 0.3955126 0.1743384 0.6081774 0.1574344 0.3955126 0.1645675 0.3955126 0.1574344 0.3955126 0.1798424 0.6081774 0.1869755 0.3955126 0.1869755 0.3955126 0.1798424 0.6081774 0.1798424 0.6081774 0.1869755 0.3955126 0.1727092 0.6081774 0.1798424 0.3955126 0.1798424 0.6081774 0.1743384 0.6081774 0.1814715 0.3955126 0.1814715 0.3955126 0.1814715 0.6081774 0.1814715 0.6081774 0.1886046 0.225564 0.8222628 0.2025687 0.7799521 0.2025545 0.8222294 0.225564 0.8222628 0.2025687 0.7799521 0.2255814 0.7799952 0.3865097 0.9490936 0.3908843 0.9068946 0.3863089 0.9068946 0.36351 0.9714289 0.3865097 0.9490936 0.36351 0.9490896 0.1979389 0.9067842 0.2025119 0.9490616 0.202526 0.9067842 0.2255814 0.7799952 0.2025687 0.7650514 0.2025687 0.7799521 0.317632 0.7652674 0.2946195 0.7801249 0.317632 0.7801681 0.271511 0.9714128 0.2945107 0.9490776 0.271511 0.9490736 0.2945922 0.8223631 0.317632 0.7801681 0.3176016 0.8223965 0.317632 0.7801681 0.2945922 0.8223631 0.3176016 0.8223965 0.3636205 0.8224633 0.3406447 0.7802113 0.3406111 0.8224298 0.3636205 0.8224633 0.3406447 0.7802113 0.3636574 0.7802545 0.3636574 0.7802545 0.3406447 0.7653107 0.3406447 0.7802113 0.3175105 0.9490816 0.3405103 0.9714249 0.3405103 0.9490856 0.2255116 0.9714049 0.2485113 0.9490696 0.2255116 0.9490656 0.2716068 0.765181 0.248594 0.7800385 0.2716068 0.7800816 0.2715828 0.8223296 0.248594 0.7800385 0.2716068 0.7800816 0.2715827 0.8223296 0.248594 0.7800385 0.2485733 0.8222962 0.2945922 0.8223631 0.2716068 0.7800816 0.2715827 0.8223296 0.2945922 0.8223631 0.2716068 0.7800816 0.2946195 0.7801249 0.2946195 0.7801249 0.2716068 0.765181 0.2716068 0.7800816 0.2485113 0.9490696 0.271511 0.9714128 0.271511 0.9490736 0.2945107 0.9714169 0.3175105 0.9490816 0.2945107 0.9490776 0.3406111 0.8224298 0.317632 0.7801681 0.3176016 0.8223965 0.3406111 0.8224298 0.317632 0.7801681 0.3406447 0.7802113 0.3406447 0.7653107 0.317632 0.7801681 0.3406447 0.7802113 0.3866701 0.7653971 0.3636574 0.7802545 0.3866701 0.7802978 0.3636205 0.8224633 0.3866701 0.7802978 0.3866299 0.8224967 0.3866701 0.7802978 0.3636205 0.8224633 0.3866299 0.8224967 0.3405103 0.9714249 0.36351 0.9490896 0.3405103 0.9490856 0.2025119 0.9714008 0.2255116 0.9490656 0.2025119 0.9490616 0.248594 0.7651378 0.2255814 0.7799952 0.248594 0.7800385 0.225564 0.8222628 0.248594 0.7800385 0.2485733 0.8222962 0.248594 0.7800385 0.225564 0.8222628 0.2485733 0.8222962 0.2485526 0.864554 0.225529 0.9067981 0.2485319 0.9068118 0.225529 0.906798 0.2485526 0.864554 0.2485319 0.9068118 0.3865898 0.8646957 0.3635467 0.9068809 0.3865497 0.9068946 0.3635467 0.9068809 0.3865898 0.8646957 0.3865497 0.9068946 0.3175408 0.9068532 0.3405776 0.8646485 0.3405438 0.906867 0.3405774 0.8646484 0.3175408 0.9068532 0.3405438 0.906867 0.2715349 0.9068256 0.2945651 0.8646013 0.2945379 0.9068394 0.2945651 0.8646013 0.2715349 0.9068256 0.2945379 0.9068394 0.2715349 0.9068256 0.2485526 0.864554 0.2485319 0.9068118 0.2715349 0.9068256 0.2485526 0.864554 0.2715589 0.8645777 0.3635467 0.9068809 0.3405776 0.8646485 0.3635836 0.8646721 0.3635467 0.9068809 0.3405774 0.8646484 0.3405438 0.906867 0.3175713 0.8646248 0.2945379 0.9068394 0.3175408 0.9068532 0.2945379 0.9068394 0.3175713 0.8646248 0.3175408 0.9068532 0.1979673 0.8222295 0.2025403 0.8645068 0.2025545 0.8222294 0.225529 0.906798 0.2025403 0.8645068 0.2255465 0.8645304 0.225529 0.9067981 0.2025403 0.8645068 0.202526 0.9067842 0.1979815 0.7799521 0.2025545 0.8222294 0.2025687 0.7799521 0.2485526 0.864554 0.225564 0.8222628 0.2255465 0.8645304 0.2485526 0.864554 0.225564 0.8222628 0.2485733 0.8222962 0.3865898 0.8646957 0.3636205 0.8224633 0.3635836 0.8646721 0.3865898 0.8646957 0.3636205 0.8224633 0.3866299 0.8224967 0.3175713 0.8646248 0.3406111 0.8224298 0.3405776 0.8646485 0.3406111 0.8224298 0.3175713 0.8646248 0.3405774 0.8646484 0.2945651 0.8646013 0.2715828 0.8223296 0.2945922 0.8223631 0.2945651 0.8646013 0.2715827 0.8223296 0.2715589 0.8645777 0.2715827 0.8223296 0.2485526 0.864554 0.2715589 0.8645777 0.2485526 0.864554 0.2715828 0.8223296 0.2715589 0.8645777 0.3405776 0.8646485 0.3636205 0.8224633 0.3635836 0.8646721 0.3636205 0.8224633 0.3405774 0.8646484 0.3635836 0.8646721 0.3176016 0.8223965 0.2945651 0.8646013 0.3175713 0.8646248 0.2945651 0.8646013 0.3176016 0.8223965 0.3175713 0.8646248 0.2025403 0.8645068 0.225564 0.8222628 0.2255465 0.8645304 0.225564 0.8222628 0.2025403 0.8645068 0.2255465 0.8645304 0.225529 0.9067981 0.2025119 0.9490616 0.2255116 0.9490656 0.2025119 0.9490616 0.225529 0.906798 0.2255116 0.9490656 0.2945107 0.9490776 0.3175408 0.9068532 0.3175105 0.9490816 0.3175408 0.9068532 0.2945107 0.9490776 0.3175105 0.9490816 0.3635467 0.9068809 0.3405103 0.9490856 0.36351 0.9490896 0.3405103 0.9490857 0.3635467 0.9068809 0.36351 0.9490896 0.271511 0.9490736 0.2485319 0.9068118 0.2715349 0.9068256 0.271511 0.9490736 0.2485319 0.9068118 0.2485113 0.9490696 0.2945107 0.9490776 0.2715349 0.9068256 0.271511 0.9490736 0.2945107 0.9490776 0.2715349 0.9068256 0.2945379 0.9068394 0.3405438 0.906867 0.3175105 0.9490816 0.3405103 0.9490856 0.3175105 0.9490816 0.3405438 0.906867 0.3405103 0.9490857 0.3865097 0.9490936 0.3635467 0.9068809 0.3865497 0.9068946 0.3865097 0.9490936 0.3635467 0.9068809 0.36351 0.9490896 0.2255116 0.9490656 0.2485319 0.9068118 0.2485113 0.9490696 0.2485319 0.9068118 0.2255116 0.9490656 0.2485113 0.9490696 0.2025403 0.8645068 0.1979389 0.9067842 0.202526 0.9067842 0.3865898 0.8646667 0.3908843 0.9068946 0.3909243 0.8647247 0.3909645 0.8224967 0.3865898 0.8646667 0.3909243 0.8647247 0.3909645 0.8224967 0.3866701 0.7802978 0.3863891 0.8224967 0.02423954 0.2325867 0.07359468 0.06356507 0.0731936 0.2325984 0.02418214 0.06342995 0.07319158 0.2326053 0.02424097 0.2325896 0.02409392 0.232585 0.07368433 0.06360697 0.07283824 0.2325968 0.02411127 0.2325868 0.02416813 0.06347727 0.02411127 0.2325868 0.006105244 0.2325929 0.0735377 0.06360912 0.07313239 0.2325991 0.004667401 0.2325856 0.1210125 0.06358283 0.1203148 0.2325975 0.07372069 0.06376481 0.02424097 0.2325896 0.073394 0.2326181 0.1211036 0.06377232 0.004667401 0.2325856 0.1204877 0.2326194 0.07347482 0.06382298 0.02411127 0.2325868 0.0733143 0.2326189 0.07351589 0.06382048 0.006196439 0.2326025 0.0733146 0.2326186 0.07332777 0.2326186 0.02417081 0.06347501 0.02409392 0.232585 0.07407158 0.2326025 0.006199479 0.06354194 0.006105244 0.2325929 0.02423954 0.2325867 0.02418226 0.06343734 0.02418226 0.06343734 0.4839265 0.1497334 0.3947551 0.1498351 0.3945377 0.1353269 0.3946442 0.134365 0.3947865 0.1489223 0.4839205 0.1499394 0.7166667 0.6253051 0.7405495 0.6452955 0.7178873 0.6689628 0.4839265 0.1497334 0.3945377 0.1353269 0.4837127 0.134943 0.3946442 0.134365 0.4839205 0.1499394 0.4838305 0.1345635 0.3945377 0.1353269 0.4839805 0.1498143 0.4837127 0.134943 0.3945377 0.1353269 0.3948164 0.1493865 0.4839805 0.1498143 0.7179418 0.668712 0.7403325 0.6449785 0.7164987 0.625109 0.4839265 0.1497334 0.3947551 0.1498351 0.3945377 0.1353269 0.3946442 0.134365 0.3947865 0.1489223 0.4839205 0.1499394 0.7166667 0.6253051 0.7405495 0.6452955 0.7178873 0.6689628 0.4839265 0.1497334 0.3945377 0.1353269 0.4837127 0.134943 0.3946442 0.134365 0.4839205 0.1499394 0.4838305 0.1345635 0.3945377 0.1353269 0.4839805 0.1498143 0.4837127 0.134943 0.3945377 0.1353269 0.3948164 0.1493865 0.4839805 0.1498143 0.7179418 0.668712 0.7403325 0.6449785 0.7164987 0.625109 0.4839265 0.1497334 0.3947551 0.1498351 0.3945377 0.1353269 0.3946442 0.134365 0.3947865 0.1489223 0.4839205 0.1499394 0.7166667 0.6253051 0.7405495 0.6452955 0.7178873 0.6689628 0.4839265 0.1497334 0.3945377 0.1353269 0.4837127 0.134943 0.3946442 0.134365 0.4839205 0.1499394 0.4838305 0.1345635 0.3945377 0.1353269 0.4839805 0.1498143 0.4837127 0.134943 0.3945377 0.1353269 0.3948164 0.1493865 0.4839805 0.1498143 0.7179418 0.668712 0.7403325 0.6449785 0.7164987 0.625109 0.4839265 0.1497334 0.3947551 0.1498351 0.3945377 0.1353269 0.3946442 0.134365 0.3947865 0.1489223 0.4839205 0.1499394 0.7166667 0.6253051 0.7405495 0.6452955 0.7178873 0.6689628 0.4839265 0.1497334 0.3945377 0.1353269 0.4837127 0.134943 0.3946442 0.134365 0.4839205 0.1499394 0.4838305 0.1345635 0.3945377 0.1353269 0.4839805 0.1498143 0.4837127 0.134943 0.3945377 0.1353269 0.3948164 0.1493865 0.4839805 0.1498143 0.7179418 0.668712 0.7403325 0.6449785 0.7164987 0.625109 0.4839265 0.1497334 0.3947551 0.1498351 0.3945377 0.1353269 0.3946442 0.134365 0.3947865 0.1489223 0.4839205 0.1499394 0.7166667 0.6253051 0.7405495 0.6452955 0.7178873 0.6689628 0.4839265 0.1497334 0.3945377 0.1353269 0.4837127 0.134943 0.3946442 0.134365 0.4839205 0.1499394 0.4838305 0.1345635 0.3945377 0.1353269 0.4839805 0.1498143 0.4837127 0.134943 0.3945377 0.1353269 0.3948164 0.1493865 0.4839805 0.1498143 0.7179418 0.668712 0.7403325 0.6449785 0.7164987 0.625109 0.4839265 0.1497334 0.3947551 0.1498351 0.3945377 0.1353269 0.3946442 0.134365 0.3947865 0.1489223 0.4839205 0.1499394 0.7166667 0.6253051 0.7405495 0.6452955 0.7178873 0.6689628 0.4839265 0.1497334 0.3945377 0.1353269 0.4837127 0.134943 0.3946442 0.134365 0.4839205 0.1499394 0.4838305 0.1345635 0.3945377 0.1353269 0.4839805 0.1498143 0.4837127 0.134943 0.3945377 0.1353269 0.3948164 0.1493865 0.4839805 0.1498143 0.7179418 0.668712 0.7403325 0.6449785 0.7164987 0.625109 0.2850912 0.544241 0.2193351 0.5524249 0.2865948 0.5486558 0.2720932 0.5520744 0.2740196 0.5439221 0.2358569 0.5439221 0.2720932 0.5520744 0.2320047 0.5439224 0.2701671 0.5439221 0.2850912 0.544241 0.2866674 0.5398265 0.2194697 0.5360438 0.2850912 0.544241 0.2194697 0.5360438 0.2165455 0.544234 0.2850912 0.544241 0.2165455 0.544234 0.2193351 0.5524249 0.2720932 0.5520744 0.2358569 0.5439221 0.2339308 0.5520744 0.2720932 0.5520744 0.2339308 0.5520744 0.2320047 0.5439224 0.2872686 0.5339043 0.2161377 0.5407517 0.2161087 0.5340132 0.2841561 0.5486547 0.2174429 0.5421429 0.2211197 0.5513815 0.2872979 0.5406427 0.2161666 0.5474902 0.2161377 0.5407517 0.2872686 0.5339043 0.2872979 0.5406427 0.2161377 0.5407517 0.2872398 0.5271657 0.2872686 0.5339043 0.2161087 0.5340132 0.2872108 0.5401808 0.2872398 0.5435631 0.2160798 0.5436177 0.2872398 0.5271657 0.2161087 0.5340132 0.2160798 0.5272747 0.2872108 0.5401808 0.2160798 0.5436177 0.2160506 0.5402355 0.2810881 0.5398932 0.2195507 0.5352495 0.2170564 0.5438936 0.2854508 0.532724 0.2254174 0.5269359 0.2186689 0.5364565 0.2854508 0.532724 0.2871333 0.5265792 0.2254174 0.5269359 0.2683149 0.5395695 0.2284455 0.5343189 0.266608 0.5343189 0.2701671 0.5439221 0.2301523 0.5395692 0.2683149 0.5395695 0.2841561 0.5486547 0.2845237 0.5426644 0.2174429 0.5421429 0.2683149 0.5395695 0.2301523 0.5395692 0.2284455 0.5343189 0.266608 0.5481715 0.2284455 0.5481715 0.2269493 0.5451574 0.2651119 0.5451574 0.2269493 0.5451574 0.2257215 0.5414848 0.266608 0.5481715 0.2269493 0.5451574 0.2651119 0.5451574 0.2651119 0.5451574 0.2257215 0.5414848 0.2638841 0.5414848 0.2815639 0.533579 0.2861 0.5285567 0.2285435 0.527274 0.2810881 0.5398932 0.2815639 0.533579 0.2195507 0.5352495 0.2815639 0.533579 0.2285435 0.527274 0.2195507 0.5352495 0.2871528 0.5402979 0.2160221 0.5470178 0.2159929 0.5404048 0.2818369 0.5505403 0.2173514 0.5453042 0.2208296 0.5534037 0.2871819 0.5469109 0.2160506 0.5536308 0.2160221 0.5470178 0.2871528 0.5402979 0.2871819 0.5469109 0.2160221 0.5470178 0.287124 0.5336849 0.2871528 0.5402979 0.2159929 0.5404048 0.2870949 0.5270719 0.287124 0.5336849 0.2159637 0.5337918 0.287124 0.5336849 0.2159929 0.5404048 0.2159637 0.5337918 0.2870949 0.5270719 0.2159637 0.5337918 0.2159348 0.5271789 0.2802568 0.5411018 0.2258796 0.5278915 0.2191887 0.5363408 0.2798831 0.5458139 0.2186087 0.5356107 0.2173514 0.5453042 0.2798831 0.5458139 0.280493 0.5413109 0.2186087 0.5356107 0.2629716 0.5372947 0.2242473 0.5327482 0.2624099 0.5327482 0.2638841 0.5414848 0.2248091 0.5372947 0.2629716 0.5372947 0.2818369 0.5505403 0.2798831 0.5458139 0.2173514 0.5453042 0.2629716 0.5372947 0.2248091 0.5372947 0.2242473 0.5327482 0.2624099 0.5327482 0.2242473 0.5327482 0.2240576 0.52802 0.2624099 0.5327482 0.2240576 0.52802 0.2622201 0.52802 0.2622201 0.5675858 0.2240576 0.5675858 0.2240576 0.5082372 0.2622201 0.5675858 0.2240576 0.5082372 0.2622201 0.5082372 0.2820767 0.50699 0.2820767 0.5686165 0.2258796 0.5679326 0.2159348 0.5683596 0.2159348 0.5094146 0.2870949 0.5093077 0.2820767 0.50699 0.2258796 0.5679326 0.2258796 0.5083408 0.2159348 0.5683596 0.2870949 0.5093077 0.2870949 0.5682526 0.2802568 0.5411018 0.2820767 0.5362053 0.2258796 0.5278915 0.2638841 0.5414848 0.2257215 0.5414848 0.2248091 0.5372947 0.2871819 0.5469109 0.2872108 0.5535239 0.2160506 0.5536308 0.2701671 0.5439221 0.2320047 0.5439224 0.2301523 0.5395692 0.2872979 0.5406427 0.2873267 0.5473812 0.2161666 0.5474902 0.2176368 0.5469101 0.2857645 0.5469239 0.2857564 0.5535598 0.2176368 0.5469101 0.2857564 0.5535598 0.2176285 0.5535461 0.2857397 0.5526985 0.2176125 0.5528732 0.2175716 0.5455666 0.2857397 0.5526985 0.2175716 0.5455666 0.2856992 0.5453919 0.2856992 0.5453919 0.2175716 0.5455666 0.2175306 0.5382599 0.2856992 0.5453919 0.2175306 0.5382599 0.2856578 0.5380852 0.2856578 0.5380852 0.2175306 0.5382599 0.2174896 0.5309532 0.2856578 0.5380852 0.2174896 0.5309532 0.2856167 0.5307786 0.2856167 0.553043 0.2174896 0.5532009 0.2174486 0.5465948 0.2856167 0.553043 0.2174486 0.5465948 0.2855759 0.5464369 0.2855759 0.5464369 0.2174486 0.5465948 0.2174072 0.5399888 0.2855759 0.5464369 0.2174072 0.5399888 0.2855349 0.5398308 0.2855349 0.5398308 0.2174072 0.5399888 0.2173666 0.5333827 0.2855349 0.5398308 0.2173666 0.5333827 0.2854937 0.5332248 0.2854937 0.5332248 0.2173666 0.5333827 0.2173255 0.5267766 0.2854937 0.5332248 0.2173255 0.5267766 0.2854532 0.5266187 0.2854532 0.5677994 0.2173255 0.5679573 0.2173255 0.5090124 0.2854532 0.5677994 0.2173255 0.5090124 0.2854532 0.5088545 0.2279807 0.5684356 0.2683933 0.5085948 0.2279807 0.5068092 0.2279807 0.5684356 0.2683933 0.5681865 0.2683933 0.5085948 0.2317466 0.5414788 0.2683933 0.5269456 0.2279807 0.5348247 0.2817767 0.5327482 0.2819665 0.52802 0.243804 0.52802 0.2819665 0.5675858 0.243804 0.5082372 0.243804 0.5675858 0.2819665 0.5675858 0.2819665 0.5082372 0.243804 0.5082372 0.2817767 0.5327482 0.243804 0.52802 0.2436143 0.5327482 0.2812151 0.5372947 0.2436143 0.5327482 0.2430524 0.5372947 0.2812151 0.5372947 0.2817767 0.5327482 0.2436143 0.5327482 0.2230334 0.5456846 0.2837796 0.5355991 0.2206801 0.540368 0.2803025 0.5414848 0.2812151 0.5372947 0.2430524 0.5372947 0.2209833 0.5347 0.2761734 0.5266633 0.2161583 0.5301119 0.2209833 0.5347 0.2837796 0.5355991 0.2761734 0.5266633 0.2216956 0.5507049 0.2872915 0.5443514 0.221518 0.5455076 0.2790747 0.5451574 0.2803025 0.5414848 0.2421401 0.5414848 0.2230334 0.5456846 0.2872915 0.5443514 0.2837796 0.5355991 0.2803025 0.5414848 0.2430524 0.5372947 0.2421401 0.5414848 0.2790747 0.5451574 0.2421401 0.5414848 0.2409121 0.5451574 0.2775785 0.5481715 0.2409121 0.5451574 0.2394161 0.5481715 0.2775785 0.5481715 0.2790747 0.5451574 0.2409121 0.5451574 0.2254748 0.547738 0.2853186 0.5429644 0.2274622 0.5436471 0.2758716 0.5395692 0.2775785 0.5343189 0.2394161 0.5343189 0.2274622 0.5436471 0.2803357 0.5363496 0.2230963 0.5383567 0.2274622 0.5436471 0.2853186 0.5443814 0.2803357 0.5363496 0.2224819 0.5501103 0.2844884 0.5446457 0.2229502 0.5460052 0.2740196 0.5439221 0.2758716 0.5395692 0.2377091 0.5395692 0.2254748 0.547738 0.2771633 0.551308 0.2853186 0.5429644 0.2758716 0.5395692 0.2394161 0.5343189 0.2377091 0.5395692 0.2740196 0.5439221 0.2377091 0.5395692 0.2358569 0.5439221 0.2216956 0.5507049 0.2846897 0.5533627 0.2872915 0.5443514 0.2317466 0.5414788 0.274138 0.5387316 0.2683933 0.5269456 0.2224819 0.5501103 0.2834177 0.5533507 0.2844884 0.5446457 0.4839265 0.1497334 0.3947551 0.1498351 0.3945377 0.1353269 0.3946442 0.134365 0.3947865 0.1489223 0.4839205 0.1499394 0.7166667 0.6253051 0.7405495 0.6452955 0.7178873 0.6689628 0.4839265 0.1497334 0.3945377 0.1353269 0.4837127 0.134943 0.3946442 0.134365 0.4839205 0.1499394 0.4838305 0.1345635 0.3945377 0.1353269 0.4839805 0.1498143 0.4837127 0.134943 0.3945377 0.1353269 0.3948164 0.1493865 0.4839805 0.1498143 0.7179418 0.668712 0.7403325 0.6449785 0.7164987 0.625109 0.4839265 0.1497334 0.3947551 0.1498351 0.3945377 0.1353269 0.3946442 0.134365 0.3947865 0.1489223 0.4839205 0.1499394 0.7166667 0.6253051 0.7405495 0.6452955 0.7178873 0.6689628 0.4839265 0.1497334 0.3945377 0.1353269 0.4837127 0.134943 0.3946442 0.134365 0.4839205 0.1499394 0.4838305 0.1345635 0.3945377 0.1353269 0.4839805 0.1498143 0.4837127 0.134943 0.3945377 0.1353269 0.3948164 0.1493865 0.4839805 0.1498143 0.7179418 0.668712 0.7403325 0.6449785 0.7164987 0.625109 0.4839265 0.1497334 0.3947551 0.1498351 0.3945377 0.1353269 0.3946442 0.134365 0.3947865 0.1489223 0.4839205 0.1499394 0.7166667 0.6253051 0.7405495 0.6452955 0.7178873 0.6689628 0.4839265 0.1497334 0.3945377 0.1353269 0.4837127 0.134943 0.3946442 0.134365 0.4839205 0.1499394 0.4838305 0.1345635 0.3945377 0.1353269 0.4839805 0.1498143 0.4837127 0.134943 0.3945377 0.1353269 0.3948164 0.1493865 0.4839805 0.1498143 0.7179418 0.668712 0.7403325 0.6449785 0.7164987 0.625109 0.4839265 0.1497334 0.3947551 0.1498351 0.3945377 0.1353269 0.3946442 0.134365 0.3947865 0.1489223 0.4839205 0.1499394 0.7166667 0.6253051 0.7405495 0.6452955 0.7178873 0.6689628 0.4839265 0.1497334 0.3945377 0.1353269 0.4837127 0.134943 0.3946442 0.134365 0.4839205 0.1499394 0.4838305 0.1345635 0.3945377 0.1353269 0.4839805 0.1498143 0.4837127 0.134943 0.3945377 0.1353269 0.3948164 0.1493865 0.4839805 0.1498143 0.7179418 0.668712 0.7403325 0.6449785 0.7164987 0.625109 0.711672 0.4544838 0.7716801 0.339688 0.7716801 0.4544812 0.7919904 0.641746 0.7833885 0.641746 0.7833885 0.6588323 0.7682053 0.8550483 0.7680865 0.876905 0.7786919 0.8769345 0.7919904 0.641746 0.7833885 0.6588323 0.7919904 0.6588323 0.7918387 0.8551145 0.7917194 0.8769711 0.8023247 0.8770008 0.7918387 0.8551145 0.8023247 0.8770008 0.8024439 0.8551442 0.7919576 0.8332579 0.7918387 0.8551145 0.8024439 0.8551442 0.7811139 0.8769414 0.7917194 0.8769711 0.7918387 0.8551145 0.781233 0.8550848 0.7918387 0.8551145 0.7919576 0.8332579 0.7811139 0.8769414 0.7918387 0.8551145 0.781233 0.8550848 0.7705085 0.8769116 0.7811139 0.8769414 0.781233 0.8550848 0.7919904 0.641746 0.8005924 0.6588323 0.8005924 0.641746 0.7919904 0.641746 0.7919904 0.6588323 0.8005924 0.6588323 0.7667059 0.8550442 0.7771922 0.8769304 0.7773114 0.8550738 0.7705085 0.8769116 0.781233 0.8550848 0.7706276 0.8550551 0.8005924 0.6246599 0.7919904 0.641746 0.8005924 0.641746 0.7667059 0.8550442 0.7665868 0.8769007 0.7771922 0.8769304 0.7668249 0.8331875 0.7667059 0.8550442 0.7773114 0.8550738 0.7561004 0.8550145 0.7665868 0.8769007 0.7667059 0.8550442 0.7562196 0.8331578 0.7667059 0.8550442 0.7668249 0.8331875 0.7562196 0.8331578 0.7561004 0.8550145 0.7667059 0.8550442 0.7894163 0.8551077 0.8000218 0.8551374 0.800141 0.8332808 0.7894163 0.8551077 0.800141 0.8332808 0.7895354 0.8332511 0.7892972 0.8769643 0.8000218 0.8551374 0.7894163 0.8551077 0.7786919 0.8769345 0.7892972 0.8769643 0.7894163 0.8551077 0.7788109 0.8550781 0.7894163 0.8551077 0.7895354 0.8332511 0.7786919 0.8769345 0.7894163 0.8551077 0.7788109 0.8550781 0.7682053 0.8550483 0.7786919 0.8769345 0.7788109 0.8550781 0.7683245 0.8331918 0.7682053 0.8550483 0.7788109 0.8550781 0.7788109 0.8550781 0.7895354 0.8332511 0.7789298 0.8332214 0.7683245 0.8331918 0.7788109 0.8550781 0.7789298 0.8332214 0.7919576 0.8332579 0.8024439 0.8551442 0.802563 0.8332875 0.7833885 0.6246599 0.7919904 0.641746 0.7919904 0.6246599 0.7892972 0.8769643 0.7999028 0.876994 0.8000218 0.8551374 0.7833885 0.6246599 0.7833885 0.641746 0.7919904 0.641746 0.7561004 0.8550145 0.7559815 0.8768711 0.7665868 0.8769007 0.8005924 0.6246599 0.7919904 0.6246599 0.7919904 0.641746 0.7668249 0.8331875 0.7773114 0.8550738 0.7774303 0.8332172 0.7706276 0.8550551 0.7813521 0.8332282 0.7707466 0.8331985 0.781233 0.8550848 0.7919576 0.8332579 0.7813521 0.8332282 0.7706276 0.8550551 0.781233 0.8550848 0.7813521 0.8332282 0.942582 0.8387193 0.9275996 0.8750258 0.9275996 0.8387193 0.9275996 0.9113323 0.9126174 0.9476388 0.9126174 0.9113323 0.942582 0.9476388 0.942582 0.9839452 0.9275996 0.9839452 0.942582 0.9476388 0.9275996 0.9839452 0.9275996 0.9476388 0.9275996 0.9113323 0.9275996 0.9476388 0.9126174 0.9476388 0.942582 0.8750258 0.9275996 0.9113323 0.9275996 0.8750258 0.942582 0.9113323 0.9275996 0.9476388 0.9275996 0.9113323 0.942582 0.8750258 0.942582 0.9113323 0.9275996 0.9113323 0.942582 0.8387193 0.942582 0.8750258 0.9275996 0.8750258 0.9071331 0.8323992 0.9552586 0.8323992 0.9552586 0.9934647 0.9071331 0.8323992 0.9552586 0.9934647 0.9071331 0.9934647 0.942582 0.9113323 0.942582 0.9476388 0.9275996 0.9476388 0.7890529 0.6830379 0.8032345 0.7279469 0.8029905 0.6819671 0.7890529 0.6830379 0.789297 0.7288345 0.8032345 0.7279469 0.779417 0.7298107 0.7720403 0.7300243 0.7718432 0.6822093 0.779417 0.7298107 0.7718432 0.6822093 0.7792204 0.6819953 0.8032345 0.7279469 0.7956498 0.7284294 0.7954057 0.6825498 0.8032345 0.7279469 0.7957715 0.7527484 0.7956498 0.7284294 0.7894186 0.7531522 0.8032345 0.7279469 0.789297 0.7288345 0.7894186 0.7531522 0.8033563 0.752265 0.8032345 0.7279469 0.8032345 0.7279469 0.8033563 0.752265 0.7957715 0.7527484 0.8032345 0.7279469 0.7954057 0.6825498 0.8029905 0.6819671 0.7894186 0.7531522 0.7895448 0.7632503 0.8034825 0.762362 0.7800851 0.7626644 0.7727084 0.7628784 0.7726671 0.7539178 0.779417 0.7298107 0.7721392 0.7539319 0.7720403 0.7300243 0.779417 0.7298107 0.7795158 0.7537173 0.7721392 0.7539319 0.7800851 0.7626644 0.7726671 0.7539178 0.7800436 0.7537033 0.7894186 0.7531522 0.8034825 0.762362 0.8033563 0.752265 0.7586837 0.8207042 0.7557861 0.8011435 0.7670292 0.8011472 0.8034825 0.762362 0.7958974 0.7628448 0.7957715 0.7527484 0.7670292 0.8011472 0.7557861 0.8011435 0.7586852 0.781585 0.8034825 0.762362 0.7957715 0.7527484 0.8033563 0.752265 0.7670292 0.8011472 0.7670301 0.7747932 0.7753743 0.7815904 0.7670292 0.8011472 0.7586852 0.781585 0.7670301 0.7747932 0.7753728 0.8207096 0.767028 0.8275016 0.7670292 0.8011472 0.7586837 0.8207042 0.7670292 0.8011472 0.767028 0.8275016 0.7753728 0.8207096 0.7670292 0.8011472 0.7782722 0.801151 0.7670292 0.8011472 0.7753743 0.7815904 0.7782722 0.801151 0.7612719 0.7618794 0.7567126 0.7613848 0.7565712 0.7516136 0.7688606 0.7529327 0.7689866 0.7635824 0.7765649 0.7629442 0.7688606 0.7529327 0.7763167 0.7291021 0.7687385 0.7297403 0.761088 0.7297469 0.7565712 0.7516136 0.7565287 0.7292523 0.761088 0.7297469 0.7611303 0.7521075 0.7565712 0.7516136 0.7612719 0.7618794 0.7565712 0.7516136 0.7611303 0.7521075 0.7688606 0.7529327 0.7764389 0.7522938 0.7763167 0.7291021 0.7688606 0.7529327 0.7765649 0.7629442 0.7764389 0.7522938 0.7838638 0.7288849 0.7760871 0.7295404 0.7758427 0.6844106 0.7838638 0.7288849 0.7762091 0.7527323 0.7760871 0.7295404 0.7684943 0.6846114 0.7687385 0.7297403 0.7763167 0.7291021 0.7838638 0.7288849 0.783986 0.7520781 0.7762091 0.7527323 0.7684943 0.6846114 0.7763167 0.7291021 0.7760725 0.6839727 0.7838638 0.7288849 0.7758427 0.6844106 0.7836196 0.6837565 0.761088 0.7297469 0.7565287 0.7292523 0.7564443 0.6829765 0.761088 0.7297469 0.7564443 0.6829765 0.7610036 0.6834712 0.7717458 0.6846361 0.761088 0.7297469 0.7610036 0.6834712 0.7845646 0.7535648 0.779417 0.7298107 0.7844665 0.7296569 0.78742 0.7534902 0.7874616 0.762451 0.7800851 0.7626644 0.7841117 0.7627276 0.7763352 0.7633817 0.7762091 0.7527323 0.7841117 0.7627276 0.7762091 0.7527323 0.783986 0.7520781 0.7845646 0.7535648 0.7795158 0.7537173 0.779417 0.7298107 0.78742 0.7534902 0.7800851 0.7626644 0.7800436 0.7537033 0.7842692 0.6818416 0.7844665 0.7296569 0.779417 0.7298107 0.7842692 0.6818416 0.779417 0.7298107 0.7792204 0.6819953 0.7717458 0.6846361 0.77183 0.7309118 0.761088 0.7297469 0.7718725 0.7532716 0.761088 0.7297469 0.77183 0.7309118 0.7718725 0.7532716 0.7611303 0.7521075 0.761088 0.7297469 0.7718725 0.7532716 0.7612719 0.7618794 0.7611303 0.7521075 0.7718725 0.7532716 0.7720142 0.7630437 0.7612719 0.7618794 0.8929295 0.8394012 0.8779472 0.8757076 0.8779472 0.8394012 0.8779472 0.9120141 0.8629649 0.9483206 0.8629649 0.9120141 0.8929295 0.9483206 0.8929295 0.9846271 0.8779472 0.9846271 0.8929295 0.9483206 0.8779472 0.9846271 0.8779472 0.9483206 0.8779472 0.9120141 0.8779472 0.9483206 0.8629649 0.9483206 0.8929295 0.8757076 0.8779472 0.9120141 0.8779472 0.8757076 0.8929295 0.9120141 0.8779472 0.9483206 0.8779472 0.9120141 0.8929295 0.8757076 0.8929295 0.9120141 0.8779472 0.9120141 0.8929295 0.8394012 0.8929295 0.8757076 0.8779472 0.8757076 0.8574805 0.8330811 0.9056062 0.8330811 0.9056062 0.9941466 0.8574805 0.8330811 0.9056062 0.9941466 0.8574805 0.9941466 0.8929295 0.9120141 0.8929295 0.9483206 0.8779472 0.9483206 0.8929295 0.6742519 0.8779472 0.7105584 0.8779472 0.6742519 0.8779472 0.7468649 0.8629648 0.7831714 0.8629648 0.7468649 0.8929295 0.7831714 0.8929295 0.8194778 0.8779472 0.8194778 0.8929295 0.7831714 0.8779472 0.8194778 0.8779472 0.7831714 0.8779472 0.7468649 0.8779472 0.7831714 0.8629648 0.7831714 0.8929295 0.7105584 0.8779472 0.7468649 0.8779472 0.7105584 0.8929295 0.7468649 0.8779472 0.7831714 0.8779472 0.7468649 0.8929295 0.7105584 0.8929295 0.7468649 0.8779472 0.7468649 0.8929295 0.6742519 0.8929295 0.7105584 0.8779472 0.7105584 0.8574805 0.6679318 0.9056062 0.6679318 0.9056061 0.8289973 0.8574805 0.6679318 0.9056061 0.8289973 0.8574805 0.8289973 0.8929295 0.7468649 0.8929295 0.7831714 0.8779472 0.7831714 0.7292993 0.5962162 0.7206974 0.5962162 0.7206974 0.6133025 0.7682053 0.8550483 0.7680865 0.876905 0.7786919 0.8769345 0.7292993 0.5962162 0.7206974 0.6133025 0.7292993 0.6133025 0.7918387 0.8551145 0.7917194 0.8769711 0.8023247 0.8770008 0.7918387 0.8551145 0.8023247 0.8770008 0.8024439 0.8551442 0.7919576 0.8332579 0.7918387 0.8551145 0.8024439 0.8551442 0.7811139 0.8769414 0.7917194 0.8769711 0.7918387 0.8551145 0.781233 0.8550848 0.7918387 0.8551145 0.7919576 0.8332579 0.7811139 0.8769414 0.7918387 0.8551145 0.781233 0.8550848 0.7705085 0.8769116 0.7811139 0.8769414 0.781233 0.8550848 0.7292993 0.5962162 0.7379013 0.6133025 0.7379013 0.5962162 0.7292993 0.5962162 0.7292993 0.6133025 0.7379013 0.6133025 0.7667059 0.8550442 0.7771922 0.8769304 0.7773114 0.8550738 0.7705085 0.8769116 0.781233 0.8550848 0.7706276 0.8550551 0.7379013 0.5791301 0.7292993 0.5962162 0.7379013 0.5962162 0.7667059 0.8550442 0.7665868 0.8769007 0.7771922 0.8769304 0.7668249 0.8331875 0.7667059 0.8550442 0.7773114 0.8550738 0.7561004 0.8550145 0.7665868 0.8769007 0.7667059 0.8550442 0.7562196 0.8331578 0.7667059 0.8550442 0.7668249 0.8331875 0.7562196 0.8331578 0.7561004 0.8550145 0.7667059 0.8550442 0.7894163 0.8551077 0.8000218 0.8551374 0.800141 0.8332808 0.7894163 0.8551077 0.800141 0.8332808 0.7895354 0.8332511 0.7892972 0.8769643 0.8000218 0.8551374 0.7894163 0.8551077 0.7786919 0.8769345 0.7892972 0.8769643 0.7894163 0.8551077 0.7788109 0.8550781 0.7894163 0.8551077 0.7895354 0.8332511 0.7786919 0.8769345 0.7894163 0.8551077 0.7788109 0.8550781 0.7682053 0.8550483 0.7786919 0.8769345 0.7788109 0.8550781 0.7683245 0.8331918 0.7682053 0.8550483 0.7788109 0.8550781 0.7788109 0.8550781 0.7895354 0.8332511 0.7789298 0.8332214 0.7683245 0.8331918 0.7788109 0.8550781 0.7789298 0.8332214 0.7919576 0.8332579 0.8024439 0.8551442 0.802563 0.8332875 0.7206974 0.5791301 0.7292993 0.5962162 0.7292993 0.5791301 0.7892972 0.8769643 0.7999028 0.876994 0.8000218 0.8551374 0.7206974 0.5791301 0.7206974 0.5962162 0.7292993 0.5962162 0.7561004 0.8550145 0.7559815 0.8768711 0.7665868 0.8769007 0.7379013 0.5791301 0.7292993 0.5791301 0.7292993 0.5962162 0.7668249 0.8331875 0.7773114 0.8550738 0.7774303 0.8332172 0.7706276 0.8550551 0.7813521 0.8332282 0.7707466 0.8331985 0.781233 0.8550848 0.7919576 0.8332579 0.7813521 0.8332282 0.7706276 0.8550551 0.781233 0.8550848 0.7813521 0.8332282 0.7890529 0.6830379 0.8032345 0.7279469 0.8029905 0.6819671 0.7890529 0.6830379 0.789297 0.7288345 0.8032345 0.7279469 0.779417 0.7298107 0.7720403 0.7300243 0.7718432 0.6822093 0.779417 0.7298107 0.7718432 0.6822093 0.7792204 0.6819953 0.8032345 0.7279469 0.7956498 0.7284294 0.7954057 0.6825498 0.8032345 0.7279469 0.7957715 0.7527484 0.7956498 0.7284294 0.7894186 0.7531522 0.8032345 0.7279469 0.789297 0.7288345 0.7894186 0.7531522 0.8033563 0.752265 0.8032345 0.7279469 0.8032345 0.7279469 0.8033563 0.752265 0.7957715 0.7527484 0.8032345 0.7279469 0.7954057 0.6825498 0.8029905 0.6819671 0.7894186 0.7531522 0.7895448 0.7632503 0.8034825 0.762362 0.7800851 0.7626644 0.7727084 0.7628784 0.7726671 0.7539178 0.779417 0.7298107 0.7721392 0.7539319 0.7720403 0.7300243 0.779417 0.7298107 0.7795158 0.7537173 0.7721392 0.7539319 0.7800851 0.7626644 0.7726671 0.7539178 0.7800436 0.7537033 0.7894186 0.7531522 0.8034825 0.762362 0.8033563 0.752265 0.7586837 0.8207042 0.7557861 0.8011435 0.7670292 0.8011472 0.8034825 0.762362 0.7958974 0.7628448 0.7957715 0.7527484 0.7670292 0.8011472 0.7557861 0.8011435 0.7586852 0.781585 0.8034825 0.762362 0.7957715 0.7527484 0.8033563 0.752265 0.7670292 0.8011472 0.7670301 0.7747932 0.7753743 0.7815904 0.7670292 0.8011472 0.7586852 0.781585 0.7670301 0.7747932 0.7753728 0.8207096 0.767028 0.8275016 0.7670292 0.8011472 0.7586837 0.8207042 0.7670292 0.8011472 0.767028 0.8275016 0.7753728 0.8207096 0.7670292 0.8011472 0.7782722 0.801151 0.7670292 0.8011472 0.7753743 0.7815904 0.7782722 0.801151 0.7612719 0.7618794 0.7567126 0.7613848 0.7565712 0.7516136 0.7688606 0.7529327 0.7689866 0.7635824 0.7765649 0.7629442 0.7688606 0.7529327 0.7763167 0.7291021 0.7687385 0.7297403 0.761088 0.7297469 0.7565712 0.7516136 0.7565287 0.7292523 0.761088 0.7297469 0.7611303 0.7521075 0.7565712 0.7516136 0.7612719 0.7618794 0.7565712 0.7516136 0.7611303 0.7521075 0.7688606 0.7529327 0.7764389 0.7522938 0.7763167 0.7291021 0.7688606 0.7529327 0.7765649 0.7629442 0.7764389 0.7522938 0.7838638 0.7288849 0.7760871 0.7295404 0.7758427 0.6844106 0.7838638 0.7288849 0.7762091 0.7527323 0.7760871 0.7295404 0.7684943 0.6846114 0.7687385 0.7297403 0.7763167 0.7291021 0.7838638 0.7288849 0.783986 0.7520781 0.7762091 0.7527323 0.7684943 0.6846114 0.7763167 0.7291021 0.7760725 0.6839727 0.7838638 0.7288849 0.7758427 0.6844106 0.7836196 0.6837565 0.761088 0.7297469 0.7565287 0.7292523 0.7564443 0.6829765 0.761088 0.7297469 0.7564443 0.6829765 0.7610036 0.6834712 0.7717458 0.6846361 0.761088 0.7297469 0.7610036 0.6834712 0.7845646 0.7535648 0.779417 0.7298107 0.7844665 0.7296569 0.78742 0.7534902 0.7874616 0.762451 0.7800851 0.7626644 0.7841117 0.7627276 0.7763352 0.7633817 0.7762091 0.7527323 0.7841117 0.7627276 0.7762091 0.7527323 0.783986 0.7520781 0.7845646 0.7535648 0.7795158 0.7537173 0.779417 0.7298107 0.78742 0.7534902 0.7800851 0.7626644 0.7800436 0.7537033 0.7842692 0.6818416 0.7844665 0.7296569 0.779417 0.7298107 0.7842692 0.6818416 0.779417 0.7298107 0.7792204 0.6819953 0.7717458 0.6846361 0.77183 0.7309118 0.761088 0.7297469 0.7718725 0.7532716 0.761088 0.7297469 0.77183 0.7309118 0.7718725 0.7532716 0.7611303 0.7521075 0.761088 0.7297469 0.7718725 0.7532716 0.7612719 0.7618794 0.7611303 0.7521075 0.7718725 0.7532716 0.7720142 0.7630437 0.7612719 0.7618794 0.7842519 0.248845 0.8196464 0.1987338 0.8201526 0.248619 0.7795461 0.3002057 0.8149406 0.2500945 0.8154472 0.2999797 0.7842519 0.248845 0.7837451 0.1989598 0.8196464 0.1987338 0.8206591 0.2985041 0.7842519 0.248845 0.8201526 0.248619 0.7400104 0.2990116 0.7395038 0.2491266 0.7842519 0.248845 0.7842519 0.248845 0.7395038 0.2491266 0.7389979 0.1992415 0.7842519 0.248845 0.7389979 0.1992415 0.7837451 0.1989598 0.7400104 0.2990116 0.7842519 0.248845 0.7847582 0.2987301 0.8206591 0.2985041 0.7847582 0.2987301 0.7842519 0.248845 0.7842567 0.2493257 0.8196513 0.1992146 0.8201575 0.2490999 0.7842567 0.2493257 0.7837505 0.1994407 0.8196513 0.1992146 0.784763 0.299211 0.7842567 0.2493257 0.8201575 0.2490999 0.784763 0.299211 0.7395091 0.2496075 0.7842567 0.2493257 0.7842567 0.2493257 0.7395091 0.2496075 0.7390028 0.1997223 0.7842567 0.2493257 0.7390028 0.1997223 0.7837505 0.1994407 0.784763 0.299211 0.7400153 0.2994925 0.7395091 0.2496075 0.7827308 0.2495474 0.7374776 0.1999435 0.7822244 0.1996621 0.7827308 0.2495474 0.737984 0.2498288 0.7374776 0.1999435 0.7827308 0.2495474 0.7822244 0.1996621 0.8181259 0.1994361 0.7384901 0.2997141 0.737984 0.2498288 0.7827308 0.2495474 0.8191385 0.2992064 0.7827308 0.2495474 0.818632 0.2493212 0.7827308 0.2495474 0.8181259 0.1994361 0.818632 0.2493212 0.8191385 0.2992064 0.7832375 0.2994323 0.7827308 0.2495474 0.7384901 0.2997141 0.7827308 0.2495474 0.7832375 0.2994323 0.784763 0.299211 0.8201575 0.2490999 0.8206638 0.2989852 0.7790398 0.2503206 0.7342921 0.250602 0.7337858 0.200717 0.7790398 0.2503206 0.7337858 0.200717 0.7785335 0.2004355 0.7795461 0.3002057 0.7342921 0.250602 0.7790398 0.2503206 0.7795461 0.3002057 0.7790398 0.2503206 0.8149406 0.2500945 0.7790398 0.2503206 0.8144348 0.2002096 0.8149406 0.2500945 0.7790398 0.2503206 0.7785335 0.2004355 0.8144348 0.2002096 0.7795461 0.3002057 0.7347983 0.3004876 0.7342921 0.250602 0.85003 0.968407 0.8053637 0.9881215 0.8053637 0.968407 0.8180925 0.9774153 0.8343107 0.9810184 0.8181409 0.9810017 0.8292544 0.9802031 0.833346 0.9802072 0.833203 0.9696648 0.8292544 0.9802031 0.833203 0.9696648 0.8291116 0.9696606 0.8180925 0.9774153 0.8342616 0.977432 0.8343107 0.9810184 0.825163 0.980199 0.8292544 0.9802031 0.8291116 0.9696606 0.8177453 0.9720925 0.8325229 0.9700554 0.832551 0.9721078 0.8177735 0.9741449 0.832551 0.9721078 0.832578 0.9741603 0.8177735 0.9741449 0.8177453 0.9720925 0.832551 0.9721078 0.8197508 0.979872 0.8196161 0.9699007 0.8330256 0.9699145 0.8177735 0.9741449 0.832578 0.9741603 0.8326066 0.9762127 0.8197508 0.979872 0.8330256 0.9699145 0.8331612 0.9798859 0.8250214 0.9699063 0.829283 0.979882 0.825157 0.9798777 0.8177735 0.9741449 0.8326066 0.9762127 0.8178015 0.9761974 0.8250214 0.9699063 0.8291476 0.9699105 0.829283 0.979882 0.8291476 0.9699105 0.8334084 0.9798861 0.829283 0.979882 0.8180921 0.9773671 0.8180434 0.9737807 0.8342128 0.9737973 0.8180434 0.9737807 0.817995 0.9701943 0.8341642 0.9702109 0.8180434 0.9737807 0.8341642 0.9702109 0.8342128 0.9737973 0.8168373 0.969648 0.8210717 0.9801946 0.8209289 0.9696522 0.8053637 0.96764 0.85003 0.9873545 0.8053637 0.9873545 0.8168373 0.969648 0.81698 0.9801905 0.8210717 0.9801946 0.8178015 0.9761974 0.8326339 0.9782651 0.8178291 0.9782499 0.8053637 0.96764 0.85003 0.96764 0.85003 0.9873545 0.8178015 0.9761974 0.8326066 0.9762127 0.8326339 0.9782651 0.8291476 0.9699105 0.8332737 0.9699148 0.8334084 0.9798861 0.8180921 0.9773671 0.8342128 0.9737973 0.8342613 0.9773837 0.8209289 0.9696522 0.825163 0.980199 0.8250199 0.9696564 0.8209289 0.9696522 0.8210717 0.9801946 0.825163 0.980199 0.825163 0.980199 0.8291116 0.9696606 0.8250199 0.9696564 0.8345967 0.9701463 0.8347426 0.9804683 0.8181465 0.980452 0.8345967 0.9701463 0.8181465 0.980452 0.8180006 0.97013 0.8177453 0.9720925 0.8177177 0.9700401 0.8325229 0.9700554 0.8169047 0.9798693 0.8167703 0.9698977 0.8208961 0.969902 0.8169047 0.9798693 0.8208961 0.969902 0.8210309 0.9798735 0.85003 0.968407 0.85003 0.9881215 0.8053637 0.9881215 0.5341417 0.2314162 0.4176506 0.2323511 0.4171327 0.2132705 0.4173863 0.2120028 0.4177253 0.2311499 0.5341271 0.231687 0.7219845 0.6201786 0.7415031 0.6465334 0.7163556 0.6727964 0.5341417 0.2314162 0.4171327 0.2132705 0.5336324 0.2119634 0.4173863 0.2120028 0.5341271 0.231687 0.5339125 0.211462 0.4171327 0.2132705 0.5342698 0.2315211 0.5336324 0.2119634 0.4171327 0.2132705 0.4177965 0.23176 0.5342698 0.2315211 0.7161487 0.6731005 0.7413688 0.6459177 0.7224367 0.6202147 0.8436331 0.9879651 0.8241194 0.9881945 0.8240325 0.9835121 0.824075 0.9832007 0.8241325 0.9878997 0.8436312 0.9880316 0.8303028 0.9811454 0.8434023 0.9852149 0.830972 0.990033 0.8436331 0.9879651 0.8240325 0.9835121 0.8435479 0.9831911 0.824075 0.9832007 0.8436312 0.9880316 0.8435945 0.9830681 0.8240325 0.9835121 0.8436546 0.987991 0.8435479 0.9831911 0.8240325 0.9835121 0.8241441 0.9880495 0.8436546 0.987991 0.8340838 0.9896106 0.8435144 0.9830449 0.8308838 0.9810563 0.8216908 0.5786694 0.8252966 0.5788319 0.8252651 0.5821067 0.821502 0.598318 0.8179277 0.5948808 0.8215335 0.5950433 0.821502 0.598318 0.8178963 0.5981556 0.8179277 0.5948808 0.8217537 0.5721198 0.818085 0.5785068 0.818148 0.5719573 0.8217537 0.5721198 0.8216908 0.5786694 0.818085 0.5785068 0.8180536 0.5817817 0.818085 0.5785068 0.8216908 0.5786694 0.8144479 0.5816192 0.818085 0.5785068 0.8180536 0.5817817 0.8144479 0.5816192 0.8144794 0.5783444 0.818085 0.5785068 0.8216279 0.585219 0.8180536 0.5817817 0.8216593 0.5819442 0.8180536 0.5817817 0.8216908 0.5786694 0.8216593 0.5819442 0.8216279 0.585219 0.8180221 0.5850565 0.8180536 0.5817817 0.8144164 0.584894 0.8180536 0.5817817 0.8180221 0.5850565 0.8144164 0.584894 0.8144479 0.5816192 0.8180536 0.5817817 0.8179277 0.5948808 0.8179591 0.591606 0.821565 0.5917685 0.8179591 0.591606 0.8216279 0.585219 0.821565 0.5917685 0.8179591 0.591606 0.8180221 0.5850565 0.8216279 0.585219 0.8252651 0.5821067 0.8252336 0.5853815 0.8216593 0.5819442 0.8179277 0.5948808 0.821565 0.5917685 0.8215335 0.5950433 0.8252336 0.5853815 0.8216279 0.585219 0.8216593 0.5819442 0.8216593 0.5819442 0.8216908 0.5786694 0.8252651 0.5821067 0.449756 0.3059779 0.4328198 0.3402981 0.4328198 0.3059779 0.449756 0.3799123 0.449756 0.4142326 0.4328198 0.4142326 0.449756 0.3799123 0.4328198 0.4142326 0.4328198 0.3799123 0.449756 0.3493374 0.449756 0.3836576 0.4328198 0.3836576 0.449756 0.3455921 0.4666923 0.3799123 0.449756 0.3799123 0.449756 0.301627 0.449756 0.355237 0.4328198 0.355237 0.449756 0.3455921 0.4666923 0.3455921 0.4666923 0.3799123 0.449756 0.3493374 0.4328198 0.3836576 0.4328198 0.3493374 0.449756 0.301627 0.4328198 0.355237 0.4328198 0.301627 0.449756 0.3059779 0.449756 0.3402981 0.4328198 0.3402981 0.7842519 0.248845 0.8196464 0.1987338 0.8201526 0.248619 0.7795461 0.3002057 0.8149406 0.2500945 0.8154472 0.2999797 0.7842519 0.248845 0.7837451 0.1989598 0.8196464 0.1987338 0.8206591 0.2985041 0.7842519 0.248845 0.8201526 0.248619 0.7400104 0.2990116 0.7395038 0.2491266 0.7842519 0.248845 0.7842519 0.248845 0.7395038 0.2491266 0.7389979 0.1992415 0.7842519 0.248845 0.7389979 0.1992415 0.7837451 0.1989598 0.7400104 0.2990116 0.7842519 0.248845 0.7847582 0.2987301 0.8206591 0.2985041 0.7847582 0.2987301 0.7842519 0.248845 0.7842567 0.2493257 0.8196513 0.1992146 0.8201575 0.2490999 0.7842567 0.2493257 0.7837505 0.1994407 0.8196513 0.1992146 0.784763 0.299211 0.7842567 0.2493257 0.8201575 0.2490999 0.784763 0.299211 0.7395091 0.2496075 0.7842567 0.2493257 0.7842567 0.2493257 0.7395091 0.2496075 0.7390028 0.1997223 0.7842567 0.2493257 0.7390028 0.1997223 0.7837505 0.1994407 0.784763 0.299211 0.7400153 0.2994925 0.7395091 0.2496075 0.7827308 0.2495474 0.7374776 0.1999435 0.7822244 0.1996621 0.7827308 0.2495474 0.737984 0.2498288 0.7374776 0.1999435 0.7827308 0.2495474 0.7822244 0.1996621 0.8181259 0.1994361 0.7384901 0.2997141 0.737984 0.2498288 0.7827308 0.2495474 0.8191385 0.2992064 0.7827308 0.2495474 0.818632 0.2493212 0.7827308 0.2495474 0.8181259 0.1994361 0.818632 0.2493212 0.8191385 0.2992064 0.7832375 0.2994323 0.7827308 0.2495474 0.7384901 0.2997141 0.7827308 0.2495474 0.7832375 0.2994323 0.784763 0.299211 0.8201575 0.2490999 0.8206638 0.2989852 0.7790398 0.2503206 0.7342921 0.250602 0.7337858 0.200717 0.7790398 0.2503206 0.7337858 0.200717 0.7785335 0.2004355 0.7795461 0.3002057 0.7342921 0.250602 0.7790398 0.2503206 0.7795461 0.3002057 0.7790398 0.2503206 0.8149406 0.2500945 0.7790398 0.2503206 0.8144348 0.2002096 0.8149406 0.2500945 0.7790398 0.2503206 0.7785335 0.2004355 0.8144348 0.2002096 0.7795461 0.3002057 0.7347983 0.3004876 0.7342921 0.250602 0.8216908 0.5786694 0.8252966 0.5788319 0.8252651 0.5821067 0.821502 0.598318 0.8179277 0.5948808 0.8215335 0.5950433 0.821502 0.598318 0.8178963 0.5981556 0.8179277 0.5948808 0.8217537 0.5721198 0.818085 0.5785068 0.818148 0.5719573 0.8217537 0.5721198 0.8216908 0.5786694 0.818085 0.5785068 0.8180536 0.5817817 0.818085 0.5785068 0.8216908 0.5786694 0.8144479 0.5816192 0.818085 0.5785068 0.8180536 0.5817817 0.8144479 0.5816192 0.8144794 0.5783444 0.818085 0.5785068 0.8216279 0.585219 0.8180536 0.5817817 0.8216593 0.5819442 0.8180536 0.5817817 0.8216908 0.5786694 0.8216593 0.5819442 0.8216279 0.585219 0.8180221 0.5850565 0.8180536 0.5817817 0.8144164 0.584894 0.8180536 0.5817817 0.8180221 0.5850565 0.8144164 0.584894 0.8144479 0.5816192 0.8180536 0.5817817 0.8179277 0.5948808 0.8179591 0.591606 0.821565 0.5917685 0.8179591 0.591606 0.8216279 0.585219 0.821565 0.5917685 0.8179591 0.591606 0.8180221 0.5850565 0.8216279 0.585219 0.8252651 0.5821067 0.8252336 0.5853815 0.8216593 0.5819442 0.8179277 0.5948808 0.821565 0.5917685 0.8215335 0.5950433 0.8252336 0.5853815 0.8216279 0.585219 0.8216593 0.5819442 0.8216593 0.5819442 0.8216908 0.5786694 0.8252651 0.5821067 0.449756 0.3059779 0.4328198 0.3402981 0.4328198 0.3059779 0.449756 0.3799123 0.449756 0.4142326 0.4328198 0.4142326 0.449756 0.3799123 0.4328198 0.4142326 0.4328198 0.3799123 0.449756 0.3493374 0.449756 0.3836576 0.4328198 0.3836576 0.449756 0.3455921 0.4666923 0.3799123 0.449756 0.3799123 0.449756 0.301627 0.449756 0.355237 0.4328198 0.355237 0.449756 0.3455921 0.4666923 0.3455921 0.4666923 0.3799123 0.449756 0.3493374 0.4328198 0.3836576 0.4328198 0.3493374 0.449756 0.301627 0.4328198 0.355237 0.4328198 0.301627 0.449756 0.3059779 0.449756 0.3402981 0.4328198 0.3402981 0.7842519 0.248845 0.8196464 0.1987338 0.8201526 0.248619 0.7795461 0.3002057 0.8149406 0.2500945 0.8154472 0.2999797 0.7842519 0.248845 0.7837451 0.1989598 0.8196464 0.1987338 0.8206591 0.2985041 0.7842519 0.248845 0.8201526 0.248619 0.7400104 0.2990116 0.7395038 0.2491266 0.7842519 0.248845 0.7842519 0.248845 0.7395038 0.2491266 0.7389979 0.1992415 0.7842519 0.248845 0.7389979 0.1992415 0.7837451 0.1989598 0.7400104 0.2990116 0.7842519 0.248845 0.7847582 0.2987301 0.8206591 0.2985041 0.7847582 0.2987301 0.7842519 0.248845 0.7842567 0.2493257 0.8196513 0.1992146 0.8201575 0.2490999 0.7842567 0.2493257 0.7837505 0.1994407 0.8196513 0.1992146 0.784763 0.299211 0.7842567 0.2493257 0.8201575 0.2490999 0.784763 0.299211 0.7395091 0.2496075 0.7842567 0.2493257 0.7842567 0.2493257 0.7395091 0.2496075 0.7390028 0.1997223 0.7842567 0.2493257 0.7390028 0.1997223 0.7837505 0.1994407 0.784763 0.299211 0.7400153 0.2994925 0.7395091 0.2496075 0.7827308 0.2495474 0.7374776 0.1999435 0.7822244 0.1996621 0.7827308 0.2495474 0.737984 0.2498288 0.7374776 0.1999435 0.7827308 0.2495474 0.7822244 0.1996621 0.8181259 0.1994361 0.7384901 0.2997141 0.737984 0.2498288 0.7827308 0.2495474 0.8191385 0.2992064 0.7827308 0.2495474 0.818632 0.2493212 0.7827308 0.2495474 0.8181259 0.1994361 0.818632 0.2493212 0.8191385 0.2992064 0.7832375 0.2994323 0.7827308 0.2495474 0.7384901 0.2997141 0.7827308 0.2495474 0.7832375 0.2994323 0.784763 0.299211 0.8201575 0.2490999 0.8206638 0.2989852 0.7790398 0.2503206 0.7342921 0.250602 0.7337858 0.200717 0.7790398 0.2503206 0.7337858 0.200717 0.7785335 0.2004355 0.7795461 0.3002057 0.7342921 0.250602 0.7790398 0.2503206 0.7795461 0.3002057 0.7790398 0.2503206 0.8149406 0.2500945 0.7790398 0.2503206 0.8144348 0.2002096 0.8149406 0.2500945 0.7790398 0.2503206 0.7785335 0.2004355 0.8144348 0.2002096 0.7795461 0.3002057 0.7347983 0.3004876 0.7342921 0.250602 0.8216908 0.5786694 0.8252966 0.5788319 0.8252651 0.5821067 0.821502 0.598318 0.8179277 0.5948808 0.8215335 0.5950433 0.821502 0.598318 0.8178963 0.5981556 0.8179277 0.5948808 0.8217537 0.5721198 0.818085 0.5785068 0.818148 0.5719573 0.8217537 0.5721198 0.8216908 0.5786694 0.818085 0.5785068 0.8180536 0.5817817 0.818085 0.5785068 0.8216908 0.5786694 0.8144479 0.5816192 0.818085 0.5785068 0.8180536 0.5817817 0.8144479 0.5816192 0.8144794 0.5783444 0.818085 0.5785068 0.8216279 0.585219 0.8180536 0.5817817 0.8216593 0.5819442 0.8180536 0.5817817 0.8216908 0.5786694 0.8216593 0.5819442 0.8216279 0.585219 0.8180221 0.5850565 0.8180536 0.5817817 0.8144164 0.584894 0.8180536 0.5817817 0.8180221 0.5850565 0.8144164 0.584894 0.8144479 0.5816192 0.8180536 0.5817817 0.8179277 0.5948808 0.8179591 0.591606 0.821565 0.5917685 0.8179591 0.591606 0.8216279 0.585219 0.821565 0.5917685 0.8179591 0.591606 0.8180221 0.5850565 0.8216279 0.585219 0.8252651 0.5821067 0.8252336 0.5853815 0.8216593 0.5819442 0.8179277 0.5948808 0.821565 0.5917685 0.8215335 0.5950433 0.8252336 0.5853815 0.8216279 0.585219 0.8216593 0.5819442 0.8216593 0.5819442 0.8216908 0.5786694 0.8252651 0.5821067 0.449756 0.3059779 0.4328198 0.3402981 0.4328198 0.3059779 0.449756 0.3799123 0.449756 0.4142326 0.4328198 0.4142326 0.449756 0.3799123 0.4328198 0.4142326 0.4328198 0.3799123 0.449756 0.3493374 0.449756 0.3836576 0.4328198 0.3836576 0.449756 0.3455921 0.4666923 0.3799123 0.449756 0.3799123 0.449756 0.301627 0.449756 0.355237 0.4328198 0.355237 0.449756 0.3455921 0.4666923 0.3455921 0.4666923 0.3799123 0.449756 0.3493374 0.4328198 0.3836576 0.4328198 0.3493374 0.449756 0.301627 0.4328198 0.355237 0.4328198 0.301627 0.449756 0.3059779 0.449756 0.3402981 0.4328198 0.3402981 0.5341417 0.2314162 0.4176506 0.2323511 0.4171327 0.2132705 0.4173863 0.2120028 0.4177253 0.2311499 0.5341271 0.231687 0.7219845 0.6201786 0.7415031 0.6465334 0.7163556 0.6727964 0.5341417 0.2314162 0.4171327 0.2132705 0.5336324 0.2119634 0.4173863 0.2120028 0.5341271 0.231687 0.5339125 0.211462 0.4171327 0.2132705 0.5342698 0.2315211 0.5336324 0.2119634 0.4171327 0.2132705 0.4177965 0.23176 0.5342698 0.2315211 0.7161487 0.6731005 0.7413688 0.6459177 0.7224367 0.6202147 0.8436331 0.9879651 0.8241194 0.9881945 0.8240325 0.9835121 0.824075 0.9832007 0.8241325 0.9878997 0.8436312 0.9880316 0.8303028 0.9811454 0.8434023 0.9852149 0.830972 0.990033 0.8436331 0.9879651 0.8240325 0.9835121 0.8435479 0.9831911 0.824075 0.9832007 0.8436312 0.9880316 0.8435945 0.9830681 0.8240325 0.9835121 0.8436546 0.987991 0.8435479 0.9831911 0.8240325 0.9835121 0.8241441 0.9880495 0.8436546 0.987991 0.8340838 0.9896106 0.8435144 0.9830449 0.8308838 0.9810563 0.7842519 0.248845 0.8196464 0.1987338 0.8201526 0.248619 0.7795461 0.3002057 0.8149406 0.2500945 0.8154472 0.2999797 0.7842519 0.248845 0.7837451 0.1989598 0.8196464 0.1987338 0.8206591 0.2985041 0.7842519 0.248845 0.8201526 0.248619 0.7400104 0.2990116 0.7395038 0.2491266 0.7842519 0.248845 0.7842519 0.248845 0.7395038 0.2491266 0.7389979 0.1992415 0.7842519 0.248845 0.7389979 0.1992415 0.7837451 0.1989598 0.7400104 0.2990116 0.7842519 0.248845 0.7847582 0.2987301 0.8206591 0.2985041 0.7847582 0.2987301 0.7842519 0.248845 0.7842567 0.2493257 0.8196513 0.1992146 0.8201575 0.2490999 0.7842567 0.2493257 0.7837505 0.1994407 0.8196513 0.1992146 0.784763 0.299211 0.7842567 0.2493257 0.8201575 0.2490999 0.784763 0.299211 0.7395091 0.2496075 0.7842567 0.2493257 0.7842567 0.2493257 0.7395091 0.2496075 0.7390028 0.1997223 0.7842567 0.2493257 0.7390028 0.1997223 0.7837505 0.1994407 0.784763 0.299211 0.7400153 0.2994925 0.7395091 0.2496075 0.7827308 0.2495474 0.7374776 0.1999435 0.7822244 0.1996621 0.7827308 0.2495474 0.737984 0.2498288 0.7374776 0.1999435 0.7827308 0.2495474 0.7822244 0.1996621 0.8181259 0.1994361 0.7384901 0.2997141 0.737984 0.2498288 0.7827308 0.2495474 0.8191385 0.2992064 0.7827308 0.2495474 0.818632 0.2493212 0.7827308 0.2495474 0.8181259 0.1994361 0.818632 0.2493212 0.8191385 0.2992064 0.7832375 0.2994323 0.7827308 0.2495474 0.7384901 0.2997141 0.7827308 0.2495474 0.7832375 0.2994323 0.784763 0.299211 0.8201575 0.2490999 0.8206638 0.2989852 0.7790398 0.2503206 0.7342921 0.250602 0.7337858 0.200717 0.7790398 0.2503206 0.7337858 0.200717 0.7785335 0.2004355 0.7795461 0.3002057 0.7342921 0.250602 0.7790398 0.2503206 0.7795461 0.3002057 0.7790398 0.2503206 0.8149406 0.2500945 0.7790398 0.2503206 0.8144348 0.2002096 0.8149406 0.2500945 0.7790398 0.2503206 0.7785335 0.2004355 0.8144348 0.2002096 0.7795461 0.3002057 0.7347983 0.3004876 0.7342921 0.250602 0.85003 0.968407 0.8053637 0.9881215 0.8053637 0.968407 0.8180925 0.9774153 0.8343107 0.9810184 0.8181409 0.9810017 0.8292544 0.9802031 0.833346 0.9802072 0.833203 0.9696648 0.8292544 0.9802031 0.833203 0.9696648 0.8291116 0.9696606 0.8180925 0.9774153 0.8342616 0.977432 0.8343107 0.9810184 0.825163 0.980199 0.8292544 0.9802031 0.8291116 0.9696606 0.8177453 0.9720925 0.8325229 0.9700554 0.832551 0.9721078 0.8177735 0.9741449 0.832551 0.9721078 0.832578 0.9741603 0.8177735 0.9741449 0.8177453 0.9720925 0.832551 0.9721078 0.8197508 0.979872 0.8196161 0.9699007 0.8330256 0.9699145 0.8177735 0.9741449 0.832578 0.9741603 0.8326066 0.9762127 0.8197508 0.979872 0.8330256 0.9699145 0.8331612 0.9798859 0.8250214 0.9699063 0.829283 0.979882 0.825157 0.9798777 0.8177735 0.9741449 0.8326066 0.9762127 0.8178015 0.9761974 0.8250214 0.9699063 0.8291476 0.9699105 0.829283 0.979882 0.8291476 0.9699105 0.8334084 0.9798861 0.829283 0.979882 0.8180921 0.9773671 0.8180434 0.9737807 0.8342128 0.9737973 0.8180434 0.9737807 0.817995 0.9701943 0.8341642 0.9702109 0.8180434 0.9737807 0.8341642 0.9702109 0.8342128 0.9737973 0.8168373 0.969648 0.8210717 0.9801946 0.8209289 0.9696522 0.8053637 0.96764 0.85003 0.9873545 0.8053637 0.9873545 0.8168373 0.969648 0.81698 0.9801905 0.8210717 0.9801946 0.8178015 0.9761974 0.8326339 0.9782651 0.8178291 0.9782499 0.8053637 0.96764 0.85003 0.96764 0.85003 0.9873545 0.8178015 0.9761974 0.8326066 0.9762127 0.8326339 0.9782651 0.8291476 0.9699105 0.8332737 0.9699148 0.8334084 0.9798861 0.8180921 0.9773671 0.8342128 0.9737973 0.8342613 0.9773837 0.8209289 0.9696522 0.825163 0.980199 0.8250199 0.9696564 0.8209289 0.9696522 0.8210717 0.9801946 0.825163 0.980199 0.825163 0.980199 0.8291116 0.9696606 0.8250199 0.9696564 0.8345967 0.9701463 0.8347426 0.9804683 0.8181465 0.980452 0.8345967 0.9701463 0.8181465 0.980452 0.8180006 0.97013 0.8177453 0.9720925 0.8177177 0.9700401 0.8325229 0.9700554 0.8169047 0.9798693 0.8167703 0.9698977 0.8208961 0.969902 0.8169047 0.9798693 0.8208961 0.969902 0.8210309 0.9798735 0.85003 0.968407 0.85003 0.9881215 0.8053637 0.9881215 0.5341417 0.2314162 0.4176506 0.2323511 0.4171327 0.2132705 0.4173863 0.2120028 0.4177253 0.2311499 0.5341271 0.231687 0.7219845 0.6201786 0.7415031 0.6465334 0.7163556 0.6727964 0.5341417 0.2314162 0.4171327 0.2132705 0.5336324 0.2119634 0.4173863 0.2120028 0.5341271 0.231687 0.5339125 0.211462 0.4171327 0.2132705 0.5342698 0.2315211 0.5336324 0.2119634 0.4171327 0.2132705 0.4177965 0.23176 0.5342698 0.2315211 0.7161487 0.6731005 0.7413688 0.6459177 0.7224367 0.6202147 0.8436331 0.9879651 0.8241194 0.9881945 0.8240325 0.9835121 0.824075 0.9832007 0.8241325 0.9878997 0.8436312 0.9880316 0.8303028 0.9811454 0.8434023 0.9852149 0.830972 0.990033 0.8436331 0.9879651 0.8240325 0.9835121 0.8435479 0.9831911 0.824075 0.9832007 0.8436312 0.9880316 0.8435945 0.9830681 0.8240325 0.9835121 0.8436546 0.987991 0.8435479 0.9831911 0.8240325 0.9835121 0.8241441 0.9880495 0.8436546 0.987991 0.8340838 0.9896106 0.8435144 0.9830449 0.8308838 0.9810563 0.8216908 0.5786694 0.8252966 0.5788319 0.8252651 0.5821067 0.821502 0.598318 0.8179277 0.5948808 0.8215335 0.5950433 0.821502 0.598318 0.8178963 0.5981556 0.8179277 0.5948808 0.8217537 0.5721198 0.818085 0.5785068 0.818148 0.5719573 0.8217537 0.5721198 0.8216908 0.5786694 0.818085 0.5785068 0.8180536 0.5817817 0.818085 0.5785068 0.8216908 0.5786694 0.8144479 0.5816192 0.818085 0.5785068 0.8180536 0.5817817 0.8144479 0.5816192 0.8144794 0.5783444 0.818085 0.5785068 0.8216279 0.585219 0.8180536 0.5817817 0.8216593 0.5819442 0.8180536 0.5817817 0.8216908 0.5786694 0.8216593 0.5819442 0.8216279 0.585219 0.8180221 0.5850565 0.8180536 0.5817817 0.8144164 0.584894 0.8180536 0.5817817 0.8180221 0.5850565 0.8144164 0.584894 0.8144479 0.5816192 0.8180536 0.5817817 0.8179277 0.5948808 0.8179591 0.591606 0.821565 0.5917685 0.8179591 0.591606 0.8216279 0.585219 0.821565 0.5917685 0.8179591 0.591606 0.8180221 0.5850565 0.8216279 0.585219 0.8252651 0.5821067 0.8252336 0.5853815 0.8216593 0.5819442 0.8179277 0.5948808 0.821565 0.5917685 0.8215335 0.5950433 0.8252336 0.5853815 0.8216279 0.585219 0.8216593 0.5819442 0.8216593 0.5819442 0.8216908 0.5786694 0.8252651 0.5821067 0.449756 0.3059779 0.4328198 0.3402981 0.4328198 0.3059779 0.449756 0.3799123 0.449756 0.4142326 0.4328198 0.4142326 0.449756 0.3799123 0.4328198 0.4142326 0.4328198 0.3799123 0.449756 0.3493374 0.449756 0.3836576 0.4328198 0.3836576 0.449756 0.3455921 0.4666923 0.3799123 0.449756 0.3799123 0.449756 0.301627 0.449756 0.355237 0.4328198 0.355237 0.449756 0.3455921 0.4666923 0.3455921 0.4666923 0.3799123 0.449756 0.3493374 0.4328198 0.3836576 0.4328198 0.3493374 0.449756 0.301627 0.4328198 0.355237 0.4328198 0.301627 0.449756 0.3059779 0.449756 0.3402981 0.4328198 0.3402981 0.7842519 0.248845 0.8196464 0.1987338 0.8201526 0.248619 0.7795461 0.3002057 0.8149406 0.2500945 0.8154472 0.2999797 0.7842519 0.248845 0.7837451 0.1989598 0.8196464 0.1987338 0.8206591 0.2985041 0.7842519 0.248845 0.8201526 0.248619 0.7400104 0.2990116 0.7395038 0.2491266 0.7842519 0.248845 0.7842519 0.248845 0.7395038 0.2491266 0.7389979 0.1992415 0.7842519 0.248845 0.7389979 0.1992415 0.7837451 0.1989598 0.7400104 0.2990116 0.7842519 0.248845 0.7847582 0.2987301 0.8206591 0.2985041 0.7847582 0.2987301 0.7842519 0.248845 0.7842567 0.2493257 0.8196513 0.1992146 0.8201575 0.2490999 0.7842567 0.2493257 0.7837505 0.1994407 0.8196513 0.1992146 0.784763 0.299211 0.7842567 0.2493257 0.8201575 0.2490999 0.784763 0.299211 0.7395091 0.2496075 0.7842567 0.2493257 0.7842567 0.2493257 0.7395091 0.2496075 0.7390028 0.1997223 0.7842567 0.2493257 0.7390028 0.1997223 0.7837505 0.1994407 0.784763 0.299211 0.7400153 0.2994925 0.7395091 0.2496075 0.7827308 0.2495474 0.7374776 0.1999435 0.7822244 0.1996621 0.7827308 0.2495474 0.737984 0.2498288 0.7374776 0.1999435 0.7827308 0.2495474 0.7822244 0.1996621 0.8181259 0.1994361 0.7384901 0.2997141 0.737984 0.2498288 0.7827308 0.2495474 0.8191385 0.2992064 0.7827308 0.2495474 0.818632 0.2493212 0.7827308 0.2495474 0.8181259 0.1994361 0.818632 0.2493212 0.8191385 0.2992064 0.7832375 0.2994323 0.7827308 0.2495474 0.7384901 0.2997141 0.7827308 0.2495474 0.7832375 0.2994323 0.784763 0.299211 0.8201575 0.2490999 0.8206638 0.2989852 0.7790398 0.2503206 0.7342921 0.250602 0.7337858 0.200717 0.7790398 0.2503206 0.7337858 0.200717 0.7785335 0.2004355 0.7795461 0.3002057 0.7342921 0.250602 0.7790398 0.2503206 0.7795461 0.3002057 0.7790398 0.2503206 0.8149406 0.2500945 0.7790398 0.2503206 0.8144348 0.2002096 0.8149406 0.2500945 0.7790398 0.2503206 0.7785335 0.2004355 0.8144348 0.2002096 0.7795461 0.3002057 0.7347983 0.3004876 0.7342921 0.250602 0.8216908 0.5786694 0.8252966 0.5788319 0.8252651 0.5821067 0.821502 0.598318 0.8179277 0.5948808 0.8215335 0.5950433 0.821502 0.598318 0.8178963 0.5981556 0.8179277 0.5948808 0.8217537 0.5721198 0.818085 0.5785068 0.818148 0.5719573 0.8217537 0.5721198 0.8216908 0.5786694 0.818085 0.5785068 0.8180536 0.5817817 0.818085 0.5785068 0.8216908 0.5786694 0.8144479 0.5816192 0.818085 0.5785068 0.8180536 0.5817817 0.8144479 0.5816192 0.8144794 0.5783444 0.818085 0.5785068 0.8216279 0.585219 0.8180536 0.5817817 0.8216593 0.5819442 0.8180536 0.5817817 0.8216908 0.5786694 0.8216593 0.5819442 0.8216279 0.585219 0.8180221 0.5850565 0.8180536 0.5817817 0.8144164 0.584894 0.8180536 0.5817817 0.8180221 0.5850565 0.8144164 0.584894 0.8144479 0.5816192 0.8180536 0.5817817 0.8179277 0.5948808 0.8179591 0.591606 0.821565 0.5917685 0.8179591 0.591606 0.8216279 0.585219 0.821565 0.5917685 0.8179591 0.591606 0.8180221 0.5850565 0.8216279 0.585219 0.8252651 0.5821067 0.8252336 0.5853815 0.8216593 0.5819442 0.8179277 0.5948808 0.821565 0.5917685 0.8215335 0.5950433 0.8252336 0.5853815 0.8216279 0.585219 0.8216593 0.5819442 0.8216593 0.5819442 0.8216908 0.5786694 0.8252651 0.5821067 0.449756 0.3059779 0.4328198 0.3402981 0.4328198 0.3059779 0.449756 0.3799123 0.449756 0.4142326 0.4328198 0.4142326 0.449756 0.3799123 0.4328198 0.4142326 0.4328198 0.3799123 0.449756 0.3493374 0.449756 0.3836576 0.4328198 0.3836576 0.449756 0.3455921 0.4666923 0.3799123 0.449756 0.3799123 0.449756 0.301627 0.449756 0.355237 0.4328198 0.355237 0.449756 0.3455921 0.4666923 0.3455921 0.4666923 0.3799123 0.449756 0.3493374 0.4328198 0.3836576 0.4328198 0.3493374 0.449756 0.301627 0.4328198 0.355237 0.4328198 0.301627 0.449756 0.3059779 0.449756 0.3402981 0.4328198 0.3402981 0.7842519 0.248845 0.8196464 0.1987338 0.8201526 0.248619 0.7795461 0.3002057 0.8149406 0.2500945 0.8154472 0.2999797 0.7842519 0.248845 0.7837451 0.1989598 0.8196464 0.1987338 0.8206591 0.2985041 0.7842519 0.248845 0.8201526 0.248619 0.7400104 0.2990116 0.7395038 0.2491266 0.7842519 0.248845 0.7842519 0.248845 0.7395038 0.2491266 0.7389979 0.1992415 0.7842519 0.248845 0.7389979 0.1992415 0.7837451 0.1989598 0.7400104 0.2990116 0.7842519 0.248845 0.7847582 0.2987301 0.8206591 0.2985041 0.7847582 0.2987301 0.7842519 0.248845 0.7842567 0.2493257 0.8196513 0.1992146 0.8201575 0.2490999 0.7842567 0.2493257 0.7837505 0.1994407 0.8196513 0.1992146 0.784763 0.299211 0.7842567 0.2493257 0.8201575 0.2490999 0.784763 0.299211 0.7395091 0.2496075 0.7842567 0.2493257 0.7842567 0.2493257 0.7395091 0.2496075 0.7390028 0.1997223 0.7842567 0.2493257 0.7390028 0.1997223 0.7837505 0.1994407 0.784763 0.299211 0.7400153 0.2994925 0.7395091 0.2496075 0.7827308 0.2495474 0.7374776 0.1999435 0.7822244 0.1996621 0.7827308 0.2495474 0.737984 0.2498288 0.7374776 0.1999435 0.7827308 0.2495474 0.7822244 0.1996621 0.8181259 0.1994361 0.7384901 0.2997141 0.737984 0.2498288 0.7827308 0.2495474 0.8191385 0.2992064 0.7827308 0.2495474 0.818632 0.2493212 0.7827308 0.2495474 0.8181259 0.1994361 0.818632 0.2493212 0.8191385 0.2992064 0.7832375 0.2994323 0.7827308 0.2495474 0.7384901 0.2997141 0.7827308 0.2495474 0.7832375 0.2994323 0.784763 0.299211 0.8201575 0.2490999 0.8206638 0.2989852 0.7790398 0.2503206 0.7342921 0.250602 0.7337858 0.200717 0.7790398 0.2503206 0.7337858 0.200717 0.7785335 0.2004355 0.7795461 0.3002057 0.7342921 0.250602 0.7790398 0.2503206 0.7795461 0.3002057 0.7790398 0.2503206 0.8149406 0.2500945 0.7790398 0.2503206 0.8144348 0.2002096 0.8149406 0.2500945 0.7790398 0.2503206 0.7785335 0.2004355 0.8144348 0.2002096 0.7795461 0.3002057 0.7347983 0.3004876 0.7342921 0.250602 0.8216908 0.5786694 0.8252966 0.5788319 0.8252651 0.5821067 0.821502 0.598318 0.8179277 0.5948808 0.8215335 0.5950433 0.821502 0.598318 0.8178963 0.5981556 0.8179277 0.5948808 0.8217537 0.5721198 0.818085 0.5785068 0.818148 0.5719573 0.8217537 0.5721198 0.8216908 0.5786694 0.818085 0.5785068 0.8180536 0.5817817 0.818085 0.5785068 0.8216908 0.5786694 0.8144479 0.5816192 0.818085 0.5785068 0.8180536 0.5817817 0.8144479 0.5816192 0.8144794 0.5783444 0.818085 0.5785068 0.8216279 0.585219 0.8180536 0.5817817 0.8216593 0.5819442 0.8180536 0.5817817 0.8216908 0.5786694 0.8216593 0.5819442 0.8216279 0.585219 0.8180221 0.5850565 0.8180536 0.5817817 0.8144164 0.584894 0.8180536 0.5817817 0.8180221 0.5850565 0.8144164 0.584894 0.8144479 0.5816192 0.8180536 0.5817817 0.8179277 0.5948808 0.8179591 0.591606 0.821565 0.5917685 0.8179591 0.591606 0.8216279 0.585219 0.821565 0.5917685 0.8179591 0.591606 0.8180221 0.5850565 0.8216279 0.585219 0.8252651 0.5821067 0.8252336 0.5853815 0.8216593 0.5819442 0.8179277 0.5948808 0.821565 0.5917685 0.8215335 0.5950433 0.8252336 0.5853815 0.8216279 0.585219 0.8216593 0.5819442 0.8216593 0.5819442 0.8216908 0.5786694 0.8252651 0.5821067 0.449756 0.3059779 0.4328198 0.3402981 0.4328198 0.3059779 0.449756 0.3799123 0.449756 0.4142326 0.4328198 0.4142326 0.449756 0.3799123 0.4328198 0.4142326 0.4328198 0.3799123 0.449756 0.3493374 0.449756 0.3836576 0.4328198 0.3836576 0.449756 0.3455921 0.4666923 0.3799123 0.449756 0.3799123 0.449756 0.301627 0.449756 0.355237 0.4328198 0.355237 0.449756 0.3455921 0.4666923 0.3455921 0.4666923 0.3799123 0.449756 0.3493374 0.4328198 0.3836576 0.4328198 0.3493374 0.449756 0.301627 0.4328198 0.355237 0.4328198 0.301627 0.449756 0.3059779 0.449756 0.3402981 0.4328198 0.3402981 0.5341417 0.2314162 0.4176506 0.2323511 0.4171327 0.2132705 0.4173863 0.2120028 0.4177253 0.2311499 0.5341271 0.231687 0.7219845 0.6201786 0.7415031 0.6465334 0.7163556 0.6727964 0.5341417 0.2314162 0.4171327 0.2132705 0.5336324 0.2119634 0.4173863 0.2120028 0.5341271 0.231687 0.5339125 0.211462 0.4171327 0.2132705 0.5342698 0.2315211 0.5336324 0.2119634 0.4171327 0.2132705 0.4177965 0.23176 0.5342698 0.2315211 0.7161487 0.6731005 0.7413688 0.6459177 0.7224367 0.6202147 0.8436331 0.9879651 0.8241194 0.9881945 0.8240325 0.9835121 0.824075 0.9832007 0.8241325 0.9878997 0.8436312 0.9880316 0.8303028 0.9811454 0.8434023 0.9852149 0.830972 0.990033 0.8436331 0.9879651 0.8240325 0.9835121 0.8435479 0.9831911 0.824075 0.9832007 0.8436312 0.9880316 0.8435945 0.9830681 0.8240325 0.9835121 0.8436546 0.987991 0.8435479 0.9831911 0.8240325 0.9835121 0.8241441 0.9880495 0.8436546 0.987991 0.8340838 0.9896106 0.8435144 0.9830449 0.8308838 0.9810563 0.7842519 0.248845 0.8196464 0.1987338 0.8201526 0.248619 0.7795461 0.3002057 0.8149406 0.2500945 0.8154472 0.2999797 0.7842519 0.248845 0.7837451 0.1989598 0.8196464 0.1987338 0.8206591 0.2985041 0.7842519 0.248845 0.8201526 0.248619 0.7400104 0.2990116 0.7395038 0.2491266 0.7842519 0.248845 0.7842519 0.248845 0.7395038 0.2491266 0.7389979 0.1992415 0.7842519 0.248845 0.7389979 0.1992415 0.7837451 0.1989598 0.7400104 0.2990116 0.7842519 0.248845 0.7847582 0.2987301 0.8206591 0.2985041 0.7847582 0.2987301 0.7842519 0.248845 0.7842567 0.2493257 0.8196513 0.1992146 0.8201575 0.2490999 0.7842567 0.2493257 0.7837505 0.1994407 0.8196513 0.1992146 0.784763 0.299211 0.7842567 0.2493257 0.8201575 0.2490999 0.784763 0.299211 0.7395091 0.2496075 0.7842567 0.2493257 0.7842567 0.2493257 0.7395091 0.2496075 0.7390028 0.1997223 0.7842567 0.2493257 0.7390028 0.1997223 0.7837505 0.1994407 0.784763 0.299211 0.7400153 0.2994925 0.7395091 0.2496075 0.7827308 0.2495474 0.7374776 0.1999435 0.7822244 0.1996621 0.7827308 0.2495474 0.737984 0.2498288 0.7374776 0.1999435 0.7827308 0.2495474 0.7822244 0.1996621 0.8181259 0.1994361 0.7384901 0.2997141 0.737984 0.2498288 0.7827308 0.2495474 0.8191385 0.2992064 0.7827308 0.2495474 0.818632 0.2493212 0.7827308 0.2495474 0.8181259 0.1994361 0.818632 0.2493212 0.8191385 0.2992064 0.7832375 0.2994323 0.7827308 0.2495474 0.7384901 0.2997141 0.7827308 0.2495474 0.7832375 0.2994323 0.784763 0.299211 0.8201575 0.2490999 0.8206638 0.2989852 0.7790398 0.2503206 0.7342921 0.250602 0.7337858 0.200717 0.7790398 0.2503206 0.7337858 0.200717 0.7785335 0.2004355 0.7795461 0.3002057 0.7342921 0.250602 0.7790398 0.2503206 0.7795461 0.3002057 0.7790398 0.2503206 0.8149406 0.2500945 0.7790398 0.2503206 0.8144348 0.2002096 0.8149406 0.2500945 0.7790398 0.2503206 0.7785335 0.2004355 0.8144348 0.2002096 0.7795461 0.3002057 0.7347983 0.3004876 0.7342921 0.250602 0.85003 0.968407 0.8053637 0.9881215 0.8053637 0.968407 0.8180925 0.9774153 0.8343107 0.9810184 0.8181409 0.9810017 0.8292544 0.9802031 0.833346 0.9802072 0.833203 0.9696648 0.8292544 0.9802031 0.833203 0.9696648 0.8291116 0.9696606 0.8180925 0.9774153 0.8342616 0.977432 0.8343107 0.9810184 0.825163 0.980199 0.8292544 0.9802031 0.8291116 0.9696606 0.8177453 0.9720925 0.8325229 0.9700554 0.832551 0.9721078 0.8177735 0.9741449 0.832551 0.9721078 0.832578 0.9741603 0.8177735 0.9741449 0.8177453 0.9720925 0.832551 0.9721078 0.8197508 0.979872 0.8196161 0.9699007 0.8330256 0.9699145 0.8177735 0.9741449 0.832578 0.9741603 0.8326066 0.9762127 0.8197508 0.979872 0.8330256 0.9699145 0.8331612 0.9798859 0.8250214 0.9699063 0.829283 0.979882 0.825157 0.9798777 0.8177735 0.9741449 0.8326066 0.9762127 0.8178015 0.9761974 0.8250214 0.9699063 0.8291476 0.9699105 0.829283 0.979882 0.8291476 0.9699105 0.8334084 0.9798861 0.829283 0.979882 0.8180921 0.9773671 0.8180434 0.9737807 0.8342128 0.9737973 0.8180434 0.9737807 0.817995 0.9701943 0.8341642 0.9702109 0.8180434 0.9737807 0.8341642 0.9702109 0.8342128 0.9737973 0.8168373 0.969648 0.8210717 0.9801946 0.8209289 0.9696522 0.8053637 0.96764 0.85003 0.9873545 0.8053637 0.9873545 0.8168373 0.969648 0.81698 0.9801905 0.8210717 0.9801946 0.8178015 0.9761974 0.8326339 0.9782651 0.8178291 0.9782499 0.8053637 0.96764 0.85003 0.96764 0.85003 0.9873545 0.8178015 0.9761974 0.8326066 0.9762127 0.8326339 0.9782651 0.8291476 0.9699105 0.8332737 0.9699148 0.8334084 0.9798861 0.8180921 0.9773671 0.8342128 0.9737973 0.8342613 0.9773837 0.8209289 0.9696522 0.825163 0.980199 0.8250199 0.9696564 0.8209289 0.9696522 0.8210717 0.9801946 0.825163 0.980199 0.825163 0.980199 0.8291116 0.9696606 0.8250199 0.9696564 0.8345967 0.9701463 0.8347426 0.9804683 0.8181465 0.980452 0.8345967 0.9701463 0.8181465 0.980452 0.8180006 0.97013 0.8177453 0.9720925 0.8177177 0.9700401 0.8325229 0.9700554 0.8169047 0.9798693 0.8167703 0.9698977 0.8208961 0.969902 0.8169047 0.9798693 0.8208961 0.969902 0.8210309 0.9798735 0.85003 0.968407 0.85003 0.9881215 0.8053637 0.9881215 0.5341417 0.2314162 0.4176506 0.2323511 0.4171327 0.2132705 0.4173863 0.2120028 0.4177253 0.2311499 0.5341271 0.231687 0.7219845 0.6201786 0.7415031 0.6465334 0.7163556 0.6727964 0.5341417 0.2314162 0.4171327 0.2132705 0.5336324 0.2119634 0.4173863 0.2120028 0.5341271 0.231687 0.5339125 0.211462 0.4171327 0.2132705 0.5342698 0.2315211 0.5336324 0.2119634 0.4171327 0.2132705 0.4177965 0.23176 0.5342698 0.2315211 0.7161487 0.6731005 0.7413688 0.6459177 0.7224367 0.6202147 0.8436331 0.9879651 0.8241194 0.9881945 0.8240325 0.9835121 0.824075 0.9832007 0.8241325 0.9878997 0.8436312 0.9880316 0.8303028 0.9811454 0.8434023 0.9852149 0.830972 0.990033 0.8436331 0.9879651 0.8240325 0.9835121 0.8435479 0.9831911 0.824075 0.9832007 0.8436312 0.9880316 0.8435945 0.9830681 0.8240325 0.9835121 0.8436546 0.987991 0.8435479 0.9831911 0.8240325 0.9835121 0.8241441 0.9880495 0.8436546 0.987991 0.8340838 0.9896106 0.8435144 0.9830449 0.8308838 0.9810563 0.8216908 0.5786694 0.8252966 0.5788319 0.8252651 0.5821067 0.821502 0.598318 0.8179277 0.5948808 0.8215335 0.5950433 0.821502 0.598318 0.8178963 0.5981556 0.8179277 0.5948808 0.8217537 0.5721198 0.818085 0.5785068 0.818148 0.5719573 0.8217537 0.5721198 0.8216908 0.5786694 0.818085 0.5785068 0.8180536 0.5817817 0.818085 0.5785068 0.8216908 0.5786694 0.8144479 0.5816192 0.818085 0.5785068 0.8180536 0.5817817 0.8144479 0.5816192 0.8144794 0.5783444 0.818085 0.5785068 0.8216279 0.585219 0.8180536 0.5817817 0.8216593 0.5819442 0.8180536 0.5817817 0.8216908 0.5786694 0.8216593 0.5819442 0.8216279 0.585219 0.8180221 0.5850565 0.8180536 0.5817817 0.8144164 0.584894 0.8180536 0.5817817 0.8180221 0.5850565 0.8144164 0.584894 0.8144479 0.5816192 0.8180536 0.5817817 0.8179277 0.5948808 0.8179591 0.591606 0.821565 0.5917685 0.8179591 0.591606 0.8216279 0.585219 0.821565 0.5917685 0.8179591 0.591606 0.8180221 0.5850565 0.8216279 0.585219 0.8252651 0.5821067 0.8252336 0.5853815 0.8216593 0.5819442 0.8179277 0.5948808 0.821565 0.5917685 0.8215335 0.5950433 0.8252336 0.5853815 0.8216279 0.585219 0.8216593 0.5819442 0.8216593 0.5819442 0.8216908 0.5786694 0.8252651 0.5821067 0.449756 0.3059779 0.4328198 0.3402981 0.4328198 0.3059779 0.449756 0.3799123 0.449756 0.4142326 0.4328198 0.4142326 0.449756 0.3799123 0.4328198 0.4142326 0.4328198 0.3799123 0.449756 0.3493374 0.449756 0.3836576 0.4328198 0.3836576 0.449756 0.3455921 0.4666923 0.3799123 0.449756 0.3799123 0.449756 0.301627 0.449756 0.355237 0.4328198 0.355237 0.449756 0.3455921 0.4666923 0.3455921 0.4666923 0.3799123 0.449756 0.3493374 0.4328198 0.3836576 0.4328198 0.3493374 0.449756 0.301627 0.4328198 0.355237 0.4328198 0.301627 0.449756 0.3059779 0.449756 0.3402981 0.4328198 0.3402981 0.7842519 0.248845 0.8196464 0.1987338 0.8201526 0.248619 0.7795461 0.3002057 0.8149406 0.2500945 0.8154472 0.2999797 0.7842519 0.248845 0.7837451 0.1989598 0.8196464 0.1987338 0.8206591 0.2985041 0.7842519 0.248845 0.8201526 0.248619 0.7400104 0.2990116 0.7395038 0.2491266 0.7842519 0.248845 0.7842519 0.248845 0.7395038 0.2491266 0.7389979 0.1992415 0.7842519 0.248845 0.7389979 0.1992415 0.7837451 0.1989598 0.7400104 0.2990116 0.7842519 0.248845 0.7847582 0.2987301 0.8206591 0.2985041 0.7847582 0.2987301 0.7842519 0.248845 0.7842567 0.2493257 0.8196513 0.1992146 0.8201575 0.2490999 0.7842567 0.2493257 0.7837505 0.1994407 0.8196513 0.1992146 0.784763 0.299211 0.7842567 0.2493257 0.8201575 0.2490999 0.784763 0.299211 0.7395091 0.2496075 0.7842567 0.2493257 0.7842567 0.2493257 0.7395091 0.2496075 0.7390028 0.1997223 0.7842567 0.2493257 0.7390028 0.1997223 0.7837505 0.1994407 0.784763 0.299211 0.7400153 0.2994925 0.7395091 0.2496075 0.7827308 0.2495474 0.7374776 0.1999435 0.7822244 0.1996621 0.7827308 0.2495474 0.737984 0.2498288 0.7374776 0.1999435 0.7827308 0.2495474 0.7822244 0.1996621 0.8181259 0.1994361 0.7384901 0.2997141 0.737984 0.2498288 0.7827308 0.2495474 0.8191385 0.2992064 0.7827308 0.2495474 0.818632 0.2493212 0.7827308 0.2495474 0.8181259 0.1994361 0.818632 0.2493212 0.8191385 0.2992064 0.7832375 0.2994323 0.7827308 0.2495474 0.7384901 0.2997141 0.7827308 0.2495474 0.7832375 0.2994323 0.784763 0.299211 0.8201575 0.2490999 0.8206638 0.2989852 0.7790398 0.2503206 0.7342921 0.250602 0.7337858 0.200717 0.7790398 0.2503206 0.7337858 0.200717 0.7785335 0.2004355 0.7795461 0.3002057 0.7342921 0.250602 0.7790398 0.2503206 0.7795461 0.3002057 0.7790398 0.2503206 0.8149406 0.2500945 0.7790398 0.2503206 0.8144348 0.2002096 0.8149406 0.2500945 0.7790398 0.2503206 0.7785335 0.2004355 0.8144348 0.2002096 0.7795461 0.3002057 0.7347983 0.3004876 0.7342921 0.250602 0.8216908 0.5786694 0.8252966 0.5788319 0.8252651 0.5821067 0.821502 0.598318 0.8179277 0.5948808 0.8215335 0.5950433 0.821502 0.598318 0.8178963 0.5981556 0.8179277 0.5948808 0.8217537 0.5721198 0.818085 0.5785068 0.818148 0.5719573 0.8217537 0.5721198 0.8216908 0.5786694 0.818085 0.5785068 0.8180536 0.5817817 0.818085 0.5785068 0.8216908 0.5786694 0.8144479 0.5816192 0.818085 0.5785068 0.8180536 0.5817817 0.8144479 0.5816192 0.8144794 0.5783444 0.818085 0.5785068 0.8216279 0.585219 0.8180536 0.5817817 0.8216593 0.5819442 0.8180536 0.5817817 0.8216908 0.5786694 0.8216593 0.5819442 0.8216279 0.585219 0.8180221 0.5850565 0.8180536 0.5817817 0.8144164 0.584894 0.8180536 0.5817817 0.8180221 0.5850565 0.8144164 0.584894 0.8144479 0.5816192 0.8180536 0.5817817 0.8179277 0.5948808 0.8179591 0.591606 0.821565 0.5917685 0.8179591 0.591606 0.8216279 0.585219 0.821565 0.5917685 0.8179591 0.591606 0.8180221 0.5850565 0.8216279 0.585219 0.8252651 0.5821067 0.8252336 0.5853815 0.8216593 0.5819442 0.8179277 0.5948808 0.821565 0.5917685 0.8215335 0.5950433 0.8252336 0.5853815 0.8216279 0.585219 0.8216593 0.5819442 0.8216593 0.5819442 0.8216908 0.5786694 0.8252651 0.5821067 0.449756 0.3059779 0.4328198 0.3402981 0.4328198 0.3059779 0.449756 0.3799123 0.449756 0.4142326 0.4328198 0.4142326 0.449756 0.3799123 0.4328198 0.4142326 0.4328198 0.3799123 0.449756 0.3493374 0.449756 0.3836576 0.4328198 0.3836576 0.449756 0.3455921 0.4666923 0.3799123 0.449756 0.3799123 0.449756 0.301627 0.449756 0.355237 0.4328198 0.355237 0.449756 0.3455921 0.4666923 0.3455921 0.4666923 0.3799123 0.449756 0.3493374 0.4328198 0.3836576 0.4328198 0.3493374 0.449756 0.301627 0.4328198 0.355237 0.4328198 0.301627 0.449756 0.3059779 0.449756 0.3402981 0.4328198 0.3402981 0.7842519 0.248845 0.8196464 0.1987338 0.8201526 0.248619 0.7795461 0.3002057 0.8149406 0.2500945 0.8154472 0.2999797 0.7842519 0.248845 0.7837451 0.1989598 0.8196464 0.1987338 0.8206591 0.2985041 0.7842519 0.248845 0.8201526 0.248619 0.7400104 0.2990116 0.7395038 0.2491266 0.7842519 0.248845 0.7842519 0.248845 0.7395038 0.2491266 0.7389979 0.1992415 0.7842519 0.248845 0.7389979 0.1992415 0.7837451 0.1989598 0.7400104 0.2990116 0.7842519 0.248845 0.7847582 0.2987301 0.8206591 0.2985041 0.7847582 0.2987301 0.7842519 0.248845 0.7842567 0.2493257 0.8196513 0.1992146 0.8201575 0.2490999 0.7842567 0.2493257 0.7837505 0.1994407 0.8196513 0.1992146 0.784763 0.299211 0.7842567 0.2493257 0.8201575 0.2490999 0.784763 0.299211 0.7395091 0.2496075 0.7842567 0.2493257 0.7842567 0.2493257 0.7395091 0.2496075 0.7390028 0.1997223 0.7842567 0.2493257 0.7390028 0.1997223 0.7837505 0.1994407 0.784763 0.299211 0.7400153 0.2994925 0.7395091 0.2496075 0.7827308 0.2495474 0.7374776 0.1999435 0.7822244 0.1996621 0.7827308 0.2495474 0.737984 0.2498288 0.7374776 0.1999435 0.7827308 0.2495474 0.7822244 0.1996621 0.8181259 0.1994361 0.7384901 0.2997141 0.737984 0.2498288 0.7827308 0.2495474 0.8191385 0.2992064 0.7827308 0.2495474 0.818632 0.2493212 0.7827308 0.2495474 0.8181259 0.1994361 0.818632 0.2493212 0.8191385 0.2992064 0.7832375 0.2994323 0.7827308 0.2495474 0.7384901 0.2997141 0.7827308 0.2495474 0.7832375 0.2994323 0.784763 0.299211 0.8201575 0.2490999 0.8206638 0.2989852 0.7790398 0.2503206 0.7342921 0.250602 0.7337858 0.200717 0.7790398 0.2503206 0.7337858 0.200717 0.7785335 0.2004355 0.7795461 0.3002057 0.7342921 0.250602 0.7790398 0.2503206 0.7795461 0.3002057 0.7790398 0.2503206 0.8149406 0.2500945 0.7790398 0.2503206 0.8144348 0.2002096 0.8149406 0.2500945 0.7790398 0.2503206 0.7785335 0.2004355 0.8144348 0.2002096 0.7795461 0.3002057 0.7347983 0.3004876 0.7342921 0.250602 0.8216908 0.5786694 0.8252966 0.5788319 0.8252651 0.5821067 0.821502 0.598318 0.8179277 0.5948808 0.8215335 0.5950433 0.821502 0.598318 0.8178963 0.5981556 0.8179277 0.5948808 0.8217537 0.5721198 0.818085 0.5785068 0.818148 0.5719573 0.8217537 0.5721198 0.8216908 0.5786694 0.818085 0.5785068 0.8180536 0.5817817 0.818085 0.5785068 0.8216908 0.5786694 0.8144479 0.5816192 0.818085 0.5785068 0.8180536 0.5817817 0.8144479 0.5816192 0.8144794 0.5783444 0.818085 0.5785068 0.8216279 0.585219 0.8180536 0.5817817 0.8216593 0.5819442 0.8180536 0.5817817 0.8216908 0.5786694 0.8216593 0.5819442 0.8216279 0.585219 0.8180221 0.5850565 0.8180536 0.5817817 0.8144164 0.584894 0.8180536 0.5817817 0.8180221 0.5850565 0.8144164 0.584894 0.8144479 0.5816192 0.8180536 0.5817817 0.8179277 0.5948808 0.8179591 0.591606 0.821565 0.5917685 0.8179591 0.591606 0.8216279 0.585219 0.821565 0.5917685 0.8179591 0.591606 0.8180221 0.5850565 0.8216279 0.585219 0.8252651 0.5821067 0.8252336 0.5853815 0.8216593 0.5819442 0.8179277 0.5948808 0.821565 0.5917685 0.8215335 0.5950433 0.8252336 0.5853815 0.8216279 0.585219 0.8216593 0.5819442 0.8216593 0.5819442 0.8216908 0.5786694 0.8252651 0.5821067 0.449756 0.3059779 0.4328198 0.3402981 0.4328198 0.3059779 0.449756 0.3799123 0.449756 0.4142326 0.4328198 0.4142326 0.449756 0.3799123 0.4328198 0.4142326 0.4328198 0.3799123 0.449756 0.3493374 0.449756 0.3836576 0.4328198 0.3836576 0.449756 0.3455921 0.4666923 0.3799123 0.449756 0.3799123 0.449756 0.301627 0.449756 0.355237 0.4328198 0.355237 0.449756 0.3455921 0.4666923 0.3455921 0.4666923 0.3799123 0.449756 0.3493374 0.4328198 0.3836576 0.4328198 0.3493374 0.449756 0.301627 0.4328198 0.355237 0.4328198 0.301627 0.449756 0.3059779 0.449756 0.3402981 0.4328198 0.3402981 0.5341417 0.2314162 0.4176506 0.2323511 0.4171327 0.2132705 0.4173863 0.2120028 0.4177253 0.2311499 0.5341271 0.231687 0.7219845 0.6201786 0.7415031 0.6465334 0.7163556 0.6727964 0.5341417 0.2314162 0.4171327 0.2132705 0.5336324 0.2119634 0.4173863 0.2120028 0.5341271 0.231687 0.5339125 0.211462 0.4171327 0.2132705 0.5342698 0.2315211 0.5336324 0.2119634 0.4171327 0.2132705 0.4177965 0.23176 0.5342698 0.2315211 0.7161487 0.6731005 0.7413688 0.6459177 0.7224367 0.6202147 0.8436331 0.9879651 0.8241194 0.9881945 0.8240325 0.9835121 0.824075 0.9832007 0.8241325 0.9878997 0.8436312 0.9880316 0.8303028 0.9811454 0.8434023 0.9852149 0.830972 0.990033 0.8436331 0.9879651 0.8240325 0.9835121 0.8435479 0.9831911 0.824075 0.9832007 0.8436312 0.9880316 0.8435945 0.9830681 0.8240325 0.9835121 0.8436546 0.987991 0.8435479 0.9831911 0.8240325 0.9835121 0.8241441 0.9880495 0.8436546 0.987991 0.8340838 0.9896106 0.8435144 0.9830449 0.8308838 0.9810563 0.7890529 0.6830379 0.8032345 0.7279469 0.8029905 0.6819671 0.7890529 0.6830379 0.789297 0.7288345 0.8032345 0.7279469 0.779417 0.7298107 0.7720403 0.7300243 0.7718432 0.6822093 0.779417 0.7298107 0.7718432 0.6822093 0.7792204 0.6819953 0.8032345 0.7279469 0.7956498 0.7284294 0.7954057 0.6825498 0.8032345 0.7279469 0.7957715 0.7527484 0.7956498 0.7284294 0.7894186 0.7531522 0.8032345 0.7279469 0.789297 0.7288345 0.7894186 0.7531522 0.8033563 0.752265 0.8032345 0.7279469 0.8032345 0.7279469 0.8033563 0.752265 0.7957715 0.7527484 0.8032345 0.7279469 0.7954057 0.6825498 0.8029905 0.6819671 0.7894186 0.7531522 0.7895448 0.7632503 0.8034825 0.762362 0.7800851 0.7626644 0.7727084 0.7628784 0.7726671 0.7539178 0.779417 0.7298107 0.7721392 0.7539319 0.7720403 0.7300243 0.779417 0.7298107 0.7795158 0.7537173 0.7721392 0.7539319 0.7800851 0.7626644 0.7726671 0.7539178 0.7800436 0.7537033 0.7894186 0.7531522 0.8034825 0.762362 0.8033563 0.752265 0.7586837 0.8207042 0.7557861 0.8011435 0.7670292 0.8011472 0.8034825 0.762362 0.7958974 0.7628448 0.7957715 0.7527484 0.7670292 0.8011472 0.7557861 0.8011435 0.7586852 0.781585 0.8034825 0.762362 0.7957715 0.7527484 0.8033563 0.752265 0.7670292 0.8011472 0.7670301 0.7747932 0.7753743 0.7815904 0.7670292 0.8011472 0.7586852 0.781585 0.7670301 0.7747932 0.7753728 0.8207096 0.767028 0.8275016 0.7670292 0.8011472 0.7586837 0.8207042 0.7670292 0.8011472 0.767028 0.8275016 0.7753728 0.8207096 0.7670292 0.8011472 0.7782722 0.801151 0.7670292 0.8011472 0.7753743 0.7815904 0.7782722 0.801151 0.7612719 0.7618794 0.7567126 0.7613848 0.7565712 0.7516136 0.7688606 0.7529327 0.7689866 0.7635824 0.7765649 0.7629442 0.7688606 0.7529327 0.7763167 0.7291021 0.7687385 0.7297403 0.761088 0.7297469 0.7565712 0.7516136 0.7565287 0.7292523 0.761088 0.7297469 0.7611303 0.7521075 0.7565712 0.7516136 0.7612719 0.7618794 0.7565712 0.7516136 0.7611303 0.7521075 0.7688606 0.7529327 0.7764389 0.7522938 0.7763167 0.7291021 0.7688606 0.7529327 0.7765649 0.7629442 0.7764389 0.7522938 0.7838638 0.7288849 0.7760871 0.7295404 0.7758427 0.6844106 0.7838638 0.7288849 0.7762091 0.7527323 0.7760871 0.7295404 0.7684943 0.6846114 0.7687385 0.7297403 0.7763167 0.7291021 0.7838638 0.7288849 0.783986 0.7520781 0.7762091 0.7527323 0.7684943 0.6846114 0.7763167 0.7291021 0.7760725 0.6839727 0.7838638 0.7288849 0.7758427 0.6844106 0.7836196 0.6837565 0.761088 0.7297469 0.7565287 0.7292523 0.7564443 0.6829765 0.761088 0.7297469 0.7564443 0.6829765 0.7610036 0.6834712 0.7717458 0.6846361 0.761088 0.7297469 0.7610036 0.6834712 0.7845646 0.7535648 0.779417 0.7298107 0.7844665 0.7296569 0.78742 0.7534902 0.7874616 0.762451 0.7800851 0.7626644 0.7841117 0.7627276 0.7763352 0.7633817 0.7762091 0.7527323 0.7841117 0.7627276 0.7762091 0.7527323 0.783986 0.7520781 0.7845646 0.7535648 0.7795158 0.7537173 0.779417 0.7298107 0.78742 0.7534902 0.7800851 0.7626644 0.7800436 0.7537033 0.7842692 0.6818416 0.7844665 0.7296569 0.779417 0.7298107 0.7842692 0.6818416 0.779417 0.7298107 0.7792204 0.6819953 0.7717458 0.6846361 0.77183 0.7309118 0.761088 0.7297469 0.7718725 0.7532716 0.761088 0.7297469 0.77183 0.7309118 0.7718725 0.7532716 0.7611303 0.7521075 0.761088 0.7297469 0.7718725 0.7532716 0.7612719 0.7618794 0.7611303 0.7521075 0.7718725 0.7532716 0.7720142 0.7630437 0.7612719 0.7618794 0.7890529 0.6830379 0.8032345 0.7279469 0.8029905 0.6819671 0.7890529 0.6830379 0.789297 0.7288345 0.8032345 0.7279469 0.779417 0.7298107 0.7720403 0.7300243 0.7718432 0.6822093 0.779417 0.7298107 0.7718432 0.6822093 0.7792204 0.6819953 0.8032345 0.7279469 0.7956498 0.7284294 0.7954057 0.6825498 0.8032345 0.7279469 0.7957715 0.7527484 0.7956498 0.7284294 0.7894186 0.7531522 0.8032345 0.7279469 0.789297 0.7288345 0.7894186 0.7531522 0.8033563 0.752265 0.8032345 0.7279469 0.8032345 0.7279469 0.8033563 0.752265 0.7957715 0.7527484 0.8032345 0.7279469 0.7954057 0.6825498 0.8029905 0.6819671 0.7894186 0.7531522 0.7895448 0.7632503 0.8034825 0.762362 0.7800851 0.7626644 0.7727084 0.7628784 0.7726671 0.7539178 0.779417 0.7298107 0.7721392 0.7539319 0.7720403 0.7300243 0.779417 0.7298107 0.7795158 0.7537173 0.7721392 0.7539319 0.7800851 0.7626644 0.7726671 0.7539178 0.7800436 0.7537033 0.7894186 0.7531522 0.8034825 0.762362 0.8033563 0.752265 0.7586837 0.8207042 0.7557861 0.8011435 0.7670292 0.8011472 0.8034825 0.762362 0.7958974 0.7628448 0.7957715 0.7527484 0.7670292 0.8011472 0.7557861 0.8011435 0.7586852 0.781585 0.8034825 0.762362 0.7957715 0.7527484 0.8033563 0.752265 0.7670292 0.8011472 0.7670301 0.7747932 0.7753743 0.7815904 0.7670292 0.8011472 0.7586852 0.781585 0.7670301 0.7747932 0.7753728 0.8207096 0.767028 0.8275016 0.7670292 0.8011472 0.7586837 0.8207042 0.7670292 0.8011472 0.767028 0.8275016 0.7753728 0.8207096 0.7670292 0.8011472 0.7782722 0.801151 0.7670292 0.8011472 0.7753743 0.7815904 0.7782722 0.801151 0.7612719 0.7618794 0.7567126 0.7613848 0.7565712 0.7516136 0.7688606 0.7529327 0.7689866 0.7635824 0.7765649 0.7629442 0.7688606 0.7529327 0.7763167 0.7291021 0.7687385 0.7297403 0.761088 0.7297469 0.7565712 0.7516136 0.7565287 0.7292523 0.761088 0.7297469 0.7611303 0.7521075 0.7565712 0.7516136 0.7612719 0.7618794 0.7565712 0.7516136 0.7611303 0.7521075 0.7688606 0.7529327 0.7764389 0.7522938 0.7763167 0.7291021 0.7688606 0.7529327 0.7765649 0.7629442 0.7764389 0.7522938 0.7838638 0.7288849 0.7760871 0.7295404 0.7758427 0.6844106 0.7838638 0.7288849 0.7762091 0.7527323 0.7760871 0.7295404 0.7684943 0.6846114 0.7687385 0.7297403 0.7763167 0.7291021 0.7838638 0.7288849 0.783986 0.7520781 0.7762091 0.7527323 0.7684943 0.6846114 0.7763167 0.7291021 0.7760725 0.6839727 0.7838638 0.7288849 0.7758427 0.6844106 0.7836196 0.6837565 0.761088 0.7297469 0.7565287 0.7292523 0.7564443 0.6829765 0.761088 0.7297469 0.7564443 0.6829765 0.7610036 0.6834712 0.7717458 0.6846361 0.761088 0.7297469 0.7610036 0.6834712 0.7845646 0.7535648 0.779417 0.7298107 0.7844665 0.7296569 0.78742 0.7534902 0.7874616 0.762451 0.7800851 0.7626644 0.7841117 0.7627276 0.7763352 0.7633817 0.7762091 0.7527323 0.7841117 0.7627276 0.7762091 0.7527323 0.783986 0.7520781 0.7845646 0.7535648 0.7795158 0.7537173 0.779417 0.7298107 0.78742 0.7534902 0.7800851 0.7626644 0.7800436 0.7537033 0.7842692 0.6818416 0.7844665 0.7296569 0.779417 0.7298107 0.7842692 0.6818416 0.779417 0.7298107 0.7792204 0.6819953 0.7717458 0.6846361 0.77183 0.7309118 0.761088 0.7297469 0.7718725 0.7532716 0.761088 0.7297469 0.77183 0.7309118 0.7718725 0.7532716 0.7611303 0.7521075 0.761088 0.7297469 0.7718725 0.7532716 0.7612719 0.7618794 0.7611303 0.7521075 0.7718725 0.7532716 0.7720142 0.7630437 0.7612719 0.7618794 0.8018637 0.5916829 0.7932618 0.5916829 0.7932618 0.6087692 0.7780786 0.8049852 0.7779598 0.8268419 0.7885652 0.8268715 0.8018637 0.5916829 0.7932618 0.6087692 0.8018637 0.6087692 0.8017119 0.8050515 0.8015927 0.826908 0.8121979 0.8269377 0.8017119 0.8050515 0.8121979 0.8269377 0.8123172 0.8050811 0.8018308 0.7831948 0.8017119 0.8050515 0.8123172 0.8050811 0.7909871 0.8268783 0.8015927 0.826908 0.8017119 0.8050515 0.7911063 0.8050218 0.8017119 0.8050515 0.8018308 0.7831948 0.7909871 0.8268783 0.8017119 0.8050515 0.7911063 0.8050218 0.7803817 0.8268486 0.7909871 0.8268783 0.7911063 0.8050218 0.8018637 0.5916829 0.8104657 0.6087692 0.8104657 0.5916829 0.8018637 0.5916829 0.8018637 0.6087692 0.8104657 0.6087692 0.7765792 0.8049811 0.7870655 0.8268674 0.7871847 0.8050107 0.7803817 0.8268486 0.7911063 0.8050218 0.7805008 0.804992 0.8104657 0.5745968 0.8018637 0.5916829 0.8104657 0.5916829 0.7765792 0.8049811 0.7764601 0.8268377 0.7870655 0.8268674 0.7766982 0.7831245 0.7765792 0.8049811 0.7871847 0.8050107 0.7659736 0.8049514 0.7764601 0.8268377 0.7765792 0.8049811 0.7660928 0.7830948 0.7765792 0.8049811 0.7766982 0.7831245 0.7660928 0.7830948 0.7659736 0.8049514 0.7765792 0.8049811 0.7992896 0.8050447 0.809895 0.8050743 0.8100143 0.7832177 0.7992896 0.8050447 0.8100143 0.7832177 0.7994086 0.783188 0.7991705 0.8269012 0.809895 0.8050743 0.7992896 0.8050447 0.7885652 0.8268715 0.7991705 0.8269012 0.7992896 0.8050447 0.7886842 0.805015 0.7992896 0.8050447 0.7994086 0.783188 0.7885652 0.8268715 0.7992896 0.8050447 0.7886842 0.805015 0.7780786 0.8049852 0.7885652 0.8268715 0.7886842 0.805015 0.7781978 0.7831287 0.7780786 0.8049852 0.7886842 0.805015 0.7886842 0.805015 0.7994086 0.783188 0.7888031 0.7831584 0.7781978 0.7831287 0.7886842 0.805015 0.7888031 0.7831584 0.8018308 0.7831948 0.8123172 0.8050811 0.8124362 0.7832245 0.7932618 0.5745968 0.8018637 0.5916829 0.8018637 0.5745968 0.7991705 0.8269012 0.8097761 0.8269309 0.809895 0.8050743 0.7932618 0.5745968 0.7932618 0.5916829 0.8018637 0.5916829 0.7659736 0.8049514 0.7658547 0.826808 0.7764601 0.8268377 0.8104657 0.5745968 0.8018637 0.5745968 0.8018637 0.5916829 0.7766982 0.7831245 0.7871847 0.8050107 0.7873036 0.7831541 0.7805008 0.804992 0.7912253 0.7831651 0.7806199 0.7831354 0.7911063 0.8050218 0.8018308 0.7831948 0.7912253 0.7831651 0.7805008 0.804992 0.7911063 0.8050218 0.7912253 0.7831651 0.7487949 0.6417459 0.7414026 0.6417459 0.7414026 0.6614892 0.7869362 0.8558761 0.7868174 0.8777328 0.7974228 0.8777623 0.7487949 0.6417459 0.7414026 0.6614892 0.7487949 0.6614892 0.8105695 0.8559423 0.8104503 0.8777989 0.8210555 0.8778285 0.8105695 0.8559423 0.8210555 0.8778285 0.8211748 0.8559719 0.8106884 0.8340857 0.8105695 0.8559423 0.8211748 0.8559719 0.7998448 0.8777692 0.8104503 0.8777989 0.8105695 0.8559423 0.7999639 0.8559126 0.8105695 0.8559423 0.8106884 0.8340857 0.7998448 0.8777692 0.8105695 0.8559423 0.7999639 0.8559126 0.7892394 0.8777394 0.7998448 0.8777692 0.7999639 0.8559126 0.7487949 0.6417459 0.7561869 0.6614892 0.7561869 0.6417459 0.7487949 0.6417459 0.7487949 0.6614892 0.7561869 0.6614892 0.7854368 0.855872 0.7959231 0.8777582 0.7960423 0.8559016 0.7892394 0.8777394 0.7999639 0.8559126 0.7893584 0.8558829 0.7561869 0.622003 0.7487949 0.6417459 0.7561869 0.6417459 0.7854368 0.855872 0.7853177 0.8777285 0.7959231 0.8777582 0.7855558 0.8340153 0.7854368 0.855872 0.7960423 0.8559016 0.7748312 0.8558423 0.7853177 0.8777285 0.7854368 0.855872 0.7749505 0.8339856 0.7854368 0.855872 0.7855558 0.8340153 0.7749505 0.8339856 0.7748312 0.8558423 0.7854368 0.855872 0.8081473 0.8559355 0.8187527 0.8559652 0.8188719 0.8341085 0.8081473 0.8559355 0.8188719 0.8341085 0.8082662 0.8340789 0.8080281 0.8777921 0.8187527 0.8559652 0.8081473 0.8559355 0.7974228 0.8777623 0.8080281 0.8777921 0.8081473 0.8559355 0.7975418 0.8559058 0.8081473 0.8559355 0.8082662 0.8340789 0.7974228 0.8777623 0.8081473 0.8559355 0.7975418 0.8559058 0.7869362 0.8558761 0.7974228 0.8777623 0.7975418 0.8559058 0.7870554 0.8340196 0.7869362 0.8558761 0.7975418 0.8559058 0.7975418 0.8559058 0.8082662 0.8340789 0.7976607 0.8340492 0.7870554 0.8340196 0.7975418 0.8559058 0.7976607 0.8340492 0.8106884 0.8340857 0.8211748 0.8559719 0.8212938 0.8341153 0.7414026 0.622003 0.7487949 0.6417459 0.7487949 0.622003 0.8080281 0.8777921 0.8186337 0.8778218 0.8187527 0.8559652 0.7414026 0.622003 0.7414026 0.6417459 0.7487949 0.6417459 0.7748312 0.8558423 0.7747123 0.8776988 0.7853177 0.8777285 0.7561869 0.622003 0.7487949 0.622003 0.7487949 0.6417459 0.7855558 0.8340153 0.7960423 0.8559016 0.7961612 0.834045 0.7893584 0.8558829 0.800083 0.834056 0.7894775 0.8340263 0.7999639 0.8559126 0.8106884 0.8340857 0.800083 0.834056 0.7893584 0.8558829 0.7999639 0.8559126 0.800083 0.834056 0.7919904 0.641746 0.7833885 0.641746 0.7833885 0.6588323 0.7682053 0.8550483 0.7680865 0.876905 0.7786919 0.8769345 0.7919904 0.641746 0.7833885 0.6588323 0.7919904 0.6588323 0.7918387 0.8551145 0.7917194 0.8769711 0.8023247 0.8770008 0.7918387 0.8551145 0.8023247 0.8770008 0.8024439 0.8551442 0.7919576 0.8332579 0.7918387 0.8551145 0.8024439 0.8551442 0.7811139 0.8769414 0.7917194 0.8769711 0.7918387 0.8551145 0.781233 0.8550848 0.7918387 0.8551145 0.7919576 0.8332579 0.7811139 0.8769414 0.7918387 0.8551145 0.781233 0.8550848 0.7705085 0.8769116 0.7811139 0.8769414 0.781233 0.8550848 0.7919904 0.641746 0.8005924 0.6588323 0.8005924 0.641746 0.7919904 0.641746 0.7919904 0.6588323 0.8005924 0.6588323 0.7667059 0.8550442 0.7771922 0.8769304 0.7773114 0.8550738 0.7705085 0.8769116 0.781233 0.8550848 0.7706276 0.8550551 0.8005924 0.6246599 0.7919904 0.641746 0.8005924 0.641746 0.7667059 0.8550442 0.7665868 0.8769007 0.7771922 0.8769304 0.7668249 0.8331875 0.7667059 0.8550442 0.7773114 0.8550738 0.7561004 0.8550145 0.7665868 0.8769007 0.7667059 0.8550442 0.7562196 0.8331578 0.7667059 0.8550442 0.7668249 0.8331875 0.7562196 0.8331578 0.7561004 0.8550145 0.7667059 0.8550442 0.7894163 0.8551077 0.8000218 0.8551374 0.800141 0.8332808 0.7894163 0.8551077 0.800141 0.8332808 0.7895354 0.8332511 0.7892972 0.8769643 0.8000218 0.8551374 0.7894163 0.8551077 0.7786919 0.8769345 0.7892972 0.8769643 0.7894163 0.8551077 0.7788109 0.8550781 0.7894163 0.8551077 0.7895354 0.8332511 0.7786919 0.8769345 0.7894163 0.8551077 0.7788109 0.8550781 0.7682053 0.8550483 0.7786919 0.8769345 0.7788109 0.8550781 0.7683245 0.8331918 0.7682053 0.8550483 0.7788109 0.8550781 0.7788109 0.8550781 0.7895354 0.8332511 0.7789298 0.8332214 0.7683245 0.8331918 0.7788109 0.8550781 0.7789298 0.8332214 0.7919576 0.8332579 0.8024439 0.8551442 0.802563 0.8332875 0.7833885 0.6246599 0.7919904 0.641746 0.7919904 0.6246599 0.7892972 0.8769643 0.7999028 0.876994 0.8000218 0.8551374 0.7833885 0.6246599 0.7833885 0.641746 0.7919904 0.641746 0.7561004 0.8550145 0.7559815 0.8768711 0.7665868 0.8769007 0.8005924 0.6246599 0.7919904 0.6246599 0.7919904 0.641746 0.7668249 0.8331875 0.7773114 0.8550738 0.7774303 0.8332172 0.7706276 0.8550551 0.7813521 0.8332282 0.7707466 0.8331985 0.781233 0.8550848 0.7919576 0.8332579 0.7813521 0.8332282 0.7706276 0.8550551 0.781233 0.8550848 0.7813521 0.8332282 0.7292993 0.5962162 0.7206974 0.5962162 0.7206974 0.6133025 0.7682053 0.8550483 0.7680865 0.876905 0.7786919 0.8769345 0.7292993 0.5962162 0.7206974 0.6133025 0.7292993 0.6133025 0.7918387 0.8551145 0.7917194 0.8769711 0.8023247 0.8770008 0.7918387 0.8551145 0.8023247 0.8770008 0.8024439 0.8551442 0.7919576 0.8332579 0.7918387 0.8551145 0.8024439 0.8551442 0.7811139 0.8769414 0.7917194 0.8769711 0.7918387 0.8551145 0.781233 0.8550848 0.7918387 0.8551145 0.7919576 0.8332579 0.7811139 0.8769414 0.7918387 0.8551145 0.781233 0.8550848 0.7705085 0.8769116 0.7811139 0.8769414 0.781233 0.8550848 0.7292993 0.5962162 0.7379013 0.6133025 0.7379013 0.5962162 0.7292993 0.5962162 0.7292993 0.6133025 0.7379013 0.6133025 0.7667059 0.8550442 0.7771922 0.8769304 0.7773114 0.8550738 0.7705085 0.8769116 0.781233 0.8550848 0.7706276 0.8550551 0.7379013 0.5791301 0.7292993 0.5962162 0.7379013 0.5962162 0.7667059 0.8550442 0.7665868 0.8769007 0.7771922 0.8769304 0.7668249 0.8331875 0.7667059 0.8550442 0.7773114 0.8550738 0.7561004 0.8550145 0.7665868 0.8769007 0.7667059 0.8550442 0.7562196 0.8331578 0.7667059 0.8550442 0.7668249 0.8331875 0.7562196 0.8331578 0.7561004 0.8550145 0.7667059 0.8550442 0.7894163 0.8551077 0.8000218 0.8551374 0.800141 0.8332808 0.7894163 0.8551077 0.800141 0.8332808 0.7895354 0.8332511 0.7892972 0.8769643 0.8000218 0.8551374 0.7894163 0.8551077 0.7786919 0.8769345 0.7892972 0.8769643 0.7894163 0.8551077 0.7788109 0.8550781 0.7894163 0.8551077 0.7895354 0.8332511 0.7786919 0.8769345 0.7894163 0.8551077 0.7788109 0.8550781 0.7682053 0.8550483 0.7786919 0.8769345 0.7788109 0.8550781 0.7683245 0.8331918 0.7682053 0.8550483 0.7788109 0.8550781 0.7788109 0.8550781 0.7895354 0.8332511 0.7789298 0.8332214 0.7683245 0.8331918 0.7788109 0.8550781 0.7789298 0.8332214 0.7919576 0.8332579 0.8024439 0.8551442 0.802563 0.8332875 0.7206974 0.5791301 0.7292993 0.5962162 0.7292993 0.5791301 0.7892972 0.8769643 0.7999028 0.876994 0.8000218 0.8551374 0.7206974 0.5791301 0.7206974 0.5962162 0.7292993 0.5962162 0.7561004 0.8550145 0.7559815 0.8768711 0.7665868 0.8769007 0.7379013 0.5791301 0.7292993 0.5791301 0.7292993 0.5962162 0.7668249 0.8331875 0.7773114 0.8550738 0.7774303 0.8332172 0.7706276 0.8550551 0.7813521 0.8332282 0.7707466 0.8331985 0.781233 0.8550848 0.7919576 0.8332579 0.7813521 0.8332282 0.7706276 0.8550551 0.781233 0.8550848 0.7813521 0.8332282 0.763774 0.5944393 0.758017 0.5944393 0.758017 0.6154864 0.7682053 0.8550483 0.7680865 0.876905 0.7786919 0.8769345 0.763774 0.5944393 0.758017 0.6154864 0.763774 0.6154864 0.7918387 0.8551145 0.7917194 0.8769711 0.8023247 0.8770008 0.7918387 0.8551145 0.8023247 0.8770008 0.8024439 0.8551442 0.7919576 0.8332579 0.7918387 0.8551145 0.8024439 0.8551442 0.7811139 0.8769414 0.7917194 0.8769711 0.7918387 0.8551145 0.781233 0.8550848 0.7918387 0.8551145 0.7919576 0.8332579 0.7811139 0.8769414 0.7918387 0.8551145 0.781233 0.8550848 0.7705085 0.8769116 0.7811139 0.8769414 0.781233 0.8550848 0.763774 0.5944393 0.7695313 0.6154864 0.7695313 0.5944393 0.763774 0.5944393 0.763774 0.6154864 0.7695313 0.6154864 0.7667059 0.8550442 0.7771922 0.8769304 0.7773114 0.8550738 0.7705085 0.8769116 0.781233 0.8550848 0.7706276 0.8550551 0.7695313 0.5733925 0.763774 0.5944393 0.7695313 0.5944393 0.7667059 0.8550442 0.7665868 0.8769007 0.7771922 0.8769304 0.7668249 0.8331875 0.7667059 0.8550442 0.7773114 0.8550738 0.7561004 0.8550145 0.7665868 0.8769007 0.7667059 0.8550442 0.7562196 0.8331578 0.7667059 0.8550442 0.7668249 0.8331875 0.7562196 0.8331578 0.7561004 0.8550145 0.7667059 0.8550442 0.7894163 0.8551077 0.8000218 0.8551374 0.800141 0.8332808 0.7894163 0.8551077 0.800141 0.8332808 0.7895354 0.8332511 0.7892972 0.8769643 0.8000218 0.8551374 0.7894163 0.8551077 0.7786919 0.8769345 0.7892972 0.8769643 0.7894163 0.8551077 0.7788109 0.8550781 0.7894163 0.8551077 0.7895354 0.8332511 0.7786919 0.8769345 0.7894163 0.8551077 0.7788109 0.8550781 0.7682053 0.8550483 0.7786919 0.8769345 0.7788109 0.8550781 0.7683245 0.8331918 0.7682053 0.8550483 0.7788109 0.8550781 0.7788109 0.8550781 0.7895354 0.8332511 0.7789298 0.8332214 0.7683245 0.8331918 0.7788109 0.8550781 0.7789298 0.8332214 0.7919576 0.8332579 0.8024439 0.8551442 0.802563 0.8332875 0.758017 0.5733925 0.763774 0.5944393 0.763774 0.5733925 0.7892972 0.8769643 0.7999028 0.876994 0.8000218 0.8551374 0.758017 0.5733925 0.758017 0.5944393 0.763774 0.5944393 0.7561004 0.8550145 0.7559815 0.8768711 0.7665868 0.8769007 0.7695313 0.5733925 0.763774 0.5733925 0.763774 0.5944393 0.7668249 0.8331875 0.7773114 0.8550738 0.7774303 0.8332172 0.7706276 0.8550551 0.7813521 0.8332282 0.7707466 0.8331985 0.781233 0.8550848 0.7919576 0.8332579 0.7813521 0.8332282 0.7706276 0.8550551 0.781233 0.8550848 0.7813521 0.8332282 0.7837226 0.5962162 0.7751206 0.5962162 0.7751206 0.6133025 0.7682053 0.8550483 0.7680865 0.876905 0.7786919 0.8769345 0.7837226 0.5962162 0.7751206 0.6133025 0.7837226 0.6133025 0.7918387 0.8551145 0.7917194 0.8769711 0.8023247 0.8770008 0.7918387 0.8551145 0.8023247 0.8770008 0.8024439 0.8551442 0.7919576 0.8332579 0.7918387 0.8551145 0.8024439 0.8551442 0.7811139 0.8769414 0.7917194 0.8769711 0.7918387 0.8551145 0.781233 0.8550848 0.7918387 0.8551145 0.7919576 0.8332579 0.7811139 0.8769414 0.7918387 0.8551145 0.781233 0.8550848 0.7705085 0.8769116 0.7811139 0.8769414 0.781233 0.8550848 0.7837226 0.5962162 0.7923245 0.6133025 0.7923245 0.5962162 0.7837226 0.5962162 0.7837226 0.6133025 0.7923245 0.6133025 0.7667059 0.8550442 0.7771922 0.8769304 0.7773114 0.8550738 0.7705085 0.8769116 0.781233 0.8550848 0.7706276 0.8550551 0.7923245 0.5791301 0.7837226 0.5962162 0.7923245 0.5962162 0.7667059 0.8550442 0.7665868 0.8769007 0.7771922 0.8769304 0.7668249 0.8331875 0.7667059 0.8550442 0.7773114 0.8550738 0.7561004 0.8550145 0.7665868 0.8769007 0.7667059 0.8550442 0.7562196 0.8331578 0.7667059 0.8550442 0.7668249 0.8331875 0.7562196 0.8331578 0.7561004 0.8550145 0.7667059 0.8550442 0.7894163 0.8551077 0.8000218 0.8551374 0.800141 0.8332808 0.7894163 0.8551077 0.800141 0.8332808 0.7895354 0.8332511 0.7892972 0.8769643 0.8000218 0.8551374 0.7894163 0.8551077 0.7786919 0.8769345 0.7892972 0.8769643 0.7894163 0.8551077 0.7788109 0.8550781 0.7894163 0.8551077 0.7895354 0.8332511 0.7786919 0.8769345 0.7894163 0.8551077 0.7788109 0.8550781 0.7682053 0.8550483 0.7786919 0.8769345 0.7788109 0.8550781 0.7683245 0.8331918 0.7682053 0.8550483 0.7788109 0.8550781 0.7788109 0.8550781 0.7895354 0.8332511 0.7789298 0.8332214 0.7683245 0.8331918 0.7788109 0.8550781 0.7789298 0.8332214 0.7919576 0.8332579 0.8024439 0.8551442 0.802563 0.8332875 0.7751206 0.5791301 0.7837226 0.5962162 0.7837226 0.5791301 0.7892972 0.8769643 0.7999028 0.876994 0.8000218 0.8551374 0.7751206 0.5791301 0.7751206 0.5962162 0.7837226 0.5962162 0.7561004 0.8550145 0.7559815 0.8768711 0.7665868 0.8769007 0.7923245 0.5791301 0.7837226 0.5791301 0.7837226 0.5962162 0.7668249 0.8331875 0.7773114 0.8550738 0.7774303 0.8332172 0.7706276 0.8550551 0.7813521 0.8332282 0.7707466 0.8331985 0.781233 0.8550848 0.7919576 0.8332579 0.7813521 0.8332282 0.7706276 0.8550551 0.781233 0.8550848 0.7813521 0.8332282 0.749177 0.641746 0.7425957 0.641746 0.7425957 0.6588323 0.7682053 0.8550483 0.7680865 0.876905 0.7786919 0.8769345 0.749177 0.641746 0.7425957 0.6588323 0.749177 0.6588323 0.7918387 0.8551145 0.7917194 0.8769711 0.8023247 0.8770008 0.7918387 0.8551145 0.8023247 0.8770008 0.8024439 0.8551442 0.7919576 0.8332579 0.7918387 0.8551145 0.8024439 0.8551442 0.7811139 0.8769414 0.7917194 0.8769711 0.7918387 0.8551145 0.781233 0.8550848 0.7918387 0.8551145 0.7919576 0.8332579 0.7811139 0.8769414 0.7918387 0.8551145 0.781233 0.8550848 0.7705085 0.8769116 0.7811139 0.8769414 0.781233 0.8550848 0.749177 0.641746 0.7557584 0.6588323 0.7557584 0.641746 0.749177 0.641746 0.749177 0.6588323 0.7557584 0.6588323 0.7667059 0.8550442 0.7771922 0.8769304 0.7773114 0.8550738 0.7705085 0.8769116 0.781233 0.8550848 0.7706276 0.8550551 0.7557584 0.6246599 0.749177 0.641746 0.7557584 0.641746 0.7667059 0.8550442 0.7665868 0.8769007 0.7771922 0.8769304 0.7668249 0.8331875 0.7667059 0.8550442 0.7773114 0.8550738 0.7561004 0.8550145 0.7665868 0.8769007 0.7667059 0.8550442 0.7562196 0.8331578 0.7667059 0.8550442 0.7668249 0.8331875 0.7562196 0.8331578 0.7561004 0.8550145 0.7667059 0.8550442 0.7894163 0.8551077 0.8000218 0.8551374 0.800141 0.8332808 0.7894163 0.8551077 0.800141 0.8332808 0.7895354 0.8332511 0.7892972 0.8769643 0.8000218 0.8551374 0.7894163 0.8551077 0.7786919 0.8769345 0.7892972 0.8769643 0.7894163 0.8551077 0.7788109 0.8550781 0.7894163 0.8551077 0.7895354 0.8332511 0.7786919 0.8769345 0.7894163 0.8551077 0.7788109 0.8550781 0.7682053 0.8550483 0.7786919 0.8769345 0.7788109 0.8550781 0.7683245 0.8331918 0.7682053 0.8550483 0.7788109 0.8550781 0.7788109 0.8550781 0.7895354 0.8332511 0.7789298 0.8332214 0.7683245 0.8331918 0.7788109 0.8550781 0.7789298 0.8332214 0.7919576 0.8332579 0.8024439 0.8551442 0.802563 0.8332875 0.7425957 0.6246599 0.749177 0.641746 0.749177 0.6246599 0.7892972 0.8769643 0.7999028 0.876994 0.8000218 0.8551374 0.7425957 0.6246599 0.7425957 0.641746 0.749177 0.641746 0.7561004 0.8550145 0.7559815 0.8768711 0.7665868 0.8769007 0.7557584 0.6246599 0.749177 0.6246599 0.749177 0.641746 0.7668249 0.8331875 0.7773114 0.8550738 0.7774303 0.8332172 0.7706276 0.8550551 0.7813521 0.8332282 0.7707466 0.8331985 0.781233 0.8550848 0.7919576 0.8332579 0.7813521 0.8332282 0.7706276 0.8550551 0.781233 0.8550848 0.7813521 0.8332282 0.7663789 0.6500241 0.757777 0.6500241 0.757777 0.6671104 0.7682053 0.8550483 0.7680865 0.876905 0.7786919 0.8769345 0.7663789 0.6500241 0.757777 0.6671104 0.7663789 0.6671104 0.7918387 0.8551145 0.7917194 0.8769711 0.8023247 0.8770008 0.7918387 0.8551145 0.8023247 0.8770008 0.8024439 0.8551442 0.7919576 0.8332579 0.7918387 0.8551145 0.8024439 0.8551442 0.7811139 0.8769414 0.7917194 0.8769711 0.7918387 0.8551145 0.781233 0.8550848 0.7918387 0.8551145 0.7919576 0.8332579 0.7811139 0.8769414 0.7918387 0.8551145 0.781233 0.8550848 0.7705085 0.8769116 0.7811139 0.8769414 0.781233 0.8550848 0.7663789 0.6500241 0.7749809 0.6671104 0.7749809 0.6500241 0.7663789 0.6500241 0.7663789 0.6671104 0.7749809 0.6671104 0.7667059 0.8550442 0.7771922 0.8769304 0.7773114 0.8550738 0.7705085 0.8769116 0.781233 0.8550848 0.7706276 0.8550551 0.7749809 0.632938 0.7663789 0.6500241 0.7749809 0.6500241 0.7667059 0.8550442 0.7665868 0.8769007 0.7771922 0.8769304 0.7668249 0.8331875 0.7667059 0.8550442 0.7773114 0.8550738 0.7561004 0.8550145 0.7665868 0.8769007 0.7667059 0.8550442 0.7562196 0.8331578 0.7667059 0.8550442 0.7668249 0.8331875 0.7562196 0.8331578 0.7561004 0.8550145 0.7667059 0.8550442 0.7894163 0.8551077 0.8000218 0.8551374 0.800141 0.8332808 0.7894163 0.8551077 0.800141 0.8332808 0.7895354 0.8332511 0.7892972 0.8769643 0.8000218 0.8551374 0.7894163 0.8551077 0.7786919 0.8769345 0.7892972 0.8769643 0.7894163 0.8551077 0.7788109 0.8550781 0.7894163 0.8551077 0.7895354 0.8332511 0.7786919 0.8769345 0.7894163 0.8551077 0.7788109 0.8550781 0.7682053 0.8550483 0.7786919 0.8769345 0.7788109 0.8550781 0.7683245 0.8331918 0.7682053 0.8550483 0.7788109 0.8550781 0.7788109 0.8550781 0.7895354 0.8332511 0.7789298 0.8332214 0.7683245 0.8331918 0.7788109 0.8550781 0.7789298 0.8332214 0.7919576 0.8332579 0.8024439 0.8551442 0.802563 0.8332875 0.757777 0.632938 0.7663789 0.6500241 0.7663789 0.632938 0.7892972 0.8769643 0.7999028 0.876994 0.8000218 0.8551374 0.757777 0.632938 0.757777 0.6500241 0.7663789 0.6500241 0.7561004 0.8550145 0.7559815 0.8768711 0.7665868 0.8769007 0.7749809 0.632938 0.7663789 0.632938 0.7663789 0.6500241 0.7668249 0.8331875 0.7773114 0.8550738 0.7774303 0.8332172 0.7706276 0.8550551 0.7813521 0.8332282 0.7707466 0.8331985 0.781233 0.8550848 0.7919576 0.8332579 0.7813521 0.8332282 0.7706276 0.8550551 0.781233 0.8550848 0.7813521 0.8332282 0.5955225 0.6440326 0.5955225 0.6593242 0.5033574 0.6593242 0.5033574 0.5981582 0.5955225 0.5981582 0.5955225 0.6134497 0.5955225 0.9192795 0.5955225 0.934571 0.5033574 0.934571 0.5955225 0.8886964 0.5955225 0.903988 0.5033574 0.903988 0.5955225 0.873405 0.5955225 0.8886964 0.5033574 0.8886964 0.5955225 0.9498624 0.5033574 0.9498624 0.5033574 0.934571 0.5955225 0.8428221 0.5955225 0.8581135 0.5033574 0.8581135 0.5033574 0.6593242 0.5955225 0.6593242 0.5955225 0.6746156 0.5955225 0.7204899 0.5955225 0.751073 0.5033574 0.751073 0.5955225 0.5675751 0.5955225 0.5981582 0.5033574 0.5981582 0.5033574 0.903988 0.5955225 0.903988 0.5955225 0.9192795 0.5033574 0.5369922 0.5955225 0.5369922 0.5955225 0.5579276 0.5955225 0.7607206 0.5955225 0.7703682 0.5033574 0.7703683 0.5955225 0.6746156 0.5955225 0.7051987 0.5033574 0.7051987 0.5955225 0.8581135 0.5955225 0.873405 0.5033574 0.873405 0.5955225 0.751073 0.5955225 0.7607206 0.5033574 0.7607207 0.5955225 0.6287412 0.5955225 0.6440326 0.5033574 0.6440326 0.5033574 0.812239 0.5955225 0.812239 0.5955225 0.8428221 0.5955225 0.5579276 0.5955225 0.5675751 0.5033574 0.5675751 0.5955225 0.9498624 0.5955225 0.5369922 0.5033574 0.5369922 0.5955225 0.7703682 0.5955225 0.781656 0.5033574 0.781656 0.6119177 0.9689574 0.5769096 0.9689574 0.5419018 0.9689574 0.5419018 0.9689574 0.5068939 0.9689574 0.4718859 0.9689574 0.4718859 0.9689574 0.436878 0.9689574 0.40187 0.849066 0.436878 0.9689574 0.40187 0.9689574 0.40187 0.849066 0.40187 0.849066 0.40187 0.7291743 0.40187 0.684924 0.6119177 0.9689574 0.5419018 0.9689574 0.6819335 0.7291743 0.5419018 0.9689574 0.4718859 0.9689574 0.40187 0.684924 0.6819335 0.7291743 0.5419018 0.9689574 0.40187 0.684924 0.6819335 0.7291743 0.6469256 0.9689574 0.6119177 0.9689574 0.6819335 0.6092829 0.6819335 0.6471033 0.6819335 0.4893913 0.6819335 0.6471033 0.6819335 0.7291743 0.6819335 0.4893913 0.4718859 0.9689574 0.40187 0.849066 0.40187 0.684924 0.40187 0.684924 0.40187 0.6471033 0.5419018 0.4893913 0.40187 0.6471033 0.40187 0.6092829 0.436878 0.4893913 0.5419018 0.4893913 0.40187 0.6471033 0.436878 0.4893913 0.40187 0.6092829 0.40187 0.4893913 0.436878 0.4893913 0.436878 0.4893913 0.5068939 0.4893913 0.5419018 0.4893913 0.5419018 0.4893913 0.5769096 0.4893913 0.6469256 0.4893913 0.5769096 0.4893913 0.6119177 0.4893913 0.6469256 0.4893913 0.6469256 0.4893913 0.6819335 0.4893913 0.6819335 0.7291743 0.6469256 0.4893913 0.6819335 0.7291743 0.5419018 0.4893913 0.3518501 0.2595746 0.3561848 0.2600113 0.3562248 0.2173755 0.3288505 0.2819098 0.3518501 0.2819138 0.3518501 0.2595746 0.2829725 0.07574838 0.2599599 0.07570517 0.2599599 0.09060579 0.2368515 0.2818938 0.2598513 0.2818979 0.2598513 0.2595586 0.2599327 0.132844 0.2599599 0.09060579 0.2829725 0.09064906 0.2829725 0.090649 0.2599599 0.09060579 0.2599326 0.132844 0.328961 0.1329442 0.3289979 0.09073543 0.3059852 0.09069222 0.328961 0.1329442 0.3059516 0.1329107 0.3059852 0.09069222 0.3289979 0.09073543 0.3289979 0.07583481 0.3059852 0.07579159 0.2828509 0.2595626 0.282851 0.2819018 0.3058506 0.2819058 0.2369471 0.07566195 0.2139345 0.07561874 0.2139345 0.09051936 0.2369232 0.1328105 0.2139137 0.132777 0.2139345 0.09051936 0.2369232 0.1328105 0.2369471 0.09056264 0.2139345 0.09051936 0.2599326 0.132844 0.2599599 0.09060579 0.2369471 0.09056264 0.2599327 0.132844 0.2369232 0.1328105 0.2369472 0.09056264 0.2599599 0.09060579 0.2599599 0.07570517 0.2369471 0.07566195 0.2138517 0.2595505 0.2138517 0.2818898 0.2368515 0.2818938 0.2598513 0.2818979 0.282851 0.2819018 0.2828509 0.2595626 0.3059516 0.1329107 0.3059852 0.09069222 0.2829725 0.090649 0.3059516 0.1329107 0.2829421 0.1328774 0.2829725 0.09064906 0.3059852 0.07579159 0.2829725 0.07574838 0.2829725 0.090649 0.3520105 0.07587802 0.3289979 0.07583481 0.3289979 0.09073543 0.328961 0.1329442 0.3289979 0.09073543 0.3520105 0.09077864 0.3520105 0.09077864 0.3289979 0.09073543 0.328961 0.1329442 0.3058506 0.2819058 0.3288505 0.2819098 0.3288505 0.2595705 0.3519303 0.1751766 0.3289241 0.175153 0.3288872 0.2173618 0.3288872 0.2173618 0.3289241 0.175153 0.3519303 0.1751766 0.2828813 0.2173341 0.2829117 0.1751057 0.305918 0.1751294 0.3059179 0.1751293 0.2829117 0.1751057 0.2828813 0.2173341 0.2368754 0.2173065 0.2368994 0.1750586 0.2599056 0.1750822 0.2599055 0.1750822 0.2368994 0.1750586 0.2368754 0.2173065 0.2368754 0.2173065 0.2368994 0.1750586 0.2138931 0.1750349 0.2368754 0.2173065 0.2138724 0.2172927 0.2138931 0.1750349 0.3288872 0.2173618 0.3058843 0.2173479 0.305918 0.1751294 0.3288872 0.2173618 0.3289241 0.175153 0.3059179 0.1751293 0.2829117 0.1751057 0.2599055 0.1750822 0.2598783 0.2173203 0.2598783 0.2173203 0.2599056 0.1750822 0.2829117 0.1751057 0.3519303 0.1751766 0.3519705 0.1329776 0.328961 0.1329442 0.3519303 0.1751766 0.3289241 0.175153 0.328961 0.1329442 0.2829117 0.1751057 0.2829421 0.1328774 0.3059516 0.1329107 0.3059516 0.1329107 0.2829421 0.1328774 0.2829117 0.1751057 0.2599056 0.1750822 0.2368994 0.1750586 0.2369232 0.1328105 0.2599055 0.1750822 0.2599326 0.132844 0.2369232 0.1328105 0.2369232 0.1328105 0.2139137 0.132777 0.2138931 0.1750349 0.2138931 0.1750349 0.2139137 0.132777 0.2369232 0.1328105 0.305918 0.1751294 0.3059516 0.1329107 0.328961 0.1329442 0.328961 0.1329442 0.3059516 0.1329107 0.3059179 0.1751293 0.2829421 0.1328774 0.2599326 0.132844 0.2599055 0.1750822 0.2599056 0.1750822 0.2599327 0.132844 0.2829421 0.1328774 0.2598513 0.2595586 0.2598783 0.2173203 0.2828813 0.2173341 0.2828813 0.2173341 0.2598783 0.2173203 0.2598513 0.2595586 0.3288872 0.2173618 0.3058843 0.2173479 0.3058506 0.2595666 0.3058506 0.2595666 0.3058843 0.2173479 0.3288872 0.2173618 0.2368515 0.2595546 0.2138517 0.2595505 0.2138724 0.2172927 0.2368515 0.2595546 0.2368754 0.2173065 0.2138724 0.2172927 0.2598513 0.2595586 0.2598783 0.2173203 0.2368754 0.2173065 0.2598513 0.2595586 0.2368515 0.2595546 0.2368754 0.2173065 0.3058843 0.2173479 0.2828813 0.2173341 0.2828509 0.2595626 0.2828509 0.2595626 0.2828813 0.2173341 0.3058843 0.2173479 0.3518501 0.2595746 0.3288505 0.2595705 0.3288872 0.2173618 0.3518501 0.2595746 0.3518902 0.2173755 0.3288872 0.2173618 0.2138931 0.1750349 0.2138931 0.1750349 0.2139137 0.132777 0.2139345 0.09051936 0.2139345 0.09051936 0.2139137 0.132777 0.3519303 0.1751475 0.3516494 0.2173755 0.3562248 0.2173755 0.3563051 0.1329776 0.3517297 0.1329776 0.3519303 0.1751475 0.3563051 0.1329776 0.3563451 0.09077864 0.3520105 0.09077864 0.2138724 0.2172927 0.2138931 0.1750349 0.2138931 0.1750349 0.2138517 0.2595505 0.2138724 0.2172927 0.2138724 0.2172927 0.1598247 0.9708495 0.1598194 0.6785666 0.09252631 0.6785666 0.1598247 0.9708495 0.1598194 0.6785666 0.09252631 0.6785666 0.1598247 0.9708495 0.1598194 0.6785666 0.09252631 0.6785666 0.1598247 0.9708495 0.1598194 0.6785666 0.09252631 0.6785666 0.225564 0.8222628 0.2255814 0.7799952 0.2025687 0.7799521 0.225564 0.8222628 0.2025545 0.8222295 0.2025687 0.7799521 0.3865097 0.9490936 0.3908443 0.9495303 0.3908843 0.9068946 0.36351 0.9714289 0.3865097 0.9714329 0.3865097 0.9490936 0.1979389 0.9067842 0.1979246 0.9490616 0.2025119 0.9490616 0.2255814 0.7799952 0.2255814 0.7650946 0.2025687 0.7650514 0.317632 0.7652674 0.2946195 0.7652242 0.2946195 0.7801249 0.271511 0.9714128 0.2945107 0.9714169 0.2945107 0.9490776 0.2945922 0.8223631 0.2946195 0.7801249 0.317632 0.7801681 0.317632 0.7801681 0.2946195 0.7801249 0.2945922 0.8223631 0.3636205 0.8224633 0.3636574 0.7802545 0.3406447 0.7802113 0.3636205 0.8224633 0.3406111 0.8224298 0.3406447 0.7802113 0.3636574 0.7802545 0.3636574 0.7653539 0.3406447 0.7653107 0.3175105 0.9490816 0.3175105 0.9714209 0.3405103 0.9714249 0.2255116 0.9714049 0.2485113 0.9714089 0.2485113 0.9490696 0.2716068 0.765181 0.248594 0.7651378 0.248594 0.7800385 0.2715828 0.8223296 0.2485733 0.8222962 0.248594 0.7800385 0.2715827 0.8223296 0.2716068 0.7800816 0.248594 0.7800385 0.2945922 0.8223631 0.2946195 0.7801249 0.2716068 0.7800816 0.2945922 0.8223631 0.2715828 0.8223296 0.2716068 0.7800816 0.2946195 0.7801249 0.2946195 0.7652242 0.2716068 0.765181 0.2485113 0.9490696 0.2485113 0.9714089 0.271511 0.9714128 0.2945107 0.9714169 0.3175105 0.9714209 0.3175105 0.9490816 0.3406111 0.8224298 0.3406447 0.7802113 0.317632 0.7801681 0.3406111 0.8224298 0.3176016 0.8223965 0.317632 0.7801681 0.3406447 0.7653107 0.317632 0.7652674 0.317632 0.7801681 0.3866701 0.7653971 0.3636574 0.7653539 0.3636574 0.7802545 0.3636205 0.8224633 0.3636574 0.7802545 0.3866701 0.7802978 0.3866701 0.7802978 0.3636574 0.7802545 0.3636205 0.8224633 0.3405103 0.9714249 0.36351 0.9714289 0.36351 0.9490896 0.2025119 0.9714008 0.2255116 0.9714049 0.2255116 0.9490656 0.248594 0.7651378 0.2255814 0.7650946 0.2255814 0.7799952 0.225564 0.8222628 0.2255814 0.7799952 0.248594 0.7800385 0.248594 0.7800385 0.2255814 0.7799952 0.225564 0.8222628 0.2485526 0.864554 0.2255465 0.8645304 0.225529 0.9067981 0.225529 0.906798 0.2255465 0.8645304 0.2485526 0.864554 0.3865898 0.8646957 0.3635836 0.8646721 0.3635467 0.9068809 0.3635467 0.9068809 0.3635836 0.8646721 0.3865898 0.8646957 0.3175408 0.9068532 0.3175713 0.8646248 0.3405776 0.8646485 0.3405774 0.8646484 0.3175713 0.8646248 0.3175408 0.9068532 0.2715349 0.9068256 0.2715589 0.8645777 0.2945651 0.8646013 0.2945651 0.8646013 0.2715589 0.8645777 0.2715349 0.9068256 0.2715349 0.9068256 0.2715589 0.8645777 0.2485526 0.864554 0.2715349 0.9068256 0.2485319 0.9068118 0.2485526 0.864554 0.3635467 0.9068809 0.3405438 0.906867 0.3405776 0.8646485 0.3635467 0.9068809 0.3635836 0.8646721 0.3405774 0.8646484 0.3175713 0.8646248 0.2945651 0.8646013 0.2945379 0.9068394 0.2945379 0.9068394 0.2945651 0.8646013 0.3175713 0.8646248 0.1979673 0.8222295 0.1979531 0.8645068 0.2025403 0.8645068 0.225529 0.906798 0.202526 0.9067842 0.2025403 0.8645068 0.225529 0.9067981 0.2255465 0.8645304 0.2025403 0.8645068 0.1979815 0.7799521 0.1979673 0.8222295 0.2025545 0.8222294 0.2485526 0.864554 0.2485733 0.8222962 0.225564 0.8222628 0.2485526 0.864554 0.2255465 0.8645304 0.225564 0.8222628 0.3865898 0.8646957 0.3866299 0.8224967 0.3636205 0.8224633 0.3865898 0.8646957 0.3635836 0.8646721 0.3636205 0.8224633 0.3175713 0.8646248 0.3176016 0.8223965 0.3406111 0.8224298 0.3406111 0.8224298 0.3176016 0.8223965 0.3175713 0.8646248 0.2945651 0.8646013 0.2715589 0.8645777 0.2715828 0.8223296 0.2945651 0.8646013 0.2945922 0.8223631 0.2715827 0.8223296 0.2715827 0.8223296 0.2485733 0.8222962 0.2485526 0.864554 0.2485526 0.864554 0.2485733 0.8222962 0.2715828 0.8223296 0.3405776 0.8646485 0.3406111 0.8224298 0.3636205 0.8224633 0.3636205 0.8224633 0.3406111 0.8224298 0.3405774 0.8646484 0.3176016 0.8223965 0.2945922 0.8223631 0.2945651 0.8646013 0.2945651 0.8646013 0.2945922 0.8223631 0.3176016 0.8223965 0.2025403 0.8645068 0.2025545 0.8222295 0.225564 0.8222628 0.225564 0.8222628 0.2025545 0.8222294 0.2025403 0.8645068 0.225529 0.9067981 0.202526 0.9067842 0.2025119 0.9490616 0.2025119 0.9490616 0.202526 0.9067842 0.225529 0.906798 0.2945107 0.9490776 0.2945379 0.9068394 0.3175408 0.9068532 0.3175408 0.9068532 0.2945379 0.9068394 0.2945107 0.9490776 0.3635467 0.9068809 0.3405438 0.906867 0.3405103 0.9490856 0.3405103 0.9490857 0.3405438 0.906867 0.3635467 0.9068809 0.271511 0.9490736 0.2485113 0.9490696 0.2485319 0.9068118 0.271511 0.9490736 0.2715349 0.9068256 0.2485319 0.9068118 0.2945107 0.9490776 0.2945379 0.9068394 0.2715349 0.9068256 0.2945107 0.9490776 0.271511 0.9490736 0.2715349 0.9068256 0.3405438 0.906867 0.3175408 0.9068532 0.3175105 0.9490816 0.3175105 0.9490816 0.3175408 0.9068532 0.3405438 0.906867 0.3865097 0.9490936 0.36351 0.9490896 0.3635467 0.9068809 0.3865097 0.9490936 0.3865497 0.9068946 0.3635467 0.9068809 0.2255116 0.9490656 0.225529 0.906798 0.2485319 0.9068118 0.2485319 0.9068118 0.225529 0.9067981 0.2255116 0.9490656 0.2025403 0.8645068 0.1979531 0.8645068 0.1979389 0.9067842 0.3865898 0.8646667 0.3863089 0.9068946 0.3908843 0.9068946 0.3909645 0.8224967 0.3863891 0.8224967 0.3865898 0.8646667 0.3909645 0.8224967 0.3910046 0.7802978 0.3866701 0.7802978 0.02423954 0.2325867 0.02418226 0.06343734 0.07359468 0.06356507 0.02418214 0.06342995 0.07359546 0.0635752 0.07319158 0.2326053 0.02409392 0.232585 0.02417081 0.06347501 0.07368433 0.06360697 0.02411127 0.2325868 0.02416813 0.06347727 0.02416813 0.06347727 0.006105244 0.2325929 0.006199479 0.06354194 0.0735377 0.06360912 0.004667401 0.2325856 0.004772663 0.06343746 0.1210125 0.06358283 0.07372069 0.06376481 0.02418214 0.06342995 0.02424097 0.2325896 0.1211036 0.06377232 0.004772663 0.06343746 0.004667401 0.2325856 0.07347482 0.06382298 0.02416813 0.06347727 0.02411127 0.2325868 0.07351589 0.06382048 0.006188631 0.06364762 0.006196439 0.2326025 0.07332777 0.2326186 0.07344251 0.06382322 0.02417081 0.06347501 0.07407158 0.2326025 0.07406383 0.06364762 0.006199479 0.06354194 0.02423954 0.2325867 0.02423954 0.2325867 0.02418226 0.06343734 0.711672 0.4544838 0.7116765 0.339688 0.7716801 0.339688</float_array>
          <technique_common>
            <accessor source="#Cubo_006-mesh-map-0-array" count="7089" stride="2">
              <param name="S" type="float"/>
              <param name="T" type="float"/>
            </accessor>
          </technique_common>
        </source>
        <source id="Cubo_006-mesh-map-1">
          <float_array id="Cubo_006-mesh-map-1-array" count="14178">0 0.6024414 0.2446308 0.5373079 0.2441182 0.6059916 0.2452493 0.4103944 0.001158654 0.3910411 0.2453675 0.3821681 0.2453675 0.6963627 7.79203e-4 0.6674289 0.24444 0.6556236 7.79203e-4 0.6674289 2.96897e-4 0.6500712 0.24444 0.6556236 0.6012626 0.2472997 0.3566104 0.2779508 0.3573911 0.2494603 0.6013631 0.1562011 0.3572387 0.1866721 0.3575 0.1531556 0.6006839 0.08802247 0.3575 0.1531556 0.3568478 0.08233696 0.60001 0.3538882 0.3566104 0.2779508 0.600466 0.2732197 0.6000784 0.01026743 0.357187 0.03619819 0.3560309 0 0.2446308 0.5373079 3.17843e-4 0.4703561 0.2444464 0.4687229 0.3575392 0.6983327 0.6000118 0.659222 0.6012136 0.7079825 0.8479147 0.6557979 0.6033762 0.673739 0.6034591 0.6620214 0.3572387 0.1866721 0.6012626 0.2472997 0.3573911 0.2494603 0.6034684 0.5372886 0.8480181 0.6220781 0.6035619 0.6271234 0.3560308 0.6162816 0.6003137 0.5196052 0.5996427 0.6199699 3.17843e-4 0.4703561 0.2452493 0.4103944 0.2444464 0.4687229 0.6010553 0.04442822 0.3568478 0.08233696 0.357187 0.03619819 0.356548 0.4459195 0.6012137 0.4222189 0.6001742 0.4465258 0.3564045 0.6541126 0.5996427 0.6199699 0.6000118 0.659222 2.96897e-4 0.6500712 0.2441182 0.6059916 0.24444 0.6556236 0.6012137 0.4222189 0.3573319 0.3719912 0.6009603 0.3635761 0.8480181 0.6220781 0.6034591 0.6620214 0.6035619 0.6271234 0.2452493 0.4103944 0.001110374 0.4172109 0.001158654 0.3910411 0.8478726 0.3725938 0.6034684 0.5372886 0.6033762 0.363576 0.356666 0.5173246 0.6001742 0.4465258 0.6003137 0.5196052 0.356548 0.4459195 0.3576189 0.4261375 0.6012137 0.4222189 0.1796495 0.01354861 0.34882 0.1801562 0.006599187 0.203178 0.4693984 0.905847 0.483668 0.8799155 0.4946383 0.8784408 0.8537491 0.03568661 0.8640012 0 0.8648062 0.03566724 0.8090751 0.7827827 0.819305 0.747152 0.8201483 0.7827718 0.8639662 0.1783435 0.8748374 0.1426558 0.8750231 0.1783241 0.6271865 0.8188167 0.6033918 0.7834096 0.6271865 0.7831336 0.7961305 0.7832123 0.7723173 0.8187534 0.7723171 0.7830691 0.7723123 0.7117654 0.7961348 0.747465 0.7723122 0.7474535 0.6272027 0.7119156 0.6033764 0.7475861 0.6034083 0.7121949 0.8093706 0.8540238 0.8191582 0.8183935 0.8302314 0.8183825 0.8648062 0.1070047 0.8739973 0.07131987 0.8850544 0.0713005 0.8192327 0.7115314 0.8300825 0.6759 0.8303058 0.7115204 0.6272017 0.8546376 0.6033766 0.8903187 0.6033763 0.8546329 0.7723134 0.854498 0.7961347 0.8902083 0.7723179 0.8901198 0.7723173 0.8187534 0.7961348 0.8545213 0.7723134 0.854498 0.6271865 0.8188167 0.6033763 0.8546329 0.6033931 0.819104 0.819305 0.747152 0.8192327 0.7115314 0.8303058 0.7115204 0.8640012 0.2140121 0.8639662 0.1783435 0.8750231 0.1783241 0.8637804 0.1426752 0.8648062 0.1070047 0.8748374 0.1426558 0.7723122 0.7474535 0.7961305 0.7832123 0.7723171 0.7830691 0.6272037 0.7476073 0.6033918 0.7834096 0.6033764 0.7475861 0.8191582 0.8183935 0.8201483 0.7827718 0.8302314 0.8183825 0.8192326 0.8896346 0.8093706 0.8540238 0.8303058 0.8896237 0.6272027 0.7119156 0.6033763 0.6762198 0.6271876 0.6760947 0.7961348 0.6760933 0.7723123 0.7117654 0.7723161 0.6760208 0.8739973 0.07131987 0.8648062 0.03566724 0.8850544 0.0713005 0.7484916 0.6760352 0.7246696 0.7117018 0.7246772 0.6758999 0.6748462 0.7118587 0.6510205 0.6761682 0.6748161 0.6759001 0.6748612 0.7833608 0.6510194 0.7475239 0.67483 0.7473935 0.7484928 0.7473962 0.724667 0.7831239 0.7246747 0.7473183 0.6748428 0.8545595 0.6510027 0.8187366 0.6748284 0.818744 0.7484982 0.8186946 0.7246732 0.8544133 0.7246765 0.818674 0.7246732 0.8544133 0.7484994 0.8900555 0.7246783 0.8900297 0.6748428 0.8545595 0.6510016 0.8900923 0.6510498 0.8548495 0.6748462 0.7118587 0.6510194 0.7475239 0.6510196 0.7118434 0.7246696 0.7117018 0.7484928 0.7473962 0.7246747 0.7473183 0.7484892 0.7831381 0.7246765 0.818674 0.724667 0.7831239 0.6748284 0.818744 0.6510342 0.7833421 0.6748612 0.7833608 0.7484916 0.6760352 0.7723123 0.7117654 0.7484923 0.7117145 0.6510205 0.6761682 0.6272027 0.7119156 0.6271876 0.6760947 0.6510342 0.7833421 0.6272037 0.7476073 0.6510194 0.7475239 0.7723122 0.7474535 0.7484892 0.7831381 0.7484928 0.7473962 0.6510027 0.8187366 0.6272017 0.8546376 0.6271865 0.8188167 0.7484982 0.8186946 0.7723134 0.854498 0.7484859 0.8545656 0.7723134 0.854498 0.7484994 0.8900555 0.7484859 0.8545656 0.6510016 0.8900923 0.6272017 0.8546376 0.6510498 0.8548495 0.6510194 0.7475239 0.6272027 0.7119156 0.6510196 0.7118434 0.7723123 0.7117654 0.7484928 0.7473962 0.7484923 0.7117145 0.7723171 0.7830691 0.7484982 0.8186946 0.7484892 0.7831381 0.6510027 0.8187366 0.6271865 0.7831336 0.6510342 0.7833421 0.6986601 0.8188068 0.6748612 0.7833608 0.6986767 0.7832747 0.724667 0.7831239 0.7008532 0.8186777 0.7008478 0.783064 0.7246696 0.7117018 0.700855 0.7472648 0.7008454 0.7117136 0.6986468 0.7473188 0.6748462 0.7118587 0.698679 0.7119296 0.6986587 0.8544768 0.6748266 0.8900943 0.6748428 0.8545595 0.7008545 0.8543518 0.7246783 0.8900297 0.700851 0.8900945 0.7008532 0.8186777 0.7246732 0.8544133 0.7008545 0.8543518 0.6986601 0.8188068 0.6748428 0.8545595 0.6748284 0.818744 0.7246747 0.7473183 0.7008478 0.783064 0.700855 0.7472648 0.6986767 0.7832747 0.67483 0.7473935 0.6986468 0.7473188 0.5580193 0.8775686 0.5336332 0.9030522 0.5336332 0.8620765 0.7008439 0.6760433 0.7246696 0.7117018 0.7008454 0.7117136 0.5188328 0.8573951 0.5272554 0.881196 0.5161903 0.8811959 0.5206367 0.9049968 0.5161903 0.8811959 0.5272554 0.881196 0.4747741 0.8570975 0.483668 0.8799155 0.4638037 0.8585722 0.4681555 0.8339738 0.4747741 0.8570975 0.4638037 0.8585722 0.4681555 0.8339738 0.4693984 0.8097932 0.4791258 0.8324991 0.5262921 0.8335943 0.5188328 0.8573951 0.515227 0.8335943 0.507866 0.8097934 0.515227 0.8335943 0.4968009 0.8097934 0.918412 0.3234595 0.9224407 0.1322078 0.9224407 0.3234559 0.9583075 0.3233132 0.9618225 0.132254 0.9618225 0.3233594 0.918412 0.3234595 0.918412 0.1322113 0.9224407 0.1322078 0.03647226 0.9598738 0.03647226 0.9639924 0.03197711 0.9626895 0.9224407 0.3234559 0.9224407 0.1322078 0.9263105 0.1322229 0.03197711 0.9626895 0.03647226 0.9639924 0.03426665 0.9674717 0.03647226 0.9598738 0.03197711 0.9626895 0.03338426 0.9578422 0.02968764 0.9579073 0.03338426 0.9578422 0.03197711 0.9626895 0.03197711 0.9626895 0.03426665 0.9674717 0.03057003 0.9675368 0.03197711 0.9626895 0.03057003 0.9675368 0.02748203 0.9655053 0.03197711 0.9626895 0.02748203 0.9655053 0.02748203 0.9613866 0.02968764 0.9579073 0.03197711 0.9626895 0.02748203 0.9613866 0.8881973 0.1322678 0.8921871 0.3231768 0.8881973 0.3232368 0.9539093 0.585179 0.9574096 0.585211 0.9574096 0.7763921 0.8881973 0.1322678 0.8921871 0.1322078 0.8921871 0.3231768 0.8921871 0.1322078 0.8961115 0.323242 0.8921871 0.3231768 0.8921871 0.1322078 0.8961115 0.132273 0.8961115 0.323242 0.9547591 0.1322497 0.9583075 0.3233132 0.9547591 0.3233551 0.9539093 0.585179 0.9574096 0.7763921 0.9539093 0.77636 0.9503481 0.7763866 0.9539093 0.585179 0.9539093 0.77636 0.9503481 0.7763866 0.9503481 0.5852056 0.9539093 0.585179 0.9224407 0.3234559 0.9263105 0.1322229 0.9263105 0.3234711 0.9547591 0.1322497 0.9583076 0.1322078 0.9583075 0.3233132 0.9583075 0.3233132 0.9583076 0.1322078 0.9618225 0.132254 0.9232253 0.7764308 0.927254 0.5851792 0.927254 0.7764273 0.9631208 0.9695972 0.9666358 0.7785379 0.9666358 0.9696434 0.9232253 0.7764308 0.9232253 0.5851827 0.927254 0.5851792 0.02531951 0.9598739 0.02531951 0.9639925 0.02082437 0.9626896 0.927254 0.7764273 0.927254 0.5851792 0.9311237 0.5851942 0.02082437 0.9626896 0.02531951 0.9639925 0.02311384 0.9674717 0.02531951 0.9598739 0.02082437 0.9626896 0.02223151 0.9578422 0.01853489 0.9579073 0.02223151 0.9578422 0.02082437 0.9626896 0.02082437 0.9626896 0.02311384 0.9674717 0.01941722 0.9675369 0.02082437 0.9626896 0.01941722 0.9675369 0.01632922 0.9655053 0.02082437 0.9626896 0.01632922 0.9655053 0.01632922 0.9613867 0.01853489 0.9579073 0.02082437 0.9626896 0.01632922 0.9613867 0.5875574 0.7102034 0.5915473 0.9011122 0.5875574 0.9011723 0.9460573 0.3635761 0.9495576 0.3636081 0.9495576 0.5547891 0.5875574 0.7102034 0.5915473 0.7101433 0.5915473 0.9011122 0.5915473 0.7101433 0.5954716 0.9011775 0.5915473 0.9011122 0.5915473 0.7101433 0.5954716 0.7102085 0.5954716 0.9011775 0.9595723 0.7785336 0.9631208 0.9695972 0.9595723 0.9696391 0.9460573 0.3635761 0.9495576 0.5547891 0.9460573 0.5547571 0.942496 0.5547837 0.9460573 0.3635761 0.9460573 0.5547571 0.942496 0.5547837 0.942496 0.3636026 0.9460573 0.3635761 0.927254 0.7764273 0.9311237 0.5851942 0.9311237 0.7764424 0.9595723 0.7785336 0.9631208 0.7784917 0.9631208 0.9695972 0.9631208 0.9695972 0.9631208 0.7784917 0.9666358 0.7785379 0.9030888 0.5548277 0.9071176 0.363576 0.9071176 0.5548241 0.9631207 0.7762846 0.9666358 0.5852253 0.9666358 0.7763307 0.9030888 0.5548277 0.9030888 0.3635796 0.9071176 0.363576 0.3464559 0.9596819 0.3486616 0.9631612 0.3441665 0.9644641 0.9071176 0.5548241 0.9071176 0.363576 0.9109873 0.3635911 0.3441665 0.9644641 0.3486616 0.9631612 0.3486616 0.9672798 0.3464559 0.9596819 0.3441665 0.9644641 0.3427593 0.9596168 0.3396713 0.9616483 0.3427593 0.9596168 0.3441665 0.9644641 0.3441665 0.9644641 0.3486616 0.9672798 0.3455736 0.9693114 0.3441665 0.9644641 0.3455736 0.9693114 0.3418769 0.9692463 0.3441665 0.9644641 0.3418769 0.9692463 0.3396713 0.9657669 0.3396713 0.9616483 0.3441665 0.9644641 0.3396713 0.9657669 0.893012 0.3636361 0.8970019 0.554545 0.893012 0.554605 0.9446852 0.5851791 0.9481856 0.585211 0.9481856 0.7763921 0.893012 0.3636361 0.8970019 0.3635761 0.8970019 0.554545 0.8970019 0.3635761 0.9009262 0.5546102 0.8970019 0.554545 0.8970019 0.3635761 0.9009262 0.3636413 0.9009262 0.5546102 0.9595723 0.5852211 0.9631207 0.7762846 0.9595723 0.7763265 0.9446852 0.5851791 0.9481856 0.7763921 0.9446852 0.7763601 0.941124 0.7763866 0.9446852 0.5851791 0.9446852 0.7763601 0.941124 0.7763866 0.941124 0.5852056 0.9446852 0.5851791 0.9071176 0.5548241 0.9109873 0.3635911 0.9109873 0.5548393 0.9595723 0.5852211 0.9631207 0.5851791 0.9631207 0.7762846 0.9631207 0.7762846 0.9631207 0.5851791 0.9666358 0.5852253 0.9232108 0.5548277 0.9272395 0.3635761 0.9272395 0.5548241 0.9552686 0.5546814 0.9587836 0.3636222 0.9587836 0.5547276 0.9232108 0.5548277 0.9232107 0.3635796 0.9272395 0.3635761 0.9699364 0.3537521 0.9699364 0.3578708 0.9654412 0.3565679 0.9272395 0.5548241 0.9272395 0.3635761 0.9311093 0.3635911 0.9654412 0.3565679 0.9699364 0.3578708 0.9677308 0.36135 0.9699364 0.3537521 0.9654412 0.3565679 0.9668484 0.3517206 0.9631518 0.3517856 0.9668484 0.3517206 0.9654412 0.3565679 0.9654412 0.3565679 0.9677308 0.36135 0.9640341 0.3614152 0.9654412 0.3565679 0.9640341 0.3614152 0.9609462 0.3593835 0.9654412 0.3565679 0.9609462 0.3593835 0.9609462 0.355265 0.9631518 0.3517856 0.9654412 0.3565679 0.9609462 0.355265 0.8324684 0.67596 0.8364583 0.8668689 0.8324684 0.866929 0.9490961 0.1322078 0.9525964 0.1322398 0.9525964 0.3234208 0.8324684 0.67596 0.8364582 0.6759 0.8364583 0.8668689 0.8364582 0.6759 0.8403826 0.8669342 0.8364583 0.8668689 0.8364582 0.6759 0.8403826 0.6759653 0.8403826 0.8669342 0.9517201 0.3636179 0.9552686 0.5546814 0.9517201 0.5547234 0.9490961 0.1322078 0.9525964 0.3234208 0.9490961 0.3233888 0.9455348 0.3234153 0.9490961 0.1322078 0.9490961 0.3233888 0.9455348 0.3234153 0.9455348 0.1322343 0.9490961 0.1322078 0.9272395 0.5548241 0.9311093 0.3635911 0.9311093 0.5548393 0.9517201 0.3636179 0.9552686 0.363576 0.9552686 0.5546814 0.9552686 0.5546814 0.9552686 0.363576 0.9587836 0.3636222 0.908351 0.3234595 0.9123796 0.1322078 0.9123797 0.3234559 0.9644947 0.5546815 0.9680097 0.3636223 0.9680097 0.5547277 0.908351 0.3234595 0.9083509 0.1322113 0.9123796 0.1322078 0.008990228 0.9598674 0.008990228 0.963986 0.004495084 0.9626831 0.9123797 0.3234559 0.9123796 0.1322078 0.9162494 0.1322229 0.004495084 0.9626831 0.008990228 0.963986 0.006784617 0.9674653 0.008990228 0.9598674 0.004495084 0.9626831 0.00590223 0.9578358 0.00220555 0.9579009 0.00590223 0.9578358 0.004495084 0.9626831 0.004495084 0.9626831 0.006784617 0.9674653 0.003087997 0.9675304 0.004495084 0.9626831 0.003087997 0.9675304 0 0.9654988 0.004495084 0.9626831 0 0.9654988 0 0.9613803 0.00220555 0.9579009 0.004495084 0.9626831 0 0.9613803 0.898274 0.1322678 0.9022639 0.3231767 0.898274 0.3232368 0.939872 0.1322078 0.9433723 0.1322398 0.9433723 0.3234208 0.898274 0.1322678 0.9022639 0.1322078 0.9022639 0.3231767 0.9022639 0.1322078 0.9061883 0.323242 0.9022639 0.3231767 0.9022639 0.1322078 0.9061883 0.132273 0.9061883 0.323242 0.9609462 0.363618 0.9644947 0.5546815 0.9609462 0.5547235 0.939872 0.1322078 0.9433723 0.3234208 0.939872 0.3233888 0.9363108 0.3234153 0.939872 0.1322078 0.939872 0.3233888 0.9363108 0.3234153 0.9363108 0.1322343 0.939872 0.1322078 0.9123797 0.3234559 0.9162494 0.1322229 0.9162494 0.3234711 0.9609462 0.363618 0.9644947 0.3635761 0.9644947 0.5546815 0.9644947 0.5546815 0.9644947 0.3635761 0.9680097 0.3636223 0.9131498 0.5548277 0.9171785 0.3635761 0.9171785 0.5548242 0.9446725 0.9696584 0.9481875 0.7785991 0.9481875 0.9697046 0.9131498 0.5548277 0.9131498 0.3635796 0.9171785 0.3635761 0.08912479 0.9616693 0.08912479 0.9657879 0.08462971 0.9644851 0.9171785 0.5548242 0.9171785 0.3635761 0.9210482 0.3635911 0.08462971 0.9644851 0.08912479 0.9657879 0.08691918 0.9692673 0.08912479 0.9616693 0.08462971 0.9644851 0.0860368 0.9596378 0.08234018 0.9597029 0.0860368 0.9596378 0.08462971 0.9644851 0.08462971 0.9644851 0.08691918 0.9692673 0.08322256 0.9693323 0.08462971 0.9644851 0.08322256 0.9693323 0.08013457 0.9673008 0.08462971 0.9644851 0.08013457 0.9673008 0.08013457 0.9631822 0.08234018 0.9597029 0.08462971 0.9644851 0.08013457 0.9631822 0.2374533 0.6990616 0.2414432 0.8899706 0.2374533 0.8900306 0.936833 0.3635761 0.9403333 0.363608 0.9403333 0.5547891 0.2374533 0.6990616 0.2414432 0.6990017 0.2414432 0.8899706 0.2414432 0.6990017 0.2453675 0.8900359 0.2414432 0.8899706 0.2414432 0.6990017 0.2453675 0.6990669 0.2453675 0.8900359 0.941124 0.7785948 0.9446725 0.9696584 0.941124 0.9697003 0.936833 0.3635761 0.9403333 0.5547891 0.936833 0.5547571 0.9332718 0.5547836 0.936833 0.3635761 0.936833 0.5547571 0.9332718 0.5547836 0.9332718 0.3636026 0.936833 0.3635761 0.9171785 0.5548242 0.9210482 0.3635911 0.9210482 0.5548393 0.941124 0.7785948 0.9446725 0.7785529 0.9446725 0.9696584 0.9446725 0.9696584 0.9446725 0.7785529 0.9481875 0.7785991 0.1781377 0.6992495 0.09140044 0.7962657 0.09130567 0.6990017 0.9831997 0.9084287 0.9854043 0.8007273 0.9854043 0.9084022 0.8445197 0.9996236 0.8465242 0.8920615 0.8465242 0.9996553 0.9831997 0.9084287 0.9831997 0.8007538 0.9854043 0.8007273 0.596028 0.9780169 0.5947852 0.9760565 0.5973179 0.9753224 0.9854043 0.9084022 0.9854043 0.8007273 0.9876574 0.8007512 0.5973179 0.9753224 0.5947852 0.9760565 0.5947852 0.9737359 0.596028 0.9780169 0.5973179 0.9753224 0.5981107 0.9780535 0.5998505 0.9769088 0.5981107 0.9780535 0.5973179 0.9753224 0.5973179 0.9753224 0.5947852 0.9737359 0.596525 0.9725912 0.5973179 0.9753224 0.596525 0.9725912 0.5986077 0.9726279 0.5973179 0.9753224 0.5986077 0.9726279 0.5998504 0.9745883 0.5998505 0.9769088 0.5973179 0.9753224 0.5998504 0.9745883 0.8324684 0.8691169 0.834682 0.9768096 0.8324685 0.9768314 0.9881588 0.2420701 0.9901384 0.2420746 0.9901384 0.3498286 0.8324684 0.8691169 0.8346821 0.8690951 0.834682 0.9768096 0.8346821 0.8690951 0.8369279 0.9768242 0.834682 0.9768096 0.8346821 0.8690951 0.8369279 0.8691098 0.8369279 0.9768242 0.8425452 0.8920668 0.8445197 0.9996236 0.8425452 0.9996607 0.9881588 0.2420701 0.9901384 0.3498286 0.9881588 0.3498241 0.9861588 0.349828 0.9881588 0.2420701 0.9881588 0.3498241 0.9861588 0.349828 0.9861588 0.2420741 0.9881588 0.2420701 0.9854043 0.9084022 0.9876574 0.8007512 0.9876574 0.9084262 0.8425452 0.8920668 0.8445198 0.8920298 0.8445197 0.9996236 0.8445197 0.9996236 0.8445198 0.8920298 0.8465242 0.8920615 0.9795385 0.2399092 0.9817431 0.1322078 0.9817431 0.2398827 0.1732189 0.9996463 0.1752233 0.8920843 0.1752233 0.9996781 0.9795385 0.2399092 0.9795385 0.1322343 0.9817431 0.1322078 0.5888001 0.9780169 0.5875574 0.9760565 0.59009 0.9753224 0.9817431 0.2398827 0.9817431 0.1322078 0.9839962 0.1322317 0.59009 0.9753224 0.5875574 0.9760565 0.5875574 0.9737359 0.5888001 0.9780169 0.59009 0.9753224 0.5908829 0.9780536 0.5926227 0.9769089 0.5908829 0.9780536 0.59009 0.9753224 0.59009 0.9753224 0.5875574 0.9737359 0.5892972 0.9725912 0.59009 0.9753224 0.5892972 0.9725912 0.59138 0.9726279 0.59009 0.9753224 0.59138 0.9726279 0.5926227 0.9745883 0.5926227 0.9769089 0.59009 0.9753224 0.5926227 0.9745883 0.8992338 0.819664 0.9014475 0.9273567 0.8992338 0.9273784 0.9914947 0 0.9934744 4.44851e-6 0.9934744 0.1077584 0.8992338 0.819664 0.9014475 0.8196422 0.9014475 0.9273567 0.9014475 0.8196422 0.9036933 0.9273713 0.9014475 0.9273567 0.9014475 0.8196422 0.9036933 0.8196569 0.9036933 0.9273713 0.1712443 0.8920896 0.1732189 0.9996463 0.1712443 0.9996834 0.9914947 0 0.9934744 0.1077584 0.9914947 0.1077539 0.9894948 0.1077578 0.9914947 0 0.9914947 0.1077539 0.9894948 0.1077578 0.9894948 3.94392e-6 0.9914947 0 0.9817431 0.2398827 0.9839962 0.1322317 0.9839962 0.2399067 0.1712443 0.8920896 0.1732188 0.8920526 0.1732189 0.9996463 0.1732189 0.9996463 0.1732188 0.8920526 0.1752233 0.8920843 0.4426695 0.7104527 0.3561562 0.8074507 0.3560308 0.7101433 0.9861589 0.2398363 0.9883942 0.1322078 0.9883942 0.2398039 0.9931237 0.4712893 0.9951093 0.3635946 0.9951093 0.4713078 0.9861589 0.2398363 0.9861589 0.1322402 0.9883942 0.1322078 0.3945106 0.9760941 0.3945106 0.9737736 0.3970434 0.9745077 0.9883942 0.2398039 0.9883942 0.1322078 0.9906195 0.132246 0.3970434 0.9745077 0.3945106 0.9737736 0.3957534 0.9718132 0.3945106 0.9760941 0.3970434 0.9745077 0.3962505 0.9772388 0.3983333 0.9772021 0.3962505 0.9772388 0.3970434 0.9745077 0.3970434 0.9745077 0.3957534 0.9718132 0.3978362 0.9717766 0.3970434 0.9745077 0.3978362 0.9717766 0.399576 0.9729212 0.3970434 0.9745077 0.399576 0.9729212 0.399576 0.9752417 0.3983333 0.9772021 0.3970434 0.9745077 0.399576 0.9752417 0.9778877 0.3635824 0.980147 0.4713296 0.9778877 0.471336 0.8260068 0.8917955 0.8280003 0.8918184 0.8280003 0.999495 0.9778877 0.3635824 0.980147 0.3635761 0.980147 0.4713296 0.980147 0.3635761 0.9823433 0.4713338 0.980147 0.4713296 0.980147 0.3635761 0.9823433 0.3635802 0.9823433 0.4713338 0.9911293 0.3635938 0.9931237 0.4712893 0.9911292 0.471307 0.8260068 0.8917955 0.8280003 0.999495 0.8260068 0.9994722 0.8240201 0.9994958 0.8260068 0.8917955 0.8260068 0.9994722 0.8240201 0.9994958 0.8240201 0.8918192 0.8260068 0.8917955 0.9883942 0.2398039 0.9906195 0.132246 0.9906195 0.2398422 0.9911293 0.3635938 0.9931237 0.3635761 0.9931237 0.4712893 0.9931237 0.4712893 0.9931237 0.3635761 0.9951093 0.3635946 0.984506 0.5809999 0.9867413 0.4733713 0.9867413 0.5809675 0.9931237 0.581182 0.9951093 0.4734872 0.9951093 0.5812004 0.984506 0.5809999 0.984506 0.4734038 0.9867413 0.4733713 0.4296744 0.9499077 0.4296744 0.9475871 0.4322071 0.9483212 0.9867413 0.5809675 0.9867413 0.4733713 0.9889667 0.4734097 0.4322071 0.9483212 0.4296744 0.9475871 0.4309171 0.9456268 0.4296744 0.9499077 0.4322071 0.9483212 0.4314143 0.9510523 0.4334971 0.9510157 0.4314143 0.9510523 0.4322071 0.9483212 0.4322071 0.9483212 0.4309171 0.9456268 0.4329999 0.9455901 0.4322071 0.9483212 0.4329999 0.9455901 0.4347397 0.9467347 0.4322071 0.9483212 0.4347397 0.9467347 0.4347397 0.9490553 0.4334971 0.9510157 0.4322071 0.9483212 0.4347397 0.9490553 0.9766361 0.5851855 0.9788954 0.6929327 0.9766361 0.6929391 0.9976237 0 0.9996172 2.28099e-5 0.9996172 0.1076994 0.9766361 0.5851855 0.9788954 0.5851791 0.9788954 0.6929327 0.9788954 0.5851791 0.9810917 0.6929369 0.9788954 0.6929327 0.9788954 0.5851791 0.9810917 0.5851832 0.9810917 0.6929369 0.9911292 0.4734864 0.9931237 0.581182 0.9911292 0.5811996 0.9976237 0 0.9996172 0.1076994 0.9976237 0.1076766 0.9956371 0.1077002 0.9976237 0 0.9976237 0.1076766 0.9956371 0.1077002 0.995637 2.36512e-5 0.9976237 0 0.9867413 0.5809675 0.9889667 0.4734097 0.9889667 0.5810058 0.9911292 0.4734864 0.9931237 0.4734687 0.9931237 0.581182 0.9931237 0.581182 0.9931237 0.4734687 0.9951093 0.4734872 0.7781924 0.2215347 0.6914551 0.318551 0.6913605 0.221287 0.9795385 0.3497716 0.981743 0.2420701 0.981743 0.3497452 0.7808768 0.9999629 0.7828813 0.8924009 0.7828813 0.9999948 0.9795385 0.3497716 0.9795385 0.2420967 0.981743 0.2420701 0.9423668 0.9772911 0.9411241 0.9753307 0.9436568 0.9745966 0.981743 0.3497452 0.981743 0.2420701 0.9839962 0.2420941 0.9436568 0.9745966 0.9411241 0.9753307 0.9411241 0.9730101 0.9423668 0.9772911 0.9436568 0.9745966 0.9444496 0.9773278 0.9461894 0.9761832 0.9444496 0.9773278 0.9436568 0.9745966 0.9436568 0.9745966 0.9411241 0.9730101 0.9428639 0.9718655 0.9436568 0.9745966 0.9428639 0.9718655 0.9449467 0.9719022 0.9436568 0.9745966 0.9449467 0.9719022 0.9461893 0.9738626 0.9461894 0.9761832 0.9436568 0.9745966 0.9461893 0.9738626 0.9762524 2.17473e-5 0.9784661 0.1077145 0.9762524 0.1077362 0.9918199 0.8007272 0.9937995 0.8007317 0.9937995 0.9084855 0.9762524 2.17473e-5 0.9784661 0 0.9784661 0.1077145 0.9784661 0 0.980712 0.1077291 0.9784661 0.1077145 0.9784661 0 0.980712 1.46387e-5 0.980712 0.1077291 0.7789023 0.8924063 0.7808768 0.9999629 0.7789023 1 0.9918199 0.8007272 0.9937995 0.9084855 0.9918199 0.9084811 0.98982 0.9084851 0.9918199 0.8007272 0.9918199 0.9084811 0.98982 0.9084851 0.98982 0.8007311 0.9918199 0.8007272 0.981743 0.3497452 0.9839962 0.2420941 0.9839962 0.3497691 0.7789023 0.8924063 0.7808768 0.8923692 0.7808768 0.9999629 0.7808768 0.9999629 0.7808768 0.8923692 0.7828813 0.8924009 0.9828745 0.1077014 0.9850791 0 0.9850792 0.107675 0.2394279 0.9997906 0.2414323 0.8922285 0.2414323 0.9998223 0.9828745 0.1077014 0.9828746 2.65113e-5 0.9850791 0 0.3809668 0.9772019 0.3797242 0.9752416 0.3822568 0.9745076 0.9850792 0.107675 0.9850791 0 0.9873323 2.39862e-5 0.3822568 0.9745076 0.3797242 0.9752416 0.3797242 0.972921 0.3809668 0.9772019 0.3822568 0.9745076 0.3830496 0.9772387 0.3847894 0.9760941 0.3830496 0.9772387 0.3822568 0.9745076 0.3822568 0.9745076 0.3797242 0.972921 0.381464 0.9717764 0.3822568 0.9745076 0.381464 0.9717764 0.3835467 0.9718131 0.3822568 0.9745076 0.3835467 0.9718131 0.3847894 0.9737735 0.3847894 0.9760941 0.3822568 0.9745076 0.3847894 0.9737735 0.08466529 0.8497623 0.08687895 0.957455 0.08466529 0.9574768 0.9918777 0.5851791 0.9938573 0.5851835 0.9938573 0.6929375 0.08466529 0.8497623 0.08687895 0.8497406 0.08687895 0.957455 0.08687895 0.8497406 0.08912479 0.9574697 0.08687895 0.957455 0.08687895 0.8497406 0.08912479 0.8497552 0.08912479 0.9574697 0.2374533 0.8922338 0.2394279 0.9997906 0.2374533 0.9998276 0.9918777 0.5851791 0.9938573 0.6929375 0.9918777 0.692933 0.9898777 0.692937 0.9918777 0.5851791 0.9918777 0.692933 0.9898777 0.692937 0.9898777 0.585183 0.9918777 0.5851791 0.9850792 0.107675 0.9873323 2.39862e-5 0.9873323 0.1076989 0.2374533 0.8922338 0.2394278 0.8921968 0.2394279 0.9997906 0.2394279 0.9997906 0.2394278 0.8921968 0.2414323 0.8922285 0.5314707 0.7104527 0.4449573 0.8074507 0.444832 0.7101433 0.9845059 0.4712046 0.9867412 0.363576 0.9867413 0.4711722 0.9947765 0.2398237 0.9967621 0.1321289 0.9967621 0.2398422 0.9845059 0.4712046 0.9845058 0.3636084 0.9867412 0.363576 0.386952 0.9760941 0.386952 0.9737735 0.3894847 0.9745076 0.9867413 0.4711722 0.9867412 0.363576 0.9889667 0.3636143 0.3894847 0.9745076 0.386952 0.9737735 0.3881947 0.9718132 0.386952 0.9760941 0.3894847 0.9745076 0.3886918 0.9772387 0.3907746 0.977202 0.3886918 0.9772387 0.3894847 0.9745076 0.3894847 0.9745076 0.3881947 0.9718132 0.3902775 0.9717765 0.3894847 0.9745076 0.3902775 0.9717765 0.3920173 0.9729211 0.3894847 0.9745076 0.3920173 0.9729211 0.3920173 0.9752416 0.3907746 0.977202 0.3894847 0.9745076 0.3920173 0.9752416 0.9778877 0.4735033 0.980147 0.5812504 0.9778878 0.5812568 0.9979489 0.8007272 0.9999424 0.80075 0.9999424 0.9084266 0.9778877 0.4735033 0.980147 0.4734969 0.980147 0.5812504 0.980147 0.4734969 0.9823433 0.5812546 0.980147 0.5812504 0.980147 0.4734969 0.9823433 0.473501 0.9823433 0.5812546 0.992782 0.1321281 0.9947765 0.2398237 0.9927821 0.2398414 0.9979489 0.8007272 0.9999424 0.9084266 0.9979489 0.9084038 0.9959622 0.9084274 0.9979489 0.8007272 0.9979489 0.9084038 0.9959622 0.9084274 0.9959622 0.8007509 0.9979489 0.8007272 0.9867413 0.4711722 0.9889667 0.3636143 0.9889667 0.4712105 0.992782 0.1321281 0.9947764 0.1321104 0.9947765 0.2398237 0.9947765 0.2398237 0.9947764 0.1321104 0.9967621 0.1321289 0.9832543 0.6928077 0.9854896 0.5851792 0.9854896 0.6927753 0.9942955 0.3497834 0.9962811 0.2420886 0.9962811 0.3498019 0.9832543 0.6928077 0.9832542 0.5852116 0.9854896 0.5851792 0.960815 0.9772298 0.9595723 0.9752694 0.9621049 0.9745354 0.9854896 0.6927753 0.9854896 0.5851792 0.987715 0.5852174 0.9621049 0.9745354 0.9595723 0.9752694 0.9595723 0.9729489 0.960815 0.9772298 0.9621049 0.9745354 0.9628977 0.9772664 0.9646376 0.9761218 0.9628977 0.9772664 0.9621049 0.9745354 0.9621049 0.9745354 0.9595723 0.9729489 0.9613121 0.9718042 0.9621049 0.9745354 0.9613121 0.9718042 0.9633949 0.9718409 0.9621049 0.9745354 0.9633949 0.9718409 0.9646376 0.9738013 0.9646376 0.9761218 0.9621049 0.9745354 0.9646376 0.9738013 0.9765815 0.8007335 0.9788407 0.9084808 0.9765814 0.9084871 0.9980065 0.5851791 1 0.5852019 1 0.6928785 0.9765815 0.8007335 0.9788407 0.8007271 0.9788407 0.9084808 0.9788407 0.8007271 0.9810371 0.9084849 0.9788407 0.9084808 0.9788407 0.8007271 0.9810371 0.8007313 0.9810371 0.9084849 0.9923011 0.2420878 0.9942955 0.3497834 0.9923011 0.3498011 0.9980065 0.5851791 1 0.6928785 0.9980065 0.6928558 0.9960198 0.6928793 0.9980065 0.5851791 0.9980065 0.6928558 0.9960198 0.6928793 0.9960198 0.5852028 0.9980065 0.5851791 0.9854896 0.6927753 0.987715 0.5852174 0.987715 0.6928136 0.9923011 0.2420878 0.9942955 0.2420701 0.9942955 0.3497834 0.9942955 0.3497834 0.9942955 0.2420701 0.9962811 0.2420886 0.7681714 0.03075188 0.7282631 0 0.7681747 7.86055e-5 0.1452248 0.8463562 0.17473 0.8776033 0.1452248 0.8898918 0.8954972 0.7082709 0.9100573 0.6783577 0.9210627 0.67721 0.8509822 0.6077492 0.8612539 0.585179 0.8620554 0.6077345 0.8982733 0.09480148 0.8934249 0.1228337 0.887217 0.09426862 0.8612255 0.3956117 0.8798046 0.364095 0.8908494 0.3635761 0.8667765 0.5193822 0.8751564 0.4788745 0.8778213 0.5188632 0.8612221 0.7292011 0.8720991 0.6891941 0.8722953 0.7291864 0.686146 0.1145297 0.7260758 0.1548001 0.6861343 0.1545971 0.7282561 0.1546537 0.7681773 0.11452 0.7681791 0.1545922 0.7681749 0.1962276 0.7282595 0.1728344 0.7681744 0.1728988 0.6861396 0.1963094 0.7260569 0.1729002 0.7260833 0.196527 0.8689466 0.5608983 0.8776544 0.5371304 0.8886992 0.5366114 0.862043 0.6492151 0.8712561 0.6310051 0.8823292 0.6309904 0.8509798 0.7728748 0.8612539 0.7532106 0.862053 0.7728601 0.8732604 0.4388497 0.8829945 0.414305 0.8843052 0.4383307 0.6861727 0.0746001 0.7260879 0.05045121 0.7260821 0.07451111 0.7681716 0.07450813 0.7282584 0.0503751 0.7681754 0.05038511 0.7681773 0.11452 0.7282582 0.07443851 0.7681716 0.07450813 0.686146 0.1145297 0.7260821 0.07451111 0.7260879 0.1147384 0.8751564 0.4788745 0.8732604 0.4388497 0.8843052 0.4383307 0.8612539 0.7532106 0.8612221 0.7292011 0.8722953 0.7291864 0.8610259 0.6892089 0.862043 0.6492151 0.8720991 0.6891941 0.7681744 0.1728988 0.7282561 0.1546537 0.7681791 0.1545922 0.6861467 0.1729889 0.7260758 0.1548001 0.7260569 0.1729002 0.8776544 0.5371304 0.8778213 0.5188632 0.8886992 0.5366114 0.8798046 0.5830183 0.8689466 0.5608983 0.8908494 0.5824992 0.6861396 0.1963094 0.7260465 0.2188419 0.6861186 0.2187728 0.7282587 0.21878 0.7681749 0.1962276 0.7681792 0.218772 0.8712561 0.6310051 0.8620554 0.6077345 0.8823292 0.6309904 0.8610278 0.8034095 0.862053 0.7728601 0.872101 0.8033947 0.8719497 0.414824 0.8612255 0.3956117 0.8829945 0.414305 0.6861836 0.03084766 0.7260879 0.05045121 0.6861636 0.05040025 0.7282584 0.0503751 0.7681714 0.03075188 0.7681754 0.05038511 0.7957082 0.05042046 0.8225091 0.03080439 0.8225101 0.05049419 0.6318358 0.03081512 0.6586279 0.05040866 0.63183 0.05050474 0.7957113 0.2188521 0.8225154 0.1963067 0.822525 0.2187826 0.6318002 0.1963837 0.6585949 0.2189063 0.6317625 0.2186983 0.02146303 0.8806815 0.003502309 0.9054617 0 0.8780968 0.04034698 0.9054607 0.02362561 0.880783 0.04385042 0.8780947 0.631838 0.07469862 0.6586092 0.1145321 0.6318101 0.1146221 0.7957113 0.1145493 0.8225074 0.07461118 0.8225144 0.1146171 0.8225074 0.07461118 0.7957082 0.05042046 0.8225101 0.05049419 0.1452248 0.8441952 0.1485021 0.8136194 0.1746563 0.8316537 0.6318002 0.1963837 0.6586077 0.1729766 0.6586009 0.1963027 0.8225154 0.1963067 0.7957097 0.1729184 0.8225181 0.1729176 0.7957052 0.1547437 0.8225144 0.1146171 0.8225086 0.1548122 0.6318101 0.1146221 0.6586279 0.1548825 0.6318292 0.1549782 0.8999406 0.04053562 0.8957468 0.06787085 0.8888843 0.04000276 0.6318358 0.03081512 0.6586587 2.64152e-4 0.6586641 0.0310021 0.8225091 0.03080439 0.7957018 1.86394e-4 0.822507 1.99705e-4 0.8982732 5.32858e-4 0.8888843 0.04000276 0.887217 0 0.8762001 0.9285158 0.8888824 0.9008727 0.8959417 0.9285158 0.6586279 0.05040866 0.6861836 0.03084766 0.6861636 0.05040025 0.7957113 0.2188521 0.7681749 0.1962276 0.7957106 0.196248 0.6585949 0.2189063 0.6861396 0.1963094 0.6861186 0.2187728 0.6586279 0.1548825 0.6861467 0.1729889 0.6586077 0.1729766 0.7681744 0.1728988 0.7957052 0.1547437 0.7957097 0.1729184 0.6586092 0.1145321 0.6861727 0.0746001 0.686146 0.1145297 0.7957113 0.1145493 0.7681716 0.07450813 0.7956963 0.07466953 0.5336332 0.8142564 0.5585991 0.8304819 0.5336332 0.8473642 0.1485021 0.8136194 0.1746563 0.7985551 0.1746563 0.8316537 0.6586077 0.1729766 0.6861396 0.1963094 0.6586009 0.1963027 0.7681749 0.1962276 0.7957097 0.1729184 0.7957106 0.196248 0.7681791 0.1545922 0.7957113 0.1145493 0.7957052 0.1547437 0.6586092 0.1145321 0.6861343 0.1545971 0.6586279 0.1548825 0.6586587 2.64152e-4 0.6861836 0.03084766 0.6586641 0.0310021 0.7681714 0.03075188 0.7957018 1.86394e-4 0.7956994 0.03085285 0.8225091 0.03080439 0.8507627 3.03596e-4 0.8507612 0.03096789 0.6035982 3.71776e-4 0.6318358 0.03081512 0.6036034 0.03111243 0.6035604 0.1147673 0.6318292 0.1549782 0.6035625 0.1549687 0.8225086 0.1548122 0.8507725 0.114709 0.8507717 0.1548348 0.8225154 0.1963067 0.8507816 0.1729409 0.8507753 0.1963896 0.6035256 0.1729139 0.6318002 0.1963837 0.6035487 0.1965199 0.6035733 0.07470381 0.63183 0.05050474 0.631838 0.07469862 0.8507692 0.07464355 0.8225101 0.05049419 0.8507626 0.05065852 0.8507725 0.114709 0.8225074 0.07461118 0.8507692 0.07464355 0.6035604 0.1147673 0.631838 0.07469862 0.6318101 0.1146221 0.04385042 0.8780947 0.02362561 0.8523582 0.04323571 0.8497405 0.02146303 0.8522551 0 0.8780968 6.1478e-4 0.8497406 0.7893672 0.3603935 0.7671012 0.3508536 0.7893672 0.330241 0.8507769 0.2189914 0.8225154 0.1963067 0.8507753 0.1963896 0.6036034 0.03111243 0.63183 0.05050474 0.6035981 0.05080759 0.8225101 0.05049419 0.8507612 0.03096789 0.8507626 0.05065852 0.8957468 0.06787085 0.8982733 0.09480148 0.887217 0.09426862 0.9015312 0.6523157 0.9100573 0.6783577 0.8905258 0.6534634 0.8952119 0.6253117 0.9015312 0.6523157 0.8905258 0.6534634 0.8952119 0.6253117 0.8954972 0.5851791 0.9062173 0.624164 0.4133452 0.8995014 0.4429543 0.8122662 0.4562655 0.9030893 0.08914202 0.7457314 3.16857e-6 0.7740573 1.5997e-6 0.7363772 1.5788e-6 0.8100907 0.08914315 0.8254359 0 0.8475796 0.5652123 0.9071496 0.5758395 0.8142585 0.5758395 0.9071516 0.2475301 0.5342264 0.3374612 0.5996608 0.2475301 0.6227169 0.2475306 0.7555841 0.3363958 0.8421147 0.2475301 0.8656624 0.08914315 0.7191598 1.5997e-6 0.7363772 0 0.6990017 0.3363958 0.6459575 0.2475306 0.7555841 0.2475301 0.6248777 0.8649525 0.8079552 0.8967267 0.8952177 0.8501808 0.8987118 0.3374611 0.4038025 0.2475301 0.4508793 0.2475301 0.3821682 3.16857e-6 0.7740573 0.08914202 0.7982939 1.5788e-6 0.8100907 0.2475301 0.4508793 0.3374612 0.5255321 0.2475301 0.5342264 0.3537693 0.9365072 0.3431619 0.8439882 0.3537693 0.843928 0.9687984 0.7985664 0.9687984 0.5853648 0.9744737 0.5851791 0.9124699 0.9251537 0.90604 0.9251492 0.9060398 0.7115795 0.9503502 0.964401 0.9557402 0.9610844 0.9557402 0.9679027 0.9687984 0.7985664 0.9744737 0.5851791 0.9744709 0.7983821 0.9124699 0.9251537 0.9060398 0.7115795 0.9124699 0.7115845 0.9773456 0.3457581 0.9718229 0.132274 0.9773758 0.1322078 0.9773456 0.3457581 0.9718229 0.345824 0.9718229 0.132274 0.9778071 0.3549904 0.9778071 0.3614152 0.9720991 0.3577564 0.933289 0.8136317 0.9332862 0.5853648 0.9389615 0.5851791 0.3460538 0.8416857 0.3396239 0.841681 0.3396238 0.6130202 0.5497868 0.9379445 0.5551768 0.934628 0.5551768 0.9414464 0.933289 0.8136317 0.9389615 0.5851791 0.9389615 0.8134474 0.3460538 0.8416857 0.3396238 0.6130202 0.3460538 0.6130252 0.3537391 0.8417013 0.3482164 0.6131274 0.3537694 0.6130611 0.3537391 0.8417013 0.3482164 0.8417672 0.3482164 0.6131274 0.8119533 0.9704371 0.8119533 0.976862 0.8062453 0.9732032 0.9639852 0.3456202 0.9639852 0.1323934 0.9696604 0.1322078 0.9210624 0.9251801 0.9146325 0.9251767 0.9146325 0.7115794 0.5497867 0.9469238 0.5551767 0.9436072 0.5551767 0.9504255 0.9639852 0.3456202 0.9696604 0.1322078 0.9696576 0.345436 0.9210624 0.9251801 0.9146325 0.7115794 0.9210625 0.7115832 0.9756949 0.5771533 0.9701722 0.3636423 0.9757252 0.3635761 0.9756949 0.5771533 0.9701722 0.5772191 0.9701722 0.3636423 0.4430018 0.9773486 0.4372164 0.9745451 0.4430018 0.9710097 0.9284757 0.3606847 0.9284729 0.1323935 0.9341481 0.1322078 0.3460537 0.6108592 0.3396238 0.6108557 0.3396238 0.3821681 0.1334787 0.9443822 0.1388686 0.9410656 0.1388686 0.9478839 0.9284757 0.3606847 0.9341481 0.1322078 0.9341481 0.3605003 0.3460537 0.6108592 0.3396238 0.3821681 0.3460538 0.3821721 0.3537391 0.6108343 0.3482164 0.3822345 0.3537693 0.3821682 0.3537391 0.6108343 0.3482164 0.6109002 0.3482164 0.3822345 0.8198241 0.9704371 0.8198241 0.976862 0.8141161 0.9732032 0.9606652 0.123617 0.9606652 3.29628e-5 0.9662498 0 0.9567789 0.9021431 0.9503501 0.9021393 0.9503501 0.778553 0.2129586 0.9702398 0.2186817 0.9729424 0.2129586 0.9766533 0.9606652 0.123617 0.9662498 0 0.9662477 0.1235842 0.9567789 0.9021431 0.9503501 0.778553 0.9567785 0.7785568 0.9584715 0.1235649 0.9528462 5.98611e-5 0.9585024 0 0.9584715 0.1235649 0.9528462 0.1236244 0.9528462 5.98611e-5 0.3775615 0.9781137 0.3717796 0.9753057 0.3775615 0.9717766 0.9332863 0.9538784 0.9332863 0.8158257 0.9388709 0.8157927 0.9296541 0.9166623 0.9232253 0.9166584 0.9232253 0.7786032 0.4372164 0.9653577 0.4426006 0.9620316 0.4426006 0.9688488 0.9332863 0.9538784 0.9388709 0.8157927 0.9388688 0.9538455 0.9296541 0.9166623 0.9232253 0.7786032 0.9296538 0.7786071 0.5836275 0.9522876 0.5780021 0.8143163 0.5836584 0.8142563 0.5836275 0.9522876 0.5780021 0.9523472 0.5780021 0.8143163 0.3453754 0.9714722 0.3453754 0.9778959 0.3396713 0.9742423 0.6463612 0.2376449 0.6547185 0.222122 0.6514776 0.2381563 0.4545999 0.9237691 0.4546937 0.9288832 0.4462424 0.9289064 0.4545999 0.9237691 0.4462424 0.9186801 0.4546937 0.918657 0.6463612 0.2376449 0.641245 0.2381143 0.6380048 0.222054 0.6463612 0.2376449 0.6380048 0.222054 0.6463617 0.221287 0.6463612 0.2376449 0.6463617 0.221287 0.6547185 0.222122 0.4545999 0.9237691 0.4462424 0.9289064 0.4461485 0.9237923 0.4545999 0.9237691 0.4461485 0.9237923 0.4462424 0.9186801 0.8946735 0.7254796 0.8867665 0.7334902 0.8862935 0.7254611 0.641245 0.2381143 0.629969 0.2243936 0.6380048 0.222054 0.8951465 0.7335085 0.8869262 0.7418413 0.8867665 0.7334902 0.8946735 0.7254796 0.8951465 0.7335085 0.8867665 0.7334902 0.8939054 0.7180812 0.8946735 0.7254796 0.8862935 0.7254611 0.8928718 0.7115979 0.8939054 0.7180812 0.8855254 0.7180628 0.8939054 0.7180812 0.8862935 0.7254611 0.8855254 0.7180628 0.8928718 0.7115979 0.8855254 0.7180628 0.8844918 0.7115795 0.6317912 0.2418864 0.6160719 0.2333739 0.6225632 0.2282159 0.6363252 0.2395465 0.6225632 0.2282159 0.629969 0.2243936 0.6363252 0.2395465 0.6317912 0.2418864 0.6225632 0.2282159 0.4549719 0.9137429 0.4469721 0.9092392 0.4554234 0.9092161 0.4546937 0.918657 0.4465205 0.9137661 0.4549719 0.9137429 0.641245 0.2381143 0.6363252 0.2395465 0.629969 0.2243936 0.4549719 0.9137429 0.4465205 0.9137661 0.4469721 0.9092392 0.4554234 0.9092161 0.4469721 0.9092392 0.4475798 0.9052734 0.9421019 9.66796e-5 0.9506837 0 0.9506579 0.004152357 0.4554234 0.9092161 0.4475798 0.9052734 0.4560312 0.9052502 0.9421019 9.66796e-5 0.9506579 0.004152357 0.9420761 0.004249036 0.6278172 0.2450441 0.6245557 0.2488983 0.6107447 0.2396696 0.6317912 0.2418864 0.6278172 0.2450441 0.6160719 0.2333739 0.6278172 0.2450441 0.6107447 0.2396696 0.6160719 0.2333739 0.9094452 0.01392936 0.9177573 0.006645619 0.9179544 0.01406425 0.6245557 0.2488983 0.6067862 0.2468608 0.6107447 0.2396696 0.9092482 0.006510674 0.9174748 1.34923e-4 0.9177573 0.006645619 0.9094452 0.01392936 0.9092482 0.006510674 0.9177573 0.006645619 0.9095492 0.0219708 0.9094452 0.01392936 0.9179544 0.01406425 0.909556 0.03032606 0.9095492 0.0219708 0.9180583 0.02210575 0.9095492 0.0219708 0.9179544 0.01406425 0.9180583 0.02210575 0.909556 0.03032606 0.9180583 0.02210575 0.9180651 0.03046101 0.6206399 0.2580826 0.6035256 0.2628009 0.6043487 0.2546713 0.6221322 0.2533009 0.6043487 0.2546713 0.6067862 0.2468608 0.6221322 0.2533009 0.6206399 0.2580826 0.6043487 0.2546713 0.9420555 0.008912026 0.9506227 0.01380962 0.942041 0.0139063 0.9420761 0.004249036 0.9506372 0.008815348 0.9420555 0.008912026 0.6245557 0.2488983 0.6221322 0.2533009 0.6067862 0.2468608 0.9420555 0.008912026 0.9506372 0.008815348 0.9506227 0.01380962 0.942041 0.0139063 0.9506227 0.01380962 0.9506147 0.0189433 0.942041 0.0139063 0.9506147 0.0189433 0.942033 0.01903998 0.942033 0.01903998 0.9506147 0.0189433 0.9506837 0.1075881 0.942033 0.01903998 0.9506837 0.1075881 0.9421019 0.1076848 0.620136 0.2630597 0.620136 0.3495573 0.6035256 0.3492985 0.9180651 0.03046101 0.9174748 0.11925 0.9089657 0.1191151 0.620136 0.2630597 0.6035256 0.3492985 0.6035256 0.2628009 0.9180651 0.03046101 0.9089657 0.1191151 0.909556 0.03032606 0.6206399 0.2580826 0.620136 0.2630597 0.6035256 0.2628009 0.9420761 0.004249036 0.9506579 0.004152357 0.9506372 0.008815348 0.9092482 0.006510674 0.9089657 0 0.9174748 1.34923e-4 0.4546937 0.918657 0.4462424 0.9186801 0.4465205 0.9137661 0.8951465 0.7335085 0.8953062 0.7418596 0.8869262 0.7418413 0.8869262 0.7418413 0.8953062 0.7418596 0.8951465 0.750212 0.8869262 0.7418413 0.8951465 0.750212 0.8867665 0.7501936 0.8867665 0.7501936 0.8951465 0.750212 0.8946735 0.7582446 0.8867665 0.7501936 0.8946735 0.7582446 0.8862935 0.7582262 0.8862935 0.7582262 0.8946735 0.7582446 0.8939054 0.7656487 0.8862935 0.7582262 0.8939054 0.7656487 0.8855255 0.7656303 0.8855255 0.7656303 0.8939054 0.7656487 0.8928718 0.7721399 0.8855255 0.7656303 0.8928718 0.7721399 0.8844918 0.7721215 0.9202276 7.54943e-5 0.9287514 0 0.9287747 0.00617063 0.9202276 7.54943e-5 0.9287747 0.00617063 0.9202511 0.006246149 0.9202511 0.006246149 0.9287747 0.00617063 0.9287871 0.01333236 0.9202511 0.006246149 0.9287871 0.01333236 0.9202634 0.01340788 0.9202634 0.01340788 0.9287871 0.01333236 0.928788 0.02121001 0.9202634 0.01340788 0.928788 0.02121001 0.9202643 0.02128547 0.9202643 0.02128547 0.928788 0.02121001 0.9287774 0.02950072 0.9202643 0.02128547 0.9287774 0.02950072 0.9202538 0.02957618 0.9202538 0.02957618 0.9287774 0.02950072 0.9287513 0.1181455 0.9202538 0.02957618 0.9287513 0.1181455 0.9202276 0.1182211 0.6725866 0.2632748 0.6891978 0.3496469 0.6725866 0.3497725 0.6725866 0.2632748 0.6891978 0.2631492 0.6891978 0.3496469 0.6720827 0.2582936 0.6891978 0.2631492 0.6725866 0.2632748 0.93952 0.01344853 0.9395188 0.01855969 0.9309505 0.01850318 0.9395188 0.01855969 0.9313022 0.1072934 0.9309505 0.01850318 0.9395188 0.01855969 0.9398705 0.1073499 0.9313022 0.1072934 0.93952 0.01344853 0.9309505 0.01850318 0.9309517 0.01339203 0.9395809 0.00853765 0.9309517 0.01339203 0.9310126 0.008481144 0.9395809 0.00853765 0.93952 0.01344853 0.9309517 0.01339203 0.6681668 0.2490772 0.6859371 0.2471826 0.6705903 0.2534996 0.9396992 0.004015684 0.9395809 0.00853765 0.9310126 0.008481144 0.6705903 0.2534996 0.6883748 0.2550129 0.6720827 0.2582936 0.6705903 0.2534996 0.6859371 0.2471826 0.6883748 0.2550129 0.6649054 0.2451963 0.6819787 0.2399592 0.6681668 0.2490772 0.9398705 5.65455e-5 0.9396992 0.004015684 0.931131 0.003959178 0.6681668 0.2490772 0.6819787 0.2399592 0.6859371 0.2471826 0.9396992 0.004015684 0.9310126 0.008481144 0.931131 0.003959178 0.9398705 5.65455e-5 0.931131 0.003959178 0.9313022 0 0.4554234 0.9383381 0.4475798 0.9423388 0.4469721 0.9383613 0.4554234 0.9383381 0.4560312 0.9423156 0.4475798 0.9423388 0.6563972 0.2396288 0.6701601 0.2284094 0.6609313 0.2420059 0.4549719 0.9338026 0.4554234 0.9383381 0.4469721 0.9383613 0.6609313 0.2420059 0.6766514 0.2336203 0.6649054 0.2451963 0.6609313 0.2420059 0.6701601 0.2284094 0.6766514 0.2336203 0.6514776 0.2381563 0.6627543 0.224527 0.6563972 0.2396288 0.4546937 0.9288832 0.4549719 0.9338026 0.4465205 0.9338257 0.6563972 0.2396288 0.6627543 0.224527 0.6701601 0.2284094 0.4549719 0.9338026 0.4469721 0.9383613 0.4465205 0.9338257 0.4546937 0.9288832 0.4465205 0.9338257 0.4462424 0.9289064 0.6649054 0.2451963 0.6766514 0.2336203 0.6819787 0.2399592 0.6720827 0.2582936 0.6883748 0.2550129 0.6891978 0.2631492 0.6514776 0.2381563 0.6547185 0.222122 0.6627543 0.224527 0.9684125 0.1291501 0.9684125 0.1079406 0.9740298 0.1078695 0.4662835 0.9568995 0.4727133 0.9568982 0.4727133 0.9781121 0.05907952 0.9767104 0.05907952 0.9703927 0.06488978 0.9739606 0.9684125 0.1291501 0.9740298 0.1078695 0.9740275 0.1290795 0.4662835 0.9568995 0.4727133 0.9781121 0.466283 0.9781135 0.4749065 0.956905 0.48049 0.9781115 0.4748759 0.9781184 0.4749065 0.956905 0.48049 0.9568982 0.48049 0.9781115 0.08584636 0.9714933 0.08584636 0.9779062 0.08013457 0.9742547 0.9204216 0.3588911 0.9204216 0.3303121 0.9260389 0.330241 0.6728417 0.9203664 0.6792714 0.9203667 0.679272 0.9489513 0.06705236 0.9765687 0.06705236 0.970251 0.07286262 0.9738189 0.9204216 0.3588911 0.9260389 0.330241 0.9260365 0.3588205 0.6728417 0.9203664 0.679272 0.9489513 0.6728417 0.9489513 0.9524949 0.3255907 0.9580784 0.3541657 0.9524642 0.3541749 0.9524949 0.3255907 0.9580784 0.3255817 0.9580784 0.3541657 0.3617426 0.9717766 0.3617426 0.9781895 0.3560308 0.9745379 0.8663342 0.9461179 0.8663342 0.9288306 0.8719516 0.9287596 0.8144514 0.9211179 0.8208812 0.9211152 0.8208812 0.938406 0.05950307 0.9647253 0.06488984 0.9614174 0.06488984 0.9682319 0.8663342 0.9461179 0.8719516 0.9287596 0.8719493 0.9460473 0.8144514 0.9211179 0.8208812 0.938406 0.8144509 0.9384089 0.4826833 0.956903 0.4882667 0.9741885 0.4826526 0.9741933 0.4826833 0.956903 0.4882667 0.9568981 0.4882667 0.9741885 0.3532497 0.9714722 0.3532497 0.9778851 0.3475379 0.9742336 0.1074592 0.9556367 0.1074592 0.9306291 0.1130765 0.930558 0.2278226 0.9072232 0.2342523 0.9072229 0.2342523 0.9322354 0.2024244 0.9702398 0.2081385 0.9729442 0.2024244 0.976664 0.1074592 0.9556367 0.1130765 0.930558 0.1130741 0.9555661 0.2278226 0.9072232 0.2342523 0.9322354 0.227822 0.9322359 0.2293184 0.9367409 0.2349019 0.9617449 0.2292878 0.961753 0.2293184 0.9367409 0.2349019 0.9367328 0.2349019 0.9617449 0.369617 0.9717764 0.369617 0.9781894 0.3639052 0.9745378 0.4111827 0.8101593 0.3560858 0.8872354 0.3560308 0.8097934 0.9049404 0.5701552 0.9168688 0.5736125 0.9110159 0.5828454 0.9216208 0.9280647 0.9285986 0.927341 0.9286234 0.9378982 0.9049404 0.5701552 0.9110159 0.5828454 0.9012064 0.5830182 0.9433155 0.1207611 0.9363108 0.1207832 0.9364268 0.1113259 0.9433155 0.1207611 0.9364268 0.1113259 0.9434234 0.1119669 0.9503934 0.120678 0.9433155 0.1207611 0.9434234 0.1119669 0.9364268 0.1300469 0.9363108 0.1207832 0.9433155 0.1207611 0.9434234 0.1293752 0.9433155 0.1207611 0.9503934 0.120678 0.9364268 0.1300469 0.9433155 0.1207611 0.9434234 0.1293752 0.7008439 0.9308124 0.7010105 0.9202562 0.7080087 0.9209865 0.9049404 0.5701552 0.893012 0.5776271 0.893012 0.5666978 0.9049404 0.5701552 0.9012064 0.5830182 0.893012 0.5776271 0.7080087 0.9405042 0.7008439 0.9308124 0.7078538 0.9308025 0.7008439 0.9308124 0.7080087 0.9209865 0.7078538 0.9308025 0.8988649 0.5574649 0.9049404 0.5701552 0.893012 0.5666978 0.7080087 0.9405042 0.7010104 0.9412456 0.7008439 0.9308124 0.7150768 0.9383055 0.7080087 0.9405042 0.7078538 0.9308025 0.02332484 0.9463623 0.01640796 0.9369539 0.0233981 0.937599 0.03037023 0.9463086 0.0233981 0.937599 0.03042721 0.9394916 0.03037023 0.9463086 0.02332484 0.9463623 0.0233981 0.937599 0.0233981 0.9550133 0.02332484 0.9463623 0.03037023 0.9463086 0.0233981 0.9550133 0.03037023 0.9463086 0.03042721 0.9530383 0.01640796 0.9556813 0.02332484 0.9463623 0.0233981 0.9550133 0.9286234 0.9378982 0.9285986 0.9483304 0.9216208 0.9475822 0.9216439 0.9378815 0.9216208 0.9475822 0.9146325 0.9453763 0.9286234 0.9378982 0.9216208 0.9475822 0.9216439 0.9378815 0.9216208 0.9280647 0.9286234 0.9378982 0.9216439 0.9378815 0.9146325 0.9301935 0.9216208 0.9280647 0.9216439 0.9378815 0.9216439 0.9378815 0.9146325 0.9453763 0.9146505 0.9378301 0.9146325 0.9301935 0.9216439 0.9378815 0.9146505 0.9378301 0.9503934 0.120678 0.9434234 0.1119669 0.9504774 0.1138369 0.9168688 0.5626833 0.9049404 0.5701552 0.9086745 0.5572922 0.01640796 0.9556813 0.01632916 0.9463781 0.02332484 0.9463623 0.9168688 0.5626833 0.9168688 0.5736125 0.9049404 0.5701552 0.02332484 0.9463623 0.01632916 0.9463781 0.01640796 0.9369539 0.8988649 0.5574649 0.9086745 0.5572922 0.9049404 0.5701552 0.7150768 0.9383055 0.7078538 0.9308025 0.7149563 0.9307585 0.7078538 0.9308025 0.7150768 0.9231226 0.7149563 0.9307585 0.9434234 0.1293752 0.9503934 0.120678 0.9504774 0.127379 0.7078538 0.9308025 0.7080087 0.9209865 0.7150768 0.9231226 0.9860271 0.6951 0.9824129 0.7970373 0.9824129 0.695102 0.8342781 0.3232409 0.8860346 0.2212881 0.8860346 0.323242 0.7700412 0.9202561 0.7700412 0.9718828 0.7664257 0.9718846 0.7700412 0.9202561 0.7664257 0.9718846 0.7664257 0.9202579 0.8342781 0.3232409 0.8342781 0.221287 0.8860346 0.2212881 0.1652305 0.9199395 0.1616203 0.9716547 0.1616203 0.9199434 0.9918025 0.6951 0.9881896 0.7970528 0.9881896 0.6951009 0.1652305 0.9199395 0.1652305 0.9716508 0.1616203 0.9716547 0.9860271 0.6951 0.9860271 0.7970354 0.9824129 0.7970373 0.2320609 0.8009557 0.1803002 0.8009558 0.1803002 0.6990019 0.2320609 0.8009557 0.1803002 0.6990019 0.2320609 0.6990017 0.9918025 0.6951 0.9918025 0.7970519 0.9881896 0.7970528 0.03424423 0.9347554 0.04561322 0.9229604 0.04354864 0.934793 0.03424423 0.9347554 0.03391712 0.922913 0.04561322 0.9229604 0.02388793 0.9229604 0.03391712 0.922913 0.03424423 0.9347554 0.02388793 0.9229604 0.03424423 0.9347554 0.02626585 0.934793 0.1173251 0.9180518 0.1276454 0.9178883 0.1280857 0.929795 0.1173251 0.9180518 0.1285861 0.9086645 0.1276454 0.9178883 0.03456997 0.9135553 0.04561322 0.9229604 0.03391712 0.922913 0.03456997 0.9135553 0.04172718 0.9135843 0.04561322 0.9229604 0.1173251 0.9180518 0.1222708 0.9087646 0.1285861 0.9086645 0.1173251 0.9180518 0.1280857 0.929795 0.1198758 0.9299252 0.03456997 0.9135553 0.03426617 0.9076226 0.04360866 0.9076604 0.02625513 0.9076604 0.03426617 0.9076226 0.03456997 0.9135553 0.02388793 0.9229604 0.03456997 0.9135553 0.03391712 0.922913 0.02388793 0.9229604 0.02843278 0.9135843 0.03456997 0.9135553 0.02625513 0.9076604 0.03456997 0.9135553 0.02843278 0.9135843 0.03456997 0.9135553 0.04360866 0.9076604 0.04172718 0.9135843 0.3560308 0.9247136 0.3642725 0.9190974 0.3676567 0.9312837 0.1199241 0.9028018 0.1281676 0.9026711 0.1285861 0.9086645 0.3676567 0.9312837 0.3642725 0.9190974 0.3742319 0.9196667 0.1199241 0.9028018 0.1285861 0.9086645 0.1222708 0.9087646 0.3676567 0.9312837 0.3792825 0.92806 0.3792825 0.9378539 0.3676567 0.9312837 0.3742319 0.9196667 0.3792825 0.92806 0.3610813 0.9429008 0.3560308 0.9345075 0.3676567 0.9312837 0.3560308 0.9247136 0.3676567 0.9312837 0.3560308 0.9345075 0.3610813 0.9429008 0.3676567 0.9312837 0.3710408 0.9434701 0.3676567 0.9312837 0.3792825 0.9378539 0.3710408 0.9434701 0.206627 0.9074785 0.2144035 0.9072228 0.2147849 0.9132939 0.2147849 0.9132939 0.2144035 0.9072228 0.223879 0.9074785 0.2147849 0.9132939 0.2256594 0.9226517 0.2137967 0.9223316 0.2040611 0.9226517 0.2147849 0.9132939 0.2137967 0.9223316 0.2040611 0.9226517 0.2088274 0.9134898 0.2147849 0.9132939 0.206627 0.9074785 0.2147849 0.9132939 0.2088274 0.9134898 0.2147849 0.9132939 0.222044 0.9134898 0.2256594 0.9226517 0.2147849 0.9132939 0.223879 0.9074785 0.222044 0.9134898 0.496801 0.9225594 0.5070324 0.9223318 0.5074939 0.9342719 0.496801 0.9225594 0.50807 0.9131833 0.5070324 0.9223318 0.2141659 0.9343174 0.2137967 0.9223316 0.2256594 0.9226517 0.496801 0.9225594 0.5018091 0.9133226 0.50807 0.9131833 0.2141659 0.9343174 0.2256594 0.9226517 0.2236028 0.934572 0.496801 0.9225594 0.5074939 0.9342719 0.4993547 0.9344531 0.2040611 0.9226517 0.2137967 0.9223316 0.2141659 0.9343174 0.2040611 0.9226517 0.2141659 0.9343174 0.206421 0.934572 0.1280857 0.929795 0.1390674 0.9180518 0.1371721 0.9299252 0.50807 0.9131833 0.5185095 0.9225594 0.5070324 0.9223318 0.50807 0.9131833 0.5076236 0.9071576 0.5167911 0.9073395 0.4994509 0.9073395 0.5076236 0.9071576 0.50807 0.9131833 0.4994509 0.9073395 0.50807 0.9131833 0.5018091 0.9133226 0.50807 0.9131833 0.5150932 0.9133226 0.5185095 0.9225594 0.50807 0.9131833 0.5167911 0.9073395 0.5150932 0.9133226 0.5074939 0.9342719 0.5070324 0.9223318 0.5185095 0.9225594 0.5074939 0.9342719 0.5185095 0.9225594 0.516624 0.9344531 0.1280857 0.929795 0.1276454 0.9178883 0.1390674 0.9180518 0.1285861 0.9086645 0.1390674 0.9180518 0.1276454 0.9178883 0.1285861 0.9086645 0.1355755 0.9087646 0.1390674 0.9180518 0.1285861 0.9086645 0.1372911 0.9028018 0.1355755 0.9087646 0.1285861 0.9086645 0.1281676 0.9026711 0.1372911 0.9028018 0.9802504 0.6951 0.9766362 0.7970373 0.9766362 0.695102 0.09130573 0.9005089 0.1430622 0.7985562 0.1430622 0.90051 0.7758192 0.9202561 0.7758192 0.9718828 0.7722038 0.9718846 0.7758192 0.9202561 0.7722038 0.9718846 0.7722038 0.9202579 0.09130573 0.9005089 0.09130567 0.798555 0.1430622 0.7985562 0.9724085 0.9086481 0.9687983 0.9603633 0.9687983 0.908652 0.7886568 0.8923692 0.785044 0.9943219 0.785044 0.8923701 0.9724085 0.9086481 0.9724085 0.9603595 0.9687983 0.9603633 0.9802504 0.6951 0.9802504 0.7970354 0.9766362 0.7970373 0.8321157 0.323241 0.780355 0.3232411 0.780355 0.2212871 0.8321157 0.323241 0.780355 0.2212871 0.8321157 0.221287 0.7886568 0.8923692 0.7886568 0.9943209 0.785044 0.9943219 0.68505 0.8924795 0.6814345 0.9942497 0.6814345 0.8924813 0.2320618 0.8031167 0.1803002 0.9050619 0.1803002 0.8031178 0.4108447 0.9190973 0.4108447 0.9708176 0.4072319 0.9708185 0.4108447 0.9190973 0.4072319 0.9708185 0.4072319 0.9190982 0.2320618 0.8031167 0.2320618 0.9050607 0.1803002 0.9050619 0.6001569 0.9033384 0.5965427 0.9550525 0.5965427 0.9033403 0.7944295 0.8923692 0.7908193 0.9943076 0.7908193 0.892373 0.6001569 0.9033384 0.6001569 0.9550505 0.5965427 0.9550525 0.68505 0.8924795 0.68505 0.9942479 0.6814345 0.9942497 0.5336332 0.7101433 0.5853948 0.7101434 0.5853948 0.8120955 0.5336332 0.7101433 0.5853948 0.8120955 0.5336332 0.8120954 0.7944295 0.8923692 0.7944295 0.9943038 0.7908193 0.9943076 0.6413241 0.9053426 0.6532525 0.9088 0.6473996 0.9180328 0.1243134 0.9328095 0.1312912 0.9320859 0.131316 0.9426431 0.6413241 0.9053426 0.6473996 0.9180328 0.6375901 0.9182056 0.187305 0.9461681 0.1803002 0.9461902 0.1804162 0.9367328 0.187305 0.9461681 0.1804162 0.9367328 0.1874129 0.9373739 0.1943829 0.946085 0.187305 0.9461681 0.1874129 0.9373739 0.1804162 0.9554538 0.1803002 0.9461902 0.187305 0.9461681 0.1874129 0.9547823 0.187305 0.9461681 0.1943829 0.946085 0.1804162 0.9554538 0.187305 0.9461681 0.1874129 0.9547823 0.7500303 0.9308124 0.7501969 0.9202563 0.7571951 0.9209865 0.6413241 0.9053426 0.6293957 0.9128144 0.6293957 0.9018851 0.6413241 0.9053426 0.6375901 0.9182056 0.6293957 0.9128144 0.7571951 0.9405043 0.7500303 0.9308124 0.7570402 0.9308026 0.7500303 0.9308124 0.7571951 0.9209865 0.7570402 0.9308026 0.6352486 0.8926523 0.6413241 0.9053426 0.6293957 0.9018851 0.7571951 0.9405043 0.7501969 0.9412457 0.7500303 0.9308124 0.7642632 0.9383056 0.7571951 0.9405043 0.7570402 0.9308026 0.7570259 0.952815 0.750109 0.9434065 0.7570992 0.9440517 0.7640713 0.9527612 0.7570992 0.9440517 0.7641283 0.9459441 0.7640713 0.9527612 0.7570259 0.952815 0.7570992 0.9440517 0.7570992 0.961466 0.7570259 0.952815 0.7640713 0.9527612 0.7570992 0.961466 0.7640713 0.9527612 0.7641283 0.9594909 0.750109 0.9621339 0.7570259 0.952815 0.7570992 0.961466 0.131316 0.9426431 0.1312912 0.9530752 0.1243134 0.952327 0.1243365 0.9426263 0.1243134 0.952327 0.1173251 0.9501212 0.131316 0.9426431 0.1243134 0.952327 0.1243365 0.9426263 0.1243134 0.9328095 0.131316 0.9426431 0.1243365 0.9426263 0.1173251 0.9349383 0.1243134 0.9328095 0.1243365 0.9426263 0.1243365 0.9426263 0.1173251 0.9501212 0.1173431 0.9425749 0.1173251 0.9349383 0.1243365 0.9426263 0.1173431 0.9425749 0.1943829 0.946085 0.1874129 0.9373739 0.1944668 0.9392439 0.6532525 0.8978707 0.6413241 0.9053426 0.6450582 0.8924795 0.750109 0.9621339 0.7500302 0.9528306 0.7570259 0.952815 0.6532525 0.8978707 0.6532525 0.9088 0.6413241 0.9053426 0.7570259 0.952815 0.7500302 0.9528306 0.750109 0.9434065 0.6352486 0.8926523 0.6450582 0.8924795 0.6413241 0.9053426 0.7642632 0.9383056 0.7570402 0.9308026 0.7641428 0.9307585 0.7570402 0.9308026 0.7642632 0.9231226 0.7641428 0.9307585 0.1874129 0.9547823 0.1943829 0.946085 0.1944668 0.952786 0.7570402 0.9308026 0.7571951 0.9209865 0.7642632 0.9231226 0.0103563 0.9347554 0.02172535 0.9229604 0.01966071 0.934793 0.0103563 0.9347554 0.01002919 0.922913 0.02172535 0.9229604 0 0.9229604 0.01002919 0.922913 0.0103563 0.9347554 0 0.9229604 0.0103563 0.9347554 0.002377927 0.9347929 0.5336332 0.9205939 0.5439535 0.9204303 0.5443938 0.9323371 0.5336332 0.9205939 0.5448941 0.9112065 0.5439535 0.9204303 0.0106821 0.9135553 0.02172535 0.9229604 0.01002919 0.922913 0.0106821 0.9135553 0.01783925 0.9135843 0.02172535 0.9229604 0.5336332 0.9205939 0.5385788 0.9113066 0.5448941 0.9112065 0.5336332 0.9205939 0.5443938 0.9323371 0.5361839 0.9324672 0.0106821 0.9135553 0.01037824 0.9076226 0.01972073 0.9076604 0.002367198 0.9076604 0.01037824 0.9076226 0.0106821 0.9135553 0 0.9229604 0.0106821 0.9135553 0.01002919 0.922913 0 0.9229604 0.004544854 0.9135843 0.0106821 0.9135553 0.002367198 0.9076604 0.0106821 0.9135553 0.004544854 0.9135843 0.0106821 0.9135553 0.01972073 0.9076604 0.01783925 0.9135843 0.3818176 0.9247136 0.3900594 0.9190974 0.3934435 0.9312837 0.5362321 0.9053438 0.5444757 0.9052131 0.5448941 0.9112065 0.3934435 0.9312837 0.3900594 0.9190974 0.4000188 0.9196667 0.5362321 0.9053438 0.5448941 0.9112065 0.5385788 0.9113066 0.3934435 0.9312837 0.4050694 0.92806 0.4050694 0.9378539 0.3934435 0.9312837 0.4000188 0.9196667 0.4050694 0.92806 0.3868682 0.9429008 0.3818176 0.9345074 0.3934435 0.9312837 0.3818176 0.9247136 0.3934435 0.9312837 0.3818176 0.9345074 0.3868682 0.9429008 0.3934435 0.9312837 0.3968276 0.9434701 0.3934435 0.9312837 0.4050694 0.9378539 0.3968276 0.9434701 0.1828661 0.9074784 0.1906426 0.9072228 0.191024 0.9132938 0.191024 0.9132938 0.1906426 0.9072228 0.2001182 0.9074784 0.191024 0.9132938 0.2018985 0.9226517 0.1900358 0.9223316 0.1803002 0.9226517 0.191024 0.9132938 0.1900358 0.9223316 0.1803002 0.9226517 0.1850665 0.9134897 0.191024 0.9132938 0.1828661 0.9074784 0.191024 0.9132938 0.1850665 0.9134897 0.191024 0.9132938 0.1982832 0.9134897 0.2018985 0.9226517 0.191024 0.9132938 0.2001182 0.9074784 0.1982832 0.9134897 0.4133452 0.9206521 0.4235767 0.9204245 0.4240382 0.9323646 0.4133452 0.9206521 0.4246143 0.911276 0.4235767 0.9204245 0.190405 0.9343174 0.1900358 0.9223316 0.2018985 0.9226517 0.4133452 0.9206521 0.4183533 0.9114153 0.4246143 0.911276 0.190405 0.9343174 0.2018985 0.9226517 0.1998419 0.9345719 0.4133452 0.9206521 0.4240382 0.9323646 0.4158989 0.9325457 0.1803002 0.9226517 0.1900358 0.9223316 0.190405 0.9343174 0.1803002 0.9226517 0.190405 0.9343174 0.1826602 0.9345719 0.5443938 0.9323371 0.5553755 0.9205939 0.5534801 0.9324672 0.4246143 0.911276 0.4350537 0.9206521 0.4235767 0.9204245 0.4246143 0.911276 0.4241678 0.9052503 0.4333353 0.9054321 0.4159952 0.9054321 0.4241678 0.9052503 0.4246143 0.911276 0.4159952 0.9054321 0.4246143 0.911276 0.4183533 0.9114153 0.4246143 0.911276 0.4316375 0.9114153 0.4350537 0.9206521 0.4246143 0.911276 0.4333353 0.9054321 0.4316375 0.9114153 0.4240382 0.9323646 0.4235767 0.9204245 0.4350537 0.9206521 0.4240382 0.9323646 0.4350537 0.9206521 0.4331684 0.9325457 0.5443938 0.9323371 0.5439535 0.9204303 0.5553755 0.9205939 0.5448941 0.9112065 0.5553755 0.9205939 0.5439535 0.9204303 0.5448941 0.9112065 0.5518836 0.9113066 0.5553755 0.9205939 0.5448941 0.9112065 0.5535992 0.9053438 0.5518836 0.9113066 0.5448941 0.9112065 0.5444757 0.9052131 0.5535992 0.9053438 0.6249777 0.9552084 0.6300243 0.9675275 0.6249691 0.9674991 0.458428 0.9684649 0.4612003 0.980705 0.4585528 0.9807514 0.6249777 0.9552084 0.630311 0.9552383 0.6300243 0.9675275 0.6200347 0.9675275 0.6249777 0.9552084 0.6249691 0.9674991 0.6236361 0.9435256 0.6251632 0.9435169 0.6249777 0.9552084 0.6249777 0.9552084 0.6251632 0.9435169 0.6267277 0.9435256 0.6249777 0.9552084 0.6267277 0.9435256 0.630311 0.9552383 0.6236361 0.9435256 0.6249777 0.9552084 0.6197717 0.9552383 0.6200347 0.9675275 0.6197717 0.9552383 0.6249777 0.9552084 0.6756758 0.9628506 0.6783978 0.9751496 0.6756799 0.9751427 0.6756758 0.9628506 0.6785432 0.9628579 0.6783978 0.9751496 0.6728417 0.9628579 0.6756758 0.9628506 0.6756799 0.9751427 0.6728417 0.9628579 0.6757587 0.9511123 0.6756758 0.9628506 0.6756758 0.9628506 0.6757587 0.9511123 0.6765998 0.9511144 0.6756758 0.9628506 0.6765998 0.9511144 0.6785432 0.9628579 0.6728417 0.9628579 0.6749273 0.9511144 0.6757587 0.9511123 0.9198208 0.9621482 0.9216217 0.9505035 0.925163 0.9621897 0.9198208 0.9621482 0.9200546 0.9504914 0.9216217 0.9505035 0.9198208 0.9621482 0.925163 0.9621897 0.9248642 0.974476 0.9185326 0.9505035 0.9200546 0.9504914 0.9198208 0.9621482 0.914883 0.974476 0.9198208 0.9621482 0.9198006 0.9744367 0.9198208 0.9621482 0.9248642 0.974476 0.9198006 0.9744367 0.914883 0.974476 0.9146326 0.9621897 0.9198208 0.9621482 0.9185326 0.9505035 0.9198208 0.9621482 0.9146326 0.9621897 0.6728417 0.9628579 0.6756799 0.9751427 0.6729937 0.9751496 0.4612212 0.9684159 0.4615177 0.9568982 0.4623682 0.9569125 0.4612212 0.9684159 0.4623682 0.9569125 0.4641205 0.9684649 0.458428 0.9684649 0.4615177 0.9568982 0.4612212 0.9684159 0.458428 0.9684649 0.4612212 0.9684159 0.4612003 0.980705 0.4612212 0.9684159 0.4639484 0.9807514 0.4612003 0.980705 0.4612212 0.9684159 0.4641205 0.9684649 0.4639484 0.9807514 0.458428 0.9684649 0.4606984 0.9569125 0.4615177 0.9568982 0.7915296 0.3608394 0.7925419 0.3596721 0.7925419 0.360839 0.5978195 0.8100726 0.599515 0.8215289 0.598356 0.8215315 0.9528521 0.9475393 0.9571728 0.9589234 0.9561633 0.9589228 0.9528521 0.9475393 0.9561633 0.9589228 0.9518427 0.9475387 0.5978195 0.8100726 0.5989785 0.8100699 0.599515 0.8215289 0.9513595 0.9346691 0.9528521 0.9475393 0.9518427 0.9475387 0.5992968 0.866842 0.5976341 0.8783025 0.5981367 0.8668394 0.5994704 0.8539458 0.5981367 0.8668394 0.5983104 0.8539432 0.5994704 0.8539458 0.5992968 0.866842 0.5981367 0.8668394 0.05444729 0.9479987 0.05344563 0.9479981 0.05492657 0.9351292 0.5994704 0.8539458 0.5983104 0.8539432 0.5981733 0.8396936 0.05444729 0.9479987 0.05492657 0.9351292 0.05592823 0.9351298 0.05492657 0.9351292 0.05475902 0.9208542 0.05592823 0.9351298 0.5994704 0.8539458 0.5981733 0.8396936 0.5993334 0.8396962 0.05492657 0.9351292 0.05375742 0.9208536 0.05475902 0.9208542 0.05375742 0.9208536 0.05016028 0.904758 0.05475902 0.9208542 0.5976341 0.7971777 0.5977805 0.7829266 0.5989394 0.782924 0.5977805 0.7829266 0.5983561 0.7669205 0.599515 0.7669178 0.5977805 0.7829266 0.599515 0.7669178 0.5989394 0.782924 0.9561633 0.9043041 0.9525379 0.9203951 0.9515284 0.9203945 0.7978795 0.3596737 0.7988919 0.3608379 0.7978795 0.3608394 0.9561633 0.9043041 0.9571728 0.9043048 0.9525379 0.9203951 0.5993334 0.8396962 0.5976341 0.8236926 0.5987942 0.8236953 0.7978795 0.3596737 0.7988919 0.3596721 0.7988919 0.3608379 0.5993334 0.8396962 0.5981733 0.8396936 0.5976341 0.8236926 0.05375742 0.9208536 0.04915863 0.9047574 0.05016028 0.904758 0.5976341 0.7971777 0.5989394 0.782924 0.5987931 0.7971751 0.9515284 0.9203945 0.9513595 0.9346691 0.95035 0.9346684 0.9515284 0.9203945 0.9525379 0.9203951 0.9513595 0.9346691 0.9513595 0.9346691 0.9518427 0.9475387 0.95035 0.9346684 0.5976341 0.7971777 0.5987931 0.7971751 0.5989785 0.8100699 0.5976341 0.7971777 0.5989785 0.8100699 0.5978195 0.8100726 0.5992968 0.866842 0.5987942 0.8783052 0.5976341 0.8783025 0.05016028 0.959378 0.04915863 0.9593774 0.05344563 0.9479981 0.05016028 0.959378 0.05344563 0.9479981 0.05444729 0.9479987 0.7915296 0.3608394 0.7915296 0.3596726 0.7925419 0.3596721 0.2962147 0.8678233 0.2962147 0.9734385 0.2902317 0.9735195 0.8472514 0.781804 0.8425453 0.7814697 0.8425453 0.6759 0.9503502 0.9700636 0.9560737 0.9727739 0.9503502 0.9764862 0.2962147 0.8678233 0.2902317 0.9735195 0.2902498 0.8679034 0.8472514 0.781804 0.8425453 0.6759 0.8472751 0.6762335 0.08246463 0.9552897 0.07591497 0.8499048 0.08250272 0.8497406 0.08246463 0.9552897 0.07591497 0.955453 0.07591497 0.8499048 0.539345 0.9704028 0.539345 0.9768261 0.5336332 0.9731675 0.7281242 0.9734943 0.7204742 0.9739356 0.7204742 0.9647079 0.1114515 0.9773962 0.1041851 0.9773786 0.1041486 0.9697455 0.5182806 0.9574958 0.5271148 0.9616772 0.5182806 0.9674079 0.7281242 0.9734943 0.7204742 0.9647079 0.7281244 0.9642948 0.1114515 0.9773962 0.1041486 0.9697455 0.1114515 0.969761 0.1528878 0.9639782 0.1452248 0.9741961 0.1452249 0.9640353 0.1528878 0.9639782 0.1528878 0.9740803 0.1452248 0.9741961 0.06705236 0.9629752 0.07540231 0.9576255 0.07540231 0.96809 0.8102362 0.3596721 0.8109061 0.3596727 0.8109061 0.3603664 0.730287 0.9682279 0.7348155 0.9690853 0.730287 0.9689151 0.730287 0.9682279 0.7381399 0.9642948 0.7348155 0.9690853 0.1774733 0.8368709 0.1768189 0.829003 0.1769441 0.8289877 0.1774733 0.8368709 0.1768189 0.8369506 0.1768189 0.829003 0.6080639 0.3567072 0.6113715 0.3610603 0.6035256 0.3572589 0.9331986 0.1241831 0.9330664 0.1291044 0.9300405 0.1252852 0.9331986 0.1241831 0.9331872 0.1290608 0.9330664 0.1291044 0.6035258 0.3559345 0.6080639 0.3567072 0.6035257 0.3565706 0.6080639 0.3567072 0.6035256 0.3572589 0.6035257 0.3565706 0.6035258 0.3559345 0.6113715 0.3519334 0.6080639 0.3567072 0.9301441 0.1203819 0.9300405 0.1252852 0.9300405 0.1204195 0.9301441 0.1203819 0.9331986 0.1241831 0.9300405 0.1252852 0.7348155 0.9690853 0.7381399 0.9734043 0.730287 0.9695501 0.2342234 0.7503525 0.2348842 0.7583893 0.2342234 0.7584499 0.2342234 0.7503525 0.234332 0.7503426 0.2348842 0.7583893 0.8109061 0.3603664 0.8109061 0.3610074 0.8102362 0.3603658 0.7348155 0.9690853 0.730287 0.9695501 0.730287 0.9689151 0.8109061 0.3610074 0.8102362 0.3610069 0.8102362 0.3603658 0.8102362 0.3603658 0.8102362 0.3596721 0.8109061 0.3603664 0.6913605 0.35834 0.6934777 0.3604796 0.6913605 0.3604663 0.6983408 0.9057879 0.6983408 0.9102594 0.6962106 0.9102662 0.6983408 0.9057879 0.6962106 0.9102662 0.6962106 0.9057947 0.8060141 0.325402 0.8081196 0.3254047 0.8081196 0.3275341 0.7767856 0.3208404 0.7746545 0.3253411 0.7746546 0.3208404 0.8979338 0.1255275 0.8979338 0.130005 0.8958043 0.1300135 0.7767856 0.3208404 0.7767856 0.3253411 0.7746545 0.3253411 0.8060141 0.325402 0.8081196 0.3275341 0.8060141 0.3275313 0.8979338 0.1255275 0.8958043 0.1300135 0.8958043 0.1255359 0.6913605 0.35834 0.6934777 0.3583533 0.6934777 0.3604796 0.6376794 0.9552084 0.642726 0.9675275 0.6376709 0.9674991 0.5694616 0.9671799 0.5722339 0.9794199 0.5695865 0.9794664 0.6376794 0.9552084 0.6430127 0.9552383 0.642726 0.9675275 0.6327365 0.9675275 0.6376794 0.9552084 0.6376709 0.9674991 0.6363378 0.9435256 0.637865 0.9435169 0.6376794 0.9552084 0.6376794 0.9552084 0.637865 0.9435169 0.6394295 0.9435256 0.6376794 0.9552084 0.6394295 0.9435256 0.6430127 0.9552383 0.6363378 0.9435256 0.6376794 0.9552084 0.6324735 0.9552383 0.6327365 0.9675275 0.6324735 0.9552383 0.6376794 0.9552084 0.8790343 0.9655653 0.8817563 0.9778643 0.8790383 0.9778574 0.8790343 0.9655653 0.8819017 0.9655725 0.8817563 0.9778643 0.8762002 0.9655725 0.8790343 0.9655653 0.8790383 0.9778574 0.8762002 0.9655725 0.8791171 0.953827 0.8790343 0.9655653 0.8790343 0.9655653 0.8791171 0.953827 0.8799583 0.9538292 0.8790343 0.9655653 0.8799583 0.9538292 0.8819017 0.9655725 0.8762002 0.9655725 0.8782858 0.9538292 0.8791171 0.953827 0.3739121 0.9572877 0.375713 0.9456431 0.3792543 0.9573293 0.3739121 0.9572877 0.3741459 0.9456309 0.375713 0.9456431 0.3739121 0.9572877 0.3792543 0.9573293 0.3789556 0.9696156 0.3726239 0.9456431 0.3741459 0.9456309 0.3739121 0.9572877 0.3689743 0.9696156 0.3739121 0.9572877 0.373892 0.9695762 0.3739121 0.9572877 0.3789556 0.9696156 0.373892 0.9695762 0.3689743 0.9696156 0.3687239 0.9573293 0.3739121 0.9572877 0.3726239 0.9456431 0.3739121 0.9572877 0.3687239 0.9573293 0.8762002 0.9655725 0.8790383 0.9778574 0.8763521 0.9778643 0.5722547 0.9671308 0.5725513 0.955613 0.5734018 0.9556275 0.5722547 0.9671308 0.5734018 0.9556275 0.575154 0.9671799 0.5694616 0.9671799 0.5725513 0.955613 0.5722547 0.9671308 0.5694616 0.9671799 0.5722547 0.9671308 0.5722339 0.9794199 0.5722547 0.9671308 0.574982 0.9794664 0.5722339 0.9794199 0.5722547 0.9671308 0.575154 0.9671799 0.574982 0.9794664 0.5694616 0.9671799 0.5717319 0.9556275 0.5725513 0.955613 0.8159013 0.3596721 0.8165712 0.3596727 0.8165712 0.3603664 0.6033762 0.9683383 0.6079047 0.9691957 0.6033762 0.9690254 0.6033762 0.9683383 0.6112291 0.9644051 0.6079047 0.9691957 0.2348787 0.8313086 0.2342243 0.8234407 0.2343496 0.8234255 0.2348787 0.8313086 0.2342243 0.8313882 0.2342243 0.8234407 0.6480976 0.3567073 0.6514051 0.3610603 0.6435593 0.3572589 0.9124699 0.9419991 0.9123376 0.9469203 0.9093118 0.9431011 0.9124699 0.9419991 0.9124584 0.9468767 0.9123376 0.9469203 0.6435594 0.3559345 0.6480976 0.3567073 0.6435593 0.3565706 0.6480976 0.3567073 0.6435593 0.3572589 0.6435593 0.3565706 0.6435594 0.3559345 0.6514051 0.3519334 0.6480976 0.3567073 0.9094155 0.9381979 0.9093118 0.9431011 0.9093118 0.9382354 0.9094155 0.9381979 0.9124699 0.9419991 0.9093118 0.9431011 0.6079047 0.9691957 0.611229 0.9735146 0.6033762 0.9696605 0.2342234 0.6990115 0.2348842 0.7070484 0.2342234 0.7071089 0.2342234 0.6990115 0.234332 0.6990016 0.2348842 0.7070484 0.8165712 0.3603664 0.8165712 0.3610074 0.8159013 0.3603658 0.6079047 0.9691957 0.6033762 0.9696605 0.6033762 0.9690254 0.8165712 0.3610074 0.8159013 0.3610069 0.8159013 0.3603658 0.8159013 0.3603658 0.8159013 0.3596721 0.8165712 0.3603664 0.7127592 0.35834 0.7148763 0.3604795 0.7127592 0.3604663 0.6983408 0.9124271 0.6983408 0.9168986 0.6962106 0.9169054 0.6983408 0.9124271 0.6962106 0.9169054 0.6962106 0.9124339 0.8230863 0.325402 0.8251918 0.3254047 0.8251918 0.327534 0.5623129 0.8687381 0.5601819 0.8732388 0.5601819 0.8687381 0.3409994 0.9007015 0.3409994 0.9051792 0.3388699 0.9051876 0.5623129 0.8687381 0.5623129 0.8732387 0.5601819 0.8732388 0.8230863 0.325402 0.8251918 0.327534 0.8230863 0.3275313 0.3409994 0.9007015 0.3388699 0.9051876 0.3388699 0.9007099 0.7127592 0.35834 0.7148763 0.3583533 0.7148763 0.3604795 0.8162052 0.9559571 0.8212518 0.9682762 0.8161966 0.9682479 0.9331785 0.967606 0.9359508 0.9798461 0.9333034 0.9798925 0.8162052 0.9559571 0.8215384 0.955987 0.8212518 0.9682762 0.8112621 0.9682762 0.8162052 0.9559571 0.8161966 0.9682479 0.8148635 0.9442743 0.8163907 0.9442656 0.8162052 0.9559571 0.8162052 0.9559571 0.8163907 0.9442656 0.8179552 0.9442743 0.8162052 0.9559571 0.8179552 0.9442743 0.8215384 0.955987 0.8148635 0.9442743 0.8162052 0.9559571 0.8109992 0.955987 0.8112621 0.9682762 0.8109992 0.955987 0.8162052 0.9559571 0.9635405 0.5690304 0.9662625 0.5813294 0.9635446 0.5813226 0.9635405 0.5690304 0.9664079 0.5690377 0.9662625 0.5813294 0.9607064 0.5690377 0.9635405 0.5690304 0.9635446 0.5813226 0.9607064 0.5690377 0.9636234 0.5572922 0.9635405 0.5690304 0.9635405 0.5690304 0.9636234 0.5572922 0.9644645 0.5572943 0.9635405 0.5690304 0.9644645 0.5572943 0.9664079 0.5690377 0.9607064 0.5690377 0.962792 0.5572943 0.9636234 0.5572922 0.3870059 0.9572877 0.3888068 0.9456431 0.3923481 0.9573293 0.3870059 0.9572877 0.3872397 0.9456309 0.3888068 0.9456431 0.3870059 0.9572877 0.3923481 0.9573293 0.3920494 0.9696156 0.3857178 0.9456431 0.3872397 0.9456309 0.3870059 0.9572877 0.3820681 0.9696156 0.3870059 0.9572877 0.3869858 0.9695761 0.3870059 0.9572877 0.3920494 0.9696156 0.3869858 0.9695761 0.3820681 0.9696156 0.3818176 0.9573293 0.3870059 0.9572877 0.3857178 0.9456431 0.3870059 0.9572877 0.3818176 0.9573293 0.9607064 0.5690377 0.9635446 0.5813226 0.9608584 0.5813294 0.9359717 0.9675569 0.9362682 0.9560392 0.9371187 0.9560536 0.9359717 0.9675569 0.9371187 0.9560536 0.938871 0.967606 0.9331785 0.967606 0.9362682 0.9560392 0.9359717 0.9675569 0.9331785 0.967606 0.9359717 0.9675569 0.9359508 0.9798461 0.9359717 0.9675569 0.9386989 0.9798925 0.9359508 0.9798461 0.9359717 0.9675569 0.938871 0.967606 0.9386989 0.9798925 0.9331785 0.967606 0.9354489 0.9560536 0.9362682 0.9560392 0.8074037 0.3596722 0.8080736 0.3596727 0.8080737 0.3603664 0.663576 0.3558666 0.6681046 0.356724 0.663576 0.3565537 0.663576 0.3558666 0.6714289 0.3519334 0.6681046 0.356724 0.1774733 0.826747 0.1768189 0.8188791 0.1769441 0.8188639 0.1774733 0.826747 0.1768189 0.8268266 0.1768189 0.8188791 0.6380891 0.3567073 0.6413967 0.3610603 0.6335508 0.3572589 0.9124699 0.9311158 0.9123377 0.9360371 0.9093118 0.9322179 0.9124699 0.9311158 0.9124585 0.9359935 0.9123377 0.9360371 0.633551 0.3559345 0.6380891 0.3567073 0.6335509 0.3565706 0.6380891 0.3567073 0.6335508 0.3572589 0.6335509 0.3565706 0.633551 0.3559345 0.6413967 0.3519334 0.6380891 0.3567073 0.9094155 0.9273146 0.9093118 0.9322179 0.9093118 0.9273522 0.9094155 0.9273146 0.9124699 0.9311158 0.9093118 0.9322179 0.6681046 0.356724 0.6714288 0.3610429 0.663576 0.3571888 0.2342234 0.7092798 0.2348842 0.7173168 0.2342234 0.7173773 0.2342234 0.7092798 0.234332 0.70927 0.2348842 0.7173168 0.8080737 0.3603664 0.8080736 0.3610075 0.8074037 0.3603658 0.6681046 0.356724 0.663576 0.3571888 0.663576 0.3565537 0.8080736 0.3610075 0.8074037 0.3610069 0.8074037 0.3603658 0.8074037 0.3603658 0.8074037 0.3596722 0.8080737 0.3603664 0.7041997 0.35834 0.7063169 0.3604796 0.7041997 0.3604663 0.6983409 0.9190662 0.6983409 0.9235376 0.6962106 0.9235445 0.6983409 0.9190662 0.6962106 0.9235445 0.6962106 0.919073 0.8102822 0.325402 0.8123877 0.3254047 0.8123877 0.3275341 0.8936418 0.1255274 0.8915107 0.1300281 0.8915107 0.1255275 0.5623114 0.8953839 0.5623114 0.8998615 0.5601819 0.89987 0.8936418 0.1255274 0.8936418 0.1300281 0.8915107 0.1300281 0.8102822 0.325402 0.8123877 0.3275341 0.8102822 0.3275314 0.5623114 0.8953839 0.5601819 0.89987 0.5601819 0.8953924 0.7041997 0.35834 0.7063169 0.3583533 0.7063169 0.3604796 0.3360716 0.8678233 0.3360716 0.9733931 0.330451 0.9735832 0.2798777 0.9734669 0.2734541 0.9732783 0.2734541 0.8678232 0.9290341 0.9188232 0.9290341 0.9251517 0.9232252 0.9215734 0.3360716 0.8678233 0.330451 0.9735832 0.3304533 0.8680119 0.2798777 0.9734669 0.2734541 0.8678232 0.2798769 0.8680098 0.312425 0.9733965 0.3065229 0.8678234 0.312425 0.8678477 0.312425 0.9733965 0.3065554 0.9733724 0.3065229 0.8678234 0.5495575 0.9731628 0.544146 0.9766305 0.544146 0.9698503 0.6393768 0.9697535 0.6470165 0.9696884 0.6470165 0.9783579 0.05679225 0.9619485 0.05679225 0.9718552 0.04916155 0.9714443 0.4968009 0.9626231 0.5051212 0.9574958 0.5051212 0.9680202 0.6393768 0.9697535 0.6470165 0.9783579 0.6393758 0.9784193 0.05679225 0.9619485 0.04916155 0.9714443 0.04915863 0.9615389 0.01632934 0.9787937 0.02399259 0.9696978 0.02399259 0.9788029 0.01632934 0.9787937 0.01632916 0.9697387 0.02399259 0.9696978 0.2107745 0.9627304 0.2024243 0.9680789 0.2024243 0.9576147 0.6630831 0.9552083 0.6681297 0.9675275 0.6630745 0.9674991 0.4290571 0.9671554 0.4318293 0.9793954 0.4291819 0.9794419 0.6630831 0.9552083 0.6684163 0.9552383 0.6681297 0.9675275 0.6581401 0.9675275 0.6630831 0.9552083 0.6630745 0.9674991 0.6617414 0.9435256 0.6632686 0.9435167 0.6630831 0.9552083 0.6630831 0.9552083 0.6632686 0.9435167 0.6648331 0.9435256 0.6630831 0.9552083 0.6648331 0.9435256 0.6684163 0.9552383 0.6617414 0.9435256 0.6630831 0.9552083 0.6578772 0.9552383 0.6581401 0.9675275 0.6578772 0.9552383 0.6630831 0.9552083 0.8947623 0.9655652 0.8974844 0.9778642 0.8947665 0.9778574 0.8947623 0.9655652 0.8976297 0.9655725 0.8974844 0.9778642 0.8919283 0.9655725 0.8947623 0.9655652 0.8947665 0.9778574 0.8919283 0.9655725 0.8948452 0.9538269 0.8947623 0.9655652 0.8947623 0.9655652 0.8948452 0.9538269 0.8956863 0.9538291 0.8947623 0.9655652 0.8956863 0.9538291 0.8976297 0.9655725 0.8919283 0.9655725 0.8940138 0.9538291 0.8948452 0.9538269 0.6924009 0.9608994 0.6942017 0.9492548 0.6977431 0.960941 0.6924009 0.9608994 0.6926347 0.9492427 0.6942017 0.9492548 0.6924009 0.9608994 0.6977431 0.960941 0.6974443 0.9732273 0.6911127 0.9492548 0.6926347 0.9492427 0.6924009 0.9608994 0.6874631 0.9732273 0.6924009 0.9608994 0.6923807 0.9731879 0.6924009 0.9608994 0.6974443 0.9732273 0.6923807 0.9731879 0.6874631 0.9732273 0.6872127 0.960941 0.6924009 0.9608994 0.6911127 0.9492548 0.6924009 0.9608994 0.6872127 0.960941 0.8919283 0.9655725 0.8947665 0.9778574 0.8920802 0.9778642 0.4318503 0.9671064 0.4321468 0.9555886 0.4329973 0.955603 0.4318503 0.9671064 0.4329973 0.955603 0.4347496 0.9671554 0.4290571 0.9671554 0.4321468 0.9555886 0.4318503 0.9671064 0.4290571 0.9671554 0.4318503 0.9671064 0.4318293 0.9793954 0.4318503 0.9671064 0.4345775 0.9794419 0.4318293 0.9793954 0.4318503 0.9671064 0.4347496 0.9671554 0.4345775 0.9794419 0.4290571 0.9671554 0.4313275 0.955603 0.4321468 0.9555886 0.7947046 0.3608394 0.7957169 0.3596721 0.7957169 0.360839 0.5978194 0.7532981 0.599515 0.7647544 0.598356 0.764757 0.5900595 0.9465736 0.5943801 0.9579577 0.5933707 0.957957 0.5900595 0.9465736 0.5933707 0.957957 0.58905 0.946573 0.5978194 0.7532981 0.5989784 0.7532955 0.599515 0.7647544 0.5885669 0.9337033 0.5900595 0.9465736 0.58905 0.946573 0.3408257 0.8870773 0.3391631 0.8985379 0.3396657 0.8870747 0.3409994 0.8741811 0.3396657 0.8870747 0.3398393 0.8741785 0.3409994 0.8741811 0.3408257 0.8870773 0.3396657 0.8870747 0.442505 0.9484915 0.4415034 0.948491 0.4429843 0.9356222 0.3409994 0.8741811 0.3398393 0.8741785 0.3397022 0.859929 0.442505 0.9484915 0.4429843 0.9356222 0.4439859 0.9356227 0.4429843 0.9356222 0.4428167 0.9213471 0.4439859 0.9356227 0.3409994 0.8741811 0.3397022 0.859929 0.3408623 0.8599316 0.4429843 0.9356222 0.4418151 0.9213465 0.4428167 0.9213471 0.4418151 0.9213465 0.4382179 0.9052509 0.4428167 0.9213471 0.5976341 0.7404032 0.5977804 0.7261522 0.5989394 0.7261495 0.5977804 0.7261522 0.598356 0.710146 0.599515 0.7101433 0.5977804 0.7261522 0.599515 0.7101433 0.5989394 0.7261495 0.5933707 0.9033384 0.5897452 0.9194294 0.5887358 0.9194288 0.8010544 0.3596736 0.8020668 0.3608378 0.8010544 0.3608393 0.5933707 0.9033384 0.5943801 0.903339 0.5897452 0.9194294 0.3408623 0.8599316 0.3391631 0.8439279 0.3403231 0.8439306 0.8010544 0.3596736 0.8020668 0.3596721 0.8020668 0.3608378 0.3408623 0.8599316 0.3397022 0.859929 0.3391631 0.8439279 0.4418151 0.9213465 0.4372164 0.9052504 0.4382179 0.9052509 0.5976341 0.7404032 0.5989394 0.7261495 0.5987931 0.7404006 0.5887358 0.9194288 0.5885669 0.9337033 0.5875574 0.9337027 0.5887358 0.9194288 0.5897452 0.9194294 0.5885669 0.9337033 0.5885669 0.9337033 0.58905 0.946573 0.5875574 0.9337027 0.5976341 0.7404032 0.5987931 0.7404006 0.5989784 0.7532955 0.5976341 0.7404032 0.5989784 0.7532955 0.5978194 0.7532981 0.3408257 0.8870773 0.3403231 0.8985405 0.3391631 0.8985379 0.4382179 0.9598708 0.4372164 0.9598703 0.4415034 0.948491 0.4382179 0.9598708 0.4415034 0.948491 0.442505 0.9484915 0.7947046 0.3608394 0.7947046 0.3596726 0.7957169 0.3596721 0.3043604 0.8678234 0.3043604 0.9734386 0.2983773 0.9735195 0.8472514 0.8898689 0.8425452 0.8895345 0.8425452 0.7839648 0.5026092 0.9701812 0.5026092 0.9765099 0.4968009 0.9729317 0.3043604 0.8678234 0.2983773 0.9735195 0.2983956 0.8679035 0.8472514 0.8898689 0.8425452 0.7839648 0.8472751 0.7842983 0.2540798 0.9733725 0.2475301 0.8679876 0.2541179 0.8678234 0.2540798 0.9733725 0.2475301 0.9735358 0.2475301 0.8679876 0.7982974 0.9704369 0.8040826 0.9732372 0.7982974 0.9767787 0.9278777 0.1295814 0.9202276 0.1300227 0.9202276 0.1207951 0.6662853 0.9773391 0.6590189 0.9773215 0.6589823 0.9696883 0.5072838 0.9574958 0.5161181 0.9616773 0.5072838 0.967408 0.9278777 0.1295814 0.9202276 0.1207951 0.927878 0.1203819 0.6662853 0.9773391 0.6589823 0.9696883 0.6662853 0.9697039 0.708507 0.9642947 0.7008439 0.9745127 0.7008441 0.9643518 0.708507 0.9642947 0.708507 0.974397 0.7008439 0.9745127 0.552962 0.9577782 0.552962 0.9676894 0.544146 0.9620411 0.8215662 0.3596721 0.8222362 0.3596727 0.8222362 0.3603664 0.7503179 0.9682281 0.7548465 0.9690855 0.7503179 0.9689152 0.7503179 0.9682281 0.7581708 0.9642949 0.7548465 0.9690855 0.2348787 0.8414324 0.2342243 0.8335645 0.2343496 0.8335492 0.2348787 0.8414324 0.2342243 0.841512 0.2342243 0.8335645 0.658106 0.3567073 0.6614136 0.3610603 0.6535677 0.3572589 0.4944005 0.9394952 0.4942683 0.9444164 0.4912425 0.9405972 0.4944005 0.9394952 0.4943891 0.9443728 0.4942683 0.9444164 0.6535678 0.3559345 0.658106 0.3567073 0.6535678 0.3565706 0.658106 0.3567073 0.6535677 0.3572589 0.6535678 0.3565706 0.6535678 0.3559345 0.6614136 0.3519334 0.658106 0.3567073 0.4913461 0.935694 0.4912425 0.9405972 0.4912425 0.9357315 0.4913461 0.935694 0.4944005 0.9394952 0.4912425 0.9405972 0.7548465 0.9690855 0.7581707 0.9734044 0.7503179 0.9695503 0.2342234 0.7195479 0.2348842 0.7275848 0.2342234 0.7276453 0.2342234 0.7195479 0.234332 0.7195381 0.2348842 0.7275848 0.8222362 0.3603664 0.8222361 0.3610075 0.8215662 0.3603658 0.7548465 0.9690855 0.7503179 0.9695503 0.7503179 0.9689152 0.8222361 0.3610075 0.8215662 0.3610069 0.8215662 0.3603658 0.8215662 0.3603658 0.8215662 0.3596721 0.8222362 0.3603664 0.69992 0.35834 0.7020372 0.3604795 0.69992 0.3604663 0.3409993 0.9073485 0.3409993 0.9118199 0.3388691 0.9118267 0.3409993 0.9073485 0.3388691 0.9118267 0.3388691 0.9073553 0.8145502 0.325402 0.8166557 0.3254047 0.8166557 0.3275341 0.562313 0.8753996 0.5601819 0.8799002 0.5601819 0.8753996 0.6983401 0.8991409 0.6983401 0.9036185 0.6962106 0.9036269 0.562313 0.8753996 0.562313 0.8799002 0.5601819 0.8799002 0.8145502 0.325402 0.8166557 0.3275341 0.8145502 0.3275313 0.6983401 0.8991409 0.6962106 0.9036269 0.6962106 0.8991494 0.69992 0.35834 0.7020372 0.3583533 0.7020372 0.3604795 0.8035033 0.9559571 0.8085498 0.9682762 0.8034947 0.9682478 0.5616067 0.96718 0.5643789 0.97942 0.5617315 0.9794664 0.8035033 0.9559571 0.8088365 0.955987 0.8085498 0.9682762 0.7985603 0.9682762 0.8035033 0.9559571 0.8034947 0.9682478 0.8021616 0.9442743 0.8036888 0.9442655 0.8035033 0.9559571 0.8035033 0.9559571 0.8036888 0.9442655 0.8052533 0.9442743 0.8035033 0.9559571 0.8052533 0.9442743 0.8088365 0.955987 0.8021616 0.9442743 0.8035033 0.9559571 0.7982973 0.955987 0.7985603 0.9682762 0.7982973 0.955987 0.8035033 0.9559571 0.8868982 0.9655652 0.8896203 0.9778642 0.8869023 0.9778573 0.8868982 0.9655652 0.8897656 0.9655725 0.8896203 0.9778642 0.8840641 0.9655725 0.8868982 0.9655652 0.8869023 0.9778573 0.8840641 0.9655725 0.8869811 0.9538269 0.8868982 0.9655652 0.8868982 0.9655652 0.8869811 0.9538269 0.8878222 0.9538291 0.8868982 0.9655652 0.8878222 0.9538291 0.8897656 0.9655725 0.8840641 0.9655725 0.8861497 0.9538291 0.8869811 0.9538269 0.399699 0.9572879 0.4014998 0.9456431 0.4050411 0.9573294 0.399699 0.9572879 0.3999328 0.945631 0.4014998 0.9456431 0.399699 0.9572879 0.4050411 0.9573294 0.4047424 0.9696157 0.3984107 0.9456432 0.3999328 0.945631 0.399699 0.9572879 0.3947612 0.9696157 0.399699 0.9572879 0.3996788 0.9695762 0.399699 0.9572879 0.4047424 0.9696157 0.3996788 0.9695762 0.3947612 0.9696157 0.3945107 0.9573294 0.399699 0.9572879 0.3984107 0.9456432 0.399699 0.9572879 0.3945107 0.9573294 0.8840641 0.9655725 0.8869023 0.9778573 0.8842161 0.9778642 0.5643998 0.9671309 0.5646964 0.9556131 0.5655469 0.9556275 0.5643998 0.9671309 0.5655469 0.9556275 0.5672991 0.96718 0.5616067 0.96718 0.5646964 0.9556131 0.5643998 0.9671309 0.5616067 0.96718 0.5643998 0.9671309 0.5643789 0.97942 0.5643998 0.9671309 0.5671271 0.9794664 0.5643789 0.97942 0.5643998 0.9671309 0.5672991 0.96718 0.5671271 0.9794664 0.5616067 0.96718 0.5638771 0.9556275 0.5646964 0.9556131 0.8187338 0.3596721 0.8194038 0.3596727 0.8194038 0.3603664 0.7403025 0.968228 0.744831 0.9690854 0.7403025 0.9689152 0.7403025 0.968228 0.7481553 0.9642948 0.744831 0.9690854 0.1774733 0.8166233 0.1768189 0.8087554 0.1769441 0.8087402 0.1774733 0.8166233 0.1768189 0.816703 0.1768189 0.8087554 0.6280807 0.3567073 0.6313883 0.3610603 0.6235424 0.3572589 0.4328324 0.9385077 0.4327002 0.943429 0.4296743 0.9396098 0.4328324 0.9385077 0.432821 0.9433855 0.4327002 0.943429 0.6235426 0.3559345 0.6280807 0.3567073 0.6235425 0.3565706 0.6280807 0.3567073 0.6235424 0.3572589 0.6235425 0.3565706 0.6235426 0.3559345 0.6313883 0.3519334 0.6280807 0.3567073 0.429778 0.9347066 0.4296743 0.9396098 0.4296743 0.9347441 0.429778 0.9347066 0.4328324 0.9385077 0.4296743 0.9396098 0.744831 0.9690854 0.7481553 0.9734043 0.7403025 0.9695503 0.2342234 0.7400842 0.2348843 0.7481211 0.2342234 0.7481817 0.2342234 0.7400842 0.234332 0.7400743 0.2348843 0.7481211 0.8194038 0.3603664 0.8194038 0.3610074 0.8187338 0.3603658 0.744831 0.9690854 0.7403025 0.9695503 0.7403025 0.9689152 0.8194038 0.3610074 0.8187338 0.3610069 0.8187338 0.3603658 0.8187338 0.3603658 0.8187338 0.3596721 0.8194038 0.3603664 0.7084795 0.35834 0.7105966 0.3604795 0.7084795 0.3604663 0.3409993 0.9139877 0.3409993 0.9184592 0.338869 0.918466 0.3409993 0.9139877 0.338869 0.918466 0.338869 0.9139946 0.8273543 0.325402 0.8294597 0.3254047 0.8294597 0.327534 0.889348 0.1255275 0.887217 0.1300281 0.887217 0.1255275 0.9065179 0.1255275 0.9065179 0.130005 0.9043884 0.1300135 0.889348 0.1255275 0.889348 0.130028 0.887217 0.1300281 0.8273543 0.325402 0.8294597 0.327534 0.8273543 0.3275313 0.9065179 0.1255275 0.9043884 0.1300135 0.9043884 0.1255359 0.7084795 0.35834 0.7105966 0.3583533 0.7105966 0.3604795 0.6503813 0.9552085 0.6554279 0.9675276 0.6503727 0.9674993 0.4212021 0.9671555 0.4239743 0.9793955 0.4213269 0.979442 0.6503813 0.9552085 0.6557145 0.9552384 0.6554279 0.9675276 0.6454383 0.9675276 0.6503813 0.9552085 0.6503727 0.9674993 0.6490397 0.9435257 0.6505668 0.943517 0.6503813 0.9552085 0.6503813 0.9552085 0.6505668 0.943517 0.6521313 0.9435257 0.6503813 0.9552085 0.6521313 0.9435257 0.6557145 0.9552384 0.6490397 0.9435257 0.6503813 0.9552085 0.6451753 0.9552384 0.6454383 0.9675276 0.6451753 0.9552384 0.6503813 0.9552085 0.4489825 0.9562381 0.4517046 0.9685371 0.4489867 0.9685301 0.4489825 0.9562381 0.45185 0.9562454 0.4517046 0.9685371 0.4461485 0.9562454 0.4489825 0.9562381 0.4489867 0.9685301 0.4461485 0.9562454 0.4490655 0.9444998 0.4489825 0.9562381 0.4489825 0.9562381 0.4490655 0.9444998 0.4499066 0.9445019 0.4489825 0.9562381 0.4499066 0.9445019 0.45185 0.9562454 0.4461485 0.9562454 0.4482341 0.9445019 0.4490655 0.9444998 0.3612191 0.9572878 0.36302 0.9456431 0.3665612 0.9573293 0.3612191 0.9572878 0.3614529 0.945631 0.36302 0.9456431 0.3612191 0.9572878 0.3665612 0.9573293 0.3662625 0.9696157 0.3599309 0.9456431 0.3614529 0.945631 0.3612191 0.9572878 0.3562812 0.9696157 0.3612191 0.9572878 0.361199 0.9695762 0.3612191 0.9572878 0.3662625 0.9696157 0.361199 0.9695762 0.3562812 0.9696157 0.3560308 0.9573293 0.3612191 0.9572878 0.3599309 0.9456431 0.3612191 0.9572878 0.3560308 0.9573293 0.4461485 0.9562454 0.4489867 0.9685301 0.4463005 0.9685371 0.4239952 0.9671064 0.4242917 0.9555886 0.4251422 0.955603 0.4239952 0.9671064 0.4251422 0.955603 0.4268945 0.9671555 0.4212021 0.9671555 0.4242917 0.9555886 0.4239952 0.9671064 0.4212021 0.9671555 0.4239952 0.9671064 0.4239743 0.9793955 0.4239952 0.9671064 0.4267224 0.979442 0.4239743 0.9793955 0.4239952 0.9671064 0.4268945 0.9671555 0.4267224 0.979442 0.4212021 0.9671555 0.4234724 0.955603 0.4242917 0.9555886 0.8130687 0.3596721 0.8137387 0.3596727 0.8137387 0.3603664 0.6735916 0.3558667 0.6781201 0.3567241 0.6735916 0.3565538 0.6735916 0.3558667 0.6814444 0.3519334 0.6781201 0.3567241 0.2348788 0.8211849 0.2342243 0.813317 0.2343496 0.8133018 0.2348788 0.8211849 0.2342243 0.8212646 0.2342243 0.813317 0.6180723 0.3567073 0.6213799 0.3610603 0.613534 0.3572589 0.4107625 0.9044343 0.4106302 0.9093555 0.4076045 0.9055363 0.4107625 0.9044343 0.410751 0.909312 0.4106302 0.9093555 0.6135342 0.3559345 0.6180723 0.3567073 0.6135341 0.3565706 0.6180723 0.3567073 0.613534 0.3572589 0.6135341 0.3565706 0.6135342 0.3559345 0.6213799 0.3519334 0.6180723 0.3567073 0.4077081 0.900633 0.4076045 0.9055363 0.4076045 0.9006706 0.4077081 0.900633 0.4107625 0.9044343 0.4076045 0.9055363 0.6781201 0.3567241 0.6814444 0.3610429 0.6735916 0.3571888 0.2342234 0.7298161 0.2348843 0.737853 0.2342234 0.7379136 0.2342234 0.7298161 0.234332 0.7298063 0.2348843 0.737853 0.8137387 0.3603664 0.8137387 0.3610075 0.8130687 0.3603658 0.6781201 0.3567241 0.6735916 0.3571888 0.6735916 0.3565538 0.8137387 0.3610075 0.8130687 0.3610069 0.8130687 0.3603658 0.8130687 0.3603658 0.8130687 0.3596721 0.8137387 0.3603664 0.6956403 0.35834 0.6977574 0.3604796 0.6956403 0.3604663 0.4097347 0.9115164 0.4097347 0.9159879 0.4076045 0.9159947 0.4097347 0.9115164 0.4076045 0.9159947 0.4076045 0.9115232 0.8188182 0.325402 0.8209236 0.3254047 0.8209236 0.3275341 0.562313 0.8620764 0.5601819 0.8665771 0.5601819 0.8620764 0.9022259 0.1255275 0.9022259 0.130005 0.9000964 0.1300135 0.562313 0.8620764 0.562313 0.866577 0.5601819 0.8665771 0.8188182 0.325402 0.8209236 0.3275341 0.8188182 0.3275314 0.9022259 0.1255275 0.9000964 0.1300135 0.9000964 0.1255359 0.6956403 0.35834 0.6977574 0.3583533 0.6977574 0.3604796 0.9744188 0.8007272 0.9744188 0.9062971 0.9687983 0.9064872 0.2712915 0.973467 0.2648678 0.9732784 0.2648678 0.8678233 0.6836069 0.3552544 0.6889981 0.3519334 0.6889981 0.358752 0.9744188 0.8007272 0.9687983 0.9064872 0.9688006 0.8009159 0.2712915 0.973467 0.2648678 0.8678233 0.2712906 0.8680099 0.3204897 0.9733964 0.3145876 0.8678234 0.3204897 0.8678477 0.3204897 0.9733964 0.31462 0.9733723 0.3145876 0.8678234 0.5571317 0.9731626 0.5517201 0.9766303 0.5517201 0.9698501 0.6491801 0.9697535 0.6568198 0.9696884 0.6568198 0.978358 0.2349019 0.9643235 0.2349019 0.9742302 0.2272712 0.9738193 0.9363107 0.3538591 0.944631 0.3487319 0.944631 0.3592562 0.6491801 0.9697535 0.6568198 0.978358 0.6491791 0.9784194 0.2349019 0.9643235 0.2272712 0.9738193 0.2272683 0.9639139 0.02880901 0.9787936 0.03647226 0.9696977 0.03647226 0.9788028 0.02880901 0.9787936 0.02880883 0.9697386 0.03647226 0.9696977 0.2213088 0.9627304 0.2129586 0.9680789 0.2129586 0.9576147 0.868125 0.9635152 0.8731464 0.9758529 0.8681062 0.9757979 0.1251854 0.9668657 0.127976 0.9791238 0.1253228 0.979157 0.868125 0.9635152 0.8734426 0.9635733 0.8731464 0.9758529 0.863147 0.9758529 0.868125 0.9635152 0.8681062 0.9757979 0.8667274 0.951927 0.8682622 0.9519099 0.868125 0.9635152 0.868125 0.9635152 0.8682622 0.9519099 0.869822 0.951927 0.868125 0.9635152 0.869822 0.951927 0.8734426 0.9635733 0.8667274 0.951927 0.868125 0.9635152 0.8628929 0.9635733 0.863147 0.9758529 0.8628929 0.9635733 0.868125 0.9635152 0.5808143 0.9661546 0.5835484 0.9784727 0.5808134 0.9784488 0.5808143 0.9661546 0.5836998 0.9661799 0.5835484 0.9784727 0.5780022 0.9661799 0.5808143 0.9661546 0.5808134 0.9784488 0.5780022 0.9661799 0.5810063 0.954508 0.5808143 0.9661546 0.5808143 0.9661546 0.5810063 0.954508 0.5818527 0.9545153 0.5808143 0.9661546 0.5818527 0.9545153 0.5836998 0.9661799 0.5780022 0.9661799 0.5801814 0.9545153 0.5810063 0.954508 0.8897714 0.786052 0.8913185 0.7743033 0.89505 0.7860606 0.8897714 0.786052 0.8897701 0.7743008 0.8913185 0.7743033 0.8897714 0.786052 0.89505 0.7860606 0.8947746 0.7983513 0.8882213 0.7743033 0.8897701 0.7743008 0.8897714 0.786052 0.8847671 0.7983513 0.8897714 0.786052 0.8897714 0.7983432 0.8897714 0.786052 0.8947746 0.7983513 0.8897714 0.7983432 0.8847671 0.7983513 0.8844919 0.7860606 0.8897714 0.786052 0.8882213 0.7743033 0.8897714 0.786052 0.8844919 0.7860606 0.5780022 0.9661799 0.5808134 0.9784488 0.5781478 0.9784727 0.1279845 0.9668307 0.1282424 0.9552361 0.1290917 0.9552465 0.1279845 0.9668307 0.1290917 0.9552465 0.1308797 0.9668657 0.1251854 0.9668657 0.1282424 0.9552361 0.1279845 0.9668307 0.1251854 0.9668657 0.1279845 0.9668307 0.127976 0.9791238 0.1279845 0.9668307 0.1307201 0.979157 0.127976 0.9791238 0.1279845 0.9668307 0.1308797 0.9668657 0.1307201 0.979157 0.1251854 0.9668657 0.1274213 0.9552465 0.1282424 0.9552361 0.7170389 0.3595072 0.7180516 0.35834 0.7180516 0.3595069 0.5577001 0.9484267 0.5593304 0.9598326 0.5581693 0.9598333 0.6897194 0.9356978 0.694048 0.9470817 0.6930366 0.9470802 0.6897194 0.9356978 0.6930366 0.9470802 0.688708 0.9356963 0.5577001 0.9484267 0.5588613 0.948426 0.5593304 0.9598326 0.688224 0.9228305 0.6897194 0.9356978 0.688708 0.9356963 0.1428652 0.9458485 0.14123 0.9572863 0.1417042 0.9458467 0.143029 0.9329597 0.1417042 0.9458467 0.1418681 0.932958 0.143029 0.9329597 0.1428652 0.9458485 0.1417042 0.9458467 0.06340241 0.9478589 0.0623964 0.947867 0.06388378 0.9350158 0.143029 0.9329597 0.1418681 0.932958 0.1417388 0.9187002 0.06340241 0.9478589 0.06388378 0.9350158 0.06488978 0.9350077 0.06388378 0.9350158 0.06371551 0.920776 0.06488978 0.9350077 0.143029 0.9329597 0.1417388 0.9187002 0.1428996 0.918702 0.06388378 0.9350158 0.06270956 0.920784 0.06371551 0.920776 0.06270956 0.920784 0.05909681 0.9047575 0.06371551 0.920776 0.5575381 0.9355486 0.5576661 0.9212806 0.5588271 0.9212798 0.5576661 0.9212806 0.5581694 0.9052139 0.5593304 0.9052132 0.5576661 0.9212806 0.5593304 0.9052132 0.5588271 0.9212798 0.6930366 0.8924795 0.6894045 0.9085623 0.6883932 0.9085608 0.8042294 0.3596732 0.805241 0.3608388 0.8042294 0.3608399 0.6930366 0.8924795 0.694048 0.892481 0.6894045 0.9085623 0.1428996 0.918702 0.14123 0.902671 0.1423909 0.9026728 0.8042294 0.3596732 0.805241 0.3596721 0.805241 0.3608388 0.1428996 0.918702 0.1417388 0.9187002 0.14123 0.902671 0.06270956 0.920784 0.0580908 0.9047657 0.05909681 0.9047575 0.5575381 0.9355486 0.5588271 0.9212798 0.5586991 0.9355478 0.6883932 0.9085608 0.688224 0.9228305 0.6872127 0.922829 0.6883932 0.9085608 0.6894045 0.9085623 0.688224 0.9228305 0.688224 0.9228305 0.688708 0.9356963 0.6872127 0.922829 0.5575381 0.9355486 0.5586991 0.9355478 0.5588613 0.948426 0.5575381 0.9355486 0.5588613 0.948426 0.5577001 0.9484267 0.1428652 0.9458485 0.1423909 0.957288 0.14123 0.9572863 0.05909681 0.9592484 0.0580908 0.9592565 0.0623964 0.947867 0.05909681 0.9592484 0.0623964 0.947867 0.06340241 0.9478589 0.7170389 0.3595072 0.7170389 0.3583403 0.7180516 0.35834 0.288069 0.8678233 0.288069 0.9733981 0.2820403 0.9734405 0.9038531 0.8174812 0.8992338 0.8170258 0.8992338 0.7115795 0.7671011 0.3241614 0.7724918 0.3208404 0.7724918 0.3276593 0.288069 0.8678233 0.2820403 0.9734405 0.2820582 0.8678646 0.9038531 0.8174812 0.8992338 0.7115795 0.9038773 0.7120333 0.07371383 0.9553591 0.06705236 0.849847 0.07375234 0.8497406 0.07371383 0.9553591 0.06705236 0.9554648 0.06705236 0.849847 0.04434621 0.9704338 0.04434621 0.9768569 0.03863489 0.9731956 0.7183107 0.9735658 0.7106695 0.9740523 0.7106695 0.9647539 0.91614 0.1292385 0.909003 0.1290242 0.9089657 0.1214109 0.1803002 0.9576147 0.1891344 0.9617964 0.1803002 0.9675267 0.7183107 0.9735658 0.7106695 0.9647539 0.7183116 0.9642949 0.91614 0.1292385 0.9089657 0.1214109 0.91614 0.1216222 0.04629045 0.9578422 0.03863483 0.9682729 0.03863489 0.9579394 0.04629045 0.9578422 0.04629045 0.9681163 0.03863483 0.9682729 0.1130765 0.9675846 0.1041486 0.963266 0.1130765 0.9577976 0.8300641 0.3596721 0.8307341 0.3596726 0.8307341 0.3603662 0.9687983 0.9664885 0.9733591 0.9673491 0.9687983 0.9671737 0.9687983 0.9664885 0.9766353 0.9625242 0.9733591 0.9673491 0.2348823 0.8110705 0.2342243 0.8031302 0.2343503 0.8031167 0.2348823 0.8110705 0.2342243 0.8111409 0.2342243 0.8031302 0.004501521 0.9745151 0.00786066 0.9787114 0 0.9749511 0.5976341 0.8854103 0.5978023 0.8804662 0.6007964 0.8843199 0.5976341 0.8854103 0.5976813 0.8805092 0.5978023 0.8804662 0 0.9736424 0.004501521 0.9745151 0 0.974271 0.004501521 0.9745151 0 0.9749511 0 0.974271 0 0.9736424 0.00786066 0.9696912 0.004501521 0.9745151 0.6006926 0.889199 0.6007964 0.8843199 0.6007964 0.8891618 0.6006926 0.889199 0.5976341 0.8854103 0.6007964 0.8843199 0.9733591 0.9673491 0.9766353 0.9716075 0.9687983 0.9678069 0.2342234 0.7606212 0.2348834 0.7686021 0.2342234 0.7686662 0.2342234 0.7606212 0.2343319 0.7606107 0.2348834 0.7686021 0.8307341 0.3603662 0.8307341 0.3610072 0.8300641 0.3603657 0.9733591 0.9673491 0.9687983 0.9678069 0.9687983 0.9671737 0.8307341 0.3610072 0.8300641 0.3610067 0.8300641 0.3603657 0.8300641 0.3603657 0.8300641 0.3596721 0.8307341 0.3603662 0.7846333 0.325402 0.786749 0.3275399 0.7846333 0.3275299 0.3409969 0.9206269 0.3409969 0.9250876 0.338869 0.9251032 0.3409969 0.9206269 0.338869 0.9251032 0.338869 0.9206426 0.7931897 0.325402 0.795302 0.32541 0.795302 0.3275386 0.562313 0.8887225 0.5601819 0.8932231 0.5601819 0.8887225 0.9330818 0.1095108 0.9330818 0.1139432 0.9309507 0.1139463 0.562313 0.8887225 0.562313 0.8932231 0.5601819 0.8932231 0.7931897 0.325402 0.795302 0.3275386 0.7931897 0.3275306 0.9330818 0.1095108 0.9309507 0.1139463 0.9309507 0.1095139 0.7846333 0.325402 0.786749 0.325412 0.786749 0.3275399 0.8554128 0.9635152 0.8604342 0.9758529 0.855394 0.9757979 0.1330422 0.9668657 0.1358329 0.9791237 0.1331797 0.9791569 0.8554128 0.9635152 0.8607304 0.9635733 0.8604342 0.9758529 0.8504347 0.9758529 0.8554128 0.9635152 0.855394 0.9757979 0.8540151 0.9519269 0.8555499 0.9519098 0.8554128 0.9635152 0.8554128 0.9635152 0.8555499 0.9519098 0.8571099 0.9519269 0.8554128 0.9635152 0.8571099 0.9519269 0.8607304 0.9635733 0.8540151 0.9519269 0.8554128 0.9635152 0.8501808 0.9635733 0.8504347 0.9758529 0.8501808 0.9635733 0.8554128 0.9635152 0.1201373 0.966883 0.1228714 0.9792008 0.1201363 0.979177 0.1201373 0.966883 0.1230228 0.9669082 0.1228714 0.9792008 0.1173251 0.9669082 0.1201373 0.966883 0.1201363 0.979177 0.1173251 0.9669082 0.1203293 0.9552362 0.1201373 0.966883 0.1201373 0.966883 0.1203293 0.9552362 0.1211758 0.9552437 0.1201373 0.966883 0.1211758 0.9552437 0.1230228 0.9669082 0.1173251 0.9669082 0.1195044 0.9552436 0.1203293 0.9552362 0.5259515 0.9189088 0.5274987 0.9071601 0.5312302 0.9189175 0.5259515 0.9189088 0.5259502 0.9071575 0.5274987 0.9071601 0.5259515 0.9189088 0.5312302 0.9189175 0.5309548 0.9312081 0.5244015 0.9071601 0.5259502 0.9071575 0.5259515 0.9189088 0.5209472 0.9312081 0.5259515 0.9189088 0.5259515 0.9312 0.5259515 0.9189088 0.5309548 0.9312081 0.5259515 0.9312 0.5209472 0.9312081 0.520672 0.9189175 0.5259515 0.9189088 0.5244015 0.9071601 0.5259515 0.9189088 0.520672 0.9189175 0.1173251 0.9669082 0.1201363 0.979177 0.1174709 0.9792008 0.1358415 0.9668307 0.1360993 0.9552361 0.1369486 0.9552465 0.1358415 0.9668307 0.1369486 0.9552465 0.1387366 0.9668657 0.1330422 0.9668657 0.1360993 0.9552361 0.1358415 0.9668307 0.1330422 0.9668657 0.1358415 0.9668307 0.1358329 0.9791237 0.1358415 0.9668307 0.1385771 0.9791569 0.1358329 0.9791237 0.1358415 0.9668307 0.1387366 0.9668657 0.1385771 0.9791569 0.1330422 0.9668657 0.1352782 0.9552465 0.1360993 0.9552361 0.8243989 0.3596721 0.8250689 0.3596727 0.8250689 0.3603663 0.5072838 0.9735331 0.5118446 0.9743936 0.5072838 0.9742183 0.5072838 0.9735331 0.5151208 0.9695688 0.5118446 0.9743936 0.2348815 0.7992135 0.2342234 0.7912732 0.2343494 0.7912598 0.2348815 0.7992135 0.2342234 0.7992839 0.2342234 0.7912732 0.1848017 0.9745114 0.1881608 0.9787077 0.1803002 0.9749474 0.4076045 0.8946835 0.4077726 0.8897393 0.4107666 0.893593 0.4076045 0.8946835 0.4076516 0.8897825 0.4077726 0.8897393 0.1803002 0.9736387 0.1848017 0.9745114 0.1803002 0.9742673 0.1848017 0.9745114 0.1803002 0.9749474 0.1803002 0.9742673 0.1803002 0.9736387 0.1881608 0.9696875 0.1848017 0.9745114 0.4106628 0.8984722 0.4107666 0.893593 0.4107666 0.8984351 0.4106628 0.8984722 0.4076045 0.8946835 0.4107666 0.893593 0.5118446 0.9743936 0.5151208 0.978652 0.5072838 0.9748515 0.2342234 0.7708376 0.2348833 0.7788185 0.2342234 0.7788826 0.2342234 0.7708376 0.2343318 0.7708271 0.2348833 0.7788185 0.8250689 0.3603663 0.8250688 0.3610073 0.8243989 0.3603658 0.5118446 0.9743936 0.5072838 0.9748515 0.5072838 0.9742183 0.8250688 0.3610073 0.8243989 0.3610067 0.8243989 0.3603658 0.8243989 0.3603658 0.8243989 0.3596721 0.8250689 0.3603663 0.7889115 0.325402 0.7910272 0.3275398 0.7889115 0.3275298 0.3409969 0.9272641 0.3409969 0.9317247 0.338869 0.9317403 0.3409969 0.9272641 0.338869 0.9317403 0.338869 0.9272797 0.8017394 0.325402 0.8038517 0.32541 0.8038517 0.3275386 0.6983417 0.8924796 0.6962106 0.8969802 0.6962106 0.8924796 0.6983416 0.938939 0.6983416 0.9433713 0.6962105 0.9433743 0.6983417 0.8924796 0.6983417 0.8969801 0.6962106 0.8969802 0.8017394 0.325402 0.8038517 0.3275386 0.8017394 0.3275306 0.6983416 0.938939 0.6962105 0.9433743 0.6962105 0.938942 0.7889115 0.325402 0.7910272 0.325412 0.7910272 0.3275398 0.09653776 0.9653137 0.1015591 0.9776514 0.09651887 0.9775963 0.4133452 0.9672181 0.4161359 0.9794761 0.4134826 0.9795094 0.09653776 0.9653137 0.1018553 0.9653717 0.1015591 0.9776514 0.0915597 0.9776514 0.09653776 0.9653137 0.09651887 0.9775963 0.09514009 0.9537253 0.09667491 0.9537083 0.09653776 0.9653137 0.09653776 0.9653137 0.09667491 0.9537083 0.09823477 0.9537253 0.09653776 0.9653137 0.09823477 0.9537253 0.1018553 0.9653717 0.09514009 0.9537253 0.09653776 0.9653137 0.09130567 0.9653717 0.0915597 0.9776514 0.09130567 0.9653717 0.09653776 0.9653137 0.9026044 0.9654736 0.9053384 0.9777916 0.9026033 0.9777677 0.9026044 0.9654736 0.9054899 0.9654989 0.9053384 0.9777916 0.8997922 0.9654988 0.9026044 0.9654736 0.9026033 0.9777677 0.8997922 0.9654988 0.9027964 0.9538269 0.9026044 0.9654736 0.9026044 0.9654736 0.9027964 0.9538269 0.9036428 0.9538343 0.9026044 0.9654736 0.9036428 0.9538343 0.9054899 0.9654989 0.8997922 0.9654988 0.9019715 0.9538343 0.9027964 0.9538269 0.4891219 0.9212337 0.490669 0.9094851 0.4944005 0.9212424 0.4891219 0.9212337 0.4891206 0.9094825 0.490669 0.9094851 0.4891219 0.9212337 0.4944005 0.9212424 0.4941252 0.9335331 0.4875718 0.9094851 0.4891206 0.9094825 0.4891219 0.9212337 0.4841176 0.9335331 0.4891219 0.9212337 0.4891219 0.9335249 0.4891219 0.9212337 0.4941252 0.9335331 0.4891219 0.9335249 0.4841176 0.9335331 0.4838423 0.9212424 0.4891219 0.9212337 0.4875718 0.9094851 0.4891219 0.9212337 0.4838423 0.9212424 0.8997922 0.9654988 0.9026033 0.9777677 0.8999379 0.9777916 0.4161444 0.9671831 0.4164022 0.9555885 0.4172515 0.9555988 0.4161444 0.9671831 0.4172515 0.9555988 0.4190395 0.9672181 0.4133452 0.9672181 0.4164022 0.9555885 0.4161444 0.9671831 0.4133452 0.9672181 0.4161444 0.9671831 0.4161359 0.9794761 0.4161444 0.9671831 0.41888 0.9795094 0.4161359 0.9794761 0.4161444 0.9671831 0.4190395 0.9672181 0.41888 0.9795094 0.4133452 0.9672181 0.4155811 0.9555988 0.4164022 0.9555885 0.8272314 0.3596721 0.8279014 0.3596726 0.8279015 0.3603662 0.191297 0.9735076 0.1958578 0.9743682 0.191297 0.9741927 0.191297 0.9735076 0.199134 0.9695432 0.1958578 0.9743682 0.1774769 0.8065089 0.1768189 0.7985686 0.1769449 0.7985551 0.1774769 0.8065089 0.1768189 0.8065792 0.1768189 0.7985686 0.5217849 0.9743927 0.5251441 0.978589 0.5172834 0.9748287 0.5976342 0.8963041 0.5978023 0.8913599 0.6007964 0.8952136 0.5976342 0.8963041 0.5976813 0.891403 0.5978023 0.8913599 0.5172834 0.9735201 0.5217849 0.9743927 0.5172834 0.9741486 0.5217849 0.9743927 0.5172834 0.9748287 0.5172834 0.9741486 0.5172834 0.9735201 0.5251441 0.9695689 0.5217849 0.9743927 0.6006926 0.9000928 0.6007964 0.8952136 0.6007964 0.9000556 0.6006926 0.9000928 0.5976342 0.8963041 0.6007964 0.8952136 0.1958578 0.9743682 0.199134 0.9786265 0.191297 0.974826 0.2342234 0.781054 0.2348833 0.789035 0.2342234 0.789099 0.2342234 0.781054 0.2343319 0.7810436 0.2348833 0.789035 0.8279015 0.3603662 0.8279014 0.3610072 0.8272314 0.3603657 0.1958578 0.9743682 0.191297 0.974826 0.191297 0.9741927 0.8279014 0.3610072 0.8272315 0.3610067 0.8272314 0.3603657 0.8272314 0.3603657 0.8272314 0.3596721 0.8279015 0.3603662 0.780355 0.325402 0.7824707 0.3275399 0.780355 0.3275299 0.6983384 0.9257054 0.6983384 0.9301661 0.6962105 0.9301817 0.6983384 0.9257054 0.6962105 0.9301817 0.6962105 0.9257211 0.7974646 0.325402 0.7995769 0.32541 0.7995769 0.3275386 0.562313 0.882061 0.5601817 0.8865615 0.5601818 0.882061 0.6983416 0.9323427 0.6983416 0.9367751 0.6962105 0.9367781 0.562313 0.882061 0.562313 0.8865615 0.5601817 0.8865615 0.7974646 0.325402 0.7995769 0.3275386 0.7974646 0.3275306 0.6983416 0.9323427 0.6962105 0.9367781 0.6962105 0.9323457 0.780355 0.325402 0.7824707 0.325412 0.7824707 0.3275399 0.9740898 0 0.9740898 0.1054469 0.9684123 0.1057085 0.2627052 0.9735507 0.2562805 0.9733573 0.2562805 0.8678233 0.1334787 0.9354071 0.1388685 0.9320858 0.1388685 0.9389047 0.9740898 0 0.9684123 0.1057085 0.9684151 2.59604e-4 0.2627052 0.9735507 0.2562805 0.8678233 0.2627046 0.8680153 0.3282576 0.9734416 0.3226522 0.8679005 0.3282884 0.8678233 0.3282576 0.9734416 0.3226522 0.9735183 0.3226522 0.8679005 0.4461485 0.977119 0.4461485 0.9706979 0.4518595 0.9743595 0.6295903 0.9696883 0.6372113 0.9697088 0.6372132 0.9784684 0.5875574 0.9700269 0.5875574 0.9601185 0.5951967 0.9605228 0.1912969 0.9673822 0.1912969 0.9576147 0.2002618 0.9631388 0.6295903 0.9696883 0.6372132 0.9784684 0.6295903 0.9784435 0.5875574 0.9700269 0.5951967 0.9605228 0.5951988 0.9704301 0.6197717 0.978334 0.6274276 0.9698085 0.6274276 0.9785016 0.6197717 0.978334 0.6197717 0.9696884 0.6274276 0.9698085 0.5419834 0.9628921 0.5336332 0.9682421 0.5336332 0.9577781 0.896908 0.3573998 0.9068248 0.345533 0.9065544 0.3573737 0.896908 0.3573998 0.8946989 0.3455657 0.9068248 0.345533 0.8550253 0.3454291 0.8667379 0.3455572 0.8642587 0.3574573 0.8550253 0.3454291 0.8642587 0.3574573 0.8549411 0.3573554 0.9068248 0.345533 0.9182591 0.3455657 0.9156505 0.3573998 0.9068248 0.345533 0.9132863 0.3361923 0.9182591 0.3455657 0.8988691 0.3361923 0.9068248 0.345533 0.8946989 0.3455657 0.8988691 0.3361923 0.9062893 0.3361723 0.9068248 0.345533 0.9068248 0.345533 0.9062893 0.3361723 0.9132863 0.3361923 0.9068248 0.345533 0.9156505 0.3573998 0.9065544 0.3573737 0.8988691 0.3361923 0.8968539 0.3302671 0.9065398 0.330241 0.8549086 0.330241 0.8642644 0.3303433 0.8619928 0.3363324 0.8550253 0.3454291 0.8619928 0.3363324 0.8667379 0.3455572 0.8550253 0.3454291 0.8548255 0.3362541 0.8619928 0.3363324 0.8549086 0.330241 0.8619928 0.3363324 0.8548255 0.3362541 0.8988691 0.3361923 0.9065398 0.330241 0.9062893 0.3361723 0.9422832 0.5760489 0.9340415 0.5816649 0.9306573 0.5694785 0.9065398 0.330241 0.9156731 0.3302671 0.9132863 0.3361923 0.9306573 0.5694785 0.9340415 0.5816649 0.9240821 0.5810955 0.9065398 0.330241 0.9132863 0.3361923 0.9062893 0.3361723 0.9306573 0.5694785 0.9190316 0.572702 0.9190316 0.5629082 0.9306573 0.5694785 0.9240821 0.5810955 0.9190316 0.572702 0.9372327 0.5578616 0.9422832 0.566255 0.9306573 0.5694785 0.9422832 0.5760489 0.9306573 0.5694785 0.9422832 0.566255 0.9372327 0.5578616 0.9306573 0.5694785 0.9272732 0.5572922 0.9306573 0.5694785 0.9190316 0.5629082 0.9272732 0.5572922 0.3936213 0.8897394 0.4029394 0.8898131 0.4006412 0.8957803 0.8216693 0.3364358 0.8195476 0.3304165 0.8291276 0.330241 0.8216693 0.3364358 0.8293094 0.3453623 0.817316 0.3455821 0.3937764 0.9049664 0.4006412 0.8957803 0.4054419 0.9050586 0.3937764 0.9049664 0.3935027 0.8957238 0.4006412 0.8957803 0.3936213 0.8897394 0.4006412 0.8957803 0.3935027 0.8957238 0.8216693 0.3364358 0.8290084 0.3363013 0.8293094 0.3453623 0.8216693 0.3364358 0.8291276 0.330241 0.8290084 0.3363013 0.8293094 0.3453623 0.8409397 0.3455821 0.8384445 0.3575113 0.8293094 0.3453623 0.8361253 0.3364358 0.8409397 0.3455821 0.8196514 0.3575113 0.817316 0.3455821 0.8293094 0.3453623 0.8293094 0.3453623 0.8290084 0.3363013 0.8361253 0.3364358 0.8196514 0.3575113 0.8293094 0.3453623 0.8291923 0.3573364 0.8293094 0.3453623 0.8384445 0.3575113 0.8291923 0.3573364 0.3937764 0.9049664 0.4054419 0.9050586 0.4029334 0.9169366 0.3937764 0.9049664 0.4029334 0.9169366 0.3936533 0.9168632 0.38414 0.9169366 0.3937764 0.9049664 0.3936533 0.9168632 0.8475294 0.3363324 0.8550253 0.3454291 0.8431022 0.3455572 0.8475294 0.3363324 0.8453848 0.3303433 0.8549086 0.330241 0.8291276 0.330241 0.8384174 0.3304165 0.8361253 0.3364358 0.8291276 0.330241 0.8361253 0.3364358 0.8290084 0.3363013 0.8475294 0.3363324 0.8548255 0.3362541 0.8550253 0.3454291 0.8475294 0.3363324 0.8549086 0.330241 0.8548255 0.3362541 0.8454561 0.3574573 0.8431022 0.3455572 0.8550253 0.3454291 0.8454561 0.3574573 0.8550253 0.3454291 0.8549411 0.3573554 0.38414 0.9169366 0.3818177 0.9050586 0.3937764 0.9049664 0.3861848 0.8957803 0.3937764 0.9049664 0.3818177 0.9050586 0.3861848 0.8957803 0.3935027 0.8957238 0.3937764 0.9049664 0.3861848 0.8957803 0.3936213 0.8897394 0.3935027 0.8957238 0.3861848 0.8957803 0.384069 0.8898131 0.3936213 0.8897394 0.8005066 0.9189543 0.8104234 0.9070875 0.810153 0.9189282 0.8005066 0.9189543 0.7982975 0.9071202 0.8104234 0.9070875 0.8808235 0.3454291 0.8925362 0.3455572 0.8900569 0.3574573 0.8808235 0.3454291 0.8900569 0.3574573 0.8807393 0.3573554 0.8104234 0.9070875 0.8218577 0.9071202 0.819249 0.9189543 0.8104234 0.9070875 0.8168849 0.8977469 0.8218577 0.9071202 0.8024677 0.8977469 0.8104234 0.9070875 0.7982975 0.9071202 0.8024677 0.8977469 0.809888 0.8977268 0.8104234 0.9070875 0.8104234 0.9070875 0.809888 0.8977268 0.8168849 0.8977469 0.8104234 0.9070875 0.819249 0.9189543 0.810153 0.9189282 0.8024677 0.8977469 0.8004525 0.8918216 0.8101384 0.8917955 0.8807069 0.330241 0.8900626 0.3303433 0.8877912 0.3363324 0.8808235 0.3454291 0.8877912 0.3363324 0.8925362 0.3455572 0.8808235 0.3454291 0.8806238 0.3362541 0.8877912 0.3363324 0.8807069 0.330241 0.8877912 0.3363324 0.8806238 0.3362541 0.8024677 0.8977469 0.8101384 0.8917955 0.809888 0.8977268 0.4816797 0.9282394 0.473438 0.9338554 0.4700539 0.921669 0.8101384 0.8917955 0.8192717 0.8918216 0.8168849 0.8977469 0.4700539 0.921669 0.473438 0.9338554 0.4634786 0.9332859 0.8101384 0.8917955 0.8168849 0.8977469 0.809888 0.8977268 0.4700539 0.921669 0.4584281 0.9248924 0.4584281 0.9150986 0.4700539 0.921669 0.4634786 0.9332859 0.4584281 0.9248924 0.4766292 0.910052 0.4816797 0.9184455 0.4700539 0.921669 0.4816797 0.9282394 0.4700539 0.921669 0.4816797 0.9184455 0.4766292 0.910052 0.4700539 0.921669 0.4666698 0.9094825 0.4700539 0.921669 0.4584281 0.9150986 0.4666698 0.9094825 0.3678345 0.8897393 0.3771526 0.889813 0.3748543 0.8957802 0.7958831 0.3364357 0.7937614 0.3304165 0.8033413 0.330241 0.7958831 0.3364357 0.8035233 0.3453623 0.7915298 0.345582 0.3679895 0.9049662 0.3748543 0.8957802 0.3796551 0.9050585 0.3679895 0.9049662 0.3677158 0.8957237 0.3748543 0.8957802 0.3678345 0.8897393 0.3748543 0.8957802 0.3677158 0.8957237 0.7958831 0.3364357 0.8032222 0.3363013 0.8035233 0.3453623 0.7958831 0.3364357 0.8033413 0.330241 0.8032222 0.3363013 0.8035233 0.3453623 0.8151535 0.345582 0.8126582 0.3575112 0.8035233 0.3453623 0.8103392 0.3364357 0.8151535 0.345582 0.7938653 0.3575112 0.7915298 0.345582 0.8035233 0.3453623 0.8035233 0.3453623 0.8032222 0.3363013 0.8103392 0.3364357 0.7938653 0.3575112 0.8035233 0.3453623 0.8034062 0.3573364 0.8035233 0.3453623 0.8126582 0.3575112 0.8034062 0.3573364 0.3679895 0.9049662 0.3796551 0.9050585 0.3771465 0.9169366 0.3679895 0.9049662 0.3771465 0.9169366 0.3678664 0.9168632 0.3583531 0.9169366 0.3679895 0.9049662 0.3678664 0.9168632 0.8733277 0.3363324 0.8808235 0.3454291 0.8689005 0.3455572 0.8733277 0.3363324 0.8711831 0.3303433 0.8807069 0.330241 0.8033413 0.330241 0.8126313 0.3304165 0.8103392 0.3364357 0.8033413 0.330241 0.8103392 0.3364357 0.8032222 0.3363013 0.8733277 0.3363324 0.8806238 0.3362541 0.8808235 0.3454291 0.8733277 0.3363324 0.8807069 0.330241 0.8806238 0.3362541 0.8712544 0.3574573 0.8689005 0.3455572 0.8808235 0.3454291 0.8712544 0.3574573 0.8808235 0.3454291 0.8807393 0.3573554 0.3583531 0.9169366 0.3560308 0.9050585 0.3679895 0.9049662 0.3603979 0.8957802 0.3679895 0.9049662 0.3560308 0.9050585 0.3603979 0.8957802 0.3677158 0.8957237 0.3679895 0.9049662 0.3603979 0.8957802 0.3678345 0.8897393 0.3677158 0.8957237 0.3603979 0.8957802 0.3582822 0.889813 0.3678345 0.8897393 0.1571533 0.9049156 0.1690816 0.908373 0.1632287 0.9176058 0.5685949 0.9331865 0.5755727 0.9324629 0.5755975 0.9430201 0.1571533 0.9049156 0.1632287 0.9176058 0.1534191 0.9177786 0.5038056 0.9460492 0.4968009 0.9460713 0.496917 0.9366139 0.5038056 0.9460492 0.496917 0.9366139 0.5039135 0.937255 0.5108836 0.9459661 0.5038056 0.9460492 0.5039135 0.937255 0.496917 0.9553349 0.4968009 0.9460713 0.5038056 0.9460492 0.5039135 0.9546633 0.5038056 0.9460492 0.5108836 0.9459661 0.496917 0.9553349 0.5038056 0.9460492 0.5039135 0.9546633 0.6525627 0.9309226 0.6527292 0.9203665 0.6597275 0.9210968 0.1571533 0.9049156 0.1452248 0.9123874 0.1452248 0.9014582 0.1571533 0.9049156 0.1534191 0.9177786 0.1452248 0.9123874 0.6597275 0.9406145 0.6525627 0.9309226 0.6595726 0.9309128 0.6525627 0.9309226 0.6597275 0.9210968 0.6595726 0.9309128 0.1510778 0.8922253 0.1571533 0.9049156 0.1452248 0.9014582 0.6597275 0.9406145 0.6527292 0.9413559 0.6525627 0.9309226 0.6667956 0.9384158 0.6597275 0.9406145 0.6595726 0.9309128 0.346667 0.9481369 0.3397501 0.9387283 0.3467403 0.9393736 0.3537124 0.9480832 0.3467403 0.9393736 0.3537694 0.941266 0.3537124 0.9480832 0.346667 0.9481369 0.3467403 0.9393736 0.3467403 0.9567878 0.346667 0.9481369 0.3537124 0.9480832 0.3467403 0.9567878 0.3537124 0.9480832 0.3537694 0.9548128 0.3397501 0.9574558 0.346667 0.9481369 0.3467403 0.9567878 0.5755975 0.9430201 0.5755727 0.9534522 0.5685949 0.952704 0.568618 0.9430033 0.5685949 0.952704 0.5616067 0.9504982 0.5755975 0.9430201 0.5685949 0.952704 0.568618 0.9430033 0.5685949 0.9331865 0.5755975 0.9430201 0.568618 0.9430033 0.5616067 0.9353153 0.5685949 0.9331865 0.568618 0.9430033 0.568618 0.9430033 0.5616067 0.9504982 0.5616247 0.9429519 0.5616067 0.9353153 0.568618 0.9430033 0.5616247 0.9429519 0.5108836 0.9459661 0.5039135 0.937255 0.5109675 0.939125 0.1690816 0.8974437 0.1571533 0.9049156 0.1608873 0.8920526 0.3397501 0.9574558 0.3396713 0.9481525 0.346667 0.9481369 0.1690816 0.8974437 0.1690816 0.908373 0.1571533 0.9049156 0.346667 0.9481369 0.3396713 0.9481525 0.3397501 0.9387283 0.1510778 0.8922253 0.1608873 0.8920526 0.1571533 0.9049156 0.6667956 0.9384158 0.6595726 0.9309128 0.666675 0.9308688 0.6595726 0.9309128 0.6667956 0.9232329 0.666675 0.9308688 0.5039135 0.9546633 0.5108836 0.9459661 0.5109675 0.9526671 0.6595726 0.9309128 0.6597275 0.9210968 0.6667956 0.9232329 0.7127724 0.9052322 0.7247009 0.9086896 0.7188479 0.9179225 0.8831884 0.9314002 0.8901663 0.9306766 0.8901911 0.9412338 0.7127724 0.9052322 0.7188479 0.9179225 0.7090383 0.9180952 0.42035 0.9441419 0.4133452 0.944164 0.4134613 0.9347066 0.42035 0.9441419 0.4134613 0.9347066 0.4204578 0.9353477 0.4274279 0.9440588 0.42035 0.9441419 0.4204578 0.9353477 0.4134613 0.9534277 0.4133452 0.944164 0.42035 0.9441419 0.4204578 0.9527561 0.42035 0.9441419 0.4274279 0.9440588 0.4134613 0.9534277 0.42035 0.9441419 0.4204578 0.9527561 0.6197717 0.9309226 0.6199383 0.9203664 0.6269365 0.9210968 0.7127724 0.9052322 0.7008439 0.9127041 0.7008439 0.9017748 0.7127724 0.9052322 0.7090383 0.9180952 0.7008439 0.9127041 0.6269365 0.9406145 0.6197717 0.9309226 0.6267816 0.9309127 0.6197717 0.9309226 0.6269365 0.9210968 0.6267816 0.9309127 0.7066969 0.892542 0.7127724 0.9052322 0.7008439 0.9017748 0.6269365 0.9406145 0.6199383 0.9413559 0.6197717 0.9309226 0.6340046 0.9384158 0.6269365 0.9406145 0.6267816 0.9309127 0.03958547 0.9463623 0.03266859 0.9369539 0.03965878 0.937599 0.04663085 0.9463086 0.03965878 0.937599 0.04668784 0.9394915 0.04663085 0.9463086 0.03958547 0.9463623 0.03965878 0.937599 0.03965878 0.9550132 0.03958547 0.9463623 0.04663085 0.9463086 0.03965878 0.9550132 0.04663085 0.9463086 0.04668784 0.9530382 0.03266859 0.9556813 0.03958547 0.9463623 0.03965878 0.9550132 0.8901911 0.9412338 0.8901663 0.9516659 0.8831884 0.9509177 0.8832115 0.941217 0.8831884 0.9509177 0.8762001 0.9487119 0.8901911 0.9412338 0.8831884 0.9509177 0.8832115 0.941217 0.8831884 0.9314002 0.8901911 0.9412338 0.8832115 0.941217 0.8762002 0.933529 0.8831884 0.9314002 0.8832115 0.941217 0.8832115 0.941217 0.8762001 0.9487119 0.8762181 0.9411656 0.8762002 0.933529 0.8832115 0.941217 0.8762181 0.9411656 0.4274279 0.9440588 0.4204578 0.9353477 0.4275118 0.9372177 0.7247009 0.8977603 0.7127724 0.9052322 0.7165064 0.8923692 0.03266859 0.9556813 0.03258979 0.9463779 0.03958547 0.9463623 0.7247009 0.8977603 0.7247009 0.9086896 0.7127724 0.9052322 0.03958547 0.9463623 0.03258979 0.9463779 0.03266859 0.9369539 0.7066969 0.892542 0.7165064 0.8923692 0.7127724 0.9052322 0.6340046 0.9384158 0.6267816 0.9309127 0.6338841 0.9308687 0.6267816 0.9309127 0.6340046 0.9232328 0.6338841 0.9308687 0.4204578 0.9527561 0.4274279 0.9440588 0.4275118 0.9507598 0.6267816 0.9309127 0.6269365 0.9210968 0.6340046 0.9232328 0.6673436 0.9053426 0.679272 0.9088 0.673419 0.9180329 0.9432991 0.3263053 0.950277 0.3255817 0.9503018 0.3361389 0.6673436 0.9053426 0.673419 0.9180329 0.6636095 0.9182056 0.2199633 0.946168 0.2129586 0.9461901 0.2130746 0.9367328 0.2199633 0.946168 0.2130746 0.9367328 0.2200713 0.9373738 0.2270413 0.9460849 0.2199633 0.946168 0.2200713 0.9373738 0.2130746 0.9554537 0.2129586 0.9461901 0.2199633 0.946168 0.2200713 0.9547821 0.2199633 0.946168 0.2270413 0.9460849 0.2130746 0.9554537 0.2199633 0.946168 0.2200713 0.9547821 0.1452248 0.9304958 0.1453914 0.9199396 0.1523896 0.92067 0.6673436 0.9053426 0.6554151 0.9128145 0.6554151 0.9018852 0.6673436 0.9053426 0.6636095 0.9182056 0.6554151 0.9128145 0.1523896 0.9401876 0.1452248 0.9304958 0.1522347 0.9304859 0.1452248 0.9304958 0.1523896 0.92067 0.1522347 0.9304859 0.661268 0.8926523 0.6673436 0.9053426 0.6554151 0.9018852 0.1523896 0.9401876 0.1453914 0.9409291 0.1452248 0.9304958 0.1594577 0.937989 0.1523896 0.9401876 0.1522347 0.9304859 0.7242351 0.9528149 0.7173181 0.9434065 0.7243083 0.9440516 0.7312804 0.9527612 0.7243083 0.9440516 0.7313374 0.9459441 0.7312804 0.9527612 0.7242351 0.9528149 0.7243083 0.9440516 0.7243083 0.9614658 0.7242351 0.9528149 0.7312804 0.9527612 0.7243083 0.9614658 0.7312804 0.9527612 0.7313374 0.9594908 0.7173181 0.9621338 0.7242351 0.9528149 0.7243083 0.9614658 0.9503018 0.3361389 0.950277 0.346571 0.9432991 0.3458229 0.9433222 0.3361222 0.9432991 0.3458229 0.9363109 0.343617 0.9503018 0.3361389 0.9432991 0.3458229 0.9433222 0.3361222 0.9432991 0.3263053 0.9503018 0.3361389 0.9433222 0.3361222 0.9363109 0.3284341 0.9432991 0.3263053 0.9433222 0.3361222 0.9433222 0.3361222 0.9363109 0.343617 0.9363288 0.3360707 0.9363109 0.3284341 0.9433222 0.3361222 0.9363288 0.3360707 0.2270413 0.9460849 0.2200713 0.9373738 0.2271252 0.9392438 0.679272 0.8978707 0.6673436 0.9053426 0.6710776 0.8924795 0.7173181 0.9621338 0.7172394 0.9528306 0.7242351 0.9528149 0.679272 0.8978707 0.679272 0.9088 0.6673436 0.9053426 0.7242351 0.9528149 0.7172394 0.9528306 0.7173181 0.9434065 0.661268 0.8926523 0.6710776 0.8924795 0.6673436 0.9053426 0.1594577 0.937989 0.1522347 0.9304859 0.1593372 0.930442 0.1522347 0.9304859 0.1594577 0.922806 0.1593372 0.930442 0.2200713 0.9547821 0.2270413 0.9460849 0.2271252 0.9527859 0.1522347 0.9304859 0.1523896 0.92067 0.1594577 0.922806 0.6153047 0.9053425 0.6272331 0.9087999 0.6213802 0.9180328 0.8052856 0.9218387 0.8122636 0.9211152 0.8122884 0.9316723 0.6153047 0.9053425 0.6213802 0.9180328 0.6115706 0.9182056 0.4654328 0.9454515 0.458428 0.9454736 0.458544 0.9360163 0.4654328 0.9454515 0.458544 0.9360163 0.4655407 0.9366574 0.4725107 0.9453684 0.4654328 0.9454515 0.4655407 0.9366574 0.458544 0.9547373 0.458428 0.9454736 0.4654328 0.9454515 0.4655407 0.9540656 0.4654328 0.9454515 0.4725107 0.9453684 0.458544 0.9547373 0.4654328 0.9454515 0.4655407 0.9540656 0.6361672 0.9309226 0.6363338 0.9203664 0.643332 0.9210968 0.6153047 0.9053425 0.6033763 0.9128144 0.6033763 0.9018851 0.6153047 0.9053425 0.6115706 0.9182056 0.6033763 0.9128144 0.643332 0.9406145 0.6361672 0.9309226 0.6431771 0.9309127 0.6361672 0.9309226 0.643332 0.9210968 0.6431771 0.9309127 0.6092292 0.8926523 0.6153047 0.9053425 0.6033763 0.9018851 0.643332 0.9406145 0.6363338 0.9413558 0.6361672 0.9309226 0.6504001 0.9384157 0.643332 0.9406145 0.6431771 0.9309127 0.6103719 0.9529253 0.603455 0.9435167 0.6104452 0.944162 0.6174173 0.9528716 0.6104452 0.944162 0.6174743 0.9460544 0.6174173 0.9528716 0.6103719 0.9529253 0.6104452 0.944162 0.6104452 0.9615762 0.6103719 0.9529253 0.6174173 0.9528716 0.6104452 0.9615762 0.6174173 0.9528716 0.6174743 0.9596012 0.603455 0.9622442 0.6103719 0.9529253 0.6104452 0.9615762 0.8122884 0.9316723 0.8122636 0.9421045 0.8052856 0.9413563 0.8053088 0.9316556 0.8052856 0.9413563 0.7982975 0.9391505 0.8122884 0.9316723 0.8052856 0.9413563 0.8053088 0.9316556 0.8052856 0.9218387 0.8122884 0.9316723 0.8053088 0.9316556 0.7982975 0.9239675 0.8052856 0.9218387 0.8053088 0.9316556 0.8053088 0.9316556 0.7982975 0.9391505 0.7983154 0.9316042 0.7982975 0.9239675 0.8053088 0.9316556 0.7983154 0.9316042 0.4725107 0.9453684 0.4655407 0.9366574 0.4725946 0.9385273 0.6272331 0.8978706 0.6153047 0.9053425 0.6190388 0.8924795 0.603455 0.9622442 0.6033762 0.9529409 0.6103719 0.9529253 0.6272331 0.8978706 0.6272331 0.9087999 0.6153047 0.9053425 0.6103719 0.9529253 0.6033762 0.9529409 0.603455 0.9435167 0.6092292 0.8926523 0.6190388 0.8924795 0.6153047 0.9053425 0.6504001 0.9384157 0.6431771 0.9309127 0.6502797 0.9308687 0.6431771 0.9309127 0.6504001 0.9232328 0.6502797 0.9308687 0.4655407 0.9540656 0.4725107 0.9453684 0.4725946 0.9520694 0.6431771 0.9309127 0.643332 0.9210968 0.6504001 0.9232328 0.7648114 0.9052323 0.7767398 0.9086897 0.7708868 0.9179226 0.8571691 0.9294832 0.864147 0.9287597 0.8641718 0.9393168 0.7648114 0.9052323 0.7708868 0.9179226 0.7610773 0.9180953 0.2036342 0.9461681 0.1966294 0.9461901 0.1967455 0.9367328 0.2036342 0.9461681 0.1967455 0.9367328 0.203742 0.9373739 0.2107121 0.9460849 0.2036342 0.9461681 0.203742 0.9373739 0.1967455 0.9554538 0.1966294 0.9461901 0.2036342 0.9461681 0.2037421 0.9547822 0.2036342 0.9461681 0.2107121 0.9460849 0.1967455 0.9554538 0.2036342 0.9461681 0.2037421 0.9547822 0.7172394 0.9308123 0.7174059 0.9202561 0.7244041 0.9209865 0.7648114 0.9052323 0.752883 0.9127042 0.7528829 0.9017749 0.7648114 0.9052323 0.7610773 0.9180953 0.752883 0.9127042 0.7244041 0.9405042 0.7172394 0.9308123 0.7242492 0.9308025 0.7172394 0.9308123 0.7244041 0.9209865 0.7242492 0.9308025 0.7587358 0.892542 0.7648114 0.9052323 0.7528829 0.9017749 0.7244041 0.9405042 0.7174059 0.9412456 0.7172394 0.9308123 0.7314723 0.9383055 0.7244041 0.9405042 0.7242492 0.9308025 0.7404957 0.9528149 0.7335788 0.9434065 0.7405689 0.9440516 0.747541 0.9527612 0.7405689 0.9440516 0.7475981 0.9459441 0.747541 0.9527612 0.7404957 0.9528149 0.7405689 0.9440516 0.7405689 0.9614659 0.7404957 0.9528149 0.747541 0.9527612 0.7405689 0.9614659 0.747541 0.9527612 0.7475981 0.9594908 0.7335788 0.9621339 0.7404957 0.9528149 0.7405689 0.9614659 0.8641718 0.9393168 0.864147 0.949749 0.8571691 0.9490008 0.8571922 0.9393001 0.8571691 0.9490008 0.8501809 0.9467949 0.8641718 0.9393168 0.8571691 0.9490008 0.8571922 0.9393001 0.8571691 0.9294832 0.8641718 0.9393168 0.8571922 0.9393001 0.8501809 0.9316121 0.8571691 0.9294832 0.8571922 0.9393001 0.8571922 0.9393001 0.8501809 0.9467949 0.8501988 0.9392487 0.8501809 0.9316121 0.8571922 0.9393001 0.8501988 0.9392487 0.2107121 0.9460849 0.203742 0.9373739 0.210796 0.9392439 0.7767398 0.8977603 0.7648114 0.9052323 0.7685454 0.8923692 0.7335788 0.9621339 0.7335 0.9528306 0.7404957 0.9528149 0.7767398 0.8977603 0.7767398 0.9086897 0.7648114 0.9052323 0.7404957 0.9528149 0.7335 0.9528306 0.7335788 0.9434065 0.7587358 0.892542 0.7685454 0.8923692 0.7648114 0.9052323 0.7314723 0.9383055 0.7242492 0.9308025 0.7313517 0.9307585 0.7242492 0.9308025 0.7314723 0.9231225 0.7313517 0.9307585 0.2037421 0.9547822 0.2107121 0.9460849 0.210796 0.9527859 0.7242492 0.9308025 0.7244041 0.9209865 0.7314723 0.9231225 0.8621092 0.9137358 0.8740376 0.9171931 0.8681846 0.926426 0.8993419 0.9314002 0.9063197 0.9306766 0.9063446 0.9412338 0.8621092 0.9137358 0.8681846 0.926426 0.8583751 0.9265987 0.5201348 0.9460492 0.5131301 0.9460713 0.5132461 0.936614 0.5201348 0.9460492 0.5132461 0.936614 0.5202427 0.937255 0.5272127 0.9459661 0.5201348 0.9460492 0.5202427 0.937255 0.5132461 0.955335 0.5131301 0.9460713 0.5201348 0.9460492 0.5202427 0.9546633 0.5201348 0.9460492 0.5272127 0.9459661 0.5132461 0.955335 0.5201348 0.9460492 0.5202427 0.9546633 0.6033763 0.9309226 0.6035428 0.9203665 0.6105411 0.9210968 0.8621092 0.9137358 0.8501807 0.9212076 0.8501807 0.9102784 0.8621092 0.9137358 0.8583751 0.9265987 0.8501807 0.9212076 0.610541 0.9406145 0.6033763 0.9309226 0.6103862 0.9309128 0.6033763 0.9309226 0.6105411 0.9210968 0.6103862 0.9309128 0.8560336 0.9010455 0.8621092 0.9137358 0.8501807 0.9102784 0.610541 0.9406145 0.6035428 0.9413559 0.6033763 0.9309226 0.6176092 0.9384158 0.610541 0.9406145 0.6103862 0.9309128 0.7078396 0.9528149 0.7009227 0.9434065 0.7079129 0.9440516 0.714885 0.9527612 0.7079129 0.9440516 0.714942 0.9459441 0.714885 0.9527612 0.7078396 0.9528149 0.7079129 0.9440516 0.7079129 0.9614659 0.7078396 0.9528149 0.714885 0.9527612 0.7079129 0.9614659 0.714885 0.9527612 0.714942 0.9594908 0.7009227 0.9621338 0.7078396 0.9528149 0.7079129 0.9614659 0.9063446 0.9412338 0.9063197 0.9516659 0.8993419 0.9509178 0.899365 0.9412171 0.8993419 0.9509178 0.8923536 0.9487119 0.9063446 0.9412338 0.8993419 0.9509178 0.899365 0.9412171 0.8993419 0.9314002 0.9063446 0.9412338 0.899365 0.9412171 0.8923536 0.9335291 0.8993419 0.9314002 0.899365 0.9412171 0.899365 0.9412171 0.8923536 0.9487119 0.8923716 0.9411656 0.8923536 0.9335291 0.899365 0.9412171 0.8923716 0.9411656 0.5272127 0.9459661 0.5202427 0.937255 0.5272967 0.939125 0.8740376 0.9062638 0.8621092 0.9137358 0.8658432 0.9008727 0.7009227 0.9621338 0.7008439 0.9528306 0.7078396 0.9528149 0.8740376 0.9062638 0.8740376 0.9171931 0.8621092 0.9137358 0.7078396 0.9528149 0.7008439 0.9528306 0.7009227 0.9434065 0.8560336 0.9010455 0.8658432 0.9008727 0.8621092 0.9137358 0.6176092 0.9384158 0.6103862 0.9309128 0.6174886 0.9308688 0.6103862 0.9309128 0.6176092 0.9232329 0.6174886 0.9308688 0.5202427 0.9546633 0.5272127 0.9459661 0.5272967 0.9526671 0.6103862 0.9309128 0.6105411 0.9210968 0.6176092 0.9232329 0.1032341 0.9155341 0.1151626 0.9189915 0.1093096 0.9282243 0.5406215 0.9353516 0.5475993 0.934628 0.5476241 0.9451851 0.1032341 0.9155341 0.1093096 0.9282243 0.09950006 0.9283972 0.007004737 0.9463891 0 0.9464112 1.16062e-4 0.9369539 0.007004737 0.9463891 1.16062e-4 0.9369539 0.007112622 0.9375949 0.01408267 0.9463059 0.007004737 0.9463891 0.007112622 0.9375949 1.1606e-4 0.9556748 0 0.9464112 0.007004737 0.9463891 0.007112622 0.9550033 0.007004737 0.9463891 0.01408267 0.9463059 1.1606e-4 0.9556748 0.007004737 0.9463891 0.007112622 0.9550033 0.5616067 0.9198688 0.5617732 0.9093126 0.5687715 0.910043 0.1032341 0.9155341 0.09130573 0.9230061 0.09130573 0.9120767 0.1032341 0.9155341 0.09950006 0.9283972 0.09130573 0.9230061 0.5687714 0.9295606 0.5616067 0.9198688 0.5686166 0.9198589 0.5616067 0.9198688 0.5687715 0.910043 0.5686166 0.9198589 0.09715861 0.9028438 0.1032341 0.9155341 0.09130573 0.9120767 0.5687714 0.9295606 0.5617732 0.930302 0.5616067 0.9198688 0.5758395 0.9273619 0.5687714 0.9295606 0.5686166 0.9198589 0.1522205 0.9524983 0.1453036 0.9430899 0.1522938 0.943735 0.1592658 0.9524446 0.1522938 0.943735 0.1593229 0.9456275 0.1592658 0.9524446 0.1522205 0.9524983 0.1522938 0.943735 0.1522938 0.9611492 0.1522205 0.9524983 0.1592658 0.9524446 0.1522938 0.9611492 0.1592658 0.9524446 0.1593229 0.9591743 0.1453036 0.9618173 0.1522205 0.9524983 0.1522938 0.9611492 0.5476241 0.9451851 0.5475993 0.9556173 0.5406215 0.9548691 0.5406445 0.9451684 0.5406215 0.9548691 0.5336332 0.9526633 0.5476241 0.9451851 0.5406215 0.9548691 0.5406445 0.9451684 0.5406215 0.9353516 0.5476241 0.9451851 0.5406445 0.9451684 0.5336332 0.9374804 0.5406215 0.9353516 0.5406445 0.9451684 0.5406445 0.9451684 0.5336332 0.9526633 0.5336512 0.945117 0.5336332 0.9374804 0.5406445 0.9451684 0.5336512 0.945117 0.01408267 0.9463059 0.007112622 0.9375949 0.01416659 0.9394649 0.1151626 0.9080622 0.1032341 0.9155341 0.1069682 0.9026711 0.1453036 0.9618173 0.1452248 0.952514 0.1522205 0.9524983 0.1151626 0.9080622 0.1151626 0.9189915 0.1032341 0.9155341 0.1522205 0.9524983 0.1452248 0.952514 0.1453036 0.9430899 0.09715861 0.9028438 0.1069682 0.9026711 0.1032341 0.9155341 0.5758395 0.9273619 0.5686166 0.9198589 0.575719 0.9198149 0.5686166 0.9198589 0.5758395 0.912179 0.575719 0.9198149 0.007112622 0.9550033 0.01408267 0.9463059 0.01416659 0.953007 0.5686166 0.9198589 0.5687715 0.910043 0.5758395 0.912179 0.7387919 0.9052323 0.7507202 0.9086896 0.7448673 0.9179225 0.09829396 0.9312816 0.1052718 0.930558 0.1052966 0.9411152 0.7387919 0.9052323 0.7448673 0.9179225 0.7350578 0.9180952 0.4817621 0.9454514 0.4747573 0.9454736 0.4748733 0.9360162 0.4817621 0.9454514 0.4748733 0.9360162 0.4818699 0.9366573 0.4888399 0.9453684 0.4817621 0.9454514 0.4818699 0.9366573 0.4748733 0.9547372 0.4747573 0.9454736 0.4817621 0.9454514 0.4818699 0.9540656 0.4817621 0.9454514 0.4888399 0.9453684 0.4748733 0.9547372 0.4817621 0.9454514 0.4818699 0.9540656 0.7336348 0.9308124 0.7338014 0.9202562 0.7407996 0.9209865 0.7387919 0.9052323 0.7268634 0.9127041 0.7268634 0.9017748 0.7387919 0.9052323 0.7350578 0.9180952 0.7268634 0.9127041 0.7407996 0.9405042 0.7336348 0.9308124 0.7406448 0.9308025 0.7336348 0.9308124 0.7407996 0.9209865 0.7406448 0.9308025 0.7327163 0.892542 0.7387919 0.9052323 0.7268634 0.9017748 0.7407996 0.9405042 0.7338014 0.9412456 0.7336348 0.9308124 0.7478677 0.9383055 0.7407996 0.9405042 0.7406448 0.9308025 0.9514414 0.5667006 0.9445245 0.5572922 0.9515146 0.5579373 0.9584867 0.5666469 0.9515146 0.5579373 0.9585437 0.5598298 0.9584867 0.5666469 0.9514414 0.5667006 0.9515146 0.5579373 0.9515146 0.5753515 0.9514414 0.5667006 0.9584867 0.5666469 0.9515146 0.5753515 0.9584867 0.5666469 0.9585437 0.5733765 0.9445245 0.5760195 0.9514414 0.5667006 0.9515146 0.5753515 0.1052966 0.9411152 0.1052718 0.9515473 0.09829396 0.9507991 0.09831702 0.9410985 0.09829396 0.9507991 0.09130567 0.9485933 0.1052966 0.9411152 0.09829396 0.9507991 0.09831702 0.9410985 0.09829396 0.9312816 0.1052966 0.9411152 0.09831702 0.9410985 0.09130567 0.9334104 0.09829396 0.9312816 0.09831702 0.9410985 0.09831702 0.9410985 0.09130567 0.9485933 0.09132367 0.941047 0.09130567 0.9334104 0.09831702 0.9410985 0.09132367 0.941047 0.4888399 0.9453684 0.4818699 0.9366573 0.4889239 0.9385272 0.7507202 0.8977603 0.7387919 0.9052323 0.7425259 0.8923692 0.9445245 0.5760195 0.9444457 0.5667163 0.9514414 0.5667006 0.7507202 0.8977603 0.7507202 0.9086896 0.7387919 0.9052323 0.9514414 0.5667006 0.9444457 0.5667163 0.9445245 0.5572922 0.7327163 0.892542 0.7425259 0.8923692 0.7387919 0.9052323 0.7478677 0.9383055 0.7406448 0.9308025 0.7477473 0.9307585 0.7406448 0.9308025 0.7478677 0.9231226 0.7477473 0.9307585 0.4818699 0.9540656 0.4888399 0.9453684 0.4889239 0.9520694 0.7406448 0.9308025 0.7407996 0.9209865 0.7478677 0.9231226 0 0.6024414 5.40492e-4 0.5362906 0.2446308 0.5373079 0.2453675 0.6963627 0.001182317 0.6857589 7.79203e-4 0.6674289 0.6012626 0.2472997 0.600466 0.2732197 0.3566104 0.2779508 0.6013631 0.1562011 0.601169 0.1870128 0.3572387 0.1866721 0.6006839 0.08802247 0.6013631 0.1562011 0.3575 0.1531556 0.60001 0.3538882 0.356031 0.3614152 0.3566104 0.2779508 0.6000784 0.01026743 0.6010553 0.04442822 0.357187 0.03619819 0.2446308 0.5373079 5.40492e-4 0.5362906 3.17843e-4 0.4703561 0.3575392 0.6983327 0.3564045 0.6541126 0.6000118 0.659222 0.001405239 0.6968409 0.001182317 0.6857589 0.2453675 0.6963627 0.3572387 0.1866721 0.601169 0.1870128 0.6012626 0.2472997 0.6034684 0.5372886 0.847926 0.5348041 0.8480181 0.6220781 0.3560308 0.6162816 0.356666 0.5173246 0.6003137 0.5196052 3.17843e-4 0.4703561 0.001110374 0.4172109 0.2452493 0.4103944 0.6010553 0.04442822 0.6006839 0.08802247 0.3568478 0.08233696 0.3564045 0.6541126 0.3560308 0.6162816 0.5996427 0.6199699 2.96897e-4 0.6500712 0 0.6024414 0.2441182 0.6059916 0.6012137 0.4222189 0.3576189 0.4261375 0.3573319 0.3719912 0.8480181 0.6220781 0.8479147 0.6557979 0.6034591 0.6620214 0.8478726 0.3725938 0.847926 0.5348041 0.6034684 0.5372886 0.356666 0.5173246 0.356548 0.4459195 0.6001742 0.4465258 0.2728037 0.3557963 0.2463467 0.376452 0.1860374 0.3747096 0.1860374 0.3747096 0.1550619 0.3800073 0.08721923 0.3633763 0.08721923 0.3633763 0.04333221 0.3733432 0.01835745 0.2948751 0.04333221 0.3733432 0.009740889 0.3487325 0.01835745 0.2948751 0.01835745 0.2948751 0 0.274383 0.006599187 0.203178 0.2728037 0.3557963 0.1860374 0.3747096 0.34882 0.1801562 0.1860374 0.3747096 0.08721923 0.3633763 0.006599187 0.203178 0.34882 0.1801562 0.1860374 0.3747096 0.006599187 0.203178 0.34882 0.1801562 0.3538683 0.3432646 0.2728037 0.3557963 0.3387758 0.05799776 0.3538683 0.09301054 0.3280088 0.04913139 0.3538683 0.09301054 0.34882 0.1801562 0.3280088 0.04913139 0.08721923 0.3633763 0.01835745 0.2948751 0.006599187 0.203178 0.006599187 0.203178 0.001136958 0.1039443 0.1796495 0.01354861 0.001136958 0.1039443 0.01032423 0.06643515 0.06001847 0.02359992 0.1796495 0.01354861 0.001136958 0.1039443 0.06001847 0.02359992 0.01032423 0.06643515 0.03382956 0.02307552 0.06001847 0.02359992 0.06001847 0.02359992 0.1141239 0 0.1796495 0.01354861 0.1796495 0.01354861 0.2464038 1.3054e-5 0.3102454 0.03324645 0.2464038 1.3054e-5 0.2935577 0.01463246 0.3102454 0.03324645 0.3102454 0.03324645 0.3280088 0.04913139 0.34882 0.1801562 0.3102454 0.03324645 0.34882 0.1801562 0.1796495 0.01354861 0.4693984 0.905847 0.4584281 0.9073216 0.483668 0.8799155 0.8537491 0.03568661 0.8529442 1.93592e-5 0.8640012 0 0.8090751 0.7827827 0.8082317 0.7471629 0.819305 0.747152 0.8639662 0.1783435 0.8637804 0.1426752 0.8748374 0.1426558 0.6271865 0.8188167 0.6033931 0.819104 0.6033918 0.7834096 0.7961305 0.7832123 0.7961302 0.818903 0.7723173 0.8187534 0.7723123 0.7117654 0.7961261 0.711907 0.7961348 0.747465 0.6272027 0.7119156 0.6272037 0.7476073 0.6033764 0.7475861 0.8093706 0.8540238 0.7982975 0.8540347 0.8191582 0.8183935 0.8648062 0.1070047 0.8537492 0.107024 0.8739973 0.07131987 0.8192327 0.7115314 0.8190094 0.675911 0.8300825 0.6759 0.6272017 0.8546376 0.6271861 0.8901777 0.6033766 0.8903187 0.7723134 0.854498 0.7961348 0.8545213 0.7961347 0.8902083 0.7723173 0.8187534 0.7961302 0.818903 0.7961348 0.8545213 0.6271865 0.8188167 0.6272017 0.8546376 0.6033763 0.8546329 0.819305 0.747152 0.8082317 0.7471629 0.8192327 0.7115314 0.8640012 0.2140121 0.8529442 0.2140315 0.8639662 0.1783435 0.8637804 0.1426752 0.8537492 0.107024 0.8648062 0.1070047 0.7723122 0.7474535 0.7961348 0.747465 0.7961305 0.7832123 0.6272037 0.7476073 0.6271865 0.7831336 0.6033918 0.7834096 0.8191582 0.8183935 0.8090751 0.7827827 0.8201483 0.7827718 0.8192326 0.8896346 0.7982975 0.8540347 0.8093706 0.8540238 0.6272027 0.7119156 0.6034083 0.7121949 0.6033763 0.6762198 0.7961348 0.6760933 0.7961261 0.711907 0.7723123 0.7117654 0.8739973 0.07131987 0.8537491 0.03568661 0.8648062 0.03566724 0.7484916 0.6760352 0.7484923 0.7117145 0.7246696 0.7117018 0.6748462 0.7118587 0.6510196 0.7118434 0.6510205 0.6761682 0.6748612 0.7833608 0.6510342 0.7833421 0.6510194 0.7475239 0.7484928 0.7473962 0.7484892 0.7831381 0.724667 0.7831239 0.6748428 0.8545595 0.6510498 0.8548495 0.6510027 0.8187366 0.7484982 0.8186946 0.7484859 0.8545656 0.7246732 0.8544133 0.7246732 0.8544133 0.7484859 0.8545656 0.7484994 0.8900555 0.6748428 0.8545595 0.6748266 0.8900943 0.6510016 0.8900923 0.6748462 0.7118587 0.67483 0.7473935 0.6510194 0.7475239 0.7246696 0.7117018 0.7484923 0.7117145 0.7484928 0.7473962 0.7484892 0.7831381 0.7484982 0.8186946 0.7246765 0.818674 0.6748284 0.818744 0.6510027 0.8187366 0.6510342 0.7833421 0.7484916 0.6760352 0.7723161 0.6760208 0.7723123 0.7117654 0.6510205 0.6761682 0.6510196 0.7118434 0.6272027 0.7119156 0.6510342 0.7833421 0.6271865 0.7831336 0.6272037 0.7476073 0.7723122 0.7474535 0.7723171 0.7830691 0.7484892 0.7831381 0.6510027 0.8187366 0.6510498 0.8548495 0.6272017 0.8546376 0.7484982 0.8186946 0.7723173 0.8187534 0.7723134 0.854498 0.7723134 0.854498 0.7723179 0.8901198 0.7484994 0.8900555 0.6510016 0.8900923 0.6271861 0.8901777 0.6272017 0.8546376 0.6510194 0.7475239 0.6272037 0.7476073 0.6272027 0.7119156 0.7723123 0.7117654 0.7723122 0.7474535 0.7484928 0.7473962 0.7723171 0.7830691 0.7723173 0.8187534 0.7484982 0.8186946 0.6510027 0.8187366 0.6271865 0.8188167 0.6271865 0.7831336 0.6986601 0.8188068 0.6748284 0.818744 0.6748612 0.7833608 0.724667 0.7831239 0.7246765 0.818674 0.7008532 0.8186777 0.7246696 0.7117018 0.7246747 0.7473183 0.700855 0.7472648 0.6986468 0.7473188 0.67483 0.7473935 0.6748462 0.7118587 0.6986587 0.8544768 0.6986744 0.8903036 0.6748266 0.8900943 0.7008545 0.8543518 0.7246732 0.8544133 0.7246783 0.8900297 0.7008532 0.8186777 0.7246765 0.818674 0.7246732 0.8544133 0.6986601 0.8188068 0.6986587 0.8544768 0.6748428 0.8545595 0.7246747 0.7473183 0.724667 0.7831239 0.7008478 0.783064 0.6986767 0.7832747 0.6748612 0.7833608 0.67483 0.7473935 0.6986814 0.6762683 0.698679 0.7119296 0.6748462 0.7118587 0.7186905 0.3561791 0.6913605 0.3561791 0.7122444 0.3208404 0.5188328 0.8573951 0.5298979 0.8573951 0.5272554 0.881196 0.5206367 0.9049968 0.5095716 0.9049968 0.5161903 0.8811959 0.4747741 0.8570975 0.4946383 0.8784408 0.483668 0.8799155 0.4681555 0.8339738 0.4791258 0.8324991 0.4747741 0.8570975 0.4681555 0.8339738 0.4584281 0.8112678 0.4693984 0.8097932 0.5262921 0.8335943 0.5298979 0.8573951 0.5188328 0.8573951 0.507866 0.8097934 0.5262921 0.8335943 0.515227 0.8335943 0.1781377 0.6992495 0.1781377 0.7963943 0.09140044 0.7962657 0.4426695 0.7104527 0.4426695 0.8076325 0.3561562 0.8074507 0.7781924 0.2215347 0.7781924 0.3186795 0.6914551 0.318551 0.5314707 0.7104527 0.5314707 0.8076324 0.4449573 0.8074507 0.7681714 0.03075188 0.7282505 0.03080528 0.7282631 0 0.6861836 0.03084766 0.6861767 9.80229e-5 0.7260843 0 0.8954972 0.7082709 0.8844919 0.7094186 0.9100573 0.6783577 0.8509822 0.6077492 0.8501806 0.5851938 0.8612539 0.585179 0.8982733 0.09480148 0.9044812 0.1233665 0.8934249 0.1228337 0.8612255 0.3956117 0.8501807 0.3961308 0.8798046 0.364095 0.8667765 0.5193822 0.8641116 0.4793935 0.8751564 0.4788745 0.8612221 0.7292011 0.8610259 0.6892089 0.8720991 0.6891941 0.686146 0.1145297 0.7260879 0.1147384 0.7260758 0.1548001 0.7282561 0.1546537 0.7282547 0.1145823 0.7681773 0.11452 0.7681749 0.1962276 0.7282505 0.196299 0.7282595 0.1728344 0.6861396 0.1963094 0.6861467 0.1729889 0.7260569 0.1729002 0.8689466 0.5608983 0.8579018 0.5614174 0.8776544 0.5371304 0.862043 0.6492151 0.8509699 0.6492298 0.8712561 0.6310051 0.8509798 0.7728748 0.8501806 0.7532255 0.8612539 0.7532106 0.8732604 0.4388497 0.8719497 0.414824 0.8829945 0.414305 0.6861727 0.0746001 0.6861636 0.05040025 0.7260879 0.05045121 0.7681716 0.07450813 0.7282582 0.07443851 0.7282584 0.0503751 0.7681773 0.11452 0.7282547 0.1145823 0.7282582 0.07443851 0.686146 0.1145297 0.6861727 0.0746001 0.7260821 0.07451111 0.8751564 0.4788745 0.8641116 0.4793935 0.8732604 0.4388497 0.8612539 0.7532106 0.8501806 0.7532255 0.8612221 0.7292011 0.8610259 0.6892089 0.8509699 0.6492298 0.862043 0.6492151 0.7681744 0.1728988 0.7282595 0.1728344 0.7282561 0.1546537 0.6861467 0.1729889 0.6861343 0.1545971 0.7260758 0.1548001 0.8776544 0.5371304 0.8667765 0.5193822 0.8778213 0.5188632 0.8798046 0.5830183 0.8579018 0.5614174 0.8689466 0.5608983 0.6861396 0.1963094 0.7260833 0.196527 0.7260465 0.2188419 0.7282587 0.21878 0.7282505 0.196299 0.7681749 0.1962276 0.8712561 0.6310051 0.8509822 0.6077492 0.8620554 0.6077345 0.8610278 0.8034095 0.8509798 0.7728748 0.862053 0.7728601 0.8719497 0.414824 0.8501807 0.3961308 0.8612255 0.3956117 0.742417 0.3608253 0.7208531 0.3230054 0.742417 0.3208404 0.7445796 0.3208405 0.7649388 0.3208405 0.7467342 0.3603937 0.7957082 0.05042046 0.7956994 0.03085285 0.8225091 0.03080439 0.06148684 0.8497405 0.06488984 0.8811829 0.04601299 0.8718646 0.7957113 0.2188521 0.7957106 0.196248 0.8225154 0.1963067 0.6318002 0.1963837 0.6586009 0.1963027 0.6585949 0.2189063 0.6318292 0.1549782 0.6586279 0.1548825 0.6586077 0.1729766 0.7957097 0.1729184 0.7957052 0.1547437 0.8225086 0.1548122 0.631838 0.07469862 0.6586684 0.07490026 0.6586092 0.1145321 0.7957113 0.1145493 0.7956963 0.07466953 0.8225074 0.07461118 0.5630498 0.8599156 0.5336332 0.8473642 0.5585991 0.8304819 0.631838 0.07469862 0.63183 0.05050474 0.6586279 0.05040866 0.6318002 0.1963837 0.631792 0.1729177 0.6586077 0.1729766 0.8225154 0.1963067 0.7957106 0.196248 0.7957097 0.1729184 0.7957052 0.1547437 0.7957113 0.1145493 0.8225144 0.1146171 0.6318101 0.1146221 0.6586092 0.1145321 0.6586279 0.1548825 0.8999406 0.04053562 0.9068031 0.06840372 0.8957468 0.06787085 0.6318358 0.03081512 0.6318455 2.14564e-4 0.6586587 2.64152e-4 0.8225091 0.03080439 0.7956994 0.03085285 0.7957018 1.86394e-4 0.8982732 5.32858e-4 0.8999406 0.04053562 0.8888843 0.04000276 0.7957082 0.05042046 0.7681754 0.05038511 0.7681714 0.03075188 0.04601299 0.8718646 0.06488984 0.8811829 0.04601299 0.9025964 0.7957113 0.2188521 0.7681792 0.218772 0.7681749 0.1962276 0.6585949 0.2189063 0.6586009 0.1963027 0.6861396 0.1963094 0.6586279 0.1548825 0.6861343 0.1545971 0.6861467 0.1729889 0.7681744 0.1728988 0.7681791 0.1545922 0.7957052 0.1547437 0.6586092 0.1145321 0.6586684 0.07490026 0.6861727 0.0746001 0.7957113 0.1145493 0.7681773 0.11452 0.7681716 0.07450813 0.7681716 0.07450813 0.7681754 0.05038511 0.7957082 0.05042046 0.6586279 0.05040866 0.6861636 0.05040025 0.6861727 0.0746001 0.6586077 0.1729766 0.6861467 0.1729889 0.6861396 0.1963094 0.7681749 0.1962276 0.7681744 0.1728988 0.7957097 0.1729184 0.7681791 0.1545922 0.7681773 0.11452 0.7957113 0.1145493 0.6586092 0.1145321 0.686146 0.1145297 0.6861343 0.1545971 0.6586587 2.64152e-4 0.6861767 9.80229e-5 0.6861836 0.03084766 0.7681714 0.03075188 0.7681747 7.86055e-5 0.7957018 1.86394e-4 0.8225091 0.03080439 0.822507 1.99705e-4 0.8507627 3.03596e-4 0.6035982 3.71776e-4 0.6318455 2.14564e-4 0.6318358 0.03081512 0.6035604 0.1147673 0.6318101 0.1146221 0.6318292 0.1549782 0.8225086 0.1548122 0.8225144 0.1146171 0.8507725 0.114709 0.8225154 0.1963067 0.8225181 0.1729176 0.8507816 0.1729409 0.6035256 0.1729139 0.631792 0.1729177 0.6318002 0.1963837 0.6035733 0.07470381 0.6035981 0.05080759 0.63183 0.05050474 0.8507692 0.07464355 0.8225074 0.07461118 0.8225101 0.05049419 0.8507725 0.114709 0.8225144 0.1146171 0.8225074 0.07461118 0.6035604 0.1147673 0.6035733 0.07470381 0.631838 0.07469862 0.04385042 0.8780947 0.02362561 0.880783 0.02362561 0.8523582 0.02146303 0.8522551 0.02146303 0.8806815 0 0.8780968 0.6035425 0.2191261 0.6035487 0.1965199 0.6318002 0.1963837 0.8507769 0.2189914 0.822525 0.2187826 0.8225154 0.1963067 0.6036034 0.03111243 0.6318358 0.03081512 0.63183 0.05050474 0.8225101 0.05049419 0.8225091 0.03080439 0.8507612 0.03096789 0.8957468 0.06787085 0.9068031 0.06840372 0.8982733 0.09480148 0.9015312 0.6523157 0.9210627 0.67721 0.9100573 0.6783577 0.8952119 0.6253117 0.9062173 0.624164 0.9015312 0.6523157 0.8952119 0.6253117 0.8844919 0.5863269 0.8954972 0.5851791 0.4133452 0.8995014 0.4133452 0.8097932 0.4429543 0.8122662 0.08914202 0.7457314 0.08914273 0.7726079 3.16857e-6 0.7740573 1.5788e-6 0.8100907 0.08914202 0.7982939 0.08914315 0.8254359 0.5652123 0.9071496 0.5652123 0.8142564 0.5758395 0.8142585 0.2475301 0.5342264 0.3374612 0.5255321 0.3374612 0.5996608 0.2475306 0.7555841 0.3363963 0.7550383 0.3363958 0.8421147 0.08914315 0.7191598 0.08914202 0.7457314 1.5997e-6 0.7363772 0.3363958 0.6459575 0.3363963 0.7550383 0.2475306 0.7555841 0.8649525 0.8079552 0.8967267 0.8055704 0.8967267 0.8952177 0.3374611 0.4038025 0.3374612 0.4567573 0.2475301 0.4508793 3.16857e-6 0.7740573 0.08914273 0.7726079 0.08914202 0.7982939 0.2475301 0.4508793 0.3374612 0.4567573 0.3374612 0.5255321 0.3537693 0.9365072 0.3431619 0.9365674 0.3431619 0.8439882 0.4111827 0.8101593 0.4111827 0.8875784 0.3560858 0.8872354</float_array>
          <technique_common>
            <accessor source="#Cubo_006-mesh-map-1-array" count="7089" stride="2">
              <param name="S" type="float"/>
              <param name="T" type="float"/>
            </accessor>
          </technique_common>
        </source>
        <vertices id="Cubo_006-mesh-vertices">
          <input semantic="POSITION" source="#Cubo_006-mesh-positions"/>
        </vertices>
        <triangles material="textura_gaetuli-material" count="2363">
          <input semantic="VERTEX" source="#Cubo_006-mesh-vertices" offset="0"/>
          <input semantic="NORMAL" source="#Cubo_006-mesh-normals" offset="1"/>
          <input semantic="TEXCOORD" source="#Cubo_006-mesh-map-0" offset="2" set="0"/>
          <input semantic="TEXCOORD" source="#Cubo_006-mesh-map-1" offset="2" set="1"/>
          <p>19 0 0 6 1 1 21 2 2 29 3 3 5 4 4 4 5 5 0 6 6 17 7 7 12 8 8 17 7 9 14 9 10 12 8 11 22 10 12 15 11 13 20 12 14 24 13 15 8 14 16 26 15 17 11 16 18 26 15 19 10 17 20 16 18 21 15 11 22 13 19 23 3 20 24 28 21 25 2 22 26 6 1 27 25 23 28 23 24 29 5 25 30 36 26 31 4 27 32 35 28 33 0 6 34 37 29 35 8 14 36 22 30 37 20 31 38 31 32 39 43 33 40 45 34 41 46 35 42 42 36 43 44 37 44 25 38 45 29 3 46 23 39 47 30 40 48 10 17 49 28 41 50 34 42 51 40 43 52 33 44 53 38 45 54 44 37 55 36 26 56 14 46 57 21 2 58 12 47 59 40 48 60 3 49 61 2 50 62 43 33 63 37 29 64 45 34 65 29 3 66 27 51 67 5 4 68 16 52 69 31 32 70 18 53 71 41 54 72 33 55 73 42 36 74 34 42 75 39 56 76 40 43 77 7 57 78 32 58 79 41 59 80 47 60 81 104 61 82 103 62 83 74 63 84 47 64 85 71 65 86 70 66 87 52 67 88 67 68 89 66 69 90 51 70 91 63 71 92 91 72 93 70 73 94 100 74 95 67 75 96 92 76 97 99 77 98 102 78 99 57 79 100 93 80 101 101 81 102 56 81 103 72 81 104 73 82 105 56 83 106 57 84 107 69 85 108 58 86 109 55 87 110 64 88 111 59 89 112 65 90 113 98 91 114 62 92 115 64 93 116 97 94 117 59 95 118 96 96 119 92 76 120 65 97 121 97 94 122 91 72 123 64 98 124 54 99 125 52 67 126 64 88 127 65 90 128 61 100 129 66 69 130 63 71 131 53 101 132 69 85 133 51 70 134 93 102 135 67 75 136 99 77 137 94 103 138 70 104 139 56 105 140 56 83 141 67 68 142 57 84 143 50 106 144 73 82 145 48 107 146 101 108 147 50 109 148 90 110 149 48 111 150 102 112 151 89 113 152 58 86 153 71 65 154 55 87 155 75 114 156 116 114 157 103 114 158 115 115 159 76 115 160 104 115 161 114 116 162 80 117 163 108 118 164 79 119 165 113 120 166 107 121 167 112 122 168 77 123 169 105 124 170 78 125 171 111 126 172 106 127 173 111 126 174 82 128 175 110 129 176 112 130 177 81 130 178 84 130 179 115 131 180 80 117 181 87 132 182 116 133 183 79 119 184 107 134 185 85 135 186 106 136 187 113 137 188 105 138 189 86 139 190 114 140 191 75 141 192 102 78 193 88 142 194 76 143 195 101 144 196 90 145 197 86 146 198 94 103 199 80 117 200 93 80 201 85 147 202 79 119 203 77 148 204 98 91 205 91 72 206 78 149 207 97 149 208 83 149 209 97 150 210 82 150 211 83 150 212 81 151 213 98 151 214 84 151 215 80 117 216 101 144 217 87 132 218 102 78 219 79 119 220 88 142 221 99 152 222 78 153 223 85 135 224 77 154 225 100 155 226 86 139 227 53 156 228 114 140 229 68 157 230 113 137 231 51 158 232 69 159 233 116 133 234 55 160 235 71 161 236 58 162 237 115 131 238 74 163 239 66 164 240 109 165 241 112 122 242 63 166 243 110 166 244 61 166 245 51 167 246 111 126 247 63 168 248 53 169 249 112 122 250 105 124 251 107 121 252 69 170 253 55 171 254 68 172 255 108 118 256 58 173 257 49 174 258 115 174 259 104 174 260 47 175 261 116 133 262 71 161 263 81 176 264 96 177 265 95 178 266 59 179 267 95 178 268 96 177 269 75 180 270 104 61 271 76 181 272 90 182 273 75 180 274 76 181 275 90 182 276 48 183 277 89 184 278 110 185 279 81 176 280 109 186 281 61 187 282 109 186 283 60 188 284 117 189 285 121 190 286 118 191 287 120 192 288 119 193 289 117 194 290 117 189 291 119 195 292 121 190 293 122 196 294 121 197 295 123 198 296 118 199 297 121 200 298 122 201 299 123 198 300 121 197 301 119 202 302 122 196 303 123 198 304 124 203 305 128 204 306 124 203 307 123 198 308 123 198 309 119 202 310 125 205 311 123 198 312 125 205 313 127 206 314 123 198 315 127 206 316 126 207 317 128 204 318 123 198 319 126 207 320 128 208 321 130 209 322 129 210 323 124 211 324 128 212 325 129 213 326 128 208 327 126 214 328 130 209 329 126 215 330 131 216 331 130 217 332 126 215 333 127 218 334 131 216 335 127 219 336 120 220 337 131 221 338 124 211 339 129 213 340 132 222 341 133 223 342 124 224 343 132 225 344 133 223 345 122 226 346 124 224 347 118 199 348 122 201 349 133 227 350 127 219 351 125 228 352 120 220 353 120 192 354 125 229 355 119 193 356 134 230 357 138 231 358 135 232 359 137 233 360 136 234 361 134 235 362 134 230 363 136 236 364 138 231 365 139 237 366 138 238 367 140 239 368 135 240 369 138 241 370 139 242 371 140 239 372 138 238 373 136 243 374 139 237 375 140 239 376 141 244 377 145 245 378 141 244 379 140 239 380 140 239 381 136 243 382 142 246 383 140 239 384 142 246 385 144 247 386 140 239 387 144 247 388 143 248 389 145 245 390 140 239 391 143 248 392 145 249 393 147 250 394 146 251 395 141 252 396 145 253 397 146 254 398 145 249 399 143 255 400 147 250 401 143 256 402 148 257 403 147 258 404 143 256 405 144 259 406 148 257 407 144 260 408 137 261 409 148 262 410 141 252 411 146 254 412 149 263 413 150 264 414 141 265 415 149 266 416 150 264 417 139 267 418 141 265 419 135 240 420 139 242 421 150 268 422 144 260 423 142 269 424 137 261 425 137 233 426 142 270 427 136 234 428 151 271 429 155 272 430 152 273 431 154 274 432 153 275 433 151 276 434 151 271 435 153 277 436 155 272 437 156 278 438 155 279 439 157 280 440 152 281 441 155 282 442 156 283 443 157 280 444 155 279 445 153 284 446 156 278 447 157 280 448 158 285 449 162 286 450 158 285 451 157 280 452 157 280 453 153 284 454 159 287 455 157 280 456 159 287 457 161 288 458 157 280 459 161 288 460 160 289 461 162 286 462 157 280 463 160 289 464 162 290 465 164 291 466 163 292 467 158 293 468 162 294 469 163 295 470 162 290 471 160 296 472 164 291 473 160 297 474 165 298 475 164 299 476 160 297 477 161 300 478 165 298 479 161 301 480 154 302 481 165 303 482 158 293 483 163 295 484 166 304 485 167 305 486 158 306 487 166 307 488 167 305 489 156 308 490 158 306 491 152 281 492 156 283 493 167 309 494 161 301 495 159 310 496 154 302 497 154 274 498 159 311 499 153 275 500 168 312 501 172 313 502 169 314 503 171 315 504 170 316 505 168 317 506 168 312 507 170 318 508 172 313 509 173 319 510 172 320 511 174 321 512 169 322 513 172 323 514 173 324 515 174 321 516 172 320 517 170 325 518 173 319 519 174 321 520 175 326 521 179 327 522 175 326 523 174 321 524 174 321 525 170 325 526 176 328 527 174 321 528 176 328 529 178 329 530 174 321 531 178 329 532 177 330 533 179 327 534 174 321 535 177 330 536 179 331 537 181 332 538 180 333 539 175 334 540 179 335 541 180 336 542 179 331 543 177 337 544 181 332 545 177 338 546 182 339 547 181 340 548 177 338 549 178 341 550 182 339 551 178 342 552 171 343 553 182 344 554 175 334 555 180 336 556 183 345 557 184 346 558 175 347 559 183 348 560 184 346 561 173 349 562 175 347 563 169 322 564 173 324 565 184 350 566 178 342 567 176 351 568 171 343 569 171 315 570 176 352 571 170 316 572 185 353 573 189 354 574 186 355 575 188 356 576 187 357 577 185 358 578 185 353 579 187 359 580 189 354 581 190 360 582 189 361 583 191 362 584 186 363 585 189 364 586 190 365 587 191 362 588 189 361 589 187 366 590 190 360 591 191 362 592 192 367 593 196 368 594 192 367 595 191 362 596 191 362 597 187 366 598 193 369 599 191 362 600 193 369 601 195 370 602 191 362 603 195 370 604 194 371 605 196 368 606 191 362 607 194 371 608 196 372 609 198 373 610 197 374 611 192 375 612 196 376 613 197 377 614 196 372 615 194 378 616 198 373 617 194 379 618 199 380 619 198 381 620 194 379 621 195 382 622 199 380 623 195 383 624 188 384 625 199 385 626 192 375 627 197 377 628 200 386 629 201 387 630 192 388 631 200 389 632 201 387 633 190 390 634 192 388 635 186 363 636 190 365 637 201 391 638 195 383 639 193 392 640 188 384 641 188 356 642 193 393 643 187 357 644 202 394 645 206 395 646 203 396 647 205 397 648 204 398 649 202 399 650 202 394 651 204 400 652 206 395 653 207 401 654 206 402 655 208 403 656 203 404 657 206 405 658 207 406 659 208 403 660 206 402 661 204 407 662 207 401 663 208 403 664 209 408 665 213 409 666 209 408 667 208 403 668 208 403 669 204 407 670 210 410 671 208 403 672 210 410 673 212 411 674 208 403 675 212 411 676 211 412 677 213 409 678 208 403 679 211 412 680 213 413 681 215 414 682 214 415 683 209 416 684 213 417 685 214 418 686 213 413 687 211 419 688 215 414 689 211 420 690 216 421 691 215 422 692 211 420 693 212 423 694 216 421 695 212 424 696 205 425 697 216 426 698 209 416 699 214 418 700 217 427 701 218 428 702 209 429 703 217 430 704 218 428 705 207 431 706 209 429 707 203 404 708 207 406 709 218 432 710 212 424 711 210 433 712 205 425 713 205 397 714 210 434 715 204 398 716 220 435 717 221 436 718 219 437 719 223 438 720 227 439 721 224 440 722 226 441 723 225 442 724 223 443 725 223 438 726 225 444 727 227 439 728 228 445 729 227 446 730 229 447 731 224 448 732 227 449 733 228 450 734 229 447 735 227 446 736 225 451 737 228 445 738 229 447 739 230 452 740 234 453 741 230 452 742 229 447 743 229 447 744 225 451 745 231 454 746 229 447 747 231 454 748 233 455 749 229 447 750 233 455 751 232 456 752 234 453 753 229 447 754 232 456 755 234 457 756 236 458 757 235 459 758 230 460 759 234 461 760 235 462 761 234 457 762 232 463 763 236 458 764 232 464 765 237 465 766 236 466 767 232 464 768 233 467 769 237 465 770 233 468 771 226 469 772 237 470 773 230 460 774 235 462 775 238 471 776 239 472 777 230 473 778 238 474 779 239 472 780 228 475 781 230 473 782 224 448 783 228 450 784 239 476 785 233 468 786 231 477 787 226 469 788 226 441 789 231 478 790 225 442 791 240 479 792 244 480 793 241 481 794 243 482 795 242 483 796 240 484 797 240 479 798 242 485 799 244 480 800 245 486 801 244 487 802 246 488 803 241 489 804 244 490 805 245 491 806 246 488 807 244 487 808 242 492 809 245 486 810 246 488 811 247 493 812 251 494 813 247 493 814 246 488 815 246 488 816 242 492 817 248 495 818 246 488 819 248 495 820 250 496 821 246 488 822 250 496 823 249 497 824 251 494 825 246 488 826 249 497 827 251 498 828 253 499 829 252 500 830 247 501 831 251 502 832 252 503 833 251 498 834 249 504 835 253 499 836 249 505 837 254 506 838 253 507 839 249 505 840 250 508 841 254 506 842 250 509 843 243 510 844 254 511 845 247 501 846 252 503 847 255 512 848 256 513 849 247 514 850 255 515 851 256 513 852 245 516 853 247 514 854 241 489 855 245 491 856 256 517 857 250 509 858 248 518 859 243 510 860 243 482 861 248 519 862 242 483 863 258 520 864 259 521 865 257 522 866 261 523 867 265 524 868 262 525 869 264 526 870 263 527 871 261 528 872 261 523 873 263 529 874 265 524 875 266 530 876 265 531 877 267 532 878 262 533 879 265 534 880 266 535 881 267 532 882 265 531 883 263 536 884 266 530 885 267 532 886 268 537 887 272 538 888 268 537 889 267 532 890 267 532 891 263 536 892 269 539 893 267 532 894 269 539 895 271 540 896 267 532 897 271 540 898 270 541 899 272 538 900 267 532 901 270 541 902 272 542 903 274 543 904 273 544 905 268 545 906 272 546 907 273 547 908 272 542 909 270 548 910 274 543 911 270 549 912 275 550 913 274 551 914 270 549 915 271 552 916 275 550 917 271 553 918 264 554 919 275 555 920 268 545 921 273 547 922 276 556 923 277 557 924 268 558 925 276 559 926 277 557 927 266 560 928 268 558 929 262 533 930 266 535 931 277 561 932 271 553 933 269 562 934 264 554 935 264 526 936 269 563 937 263 527 938 278 564 939 282 565 940 279 566 941 281 567 942 280 568 943 278 569 944 278 564 945 280 570 946 282 565 947 283 571 948 282 572 949 284 573 950 279 574 951 282 575 952 283 576 953 284 573 954 282 572 955 280 577 956 283 571 957 284 573 958 285 578 959 289 579 960 285 578 961 284 573 962 284 573 963 280 577 964 286 580 965 284 573 966 286 580 967 288 581 968 284 573 969 288 581 970 287 582 971 289 579 972 284 573 973 287 582 974 289 583 975 291 584 976 290 585 977 285 586 978 289 587 979 290 588 980 289 583 981 287 589 982 291 584 983 287 590 984 292 591 985 291 592 986 287 590 987 288 593 988 292 591 989 288 594 990 281 595 991 292 596 992 285 586 993 290 588 994 293 597 995 294 598 996 285 599 997 293 600 998 294 598 999 283 601 1000 285 599 1001 279 574 1002 283 576 1003 294 602 1004 288 594 1005 286 603 1006 281 595 1007 281 567 1008 286 604 1009 280 568 1010 296 605 1011 297 606 1012 295 607 1013 299 608 1014 303 609 1015 300 610 1016 302 611 1017 301 612 1018 299 613 1019 299 608 1020 301 614 1021 303 609 1022 304 615 1023 303 616 1024 305 617 1025 300 618 1026 303 619 1027 304 620 1028 305 617 1029 303 616 1030 301 621 1031 304 615 1032 305 617 1033 306 622 1034 310 623 1035 306 622 1036 305 617 1037 305 617 1038 301 621 1039 307 624 1040 305 617 1041 307 624 1042 309 625 1043 305 617 1044 309 625 1045 308 626 1046 310 623 1047 305 617 1048 308 626 1049 310 627 1050 312 628 1051 311 629 1052 306 630 1053 310 631 1054 311 632 1055 310 627 1056 308 633 1057 312 628 1058 308 634 1059 313 635 1060 312 636 1061 308 634 1062 309 637 1063 313 635 1064 309 638 1065 302 639 1066 313 640 1067 306 630 1068 311 632 1069 314 641 1070 315 642 1071 306 643 1072 314 644 1073 315 642 1074 304 645 1075 306 643 1076 300 618 1077 304 620 1078 315 646 1079 309 638 1080 307 647 1081 302 639 1082 302 611 1083 307 648 1084 301 612 1085 316 649 1086 320 650 1087 317 651 1088 319 652 1089 318 653 1090 316 654 1091 316 649 1092 318 655 1093 320 650 1094 321 656 1095 320 657 1096 322 658 1097 317 659 1098 320 660 1099 321 661 1100 322 658 1101 320 657 1102 318 662 1103 321 656 1104 322 658 1105 323 663 1106 327 664 1107 323 663 1108 322 658 1109 322 658 1110 318 662 1111 324 665 1112 322 658 1113 324 665 1114 326 666 1115 322 658 1116 326 666 1117 325 667 1118 327 664 1119 322 658 1120 325 667 1121 327 668 1122 329 669 1123 328 670 1124 323 671 1125 327 672 1126 328 673 1127 327 668 1128 325 674 1129 329 669 1130 325 675 1131 330 676 1132 329 677 1133 325 675 1134 326 678 1135 330 676 1136 326 679 1137 319 680 1138 330 681 1139 323 671 1140 328 673 1141 331 682 1142 332 683 1143 323 684 1144 331 685 1145 332 683 1146 321 686 1147 323 684 1148 317 659 1149 321 661 1150 332 687 1151 326 679 1152 324 688 1153 319 680 1154 319 652 1155 324 689 1156 318 653 1157 334 690 1158 335 691 1159 333 692 1160 337 693 1161 341 694 1162 338 695 1163 340 696 1164 339 697 1165 337 698 1166 337 693 1167 339 699 1168 341 694 1169 342 700 1170 341 701 1171 343 702 1172 338 703 1173 341 704 1174 342 705 1175 343 702 1176 341 701 1177 339 706 1178 342 700 1179 343 702 1180 344 707 1181 348 708 1182 344 707 1183 343 702 1184 343 702 1185 339 706 1186 345 709 1187 343 702 1188 345 709 1189 347 710 1190 343 702 1191 347 710 1192 346 711 1193 348 708 1194 343 702 1195 346 711 1196 348 712 1197 350 713 1198 349 714 1199 344 715 1200 348 716 1201 349 717 1202 348 712 1203 346 718 1204 350 713 1205 346 719 1206 351 720 1207 350 721 1208 346 719 1209 347 722 1210 351 720 1211 347 723 1212 340 724 1213 351 725 1214 344 715 1215 349 717 1216 352 726 1217 353 727 1218 344 728 1219 352 729 1220 353 727 1221 342 730 1222 344 728 1223 338 703 1224 342 705 1225 353 731 1226 347 723 1227 345 732 1228 340 724 1229 340 696 1230 345 733 1231 339 697 1232 354 734 1233 358 735 1234 355 736 1235 357 737 1236 356 738 1237 354 739 1238 354 734 1239 356 740 1240 358 735 1241 359 741 1242 358 742 1243 360 743 1244 355 744 1245 358 745 1246 359 746 1247 360 743 1248 358 742 1249 356 747 1250 359 741 1251 360 743 1252 361 748 1253 365 749 1254 361 748 1255 360 743 1256 360 743 1257 356 747 1258 362 750 1259 360 743 1260 362 750 1261 364 751 1262 360 743 1263 364 751 1264 363 752 1265 365 749 1266 360 743 1267 363 752 1268 365 753 1269 367 754 1270 366 755 1271 361 756 1272 365 757 1273 366 758 1274 365 753 1275 363 759 1276 367 754 1277 363 760 1278 368 761 1279 367 762 1280 363 760 1281 364 763 1282 368 761 1283 364 764 1284 357 765 1285 368 766 1286 361 756 1287 366 758 1288 369 767 1289 370 768 1290 361 769 1291 369 770 1292 370 768 1293 359 771 1294 361 769 1295 355 744 1296 359 746 1297 370 772 1298 364 764 1299 362 773 1300 357 765 1301 357 737 1302 362 774 1303 356 738 1304 442 775 1305 373 776 1306 427 777 1307 441 778 1308 377 778 1309 406 778 1310 371 779 1311 445 780 1312 443 781 1313 402 782 1314 371 783 1315 399 784 1316 460 785 1317 374 786 1318 444 787 1319 403 788 1320 377 789 1321 373 790 1322 398 791 1323 380 792 1324 395 793 1325 394 794 1326 379 795 1327 391 796 1328 429 797 1329 398 798 1330 438 799 1331 395 800 1332 430 801 1333 437 802 1334 440 803 1335 385 804 1336 431 805 1337 439 806 1338 384 806 1339 400 806 1340 401 807 1341 384 808 1342 385 809 1343 397 810 1344 386 811 1345 383 812 1346 404 813 1347 389 814 1348 405 815 1349 392 816 1350 387 817 1351 393 818 1352 436 819 1353 390 820 1354 392 821 1355 435 822 1356 387 823 1357 434 824 1358 430 801 1359 393 825 1360 435 822 1361 429 797 1362 392 826 1363 382 827 1364 380 792 1365 392 816 1366 393 818 1367 389 814 1368 394 794 1369 391 796 1370 381 828 1371 397 810 1372 379 795 1373 431 829 1374 395 800 1375 437 802 1376 432 830 1377 398 831 1378 384 832 1379 384 808 1380 395 793 1381 385 809 1382 376 833 1383 401 807 1384 372 834 1385 439 835 1386 376 836 1387 428 837 1388 372 838 1389 440 839 1390 426 840 1391 386 811 1392 399 784 1393 383 812 1394 378 841 1395 405 815 1396 374 842 1397 390 843 1398 403 788 1399 387 817 1400 441 844 1401 390 845 1402 433 846 1403 387 847 1404 442 848 1405 434 849 1406 416 850 1407 459 851 1408 451 852 1409 458 853 1410 415 854 1411 450 855 1412 407 856 1413 457 856 1414 443 856 1415 456 857 1416 409 857 1417 445 857 1418 455 858 1419 414 859 1420 449 860 1421 413 861 1422 454 862 1423 448 863 1424 453 864 1425 411 865 1426 446 866 1427 412 867 1428 452 868 1429 447 869 1430 452 868 1431 416 850 1432 451 852 1433 453 870 1434 415 870 1435 418 870 1436 456 871 1437 414 859 1438 421 872 1439 457 873 1440 413 874 1441 448 875 1442 419 876 1443 447 877 1444 454 878 1445 446 879 1446 420 880 1447 455 881 1448 425 882 1449 408 883 1450 427 884 1451 458 885 1452 410 886 1453 423 887 1454 459 888 1455 408 889 1456 444 890 1457 377 891 1458 427 884 1459 373 892 1460 416 893 1461 442 848 1462 424 894 1463 415 895 1464 441 844 1465 433 846 1466 407 896 1467 440 803 1468 422 897 1469 409 898 1470 439 835 1471 428 837 1472 420 899 1473 432 830 1474 414 859 1475 431 805 1476 419 900 1477 413 861 1478 411 901 1479 436 819 1480 429 797 1481 412 902 1482 435 902 1483 417 902 1484 435 903 1485 416 903 1486 417 903 1487 415 904 1488 436 904 1489 418 904 1490 414 859 1491 439 905 1492 421 872 1493 440 803 1494 413 861 1495 422 897 1496 437 906 1497 412 907 1498 419 876 1499 411 908 1500 438 909 1501 420 880 1502 410 910 1503 441 911 1504 423 912 1505 442 775 1506 408 913 1507 424 914 1508 459 851 1509 374 915 1510 405 916 1511 378 917 1512 458 853 1513 404 918 1514 381 919 1515 455 881 1516 396 920 1517 454 878 1518 379 921 1519 397 922 1520 457 873 1521 383 923 1522 399 924 1523 386 925 1524 456 926 1525 402 927 1526 394 928 1527 450 855 1528 453 864 1529 391 929 1530 451 852 1531 389 930 1532 379 931 1533 452 868 1534 391 932 1535 381 933 1536 453 864 1537 446 866 1538 448 863 1539 397 934 1540 383 935 1541 396 936 1542 449 860 1543 386 937 1544 375 938 1545 456 938 1546 445 938 1547 371 939 1548 457 939 1549 399 939 1550 404 918 1551 450 855 1552 388 940 1553 451 852 1554 405 916 1555 389 930 1556 408 883 1557 460 785 1558 444 787 1559 407 941 1560 445 780 1561 409 942 1562 428 943 1563 407 941 1564 409 942 1565 428 943 1566 372 944 1567 426 945 1568 477 946 1569 462 947 1570 461 948 1571 471 949 1572 465 950 1573 472 951 1574 479 952 1575 464 953 1576 463 954 1577 476 955 1578 486 956 1579 487 957 1580 482 958 1581 470 959 1582 469 960 1583 473 961 1584 468 962 1585 467 963 1586 468 964 1587 472 951 1588 467 965 1589 462 966 1590 473 961 1591 461 967 1592 470 968 1593 476 969 1594 469 970 1595 464 971 1596 481 972 1597 463 973 1598 465 950 1599 480 974 1600 479 952 1601 481 972 1602 483 975 1603 482 958 1604 477 976 1605 488 977 1606 478 978 1607 489 979 1608 490 980 1609 494 981 1610 493 982 1611 490 983 1612 489 984 1613 489 985 1614 491 985 1615 492 985 1616 489 979 1617 494 981 1618 491 986 1619 493 982 1620 489 984 1621 492 987 1622 494 988 1623 492 989 1624 491 990 1625 494 988 1626 493 991 1627 492 989 1628 490 992 1629 493 992 1630 494 992 1631 495 993 1632 496 994 1633 500 995 1634 499 996 1635 496 997 1636 495 998 1637 495 999 1638 497 999 1639 498 999 1640 495 993 1641 500 995 1642 497 1000 1643 499 996 1644 495 998 1645 498 1001 1646 500 1002 1647 498 1003 1648 497 1004 1649 500 1002 1650 499 1005 1651 498 1003 1652 496 1006 1653 499 1006 1654 500 1006 1655 501 1007 1656 502 1008 1657 506 1009 1658 505 1010 1659 502 1011 1660 501 1012 1661 501 1013 1662 503 1013 1663 504 1013 1664 501 1007 1665 506 1009 1666 503 1014 1667 505 1010 1668 501 1012 1669 504 1015 1670 506 1016 1671 504 1017 1672 503 1018 1673 506 1016 1674 505 1019 1675 504 1017 1676 502 1020 1677 505 1020 1678 506 1020 1679 507 1021 1680 508 1022 1681 512 1023 1682 511 1024 1683 508 1025 1684 507 1026 1685 507 1027 1686 509 1027 1687 510 1027 1688 507 1021 1689 512 1023 1690 509 1028 1691 511 1024 1692 507 1026 1693 510 1029 1694 512 1030 1695 510 1031 1696 509 1032 1697 512 1030 1698 511 1033 1699 510 1031 1700 508 1034 1701 511 1034 1702 512 1034 1703 513 1035 1704 514 1036 1705 518 1037 1706 517 1038 1707 514 1039 1708 513 1040 1709 513 1041 1710 515 1041 1711 516 1041 1712 513 1035 1713 518 1037 1714 515 1042 1715 517 1038 1716 513 1040 1717 516 1043 1718 518 1044 1719 516 1045 1720 515 1046 1721 518 1044 1722 517 1047 1723 516 1045 1724 514 1048 1725 517 1048 1726 518 1048 1727 519 1049 1728 520 1050 1729 524 1051 1730 523 1052 1731 520 1053 1732 519 1054 1733 519 1055 1734 521 1055 1735 522 1055 1736 519 1049 1737 524 1051 1738 521 1056 1739 523 1052 1740 519 1054 1741 522 1057 1742 524 1058 1743 522 1059 1744 521 1060 1745 524 1058 1746 523 1061 1747 522 1059 1748 520 1062 1749 523 1062 1750 524 1062 1751 525 1063 1752 530 1064 1753 526 1065 1754 525 1066 1755 526 1067 1756 531 1068 1757 525 1066 1758 532 1069 1759 527 1070 1760 525 1063 1761 527 1071 1762 533 1072 1763 525 1063 1764 533 1072 1765 528 1073 1766 525 1063 1767 528 1073 1768 530 1064 1769 525 1066 1770 531 1068 1771 529 1074 1772 525 1066 1773 529 1074 1774 532 1069 1775 536 1075 1776 533 1076 1777 534 1077 1778 527 1071 1779 534 1078 1780 533 1072 1781 535 1079 1782 528 1080 1783 533 1076 1784 536 1075 1785 535 1079 1786 533 1076 1787 537 1081 1788 536 1075 1789 534 1077 1790 538 1082 1791 537 1081 1792 539 1083 1793 537 1081 1794 534 1077 1795 539 1083 1796 538 1082 1797 539 1083 1798 540 1084 1799 541 1085 1800 540 1086 1801 539 1087 1802 542 1088 1803 539 1087 1804 534 1078 1805 542 1088 1806 541 1085 1807 539 1087 1808 542 1089 1809 544 1090 1810 541 1091 1811 527 1070 1812 543 1092 1813 542 1089 1814 527 1071 1815 542 1088 1816 534 1078 1817 542 1089 1818 543 1092 1819 544 1090 1820 541 1091 1821 544 1090 1822 545 1093 1823 547 1094 1824 545 1093 1825 546 1095 1826 541 1091 1827 545 1093 1828 547 1094 1829 547 1094 1830 546 1095 1831 548 1096 1832 547 1097 1833 548 1098 1834 549 1099 1835 541 1085 1836 547 1097 1837 540 1086 1838 547 1097 1839 549 1099 1840 540 1086 1841 552 1100 1842 549 1101 1843 550 1102 1844 548 1098 1845 550 1103 1846 549 1099 1847 551 1104 1848 540 1084 1849 549 1101 1850 552 1100 1851 551 1104 1852 549 1101 1853 553 1105 1854 552 1100 1855 550 1102 1856 554 1106 1857 553 1105 1858 555 1107 1859 553 1105 1860 550 1102 1861 555 1107 1862 554 1106 1863 555 1107 1864 556 1108 1865 557 1109 1866 556 1110 1867 555 1111 1868 558 1112 1869 555 1111 1870 550 1103 1871 558 1112 1872 557 1109 1873 555 1111 1874 558 1113 1875 560 1114 1876 557 1115 1877 548 1096 1878 559 1116 1879 558 1113 1880 548 1098 1881 558 1112 1882 550 1103 1883 558 1113 1884 559 1116 1885 560 1114 1886 557 1115 1887 560 1114 1888 561 1117 1889 557 1115 1890 561 1117 1891 562 1118 1892 562 1118 1893 561 1117 1894 563 1119 1895 562 1118 1896 563 1119 1897 564 1120 1898 562 1121 1899 564 1122 1900 565 1123 1901 556 1108 1902 565 1124 1903 566 1125 1904 562 1121 1905 565 1123 1906 556 1110 1907 556 1108 1908 566 1125 1909 554 1106 1910 557 1109 1911 562 1121 1912 556 1110 1913 548 1096 1914 546 1095 1915 559 1116 1916 551 1104 1917 538 1082 1918 540 1084 1919 527 1070 1920 532 1069 1921 543 1092 1922 535 1079 1923 567 1126 1924 528 1080 1925 528 1080 1926 567 1126 1927 568 1127 1928 528 1080 1929 568 1127 1930 530 1128 1931 530 1128 1932 568 1127 1933 569 1129 1934 530 1128 1935 569 1129 1936 570 1130 1937 570 1130 1938 569 1129 1939 571 1131 1940 570 1130 1941 571 1131 1942 572 1132 1943 572 1132 1944 571 1131 1945 573 1133 1946 572 1132 1947 573 1133 1948 574 1134 1949 574 1134 1950 573 1133 1951 575 1135 1952 574 1134 1953 575 1135 1954 576 1136 1955 576 1136 1956 575 1135 1957 577 1137 1958 576 1136 1959 577 1137 1960 578 1138 1961 578 1138 1962 577 1137 1963 579 1139 1964 578 1138 1965 579 1139 1966 580 1140 1967 580 1140 1968 579 1139 1969 581 1141 1970 580 1140 1971 581 1141 1972 582 1142 1973 582 1142 1974 581 1141 1975 583 1143 1976 582 1142 1977 583 1143 1978 584 1144 1979 586 1145 1980 584 1146 1981 585 1147 1982 586 1145 1983 582 1148 1984 584 1146 1985 587 1149 1986 582 1148 1987 586 1145 1988 587 1150 1989 586 1151 1990 588 1152 1991 586 1151 1992 589 1153 1993 588 1152 1994 586 1151 1995 585 1154 1996 589 1153 1997 587 1150 1998 588 1152 1999 590 1155 2000 592 1156 2001 590 1155 2002 591 1157 2003 592 1156 2004 587 1150 2005 590 1155 2006 593 1158 2007 578 1159 2008 592 1160 2009 593 1161 2010 592 1156 2011 591 1157 2012 592 1160 2013 580 1162 2014 587 1149 2015 592 1160 2016 578 1159 2017 580 1162 2018 594 1163 2019 576 1164 2020 593 1158 2021 594 1165 2022 593 1161 2023 595 1166 2024 593 1158 2025 576 1164 2026 578 1159 2027 593 1161 2028 591 1157 2029 595 1166 2030 594 1165 2031 595 1166 2032 596 1167 2033 598 1168 2034 596 1167 2035 597 1169 2036 598 1168 2037 594 1165 2038 596 1167 2039 599 1170 2040 572 1171 2041 598 1172 2042 599 1173 2043 598 1168 2044 597 1169 2045 598 1172 2046 574 1174 2047 594 1163 2048 598 1172 2049 572 1171 2050 574 1174 2051 526 1065 2052 570 1175 2053 599 1170 2054 526 1067 2055 599 1173 2056 600 1176 2057 599 1170 2058 570 1175 2059 572 1171 2060 599 1173 2061 597 1169 2062 600 1176 2063 526 1067 2064 600 1176 2065 531 1068 2066 594 1163 2067 574 1174 2068 576 1164 2069 587 1149 2070 580 1162 2071 582 1148 2072 526 1065 2073 530 1064 2074 570 1175 2075 601 1177 2076 602 1178 2077 606 1179 2078 605 1180 2079 602 1181 2080 601 1182 2081 601 1183 2082 603 1183 2083 604 1183 2084 601 1177 2085 606 1179 2086 603 1184 2087 605 1180 2088 601 1182 2089 604 1185 2090 606 1186 2091 604 1187 2092 603 1188 2093 606 1186 2094 605 1189 2095 604 1187 2096 602 1190 2097 605 1190 2098 606 1190 2099 607 1191 2100 608 1192 2101 612 1193 2102 611 1194 2103 608 1195 2104 607 1196 2105 607 1197 2106 609 1197 2107 610 1197 2108 607 1191 2109 612 1193 2110 609 1198 2111 611 1194 2112 607 1196 2113 610 1199 2114 612 1200 2115 610 1201 2116 609 1202 2117 612 1200 2118 611 1203 2119 610 1201 2120 608 1204 2121 611 1204 2122 612 1204 2123 613 1205 2124 614 1206 2125 618 1207 2126 617 1208 2127 614 1209 2128 613 1210 2129 613 1211 2130 615 1211 2131 616 1211 2132 613 1205 2133 618 1207 2134 615 1212 2135 617 1208 2136 613 1210 2137 616 1213 2138 618 1214 2139 616 1215 2140 615 1216 2141 618 1214 2142 617 1217 2143 616 1215 2144 614 1218 2145 617 1218 2146 618 1218 2147 619 1219 2148 620 1220 2149 624 1221 2150 623 1222 2151 620 1223 2152 619 1224 2153 619 1225 2154 621 1225 2155 622 1225 2156 619 1219 2157 624 1221 2158 621 1226 2159 623 1222 2160 619 1224 2161 622 1227 2162 624 1228 2163 622 1229 2164 621 1230 2165 624 1228 2166 623 1231 2167 622 1229 2168 620 1232 2169 623 1232 2170 624 1232 2171 626 1233 2172 627 1234 2173 625 1235 2174 633 1236 2175 630 1237 2176 629 1238 2177 632 1239 2178 629 1240 2179 630 1241 2180 633 1236 2181 629 1238 2182 631 1242 2183 634 1243 2184 631 1244 2185 629 1245 2186 634 1243 2187 629 1245 2188 632 1246 2189 635 1247 2190 634 1243 2191 632 1246 2192 637 1248 2193 631 1249 2194 634 1250 2195 636 1251 2196 634 1250 2197 635 1252 2198 637 1248 2199 634 1250 2200 636 1251 2201 638 1253 2202 637 1254 2203 636 1255 2204 633 1236 2205 637 1256 2206 638 1257 2207 633 1236 2208 631 1242 2209 637 1256 2210 641 1258 2211 638 1259 2212 639 1260 2213 638 1253 2214 636 1255 2215 639 1261 2216 640 1262 2217 633 1236 2218 638 1257 2219 641 1258 2220 640 1263 2221 638 1259 2222 642 1264 2223 641 1258 2224 639 1260 2225 643 1265 2226 640 1266 2227 641 1267 2228 644 1268 2229 641 1267 2230 642 1269 2231 644 1268 2232 643 1265 2233 641 1267 2234 646 1270 2235 643 1271 2236 644 1272 2237 646 1270 2238 644 1272 2239 645 1273 2240 647 1274 2241 643 1271 2242 646 1270 2243 630 1275 2244 647 1276 2245 646 1277 2246 648 1278 2247 646 1277 2248 645 1279 2249 630 1275 2250 646 1277 2251 648 1278 2252 632 1239 2253 630 1241 2254 648 1280 2255 650 1281 2256 632 1239 2257 648 1280 2258 648 1278 2259 645 1279 2260 649 1282 2261 650 1281 2262 648 1280 2263 649 1283 2264 635 1247 2265 632 1246 2266 650 1284 2267 647 1285 2268 633 1236 2269 651 1286 2270 647 1274 2271 651 1287 2272 643 1271 2273 647 1285 2274 630 1237 2275 633 1236 2276 643 1265 2277 651 1288 2278 640 1266 2279 640 1262 2280 651 1286 2281 633 1236 2282 642 1264 2283 639 1260 2284 652 1289 2285 639 1261 2286 653 1290 2287 652 1291 2288 636 1251 2289 635 1252 2290 653 1292 2291 639 1261 2292 636 1255 2293 653 1290 2294 656 1293 2295 655 1294 2296 654 1293 2297 659 1295 2298 654 1296 2299 655 1297 2300 658 1298 2301 656 1299 2302 654 1300 2303 658 1298 2304 654 1300 2305 657 1301 2306 659 1295 2307 657 1302 2308 654 1296 2309 661 1303 2310 659 1304 2311 655 1305 2312 660 1306 2313 657 1307 2314 659 1306 2315 661 1303 2316 660 1308 2317 659 1304 2318 656 1293 2319 661 1294 2320 655 1294 2321 660 1309 2322 661 1310 2323 656 1311 2324 660 1309 2325 656 1311 2326 658 1312 2327 660 1306 2328 658 1307 2329 657 1307 2330 662 1313 2331 667 1314 2332 663 1315 2333 662 1313 2334 664 1316 2335 667 1314 2336 666 1317 2337 664 1318 2338 662 1319 2339 666 1317 2340 662 1319 2341 665 1320 2342 667 1321 2343 668 1322 2344 670 1323 2345 667 1324 2346 671 1325 2347 668 1326 2348 672 1327 2349 667 1328 2350 664 1329 2351 672 1327 2352 669 1330 2353 667 1328 2354 667 1324 2355 669 1331 2356 671 1325 2357 667 1321 2358 670 1323 2359 663 1332 2360 672 1333 2361 673 1334 2362 676 1335 2363 675 1336 2364 673 1337 2365 672 1338 2366 666 1339 2367 672 1340 2368 664 1341 2369 666 1339 2370 674 1342 2371 672 1340 2372 675 1336 2373 672 1338 2374 674 1343 2375 672 1333 2376 676 1335 2377 669 1344 2378 677 1345 2379 676 1346 2380 678 1347 2381 676 1348 2382 677 1349 2383 671 1350 2384 678 1347 2385 676 1346 2386 673 1346 2387 676 1348 2388 671 1350 2389 669 1351 2390 678 1347 2391 675 1352 2392 681 1353 2393 678 1347 2394 673 1346 2395 675 1352 2396 682 1354 2397 679 1355 2398 678 1347 2399 677 1345 2400 678 1347 2401 679 1355 2402 682 1354 2403 678 1347 2404 680 1356 2405 678 1347 2406 681 1353 2407 680 1356 2408 679 1357 2409 682 1358 2410 683 1359 2411 683 1360 2412 682 1361 2413 680 1362 2414 683 1363 2415 688 1364 2416 684 1365 2417 687 1366 2418 683 1367 2419 684 1368 2420 687 1366 2421 685 1369 2422 683 1367 2423 679 1357 2424 683 1359 2425 685 1370 2426 683 1363 2427 686 1371 2428 688 1364 2429 683 1360 2430 680 1362 2431 686 1372 2432 688 1373 2433 689 1374 2434 691 1375 2435 688 1376 2436 692 1377 2437 689 1378 2438 693 1379 2439 684 1380 2440 688 1381 2441 688 1376 2442 686 1382 2443 692 1377 2444 693 1379 2445 688 1381 2446 690 1383 2447 688 1373 2448 691 1375 2449 690 1384 2450 687 1385 2451 684 1386 2452 693 1387 2453 687 1385 2454 693 1387 2455 694 1388 2456 670 1389 2457 687 1390 2458 694 1391 2459 692 1392 2460 666 1339 2461 689 1393 2462 692 1394 2463 681 1395 2464 675 1336 2465 680 1396 2466 681 1397 2467 692 1398 2468 680 1396 2469 692 1398 2470 686 1399 2471 692 1392 2472 674 1342 2473 666 1339 2474 692 1394 2475 675 1336 2476 674 1343 2477 691 1400 2478 689 1401 2479 666 1402 2480 691 1400 2481 666 1402 2482 665 1403 2483 670 1389 2484 668 1404 2485 687 1390 2486 671 1405 2487 687 1366 2488 668 1406 2489 671 1405 2490 685 1369 2491 687 1366 2492 671 1407 2493 679 1357 2494 685 1370 2495 671 1407 2496 677 1408 2497 679 1357 2498 697 1409 2499 696 1410 2500 695 1411 2501 700 1412 2502 695 1413 2503 696 1414 2504 699 1415 2505 697 1416 2506 695 1417 2507 699 1415 2508 695 1417 2509 698 1301 2510 700 1412 2511 698 1418 2512 695 1413 2513 702 1419 2514 700 1420 2515 696 1421 2516 701 1422 2517 698 1422 2518 700 1422 2519 702 1419 2520 701 1423 2521 700 1420 2522 697 1409 2523 702 1410 2524 696 1410 2525 701 1424 2526 702 1425 2527 697 1426 2528 701 1424 2529 697 1426 2530 699 1346 2531 701 1422 2532 699 1422 2533 698 1422 2534 705 1427 2535 704 1428 2536 703 1429 2537 708 1430 2538 703 1431 2539 704 1432 2540 707 1433 2541 705 1434 2542 703 1435 2543 707 1433 2544 703 1435 2545 706 1433 2546 708 1430 2547 706 1436 2548 703 1431 2549 710 1437 2550 708 1438 2551 704 1439 2552 709 1440 2553 706 1441 2554 708 1442 2555 710 1437 2556 709 1443 2557 708 1438 2558 705 1427 2559 710 1444 2560 704 1428 2561 709 1445 2562 710 1346 2563 705 1446 2564 709 1445 2565 705 1446 2566 707 1447 2567 709 1440 2568 707 1448 2569 706 1441 2570 715 1449 2571 712 1450 2572 711 1451 2573 714 1452 2574 711 1453 2575 712 1454 2576 715 1449 2577 711 1451 2578 713 1455 2579 716 1456 2580 713 1457 2581 711 1458 2582 716 1456 2583 711 1458 2584 714 1459 2585 717 1460 2586 716 1456 2587 714 1459 2588 719 1461 2589 713 1462 2590 716 1463 2591 718 1464 2592 716 1463 2593 717 1465 2594 719 1461 2595 716 1463 2596 718 1464 2597 720 1466 2598 719 1467 2599 718 1468 2600 715 1449 2601 719 1469 2602 720 1470 2603 715 1449 2604 713 1455 2605 719 1469 2606 723 1471 2607 720 1472 2608 721 1473 2609 720 1466 2610 718 1468 2611 721 1474 2612 722 1475 2613 715 1449 2614 720 1470 2615 723 1471 2616 722 1476 2617 720 1472 2618 724 1477 2619 723 1471 2620 721 1473 2621 725 1478 2622 722 1479 2623 723 1480 2624 726 1481 2625 723 1480 2626 724 1482 2627 726 1481 2628 725 1478 2629 723 1480 2630 728 1483 2631 725 1484 2632 726 1485 2633 728 1483 2634 726 1485 2635 727 1486 2636 729 1487 2637 725 1484 2638 728 1483 2639 712 1488 2640 729 1489 2641 728 1490 2642 730 1491 2643 728 1490 2644 727 1492 2645 712 1488 2646 728 1490 2647 730 1491 2648 714 1452 2649 712 1454 2650 730 1493 2651 732 1494 2652 714 1452 2653 730 1493 2654 730 1491 2655 727 1492 2656 731 1495 2657 732 1494 2658 730 1493 2659 731 1496 2660 717 1460 2661 714 1459 2662 732 1497 2663 729 1498 2664 715 1449 2665 733 1499 2666 729 1487 2667 733 1500 2668 725 1484 2669 729 1498 2670 712 1450 2671 715 1449 2672 725 1478 2673 733 1501 2674 722 1479 2675 722 1475 2676 733 1499 2677 715 1449 2678 724 1477 2679 721 1473 2680 734 1502 2681 721 1474 2682 735 1503 2683 734 1504 2684 718 1464 2685 717 1465 2686 735 1505 2687 721 1474 2688 718 1468 2689 735 1503 2690 736 1506 2691 741 1507 2692 737 1508 2693 736 1506 2694 738 1509 2695 741 1507 2696 740 1510 2697 738 1511 2698 736 1512 2699 740 1510 2700 736 1512 2701 739 1513 2702 741 1514 2703 742 1515 2704 744 1516 2705 741 1517 2706 745 1518 2707 742 1519 2708 746 1520 2709 741 1521 2710 738 1522 2711 746 1520 2712 743 1523 2713 741 1521 2714 741 1517 2715 743 1524 2716 745 1518 2717 741 1514 2718 744 1516 2719 737 1525 2720 746 1526 2721 747 1527 2722 750 1528 2723 749 1529 2724 747 1530 2725 746 1531 2726 740 1532 2727 746 1533 2728 738 1534 2729 740 1532 2730 748 1535 2731 746 1533 2732 749 1529 2733 746 1531 2734 748 1536 2735 746 1526 2736 750 1528 2737 743 1537 2738 751 1538 2739 750 1539 2740 752 1540 2741 750 1541 2742 751 1542 2743 745 1543 2744 752 1540 2745 750 1539 2746 747 1346 2747 750 1541 2748 745 1543 2749 743 1544 2750 752 1540 2751 749 1545 2752 755 1546 2753 752 1540 2754 747 1346 2755 749 1545 2756 756 1547 2757 753 1346 2758 752 1540 2759 751 1538 2760 752 1540 2761 753 1346 2762 756 1547 2763 752 1540 2764 754 1548 2765 752 1540 2766 755 1546 2767 754 1548 2768 753 1549 2769 756 1550 2770 757 1551 2771 757 1552 2772 756 1553 2773 754 1554 2774 757 1555 2775 762 1556 2776 758 1557 2777 761 1558 2778 757 1559 2779 758 1560 2780 761 1558 2781 759 1561 2782 757 1559 2783 753 1549 2784 757 1551 2785 759 1562 2786 757 1555 2787 760 1563 2788 762 1556 2789 757 1552 2790 754 1554 2791 760 1564 2792 762 1565 2793 763 1566 2794 765 1567 2795 762 1568 2796 766 1569 2797 763 1570 2798 767 1571 2799 758 1572 2800 762 1573 2801 762 1568 2802 760 1574 2803 766 1569 2804 767 1571 2805 762 1573 2806 764 1575 2807 762 1565 2808 765 1567 2809 764 1576 2810 761 1577 2811 758 1578 2812 767 1579 2813 761 1577 2814 767 1579 2815 768 1580 2816 744 1581 2817 761 1582 2818 768 1583 2819 766 1584 2820 740 1532 2821 763 1585 2822 766 1586 2823 755 1587 2824 749 1529 2825 754 1588 2826 755 1589 2827 766 1590 2828 754 1588 2829 766 1590 2830 760 1591 2831 766 1584 2832 748 1535 2833 740 1532 2834 766 1586 2835 749 1529 2836 748 1536 2837 765 1592 2838 763 1593 2839 740 1594 2840 765 1592 2841 740 1594 2842 739 1595 2843 744 1581 2844 742 1596 2845 761 1582 2846 745 1597 2847 761 1558 2848 742 1598 2849 745 1597 2850 759 1561 2851 761 1558 2852 745 1599 2853 753 1549 2854 759 1562 2855 745 1599 2856 751 1600 2857 753 1549 2858 773 1601 2859 769 1602 2860 770 1603 2861 771 1604 2862 772 1605 2863 769 1606 2864 773 1601 2865 771 1607 2866 769 1602 2867 778 1608 2868 773 1601 2869 770 1603 2870 776 1609 2871 774 1610 2872 773 1601 2873 773 1601 2874 774 1610 2875 775 1611 2876 773 1601 2877 775 1611 2878 771 1607 2879 776 1609 2880 773 1601 2881 777 1612 2882 778 1608 2883 777 1612 2884 773 1601 2885 780 1613 2886 778 1614 2887 779 1615 2888 780 1613 2889 777 1616 2890 778 1614 2891 781 1617 2892 780 1618 2893 779 1619 2894 781 1617 2895 782 1620 2896 780 1618 2897 780 1613 2898 782 1621 2899 776 1622 2900 780 1613 2901 776 1622 2902 777 1616 2903 781 1617 2904 783 1623 2905 782 1620 2906 785 1624 2907 783 1625 2908 781 1626 2909 785 1624 2910 784 1627 2911 783 1625 2912 785 1624 2913 781 1626 2914 790 1628 2915 789 1629 2916 784 1627 2917 785 1624 2918 787 1630 2919 785 1624 2920 786 1631 2921 785 1624 2922 790 1628 2923 786 1631 2924 787 1630 2925 788 1632 2926 785 1624 2927 789 1629 2928 785 1624 2929 788 1632 2930 781 1617 2931 779 1619 2932 790 1633 2933 792 1634 2934 791 1635 2935 789 1636 2936 792 1634 2937 789 1636 2938 788 1637 2939 771 1604 2940 791 1638 2941 792 1639 2942 771 1604 2943 792 1639 2944 772 1605 2945 792 1634 2946 787 1640 2947 772 1641 2948 792 1634 2949 788 1637 2950 787 1640 2951 771 1604 2952 775 1642 2953 791 1638 2954 795 1643 2955 794 1644 2956 793 1645 2957 797 1646 2958 793 1647 2959 794 1648 2960 798 1649 2961 795 1650 2962 793 1651 2963 798 1649 2964 793 1651 2965 796 1652 2966 797 1646 2967 796 1653 2968 793 1647 2969 799 1654 2970 798 1649 2971 796 1652 2972 800 1655 2973 795 1656 2974 798 1657 2975 801 1658 2976 798 1657 2977 799 1659 2978 801 1658 2979 800 1655 2980 798 1657 2981 797 1660 2982 800 1661 2983 801 1662 2984 801 1658 2985 799 1659 2986 804 1663 2987 797 1660 2988 801 1662 2989 802 1664 2990 801 1662 2991 805 1665 2992 802 1664 2993 801 1658 2994 804 1663 2995 803 1666 2996 801 1662 2997 803 1667 2998 805 1665 2999 803 1667 3000 806 1668 3001 805 1665 3002 802 1669 3003 805 1670 3004 807 1671 3005 805 1670 3006 806 1672 3007 808 1673 3008 805 1670 3009 808 1673 3010 807 1671 3011 808 1674 3012 804 1675 3013 807 1676 3014 806 1677 3015 809 1678 3016 808 1679 3017 808 1674 3018 809 1680 3019 804 1675 3020 803 1666 3021 809 1681 3022 810 1682 3023 806 1677 3024 810 1683 3025 809 1678 3026 803 1666 3027 804 1663 3028 809 1681 3029 803 1667 3030 810 1684 3031 806 1668 3032 802 1669 3033 807 1671 3034 811 1685 3035 807 1676 3036 799 1654 3037 811 1686 3038 807 1676 3039 804 1675 3040 799 1654 3041 799 1654 3042 796 1652 3043 811 1686 3044 802 1669 3045 811 1685 3046 796 1653 3047 802 1669 3048 796 1653 3049 797 1646 3050 800 1655 3051 812 1687 3052 795 1656 3053 794 1688 3054 812 1689 3055 800 1661 3056 794 1688 3057 800 1661 3058 797 1660 3059 795 1643 3060 812 1690 3061 794 1644 3062 813 1691 3063 814 1692 3064 818 1693 3065 817 1694 3066 814 1695 3067 813 1696 3068 813 1697 3069 815 1697 3070 816 1697 3071 813 1691 3072 818 1693 3073 815 1698 3074 817 1694 3075 813 1696 3076 816 1699 3077 818 1700 3078 816 1701 3079 815 1702 3080 818 1700 3081 817 1703 3082 816 1701 3083 814 1704 3084 817 1704 3085 818 1704 3086 819 1705 3087 820 1706 3088 824 1707 3089 823 1708 3090 820 1709 3091 819 1710 3092 819 1711 3093 821 1711 3094 822 1711 3095 819 1705 3096 824 1707 3097 821 1712 3098 823 1708 3099 819 1710 3100 822 1713 3101 824 1714 3102 822 1715 3103 821 1716 3104 824 1714 3105 823 1717 3106 822 1715 3107 820 1718 3108 823 1718 3109 824 1718 3110 828 1719 3111 825 1720 3112 826 1721 3113 825 1722 3114 829 1723 3115 826 1724 3116 825 1722 3117 827 1725 3118 829 1723 3119 825 1726 3120 830 1727 3121 827 1728 3122 825 1726 3123 828 1729 3124 830 1727 3125 831 1730 3126 830 1731 3127 828 1732 3128 829 1733 3129 830 1734 3130 831 1735 3131 829 1733 3132 827 1736 3133 830 1734 3134 834 1737 3135 831 1730 3136 832 1738 3137 831 1730 3138 828 1732 3139 832 1738 3140 834 1737 3141 833 1739 3142 831 1730 3143 835 1740 3144 831 1741 3145 833 1742 3146 835 1740 3147 829 1743 3148 831 1741 3149 829 1723 3150 835 1744 3151 836 1745 3152 835 1746 3153 834 1747 3154 836 1748 3155 835 1746 3156 833 1749 3157 834 1747 3158 826 1721 3159 836 1750 3160 832 1751 3161 829 1723 3162 836 1745 3163 826 1724 3164 836 1750 3165 834 1752 3166 832 1751 3167 832 1751 3168 828 1719 3169 826 1721 3170 839 1753 3171 838 1753 3172 837 1754 3173 841 1755 3174 839 1756 3175 837 1757 3176 841 1755 3177 837 1757 3178 840 1758 3179 842 1759 3180 841 1760 3181 840 1759 3182 842 1761 3183 839 1762 3184 841 1763 3185 843 1764 3186 842 1765 3187 844 1766 3188 842 1761 3189 843 1346 3190 839 1762 3191 842 1759 3192 840 1759 3193 844 1767 3194 843 1764 3195 844 1766 3196 838 1768 3197 839 1753 3198 843 1769 3199 838 1753 3200 849 1770 3201 845 1771 3202 846 1772 3203 847 1773 3204 848 1774 3205 845 1775 3206 849 1770 3207 847 1776 3208 845 1771 3209 854 1777 3210 849 1770 3211 846 1772 3212 852 1778 3213 850 1779 3214 849 1770 3215 849 1770 3216 850 1779 3217 851 1780 3218 849 1770 3219 851 1780 3220 847 1776 3221 852 1778 3222 849 1770 3223 853 1781 3224 854 1777 3225 853 1781 3226 849 1770 3227 856 1782 3228 854 1783 3229 855 1784 3230 856 1782 3231 853 1785 3232 854 1783 3233 857 1786 3234 856 1787 3235 855 1788 3236 857 1786 3237 858 1789 3238 856 1787 3239 856 1782 3240 858 1790 3241 852 1791 3242 856 1782 3243 852 1791 3244 853 1785 3245 857 1786 3246 859 1792 3247 858 1789 3248 861 1793 3249 859 1794 3250 857 1795 3251 861 1793 3252 860 1796 3253 859 1794 3254 861 1793 3255 857 1795 3256 866 1797 3257 865 1798 3258 860 1796 3259 861 1793 3260 863 1799 3261 861 1793 3262 862 1800 3263 861 1793 3264 866 1797 3265 862 1800 3266 863 1799 3267 864 1801 3268 861 1793 3269 865 1798 3270 861 1793 3271 864 1801 3272 857 1786 3273 855 1788 3274 866 1802 3275 868 1803 3276 867 1804 3277 865 1805 3278 868 1803 3279 865 1805 3280 864 1806 3281 847 1773 3282 867 1807 3283 868 1808 3284 847 1773 3285 868 1808 3286 848 1774 3287 868 1803 3288 863 1809 3289 848 1810 3290 868 1803 3291 864 1806 3292 863 1809 3293 847 1773 3294 851 1811 3295 867 1807 3296 872 1812 3297 869 1813 3298 870 1814 3299 869 1815 3300 873 1816 3301 870 1817 3302 869 1815 3303 871 1818 3304 873 1816 3305 869 1819 3306 874 1820 3307 871 1821 3308 869 1819 3309 872 1822 3310 874 1820 3311 875 1823 3312 874 1824 3313 872 1825 3314 873 1826 3315 874 1827 3316 875 1828 3317 873 1826 3318 871 1829 3319 874 1827 3320 878 1830 3321 875 1823 3322 876 1831 3323 875 1823 3324 872 1825 3325 876 1831 3326 878 1830 3327 877 1832 3328 875 1823 3329 879 1833 3330 875 1834 3331 877 1835 3332 879 1833 3333 873 1836 3334 875 1834 3335 873 1816 3336 879 1837 3337 880 1838 3338 879 1839 3339 878 1840 3340 880 1841 3341 879 1839 3342 877 1842 3343 878 1840 3344 870 1814 3345 880 1843 3346 876 1844 3347 873 1816 3348 880 1838 3349 870 1817 3350 880 1843 3351 878 1845 3352 876 1844 3353 876 1844 3354 872 1812 3355 870 1814 3356 883 1846 3357 882 1846 3358 881 1847 3359 885 1848 3360 883 1849 3361 881 1850 3362 885 1848 3363 881 1850 3364 884 1851 3365 886 1852 3366 885 1853 3367 884 1852 3368 886 1854 3369 883 1855 3370 885 1856 3371 887 1857 3372 886 1858 3373 888 1859 3374 886 1854 3375 887 1860 3376 883 1855 3377 886 1852 3378 884 1852 3379 888 1861 3380 887 1857 3381 888 1859 3382 882 1862 3383 883 1846 3384 887 1863 3385 882 1846 3386 893 1864 3387 889 1865 3388 890 1866 3389 891 1867 3390 892 1868 3391 889 1869 3392 893 1864 3393 891 1870 3394 889 1865 3395 898 1871 3396 893 1864 3397 890 1866 3398 896 1872 3399 894 1873 3400 893 1864 3401 893 1864 3402 894 1873 3403 895 1874 3404 893 1864 3405 895 1874 3406 891 1870 3407 896 1872 3408 893 1864 3409 897 1875 3410 898 1871 3411 897 1875 3412 893 1864 3413 900 1876 3414 898 1877 3415 899 1878 3416 900 1876 3417 897 1879 3418 898 1877 3419 901 1880 3420 900 1881 3421 899 1882 3422 901 1880 3423 902 1883 3424 900 1881 3425 900 1876 3426 902 1884 3427 896 1885 3428 900 1876 3429 896 1885 3430 897 1879 3431 901 1880 3432 903 1886 3433 902 1883 3434 905 1887 3435 903 1888 3436 901 1889 3437 905 1887 3438 904 1890 3439 903 1888 3440 905 1887 3441 901 1889 3442 910 1891 3443 909 1892 3444 904 1890 3445 905 1887 3446 907 1893 3447 905 1887 3448 906 1894 3449 905 1887 3450 910 1891 3451 906 1894 3452 907 1893 3453 908 1895 3454 905 1887 3455 909 1892 3456 905 1887 3457 908 1895 3458 901 1880 3459 899 1882 3460 910 1896 3461 912 1897 3462 911 1898 3463 909 1899 3464 912 1897 3465 909 1899 3466 908 1900 3467 891 1867 3468 911 1901 3469 912 1902 3470 891 1867 3471 912 1902 3472 892 1868 3473 912 1897 3474 907 1903 3475 892 1904 3476 912 1897 3477 908 1900 3478 907 1903 3479 891 1867 3480 895 1905 3481 911 1901 3482 916 1906 3483 913 1907 3484 914 1908 3485 913 1909 3486 917 1910 3487 914 1911 3488 913 1909 3489 915 1912 3490 917 1910 3491 913 1913 3492 918 1914 3493 915 1915 3494 913 1913 3495 916 1916 3496 918 1914 3497 919 1917 3498 918 1918 3499 916 1919 3500 917 1920 3501 918 1921 3502 919 1922 3503 917 1920 3504 915 1923 3505 918 1921 3506 922 1924 3507 919 1917 3508 920 1925 3509 919 1917 3510 916 1919 3511 920 1925 3512 922 1924 3513 921 1926 3514 919 1917 3515 923 1927 3516 919 1928 3517 921 1929 3518 923 1927 3519 917 1930 3520 919 1928 3521 917 1910 3522 923 1931 3523 924 1932 3524 923 1933 3525 922 1934 3526 924 1935 3527 923 1933 3528 921 1936 3529 922 1934 3530 914 1908 3531 924 1937 3532 920 1938 3533 917 1910 3534 924 1932 3535 914 1911 3536 924 1937 3537 922 1302 3538 920 1938 3539 920 1938 3540 916 1906 3541 914 1908 3542 927 1939 3543 926 1939 3544 925 1940 3545 929 1941 3546 927 1942 3547 925 1943 3548 929 1941 3549 925 1943 3550 928 1944 3551 930 1945 3552 929 1861 3553 928 1945 3554 930 1946 3555 927 1947 3556 929 1948 3557 931 1949 3558 930 1950 3559 932 1951 3560 930 1946 3561 931 1346 3562 927 1947 3563 930 1945 3564 928 1945 3565 932 1952 3566 931 1949 3567 932 1951 3568 926 1765 3569 927 1939 3570 931 1953 3571 926 1939 3572 933 1954 3573 934 1955 3574 938 1956 3575 937 1957 3576 934 1958 3577 933 1959 3578 933 1960 3579 935 1960 3580 936 1960 3581 933 1954 3582 938 1956 3583 935 1961 3584 937 1957 3585 933 1959 3586 936 1962 3587 938 1963 3588 936 1964 3589 935 1965 3590 938 1963 3591 937 1966 3592 936 1964 3593 934 1967 3594 937 1967 3595 938 1967 3596 939 1968 3597 940 1969 3598 944 1970 3599 943 1971 3600 940 1972 3601 939 1973 3602 939 1974 3603 941 1974 3604 942 1974 3605 939 1968 3606 944 1970 3607 941 1975 3608 943 1971 3609 939 1973 3610 942 1976 3611 944 1977 3612 942 1978 3613 941 1979 3614 944 1977 3615 943 1980 3616 942 1978 3617 940 1981 3618 943 1981 3619 944 1981 3620 949 1982 3621 945 1983 3622 946 1984 3623 947 1985 3624 948 1986 3625 945 1987 3626 949 1982 3627 947 1988 3628 945 1983 3629 954 1989 3630 949 1982 3631 946 1984 3632 952 1990 3633 950 1991 3634 949 1982 3635 949 1982 3636 950 1991 3637 951 1992 3638 949 1982 3639 951 1992 3640 947 1988 3641 952 1990 3642 949 1982 3643 953 1993 3644 954 1989 3645 953 1993 3646 949 1982 3647 956 1994 3648 954 1995 3649 955 1996 3650 956 1994 3651 953 1997 3652 954 1995 3653 957 1998 3654 956 1999 3655 955 2000 3656 957 1998 3657 958 2001 3658 956 1999 3659 956 1994 3660 958 2002 3661 952 2003 3662 956 1994 3663 952 2003 3664 953 1997 3665 957 1998 3666 959 2004 3667 958 2001 3668 961 2005 3669 959 2006 3670 957 2007 3671 961 2005 3672 960 2008 3673 959 2006 3674 961 2005 3675 957 2007 3676 966 2009 3677 965 2010 3678 960 2008 3679 961 2005 3680 963 2011 3681 961 2005 3682 962 2012 3683 961 2005 3684 966 2009 3685 962 2012 3686 963 2011 3687 964 2013 3688 961 2005 3689 965 2010 3690 961 2005 3691 964 2013 3692 957 1998 3693 955 2000 3694 966 2014 3695 968 2015 3696 967 2016 3697 965 2017 3698 968 2015 3699 965 2017 3700 964 2018 3701 947 1985 3702 967 2019 3703 968 2020 3704 947 1985 3705 968 2020 3706 948 1986 3707 968 2015 3708 963 2021 3709 948 2022 3710 968 2015 3711 964 2018 3712 963 2021 3713 947 1985 3714 951 2023 3715 967 2019 3716 971 2024 3717 970 2025 3718 969 2026 3719 973 2027 3720 969 2028 3721 970 2029 3722 974 2030 3723 971 2031 3724 969 2032 3725 974 2030 3726 969 2032 3727 972 2033 3728 973 2027 3729 972 2034 3730 969 2028 3731 975 2035 3732 974 2030 3733 972 2033 3734 976 2036 3735 971 2037 3736 974 2038 3737 977 2039 3738 974 2038 3739 975 2040 3740 977 2039 3741 976 2036 3742 974 2038 3743 973 2041 3744 976 2042 3745 977 2043 3746 977 2039 3747 975 2040 3748 980 2044 3749 973 2041 3750 977 2043 3751 978 2045 3752 977 2043 3753 981 2046 3754 978 2045 3755 977 2039 3756 980 2044 3757 979 2047 3758 977 2043 3759 979 2048 3760 981 2046 3761 979 2048 3762 982 2049 3763 981 2046 3764 978 2050 3765 981 2051 3766 983 2052 3767 981 2051 3768 982 2053 3769 984 2054 3770 981 2051 3771 984 2054 3772 983 2052 3773 984 2055 3774 980 2056 3775 983 2057 3776 982 2058 3777 985 2059 3778 984 2060 3779 984 2055 3780 985 2061 3781 980 2056 3782 979 2047 3783 985 2062 3784 986 2063 3785 982 2058 3786 986 2064 3787 985 2059 3788 979 2047 3789 980 2044 3790 985 2062 3791 979 2048 3792 986 2065 3793 982 2049 3794 978 2050 3795 983 2052 3796 987 2066 3797 983 2057 3798 975 2035 3799 987 2067 3800 983 2057 3801 980 2056 3802 975 2035 3803 975 2035 3804 972 2033 3805 987 2067 3806 978 2050 3807 987 2066 3808 972 2034 3809 978 2050 3810 972 2034 3811 973 2027 3812 976 2036 3813 988 2068 3814 971 2037 3815 970 2069 3816 988 2070 3817 976 2042 3818 970 2069 3819 976 2042 3820 973 2041 3821 971 2024 3822 988 2071 3823 970 2025 3824 989 2072 3825 990 2073 3826 994 2074 3827 993 2075 3828 990 2076 3829 989 2077 3830 989 2078 3831 991 2078 3832 992 2078 3833 989 2072 3834 994 2074 3835 991 2079 3836 993 2075 3837 989 2077 3838 992 2080 3839 994 2081 3840 992 2082 3841 991 2083 3842 994 2081 3843 993 2084 3844 992 2082 3845 990 2085 3846 993 2085 3847 994 2085 3848 995 2086 3849 996 2087 3850 1000 2088 3851 999 2089 3852 996 2090 3853 995 2091 3854 995 2092 3855 997 2092 3856 998 2092 3857 995 2086 3858 1000 2088 3859 997 2093 3860 999 2089 3861 995 2091 3862 998 2094 3863 1000 2095 3864 998 2096 3865 997 2097 3866 1000 2095 3867 999 2098 3868 998 2096 3869 996 2099 3870 999 2099 3871 1000 2099 3872 1004 2100 3873 1001 2101 3874 1002 2102 3875 1001 2103 3876 1005 2104 3877 1002 2105 3878 1001 2103 3879 1003 2106 3880 1005 2104 3881 1001 2107 3882 1006 2108 3883 1003 2109 3884 1001 2107 3885 1004 2110 3886 1006 2108 3887 1007 2111 3888 1006 2112 3889 1004 2113 3890 1005 2114 3891 1006 2115 3892 1007 2116 3893 1005 2114 3894 1003 2117 3895 1006 2115 3896 1010 2118 3897 1007 2111 3898 1008 2119 3899 1007 2111 3900 1004 2113 3901 1008 2119 3902 1010 2118 3903 1009 2120 3904 1007 2111 3905 1011 2121 3906 1007 2122 3907 1009 2123 3908 1011 2121 3909 1005 2124 3910 1007 2122 3911 1005 2104 3912 1011 2125 3913 1012 2126 3914 1011 2127 3915 1010 2128 3916 1012 2129 3917 1011 2127 3918 1009 2130 3919 1010 2128 3920 1002 2102 3921 1012 2131 3922 1008 2132 3923 1005 2104 3924 1012 2126 3925 1002 2105 3926 1012 2131 3927 1010 2133 3928 1008 2132 3929 1008 2132 3930 1004 2100 3931 1002 2102 3932 1015 2134 3933 1014 2134 3934 1013 2135 3935 1017 2136 3936 1015 2137 3937 1013 2138 3938 1017 2136 3939 1013 2138 3940 1016 2139 3941 1018 2140 3942 1017 2141 3943 1016 2142 3944 1018 2143 3945 1015 2144 3946 1017 1856 3947 1019 2145 3948 1018 2146 3949 1020 2147 3950 1018 2143 3951 1019 1346 3952 1015 2144 3953 1018 2140 3954 1016 2142 3955 1020 2148 3956 1019 2145 3957 1020 2147 3958 1014 2149 3959 1015 2134 3960 1019 2150 3961 1014 2134 3962 1025 2151 3963 1021 2152 3964 1022 2153 3965 1023 2154 3966 1024 2155 3967 1021 2156 3968 1025 2151 3969 1023 2157 3970 1021 2152 3971 1030 2158 3972 1025 2151 3973 1022 2153 3974 1028 2159 3975 1026 2160 3976 1025 2151 3977 1025 2151 3978 1026 2160 3979 1027 2161 3980 1025 2151 3981 1027 2161 3982 1023 2157 3983 1028 2159 3984 1025 2151 3985 1029 2162 3986 1030 2158 3987 1029 2162 3988 1025 2151 3989 1032 2163 3990 1030 2164 3991 1031 2165 3992 1032 2163 3993 1029 2166 3994 1030 2164 3995 1033 2167 3996 1032 2168 3997 1031 2169 3998 1033 2167 3999 1034 2170 4000 1032 2168 4001 1032 2163 4002 1034 2171 4003 1028 2172 4004 1032 2163 4005 1028 2172 4006 1029 2166 4007 1033 2167 4008 1035 2173 4009 1034 2170 4010 1037 2174 4011 1035 2175 4012 1033 2176 4013 1037 2174 4014 1036 2177 4015 1035 2175 4016 1037 2174 4017 1033 2176 4018 1042 2178 4019 1041 2179 4020 1036 2177 4021 1037 2174 4022 1039 2180 4023 1037 2174 4024 1038 2181 4025 1037 2174 4026 1042 2178 4027 1038 2181 4028 1039 2180 4029 1040 2182 4030 1037 2174 4031 1041 2179 4032 1037 2174 4033 1040 2182 4034 1033 2167 4035 1031 2169 4036 1042 2183 4037 1044 2184 4038 1043 2185 4039 1041 2186 4040 1044 2184 4041 1041 2186 4042 1040 2187 4043 1023 2154 4044 1043 2188 4045 1044 2189 4046 1023 2154 4047 1044 2189 4048 1024 2155 4049 1044 2184 4050 1039 2190 4051 1024 2191 4052 1044 2184 4053 1040 2187 4054 1039 2190 4055 1023 2154 4056 1027 2192 4057 1043 2188 4058 1048 2193 4059 1045 2194 4060 1046 2195 4061 1045 2196 4062 1049 2197 4063 1046 2198 4064 1045 2196 4065 1047 2199 4066 1049 2197 4067 1045 2200 4068 1050 2201 4069 1047 2202 4070 1045 2200 4071 1048 2203 4072 1050 2201 4073 1051 2204 4074 1050 2205 4075 1048 2206 4076 1049 2207 4077 1050 2208 4078 1051 2209 4079 1049 2207 4080 1047 2210 4081 1050 2208 4082 1054 2211 4083 1051 2204 4084 1052 2212 4085 1051 2204 4086 1048 2206 4087 1052 2212 4088 1054 2211 4089 1053 2213 4090 1051 2204 4091 1055 2214 4092 1051 2215 4093 1053 2216 4094 1055 2214 4095 1049 2217 4096 1051 2215 4097 1049 2197 4098 1055 2218 4099 1056 2219 4100 1055 2220 4101 1054 2221 4102 1056 2222 4103 1055 2220 4104 1053 2223 4105 1054 2221 4106 1046 2195 4107 1056 2224 4108 1052 2225 4109 1049 2197 4110 1056 2219 4111 1046 2198 4112 1056 2224 4113 1054 1302 4114 1052 2225 4115 1052 2225 4116 1048 2193 4117 1046 2195 4118 1059 2226 4119 1058 2226 4120 1057 2227 4121 1061 2228 4122 1059 2228 4123 1057 2229 4124 1061 2228 4125 1057 2229 4126 1060 2230 4127 1062 2231 4128 1061 2232 4129 1060 2231 4130 1062 2233 4131 1059 2234 4132 1061 2235 4133 1063 2236 4134 1062 2237 4135 1064 2238 4136 1062 2233 4137 1063 1346 4138 1059 2234 4139 1062 2231 4140 1060 2231 4141 1064 2239 4142 1063 2236 4143 1064 2238 4144 1058 2240 4145 1059 2226 4146 1063 2241 4147 1058 2226 4148 1069 2242 4149 1065 2243 4150 1066 2244 4151 1067 2245 4152 1068 2246 4153 1065 2247 4154 1069 2242 4155 1067 2248 4156 1065 2243 4157 1074 2249 4158 1069 2242 4159 1066 2244 4160 1072 2250 4161 1070 2251 4162 1069 2242 4163 1069 2242 4164 1070 2251 4165 1071 2252 4166 1069 2242 4167 1071 2252 4168 1067 2248 4169 1072 2250 4170 1069 2242 4171 1073 2253 4172 1074 2249 4173 1073 2253 4174 1069 2242 4175 1076 2254 4176 1074 2255 4177 1075 2256 4178 1076 2254 4179 1073 2257 4180 1074 2255 4181 1077 2258 4182 1076 2259 4183 1075 2260 4184 1077 2258 4185 1078 2261 4186 1076 2259 4187 1076 2254 4188 1078 2262 4189 1072 2263 4190 1076 2254 4191 1072 2263 4192 1073 2257 4193 1077 2258 4194 1079 2264 4195 1078 2261 4196 1081 2265 4197 1079 2266 4198 1077 2267 4199 1081 2265 4200 1080 2268 4201 1079 2266 4202 1081 2265 4203 1077 2267 4204 1086 2269 4205 1085 2270 4206 1080 2268 4207 1081 2265 4208 1083 2271 4209 1081 2265 4210 1082 2272 4211 1081 2265 4212 1086 2269 4213 1082 2272 4214 1083 2271 4215 1084 2273 4216 1081 2265 4217 1085 2270 4218 1081 2265 4219 1084 2273 4220 1077 2258 4221 1075 2260 4222 1086 2274 4223 1088 2275 4224 1087 2276 4225 1085 2277 4226 1088 2275 4227 1085 2277 4228 1084 2278 4229 1067 2245 4230 1087 2279 4231 1088 2280 4232 1067 2245 4233 1088 2280 4234 1068 2246 4235 1088 2275 4236 1083 2281 4237 1068 2282 4238 1088 2275 4239 1084 2278 4240 1083 2281 4241 1067 2245 4242 1071 2283 4243 1087 2279 4244 1092 2284 4245 1089 2285 4246 1090 2286 4247 1089 2287 4248 1093 2288 4249 1090 2289 4250 1089 2287 4251 1091 2290 4252 1093 2288 4253 1089 2291 4254 1094 2292 4255 1091 2293 4256 1089 2291 4257 1092 2294 4258 1094 2292 4259 1095 2295 4260 1094 2296 4261 1092 2297 4262 1093 2298 4263 1094 2299 4264 1095 2300 4265 1093 2298 4266 1091 2301 4267 1094 2299 4268 1098 2302 4269 1095 2295 4270 1096 2303 4271 1095 2295 4272 1092 2297 4273 1096 2303 4274 1098 2302 4275 1097 2304 4276 1095 2295 4277 1099 2305 4278 1095 2306 4279 1097 2307 4280 1099 2305 4281 1093 2308 4282 1095 2306 4283 1093 2288 4284 1099 2309 4285 1100 2310 4286 1099 2311 4287 1098 2312 4288 1100 2313 4289 1099 2311 4290 1097 2314 4291 1098 2312 4292 1090 2286 4293 1100 2315 4294 1096 2316 4295 1093 2288 4296 1100 2310 4297 1090 2289 4298 1100 2315 4299 1098 2317 4300 1096 2316 4301 1096 2316 4302 1092 2284 4303 1090 2286 4304 1103 2318 4305 1102 2318 4306 1101 1769 4307 1105 2319 4308 1103 2320 4309 1101 2321 4310 1105 2319 4311 1101 2321 4312 1104 2322 4313 1106 2323 4314 1105 2324 4315 1104 2325 4316 1106 2326 4317 1103 2327 4318 1105 1763 4319 1107 2328 4320 1106 2329 4321 1108 2330 4322 1106 2326 4323 1107 2331 4324 1103 2327 4325 1106 2323 4326 1104 2325 4327 1108 2332 4328 1107 2328 4329 1108 2330 4330 1102 2333 4331 1103 2318 4332 1107 1769 4333 1102 2318 4334 1109 2334 4335 1110 2335 4336 1114 2336 4337 1113 2337 4338 1110 2338 4339 1109 2339 4340 1109 2340 4341 1111 2340 4342 1112 2340 4343 1109 2334 4344 1114 2336 4345 1111 2341 4346 1113 2337 4347 1109 2339 4348 1112 2342 4349 1114 2343 4350 1112 2344 4351 1111 2345 4352 1114 2343 4353 1113 2346 4354 1112 2344 4355 1110 2347 4356 1113 2347 4357 1114 2347 4358 1115 2348 4359 1116 2349 4360 1120 2350 4361 1119 2351 4362 1116 2352 4363 1115 2353 4364 1115 2354 4365 1117 2354 4366 1118 2354 4367 1115 2348 4368 1120 2350 4369 1117 2355 4370 1119 2351 4371 1115 2353 4372 1118 2356 4373 1120 2357 4374 1118 2358 4375 1117 2359 4376 1120 2357 4377 1119 2360 4378 1118 2358 4379 1116 2361 4380 1119 2361 4381 1120 2361 4382 1125 2362 4383 1121 2363 4384 1122 2364 4385 1123 2365 4386 1124 2366 4387 1121 2367 4388 1125 2362 4389 1123 2368 4390 1121 2363 4391 1130 2369 4392 1125 2362 4393 1122 2364 4394 1128 2370 4395 1126 2371 4396 1125 2362 4397 1125 2362 4398 1126 2371 4399 1127 2372 4400 1125 2362 4401 1127 2372 4402 1123 2368 4403 1128 2370 4404 1125 2362 4405 1129 2373 4406 1130 2369 4407 1129 2373 4408 1125 2362 4409 1132 2374 4410 1130 2375 4411 1131 2376 4412 1132 2374 4413 1129 2377 4414 1130 2375 4415 1133 2378 4416 1132 2379 4417 1131 2380 4418 1133 2378 4419 1134 2381 4420 1132 2379 4421 1132 2374 4422 1134 2382 4423 1128 2383 4424 1132 2374 4425 1128 2383 4426 1129 2377 4427 1133 2378 4428 1135 2384 4429 1134 2381 4430 1137 2385 4431 1135 2386 4432 1133 2387 4433 1137 2385 4434 1136 2388 4435 1135 2386 4436 1137 2385 4437 1133 2387 4438 1142 2389 4439 1141 2390 4440 1136 2388 4441 1137 2385 4442 1139 2391 4443 1137 2385 4444 1138 2392 4445 1137 2385 4446 1142 2389 4447 1138 2392 4448 1139 2391 4449 1140 2393 4450 1137 2385 4451 1141 2390 4452 1137 2385 4453 1140 2393 4454 1133 2378 4455 1131 2380 4456 1142 2394 4457 1144 2395 4458 1143 2396 4459 1141 2397 4460 1144 2395 4461 1141 2397 4462 1140 2398 4463 1123 2365 4464 1143 2399 4465 1144 2400 4466 1123 2365 4467 1144 2400 4468 1124 2366 4469 1144 2395 4470 1139 2401 4471 1124 2402 4472 1144 2395 4473 1140 2398 4474 1139 2401 4475 1123 2365 4476 1127 2403 4477 1143 2399 4478 1147 2404 4479 1146 2405 4480 1145 2406 4481 1149 2407 4482 1145 2408 4483 1146 2409 4484 1150 2410 4485 1147 2411 4486 1145 2412 4487 1150 2410 4488 1145 2412 4489 1148 2413 4490 1149 2407 4491 1148 2414 4492 1145 2408 4493 1151 2415 4494 1150 2410 4495 1148 2413 4496 1152 2416 4497 1147 2417 4498 1150 2418 4499 1153 2419 4500 1150 2418 4501 1151 2420 4502 1153 2419 4503 1152 2416 4504 1150 2418 4505 1149 2421 4506 1152 2422 4507 1153 2423 4508 1153 2419 4509 1151 2420 4510 1156 2424 4511 1149 2421 4512 1153 2423 4513 1154 2425 4514 1153 2423 4515 1157 2426 4516 1154 2425 4517 1153 2419 4518 1156 2424 4519 1155 2427 4520 1153 2423 4521 1155 2428 4522 1157 2426 4523 1155 2428 4524 1158 2429 4525 1157 2426 4526 1154 2430 4527 1157 2431 4528 1159 2432 4529 1157 2431 4530 1158 2433 4531 1160 2434 4532 1157 2431 4533 1160 2434 4534 1159 2432 4535 1160 2435 4536 1156 2436 4537 1159 2437 4538 1158 2438 4539 1161 2439 4540 1160 2440 4541 1160 2435 4542 1161 2441 4543 1156 2436 4544 1155 2427 4545 1161 2442 4546 1162 2443 4547 1158 2438 4548 1162 2444 4549 1161 2439 4550 1155 2427 4551 1156 2424 4552 1161 2442 4553 1155 2428 4554 1162 2445 4555 1158 2429 4556 1154 2430 4557 1159 2432 4558 1163 2446 4559 1159 2437 4560 1151 2415 4561 1163 2447 4562 1159 2437 4563 1156 2436 4564 1151 2415 4565 1151 2415 4566 1148 2413 4567 1163 2447 4568 1154 2430 4569 1163 2446 4570 1148 2414 4571 1154 2430 4572 1148 2414 4573 1149 2407 4574 1152 2416 4575 1164 2448 4576 1147 2417 4577 1146 2449 4578 1164 2450 4579 1152 2422 4580 1146 2449 4581 1152 2422 4582 1149 2421 4583 1147 2404 4584 1164 2451 4585 1146 2405 4586 1165 2452 4587 1166 2453 4588 1170 2454 4589 1169 2455 4590 1166 2456 4591 1165 2457 4592 1165 2458 4593 1167 2458 4594 1168 2458 4595 1165 2452 4596 1170 2454 4597 1167 2459 4598 1169 2455 4599 1165 2457 4600 1168 2460 4601 1170 2461 4602 1168 2462 4603 1167 2463 4604 1170 2461 4605 1169 2464 4606 1168 2462 4607 1166 2465 4608 1169 2465 4609 1170 2465 4610 1171 2466 4611 1172 2467 4612 1176 2468 4613 1175 2469 4614 1172 2470 4615 1171 2471 4616 1171 2472 4617 1173 2472 4618 1174 2472 4619 1171 2466 4620 1176 2468 4621 1173 2473 4622 1175 2469 4623 1171 2471 4624 1174 2474 4625 1176 2475 4626 1174 2476 4627 1173 2477 4628 1176 2475 4629 1175 2478 4630 1174 2476 4631 1172 2479 4632 1175 2479 4633 1176 2479 4634 1180 2480 4635 1177 2481 4636 1178 2482 4637 1177 2483 4638 1181 2484 4639 1178 2485 4640 1177 2483 4641 1179 2486 4642 1181 2484 4643 1177 2487 4644 1182 2488 4645 1179 2489 4646 1177 2487 4647 1180 2490 4648 1182 2488 4649 1183 2491 4650 1182 2492 4651 1180 2493 4652 1181 2494 4653 1182 2495 4654 1183 2496 4655 1181 2494 4656 1179 2497 4657 1182 2495 4658 1186 2498 4659 1183 2491 4660 1184 2499 4661 1183 2491 4662 1180 2493 4663 1184 2499 4664 1186 2498 4665 1185 2500 4666 1183 2491 4667 1187 2501 4668 1183 2502 4669 1185 2503 4670 1187 2501 4671 1181 2504 4672 1183 2502 4673 1181 2484 4674 1187 2505 4675 1188 2506 4676 1187 2507 4677 1186 2508 4678 1188 2509 4679 1187 2507 4680 1185 2510 4681 1186 2508 4682 1178 2482 4683 1188 1302 4684 1184 2511 4685 1181 2484 4686 1188 2506 4687 1178 2485 4688 1188 1302 4689 1186 1302 4690 1184 2511 4691 1184 2511 4692 1180 2480 4693 1178 2482 4694 1191 2512 4695 1190 2512 4696 1189 2513 4697 1193 2514 4698 1191 2515 4699 1189 2516 4700 1193 2514 4701 1189 2516 4702 1192 2517 4703 1194 2518 4704 1193 2519 4705 1192 2518 4706 1194 2520 4707 1191 2521 4708 1193 1346 4709 1195 2522 4710 1194 2523 4711 1196 2524 4712 1194 2520 4713 1195 2525 4714 1191 2521 4715 1194 2518 4716 1192 2518 4717 1196 2526 4718 1195 2522 4719 1196 2524 4720 1190 2527 4721 1191 2512 4722 1195 2528 4723 1190 2512 4724 1201 2529 4725 1197 2530 4726 1198 2531 4727 1199 2532 4728 1200 2533 4729 1197 2534 4730 1201 2529 4731 1199 2535 4732 1197 2530 4733 1206 2536 4734 1201 2529 4735 1198 2531 4736 1204 2537 4737 1202 2538 4738 1201 2529 4739 1201 2529 4740 1202 2538 4741 1203 2539 4742 1201 2529 4743 1203 2539 4744 1199 2535 4745 1204 2537 4746 1201 2529 4747 1205 2540 4748 1206 2536 4749 1205 2540 4750 1201 2529 4751 1208 2541 4752 1206 2542 4753 1207 2543 4754 1208 2541 4755 1205 2544 4756 1206 2542 4757 1209 2545 4758 1208 2546 4759 1207 2547 4760 1209 2545 4761 1210 2548 4762 1208 2546 4763 1208 2541 4764 1210 2549 4765 1204 2550 4766 1208 2541 4767 1204 2550 4768 1205 2544 4769 1209 2545 4770 1211 2551 4771 1210 2548 4772 1213 2552 4773 1211 2553 4774 1209 2554 4775 1213 2552 4776 1212 2555 4777 1211 2553 4778 1213 2552 4779 1209 2554 4780 1218 2556 4781 1217 2557 4782 1212 2555 4783 1213 2552 4784 1215 2558 4785 1213 2552 4786 1214 2559 4787 1213 2552 4788 1218 2556 4789 1214 2559 4790 1215 2558 4791 1216 2560 4792 1213 2552 4793 1217 2557 4794 1213 2552 4795 1216 2560 4796 1209 2545 4797 1207 2547 4798 1218 2561 4799 1220 2562 4800 1219 2563 4801 1217 2564 4802 1220 2562 4803 1217 2564 4804 1216 2565 4805 1199 2532 4806 1219 2566 4807 1220 2567 4808 1199 2532 4809 1220 2567 4810 1200 2533 4811 1220 2562 4812 1215 2568 4813 1200 2569 4814 1220 2562 4815 1216 2565 4816 1215 2568 4817 1199 2532 4818 1203 2570 4819 1219 2566 4820 1224 1302 4821 1221 1302 4822 1222 2571 4823 1221 2572 4824 1225 2573 4825 1222 2574 4826 1221 2572 4827 1223 2575 4828 1225 2573 4829 1221 2576 4830 1226 2577 4831 1223 2578 4832 1221 2576 4833 1224 2579 4834 1226 2577 4835 1227 2580 4836 1226 2581 4837 1224 2582 4838 1225 2583 4839 1226 2584 4840 1227 2585 4841 1225 2583 4842 1223 2586 4843 1226 2584 4844 1230 2587 4845 1227 2580 4846 1228 2588 4847 1227 2580 4848 1224 2582 4849 1228 2588 4850 1230 2587 4851 1229 2589 4852 1227 2580 4853 1231 2590 4854 1227 2591 4855 1229 2592 4856 1231 2590 4857 1225 2593 4858 1227 2591 4859 1225 2573 4860 1231 2594 4861 1232 2595 4862 1231 2596 4863 1230 2597 4864 1232 2598 4865 1231 2596 4866 1229 2599 4867 1230 2597 4868 1222 2571 4869 1232 2600 4870 1228 2601 4871 1225 2573 4872 1232 2595 4873 1222 2574 4874 1232 2600 4875 1230 2602 4876 1228 2601 4877 1228 2601 4878 1224 1302 4879 1222 2571 4880 1235 2603 4881 1234 2603 4882 1233 2604 4883 1237 2605 4884 1235 2606 4885 1233 2607 4886 1237 2605 4887 1233 2607 4888 1236 2608 4889 1238 2609 4890 1237 2610 4891 1236 2611 4892 1238 2612 4893 1235 2613 4894 1237 1346 4895 1239 2614 4896 1238 2615 4897 1240 2616 4898 1238 2612 4899 1239 2617 4900 1235 2613 4901 1238 2609 4902 1236 2611 4903 1240 2618 4904 1239 2614 4905 1240 2616 4906 1234 2527 4907 1235 2603 4908 1239 2604 4909 1234 2603 4910 1245 2619 4911 1241 2620 4912 1242 2621 4913 1243 2622 4914 1244 2623 4915 1241 2624 4916 1245 2619 4917 1243 2625 4918 1241 2620 4919 1250 2626 4920 1245 2619 4921 1242 2621 4922 1248 2627 4923 1246 2628 4924 1245 2619 4925 1245 2619 4926 1246 2628 4927 1247 2629 4928 1245 2619 4929 1247 2629 4930 1243 2625 4931 1248 2627 4932 1245 2619 4933 1249 2630 4934 1250 2626 4935 1249 2630 4936 1245 2619 4937 1252 2631 4938 1250 2632 4939 1251 2633 4940 1252 2631 4941 1249 2634 4942 1250 2632 4943 1253 2635 4944 1252 2636 4945 1251 2637 4946 1253 2635 4947 1254 2638 4948 1252 2636 4949 1252 2631 4950 1254 2639 4951 1248 2640 4952 1252 2631 4953 1248 2640 4954 1249 2634 4955 1253 2635 4956 1255 2641 4957 1254 2638 4958 1257 2642 4959 1255 2643 4960 1253 2644 4961 1257 2642 4962 1256 2645 4963 1255 2643 4964 1257 2642 4965 1253 2644 4966 1262 2646 4967 1261 2647 4968 1256 2645 4969 1257 2642 4970 1259 2648 4971 1257 2642 4972 1258 2649 4973 1257 2642 4974 1262 2646 4975 1258 2649 4976 1259 2648 4977 1260 2650 4978 1257 2642 4979 1261 2647 4980 1257 2642 4981 1260 2650 4982 1253 2635 4983 1251 2637 4984 1262 2651 4985 1264 2652 4986 1263 2653 4987 1261 2654 4988 1264 2652 4989 1261 2654 4990 1260 2655 4991 1243 2622 4992 1263 2656 4993 1264 2657 4994 1243 2622 4995 1264 2657 4996 1244 2623 4997 1264 2652 4998 1259 2658 4999 1244 2659 5000 1264 2652 5001 1260 2655 5002 1259 2658 5003 1243 2622 5004 1247 2660 5005 1263 2656 5006 1268 2661 5007 1265 1302 5008 1266 2662 5009 1265 2663 5010 1269 2664 5011 1266 2665 5012 1265 2663 5013 1267 2666 5014 1269 2664 5015 1265 2667 5016 1270 2668 5017 1267 2669 5018 1265 2667 5019 1268 2670 5020 1270 2668 5021 1271 2671 5022 1270 2672 5023 1268 2673 5024 1269 2674 5025 1270 2675 5026 1271 2676 5027 1269 2674 5028 1267 2677 5029 1270 2675 5030 1274 2678 5031 1271 2671 5032 1272 2679 5033 1271 2671 5034 1268 2673 5035 1272 2679 5036 1274 2678 5037 1273 2680 5038 1271 2671 5039 1275 2681 5040 1271 2682 5041 1273 2683 5042 1275 2681 5043 1269 2684 5044 1271 2682 5045 1269 2664 5046 1275 2685 5047 1276 2686 5048 1275 2687 5049 1274 2688 5050 1276 2689 5051 1275 2687 5052 1273 2690 5053 1274 2688 5054 1266 2662 5055 1276 1302 5056 1272 2691 5057 1269 2664 5058 1276 2686 5059 1266 2665 5060 1276 1302 5061 1274 1302 5062 1272 2691 5063 1272 2691 5064 1268 2661 5065 1266 2662 5066 1279 2692 5067 1278 2693 5068 1277 2694 5069 1281 2695 5070 1279 2696 5071 1277 2697 5072 1281 2695 5073 1277 2697 5074 1280 2698 5075 1282 2699 5076 1281 2519 5077 1280 2699 5078 1282 1346 5079 1279 1346 5080 1281 1346 5081 1283 2700 5082 1282 2701 5083 1284 2702 5084 1282 1346 5085 1283 1346 5086 1279 1346 5087 1282 2699 5088 1280 2699 5089 1284 2703 5090 1283 2700 5091 1284 2702 5092 1278 2704 5093 1279 2692 5094 1283 2705 5095 1278 2693 5096 1285 2706 5097 1286 2707 5098 1290 2708 5099 1289 2709 5100 1286 2710 5101 1285 2711 5102 1285 2712 5103 1287 2712 5104 1288 2712 5105 1285 2706 5106 1290 2708 5107 1287 2713 5108 1289 2709 5109 1285 2711 5110 1288 2714 5111 1290 2715 5112 1288 2716 5113 1287 2717 5114 1290 2715 5115 1289 2718 5116 1288 2716 5117 1286 2719 5118 1289 2719 5119 1290 2719 5120 1291 2720 5121 1292 2721 5122 1296 2722 5123 1295 2723 5124 1292 2724 5125 1291 2725 5126 1291 2726 5127 1293 2726 5128 1294 2726 5129 1291 2720 5130 1296 2722 5131 1293 2727 5132 1295 2723 5133 1291 2725 5134 1294 2728 5135 1296 2729 5136 1294 2730 5137 1293 2731 5138 1296 2729 5139 1295 2732 5140 1294 2730 5141 1292 2733 5142 1295 2733 5143 1296 2733 5144 1297 2734 5145 1302 2735 5146 1298 2736 5147 1297 2734 5148 1299 2737 5149 1302 2735 5150 1301 2738 5151 1299 2739 5152 1297 2740 5153 1301 2738 5154 1297 2740 5155 1300 2741 5156 1302 2742 5157 1303 2743 5158 1305 2744 5159 1302 2745 5160 1306 2746 5161 1303 2747 5162 1307 2748 5163 1302 2749 5164 1299 2750 5165 1307 2748 5166 1304 2751 5167 1302 2749 5168 1302 2745 5169 1304 2752 5170 1306 2746 5171 1302 2742 5172 1305 2744 5173 1298 2753 5174 1307 2754 5175 1308 2755 5176 1311 2756 5177 1310 2757 5178 1308 2758 5179 1307 2759 5180 1301 2760 5181 1307 2761 5182 1299 2762 5183 1301 2760 5184 1309 2763 5185 1307 2761 5186 1310 2757 5187 1307 2759 5188 1309 2764 5189 1307 2754 5190 1311 2756 5191 1304 2765 5192 1312 2766 5193 1311 2767 5194 1313 2768 5195 1311 2769 5196 1312 2770 5197 1306 2771 5198 1313 2768 5199 1311 2767 5200 1308 2772 5201 1311 2769 5202 1306 2771 5203 1304 2773 5204 1313 2768 5205 1310 2774 5206 1316 2775 5207 1313 2768 5208 1308 2772 5209 1310 2774 5210 1317 2776 5211 1314 2777 5212 1313 2768 5213 1312 2766 5214 1313 2768 5215 1314 2777 5216 1317 2776 5217 1313 2768 5218 1315 2778 5219 1313 2768 5220 1316 2775 5221 1315 2778 5222 1314 2779 5223 1317 2780 5224 1318 2781 5225 1318 2782 5226 1317 2783 5227 1315 2784 5228 1318 2785 5229 1323 2785 5230 1319 2786 5231 1322 2787 5232 1318 2788 5233 1319 2789 5234 1322 2787 5235 1320 2790 5236 1318 2788 5237 1314 2779 5238 1318 2781 5239 1320 2791 5240 1318 2785 5241 1321 2792 5242 1323 2785 5243 1318 2782 5244 1315 2784 5245 1321 2793 5246 1323 2794 5247 1324 2795 5248 1326 2796 5249 1323 2797 5250 1327 2798 5251 1324 2799 5252 1328 2800 5253 1319 2801 5254 1323 2802 5255 1323 2797 5256 1321 2803 5257 1327 2798 5258 1328 2800 5259 1323 2802 5260 1325 2804 5261 1323 2794 5262 1326 2796 5263 1325 2805 5264 1322 2806 5265 1319 2807 5266 1328 2808 5267 1322 2806 5268 1328 2808 5269 1329 2809 5270 1305 2810 5271 1322 2811 5272 1329 2812 5273 1327 2813 5274 1301 2760 5275 1324 2814 5276 1327 2815 5277 1316 2816 5278 1310 2757 5279 1315 2817 5280 1316 2818 5281 1327 2819 5282 1315 2817 5283 1327 2819 5284 1321 2820 5285 1327 2813 5286 1309 2763 5287 1301 2760 5288 1327 2815 5289 1310 2757 5290 1309 2764 5291 1326 2821 5292 1324 2822 5293 1301 2823 5294 1326 2821 5295 1301 2823 5296 1300 2824 5297 1305 2810 5298 1303 2825 5299 1322 2811 5300 1306 2826 5301 1322 2787 5302 1303 2827 5303 1306 2826 5304 1320 2790 5305 1322 2787 5306 1306 2828 5307 1314 2779 5308 1320 2791 5309 1306 2828 5310 1312 2829 5311 1314 2779 5312 1330 2830 5313 1335 2831 5314 1331 2832 5315 1330 2830 5316 1332 2833 5317 1335 2831 5318 1334 2834 5319 1332 2835 5320 1330 2836 5321 1334 2834 5322 1330 2836 5323 1333 2837 5324 1335 2838 5325 1336 2839 5326 1338 2840 5327 1335 2841 5328 1339 2842 5329 1336 2843 5330 1340 2844 5331 1335 2845 5332 1332 2846 5333 1340 2844 5334 1337 2847 5335 1335 2845 5336 1335 2841 5337 1337 2848 5338 1339 2842 5339 1335 2838 5340 1338 2840 5341 1331 2849 5342 1340 2850 5343 1341 2851 5344 1344 2852 5345 1343 2853 5346 1341 2854 5347 1340 2855 5348 1334 2856 5349 1340 2857 5350 1332 2858 5351 1334 2856 5352 1342 2859 5353 1340 2857 5354 1343 2853 5355 1340 2855 5356 1342 2860 5357 1340 2850 5358 1344 2852 5359 1337 2861 5360 1345 2862 5361 1344 2863 5362 1346 2864 5363 1344 2865 5364 1345 2866 5365 1339 2867 5366 1346 2864 5367 1344 2863 5368 1341 2868 5369 1344 2865 5370 1339 2867 5371 1337 2869 5372 1346 2864 5373 1343 2870 5374 1349 2871 5375 1346 2864 5376 1341 2868 5377 1343 2870 5378 1350 2872 5379 1347 2873 5380 1346 2864 5381 1345 2862 5382 1346 2864 5383 1347 2873 5384 1350 2872 5385 1346 2864 5386 1348 2874 5387 1346 2864 5388 1349 2871 5389 1348 2874 5390 1347 2875 5391 1350 2876 5392 1351 2877 5393 1351 2878 5394 1350 2879 5395 1348 2880 5396 1351 2881 5397 1356 2882 5398 1352 2883 5399 1355 2884 5400 1351 2885 5401 1352 2886 5402 1355 2884 5403 1353 2887 5404 1351 2885 5405 1347 2875 5406 1351 2877 5407 1353 2888 5408 1351 2881 5409 1354 2889 5410 1356 2882 5411 1351 2878 5412 1348 2880 5413 1354 2890 5414 1356 2891 5415 1357 2892 5416 1359 2893 5417 1356 2894 5418 1360 2895 5419 1357 2799 5420 1361 2896 5421 1352 2897 5422 1356 2898 5423 1356 2894 5424 1354 2899 5425 1360 2895 5426 1361 2896 5427 1356 2898 5428 1358 2900 5429 1356 2891 5430 1359 2893 5431 1358 2901 5432 1355 2902 5433 1352 2903 5434 1361 2904 5435 1355 2902 5436 1361 2904 5437 1362 2905 5438 1338 2906 5439 1355 2907 5440 1362 2908 5441 1360 2909 5442 1334 2856 5443 1357 2910 5444 1360 2911 5445 1349 2912 5446 1343 2853 5447 1348 2913 5448 1349 2914 5449 1360 2915 5450 1348 2913 5451 1360 2915 5452 1354 2916 5453 1360 2909 5454 1342 2859 5455 1334 2856 5456 1360 2911 5457 1343 2853 5458 1342 2860 5459 1359 2917 5460 1357 2918 5461 1334 2919 5462 1359 2917 5463 1334 2919 5464 1333 2920 5465 1338 2906 5466 1336 2921 5467 1355 2907 5468 1339 2922 5469 1355 2884 5470 1336 2827 5471 1339 2922 5472 1353 2887 5473 1355 2884 5474 1339 2923 5475 1347 2875 5476 1353 2888 5477 1339 2923 5478 1345 2924 5479 1347 2875 5480 1367 2925 5481 1364 2926 5482 1363 2927 5483 1366 2928 5484 1363 2929 5485 1364 2930 5486 1367 2925 5487 1363 2927 5488 1365 2931 5489 1368 2932 5490 1365 2933 5491 1363 2934 5492 1368 2932 5493 1363 2934 5494 1366 2935 5495 1369 2936 5496 1368 2932 5497 1366 2935 5498 1371 2937 5499 1365 2938 5500 1368 2939 5501 1370 2940 5502 1368 2939 5503 1369 2941 5504 1371 2937 5505 1368 2939 5506 1370 2940 5507 1372 2942 5508 1371 2943 5509 1370 2944 5510 1367 2925 5511 1371 2945 5512 1372 2946 5513 1367 2925 5514 1365 2931 5515 1371 2945 5516 1375 2947 5517 1372 2948 5518 1373 2949 5519 1372 2942 5520 1370 2944 5521 1373 2950 5522 1374 2951 5523 1367 2925 5524 1372 2946 5525 1375 2947 5526 1374 2952 5527 1372 2948 5528 1376 2953 5529 1375 2947 5530 1373 2949 5531 1377 2954 5532 1374 2955 5533 1375 2956 5534 1378 2957 5535 1375 2956 5536 1376 2958 5537 1378 2957 5538 1377 2954 5539 1375 2956 5540 1380 2959 5541 1377 2960 5542 1378 2961 5543 1380 2959 5544 1378 2961 5545 1379 2962 5546 1381 2963 5547 1377 2960 5548 1380 2959 5549 1364 2964 5550 1381 2965 5551 1380 2966 5552 1382 2967 5553 1380 2966 5554 1379 2968 5555 1364 2964 5556 1380 2966 5557 1382 2967 5558 1366 2928 5559 1364 2930 5560 1382 2969 5561 1384 2970 5562 1366 2928 5563 1382 2969 5564 1382 2967 5565 1379 2968 5566 1383 2971 5567 1384 2970 5568 1382 2969 5569 1383 2972 5570 1369 2936 5571 1366 2935 5572 1384 2973 5573 1381 2974 5574 1367 2925 5575 1385 2975 5576 1381 2963 5577 1385 2976 5578 1377 2960 5579 1381 2974 5580 1364 2926 5581 1367 2925 5582 1377 2954 5583 1385 2977 5584 1374 2955 5585 1374 2951 5586 1385 2975 5587 1367 2925 5588 1376 2953 5589 1373 2949 5590 1386 2978 5591 1373 2950 5592 1387 2979 5593 1386 2980 5594 1370 2940 5595 1369 2941 5596 1387 2981 5597 1373 2950 5598 1370 2944 5599 1387 2979 5600 1392 2982 5601 1389 2983 5602 1388 2984 5603 1391 2985 5604 1388 2986 5605 1389 2987 5606 1392 2982 5607 1388 2984 5608 1390 2988 5609 1393 2989 5610 1390 2990 5611 1388 2991 5612 1393 2989 5613 1388 2991 5614 1391 2992 5615 1394 2993 5616 1393 2989 5617 1391 2992 5618 1396 2994 5619 1390 2995 5620 1393 2996 5621 1395 2997 5622 1393 2996 5623 1394 2998 5624 1396 2994 5625 1393 2996 5626 1395 2997 5627 1397 2999 5628 1396 3000 5629 1395 3001 5630 1392 2982 5631 1396 3002 5632 1397 3003 5633 1392 2982 5634 1390 2988 5635 1396 3002 5636 1400 3004 5637 1397 3005 5638 1398 3006 5639 1397 2999 5640 1395 3001 5641 1398 3007 5642 1399 3008 5643 1392 2982 5644 1397 3003 5645 1400 3004 5646 1399 3009 5647 1397 3005 5648 1401 3010 5649 1400 3004 5650 1398 3006 5651 1402 3011 5652 1399 3012 5653 1400 3013 5654 1403 3014 5655 1400 3013 5656 1401 3015 5657 1403 3014 5658 1402 3011 5659 1400 3013 5660 1405 3016 5661 1402 3017 5662 1403 3018 5663 1405 3016 5664 1403 3018 5665 1404 3019 5666 1406 3020 5667 1402 3017 5668 1405 3016 5669 1389 3021 5670 1406 3022 5671 1405 3023 5672 1407 3024 5673 1405 3023 5674 1404 3025 5675 1389 3021 5676 1405 3023 5677 1407 3024 5678 1391 2985 5679 1389 2987 5680 1407 3026 5681 1409 3027 5682 1391 2985 5683 1407 3026 5684 1407 3024 5685 1404 3025 5686 1408 3028 5687 1409 3027 5688 1407 3026 5689 1408 3029 5690 1394 2993 5691 1391 2992 5692 1409 3030 5693 1406 3031 5694 1392 2982 5695 1410 3032 5696 1406 3020 5697 1410 3033 5698 1402 3017 5699 1406 3031 5700 1389 2983 5701 1392 2982 5702 1402 3011 5703 1410 3034 5704 1399 3012 5705 1399 3008 5706 1410 3032 5707 1392 2982 5708 1401 3010 5709 1398 3006 5710 1411 3035 5711 1398 3007 5712 1412 3036 5713 1411 3037 5714 1395 2997 5715 1394 2998 5716 1412 3038 5717 1398 3007 5718 1395 3001 5719 1412 3036 5720 1417 3039 5721 1414 3040 5722 1413 3041 5723 1416 3042 5724 1413 3043 5725 1414 3044 5726 1417 3039 5727 1413 3041 5728 1415 3045 5729 1418 3046 5730 1415 3047 5731 1413 3048 5732 1418 3046 5733 1413 3048 5734 1416 3049 5735 1419 3050 5736 1418 3046 5737 1416 3049 5738 1421 3051 5739 1415 3052 5740 1418 3053 5741 1420 3054 5742 1418 3053 5743 1419 3055 5744 1421 3051 5745 1418 3053 5746 1420 3054 5747 1422 3056 5748 1421 3057 5749 1420 3058 5750 1417 3039 5751 1421 3002 5752 1422 3059 5753 1417 3039 5754 1415 3045 5755 1421 3002 5756 1425 3060 5757 1422 3061 5758 1423 3062 5759 1422 3056 5760 1420 3058 5761 1423 3063 5762 1424 3064 5763 1417 3039 5764 1422 3059 5765 1425 3060 5766 1424 3065 5767 1422 3061 5768 1426 3066 5769 1425 3060 5770 1423 3062 5771 1427 3067 5772 1424 3068 5773 1425 3069 5774 1428 3070 5775 1425 3069 5776 1426 3071 5777 1428 3070 5778 1427 3067 5779 1425 3069 5780 1430 3072 5781 1427 3073 5782 1428 3074 5783 1430 3072 5784 1428 3074 5785 1429 3075 5786 1431 3076 5787 1427 3073 5788 1430 3072 5789 1414 3077 5790 1431 3078 5791 1430 3079 5792 1432 3080 5793 1430 3079 5794 1429 3081 5795 1414 3077 5796 1430 3079 5797 1432 3080 5798 1416 3042 5799 1414 3044 5800 1432 3082 5801 1434 3083 5802 1416 3042 5803 1432 3082 5804 1432 3080 5805 1429 3081 5806 1433 3084 5807 1434 3083 5808 1432 3082 5809 1433 3085 5810 1419 3050 5811 1416 3049 5812 1434 3086 5813 1431 3087 5814 1417 3039 5815 1435 3088 5816 1431 3076 5817 1435 3089 5818 1427 3073 5819 1431 3087 5820 1414 3040 5821 1417 3039 5822 1427 3067 5823 1435 3090 5824 1424 3068 5825 1424 3064 5826 1435 3088 5827 1417 3039 5828 1426 3066 5829 1423 3062 5830 1436 3091 5831 1423 3063 5832 1437 3092 5833 1436 3093 5834 1420 3054 5835 1419 3055 5836 1437 3094 5837 1423 3063 5838 1420 3058 5839 1437 3092 5840 1442 3095 5841 1439 3096 5842 1438 3097 5843 1441 3098 5844 1438 3099 5845 1439 3100 5846 1442 3095 5847 1438 3097 5848 1440 3101 5849 1443 3102 5850 1440 3103 5851 1438 3104 5852 1443 3102 5853 1438 3104 5854 1441 3105 5855 1444 3106 5856 1443 3102 5857 1441 3105 5858 1446 3107 5859 1440 3108 5860 1443 3109 5861 1445 3110 5862 1443 3109 5863 1444 3111 5864 1446 3107 5865 1443 3109 5866 1445 3110 5867 1447 3112 5868 1446 3113 5869 1445 3114 5870 1442 3095 5871 1446 3115 5872 1447 3116 5873 1442 3095 5874 1440 3101 5875 1446 3115 5876 1450 3117 5877 1447 3118 5878 1448 3119 5879 1447 3112 5880 1445 3114 5881 1448 3120 5882 1449 3121 5883 1442 3095 5884 1447 3116 5885 1450 3117 5886 1449 3122 5887 1447 3118 5888 1451 3123 5889 1450 3117 5890 1448 3119 5891 1452 3124 5892 1449 3125 5893 1450 3126 5894 1453 3127 5895 1450 3126 5896 1451 3128 5897 1453 3127 5898 1452 3124 5899 1450 3126 5900 1455 3129 5901 1452 3130 5902 1453 3131 5903 1455 3129 5904 1453 3131 5905 1454 3132 5906 1456 3133 5907 1452 3130 5908 1455 3129 5909 1439 3134 5910 1456 3135 5911 1455 3136 5912 1457 3137 5913 1455 3136 5914 1454 3138 5915 1439 3134 5916 1455 3136 5917 1457 3137 5918 1441 3098 5919 1439 3100 5920 1457 3139 5921 1459 3140 5922 1441 3098 5923 1457 3139 5924 1457 3137 5925 1454 3138 5926 1458 3141 5927 1459 3140 5928 1457 3139 5929 1458 3142 5930 1444 3106 5931 1441 3105 5932 1459 3143 5933 1456 3144 5934 1442 3095 5935 1460 3145 5936 1456 3133 5937 1460 3146 5938 1452 3130 5939 1456 3144 5940 1439 3096 5941 1442 3095 5942 1452 3124 5943 1460 3147 5944 1449 3125 5945 1449 3121 5946 1460 3145 5947 1442 3095 5948 1451 3123 5949 1448 3119 5950 1461 3148 5951 1448 3120 5952 1462 3149 5953 1461 3150 5954 1445 3110 5955 1444 3111 5956 1462 3151 5957 1448 3120 5958 1445 3114 5959 1462 3149 5960 1467 3152 5961 1464 3153 5962 1463 3154 5963 1466 3155 5964 1463 3156 5965 1464 3157 5966 1467 3152 5967 1463 3154 5968 1465 3158 5969 1468 3159 5970 1465 3160 5971 1463 3161 5972 1468 3159 5973 1463 3161 5974 1466 3162 5975 1469 3163 5976 1468 3159 5977 1466 3162 5978 1471 3164 5979 1465 3165 5980 1468 3166 5981 1470 3167 5982 1468 3166 5983 1469 3168 5984 1471 3164 5985 1468 3166 5986 1470 3167 5987 1472 3169 5988 1471 3170 5989 1470 3171 5990 1467 3152 5991 1471 3172 5992 1472 3173 5993 1467 3152 5994 1465 3158 5995 1471 3172 5996 1475 3174 5997 1472 3175 5998 1473 3176 5999 1472 3169 6000 1470 3171 6001 1473 3177 6002 1474 3178 6003 1467 3152 6004 1472 3173 6005 1475 3174 6006 1474 3179 6007 1472 3175 6008 1476 3180 6009 1475 3174 6010 1473 3176 6011 1477 3181 6012 1474 3182 6013 1475 3183 6014 1478 3184 6015 1475 3183 6016 1476 3185 6017 1478 3184 6018 1477 3181 6019 1475 3183 6020 1480 3186 6021 1477 3187 6022 1478 3188 6023 1480 3186 6024 1478 3188 6025 1479 3189 6026 1481 3190 6027 1477 3187 6028 1480 3186 6029 1464 3191 6030 1481 3192 6031 1480 3193 6032 1482 3194 6033 1480 3193 6034 1479 3195 6035 1464 3191 6036 1480 3193 6037 1482 3194 6038 1466 3155 6039 1464 3157 6040 1482 3196 6041 1484 3197 6042 1466 3155 6043 1482 3196 6044 1482 3194 6045 1479 3195 6046 1483 3198 6047 1484 3197 6048 1482 3196 6049 1483 3199 6050 1469 3163 6051 1466 3162 6052 1484 3200 6053 1481 3201 6054 1467 3152 6055 1485 3202 6056 1481 3190 6057 1485 3203 6058 1477 3187 6059 1481 3201 6060 1464 3153 6061 1467 3152 6062 1477 3181 6063 1485 3204 6064 1474 3182 6065 1474 3178 6066 1485 3202 6067 1467 3152 6068 1476 3180 6069 1473 3176 6070 1486 3205 6071 1473 3177 6072 1487 3206 6073 1486 3207 6074 1470 3167 6075 1469 3168 6076 1487 3208 6077 1473 3177 6078 1470 3171 6079 1487 3206 6080 1492 3209 6081 1489 3210 6082 1488 3211 6083 1491 3212 6084 1488 3213 6085 1489 3214 6086 1492 3209 6087 1488 3211 6088 1490 3215 6089 1493 3216 6090 1490 3217 6091 1488 3218 6092 1493 3216 6093 1488 3218 6094 1491 3219 6095 1494 3220 6096 1493 3216 6097 1491 3219 6098 1496 3221 6099 1490 3222 6100 1493 3223 6101 1495 3224 6102 1493 3223 6103 1494 3225 6104 1496 3221 6105 1493 3223 6106 1495 3224 6107 1497 3226 6108 1496 3227 6109 1495 3228 6110 1492 3209 6111 1496 3229 6112 1497 3230 6113 1492 3209 6114 1490 3215 6115 1496 3229 6116 1500 3231 6117 1497 3232 6118 1498 3233 6119 1497 3226 6120 1495 3228 6121 1498 3234 6122 1499 3235 6123 1492 3209 6124 1497 3230 6125 1500 3231 6126 1499 3236 6127 1497 3232 6128 1501 3237 6129 1500 3231 6130 1498 3233 6131 1502 3238 6132 1499 3239 6133 1500 3240 6134 1503 3241 6135 1500 3240 6136 1501 3242 6137 1503 3241 6138 1502 3238 6139 1500 3240 6140 1505 3243 6141 1502 3244 6142 1503 3245 6143 1505 3243 6144 1503 3245 6145 1504 3246 6146 1506 3247 6147 1502 3244 6148 1505 3243 6149 1489 3248 6150 1506 3249 6151 1505 3250 6152 1507 3251 6153 1505 3250 6154 1504 3252 6155 1489 3248 6156 1505 3250 6157 1507 3251 6158 1491 3212 6159 1489 3214 6160 1507 3253 6161 1509 3254 6162 1491 3212 6163 1507 3253 6164 1507 3251 6165 1504 3252 6166 1508 3255 6167 1509 3254 6168 1507 3253 6169 1508 3256 6170 1494 3220 6171 1491 3219 6172 1509 3257 6173 1506 3258 6174 1492 3209 6175 1510 3259 6176 1506 3247 6177 1510 3260 6178 1502 3244 6179 1506 3258 6180 1489 3210 6181 1492 3209 6182 1502 3238 6183 1510 3261 6184 1499 3239 6185 1499 3235 6186 1510 3259 6187 1492 3209 6188 1501 3237 6189 1498 3233 6190 1511 3262 6191 1498 3234 6192 1512 3263 6193 1511 3264 6194 1495 3224 6195 1494 3225 6196 1512 3265 6197 1498 3234 6198 1495 3228 6199 1512 3263 6200 1517 3266 6201 1514 3267 6202 1513 3268 6203 1516 3269 6204 1513 3270 6205 1514 3271 6206 1517 3266 6207 1513 3268 6208 1515 3272 6209 1518 3273 6210 1515 3274 6211 1513 3275 6212 1518 3273 6213 1513 3275 6214 1516 3276 6215 1519 3277 6216 1518 3273 6217 1516 3276 6218 1521 3278 6219 1515 3279 6220 1518 3280 6221 1520 3281 6222 1518 3280 6223 1519 3282 6224 1521 3278 6225 1518 3280 6226 1520 3281 6227 1522 3283 6228 1521 3284 6229 1520 3285 6230 1517 3266 6231 1521 3286 6232 1522 3287 6233 1517 3266 6234 1515 3272 6235 1521 3286 6236 1525 3288 6237 1522 3289 6238 1523 3290 6239 1522 3283 6240 1520 3285 6241 1523 3291 6242 1524 3292 6243 1517 3266 6244 1522 3287 6245 1525 3288 6246 1524 3293 6247 1522 3289 6248 1526 3294 6249 1525 3288 6250 1523 3290 6251 1527 3295 6252 1524 3296 6253 1525 3297 6254 1528 3298 6255 1525 3297 6256 1526 3299 6257 1528 3298 6258 1527 3295 6259 1525 3297 6260 1530 3300 6261 1527 3301 6262 1528 3302 6263 1530 3300 6264 1528 3302 6265 1529 3303 6266 1531 3304 6267 1527 3301 6268 1530 3300 6269 1514 3305 6270 1531 3306 6271 1530 3307 6272 1532 3308 6273 1530 3307 6274 1529 3309 6275 1514 3305 6276 1530 3307 6277 1532 3308 6278 1516 3269 6279 1514 3271 6280 1532 3310 6281 1534 3311 6282 1516 3269 6283 1532 3310 6284 1532 3308 6285 1529 3309 6286 1533 3312 6287 1534 3311 6288 1532 3310 6289 1533 3313 6290 1519 3277 6291 1516 3276 6292 1534 3314 6293 1531 3315 6294 1517 3266 6295 1535 3316 6296 1531 3304 6297 1535 3317 6298 1527 3301 6299 1531 3315 6300 1514 3267 6301 1517 3266 6302 1527 3295 6303 1535 3318 6304 1524 3296 6305 1524 3292 6306 1535 3316 6307 1517 3266 6308 1526 3294 6309 1523 3290 6310 1536 3319 6311 1523 3291 6312 1537 3320 6313 1536 3321 6314 1520 3281 6315 1519 3282 6316 1537 3322 6317 1523 3291 6318 1520 3285 6319 1537 3320 6320 1542 3323 6321 1539 3324 6322 1538 3325 6323 1541 3326 6324 1538 3327 6325 1539 3328 6326 1542 3323 6327 1538 3325 6328 1540 3329 6329 1543 3330 6330 1540 3331 6331 1538 3332 6332 1543 3330 6333 1538 3332 6334 1541 3333 6335 1544 3334 6336 1543 3330 6337 1541 3333 6338 1546 3335 6339 1540 3336 6340 1543 3337 6341 1545 3338 6342 1543 3337 6343 1544 3339 6344 1546 3335 6345 1543 3337 6346 1545 3338 6347 1547 3340 6348 1546 3341 6349 1545 3342 6350 1542 3323 6351 1546 3343 6352 1547 3344 6353 1542 3323 6354 1540 3329 6355 1546 3343 6356 1550 3345 6357 1547 3346 6358 1548 3347 6359 1547 3340 6360 1545 3342 6361 1548 3348 6362 1549 3349 6363 1542 3323 6364 1547 3344 6365 1550 3345 6366 1549 3350 6367 1547 3346 6368 1551 3351 6369 1550 3345 6370 1548 3347 6371 1552 3352 6372 1549 3353 6373 1550 3354 6374 1553 3355 6375 1550 3354 6376 1551 3356 6377 1553 3355 6378 1552 3352 6379 1550 3354 6380 1555 3357 6381 1552 3358 6382 1553 3359 6383 1555 3357 6384 1553 3359 6385 1554 3360 6386 1556 3361 6387 1552 3358 6388 1555 3357 6389 1539 3362 6390 1556 3363 6391 1555 3364 6392 1557 3365 6393 1555 3364 6394 1554 3366 6395 1539 3362 6396 1555 3364 6397 1557 3365 6398 1541 3326 6399 1539 3328 6400 1557 3367 6401 1559 3368 6402 1541 3326 6403 1557 3367 6404 1557 3365 6405 1554 3366 6406 1558 3369 6407 1559 3368 6408 1557 3367 6409 1558 3370 6410 1544 3334 6411 1541 3333 6412 1559 3371 6413 1556 3372 6414 1542 3323 6415 1560 3373 6416 1556 3361 6417 1560 3374 6418 1552 3358 6419 1556 3372 6420 1539 3324 6421 1542 3323 6422 1552 3352 6423 1560 3375 6424 1549 3353 6425 1549 3349 6426 1560 3373 6427 1542 3323 6428 1551 3351 6429 1548 3347 6430 1561 3376 6431 1548 3348 6432 1562 3377 6433 1561 3378 6434 1545 3338 6435 1544 3339 6436 1562 3379 6437 1548 3348 6438 1545 3342 6439 1562 3377 6440 19 0 6441 7 3380 6442 6 1 6443 0 6 6444 1 3381 6445 17 7 6446 22 10 6447 13 19 6448 15 11 6449 24 13 6450 9 3382 6451 8 14 6452 11 16 6453 24 13 6454 26 15 6455 16 18 6456 18 3383 6457 15 11 6458 3 20 6459 30 3384 6460 28 21 6461 6 1 6462 7 3380 6463 25 23 6464 5 25 6465 38 45 6466 36 26 6467 35 28 6468 1 3381 6469 0 6 6470 8 14 6471 9 3382 6472 22 30 6473 31 32 6474 32 3385 6475 43 33 6476 46 35 6477 41 54 6478 42 36 6479 25 38 6480 27 51 6481 29 3 6482 30 40 6483 11 16 6484 10 17 6485 38 45 6486 46 35 6487 44 37 6488 14 46 6489 19 0 6490 21 2 6491 40 48 6492 39 3386 6493 3 49 6494 43 33 6495 35 28 6496 37 29 6497 16 52 6498 32 3385 6499 31 32 6500 41 54 6501 34 3387 6502 33 55 6503 13 3388 6504 22 3389 6505 9 3390 6506 9 3390 6507 24 1346 6508 11 1346 6509 11 1346 6510 30 1346 6511 39 1346 6512 30 1346 6513 3 1346 6514 39 1346 6515 39 1346 6516 34 1346 6517 41 59 6518 13 3388 6519 9 3390 6520 32 58 6521 9 3390 6522 11 1346 6523 41 59 6524 32 58 6525 9 3390 6526 41 59 6527 32 58 6528 16 3391 6529 13 3388 6530 35 1346 6531 43 1346 6532 1 1346 6533 43 1346 6534 32 58 6535 1 1346 6536 11 1346 6537 39 1346 6538 41 59 6539 41 59 6540 46 3392 6541 7 57 6542 46 3392 6543 38 3393 6544 27 3394 6545 7 57 6546 46 3392 6547 27 3394 6548 38 3393 6549 5 3395 6550 27 3394 6551 27 3394 6552 25 1346 6553 7 57 6554 7 57 6555 19 3396 6556 17 3397 6557 19 3396 6558 14 3398 6559 17 3397 6560 17 3397 6561 1 1346 6562 32 58 6563 17 3397 6564 32 58 6565 7 57 6566 47 60 6567 49 3399 6568 104 61 6569 74 63 6570 49 3400 6571 47 64 6572 70 66 6573 54 3401 6574 52 67 6575 66 69 6576 53 101 6577 51 70 6578 91 72 6579 54 99 6580 70 73 6581 67 75 6582 52 3402 6583 92 76 6584 102 3403 6585 73 3403 6586 57 3403 6587 101 144 6588 94 103 6589 56 105 6590 73 82 6591 72 3404 6592 56 83 6593 69 85 6594 68 3405 6595 58 86 6596 64 88 6597 62 3406 6598 59 89 6599 98 91 6600 95 3407 6601 62 92 6602 97 94 6603 65 97 6604 59 95 6605 92 76 6606 52 3402 6607 65 3408 6608 91 72 6609 98 91 6610 64 93 6611 52 67 6612 54 3401 6613 64 88 6614 61 100 6615 60 3409 6616 66 69 6617 53 101 6618 68 3405 6619 69 85 6620 93 80 6621 57 79 6622 67 3410 6623 94 3411 6624 100 74 6625 70 73 6626 56 83 6627 70 66 6628 67 68 6629 50 106 6630 72 3404 6631 73 82 6632 101 108 6633 72 3412 6634 50 109 6635 48 111 6636 73 3413 6637 102 112 6638 58 86 6639 74 63 6640 71 65 6641 75 141 6642 88 142 6643 116 133 6644 115 131 6645 87 132 6646 76 143 6647 114 116 6648 86 146 6649 80 117 6650 79 119 6651 85 147 6652 113 120 6653 112 3414 6654 84 3414 6655 77 3414 6656 78 3415 6657 83 3415 6658 111 3415 6659 111 3416 6660 83 3416 6661 82 3416 6662 112 122 6663 109 165 6664 81 3417 6665 115 131 6666 108 3418 6667 80 117 6668 116 133 6669 88 142 6670 79 119 6671 85 135 6672 78 153 6673 106 136 6674 105 138 6675 77 154 6676 86 139 6677 75 141 6678 89 3419 6679 102 78 6680 76 143 6681 87 132 6682 101 144 6683 86 139 6684 100 155 6685 94 3420 6686 93 3421 6687 99 152 6688 85 135 6689 77 3422 6690 84 3422 6691 98 3422 6692 78 3423 6693 92 76 6694 97 94 6695 97 94 6696 96 96 6697 82 3424 6698 81 3425 6699 95 3407 6700 98 91 6701 80 117 6702 94 103 6703 101 144 6704 102 78 6705 93 80 6706 79 119 6707 99 77 6708 92 76 6709 78 3423 6710 77 148 6711 91 72 6712 100 74 6713 53 156 6714 105 138 6715 114 140 6716 113 137 6717 106 136 6718 51 158 6719 116 133 6720 107 134 6721 55 160 6722 58 162 6723 108 3418 6724 115 131 6725 66 3426 6726 60 3426 6727 109 3426 6728 63 168 6729 111 126 6730 110 129 6731 51 167 6732 106 127 6733 111 126 6734 53 169 6735 66 164 6736 112 122 6737 107 121 6738 113 120 6739 69 170 6740 68 172 6741 114 116 6742 108 118 6743 49 3427 6744 74 163 6745 115 131 6746 47 3428 6747 103 3428 6748 116 3428 6749 81 176 6750 82 3429 6751 96 177 6752 59 179 6753 62 3430 6754 95 178 6755 75 180 6756 103 62 6757 104 61 6758 90 182 6759 89 184 6760 75 180 6761 90 182 6762 50 3431 6763 48 183 6764 110 185 6765 82 3429 6766 81 176 6767 61 187 6768 110 185 6769 109 186 6770 220 435 6771 222 3432 6772 221 436 6773 258 520 6774 260 3433 6775 259 521 6776 296 605 6777 298 3434 6778 297 606 6779 334 690 6780 336 3435 6781 335 691 6782 442 3436 6783 403 3436 6784 373 3436 6785 441 911 6786 425 3437 6787 377 3438 6788 371 779 6789 375 3439 6790 445 780 6791 402 782 6792 375 3440 6793 371 783 6794 460 785 6795 378 3441 6796 374 786 6797 403 788 6798 406 3442 6799 377 789 6800 398 791 6801 382 3443 6802 380 792 6803 394 794 6804 381 828 6805 379 795 6806 429 797 6807 382 827 6808 398 798 6809 395 800 6810 380 3444 6811 430 801 6812 440 3445 6813 401 3445 6814 385 3445 6815 439 905 6816 432 830 6817 384 832 6818 401 807 6819 400 3446 6820 384 808 6821 397 810 6822 396 3447 6823 386 811 6824 404 813 6825 388 3448 6826 389 814 6827 392 816 6828 390 843 6829 387 817 6830 436 819 6831 433 3449 6832 390 820 6833 435 822 6834 393 825 6835 387 823 6836 430 801 6837 380 3444 6838 393 3450 6839 429 797 6840 436 819 6841 392 821 6842 380 792 6843 382 3443 6844 392 816 6845 389 814 6846 388 3448 6847 394 794 6848 381 828 6849 396 3447 6850 397 810 6851 431 805 6852 385 804 6853 395 3451 6854 432 3452 6855 438 799 6856 398 798 6857 384 808 6858 398 791 6859 395 793 6860 376 833 6861 400 3446 6862 401 807 6863 439 835 6864 400 3453 6865 376 836 6866 372 838 6867 401 3454 6868 440 839 6869 386 811 6870 402 782 6871 399 784 6872 378 841 6873 404 813 6874 405 815 6875 390 843 6876 406 3442 6877 403 788 6878 441 844 6879 406 3455 6880 390 845 6881 387 847 6882 403 3456 6883 442 848 6884 416 3457 6885 424 3457 6886 459 3457 6887 458 3458 6888 423 3458 6889 415 3458 6890 407 896 6891 422 897 6892 457 3459 6893 456 871 6894 421 872 6895 409 3460 6896 455 858 6897 420 899 6898 414 859 6899 413 861 6900 419 900 6901 454 862 6902 453 3461 6903 418 3461 6904 411 3461 6905 412 3462 6906 417 3462 6907 452 3462 6908 452 3463 6909 417 3463 6910 416 3463 6911 453 864 6912 450 855 6913 415 854 6914 456 926 6915 449 3464 6916 414 3465 6917 457 3459 6918 422 897 6919 413 861 6920 419 876 6921 412 907 6922 447 877 6923 446 879 6924 411 908 6925 420 880 6926 425 882 6927 410 3466 6928 408 883 6929 458 885 6930 460 3467 6931 410 886 6932 459 888 6933 424 3468 6934 408 889 6935 377 891 6936 425 882 6937 427 884 6938 416 893 6939 434 849 6940 442 848 6941 415 895 6942 423 3469 6943 441 844 6944 407 3470 6945 426 840 6946 440 839 6947 409 3460 6948 421 872 6949 439 905 6950 420 880 6951 438 909 6952 432 3471 6953 431 3472 6954 437 906 6955 419 876 6956 411 3473 6957 418 3473 6958 436 3473 6959 412 3474 6960 430 801 6961 435 822 6962 435 822 6963 434 824 6964 416 3475 6965 415 3476 6966 433 3449 6967 436 819 6968 414 859 6969 432 830 6970 439 905 6971 440 803 6972 431 805 6973 413 861 6974 437 802 6975 430 801 6976 412 3474 6977 411 901 6978 429 797 6979 438 799 6980 410 910 6981 425 3437 6982 441 911 6983 442 775 6984 427 777 6985 408 913 6986 459 851 6987 444 3477 6988 374 915 6989 378 917 6990 460 3478 6991 458 853 6992 381 919 6993 446 879 6994 455 881 6995 454 878 6996 447 877 6997 379 921 6998 457 873 6999 448 875 7000 383 923 7001 386 925 7002 449 3464 7003 456 926 7004 394 3479 7005 388 940 7006 450 855 7007 391 932 7008 452 868 7009 451 852 7010 379 931 7011 447 869 7012 452 868 7013 381 933 7014 394 928 7015 453 864 7016 448 863 7017 454 862 7018 397 934 7019 396 936 7020 455 858 7021 449 860 7022 375 3480 7023 402 3480 7024 456 3480 7025 371 3481 7026 443 3481 7027 457 3481 7028 404 918 7029 458 853 7030 450 855 7031 451 852 7032 459 851 7033 405 916 7034 408 883 7035 410 3466 7036 460 785 7037 407 941 7038 443 781 7039 445 780 7040 428 943 7041 426 945 7042 407 941 7043 428 943 7044 376 3482 7045 372 944 7046 477 946 7047 478 3483 7048 462 947 7049 471 949 7050 466 3484 7051 465 950 7052 479 952 7053 480 974 7054 464 953 7055 476 955 7056 474 3485 7057 486 956 7058 482 958 7059 483 975 7060 470 959 7061 473 961 7062 475 3486 7063 468 962 7064 468 964 7065 471 949 7066 472 951 7067 462 966 7068 475 3486 7069 473 961 7070 470 968 7071 474 3487 7072 476 969 7073 464 971 7074 484 3488 7075 481 972 7076 465 950 7077 466 3484 7078 480 974 7079 481 972 7080 484 3488 7081 483 975 7082 477 976 7083 485 3489 7084 488 977 7085 626 1233 7086 628 3490 7087 627 1234 7088</p>
        </triangles>
      </mesh>
    </geometry>
  </library_geometries>
  <library_visual_scenes>
    <visual_scene id="Scene" name="Scene">
      <node id="farmstead" name="farmstead" type="NODE">
        <matrix sid="transform">1 0 0 0 0 1 0 0 0 0 1 0 0 0 0 1</matrix>
        <instance_geometry url="#Cubo_006-mesh" name="farmstead">
          <bind_material>
            <technique_common>
              <instance_material symbol="textura_gaetuli-material" target="#textura_gaetuli-material">
                <bind_vertex_input semantic="Cubo_006-mesh-map-0" input_semantic="TEXCOORD" input_set="0"/>
                <bind_vertex_input semantic="Cubo_006-mesh-map-1" input_semantic="TEXCOORD" input_set="1"/>
              </instance_material>
            </technique_common>
          </bind_material>
        </instance_geometry>
        <node id="prop_garrisoned" name="prop_garrisoned" type="NODE">
          <matrix sid="transform">-0.7829416 1.18221e-7 0 5.35037e-14 -1.18221e-7 -0.7829416 0 5.033843 0 0 0.7829416 9.013988 0 0 0 1</matrix>
        </node>
        <node id="prop_projectile" name="prop_projectile" type="NODE">
          <matrix sid="transform">-0.7829416 1.18221e-7 0 5.35037e-14 -1.18221e-7 -0.7829416 0 5.033842 0 0 0.7829416 9.013988 0 0 0 1</matrix>
        </node>
      </node>
    </visual_scene>
  </library_visual_scenes>
  <scene>
    <instance_visual_scene url="#Scene"/>
  </scene>
</COLLADA>